1.46968563e-03 -2.24332124e-03 -1.14758001e-03 2.41706568e-03 7.60439710e-04 3.06634944e-03 -2.47208225e-03 1.23938205e-04 2.56949193e-03 7.86116097e-01 2.41858980e+00 3.48117434e-03 2.74032741e-01
6.72604385e-04 -1.59905551e-03 -1.70076236e-03 2.78424281e-03 1.36203895e-03 3.18883959e-03 -3.07499122e-03 1.88262209e-03 3.30127940e-03 8.92623920e-01 2.61414352e+00 -3.27193396e-03 2.46765892e-01
5.74558959e-04 -1.70964594e-03 -1.36604912e-03 2.35034130e-03 4.45735163e-04 3.18239373e-03 -2.69783419e-03 1.50893236e-03 3.00050363e-03 8.21859013e-01 2.51652320e+00 6.28855666e-03 2.65651427e-01
1.23053674e-03 -2.39958584e-03 -1.75971334e-03 2.93739232e-03 1.73221922e-03 3.43854281e-03 -2.86378710e-03 8.00028881e-04 3.01808682e-03 8.60721062e-01 2.53202268e+00 -5.98158010e-03 2.60302068e-01
6.10092912e-04 -1.59267288e-03 -1.52749834e-03 2.46966566e-03 9.11862172e-04 2.41351364e-03 -2.82132902e-03 1.52829015e-03 2.97143286e-03 8.25077720e-01 2.54527366e+00 -2.69720161e-02 2.44042105e-01
1.52712865e-03 -2.53781482e-03 -1.40490721e-03 2.82072037e-03 1.25646139e-03 4.29378104e-03 -2.75989933e-03 5.56944639e-04 2.98542591e-03 8.62873168e-01 2.54484249e+00 3.19229103e-02 2.78614331e-01
6.89158909e-04 -1.41532317e-03 -1.59421878e-03 2.68271381e-03 1.31265577e-03 2.78681456e-03 -3.03265924e-03 1.85466102e-03 3.19017507e-03 8.76849146e-01 2.78447270e+00 9.13193694e-03 2.44138532e-01
1.55899800e-03 -2.37278472e-03 -1.21999382e-03 2.52283775e-03 8.20172338e-04 3.41722745e-03 -2.56201978e-03 9.10224019e-05 2.67856902e-03 8.07998988e-01 2.30065481e+00 -8.67621182e-03 2.76189824e-01
1.23091634e-03 -2.23725470e-03 -1.50302107e-03 2.58772703e-03 1.30001994e-03 2.81667479e-03 -2.61109749e-03 4.99195494e-04 2.70464369e-03 8.29483952e-01 2.39170875e+00 -1.70431984e-02 2.58772051e-01
5.38583384e-04 -1.77420661e-03 -1.64462394e-03 2.65728937e-03 7.59271013e-04 3.75488170e-03 -3.00579576e-03 1.85156794e-03 3.36873459e-03 8.56212668e-01 2.67637111e+00 1.89206735e-02 2.65104001e-01
8.33391529e-04 -2.07721683e-03 -1.62340711e-03 2.77212245e-03 9.30865739e-04 3.15885647e-03 -3.03932451e-03 1.43715085e-03 3.26703236e-03 8.42861869e-01 2.62868132e+00 4.50958204e-04 2.57567375e-01
1.05617462e-03 -2.06652653e-03 -1.38239329e-03 2.53437816e-03 1.23836455e-03 3.34915947e-03 -2.52569156e-03 8.94623102e-04 2.72519814e-03 8.41169080e-01 2.43794247e+00 -3.98216938e-04 2.66920910e-01
5.15814708e-04 -1.64446726e-03 -1.61212360e-03 2.75284709e-03 8.31319878e-04 3.76223383e-03 -3.07543915e-03 2.00151683e-03 3.42704142e-03 8.70656163e-01 2.66721655e+00 1.55216933e-02 2.60232784e-01
1.28569113e-03 -2.16142950e-03 -1.40918201e-03 2.53942750e-03 1.34566643e-03 2.87936545e-03 -2.51616671e-03 4.35965867e-04 2.60951203e-03 8.15583794e-01 2.40186917e+00 -1.42671983e-02 2.63030192e-01
1.23276968e-03 -2.35852039e-03 -1.65500796e-03 2.90764989e-03 1.42257560e-03 3.18093188e-03 -3.05243729e-03 1.06016326e-03 3.19058901e-03 8.76204398e-01 2.54783501e+00 -2.83833792e-03 2.53043204e-01
8.65587125e-04 -1.94642191e-03 -1.29454699e-03 2.28543351e-03 6.89944163e-04 3.17522158e-03 -2.49963699e-03 1.04614209e-03 2.73931311e-03 8.05300976e-01 2.49174978e+00 2.98525646e-03 2.69876273e-01
1.60756993e-03 -2.60566584e-03 -1.46904056e-03 2.99843492e-03 1.40388513e-03 4.31957837e-03 -2.88695113e-03 5.37328234e-04 3.09176487e-03 8.57217273e-01 2.51432001e+00 1.17646598e-02 2.75369287e-01
4.74647555e-04 -1.39245823e-03 -1.44939911e-03 2.33399568e-03 8.45978762e-04 2.41607567e-03 -2.64078246e-03 1.54104091e-03 2.81382297e-03 8.27849862e-01 2.54665008e+00 -1.09959203e-02 2.48737250e-01
1.38451334e-03 -2.33890216e-03 -1.26243431e-03 2.57509360e-03 8.76307596e-04 3.37676957e-03 -2.62558536e-03 4.37177001e-04 2.77967964e-03 8.50083082e-01 2.35053982e+00 1.01422937e-02 2.71114981e-01
8.09411813e-04 -1.71201943e-03 -1.59295347e-03 2.65427517e-03 1.34901725e-03 3.01315626e-03 -2.91433756e-03 1.60652087e-03 3.11677682e-03 8.34479625e-01 2.71140959e+00 -9.54366412e-03 2.53507073e-01
1.39396834e-03 -2.25412040e-03 -1.34855547e-03 2.54600363e-03 1.01382733e-03 3.13090181e-03 -2.49078766e-03 6.96385095e-05 2.58175367e-03 7.83333668e-01 2.46081501e+00 9.74381880e-04 2.73599954e-01
5.23454452e-04 -1.25650339e-03 -1.57179571e-03 2.74534876e-03 1.20613421e-03 3.31200010e-03 -3.03559464e-03 2.09189230e-03 3.30747324e-03 8.95960239e-01 2.57637600e+00 -8.53470639e-04 2.47169905e-01
9.96996212e-04 -4.82851858e-04 -7.46280143e-04 2.14262290e-03 1.68053213e-03 3.24438206e-03 -2.28478215e-03 1.79851219e-03 2.57077235e-03 8.39351764e-01 2.52692850e+00 -1.56071879e-02 2.54597068e-01
1.72048417e-03 -2.71156497e-03 -1.79788638e-03 3.30838492e-03 1.24709527e-03 3.48470509e-03 -3.15937575e-03 -2.52058133e-04 3.18337941e-03 8.45060389e-01 2.52138378e+00 1.72165951e-02 2.68107362e-01
6.52847693e-04 -1.39118707e-03 -1.56060470e-03 2.50253335e-03 1.16782261e-03 2.34121952e-03 -2.90108967e-03 1.67277754e-03 3.01464636e-03 8.55931069e-01 2.58283468e+00 -2.28446223e-02 2.37465375e-01
1.79639334e-03 -2.53260420e-03 -1.15404744e-03 2.61872582e-03 8.43115294e-04 4.05527374e-03 -2.64860130e-03 4.78729318e-05 2.78782849e-03 8.24769314e-01 2.47723609e+00 2.65387532e-02 2.82108260e-01
9.93874362e-04 -1.93493734e-03 -1.47742157e-03 2.55378280e-03 1.41368915e-03 2.94977489e-03 -2.65332098e-03 1.12827710e-03 2.80183598e-03 8.28395696e-01 2.49462079e+00 -2.62352578e-02 2.54298079e-01
1.21619260e-03 -2.40365826e-03 -1.39042479e-03 2.66334322e-03 6.60526723e-04 3.50345916e-03 -2.94337967e-03 9.76576818e-04 3.17304288e-03 8.58751152e-01 2.57674683e+00 3.09235822e-02 2.68698495e-01
6.56299704e-04 -7.70654227e-04 -1.29304059e-03 2.62235951e-03 1.37730105e-03 3.14253276e-03 -2.92907025e-03 2.17078717e-03 3.18369278e-03 8.72419475e-01 2.73258270e+00 1.43615566e-03 2.44982093e-01
1.46637811e-03 -2.30006136e-03 -1.42982487e-03 2.70853173e-03 1.10287776e-03 3.42271641e-03 -2.56050392e-03 -6.86460524e-05 2.64213636e-03 8.10661272e-01 2.33777404e+00 -1.36902265e-03 2.75300318e-01
1.87276061e-03 -2.59647206e-03 -1.42510786e-03 2.97038002e-03 5.79186055e-04 3.37902062e-03 -2.95659433e-03 -6.13813272e-04 2.94886618e-03 8.03828910e-01 2.39681333e+00 9.30210716e-03 2.76438030e-01
1.28680959e-03 -5.17824746e-04 -7.45131032e-04 2.26877416e-03 2.05518660e-03 2.88912414e-03 -2.43892544e-03 1.73421956e-03 2.59024461e-03 8.75894217e-01 2.62522008e+00 -8.67740098e-03 2.43152933e-01
7.79181633e-04 -6.76470470e-04 -1.08562499e-03 2.24236049e-03 1.31440440e-03 2.19237988e-03 -2.60698715e-03 1.73760332e-03 2.69739865e-03 8.33378415e-01 2.63212964e+00 -2.78389149e-02 2.34117937e-01
1.98373560e-03 -2.69225310e-03 -1.40156481e-03 3.05071853e-03 1.01514763e-03 4.53778173e-03 -2.90672410e-03 -3.09348071e-04 2.99281687e-03 8.52901774e-01 2.45297121e+00 3.32237955e-02 2.83948481e-01
8.18856805e-04 -1.76792840e-03 -1.04004710e-03 1.92502417e-03 3.39497441e-04 2.88951277e-03 -2.20355931e-03 8.79063286e-04 2.42735024e-03 7.83842600e-01 2.35884954e+00 3.25854177e-03 2.73021199e-01
1.48903901e-03 -2.64103565e-03 -1.90352850e-03 3.25668780e-03 1.88042955e-03 3.42117649e-03 -3.39830092e-03 1.09028807e-03 3.50573285e-03 8.94632436e-01 2.65210367e+00 -3.05637660e-03 2.49722966e-01
6.03113215e-04 -9.32698526e-04 -1.15956713e-03 2.14396173e-03 1.28743262e-03 2.83915990e-03 -2.32586230e-03 1.64062800e-03 2.56484960e-03 8.34212872e-01 2.47170141e+00 -1.96204737e-02 2.53148779e-01
1.90583548e-03 -2.96979269e-03 -1.69034274e-03 3.31292419e-03 1.04197516e-03 3.61481676e-03 -3.34374647e-03 -8.43229380e-05 3.40749425e-03 8.51134618e-01 2.59486170e+00 2.21706199e-02 2.69095336e-01
1.46548341e-03 -2.64488770e-03 -1.91663758e-03 3.19000282e-03 1.43116931e-03 3.36192204e-03 -3.04389000e-03 1.20511033e-05 3.10452009e-03 8.42811642e-01 2.53618116e+00 8.45356133e-03 2.65004111e-01
7.61413238e-04 -6.89314840e-04 -9.65713033e-04 2.17610848e-03 1.30752990e-03 3.38037112e-03 -2.41513710e-03 1.87265102e-03 2.76022066e-03 8.41279015e-01 2.50386970e+00 -8.00841219e-03 2.59412559e-01
1.37241822e-03 -2.13475585e-03 -1.20714901e-03 2.37532297e-03 8.69360507e-04 2.95257201e-03 -2.34576987e-03 1.09800834e-05 2.42345395e-03 7.97233964e-01 2.33313166e+00 5.25320533e-03 2.73952510e-01
6.31613195e-04 -1.34666535e-03 -1.67799633e-03 2.87457518e-03 1.37251370e-03 3.41616180e-03 -3.21873738e-03 2.17315939e-03 3.49515565e-03 8.82589498e-01 2.71100197e+00 -4.96487411e-03 2.46940543e-01
8.21441264e-04 -1.86479263e-03 -1.19324191e-03 2.05540141e-03 4.15701169e-04 3.61453679e-03 -2.40636740e-03 1.15752927e-03 2.72305053e-03 8.13087993e-01 2.42120377e+00 1.19416180e-02 2.77734109e-01
1.32822994e-03 -2.50915435e-03 -1.87960803e-03 2.94763554e-03 1.52666115e-03 2.56138412e-03 -3.21009033e-03 8.19306873e-04 3.22692190e-03 8.67480622e-01 2.61811578e+00 -1.10310268e-02 2.43246812e-01
9.16891656e-04 -2.09373419e-03 -1.48043358e-03 2.59366450e-03 1.10049923e-03 4.15668063e-03 -2.69826077e-03 1.34039627e-03 3.03954711e-03 8.67392457e-01 2.49526085e+00 1.46251910e-02 2.73903273e-01
1.18341072e-03 -2.16184342e-03 -1.46573486e-03 2.62369764e-03 1.12688405e-03 2.43748409e-03 -2.85117947e-03 8.65633762e-04 2.92269539e-03 8.18551628e-01 2.58198991e+00 -1.34967639e-02 2.50700019e-01
8.86396777e-04 -1.42675995e-03 -1.59621617e-03 2.70801108e-03 1.47288573e-03 2.49525788e-03 -3.15273868e-03 1.80358560e-03 3.21637059e-03 8.82283514e-01 2.79562866e+00 -2.60639612e-03 2.35766917e-01
1.72966531e-03 -2.29720884e-03 -9.58961260e-04 2.30604185e-03 5.89262501e-04 3.47675314e-03 -2.40699052e-03 -1.00572362e-04 2.49838260e-03 7.98466665e-01 2.27253436e+00 2.75660249e-03 2.81641077e-01
7.76110197e-04 -1.29239392e-03 -1.63341945e-03 2.88438325e-03 1.60559900e-03 3.46798228e-03 -3.21195723e-03 2.16113279e-03 3.48321039e-03 8.79329195e-01 2.80841297e+00 2.50342319e-03 2.49392239e-01
1.34961861e-03 -2.15494268e-03 -1.21187217e-03 2.36449445e-03 7.48554755e-04 2.89574568e-03 -2.35843495e-03 -2.98002617e-05 2.43368347e-03 8.03478462e-01 2.25055211e+00 -2.41668630e-03 2.73240198e-01
9.17221179e-04 -1.73784858e-03 -1.42835786e-03 2.40492271e-03 1.27390441e-03 2.42750688e-03 -2.64012307e-03 1.18667139e-03 2.73484351e-03 8.36575315e-01 2.51709408e+00 -1.84936816e-02 2.47560205e-01
1.46204771e-03 -2.58102746e-03 -1.33710982e-03 2.71906549e-03 7.67297766e-04 4.02737833e-03 -2.91318653e-03 7.52213564e-04 3.15469126e-03 8.48327390e-01 2.54144699e+00 2.07604043e-02 2.74970304e-01
1.24861464e-03 -2.28795240e-03 -1.63494567e-03 2.94302830e-03 1.64726997e-03 3.26641435e-03 -2.97200950e-03 1.04553447e-03 3.10658323e-03 8.84322761e-01 2.58435399e+00 6.55212156e-03 2.54567422e-01
8.67299981e-04 -1.91470604e-03 -1.25943684e-03 2.30616565e-03 6.22717282e-04 3.23392225e-03 -2.56029700e-03 1.14981987e-03 2.82389777e-03 7.99403321e-01 2.46804322e+00 -6.29857946e-03 2.69723632e-01
6.63775257e-04 -1.61910718e-03 -1.50645060e-03 2.47158189e-03 1.28663089e-03 2.81121345e-03 -2.60387593e-03 1.41785173e-03 2.78277823e-03 8.56220067e-01 2.48860188e+00 -1.28682852e-02 2.51029258e-01
1.58072194e-03 -2.61147656e-03 -1.34063349e-03 2.84128720e-03 8.59473911e-04 3.69367297e-03 -2.99542855e-03 6.03972603e-04 3.19254726e-03 8.25896621e-01 2.58716343e+00 1.40295615e-02 2.72766973e-01
6.05033937e-04 -1.24108205e-03 -1.52429832e-03 2.60549249e-03 1.28883361e-03 2.99098997e-03 -2.91117589e-03 1.91591688e-03 3.13026635e-03 8.49967973e-01 2.60424392e+00 -2.44478248e-02 2.45250602e-01
1.60909307e-03 -2.42602233e-03 -1.29553057e-03 2.66506603e-03 9.10962561e-04 3.42201390e-03 -2.64975926e-03 -3.69613557e-06 2.74028490e-03 8.32116648e-01 2.45305537e+00 2.86535629e-02 2.75557025e-01
4.46764017e-04 -1.01722122e-03 -1.23770078e-03 2.21816871e-03 9.33252824e-04 3.23072586e-03 -2.47069677e-03 1.81028950e-03 2.79613123e-03 8.38254327e-01 2.49394130e+00 -4.21891936e-03 2.59918361e-01
1.55908836e-03 -2.73650288e-03 -1.85875196e-03 3.16717016e-03 1.45435638e-03 3.34605696e-03 -3.13264768e-03 2.09454649e-04 3.21249252e-03 8.45894964e-01 2.56402413e+00 4.37398332e-03 2.63487176e-01
6.73677380e-04 -1.36180115e-03 -1.46299287e-03 2.46901727e-03 1.41919357e-03 2.89647883e-03 -2.66937544e-03 1.65786078e-03 2.86851736e-03 8.87637455e-01 2.54659451e+00 1.31683838e-03 2.48820387e-01
1.73116538e-03 -2.62623683e-03 -1.29031192e-03 2.79281287e-03 7.40896074e-04 3.38365115e-03 -2.90191608e-03 1.00988681e-04 3.01685180e-03 7.93865628e-01 2.50383035e+00 -1.23493904e-03 2.73682146e-01
1.30522236e-03 -2.35032871e-03 -1.38785475e-03 2.60983552e-03 9.93126429e-04 3.32255623e-03 -2.70813716e-03 6.20012969e-04 2.88105766e-03 8.07614913e-01 2.48291375e+00 -8.60157008e-03 2.69157287e-01
6.88383883e-04 -1.80054343e-03 -1.59476141e-03 2.61827387e-03 1.08686290e-03 3.02433260e-03 -2.85978944e-03 1.53978191e-03 3.07217433e-03 8.77189629e-01 2.57525591e+00 9.05059436e-03 2.53185318e-01
9.34665197e-04 -2.03738597e-03 -1.39891416e-03 2.50810830e-03 8.42392424e-04 2.90820052e-03 -2.70524542e-03 1.05713612e-03 2.89833670e-03 8.23984070e-01 2.43636084e+00 -1.22831822e-02 2.60380465e-01
1.03942488e-03 -2.22650021e-03 -1.61415959e-03 2.80981074e-03 1.39165999e-03 3.63787591e-03 -2.86426232e-03 1.21122314e-03 3.10500189e-03 8.61459957e-01 2.63896590e+00 1.32297677e-02 2.64511246e-01
1.38804887e-03 -2.38863792e-03 -1.60341131e-03 2.86839035e-03 1.57767218e-03 3.25607454e-03 -2.84570195e-03 6.34261961e-04 2.96123992e-03 8.65017689e-01 2.46321187e+00 -1.01856171e-03 2.60226044e-01
4.40384143e-04 -1.61942650e-03 -1.46322149e-03 2.39595765e-03 5.67194434e-04 3.27782246e-03 -2.69934904e-03 1.63719118e-03 3.00686685e-03 8.18073994e-01 2.57894138e+00 1.09114083e-03 2.63554783e-01
7.57436555e-04 -1.80111916e-03 -1.28178565e-03 2.32411007e-03 7.63115888e-04 3.34384968e-03 -2.49706411e-03 1.25707439e-03 2.76465217e-03 8.11640136e-01 2.41208748e+00 -1.56182427e-02 2.67233429e-01
1.31455472e-03 -2.38946447e-03 -1.66583371e-03 2.95616825e-03 1.51163846e-03 3.12028079e-03 -3.06922815e-03 9.63889656e-04 3.19313712e-03 8.75121316e-01 2.65448410e+00 1.71179441e-02 2.56795580e-01
1.41836813e-03 -2.51078493e-03 -1.47596005e-03 2.82819289e-03 1.17144503e-03 3.75713476e-03 -2.90975727e-03 7.58024393e-04 3.11147499e-03 8.21262099e-01 2.68758675e+00 1.36013894e-02 2.71115436e-01
7.31823872e-04 -1.68607546e-03 -1.37740718e-03 2.42155006e-03 9.93249327e-04 2.73862426e-03 -2.60600084e-03 1.31426283e-03 2.77320157e-03 8.60252381e-01 2.37217082e+00 -1.24880323e-02 2.50960612e-01
9.58444881e-04 -1.91690027e-03 -1.31106941e-03 2.30083532e-03 1.07686890e-03 2.68755698e-03 -2.36902195e-03 7.79993394e-04 2.50889822e-03 8.28350052e-01 2.33142719e+00 -1.52106108e-02 2.59485353e-01
9.56215865e-04 -2.34739015e-03 -1.76323842e-03 3.00922567e-03 1.01796336e-03 3.88364787e-03 -3.28349099e-03 1.56381556e-03 3.59282193e-03 8.57219419e-01 2.75136176e+00 1.66909899e-02 2.64723077e-01
6.79962437e-04 -1.62816808e-03 -1.70235640e-03 2.97090013e-03 1.37833423e-03 3.60337771e-03 -3.20543393e-03 2.04608663e-03 3.47692184e-03 8.81524731e-01 2.78300566e+00 1.16120722e-02 2.52823234e-01
1.31191777e-03 -2.10604821e-03 -1.17568519e-03 2.35504784e-03 9.18525200e-04 2.88164027e-03 -2.38053651e-03 2.92441516e-04 2.48538430e-03 8.03906171e-01 2.29308466e+00 -1.09061332e-02 2.69305412e-01
1.41635924e-03 -2.36063708e-03 -1.17195132e-03 2.47701118e-03 6.70284527e-04 3.63903147e-03 -2.68069757e-03 6.42068369e-04 2.88844805e-03 7.96492705e-01 2.52563873e+00 3.87561925e-03 2.75528288e-01
8.58304798e-04 -1.90214669e-03 -1.62015728e-03 2.57371345e-03 1.28339537e-03 2.59390493e-03 -2.82499909e-03 1.28557826e-03 2.94009669e-03 8.83648112e-01 2.50443463e+00 -3.66891870e-03 2.45260945e-01
1.28199289e-03 -2.47285583e-03 -1.59970356e-03 2.95715760e-03 1.31074048e-03 3.80624998e-03 -3.00766014e-03 9.87003684e-04 3.22462769e-03 8.79679951e-01 2.54923224e+00 1.49841081e-02 2.65330694e-01
7.10005871e-04 -1.78343740e-03 -1.40939476e-03 2.33805776e-03 8.47481865e-04 2.70805298e-03 -2.56545148e-03 1.21184823e-03 2.75622046e-03 8.06692269e-01 2.50969510e+00 -1.38319868e-02 2.58290494e-01
4.27436631e-04 -1.54095383e-03 -1.59985416e-03 2.52344963e-03 7.69329691e-04 2.82128204e-03 -2.87064967e-03 1.72879669e-03 3.11710500e-03 8.49453110e-01 2.61727718e+00 6.08408629e-03 2.53405878e-01
1.37058915e-03 -2.40061384e-03 -1.48779588e-03 2.79322858e-03 1.39117410e-03 3.77131624e-03 -2.68098956e-03 5.30224297e-04 2.86167101e-03 8.34856363e-01 2.44190331e+00 -5.83561372e-03 2.71559837e-01
1.14305902e-03 -2.11776523e-03 -1.35522846e-03 2.54604799e-03 1.03910354e-03 2.87530777e-03 -2.68172648e-03 8.47405376e-04 2.82002349e-03 8.30133199e-01 2.35728711e+00 -2.42605484e-02 2.57039331e-01
9.17056951e-04 -2.18963360e-03 -1.63597024e-03 2.77130062e-03 1.14864750e-03 3.65044608e-03 -2.91885640e-03 1.33530402e-03 3.18505575e-03 8.56403933e-01 2.73281335e+00 2.82293851e-02 2.66468905e-01
9.81612217e-04 -2.01052126e-03 -1.39369130e-03 2.55423394e-03 1.01037287e-03 2.96694623e-03 -2.71250704e-03 1.08938820e-03 2.88031046e-03 8.66322154e-01 2.37641419e+00 -4.44223789e-03 2.56172706e-01
1.13340725e-03 -2.17332802e-03 -1.43565392e-03 2.68335132e-03 1.21269236e-03 3.48899276e-03 -2.76759996e-03 1.06331766e-03 2.97790647e-03 8.15944408e-01 2.67509607e+00 4.65306669e-03 2.66823580e-01
1.10361671e-03 -2.11369013e-03 -1.18795614e-03 2.39705427e-03 5.52806320e-04 3.02199564e-03 -2.63684776e-03 8.60481578e-04 2.82192822e-03 8.19609073e-01 2.47052721e+00 1.03504486e-02 2.66882945e-01
1.06121313e-03 -2.07777766e-03 -1.62680874e-03 2.82891470e-03 1.66231475e-03 3.41914011e-03 -2.87164973e-03 1.29305479e-03 3.05875612e-03 8.62129843e-01 2.57339370e+00 -9.65453496e-03 2.56521411e-01
1.06629889e-03 -2.10768667e-03 -1.36676866e-03 2.53380632e-03 9.80385689e-04 3.21843966e-03 -2.67132812e-03 9.80715239e-04 2.87833654e-03 8.35484178e-01 2.44265323e+00 -2.19605940e-03 2.65400455e-01
9.74646673e-04 -2.04575747e-03 -1.51646941e-03 2.74607019e-03 1.26153005e-03 3.25831775e-03 -2.85107858e-03 1.27572552e-03 3.04320777e-03 8.48602374e-01 2.62038496e+00 2.27395739e-03 2.58220704e-01
8.91129656e-04 -1.90942737e-03 -1.38949690e-03 2.33176556e-03 8.85630616e-04 2.24438200e-03 -2.58113583e-03 9.34747228e-04 2.68412950e-03 8.32928356e-01 2.32502716e+00 -2.62480307e-02 2.47898461e-01
1.26407107e-03 -2.47588570e-03 -1.56531208e-03 2.95640628e-03 1.29742426e-03 4.53303451e-03 -3.01068973e-03 1.22179974e-03 3.33033924e-03 8.53278164e-01 2.77255160e+00 3.09799098e-02 2.74949389e-01
1.42953562e-03 -2.06613112e-03 -1.18072366e-03 2.41014748e-03 8.02039483e-04 3.03499025e-03 -2.31072263e-03 -2.25178321e-04 2.35478916e-03 7.88292946e-01 2.24051333e+00 -1.96370995e-03 2.76867099e-01
1.06445279e-03 -8.29628770e-04 -1.25069884e-03 2.82369522e-03 1.86345759e-03 3.39156278e-03 -3.14509566e-03 2.24229985e-03 3.37645344e-03 8.92841247e-01 2.81736695e+00 2.05675649e-03 2.42752380e-01
8.24258235e-04 -2.02018221e-03 -1.37757507e-03 2.35372641e-03 4.81750321e-04 3.73598828e-03 -2.72902986e-03 1.35081279e-03 3.06672987e-03 8.31172451e-01 2.52968433e+00 1.62177418e-02 2.73751035e-01
1.19484024e-03 -2.24781708e-03 -1.66538802e-03 2.73912651e-03 1.49934031e-03 2.67411644e-03 -2.85527233e-03 7.99886434e-04 2.91752856e-03 8.51488612e-01 2.52314616e+00 -1.47299708e-02 2.48986473e-01
1.63729433e-03 -2.85818975e-03 -1.69336510e-03 3.27326320e-03 1.15295135e-03 3.30682702e-03 -3.47265962e-03 7.19373015e-04 3.59037172e-03 8.65730374e-01 2.69164273e+00 1.53798496e-02 2.58256285e-01
6.05501635e-04 -1.50005468e-03 -1.29114139e-03 2.14804806e-03 1.08189161e-03 3.10396483e-03 -2.24137722e-03 1.29956197e-03 2.50431761e-03 8.20252484e-01 2.39009227e+00 -1.41340324e-02 2.65887507e-01
1.26559052e-03 -2.26900652e-03 -1.34345880e-03 2.58958372e-03 1.07897186e-03 3.37983740e-03 -2.63919894e-03 6.90253267e-04 2.81649441e-03 8.59629412e-01 2.33710431e+00 -8.49037783e-04 2.66777600e-01
8.59038899e-04 -1.90270271e-03 -1.53994772e-03 2.65042011e-03 1.12780992e-03 3.03802024e-03 -2.88892352e-03 1.42590652e-03 3.08725059e-03 8.23850725e-01 2.72775978e+00 9.13507958e-04 2.57728794e-01
1.78004609e-03 -2.75495349e-03 -1.34091888e-03 2.83894876e-03 7.52626927e-04 3.81269938e-03 -2.97912448e-03 1.79987327e-04 3.11917019e-03 8.48718532e-01 2.58511325e+00 4.05511804e-02 2.76039866e-01
6.76816145e-04 -1.39437483e-03 -1.43697190e-03 2.43230670e-03 1.28098738e-03 2.65098689e-03 -2.66214282e-03 1.56232095e-03 2.81017591e-03 8.36986408e-01 2.49655683e+00 -3.27809687e-02 2.44500130e-01
1.32622738e-03 -2.37735478e-03 -1.43492360e-03 2.73272078e-03 1.16651193e-03 3.51997688e-03 -2.71346042e-03 5.73348451e-04 2.88398472e-03 8.59660325e-01 2.38114008e+00 3.36128236e-03 2.68392609e-01
7.12535233e-04 -1.65756416e-03 -1.49119165e-03 2.56974034e-03 1.09489107e-03 3.02807556e-03 -2.81268142e-03 1.58544553e-03 3.04207963e-03 8.24418448e-01 2.68030102e+00 -3.25596879e-03 2.57233730e-01
1.10410303e-03 -2.14326997e-03 -1.20186235e-03 2.38530215e-03 5.29880290e-04 3.20620081e-03 -2.65116901e-03 9.06021355e-04 2.86238878e-03 8.10486839e-01 2.49684494e+00 7.19560322e-03 2.69251460e-01
1.01802001e-03 -2.15020371e-03 -1.70406013e-03 2.76428413e-03 1.52908053e-03 3.12637233e-03 -2.88368585e-03 1.18839115e-03 3.04533777e-03 8.70650631e-01 2.54058347e+00 -6.79126014e-03 2.53781210e-01
5.63852725e-04 -1.61287415e-03 -1.57780386e-03 2.54807026e-03 1.17397981e-03 3.76101230e-03 -2.73451776e-03 1.77074607e-03 3.08923171e-03 8.50774835e-01 2.53168894e+00 -9.36983072e-03 2.63790761e-01
1.44196133e-03 -2.45656529e-03 -1.48491929e-03 2.71170670e-03 1.02465702e-03 2.64698598e-03 -2.85818926e-03 3.31987916e-04 2.91971748e-03 8.32441943e-01 2.53151580e+00 9.99217862e-03 2.60116854e-01
6.56844550e-04 -1.52071878e-03 -1.58536100e-03 2.67557284e-03 1.23117181e-03 3.00473387e-03 -2.95524441e-03 1.78719708e-03 3.16269055e-03 8.59152854e-01 2.67703307e+00 -1.29723643e-03 2.50119407e-01
1.45086716e-03 -2.34602218e-03 -1.26700475e-03 2.56325428e-03 9.64946951e-04 3.38708107e-03 -2.58315095e-03 3.15113678e-04 2.72058412e-03 8.24281147e-01 2.38096875e+00 1.36995803e-03 2.72547852e-01
1.08891428e-03 -2.28112753e-03 -1.61331628e-03 2.84376788e-03 1.15432222e-03 3.36172734e-03 -3.05469461e-03 1.24707155e-03 3.26038622e-03 8.52253154e-01 2.58796474e+00 -4.08152868e-03 2.58342729e-01
9.41407000e-04 -1.98627915e-03 -1.34559567e-03 2.39120531e-03 9.77399987e-04 3.03259730e-03 -2.50516819e-03 9.56171341e-04 2.69807839e-03 8.31282513e-01 2.46575358e+00 4.24713835e-03 2.64867084e-01
9.49046146e-04 -2.02142793e-03 -1.47763041e-03 2.62785449e-03 1.26790852e-03 3.63706806e-03 -2.70296147e-03 1.27736990e-03 2.96289989e-03 8.31401375e-01 2.67542644e+00 1.12891496e-02 2.68013432e-01
1.14823436e-03 -2.28406867e-03 -1.47226879e-03 2.62962205e-03 9.12922026e-04 2.78915809e-03 -2.85006505e-03 8.41511805e-04 2.98766112e-03 8.51634253e-01 2.39114705e+00 -1.05158963e-02 2.55483654e-01
7.28468838e-04 -1.99803394e-03 -1.53430824e-03 2.63010324e-03 6.91332281e-04 3.89437225e-03 -2.93710174e-03 1.61321116e-03 3.28350410e-03 8.55354174e-01 2.68073837e+00 3.08722720e-02 2.69495205e-01
1.21195525e-03 -2.22590524e-03 -1.53415129e-03 2.59228431e-03 1.33216756e-03 2.70405618e-03 -2.68841063e-03 6.48043790e-04 2.77612931e-03 8.31215643e-01 2.39593435e+00 -2.61818826e-02 2.53898292e-01
6.51137765e-04 -1.74147643e-03 -1.38402164e-03 2.34244585e-03 6.25807144e-04 3.52595248e-03 -2.66438986e-03 1.51922521e-03 3.00868442e-03 8.13605873e-01 2.57207937e+00 7.20232732e-03 2.70960221e-01
1.25453265e-03 -2.43805508e-03 -1.73713173e-03 2.87782742e-03 1.51407852e-03 3.03246580e-03 -2.89945217e-03 6.67123467e-04 3.00795691e-03 8.67930485e-01 2.47296961e+00 -6.80572816e-03 2.54882806e-01
8.52490450e-04 -1.90089470e-03 -1.34509059e-03 2.39410854e-03 9.76667573e-04 3.83705313e-03 -2.53370289e-03 1.30572637e-03 2.85177152e-03 8.60836226e-01 2.40952098e+00 9.50555420e-03 2.72672123e-01
1.18657856e-03 -2.37741907e-03 -1.69104766e-03 2.78510662e-03 1.14480762e-03 2.51829938e-03 -3.04871821e-03 8.41549383e-04 3.12146250e-03 8.24076602e-01 2.66154152e+00 -8.99168041e-03 2.50950745e-01
1.12046221e-03 -2.20684223e-03 -1.31327233e-03 2.47105337e-03 8.21031550e-04 3.42085131e-03 -2.61005837e-03 8.35076210e-04 2.82840973e-03 8.20481510e-01 2.52647498e+00 1.20307544e-02 2.71410938e-01
9.16413227e-04 -2.09276755e-03 -1.67582829e-03 2.71548198e-03 1.21269300e-03 2.92002607e-03 -2.95162612e-03 1.27954500e-03 3.11781774e-03 8.61134999e-01 2.52136307e+00 -1.11314820e-02 2.51496881e-01
1.63748975e-03 -2.84017831e-03 -1.72900835e-03 3.19933817e-03 1.35609550e-03 3.64775029e-03 -3.25609128e-03 5.29890231e-04 3.40927245e-03 8.63583503e-01 2.69363751e+00 2.77985340e-02 2.67116219e-01
4.72233705e-04 -1.41291562e-03 -1.36917183e-03 2.25250193e-03 8.98713004e-04 2.91908745e-03 -2.45340575e-03 1.51712583e-03 2.70748692e-03 8.23964313e-01 2.40752591e+00 -2.39740158e-02 2.56741130e-01
8.89783656e-04 -2.02959593e-03 -1.62169299e-03 2.69068324e-03 1.35320906e-03 3.33449212e-03 -2.80098064e-03 1.30795469e-03 3.01969580e-03 8.82828337e-01 2.47859263e+00 2.00003630e-03 2.58113182e-01
1.08919302e-03 -2.22116927e-03 -1.36200670e-03 2.50809908e-03 6.97721854e-04 3.00002212e-03 -2.72740569e-03 8.32722660e-04 2.90265455e-03 7.99476474e-01 2.55673230e+00 -1.91831476e-03 2.65260839e-01
1.34779703e-03 -2.38524254e-03 -1.15506373e-03 2.34637804e-03 3.65581189e-04 3.80913223e-03 -2.71460020e-03 7.80294727e-04 2.96963568e-03 8.11443252e-01 2.51548781e+00 1.67696331e-02 2.78032299e-01
1.13968713e-03 -1.93321129e-03 -1.51297715e-03 2.60977469e-03 1.57030392e-03 2.49097758e-03 -2.79652320e-03 1.08670294e-03 2.83251646e-03 8.67961633e-01 2.52045645e+00 -1.51123258e-02 2.42417275e-01
3.51142910e-04 -1.42852915e-03 -1.39681232e-03 2.20707037e-03 4.69028117e-04 3.38255465e-03 -2.56624162e-03 1.69866796e-03 2.92384260e-03 8.27233477e-01 2.49251899e+00 5.58744037e-03 2.67256690e-01
1.42127236e-03 -2.60094857e-03 -1.86933207e-03 3.02729751e-03 1.64518101e-03 3.10254355e-03 -3.05353345e-03 4.98789140e-04 3.12958453e-03 8.55907142e-01 2.55155861e+00 -5.33932973e-03 2.56549305e-01
1.11195057e-03 -2.09950329e-03 -1.41672980e-03 2.42071525e-03 1.00825902e-03 2.22852802e-03 -2.64495199e-03 6.92552777e-04 2.71033153e-03 8.14511448e-01 2.49405444e+00 -1.18677811e-02 2.52175257e-01
9.19084100e-04 -2.19700559e-03 -1.61497730e-03 2.76857623e-03 1.13218569e-03 4.36864368e-03 -2.93249920e-03 1.52923944e-03 3.30399663e-03 8.71177686e-01 2.57628723e+00 1.27275275e-02 2.71837117e-01
1.30025871e-03 -2.31889457e-03 -1.66100160e-03 2.72627838e-03 1.14149143e-03 2.64845776e-03 -2.68719457e-03 -2.97246805e-05 2.71357560e-03 8.05832424e-01 2.37666998e+00 -1.43745596e-02 2.61465825e-01
8.80556929e-04 -8.26352019e-04 -1.13069810e-03 2.55189260e-03 1.59269891e-03 4.15614985e-03 -2.77948346e-03 2.20120909e-03 3.20026917e-03 8.80733837e-01 2.68292602e+00 1.56185103e-02 2.61975861e-01
1.05885778e-03 -1.92932996e-03 -1.57712070e-03 2.75159971e-03 1.35353042e-03 2.48825586e-03 -3.06635805e-03 1.35740613e-03 3.12622494e-03 8.57137652e-01 2.65448062e+00 -1.17842803e-02 2.41530473e-01
1.33141921e-03 -2.23687523e-03 -1.13366117e-03 2.33874504e-03 7.92305377e-04 3.88043519e-03 -2.46030031e-03 6.50587871e-04 2.69685513e-03 8.24988788e-01 2.41053027e+00 1.27686500e-02 2.80065702e-01
1.01778038e-03 -1.88894454e-03 -1.35890878e-03 2.43710010e-03 1.37090633e-03 2.74758747e-03 -2.44761166e-03 8.72117141e-04 2.56649944e-03 8.47735396e-01 2.37000745e+00 -1.42159089e-02 2.55246346e-01
9.87849486e-04 -2.37407711e-03 -1.61036587e-03 2.81825885e-03 6.95485091e-04 3.86955917e-03 -3.15329352e-03 1.41097846e-03 3.48124506e-03 8.35536108e-01 2.70283397e+00 1.55849726e-02 2.69485216e-01
1.25539159e-03 -2.34377709e-03 -1.39420781e-03 2.70850907e-03 9.61241256e-04 3.50982778e-03 -2.86439988e-03 9.25801223e-04 3.06851792e-03 8.49598888e-01 2.51527836e+00 8.99698435e-03 2.66433406e-01
8.05623154e-04 -1.89907126e-03 -1.53701919e-03 2.51143242e-03 1.13647194e-03 2.88808368e-03 -2.69061522e-03 1.23309674e-03 2.86880314e-03 8.34868133e-01 2.54278464e+00 -8.51310364e-03 2.56420703e-01
1.37196632e-03 -2.32652307e-03 -1.23033471e-03 2.48993775e-03 8.20807581e-04 3.47986567e-03 -2.63198600e-03 5.98122810e-04 2.82314480e-03 8.38154640e-01 2.39076246e+00 9.37370495e-03 2.73246105e-01
7.67077582e-04 -1.81940677e-03 -1.64615381e-03 2.68840823e-03 1.25823209e-03 2.80146082e-03 -2.92570428e-03 1.48751648e-03 3.06931258e-03 8.45593028e-01 2.67519449e+00 -8.82976326e-03 2.48344431e-01
6.01470451e-04 -1.49567507e-03 -1.45741686e-03 2.30008656e-03 1.02281675e-03 2.31491431e-03 -2.59073095e-03 1.39605006e-03 2.71549311e-03 8.27599892e-01 2.48781678e+00 -2.81509585e-02 2.43834272e-01
1.80289485e-03 -2.77046671e-03 -1.35689963e-03 2.95359394e-03 1.01380860e-03 4.25280417e-03 -3.04726206e-03 4.60370500e-04 3.23917382e-03 8.60028807e-01 2.60126923e+00 3.36128218e-02 2.76463145e-01
1.26728670e-03 -2.17511143e-03 -1.62211717e-03 2.78518128e-03 1.80635459e-03 2.94499646e-03 -2.82999379e-03 9.39185341e-04 2.91039705e-03 8.70220577e-01 2.50583214e+00 -1.46974129e-02 2.49500255e-01
9.96400404e-04 -2.10865124e-03 -1.19369230e-03 2.27950452e-03 2.29715463e-04 3.47707635e-03 -2.69470314e-03 1.10147582e-03 2.97610307e-03 8.08792904e-01 2.52378800e+00 1.62800781e-02 2.73737660e-01
1.57629256e-03 -2.84377131e-03 -2.01336763e-03 3.27511672e-03 1.59733513e-03 3.11344128e-03 -3.30367702e-03 2.85699404e-04 3.36548004e-03 8.68749522e-01 2.59147094e+00 8.34489473e-03 2.57557159e-01
3.47522901e-04 -1.11093330e-03 -1.28234003e-03 2.11791526e-03 7.66023167e-04 3.43142281e-03 -2.38204296e-03 1.76153470e-03 2.75877211e-03 8.16044362e-01 2.47147588e+00 -7.94910071e-03 2.67261739e-01
1.38451362e-03 -2.19132548e-03 -1.42897574e-03 2.62938708e-03 7.06753994e-04 2.68734095e-03 -2.55868482e-03 -3.76156121e-04 2.56677441e-03 7.90091901e-01 2.28569016e+00 1.68176581e-04 2.71380225e-01
1.36091375e-03 -5.77431966e-04 -9.18303594e-04 2.65875648e-03 2.33284206e-03 3.85929465e-03 -2.81933902e-03 2.17168828e-03 3.13953615e-03 8.90461018e-01 2.76634282e+00 -7.44582347e-05 2.50080829e-01
9.24675539e-04 -1.96624133e-03 -1.29855758e-03 2.43124252e-03 7.57659061e-04 3.02855984e-03 -2.63553330e-03 1.09336976e-03 2.83454327e-03 8.37735967e-01 2.44375889e+00 2.97841008e-03 2.62445669e-01
1.10224221e-03 -2.20872443e-03 -1.60839825e-03 2.81668060e-03 1.44549185e-03 3.42843451e-03 -2.88582521e-03 1.14814731e-03 3.07811473e-03 8.46170835e-01 2.61104912e+00 -2.87324992e-03 2.60681196e-01
6.98658422e-04 -2.03095490e-03 -1.73486147e-03 2.82311140e-03 9.09407950e-04 3.25269613e-03 -3.14721567e-03 1.64914602e-03 3.39119531e-03 8.77237481e-01 2.58431512e+00 2.24678856e-03 2.52827940e-01
1.16136062e-03 -2.10327995e-03 -1.31671523e-03 2.42202447e-03 1.12855832e-03 3.11413790e-03 -2.44012520e-03 6.23930714e-04 2.59902625e-03 8.05667891e-01 2.46830313e+00 -2.16569366e-03 2.69334212e-01
1.16342116e-03 -2.12245717e-03 -1.44214795e-03 2.46164206e-03 1.23242184e-03 2.69824623e-03 -2.49369487e-03 4.93811471e-04 2.59073787e-03 8.09279864e-01 2.42205031e+00 -1.34679300e-02 2.61933352e-01
4.82552609e-04 -1.85217479e-03 -1.76433007e-03 2.81199943e-03 7.84407688e-04 3.85328864e-03 -3.14911830e-03 1.95648921e-03 3.51767324e-03 8.76936010e-01 2.64364726e+00 1.45651623e-02 2.61454635e-01
7.14659558e-04 -1.65448937e-03 -1.29707188e-03 2.28707979e-03 9.96235867e-04 2.78574994e-03 -2.40405824e-03 1.19265932e-03 2.59390036e-03 8.16180416e-01 2.52372178e+00 -2.23959674e-03 2.60214219e-01
1.44185947e-03 -2.68981582e-03 -1.67485184e-03 3.10145212e-03 1.28827627e-03 3.81298290e-03 -3.21275607e-03 9.17130264e-04 3.43561759e-03 8.67431985e-01 2.54421804e+00 2.31665244e-03 2.65084344e-01
1.26886888e-03 -2.50509614e-03 -1.43313882e-03 2.80094657e-03 6.33846560e-04 3.98936569e-03 -3.12237248e-03 1.15710467e-03 3.41641949e-03 8.50661630e-01 2.66997819e+00 3.12428852e-02 2.72489749e-01
1.00305341e-03 -1.83485115e-03 -1.38279200e-03 2.44108182e-03 1.42719366e-03 2.65113715e-03 -2.50435913e-03 9.87285753e-04 2.60707986e-03 8.35075539e-01 2.41678448e+00 -2.64221591e-02 2.50791698e-01
9.56581345e-04 -2.05956453e-03 -1.56780005e-03 2.61200363e-03 1.20460055e-03 2.76389650e-03 -2.80476949e-03 1.12559272e-03 2.93839584e-03 8.70620362e-01 2.43144259e+00 -1.21260371e-02 2.49112450e-01
1.24703000e-03 -2.26638547e-03 -1.28530606e-03 2.54042356e-03 8.49043725e-04 3.61958727e-03 -2.71812032e-03 8.95231113e-04 2.95155557e-03 8.09054760e-01 2.61586043e+00 1.32266892e-02 2.73088439e-01
6.57600750e-04 -1.88924284e-03 -1.73313613e-03 2.77880563e-03 9.47799662e-04 2.86083172e-03 -3.12637807e-03 1.64112634e-03 3.32227340e-03 8.61059979e-01 2.53727352e+00 -1.74890117e-02 2.46212200e-01
1.32389139e-03 -2.21305597e-03 -1.26027395e-03 2.50632850e-03 1.15620513e-03 3.60376541e-03 -2.45598812e-03 5.18335676e-04 2.63795936e-03 8.19346804e-01 2.52356267e+00 1.96515798e-02 2.76159930e-01
7.92957397e-04 -7.33029188e-04 -1.06724987e-03 2.19834638e-03 1.47585633e-03 2.64238916e-03 -2.44850543e-03 1.71192960e-03 2.63074182e-03 8.36373849e-01 2.56663532e+00 -2.33783795e-02 2.45122506e-01
1.89002730e-03 -2.78750903e-03 -1.56313194e-03 3.17148426e-03 9.11580806e-04 3.87697307e-03 -3.10684322e-03 -3.17745495e-04 3.16055033e-03 8.48876342e-01 2.48851981e+00 2.70923838e-02 2.75965734e-01
9.45034368e-04 -2.04307257e-03 -1.18813827e-03 2.19799405e-03 3.20084847e-04 3.14446368e-03 -2.53122271e-03 9.37732816e-04 2.77069232e-03 8.03062382e-01 2.43976170e+00 7.87226633e-03 2.72006833e-01
1.15271688e-03 -2.31868092e-03 -1.81331693e-03 2.91772944e-03 1.69430011e-03 3.12652433e-03 -3.03891209e-03 1.12656860e-03 3.16791559e-03 8.76891327e-01 2.59115682e+00 -7.38861301e-03 2.50946232e-01
1.31186411e-03 -2.29610559e-03 -1.43290189e-03 2.65953558e-03 1.16604209e-03 2.98546257e-03 -2.71919792e-03 5.65530521e-04 2.84109041e-03 8.25748475e-01 2.41599561e+00 -1.31002344e-02 2.62258363e-01
5.37183745e-04 -1.78210399e-03 -1.66336122e-03 2.65694734e-03 9.77006218e-04 3.50678879e-03 -2.88932638e-03 1.71787981e-03 3.19863025e-03 8.59728366e-01 2.65758963e+00 1.41831490e-02 2.61564853e-01
6.95377865e-04 -1.77561227e-03 -1.72845964e-03 2.99114339e-03 1.09828893e-03 3.52548764e-03 -3.33772464e-03 2.02292590e-03 3.61776737e-03 8.70740152e-01 2.82824502e+00 1.69978700e-02 2.54455392e-01
1.20516653e-03 -2.04309621e-03 -1.23285637e-03 2.34782425e-03 1.11871487e-03 3.03863975e-03 -2.29992486e-03 4.12079127e-04 2.43113487e-03 8.15795905e-01 2.26404453e+00 -1.55067726e-02 2.69209340e-01
9.36115822e-04 -7.60418534e-04 -1.10205334e-03 2.56501083e-03 1.62259093e-03 3.12609389e-03 -2.82616966e-03 2.03312963e-03 3.05684255e-03 8.70027190e-01 2.72675386e+00 3.15083932e-03 2.47245110e-01
1.49108883e-03 -2.29331380e-03 -1.38797018e-03 2.74578448e-03 1.09377424e-03 3.58415260e-03 -2.55706203e-03 -7.77606244e-05 2.64378635e-03 8.13625239e-01 2.32414751e+00 -3.05297499e-03 2.76605630e-01
1.45115277e-03 -2.43140677e-03 -1.35843401e-03 2.66385010e-03 8.98275506e-04 2.96964561e-03 -2.77371268e-03 3.49910820e-04 2.89017718e-03 7.94987862e-01 2.55481145e+00 1.88861417e-03 2.68137177e-01
6.15671079e-04 -1.62483485e-03 -1.59281015e-03 2.66239206e-03 1.34095542e-03 3.49669036e-03 -2.78581917e-03 1.73284614e-03 3.07409120e-03 8.85589869e-01 2.50136614e+00 -1.76339151e-03 2.56721019e-01
7.12239367e-04 -1.74276249e-03 -1.18187573e-03 2.04886182e-03 5.26569281e-04 2.98842558e-03 -2.27447206e-03 1.03280302e-03 2.51679095e-03 8.05266105e-01 2.32121957e+00 -6.49363071e-03 2.70044799e-01
1.37266787e-03 -2.63758967e-03 -1.90798553e-03 3.18222154e-03 1.63076437e-03 3.29294851e-03 -3.38066218e-03 1.09623044e-03 3.50476833e-03 8.78843645e-01 2.73699030e+00 6.76263771e-03 2.52723959e-01
9.93449063e-04 -1.93872470e-03 -1.40871147e-03 2.36075288e-03 1.30917297e-03 2.73989864e-03 -2.40078146e-03 7.86578147e-04 2.53059127e-03 8.28923849e-01 2.34683626e+00 -2.14843727e-02 2.58518541e-01
8.51359707e-04 -2.34370637e-03 -1.68418230e-03 2.87848024e-03 5.79216420e-04 3.78343397e-03 -3.25954234e-03 1.55741275e-03 3.57234555e-03 8.57427724e-01 2.72671680e+00 2.45371874e-02 2.64909249e-01
1.27879445e-03 -2.49900843e-03 -1.71534094e-03 2.95999023e-03 1.32690744e-03 3.08831206e-03 -3.14165937e-03 9.54816807e-04 3.26442418e-03 8.70077145e-01 2.69837945e+00 1.70132913e-02 2.55410296e-01
7.99114875e-04 -1.83448740e-03 -1.31307383e-03 2.27438228e-03 8.21538963e-04 3.24823201e-03 -2.47226466e-03 1.18250908e-03 2.73176519e-03 8.16420180e-01 2.37885573e+00 -1.55170587e-02 2.67461024e-01
1.06927314e-03 -2.04575842e-03 -1.47805606e-03 2.67025977e-03 1.51828195e-03 3.25911718e-03 -2.64656076e-03 1.04104760e-03 2.82231814e-03 8.69524477e-01 2.51209840e+00 7.91933354e-03 2.60707296e-01
9.19150048e-04 -2.12647623e-03 -1.45375845e-03 2.63171822e-03 7.25663813e-04 3.32238573e-03 -2.88664968e-03 1.25838214e-03 3.14446193e-03 8.15164817e-01 2.55088190e+00 -7.55869781e-03 2.64743206e-01
8.26747164e-04 -1.91226743e-03 -1.41043726e-03 2.46251247e-03 9.05745304e-04 3.22424261e-03 -2.65498322e-03 1.25405828e-03 2.89810255e-03 8.09205683e-01 2.51418510e+00 -1.36215678e-02 2.64361752e-01
1.18314738e-03 -2.31772962e-03 -1.56048930e-03 2.78305138e-03 1.25530139e-03 3.20894253e-03 -2.89790751e-03 9.58760272e-04 3.05946161e-03 8.77057306e-01 2.54392079e+00 1.47446043e-02 2.59071392e-01
6.60874175e-04 -1.43538962e-03 -1.49264243e-03 2.45165162e-03 1.26298460e-03 2.73815941e-03 -2.71703288e-03 1.61357071e-03 2.89318194e-03 8.40063028e-01 2.63219937e+00 -1.25817659e-02 2.49136476e-01
1.65581412e-03 -2.61612840e-03 -1.33319788e-03 2.75570489e-03 8.27772599e-04 3.54381404e-03 -2.85842640e-03 2.14810493e-04 2.98668739e-03 8.44187020e-01 2.42663275e+00 1.36282559e-02 2.72728392e-01
1.80943314e-03 -2.62951156e-03 -1.19401261e-03 2.69610235e-03 8.39654847e-04 4.14574049e-03 -2.79529797e-03 2.38680390e-04 2.96340378e-03 8.34949295e-01 2.45922229e+00 1.67577606e-02 2.80181459e-01
6.28495188e-04 -1.45360641e-03 -1.54505453e-03 2.39672062e-03 1.09234901e-03 2.18151021e-03 -2.77408081e-03 1.50233674e-03 2.85167417e-03 8.48198388e-01 2.60718826e+00 -1.51915158e-02 2.39031215e-01
6.99080211e-04 -2.02121542e-03 -1.47292697e-03 2.48322870e-03 3.19884300e-04 3.72134659e-03 -2.91885471e-03 1.53399277e-03 3.26628590e-03 8.48718153e-01 2.61644776e+00 3.25400586e-02 2.70815023e-01
1.21334459e-03 -2.19066446e-03 -1.60734786e-03 2.69698272e-03 1.62915765e-03 2.87728581e-03 -2.70856830e-03 7.36202095e-04 2.79469809e-03 8.36708781e-01 2.44746768e+00 -2.73353661e-02 2.53026926e-01
8.09658948e-04 -1.99373791e-03 -1.31484994e-03 2.30308850e-03 4.29565244e-04 3.51698551e-03 -2.64370467e-03 1.24795351e-03 2.94347929e-03 8.08018314e-01 2.49908537e+00 6.19043686e-04 2.71533941e-01
1.21576738e-03 -2.29997946e-03 -1.70480069e-03 2.75641157e-03 1.54115740e-03 2.78293724e-03 -2.90257519e-03 8.65267736e-04 2.98888283e-03 8.74359055e-01 2.53069979e+00 -5.42857289e-04 2.51417365e-01
9.85531452e-04 -2.01503675e-03 -1.53641749e-03 2.48523394e-03 1.35610369e-03 2.64189072e-03 -2.57910690e-03 8.76501238e-04 2.68768777e-03 8.30723230e-01 2.45573089e+00 -2.16924478e-02 2.53082052e-01
1.00245474e-03 -2.29667451e-03 -1.49598867e-03 2.71499403e-03 6.00013873e-04 3.88591660e-03 -3.05979489e-03 1.37376998e-03 3.37773708e-03 8.55371215e-01 2.61909324e+00 2.48208790e-02 2.70291072e-01
1.05508308e-03 -1.93616943e-03 -1.42175303e-03 2.43543296e-03 1.40530749e-03 2.55682507e-03 -2.51947631e-03 8.59193041e-04 2.60577239e-03 8.31773294e-01 2.42685855e+00 -2.53382075e-02 2.50752516e-01
1.11882691e-03 -2.45498923e-03 -1.51914022e-03 2.75867411e-03 5.77975948e-04 4.06491903e-03 -3.14069489e-03 1.32152380e-03 3.47907922e-03 8.54567580e-01 2.66107118e+00 2.97132170e-02 2.72912312e-01
1.09411050e-03 -2.05273598e-03 -1.25857322e-03 2.36132684e-03 1.06165746e-03 3.44857613e-03 -2.37749774e-03 7.65401475e-04 2.59268773e-03 7.99346276e-01 2.49603467e+00 9.82769810e-04 2.74215642e-01
1.00109081e-03 -2.16873562e-03 -1.64749664e-03 2.86386591e-03 1.05900603e-03 2.91116564e-03 -3.18285601e-03 1.38304165e-03 3.33571349e-03 8.82049171e-01 2.55242188e+00 -8.88978143e-04 2.47880584e-01
8.35842121e-04 -2.03497246e-03 -1.85062122e-03 2.97216197e-03 1.38129392e-03 3.17573798e-03 -3.26379648e-03 1.69845586e-03 3.44931089e-03 8.73156809e-01 2.84602220e+00 1.35377201e-02 2.50692017e-01
1.27522100e-03 -2.08183438e-03 -1.08884815e-03 2.26803195e-03 7.89353076e-04 3.07218339e-03 -2.36191313e-03 4.76382054e-04 2.51206986e-03 8.12752559e-01 2.24717583e+00 -1.25763093e-02 2.71363085e-01
8.17984055e-04 -1.91033570e-03 -1.64050968e-03 2.73126196e-03 1.14273229e-03 3.01320236e-03 -3.02548038e-03 1.54922699e-03 3.22668975e-03 8.49697261e-01 2.52644521e+00 -2.46940312e-02 2.49162473e-01
1.34384964e-03 -2.28773290e-03 -1.27778035e-03 2.53474658e-03 1.01275216e-03 3.44282123e-03 -2.55598945e-03 4.99682358e-04 2.72436546e-03 8.32443462e-01 2.53631290e+00 2.89865296e-02 2.73846654e-01
4.52211729e-04 -1.29824087e-03 -1.44767623e-03 2.33061922e-03 9.55146487e-04 2.53743858e-03 -2.61813902e-03 1.62597690e-03 2.80047264e-03 8.23426241e-01 2.53887359e+00 -2.46403835e-02 2.46514716e-01
1.74693512e-03 -2.75677356e-03 -1.49340304e-03 3.00602720e-03 1.16238033e-03 3.99687674e-03 -3.02021145e-03 2.96591965e-04 3.17546199e-03 8.64347873e-01 2.54488742e+00 2.86945807e-02 2.74328619e-01
9.05629410e-04 -1.57874010e-03 -1.48868268e-03 2.61891892e-03 1.34450926e-03 2.41605647e-03 -2.95452020e-03 1.54573893e-03 3.02348565e-03 8.65460508e-01 2.60908956e+00 -1.47448744e-02 2.38325618e-01
1.64143045e-03 -2.40436813e-03 -1.07653674e-03 2.44460984e-03 7.81505687e-04 3.98943288e-03 -2.52753839e-03 2.78297618e-04 2.70626661e-03 8.14592892e-01 2.44097057e+00 1.63107786e-02 2.82199120e-01
1.22637778e-03 -2.18647124e-03 -1.28934410e-03 2.45715577e-03 1.02761388e-03 3.28593205e-03 -2.47755308e-03 5.62626994e-04 2.64681450e-03 8.21334570e-01 2.38380364e+00 -3.03553965e-03 2.70785656e-01
7.90801065e-04 -1.81518717e-03 -1.61213620e-03 2.79647525e-03 1.15312499e-03 3.13933844e-03 -3.07904969e-03 1.68685628e-03 3.28687265e-03 8.62616550e-01 2.68027022e+00 3.13374828e-03 2.52067614e-01
8.94101580e-04 -2.09012391e-03 -1.57417116e-03 2.64994842e-03 1.11849399e-03 3.45147652e-03 -2.80942736e-03 1.27947525e-03 3.05681273e-03 8.22504466e-01 2.66904392e+00 2.33108007e-03 2.65269428e-01
1.12990349e-03 -2.14943087e-03 -1.37535124e-03 2.56555021e-03 1.00780060e-03 2.94080289e-03 -2.71758019e-03 8.84353284e-04 2.86299124e-03 8.60689770e-01 2.38509357e+00 -2.23265898e-03 2.57829735e-01
5.83170912e-04 -1.32665490e-03 -1.49098633e-03 2.59356601e-03 1.17882859e-03 3.16622205e-03 -2.85951054e-03 1.88312037e-03 3.11736352e-03 8.36330287e-01 2.60299778e+00 -2.09987574e-02 2.51490478e-01
1.46108277e-03 -2.43301897e-03 -1.42485202e-03 2.71449268e-03 1.08427109e-03 3.34724605e-03 -2.69004354e-03 2.24060897e-04 2.80656540e-03 8.48762136e-01 2.45750679e+00 2.39556102e-02 2.71285577e-01
2.15853444e-03 -3.20211386e-03 -1.52617460e-03 3.31541628e-03 8.66243832e-04 4.39166422e-03 -3.46283527e-03 7.16947458e-05 3.60464081e-03 8.50683368e-01 2.75016342e+00 4.16742566e-02 2.76862193e-01
6.32453610e-04 -1.10955415e-03 -1.16957233e-03 2.10399922e-03 1.17646523e-03 2.30711937e-03 -2.29554390e-03 1.39637370e-03 2.41607380e-03 8.35535972e-01 2.35628708e+00 -3.35240614e-02 2.43005938e-01
8.19420702e-04 -4.75068291e-04 -9.93313665e-04 2.44201065e-03 1.44398121e-03 2.82686209e-03 -2.73395797e-03 2.04758925e-03 2.93944623e-03 8.80997343e-01 2.56466476e+00 -9.68847387e-03 2.38522982e-01
1.52070899e-03 -2.28612921e-03 -1.47471474e-03 2.89719073e-03 1.26693478e-03 4.00597756e-03 -2.58184104e-03 -1.40332602e-04 2.67024218e-03 7.97327231e-01 2.47406531e+00 1.04663840e-02 2.80553224e-01
5.81984026e-04 -1.13079002e-03 -1.31407723e-03 2.28872025e-03 1.14227570e-03 2.74813565e-03 -2.55689960e-03 1.68339580e-03 2.78159126e-03 8.27940874e-01 2.47951542e+00 -2.91810667e-02 2.49449405e-01
1.69183219e-03 -2.78898488e-03 -1.62384129e-03 3.11454060e-03 1.13349176e-03 3.89318024e-03 -3.06727460e-03 1.16930527e-04 3.19183443e-03 8.59787801e-01 2.59931219e+00 3.50957773e-02 2.73584724e-01
1.74358807e-03 -2.69851514e-03 -1.26961985e-03 2.78395939e-03 9.70267853e-04 4.62571464e-03 -2.90552304e-03 6.04611032e-04 3.15682644e-03 8.35239261e-01 2.68425026e+00 3.39028016e-02 2.81142365e-01
8.17181911e-04 -1.60711022e-03 -1.37553958e-03 2.35372696e-03 1.09957777e-03 2.13327637e-03 -2.62375512e-03 1.21805155e-03 2.68601825e-03 8.47308788e-01 2.39218444e+00 -2.82141102e-02 2.39073373e-01
1.17355665e-03 -2.12874970e-03 -1.78672400e-03 2.92139447e-03 1.50131664e-03 2.48585288e-03 -3.35224953e-03 1.42105642e-03 3.38280440e-03 8.70156033e-01 2.75754333e+00 -1.06107983e-02 2.37973643e-01
1.39085667e-03 -2.10401098e-03 -9.12863317e-04 2.06339960e-03 5.91790184e-04 3.61454520e-03 -2.23576117e-03 4.50670337e-04 2.43556372e-03 8.10031646e-01 2.30411489e+00 1.14712460e-02 2.82534118e-01
1.21230381e-03 -2.30072394e-03 -1.42516155e-03 2.62075356e-03 1.06642139e-03 3.35736537e-03 -2.68554803e-03 7.16305474e-04 2.86613565e-03 8.21181301e-01 2.60056195e+00 1.42416507e-02 2.69473262e-01
8.39489686e-04 -1.88907678e-03 -1.50735800e-03 2.63908526e-03 1.08677512e-03 3.08250814e-03 -2.84982044e-03 1.41292429e-03 3.05254068e-03 8.60239696e-01 2.45483295e+00 -1.30334215e-02 2.53518946e-01
1.32177027e-03 -2.15228560e-03 -1.01202404e-03 2.24312152e-03 4.65331011e-04 2.94852068e-03 -2.45815560e-03 4.62022689e-04 2.60176471e-03 7.91907514e-01 2.38881052e+00 3.26371153e-03 2.71868215e-01
9.20222468e-04 -2.04702105e-03 -1.83229422e-03 2.90501004e-03 1.64818117e-03 3.27647703e-03 -3.09057473e-03 1.54220214e-03 3.27465637e-03 8.87785846e-01 2.64013876e+00 -3.07800507e-03 2.50356715e-01
1.01371757e-03 -2.15181383e-03 -1.41921353e-03 2.61505367e-03 8.18134394e-04 3.23675394e-03 -2.85114896e-03 1.15092755e-03 3.06439522e-03 8.20121586e-01 2.56909487e+00 -4.28545188e-03 2.62745497e-01
9.95823717e-04 -2.07838150e-03 -1.51265234e-03 2.58617597e-03 1.28410490e-03 3.15068905e-03 -2.67390430e-03 1.05590439e-03 2.85968245e-03 8.64005869e-01 2.47825521e+00 4.43198404e-03 2.60481829e-01
1.21208789e-03 -2.20905278e-03 -1.55937369e-03 2.74848829e-03 1.45233292e-03 2.90308957e-03 -2.83552797e-03 8.97528715e-04 2.95590046e-03 8.51541682e-01 2.54751090e+00 -6.87975732e-04 2.56533105e-01
7.84879888e-04 -1.98601597e-03 -1.41533544e-03 2.47582492e-03 7.43004669e-04 3.61212099e-03 -2.69735400e-03 1.34509935e-03 3.00083456e-03 8.32309621e-01 2.50620802e+00 7.45942950e-04 2.68658076e-01
7.77198275e-04 -6.35503664e-04 -1.04598011e-03 2.32618406e-03 1.58894321e-03 2.98299893e-03 -2.50103313e-03 1.87997478e-03 2.73375375e-03 8.62351361e-01 2.55026659e+00 -1.56881709e-02 2.45953942e-01
1.80380940e-03 -2.68460943e-03 -1.57764014e-03 3.13549752e-03 9.83626706e-04 3.57270124e-03 -3.04400454e-03 -3.05359304e-04 3.09548113e-03 8.18146066e-01 2.52105544e+00 1.74374703e-02 2.74891060e-01
8.49187720e-04 -1.94245942e-03 -1.16027903e-03 2.07833318e-03 2.91166055e-04 3.51989043e-03 -2.43533897e-03 1.08945386e-03 2.73648335e-03 7.99652460e-01 2.45685392e+00 1.01085290e-02 2.76715225e-01
1.34110870e-03 -2.47443218e-03 -1.86573628e-03 2.96285986e-03 1.73711184e-03 2.80281935e-03 -3.14079221e-03 8.92978185e-04 3.21096006e-03 8.79182633e-01 2.56213069e+00 -9.38154046e-03 2.47464273e-01
1.07952245e-03 -2.14010084e-03 -1.39485686e-03 2.50147815e-03 1.10047761e-03 3.16859692e-03 -2.52965842e-03 7.40914255e-04 2.70667323e-03 8.09589761e-01 2.45001814e+00 -1.34016729e-02 2.66507190e-01
8.45044575e-04 -1.98913428e-03 -1.60860659e-03 2.78128114e-03 1.07640224e-03 3.32388992e-03 -3.03656631e-03 1.55452765e-03 3.28701174e-03 8.76601674e-01 2.60934120e+00 1.44887081e-02 2.58060244e-01
1.18436347e-03 -2.14760206e-03 -1.53495868e-03 2.74019088e-03 1.51651196e-03 3.05621159e-03 -2.80841271e-03 9.98828035e-04 2.93243029e-03 8.47430145e-01 2.56234185e+00 -8.11612380e-03 2.55532346e-01
9.11854803e-04 -2.05290902e-03 -1.34607899e-03 2.44814110e-03 6.37096735e-04 3.37780318e-03 -2.72014386e-03 1.19391638e-03 2.97775984e-03 8.36187114e-01 2.49092209e+00 8.58723174e-03 2.67504208e-01
4.80749540e-04 -1.43464348e-03 -1.43058812e-03 2.45718504e-03 7.14738581e-04 2.88603533e-03 -2.78693664e-03 1.72731958e-03 3.03593643e-03 8.26735944e-01 2.62572158e+00 4.43968788e-05 2.55122394e-01
1.42866040e-03 -2.40651594e-03 -1.52482933e-03 2.89217460e-03 1.58283731e-03 3.82624534e-03 -2.72972609e-03 5.40280752e-04 2.89662619e-03 8.56990753e-01 2.43301850e+00 1.02434541e-05 2.69651677e-01
1.20689025e-03 -2.14753550e-03 -1.13883708e-03 2.29858558e-03 7.18597434e-04 3.78562430e-03 -2.47070160e-03 8.19373302e-04 2.72457206e-03 8.09045189e-01 2.52192640e+00 1.86594249e-02 2.78553106e-01
1.20682621e-03 -2.17984673e-03 -1.60691846e-03 2.77680644e-03 1.36799558e-03 2.57133017e-03 -3.05545793e-03 1.10343530e-03 3.11642003e-03 8.69556482e-01 2.51951467e+00 -1.66463622e-02 2.42537788e-01
5.15029311e-04 -1.53636038e-03 -1.60308513e-03 2.56333938e-03 1.00930755e-03 2.92914821e-03 -2.86806609e-03 1.74371905e-03 3.09572869e-03 8.76395686e-01 2.49074213e+00 -9.28945707e-03 2.47718005e-01
1.47058388e-03 -2.42174668e-03 -1.38459411e-03 2.67907374e-03 1.04484422e-03 3.42672027e-03 -2.68508695e-03 2.85879211e-04 2.81637455e-03 8.03011521e-01 2.55602944e+00 9.99365536e-03 2.73378983e-01
1.38229578e-03 -2.30334335e-03 -1.51523979e-03 2.68391359e-03 1.30085302e-03 2.64383853e-03 -2.72156762e-03 3.17040409e-04 2.76068049e-03 8.45499360e-01 2.43203214e+00 9.60527326e-04 2.57115315e-01
4.78315786e-04 -1.49759441e-03 -1.55786873e-03 2.51971069e-03 9.11552915e-04 3.90744913e-03 -2.82793819e-03 1.94290397e-03 3.23065935e-03 8.38543537e-01 2.61863871e+00 -9.04654956e-04 2.66222838e-01
5.52935512e-04 -1.31966670e-03 -1.30426608e-03 2.26765597e-03 9.23028817e-04 2.69570391e-03 -2.51282306e-03 1.53771862e-03 2.72972326e-03 8.24929086e-01 2.48706973e+00 -1.23846023e-02 2.54454659e-01
1.53723510e-03 -2.71250503e-03 -1.65270819e-03 3.09491123e-03 1.37736024e-03 3.97586323e-03 -3.03627568e-03 5.16299021e-04 3.21503734e-03 8.60485482e-01 2.56686527e+00 1.33497533e-02 2.70152277e-01
1.06052845e-03 -2.01665403e-03 -1.46748752e-03 2.62145281e-03 1.25124388e-03 2.74410740e-03 -2.78438271e-03 1.07316939e-03 2.89663916e-03 8.44720467e-01 2.54013332e+00 -7.10378621e-03 2.52329953e-01
1.03582139e-03 -2.17122558e-03 -1.39629436e-03 2.57669530e-03 9.06021441e-04 3.71693492e-03 -2.73477886e-03 1.12613650e-03 3.00118116e-03 8.39138410e-01 2.51746912e+00 7.47078731e-03 2.70372387e-01
4.97604337e-04 -1.49827933e-03 -1.42103969e-03 2.28977653e-03 9.95753966e-04 3.32127961e-03 -2.44992590e-03 1.53745516e-03 2.75713324e-03 8.51403324e-01 2.45544276e+00 4.29706419e-03 2.65238617e-01
1.54065815e-03 -2.71814501e-03 -1.67346480e-03 3.02306537e-03 1.17642441e-03 3.03198106e-03 -3.18659786e-03 5.08469852e-04 3.28371743e-03 8.32822989e-01 2.60541226e+00 -4.14997847e-03 2.58863138e-01
1.32756707e-03 -2.22750271e-03 -1.25711278e-03 2.54436828e-03 1.03396938e-03 3.23977605e-03 -2.56187914e-03 5.20753708e-04 2.70656400e-03 8.32411493e-01 2.52458398e+00 2.46471603e-02 2.70395771e-01
7.59050300e-04 -1.87889726e-03 -1.65948928e-03 2.75213584e-03 1.17793395e-03 3.24720975e-03 -2.99585947e-03 1.61079254e-03 3.23326793e-03 8.49945966e-01 2.53300408e+00 -2.14546857e-02 2.53072059e-01
1.67417692e-03 -2.63938906e-03 -1.33906640e-03 2.80252146e-03 1.02762101e-03 4.14686092e-03 -2.85887782e-03 4.33019437e-04 3.05297941e-03 8.38182580e-01 2.48462950e+00 8.42212978e-03 2.77059672e-01
5.75359310e-04 -1.48694667e-03 -1.51155204e-03 2.36184283e-03 9.81394240e-04 2.27361836e-03 -2.69616155e-03 1.46093910e-03 2.80926098e-03 8.45595726e-01 2.57425872e+00 -7.97060981e-03 2.43946598e-01
1.35683156e-03 -2.35524936e-03 -1.53738185e-03 2.79671643e-03 1.38485561e-03 2.93792129e-03 -2.85550239e-03 6.39910355e-04 2.93971396e-03 8.57184893e-01 2.51124196e+00 4.13245334e-04 2.55894022e-01
6.68556952e-04 -1.76211055e-03 -1.44812285e-03 2.40662124e-03 8.01266644e-04 3.52755610e-03 -2.69151046e-03 1.53253720e-03 3.01671326e-03 8.26574144e-01 2.54175066e+00 -3.58554105e-04 2.67701046e-01
1.54639570e-03 -2.61425247e-03 -1.31335317e-03 2.71856641e-03 6.39345022e-04 3.42294576e-03 -2.95085349e-03 5.01013775e-04 3.12556606e-03 8.27635826e-01 2.61441061e+00 2.93401140e-02 2.72386327e-01
7.23664315e-04 -1.74940910e-03 -1.58859861e-03 2.54445449e-03 1.36321058e-03 2.95654126e-03 -2.68327845e-03 1.40709643e-03 2.87242011e-03 8.53447665e-01 2.45699826e+00 -2.49254888e-02 2.50902256e-01
1.52426763e-03 -2.67389375e-03 -1.29717470e-03 2.72356909e-03 4.08560128e-04 3.66896772e-03 -3.07145713e-03 6.86805775e-04 3.29339214e-03 8.20912703e-01 2.60322752e+00 1.87310586e-02 2.73508427e-01
8.14550831e-04 -1.73094723e-03 -1.52347655e-03 2.43562148e-03 1.47317397e-03 2.67452695e-03 -2.54733421e-03 1.21047794e-03 2.67893807e-03 8.59888077e-01 2.45247971e+00 -1.67534861e-02 2.49635021e-01
1.21573391e-03 -2.03047475e-03 -1.08789571e-03 2.21362613e-03 8.76542281e-04 3.29258412e-03 -2.23856419e-03 4.84918934e-04 2.41439133e-03 8.01348418e-01 2.37560378e+00 6.61794920e-03 2.76850245e-01
8.33316875e-04 -2.05258963e-03 -1.85607662e-03 3.02111439e-03 1.22476876e-03 3.01427973e-03 -3.37175935e-03 1.70841963e-03 3.54280907e-03 8.78683401e-01 2.67357363e+00 -6.23882819e-03 2.44940831e-01
9.11567608e-04 -1.88571745e-03 -1.31720012e-03 2.31866738e-03 1.09376505e-03 2.85664166e-03 -2.38164713e-03 9.01993345e-04 2.55227341e-03 8.30022922e-01 2.39838862e+00 -6.03580158e-03 2.62330419e-01
1.09169296e-03 -2.41167969e-03 -1.69213782e-03 2.98270105e-03 1.05440584e-03 3.64711454e-03 -3.23826609e-03 1.37168394e-03 3.50098500e-03 8.54398176e-01 2.67177490e+00 6.29300513e-03 2.62181735e-01
1.52044459e-03 -2.38172032e-03 -1.22781904e-03 2.50854478e-03 6.88723249e-04 3.14274886e-03 -2.58135323e-03 2.63831957e-05 2.67327524e-03 7.96534857e-01 2.35864814e+00 -5.02317590e-03 2.73413178e-01
7.17297617e-04 -1.39428771e-03 -1.59348236e-03 2.65063968e-03 1.46385525e-03 3.05231130e-03 -2.94880803e-03 1.85288144e-03 3.16369200e-03 8.86550338e-01 2.67295794e+00 5.20250449e-03 2.48773170e-01
1.32375102e-03 -2.08054983e-03 -1.12547730e-03 2.28938335e-03 8.79332188e-04 2.95185450e-03 -2.30592805e-03 2.36450082e-04 2.41410712e-03 8.07855627e-01 2.20689403e+00 -1.56267604e-02 2.71362735e-01
6.01273954e-04 -1.73749967e-03 -1.90072512e-03 3.01465340e-03 1.27519880e-03 3.37703404e-03 -3.37044150e-03 2.06727596e-03 3.62009975e-03 8.79062375e-01 2.89551494e+00 1.71139986e-02 2.50637636e-01
1.65099548e-03 -1.14078190e-04 -3.60692452e-04 2.28406132e-03 2.27616430e-03 2.85122008e-03 -2.47112892e-03 1.82027305e-03 2.60659275e-03 8.56496422e-01 2.67353987e+00 -2.22241304e-02 2.37038520e-01
1.72960197e-03 -2.23348636e-03 -1.36057037e-03 3.01844817e-03 1.05343935e-03 4.12810200e-03 -2.65702132e-03 -4.77487430e-04 2.67858175e-03 8.24174894e-01 2.37030153e+00 2.57159084e-02 2.82914175e-01
1.39685297e-03 -2.41408312e-03 -1.50811825e-03 2.66492421e-03 1.07282601e-03 2.61033489e-03 -2.79358357e-03 3.08675302e-04 2.84883237e-03 8.09689100e-01 2.47309492e+00 -1.43341218e-02 2.58320498e-01
6.18289725e-04 -1.52471966e-03 -1.49556151e-03 2.58230850e-03 1.18448827e-03 3.89163394e-03 -2.77773089e-03 1.86388571e-03 3.14211852e-03 8.76774314e-01 2.58843861e+00 1.55826844e-02 2.64988109e-01
1.02273563e-03 -2.06236295e-03 -1.32689990e-03 2.40907254e-03 1.01635814e-03 3.37832645e-03 -2.47199268e-03 8.79880542e-04 2.69263556e-03 7.98229849e-01 2.54318228e+00 -7.06184075e-04 2.71597128e-01
9.89431097e-04 -2.18371061e-03 -1.63823817e-03 2.82307891e-03 1.08457142e-03 2.98374405e-03 -3.07130627e-03 1.27460555e-03 3.23571978e-03 8.83572252e-01 2.49819467e+00 7.82121879e-04 2.51167753e-01
1.09089215e-03 -2.05713612e-03 -1.51498522e-03 2.57432317e-03 1.20848236e-03 2.40718599e-03 -2.84286952e-03 1.01982322e-03 2.91463318e-03 8.58883668e-01 2.43250616e+00 -2.03727302e-02 2.43924294e-01
1.27126245e-03 -2.32958142e-03 -1.27995923e-03 2.51466381e-03 8.36636278e-04 4.07002321e-03 -2.68744631e-03 9.18882435e-04 2.96637365e-03 8.21486257e-01 2.62254361e+00 2.33045856e-02 2.77822683e-01
1.26423768e-03 -2.39456839e-03 -1.68765264e-03 2.80679996e-03 1.44420323e-03 2.86697857e-03 -2.92716908e-03 7.60075505e-04 3.01793129e-03 8.43560918e-01 2.59221137e+00 -7.34114251e-03 2.53955975e-01
7.19141559e-04 -1.84304000e-03 -1.37627292e-03 2.34123396e-03 6.33530592e-04 3.48963556e-03 -2.64558109e-03 1.40137832e-03 2.95696370e-03 8.40371801e-01 2.46159645e+00 7.72721055e-03 2.69161363e-01
6.00752863e-04 -9.01863403e-04 -1.37533502e-03 2.65790521e-03 1.34776359e-03 3.55818843e-03 -2.93968201e-03 2.22237418e-03 3.27456431e-03 8.69720116e-01 2.64785153e+00 -6.91621281e-03 2.50691177e-01
1.39490915e-03 -2.26065007e-03 -1.46816384e-03 2.66907222e-03 1.14762289e-03 3.06357472e-03 -2.55478684e-03 -2.56353446e-05 2.61749098e-03 8.11520838e-01 2.40580644e+00 7.32982438e-03 2.70986708e-01
1.40429444e-03 -2.46421665e-03 -1.67070557e-03 2.83977185e-03 1.32281323e-03 2.56219714e-03 -2.99196396e-03 4.87400468e-04 3.02378591e-03 8.30770845e-01 2.56708631e+00 -1.04648333e-02 2.52072628e-01
5.69474473e-04 -1.60500256e-03 -1.42668630e-03 2.35994704e-03 8.63189145e-04 3.89479581e-03 -2.60302948e-03 1.67816720e-03 2.98478874e-03 8.54074308e-01 2.49696329e+00 1.11695982e-02 2.71255064e-01
8.64609305e-04 -1.94857468e-03 -1.68029075e-03 2.78170042e-03 1.33354263e-03 3.27286137e-03 -3.02053889e-03 1.57260659e-03 3.25342598e-03 8.53636955e-01 2.64215325e+00 -7.14571240e-03 2.55424269e-01
1.18132314e-03 -2.21505477e-03 -1.28909505e-03 2.45177187e-03 8.30301240e-04 3.11852227e-03 -2.54471071e-03 5.91643765e-04 2.70971911e-03 8.29495180e-01 2.41287801e+00 7.53670506e-03 2.68820707e-01
4.58996333e-04 -1.54560565e-03 -1.40846851e-03 2.25033888e-03 7.98419395e-04 3.04433615e-03 -2.44873733e-03 1.45384004e-03 2.72560223e-03 8.42838374e-01 2.36503707e+00 -1.00672852e-02 2.61103253e-01
1.52798874e-03 -2.72603687e-03 -1.73545920e-03 3.12302402e-03 1.41373771e-03 3.41843884e-03 -3.21016120e-03 6.68274824e-04 3.35354091e-03 8.41122632e-01 2.71859416e+00 1.07537449e-02 2.63440601e-01
1.60184790e-03 -2.47872665e-03 -1.46347556e-03 2.84613977e-03 1.01718805e-03 3.53612427e-03 -2.74115799e-03 -1.36501572e-04 2.81578698e-03 8.28997439e-01 2.38269153e+00 9.03972099e-03 2.74786724e-01
8.83182521e-04 -7.84017182e-04 -1.09152261e-03 2.44942907e-03 1.55614797e-03 3.03513781e-03 -2.69684206e-03 1.92636306e-03 2.91569669e-03 8.53969488e-01 2.66645463e+00 -8.50918257e-03 2.47521326e-01
6.36814337e-04 -1.23044238e-03 -1.46683717e-03 2.49873731e-03 1.48126467e-03 3.08158856e-03 -2.69389506e-03 1.79127999e-03 2.92610582e-03 8.87027336e-01 2.55572715e+00 -9.15340563e-04 2.50032446e-01
1.68317097e-03 -2.58311235e-03 -1.33082826e-03 2.74354224e-03 6.67617077e-04 3.11965135e-03 -2.85811008e-03 -5.69531011e-05 2.92987360e-03 7.93672686e-01 2.47682813e+00 1.01922060e-03 2.71730560e-01
8.61040848e-04 -1.83485318e-03 -1.71549088e-03 2.72182306e-03 1.47554052e-03 2.86277938e-03 -2.99573080e-03 1.53478127e-03 3.14691241e-03 8.65516394e-01 2.58465207e+00 -1.87778905e-02 2.45945129e-01
1.53111675e-03 -2.32585429e-03 -1.03516917e-03 2.39320503e-03 5.85546930e-04 3.39693883e-03 -2.54567326e-03 3.17827187e-04 2.69170685e-03 8.13510102e-01 2.44842253e+00 2.13078302e-02 2.76161785e-01
1.43824988e-03 -2.33858167e-03 -1.34183933e-03 2.62238587e-03 1.12455631e-03 3.62388498e-03 -2.54966888e-03 2.69799638e-04 2.69572860e-03 8.03861714e-01 2.51366748e+00 1.00414332e-02 2.76517492e-01
5.75016198e-04 -1.39424017e-03 -1.51521894e-03 2.65213818e-03 1.05172964e-03 2.86938286e-03 -2.95918528e-03 1.85187033e-03 3.15486446e-03 8.75670095e-01 2.53427537e+00 -9.33437624e-03 2.44127859e-01
9.36129914e-04 -1.78678002e-03 -1.31831577e-03 2.32957838e-03 1.44284944e-03 2.96609115e-03 -2.27507637e-03 9.14555847e-04 2.44193012e-03 8.28317232e-01 2.32072161e+00 -2.66920473e-02 2.61105102e-01
1.10079906e-03 -2.60937214e-03 -1.69569959e-03 3.05956769e-03 5.75146653e-04 3.72393749e-03 -3.46560820e-03 1.40474818e-03 3.75582392e-03 8.58962440e-01 2.78874173e+00 3.15590187e-02 2.64988432e-01
1.51693888e-03 -2.48897247e-03 -1.46628062e-03 2.89020495e-03 1.27802244e-03 3.81093189e-03 -2.76330567e-03 3.02098576e-04 2.91173233e-03 8.53518204e-01 2.58627717e+00 3.81682149e-02 2.74934693e-01
6.13698949e-04 -1.40135759e-03 -1.46096308e-03 2.52720330e-03 1.08710525e-03 2.96359461e-03 -2.81555890e-03 1.75720123e-03 3.05396743e-03 8.33204933e-01 2.50127074e+00 -3.12339965e-02 2.49285078e-01
1.62075602e-03 -2.56478229e-03 -1.85318271e-03 3.41046047e-03 1.24906116e-03 3.35439320e-03 -3.14226240e-03 -3.70959862e-04 3.15459588e-03 8.44106773e-01 2.52445426e+00 3.08064601e-02 2.69732081e-01
1.36496479e-03 -2.68911302e-04 -5.11388764e-04 2.18325073e-03 2.16668184e-03 3.56664772e-03 -2.26532486e-03 1.86367838e-03 2.59717866e-03 8.40373928e-01 2.56475619e+00 -2.60736092e-02 2.53565661e-01
7.27793807e-04 -7.33274245e-04 -1.01630337e-03 2.10886599e-03 1.39373850e-03 2.74158065e-03 -2.31103882e-03 1.66678298e-03 2.52955928e-03 8.29183553e-01 2.48510705e+00 -2.58653678e-02 2.49406265e-01
1.94600112e-03 -2.94401919e-03 -1.70465496e-03 3.36326903e-03 1.07021599e-03 3.85809776e-03 -3.30657245e-03 -2.53208583e-04 3.35775251e-03 8.57761489e-01 2.57995379e+00 3.04181172e-02 2.72336524e-01
4.86990784e-04 -1.20249700e-03 -1.34387422e-03 2.25313017e-03 8.73193886e-04 2.40869968e-03 -2.58000206e-03 1.60691341e-03 2.75821305e-03 8.28299681e-01 2.49065531e+00 -2.11449795e-02 2.45891514e-01
1.71047520e-03 -2.75630222e-03 -1.57186625e-03 3.10721440e-03 1.37755660e-03 4.33887886e-03 -2.99714264e-03 3.28860048e-04 3.17439364e-03 8.58098914e-01 2.58404016e+00 2.40928396e-02 2.76251076e-01
1.19732792e-03 -2.18992405e-03 -1.35905952e-03 2.52647104e-03 9.82907008e-04 2.75743290e-03 -2.68334609e-03 7.11680445e-04 2.79749101e-03 8.35277152e-01 2.36738508e+00 -1.63731123e-02 2.56739308e-01
9.18456559e-04 -2.01833128e-03 -1.54010016e-03 2.73240747e-03 1.23765569e-03 3.75036162e-03 -2.86810283e-03 1.46542329e-03 3.14811324e-03 8.49678799e-01 2.70636461e+00 1.81274214e-02 2.66342501e-01
1.50321252e-03 -2.70131582e-03 -1.84295317e-03 3.29079807e-03 1.82962718e-03 4.14854617e-03 -3.07741960e-03 5.66950028e-04 3.25297324e-03 8.72783186e-01 2.61804776e+00 1.53722166e-02 2.68742474e-01
3.28394487e-04 -1.17677168e-03 -1.30617866e-03 2.19425674e-03 6.21553942e-04 2.76743016e-03 -2.48703994e-03 1.66669205e-03 2.76174455e-03 8.13518360e-01 2.44272137e+00 -1.41457652e-02 2.57151764e-01
1.18117035e-03 -6.26606799e-04 -8.84684353e-04 2.31408763e-03 1.77559111e-03 2.52112254e-03 -2.61716243e-03 1.73622374e-03 2.70671537e-03 8.57163459e-01 2.65190655e+00 -2.08603214e-02 2.36437269e-01
1.91030075e-03 -2.51807168e-03 -1.28188750e-03 2.86309070e-03 7.31109023e-04 3.94377462e-03 -2.78134912e-03 -4.75180200e-04 2.81580885e-03 8.23552293e-01 2.39317652e+00 2.39267441e-02 2.82237344e-01
1.18486835e-03 -2.28360745e-03 -1.40657386e-03 2.69288102e-03 1.14071548e-03 4.08243746e-03 -2.75874386e-03 1.07902495e-03 3.04273807e-03 8.52294421e-01 2.67689507e+00 3.58739380e-02 2.74842359e-01
1.00005597e-03 -2.08285750e-03 -1.52738090e-03 2.62355738e-03 1.07834636e-03 2.60870088e-03 -2.84009978e-03 1.04715609e-03 2.96235119e-03 8.34014559e-01 2.41871837e+00 -2.96747840e-02 2.48913093e-01
7.50037210e-04 -9.82465121e-04 -1.29881649e-03 2.48520226e-03 1.38174440e-03 2.80670373e-03 -2.80882105e-03 1.89754346e-03 3.00923396e-03 8.49398783e-01 2.58838596e+00 -2.64662534e-02 2.42149535e-01
1.68575407e-03 -2.46782036e-03 -1.35783439e-03 2.81612085e-03 1.00691926e-03 3.78654301e-03 -2.69713463e-03 -1.36247918e-04 2.78407735e-03 8.32665632e-01 2.47431465e+00 3.14429296e-02 2.78839588e-01
2.22490061e-03 -3.11126002e-03 -1.27193876e-03 3.04248831e-03 6.23339910e-04 4.36311471e-03 -3.30072356e-03 7.11529008e-05 3.44841446e-03 8.50552418e-01 2.63890048e+00 3.81757290e-02 2.78992787e-01
6.27686794e-04 -1.31611839e-03 -1.38122569e-03 2.15529086e-03 1.17824652e-03 2.10786196e-03 -2.43541485e-03 1.33293891e-03 2.51985242e-03 8.35484070e-01 2.44953925e+00 -3.12204927e-02 2.40093798e-01
1.05258776e-03 -2.09833458e-03 -1.18242664e-03 2.26686837e-03 4.54556676e-04 2.86013288e-03 -2.53242880e-03 7.59742845e-04 2.71488525e-03 8.20035040e-01 2.35247521e+00 2.49307600e-03 2.67195630e-01
1.08222020e-03 -2.18958730e-03 -1.75491941e-03 2.92203988e-03 1.71365716e-03 3.43998840e-03 -3.02878150e-03 1.36255325e-03 3.21717064e-03 8.62951641e-01 2.70120161e+00 -2.38589832e-03 2.55973501e-01
1.75358017e-03 -2.35055652e-03 -1.27990422e-03 2.80509256e-03 8.51985444e-04 3.87112769e-03 -2.63430123e-03 -4.03123099e-04 2.67626952e-03 8.10101441e-01 2.37454991e+00 1.68855551e-02 2.82144522e-01
1.10168838e-03 -5.97291768e-04 -9.70670222e-04 2.38966017e-03 1.76954333e-03 2.66390695e-03 -2.70270468e-03 1.86398699e-03 2.84718428e-03 8.69041380e-01 2.65777535e+00 -1.52021388e-02 2.37756583e-01
7.88470955e-04 -1.73741543e-03 -1.20435909e-03 2.13208548e-03 8.75023059e-04 3.05738453e-03 -2.23693719e-03 1.00750249e-03 2.46565300e-03 8.06730594e-01 2.42463197e+00 1.42800777e-03 2.70300066e-01
1.40851275e-03 -2.59896527e-03 -1.71977482e-03 3.17365277e-03 1.34411078e-03 3.32098360e-03 -3.38013019e-03 1.08867684e-03 3.51848906e-03 8.75329722e-01 2.62036107e+00 -1.33506868e-03 2.52792768e-01
1.36614624e-03 -2.39740338e-03 -1.56967226e-03 2.77831198e-03 1.36302937e-03 2.94155024e-03 -2.87428190e-03 6.37516285e-04 2.97671093e-03 8.36877943e-01 2.51400865e+00 -9.39323523e-03 2.58053863e-01
5.92416556e-04 -1.76993430e-03 -1.48743651e-03 2.45983720e-03 7.80478141e-04 3.52234915e-03 -2.71453729e-03 1.57278364e-03 3.03542779e-03 8.47526191e-01 2.54775790e+00 9.97964649e-03 2.65829368e-01
6.49236102e-04 -7.66393689e-04 -1.01307149e-03 2.02381824e-03 1.23551058e-03 2.47734779e-03 -2.23520524e-03 1.55562594e-03 2.41235709e-03 8.33263638e-01 2.37364641e+00 -3.26133115e-02 2.45125931e-01
2.09904985e-03 -3.18674465e-03 -1.78783064e-03 3.52933740e-03 1.06331899e-03 4.23535996e-03 -3.51207899e-03 -2.49871273e-04 3.58987090e-03 8.53559575e-01 2.72431833e+00 4.02492932e-02 2.75144886e-01
1.52850233e-03 -2.34050115e-03 -1.57121217e-03 2.98507362e-03 1.13174602e-03 3.26018045e-03 -2.76638137e-03 -2.70511514e-04 2.80232873e-03 7.93641728e-01 2.42022692e+00 -1.55675916e-03 2.72668272e-01
1.21106339e-03 -3.97715832e-04 -7.43524480e-04 2.42778300e-03 1.99692408e-03 3.50934489e-03 -2.58363153e-03 2.04366528e-03 2.88218723e-03 8.87957268e-01 2.64197380e+00 1.64002707e-03 2.48872938e-01
1.14508171e-03 -1.99612042e-03 -1.17273884e-03 2.29941319e-03 9.82079382e-04 2.99771908e-03 -2.33777588e-03 6.11098708e-04 2.48941141e-03 7.84526938e-01 2.50017563e+00 -3.48214925e-04 2.70276842e-01
9.45106549e-04 -2.18209494e-03 -1.72495014e-03 2.96902962e-03 1.19599276e-03 3.41026905e-03 -3.20636203e-03 1.52533933e-03 3.42510405e-03 8.95485516e-01 2.53024919e+00 4.44309555e-04 2.52532972e-01
7.14094449e-04 -1.09079877e-03 -1.43225146e-03 2.83095978e-03 1.53169437e-03 3.84149104e-03 -3.05707660e-03 2.26171474e-03 3.39877021e-03 8.87231859e-01 2.70552657e+00 3.12492668e-03 2.52523248e-01
1.31313520e-03 -2.20604892e-03 -1.40223128e-03 2.51746589e-03 9.63827172e-04 2.76550869e-03 -2.48371116e-03 9.76140822e-06 2.55259443e-03 7.95014890e-01 2.35620372e+00 -3.01911038e-03 2.69904296e-01
4.25669796e-04 -1.01882256e-03 -1.24343620e-03 2.17693377e-03 8.60037966e-04 2.93209212e-03 -2.46004372e-03 1.74517726e-03 2.75095884e-03 8.33585521e-01 2.43354303e+00 -1.33250178e-02 2.56127684e-01
1.63520098e-03 -2.73705733e-03 -1.78464731e-03 3.22953531e-03 1.58657762e-03 3.75616654e-03 -3.09901836e-03 2.46668216e-04 3.20341845e-03 8.51318486e-01 2.62312907e+00 1.44737859e-02 2.67481211e-01
1.33273487e-03 -2.35810006e-03 -1.65355026e-03 2.65093274e-03 1.35718832e-03 2.35156191e-03 -2.80147950e-03 3.96918828e-04 2.82046040e-03 8.53174439e-01 2.41560748e+00 -1.05994561e-02 2.49521068e-01
6.05519426e-04 -1.69450817e-03 -1.45773198e-03 2.40596308e-03 6.79448428e-04 4.19464628e-03 -2.77140321e-03 1.79143194e-03 3.19789578e-03 8.29661919e-01 2.63041309e+00 1.13898538e-02 2.73722292e-01
7.57120654e-04 -1.87466838e-03 -1.56250628e-03 2.63358203e-03 1.10356673e-03 3.31307527e-03 -2.84061507e-03 1.50984378e-03 3.08810253e-03 8.79953627e-01 2.52285890e+00 8.39956390e-03 2.57802284e-01
1.21462612e-03 -2.29513958e-03 -1.42922545e-03 2.58800802e-03 9.95618309e-04 3.05216565e-03 -2.71006953e-03 6.69731839e-04 2.86086500e-03 8.04580159e-01 2.52673190e+00 -8.00933333e-03 2.65120435e-01
5.75289752e-04 -1.75017550e-03 -1.68955942e-03 2.89364913e-03 1.08122034e-03 3.97632862e-03 -3.12237168e-03 2.01616239e-03 3.48358509e-03 8.75477591e-01 2.74400451e+00 2.06044102e-02 2.61756140e-01
1.24737603e-03 -2.15239783e-03 -1.36184665e-03 2.46364007e-03 1.15394567e-03 2.71029963e-03 -2.50145926e-03 4.32354224e-04 2.60308331e-03 8.12080701e-01 2.34215993e+00 -1.84690378e-02 2.62515779e-01
1.13636839e-03 -2.17531944e-03 -1.58176894e-03 2.59542565e-03 1.39241580e-03 2.61915783e-03 -2.72041009e-03 7.87122462e-04 2.80103877e-03 8.63869811e-01 2.41796769e+00 -1.25699773e-02 2.49821874e-01
8.76210430e-04 -2.14942975e-03 -1.44442895e-03 2.47960714e-03 5.04128648e-04 3.79317048e-03 -2.84686243e-03 1.33591565e-03 3.17594329e-03 8.16996283e-01 2.62563731e+00 1.37137294e-02 2.73029936e-01
8.13196367e-04 -1.50823545e-03 -1.52361385e-03 2.60764494e-03 1.38544382e-03 2.75716976e-03 -2.91634003e-03 1.66890410e-03 3.05422845e-03 8.85089509e-01 2.63196866e+00 1.41979486e-03 2.44302059e-01
1.61693156e-03 -2.38303776e-03 -1.11498428e-03 2.49395510e-03 7.41482390e-04 3.45524951e-03 -2.58093641e-03 1.66405419e-04 2.70331062e-03 7.96758742e-01 2.40301589e+00 -1.34053319e-03 2.76181329e-01
7.41649427e-04 -1.19245832e-03 -1.48276406e-03 2.75123733e-03 1.49132708e-03 3.10256409e-03 -3.03395643e-03 2.02131110e-03 3.22990582e-03 8.73022589e-01 2.71795460e+00 -5.74799708e-03 2.44504788e-01
1.50325880e-03 -2.28050749e-03 -1.20915195e-03 2.48305087e-03 7.99053796e-04 3.24105139e-03 -2.48285989e-03 -6.94673352e-06 2.57268613e-03 8.08055507e-01 2.33480490e+00 6.06872761e-03 2.75952995e-01
1.24417060e-03 -2.35112706e-03 -1.59040807e-03 2.85383612e-03 1.17326721e-03 2.85899222e-03 -3.09911727e-03 1.01740918e-03 3.20626306e-03 8.48168866e-01 2.58733678e+00 -9.44975550e-03 2.50970604e-01
9.07601008e-04 -1.92951649e-03 -1.31002026e-03 2.34467840e-03 9.77105040e-04 3.49765417e-03 -2.46224940e-03 1.10917238e-03 2.72549824e-03 8.35314498e-01 2.46935254e+00 1.00735957e-02 2.71560242e-01
8.50603200e-04 -1.65931699e-03 -1.42976625e-03 2.47423998e-03 1.37972428e-03 2.61246218e-03 -2.62234754e-03 1.29443247e-03 2.73236547e-03 8.30521586e-01 2.56944534e+00 -2.06019146e-02 2.48178875e-01
1.56330790e-03 -2.58068948e-03 -1.27844529e-03 2.73449499e-03 7.44333075e-04 3.83270642e-03 -2.95305848e-03 6.78257082e-04 3.16562814e-03 8.55473367e-01 2.50566604e+00 2.34050515e-02 2.73632785e-01
2.09744082e-03 -2.70087925e-03 -1.09901147e-03 2.66460123e-03 5.37002132e-04 4.00247895e-03 -2.81011128e-03 -3.31741409e-04 2.88299951e-03 8.19648104e-01 2.42013352e+00 2.19046406e-02 2.83164935e-01
8.00042363e-04 -1.11757300e-03 -1.35588384e-03 2.33939156e-03 1.36604551e-03 2.13255979e-03 -2.73989567e-03 1.61056574e-03 2.78370963e-03 8.60524514e-01 2.63382263e+00 -1.92743477e-02 2.33404369e-01
5.17725658e-04 -1.12780581e-03 -1.35890982e-03 2.22739122e-03 1.02332580e-03 2.23444817e-03 -2.55443126e-03 1.57351904e-03 2.69313273e-03 8.35469386e-01 2.48640142e+00 -2.47437285e-02 2.41655532e-01
1.87891053e-03 -2.83862584e-03 -1.46095755e-03 3.07165783e-03 1.10243931e-03 4.48800526e-03 -3.02539237e-03 1.19767236e-04 3.18731694e-03 8.50051553e-01 2.58077588e+00 2.89311121e-02 2.80003831e-01
1.43184423e-03 -2.48308311e-03 -1.43402639e-03 2.79507562e-03 1.15040980e-03 3.71045360e-03 -2.86473714e-03 7.02093300e-04 3.05494333e-03 8.39550269e-01 2.63252428e+00 2.22195786e-02 2.71115537e-01
7.56274969e-04 -1.72559525e-03 -1.42511823e-03 2.46730474e-03 1.01711714e-03 2.79618912e-03 -2.69232560e-03 1.36948549e-03 2.86616041e-03 8.44111584e-01 2.43906507e+00 -1.96102910e-02 2.50936202e-01
1.00390404e-03 -2.17855135e-03 -1.61644337e-03 2.75453799e-03 1.29579550e-03 3.24428570e-03 -2.85738420e-03 1.13735967e-03 3.04382850e-03 8.64936300e-01 2.54691002e+00 3.40607137e-03 2.58475154e-01
9.21615775e-04 -2.08498097e-03 -1.42085519e-03 2.48100913e-03 7.90611174e-04 3.14618265e-03 -2.70633921e-03 1.09580382e-03 2.93310710e-03 8.18980724e-01 2.50901928e+00 -3.29942601e-03 2.65001468e-01
5.20284389e-04 -1.42434723e-03 -1.51305021e-03 2.53230072e-03 1.03010685e-03 4.03640583e-03 -2.81255709e-03 1.99667427e-03 3.23247947e-03 8.43012793e-01 2.68084013e+00 7.78639048e-03 2.67395709e-01
1.40855698e-03 -2.33360044e-03 -1.53247599e-03 2.70579858e-03 1.26664092e-03 2.58745285e-03 -2.74596801e-03 2.40222158e-04 2.78090128e-03 8.41088420e-01 2.37864254e+00 -7.40109080e-03 2.56506178e-01
1.21400383e-03 -2.42891296e-03 -1.65325750e-03 2.87810505e-03 1.27087533e-03 3.21151505e-03 -3.01493941e-03 9.48833150e-04 3.16917567e-03 8.74726109e-01 2.55324864e+00 7.53570196e-03 2.57144091e-01
7.69415560e-04 -1.86877893e-03 -1.38668766e-03 2.35011363e-03 8.29096229e-04 3.15933350e-03 -2.55900161e-03 1.22045385e-03 2.81002155e-03 8.09758768e-01 2.49896422e+00 -7.20971575e-03 2.66151138e-01
1.13032118e-03 -2.25228150e-03 -1.68708004e-03 2.79528515e-03 1.32083056e-03 2.68719469e-03 -3.02268903e-03 1.02846741e-03 3.10330148e-03 8.40907037e-01 2.65164142e+00 -9.55545313e-03 2.49184304e-01
9.77195053e-04 -1.99584223e-03 -1.24929670e-03 2.33698598e-03 7.73570576e-04 3.62416098e-03 -2.53140199e-03 1.10639024e-03 2.80688744e-03 8.43212394e-01 2.40881103e+00 1.01721863e-02 2.72947870e-01
2.00133242e-03 -2.84114042e-03 -1.25881097e-03 2.87813603e-03 6.53511345e-04 4.11081478e-03 -2.99909192e-03 -8.91641542e-05 3.11605765e-03 8.49923273e-01 2.48350964e+00 3.05429476e-02 2.80011754e-01
8.61149626e-04 -1.15152123e-03 -1.23261855e-03 2.29245772e-03 1.46985358e-03 2.36104977e-03 -2.55069501e-03 1.50526041e-03 2.64214509e-03 8.35650701e-01 2.56928405e+00 -2.59147193e-02 2.42103548e-01
9.43955479e-04 -1.91023117e-03 -1.65504108e-03 2.81340127e-03 1.30807922e-03 2.62704856e-03 -3.12727836e-03 1.48390952e-03 3.21044699e-03 8.59964038e-01 2.67698011e+00 -1.07477858e-02 2.41971848e-01
1.34743081e-03 -2.16554794e-03 -1.07736245e-03 2.31171232e-03 8.19280849e-04 3.66936966e-03 -2.40561489e-03 5.85482490e-04 2.61132037e-03 8.21898215e-01 2.38424083e+00 1.15861005e-02 2.78417827e-01
1.27306141e-03 -2.07202947e-03 -1.51687203e-03 2.61354795e-03 1.42305039e-03 2.11993079e-03 -2.91180796e-03 9.18245579e-04 2.89391979e-03 8.54215686e-01 2.53104677e+00 -2.06554615e-02 2.37900897e-01
1.28380732e-03 -2.30882497e-03 -1.18675830e-03 2.29719792e-03 5.90661377e-04 4.38271654e-03 -2.61088375e-03 9.59488857e-04 2.93679153e-03 8.27250454e-01 2.52919414e+00 2.36364865e-02 2.83004918e-01
1.38823766e-03 -2.39966110e-03 -1.56670969e-03 2.81911175e-03 1.33460310e-03 2.83534361e-03 -2.90869479e-03 5.84434430e-04 2.99022785e-03 8.53395845e-01 2.44945459e+00 -7.85790862e-03 2.55303229e-01
5.42767365e-04 -1.73833183e-03 -1.51639078e-03 2.43816111e-03 8.18153948e-04 3.65414108e-03 -2.67464063e-03 1.60538720e-03 3.02138266e-03 8.29700296e-01 2.60684061e+00 8.31649634e-03 2.68817841e-01
6.62324078e-04 -8.98983857e-04 -1.25625268e-03 2.31181346e-03 1.36680040e-03 2.50431041e-03 -2.59049078e-03 1.74189362e-03 2.73774023e-03 8.42734315e-01 2.61880598e+00 -2.15759154e-02 2.40842145e-01
1.98185880e-03 -2.79477729e-03 -1.40860906e-03 3.01969599e-03 8.20255779e-04 3.86905964e-03 -3.04099410e-03 -2.73984346e-04 3.11481504e-03 8.41183019e-01 2.46413019e+00 2.47526187e-02 2.78256115e-01
1.37325049e-03 -2.62342927e-03 -1.85515011e-03 3.05409331e-03 1.45861324e-03 2.91105401e-03 -3.27490087e-03 8.58331465e-04 3.35127864e-03 8.71428749e-01 2.60375498e+00 -6.42262664e-03 2.48715737e-01
7.28096803e-04 -1.73623308e-03 -1.20767693e-03 2.10986578e-03 6.16153895e-04 3.35162241e-03 -2.33770918e-03 1.17940037e-03 2.62357735e-03 8.09702571e-01 2.43347189e+00 6.79485022e-03 2.73562934e-01
1.69369310e-03 -2.76996450e-03 -1.35510457e-03 2.85885174e-03 6.75217447e-04 3.76756112e-03 -3.08385971e-03 4.44717658e-04 3.25569732e-03 8.47926321e-01 2.56230906e+00 2.54688925e-02 2.72950162e-01
7.91929412e-04 -1.48737540e-03 -1.35805937e-03 2.36442972e-03 1.37141884e-03 2.63551342e-03 -2.52360406e-03 1.36859319e-03 2.65529776e-03 8.37095898e-01 2.50459932e+00 -2.21520210e-02 2.48705633e-01
1.36981710e-03 -2.54527079e-03 -1.70989090e-03 3.02387112e-03 1.47201445e-03 3.38684963e-03 -3.13566453e-03 9.22247556e-04 3.27986209e-03 8.66559888e-01 2.62479665e+00 3.68377140e-03 2.57730509e-01
6.86770335e-04 -1.69604908e-03 -1.27373482e-03 2.23444106e-03 7.25073445e-04 3.04009492e-03 -2.43568129e-03 1.23984438e-03 2.67814550e-03 8.17350329e-01 2.42578382e+00 -3.56797324e-03 2.65417200e-01
4.18686399e-04 -1.19602937e-03 -1.56071769e-03 2.62949812e-03 1.04817946e-03 3.25258402e-03 -2.95051894e-03 2.07398062e-03 3.24767059e-03 8.61120859e-01 2.59855295e+00 -1.17139313e-02 2.49411080e-01
1.45540635e-03 -2.30625182e-03 -1.41181903e-03 2.70032919e-03 1.21562303e-03 3.27655163e-03 -2.59636862e-03 1.33789374e-04 2.68741609e-03 8.20386706e-01 2.45937667e+00 1.27040891e-02 2.72000122e-01
8.92688258e-04 -1.80277907e-03 -1.55539739e-03 2.42475545e-03 1.45310994e-03 2.43616146e-03 -2.62368332e-03 1.14802967e-03 2.70892538e-03 8.44836973e-01 2.47577489e+00 -2.93960750e-02 2.44319024e-01
1.67264738e-03 -2.70864841e-03 -1.18010232e-03 2.63684488e-03 3.33997873e-04 3.92025160e-03 -3.02973141e-03 6.10307863e-04 3.25259350e-03 8.38393980e-01 2.59445476e+00 3.55884972e-02 2.76839364e-01
1.72543946e-03 -2.63956799e-03 -1.45405202e-03 2.91979172e-03 1.08844515e-03 3.95529228e-03 -2.85770505e-03 3.36398480e-05 2.97843567e-03 8.47518754e-01 2.43181692e+00 1.65600903e-02 2.77027677e-01
5.97986516e-04 -1.04684958e-03 -1.31864350e-03 2.36516474e-03 1.13415091e-03 2.54530289e-03 -2.69350472e-03 1.76781986e-03 2.85744462e-03 8.37141474e-01 2.63861315e+00 -1.50708331e-02 2.43424572e-01
1.86584110e-03 -2.75890114e-03 -1.56021341e-03 3.14776691e-03 7.65661630e-04 3.62577834e-03 -3.10321636e-03 -4.27412570e-04 3.15432796e-03 8.30669900e-01 2.48528867e+00 2.73725475e-02 2.77447200e-01
8.46962681e-04 -6.78078242e-04 -1.07852679e-03 2.32501108e-03 1.68070180e-03 2.82876468e-03 -2.52877058e-03 1.82573806e-03 2.72751981e-03 8.51200069e-01 2.60609011e+00 -2.34958274e-02 2.43151063e-01
1.04362183e-03 -7.32639154e-04 -1.08661136e-03 2.64366766e-03 1.73914326e-03 2.85099191e-03 -2.93141440e-03 2.02638164e-03 3.04432007e-03 8.74170376e-01 2.76901783e+00 -8.24131038e-03 2.36635093e-01
1.64980133e-03 -2.29968327e-03 -1.20700857e-03 2.56012015e-03 7.60686369e-04 3.50494982e-03 -2.50614635e-03 -2.69328065e-04 2.56655696e-03 8.05992815e-01 2.29923861e+00 8.80843467e-03 2.80642360e-01
8.67963692e-04 -1.20522346e-03 -1.48149158e-03 2.61703642e-03 1.66129614e-03 2.90215813e-03 -2.94315637e-03 1.86796596e-03 3.11452317e-03 8.65443040e-01 2.73133523e+00 -1.12105674e-02 2.44339080e-01
1.67692897e-03 -2.38220822e-03 -1.14170841e-03 2.52015337e-03 5.77865273e-04 3.25127637e-03 -2.57761593e-03 -2.12670234e-04 2.63718107e-03 8.15443915e-01 2.30961573e+00 1.21404563e-02 2.77177291e-01
1.38925784e-03 -2.15083431e-03 -1.34897419e-03 2.57291270e-03 8.62066261e-04 3.04865194e-03 -2.44766984e-03 -2.32395238e-04 2.48899616e-03 8.02628602e-01 2.24339294e+00 -3.33862228e-03 2.74252547e-01
1.09667664e-03 -6.73698971e-04 -1.11460074e-03 2.69917519e-03 1.93094792e-03 3.49300007e-03 -2.96943655e-03 2.20319115e-03 3.24014304e-03 8.80394221e-01 2.81843943e+00 3.44802651e-03 2.47158760e-01
7.59169982e-04 -1.95852410e-03 -1.67198704e-03 2.74285631e-03 1.01418990e-03 2.92330792e-03 -3.03701225e-03 1.50255932e-03 3.23106271e-03 8.66533830e-01 2.54284116e+00 -5.77601914e-03 2.50321546e-01
1.23586650e-03 -2.18668005e-03 -1.28668806e-03 2.50588454e-03 1.11392333e-03 3.50784476e-03 -2.51391035e-03 6.92656088e-04 2.70956762e-03 8.15410258e-01 2.51103279e+00 6.08134005e-03 2.72729475e-01
8.42109478e-04 -2.01759098e-03 -1.64435929e-03 2.73555409e-03 1.36100482e-03 3.54214991e-03 -2.84293969e-03 1.44242785e-03 3.10383628e-03 8.69609909e-01 2.57640884e+00 3.91644235e-03 2.60829454e-01
1.14212006e-03 -2.24390653e-03 -1.37065414e-03 2.52387178e-03 7.81642623e-04 2.86051383e-03 -2.72659039e-03 7.60723005e-04 2.88587270e-03 8.14215087e-01 2.48391099e+00 -3.79222509e-03 2.63187842e-01
1.31931686e-03 -2.30073101e-03 -1.53468425e-03 2.68981951e-03 1.43051500e-03 2.98556718e-03 -2.69109381e-03 5.15725124e-04 2.78672726e-03 8.52200753e-01 2.46396124e+00 3.32368727e-03 2.60774446e-01
4.43815729e-04 -1.66231959e-03 -1.58888528e-03 2.52699134e-03 6.48920632e-04 3.50288806e-03 -2.87716456e-03 1.79495067e-03 3.21966269e-03 8.31952113e-01 2.58556723e+00 -3.21625939e-03 2.62701398e-01
5.94216571e-04 -1.25869195e-03 -1.27614743e-03 2.10443417e-03 1.30869739e-03 2.61025491e-03 -2.20960771e-03 1.34381097e-03 2.39895277e-03 8.33239556e-01 2.41561316e+00 -1.97402025e-02 2.54645024e-01
2.00077623e-03 -3.20486420e-03 -1.59096246e-03 3.38055133e-03 7.57919501e-04 3.83802368e-03 -3.59941334e-03 2.61779161e-04 3.74125519e-03 8.52337677e-01 2.66984461e+00 2.23173549e-02 2.69750220e-01
2.06520821e-03 -2.84671288e-03 -1.31366595e-03 2.95268063e-03 6.09515202e-04 3.82984979e-03 -3.05844822e-03 -3.45340862e-04 3.11486836e-03 8.34711128e-01 2.51167728e+00 3.06485131e-02 2.78177507e-01
7.53155268e-04 -1.01319070e-03 -1.26347001e-03 2.25117660e-03 1.43572202e-03 2.46095490e-03 -2.53729129e-03 1.61317788e-03 2.67049998e-03 8.47835607e-01 2.53563071e+00 -2.59090380e-02 2.41735210e-01
1.10854853e-03 -2.11325057e-03 -1.58252958e-03 2.63855092e-03 1.57224422e-03 2.95161852e-03 -2.70253134e-03 9.60512314e-04 2.82883491e-03 8.49683446e-01 2.46976083e+00 -2.00640004e-02 2.53629906e-01
1.00070334e-03 -2.25199820e-03 -1.36872605e-03 2.50855097e-03 3.92255918e-04 3.47373925e-03 -2.88687568e-03 1.15839713e-03 3.15999078e-03 8.32847962e-01 2.58514498e+00 2.28386401e-02 2.70006529e-01
1.11697659e-03 -2.20189871e-03 -1.57489259e-03 2.74030775e-03 1.27704649e-03 3.03489203e-03 -2.92284614e-03 1.10353465e-03 3.07305174e-03 8.82769695e-01 2.44939434e+00 -3.38245643e-03 2.52888521e-01
1.02799699e-03 -2.07422105e-03 -1.29249109e-03 2.43053856e-03 8.35523309e-04 3.32380224e-03 -2.57461357e-03 9.54629389e-04 2.79423598e-03 7.97628817e-01 2.58024811e+00 3.57025583e-03 2.70026023e-01
6.79185823e-04 -1.72279376e-03 -1.72371725e-03 2.65969133e-03 1.08561800e-03 2.39585928e-03 -3.07453428e-03 1.60398729e-03 3.18499486e-03 8.71372804e-01 2.68268194e+00 1.15720883e-03 2.41357272e-01
1.48756341e-03 -2.30439396e-03 -1.14076420e-03 2.45369087e-03 9.33612967e-04 3.89248266e-03 -2.47659753e-03 4.15072126e-04 2.66799165e-03 8.11708750e-01 2.38072463e+00 -1.09210123e-03 2.79995782e-01
1.55137160e-03 -2.48130924e-03 -1.76029603e-03 3.19505884e-03 1.61460540e-03 3.74458509e-03 -2.89265079e-03 -1.65130186e-05 2.96434131e-03 8.35202177e-01 2.48924400e+00 7.49666704e-03 2.70849404e-01
7.07788605e-04 -4.12951047e-04 -9.04735083e-04 2.28471828e-03 1.33172707e-03 3.24218635e-03 -2.50660442e-03 2.04453761e-03 2.82314783e-03 8.48402316e-01 2.57247309e+00 -7.12097740e-03 2.51252785e-01
1.05104535e-03 -2.17549543e-03 -1.49856820e-03 2.70762187e-03 1.13569227e-03 3.32990810e-03 -2.84468101e-03 1.14150786e-03 3.04784503e-03 8.79883880e-01 2.42834645e+00 1.16278070e-03 2.58837534e-01
9.93764746e-04 -2.11055042e-03 -1.45458140e-03 2.52418806e-03 9.95405699e-04 3.06150547e-03 -2.68435954e-03 9.86824822e-04 2.87633980e-03 8.02451942e-01 2.61992749e+00 -1.09088571e-03 2.65041117e-01
1.61322272e-03 -2.63782749e-03 -1.48274380e-03 2.88966203e-03 9.91139089e-04 3.29801662e-03 -2.94528273e-03 1.90149864e-04 3.06183182e-03 8.17588111e-01 2.57817975e+00 1.50010702e-02 2.71041651e-01
4.81769340e-04 -1.37453652e-03 -1.53463785e-03 2.48911861e-03 1.20577270e-03 3.14945802e-03 -2.68444381e-03 1.77055324e-03 2.95963804e-03 8.63168546e-01 2.49717725e+00 -1.36618939e-02 2.52870606e-01
6.77563674e-04 -9.54379685e-04 -1.23528374e-03 2.36683288e-03 1.31917812e-03 2.65134602e-03 -2.62370179e-03 1.76821241e-03 2.78959590e-03 8.52990148e-01 2.62136722e+00 -5.98251623e-03 2.45569105e-01
1.74420340e-03 -2.64612347e-03 -1.42949471e-03 2.90401182e-03 9.83998327e-04 3.82262389e-03 -2.86601363e-03 -4.69222582e-05 2.96952330e-03 8.30331168e-01 2.42352566e+00 6.27221637e-03 2.76166565e-01
6.44541518e-04 -9.11989351e-04 -1.23271553e-03 2.48153331e-03 1.29135733e-03 2.94874493e-03 -2.72161020e-03 1.93435156e-03 2.93501693e-03 8.67911275e-01 2.51836618e+00 -1.53474359e-02 2.44219842e-01
1.62024908e-03 -2.46536587e-03 -1.43541225e-03 2.86267122e-03 1.13043356e-03 3.67346692e-03 -2.73705443e-03 -2.28714444e-05 2.82786779e-03 8.11439165e-01 2.53121288e+00 1.70555984e-02 2.76038046e-01
9.48891448e-04 -1.90831647e-03 -1.37611895e-03 2.49967027e-03 1.13470645e-03 2.87517878e-03 -2.62181472e-03 1.09745283e-03 2.77514903e-03 8.23167010e-01 2.48118830e+00 -1.84730324e-02 2.55968523e-01
1.09749689e-03 -2.33342720e-03 -1.55689382e-03 2.76036555e-03 1.01166217e-03 3.61462051e-03 -2.94457029e-03 1.12898475e-03 3.19023701e-03 8.63425004e-01 2.58729174e+00 2.06627644e-02 2.66916322e-01
8.46063562e-04 -1.95413409e-03 -1.48133746e-03 2.49626987e-03 9.57537927e-04 2.72171736e-03 -2.70768472e-03 1.13563474e-03 2.87972496e-03 8.37299051e-01 2.36724025e+00 -2.48536285e-02 2.53384077e-01
1.23326943e-03 -2.41299882e-03 -1.52906776e-03 2.83994539e-03 1.24132271e-03 3.89604768e-03 -2.89039486e-03 1.00409465e-03 3.13736304e-03 8.47841890e-01 2.72401805e+00 2.90946924e-02 2.71014511e-01
1.70830783e-03 -2.90251900e-03 -1.66610738e-03 3.26830515e-03 1.28304274e-03 4.08008641e-03 -3.32940371e-03 6.34858499e-04 3.52809579e-03 8.57559045e-01 2.73067000e+00 2.78836072e-02 2.71009987e-01
5.41451563e-04 -1.35060794e-03 -1.27393145e-03 2.22583463e-03 9.99485745e-04 2.64654238e-03 -2.36721228e-03 1.40642148e-03 2.55569120e-03 8.29116228e-01 2.37661622e+00 -2.40086239e-02 2.52051676e-01
7.58605738e-04 -1.79253379e-03 -1.67925837e-03 2.72071370e-03 1.33391565e-03 2.95893972e-03 -2.96077974e-03 1.58070830e-03 3.13075921e-03 8.51506500e-01 2.67012984e+00 -1.00394166e-02 2.49301427e-01
1.37929786e-03 -2.29468108e-03 -1.19034036e-03 2.46478308e-03 7.56895800e-04 3.31345576e-03 -2.59502579e-03 4.94915249e-04 2.75688035e-03 8.31573883e-01 2.38756097e+00 1.07492145e-02 2.72410122e-01
1.04422219e-03 -2.09269021e-03 -1.50679508e-03 2.59079788e-03 1.42699704e-03 3.17961625e-03 -2.55989945e-03 8.62904846e-04 2.73051803e-03 8.45916000e-01 2.44673800e+00 -6.21490527e-03 2.62562467e-01
7.95312323e-04 -2.03901939e-03 -1.52908766e-03 2.71649982e-03 7.10088407e-04 3.40050095e-03 -3.01573112e-03 1.51155048e-03 3.29654956e-03 8.37892087e-01 2.61956847e+00 6.50955545e-03 2.62691699e-01
3.43183085e-04 -1.29455430e-03 -1.24915106e-03 2.00559639e-03 4.86304601e-04 3.06878110e-03 -2.30395250e-03 1.52317827e-03 2.62316306e-03 8.06188030e-01 2.37252223e+00 -1.09744396e-02 2.66620221e-01
1.59401017e-03 -2.90112245e-03 -2.06203945e-03 3.36159875e-03 1.78970739e-03 3.40619281e-03 -3.41108036e-03 5.58255288e-04 3.49848509e-03 8.79300189e-01 2.68888669e+00 1.16931768e-02 2.57225502e-01
1.05773768e-03 -2.08990160e-03 -1.18673450e-03 2.25234129e-03 5.10024041e-04 3.44284052e-03 -2.54575341e-03 9.51645955e-04 2.80344689e-03 7.95325011e-01 2.48484854e+00 2.50519987e-03 2.74469611e-01
1.09315592e-03 -2.26690993e-03 -1.76182451e-03 2.81171664e-03 1.46242554e-03 2.79622555e-03 -3.00610489e-03 1.07225005e-03 3.10448055e-03 8.85096593e-01 2.54770927e+00 -2.35929314e-03 2.47417637e-01
4.74254115e-04 -1.40320032e-03 -1.33355736e-03 2.18020810e-03 7.31307903e-04 2.54859611e-03 -2.45343983e-03 1.43319714e-03 2.67281063e-03 8.04229187e-01 2.49972372e+00 -1.16774695e-02 2.56852115e-01
1.60211672e-03 -2.75316441e-03 -1.68521284e-03 3.21755994e-03 1.59596100e-03 4.21281327e-03 -3.11319823e-03 6.27333247e-04 3.30744203e-03 8.81468813e-01 2.54887265e+00 1.24874322e-02 2.69005842e-01
7.03459066e-04 -2.13430424e-03 -1.86575842e-03 2.98331359e-03 9.63859046e-04 3.39632379e-03 -3.32629561e-03 1.74593451e-03 3.58105749e-03 8.84162790e-01 2.63395269e+00 3.25201932e-03 2.52135944e-01
1.13723465e-03 -1.95819457e-03 -1.18842892e-03 2.29644557e-03 1.08585681e-03 2.99022619e-03 -2.28861222e-03 5.78498887e-04 2.43338570e-03 7.98443430e-01 2.41466719e+00 -3.14523163e-03 2.69965241e-01
1.50495227e-03 -2.50673797e-03 -1.46962237e-03 2.74177250e-03 8.80702013e-04 3.06880991e-03 -2.78797356e-03 3.70997321e-05 2.86291779e-03 8.25412866e-01 2.38110654e+00 -3.38121639e-04 2.68070711e-01
6.58891700e-04 -1.15625762e-03 -1.39609825e-03 2.54583962e-03 1.42556062e-03 3.32015490e-03 -2.75233834e-03 1.91597105e-03 3.02442374e-03 8.58306197e-01 2.67142769e+00 3.92743290e-04 2.54602420e-01
1.92577383e-03 -2.75802098e-03 -1.39714458e-03 3.00778993e-03 8.07938534e-04 3.84964059e-03 -3.01188636e-03 -2.41107160e-04 3.08072861e-03 8.42467851e-01 2.45007735e+00 2.06389677e-02 2.76834978e-01
8.04424735e-04 -8.80601173e-04 -1.13707665e-03 2.27150669e-03 1.49747472e-03 2.58823408e-03 -2.50558421e-03 1.67412235e-03 2.65243008e-03 8.41650415e-01 2.59328188e+00 -1.83739192e-02 2.44788191e-01
1.80090214e-03 -2.81618981e-03 -1.51363832e-03 3.04806758e-03 1.10314215e-03 4.02336113e-03 -3.06751967e-03 1.95073308e-04 3.21283237e-03 8.60444379e-01 2.50456738e+00 2.11390106e-02 2.74755971e-01
5.92516263e-04 -1.11163530e-03 -1.24891726e-03 2.31254495e-03 1.14378761e-03 2.55740817e-03 -2.52935937e-03 1.63080677e-03 2.68247857e-03 8.25921318e-01 2.57409278e+00 -1.88419827e-02 2.46154464e-01
5.38497837e-04 -7.57658007e-04 -1.08479618e-03 2.12210635e-03 1.19623519e-03 2.68093603e-03 -2.30517536e-03 1.68644155e-03 2.52170890e-03 8.39525259e-01 2.43168341e+00 -2.03227841e-02 2.48706209e-01
1.90643833e-03 -2.97672546e-03 -1.75936653e-03 3.40128528e-03 1.21299943e-03 3.98189119e-03 -3.33696303e-03 -7.65771782e-05 3.42280521e-03 8.44982097e-01 2.64103531e+00 2.31032480e-02 2.72557627e-01
1.24151003e-03 -2.29438141e-03 -1.28894122e-03 2.51007072e-03 8.96197113e-04 3.95415138e-03 -2.63304722e-03 8.66368813e-04 2.89721681e-03 8.34336804e-01 2.56000224e+00 2.47586440e-02 2.77170045e-01
9.38083277e-04 -2.07386148e-03 -1.64702897e-03 2.64335108e-03 1.12753216e-03 2.48248038e-03 -2.94493077e-03 1.17895803e-03 3.05022280e-03 8.48370628e-01 2.50674559e+00 -2.15489475e-02 2.44900350e-01
1.07568607e-03 -1.00035990e-03 -1.33994424e-03 2.83718352e-03 1.97234188e-03 3.35247754e-03 -3.10812007e-03 2.13446276e-03 3.32533234e-03 8.64482892e-01 2.87921014e+00 -4.68246441e-03 2.46683517e-01
1.46612875e-03 -2.15862828e-03 -1.15555776e-03 2.39258599e-03 6.86841709e-04 3.06558300e-03 -2.35294381e-03 -2.11343578e-04 2.41059341e-03 8.17946685e-01 2.18514036e+00 4.90438788e-03 2.77213444e-01
1.28822415e-03 -5.89535765e-04 -8.22811946e-04 2.30113952e-03 2.07246064e-03 2.98263450e-03 -2.50065067e-03 1.75948050e-03 2.67654644e-03 8.49116437e-01 2.64674990e+00 -2.73471510e-02 2.43486476e-01
1.84051361e-03 -2.61778119e-03 -1.47994057e-03 3.01338033e-03 5.34806083e-04 3.31993598e-03 -3.00645136e-03 -6.28518970e-04 2.99650699e-03 8.32968491e-01 2.41167191e+00 3.26841346e-02 2.76138024e-01
1.17140680e-03 -7.77880792e-04 -1.18808673e-03 2.78890699e-03 2.02339481e-03 3.47204220e-03 -3.08648446e-03 2.21600126e-03 3.34793750e-03 8.87437208e-01 2.79586817e+00 -2.32032032e-03 2.45004670e-01
1.39995861e-03 -2.05799349e-03 -1.21131151e-03 2.44257528e-03 7.98055665e-04 3.06838587e-03 -2.31069962e-03 -2.61314287e-04 2.35351286e-03 7.92635353e-01 2.24617849e+00 2.47028198e-03 2.77353959e-01
1.16669372e-03 -1.45949385e-04 -4.26023421e-04 1.96639377e-03 1.69847448e-03 2.63976235e-03 -2.12710045e-03 1.65544608e-03 2.31248471e-03 8.41122700e-01 2.44098375e+00 -2.82759710e-02 2.40915184e-01
1.92126056e-03 -2.76475379e-03 -1.85605482e-03 3.69330735e-03 1.49454379e-03 4.58497137e-03 -3.28366436e-03 -3.83227228e-04 3.33007098e-03 8.43200375e-01 2.64417387e+00 3.39267980e-02 2.77846976e-01
8.54977277e-04 -1.79748431e-03 -1.66163889e-03 2.79404794e-03 1.48620642e-03 3.38241373e-03 -3.02013818e-03 1.70631773e-03 3.25126965e-03 8.63091207e-01 2.59604153e+00 -1.80008741e-02 2.51801783e-01
1.41313425e-03 -2.26592180e-03 -1.15240756e-03 2.40792295e-03 6.99777588e-04 2.95739000e-03 -2.52484570e-03 2.66077023e-04 2.63144517e-03 8.16727233e-01 2.44105474e+00 2.03074556e-02 2.70889524e-01
7.26393296e-04 -1.75149340e-03 -1.55443428e-03 2.69472205e-03 1.23296096e-03 3.24162782e-03 -2.85493907e-03 1.60100767e-03 3.07995126e-03 8.75890858e-01 2.58758415e+00 7.46803433e-03 2.54830592e-01
1.33115616e-03 -2.32274289e-03 -1.33480246e-03 2.57543074e-03 9.64815418e-04 3.18365723e-03 -2.68896489e-03 5.92161416e-04 2.84696230e-03 8.08535396e-01 2.47255997e+00 -7.14785339e-03 2.67951799e-01
4.69686413e-04 -1.20456354e-03 -1.30290616e-03 2.22785791e-03 9.51104763e-04 2.76226040e-03 -2.44771241e-03 1.59385732e-03 2.67496387e-03 8.19789782e-01 2.52532881e+00 -1.03869211e-02 2.55532965e-01
1.65829732e-03 -2.81633795e-03 -1.68332533e-03 3.14770242e-03 1.29088734e-03 3.78754311e-03 -3.14778485e-03 3.46247828e-04 3.28313582e-03 8.65479866e-01 2.52562977e+00 1.10556903e-02 2.67698639e-01
1.60551030e-03 -2.40557282e-03 -1.30687544e-03 2.70409917e-03 9.20402881e-04 3.62519469e-03 -2.62252022e-03 -7.33992082e-05 2.71691401e-03 8.16553234e-01 2.34909904e+00 2.34765050e-03 2.77640962e-01
8.68720048e-04 -9.67953266e-04 -1.23008061e-03 2.54123261e-03 1.55505608e-03 2.88626104e-03 -2.80755275e-03 1.89226655e-03 2.98760952e-03 8.66197624e-01 2.69524867e+00 -2.24145784e-03 2.45460032e-01
1.34517720e-03 -2.36591929e-03 -1.53927489e-03 2.65362017e-03 1.01899005e-03 2.71048174e-03 -2.68072018e-03 7.75987726e-05 2.73208671e-03 8.17823385e-01 2.38627466e+00 -5.55853932e-03 2.62976438e-01
6.00099857e-04 -1.21459950e-03 -1.48750595e-03 2.60627113e-03 1.31405079e-03 3.81297252e-03 -2.87225596e-03 2.08308624e-03 3.24984594e-03 8.66493890e-01 2.66832308e+00 5.77215344e-03 2.60256804e-01
9.75557743e-04 -2.07989639e-03 -1.62586800e-03 2.83796856e-03 1.32612408e-03 3.39949821e-03 -3.00475872e-03 1.42798205e-03 3.22320561e-03 8.73554600e-01 2.63973367e+00 1.27772899e-02 2.58577013e-01
1.01255902e-03 -2.10442034e-03 -1.34359043e-03 2.42032759e-03 8.41901021e-04 3.02362080e-03 -2.55581407e-03 8.22431331e-04 2.73720760e-03 8.12184848e-01 2.41942843e+00 -1.19159571e-02 2.64853044e-01
1.13147439e-03 -2.08440657e-03 -1.30087779e-03 2.49579981e-03 1.08607075e-03 3.19066041e-03 -2.54474612e-03 8.13742823e-04 2.71777851e-03 8.11302052e-01 2.46810903e+00 -9.72322810e-03 2.66073305e-01
8.92207119e-04 -2.00613016e-03 -1.57350719e-03 2.77242553e-03 1.13247777e-03 3.28492610e-03 -2.97870472e-03 1.45873385e-03 3.19592738e-03 8.73866707e-01 2.58718064e+00 1.02971577e-02 2.56937552e-01
1.13281236e-03 -2.39847235e-03 -1.67405648e-03 2.85004561e-03 1.06617263e-03 2.89489940e-03 -3.10170867e-03 1.03138350e-03 3.24912045e-03 8.44351936e-01 2.52911379e+00 -1.59372890e-02 2.52631804e-01
8.66211631e-04 -1.96081912e-03 -1.38872894e-03 2.42751797e-03 1.04572872e-03 3.51375256e-03 -2.50569067e-03 1.13212971e-03 2.77074293e-03 8.39356208e-01 2.53589265e+00 1.76410905e-02 2.71205121e-01
1.45902173e-03 -2.34624777e-03 -1.29538156e-03 2.62822468e-03 1.03282761e-03 3.49026516e-03 -2.59677487e-03 2.92695956e-04 2.73279983e-03 8.21822484e-01 2.46984184e+00 1.36833285e-02 2.74163434e-01
6.96397278e-04 -1.45221929e-03 -1.49352623e-03 2.64518971e-03 1.23122418e-03 3.00936002e-03 -2.91504261e-03 1.79014855e-03 3.12411857e-03 8.59759331e-01 2.58195386e+00 -1.25594578e-02 2.48268580e-01
6.23637915e-04 -9.22101537e-04 -1.22459254e-03 2.47296153e-03 1.21746059e-03 3.40031479e-03 -2.72089013e-03 2.02924733e-03 3.05247470e-03 8.61883598e-01 2.55908806e+00 -9.35393083e-04 2.55733364e-01
1.42855187e-03 -2.36859555e-03 -1.57345441e-03 2.89901807e-03 1.44128127e-03 3.44163290e-03 -2.69717799e-03 1.57271301e-04 2.79111986e-03 8.21437259e-01 2.48424148e+00 1.00406123e-03 2.69525961e-01
5.17215272e-04 -1.11350593e-03 -1.18600669e-03 2.11728490e-03 1.01243342e-03 2.63809446e-03 -2.29840664e-03 1.49929274e-03 2.50217615e-03 8.27794556e-01 2.33323476e+00 -2.93107937e-02 2.51615728e-01
1.86265273e-03 -3.01653898e-03 -1.72510732e-03 3.39171270e-03 1.30440565e-03 4.08149954e-03 -3.39256127e-03 2.99036377e-04 3.52320344e-03 8.59988659e-01 2.76428066e+00 3.52820126e-02 2.70512844e-01
6.51282228e-04 -1.52219374e-03 -1.48932006e-03 2.29749412e-03 1.15555815e-03 2.27637216e-03 -2.57439782e-03 1.33774732e-03 2.67792928e-03 8.38948099e-01 2.48136778e+00 -2.63281314e-02 2.42707523e-01
1.89738889e-03 -2.82584595e-03 -1.25360484e-03 2.86714282e-03 7.42986692e-04 4.15820968e-03 -3.07426725e-03 3.71526055e-04 3.25586242e-03 8.45871797e-01 2.59664115e+00 3.11481124e-02 2.77308740e-01
6.41215347e-04 -1.65789732e-03 -1.43193299e-03 2.32427675e-03 9.82107767e-04 2.89538776e-03 -2.52524453e-03 1.34781064e-03 2.76204989e-03 8.14359898e-01 2.52983045e+00 -7.77481724e-03 2.61720160e-01
1.41180782e-03 -2.55021912e-03 -1.54701820e-03 2.99622626e-03 1.24095084e-03 3.62238865e-03 -3.02841094e-03 7.59183679e-04 3.19978044e-03 8.70371378e-01 2.51813512e+00 8.15311423e-03 2.63567446e-01
7.54019712e-04 -5.67917091e-04 -9.15032677e-04 2.26405142e-03 1.49491652e-03 3.20972801e-03 -2.38657372e-03 1.89741767e-03 2.67082639e-03 8.69370905e-01 2.45661524e+00 -9.90198638e-03 2.51134844e-01
1.68125748e-03 -2.72861244e-03 -1.79673755e-03 3.27291129e-03 1.29469598e-03 3.54965506e-03 -3.12226987e-03 -1.43671845e-04 3.19181549e-03 8.11149669e-01 2.61658873e+00 1.06589653e-02 2.71600357e-01
7.72874985e-04 -1.88739376e-03 -1.46541854e-03 2.51497065e-03 1.03364293e-03 3.44948801e-03 -2.67119673e-03 1.37975574e-03 2.94418151e-03 8.35904321e-01 2.60654885e+00 8.85859591e-03 2.65888754e-01
1.31119559e-03 -2.34904105e-03 -1.48054957e-03 2.75421577e-03 1.17046616e-03 3.00919610e-03 -2.89101594e-03 7.75633136e-04 3.02234865e-03 8.47688080e-01 2.45646704e+00 -8.36174512e-03 2.58085224e-01
7.29536667e-04 -1.78524506e-03 -1.29695336e-03 2.22071420e-03 8.36890147e-04 2.81491320e-03 -2.33467632e-03 1.00467970e-03 2.53579270e-03 8.31660369e-01 2.23440114e+00 -2.37799058e-02 2.60819770e-01
1.28913620e-03 -2.65436096e-03 -1.85364658e-03 3.23598514e-03 1.41596914e-03 3.81190042e-03 -3.38483172e-03 1.22135084e-03 3.62094551e-03 8.54529958e-01 2.89390449e+00 2.75938053e-02 2.65073575e-01
8.17075758e-04 -1.34734630e-03 -1.34526840e-03 2.30341367e-03 1.40778980e-03 2.45205935e-03 -2.55690260e-03 1.43268999e-03 2.67678512e-03 8.35913361e-01 2.51338017e+00 -2.83432344e-02 2.45157365e-01
1.91155293e-03 -2.86455561e-03 -1.28501923e-03 2.86628167e-03 6.17071171e-04 3.97544719e-03 -3.03952170e-03 7.74586155e-05 3.17870057e-03 8.49775946e-01 2.54106889e+00 3.39696576e-02 2.77551678e-01
8.92606215e-04 -6.02490999e-04 -9.68929073e-04 2.32409126e-03 1.60537282e-03 3.26463233e-03 -2.53624961e-03 1.94171945e-03 2.82801834e-03 8.47908141e-01 2.56553454e+00 -1.74146144e-02 2.51380263e-01
1.58732622e-03 -2.51352281e-03 -1.64082401e-03 3.05339859e-03 1.19318666e-03 3.46761327e-03 -2.87990889e-03 -1.85832047e-04 2.92767609e-03 8.35157414e-01 2.48248660e+00 1.94782031e-02 2.71496227e-01
1.21261353e-03 -2.08554230e-03 -1.36163160e-03 2.46082648e-03 1.15748013e-03 2.43749113e-03 -2.55989881e-03 5.41791376e-04 2.61739610e-03 8.13092022e-01 2.42396745e+00 -1.67912306e-02 2.55243089e-01
6.86047794e-04 -2.00073801e-03 -1.70175086e-03 2.77117288e-03 9.79854548e-04 4.19234171e-03 -3.04225773e-03 1.80288365e-03 3.43386005e-03 8.73923179e-01 2.64802773e+00 1.85419955e-02 2.68022299e-01
4.89699192e-04 -9.81852169e-04 -1.23419592e-03 2.27896356e-03 1.05133192e-03 2.93368431e-03 -2.50489824e-03 1.78310593e-03 2.75960947e-03 8.31716706e-01 2.43317676e+00 -2.73669998e-02 2.51168666e-01
1.66822971e-03 -2.75491018e-03 -1.72705385e-03 3.20840991e-03 1.37590555e-03 3.80107488e-03 -3.10380332e-03 1.49789266e-04 3.20791886e-03 8.54879358e-01 2.65454061e+00 3.25391460e-02 2.70985673e-01
1.28807483e-03 -2.39187500e-03 -1.46647113e-03 2.75950990e-03 1.10170345e-03 3.53308517e-03 -2.89162596e-03 9.03813934e-04 3.10584622e-03 8.44880981e-01 2.58574692e+00 1.49054705e-02 2.68331979e-01
7.39830368e-04 -1.89623595e-03 -1.52405362e-03 2.51149811e-03 1.02481227e-03 2.91416631e-03 -2.69191150e-03 1.27993054e-03 2.89026291e-03 8.39450234e-01 2.48513648e+00 -1.36727716e-02 2.55165895e-01
8.06664572e-04 -1.04252428e-03 -1.31965553e-03 2.58684796e-03 1.63733544e-03 3.28982647e-03 -2.79157131e-03 1.95565795e-03 3.03550708e-03 8.59567961e-01 2.63230939e+00 -1.63773050e-02 2.49171149e-01
1.57644204e-03 -2.43995887e-03 -1.35511666e-03 2.68687641e-03 7.55065381e-04 3.10517343e-03 -2.70968020e-03 -1.38277037e-04 2.76446787e-03 8.21372162e-01 2.41125016e+00 1.82653685e-02 2.72505677e-01
4.31105339e-04 -1.31243926e-03 -1.38688946e-03 2.27799290e-03 9.42115195e-04 2.98255746e-03 -2.49093227e-03 1.63443111e-03 2.76254890e-03 8.49268257e-01 2.48630361e+00 3.11300910e-04 2.57737652e-01
1.59808088e-03 -2.76645834e-03 -1.69524176e-03 3.09149608e-03 1.26316658e-03 3.46404775e-03 -3.14055015e-03 3.81773502e-04 3.26716013e-03 8.34712107e-01 2.57542371e+00 -2.59236730e-04 2.65735031e-01
1.14885087e-03 -2.11315287e-03 -1.12715303e-03 2.27180442e-03 5.55003221e-04 3.44865281e-03 -2.51875212e-03 8.50598686e-04 2.75188133e-03 8.09923335e-01 2.45808268e+00 1.02224386e-02 2.74447199e-01
1.06469198e-03 -2.21680930e-03 -1.76323300e-03 2.80158324e-03 1.44977078e-03 2.79769122e-03 -3.03274139e-03 1.16497939e-03 3.13695750e-03 8.70502874e-01 2.57963446e+00 -9.51329556e-03 2.47267271e-01
1.76510323e-03 -2.74487203e-03 -1.66980782e-03 3.17497773e-03 1.13409520e-03 3.53532995e-03 -3.10601851e-03 -1.62595191e-04 3.15880087e-03 8.33518420e-01 2.62159416e+00 2.93058127e-02 2.71683185e-01
6.74413371e-04 -8.40871343e-04 -1.13272608e-03 2.27076254e-03 1.35154639e-03 3.05379958e-03 -2.48108933e-03 1.81350462e-03 2.74454404e-03 8.48827593e-01 2.45543186e+00 -2.49315397e-02 2.49927965e-01
9.05005361e-04 -2.11886024e-03 -1.36695171e-03 2.54796357e-03 4.31300508e-04 3.32641706e-03 -2.89943875e-03 1.27866220e-03 3.16559655e-03 8.02071085e-01 2.65222580e+00 7.59708318e-03 2.67238008e-01
1.11938749e-03 -2.11079739e-03 -1.53742840e-03 2.63415408e-03 1.60792038e-03 3.16396264e-03 -2.61098411e-03 8.98728432e-04 2.76436849e-03 8.77811948e-01 2.38059074e+00 -7.13651908e-03 2.57966611e-01
5.00946506e-04 -1.34357245e-03 -1.35958045e-03 2.34699096e-03 8.49926057e-04 3.26130836e-03 -2.61784756e-03 1.73221782e-03 2.92370202e-03 8.09968065e-01 2.59965947e+00 -8.02515210e-03 2.62027880e-01
1.50459602e-03 -2.52939934e-03 -1.61539882e-03 2.94832702e-03 1.44408199e-03 3.30930889e-03 -2.91335878e-03 3.89124923e-04 3.00906033e-03 8.74750528e-01 2.44329765e+00 8.42088725e-03 2.61973591e-01
1.21019156e-03 -2.29108016e-03 -1.56558984e-03 2.77463180e-03 1.23503174e-03 2.87819733e-03 -2.96904713e-03 9.64721121e-04 3.07784839e-03 8.50497040e-01 2.63040696e+00 3.84897377e-03 2.54040313e-01
8.52778848e-04 -1.97593295e-03 -1.39829837e-03 2.41079104e-03 8.81899179e-04 3.46515916e-03 -2.59109220e-03 1.19482476e-03 2.86159103e-03 8.33686620e-01 2.43286127e+00 -3.72039694e-03 2.68607168e-01
1.38652374e-03 -6.05010861e-04 -8.53598640e-04 2.45528034e-03 2.15075242e-03 2.83921865e-03 -2.70166177e-03 1.82709572e-03 2.79927204e-03 8.77683750e-01 2.74867759e+00 -1.17291585e-02 2.37566577e-01
1.86101904e-03 -2.41116904e-03 -1.20666371e-03 2.71101059e-03 4.52505933e-04 3.29893159e-03 -2.72238871e-03 -6.30184484e-04 2.71353082e-03 8.00619198e-01 2.30333008e+00 1.27995111e-02 2.79856659e-01
1.06304310e-03 -2.09646048e-03 -1.57990894e-03 2.69324057e-03 1.52612073e-03 3.23333536e-03 -2.76693505e-03 1.13899131e-03 2.94229061e-03 8.47777783e-01 2.46325005e+00 -2.52975875e-02 2.55625299e-01
1.11948731e-03 -2.29286659e-03 -1.32857678e-03 2.52221284e-03 5.31184368e-04 3.19410521e-03 -2.81021300e-03 9.10990096e-04 3.01815729e-03 8.34827506e-01 2.59431509e+00 2.97984202e-02 2.68124971e-01
1.71631808e-03 -2.42586127e-03 -1.09806021e-03 2.47152813e-03 4.50173602e-04 3.10374033e-03 -2.60330553e-03 -2.20484792e-04 2.67836725e-03 7.87723468e-01 2.32453459e+00 3.45332430e-03 2.78591446e-01
9.04353940e-04 -1.31441589e-03 -1.53239952e-03 2.73188354e-03 1.79561593e-03 3.00274281e-03 -3.00196232e-03 1.88109796e-03 3.16364132e-03 8.91306739e-01 2.74666108e+00 -3.24916543e-03 2.42412200e-01
7.34517348e-04 -8.17365594e-04 -1.12277208e-03 2.27662951e-03 1.57966553e-03 2.76574398e-03 -2.41635370e-03 1.71300674e-03 2.60115357e-03 8.53302834e-01 2.50724608e+00 -2.39813752e-02 2.45075245e-01
2.04463239e-03 -2.96903282e-03 -1.52272480e-03 3.21583469e-03 7.26050683e-04 3.71836911e-03 -3.27265777e-03 -3.54153055e-04 3.33773521e-03 8.27951060e-01 2.58345658e+00 2.80486733e-02 2.76508276e-01
2.45104262e-04 -1.17110683e-03 -1.30732109e-03 2.07895663e-03 5.31731611e-04 3.04218706e-03 -2.37203066e-03 1.66253141e-03 2.69698855e-03 8.23852082e-01 2.39601999e+00 -5.61355421e-03 2.63126078e-01
1.68488530e-03 -2.81307792e-03 -1.91583130e-03 3.34938031e-03 1.85897512e-03 3.57951102e-03 -3.29039299e-03 4.56777239e-04 3.38193000e-03 8.60555634e-01 2.66734541e+00 5.83530201e-03 2.60934921e-01
1.78388141e-03 -2.61585319e-03 -1.52604705e-03 3.10322362e-03 1.19728573e-03 4.12733637e-03 -2.90333638e-03 -1.75758171e-04 2.98897134e-03 8.34785492e-01 2.51317140e+00 2.31062156e-02 2.78509495e-01
7.19875293e-04 -6.75469003e-04 -1.07646569e-03 2.26777186e-03 1.32748781e-03 2.62133933e-03 -2.55512639e-03 1.82587716e-03 2.74641722e-03 8.48071998e-01 2.54326173e+00 -2.02797763e-02 2.42136262e-01
6.94031916e-04 -1.29753994e-03 -1.50926617e-03 2.77317952e-03 1.40887360e-03 4.15363525e-03 -3.02843997e-03 2.20162743e-03 3.43015075e-03 8.63623096e-01 2.78421922e+00 1.09896642e-02 2.62039340e-01
1.33307278e-03 -2.17771466e-03 -1.37541057e-03 2.50213433e-03 1.04902467e-03 2.54502904e-03 -2.50938978e-03 9.79679724e-05 2.54653835e-03 8.21587443e-01 2.28485421e+00 -1.03252894e-02 2.61276288e-01
6.69175575e-04 -1.66742835e-03 -1.62573387e-03 2.78404642e-03 1.34419258e-03 3.82999786e-03 -2.95741845e-03 1.89492228e-03 3.28927132e-03 8.67934217e-01 2.75488974e+00 1.71486412e-02 2.61889267e-01
1.31542259e-03 -2.32124392e-03 -1.40336195e-03 2.56266033e-03 9.39131293e-04 2.71048679e-03 -2.66151438e-03 3.41379708e-04 2.75987817e-03 8.18478241e-01 2.33365497e+00 -1.56246220e-02 2.62344054e-01
7.82858925e-04 -1.72692463e-03 -1.31547439e-03 2.27249996e-03 9.84370731e-04 2.65882156e-03 -2.41606154e-03 1.07588275e-03 2.57794928e-03 8.34684034e-01 2.26857029e+00 -2.84791019e-02 2.54484207e-01
1.38584486e-03 -2.69404120e-03 -1.66490652e-03 3.08577882e-03 1.15622500e-03 3.94477190e-03 -3.23623225e-03 1.00673625e-03 3.46685498e-03 8.51332033e-01 2.83780388e+00 3.41501701e-02 2.68595814e-01
1.37727391e-03 -2.27489015e-03 -1.21190565e-03 2.50357896e-03 9.34760780e-04 3.42861497e-03 -2.55125130e-03 4.94530933e-04 2.71602871e-03 8.09986780e-01 2.42363817e+00 -3.55479346e-03 2.72580044e-01
8.14707695e-04 -1.71032827e-03 -1.55672104e-03 2.70599410e-03 1.29535621e-03 2.97836361e-03 -2.94855446e-03 1.61626342e-03 3.12980450e-03 8.73570110e-01 2.62303560e+00 3.67035894e-03 2.50407388e-01
8.15231656e-04 -1.85578765e-03 -1.50153051e-03 2.50754905e-03 1.27229589e-03 3.15828590e-03 -2.62349640e-03 1.29605193e-03 2.84109106e-03 8.32481171e-01 2.63020068e+00 3.07173641e-03 2.61874559e-01
1.26484645e-03 -2.46908643e-03 -1.49166272e-03 2.74717536e-03 8.29062114e-04 3.15442921e-03 -2.96189356e-03 7.71458046e-04 3.12795337e-03 8.51217039e-01 2.43152876e+00 -2.95934234e-03 2.61591827e-01
1.11223267e-03 -2.07668670e-03 -1.24189774e-03 2.32098499e-03 8.13357022e-04 2.80592003e-03 -2.43910054e-03 5.98072964e-04 2.59682615e-03 7.97985761e-01 2.38819590e+00 -6.82240612e-03 2.68205965e-01
8.72798994e-04 -2.06918529e-03 -1.74688820e-03 2.98911238e-03 1.41368547e-03 3.67597184e-03 -3.15117685e-03 1.67990875e-03 3.41232651e-03 8.85828495e-01 2.67302765e+00 7.11217866e-03 2.56008375e-01
1.40552966e-03 -2.19037410e-03 -1.23818638e-03 2.48647184e-03 1.03017118e-03 3.46036749e-03 -2.36807391e-03 9.05950357e-05 2.48716308e-03 8.16191358e-01 2.35847898e+00 1.32778478e-02 2.78320808e-01
7.18604323e-04 -1.27591171e-03 -1.53509369e-03 2.78528748e-03 1.31486482e-03 3.08580354e-03 -3.15196863e-03 2.06003606e-03 3.37834679e-03 8.64639460e-01 2.69884182e+00 -1.21935461e-02 2.44273059e-01
6.16188870e-04 -1.32473017e-03 -1.42074195e-03 2.45640982e-03 1.28164663e-03 3.25780288e-03 -2.65476843e-03 1.75539574e-03 2.92753952e-03 8.82818080e-01 2.47725321e+00 -1.31894873e-03 2.54672312e-01
1.52062633e-03 -2.57541976e-03 -1.50275930e-03 2.79108176e-03 8.90774269e-04 3.04570062e-03 -2.88522796e-03 1.38361040e-04 2.97037698e-03 7.98315831e-01 2.55781868e+00 1.42527847e-03 2.67937355e-01
1.26366776e-03 -2.25100280e-03 -1.39518144e-03 2.57828602e-03 1.13353626e-03 2.99876483e-03 -2.64971110e-03 6.07544042e-04 2.77607503e-03 8.32120851e-01 2.38948597e+00 -1.29362061e-02 2.61671841e-01
7.31111177e-04 -1.88303410e-03 -1.58679614e-03 2.66540750e-03 1.00714564e-03 3.45770912e-03 -2.92313731e-03 1.60664320e-03 3.20128207e-03 8.52877026e-01 2.67713745e+00 1.40127721e-02 2.61695071e-01
6.22407253e-04 -9.38308246e-04 -1.26055608e-03 2.41450964e-03 1.31666260e-03 3.70305723e-03 -2.64576198e-03 2.02676866e-03 3.02172452e-03 8.59471773e-01 2.58535731e+00 7.82859478e-04 2.60534359e-01
1.42507958e-03 -2.51591818e-03 -1.71815855e-03 2.88332627e-03 1.16513845e-03 2.86677997e-03 -2.87603054e-03 1.38069744e-05 2.91728162e-03 8.24246379e-01 2.46514657e+00 -7.26591951e-04 2.62714442e-01
1.74235217e-03 -2.32947586e-03 -1.49032327e-03 3.20474006e-03 1.19599039e-03 4.33579460e-03 -2.79060521e-03 -4.30744128e-04 2.82378089e-03 8.31338992e-01 2.41907933e+00 2.56946973e-02 2.82116825e-01
1.49693791e-03 -1.38360065e-04 -4.15708264e-04 2.16136422e-03 2.05234351e-03 2.69296632e-03 -2.39031837e-03 1.75123857e-03 2.54119315e-03 8.50770145e-01 2.62966835e+00 -2.22439373e-02 2.37579461e-01
6.94372494e-04 -1.63194051e-03 -1.32657547e-03 2.31584588e-03 1.11529310e-03 3.35219582e-03 -2.39727402e-03 1.35243936e-03 2.67149541e-03 8.35734788e-01 2.47918295e+00 2.22105908e-03 2.67282434e-01
1.37161628e-03 -2.66360290e-03 -1.70578307e-03 3.01368744e-03 1.07222870e-03 3.04368808e-03 -3.22925345e-03 7.61731942e-04 3.36102692e-03 8.48142064e-01 2.58562866e+00 -2.13807227e-03 2.56973086e-01
9.33064705e-04 -2.15489762e-03 -1.72892994e-03 2.79382258e-03 1.35357614e-03 3.03918207e-03 -2.95313481e-03 1.24094694e-03 3.11525853e-03 8.53423170e-01 2.65882878e+00 -1.10840019e-03 2.53941716e-01
1.04625742e-03 -2.13833636e-03 -1.31224037e-03 2.41604162e-03 7.24860185e-04 3.27174389e-03 -2.62964465e-03 9.43383359e-04 2.86434654e-03 8.30319718e-01 2.40627887e+00 1.17323978e-03 2.69409136e-01
1.42618135e-03 -2.24448690e-03 -1.34435943e-03 2.57396035e-03 9.74775080e-04 2.99181309e-03 -2.51413547e-03 -3.80949449e-05 2.57395004e-03 8.03447551e-01 2.37943567e+00 3.35797672e-03 2.71183172e-01
7.93769575e-04 -1.02092348e-03 -1.32876157e-03 2.71818334e-03 1.56221929e-03 3.58038977e-03 -2.95063358e-03 2.14193206e-03 3.24543861e-03 8.77739341e-01 2.66488115e+00 -3.19071264e-03 2.50851521e-01
9.66413441e-04 -2.07079717e-03 -1.30170370e-03 2.47730661e-03 7.06852590e-04 3.45912879e-03 -2.68167969e-03 1.13457623e-03 2.93275184e-03 8.24712993e-01 2.50407602e+00 2.97898165e-03 2.68288949e-01
1.12379237e-03 -2.12080816e-03 -1.56780906e-03 2.71860360e-03 1.46768685e-03 2.98735508e-03 -2.82699261e-03 1.06046467e-03 2.96563988e-03 8.58536033e-01 2.54073871e+00 -2.86045222e-03 2.55583083e-01
5.41651072e-04 -1.46342720e-03 -1.66367832e-03 2.68031947e-03 1.13240561e-03 2.97145508e-03 -3.02237785e-03 1.88921643e-03 3.24171151e-03 8.61634898e-01 2.66569673e+00 -6.81561296e-03 2.47252890e-01
1.46740513e-03 -2.33129373e-03 -1.27158885e-03 2.54705483e-03 9.68484391e-04 3.36400510e-03 -2.54725597e-03 2.14140032e-04 2.67095744e-03 8.20693053e-01 2.39156660e+00 7.19668680e-03 2.74057765e-01
1.67139234e-03 -2.39067736e-03 -9.80722929e-04 2.34012050e-03 5.84928816e-04 3.74084134e-03 -2.50770909e-03 2.21926038e-04 2.66772810e-03 8.41856060e-01 2.35054531e+00 2.88941611e-02 2.81318826e-01
1.02660634e-03 -1.70208912e-03 -1.57259979e-03 2.68951491e-03 1.54320425e-03 2.51001952e-03 -3.03492580e-03 1.51903892e-03 3.09525771e-03 8.42165788e-01 2.71486954e+00 -2.46748228e-02 2.39987817e-01
6.49151073e-04 -1.45271914e-03 -1.35680073e-03 2.31135010e-03 1.06561261e-03 2.61016657e-03 -2.53818345e-03 1.43013685e-03 2.70219771e-03 8.32891929e-01 2.42619142e+00 -2.76014014e-02 2.48446746e-01
1.66868361e-03 -2.79083265e-03 -1.51598563e-03 3.00909783e-03 1.05059165e-03 3.95325425e-03 -3.10095788e-03 4.74051591e-04 3.27843664e-03 8.53460781e-01 2.66145992e+00 3.28817682e-02 2.73007816e-01
5.87241389e-04 -8.14904805e-04 -1.16882033e-03 2.15774080e-03 1.13096121e-03 2.24158533e-03 -2.47204410e-03 1.65178673e-03 2.61396271e-03 8.22095762e-01 2.55556814e+00 -2.51980736e-02 2.41366314e-01
1.95139903e-03 -2.83991943e-03 -1.54501329e-03 3.25222743e-03 1.23774438e-03 4.66878277e-03 -3.07599883e-03 -8.24353129e-05 3.20450758e-03 8.66035850e-01 2.51451356e+00 2.94431507e-02 2.80927322e-01
1.41867873e-03 -2.33094311e-03 -1.42374753e-03 2.74188051e-03 1.32263480e-03 3.42232935e-03 -2.63560598e-03 3.46700442e-04 2.75825615e-03 8.17643267e-01 2.48336566e+00 -1.12714688e-03 2.69901912e-01
4.42709045e-04 -1.41074081e-03 -1.58375688e-03 2.55974174e-03 9.10268525e-04 3.12293104e-03 -2.89700723e-03 1.88541410e-03 3.18570888e-03 8.65814651e-01 2.56668731e+00 1.18914469e-03 2.53583356e-01
1.39267195e-03 -2.19058841e-03 -1.09316823e-03 2.30696809e-03 7.61528604e-04 3.23356825e-03 -2.39510354e-03 3.28271335e-04 2.53867237e-03 8.20746648e-01 2.24884396e+00 -4.13869806e-03 2.74595020e-01
9.07674275e-04 -1.76570717e-03 -1.65721885e-03 2.87019758e-03 1.45023313e-03 2.97862179e-03 -3.17442481e-03 1.72796006e-03 3.31049548e-03 8.63379454e-01 2.83493525e+00 4.27808922e-03 2.46791025e-01
1.28044528e-03 -2.47467533e-03 -1.81632885e-03 3.08018734e-03 1.48812174e-03 3.13353181e-03 -3.33829564e-03 1.22081859e-03 3.46255871e-03 8.77834926e-01 2.63749554e+00 -6.99901582e-03 2.48598672e-01
9.28698255e-04 -1.89064905e-03 -1.12999005e-03 2.10524015e-03 6.33670090e-04 3.13005431e-03 -2.26931025e-03 8.26371270e-04 2.48975686e-03 8.02089151e-01 2.39716308e+00 7.44606790e-03 2.73772611e-01
1.19250284e-03 -2.45422345e-03 -1.68567342e-03 3.05755926e-03 1.12538484e-03 3.36800479e-03 -3.28823536e-03 1.24136108e-03 3.47794831e-03 8.63219458e-01 2.60207791e+00 -3.21893759e-03 2.55579483e-01
8.50339618e-04 -1.83774294e-03 -1.29251707e-03 2.26240046e-03 1.03977806e-03 3.04880995e-03 -2.31953460e-03 9.62770098e-04 2.52821258e-03 8.19601485e-01 2.45189254e+00 3.35893152e-03 2.68045779e-01
5.73199086e-04 -1.62385153e-03 -1.57501542e-03 2.49500661e-03 9.20102179e-04 2.51617238e-03 -2.82736600e-03 1.54418128e-03 2.99844121e-03 8.14590020e-01 2.62654207e+00 -2.06230829e-02 2.48248758e-01
1.44109340e-03 -2.47961174e-03 -1.41881616e-03 2.78826826e-03 1.22487067e-03 4.08139874e-03 -2.74187931e-03 5.95352870e-04 2.95925831e-03 8.73373695e-01 2.44984364e+00 2.33394277e-02 2.75811721e-01
5.59843663e-04 -9.75840674e-04 -1.21630797e-03 2.20170781e-03 1.25784765e-03 2.99908762e-03 -2.37848207e-03 1.69649135e-03 2.64145435e-03 8.45102416e-01 2.39793076e+00 -2.39879816e-02 2.53595509e-01
1.75695799e-03 -2.92586909e-03 -1.76493312e-03 3.23240094e-03 1.00554690e-03 3.44291328e-03 -3.28378675e-03 -6.11317567e-05 3.34747102e-03 8.38232279e-01 2.67369009e+00 2.79852102e-02 2.68808049e-01
6.80623829e-04 -1.41851027e-03 -1.37593142e-03 2.40465059e-03 1.20146146e-03 2.80627057e-03 -2.61089225e-03 1.54558503e-03 2.79418781e-03 8.65793953e-01 2.42950341e+00 -1.39135268e-02 2.48989917e-01
1.65852647e-03 -2.59424450e-03 -1.34265061e-03 2.82364157e-03 9.66086559e-04 3.62012634e-03 -2.88655284e-03 3.07975285e-04 3.01872392e-03 8.14382416e-01 2.61001487e+00 1.53145693e-02 2.72706722e-01
1.26331190e-03 -2.42137502e-03 -1.74494905e-03 2.89489990e-03 1.62024821e-03 3.25149133e-03 -2.90090290e-03 7.61654525e-04 3.03079352e-03 8.42261832e-01 2.58079941e+00 -9.35289617e-03 2.59027792e-01
5.42751913e-04 -1.73815508e-03 -1.41627884e-03 2.32479937e-03 4.54902593e-04 3.19068038e-03 -2.68053094e-03 1.49438515e-03 2.98083281e-03 8.41752155e-01 2.46812544e+00 9.94854846e-03 2.64813395e-01
1.11082651e-03 -2.13478943e-03 -1.51021065e-03 2.57260891e-03 1.32571553e-03 2.72321212e-03 -2.67040886e-03 8.16006124e-04 2.77517439e-03 8.49200073e-01 2.46492611e+00 -9.23734923e-03 2.53699112e-01
8.88777197e-04 -2.14566734e-03 -1.50951434e-03 2.60589026e-03 7.28681849e-04 3.75495154e-03 -2.91124940e-03 1.40007845e-03 3.23768489e-03 8.34191256e-01 2.59851031e+00 9.83866377e-03 2.70192749e-01
8.79829209e-04 -1.88542492e-03 -1.34206026e-03 2.34904317e-03 1.10091858e-03 3.00491442e-03 -2.41399613e-03 9.91579052e-04 2.60974405e-03 8.05506195e-01 2.50896140e+00 -8.43845877e-03 2.64922862e-01
1.19815317e-03 -2.44206291e-03 -1.63172419e-03 2.96820812e-03 1.10222120e-03 3.47863850e-03 -3.18609552e-03 1.19865762e-03 3.40801009e-03 8.79198418e-01 2.55241768e+00 8.86902935e-03 2.59832113e-01
1.11331363e-03 -2.11084362e-03 -1.39395857e-03 2.63113575e-03 1.36508670e-03 3.65896368e-03 -2.58506912e-03 9.82107057e-04 2.81413010e-03 8.63530441e-01 2.46640366e+00 1.16145698e-02 2.69106207e-01
7.95508725e-04 -2.06209365e-03 -1.60776223e-03 2.67893825e-03 8.39594987e-04 2.90999423e-03 -2.96359357e-03 1.33501858e-03 3.16853394e-03 8.21769033e-01 2.60192703e+00 -1.08766864e-02 2.56059767e-01
1.18190918e-03 -2.30559674e-03 -1.32886696e-03 2.56060089e-03 7.03242048e-04 3.44988448e-03 -2.79003354e-03 9.15956075e-04 3.01041763e-03 8.22934360e-01 2.57041492e+00 1.20089755e-02 2.69406047e-01
9.21267615e-04 -2.00459560e-03 -1.59183135e-03 2.58859384e-03 1.30545349e-03 2.89556035e-03 -2.75151938e-03 1.16651743e-03 2.90896721e-03 8.59011597e-01 2.47312494e+00 -1.11199061e-02 2.53461400e-01
8.93874093e-04 -1.85568365e-03 -1.60537657e-03 2.78906249e-03 1.40496561e-03 3.21422508e-03 -2.98877822e-03 1.58572051e-03 3.20209866e-03 8.33298576e-01 2.70988876e+00 -1.09081520e-02 2.55229005e-01
1.27073662e-03 -2.20630773e-03 -1.21856458e-03 2.47751495e-03 9.23887103e-04 3.31261181e-03 -2.52554312e-03 5.91665787e-04 2.69857050e-03 8.51494701e-01 2.35420765e+00 1.16796194e-02 2.70380713e-01
5.62969511e-04 -1.58204158e-03 -1.51929562e-03 2.57242910e-03 1.07781212e-03 3.34961158e-03 -2.76540000e-03 1.72009931e-03 3.05213772e-03 8.68583885e-01 2.51491317e+00 -1.86438800e-03 2.56882686e-01
1.37835744e-03 -2.44827274e-03 -1.51802041e-03 2.78408384e-03 1.17068634e-03 3.20245749e-03 -2.81904540e-03 4.83892041e-04 2.96263024e-03 8.14030544e-01 2.55706908e+00 1.96277809e-03 2.67981691e-01
1.78783380e-03 -2.68145768e-03 -1.39362050e-03 2.91019987e-03 9.02875277e-04 3.53501370e-03 -2.95770384e-03 7.00468504e-06 3.05165034e-03 8.18757967e-01 2.45472682e+00 8.42351705e-04 2.72861327e-01
5.42958511e-04 -1.16713868e-03 -1.43131105e-03 2.38743934e-03 1.26366884e-03 2.76603012e-03 -2.63357647e-03 1.73402677e-03 2.83727752e-03 8.64425401e-01 2.60221595e+00 -7.74403153e-04 2.48625911e-01
1.10782953e-03 -2.15270106e-03 -1.58141566e-03 2.59384490e-03 1.43491147e-03 2.67684641e-03 -2.67493037e-03 7.85830711e-04 2.76753796e-03 8.61678090e-01 2.40728718e+00 -1.45342813e-02 2.50889674e-01
9.00653584e-04 -2.17825627e-03 -1.45401870e-03 2.52599860e-03 4.99147657e-04 3.81643180e-03 -2.91081033e-03 1.37458156e-03 3.25341634e-03 8.19194320e-01 2.64670407e+00 1.60349972e-02 2.73147567e-01
1.29379411e-03 -2.15256987e-03 -1.44114738e-03 2.48040724e-03 1.27857105e-03 2.28600169e-03 -2.60204634e-03 4.24876481e-04 2.62369105e-03 8.30412549e-01 2.39250070e+00 -1.60309249e-02 2.51333382e-01
6.66654021e-04 -1.84250995e-03 -1.57733709e-03 2.65628844e-03 8.47967336e-04 4.42833698e-03 -2.97655443e-03 1.89780227e-03 3.41143357e-03 8.55061094e-01 2.67326093e+00 1.76890728e-02 2.71950354e-01
1.63716542e-03 -2.56702403e-03 -1.32409271e-03 2.71976974e-03 7.24515610e-04 3.00605627e-03 -2.86341730e-03 9.46088476e-05 2.94528706e-03 7.99707054e-01 2.42797066e+00 -1.04595609e-02 2.67951375e-01
6.19695355e-04 -1.41081925e-03 -1.55583074e-03 2.54604396e-03 1.45579944e-03 3.21894811e-03 -2.72493537e-03 1.75917841e-03 2.98142320e-03 8.85474183e-01 2.62284346e+00 1.11027880e-02 2.54915067e-01
1.66798095e-03 -2.39917569e-03 -9.79180320e-04 2.32592033e-03 3.52978967e-04 3.18340468e-03 -2.56946581e-03 7.25358940e-05 2.68797620e-03 7.93978169e-01 2.35962633e+00 8.86277618e-03 2.77979596e-01
8.17015486e-04 -1.69428287e-03 -1.75441989e-03 2.76095794e-03 1.63782014e-03 2.82468662e-03 -3.03221744e-03 1.66328151e-03 3.15691646e-03 8.84231256e-01 2.68867476e+00 -8.25406915e-03 2.42280334e-01
1.67346952e-03 -2.73446634e-03 -1.58297764e-03 3.08791490e-03 1.21941087e-03 3.48559669e-03 -3.14167313e-03 3.82200658e-04 3.24896389e-03 8.40203337e-01 2.65039607e+00 1.53713105e-02 2.66099457e-01
5.26617481e-04 -1.35009763e-03 -1.35283715e-03 2.25339631e-03 1.01454593e-03 2.96292670e-03 -2.46151422e-03 1.55369334e-03 2.71414565e-03 8.43630179e-01 2.41397991e+00 -1.40513196e-02 2.56690493e-01
1.64360096e-03 -2.48300684e-03 -1.39947466e-03 2.81308440e-03 1.01288735e-03 3.61179121e-03 -2.73727809e-03 -5.97265897e-05 2.82532692e-03 8.22983780e-01 2.44951144e+00 1.59714411e-02 2.76138272e-01
6.06949708e-04 -9.85063489e-04 -1.35513405e-03 2.48099162e-03 1.27543931e-03 2.85014857e-03 -2.78381421e-03 1.92789594e-03 2.99518203e-03 8.58495630e-01 2.60897039e+00 -1.44944502e-02 2.43900533e-01
1.90184507e-03 -3.10060276e-03 -2.08615197e-03 3.80568053e-03 1.67994520e-03 4.16885604e-03 -3.58251339e-03 -2.98918920e-05 3.67612878e-03 8.56348845e-01 2.72800693e+00 2.43508311e-02 2.70260913e-01
5.35503568e-04 -5.66207246e-04 -9.20120064e-04 1.98627250e-03 1.15467822e-03 2.81481881e-03 -2.14652494e-03 1.69949032e-03 2.42387696e-03 8.29851749e-01 2.38051929e+00 -2.13362413e-02 2.53249753e-01
6.43623549e-04 -1.67259079e-03 -1.65171217e-03 2.61256646e-03 1.42138602e-03 3.16731934e-03 -2.75977908e-03 1.60627273e-03 2.99544390e-03 8.82552576e-01 2.55196418e+00 2.49366569e-04 2.53768522e-01
1.51132061e-03 -2.47753292e-03 -1.26487268e-03 2.66867864e-03 7.15087790e-04 3.17897174e-03 -2.82292860e-03 3.95113733e-04 2.96524615e-03 7.99175518e-01 2.50431656e+00 -1.71267763e-04 2.70379137e-01
4.61607194e-04 -9.69317648e-04 -1.29008046e-03 2.26319633e-03 1.16330775e-03 2.67152562e-03 -2.46685109e-03 1.71713151e-03 2.67548114e-03 8.50768100e-01 2.52227428e+00 -9.62561570e-03 2.48118803e-01
1.82284125e-03 -2.89719132e-03 -1.64050905e-03 3.20871415e-03 1.09265186e-03 3.87082183e-03 -3.19759398e-03 3.77296085e-05 3.32233197e-03 8.32441533e-01 2.55745228e+00 1.02791493e-02 2.73963363e-01
7.57253525e-04 -1.86140239e-03 -1.47206137e-03 2.44968456e-03 1.01646477e-03 2.77497023e-03 -2.60540684e-03 1.16756502e-03 2.77674110e-03 8.16467021e-01 2.56048999e+00 -9.56290262e-03 2.57010120e-01
1.28112589e-03 -2.41401929e-03 -1.50411033e-03 2.82570257e-03 1.13388159e-03 3.68386580e-03 -2.96899745e-03 1.01364143e-03 3.20200424e-03 8.68669459e-01 2.50326369e+00 1.01266959e-02 2.66639331e-01
1.40944779e-03 -2.27853180e-03 -1.48783676e-03 2.75282190e-03 1.11059373e-03 3.36103208e-03 -2.56960228e-03 -1.09201793e-04 2.64015290e-03 8.14301458e-01 2.36717674e+00 5.85940808e-03 2.74346054e-01
9.55173708e-04 -6.78199925e-04 -1.06026478e-03 2.54804857e-03 1.62291876e-03 3.32492460e-03 -2.82788458e-03 2.10221897e-03 3.10280994e-03 8.67566469e-01 2.68302422e+00 -5.56767539e-03 2.47645305e-01
1.17569846e-03 -2.11761677e-03 -1.19092772e-03 2.33656860e-03 9.31811153e-04 3.77333126e-03 -2.41533074e-03 8.06882791e-04 2.66587563e-03 8.09956598e-01 2.38074900e+00 -9.54627783e-03 2.77133386e-01
1.01665578e-03 -2.04971448e-03 -1.64608704e-03 2.83659336e-03 1.25338245e-03 2.59938986e-03 -3.13078567e-03 1.34511108e-03 3.21793674e-03 8.75154605e-01 2.69219859e+00 1.00979704e-02 2.45594990e-01
1.92132527e-03 -3.07906522e-03 -1.67573563e-03 3.33218952e-03 1.01155683e-03 3.67897475e-03 -3.43650185e-03 1.17255888e-04 3.54959812e-03 8.50679027e-01 2.58825608e+00 1.30450561e-02 2.68670631e-01
4.72491881e-04 -1.14582220e-03 -1.32060011e-03 2.17059383e-03 1.19679047e-03 2.76671050e-03 -2.32026583e-03 1.54945546e-03 2.55454648e-03 8.34104480e-01 2.49083500e+00 -1.20971478e-02 2.55574875e-01
1.58758832e-03 -2.49626470e-03 -1.50193607e-03 2.94833681e-03 1.24434773e-03 3.80639637e-03 -2.77485323e-03 4.73095360e-05 2.88295555e-03 8.31167377e-01 2.41761764e+00 2.28420679e-03 2.74527654e-01
7.07846932e-04 -8.89165432e-04 -1.17442142e-03 2.39305465e-03 1.29889596e-03 2.90106054e-03 -2.65746767e-03 1.86754057e-03 2.88731188e-03 8.52531986e-01 2.62556533e+00 -2.19616855e-03 2.49574772e-01
7.04786262e-04 -1.81649073e-03 -1.29901049e-03 2.23916712e-03 5.68512745e-04 2.98601236e-03 -2.49916863e-03 1.18483013e-03 2.73901487e-03 8.08107658e-01 2.51540014e+00 6.64443996e-03 2.66292401e-01
1.30737103e-03 -2.51317903e-03 -1.75264333e-03 2.99539248e-03 1.53820362e-03 3.43114380e-03 -3.07002637e-03 9.20614596e-04 3.22839420e-03 8.72855507e-01 2.51863171e+00 -6.28081301e-03 2.57494855e-01
1.76770345e-03 -2.49932584e-03 -1.14667242e-03 2.55285655e-03 5.32141355e-04 3.33629819e-03 -2.66701616e-03 -2.13414555e-04 2.73265711e-03 8.27703629e-01 2.37561360e+00 2.75056516e-02 2.77635512e-01
8.42111125e-04 -1.21647691e-03 -1.45173554e-03 2.59439369e-03 1.62571490e-03 2.85499581e-03 -2.88141348e-03 1.81578913e-03 3.03311114e-03 8.53533793e-01 2.67037283e+00 -2.35790317e-02 2.42762322e-01
1.55983612e-03 -2.61645806e-03 -1.47273119e-03 2.82658465e-03 8.99184646e-04 3.35969916e-03 -2.88577253e-03 1.60198878e-04 2.99394333e-03 8.36807484e-01 2.50628055e+00 1.79797061e-02 2.70390938e-01
6.18287272e-04 -1.30083781e-03 -1.44070067e-03 2.44699003e-03 1.27596784e-03 3.02954965e-03 -2.67925566e-03 1.72973671e-03 2.91935843e-03 8.46544575e-01 2.54309045e+00 -1.62044882e-02 2.52573732e-01
1.54698852e-03 -2.64487426e-03 -1.40479816e-03 2.89193395e-03 9.02663991e-04 3.83713805e-03 -3.07264801e-03 7.47818199e-04 3.29321347e-03 8.50484410e-01 2.55309357e+00 1.56939226e-02 2.71521617e-01
6.65223248e-04 -1.69593022e-03 -1.51853251e-03 2.39203851e-03 1.17244044e-03 2.61464250e-03 -2.56568585e-03 1.28704253e-03 2.72457581e-03 8.34418862e-01 2.52662797e+00 -1.43552170e-02 2.51696179e-01
6.11968046e-04 -1.48863449e-03 -1.36329521e-03 2.22674720e-03 9.94069103e-04 2.52792955e-03 -2.45541119e-03 1.34054769e-03 2.62551483e-03 8.35403693e-01 2.37890504e+00 -2.40215064e-02 2.50250601e-01
1.67383955e-03 -2.83336417e-03 -1.54807300e-03 3.07379107e-03 1.08893781e-03 4.00802857e-03 -3.17918309e-03 5.64687062e-04 3.36482176e-03 8.50070389e-01 2.69902907e+00 2.79499714e-02 2.71700034e-01
1.14315830e-03 -2.37872330e-03 -1.74537500e-03 2.91669834e-03 1.36880531e-03 3.23764584e-03 -3.09183657e-03 1.13378158e-03 3.26646739e-03 8.50668924e-01 2.64612629e+00 -2.72385581e-03 2.57273641e-01
7.97891575e-04 -1.91905467e-03 -1.33068932e-03 2.32618597e-03 7.34853221e-04 3.12792962e-03 -2.50280343e-03 1.08725640e-03 2.73667549e-03 8.33061305e-01 2.41284605e+00 2.82798384e-03 2.66405299e-01
5.40205561e-04 -1.60977262e-03 -1.35861420e-03 2.21540629e-03 8.13161775e-04 3.17744049e-03 -2.39109023e-03 1.36640191e-03 2.67642869e-03 8.32664810e-01 2.36870089e+00 -8.92338896e-03 2.65571997e-01
1.51181864e-03 -2.64047085e-03 -1.70305653e-03 3.14520831e-03 1.45424726e-03 3.27581673e-03 -3.25112489e-03 7.89018983e-04 3.36995443e-03 8.51939397e-01 2.71148309e+00 9.44689728e-03 2.58845148e-01
1.57646106e-03 -2.63757930e-03 -1.49158358e-03 2.96047836e-03 1.10337024e-03 3.51958746e-03 -3.04671309e-03 5.27491400e-04 3.19639690e-03 8.41635677e-01 2.50427222e+00 -2.82974405e-04 2.66579094e-01
6.33583347e-04 -1.47480186e-03 -1.36954210e-03 2.38451905e-03 1.15345886e-03 2.94677658e-03 -2.53149566e-03 1.49824254e-03 2.74570182e-03 8.42404612e-01 2.55917064e+00 3.34496013e-04 2.56780550e-01
8.02666295e-04 -1.37193590e-03 -1.48505901e-03 2.55996264e-03 1.51562626e-03 2.53203412e-03 -2.82670617e-03 1.63431297e-03 2.90843162e-03 8.63095818e-01 2.65712356e+00 -1.59193596e-02 2.39100563e-01
1.88579249e-03 -2.60074693e-03 -1.06156088e-03 2.53705550e-03 5.02756962e-04 3.60434982e-03 -2.74620896e-03 -2.75613469e-05 2.85944649e-03 8.17188063e-01 2.40713600e+00 1.77246578e-02 2.79602110e-01
6.34975028e-04 -1.29830704e-03 -1.35313556e-03 2.38933773e-03 1.20801003e-03 2.97507690e-03 -2.59617219e-03 1.65661460e-03 2.82869052e-03 8.46633739e-01 2.47778615e+00 -1.65983915e-02 2.53173079e-01
1.54676401e-03 -2.65704852e-03 -1.53852042e-03 2.91423021e-03 1.01621518e-03 3.50035616e-03 -2.95230761e-03 2.67340229e-04 3.07760070e-03 8.36684768e-01 2.57294992e+00 1.84628537e-02 2.70106531e-01
1.26152578e-03 -2.39017277e-03 -1.56355435e-03 2.85122575e-03 1.42086335e-03 3.68005567e-03 -2.84155069e-03 8.85593323e-04 3.04591779e-03 8.59870501e-01 2.53236284e+00 4.77671883e-03 2.65916802e-01
7.33782518e-04 -1.75936846e-03 -1.38486452e-03 2.45852020e-03 8.45775697e-04 2.91654754e-03 -2.68534039e-03 1.36527658e-03 2.90535823e-03 8.24389917e-01 2.52689812e+00 -4.61216751e-03 2.59071279e-01
5.61044239e-04 -8.62960830e-04 -1.24219476e-03 2.48244821e-03 1.16053392e-03 3.60805409e-03 -2.75361015e-03 2.13251388e-03 3.11969615e-03 8.54421496e-01 2.62209188e+00 -1.51887999e-03 2.56546641e-01
1.43588584e-03 -2.37173338e-03 -1.63230004e-03 2.88799218e-03 1.43836562e-03 3.15953905e-03 -2.74188796e-03 1.05254009e-04 2.80904567e-03 8.29244496e-01 2.44131557e+00 1.59176724e-03 2.66560244e-01
1.66351292e-03 -2.66313449e-03 -1.46541388e-03 2.87773823e-03 9.21408045e-04 3.26634274e-03 -2.96269527e-03 1.05878814e-04 3.04564329e-03 8.14701182e-01 2.63565527e+00 2.05236345e-02 2.69764782e-01
6.37523234e-04 -1.31179304e-03 -1.36658077e-03 2.40997449e-03 1.28074986e-03 3.12159164e-03 -2.58284536e-03 1.67383010e-03 2.82661358e-03 8.64688717e-01 2.41213584e+00 -1.81635155e-02 2.52801792e-01
1.23353460e-03 -2.39684905e-03 -1.35678639e-03 2.58012109e-03 6.51244938e-04 3.83302931e-03 -2.86351772e-03 9.84715783e-04 3.13922757e-03 8.05399387e-01 2.67129268e+00 1.58530905e-02 2.74934106e-01
1.01722477e-03 -1.99971059e-03 -1.49071996e-03 2.50189444e-03 1.28524202e-03 2.56798931e-03 -2.66619972e-03 9.74253270e-04 2.76289692e-03 8.73067396e-01 2.37186990e+00 -1.43295009e-02 2.47256217e-01
1.31872541e-03 -2.26215273e-03 -1.15915239e-03 2.43556265e-03 6.86712998e-04 3.47198224e-03 -2.60146257e-03 6.58817408e-04 2.79678376e-03 8.20005885e-01 2.42119582e+00 5.14115797e-03 2.73198431e-01
9.00593054e-04 -1.91740397e-03 -1.66184266e-03 2.69545737e-03 1.39578456e-03 2.80846935e-03 -2.93074763e-03 1.38350193e-03 3.06155406e-03 8.62561478e-01 2.62755456e+00 -4.90777668e-03 2.48887936e-01
1.25224170e-03 -2.19430254e-03 -1.32335149e-03 2.56393193e-03 1.13003719e-03 3.18079619e-03 -2.60114371e-03 6.73739858e-04 2.75103703e-03 8.06346188e-01 2.56186182e+00 7.24342755e-04 2.67109977e-01
7.33273623e-04 -1.95933564e-03 -1.64131840e-03 2.66808930e-03 9.99233394e-04 3.21202876e-03 -2.92656690e-03 1.49291312e-03 3.17054150e-03 8.75849029e-01 2.48193228e+00 -6.44525231e-04 2.56047991e-01
7.91803358e-04 -1.88065182e-03 -1.92413212e-03 3.05162156e-03 1.49525866e-03 3.34043388e-03 -3.39901349e-03 1.94481601e-03 3.61738243e-03 8.79554052e-01 2.89880440e+00 1.34492301e-02 2.50555906e-01
1.25897465e-03 -2.07650220e-03 -1.09113965e-03 2.20488183e-03 6.81951124e-04 2.89276066e-03 -2.27894986e-03 2.56667697e-04 2.39817225e-03 8.06410793e-01 2.19470652e+00 -1.25126710e-02 2.72243464e-01
1.34144436e-03 -2.49285438e-03 -1.64793591e-03 3.01891654e-03 1.41706008e-03 3.65667088e-03 -3.12826402e-03 1.06388176e-03 3.32761113e-03 8.62966880e-01 2.69042082e+00 1.61305700e-02 2.63542578e-01
6.82329176e-04 -1.78440443e-03 -1.36531606e-03 2.30529478e-03 7.89036136e-04 2.85208669e-03 -2.48288148e-03 1.16629395e-03 2.69141335e-03 8.22960497e-01 2.38709298e+00 -1.47589948e-02 2.59926427e-01
1.60219968e-03 -2.72284191e-03 -1.54972886e-03 3.07142851e-03 1.08501253e-03 3.44847212e-03 -3.20815163e-03 5.98782248e-04 3.33821878e-03 8.74275194e-01 2.54869981e+00 1.67052103e-02 2.62487970e-01
6.53854520e-04 -1.50437196e-03 -1.33452603e-03 2.27042315e-03 1.13073683e-03 2.97831420e-03 -2.40963227e-03 1.38336630e-03 2.63637597e-03 8.12369103e-01 2.51280388e+00 -1.52719563e-02 2.60595334e-01
2.18405321e-03 -2.89807973e-03 -1.28058459e-03 2.93993993e-03 5.32783948e-04 4.07144591e-03 -3.07635130e-03 -4.43259203e-04 3.13258146e-03 8.29515552e-01 2.49018579e+00 2.77730684e-02 2.81545942e-01
9.30287271e-04 -8.35270353e-04 -1.03217978e-03 2.22765556e-03 1.54633206e-03 2.27129838e-03 -2.48629483e-03 1.57605221e-03 2.53629295e-03 8.52087785e-01 2.56890400e+00 -2.37863319e-02 2.35556847e-01
1.12739618e-03 -2.25474657e-03 -1.69471431e-03 2.95970369e-03 1.56165348e-03 3.27702914e-03 -3.03130000e-03 1.19371361e-03 3.18519916e-03 8.84515786e-01 2.57517289e+00 8.25351597e-04 2.52847867e-01
9.27108230e-04 -2.00473625e-03 -1.26343774e-03 2.28311001e-03 6.15506729e-04 3.14872946e-03 -2.51778578e-03 9.79721528e-04 2.76109376e-03 7.97185661e-01 2.46977433e+00 -7.47964154e-04 2.71098409e-01
1.39583232e-03 -2.18726593e-03 -1.51271011e-03 2.82715470e-03 1.07789183e-03 3.32014516e-03 -2.56962905e-03 -2.71338816e-04 2.60664623e-03 7.85620954e-01 2.42015659e+00 4.53501346e-03 2.74977470e-01
1.23696767e-03 -3.83603025e-04 -7.69332399e-04 2.45848326e-03 1.98712906e-03 3.43900533e-03 -2.66325814e-03 2.07047522e-03 2.94554121e-03 8.92645968e-01 2.59566299e+00 -4.26496017e-03 2.46179296e-01
7.90410622e-04 -1.89693687e-03 -1.24188728e-03 2.18973668e-03 4.64309212e-04 3.27741584e-03 -2.47199013e-03 1.11374490e-03 2.73983958e-03 7.99731349e-01 2.43391380e+00 -2.86588550e-03 2.71530101e-01
1.22877823e-03 -2.42593223e-03 -1.82298580e-03 2.94023286e-03 1.56189473e-03 2.99273713e-03 -3.11439675e-03 1.00039726e-03 3.21888246e-03 8.82897687e-01 2.60273995e+00 2.96471155e-03 2.51114679e-01
1.57870901e-03 -2.59372254e-03 -1.41673528e-03 2.87912550e-03 9.56199214e-04 3.29930825e-03 -2.97075533e-03 3.82944511e-04 3.10352245e-03 8.17581667e-01 2.56144884e+00 6.40431662e-03 2.68783610e-01
6.41260933e-04 -1.44678755e-03 -1.42799249e-03 2.49627213e-03 1.35074696e-03 3.21541606e-03 -2.60364452e-03 1.63953594e-03 2.85319344e-03 8.64547908e-01 2.50895385e+00 -6.07935072e-03 2.55780425e-01
1.45538599e-03 -2.48330025e-03 -1.44606891e-03 2.83809007e-03 1.34841745e-03 4.08218906e-03 -2.76206052e-03 6.21207360e-04 2.97563658e-03 8.27174244e-01 2.68572753e+00 2.41187202e-02 2.76214220e-01
7.04362683e-04 -1.65482563e-03 -1.42254719e-03 2.48894266e-03 9.40088317e-04 2.64034860e-03 -2.74598898e-03 1.44045289e-03 2.91712601e-03 8.54255311e-01 2.38748270e+00 -2.10258622e-02 2.47239182e-01
6.30082233e-04 -1.57268384e-03 -1.44354702e-03 2.49226744e-03 9.06736395e-04 2.78156409e-03 -2.78040860e-03 1.57646272e-03 2.97333286e-03 8.67127939e-01 2.47436228e+00 -3.47569905e-03 2.49451579e-01
1.39238786e-03 -2.42516455e-03 -1.45374312e-03 2.75243783e-03 1.25812620e-03 3.70318483e-03 -2.72298336e-03 5.61187592e-04 2.90278045e-03 8.15254554e-01 2.57439840e+00 3.63534104e-03 2.72444518e-01
1.55186343e-03 -2.19962023e-03 -1.64244131e-03 3.32512289e-03 1.62930657e-03 4.32941506e-03 -2.73863526e-03 -2.35159563e-04 2.79079337e-03 8.18509381e-01 2.48361327e+00 1.91401234e-02 2.79062252e-01
1.81730681e-03 2.83537980e-04 9.17235132e-05 2.17970140e-03 2.34277724e-03 3.16662895e-03 -2.23988003e-03 1.87028289e-03 2.43850312e-03 8.61818687e-01 2.57641693e+00 -1.70738317e-02 2.39467438e-01
1.00812902e-03 -2.08883812e-03 -1.64095869e-03 2.63429881e-03 1.45110868e-03 2.78620019e-03 -2.76486525e-03 1.03572495e-03 2.88152203e-03 8.83565597e-01 2.45054405e+00 -4.14053159e-03 2.50206426e-01
1.06506525e-03 -2.24320439e-03 -1.30503824e-03 2.42523279e-03 4.39492803e-04 3.49460768e-03 -2.75824066e-03 1.00858883e-03 3.01957676e-03 7.96412922e-01 2.57061067e+00 4.37487569e-03 2.72483342e-01
1.52309170e-03 -2.60971344e-03 -1.56169672e-03 2.88424029e-03 1.00724577e-03 3.20176337e-03 -2.93794251e-03 1.88330517e-04 3.02729665e-03 8.43273317e-01 2.50326282e+00 1.47602801e-02 2.66664474e-01
6.11961083e-04 -1.28395974e-03 -1.39440710e-03 2.40454450e-03 1.21595753e-03 3.19989014e-03 -2.63938448e-03 1.74940114e-03 2.91433164e-03 8.40896349e-01 2.55098228e+00 -1.35447810e-02 2.56212851e-01
4.65780392e-04 -8.64329007e-04 -1.18293713e-03 2.29534880e-03 8.82285348e-04 2.84280043e-03 -2.59981974e-03 1.88450419e-03 2.86620323e-03 8.36015299e-01 2.48783569e+00 -1.52278771e-02 2.49979653e-01
1.50803209e-03 -2.59770286e-03 -1.76496940e-03 3.17254996e-03 1.69894973e-03 4.13257859e-03 -2.89173943e-03 2.67980308e-04 3.04155495e-03 8.48774463e-01 2.58002771e+00 1.67443944e-02 2.73840754e-01
7.00106534e-04 -1.48593222e-03 -1.45240549e-03 2.52232622e-03 1.30849987e-03 2.99866691e-03 -2.70576751e-03 1.61624995e-03 2.90519437e-03 8.35802411e-01 2.51799312e+00 -2.89153426e-02 2.50135826e-01
1.56875712e-03 -2.61296571e-03 -1.39632173e-03 2.77254230e-03 8.28112754e-04 3.43816471e-03 -2.89723446e-03 3.12026037e-04 3.03210789e-03 8.49956430e-01 2.55426748e+00 3.47918570e-02 2.71760938e-01
9.56122135e-04 -2.08079857e-03 -1.55548773e-03 2.76204636e-03 1.25103327e-03 3.68832977e-03 -2.89002044e-03 1.40423533e-03 3.15305546e-03 8.63346671e-01 2.71067317e+00 2.70468434e-02 2.65583962e-01
1.17006999e-03 -2.18814092e-03 -1.37192451e-03 2.52855726e-03 9.70127103e-04 2.82839667e-03 -2.69563563e-03 7.69660731e-04 2.82748206e-03 8.24082127e-01 2.37450330e+00 -2.34135936e-02 2.57688325e-01
1.52766782e-03 -2.57584387e-03 -1.42912990e-03 2.86029469e-03 1.10982164e-03 3.74428306e-03 -2.89007216e-03 5.13829789e-04 3.06160238e-03 8.51268060e-01 2.63052126e+00 3.33747658e-02 2.72142314e-01
7.30193427e-04 -1.60555893e-03 -1.43522749e-03 2.47378858e-03 1.13845683e-03 2.86861370e-03 -2.69500835e-03 1.48805329e-03 2.89595852e-03 8.34690705e-01 2.45114637e+00 -2.79362517e-02 2.51536935e-01
6.38215643e-04 -1.02283657e-03 -1.13348759e-03 2.08557427e-03 1.32572933e-03 2.66991002e-03 -2.21244203e-03 1.47077953e-03 2.40433069e-03 8.24155292e-01 2.43176130e+00 -2.50931797e-02 2.53096379e-01
2.01836749e-03 -3.20058078e-03 -1.68955429e-03 3.39043284e-03 8.20923790e-04 3.74105640e-03 -3.55677857e-03 -7.67446448e-06 3.64292920e-03 8.63592919e-01 2.64191722e+00 2.93162648e-02 2.69193067e-01
1.29094147e-03 -2.46001892e-03 -1.80703155e-03 3.15432137e-03 1.48847627e-03 3.18382932e-03 -3.41773477e-03 1.31197562e-03 3.54836922e-03 8.85206548e-01 2.67786020e+00 3.36132744e-04 2.48629871e-01
9.70989882e-04 -1.84133495e-03 -1.07254325e-03 2.08450654e-03 7.40895087e-04 3.14194211e-03 -2.19891424e-03 7.94877609e-04 2.41189073e-03 7.96230253e-01 2.36805463e+00 -2.55516003e-04 2.74041857e-01
7.69936221e-04 -1.07066828e-03 -1.39843548e-03 2.80932910e-03 1.57396144e-03 3.40071244e-03 -3.04276093e-03 2.15413629e-03 3.28421793e-03 8.86135777e-01 2.72247760e+00 1.65756622e-03 2.46598196e-01
1.42666830e-03 -2.24564934e-03 -1.28120104e-03 2.48067288e-03 8.43671966e-04 3.04641991e-03 -2.46545052e-03 -3.17882055e-05 2.54366637e-03 7.95680431e-01 2.33326273e+00 -1.57576906e-03 2.73965579e-01
1.32760728e-03 -2.42205003e-03 -1.73878034e-03 2.94824178e-03 1.64781623e-03 3.10677405e-03 -3.02076065e-03 8.55144991e-04 3.13713786e-03 8.31115300e-01 2.60483775e+00 -2.00623095e-02 2.55660603e-01
5.80433345e-04 -1.83452102e-03 -1.39980765e-03 2.30108986e-03 4.75826543e-04 3.37022462e-03 -2.59520061e-03 1.37958057e-03 2.90498355e-03 8.54730206e-01 2.45522581e+00 2.27151899e-02 2.68977223e-01
1.50453129e-03 -2.53596969e-03 -1.81539598e-03 3.08301067e-03 1.32522125e-03 3.06543919e-03 -2.95958952e-03 -1.44655397e-04 2.98008463e-03 8.17479917e-01 2.49637764e+00 -1.43821102e-03 2.64051066e-01
9.44703141e-04 -4.99869569e-04 -8.27248651e-04 2.25877541e-03 1.64855871e-03 3.70247161e-03 -2.42026806e-03 1.99198041e-03 2.79029906e-03 8.66037631e-01 2.54399649e+00 1.50244998e-03 2.59212638e-01
1.34481103e-03 -4.06669399e-04 -7.91550905e-04 2.68395495e-03 2.13335725e-03 4.10635657e-03 -2.88731304e-03 2.33754214e-03 3.26678473e-03 8.87072885e-01 2.78535268e+00 7.80685753e-03 2.52560235e-01
1.28583071e-03 -2.03641519e-03 -1.44323190e-03 2.61997857e-03 1.14939761e-03 2.87643909e-03 -2.40692531e-03 -1.60943737e-04 2.43539042e-03 7.96914564e-01 2.27751444e+00 -7.46881412e-03 2.69618746e-01
5.21320735e-04 -1.50305438e-03 -1.28190907e-03 2.11941472e-03 6.82516402e-04 3.08445654e-03 -2.35914702e-03 1.39040944e-03 2.64184778e-03 8.22786995e-01 2.36195567e+00 -9.35817207e-03 2.65554628e-01
1.53693343e-03 -2.69793992e-03 -1.79479551e-03 3.19629006e-03 1.57356539e-03 3.33680313e-03 -3.27289690e-03 7.12949458e-04 3.36996151e-03 8.62215408e-01 2.70383366e+00 9.91030120e-03 2.57626454e-01
7.89186220e-04 -1.90472811e-03 -1.63555540e-03 2.76561252e-03 1.19402183e-03 3.35835163e-03 -2.99590285e-03 1.61615409e-03 3.23514687e-03 8.79957803e-01 2.55451094e+00 -5.75666832e-04 2.54136752e-01
1.22574461e-03 -2.20542971e-03 -1.31177658e-03 2.46539107e-03 9.26811109e-04 3.01595457e-03 -2.55461338e-03 5.45550211e-04 2.69696932e-03 8.01796315e-01 2.49073655e+00 6.60407456e-04 2.68419271e-01
1.45853293e-03 -2.63774011e-04 -5.61261559e-04 2.42181535e-03 2.08642970e-03 2.88254081e-03 -2.64152549e-03 1.92867681e-03 2.76327085e-03 8.60488667e-01 2.71479293e+00 -1.85723277e-02 2.36317634e-01
1.66535427e-03 -2.27393862e-03 -1.35134130e-03 2.84729272e-03 9.29305146e-04 3.84043366e-03 -2.61262285e-03 -4.10247802e-04 2.64703939e-03 8.19840675e-01 2.34274374e+00 2.10108275e-02 2.81667690e-01
1.34271882e-03 -2.23080805e-03 -1.32317170e-03 2.50526416e-03 9.89510731e-04 3.04474155e-03 -2.46479209e-03 1.38895916e-04 2.56127892e-03 7.97953475e-01 2.46114032e+00 8.62907907e-03 2.72084825e-01
6.35043229e-04 -1.52262483e-03 -1.65465530e-03 2.76427701e-03 1.24295719e-03 3.40751673e-03 -3.08108774e-03 1.98141312e-03 3.37811243e-03 8.80995861e-01 2.57490885e+00 -8.05682580e-03 2.51253446e-01
3.45531432e-04 -1.10575604e-03 -1.32160265e-03 2.21184517e-03 7.71184599e-04 2.76640888e-03 -2.49005684e-03 1.70243425e-03 2.74471504e-03 8.36775245e-01 2.43521440e+00 -1.11086465e-02 2.53549392e-01
1.66052695e-03 -2.72347281e-03 -1.69928566e-03 3.19420861e-03 1.57288072e-03 3.91488821e-03 -3.07500813e-03 3.50415631e-04 3.20447135e-03 8.47717688e-01 2.62223918e+00 1.19184491e-02 2.69203591e-01
1.58609939e-03 -2.72928635e-03 -1.67095697e-03 3.08701573e-03 1.20964392e-03 2.94619266e-03 -3.26634090e-03 5.41138609e-04 3.34436349e-03 8.44123604e-01 2.57525484e+00 -7.21945462e-03 2.55006022e-01
5.75832976e-04 -1.54674357e-03 -1.36705701e-03 2.25371470e-03 1.05652489e-03 3.48109149e-03 -2.37711734e-03 1.47122204e-03 2.70046296e-03 8.39805849e-01 2.49053002e+00 7.59443265e-03 2.69844891e-01
1.34552982e-03 -2.55192248e-03 -1.71155038e-03 3.03497015e-03 1.43370115e-03 3.52506850e-03 -3.10016106e-03 8.76150965e-04 3.26213620e-03 8.62712893e-01 2.71232863e+00 2.16716602e-02 2.62985103e-01
6.78463513e-04 -1.70727498e-03 -1.33538796e-03 2.28751567e-03 7.72558356e-04 2.95952436e-03 -2.51630362e-03 1.29395130e-03 2.74827468e-03 8.23943266e-01 2.37061446e+00 -1.92729932e-02 2.60131383e-01
1.00863427e-03 -2.01282561e-03 -1.54775008e-03 2.49317576e-03 1.40083388e-03 2.58674450e-03 -2.59606265e-03 8.69683412e-04 2.68860897e-03 8.60261180e-01 2.40495404e+00 -1.31784414e-02 2.50615218e-01
1.01445600e-03 -2.29508083e-03 -1.42974632e-03 2.59538040e-03 4.60324815e-04 3.85517151e-03 -2.97706256e-03 1.28361571e-03 3.29235002e-03 8.21128137e-01 2.63940532e+00 1.44130104e-02 2.72398098e-01
8.31972725e-04 -2.00544086e-03 -1.59536643e-03 2.67063367e-03 1.21087377e-03 3.59226913e-03 -2.81955980e-03 1.43792604e-03 3.09556986e-03 8.35579723e-01 2.60581514e+00 -6.28907898e-03 2.63642691e-01
1.09716313e-03 -2.23075753e-03 -1.44325401e-03 2.53957327e-03 8.68042673e-04 2.76960325e-03 -2.73485007e-03 7.71358990e-04 2.87135530e-03 8.48725671e-01 2.44746321e+00 6.57238311e-03 2.59394009e-01
1.03003419e-03 -2.03804970e-03 -1.59242707e-03 2.65661356e-03 1.67305934e-03 3.16444836e-03 -2.66790381e-03 1.10210078e-03 2.83476676e-03 8.45154674e-01 2.49696808e+00 -2.27074804e-02 2.56094332e-01
1.09806633e-03 -2.35691404e-03 -1.35608841e-03 2.57074158e-03 3.55881894e-04 3.30360029e-03 -2.94242171e-03 1.02517446e-03 3.19089142e-03 8.38212044e-01 2.56875386e+00 2.62652501e-02 2.69025594e-01
1.54436822e-03 -2.50357317e-03 -1.59723604e-03 2.97497656e-03 1.43245780e-03 3.60236723e-03 -2.82201447e-03 1.66905986e-04 2.92221599e-03 8.43098254e-01 2.47851468e+00 9.01053133e-03 2.70019429e-01
4.98818192e-04 -9.19551254e-04 -1.25077774e-03 2.41417470e-03 1.06290883e-03 3.13578025e-03 -2.66785711e-03 1.96764555e-03 2.95087834e-03 8.41011547e-01 2.57878728e+00 -8.51328158e-03 2.52753766e-01
1.22839384e-03 -2.11909241e-03 -1.24586938e-03 2.37287995e-03 1.01860757e-03 3.17544858e-03 -2.36806217e-03 4.36764581e-04 2.51673314e-03 8.14944505e-01 2.24883015e+00 -1.93714132e-02 2.70740941e-01
7.57280243e-04 -1.83234190e-03 -1.71843608e-03 2.94179913e-03 1.15219518e-03 3.25612443e-03 -3.28082609e-03 1.86694927e-03 3.49708774e-03 8.72649159e-01 2.85717765e+00 2.17480176e-02 2.52123738e-01
5.62875388e-04 -1.64988951e-03 -1.47617211e-03 2.35166992e-03 7.74723221e-04 2.49558450e-03 -2.64595345e-03 1.36953266e-03 2.81887259e-03 8.38477288e-01 2.36642822e+00 -2.60092073e-02 2.48076064e-01
1.47647716e-03 -2.63361771e-03 -1.58305289e-03 2.99321605e-03 1.34190437e-03 4.13744054e-03 -2.97620169e-03 7.04958203e-04 3.19412184e-03 8.46445462e-01 2.72683780e+00 3.06985281e-02 2.73900837e-01
1.56104034e-03 -2.50158582e-03 -1.46108988e-03 2.82246202e-03 1.04422424e-03 3.51779118e-03 -2.74737715e-03 7.95686509e-06 2.84467167e-03 8.28743928e-01 2.38910263e+00 2.72833684e-03 2.73205865e-01
6.91881464e-04 -1.05321930e-03 -1.32294379e-03 2.45478203e-03 1.33114572e-03 2.97211341e-03 -2.74417578e-03 1.87245513e-03 2.98444690e-03 8.54791424e-01 2.65673147e+00 -2.62401595e-03 2.50409564e-01
1.29598191e-03 -2.25950783e-03 -1.54925219e-03 2.69451213e-03 1.36267114e-03 3.10817645e-03 -2.55420148e-03 1.85933056e-04 2.64234742e-03 8.16621362e-01 2.38702430e+00 -1.03005567e-02 2.66767669e-01
4.86966537e-04 -1.10592907e-03 -1.47792455e-03 2.62964561e-03 1.03423622e-03 3.63804295e-03 -2.98311651e-03 2.19478857e-03 3.36405220e-03 8.68677249e-01 2.67323196e+00 1.09522037e-02 2.57681707e-01
9.44771696e-04 -2.03502190e-03 -1.57750851e-03 2.66561577e-03 1.38032165e-03 3.26950112e-03 -2.77115422e-03 1.25454981e-03 2.97620795e-03 8.55921421e-01 2.64669103e+00 1.17218864e-02 2.60846894e-01
1.13452360e-03 -2.27803002e-03 -1.39165615e-03 2.57364746e-03 7.59038371e-04 3.08147558e-03 -2.80194517e-03 8.80986349e-04 2.98721479e-03 8.29072388e-01 2.42171035e+00 -1.09558140e-02 2.62557054e-01
7.77811956e-04 -2.08170917e-03 -1.63788158e-03 2.70733514e-03 8.80801484e-04 3.47496611e-03 -2.98516326e-03 1.49046719e-03 3.26664474e-03 8.41402948e-01 2.71544914e+00 1.74268489e-02 2.64292959e-01
1.15941239e-03 -2.11854726e-03 -1.38289441e-03 2.56379412e-03 1.22663600e-03 3.02303621e-03 -2.59437415e-03 7.58493651e-04 2.73239706e-03 8.42567990e-01 2.35573942e+00 -1.57684843e-02 2.59688433e-01
1.03798816e-03 -2.24515907e-03 -1.57633132e-03 2.76831039e-03 1.06537058e-03 3.50390478e-03 -2.97922647e-03 1.26578479e-03 3.22651974e-03 8.38734174e-01 2.55118255e+00 -9.95272567e-03 2.62354892e-01
9.21603660e-04 -2.03863657e-03 -1.45519381e-03 2.48157214e-03 1.04098442e-03 2.91263017e-03 -2.59712384e-03 9.55009551e-04 2.76692465e-03 8.45560998e-01 2.50792717e+00 1.06126021e-02 2.61397873e-01
1.28888671e-03 -2.33518806e-03 -1.57198871e-03 2.72529989e-03 1.39655945e-03 2.91886471e-03 -2.76985121e-03 6.03789061e-04 2.86622669e-03 8.47845941e-01 2.47506807e+00 -7.17825664e-03 2.56953775e-01
5.93339334e-04 -1.79417908e-03 -1.53187546e-03 2.47817860e-03 6.99334043e-04 3.56396793e-03 -2.80793677e-03 1.63187160e-03 3.15312671e-03 8.35788728e-01 2.57995905e+00 7.55819800e-03 2.67268371e-01
1.41814620e-03 -2.44133741e-03 -1.35542644e-03 2.66656632e-03 9.21630149e-04 3.34147207e-03 -2.80376604e-03 5.79218852e-04 2.96941221e-03 7.98855183e-01 2.63784514e+00 8.67680253e-03 2.70662168e-01
6.78056912e-04 -1.80612210e-03 -1.58162741e-03 2.55468848e-03 1.12850649e-03 3.00023806e-03 -2.73543836e-03 1.42149378e-03 2.94435009e-03 8.80230904e-01 2.40677972e+00 -8.10273729e-03 2.52305746e-01
1.30680114e-03 -2.23402584e-03 -1.24815028e-03 2.52106296e-03 1.06260395e-03 3.70405537e-03 -2.50452386e-03 6.02331824e-04 2.70752816e-03 8.59869329e-01 2.31632389e+00 9.47188664e-03 2.74886128e-01
7.35474497e-04 -1.86495170e-03 -1.69744985e-03 2.70994562e-03 1.10341027e-03 2.72354982e-03 -3.04096943e-03 1.55534055e-03 3.20980574e-03 8.25034655e-01 2.75920990e+00 -8.96014090e-03 2.50097790e-01
1.50153668e-03 -2.31721343e-03 -1.34755717e-03 2.64845176e-03 8.79781394e-04 3.13672217e-03 -2.59219618e-03 -1.22807348e-04 2.64939063e-03 7.97990768e-01 2.36297593e+00 -2.66410178e-03 2.72786789e-01
9.04439128e-04 -9.02993088e-04 -1.20496561e-03 2.61711801e-03 1.69001874e-03 3.35345199e-03 -2.83634051e-03 2.03987475e-03 3.08590249e-03 8.84419807e-01 2.67363761e+00 2.75940966e-03 2.49053319e-01
1.84019321e-03 -2.90349980e-03 -1.40118138e-03 2.99918164e-03 8.81070030e-04 4.28196442e-03 -3.18908719e-03 5.08333169e-04 3.39640389e-03 8.44080548e-01 2.62924410e+00 2.12904416e-02 2.75849107e-01
7.34119455e-04 -1.39164503e-03 -1.26006463e-03 2.21185733e-03 1.17163634e-03 2.28095950e-03 -2.40820451e-03 1.27052313e-03 2.50089474e-03 8.40260149e-01 2.43873663e+00 -1.88974041e-02 2.44774318e-01
9.32165930e-04 -1.98994912e-03 -1.19656831e-03 2.25529382e-03 4.64037288e-04 3.34929118e-03 -2.54327560e-03 1.05851716e-03 2.80053523e-03 8.14500483e-01 2.48964919e+00 1.56143972e-02 2.72453411e-01
1.29253672e-03 -2.30549994e-03 -1.66523861e-03 2.87039023e-03 1.64311576e-03 3.03235164e-03 -2.99112661e-03 9.91270863e-04 3.08928169e-03 8.65652561e-01 2.54418844e+00 -1.41657222e-02 2.50304498e-01
1.13746586e-03 -2.16228562e-03 -1.24964292e-03 2.42708607e-03 7.54303024e-04 3.17166204e-03 -2.59524524e-03 7.96233550e-04 2.78284207e-03 8.31133228e-01 2.41167883e+00 3.04649726e-03 2.67361676e-01
9.84561623e-04 -2.08787704e-03 -1.65896268e-03 2.75905632e-03 1.38523178e-03 3.16389106e-03 -2.95277558e-03 1.33826367e-03 3.13915096e-03 8.52487938e-01 2.64379360e+00 -2.93265030e-03 2.55838985e-01
1.16410248e-03 -2.07934337e-03 -1.20306002e-03 2.32562085e-03 7.32808008e-04 2.54815479e-03 -2.47366337e-03 5.06644888e-04 2.58123914e-03 8.12121153e-01 2.28550045e+00 -1.52376589e-02 2.61754006e-01
8.34479131e-04 -2.06425882e-03 -1.82418557e-03 2.99513111e-03 1.53318421e-03 3.95425432e-03 -3.14318484e-03 1.76870012e-03 3.45353993e-03 8.74519549e-01 2.80073086e+00 1.66629987e-02 2.61711170e-01
1.22803698e-03 -2.19172820e-03 -1.18647790e-03 2.44275076e-03 7.68003074e-04 3.39175124e-03 -2.55928532e-03 7.09554513e-04 2.75486189e-03 8.21805660e-01 2.44435259e+00 7.79936318e-03 2.71837584e-01
8.98375787e-04 -2.00023194e-03 -1.70551893e-03 2.75168305e-03 1.37160784e-03 2.97940203e-03 -2.97951509e-03 1.40636588e-03 3.15355376e-03 8.60553173e-01 2.60307770e+00 -7.36894594e-03 2.51879475e-01
1.72265612e-03 -2.78713970e-03 -1.62067052e-03 3.08522258e-03 1.03745780e-03 3.54859886e-03 -3.10119446e-03 2.40929342e-05 3.19796733e-03 8.36127381e-01 2.52035956e+00 1.17303506e-02 2.71097809e-01
5.49291653e-04 -1.03491483e-03 -1.29130887e-03 2.30829590e-03 1.23014162e-03 2.88835368e-03 -2.52400418e-03 1.75597631e-03 2.76328948e-03 8.47370207e-01 2.54784985e+00 -1.09145424e-02 2.50969978e-01
9.96087689e-04 -1.92160569e-03 -1.14741420e-03 2.19778196e-03 7.55031990e-04 3.24813059e-03 -2.35140045e-03 8.91026184e-04 2.57531590e-03 8.18934689e-01 2.30862337e+00 -7.64471347e-03 2.71477788e-01
1.18532290e-03 -2.28442948e-03 -1.72309905e-03 3.02094419e-03 1.47558446e-03 3.06676677e-03 -3.22531609e-03 1.28045340e-03 3.33685802e-03 8.65796018e-01 2.76723968e+00 8.01727631e-03 2.50761820e-01
1.09111694e-03 -2.17261550e-03 -1.56276424e-03 2.67447294e-03 1.29025115e-03 3.02371747e-03 -2.83242034e-03 1.05424164e-03 2.99186961e-03 8.49536630e-01 2.52915764e+00 -5.92057923e-03 2.57049730e-01
9.33262361e-04 -2.11532645e-03 -1.41046648e-03 2.52171767e-03 8.02376103e-04 3.35883230e-03 -2.71848337e-03 1.12936000e-03 2.96040922e-03 8.34041071e-01 2.52435806e+00 6.19940767e-03 2.66382046e-01
8.36052735e-04 -1.22677077e-03 -1.48356934e-03 2.56949244e-03 1.70413238e-03 2.91398623e-03 -2.84024289e-03 1.79805368e-03 3.00449165e-03 8.86534899e-01 2.67738434e+00 -2.41402826e-03 2.44910481e-01
1.74699763e-03 -2.51652902e-03 -1.16241446e-03 2.52796103e-03 3.85994373e-04 3.06264077e-03 -2.70154312e-03 -2.77345560e-04 2.74901858e-03 7.93642673e-01 2.34759720e+00 2.56573822e-03 2.75465066e-01
1.33500224e-03 -2.37277964e-03 -1.51391047e-03 2.74773065e-03 1.31675510e-03 3.23517128e-03 -2.70719881e-03 4.64587142e-04 2.83404547e-03 8.45039841e-01 2.50446656e+00 1.04705708e-02 2.65932917e-01
5.85325872e-04 -1.58724854e-03 -1.52979029e-03 2.55362784e-03 9.49925303e-04 3.35094184e-03 -2.85039474e-03 1.76433661e-03 3.16432761e-03 8.39215588e-01 2.55746216e+00 -9.82509967e-03 2.59341194e-01
1.12706081e-03 -2.03508129e-03 -1.29249307e-03 2.34229719e-03 1.04616130e-03 2.59381269e-03 -2.41572089e-03 5.47920155e-04 2.51419734e-03 8.24366033e-01 2.32677239e+00 -1.31656286e-02 2.59466022e-01
8.27484433e-04 -2.03377835e-03 -1.69566454e-03 2.92111419e-03 1.12910636e-03 4.00662380e-03 -3.18471636e-03 1.80446421e-03 3.52196722e-03 8.61200820e-01 2.74640316e+00 1.42555973e-02 2.63997580e-01
9.39063467e-04 -2.00352307e-03 -1.64589196e-03 2.66187159e-03 1.41667685e-03 2.81001203e-03 -2.85187836e-03 1.25389592e-03 2.98381036e-03 8.71788566e-01 2.54890209e+00 -6.74157912e-03 2.48701617e-01
1.26246716e-03 -2.32225013e-03 -1.23726256e-03 2.44448308e-03 5.71614615e-04 3.44522478e-03 -2.70146737e-03 7.56049254e-04 2.92259564e-03 8.09190499e-01 2.49694373e+00 7.14498497e-03 2.73334148e-01
5.25133922e-04 -9.96984910e-04 -1.26279037e-03 2.31870117e-03 1.07301586e-03 2.64150570e-03 -2.57977208e-03 1.75606979e-03 2.78626723e-03 8.36061906e-01 2.58047115e+00 -7.53922792e-03 2.49164562e-01
1.67922830e-03 -2.62563866e-03 -1.52392931e-03 3.06489227e-03 1.37191819e-03 4.15591741e-03 -2.88895427e-03 1.89077578e-04 3.03303982e-03 8.48309654e-01 2.46695137e+00 7.92805521e-03 2.75431308e-01
1.81878892e-03 -2.53123714e-03 -1.22645309e-03 2.73940720e-03 8.25746921e-04 3.82953818e-03 -2.72114922e-03 -1.53340488e-04 2.80895200e-03 8.07765722e-01 2.45734177e+00 1.33955825e-02 2.79788105e-01
7.28566652e-04 -1.01938726e-03 -1.31383345e-03 2.42340996e-03 1.37900036e-03 2.55088224e-03 -2.73069363e-03 1.76695512e-03 2.86782985e-03 8.71650944e-01 2.56977284e+00 -1.22649885e-02 2.40132291e-01
1.15773025e-03 -2.06814487e-03 -1.13929490e-03 2.27340470e-03 7.75327450e-04 3.12672593e-03 -2.37301540e-03 6.12524493e-04 2.54923166e-03 8.20425517e-01 2.42597178e+00 1.79185864e-02 2.72482596e-01
9.59331882e-04 -2.16730112e-03 -1.80487463e-03 2.97185901e-03 1.38752783e-03 3.25885355e-03 -3.21146767e-03 1.51374455e-03 3.41006872e-03 8.60398021e-01 2.61857565e+00 -1.60916440e-02 2.51144700e-01
1.67983087e-03 -2.67111404e-03 -1.26134745e-03 2.69973392e-03 7.03752317e-04 4.00502562e-03 -2.91360688e-03 4.78766642e-04 3.11574135e-03 8.39448645e-01 2.52760248e+00 2.27993119e-02 2.77333952e-01
7.41634086e-04 -1.59644822e-03 -1.49962577e-03 2.41691695e-03 1.22967706e-03 2.35953468e-03 -2.67810777e-03 1.35252273e-03 2.76678249e-03 8.44188502e-01 2.54046605e+00 -2.00621157e-02 2.42774975e-01
8.53572074e-04 -1.84705404e-03 -1.24775768e-03 2.20811928e-03 8.99263029e-04 3.30172466e-03 -2.31091559e-03 1.00234186e-03 2.55766443e-03 8.15887736e-01 2.36917306e+00 -5.83863606e-03 2.71787058e-01
1.17801731e-03 -2.49657390e-03 -1.79921798e-03 3.01762802e-03 1.16953328e-03 2.95347681e-03 -3.32838520e-03 1.17459879e-03 3.45682619e-03 8.68435845e-01 2.69864322e+00 6.06933218e-03 2.50586443e-01
1.02146843e-03 -1.87927257e-03 -1.08594355e-03 2.10947439e-03 7.31040007e-04 2.72465211e-03 -2.18132793e-03 5.34612540e-04 2.32508563e-03 8.00190570e-01 2.28647886e+00 -4.58077493e-03 2.69378747e-01
9.59743613e-04 -2.28849623e-03 -1.97681474e-03 3.20661948e-03 1.48569741e-03 3.70681548e-03 -3.48541518e-03 1.78003207e-03 3.74895886e-03 8.83021775e-01 2.77218245e+00 4.73878372e-03 2.54456955e-01
4.02634957e-04 -1.08941170e-03 -1.42184037e-03 2.46049655e-03 9.96366354e-04 3.71018233e-03 -2.74141817e-03 2.07752849e-03 3.14072349e-03 8.74892500e-01 2.60634597e+00 1.88670170e-02 2.62045029e-01
1.41700921e-03 -2.47562675e-03 -1.72020282e-03 2.90660562e-03 1.38528046e-03 2.97117485e-03 -2.86084119e-03 1.77171494e-04 2.92574040e-03 8.12257428e-01 2.46391297e+00 -1.70611726e-02 2.62018853e-01
1.75365655e-03 -2.80311015e-03 -1.83323057e-03 3.38981035e-03 1.54025388e-03 3.92629971e-03 -3.19920886e-03 1.03937464e-05 3.27922903e-03 8.66142995e-01 2.61600411e+00 3.05109637e-02 2.70347013e-01
6.25514948e-04 -6.26076646e-04 -9.55323346e-04 2.17560518e-03 1.21659075e-03 2.99359911e-03 -2.35687367e-03 1.82894393e-03 2.62235975e-03 8.22140131e-01 2.46723387e+00 -2.59748355e-02 2.51807042e-01
5.82649872e-04 -1.63532762e-03 -1.48309456e-03 2.49640208e-03 8.96222334e-04 3.47016796e-03 -2.75185547e-03 1.68340079e-03 3.06283348e-03 8.70250982e-01 2.56206347e+00 1.95060510e-02 2.62934097e-01
1.39130163e-03 -2.40997930e-03 -1.52649517e-03 2.74846278e-03 1.27851748e-03 3.00412012e-03 -2.81717273e-03 5.11701646e-04 2.91588851e-03 8.16727296e-01 2.49482052e+00 -1.75658591e-02 2.60318699e-01
1.85635088e-03 -3.08700063e-03 -1.66294841e-03 3.26914556e-03 8.40362094e-04 3.59865455e-03 -3.44200952e-03 1.75910412e-04 3.56473966e-03 8.44064023e-01 2.66290518e+00 2.23264797e-02 2.69295036e-01
5.01216709e-04 -1.22455458e-03 -1.35000386e-03 2.18452629e-03 1.22168541e-03 2.77170305e-03 -2.33046878e-03 1.50569155e-03 2.55663174e-03 8.40290915e-01 2.42088048e+00 -1.97129381e-02 2.54275933e-01
1.82296205e-03 -2.90451598e-03 -2.03469013e-03 3.75443919e-03 1.13889726e-03 3.73203108e-03 -3.50953104e-03 -5.31313409e-04 3.52411602e-03 8.37794822e-01 2.66359803e+00 3.53934618e-02 2.72389851e-01
1.27886932e-03 -2.88527253e-04 -4.88758699e-04 2.01071608e-03 2.03389299e-03 3.14102133e-03 -2.08538808e-03 1.66395703e-03 2.35708772e-03 8.45314522e-01 2.44573410e+00 -2.92582640e-02 2.50640469e-01
1.41784170e-03 -1.99412068e-03 -1.34430641e-03 2.74229472e-03 9.61931613e-04 3.39876746e-03 -2.42497431e-03 -3.90402353e-04 2.43964705e-03 8.03057754e-01 2.25210700e+00 9.03167722e-03 2.78585257e-01
1.94030803e-03 -1.34755006e-04 -3.23919413e-04 2.46921837e-03 2.58215617e-03 3.38501144e-03 -2.68408103e-03 1.99455475e-03 2.88921515e-03 8.76613115e-01 2.79514701e+00 -8.43338122e-03 2.41046998e-01
1.45778857e-03 -2.21021851e-03 -1.63208827e-03 3.11395532e-03 1.23740030e-03 3.59393284e-03 -2.73002982e-03 -3.39258261e-04 2.75117033e-03 8.15146159e-01 2.42723032e+00 1.88372737e-02 2.75021545e-01
1.72042822e-03 -3.39024833e-07 -2.24816662e-04 2.27962946e-03 2.41084100e-03 3.46728440e-03 -2.37801191e-03 1.93243795e-03 2.63966467e-03 8.64602440e-01 2.61792024e+00 -1.68151585e-02 2.45475700e-01
1.49407536e-03 -2.33509387e-03 -1.30659130e-03 2.58301877e-03 9.64182346e-04 3.25591119e-03 -2.56146746e-03 7.30257141e-05 2.65688924e-03 8.22240320e-01 2.39416506e+00 1.31763787e-02 2.73774262e-01
6.73586058e-04 -1.25529337e-03 -1.47723327e-03 2.66525168e-03 1.30107243e-03 3.15429304e-03 -2.96981103e-03 1.97015861e-03 3.20235669e-03 8.59466136e-01 2.66031705e+00 -1.21265431e-02 2.47283231e-01
9.15184823e-04 -2.12408871e-03 -1.37702817e-03 2.46075017e-03 6.57449222e-04 3.61521206e-03 -2.70234794e-03 1.17578108e-03 2.98763645e-03 8.17121582e-01 2.58280563e+00 1.04990609e-02 2.71516012e-01
1.18940806e-03 -2.13846650e-03 -1.52198790e-03 2.68707108e-03 1.42837731e-03 2.81736340e-03 -2.81064578e-03 9.48745812e-04 2.91670578e-03 8.64273982e-01 2.45502910e+00 -9.77943319e-03 2.51974065e-01
6.82168918e-04 -1.10860750e-03 -1.51121540e-03 2.83384954e-03 1.50098869e-03 3.68176504e-03 -3.11017198e-03 2.25388427e-03 3.42837379e-03 8.73568244e-01 2.78974356e+00 4.48867227e-03 2.52175628e-01
1.37193902e-03 -2.16261390e-03 -1.29178639e-03 2.46899136e-03 9.56775639e-04 2.86573124e-03 -2.42161792e-03 -2.57675944e-06 2.48313606e-03 8.10203872e-01 2.27526396e+00 -4.34245027e-03 2.69979622e-01
8.80547791e-04 -2.00572986e-03 -1.63961031e-03 2.66479019e-03 1.25854895e-03 2.98289485e-03 -2.87492498e-03 1.32460715e-03 3.06694383e-03 8.58948712e-01 2.55928834e+00 -2.81806340e-03 2.55061488e-01
1.17751995e-03 -2.24664524e-03 -1.30882375e-03 2.53178582e-03 8.57789372e-04 3.39460412e-03 -2.66099835e-03 8.16616923e-04 2.86686961e-03 8.24276128e-01 2.48798923e+00 2.93557904e-03 2.69116535e-01
1.26518211e-03 -2.15912991e-03 -1.36423539e-03 2.48681899e-03 1.18846351e-03 2.98765790e-03 -2.42692122e-03 2.93544750e-04 2.53065041e-03 8.16450283e-01 2.37958044e+00 -1.92864434e-03 2.68311249e-01
4.61873675e-04 -1.53353226e-03 -1.72874793e-03 2.80014450e-03 9.61758905e-04 3.53791347e-03 -3.17028417e-03 2.10110312e-03 3.50504301e-03 8.67096565e-01 2.67910526e+00 2.00086553e-03 2.54750634e-01
7.01923859e-04 -2.08402469e-03 -1.51721079e-03 2.57882635e-03 3.25760762e-04 3.31988393e-03 -3.00150359e-03 1.47737938e-03 3.30764044e-03 8.39483432e-01 2.65393798e+00 2.76635658e-02 2.66134585e-01
1.10933168e-03 -2.18228961e-03 -1.61987134e-03 2.71619604e-03 1.67895079e-03 3.32736867e-03 -2.62657384e-03 8.47358424e-04 2.79441383e-03 8.44105054e-01 2.41629198e+00 -2.37578442e-02 2.60475185e-01
9.59397375e-04 -1.59484287e-03 -1.45744531e-03 2.40713632e-03 1.42258855e-03 2.22968028e-03 -2.74620280e-03 1.32167964e-03 2.78311132e-03 8.37028628e-01 2.57312787e+00 -3.29203715e-02 2.38204708e-01
1.93722557e-03 -2.74976705e-03 -1.07309135e-03 2.58334306e-03 4.46310482e-04 4.08367872e-03 -2.87192083e-03 1.70376151e-04 3.03605038e-03 8.48673100e-01 2.49976598e+00 4.07652397e-02 2.81116192e-01
1.50279466e-03 -2.86725877e-03 -2.05054216e-03 3.48781057e-03 1.81983931e-03 3.75014742e-03 -3.59604548e-03 1.09698956e-03 3.76686876e-03 8.79976543e-01 2.79062851e+00 9.33134532e-03 2.57322357e-01
5.23273826e-04 -1.54622134e-03 -1.17337292e-03 1.96010419e-03 5.16253525e-04 2.78934188e-03 -2.15382148e-03 1.10970061e-03 2.39707878e-03 8.04833304e-01 2.28441637e+00 -8.85967130e-03 2.67823401e-01
6.18584630e-04 -1.91189392e-03 -1.62522311e-03 2.81393838e-03 6.50472386e-04 3.67639384e-03 -3.16974383e-03 1.84717045e-03 3.49300088e-03 8.52180972e-01 2.71111806e+00 1.53815865e-02 2.61388565e-01
1.13148002e-03 -2.02764782e-03 -1.39728501e-03 2.46843162e-03 1.40491654e-03 2.94374762e-03 -2.42078872e-03 6.32670860e-04 2.54314310e-03 8.32854190e-01 2.35407850e+00 -1.40977339e-02 2.62189432e-01
1.28474535e-03 -2.34256635e-03 -1.48674785e-03 2.67984151e-03 1.17440690e-03 3.09918242e-03 -2.72258910e-03 5.61550534e-04 2.87139966e-03 8.16434165e-01 2.41982460e+00 -1.68634512e-02 2.65039620e-01
5.72047732e-04 -1.76958673e-03 -1.63572340e-03 2.68205982e-03 1.01845320e-03 3.47100677e-03 -2.91012012e-03 1.73833945e-03 3.21384723e-03 8.70402685e-01 2.66786396e+00 1.86426570e-02 2.60023418e-01
1.36898303e-03 -2.67715240e-03 -1.81953607e-03 3.14076144e-03 1.40672195e-03 3.33121185e-03 -3.29770788e-03 9.36623479e-04 3.43388698e-03 8.72962434e-01 2.74523234e+00 1.85528683e-02 2.56946818e-01
6.71578869e-04 -1.68043120e-03 -1.28085154e-03 2.15433198e-03 7.58973164e-04 3.02639214e-03 -2.35609424e-03 1.19922112e-03 2.60875432e-03 8.13999866e-01 2.33390994e+00 -1.67970208e-02 2.66110426e-01
1.47431333e-03 -2.63428947e-03 -1.36935681e-03 2.76394654e-03 6.47966089e-04 3.76822406e-03 -3.02943922e-03 7.46292148e-04 3.26672232e-03 8.27318212e-01 2.63384670e+00 2.28420203e-02 2.74060914e-01
7.53221131e-04 -1.79205597e-03 -1.55889713e-03 2.45576167e-03 1.29294645e-03 2.66109634e-03 -2.60917256e-03 1.23222586e-03 2.75687219e-03 8.54214001e-01 2.44070978e+00 -2.00409683e-02 2.49176587e-01
1.81365056e-03 -2.54417214e-03 -1.12166052e-03 2.56011509e-03 5.67185730e-04 3.60197550e-03 -2.69409901e-03 -9.98703255e-05 2.78915707e-03 7.99885605e-01 2.42178585e+00 9.26653183e-03 2.79249423e-01
8.16468009e-04 -1.32509558e-03 -1.44771999e-03 2.46662480e-03 1.41989438e-03 2.49384390e-03 -2.81276918e-03 1.63758345e-03 2.91578008e-03 8.79203641e-01 2.60433834e+00 -8.63311786e-03 2.39697421e-01
1.32266919e-03 -2.57247674e-03 -1.66750109e-03 3.10761574e-03 1.25295048e-03 4.02713289e-03 -3.27710390e-03 1.24478607e-03 3.53526538e-03 8.71608024e-01 2.64020148e+00 9.75905117e-03 2.64735821e-01
8.48758223e-04 -1.71406382e-03 -1.21885853e-03 2.21524223e-03 9.91574225e-04 2.57567870e-03 -2.32274797e-03 9.58137265e-04 2.46424718e-03 8.13454586e-01 2.42275230e+00 -9.23650562e-03 2.58665241e-01
7.88672269e-04 -1.66001204e-03 -1.60414067e-03 2.53329057e-03 1.42346481e-03 2.67215161e-03 -2.78870835e-03 1.46564556e-03 2.91905342e-03 8.38432251e-01 2.61720405e+00 -2.30470480e-02 2.46766257e-01
1.66108436e-03 -2.53968674e-03 -1.13551880e-03 2.59569562e-03 5.84450995e-04 3.57558863e-03 -2.79413922e-03 3.34380890e-04 2.94395887e-03 8.46372010e-01 2.44107819e+00 2.66657913e-02 2.74788926e-01
4.91943763e-04 -1.41637648e-03 -1.62352738e-03 2.74448326e-03 1.21259428e-03 3.97575665e-03 -2.97036094e-03 2.11908245e-03 3.36448576e-03 8.87023988e-01 2.61607362e+00 8.99715842e-03 2.60335706e-01
1.34130193e-03 -2.29966320e-03 -1.47006401e-03 2.59480151e-03 1.10568599e-03 2.64635161e-03 -2.62615903e-03 1.95866508e-04 2.69571263e-03 7.97373130e-01 2.45146066e+00 -8.56160486e-03 2.64077982e-01
5.07255651e-04 -1.21407595e-03 -1.42527831e-03 2.47856103e-03 1.17194826e-03 3.56491996e-03 -2.69259779e-03 1.93102656e-03 3.03548633e-03 8.51865700e-01 2.53515697e+00 -1.02444006e-02 2.59025820e-01
1.45960855e-03 -2.51721872e-03 -1.61790401e-03 2.84972631e-03 1.13823054e-03 2.92646647e-03 -2.88356195e-03 1.62559119e-04 2.94680922e-03 8.31154319e-01 2.52578420e+00 1.09827600e-02 2.64174148e-01
1.73508771e-03 -2.66101160e-03 -1.21637098e-03 2.69802777e-03 6.89100927e-04 3.83416112e-03 -2.90677875e-03 3.92084704e-04 3.09531061e-03 8.11368663e-01 2.56886725e+00 1.52928321e-02 2.77402322e-01
6.63900941e-04 -1.63834840e-03 -1.57842017e-03 2.44247266e-03 1.22633848e-03 2.46672846e-03 -2.69222649e-03 1.40128754e-03 2.81836664e-03 8.68293041e-01 2.49252392e+00 -1.38838352e-02 2.43379409e-01
9.77817461e-04 -1.93072088e-03 -1.29104951e-03 2.28033370e-03 1.04495722e-03 2.70244479e-03 -2.29037240e-03 6.10560787e-04 2.42484899e-03 8.24943336e-01 2.29834934e+00 -1.03344935e-02 2.63262092e-01
8.14452989e-04 -2.14764611e-03 -1.82924906e-03 3.08418668e-03 1.14589500e-03 3.99489385e-03 -3.36367954e-03 1.86952851e-03 3.71095346e-03 8.60164890e-01 2.78394008e+00 1.10085783e-02 2.62506002e-01
1.14328718e-03 -2.44434360e-03 -1.54215435e-03 2.82177477e-03 8.31934744e-04 3.81648695e-03 -3.07403180e-03 1.19153941e-03 3.34208741e-03 8.50779441e-01 2.67863253e+00 2.27219008e-02 2.68233149e-01
9.28663086e-04 -1.87510508e-03 -1.40403730e-03 2.40348817e-03 1.20214938e-03 2.69374838e-03 -2.51967964e-03 9.92426940e-04 2.65366933e-03 8.34542213e-01 2.39040957e+00 -2.00509114e-02 2.54727596e-01
1.76045799e-03 -2.54684448e-03 -1.36362852e-03 2.82552681e-03 8.12335030e-04 3.56082203e-03 -2.80414825e-03 -2.45330996e-04 2.86818821e-03 8.21611436e-01 2.37324035e+00 1.00288804e-02 2.77253226e-01
8.13332894e-04 -8.81505591e-04 -1.21826508e-03 2.44292011e-03 1.52618692e-03 2.75649875e-03 -2.72734262e-03 1.86384253e-03 2.89371454e-03 8.60435643e-01 2.69537431e+00 -9.37518866e-03 2.42228380e-01
1.05641491e-03 -2.25882748e-03 -1.40303353e-03 2.58046395e-03 6.91085072e-04 3.38548422e-03 -2.83323021e-03 1.05477954e-03 3.06575876e-03 8.41158686e-01 2.64065133e+00 3.08247952e-02 2.68265954e-01
1.04047394e-03 -2.11482430e-03 -1.56681944e-03 2.66078560e-03 1.35872081e-03 3.08110794e-03 -2.75915684e-03 1.04957777e-03 2.91927049e-03 8.42730491e-01 2.42663129e+00 -2.60723203e-02 2.55252864e-01
1.33974501e-03 -2.43504909e-03 -1.79657733e-03 3.13025772e-03 1.73230055e-03 3.25901485e-03 -3.26675396e-03 1.16472993e-03 3.37419374e-03 8.88626524e-01 2.69603818e+00 7.62318983e-03 2.50935847e-01
8.14465057e-04 -1.84113581e-03 -1.15882775e-03 2.07796705e-03 4.77391379e-04 3.06427928e-03 -2.32770928e-03 9.73264064e-04 2.56748634e-03 7.95178436e-01 2.35288805e+00 -7.29852284e-03 2.71458195e-01
9.66215200e-04 -1.84495936e-03 -1.73854909e-03 2.90356976e-03 1.61964908e-03 3.15289903e-03 -3.20123728e-03 1.73129984e-03 3.37654603e-03 8.84476527e-01 2.71254170e+00 -1.91571008e-03 2.47557798e-01
1.35305513e-03 -2.17457146e-03 -1.05485158e-03 2.23721597e-03 5.63582364e-04 3.05826879e-03 -2.36233819e-03 2.49134237e-04 2.49264673e-03 7.96203383e-01 2.32462239e+00 2.04392694e-03 2.75053351e-01
1.60634001e-03 -2.78689074e-03 -1.80428002e-03 3.09674344e-03 1.32143216e-03 2.98456487e-03 -3.21114011e-03 2.79027496e-04 3.26502645e-03 8.34604524e-01 2.63242914e+00 2.54202668e-04 2.58556457e-01
4.22407094e-04 -1.25425789e-03 -1.34772865e-03 2.19831419e-03 9.14389913e-04 3.36669778e-03 -2.42193305e-03 1.68741202e-03 2.76400132e-03 8.49340744e-01 2.42346338e+00 -2.01092779e-04 2.64965127e-01
1.30389522e-03 -2.63017214e-03 -1.67286536e-03 3.06581693e-03 1.10875559e-03 4.21722872e-03 -3.28448323e-03 1.26247625e-03 3.57798570e-03 8.54531990e-01 2.82782946e+00 3.11448032e-02 2.70290858e-01
8.61906734e-04 -1.81649654e-03 -1.31059506e-03 2.23784874e-03 9.79962619e-04 2.44504183e-03 -2.38788101e-03 8.96128331e-04 2.51156360e-03 8.31907358e-01 2.27777038e+00 -2.63728018e-02 2.52543924e-01
7.71944407e-04 -1.55080986e-03 -1.32682451e-03 2.29713696e-03 1.24718168e-03 2.62515093e-03 -2.43508497e-03 1.25138800e-03 2.57822073e-03 8.26938029e-01 2.42320134e+00 -2.77962114e-02 2.51098044e-01
1.61771974e-03 -2.79930275e-03 -1.47360888e-03 3.00920938e-03 8.28680339e-04 3.92945087e-03 -3.22315071e-03 6.99339167e-04 3.42646799e-03 8.60771010e-01 2.66352387e+00 3.31019220e-02 2.71074535e-01
1.17375784e-03 -2.80130245e-04 -5.67721813e-04 2.10662659e-03 1.83859020e-03 3.44197451e-03 -2.25018966e-03 1.85432853e-03 2.58245717e-03 8.56184992e-01 2.51043114e+00 -8.82031240e-03 2.55348289e-01
1.51672409e-03 -2.57562038e-03 -1.93313992e-03 3.31904440e-03 1.37618700e-03 3.41833494e-03 -3.07646783e-03 -2.32203915e-04 3.10158363e-03 8.26492968e-01 2.52948148e+00 9.39290488e-03 2.67484210e-01
1.41652590e-03 -2.29732380e-03 -1.45791798e-03 2.68733361e-03 1.27765217e-03 3.14602800e-03 -2.59655625e-03 1.68381406e-04 2.68477133e-03 8.19889949e-01 2.36151801e+00 -8.33103372e-03 2.68301810e-01
4.71702359e-04 -1.16924695e-03 -1.49547078e-03 2.65116365e-03 1.06169057e-03 3.47425317e-03 -2.96494061e-03 2.13514917e-03 3.29570990e-03 8.64980392e-01 2.71132909e+00 8.76841014e-03 2.54315262e-01
1.76395759e-03 -2.41629558e-03 -1.17580333e-03 2.59315853e-03 5.52833176e-04 3.20342022e-03 -2.64601764e-03 -3.70493539e-04 2.68521452e-03 7.97308018e-01 2.29013048e+00 1.21999862e-03 2.78118003e-01
9.81182773e-04 -8.82961139e-04 -1.24165142e-03 2.64449990e-03 1.87872118e-03 2.95839950e-03 -2.87578019e-03 1.96887567e-03 3.01702348e-03 8.83784505e-01 2.78141468e+00 -1.11803729e-03 2.40959511e-01
8.65026294e-04 -2.02557060e-03 -1.54481381e-03 2.70844119e-03 1.13396902e-03 4.14393725e-03 -2.86633722e-03 1.56575256e-03 3.21324698e-03 8.58042621e-01 2.65338414e+00 1.90877199e-02 2.70617191e-01
1.22444117e-03 -2.14922508e-03 -1.37557889e-03 2.51707970e-03 1.07435194e-03 2.45917906e-03 -2.69183681e-03 6.68328771e-04 2.75823929e-03 8.27847885e-01 2.42082039e+00 -1.71850599e-02 2.52180896e-01
1.84605611e-03 -3.03256226e-03 -1.69038265e-03 3.38210704e-03 1.26178790e-03 4.15888243e-03 -3.42939654e-03 4.73295738e-04 3.61237116e-03 8.38807103e-01 2.85929351e+00 3.47478581e-02 2.73050092e-01
5.03612086e-04 -1.37595088e-03 -1.31278098e-03 2.15225271e-03 9.50771178e-04 2.56818482e-03 -2.33018915e-03 1.36280359e-03 2.52697130e-03 8.44534038e-01 2.27079438e+00 -2.88206098e-02 2.50461183e-01
1.76900957e-03 -2.84448057e-03 -1.86059676e-03 3.43158682e-03 1.05633815e-03 3.54560075e-03 -3.29917242e-03 -3.76382925e-04 3.34083347e-03 8.24531806e-01 2.59831856e+00 2.16516717e-02 2.72412284e-01
9.61766254e-04 -4.50852200e-04 -7.85076012e-04 2.18740423e-03 1.80166832e-03 3.17329612e-03 -2.27385433e-03 1.81022334e-03 2.54614826e-03 8.56605328e-01 2.48809795e+00 -1.90982135e-02 2.50668353e-01
1.34093451e-03 -2.16394135e-03 -1.12291025e-03 2.32557354e-03 8.55048545e-04 3.34583143e-03 -2.36150521e-03 3.75771867e-04 2.51917806e-03 8.19190595e-01 2.24221768e+00 -9.77866165e-03 2.75140821e-01
7.60628404e-04 -1.87552952e-03 -1.83261189e-03 2.88819830e-03 1.26237335e-03 2.87528847e-03 -3.26973059e-03 1.75198982e-03 3.43261740e-03 8.65965885e-01 2.85246216e+00 1.03716342e-02 2.47768940e-01
6.01635131e-04 -1.61972395e-03 -1.55877694e-03 2.48262144e-03 1.05181445e-03 2.84257344e-03 -2.75473558e-03 1.55937349e-03 2.96522695e-03 8.37393221e-01 2.58671729e+00 -9.60986491e-03 2.53177113e-01
1.47843325e-03 -2.49233840e-03 -1.38914167e-03 2.75440680e-03 1.05791447e-03 3.54993418e-03 -2.80878948e-03 5.00533543e-04 2.96698579e-03 8.46986426e-01 2.47035311e+00 1.02239062e-02 2.69779195e-01
1.41060052e-03 -2.41857719e-03 -1.32975363e-03 2.68846155e-03 8.84888115e-04 3.32104947e-03 -2.82416105e-03 6.08429783e-04 2.98094330e-03 8.00412242e-01 2.64826357e+00 9.94965238e-03 2.69434497e-01
7.59973605e-04 -1.81740148e-03 -1.52833118e-03 2.51126426e-03 1.19435791e-03 3.01716278e-03 -2.68060824e-03 1.35822983e-03 2.88591289e-03 8.78584473e-01 2.38822617e+00 -9.24281815e-03 2.53551317e-01
1.60870521e-03 -2.43722502e-03 -1.39811163e-03 2.75099919e-03 8.32972485e-04 3.12130388e-03 -2.72985691e-03 -2.25040345e-04 2.76879325e-03 8.34923850e-01 2.33484162e+00 1.41838650e-02 2.71832583e-01
9.50228216e-04 -8.49935010e-04 -1.14350992e-03 2.52415205e-03 1.74912764e-03 3.30985625e-03 -2.73597662e-03 1.96900804e-03 2.98210732e-03 8.48344063e-01 2.71848940e+00 -1.30293863e-02 2.50002858e-01
8.14514539e-04 -1.75557260e-03 -1.34918061e-03 2.41622489e-03 1.10780471e-03 2.86672810e-03 -2.52920072e-03 1.20189048e-03 2.70505847e-03 8.54246116e-01 2.37226886e+00 -1.26695897e-02 2.54790657e-01
1.28910460e-03 -2.52433347e-03 -1.57514789e-03 2.87653596e-03 1.04852608e-03 3.63647598e-03 -3.04212591e-03 9.36957415e-04 3.26736328e-03 8.28200926e-01 2.70010273e+00 1.37873462e-02 2.68790186e-01
1.75376690e-03 -3.02345639e-03 -1.93262207e-03 3.44917979e-03 1.46937272e-03 3.92473400e-03 -3.38971546e-03 1.98613182e-04 3.50053626e-03 8.63548773e-01 2.73406577e+00 2.98458817e-02 2.68195943e-01
4.84060835e-04 -9.27625711e-04 -1.10992486e-03 2.07815425e-03 9.79705825e-04 2.79903081e-03 -2.27651540e-03 1.62221515e-03 2.52722653e-03 8.24250385e-01 2.34999654e+00 -2.54793300e-02 2.54758646e-01
6.98511111e-04 -1.96961734e-03 -1.57513537e-03 2.56842778e-03 6.92563515e-04 4.42979131e-03 -2.94458998e-03 1.77504979e-03 3.38235611e-03 8.48998665e-01 2.68233238e+00 2.32662473e-02 2.74591604e-01
1.27021262e-03 -2.15152594e-03 -1.49281517e-03 2.53509818e-03 1.34163431e-03 2.28141538e-03 -2.65651449e-03 4.97121133e-04 2.67704406e-03 8.36107327e-01 2.38583532e+00 -2.04678781e-02 2.48818776e-01
1.48448001e-03 -2.42268192e-03 -1.48522920e-03 2.80092898e-03 1.12054673e-03 3.23467953e-03 -2.72761022e-03 8.28536468e-05 2.82823106e-03 8.10827482e-01 2.40916229e+00 -3.35911523e-03 2.71473138e-01
5.15397046e-04 -1.02934852e-03 -1.42732382e-03 2.64392784e-03 1.33701838e-03 3.39713361e-03 -2.84418495e-03 2.10176771e-03 3.14653326e-03 8.72739034e-01 2.67390909e+00 3.46737843e-03 2.51853510e-01
9.52288770e-04 -1.96635829e-03 -1.46594091e-03 2.59800015e-03 1.17737034e-03 2.89935686e-03 -2.74440707e-03 1.16174498e-03 2.89477702e-03 8.48313154e-01 2.46966510e+00 -1.31076645e-02 2.53310431e-01
1.12268338e-03 -2.23932269e-03 -1.41649747e-03 2.63837352e-03 9.69419602e-04 3.57260295e-03 -2.78508352e-03 1.02743635e-03 3.01807894e-03 8.34940687e-01 2.59016395e+00 1.42758934e-02 2.69258103e-01
8.81444053e-04 -1.91172774e-03 -1.37849285e-03 2.50631593e-03 9.44444840e-04 3.03828696e-03 -2.68725893e-03 1.21732361e-03 2.88370499e-03 8.60149814e-01 2.42253165e+00 6.69194867e-04 2.58349435e-01
1.19715666e-03 -2.23608672e-03 -1.46688677e-03 2.73404033e-03 1.28145406e-03 3.42225546e-03 -2.80420362e-03 9.85320830e-04 2.99102557e-03 8.23514625e-01 2.62947175e+00 -6.12616984e-04 2.64607062e-01
7.42164535e-04 -1.74174554e-03 -1.41122299e-03 2.28562121e-03 1.11710415e-03 2.53392429e-03 -2.41380936e-03 1.06724101e-03 2.55921603e-03 8.47118501e-01 2.28184214e+00 -2.84430037e-02 2.50403520e-01
1.52968668e-03 -2.80506335e-03 -1.54694842e-03 3.03806698e-03 8.65209760e-04 4.09400256e-03 -3.28557448e-03 9.16147410e-04 3.54787223e-03 8.35476343e-01 2.82562373e+00 3.42296237e-02 2.73249969e-01
7.39674624e-04 -1.40812741e-03 -1.45582092e-03 2.52765071e-03 1.27361890e-03 2.75410764e-03 -2.82608187e-03 1.67996074e-03 2.99230391e-03 8.51812842e-01 2.57506593e+00 -1.89769136e-02 2.45325211e-01
1.59206890e-03 -2.51746814e-03 -1.30617780e-03 2.67853706e-03 8.70258679e-04 3.64709073e-03 -2.71871018e-03 1.86174919e-04 2.85659327e-03 8.30367406e-01 2.47986308e+00 2.14646827e-02 2.76219043e-01
1.41448430e-03 -2.44708077e-03 -1.73762203e-03 2.94956550e-03 1.76852077e-03 3.27503070e-03 -2.83819801e-03 4.40239059e-04 2.92698339e-03 8.42256418e-01 2.48617436e+00 -1.49629336e-02 2.59578737e-01
3.57621580e-04 -1.32295762e-03 -1.39315606e-03 2.32610634e-03 4.85688864e-04 3.45174146e-03 -2.71590485e-03 1.87641758e-03 3.08852957e-03 8.41762498e-01 2.55804270e+00 1.64523842e-02 2.65484633e-01
1.00747057e-03 -2.03966669e-03 -1.42554252e-03 2.54799175e-03 1.21158119e-03 3.12646474e-03 -2.59696048e-03 9.70820579e-04 2.77509739e-03 8.51095042e-01 2.33027429e+00 -1.99333369e-02 2.58970678e-01
1.07712748e-03 -2.30153767e-03 -1.53763863e-03 2.74630482e-03 9.26370493e-04 3.36548676e-03 -2.98360009e-03 1.15860094e-03 3.21089682e-03 8.31157008e-01 2.74898794e+00 2.26793164e-02 2.65751098e-01
7.88008438e-04 -5.65254642e-04 -9.32521367e-04 2.32838866e-03 1.36473479e-03 2.97003834e-03 -2.55925280e-03 1.94213456e-03 2.79758550e-03 8.38146890e-01 2.52621310e+00 -2.57744218e-02 2.45478886e-01
1.59573543e-03 -2.56559672e-03 -1.69485423e-03 3.15201548e-03 1.42051715e-03 4.00481524e-03 -2.88503434e-03 -4.94425730e-05 2.98303258e-03 8.46842458e-01 2.55075464e+00 3.03710047e-02 2.75958125e-01
5.43247047e-04 -1.09757032e-03 -1.33303893e-03 2.27103002e-03 1.32727706e-03 2.84542490e-03 -2.43592072e-03 1.65095166e-03 2.66228222e-03 8.62317794e-01 2.47370929e+00 -1.00980979e-02 2.51468993e-01
1.87893660e-03 -2.87441526e-03 -1.50401140e-03 3.12085665e-03 8.59466002e-04 3.49723110e-03 -3.20722924e-03 -2.00467120e-05 3.29467141e-03 8.19312394e-01 2.58463865e+00 1.08539943e-02 2.71255779e-01
1.35901936e-03 -2.48003264e-03 -1.37743807e-03 2.75661309e-03 9.16717959e-04 4.14248778e-03 -2.90859119e-03 9.43541588e-04 3.17506110e-03 8.53614234e-01 2.65141800e+00 3.52245572e-02 2.75041470e-01
8.85511166e-04 -1.91676643e-03 -1.52021476e-03 2.45383492e-03 1.12236339e-03 2.44274476e-03 -2.70137502e-03 1.10530124e-03 2.81231585e-03 8.32917813e-01 2.43340349e+00 -2.92355863e-02 2.47115949e-01
8.60631514e-04 -1.74844913e-03 -1.61353729e-03 2.70163737e-03 1.39759809e-03 2.94733620e-03 -2.97852390e-03 1.59886667e-03 3.13952809e-03 8.44168046e-01 2.72500574e+00 -9.97152078e-03 2.49506491e-01
1.39053218e-03 -2.31316559e-03 -1.19836604e-03 2.45552534e-03 7.35948135e-04 3.29437397e-03 -2.57137616e-03 4.01626397e-04 2.72224720e-03 8.39679105e-01 2.33542677e+00 1.06493840e-02 2.72672868e-01
1.53404942e-03 -2.30009890e-03 -1.29014961e-03 2.60127543e-03 8.54208597e-04 3.15193234e-03 -2.55383896e-03 -1.42955279e-04 2.61009269e-03 7.90539511e-01 2.39515916e+00 1.91170703e-03 2.74213871e-01
8.32745591e-04 -1.03838794e-03 -1.33817571e-03 2.61348332e-03 1.56624805e-03 3.23477756e-03 -2.90205722e-03 2.00586047e-03 3.14652532e-03 8.89433241e-01 2.63222407e+00 -1.77754799e-03 2.46902118e-01
7.09137964e-04 -1.81927235e-03 -1.44110862e-03 2.51463499e-03 8.04730418e-04 2.96100942e-03 -2.75192768e-03 1.38557120e-03 2.96129764e-03 8.21951688e-01 2.51897409e+00 -1.41003544e-02 2.56476862e-01
1.25074936e-03 -2.27820831e-03 -1.48779378e-03 2.77024460e-03 1.39861879e-03 3.55961213e-03 -2.77282525e-03 8.95276957e-04 2.96128381e-03 8.63920713e-01 2.54051896e+00 1.53458860e-02 2.66302603e-01
1.02375188e-03 -1.80837852e-03 -1.46046836e-03 2.55303443e-03 1.32195195e-03 2.34107568e-03 -2.83084937e-03 1.22530550e-03 2.86870711e-03 8.33829263e-01 2.53630343e+00 -3.42516087e-02 2.38981481e-01
1.59780688e-03 -2.52143095e-03 -1.16197735e-03 2.52250208e-03 7.06972398e-04 4.16368415e-03 -2.74871772e-03 6.14640514e-04 2.98568872e-03 8.53005068e-01 2.54837092e+00 4.27797018e-02 2.80158735e-01
7.90759403e-04 -4.48716878e-04 -8.76971160e-04 2.26253021e-03 1.55096123e-03 3.17951485e-03 -2.40288564e-03 1.93679617e-03 2.68826310e-03 8.67692187e-01 2.49761930e+00 -9.24578383e-03 2.49536160e-01
1.66975120e-03 -2.62822055e-03 -1.76060896e-03 3.28883466e-03 1.34529424e-03 3.64388082e-03 -3.06377135e-03 -1.73140619e-04 3.12529318e-03 8.13281756e-01 2.57328333e+00 9.90988983e-03 2.72434871e-01
1.66719796e-03 -2.91816557e-03 -1.99395690e-03 3.38378170e-03 1.60592515e-03 3.59632172e-03 -3.32809360e-03 2.17632293e-04 3.41530207e-03 8.47506123e-01 2.69100711e+00 1.20357009e-02 2.64575973e-01
4.08218026e-04 -9.28078896e-04 -1.15139736e-03 2.07857107e-03 8.56173676e-04 3.01799613e-03 -2.31980408e-03 1.71133568e-03 2.62454882e-03 8.36976768e-01 2.37868424e+00 -1.12107392e-02 2.58670221e-01
1.35054986e-03 -2.22162216e-03 -1.54277161e-03 2.80344764e-03 1.31717844e-03 3.24255403e-03 -2.56239538e-03 -3.38779184e-05 2.62696665e-03 8.44481468e-01 2.32035854e+00 9.29014622e-03 2.69835890e-01
9.79449245e-04 -6.00473172e-04 -9.88372199e-04 2.54845998e-03 1.70547141e-03 3.75383564e-03 -2.76805432e-03 2.18984298e-03 3.13571710e-03 8.39729483e-01 2.73177167e+00 -8.76861569e-03 2.56029104e-01
1.22665926e-03 -2.25727874e-03 -1.35776332e-03 2.65090209e-03 1.03678575e-03 3.48874328e-03 -2.75298981e-03 8.98041607e-04 2.95409623e-03 8.53478848e-01 2.42147166e+00 6.47261044e-04 2.66169306e-01
8.75895559e-04 -1.97357703e-03 -1.53755607e-03 2.56949151e-03 1.12172636e-03 2.90189719e-03 -2.77695651e-03 1.24022108e-03 2.95085893e-03 8.30431027e-01 2.63864368e+00 -5.93328715e-04 2.57069795e-01
1.74295508e-03 -2.82050406e-03 -1.65049122e-03 3.15523251e-03 1.06333314e-03 3.12862471e-03 -3.22791674e-03 7.06803203e-05 3.28988125e-03 8.27016049e-01 2.62849110e+00 1.26010656e-02 2.65105880e-01
5.51451810e-04 -1.15545716e-03 -1.31997644e-03 2.28369264e-03 1.31045378e-03 3.32009652e-03 -2.42509497e-03 1.72193115e-03 2.74086732e-03 8.55392894e-01 2.44869285e+00 -1.16456375e-02 2.59700665e-01
1.04537977e-03 -2.21551977e-03 -1.66065882e-03 2.82945778e-03 1.60855821e-03 3.71486106e-03 -2.78888403e-03 1.14923423e-03 3.02644558e-03 8.78728194e-01 2.55259422e+00 1.07224593e-02 2.64761076e-01
8.39738735e-04 -1.99806172e-03 -1.37858299e-03 2.49696469e-03 6.10270569e-04 2.87775080e-03 -2.76298183e-03 1.17142475e-03 2.97127767e-03 8.06498489e-01 2.51082747e+00 -1.01106361e-02 2.60699164e-01
7.73362461e-04 -1.89322158e-03 -1.48553221e-03 2.42405927e-03 8.79858580e-04 2.50837002e-03 -2.67967068e-03 1.14656996e-03 2.83448561e-03 8.05268188e-01 2.63211091e+00 -2.99104566e-03 2.56497980e-01
1.24043766e-03 -2.43675725e-03 -1.54996169e-03 2.84935775e-03 1.26462379e-03 4.00966817e-03 -2.87113589e-03 9.60240450e-04 3.12497365e-03 8.77850445e-01 2.42578941e+00 3.08938869e-03 2.69225643e-01
6.22904734e-04 -2.01414773e-03 -1.81395545e-03 2.89289881e-03 1.03385282e-03 3.60933084e-03 -3.15611865e-03 1.77632243e-03 3.45839612e-03 8.78310288e-01 2.68588851e+00 1.38194167e-02 2.58035995e-01
1.17527258e-03 -2.11150007e-03 -1.31053440e-03 2.40339168e-03 1.04590738e-03 2.84549696e-03 -2.47570050e-03 5.81000363e-04 2.61290447e-03 8.07736894e-01 2.38573377e+00 -1.28298055e-02 2.65348225e-01
1.67376863e-03 -2.47070094e-03 -1.18777893e-03 2.57680398e-03 6.87643828e-04 3.34594247e-03 -2.66387989e-03 -1.49144939e-05 2.75498494e-03 8.00233397e-01 2.38619837e+00 -1.60409673e-03 2.75062584e-01
8.39680504e-04 -1.29480427e-03 -1.40726480e-03 2.54468175e-03 1.51694400e-03 2.86125350e-03 -2.81534015e-03 1.73505168e-03 2.97651514e-03 8.82046212e-01 2.64031600e+00 1.68170546e-03 2.46342058e-01
1.56849829e-03 -2.44882129e-03 -1.43941200e-03 2.82850641e-03 1.24080153e-03 3.89915539e-03 -2.66423036e-03 8.54261824e-05 2.79105649e-03 8.37358709e-01 2.39339003e+00 8.78536687e-03 2.77329065e-01
5.31207879e-04 -9.48356618e-04 -1.35691338e-03 2.50338341e-03 1.11633024e-03 2.75031882e-03 -2.83223143e-03 1.96716633e-03 3.03803709e-03 8.46353126e-01 2.67314768e+00 -8.29828573e-03 2.44658024e-01
8.08719738e-04 -1.50365329e-03 -1.66289967e-03 2.65866534e-03 1.44390867e-03 2.50941653e-03 -3.07059766e-03 1.72385632e-03 3.15776904e-03 8.86639976e-01 2.71516171e+00 -2.53337127e-03 2.38245868e-01
1.71002862e-03 -2.37486662e-03 -9.99690750e-04 2.33260068e-03 5.13815003e-04 3.45821480e-03 -2.48057171e-03 -4.99906564e-05 2.58384653e-03 7.93468821e-01 2.32489288e+00 2.69062748e-03 2.80504571e-01
1.98089725e-03 -2.91663136e-03 -1.58303648e-03 3.25635761e-03 7.73189282e-04 3.70225663e-03 -3.26252931e-03 -3.81173781e-04 3.31802392e-03 8.34050260e-01 2.51537636e+00 2.16094130e-02 2.75763891e-01
8.18938700e-04 -6.96285115e-04 -1.01743144e-03 2.25108304e-03 1.65181344e-03 2.76934109e-03 -2.38981201e-03 1.72863074e-03 2.57043129e-03 8.48757163e-01 2.56836032e+00 -1.91072713e-02 2.45591670e-01
1.75829879e-03 -2.74782006e-03 -1.46561620e-03 2.94292814e-03 9.23136304e-04 3.71023838e-03 -2.99971862e-03 7.55454007e-05 3.11890398e-03 8.20112340e-01 2.52116492e+00 7.79713582e-03 2.74430236e-01
6.00285285e-04 -1.17010594e-03 -1.34182171e-03 2.32821543e-03 1.19994965e-03 2.64413695e-03 -2.58628787e-03 1.65531679e-03 2.76439652e-03 8.62068155e-01 2.53531083e+00 -7.36314004e-03 2.46330646e-01
1.22190116e-03 -2.26959882e-03 -1.34835619e-03 2.62925905e-03 8.82497266e-04 3.18211086e-03 -2.79413768e-03 8.44925214e-04 2.97878366e-03 8.39460491e-01 2.42182902e+00 -3.07722269e-03 2.64343557e-01
9.10954343e-04 -1.90595667e-03 -1.50311168e-03 2.67473616e-03 1.40518874e-03 3.29142764e-03 -2.74034026e-03 1.34334836e-03 2.94672357e-03 8.44629079e-01 2.64868667e+00 3.18383961e-03 2.59753176e-01
1.26404855e-03 -2.31961735e-03 -1.43586286e-03 2.73308866e-03 1.11770534e-03 3.32335281e-03 -2.82400441e-03 8.22172936e-04 2.99106083e-03 8.29689325e-01 2.64397261e+00 1.52268392e-02 2.66085332e-01
7.94144719e-04 -1.92601925e-03 -1.51162729e-03 2.52419576e-03 1.02556695e-03 3.09845474e-03 -2.72308769e-03 1.30557703e-03 2.94312702e-03 8.52838986e-01 2.41848088e+00 -1.38952413e-02 2.57057295e-01
1.22533655e-03 -2.52251029e-03 -1.65906954e-03 2.91134164e-03 9.85632514e-04 3.05534070e-03 -3.16236457e-03 9.53100930e-04 3.31915434e-03 8.71470918e-01 2.60380747e+00 1.76510519e-02 2.57664165e-01
7.74836530e-04 -1.81936316e-03 -1.39856485e-03 2.37585163e-03 1.11378103e-03 3.30718480e-03 -2.46776029e-03 1.22893247e-03 2.72183744e-03 8.15226858e-01 2.46739700e+00 -1.60501534e-02 2.65923735e-01
5.44880754e-04 -1.31929335e-03 -1.48107938e-03 2.45210614e-03 1.18542148e-03 2.72256558e-03 -2.70633462e-03 1.70486718e-03 2.89725198e-03 8.76964266e-01 2.58607716e+00 4.12070699e-03 2.47075341e-01
1.67437554e-03 -2.61733561e-03 -1.38398990e-03 2.83312647e-03 9.45670807e-04 3.61817378e-03 -2.87978558e-03 1.87466135e-04 3.01628594e-03 8.06505315e-01 2.47803707e+00 -3.98904564e-03 2.74282603e-01
7.22697783e-04 -1.69035098e-03 -1.60678886e-03 2.58120209e-03 1.41635295e-03 2.85201393e-03 -2.76071069e-03 1.50775757e-03 2.93673366e-03 8.85874111e-01 2.53082647e+00 -3.61904600e-03 2.47999224e-01
1.57296428e-03 -2.54640301e-03 -1.23289216e-03 2.62230714e-03 6.40076334e-04 3.46891279e-03 -2.81251961e-03 3.84961912e-04 2.98880249e-03 7.93999971e-01 2.52408762e+00 3.82897749e-03 2.75322681e-01
1.68582522e-03 -2.43734417e-03 -1.18779794e-03 2.51943923e-03 3.75602155e-04 2.89874246e-03 -2.65535442e-03 -3.61147428e-04 2.69299258e-03 7.97348432e-01 2.25887352e+00 -4.46852470e-04 2.75832256e-01
9.77946731e-04 -1.07597481e-03 -1.39382952e-03 2.71344100e-03 1.98202639e-03 3.14075891e-03 -2.92845705e-03 1.95776449e-03 3.09828247e-03 8.84283747e-01 2.81315220e+00 5.24441877e-04 2.44802231e-01
1.85172012e-03 -2.96149379e-03 -1.67551895e-03 3.26147163e-03 1.00110324e-03 3.32678168e-03 -3.34958098e-03 9.37946970e-06 3.42124919e-03 8.47850249e-01 2.57484767e+00 1.58055579e-02 2.66236634e-01
5.28437903e-04 -1.08461660e-03 -1.30089302e-03 2.23360373e-03 1.32666868e-03 3.10131912e-03 -2.36861958e-03 1.67762571e-03 2.65354554e-03 8.36819366e-01 2.50609357e+00 -1.44411538e-02 2.58205584e-01
8.39883671e-04 -1.93513053e-03 -1.27623957e-03 2.27681270e-03 6.59811787e-04 3.24385334e-03 -2.48584122e-03 1.08135740e-03 2.73633092e-03 8.28740716e-01 2.44632717e+00 1.11327376e-02 2.69758932e-01
1.19060719e-03 -2.39965409e-03 -1.75811193e-03 2.91764300e-03 1.42389096e-03 3.08928614e-03 -3.10007008e-03 1.06542643e-03 3.24002235e-03 8.54005940e-01 2.60262027e+00 -1.03703813e-02 2.53471944e-01
6.46623401e-04 -1.80924442e-03 -1.54865663e-03 2.52840502e-03 1.07507372e-03 3.33282234e-03 -2.68334644e-03 1.47346262e-03 2.95674925e-03 8.45267219e-01 2.43171630e+00 -2.01455505e-02 2.59340498e-01
1.34640804e-03 -2.48775239e-03 -1.53498659e-03 2.80258063e-03 1.07135411e-03 3.10688705e-03 -2.93539442e-03 6.48125369e-04 3.08276063e-03 8.38160455e-01 2.64770487e+00 2.29131739e-02 2.65472672e-01
6.84262069e-04 -1.74850716e-03 -1.35482101e-03 2.37659311e-03 6.96811549e-04 3.19559580e-03 -2.63566462e-03 1.40905423e-03 2.91829819e-03 8.27320211e-01 2.47390490e+00 1.45501377e-04 2.65348224e-01
1.30999097e-03 -2.36029915e-03 -1.60408556e-03 2.92627200e-03 1.62413660e-03 3.42154567e-03 -2.88496929e-03 8.52560820e-04 3.03435129e-03 8.56410586e-01 2.58188784e+00 -8.98825034e-05 2.60321380e-01
1.52310923e-03 -2.42646081e-03 -1.29730644e-03 2.59458246e-03 7.03782148e-04 3.01139029e-03 -2.67110570e-03 1.49741220e-05 2.76753249e-03 8.14039064e-01 2.31116496e+00 -1.21474188e-03 2.72511967e-01
7.12320531e-04 -1.28000182e-03 -1.53119215e-03 2.76467143e-03 1.66478439e-03 3.35111061e-03 -2.92506602e-03 1.98183873e-03 3.16703064e-03 8.69238828e-01 2.77538405e+00 1.27847747e-03 2.50797497e-01
1.98326861e-03 -2.99517201e-03 -1.43820433e-03 3.15919960e-03 9.03551922e-04 4.09507520e-03 -3.29220079e-03 2.47312467e-04 3.45521916e-03 8.36573090e-01 2.67320258e+00 2.58992232e-02 2.75542836e-01
6.31050474e-04 -1.26600137e-03 -1.28254220e-03 2.21520241e-03 1.21088759e-03 2.47226493e-03 -2.39579962e-03 1.42106284e-03 2.54075121e-03 8.46500468e-01 2.41749927e+00 -2.24234949e-02 2.46175063e-01
5.25101654e-04 -1.27947272e-03 -1.62209602e-03 2.77895840e-03 1.19331562e-03 3.30174117e-03 -3.11818276e-03 2.14160308e-03 3.39722742e-03 8.91892310e-01 2.65397633e+00 2.48807539e-03 2.46970984e-01
1.40570137e-03 -2.20241284e-03 -1.29025806e-03 2.50157841e-03 1.03440499e-03 3.13064402e-03 -2.43618664e-03 7.54325764e-05 2.52540554e-03 7.89546867e-01 2.39668581e+00 -2.39029946e-03 2.73643914e-01
9.62265229e-04 -2.28917802e-03 -1.56934783e-03 2.87284379e-03 6.47383135e-04 3.57738029e-03 -3.21926827e-03 1.46822606e-03 3.49815098e-03 8.37440105e-01 2.73816878e+00 1.68977699e-02 2.64059856e-01
9.68207924e-04 -1.94280735e-03 -1.41799564e-03 2.41131457e-03 1.37612915e-03 2.97350021e-03 -2.39515319e-03 8.57054509e-04 2.55839775e-03 8.46030487e-01 2.33389392e+00 -1.53168907e-02 2.60848832e-01
7.34071359e-04 -1.47679681e-03 -1.69543496e-03 3.03693159e-03 1.38096852e-03 3.71098232e-03 -3.39431656e-03 2.26200950e-03 3.69825230e-03 8.81341592e-01 2.84855648e+00 1.05313869e-02 2.51589815e-01
1.24752423e-03 -1.98787246e-03 -1.16412878e-03 2.28385988e-03 9.82528680e-04 2.85407225e-03 -2.21824074e-03 1.65150907e-04 2.30807304e-03 8.03777061e-01 2.22998315e+00 -9.94356488e-03 2.71109259e-01
1.22161717e-03 -2.26536989e-03 -1.48723025e-03 2.55751649e-03 1.08317944e-03 2.66903670e-03 -2.63652747e-03 4.16869042e-04 2.71816885e-03 8.17242924e-01 2.40926716e+00 -1.45073413e-02 2.59255819e-01
6.58980658e-04 -1.66723144e-03 -1.56464810e-03 2.69480099e-03 1.09720867e-03 3.88500681e-03 -2.94581874e-03 1.88392440e-03 3.29986593e-03 8.68977772e-01 2.65498364e+00 1.58110903e-02 2.64028006e-01
1.97946819e-03 -2.68792282e-03 -1.24760557e-03 2.85277788e-03 9.19009923e-04 4.32138883e-03 -2.83469498e-03 -1.23053176e-04 2.94855550e-03 8.50397307e-01 2.43841088e+00 2.88111786e-02 2.82644197e-01
7.10896866e-04 -1.06340660e-03 -1.31647242e-03 2.32920004e-03 1.22407475e-03 2.19183459e-03 -2.71175654e-03 1.66110630e-03 2.79816431e-03 8.35182866e-01 2.63967905e+00 -2.46576298e-02 2.36626585e-01
8.85485771e-04 -2.23296439e-03 -1.55937459e-03 2.76970743e-03 5.78379507e-04 3.84840737e-03 -3.13017042e-03 1.52443509e-03 3.47112412e-03 8.33924313e-01 2.67960774e+00 1.47019695e-02 2.69193443e-01
9.82002155e-04 -1.99117541e-03 -1.50520901e-03 2.49070289e-03 1.44041431e-03 2.81498704e-03 -2.48637168e-03 8.31949771e-04 2.61814859e-03 8.49227362e-01 2.39125003e+00 -1.34659784e-02 2.56755249e-01
1.26410467e-03 -2.39079602e-03 -1.51817801e-03 2.86874639e-03 1.30798641e-03 3.96226409e-03 -2.89885635e-03 1.02200175e-03 3.14169312e-03 8.50970933e-01 2.74640246e+00 3.40032909e-02 2.71469981e-01
9.17055100e-04 -1.91803630e-03 -1.38201617e-03 2.48478203e-03 9.54174278e-04 2.69243200e-03 -2.68413223e-03 1.10591483e-03 2.82884127e-03 8.34968613e-01 2.35321307e+00 -2.83750987e-02 2.51316042e-01
5.79821583e-04 -1.37153215e-03 -1.56048677e-03 2.47609921e-03 1.09136912e-03 2.38318294e-03 -2.85888575e-03 1.67517065e-03 2.98135153e-03 8.47782514e-01 2.70282793e+00 -5.30505519e-03 2.42591783e-01
1.72230121e-03 -2.51510258e-03 -1.23095026e-03 2.69825709e-03 9.82604883e-04 3.94649997e-03 -2.69434102e-03 1.61388317e-04 2.83691324e-03 8.35960565e-01 2.36699235e+00 5.53621352e-03 2.78481962e-01
1.43249883e-03 -2.51867743e-03 -1.48171123e-03 2.87677566e-03 1.04658695e-03 3.25476031e-03 -3.01277518e-03 6.76816126e-04 3.15172974e-03 8.16275294e-01 2.71063867e+00 1.20410236e-02 2.65102123e-01
7.41037175e-04 -1.68600485e-03 -1.38170964e-03 2.40265427e-03 1.15001837e-03 3.15618767e-03 -2.51900277e-03 1.35092287e-03 2.75116450e-03 8.64746627e-01 2.34793273e+00 -1.11272545e-02 2.58621336e-01
9.86191966e-04 -1.95344042e-03 -1.46817606e-03 2.43288933e-03 1.33195021e-03 2.68980025e-03 -2.54378650e-03 9.41252759e-04 2.66653765e-03 8.27631862e-01 2.42441073e+00 -2.58851338e-02 2.53897909e-01
1.12613376e-03 -2.38586758e-03 -1.45934975e-03 2.78696693e-03 6.66346120e-04 3.85592624e-03 -3.07973682e-03 1.25153121e-03 3.35875526e-03 8.59610558e-01 2.65243286e+00 3.04318561e-02 2.69072915e-01
5.61949870e-04 -1.38958799e-03 -1.50494176e-03 2.59707590e-03 9.17332089e-04 4.30936463e-03 -2.97722547e-03 2.15891605e-03 3.44148001e-03 8.45543497e-01 2.72647247e+00 1.37140756e-02 2.68919086e-01
1.23263058e-03 -2.18903246e-03 -1.57324273e-03 2.58067530e-03 1.32641950e-03 2.50006516e-03 -2.57654868e-03 2.48429385e-04 2.60770585e-03 8.38837645e-01 2.33220383e+00 -1.26603440e-02 2.55038741e-01
2.14311463e-03 1.84206825e-04 1.28167019e-04 2.21402198e-03 2.69133521e-03 3.32738006e-03 -2.30390712e-03 1.81713223e-03 2.50435216e-03 8.62136584e-01 2.64897916e+00 -2.00965598e-02 2.40782819e-01
1.53444649e-03 -2.05788618e-03 -1.49288271e-03 3.16719139e-03 1.34314060e-03 3.92644022e-03 -2.64359756e-03 -3.71431571e-04 2.65630297e-03 8.17463360e-01 2.39966818e+00 2.29736475e-02 2.78319895e-01
1.78334870e-03 -2.91482614e-03 -1.70662386e-03 3.20727232e-03 1.09468651e-03 3.37689934e-03 -3.27690965e-03 6.63030482e-05 3.35902822e-03 8.17869051e-01 2.73047423e+00 1.86524732e-02 2.68455481e-01
4.68946760e-04 -1.15838471e-03 -1.32226510e-03 2.21760037e-03 1.13553451e-03 3.01813793e-03 -2.38777385e-03 1.64659737e-03 2.66579701e-03 8.62399728e-01 2.34498595e+00 -1.66771498e-02 2.55258484e-01
7.19841708e-04 -1.56849046e-03 -1.16596266e-03 2.10229242e-03 9.57523931e-04 2.70469899e-03 -2.17566930e-03 1.03753821e-03 2.36132304e-03 8.15565320e-01 2.35876280e+00 -7.96498553e-03 2.62875441e-01
1.37442982e-03 -2.83002724e-03 -1.88397038e-03 3.32178908e-03 1.26451777e-03 3.85993824e-03 -3.52596514e-03 1.15902736e-03 3.76173569e-03 8.69218976e-01 2.71107545e+00 8.36226358e-03 2.61701407e-01
7.31090485e-04 -3.86587601e-04 -8.12317910e-04 2.07315580e-03 1.36390805e-03 2.72217649e-03 -2.25876694e-03 1.77373806e-03 2.49006126e-03 8.43166850e-01 2.46664725e+00 -1.83941729e-02 2.45798784e-01
1.86811806e-03 -2.84211357e-03 -1.85411785e-03 3.54017882e-03 1.47262599e-03 4.22198241e-03 -3.27151363e-03 -2.16074007e-04 3.34230741e-03 8.40695992e-01 2.61080661e+00 2.06734702e-02 2.74680586e-01
8.07541400e-04 -2.01146937e-03 -1.67952229e-03 2.78565193e-03 1.34350489e-03 3.88930771e-03 -2.91550590e-03 1.60168933e-03 3.23168418e-03 8.57953638e-01 2.69940744e+00 1.21298991e-02 2.65633834e-01
1.12751616e-03 -2.21351144e-03 -1.39461120e-03 2.47756710e-03 7.95255573e-04 2.55979094e-03 -2.67785501e-03 6.29065219e-04 2.78729795e-03 8.27185243e-01 2.37289615e+00 -1.13181551e-02 2.57639972e-01
1.50859983e-03 -2.38454824e-03 -1.33217167e-03 2.62477651e-03 8.40893540e-04 2.75934708e-03 -2.70384128e-03 6.40199949e-05 2.75628703e-03 8.06925034e-01 2.41545450e+00 -1.17528257e-03 2.65795892e-01
6.49855715e-04 -1.37448232e-03 -1.55204339e-03 2.64514598e-03 1.47284178e-03 3.62202467e-03 -2.84677780e-03 1.94700445e-03 3.16816075e-03 8.75815654e-01 2.63543100e+00 1.24428916e-03 2.57007462e-01
1.07548789e-03 -2.26891503e-03 -1.29583301e-03 2.38996934e-03 3.16929935e-04 4.12416817e-03 -2.83169958e-03 1.21824390e-03 3.17064046e-03 8.24324061e-01 2.62149354e+00 2.76541001e-02 2.77669690e-01
1.17063087e-03 -2.15383269e-03 -1.62391319e-03 2.54843157e-03 1.45955828e-03 2.33218343e-03 -2.74914920e-03 7.62508890e-04 2.78092651e-03 8.56184635e-01 2.42096138e+00 -2.36726882e-02 2.44045792e-01
9.38540567e-04 -8.72211434e-04 -1.22000490e-03 2.39198136e-03 1.65086576e-03 2.38318406e-03 -2.73590383e-03 1.73420335e-03 2.79628285e-03 8.81452164e-01 2.68231773e+00 -8.88111606e-03 2.34523675e-01
2.02128010e-03 -2.57116914e-03 -1.12303381e-03 2.66335877e-03 4.30903205e-04 3.61922279e-03 -2.76987886e-03 -5.30069276e-04 2.79234564e-03 7.97100123e-01 2.35716940e+00 9.55420819e-03 2.81843312e-01
1.87960769e-03 -2.85639946e-03 -1.48717167e-03 2.99838010e-03 5.97564841e-04 3.39546833e-03 -3.12767551e-03 -2.91010527e-04 3.17774976e-03 8.38478473e-01 2.46517219e+00 2.11033440e-02 2.73060475e-01
8.05318864e-04 -9.98426454e-04 -1.21113719e-03 2.28563849e-03 1.56799412e-03 2.80091272e-03 -2.49951363e-03 1.66537985e-03 2.68591325e-03 8.45046505e-01 2.58889785e+00 -1.87263429e-02 2.48212016e-01
1.09603365e-03 -1.99777856e-03 -1.49081020e-03 2.48085871e-03 1.45511632e-03 2.61382930e-03 -2.61493044e-03 9.11229751e-04 2.70924302e-03 8.45308512e-01 2.40734612e+00 -2.43805611e-02 2.50599998e-01
1.08999813e-03 -2.40698113e-03 -1.41548703e-03 2.62173275e-03 4.30717144e-04 3.86895300e-03 -2.97658926e-03 1.14839621e-03 3.27055976e-03 8.37968024e-01 2.64665211e+00 2.85189327e-02 2.72638961e-01
7.67374043e-04 -6.85618933e-04 -1.03860581e-03 2.15602762e-03 1.35713367e-03 2.17090281e-03 -2.45069030e-03 1.62937867e-03 2.52387472e-03 8.39460354e-01 2.56337117e+00 -2.66025547e-02 2.34915029e-01
2.20071347e-03 -2.89581763e-03 -1.38821152e-03 3.14741772e-03 8.50993246e-04 4.44951713e-03 -3.12564914e-03 -4.15635121e-04 3.18850262e-03 8.45258840e-01 2.51351182e+00 3.15365683e-02 2.82177977e-01
8.05713936e-04 -1.78164662e-03 -1.43582408e-03 2.46927216e-03 1.11406330e-03 2.91965721e-03 -2.65533904e-03 1.31339473e-03 2.84177665e-03 8.30812181e-01 2.58706235e+00 -2.91871588e-03 2.57394208e-01
1.35280280e-03 -2.43762143e-03 -1.43437708e-03 2.76018028e-03 1.05268509e-03 3.48779755e-03 -2.88519690e-03 7.78556729e-04 3.06746919e-03 8.53313893e-01 2.46989379e+00 3.01516074e-03 2.65676831e-01
7.98137440e-04 -1.86563681e-03 -1.25212401e-03 2.22059750e-03 6.67346750e-04 3.03969888e-03 -2.41062239e-03 1.03954675e-03 2.64075970e-03 8.36818896e-01 2.32287198e+00 -6.06486263e-04 2.66583659e-01
1.27703062e-03 -2.45022932e-03 -1.75614753e-03 3.00779325e-03 1.51716883e-03 3.29837398e-03 -3.18084126e-03 1.12549225e-03 3.33597418e-03 8.47198865e-01 2.74348758e+00 6.60210943e-04 2.57078246e-01
6.74517505e-04 -1.43642707e-03 -1.55525991e-03 2.74028464e-03 1.22440910e-03 3.17005272e-03 -3.05332968e-03 1.93945013e-03 3.30117606e-03 8.72734464e-01 2.60761884e+00 -7.17535455e-03 2.48507652e-01
1.34487151e-03 -2.25071516e-03 -1.32517127e-03 2.55011313e-03 1.07136568e-03 3.39815224e-03 -2.46322276e-03 2.34209007e-04 2.59834267e-03 8.08034890e-01 2.43952925e+00 7.62352413e-03 2.75285791e-01
7.18842705e-04 -1.56671050e-03 -1.35592909e-03 2.28609227e-03 1.26217078e-03 2.53129348e-03 -2.37198288e-03 1.17703133e-03 2.50820260e-03 8.40892762e-01 2.38436536e+00 -2.20587969e-02 2.50431335e-01
1.63702197e-03 -2.82537066e-03 -1.46552502e-03 3.07168111e-03 8.47350014e-04 4.19620935e-03 -3.30059673e-03 8.60972695e-04 3.56057233e-03 8.43487626e-01 2.71289959e+00 2.53737459e-02 2.73751312e-01
1.40915938e-03 -2.32901730e-03 -1.41893816e-03 2.75123371e-03 1.37591036e-03 3.57024453e-03 -2.63381728e-03 4.37142646e-04 2.77851194e-03 8.54712241e-01 2.46058060e+00 1.77953443e-02 2.71076206e-01
4.39035502e-04 -1.49568748e-03 -1.60389752e-03 2.57009183e-03 8.29271666e-04 3.00119064e-03 -2.92258200e-03 1.83504891e-03 3.19022118e-03 8.30733795e-01 2.60332938e+00 -1.61165785e-02 2.52218679e-01
1.33842645e-03 -2.31425400e-03 -1.58096179e-03 2.70552270e-03 1.36319272e-03 2.60071587e-03 -2.78380240e-03 4.49549613e-04 2.82397963e-03 8.57562753e-01 2.42441875e+00 -3.60951189e-03 2.53206270e-01
5.76539831e-04 -1.61645558e-03 -1.45024310e-03 2.45039589e-03 7.87579299e-04 3.94805268e-03 -2.75049910e-03 1.78823772e-03 3.13900404e-03 8.25664645e-01 2.61908698e+00 3.75857857e-03 2.69995704e-01
7.93234954e-04 -1.95545157e-03 -1.58005588e-03 2.76941931e-03 1.08197080e-03 3.54831552e-03 -2.96020809e-03 1.57957431e-03 3.22684112e-03 8.46669758e-01 2.68520909e+00 7.44511817e-03 2.61104374e-01
1.17296604e-03 -2.10974500e-03 -1.33574669e-03 2.50328730e-03 1.11775820e-03 2.95330336e-03 -2.57109019e-03 7.19394294e-04 2.70910395e-03 8.37596613e-01 2.37639739e+00 -7.09321383e-03 2.62128523e-01
1.49603324e-03 -2.43025497e-03 -1.40859651e-03 2.75123313e-03 1.19220687e-03 3.75708485e-03 -2.66396400e-03 2.74451965e-04 2.81112688e-03 8.26577785e-01 2.40212557e+00 -2.47908637e-03 2.74715965e-01
4.49381811e-04 -1.30544241e-03 -1.55783450e-03 2.53078707e-03 9.50783337e-04 2.72423171e-03 -2.88775850e-03 1.84270527e-03 3.09514151e-03 8.57442726e-01 2.66014251e+00 2.56135556e-03 2.47522481e-01
5.85769298e-04 -1.36278109e-03 -1.58782929e-03 2.70617424e-03 1.25182685e-03 3.51311937e-03 -2.99498505e-03 2.03251779e-03 3.30956063e-03 8.44529785e-01 2.74844837e+00 -2.52148068e-03 2.56455131e-01
1.33485010e-03 -2.26273773e-03 -1.38411484e-03 2.57449628e-03 1.02381111e-03 2.97935300e-03 -2.55061624e-03 1.87824051e-04 2.63910424e-03 8.39449309e-01 2.30956279e+00 2.61281877e-03 2.67246910e-01
1.12820397e-03 -2.28750186e-03 -1.68496610e-03 3.01883709e-03 1.64320947e-03 3.79087813e-03 -3.00059390e-03 1.26984988e-03 3.22933045e-03 8.84288582e-01 2.58811128e+00 5.53864398e-03 2.60528904e-01
8.85915536e-04 -1.95392251e-03 -1.28413122e-03 2.30929943e-03 6.64962011e-04 2.83051286e-03 -2.53421208e-03 9.85831536e-04 2.74086366e-03 7.99137788e-01 2.46446192e+00 -5.34286935e-03 2.65463758e-01
1.57923958e-03 -2.59478853e-03 -1.52548494e-03 2.92269243e-03 1.14810860e-03 3.24505423e-03 -2.95047597e-03 2.53453041e-04 3.03552203e-03 8.35960124e-01 2.63801143e+00 2.42900684e-02 2.66667384e-01
5.38973168e-04 -1.42825860e-03 -1.47752845e-03 2.39965148e-03 1.08086545e-03 3.20757769e-03 -2.63956551e-03 1.68749316e-03 2.92799694e-03 8.47052441e-01 2.42862992e+00 -2.11979476e-02 2.56761613e-01
4.91444368e-04 -1.27852847e-03 -1.46850416e-03 2.47925877e-03 1.00723389e-03 3.39061261e-03 -2.77914921e-03 1.92141011e-03 3.12673208e-03 8.10830323e-01 2.64142235e+00 -1.74009450e-02 2.60149777e-01
1.38857028e-03 -2.43888401e-03 -1.59301417e-03 2.85280940e-03 1.36441763e-03 3.30952332e-03 -2.74811095e-03 2.86539174e-04 2.85920340e-03 8.76516376e-01 2.41268254e+00 1.92788120e-02 2.66278166e-01
1.56180077e-03 -2.95153241e-03 -1.96083740e-03 3.36658157e-03 1.39192914e-03 3.35717140e-03 -3.56570544e-03 7.63147714e-04 3.67314399e-03 8.75563847e-01 2.77736938e+00 1.93957947e-02 2.56514776e-01
5.03799599e-04 -1.45090538e-03 -1.24701759e-03 2.02260583e-03 7.68083688e-04 2.97423595e-03 -2.19914807e-03 1.28433076e-03 2.46836266e-03 8.11729825e-01 2.30693546e+00 -1.74928202e-02 2.66539703e-01
1.17527000e-03 -2.06413827e-03 -1.34176630e-03 2.41648359e-03 1.22396972e-03 2.76977941e-03 -2.38430260e-03 4.31462371e-04 2.48397921e-03 8.27393289e-01 2.27039274e+00 -2.02197007e-02 2.61371003e-01
5.71251809e-04 -1.89569590e-03 -1.81977736e-03 2.91234185e-03 8.91506215e-04 3.94579722e-03 -3.29052710e-03 2.03469858e-03 3.68227439e-03 8.59003787e-01 2.82407992e+00 2.28934472e-02 2.64120224e-01
1.54280034e-03 -2.22872313e-03 -1.01902212e-03 2.32440883e-03 6.07139587e-04 3.15843412e-03 -2.40071984e-03 2.54740084e-05 2.49428035e-03 7.99092421e-01 2.23642832e+00 -8.87627118e-03 2.76312204e-01
8.59874330e-04 -1.55412850e-03 -1.71351722e-03 2.83215876e-03 1.63720599e-03 2.97867971e-03 -3.17253594e-03 1.86506565e-03 3.33065557e-03 8.85508962e-01 2.82849267e+00 9.34318503e-03 2.46203195e-01
1.10398547e-03 -1.91673549e-03 -1.38856611e-03 2.37166520e-03 1.34733265e-03 2.26457968e-03 -2.52424557e-03 7.83817913e-04 2.56062100e-03 8.44194323e-01 2.36815787e+00 -2.67580707e-02 2.44459896e-01
1.27945004e-03 -2.50525777e-03 -1.41137006e-03 2.68506875e-03 5.53665116e-04 4.41156198e-03 -3.09503122e-03 1.25233266e-03 3.44454578e-03 8.39298040e-01 2.71256458e+00 3.17995442e-02 2.77088824e-01
1.52223374e-03 -2.30664543e-03 -1.26350407e-03 2.57675852e-03 9.36805907e-04 3.51903562e-03 -2.49203916e-03 -2.82859036e-05 2.59370938e-03 8.26201608e-01 2.28509847e+00 4.88961831e-03 2.77919019e-01
6.90691068e-04 -1.12282133e-03 -1.50087699e-03 2.66636923e-03 1.37942963e-03 2.88843389e-03 -3.03103258e-03 2.01011235e-03 3.23347505e-03 8.56938407e-01 2.78329335e+00 -4.68250197e-03 2.44805291e-01
1.62294183e-03 -2.50688449e-03 -1.52605454e-03 2.92026601e-03 9.65673196e-04 3.40515328e-03 -2.83019383e-03 -2.23966945e-04 2.88523257e-03 7.97454197e-01 2.41970734e+00 -4.94446991e-03 2.73838708e-01
8.53822736e-04 -6.13479348e-04 -1.01663358e-03 2.43450661e-03 1.65584468e-03 3.11931143e-03 -2.60828037e-03 1.97822602e-03 2.84074632e-03 8.85684314e-01 2.62664354e+00 5.11910824e-03 2.46786776e-01
1.40757204e-03 -2.22141270e-03 -1.20984544e-03 2.50260639e-03 9.49686521e-04 3.22233507e-03 -2.46128775e-03 2.01246146e-04 2.57496321e-03 8.45025511e-01 2.27492460e+00 9.11197115e-03 2.72451860e-01
7.47624256e-04 -1.43445685e-03 -1.56848811e-03 2.78934233e-03 1.46318026e-03 3.30170697e-03 -3.04159060e-03 1.95047418e-03 3.29143115e-03 8.39210492e-01 2.78959163e+00 -8.60875967e-03 2.52694153e-01
7.23709157e-04 -1.68602923e-03 -1.60673821e-03 2.80736721e-03 1.31860991e-03 3.22689833e-03 -3.00354647e-03 1.76093180e-03 3.21382817e-03 8.89720840e-01 2.58025637e+00 -4.52153424e-04 2.48700554e-01
1.37273702e-03 -2.25004609e-03 -1.22091340e-03 2.45782369e-03 8.72480090e-04 3.16534361e-03 -2.52724416e-03 3.79299335e-04 2.66790670e-03 7.90770984e-01 2.46598073e+00 5.51267856e-04 2.72927922e-01
4.13214738e-04 -1.45355454e-03 -1.46494769e-03 2.34642381e-03 8.07056324e-04 3.57127420e-03 -2.60744246e-03 1.75692158e-03 2.97325475e-03 8.38059019e-01 2.52672293e+00 1.30596341e-03 2.66315912e-01
1.52263746e-03 -2.53976955e-03 -1.65238674e-03 2.94656989e-03 1.44550578e-03 2.93565261e-03 -2.99815098e-03 4.12070273e-04 3.06347076e-03 8.45916016e-01 2.53550833e+00 -1.24371596e-03 2.57915951e-01
1.84921347e-03 -2.30712248e-03 -1.17269637e-03 2.68874343e-03 7.24687295e-04 3.93052920e-03 -2.56449636e-03 -5.23022753e-04 2.58586111e-03 8.06861855e-01 2.29510518e+00 1.34715391e-02 2.84926785e-01
1.28510162e-03 -3.99823142e-04 -7.97363280e-04 2.43382979e-03 1.89452565e-03 2.46277348e-03 -2.76292084e-03 1.88653692e-03 2.79957133e-03 8.72396401e-01 2.76890530e+00 -1.23272057e-02 2.30188891e-01
1.85246344e-03 1.79661820e-04 -5.09648220e-05 2.23922051e-03 2.47636882e-03 3.40696024e-03 -2.33804854e-03 1.92422441e-03 2.59503522e-03 8.58068674e-01 2.63111421e+00 -2.13510444e-02 2.42360199e-01
1.48653835e-03 -2.13056069e-03 -1.61695057e-03 3.22467607e-03 1.46770426e-03 3.87206187e-03 -2.70373999e-03 -2.98530713e-04 2.73264746e-03 8.22332732e-01 2.43719903e+00 2.45761277e-02 2.76757488e-01
1.01838304e-03 -2.01637160e-03 -1.60172226e-03 2.62644386e-03 1.59756879e-03 2.84468181e-03 -2.71385568e-03 1.09526371e-03 2.83976005e-03 8.95371128e-01 2.45053414e+00 -1.59202703e-03 2.49879668e-01
1.22093070e-03 -2.35816342e-03 -1.24281886e-03 2.45204873e-03 3.74444675e-04 3.51323606e-03 -2.80115072e-03 8.79525113e-04 3.06126789e-03 7.83677028e-01 2.57517969e+00 1.73335160e-03 2.74625488e-01
7.26233508e-04 -1.63360039e-03 -1.34858988e-03 2.29238142e-03 1.04168956e-03 2.64749992e-03 -2.46121040e-03 1.21750843e-03 2.63002752e-03 8.31664839e-01 2.38790569e+00 -1.86614141e-02 2.54653788e-01
1.42466114e-03 -2.60113590e-03 -1.52930399e-03 3.01184114e-03 1.13465458e-03 3.92909311e-03 -3.10634860e-03 9.04894624e-04 3.32192436e-03 8.53944626e-01 2.67759470e+00 2.09434159e-02 2.68480045e-01
1.48052230e-03 -2.54837190e-03 -1.69531748e-03 2.96051014e-03 1.31752638e-03 2.92903055e-03 -2.96277842e-03 2.16890115e-04 3.02787303e-03 8.14796337e-01 2.56378400e+00 -3.89718625e-03 2.62309939e-01
4.62084148e-04 -1.17177076e-03 -1.38310729e-03 2.42627003e-03 1.11076259e-03 3.68472780e-03 -2.62212293e-03 1.94178832e-03 2.99790862e-03 8.69080076e-01 2.50688814e+00 4.02538972e-03 2.62487882e-01
6.77245288e-04 -6.92940319e-04 -1.01313662e-03 2.20808471e-03 1.28471603e-03 3.16946193e-03 -2.42108986e-03 1.85846751e-03 2.71857759e-03 8.23738629e-01 2.50116252e+00 -2.60060224e-02 2.53804040e-01
1.65818395e-03 -2.73493747e-03 -1.83964727e-03 3.29329230e-03 1.41020824e-03 3.60196662e-03 -3.14794014e-03 -3.40935587e-05 3.20985702e-03 8.64265467e-01 2.57895130e+00 3.05671401e-02 2.68589085e-01
1.15608179e-03 -2.34220153e-03 -1.77658096e-03 2.88710056e-03 1.46948325e-03 2.96209127e-03 -3.09272778e-03 1.10729145e-03 3.21210449e-03 8.74536202e-01 2.66159656e+00 7.63845644e-03 2.52189431e-01
9.20370595e-04 -1.98623811e-03 -1.23417037e-03 2.26037508e-03 6.07798295e-04 3.29861443e-03 -2.49320247e-03 1.02058189e-03 2.74177586e-03 8.09976449e-01 2.39493881e+00 -7.30436902e-03 2.70477751e-01
6.51421879e-04 -1.46461463e-03 -1.56493803e-03 2.72356105e-03 1.40396027e-03 3.11737700e-03 -2.90708697e-03 1.82548293e-03 3.11493409e-03 8.77830316e-01 2.64651828e+00 -7.41047518e-04 2.48258519e-01
1.54635661e-03 -2.39440857e-03 -1.22394982e-03 2.58799832e-03 8.56592248e-04 3.28823151e-03 -2.65387072e-03 2.46658684e-04 2.78736080e-03 8.04117999e-01 2.42335915e+00 8.25682939e-04 2.73907259e-01
1.68415851e-03 -2.67439864e-03 -1.67893300e-03 3.17410890e-03 1.50632453e-03 3.96062918e-03 -2.99692406e-03 1.33690474e-04 3.10836130e-03 8.50165360e-01 2.58951288e+00 2.35104875e-02 2.72915091e-01
3.83786586e-04 -8.71204950e-04 -1.26852968e-03 2.29380935e-03 9.35731545e-04 2.82447059e-03 -2.57066945e-03 1.87800377e-03 2.82386993e-03 8.35113120e-01 2.48908775e+00 -2.06610266e-02 2.48386525e-01
1.21766747e-03 -2.17880208e-03 -1.45493149e-03 2.60023534e-03 1.20637115e-03 2.55496826e-03 -2.71841127e-03 6.68778217e-04 2.80069033e-03 8.26778779e-01 2.41510810e+00 -2.09465921e-02 2.53491044e-01
7.37836612e-04 -1.99770174e-03 -1.59028632e-03 2.69000303e-03 1.00166840e-03 4.15452797e-03 -2.87708110e-03 1.63703968e-03 3.25034865e-03 8.59815373e-01 2.66833545e+00 2.38251617e-02 2.71241034e-01
1.70328104e-03 -2.78309729e-03 -1.57869383e-03 3.03038454e-03 1.02192889e-03 3.54224262e-03 -3.08482466e-03 1.37935423e-04 3.19702486e-03 8.33494219e-01 2.61108637e+00 2.22815180e-02 2.71471665e-01
5.64178562e-04 -1.14309308e-03 -1.29887491e-03 2.36424193e-03 1.22452033e-03 2.95256113e-03 -2.53197957e-03 1.71484838e-03 2.75890752e-03 8.49173516e-01 2.46447616e+00 -1.96318314e-02 2.50484409e-01
6.57028024e-04 -1.30161704e-03 -1.35616993e-03 2.21765926e-03 1.31153853e-03 2.42998062e-03 -2.42645872e-03 1.41504728e-03 2.56282187e-03 8.43535359e-01 2.44670683e+00 -2.73074953e-02 2.45022863e-01
2.03912456e-03 -3.06577125e-03 -1.38938268e-03 3.05181437e-03 5.60401303e-04 3.90169187e-03 -3.30441815e-03 4.90915463e-05 3.43487832e-03 8.40119526e-01 2.63209753e+00 3.25703729e-02 2.75778799e-01
1.39696471e-03 -3.69836622e-04 -6.73171016e-04 2.35337787e-03 2.11574565e-03 3.18623600e-03 -2.56873920e-03 1.91630119e-03 2.81169484e-03 8.38957690e-01 2.69219497e+00 -2.56087108e-02 2.45684885e-01
1.53159561e-03 -2.29975984e-03 -1.52223013e-03 2.99503368e-03 1.05379034e-03 3.69711627e-03 -2.70228709e-03 -3.41554330e-04 2.74353334e-03 8.45854018e-01 2.35908668e+00 3.01486154e-02 2.77802256e-01
1.34486933e-03 -2.19753008e-03 -1.17708504e-03 2.42371959e-03 8.29320745e-04 2.98439575e-03 -2.51539132e-03 4.20111970e-04 2.64765675e-03 7.97151280e-01 2.41928808e+00 -1.94409564e-03 2.70307931e-01
7.30563839e-04 -1.77814611e-03 -1.68814387e-03 2.86796491e-03 1.41154272e-03 3.43503625e-03 -3.03538337e-03 1.77500788e-03 3.27680493e-03 8.84935601e-01 2.63491597e+00 2.02836910e-03 2.52433154e-01
6.47355450e-04 -1.91494072e-03 -1.60799733e-03 2.63443995e-03 9.17369545e-04 3.66495653e-03 -2.86056286e-03 1.59794013e-03 3.17944117e-03 8.66273838e-01 2.60321945e+00 1.92811180e-02 2.65272288e-01
1.19158070e-03 -2.27206727e-03 -1.52144172e-03 2.62808376e-03 1.15038862e-03 2.80505507e-03 -2.75353279e-03 6.85673450e-04 2.86912646e-03 8.20366118e-01 2.46628705e+00 -1.73700552e-02 2.58218926e-01
6.92107216e-04 -1.68300702e-03 -1.83007312e-03 2.93229721e-03 1.32360385e-03 3.12418058e-03 -3.32181520e-03 1.98432983e-03 3.53723235e-03 8.72297923e-01 2.75673572e+00 -6.42523473e-03 2.45503820e-01
1.37861876e-03 -2.09044039e-03 -1.06364669e-03 2.27954362e-03 8.30787907e-04 3.14712759e-03 -2.27536421e-03 1.81502080e-04 2.39081314e-03 8.08692613e-01 2.29719401e+00 6.80145865e-03 2.76128095e-01
1.64587686e-03 -2.71139279e-03 -1.51287422e-03 2.97752175e-03 9.94054643e-04 3.73026345e-03 -2.97883359e-03 1.60503972e-04 3.10664978e-03 8.42471106e-01 2.59740933e+00 2.94325746e-02 2.73443453e-01
6.73089189e-04 -1.26373520e-03 -1.34255765e-03 2.35655214e-03 1.25840600e-03 2.84634849e-03 -2.58923046e-03 1.63209734e-03 2.80821065e-03 8.41668809e-01 2.46231857e+00 -2.50712235e-02 2.50650971e-01
8.38847528e-04 -1.95028580e-03 -1.64310676e-03 2.71136913e-03 1.17395763e-03 3.04688800e-03 -2.98317898e-03 1.48793234e-03 3.18643691e-03 8.36904207e-01 2.66288703e+00 -9.19171514e-03 2.54298039e-01
1.22900178e-03 -2.22447790e-03 -1.29128060e-03 2.50412364e-03 9.72441357e-04 3.33095823e-03 -2.57267384e-03 6.75923031e-04 2.75472593e-03 8.47486103e-01 2.39822594e+00 9.75515382e-03 2.69394087e-01
9.52097721e-04 -2.04517925e-03 -1.36382346e-03 2.54210974e-03 8.62543229e-04 3.34519467e-03 -2.71713888e-03 1.17098294e-03 2.94769582e-03 8.29304175e-01 2.44968643e+00 -1.21320735e-02 2.63494404e-01
1.07787046e-03 -2.19221946e-03 -1.58300722e-03 2.68568687e-03 1.29435964e-03 3.05625649e-03 -2.82142468e-03 1.02824184e-03 2.98423857e-03 8.55809286e-01 2.60882230e+00 1.30709027e-02 2.59988817e-01
5.22938502e-04 -1.04150631e-03 -1.18836424e-03 2.13854105e-03 1.11515243e-03 2.67290082e-03 -2.31130897e-03 1.55799918e-03 2.52109920e-03 8.35451609e-01 2.39505231e+00 -2.34417051e-02 2.50808100e-01
1.93718687e-03 -3.08759796e-03 -1.72446324e-03 3.37904630e-03 1.16812057e-03 3.93730126e-03 -3.42606140e-03 1.31381411e-04 3.54960020e-03 8.49972946e-01 2.70241482e+00 2.71705018e-02 2.71538081e-01
6.16388907e-04 -1.11756486e-03 -1.39503891e-03 2.42453548e-03 1.28040924e-03 2.74920605e-03 -2.71544473e-03 1.79120382e-03 2.90770385e-03 8.52117221e-01 2.62633870e+00 -1.05427863e-02 2.46359498e-01
1.70061426e-03 -2.60675966e-03 -1.39466313e-03 2.82246805e-03 9.00443345e-04 3.59680383e-03 -2.83298905e-03 -2.42162898e-05 2.92966304e-03 8.30853277e-01 2.42688058e+00 1.13225514e-02 2.74829016e-01
5.67720148e-04 -1.13756869e-03 -1.32225202e-03 2.32891759e-03 1.18305766e-03 3.01644674e-03 -2.56041150e-03 1.74493738e-03 2.81657540e-03 8.41594260e-01 2.42759645e+00 -3.09036306e-02 2.50612518e-01
1.75932095e-03 -2.74110852e-03 -1.59031523e-03 3.11250594e-03 1.13706166e-03 3.55196004e-03 -3.08534806e-03 8.36440673e-06 3.15973934e-03 8.42608744e-01 2.66445679e+00 3.77748264e-02 2.71347937e-01
1.42381279e-03 -1.92352121e-03 -1.48356915e-03 3.09800754e-03 1.39152224e-03 3.63879226e-03 -2.54821143e-03 -3.42194432e-04 2.55260421e-03 7.82870109e-01 2.38424729e+00 2.68614108e-03 2.75852209e-01
2.39824414e-03 3.17995944e-04 3.18066650e-04 2.22681947e-03 3.00386898e-03 3.65785080e-03 -2.25612109e-03 1.85895423e-03 2.51216786e-03 8.95674779e-01 2.64465275e+00 -2.50743150e-03 2.43506917e-01
8.48414794e-04 -1.98672203e-03 -1.29401250e-03 2.30625829e-03 5.02382658e-04 3.24053727e-03 -2.60580984e-03 1.13955736e-03 2.86477758e-03 8.18998914e-01 2.47182548e+00 6.75269256e-03 2.69132134e-01
1.19693924e-03 -2.26366103e-03 -1.67134300e-03 2.86898894e-03 1.60262055e-03 3.14539071e-03 -2.94073267e-03 1.02687001e-03 3.06689118e-03 8.63218399e-01 2.57215207e+00 -6.40420394e-03 2.53976072e-01
1.27306732e-03 -2.38349028e-03 -1.43694252e-03 2.67341722e-03 9.88433159e-04 3.39170015e-03 -2.79525639e-03 7.32525298e-04 2.97886128e-03 8.11906331e-01 2.61909870e+00 7.72054821e-03 2.69181714e-01
8.19316803e-04 -1.80154383e-03 -1.44525946e-03 2.55317024e-03 1.13897372e-03 3.01413534e-03 -2.71890311e-03 1.36428670e-03 2.90831742e-03 8.69305403e-01 2.42928677e+00 -7.27382500e-03 2.53394745e-01
1.18529295e-03 -2.26101112e-03 -1.27519889e-03 2.47964896e-03 7.41984721e-04 3.57756317e-03 -2.66206042e-03 8.60365144e-04 2.89626387e-03 8.46673387e-01 2.48238008e+00 2.27028712e-02 2.72632669e-01
9.46280074e-04 -2.06933110e-03 -1.67254651e-03 2.67578822e-03 1.28998539e-03 2.76923615e-03 -2.91694253e-03 1.22895748e-03 3.05382201e-03 8.38068385e-01 2.57787488e+00 -2.00185197e-02 2.50088779e-01
5.45301956e-04 -1.62099009e-03 -1.56331796e-03 2.51370781e-03 9.32038976e-04 2.98239238e-03 -2.80332190e-03 1.64434229e-03 3.04426709e-03 8.41676501e-01 2.54574111e+00 -1.24135013e-02 2.53321321e-01
1.44735057e-03 -2.40496427e-03 -1.40406770e-03 2.75684709e-03 1.22085857e-03 3.47182137e-03 -2.75382970e-03 5.12447221e-04 2.89777471e-03 8.42394222e-01 2.51505990e+00 1.34386959e-02 2.69109232e-01
8.71466038e-04 -2.05867243e-03 -1.38088167e-03 2.40928563e-03 5.80283571e-04 3.74147457e-03 -2.73569144e-03 1.31202590e-03 3.05517380e-03 8.34874400e-01 2.56270831e+00 1.99905220e-02 2.72910122e-01
1.27925848e-03 -2.21750994e-03 -1.53994549e-03 2.69771948e-03 1.46957819e-03 2.70878433e-03 -2.82324503e-03 8.00279219e-04 2.88741923e-03 8.48125777e-01 2.49124477e+00 -1.78256820e-02 2.49577827e-01
1.08835667e-03 -2.04764706e-03 -1.48053014e-03 2.62036260e-03 1.47956243e-03 2.97941874e-03 -2.64966880e-03 9.69366309e-04 2.78688993e-03 8.70839216e-01 2.42891942e+00 -6.01685026e-03 2.54829010e-01
1.02345572e-03 -2.20906551e-03 -1.40028812e-03 2.59338368e-03 6.66236914e-04 3.56687254e-03 -2.87960645e-03 1.20756836e-03 3.16432665e-03 8.10480537e-01 2.62520492e+00 6.35302285e-03 2.70326277e-01
9.25151912e-04 -1.57331484e-03 -1.48355256e-03 2.52181042e-03 1.74745002e-03 2.84282180e-03 -2.66017763e-03 1.44151642e-03 2.78859849e-03 8.58365690e-01 2.56819115e+00 -2.17163046e-02 2.47279920e-01
1.80727346e-03 -2.74167440e-03 -1.12264498e-03 2.60156645e-03 2.02041296e-04 3.28433758e-03 -2.96139694e-03 1.18324313e-04 3.08637275e-03 8.21878766e-01 2.48342531e+00 2.50596631e-02 2.74751871e-01
1.35841754e-03 -2.56928219e-03 -1.82053979e-03 3.07052518e-03 1.66922406e-03 3.28374283e-03 -3.13604028e-03 8.67668077e-04 3.25726954e-03 8.76917961e-01 2.65780994e+00 7.92999930e-03 2.55478984e-01
6.21447258e-04 -1.72426936e-03 -1.30777056e-03 2.17127295e-03 5.12790558e-04 3.11860994e-03 -2.47252505e-03 1.29208639e-03 2.76309813e-03 8.07596782e-01 2.39939926e+00 -7.57532469e-03 2.68690163e-01
1.05136834e-03 -2.17993494e-03 -1.54950558e-03 2.78715618e-03 1.10717947e-03 3.07673792e-03 -2.97911323e-03 1.18451978e-03 3.13974584e-03 8.54784330e-01 2.52037292e+00 -8.91976065e-03 2.53834512e-01
9.68841872e-04 -2.05047000e-03 -1.39108992e-03 2.45566311e-03 1.02283825e-03 3.32715802e-03 -2.56338297e-03 1.00943414e-03 2.78852466e-03 8.28035555e-01 2.53277567e+00 9.49975387e-03 2.68807436e-01
4.58229902e-04 -1.39819209e-03 -1.51945832e-03 2.46860211e-03 9.42826451e-04 3.07828823e-03 -2.76259120e-03 1.78989819e-03 3.03663015e-03 8.43848013e-01 2.49496846e+00 -1.95916853e-02 2.52684631e-01
1.51171230e-03 -2.52408670e-03 -1.52742469e-03 2.84980243e-03 1.24113292e-03 3.41021860e-03 -2.82705539e-03 2.89055077e-04 2.94041260e-03 8.39861625e-01 2.57275021e+00 2.21944969e-02 2.69695466e-01
4.75157621e-04 -1.54107061e-03 -1.58528784e-03 2.55271815e-03 1.00235431e-03 3.88477047e-03 -2.80200736e-03 1.90183083e-03 3.19315931e-03 8.72081695e-01 2.55896806e+00 1.05128178e-02 2.65374691e-01
1.41254249e-03 -2.35307146e-03 -1.50912730e-03 2.72961026e-03 1.25216500e-03 2.66943506e-03 -2.78739833e-03 3.47353120e-04 2.83936061e-03 8.13143330e-01 2.50754817e+00 -9.91388357e-03 2.58636549e-01
1.79619848e-03 -2.88619971e-03 -1.55383733e-03 3.11380216e-03 1.07268088e-03 4.13534933e-03 -3.14774169e-03 2.49770404e-04 3.30309880e-03 8.41420002e-01 2.69937321e+00 3.25967029e-02 2.75308966e-01
5.07523251e-04 -1.26376286e-03 -1.36476707e-03 2.22919485e-03 9.98174260e-04 2.46254450e-03 -2.48874196e-03 1.51021608e-03 2.65831159e-03 8.42509678e-01 2.37812712e+00 -2.73336536e-02 2.45768602e-01
1.63794978e-03 -2.59496960e-03 -1.31619955e-03 2.69474919e-03 6.77356940e-04 3.18226186e-03 -2.84874364e-03 1.07715681e-04 2.94612901e-03 7.97116866e-01 2.54570133e+00 8.67614955e-03 2.71516456e-01
6.90340441e-04 -1.45197921e-03 -1.48316764e-03 2.47698059e-03 1.37733073e-03 3.01844309e-03 -2.68193765e-03 1.63507168e-03 2.89786699e-03 8.81679647e-01 2.47930526e+00 -8.09640144e-03 2.50377966e-01
1.03171470e-03 -2.12832762e-03 -1.60694811e-03 2.75785062e-03 1.27057327e-03 3.05497018e-03 -2.96715800e-03 1.26026128e-03 3.14557590e-03 8.48998370e-01 2.50339357e+00 -2.08833846e-02 2.52859987e-01
1.17364899e-03 -2.17385441e-03 -1.26958033e-03 2.50658085e-03 9.45047121e-04 3.44895065e-03 -2.59077015e-03 8.29465319e-04 2.79988197e-03 8.33621211e-01 2.55889925e+00 2.38934219e-02 2.71360518e-01
1.13739382e-03 -1.96311206e-03 -1.22297599e-03 2.31802387e-03 1.08433341e-03 2.66715304e-03 -2.33641317e-03 5.26914439e-04 2.43791784e-03 8.24149998e-01 2.27824983e+00 -1.51223838e-02 2.61224382e-01
7.46422177e-04 -2.07510043e-03 -1.81184981e-03 2.97335986e-03 1.06595329e-03 3.93005460e-03 -3.29164709e-03 1.87544320e-03 3.63269353e-03 8.61759116e-01 2.80230452e+00 1.65682681e-02 2.62389459e-01
1.32134054e-03 -2.53809687e-03 -1.83271707e-03 3.02468842e-03 1.57952059e-03 3.10662790e-03 -3.16161863e-03 9.08321010e-04 3.28533893e-03 8.61707780e-01 2.55188969e+00 -1.47158615e-02 2.52756574e-01
6.98424916e-04 -1.85534199e-03 -1.29010322e-03 2.20808695e-03 5.15718419e-04 3.30962234e-03 -2.45991364e-03 1.19112262e-03 2.74542427e-03 8.19129856e-01 2.49100043e+00 1.62529941e-02 2.71848335e-01
7.58784145e-04 -6.30075064e-04 -1.01148934e-03 2.31001188e-03 1.36111136e-03 3.41127410e-03 -2.56353934e-03 2.01129758e-03 2.91956790e-03 8.47316397e-01 2.57718046e+00 -4.29075470e-03 2.56927954e-01
1.43242108e-03 -2.46006145e-03 -1.75720724e-03 3.07093050e-03 1.50524682e-03 3.51693500e-03 -2.82005984e-03 2.38863357e-05 2.89898612e-03 8.36499251e-01 2.46369219e+00 4.46003137e-03 2.68735635e-01
9.28959839e-04 -2.18316812e-03 -1.52278681e-03 2.65718733e-03 9.85493478e-04 3.64082216e-03 -2.79844777e-03 1.21761409e-03 3.07163914e-03 8.50559043e-01 2.54605155e+00 8.78134537e-03 2.67315648e-01
1.06366700e-03 -2.09111716e-03 -1.47219408e-03 2.59016548e-03 1.16779398e-03 2.84700717e-03 -2.75837051e-03 1.01552764e-03 2.91120662e-03 8.33939385e-01 2.51710874e+00 -8.31955628e-03 2.57308138e-01
7.75196895e-04 -1.90360269e-03 -1.50859234e-03 2.49314613e-03 1.04426447e-03 2.82396357e-03 -2.65705276e-03 1.18694512e-03 2.83154203e-03 8.71301896e-01 2.34466686e+00 -1.21660488e-02 2.52303444e-01
1.28468985e-03 -2.43493399e-03 -1.47016367e-03 2.74392140e-03 1.00105633e-03 3.58446681e-03 -2.89355233e-03 8.63041970e-04 3.11326433e-03 8.08224402e-01 2.71386987e+00 1.32766696e-02 2.70977197e-01
1.16047684e-03 -2.38127451e-03 -1.65143629e-03 2.87840839e-03 1.26202275e-03 3.42812641e-03 -3.02572786e-03 1.10721418e-03 3.24172373e-03 8.74110125e-01 2.57546117e+00 1.41859150e-02 2.62226217e-01
8.38492718e-04 -1.90305666e-03 -1.35481078e-03 2.40454547e-03 9.22751561e-04 3.03812114e-03 -2.54770309e-03 1.12151611e-03 2.75656467e-03 8.11959201e-01 2.48481116e+00 -1.31363614e-02 2.62237599e-01
9.61821234e-04 -6.14272914e-04 -1.00107289e-03 2.26615354e-03 1.53167902e-03 2.28057775e-03 -2.62420284e-03 1.74578067e-03 2.70533079e-03 8.61745925e-01 2.64138005e+00 -1.65758144e-02 2.33540596e-01
1.93626765e-03 -2.55031245e-03 -1.31011997e-03 2.89941304e-03 8.15512058e-04 4.18732452e-03 -2.79178132e-03 -4.46128783e-04 2.84026506e-03 8.18703153e-01 2.40616327e+00 1.85229003e-02 2.83745216e-01
1.50477446e-03 -2.58365002e-03 -1.52218719e-03 2.87616949e-03 1.14507791e-03 3.33262683e-03 -2.97078451e-03 5.14689140e-04 3.10656291e-03 8.25534654e-01 2.56767304e+00 -2.72695471e-04 2.65744504e-01
5.04386327e-04 -1.55424366e-03 -1.50201866e-03 2.40422713e-03 9.79404192e-04 3.04614297e-03 -2.61666537e-03 1.57211184e-03 2.87450840e-03 8.58170695e-01 2.48918382e+00 3.28001992e-04 2.57288147e-01
1.25507176e-03 -2.20004092e-03 -1.33543797e-03 2.52765196e-03 1.05219955e-03 2.89686142e-03 -2.63009911e-03 6.29587490e-04 2.75688144e-03 8.07853200e-01 2.43762045e+00 -1.62191039e-02 2.62635429e-01
6.62150713e-04 -1.95515144e-03 -1.71248261e-03 2.75261226e-03 1.08070978e-03 3.56043275e-03 -2.97111091e-03 1.64411114e-03 3.26525041e-03 8.79241336e-01 2.63258692e+00 1.78281639e-02 2.60707612e-01
1.39791540e-03 -2.55329530e-03 -1.43157660e-03 2.87666585e-03 8.57142504e-04 3.72190596e-03 -3.07416811e-03 8.93081943e-04 3.28473418e-03 8.44953149e-01 2.59818863e+00 1.30745474e-02 2.67908889e-01
7.86007597e-04 -1.73892650e-03 -1.43004792e-03 2.34244243e-03 1.19992237e-03 2.69265075e-03 -2.49506677e-03 1.17531460e-03 2.65457783e-03 8.39348709e-01 2.45598052e+00 -1.21067573e-02 2.54801701e-01
1.09122424e-03 -2.22387019e-03 -1.32380951e-03 2.47319407e-03 6.10711016e-04 2.93764688e-03 -2.70756382e-03 8.04405627e-04 2.89755112e-03 8.02999263e-01 2.55963595e+00 9.87148663e-03 2.67574764e-01
9.98856161e-04 -2.05653197e-03 -1.59812858e-03 2.82261639e-03 1.61646682e-03 3.60665401e-03 -2.81781275e-03 1.33414247e-03 3.04870326e-03 8.76455290e-01 2.48884049e+00 -9.18158623e-03 2.58612363e-01
1.39757758e-03 -2.51429213e-03 -1.65087971e-03 2.91167000e-03 1.45615216e-03 3.36288660e-03 -2.91617144e-03 5.95548827e-04 3.04725284e-03 8.48731187e-01 2.59656729e+00 9.22651949e-03 2.63810295e-01
5.37474712e-04 -1.53396131e-03 -1.39306507e-03 2.37637897e-03 7.54852333e-04 3.14117453e-03 -2.65007382e-03 1.60297278e-03 2.92528232e-03 8.35703795e-01 2.46487877e+00 -8.71879434e-03 2.59401685e-01
1.41748260e-03 -2.56206863e-03 -1.65282218e-03 2.91489826e-03 1.27132951e-03 3.21956897e-03 -2.90648892e-03 3.47899714e-04 3.01219972e-03 8.65783733e-01 2.51142811e+00 1.86924029e-02 2.63882566e-01
4.97035896e-04 -1.38131640e-03 -1.47359200e-03 2.40284645e-03 9.77821417e-04 3.30927079e-03 -2.68251149e-03 1.77294675e-03 3.00968334e-03 8.20726993e-01 2.54891389e+00 -1.68885379e-02 2.60897200e-01
1.30301058e-03 -2.21671108e-03 -1.20418421e-03 2.41914983e-03 8.04483289e-04 3.00942707e-03 -2.53382819e-03 4.76625561e-04 2.66721403e-03 7.85566371e-01 2.54540673e+00 4.51520576e-03 2.69783195e-01
8.64758756e-04 -1.99314810e-03 -1.66810212e-03 2.75417094e-03 1.30428475e-03 3.29832363e-03 -2.96611190e-03 1.49766188e-03 3.19047536e-03 8.92704481e-01 2.47220879e+00 -4.24709574e-03 2.53238820e-01
9.15281939e-04 -1.76935958e-03 -1.28325074e-03 2.27045264e-03 1.35128452e-03 2.87791972e-03 -2.20001651e-03 8.11388438e-04 2.35841615e-03 8.37214727e-01 2.21033811e+00 -2.83629392e-02 2.61080036e-01
1.04485722e-03 -2.62505430e-03 -1.78935891e-03 3.15220116e-03 6.28390593e-04 3.87697994e-03 -3.56394181e-03 1.54664493e-03 3.88000414e-03 8.48174494e-01 2.91418953e+00 3.40088848e-02 2.65760077e-01
4.65534126e-04 -1.57105845e-03 -1.57302651e-03 2.50231249e-03 1.03870904e-03 3.34109894e-03 -2.69268733e-03 1.69643771e-03 2.99834810e-03 8.58299124e-01 2.45058541e+00 -1.35437674e-02 2.57955944e-01
1.48256440e-03 -2.55969885e-03 -1.54895681e-03 2.86857690e-03 1.16280095e-03 3.15659255e-03 -2.93231115e-03 4.09568914e-04 3.05523258e-03 8.23373975e-01 2.62826247e+00 1.48362293e-02 2.67256806e-01
1.02628727e-03 -2.08553818e-03 -1.34011954e-03 2.56307963e-03 9.79420449e-04 3.36404299e-03 -2.65740311e-03 1.04358593e-03 2.87634687e-03 8.61757908e-01 2.45755290e+00 1.39404800e-02 2.65564699e-01
9.97923286e-04 -2.11255963e-03 -1.59147782e-03 2.73811951e-03 1.28568004e-03 3.19246239e-03 -2.87936447e-03 1.22293962e-03 3.08297052e-03 8.23797490e-01 2.60909878e+00 -1.28964896e-02 2.59733340e-01
7.51707756e-04 -1.11363759e-03 -1.21681507e-03 2.21794104e-03 1.24971028e-03 2.19641881e-03 -2.51548117e-03 1.48512726e-03 2.58689670e-03 8.51760077e-01 2.51410828e+00 -1.92421277e-02 2.38202568e-01
2.04512034e-03 -2.88763136e-03 -1.30421779e-03 2.92538136e-03 7.62077709e-04 4.23069404e-03 -3.04461187e-03 -5.27540004e-05 3.16994640e-03 8.30408607e-01 2.54194402e+00 2.18016148e-02 2.80181025e-01
1.60469907e-03 -2.57704415e-03 -1.38777590e-03 2.85242007e-03 1.17207372e-03 4.15133983e-03 -2.81857866e-03 4.43278879e-04 3.01057320e-03 8.33377863e-01 2.57489835e+00 1.81031198e-02 2.77201628e-01
6.65118515e-04 -1.40520332e-03 -1.36711195e-03 2.40138651e-03 1.03528825e-03 2.47525609e-03 -2.68661391e-03 1.53329834e-03 2.82695262e-03 8.49481662e-01 2.48527488e+00 -1.62924802e-02 2.44396988e-01
4.63141927e-04 -1.45586844e-03 -1.33405109e-03 2.15774804e-03 6.64730687e-04 2.57288445e-03 -2.41987548e-03 1.36901072e-03 2.63765153e-03 8.21105314e-01 2.32170538e+00 -2.33049807e-02 2.55260570e-01
1.53786369e-03 -2.76770627e-03 -1.77928235e-03 3.29306666e-03 1.64360306e-03 4.15315923e-03 -3.22408012e-03 7.81595982e-04 3.41971920e-03 8.66737648e-01 2.77007787e+00 2.68828898e-02 2.68354797e-01
1.05254050e-03 -2.12865259e-03 -1.46404609e-03 2.58095041e-03 1.04809770e-03 2.85142383e-03 -2.74338402e-03 9.33724365e-04 2.88732045e-03 8.02452611e-01 2.61404096e+00 -8.72001991e-03 2.59921922e-01
9.29816671e-04 -2.11942209e-03 -1.52038595e-03 2.64074684e-03 1.07299854e-03 3.53856847e-03 -2.78625437e-03 1.24866807e-03 3.04353568e-03 8.82229330e-01 2.43670862e+00 9.17522069e-03 2.63765743e-01
8.90417670e-04 -6.31791314e-04 -9.50799903e-04 2.31188431e-03 1.77455777e-03 3.55066543e-03 -2.40437083e-03 1.92144324e-03 2.73496482e-03 8.41642295e-01 2.58818929e+00 -1.60134326e-02 2.57256970e-01
1.60839827e-03 -2.73634579e-03 -1.82067939e-03 3.19069636e-03 1.00630202e-03 3.05328187e-03 -3.16036847e-03 -2.40194585e-04 3.19445020e-03 8.42466854e-01 2.48823043e+00 1.77208444e-02 2.66668830e-01
1.30642984e-03 -2.10136266e-03 -1.10528542e-03 2.32217117e-03 8.16512533e-04 3.00006723e-03 -2.35991371e-03 3.38085895e-04 2.48177999e-03 8.15646768e-01 2.25094061e+00 -8.86952811e-03 2.70443131e-01
8.86408810e-04 -1.81187405e-03 -1.72233134e-03 2.94166914e-03 1.50418230e-03 3.38820803e-03 -3.22203719e-03 1.84017382e-03 3.44614775e-03 8.69339796e-01 2.82828690e+00 9.35565407e-03 2.53138986e-01
1.58673684e-03 -1.50915849e-04 -3.78215273e-04 2.29468055e-03 2.24592771e-03 3.07598215e-03 -2.43919241e-03 1.86017518e-03 2.62789114e-03 8.43017449e-01 2.64630160e+00 -2.76494335e-02 2.41716460e-01
1.66162511e-03 -2.31349607e-03 -1.49248795e-03 3.10650266e-03 1.14865793e-03 3.99613560e-03 -2.74768793e-03 -3.99023448e-04 2.78079889e-03 8.40788479e-01 2.40963245e+00 3.30506596e-02 2.79787776e-01
1.97217591e-03 -3.02846384e-03 -1.69060349e-03 3.35832320e-03 1.04793198e-03 3.72593842e-03 -3.39254341e-03 -1.03164902e-04 3.45978729e-03 8.38454005e-01 2.73506775e+00 3.39938444e-02 2.71271691e-01
5.35166933e-04 -9.54926906e-04 -1.19062007e-03 2.15635989e-03 1.23178421e-03 2.81242009e-03 -2.31699520e-03 1.63269140e-03 2.54935194e-03 8.44817208e-01 2.35577408e+00 -2.82953691e-02 2.50707090e-01
1.71080025e-03 -2.61360497e-03 -1.28208208e-03 2.75753310e-03 8.35424693e-04 3.59972089e-03 -2.87005964e-03 2.46431888e-04 3.01432469e-03 8.43080985e-01 2.47017003e+00 2.26962346e-02 2.74840334e-01
6.49938126e-04 -1.39055636e-03 -1.46574547e-03 2.53094993e-03 1.33549238e-03 2.79381789e-03 -2.72164016e-03 1.65562690e-03 2.88668153e-03 8.41128484e-01 2.60703121e+00 -1.99976439e-02 2.46541728e-01
1.29859574e-03 -2.16444620e-03 -1.47900812e-03 2.63603147e-03 1.14240136e-03 3.07686652e-03 -2.46364013e-03 -5.97027579e-05 2.52656732e-03 7.90430554e-01 2.37640642e+00 -4.66857814e-03 2.71979427e-01
8.84183572e-04 -7.34767381e-04 -1.15826594e-03 2.66985579e-03 1.57963237e-03 3.65325234e-03 -2.95629885e-03 2.25496002e-03 3.28628950e-03 8.91986098e-01 2.67099783e+00 4.83338112e-03 2.49704791e-01
7.78948597e-04 -1.49140269e-03 -1.45825446e-03 2.54831391e-03 1.43375002e-03 2.99976058e-03 -2.73778947e-03 1.61724091e-03 2.92470131e-03 8.41435518e-01 2.57179642e+00 -2.27207965e-02 2.50262971e-01
1.55727012e-03 -2.56452694e-03 -1.31928283e-03 2.68307818e-03 7.04723475e-04 3.35753001e-03 -2.82853704e-03 2.66722665e-04 2.95706082e-03 8.42737772e-01 2.48504732e+00 2.62543905e-02 2.71885768e-01
7.39846557e-04 -1.66194735e-03 -1.56273335e-03 2.53483220e-03 1.48070242e-03 3.01229415e-03 -2.66987026e-03 1.48821985e-03 2.87061568e-03 8.70323977e-01 2.49486110e+00 -1.36764078e-02 2.51448057e-01
1.63732142e-03 -2.60954904e-03 -1.23774012e-03 2.70111049e-03 5.87344804e-04 3.29848167e-03 -2.92264911e-03 3.42570784e-04 3.06821551e-03 8.08957949e-01 2.56075487e+00 1.50564274e-02 2.72253205e-01
5.45438417e-04 -1.23554465e-03 -1.31357256e-03 2.16881942e-03 1.12319795e-03 2.47067920e-03 -2.37662654e-03 1.45301677e-03 2.54535139e-03 8.35778318e-01 2.37704281e+00 -3.23282967e-02 2.46321467e-01
2.00687361e-03 -3.13100275e-03 -1.58493100e-03 3.27338393e-03 9.03023822e-04 4.09804768e-03 -3.41371987e-03 1.42309449e-04 3.55946608e-03 8.50263241e-01 2.73578192e+00 3.98468282e-02 2.74861777e-01
1.27862148e-03 -2.15885227e-03 -1.39371536e-03 2.60345198e-03 1.37641545e-03 3.24266911e-03 -2.45688400e-03 3.73830769e-04 2.57836474e-03 8.41218174e-01 2.33014702e+00 -2.96539554e-03 2.68164766e-01
4.21599957e-04 -1.48805604e-03 -1.68070754e-03 2.73242292e-03 8.55207020e-04 3.43337478e-03 -3.10999237e-03 2.07073347e-03 3.45351719e-03 8.42838386e-01 2.73717353e+00 3.06904666e-03 2.57191135e-01
1.24070509e-03 -2.53692652e-03 -1.60188708e-03 2.92060521e-03 9.16142423e-04 3.42200690e-03 -3.17057598e-03 1.04733099e-03 3.38513822e-03 8.29922478e-01 2.74215776e+00 1.42526168e-02 2.64683725e-01
8.40035027e-04 -1.83044203e-03 -1.37457157e-03 2.36668154e-03 1.18084950e-03 3.01601861e-03 -2.43535534e-03 1.09194282e-03 2.63576157e-03 8.52711053e-01 2.33284207e+00 -1.30718202e-02 2.60050550e-01
7.99809452e-04 -7.95340805e-04 -1.30994319e-03 2.76352342e-03 1.76648618e-03 3.77832911e-03 -2.97009746e-03 2.29847309e-03 3.32044516e-03 8.92458796e-01 2.72995970e+00 3.59179093e-03 2.50539571e-01
1.36053715e-03 -2.22940927e-03 -1.44815333e-03 2.65310130e-03 9.53637282e-04 2.89574321e-03 -2.54711116e-03 -1.37762820e-04 2.60760637e-03 7.89391041e-01 2.34539997e+00 -3.47003862e-03 2.72422351e-01
7.70358898e-04 -2.10513552e-03 -1.73974828e-03 2.83239651e-03 9.13770244e-04 3.06537358e-03 -3.15616251e-03 1.51750016e-03 3.37391849e-03 8.49205528e-01 2.57191173e+00 -1.44404874e-02 2.51894099e-01
1.15931435e-03 -2.05491501e-03 -1.26784687e-03 2.47056773e-03 1.22668322e-03 3.39626911e-03 -2.42620609e-03 7.48416180e-04 2.61504872e-03 8.33836410e-01 2.48926375e+00 1.58597662e-02 2.71535035e-01
3.94829584e-04 -1.20357662e-03 -1.34319766e-03 2.31969549e-03 7.96695446e-04 3.54589993e-03 -2.59140308e-03 1.87790632e-03 2.96266922e-03 8.35580302e-01 2.53219820e+00 -7.80852002e-04 2.64170645e-01
1.46340621e-03 -2.57981170e-03 -1.80697371e-03 3.05146301e-03 1.58326905e-03 3.13017333e-03 -3.01004056e-03 3.54991671e-04 3.09516192e-03 8.48443466e-01 2.53290264e+00 8.35156086e-04 2.60985889e-01
1.64367158e-03 -2.64332689e-03 -1.40395544e-03 2.87857046e-03 1.13797810e-03 4.09507104e-03 -2.90184205e-03 4.75779976e-04 3.09157961e-03 8.45400807e-01 2.45336033e+00 1.01335209e-03 2.74357273e-01
5.53762295e-04 -1.51323372e-03 -1.49814845e-03 2.33755436e-03 9.33367040e-04 2.34520899e-03 -2.65278325e-03 1.44060541e-03 2.79109063e-03 8.38653002e-01 2.60161085e+00 -9.57559179e-04 2.48222170e-01
5.66214411e-04 -1.27618818e-03 -1.28610017e-03 2.26422386e-03 1.05454297e-03 2.74621399e-03 -2.45492831e-03 1.53202512e-03 2.65604438e-03 8.36544159e-01 2.42915522e+00 -1.86915263e-02 2.52076281e-01
1.71987464e-03 -2.76310112e-03 -1.53569676e-03 3.10352895e-03 1.21651702e-03 3.83839983e-03 -3.12595166e-03 4.06813073e-04 3.26610934e-03 8.48375208e-01 2.63912286e+00 2.10089071e-02 2.70041839e-01
6.34634758e-04 -1.46768605e-03 -1.45175344e-03 2.44756184e-03 1.26349572e-03 3.16448050e-03 -2.62215486e-03 1.62512393e-03 2.87267652e-03 8.52670604e-01 2.51500060e+00 -1.11946461e-02 2.55826176e-01
1.52846196e-03 -2.63730686e-03 -1.49659552e-03 2.84057337e-03 8.73790515e-04 3.17124292e-03 -2.98375433e-03 3.25596229e-04 3.09946218e-03 8.30157772e-01 2.54607457e+00 1.20707189e-02 2.67127436e-01
1.54194893e-03 -2.42673960e-03 -1.38944747e-03 2.79542759e-03 1.13729754e-03 3.54606279e-03 -2.69154234e-03 1.30785856e-04 2.80193601e-03 8.24087397e-01 2.42221608e+00 2.02099773e-03 2.72881613e-01
6.83353347e-04 -1.16683453e-03 -1.36443566e-03 2.49343503e-03 1.30013162e-03 3.05777868e-03 -2.76602582e-03 1.84989391e-03 3.01830445e-03 8.59259973e-01 2.61774383e+00 -1.93301392e-03 2.52109910e-01
1.58507277e-03 -2.53812412e-03 -1.25449373e-03 2.65542127e-03 7.12742610e-04 3.35472610e-03 -2.82096291e-03 3.43600853e-04 2.97441204e-03 8.20616410e-01 2.51291570e+00 1.83603910e-02 2.73518668e-01
6.35441561e-04 -1.66879531e-03 -1.65666638e-03 2.59882489e-03 1.33991726e-03 2.96034492e-03 -2.79621681e-03 1.58889136e-03 2.99985447e-03 8.60179497e-01 2.55341926e+00 -1.64515722e-02 2.49415390e-01
7.24195945e-04 -1.89819246e-03 -1.75571807e-03 2.84959970e-03 1.42326762e-03 3.83547346e-03 -3.00957456e-03 1.77872448e-03 3.32739477e-03 8.69228571e-01 2.76636511e+00 1.70835330e-02 2.62526194e-01
1.25143517e-03 -2.22074023e-03 -1.29816268e-03 2.46104059e-03 7.90860653e-04 2.62108606e-03 -2.60826406e-03 4.42629349e-04 2.70556903e-03 8.17244496e-01 2.31796208e+00 -1.55740115e-02 2.60886242e-01
1.24155659e-03 -2.34063087e-03 -1.44090129e-03 2.68526486e-03 1.03307203e-03 3.27794554e-03 -2.81897949e-03 8.27065023e-04 3.01515165e-03 8.18312905e-01 2.46457720e+00 -1.57622079e-02 2.65289934e-01
7.19721869e-04 -1.92804850e-03 -1.61545693e-03 2.65322537e-03 1.16267412e-03 3.23403701e-03 -2.78614843e-03 1.40834411e-03 3.02242290e-03 8.68140428e-01 2.61741717e+00 1.73144259e-02 2.59835469e-01
9.86145899e-04 -2.08390148e-03 -1.44018630e-03 2.51838622e-03 1.16584933e-03 3.25685375e-03 -2.55319710e-03 9.26158884e-04 2.75757810e-03 8.33769547e-01 2.46866955e+00 -2.10234496e-03 2.65992443e-01
9.40903459e-04 -2.14911366e-03 -1.58970186e-03 2.76733072e-03 9.83066875e-04 3.22287372e-03 -3.02715160e-03 1.35801752e-03 3.25528416e-03 8.50306466e-01 2.59769778e+00 2.17753918e-03 2.58756384e-01
1.40620750e-03 -2.21354533e-03 -9.95363826e-04 2.22261664e-03 4.49534729e-04 3.14540546e-03 -2.41621953e-03 3.12611135e-04 2.55860041e-03 8.02123795e-01 2.31839350e+00 3.83172171e-03 2.75541230e-01
1.00571684e-03 -1.86012657e-03 -1.72431173e-03 2.87512636e-03 1.71485895e-03 3.01168732e-03 -3.12418915e-03 1.61154185e-03 3.25369607e-03 8.78770924e-01 2.72012035e+00 -3.63872629e-03 2.46509949e-01
1.69893083e-03 -2.23495662e-03 -9.48338781e-04 2.22921120e-03 3.77503223e-04 3.18668527e-03 -2.34834588e-03 -3.36974977e-04 2.39442408e-03 7.96163795e-01 2.22119923e+00 1.06750741e-02 2.81955111e-01
1.09161570e-03 -1.27191876e-03 -1.50406273e-03 2.75751552e-03 1.80489747e-03 2.70351915e-03 -3.19110348e-03 1.90079538e-03 3.26997437e-03 8.81897730e-01 2.82497721e+00 -9.86818099e-03 2.36139471e-01
1.54087330e-03 -2.44448559e-03 -1.33626528e-03 2.71068252e-03 9.20634552e-04 3.32049769e-03 -2.71500851e-03 1.33792024e-04 2.81452044e-03 8.17402027e-01 2.53299244e+00 2.10538855e-02 2.72526169e-01
6.59768421e-04 -1.39508080e-03 -1.50206825e-03 2.57207041e-03 1.31574424e-03 3.12984220e-03 -2.81068273e-03 1.78482493e-03 3.05263355e-03 8.62439840e-01 2.50989483e+00 -1.85954021e-02 2.50368202e-01
8.25755966e-04 -1.85686076e-03 -1.47926838e-03 2.52680988e-03 1.06403585e-03 2.96919644e-03 -2.75077577e-03 1.34145286e-03 2.95081926e-03 8.30209052e-01 2.48206818e+00 -2.23472382e-02 2.55067818e-01
1.31459452e-03 -2.34544779e-03 -1.39971557e-03 2.76408558e-03 1.15996707e-03 3.55939008e-03 -2.80727251e-03 8.11338459e-04 2.99332502e-03 8.56051643e-01 2.59064405e+00 2.56767777e-02 2.68200848e-01
1.31755965e-03 -2.30017066e-03 -1.35823627e-03 2.64936377e-03 9.67039299e-04 2.86590092e-03 -2.79689401e-03 6.51897611e-04 2.91094276e-03 8.28662595e-01 2.62903266e+00 2.23457242e-02 2.63274613e-01
8.63212095e-04 -1.95383992e-03 -1.53086176e-03 2.63997752e-03 1.27171204e-03 3.60402939e-03 -2.75228851e-03 1.41120783e-03 3.02252811e-03 8.53160119e-01 2.43715409e+00 -1.96613684e-02 2.61208086e-01
1.00088501e-03 -2.03577038e-03 -1.74161552e-03 2.96432244e-03 1.51471791e-03 3.28403204e-03 -3.21287717e-03 1.62222976e-03 3.40644335e-03 8.79372036e-01 2.68213737e+00 -5.47412571e-04 2.50961461e-01
1.22430000e-03 -2.07583097e-03 -1.08452668e-03 2.25124657e-03 7.33512192e-04 3.08276154e-03 -2.34640681e-03 5.05107841e-04 2.50511555e-03 8.02459271e-01 2.36408943e+00 6.30895661e-04 2.72484928e-01
4.76348769e-04 -1.38905707e-03 -1.67072782e-03 3.02792302e-03 9.14907368e-04 3.81254118e-03 -3.41909426e-03 2.41185256e-03 3.78447522e-03 8.74818160e-01 2.84985597e+00 2.17298192e-02 2.55164226e-01
1.15481715e-03 -1.99540324e-03 -1.34219629e-03 2.39652697e-03 1.33820538e-03 3.03838366e-03 -2.23872242e-03 3.16873098e-04 2.35368670e-03 8.12937300e-01 2.25009525e+00 -1.93644504e-02 2.69111190e-01
5.77010476e-04 -1.55716855e-03 -1.55925189e-03 2.62720367e-03 9.82232199e-04 3.57437157e-03 -2.93804413e-03 1.89481457e-03 3.26842184e-03 8.40568202e-01 2.65738665e+00 -2.67346138e-03 2.60104871e-01
1.25797646e-03 -2.28659298e-03 -1.49719775e-03 2.61667167e-03 1.18068460e-03 2.92750015e-03 -2.62250415e-03 3.86583427e-04 2.72260552e-03 8.43493331e-01 2.39613389e+00 2.76723292e-03 2.63435553e-01
8.69038112e-04 -1.96833252e-03 -1.41931113e-03 2.45577987e-03 9.76274977e-04 3.28355739e-03 -2.62211521e-03 1.18991111e-03 2.86229236e-03 8.35850961e-01 2.38850920e+00 -1.71766294e-02 2.63126052e-01
1.25213447e-03 -2.31493736e-03 -1.51005822e-03 2.80439204e-03 1.22010292e-03 3.13731279e-03 -2.94481165e-03 9.47496419e-04 3.08559793e-03 8.49077866e-01 2.68863954e+00 1.91168686e-02 2.60255364e-01
1.13185279e-03 -2.01398418e-03 -1.33918387e-03 2.49071496e-03 1.40136007e-03 3.16270225e-03 -2.38984621e-03 6.71741989e-04 2.54113823e-03 8.10297573e-01 2.41234758e+00 -1.79718516e-02 2.66211024e-01
6.56058349e-04 -2.01474417e-03 -1.73339057e-03 2.85878315e-03 7.47731908e-04 3.47618062e-03 -3.24109277e-03 1.79079182e-03 3.55235022e-03 8.77223831e-01 2.66614607e+00 1.99803862e-02 2.58831198e-01
1.26604843e-03 -2.47802739e-03 -1.44810772e-03 2.79418959e-03 7.51896346e-04 4.07173644e-03 -3.08756535e-03 1.18269968e-03 3.39166177e-03 8.43131437e-01 2.67937593e+00 2.52016702e-02 2.73130847e-01
8.75473054e-04 -1.91409700e-03 -1.50507111e-03 2.40946083e-03 1.21946711e-03 2.49709328e-03 -2.54962070e-03 9.62980582e-04 2.65950738e-03 8.41103563e-01 2.40235083e+00 -2.19273243e-02 2.49893341e-01
6.84946542e-04 -1.79087718e-03 -1.39174438e-03 2.31363803e-03 8.19686378e-04 3.23733985e-03 -2.51795901e-03 1.29554509e-03 2.78784202e-03 8.36487845e-01 2.38388270e+00 -7.99116010e-03 2.65344972e-01
1.36973297e-03 -2.44289651e-03 -1.59474066e-03 2.92939469e-03 1.35909041e-03 3.13733990e-03 -3.05455439e-03 8.54514471e-04 3.16641579e-03 8.47867369e-01 2.68288548e+00 8.42497818e-03 2.57727874e-01
7.84408196e-04 -1.74632813e-03 -1.39326685e-03 2.39115753e-03 1.27077033e-03 3.13944424e-03 -2.43195841e-03 1.20677049e-03 2.64996289e-03 8.35404095e-01 2.45495036e+00 -8.72397210e-03 2.62650142e-01
1.28944095e-03 -2.50239857e-03 -1.53128637e-03 2.93951159e-03 8.95450706e-04 3.31316290e-03 -3.16707230e-03 9.91702671e-04 3.34934087e-03 8.49048359e-01 2.61322196e+00 9.23157891e-03 2.61270618e-01
1.10203352e-03 -2.38901717e-03 -1.45032932e-03 2.65501804e-03 5.56914244e-04 3.31481102e-03 -2.96150979e-03 9.99644589e-04 3.18272453e-03 8.30264768e-01 2.55903026e+00 7.61323595e-03 2.65748079e-01
9.62006010e-04 -1.92738729e-03 -1.49258994e-03 2.51737222e-03 1.43609524e-03 3.01152494e-03 -2.60121920e-03 1.12350175e-03 2.76798284e-03 8.52926794e-01 2.48850557e+00 -7.21731427e-03 2.57424380e-01
1.10902297e-03 -1.98421689e-03 -1.38051372e-03 2.46548292e-03 1.49001564e-03 3.01920364e-03 -2.40118117e-03 7.35769075e-04 2.53905374e-03 8.38999934e-01 2.35596718e+00 -1.58092582e-02 2.61578653e-01
6.46172919e-04 -2.15503599e-03 -1.72451148e-03 2.81470849e-03 4.66345174e-04 3.55297739e-03 -3.24229038e-03 1.68879959e-03 3.56547157e-03 8.45449821e-01 2.71608068e+00 1.74598023e-02 2.63110344e-01
7.85269813e-04 -1.21875236e-03 -1.42001356e-03 2.45431418e-03 1.54570391e-03 2.72985652e-03 -2.72907818e-03 1.70531514e-03 2.88258283e-03 8.51834350e-01 2.62654538e+00 -2.19589324e-02 2.43888409e-01
1.85084855e-03 -2.67208021e-03 -1.23775891e-03 2.70232346e-03 5.01157549e-04 3.40176339e-03 -2.86110860e-03 -2.16948944e-04 2.92827827e-03 8.30030987e-01 2.42357522e+00 2.53267042e-02 2.76375916e-01
1.65381938e-03 -2.95385735e-03 -1.65673593e-03 3.23623165e-03 1.04655095e-03 4.13214362e-03 -3.40198907e-03 7.59651293e-04 3.63790151e-03 8.52814125e-01 2.63974152e+00 1.03204347e-02 2.70446065e-01
6.46596683e-04 -1.41116013e-03 -1.24924252e-03 2.19193400e-03 1.15526515e-03 2.52485290e-03 -2.28031831e-03 1.24294546e-03 2.43424800e-03 8.31908562e-01 2.44010033e+00 -9.70823136e-03 2.53890776e-01
1.44718334e-03 -2.34389959e-03 -1.48656842e-03 2.73988336e-03 9.94982913e-04 2.95826974e-03 -2.67770670e-03 -9.88021744e-05 2.71939060e-03 7.86461913e-01 2.47497939e+00 -1.73798532e-03 2.69212250e-01
7.31906242e-04 -9.73610311e-04 -1.29818303e-03 2.52357493e-03 1.49623588e-03 3.52219301e-03 -2.76308050e-03 2.03537435e-03 3.08776524e-03 8.94354175e-01 2.54765394e+00 1.83148622e-03 2.53070081e-01
1.29772553e-03 -2.24798518e-03 -1.57487602e-03 2.76355601e-03 1.19750338e-03 3.18868947e-03 -2.56756761e-03 -3.97858059e-05 2.63791567e-03 8.42266035e-01 2.30886102e+00 9.04397878e-03 2.70340811e-01
9.60838985e-04 -6.93281982e-04 -1.06070583e-03 2.55210345e-03 1.64621683e-03 3.64066923e-03 -2.81675552e-03 2.15909919e-03 3.16647638e-03 8.41797790e-01 2.74425681e+00 -8.54224043e-03 2.54530424e-01
1.23412931e-03 -2.24674914e-03 -1.18288236e-03 2.37609422e-03 6.13830538e-04 3.47100511e-03 -2.58428860e-03 7.32031441e-04 2.80105816e-03 8.30375605e-01 2.49517014e+00 2.66566190e-02 2.74410084e-01
1.04662350e-03 -2.04752484e-03 -1.63904604e-03 2.77630292e-03 1.47088053e-03 2.90001517e-03 -2.96888427e-03 1.27844618e-03 3.09075201e-03 8.51471767e-01 2.55398121e+00 -2.29620217e-02 2.47824095e-01
5.85375714e-04 -1.27597016e-03 -1.41896366e-03 2.47709167e-03 1.18482439e-03 3.00314605e-03 -2.72307877e-03 1.77944822e-03 2.95427383e-03 8.77428762e-01 2.60567678e+00 1.12348736e-02 2.51745871e-01
1.56523488e-03 -2.56029318e-03 -1.46150783e-03 2.80399025e-03 1.02804621e-03 3.38155924e-03 -2.83494178e-03 1.93450132e-04 2.94929190e-03 8.07955582e-01 2.44921574e+00 -1.05659676e-02 2.70273324e-01
5.36676526e-04 -1.52762790e-03 -1.55639007e-03 2.56599079e-03 1.12685340e-03 3.67692379e-03 -2.78269328e-03 1.84794449e-03 3.13162917e-03 8.62095896e-01 2.60328019e+00 6.37108389e-03 2.62476643e-01
1.40635274e-03 -2.40354603e-03 -1.49364577e-03 2.73422734e-03 1.11351366e-03 2.80624137e-03 -2.80518246e-03 3.42708597e-04 2.88201165e-03 8.22379576e-01 2.46188994e+00 -6.11680024e-03 2.61211709e-01
9.59528545e-04 -9.57288864e-04 -1.15145962e-03 2.23284695e-03 1.42272598e-03 2.03240644e-03 -2.64756462e-03 1.54677857e-03 2.66731782e-03 8.43702708e-01 2.62711571e+00 -2.83922484e-02 2.31889706e-01
2.19479991e-03 -2.78035932e-03 -1.16811574e-03 2.81529241e-03 6.02250987e-04 4.34279753e-03 -2.90311367e-03 -4.33675978e-04 2.96856362e-03 8.39896758e-01 2.44280840e+00 3.41213519e-02 2.85029999e-01
8.41247421e-04 -1.27223953e-03 -1.38440011e-03 2.41660377e-03 1.51725212e-03 2.69618431e-03 -2.70086097e-03 1.62873826e-03 2.85141151e-03 8.24021901e-01 2.68109128e+00 -2.61672593e-02 2.47010792e-01
1.84322119e-03 -2.67668356e-03 -1.25062460e-03 2.77041496e-03 6.54515579e-04 3.56117804e-03 -2.87986372e-03 -9.61759016e-05 2.96568892e-03 8.63969509e-01 2.38003724e+00 3.07924128e-02 2.75422416e-01
1.10788525e-03 -2.31479320e-03 -1.65137161e-03 2.86053872e-03 1.22796863e-03 3.24355480e-03 -3.04925306e-03 1.17913231e-03 3.24982044e-03 8.34122358e-01 2.78487330e+00 1.57394509e-02 2.62245268e-01
9.78714234e-04 -2.04754928e-03 -1.35123099e-03 2.45440316e-03 1.01006885e-03 3.25323336e-03 -2.53582080e-03 9.65466543e-04 2.75202422e-03 8.48974735e-01 2.30567406e+00 -1.43413875e-02 2.64212558e-01
8.30494119e-04 -8.00836569e-04 -1.16304394e-03 2.39011795e-03 1.49101487e-03 2.67406711e-03 -2.69929616e-03 1.85288405e-03 2.86491120e-03 8.77244208e-01 2.58133820e+00 -1.08057999e-02 2.39910184e-01
1.74781451e-03 -2.45950494e-03 -1.32407096e-03 2.81180781e-03 8.75417554e-04 3.73940438e-03 -2.71396802e-03 -2.75979607e-04 2.77402207e-03 8.01471459e-01 2.44447522e+00 1.17278359e-02 2.79268329e-01
1.39207347e-03 -2.60234263e-03 -1.79506589e-03 3.03651543e-03 1.45534053e-03 3.03058839e-03 -3.23017663e-03 8.64939280e-04 3.33056219e-03 8.57037588e-01 2.66233710e+00 -1.91096412e-03 2.53268774e-01
6.96778715e-04 -1.71393647e-03 -1.25025146e-03 2.17531714e-03 6.99002098e-04 3.28560865e-03 -2.38385993e-03 1.24211764e-03 2.66324796e-03 8.26437952e-01 2.39439065e+00 1.99610427e-03 2.69922495e-01
7.50233495e-04 -8.44700754e-04 -1.16744291e-03 2.44984155e-03 1.48650539e-03 2.89738542e-03 -2.66011596e-03 1.88594507e-03 2.85385181e-03 8.69910149e-01 2.62551437e+00 -5.71087909e-03 2.44283204e-01
1.76230417e-03 -2.60812304e-03 -1.43416290e-03 2.94106208e-03 9.78778223e-04 3.61647014e-03 -2.88440499e-03 -1.38895797e-04 2.97344697e-03 8.11621312e-01 2.45325810e+00 6.01971657e-03 2.76402355e-01
1.66862306e-03 -2.58031450e-03 -1.25315846e-03 2.68636616e-03 7.87516594e-04 3.80822233e-03 -2.77516604e-03 2.27231599e-04 2.92761379e-03 8.49212369e-01 2.38646742e+00 1.58263456e-02 2.76874235e-01
8.23368027e-04 -1.46286398e-03 -1.44227748e-03 2.46507913e-03 1.34161335e-03 2.51828841e-03 -2.77034147e-03 1.52980108e-03 2.88475349e-03 8.35584734e-01 2.67591287e+00 -1.44628003e-02 2.45659170e-01
5.22885045e-04 -1.67822240e-03 -1.27563500e-03 2.10674258e-03 2.37385169e-04 3.34402200e-03 -2.48999147e-03 1.40398978e-03 2.81476442e-03 8.16609935e-01 2.44567762e+00 1.17398934e-02 2.71661841e-01
1.40660712e-03 -2.56863943e-03 -1.91029510e-03 3.04480793e-03 1.82008493e-03 3.06701845e-03 -3.12764221e-03 7.37740676e-04 3.20388214e-03 8.64515846e-01 2.58662539e+00 -1.08669224e-02 2.52199704e-01
1.56865001e-03 -2.39137214e-03 -1.49236288e-03 2.88439183e-03 1.12448238e-03 3.37914582e-03 -2.72824142e-03 -1.50456049e-04 2.79027655e-03 7.94811481e-01 2.49883653e+00 8.75918316e-03 2.74632560e-01
7.98363055e-04 -6.88055229e-04 -1.07647379e-03 2.52090987e-03 1.55338326e-03 3.28736332e-03 -2.71021062e-03 2.06492115e-03 2.97271487e-03 8.83573234e-01 2.55815206e+00 -8.16382191e-03 2.45882677e-01
1.14855266e-03 -2.18747185e-03 -1.69621575e-03 2.71052283e-03 1.63721316e-03 2.81451781e-03 -2.82443437e-03 9.36958967e-04 2.91443148e-03 8.64981556e-01 2.50738581e+00 -1.26057701e-02 2.50496092e-01
9.58794391e-04 -2.14796661e-03 -1.26227065e-03 2.32590882e-03 2.62892420e-04 3.51357206e-03 -2.73172747e-03 1.13052539e-03 3.01419195e-03 8.15666224e-01 2.52206730e+00 1.37615072e-02 2.72452027e-01
9.05550689e-04 -1.95677050e-03 -1.44599146e-03 2.41239447e-03 1.01046995e-03 2.54079267e-03 -2.62083571e-03 9.98646198e-04 2.74966510e-03 8.46073102e-01 2.39310937e+00 -1.29254227e-02 2.52293136e-01
1.17635013e-03 -2.31486703e-03 -1.46299826e-03 2.78916205e-03 1.09436675e-03 3.96241379e-03 -2.91169252e-03 1.17083214e-03 3.18081079e-03 8.37481497e-01 2.66575856e+00 1.40527362e-02 2.70343699e-01
1.23798131e-03 -2.28393836e-03 -1.53012765e-03 2.75628247e-03 1.38964926e-03 3.24929227e-03 -2.76577949e-03 7.75182337e-04 2.91132109e-03 8.69688806e-01 2.43482199e+00 1.78590764e-03 2.60648180e-01
6.89691882e-04 -1.85782246e-03 -1.47175130e-03 2.47283777e-03 7.26616542e-04 3.20743380e-03 -2.76686038e-03 1.44272661e-03 3.03299591e-03 8.13664088e-01 2.61041626e+00 -1.71637514e-03 2.63178282e-01
5.57854460e-04 -1.20979019e-03 -1.39927996e-03 2.55907160e-03 1.18261065e-03 3.72531752e-03 -2.78075447e-03 2.01794329e-03 3.13748335e-03 8.66302179e-01 2.64340210e+00 1.19930136e-02 2.60917687e-01
1.46252078e-03 -2.39707553e-03 -1.52114208e-03 2.77458496e-03 1.23816265e-03 2.90867759e-03 -2.76481048e-03 1.89713185e-04 2.82515760e-03 8.19142411e-01 2.42190055e+00 -1.12161208e-02 2.62481982e-01
1.67978639e-03 -2.57742734e-03 -1.34523227e-03 2.78206161e-03 8.86057762e-04 3.48426400e-03 -2.81678956e-03 6.83990530e-05 2.93939621e-03 8.09310776e-01 2.46898652e+00 7.08411997e-03 2.75686946e-01
6.47241075e-04 -1.25545174e-03 -1.44336479e-03 2.54159131e-03 1.35824873e-03 2.92275225e-03 -2.77820522e-03 1.80137250e-03 2.98072127e-03 8.71701949e-01 2.60825633e+00 -6.68608375e-03 2.46281286e-01
1.52217359e-03 -2.71542893e-03 -1.74323581e-03 3.20992899e-03 1.64996333e-03 4.01569134e-03 -3.16807724e-03 7.99099629e-04 3.35644213e-03 8.74014914e-01 2.67396089e+00 1.76521703e-02 2.66035323e-01
4.93311583e-04 -1.46840176e-03 -1.30540223e-03 2.18190178e-03 6.59247249e-04 2.65867068e-03 -2.43332136e-03 1.37958704e-03 2.65625003e-03 8.12815803e-01 2.39385964e+00 -1.60584826e-02 2.57834140e-01
1.14415554e-03 -2.16954806e-03 -1.54853720e-03 2.71940110e-03 1.29876092e-03 2.85556598e-03 -2.90729539e-03 1.05456169e-03 3.02084014e-03 8.54795294e-01 2.60789443e+00 2.30547803e-03 2.53291310e-01
9.39386380e-04 -2.08531795e-03 -1.38186040e-03 2.45151800e-03 8.12789255e-04 3.49870807e-03 -2.64048985e-03 1.10656786e-03 2.90117344e-03 8.29239146e-01 2.45153439e+00 -2.22830837e-03 2.69356584e-01
2.07448069e-03 -2.81121939e-03 -1.26154806e-03 2.90053657e-03 6.90429724e-04 4.06042308e-03 -2.98382860e-03 -2.68329401e-04 3.06355010e-03 8.25232780e-01 2.51747929e+00 2.50092088e-02 2.80357566e-01
7.61392536e-04 -1.04144691e-03 -1.24343424e-03 2.23191650e-03 1.33846120e-03 2.27955187e-03 -2.55320940e-03 1.57008160e-03 2.65377263e-03 8.55707485e-01 2.52217668e+00 -2.16945943e-02 2.38574453e-01
5.79669967e-04 -1.35429052e-03 -1.41950043e-03 2.29232507e-03 1.23171145e-03 2.81916028e-03 -2.48471599e-03 1.52361482e-03 2.69613243e-03 8.33661467e-01 2.50300636e+00 -1.83488566e-02 2.54004751e-01
1.77522111e-03 -2.82518910e-03 -1.45135128e-03 2.99545552e-03 8.50401911e-04 3.50600029e-03 -3.14871974e-03 2.36723498e-04 3.25820536e-03 8.51652704e-01 2.55386187e+00 2.05625302e-02 2.68499311e-01
9.02934961e-04 -2.00418634e-03 -1.67876975e-03 2.65588421e-03 1.22683764e-03 2.51714615e-03 -2.96273632e-03 1.28080713e-03 3.05646329e-03 8.78542188e-01 2.64044658e+00 9.44227599e-03 2.45912996e-01
1.29445074e-03 -2.23714741e-03 -1.18510873e-03 2.42548056e-03 7.95453474e-04 3.71042246e-03 -2.57661726e-03 7.57594243e-04 2.80421603e-03 8.06334043e-01 2.41594828e+00 -8.95870914e-03 2.75209142e-01
6.22494312e-04 -1.81723277e-03 -1.73316510e-03 2.76676700e-03 1.03310100e-03 3.22455593e-03 -3.09074018e-03 1.76894163e-03 3.34958823e-03 8.75507310e-01 2.56101048e+00 -5.07740963e-03 2.51782266e-01
1.24834109e-03 -2.20241399e-03 -1.32767534e-03 2.48978572e-03 1.04340751e-03 3.15870417e-03 -2.48757295e-03 4.35133188e-04 2.62678834e-03 8.05404473e-01 2.48472336e+00 5.35349755e-03 2.70959511e-01
1.28711917e-03 -2.30294071e-03 -1.27303265e-03 2.50049494e-03 8.47570307e-04 3.61601672e-03 -2.63820173e-03 7.25728546e-04 2.85425972e-03 8.22178736e-01 2.55508322e+00 2.08076462e-02 2.74674330e-01
9.09445133e-04 -2.01238713e-03 -1.61184123e-03 2.65047141e-03 1.16904256e-03 2.72769406e-03 -2.91748678e-03 1.28275607e-03 3.05050633e-03 8.58605717e-01 2.49903698e+00 -1.84225334e-02 2.46617722e-01
2.50382927e-03 3.53939399e-04 3.49118996e-04 2.30982276e-03 3.03958490e-03 3.54736831e-03 -2.38562209e-03 1.90532237e-03 2.61330032e-03 8.96348990e-01 2.70188041e+00 -2.59502321e-04 2.40748235e-01
1.35065096e-03 -1.77209545e-03 -1.34739626e-03 2.94355004e-03 1.43894251e-03 3.89840887e-03 -2.32302573e-03 -2.53260057e-04 2.35338559e-03 7.83185120e-01 2.31640587e+00 3.67462750e-04 2.80171638e-01
1.09544102e-03 -2.16382088e-03 -1.37039763e-03 2.52718900e-03 1.02965406e-03 3.18894060e-03 -2.60165614e-03 8.25602796e-04 2.78752494e-03 8.46386286e-01 2.46631127e+00 1.05756046e-02 2.65894379e-01
8.78264146e-04 -2.08015367e-03 -1.64472006e-03 2.74137366e-03 1.14231543e-03 3.27594877e-03 -2.96501184e-03 1.41172147e-03 3.20854498e-03 8.37962956e-01 2.59701421e+00 -9.92146981e-03 2.58907540e-01
7.25102943e-04 -1.57225836e-03 -1.47296302e-03 2.45019140e-03 1.40409162e-03 2.94709603e-03 -2.58750841e-03 1.46425840e-03 2.78455329e-03 8.48503350e-01 2.59045539e+00 -5.42417274e-03 2.54815454e-01
1.60692024e-03 -2.69493202e-03 -1.39097549e-03 2.84331710e-03 7.39965147e-04 3.37363333e-03 -3.04057651e-03 4.22137142e-04 3.19560945e-03 8.35183147e-01 2.48160409e+00 5.66502053e-03 2.69044714e-01
1.42324470e-03 -2.40535850e-03 -1.37536328e-03 2.71358096e-03 1.21522057e-03 3.82834832e-03 -2.66181481e-03 5.23586783e-04 2.85196795e-03 8.33934161e-01 2.50960765e+00 1.22258162e-02 2.74847907e-01
5.62510191e-04 -1.63805946e-03 -1.60514611e-03 2.55166838e-03 9.26797293e-04 2.69725411e-03 -2.88653338e-03 1.62662166e-03 3.08897138e-03 8.49305356e-01 2.55283421e+00 -1.13404237e-02 2.48520548e-01
6.05122226e-04 -1.64060197e-03 -1.51216677e-03 2.58124484e-03 1.06748438e-03 3.90169574e-03 -2.77644210e-03 1.79388800e-03 3.14118950e-03 8.62741676e-01 2.53695346e+00 2.70476891e-03 2.65581928e-01
1.30563069e-03 -2.39032277e-03 -1.57638228e-03 2.68560646e-03 1.14958975e-03 2.61182126e-03 -2.80822610e-03 4.39267760e-04 2.88491904e-03 8.21134076e-01 2.52921754e+00 -2.61849351e-03 2.58841619e-01
9.00357025e-04 -4.72080637e-04 -8.82778356e-04 2.20576848e-03 1.59470631e-03 2.71353689e-03 -2.42798556e-03 1.79738480e-03 2.61397830e-03 8.34791741e-01 2.56893532e+00 -3.02053946e-02 2.41569103e-01
1.91737318e-03 -2.72860378e-03 -1.61235118e-03 3.28873755e-03 1.06150014e-03 4.01898201e-03 -3.11612987e-03 -4.06350078e-04 3.15564329e-03 8.51359361e-01 2.51842402e+00 3.66627985e-02 2.77462260e-01
8.20782664e-04 -2.14960581e-03 -1.50393987e-03 2.61443473e-03 5.83824040e-04 3.85176459e-03 -2.92698045e-03 1.43782755e-03 3.25412102e-03 8.43798488e-01 2.63343638e+00 2.18946463e-02 2.70234088e-01
1.19406729e-03 -2.07012372e-03 -1.45333206e-03 2.56399577e-03 1.45056266e-03 2.70946451e-03 -2.64252971e-03 8.02053946e-04 2.73119643e-03 8.40511991e-01 2.42554780e+00 -1.93737351e-02 2.53282624e-01
1.71855728e-03 -2.71283207e-03 -1.48376894e-03 3.05386103e-03 1.23814046e-03 4.07303669e-03 -2.99136726e-03 3.06954095e-04 3.14642239e-03 8.56144281e-01 2.65297133e+00 3.81023428e-02 2.74901319e-01
6.16847181e-04 -1.33844195e-03 -1.36443091e-03 2.34660745e-03 1.06881655e-03 2.67705575e-03 -2.61317468e-03 1.58085513e-03 2.81052871e-03 8.31104761e-01 2.43795916e+00 -3.12055417e-02 2.48273892e-01
1.06566984e-03 -2.05570822e-03 -1.26202057e-03 2.37667224e-03 7.93928337e-04 2.78360024e-03 -2.52660519e-03 7.38130009e-04 2.66988584e-03 7.99183332e-01 2.49752372e+00 -1.30173375e-03 2.64267841e-01
9.21205646e-04 -2.17949687e-03 -1.73231248e-03 2.86310336e-03 1.33171496e-03 3.62578114e-03 -3.02043928e-03 1.44108286e-03 3.27518517e-03 8.82900351e-01 2.54241632e+00 1.37804464e-03 2.59089374e-01
1.28643295e-03 -3.80475189e-04 -7.86878896e-04 2.56844860e-03 2.09766762e-03 3.76225154e-03 -2.76120510e-03 2.20230450e-03 3.09203859e-03 8.92407238e-01 2.67114633e+00 -1.33246610e-03 2.48423880e-01
1.32235775e-03 -2.12383463e-03 -1.50989620e-03 2.73677786e-03 1.06085295e-03 3.04337140e-03 -2.51342191e-03 -2.46472902e-04 2.54263338e-03 7.87274944e-01 2.36786645e+00 1.45865490e-03 2.72619802e-01
1.08015461e-03 -2.30468559e-03 -1.60753683e-03 2.69949921e-03 9.55831762e-04 2.58823549e-03 -2.95340480e-03 8.89443046e-04 3.06975525e-03 8.31250758e-01 2.67174471e+00 1.15009996e-02 2.56297419e-01
8.89810865e-04 -2.02719781e-03 -1.47670874e-03 2.57565498e-03 1.19919537e-03 3.88484029e-03 -2.62985374e-03 1.28109491e-03 2.93543267e-03 8.51751201e-01 2.40710079e+00 -1.07006626e-02 2.69582917e-01
1.08308509e-03 -2.25267534e-03 -1.88297669e-03 3.06342889e-03 1.62128336e-03 3.31196376e-03 -3.32298703e-03 1.54143466e-03 3.49775580e-03 8.93743339e-01 2.67661825e+00 -2.53838409e-04 2.49234209e-01
1.16248913e-03 -2.00916240e-03 -1.01269804e-03 2.09957458e-03 5.34961439e-04 2.92430585e-03 -2.26652863e-03 5.03967340e-04 2.42642468e-03 7.86212738e-01 2.35078407e+00 3.56856805e-04 2.73236210e-01
7.90804576e-04 -2.58184830e-04 -6.55872391e-04 2.02550517e-03 1.43662183e-03 3.07550374e-03 -2.14143117e-03 1.81574374e-03 2.44214526e-03 8.32663018e-01 2.42164428e+00 -2.14968538e-02 2.52614530e-01
1.78494081e-03 -2.90663139e-03 -2.10957583e-03 3.76810058e-03 1.81091323e-03 4.11400269e-03 -3.42660746e-03 -1.07275098e-04 3.50266411e-03 8.53106424e-01 2.68479583e+00 2.45785444e-02 2.70545435e-01
1.43322318e-03 -2.48785778e-03 -1.48334052e-03 2.93185080e-03 1.35555029e-03 3.91553558e-03 -2.90610927e-03 7.78984790e-04 3.10762555e-03 8.43563724e-01 2.67342352e+00 2.06303795e-02 2.70756434e-01
6.21621893e-04 -1.71902655e-03 -1.48412804e-03 2.38285145e-03 8.45176097e-04 2.66499955e-03 -2.65311458e-03 1.35542546e-03 2.85208440e-03 8.40696055e-01 2.39876948e+00 -1.83715044e-02 2.52583076e-01
9.47382243e-04 -2.21494912e-03 -1.42434735e-03 2.55428388e-03 5.99247557e-04 3.56643371e-03 -2.83528805e-03 1.19045399e-03 3.10982981e-03 8.59986811e-01 2.57295761e+00 3.30340151e-02 2.69408444e-01
1.07403725e-03 -2.15575869e-03 -1.61273512e-03 2.65049867e-03 1.39439573e-03 2.88769487e-03 -2.78397292e-03 9.84654647e-04 2.91631724e-03 8.27579861e-01 2.49636502e+00 -2.77448394e-02 2.53879120e-01
9.74130010e-04 -2.08111414e-03 -1.49370734e-03 2.73389021e-03 1.19798544e-03 3.48893721e-03 -2.82283802e-03 1.27113627e-03 3.05237976e-03 8.53486863e-01 2.52431672e+00 -3.33048141e-03 2.61258952e-01
1.00246228e-03 -2.12890187e-03 -1.46685580e-03 2.54290029e-03 9.90651191e-04 2.98586508e-03 -2.71335731e-03 9.80905196e-04 2.90143596e-03 8.30041032e-01 2.53306017e+00 3.46173227e-03 2.63036629e-01
1.19243167e-03 -2.19408667e-03 -1.53970328e-03 2.79834855e-03 1.63849454e-03 3.43946563e-03 -2.72831020e-03 9.43468956e-04 2.90061673e-03 8.61761305e-01 2.49089046e+00 -4.85406233e-03 2.61048359e-01
7.88462017e-04 -1.95040067e-03 -1.39777162e-03 2.49826731e-03 6.12359794e-04 3.18644668e-03 -2.79501627e-03 1.34670957e-03 3.06007091e-03 8.20902686e-01 2.56567236e+00 5.08180283e-03 2.64756335e-01
8.00579273e-04 -1.39607215e-03 -1.55838576e-03 2.68176329e-03 1.56326948e-03 3.10524934e-03 -2.96785054e-03 1.86186290e-03 3.17149192e-03 8.66954787e-01 2.72048082e+00 -6.38591366e-03 2.47995459e-01
1.57422601e-03 -2.34651521e-03 -1.15924471e-03 2.49468163e-03 6.66439645e-04 3.10402357e-03 -2.56901291e-03 -8.84300379e-06 2.64698284e-03 8.14801291e-01 2.32796207e+00 6.74303382e-03 2.73546368e-01
1.08610985e-03 -2.50908107e-03 -1.74003904e-03 3.03982070e-03 1.03177657e-03 3.94941690e-03 -3.26081913e-03 1.35673612e-03 3.53916381e-03 8.65057244e-01 2.75589173e+00 2.49338195e-02 2.65654991e-01
9.05992866e-04 -1.78989517e-03 -1.27291396e-03 2.27319016e-03 1.06201005e-03 2.63663477e-03 -2.37600161e-03 9.21550883e-04 2.51564078e-03 8.22300419e-01 2.32715992e+00 -2.18208998e-02 2.57427842e-01
1.01092332e-03 -1.97668124e-03 -1.42247317e-03 2.40682463e-03 1.16315073e-03 2.48779663e-03 -2.57503875e-03 8.77906262e-04 2.67069100e-03 8.46349011e-01 2.37390531e+00 -1.82923836e-02 2.50293477e-01
1.15746171e-03 -2.36369656e-03 -1.46948471e-03 2.74289244e-03 8.56687454e-04 4.03804401e-03 -2.99311640e-03 1.24095549e-03 3.29231846e-03 8.36947239e-01 2.69178675e+00 2.05644198e-02 2.72038085e-01
1.66105222e-03 -2.43321791e-03 -1.14862780e-03 2.51036918e-03 6.90405838e-04 3.35889470e-03 -2.61755082e-03 4.92018297e-05 2.72806786e-03 7.90945023e-01 2.43196855e+00 4.46262812e-03 2.76989830e-01
6.67114361e-04 -1.47060409e-03 -1.61349354e-03 2.63951375e-03 1.34964983e-03 2.80255281e-03 -2.94158033e-03 1.77425674e-03 3.10922727e-03 8.88194224e-01 2.61354969e+00 -4.20993403e-03 2.42577724e-01
1.00440050e-03 -1.90451950e-03 -1.54646933e-03 2.60772972e-03 1.37582768e-03 2.60656270e-03 -2.85804783e-03 1.25421884e-03 2.94614178e-03 8.72060142e-01 2.60801055e+00 2.67097822e-03 2.46961802e-01
1.33980890e-03 -2.29962777e-03 -1.18029249e-03 2.46268199e-03 7.09304399e-04 3.66619543e-03 -2.64559850e-03 7.24169611e-04 2.86314615e-03 8.11340824e-01 2.43823726e+00 -2.58394911e-03 2.74505883e-01
1.40269193e-03 -2.35989114e-03 -1.63132962e-03 2.83059538e-03 1.59213158e-03 2.78133062e-03 -2.95360155e-03 7.31490781e-04 3.00605584e-03 8.51408301e-01 2.53303710e+00 -1.52790890e-02 2.50091549e-01
6.74720095e-04 -1.89146434e-03 -1.38127180e-03 2.28541851e-03 4.68673351e-04 3.64113144e-03 -2.62551417e-03 1.38967935e-03 2.96151580e-03 8.31218549e-01 2.51470579e+00 1.68787740e-02 2.72887962e-01
6.40330888e-04 -1.61735642e-03 -1.35736144e-03 2.31035201e-03 9.84994462e-04 2.95340773e-03 -2.46247248e-03 1.34007349e-03 2.68910513e-03 8.51341786e-01 2.40278653e+00 -3.91719268e-03 2.58896627e-01
1.43170944e-03 -2.65101883e-03 -1.64040314e-03 3.00941155e-03 1.19665615e-03 3.49833144e-03 -3.14124683e-03 7.80200705e-04 3.32176974e-03 8.32262433e-01 2.66508695e+00 4.07323826e-03 2.65137100e-01
6.82813453e-04 -1.94319068e-03 -1.60342512e-03 2.65348860e-03 7.92924642e-04 3.68279147e-03 -2.97278548e-03 1.66456460e-03 3.30313294e-03 8.61397901e-01 2.67026372e+00 2.53130918e-02 2.65707905e-01
1.26001673e-03 -2.18788795e-03 -1.42420394e-03 2.59398924e-03 1.31695192e-03 2.88166292e-03 -2.62825936e-03 6.17046963e-04 2.72815082e-03 8.25560392e-01 2.40273062e+00 -2.20953486e-02 2.57879728e-01
5.02668411e-04 -1.36404107e-03 -1.37762404e-03 2.30450124e-03 7.44585170e-04 3.81179919e-03 -2.65465754e-03 1.84834420e-03 3.06151893e-03 8.49083334e-01 2.56606172e+00 1.93523537e-02 2.70223323e-01
1.44236740e-03 -2.43291345e-03 -1.68945801e-03 2.89907279e-03 1.54531373e-03 2.82610642e-03 -2.89118060e-03 3.37984145e-04 2.92268340e-03 8.35866339e-01 2.47955065e+00 -1.73681654e-02 2.53735875e-01
1.23648751e-03 -2.19519901e-03 -1.43510416e-03 2.62702768e-03 1.22636802e-03 2.80950715e-03 -2.72579283e-03 7.28758280e-04 2.83132399e-03 8.37796022e-01 2.42484416e+00 -1.38325858e-02 2.56483920e-01
7.50183554e-04 -1.99040882e-03 -1.55552874e-03 2.61529409e-03 9.18009786e-04 3.69755677e-03 -2.84058659e-03 1.50839592e-03 3.15388582e-03 8.46727797e-01 2.64054960e+00 1.50868405e-02 2.67025330e-01
1.67265454e-03 -2.48706237e-03 -1.53307333e-03 3.04442109e-03 1.24268113e-03 4.05654375e-03 -2.78755685e-03 -1.82920322e-04 2.86986069e-03 8.53586238e-01 2.45686950e+00 3.49480460e-02 2.79021526e-01
9.56344300e-04 -4.44780972e-04 -8.42357761e-04 2.39575610e-03 1.60382236e-03 2.89669254e-03 -2.60707058e-03 1.97218923e-03 2.79799735e-03 8.32927084e-01 2.62128963e+00 -2.90437809e-02 2.41286892e-01
9.32914010e-04 -2.08497334e-03 -1.37447630e-03 2.46842921e-03 8.62188699e-04 3.74180689e-03 -2.62825715e-03 1.17373249e-03 2.92297768e-03 8.27174204e-01 2.55847172e+00 1.12713446e-02 2.72895266e-01
1.19016434e-03 -2.22041057e-03 -1.55787683e-03 2.72571445e-03 1.30202238e-03 2.75546801e-03 -2.91270964e-03 9.65524060e-04 3.02477592e-03 8.55386172e-01 2.49697148e+00 -1.04879904e-02 2.51592537e-01
1.25703680e-03 -2.16759352e-03 -1.30820844e-03 2.46670865e-03 9.94847265e-04 2.62940323e-03 -2.57522145e-03 4.95277665e-04 2.65794599e-03 8.32373697e-01 2.39161047e+00 -1.73513464e-03 2.59504578e-01
6.89919695e-04 -1.87541203e-03 -1.68796844e-03 2.75965747e-03 1.17423811e-03 3.85087794e-03 -2.97941253e-03 1.76111868e-03 3.31354830e-03 8.51664150e-01 2.66448128e+00 1.80228793e-03 2.63552875e-01
1.77908079e-03 -2.86848334e-03 -1.73119031e-03 3.22482504e-03 9.16274737e-04 3.20114675e-03 -3.24846343e-03 -2.57582774e-04 3.29140870e-03 8.32974197e-01 2.55079324e+00 1.86332694e-02 2.68838791e-01
7.31569908e-04 -7.91648548e-04 -1.11738113e-03 2.28718358e-03 1.62902687e-03 3.29378347e-03 -2.40117892e-03 1.82883931e-03 2.70019022e-03 8.49815994e-01 2.53061980e+00 -1.67227709e-02 2.55284387e-01
1.25978337e-03 -5.12383700e-04 -8.06509011e-04 2.44198180e-03 2.03116751e-03 3.00616281e-03 -2.63178471e-03 1.90324104e-03 2.78685606e-03 8.96378714e-01 2.63985527e+00 -2.34570797e-03 2.40410674e-01
1.67731894e-03 -2.37657983e-03 -1.34412523e-03 2.74987777e-03 6.51508015e-04 3.34594637e-03 -2.68798399e-03 -4.70497809e-04 2.70498681e-03 7.82105347e-01 2.37384676e+00 2.51941036e-03 2.78049614e-01
1.10614780e-03 -2.22419944e-03 -1.44006667e-03 2.63259455e-03 1.04613798e-03 3.23134027e-03 -2.71421880e-03 8.60167283e-04 2.89587950e-03 8.79364955e-01 2.33773783e+00 2.97150185e-03 2.61797727e-01
9.58454826e-04 -2.00528411e-03 -1.48454882e-03 2.62323099e-03 1.15679009e-03 3.20198624e-03 -2.79390990e-03 1.26242066e-03 3.01025030e-03 8.03594515e-01 2.71642238e+00 -2.87537690e-03 2.63298182e-01
5.50372715e-04 -1.42982791e-03 -1.37721184e-03 2.36076676e-03 9.13025216e-04 2.82497857e-03 -2.60045050e-03 1.56398477e-03 2.82626647e-03 8.27891940e-01 2.46606554e+00 -1.82652465e-02 2.54095636e-01
1.46135520e-03 -2.63226265e-03 -1.62653646e-03 2.99719896e-03 1.33115189e-03 3.78611085e-03 -2.97653519e-03 5.71391114e-04 3.15087080e-03 8.58143009e-01 2.60369502e+00 2.04274252e-02 2.69415069e-01
8.93572460e-04 -1.95069067e-03 -1.62245318e-03 2.59311863e-03 1.40638429e-03 2.86460404e-03 -2.75434207e-03 1.23042600e-03 2.90347998e-03 8.59063251e-01 2.47149230e+00 -1.92955383e-02 2.50420041e-01
1.36434745e-03 -2.41656729e-03 -1.23069178e-03 2.53706517e-03 5.54050150e-04 3.46138726e-03 -2.80913711e-03 7.22525440e-04 3.01093847e-03 8.21454797e-01 2.57434515e+00 2.19202748e-02 2.72074652e-01
1.08368009e-03 -1.95931834e-03 -1.33070201e-03 2.36497416e-03 1.25655349e-03 2.63589688e-03 -2.40031681e-03 6.74772281e-04 2.50183109e-03 8.26695880e-01 2.37037639e+00 -1.57120841e-02 2.57706793e-01
8.31350492e-04 -2.23490640e-03 -1.71776133e-03 2.88040710e-03 7.86358530e-04 3.96378284e-03 -3.24130092e-03 1.68522513e-03 3.59242777e-03 8.59091848e-01 2.70473580e+00 1.72877968e-02 2.66142378e-01
1.46681708e-03 -2.39923193e-03 -1.34127695e-03 2.62748739e-03 9.99711208e-04 3.31873241e-03 -2.65876427e-03 2.94137949e-04 2.78574079e-03 8.24268790e-01 2.36943614e+00 -4.74269193e-03 2.70650156e-01
6.41673238e-04 -1.42249441e-03 -1.49415285e-03 2.65401095e-03 1.24072244e-03 3.10519226e-03 -2.88316756e-03 1.82490128e-03 3.09993041e-03 8.60015563e-01 2.69840324e+00 4.91334360e-03 2.51466492e-01
1.30829459e-03 -2.61220660e-03 -1.74148527e-03 3.05281096e-03 1.24167316e-03 3.50059215e-03 -3.21888791e-03 9.82556064e-04 3.41081794e-03 8.46851398e-01 2.75003998e+00 1.59961560e-02 2.63497723e-01
6.77274778e-04 -1.71152865e-03 -1.34206330e-03 2.29555747e-03 9.13700371e-04 2.96200620e-03 -2.42520290e-03 1.20969525e-03 2.64661006e-03 8.37708478e-01 2.33594232e+00 -1.45976229e-02 2.60561341e-01
1.42945029e-03 -2.24371035e-03 -1.19098518e-03 2.43471742e-03 9.33265505e-04 3.48210710e-03 -2.41603349e-03 2.25015678e-04 2.55706471e-03 8.25136145e-01 2.27606654e+00 -3.43967498e-04 2.77013833e-01
7.61841277e-04 -1.50775994e-03 -1.59514395e-03 2.76484314e-03 1.25213001e-03 2.82400564e-03 -3.14838936e-03 1.86168274e-03 3.30216240e-03 8.58569542e-01 2.80483315e+00 3.98905244e-04 2.44599181e-01
8.02344550e-04 -6.94856324e-04 -1.01210329e-03 2.12771495e-03 1.37255192e-03 2.27392326e-03 -2.42284729e-03 1.62920384e-03 2.54579227e-03 8.30300202e-01 2.53065316e+00 -3.13705359e-02 2.38579611e-01
2.05085504e-03 -2.88022504e-03 -1.52989902e-03 3.25366646e-03 9.80935736e-04 4.52398916e-03 -3.13995357e-03 -3.43599643e-04 3.22055533e-03 8.57200070e-01 2.54292713e+00 3.83398154e-02 2.81537731e-01
4.41181689e-04 -1.42861170e-03 -1.38216124e-03 2.36061501e-03 6.90479367e-04 3.48861471e-03 -2.63752147e-03 1.75937417e-03 2.97911793e-03 8.18184679e-01 2.54939850e+00 -5.36974834e-03 2.64830081e-01
1.40724748e-03 -2.50809202e-03 -1.71856975e-03 2.89394087e-03 1.50590954e-03 3.03419234e-03 -2.92462010e-03 4.80056673e-04 3.01283741e-03 8.66104761e-01 2.49569451e+00 5.57222454e-03 2.58961279e-01
9.60278478e-04 -2.21956326e-03 -1.43175204e-03 2.61816126e-03 4.84642376e-04 3.84856582e-03 -2.99740355e-03 1.39248558e-03 3.33607969e-03 8.08139322e-01 2.66704430e+00 8.17204058e-03 2.72365195e-01
1.03273223e-03 -1.99863869e-03 -1.51834467e-03 2.54811709e-03 1.52893656e-03 2.77579707e-03 -2.54500531e-03 8.51003859e-04 2.65622592e-03 8.72503826e-01 2.38004934e+00 -7.67383590e-03 2.53363271e-01
1.42219422e-03 -2.58327668e-03 -1.37372530e-03 2.71931501e-03 7.37562809e-04 4.25181748e-03 -2.97353149e-03 9.15273010e-04 3.25327763e-03 8.49799098e-01 2.59547615e+00 2.61134266e-02 2.76470870e-01
9.69556532e-04 -1.73646475e-03 -1.36360757e-03 2.39508012e-03 1.28116452e-03 2.31417187e-03 -2.59049182e-03 1.08245141e-03 2.64663893e-03 8.35545374e-01 2.47574830e+00 -2.26483731e-02 2.44567965e-01
1.41776269e-03 -2.29067334e-03 -1.21691954e-03 2.52011947e-03 8.08535642e-04 2.95077578e-03 -2.61451773e-03 3.25119992e-04 2.71484970e-03 8.23289989e-01 2.43111048e+00 1.20535943e-02 2.67859580e-01
7.47472183e-04 -1.64263867e-03 -1.59554821e-03 2.73221949e-03 1.44537009e-03 3.45375136e-03 -2.90667246e-03 1.76317086e-03 3.16161461e-03 8.58695150e-01 2.61539882e+00 -1.11594565e-02 2.54815889e-01
1.27296061e-03 -2.24257081e-03 -1.63450486e-03 2.83313485e-03 1.84499632e-03 3.26856945e-03 -2.69986194e-03 7.02579343e-04 2.81764252e-03 8.49794354e-01 2.44944461e+00 -1.94059569e-02 2.58066064e-01
4.61896366e-04 -1.82751949e-03 -1.53107317e-03 2.42647975e-03 2.11453097e-04 3.44068327e-03 -2.89714972e-03 1.66834909e-03 3.26093005e-03 8.32776413e-01 2.60422829e+00 2.19952887e-02 2.68351575e-01
5.22587673e-04 -1.74335166e-03 -1.48361501e-03 2.39581158e-03 5.14076060e-04 3.29702032e-03 -2.75539796e-03 1.58122880e-03 3.07827355e-03 8.35617090e-01 2.56749223e+00 1.52275984e-02 2.66089906e-01
1.33542533e-03 -2.33558501e-03 -1.59642372e-03 2.86818505e-03 1.63942895e-03 3.28062102e-03 -2.80424539e-03 6.87662049e-04 2.92345468e-03 8.47685089e-01 2.48152307e+00 -1.39163469e-02 2.58868820e-01
8.50691491e-04 -2.16967338e-03 -1.41639001e-03 2.50538547e-03 2.55283873e-04 3.49748632e-03 -2.95291001e-03 1.34841738e-03 3.25493815e-03 8.31712812e-01 2.59422256e+00 1.98420826e-02 2.68868872e-01
1.10621032e-03 -2.10446615e-03 -1.60621810e-03 2.64776363e-03 1.66117613e-03 2.98201519e-03 -2.64668960e-03 8.78872209e-04 2.76635948e-03 8.50797570e-01 2.45707444e+00 -1.76935942e-02 2.55241505e-01
1.02833300e-03 -2.04067993e-03 -1.17810030e-03 2.21077341e-03 6.17809589e-04 3.66196793e-03 -2.43763520e-03 9.53591059e-04 2.71202006e-03 8.07373976e-01 2.46388989e+00 9.49829379e-03 2.77397839e-01
1.28912632e-03 -2.31219348e-03 -1.67413439e-03 2.83183663e-03 1.42532987e-03 2.59217515e-03 -3.11874341e-03 1.01540549e-03 3.16755362e-03 8.72832525e-01 2.57718171e+00 -8.86288688e-03 2.43853523e-01
5.55171679e-04 -1.51153592e-03 -1.65593163e-03 2.70323996e-03 1.16319786e-03 3.41769752e-03 -3.00348630e-03 1.95018263e-03 3.30412920e-03 8.61158978e-01 2.73620688e+00 9.51548559e-03 2.56556627e-01
1.33680290e-03 -2.29322108e-03 -1.38613390e-03 2.57828827e-03 1.01408906e-03 3.02051612e-03 -2.58523135e-03 2.63191965e-04 2.68583831e-03 8.23773039e-01 2.33056662e+00 -9.00212273e-03 2.66775536e-01
6.91157273e-04 -1.78825190e-03 -1.39404103e-03 2.39734897e-03 7.97015730e-04 3.63353594e-03 -2.62906933e-03 1.47690777e-03 2.95034835e-03 8.61233583e-01 2.46960195e+00 1.55779706e-02 2.68837570e-01
1.37156414e-03 -2.39093915e-03 -1.58726973e-03 2.79161479e-03 1.37352463e-03 2.79242552e-03 -2.93656876e-03 6.88336495e-04 3.01078430e-03 8.24506470e-01 2.59001500e+00 -1.42893095e-02 2.54488315e-01
1.36834301e-03 -2.37357046e-03 -1.13515829e-03 2.42824500e-03 3.73193405e-04 3.39174757e-03 -2.76009044e-03 7.03198061e-04 2.97357144e-03 8.14513009e-01 2.51940513e+00 2.05883140e-02 2.74022208e-01
1.06524314e-03 -1.94160841e-03 -1.56421892e-03 2.70437863e-03 1.70993983e-03 2.98102478e-03 -2.78134126e-03 1.23202786e-03 2.90326027e-03 8.64830935e-01 2.52680367e+00 -1.82141741e-02 2.49088992e-01
9.76711733e-04 -2.29793730e-03 -1.83193632e-03 3.05350710e-03 1.26276843e-03 3.60042558e-03 -3.32666025e-03 1.59510819e-03 3.57614995e-03 8.77143546e-01 2.69014742e+00 5.05015525e-03 2.56177705e-01
1.02981221e-03 -1.93153239e-03 -1.17823377e-03 2.21465727e-03 8.82613056e-04 2.81207752e-03 -2.29591696e-03 6.66626397e-04 2.44940036e-03 8.06570443e-01 2.36572673e+00 -4.87825227e-03 2.67009539e-01
1.46272284e-03 -2.21702416e-03 -1.38881919e-03 2.70447579e-03 9.15140679e-04 3.38947573e-03 -2.51936859e-03 -2.81726209e-04 2.56784289e-03 8.25103354e-01 2.30280184e+00 1.87440857e-02 2.77711743e-01
1.23979085e-03 -4.86574641e-04 -8.73993791e-04 2.58261087e-03 2.01865789e-03 3.28346937e-03 -2.80774527e-03 2.09560771e-03 3.03355386e-03 8.56422645e-01 2.74799923e+00 -1.67812856e-02 2.43791103e-01
9.32822661e-04 -2.16964685e-03 -1.51353066e-03 2.61350954e-03 8.56971195e-04 3.06355340e-03 -2.82270387e-03 1.08912354e-03 3.01586679e-03 8.37517748e-01 2.43914343e+00 -1.55757139e-02 2.58039241e-01
1.03342361e-03 -2.13899682e-03 -1.51705879e-03 2.63186267e-03 1.23086760e-03 3.31368136e-03 -2.74397630e-03 1.09059576e-03 2.95250114e-03 8.47112886e-01 2.62305688e+00 1.71697733e-02 2.65191770e-01
1.40149826e-03 -2.41890611e-03 -1.42320206e-03 2.77645637e-03 1.16724988e-03 3.52148933e-03 -2.79343620e-03 5.95555588e-04 2.95344850e-03 8.30526761e-01 2.50331280e+00 -4.70393121e-04 2.68189465e-01
6.44560823e-04 -1.64724619e-03 -1.49808184e-03 2.46520761e-03 9.92615381e-04 2.90904974e-03 -2.73560231e-03 1.52630468e-03 2.95440052e-03 8.53370680e-01 2.54575947e+00 5.24162971e-04 2.54818407e-01
9.10630828e-04 -1.77039127e-03 -1.40775154e-03 2.43746732e-03 1.44288602e-03 2.89542557e-03 -2.49108657e-03 1.13892803e-03 2.64462714e-03 8.43600710e-01 2.40602632e+00 -2.23443959e-02 2.54718524e-01
1.32067204e-03 -2.58838475e-03 -1.43272099e-03 2.78653769e-03 5.56497744e-04 3.55211564e-03 -3.10772638e-03 9.14811617e-04 3.32942488e-03 8.40114428e-01 2.65904979e+00 2.57710751e-02 2.68472752e-01
5.79840229e-04 -1.82006345e-03 -1.59915701e-03 2.65375105e-03 7.61849975e-04 4.05558337e-03 -2.97613059e-03 1.85974635e-03 3.37215871e-03 8.67739003e-01 2.64768229e+00 2.29257198e-02 2.67889500e-01
1.30263441e-03 -2.21529008e-03 -1.48586882e-03 2.58501530e-03 1.37260487e-03 2.61816565e-03 -2.64707302e-03 4.96281435e-04 2.71480267e-03 8.19613966e-01 2.42868342e+00 -2.02790605e-02 2.56407833e-01
1.46627739e-03 -2.35292008e-03 -1.42870825e-03 2.68029999e-03 1.04230024e-03 2.93572574e-03 -2.66020477e-03 2.84023219e-05 2.71537533e-03 8.30567152e-01 2.41601272e+00 1.36927985e-02 2.67636850e-01
6.54321119e-04 -1.16814164e-03 -1.42838966e-03 2.59506461e-03 1.36047184e-03 3.56791165e-03 -2.85646371e-03 2.03448996e-03 3.18446124e-03 8.52189599e-01 2.63469125e+00 -1.25959352e-02 2.54990580e-01
1.40481439e-03 -2.56217515e-03 -1.66379438e-03 2.97841673e-03 1.35726415e-03 3.38023095e-03 -3.04825771e-03 7.06435491e-04 3.18929640e-03 8.69286466e-01 2.62174618e+00 2.24018763e-02 2.63152717e-01
5.74256012e-04 -1.57334633e-03 -1.37045176e-03 2.36137418e-03 8.61645402e-04 3.12471570e-03 -2.55465545e-03 1.49252863e-03 2.81244072e-03 8.18124157e-01 2.45126759e+00 -1.98736342e-02 2.59962035e-01
1.10294448e-03 -2.01650169e-03 -1.06665634e-03 2.14221121e-03 4.99319664e-04 3.08819514e-03 -2.38010724e-03 7.26342817e-04 2.58010425e-03 7.90953524e-01 2.37493174e+00 -2.98725146e-03 2.72966270e-01
1.06952307e-03 -2.27389619e-03 -1.86414926e-03 2.99791901e-03 1.59379121e-03 3.13612077e-03 -3.20041300e-03 1.34733167e-03 3.33705185e-03 8.90869042e-01 2.66431571e+00 3.09536680e-03 2.48937219e-01
8.39824069e-04 -1.93094946e-03 -1.52682059e-03 2.53007566e-03 1.13796101e-03 3.02319476e-03 -2.71120234e-03 1.25891903e-03 2.92125082e-03 8.08545783e-01 2.59126442e+00 -1.64319197e-02 2.60110422e-01
1.20150006e-03 -2.34454547e-03 -1.44542332e-03 2.71924949e-03 1.00547197e-03 3.40256748e-03 -2.84896501e-03 9.07771171e-04 3.04512182e-03 8.78590643e-01 2.46898964e+00 1.80884219e-02 2.64065235e-01
1.22089384e-03 -2.31745877e-03 -1.69422617e-03 2.80014148e-03 1.66337413e-03 3.16652344e-03 -2.71085526e-03 6.02871964e-04 2.83134719e-03 8.47233316e-01 2.46210977e+00 -1.21638698e-02 2.59757822e-01
4.85291823e-04 -1.62486019e-03 -1.46853362e-03 2.47789825e-03 4.85284977e-04 3.54471947e-03 -2.86648028e-03 1.80041300e-03 3.23331373e-03 8.36217167e-01 2.59417718e+00 1.31685140e-02 2.66439698e-01
1.14550402e-03 -2.38546966e-03 -1.75630473e-03 3.11958576e-03 1.27456032e-03 3.41057784e-03 -3.37444464e-03 1.44198124e-03 3.57589075e-03 8.57248716e-01 2.91775878e+00 2.76532474e-02 2.58766679e-01
1.02929892e-03 -1.92318263e-03 -1.19385033e-03 2.27819483e-03 1.02944046e-03 3.12799659e-03 -2.30025199e-03 7.73143053e-04 2.48942281e-03 8.29370678e-01 2.21251810e+00 -2.38377004e-02 2.67017424e-01
1.00446107e-03 -2.00117073e-03 -1.39387214e-03 2.44758310e-03 1.28735883e-03 3.16736567e-03 -2.44907865e-03 8.87592980e-04 2.63660433e-03 8.49879784e-01 2.28425011e+00 -1.99659058e-02 2.62445566e-01
9.48983796e-04 -2.36040195e-03 -1.66794626e-03 2.85413405e-03 7.29674504e-04 3.29060253e-03 -3.17942680e-03 1.30757107e-03 3.41554276e-03 8.32628380e-01 2.80180173e+00 2.27127014e-02 2.62749632e-01
1.68191863e-03 -2.52655099e-03 -1.42626770e-03 2.94606915e-03 1.30167083e-03 4.20158673e-03 -2.74877535e-03 9.25570803e-05 2.88678434e-03 8.48626828e-01 2.41923767e+00 1.39334573e-02 2.78951457e-01
5.97464737e-04 -9.06837054e-04 -1.24759027e-03 2.42022529e-03 1.18136968e-03 2.62449817e-03 -2.70327814e-03 1.86184232e-03 2.88366108e-03 8.36042123e-01 2.64578274e+00 -1.28562747e-02 2.44442974e-01
1.15465043e-03 -2.06573083e-03 -1.26388249e-03 2.32560269e-03 9.33695805e-04 2.77951932e-03 -2.31092634e-03 2.88736190e-04 2.42074611e-03 8.02400861e-01 2.33578232e+00 -4.35168917e-03 2.68890876e-01
7.27619061e-04 -1.76396731e-03 -1.79280701e-03 2.99039763e-03 1.35863083e-03 3.82356212e-03 -3.29838137e-03 2.07156139e-03 3.64149227e-03 8.80921953e-01 2.72191223e+00 4.49930263e-03 2.56495612e-01
5.12602234e-04 -1.46682602e-03 -1.38774759e-03 2.20032993e-03 9.72964990e-04 2.54414601e-03 -2.38393535e-03 1.33443686e-03 2.57026933e-03 8.31161889e-01 2.39954013e+00 -1.95247488e-02 2.52530566e-01
1.72099836e-03 -2.90760113e-03 -1.60174680e-03 3.18704488e-03 1.13529297e-03 4.00742824e-03 -3.32141218e-03 6.42675726e-04 3.51945740e-03 8.54613090e-01 2.68959290e+00 2.20311505e-02 2.70320803e-01
1.21940526e-03 -2.00160156e-03 -9.98958187e-04 2.14552562e-03 5.84406422e-04 2.72890638e-03 -2.28376240e-03 4.08886581e-04 2.40486248e-03 7.96946768e-01 2.34542356e+00 7.10712777e-03 2.70402955e-01
1.04485709e-03 -2.12929609e-03 -1.81759026e-03 3.06587554e-03 1.68063518e-03 3.63073450e-03 -3.27059590e-03 1.67638734e-03 3.49155971e-03 8.82282803e-01 2.68138901e+00 -6.67545670e-03 2.52333613e-01
1.58815061e-03 -2.52978953e-03 -1.37777813e-03 2.77585424e-03 1.03810514e-03 3.47056924e-03 -2.82235274e-03 3.07544302e-04 2.94999934e-03 8.39293199e-01 2.54374003e+00 2.50524427e-02 2.71908911e-01
5.03868346e-04 -1.49530831e-03 -1.58183121e-03 2.51643745e-03 1.06710067e-03 2.94300173e-03 -2.78037746e-03 1.70287031e-03 3.00917270e-03 8.44285227e-01 2.52493109e+00 -2.17954415e-02 2.49752123e-01
1.09914821e-03 -2.08606826e-03 -1.48819933e-03 2.60953839e-03 1.33875075e-03 2.98273696e-03 -2.72843346e-03 1.01891898e-03 2.88744619e-03 8.31773147e-01 2.44230018e+00 -2.56429769e-02 2.56396916e-01
1.02402359e-03 -2.21505231e-03 -1.42579095e-03 2.68725495e-03 8.50846466e-04 3.60706976e-03 -2.85329830e-03 1.17030006e-03 3.10558562e-03 8.54609002e-01 2.63598526e+00 3.01318785e-02 2.68033708e-01
1.50052776e-03 -2.76684151e-03 -1.96086282e-03 3.25534560e-03 1.76465113e-03 3.57772555e-03 -3.20319275e-03 5.31412720e-04 3.31610811e-03 8.80141127e-01 2.59281683e+00 8.37623026e-03 2.60036876e-01
3.08130475e-04 -1.28793355e-03 -1.32292181e-03 2.09167940e-03 4.65309190e-04 2.99671361e-03 -2.42953025e-03 1.60790643e-03 2.74435547e-03 8.04391828e-01 2.44834559e+00 -7.98881980e-03 2.64184615e-01
7.38476754e-04 -5.83207859e-04 -8.98978196e-04 2.02656422e-03 1.45359531e-03 2.69329909e-03 -2.17251399e-03 1.62542470e-03 2.38344061e-03 8.40588584e-01 2.39566354e+00 -2.74814104e-02 2.47910043e-01
2.05154395e-03 -3.08610056e-03 -1.82233422e-03 3.57629286e-03 1.03771188e-03 3.94590431e-03 -3.51479518e-03 -3.83580862e-04 3.55134540e-03 8.43859269e-01 2.68296153e+00 3.27873305e-02 2.73099680e-01
4.96799165e-04 -1.50808116e-03 -1.40113780e-03 2.29968282e-03 8.13959298e-04 3.27854266e-03 -2.54217475e-03 1.58862529e-03 2.84943511e-03 8.24790928e-01 2.44096896e+00 -1.64778995e-02 2.62632570e-01
1.54463455e-03 -2.59803301e-03 -1.65162693e-03 3.01669750e-03 1.44328156e-03 3.18772031e-03 -3.07428905e-03 5.27802992e-04 3.16315945e-03 8.61289088e-01 2.63265126e+00 1.82087109e-02 2.60790321e-01
4.78973296e-04 -1.05336846e-03 -1.29739947e-03 2.29726157e-03 1.10900086e-03 3.28374248e-03 -2.51098041e-03 1.83616118e-03 2.83439079e-03 8.22167795e-01 2.52749453e+00 -2.08575412e-02 2.58324129e-01
1.64691492e-03 -2.70779973e-03 -1.71652304e-03 3.13826287e-03 1.32389363e-03 3.28002289e-03 -3.11278878e-03 1.35852541e-04 3.18365033e-03 8.65015441e-01 2.54718614e+00 2.36836016e-02 2.65076367e-01
1.07965424e-03 -1.97555362e-03 -1.29905189e-03 2.39747809e-03 1.21393475e-03 2.95724903e-03 -2.41368970e-03 7.65200274e-04 2.56214702e-03 8.34736874e-01 2.28742825e+00 -2.22815023e-02 2.61043998e-01
9.77598981e-04 -2.24889428e-03 -1.63472062e-03 2.92523394e-03 9.46161641e-04 3.63189836e-03 -3.20680589e-03 1.50929895e-03 3.47215988e-03 8.50739780e-01 2.80729568e+00 2.56207525e-02 2.63288526e-01
1.04794658e-03 -2.03856293e-03 -1.59026506e-03 2.69921129e-03 1.50725708e-03 3.06576927e-03 -2.83977022e-03 1.22543508e-03 2.99107634e-03 8.62259436e-01 2.58263518e+00 -3.58923765e-03 2.54204351e-01
1.08926210e-03 -2.22987091e-03 -1.30150650e-03 2.44869026e-03 5.64062333e-04 3.24281310e-03 -2.69948909e-03 8.70984370e-04 2.91114677e-03 8.20572570e-01 2.46298736e+00 3.74581280e-03 2.68583019e-01
1.57049340e-03 -2.27388044e-03 -1.01540674e-03 2.29149615e-03 6.21679049e-04 3.46900777e-03 -2.39355402e-03 9.86357317e-05 2.52093832e-03 7.86460221e-01 2.36330542e+00 2.97874551e-03 2.80262711e-01
9.15967853e-04 -1.61639273e-03 -1.61208224e-03 2.73617521e-03 1.43814858e-03 2.64382186e-03 -3.12569530e-03 1.70173703e-03 3.22360099e-03 8.92522517e-01 2.66620073e+00 -2.79439494e-03 2.39132148e-01
1.49354161e-03 -2.49576201e-03 -1.40308810e-03 2.76747184e-03 9.94420454e-04 3.16442969e-03 -2.86737362e-03 4.33543746e-04 2.99769647e-03 8.13727223e-01 2.65299369e+00 2.07135510e-02 2.69229167e-01
6.81012860e-04 -1.73707180e-03 -1.54054066e-03 2.56364131e-03 1.20478496e-03 3.29364915e-03 -2.71984308e-03 1.54207823e-03 2.97871392e-03 8.65442904e-01 2.41820002e+00 -1.83101742e-02 2.55524120e-01
9.08008682e-04 -2.11299337e-03 -1.36866960e-03 2.42039041e-03 5.36208097e-04 3.58584434e-03 -2.74131297e-03 1.21653522e-03 3.03544458e-03 8.25610353e-01 2.50976705e+00 7.43126305e-03 2.71249377e-01
1.20211904e-03 -2.11964065e-03 -1.53127882e-03 2.70268558e-03 1.53763060e-03 2.81612136e-03 -2.79375735e-03 9.38449753e-04 2.87695187e-03 8.57179020e-01 2.53983825e+00 -7.04127358e-03 2.51392188e-01
5.16608440e-04 -1.16153374e-03 -1.41144962e-03 2.47841454e-03 1.01241951e-03 2.94009655e-03 -2.80879399e-03 1.89651263e-03 3.05316305e-03 8.31957345e-01 2.59501001e+00 -2.17030157e-02 2.48298473e-01
1.53835845e-03 -2.48084854e-03 -1.49189087e-03 2.84620049e-03 1.27566664e-03 3.64483263e-03 -2.74026893e-03 1.83599752e-04 2.85964114e-03 8.53939039e-01 2.47283063e+00 2.48434265e-02 2.73345862e-01
1.45292751e-03 -2.41702379e-03 -1.44750466e-03 2.72661184e-03 1.05344291e-03 2.98783487e-03 -2.76403127e-03 2.40109342e-04 2.84398963e-03 8.05738083e-01 2.46341653e+00 -1.00479698e-02 2.64993557e-01
5.74488888e-04 -1.40146989e-03 -1.50682897e-03 2.53981937e-03 1.19000037e-03 3.43153226e-03 -2.78278580e-03 1.85305151e-03 3.09098898e-03 8.79455427e-01 2.58501977e+00 1.06508306e-02 2.57804543e-01
1.30682814e-03 -2.39236198e-03 -1.67643610e-03 2.73446306e-03 1.37043771e-03 2.52623924e-03 -2.92166123e-03 6.31089819e-04 2.96365428e-03 8.71302002e-01 2.50339852e+00 1.14071747e-03 2.49313026e-01
7.04717313e-04 -1.80684174e-03 -1.36629014e-03 2.32986588e-03 6.55316384e-04 3.83452456e-03 -2.62793436e-03 1.49225668e-03 2.98135656e-03 8.11783287e-01 2.53582245e+00 -1.07605755e-03 2.73059020e-01
6.99798271e-04 -2.02957084e-03 -1.48737616e-03 2.51449202e-03 2.08997444e-04 3.90772797e-03 -3.03667202e-03 1.66386335e-03 3.41967372e-03 8.26074038e-01 2.68734247e+00 2.28350348e-02 2.71647134e-01
1.13447869e-03 -2.13764990e-03 -1.61979852e-03 2.57443480e-03 1.59190511e-03 2.70889848e-03 -2.57977220e-03 6.32324899e-04 2.65825056e-03 8.55236341e-01 2.35972926e+00 -2.00310076e-02 2.52792154e-01
6.99283778e-04 -1.52338562e-03 -1.47381785e-03 2.46174557e-03 1.26458103e-03 2.85132867e-03 -2.68627749e-03 1.54724290e-03 2.87159777e-03 8.38963583e-01 2.59189254e+00 -1.46449817e-02 2.51118544e-01
1.62049302e-03 -2.60201779e-03 -1.34003595e-03 2.76400486e-03 8.57053129e-04 3.47500224e-03 -2.89680948e-03 3.48467190e-04 3.03523920e-03 8.45455569e-01 2.47122277e+00 1.60583042e-02 2.70888414e-01
7.14597539e-04 -1.84314007e-03 -1.56361945e-03 2.54261736e-03 1.12635767e-03 3.21442066e-03 -2.71802375e-03 1.41863024e-03 2.95919291e-03 8.53040310e-01 2.51488899e+00 -3.35656217e-03 2.59312637e-01
1.31376373e-03 -2.35852593e-03 -1.39460071e-03 2.68697140e-03 9.84302768e-04 3.15581164e-03 -2.83493980e-03 7.31021124e-04 2.98255678e-03 8.30510711e-01 2.53906256e+00 3.48850166e-03 2.63689128e-01
5.50400579e-04 -1.36081090e-03 -1.43119023e-03 2.31030088e-03 1.07374767e-03 2.63349579e-03 -2.57372885e-03 1.55296883e-03 2.76621180e-03 8.40791513e-01 2.47858855e+00 -1.90021295e-02 2.49349271e-01
1.71551363e-03 -2.74577783e-03 -1.45673884e-03 2.95913087e-03 1.02215429e-03 3.80778180e-03 -3.01832766e-03 2.87522599e-04 3.16023590e-03 8.43461727e-01 2.58022297e+00 2.14260816e-02 2.72635895e-01
1.30665738e-03 -2.23333133e-03 -1.27246220e-03 2.50455597e-03 1.03165515e-03 3.29330224e-03 -2.50816564e-03 4.73365726e-04 2.66256705e-03 8.36899801e-01 2.32222947e+00 -3.22283950e-03 2.70036135e-01
7.71468816e-04 -1.72227916e-03 -1.59717612e-03 2.78156795e-03 1.25161236e-03 3.20006612e-03 -3.03305045e-03 1.73823880e-03 3.26158251e-03 8.47234921e-01 2.74975696e+00 3.33290397e-03 2.54732705e-01
8.39104293e-04 -1.84157331e-03 -1.38489115e-03 2.45662754e-03 1.21393997e-03 3.38375678e-03 -2.50418217e-03 1.23134098e-03 2.75187316e-03 8.29466205e-01 2.45127358e+00 -1.43345149e-02 2.64928656e-01
1.17405696e-03 -2.42404301e-03 -1.61030629e-03 2.88366291e-03 1.00526957e-03 3.14142524e-03 -3.09251242e-03 1.01060426e-03 3.27155294e-03 8.55902223e-01 2.62664829e+00 1.56500067e-02 2.60370681e-01
1.44879971e-03 -2.38626830e-03 -1.42655911e-03 2.68830823e-03 1.16520599e-03 3.16390535e-03 -2.68976707e-03 2.96088668e-04 2.80024273e-03 8.30112919e-01 2.38546056e+00 -4.29232626e-03 2.67523494e-01
4.15661931e-04 -1.42778389e-03 -1.62139392e-03 2.63295946e-03 1.01303406e-03 3.30340452e-03 -2.90421495e-03 1.93379189e-03 3.19959805e-03 8.54143639e-01 2.68441507e+00 4.44389579e-03 2.55391165e-01
1.56576033e-03 -2.59757275e-03 -1.31030613e-03 2.80080260e-03 8.11751991e-04 3.82812706e-03 -2.97395728e-03 6.51951418e-04 3.16883694e-03 8.40430735e-01 2.55126753e+00 1.53221141e-02 2.72077634e-01
7.99978861e-04 -1.59786629e-03 -1.39644671e-03 2.39148057e-03 1.29597320e-03 2.61317822e-03 -2.55716972e-03 1.30225794e-03 2.68663576e-03 8.43429437e-01 2.50023262e+00 -1.40106232e-02 2.50011344e-01
1.16429206e-03 -2.25588775e-03 -1.60364929e-03 2.75969933e-03 1.27484146e-03 2.81660048e-03 -2.96875026e-03 1.02149658e-03 3.09457365e-03 8.42800080e-01 2.54164967e+00 -1.53903691e-02 2.52154404e-01
9.23109216e-04 -2.07544504e-03 -1.37619724e-03 2.46278501e-03 8.73526068e-04 3.65398799e-03 -2.60699938e-03 1.14063716e-03 2.89015455e-03 8.41134951e-01 2.52373531e+00 1.69708535e-02 2.72123845e-01
2.38215189e-03 4.03853526e-04 2.94522040e-04 2.40754259e-03 2.81832354e-03 3.47165935e-03 -2.54702919e-03 2.04109960e-03 2.77287914e-03 8.70385267e-01 2.77935389e+00 -1.02541912e-02 2.37647736e-01
1.30125278e-03 -1.73760163e-03 -1.33985623e-03 2.90491432e-03 1.62219584e-03 4.15941681e-03 -2.22339976e-03 -1.15273352e-04 2.28826568e-03 8.09904976e-01 2.28576737e+00 1.10635195e-02 2.82681445e-01
8.35131630e-04 -1.93776183e-03 -1.49948939e-03 2.46368224e-03 1.12985028e-03 2.77402777e-03 -2.59175558e-03 1.06329211e-03 2.75124473e-03 8.53572739e-01 2.49739969e+00 5.26220917e-03 2.57017447e-01
1.10411715e-03 -2.37640974e-03 -1.56056140e-03 2.77248649e-03 9.13216063e-04 3.62602053e-03 -2.99899210e-03 1.14744841e-03 3.26059746e-03 8.30745739e-01 2.56273659e+00 -5.06748412e-03 2.66650578e-01
1.11171969e-03 -1.71202895e-03 -1.82684832e-03 3.06282787e-03 1.94622273e-03 3.08434293e-03 -3.47591625e-03 1.96427927e-03 3.59977471e-03 8.93956484e-01 2.88432297e+00 -2.95620644e-03 2.40729073e-01
1.53164396e-03 -2.03484053e-03 -7.96368447e-04 1.99563544e-03 3.46309863e-04 2.85149905e-03 -2.13722540e-03 -1.47124108e-04 2.20033789e-03 7.84683396e-01 2.15943357e+00 3.15259919e-03 2.79868217e-01
7.37646901e-04 -1.51270976e-03 -1.39286126e-03 2.18542596e-03 1.11746331e-03 2.01081168e-03 -2.49146496e-03 1.19656607e-03 2.55370387e-03 8.33397617e-01 2.41872371e+00 -3.22198760e-02 2.39649156e-01
2.00048692e-03 -2.97256076e-03 -1.27213660e-03 2.92037879e-03 7.33619995e-04 4.62256835e-03 -3.16052236e-03 4.12661644e-04 3.37785313e-03 8.53337642e-01 2.66442517e+00 3.96532383e-02 2.80111875e-01
1.44061154e-03 -2.52936518e-03 -1.61193824e-03 3.01528335e-03 1.41943972e-03 3.35867860e-03 -3.06292900e-03 7.47713274e-04 3.18680233e-03 8.69176439e-01 2.53277466e+00 8.89835019e-04 2.57951918e-01
6.16266653e-04 -1.64344368e-03 -1.35882225e-03 2.26749107e-03 8.01985228e-04 3.10874514e-03 -2.48736314e-03 1.36876923e-03 2.75431223e-03 8.14011463e-01 2.50892788e+00 -8.28149386e-04 2.65847820e-01
5.92821520e-04 -1.80795784e-03 -1.60145768e-03 2.61997256e-03 9.22975630e-04 3.52195576e-03 -2.85765278e-03 1.65684688e-03 3.16319547e-03 8.66662279e-01 2.64816757e+00 2.44836467e-02 2.63423997e-01
1.26408468e-03 -2.34546771e-03 -1.52009559e-03 2.67000610e-03 1.16517052e-03 2.95732238e-03 -2.76303079e-03 5.99086064e-04 2.88402980e-03 8.20823045e-01 2.42493556e+00 -2.14831022e-02 2.60049307e-01
9.77295248e-04 -4.57631905e-04 -8.00866434e-04 2.17814588e-03 1.59447148e-03 2.60313011e-03 -2.40993582e-03 1.75336467e-03 2.56814776e-03 8.41622788e-01 2.54801037e+00 -2.95382054e-02 2.38641464e-01
1.96356386e-03 -2.73520901e-03 -1.59199564e-03 3.30953183e-03 1.07772006e-03 4.18181562e-03 -3.11770091e-03 -4.20571385e-04 3.16270571e-03 8.42571173e-01 2.54535390e+00 3.57605426e-02 2.79177599e-01
1.33873975e-03 -3.68246039e-04 -6.40820692e-04 2.30557218e-03 1.94107485e-03 2.78561150e-03 -2.54347809e-03 1.82213431e-03 2.68502738e-03 8.58797726e-01 2.63668302e+00 -1.96559101e-02 2.38566837e-01
1.75903909e-03 -2.38609528e-03 -1.39329874e-03 2.98042598e-03 9.87946928e-04 3.96395881e-03 -2.73861571e-03 -4.16973192e-04 2.77385275e-03 8.21726872e-01 2.40799382e+00 2.23806025e-02 2.80865238e-01
5.84354768e-04 -9.18684778e-04 -1.22089658e-03 2.22827992e-03 1.34784589e-03 2.96093724e-03 -2.41034703e-03 1.73599904e-03 2.66862742e-03 8.58879311e-01 2.48609841e+00 -9.46451318e-03 2.52713594e-01
1.77580138e-03 -2.85959754e-03 -1.67983472e-03 3.17364641e-03 9.36383039e-04 3.39165273e-03 -3.21349038e-03 -1.28808531e-04 3.27579843e-03 8.23357672e-01 2.56593061e+00 1.01245235e-02 2.69631322e-01
1.23587589e-03 -2.22858190e-03 -1.70906156e-03 2.86975529e-03 1.67602208e-03 2.96750784e-03 -3.06589017e-03 1.17611061e-03 3.16561388e-03 8.61057259e-01 2.60691393e+00 -1.75825822e-02 2.48058101e-01
1.13970874e-03 -2.08628478e-03 -1.06888499e-03 2.22011458e-03 4.45467350e-04 3.33912054e-03 -2.47521950e-03 7.97060786e-04 2.69573043e-03 8.19328510e-01 2.42864617e+00 1.97687076e-02 2.74409009e-01
5.85748454e-04 -1.17021061e-03 -1.42338815e-03 2.59599933e-03 1.10834832e-03 3.47134788e-03 -2.92323459e-03 2.06604848e-03 3.25990472e-03 8.48992731e-01 2.63749862e+00 -6.84846262e-03 2.55502416e-01
1.35768624e-03 -2.30510194e-03 -1.50723312e-03 2.71596149e-03 1.31248629e-03 3.20830224e-03 -2.59137141e-03 1.88875402e-04 2.68655297e-03 8.34569775e-01 2.41915074e+00 7.20181583e-03 2.68753445e-01
7.00908964e-04 -1.59504429e-03 -1.69030656e-03 2.95506103e-03 1.27105145e-03 3.69931868e-03 -3.28233112e-03 2.12508161e-03 3.59596239e-03 8.61140017e-01 2.87352745e+00 1.34955198e-02 2.56426386e-01
1.19757566e-03 -2.07817741e-03 -1.28447355e-03 2.37190144e-03 1.00871388e-03 2.87732114e-03 -2.33401756e-03 2.67147336e-04 2.43859983e-03 8.24334250e-01 2.21567281e+00 -1.25131550e-02 2.67842996e-01
1.32824426e-03 -2.37197377e-03 -1.48837270e-03 2.76361526e-03 1.06284717e-03 2.67286157e-03 -2.92853829e-03 6.42766958e-04 3.01324427e-03 8.34429471e-01 2.51929802e+00 -3.96966096e-03 2.55573805e-01
6.56117078e-04 -1.80347329e-03 -1.55091409e-03 2.52539746e-03 1.15408068e-03 3.81633378e-03 -2.65423622e-03 1.55954803e-03 2.99666729e-03 8.49767792e-01 2.55094777e+00 4.10967085e-03 2.68801980e-01
1.58459573e-03 -2.60595235e-03 -1.34201495e-03 2.71523186e-03 6.47320620e-04 3.17251344e-03 -2.90079742e-03 2.28224542e-04 3.01521388e-03 8.29856148e-01 2.45318332e+00 1.14475384e-02 2.69717829e-01
7.13170645e-04 -1.44701335e-03 -1.47812466e-03 2.54384495e-03 1.49262986e-03 3.09791665e-03 -2.68440672e-03 1.65167504e-03 2.89335409e-03 8.52989873e-01 2.60450645e+00 -1.06494582e-02 2.52718154e-01
6.08989747e-04 -1.88530102e-03 -1.66400013e-03 2.75118863e-03 6.99923969e-04 4.01592729e-03 -3.14120202e-03 1.91813631e-03 3.54301726e-03 8.47227314e-01 2.76752708e+00 2.41401464e-02 2.68198206e-01
1.17419533e-03 -2.13955137e-03 -1.47438043e-03 2.50742790e-03 1.34658418e-03 2.71554340e-03 -2.50193493e-03 4.89322788e-04 2.58993431e-03 8.37652435e-01 2.31370232e+00 -2.11355929e-02 2.56975012e-01
4.86397407e-04 -1.35670557e-03 -1.57172796e-03 2.69953815e-03 9.16822549e-04 3.49394168e-03 -3.07557339e-03 2.10870826e-03 3.41153661e-03 8.73260744e-01 2.66628448e+00 1.07877099e-02 2.55254480e-01
1.25452830e-03 -2.22209852e-03 -1.48721721e-03 2.60818757e-03 1.30651916e-03 3.12790805e-03 -2.50412543e-03 2.98230563e-04 2.61358176e-03 8.12027271e-01 2.39754912e+00 -1.01612329e-02 2.68027950e-01
4.97685754e-04 -1.54191061e-03 -1.52243452e-03 2.42597381e-03 9.29923354e-04 3.17367720e-03 -2.68533132e-03 1.65263773e-03 2.96864704e-03 8.55014956e-01 2.48381830e+00 -3.74845539e-03 2.58289998e-01
1.41431913e-03 -2.48527678e-03 -1.54319292e-03 2.84209994e-03 1.20141874e-03 3.22999021e-03 -2.88049640e-03 4.78966320e-04 2.99594032e-03 8.28369500e-01 2.56736565e+00 3.90135160e-03 2.64710009e-01
6.46791976e-04 -1.44075966e-03 -1.25364874e-03 2.20601973e-03 8.86038249e-04 2.31136958e-03 -2.43640848e-03 1.28201113e-03 2.56601063e-03 8.25454786e-01 2.35661836e+00 -2.72582899e-02 2.46989464e-01
1.65011328e-03 -2.83295893e-03 -1.60882758e-03 3.16359834e-03 1.36457785e-03 4.53599911e-03 -3.17406922e-03 7.51081589e-04 3.41764993e-03 8.62462280e-01 2.73947585e+00 3.23281730e-02 2.74761816e-01
1.87469405e-03 -2.74189046e-03 -1.98201860e-03 3.87742210e-03 1.43135184e-03 4.10827451e-03 -3.44239722e-03 -5.28209152e-04 3.44604119e-03 8.47566712e-01 2.65875473e+00 4.11737612e-02 2.73789158e-01
1.59977247e-03 -4.65461376e-05 -1.49649409e-04 1.92729199e-03 2.21205025e-03 3.07917026e-03 -1.99443567e-03 1.59898727e-03 2.23485579e-03 8.37891854e-01 2.45231677e+00 -3.31792187e-02 2.47271783e-01
1.23625633e-03 -2.21251159e-03 -1.31037885e-03 2.54986737e-03 8.92184307e-04 2.78628101e-03 -2.69780776e-03 6.67634303e-04 2.82809730e-03 8.33247068e-01 2.32978486e+00 -1.54623736e-02 2.59501927e-01
8.95585161e-04 -1.98794477e-03 -1.59882278e-03 2.80456518e-03 1.46214741e-03 3.78109051e-03 -2.86555999e-03 1.51712632e-03 3.14481389e-03 8.51880118e-01 2.76000626e+00 1.70128495e-02 2.65185178e-01
6.63762877e-04 -1.39387734e-03 -1.52190635e-03 2.53639181e-03 1.20090839e-03 2.47656056e-03 -2.87241206e-03 1.67097147e-03 2.98400293e-03 8.61892088e-01 2.56537480e+00 -1.94224629e-02 2.38806436e-01
1.75962601e-03 -2.49452994e-03 -1.13998510e-03 2.60895339e-03 8.45759094e-04 3.89573266e-03 -2.65662408e-03 1.23655930e-04 2.79307607e-03 8.17903106e-01 2.48901310e+00 2.21042548e-02 2.80005315e-01
5.86697263e-04 -8.60793097e-04 -1.15900439e-03 2.25431435e-03 1.30198834e-03 3.20590899e-03 -2.42962226e-03 1.83034532e-03 2.73690038e-03 8.67756343e-01 2.44565595e+00 -7.55826219e-03 2.54888024e-01
1.66255632e-03 -2.79818109e-03 -1.80110850e-03 3.22438100e-03 1.21763787e-03 3.37120079e-03 -3.17142952e-03 -4.18344127e-05 3.24861680e-03 8.13614606e-01 2.62742960e+00 8.02928798e-03 2.69066999e-01
1.77260350e-03 -2.91652168e-03 -1.70585001e-03 3.26803023e-03 1.19126445e-03 3.69405486e-03 -3.29709928e-03 2.10196296e-04 3.39671599e-03 8.69326288e-01 2.56663598e+00 1.87508521e-02 2.66475009e-01
5.12911612e-04 -1.14195870e-03 -1.26082033e-03 2.14240685e-03 1.06163838e-03 2.79156696e-03 -2.35396075e-03 1.56180562e-03 2.59351113e-03 8.17459971e-01 2.48876861e+00 -1.69481056e-02 2.56538851e-01
1.11715234e-03 -2.15467824e-03 -1.40872179e-03 2.48605044e-03 1.05290149e-03 2.73461322e-03 -2.59274561e-03 6.74031177e-04 2.71065421e-03 8.03664205e-01 2.53427323e+00 -7.65003632e-03 2.60859404e-01
8.39087153e-04 -2.01374566e-03 -1.59384227e-03 2.74547195e-03 1.09117387e-03 3.70676788e-03 -2.95257298e-03 1.55013774e-03 3.24744287e-03 8.80724291e-01 2.51535158e+00 8.00796539e-03 2.62588968e-01
5.20893762e-04 -1.11012062e-03 -1.41128654e-03 2.47428776e-03 1.31737992e-03 2.99524005e-03 -2.66184740e-03 1.84514384e-03 2.89994139e-03 8.56388407e-01 2.52289897e+00 -2.14458670e-02 2.47492839e-01
1.71715013e-03 -2.68583074e-03 -1.48568900e-03 2.97559463e-03 9.57193783e-04 3.54544665e-03 -2.97536755e-03 6.13032849e-06 3.08535849e-03 8.24418836e-01 2.56474214e+00 2.46873339e-02 2.75074677e-01
7.46135209e-04 -8.24890112e-04 -1.20262365e-03 2.60950501e-03 1.40489364e-03 2.93779466e-03 -2.87476504e-03 2.05165358e-03 3.05599641e-03 8.57876040e-01 2.63435009e+00 -1.98248751e-02 2.40111795e-01
1.60441821e-03 -2.34318668e-03 -1.32056817e-03 2.71721764e-03 1.07838162e-03 3.69957008e-03 -2.57425419e-03 -7.20769615e-05 2.66453055e-03 8.22829695e-01 2.42904627e+00 2.25912173e-02 2.78801157e-01
1.00516491e-03 -2.20490148e-03 -1.59185424e-03 2.71208926e-03 1.03873509e-03 2.96542970e-03 -2.93020692e-03 1.10576643e-03 3.09524543e-03 8.29497760e-01 2.67746032e+00 5.57041317e-03 2.58744948e-01
1.01021356e-03 -2.07094560e-03 -1.39087562e-03 2.52369065e-03 1.08510851e-03 3.41572179e-03 -2.62538939e-03 1.06786147e-03 2.85440068e-03 8.53811498e-01 2.38812291e+00 -5.32674265e-03 2.65089831e-01
1.55220180e-03 -2.80460503e-03 -1.60852369e-03 3.15509877e-03 1.00051426e-03 3.63322760e-03 -3.37148971e-03 8.46641107e-04 3.56150673e-03 8.65472214e-01 2.66639920e+00 2.08085970e-02 2.64388637e-01
6.48161882e-04 -1.60316497e-03 -1.36841329e-03 2.24455209e-03 1.14685149e-03 2.86139485e-03 -2.33499797e-03 1.23430055e-03 2.54740723e-03 8.21334324e-01 2.42089358e+00 -1.85968772e-02 2.59939592e-01
1.05158838e-03 -2.22636550e-03 -1.45753563e-03 2.62700944e-03 9.20357383e-04 3.31097882e-03 -2.80883380e-03 1.04777817e-03 3.02138316e-03 8.34473559e-01 2.52838099e+00 -4.84857331e-04 2.63899340e-01
9.38341334e-04 -2.04532926e-03 -1.52235401e-03 2.57496807e-03 1.15987724e-03 3.05108258e-03 -2.73458648e-03 1.14705136e-03 2.92311205e-03 8.49508007e-01 2.52411477e+00 5.38119725e-04 2.59188877e-01
1.31491077e-03 -2.24260514e-03 -1.39405224e-03 2.61910423e-03 1.17540257e-03 2.83762967e-03 -2.66567341e-03 5.03218688e-04 2.75272776e-03 8.32659534e-01 2.39434795e+00 -1.19642284e-02 2.58956099e-01
6.24224362e-04 -1.74705138e-03 -1.59910513e-03 2.64363598e-03 1.02135148e-03 3.69809551e-03 -2.89245481e-03 1.75714764e-03 3.22309863e-03 8.52209854e-01 2.66878415e+00 1.28868996e-02 2.64420247e-01
8.07886583e-04 -1.85830777e-03 -1.31412285e-03 2.28743228e-03 8.51163282e-04 3.31924423e-03 -2.44421211e-03 1.13832107e-03 2.70173605e-03 8.09922926e-01 2.48438959e+00 -4.98144819e-04 2.70283157e-01
1.31122918e-03 -2.41286509e-03 -1.61269670e-03 2.92380650e-03 1.29400389e-03 3.03692950e-03 -3.11608004e-03 9.80740726e-04 3.22803137e-03 8.72890749e-01 2.56277721e+00 5.62970061e-04 2.52149150e-01
9.07053302e-04 -2.19804882e-03 -1.71539368e-03 2.91429198e-03 1.29787636e-03 4.15193380e-03 -3.05962485e-03 1.60065908e-03 3.39572627e-03 8.85798850e-01 2.58661322e+00 9.05410434e-03 2.65153453e-01
1.10552041e-03 -2.05501996e-03 -1.30114498e-03 2.34336669e-03 8.97372317e-04 2.41032704e-03 -2.51666670e-03 6.31184343e-04 2.61460469e-03 7.98683016e-01 2.47047346e+00 -8.61264470e-03 2.59231018e-01
1.16912488e-03 -2.08412584e-03 -1.57004593e-03 2.66814095e-03 1.61159483e-03 2.66463115e-03 -2.75005990e-03 8.99588172e-04 2.81165135e-03 8.60415622e-01 2.47156003e+00 -1.87418579e-02 2.46883622e-01
1.08229101e-03 -2.23037541e-03 -1.27753063e-03 2.39555748e-03 3.67072028e-04 3.81373702e-03 -2.80899286e-03 1.15766359e-03 3.12409587e-03 8.19889589e-01 2.57874735e+00 2.12243839e-02 2.75876237e-01
6.41629002e-04 -1.65953004e-03 -1.35017930e-03 2.22795923e-03 1.02428681e-03 2.96125528e-03 -2.31812103e-03 1.18877005e-03 2.54941399e-03 8.19366487e-01 2.34806336e+00 -2.30990482e-02 2.62383972e-01
1.44588976e-03 -2.78842501e-03 -1.74651614e-03 3.20434133e-03 1.14979154e-03 3.57958713e-03 -3.42252197e-03 9.84746602e-04 3.61894920e-03 8.68676160e-01 2.75922716e+00 2.65974949e-02 2.62734664e-01
1.03387424e-03 -2.11548269e-03 -1.39432802e-03 2.47889319e-03 9.83215427e-04 3.20039549e-03 -2.60908836e-03 9.20562903e-04 2.81114091e-03 8.14797106e-01 2.44400216e+00 -1.37915590e-02 2.65830292e-01
8.84245117e-04 -2.15288633e-03 -1.65899321e-03 2.76021502e-03 1.07793208e-03 3.16252554e-03 -2.97957524e-03 1.32284402e-03 3.18286874e-03 8.71355362e-01 2.62212015e+00 1.49594562e-02 2.56967467e-01
1.30662273e-03 -2.45834012e-03 -1.32416772e-03 2.64955837e-03 5.36480302e-04 3.41669318e-03 -2.96043048e-03 8.65084307e-04 3.17560670e-03 8.48545036e-01 2.60191910e+00 3.48683123e-02 2.69664868e-01
9.61988979e-04 -1.95256821e-03 -1.54400843e-03 2.57825083e-03 1.49918741e-03 3.02832113e-03 -2.66141573e-03 1.16687685e-03 2.82595576e-03 8.36925167e-01 2.47181822e+00 -2.89605509e-02 2.53980226e-01
1.61316984e-03 -2.36146815e-03 -1.39642091e-03 2.77816607e-03 7.04725848e-04 2.96532600e-03 -2.72715159e-03 -4.30382038e-04 2.73144667e-03 8.05472866e-01 2.33678516e+00 8.51816451e-03 2.72916608e-01
1.23337125e-03 -6.49689408e-04 -9.49313043e-04 2.50317991e-03 2.11501463e-03 3.42740142e-03 -2.68896539e-03 1.98284074e-03 2.94467496e-03 8.74685281e-01 2.71215991e+00 -7.97894751e-03 2.48042582e-01
1.43519253e-03 -2.42881216e-03 -1.24897091e-03 2.55224063e-03 6.72443064e-04 3.30981082e-03 -2.69776655e-03 3.83902416e-04 2.84525043e-03 8.29477340e-01 2.35815906e+00 6.20909279e-05 2.71024006e-01
8.54135287e-04 -1.72220835e-03 -1.59003605e-03 2.60349074e-03 1.44449479e-03 2.90953462e-03 -2.85274740e-03 1.52039408e-03 3.02400420e-03 8.54345165e-01 2.69434576e+00 -8.24229478e-06 2.52474222e-01
2.03990682e-03 1.25060651e-04 7.76126278e-05 2.12225549e-03 2.59635884e-03 3.25592479e-03 -2.20815510e-03 1.73833633e-03 2.41645270e-03 8.75378292e-01 2.58622418e+00 -1.25642448e-02 2.42499745e-01
1.58133504e-03 -2.15081986e-03 -1.55838793e-03 3.25462441e-03 1.31723214e-03 3.87976637e-03 -2.76078535e-03 -4.13096922e-04 2.76492030e-03 8.03147755e-01 2.44218899e+00 1.37658718e-02 2.76862515e-01
8.36962387e-04 -6.81358688e-04 -1.08123326e-03 2.36406865e-03 1.61660610e-03 2.92341469e-03 -2.58586040e-03 1.88122788e-03 2.79327910e-03 8.72850328e-01 2.58591805e+00 -9.49967613e-03 2.44317767e-01
1.76548646e-03 -2.55788027e-03 -1.44737023e-03 2.94471069e-03 8.69786895e-04 3.49977556e-03 -2.87754674e-03 -3.29326879e-04 2.91643833e-03 8.07165111e-01 2.45507722e+00 1.02167351e-02 2.75556661e-01
8.28566516e-04 -1.63829613e-03 -1.48079236e-03 2.44470322e-03 1.32360954e-03 2.52160599e-03 -2.69870304e-03 1.36743444e-03 2.80626592e-03 8.69129560e-01 2.47902298e+00 -1.62074503e-02 2.43288938e-01
1.68031966e-03 -2.61927830e-03 -1.20044625e-03 2.61608003e-03 5.91123127e-04 3.73121924e-03 -2.84204363e-03 3.43120959e-04 3.01198268e-03 8.09693812e-01 2.55986685e+00 1.81159069e-02 2.76876205e-01
1.06568393e-03 -2.22694087e-03 -1.58451571e-03 2.69544434e-03 1.18953453e-03 2.97138557e-03 -2.83014603e-03 9.49275784e-04 2.97460681e-03 8.58016372e-01 2.57130100e+00 1.07162099e-02 2.57980955e-01
8.85263586e-04 -1.98945710e-03 -1.42570373e-03 2.53821245e-03 9.29529231e-04 3.43851460e-03 -2.72754276e-03 1.28382242e-03 2.98640279e-03 8.26960748e-01 2.48990784e+00 -1.00706613e-02 2.65140814e-01
9.00395767e-04 -1.86676150e-03 -1.14910470e-03 2.13548172e-03 7.09257180e-04 3.15060995e-03 -2.27680358e-03 8.90893214e-04 2.50514566e-03 7.97124648e-01 2.43599695e+00 4.37261228e-03 2.72956491e-01
1.30913789e-03 -2.45717033e-03 -1.76399822e-03 3.12888917e-03 1.52476270e-03 3.24202770e-03 -3.31024750e-03 1.19641821e-03 3.44825334e-03 8.82961803e-01 2.60049518e+00 -4.14058287e-03 2.50537221e-01
1.21207523e-03 -2.33629606e-03 -1.63529103e-03 2.88733112e-03 1.51036679e-03 3.48881662e-03 -2.94437908e-03 1.05909238e-03 3.12782724e-03 8.69081055e-01 2.55264325e+00 -4.52645443e-04 2.59451789e-01
8.63098012e-04 -1.89310994e-03 -1.27765524e-03 2.35785122e-03 6.99565115e-04 2.98736898e-03 -2.58438769e-03 1.12956823e-03 2.79796375e-03 8.13801840e-01 2.49464240e+00 5.21295620e-04 2.64337186e-01
1.44262452e-03 -2.27929430e-03 -1.42788498e-03 2.75544844e-03 1.25516818e-03 3.67483928e-03 -2.53507099e-03 4.58570960e-05 2.64226647e-03 8.15690396e-01 2.35443325e+00 -3.06159841e-03 2.76287449e-01
6.14642648e-04 -8.58043461e-04 -1.32901220e-03 2.58688677e-03 1.24525418e-03 3.02156151e-03 -2.92616502e-03 2.11337864e-03 3.18355926e-03 8.68057689e-01 2.70738550e+00 3.15977290e-03 2.46404299e-01
9.19348785e-04 -2.19743386e-03 -1.59265866e-03 2.77257704e-03 9.70242467e-04 3.61983237e-03 -2.99165562e-03 1.38930884e-03 3.26081439e-03 8.56278085e-01 2.64925946e+00 1.47286186e-02 2.63820166e-01
1.01761933e-03 -2.07000627e-03 -1.44256408e-03 2.46693570e-03 1.09930164e-03 2.82979320e-03 -2.59674812e-03 8.68883058e-04 2.74959859e-03 8.29025196e-01 2.41679685e+00 -1.35560164e-02 2.59608902e-01
1.31916350e-03 -2.55724281e-03 -1.54573388e-03 2.85796128e-03 8.41668308e-04 3.16245955e-03 -3.08740200e-03 7.71849012e-04 3.24451885e-03 8.34199257e-01 2.60822884e+00 7.18567225e-03 2.62458195e-01
7.60188843e-04 -1.67985430e-03 -1.39411206e-03 2.42486578e-03 1.28111891e-03 3.21267786e-03 -2.49364334e-03 1.34473933e-03 2.72490287e-03 8.49334037e-01 2.45103194e+00 -6.83282189e-03 2.61050369e-01
1.71689321e-03 -2.84577795e-03 -1.91137216e-03 3.43964163e-03 1.42357297e-03 3.82096185e-03 -3.25986724e-03 -7.47673744e-05 3.34715276e-03 8.26525746e-01 2.58912314e+00 4.38415750e-03 2.70907418e-01
5.68447271e-04 -5.78691047e-04 -1.00268954e-03 2.14293823e-03 1.25244509e-03 2.94056362e-03 -2.32453679e-03 1.82784277e-03 2.60541105e-03 8.56697062e-01 2.47943761e+00 -4.20558152e-03 2.51881226e-01
1.68092277e-03 -2.65775197e-03 -1.43557296e-03 2.91928445e-03 9.42738127e-04 3.32338391e-03 -2.99356947e-03 1.72472747e-04 3.08011707e-03 8.59430520e-01 2.49344149e+00 2.43389867e-02 2.67652335e-01
6.29201098e-04 -1.32730227e-03 -1.41604112e-03 2.38426287e-03 1.28398945e-03 3.06259547e-03 -2.59916732e-03 1.66916414e-03 2.84625218e-03 8.27165653e-01 2.56746574e+00 -2.13402297e-02 2.55028364e-01
1.10326089e-03 -2.07152462e-03 -1.20322806e-03 2.28688915e-03 7.69557532e-04 3.01845689e-03 -2.39441392e-03 6.14659043e-04 2.56320205e-03 8.05546444e-01 2.36129605e+00 -5.94646660e-03 2.69777162e-01
9.57216916e-04 -2.10487315e-03 -1.76008570e-03 2.93383837e-03 1.37034875e-03 3.31074134e-03 -3.20177047e-03 1.58041913e-03 3.40719152e-03 8.78415584e-01 2.69587066e+00 6.17901353e-03 2.53122431e-01
7.24594058e-04 -1.69473630e-03 -1.60759630e-03 2.54636645e-03 1.33165980e-03 2.89260556e-03 -2.77355782e-03 1.50839807e-03 2.95796287e-03 8.49112220e-01 2.57150995e+00 -1.58088385e-02 2.50834121e-01
1.54809161e-03 -2.47070333e-03 -1.21374723e-03 2.63640151e-03 7.35052316e-04 3.40144818e-03 -2.78649806e-03 4.23285006e-04 2.93006479e-03 8.33844506e-01 2.47987166e+00 1.75107145e-02 2.71321905e-01
1.31190750e-03 -2.37600542e-03 -1.58798211e-03 2.72382542e-03 1.29251334e-03 2.71221820e-03 -2.83241615e-03 5.61794150e-04 2.92171860e-03 8.35689331e-01 2.54043911e+00 5.18228318e-04 2.58204293e-01
6.09225408e-04 -1.71085393e-03 -1.47854633e-03 2.53601154e-03 9.30669152e-04 3.82844020e-03 -2.73713279e-03 1.69491570e-03 3.09160722e-03 8.48262635e-01 2.52433566e+00 -4.63642259e-04 2.66853374e-01
1.63931703e-03 -2.70819622e-03 -1.92191141e-03 3.51597881e-03 1.95590783e-03 4.45917714e-03 -3.10169879e-03 1.70065687e-04 3.23130200e-03 8.69513341e-01 2.59744934e+00 2.15169362e-02 2.72789415e-01
5.51123193e-04 -4.90442946e-04 -9.03028209e-04 2.11091701e-03 1.04370197e-03 2.85089730e-03 -2.33733774e-03 1.85573839e-03 2.61914695e-03 8.17778034e-01 2.46485447e+00 -1.91758349e-02 2.52148299e-01
4.19807524e-04 -1.20803386e-03 -1.28188559e-03 2.13770602e-03 7.86812746e-04 2.63180799e-03 -2.39983823e-03 1.53981988e-03 2.62492972e-03 8.19006900e-01 2.46259909e+00 -1.29588233e-02 2.54501672e-01
1.71226769e-03 -2.88583479e-03 -1.75860962e-03 3.26534975e-03 1.47336888e-03 3.98577454e-03 -3.23701896e-03 4.13205034e-04 3.38428650e-03 8.66801702e-01 2.59844781e+00 1.39982873e-02 2.68235661e-01
9.00985723e-04 -1.35488995e-03 -1.48093726e-03 2.70165771e-03 1.67277308e-03 3.11444754e-03 -2.96060706e-03 1.84988566e-03 3.13970741e-03 8.71515946e-01 2.73250995e+00 -4.16435849e-03 2.47240005e-01
1.56885302e-03 -2.37941434e-03 -1.16638362e-03 2.45558400e-03 5.81399694e-04 3.07214107e-03 -2.56718832e-03 -4.08024590e-05 2.64794934e-03 8.10203397e-01 2.31525118e+00 4.37030342e-03 2.74141649e-01
1.44028813e-03 -2.33379724e-03 -1.35534768e-03 2.61581117e-03 1.00729112e-03 3.32740719e-03 -2.55933673e-03 1.01711941e-04 2.66530510e-03 8.40984616e-01 2.30635833e+00 7.65071546e-03 2.73129436e-01
7.22519080e-04 -1.18129238e-03 -1.40774836e-03 2.65684769e-03 1.35027929e-03 3.14907577e-03 -2.94801230e-03 1.97991820e-03 3.17963823e-03 8.42997900e-01 2.75692808e+00 -7.27266460e-03 2.49733481e-01
7.88712476e-04 -1.92371644e-03 -1.60181387e-03 2.64031166e-03 1.13392356e-03 3.09465767e-03 -2.85086851e-03 1.41334681e-03 3.07868134e-03 8.31967547e-01 2.57736345e+00 -1.21395435e-02 2.57735165e-01
1.22541873e-03 -2.23964917e-03 -1.34528736e-03 2.65847494e-03 1.10842263e-03 3.46055410e-03 -2.68985386e-03 8.23509224e-04 2.88207327e-03 8.52964257e-01 2.48722210e+00 1.30880598e-02 2.67530848e-01
1.28379164e-03 -2.29835984e-03 -1.41819880e-03 2.64251853e-03 1.11531853e-03 3.20881576e-03 -2.60732122e-03 4.10981910e-04 2.74118373e-03 8.52839274e-01 2.32549485e+00 2.02741659e-04 2.66867628e-01
6.81203948e-04 -1.60159315e-03 -1.55918852e-03 2.66688982e-03 1.18638306e-03 3.39235997e-03 -2.92469385e-03 1.79942047e-03 3.21754691e-03 8.31155174e-01 2.73773047e+00 -1.50325132e-04 2.59735388e-01
8.55307938e-04 -2.16790213e-03 -1.56408022e-03 2.65937541e-03 7.95101845e-04 3.95607885e-03 -2.93257881e-03 1.45806831e-03 3.26753878e-03 8.57563376e-01 2.61304238e+00 2.11825606e-02 2.70270343e-01
1.06634274e-03 -2.12727270e-03 -1.52895911e-03 2.51342948e-03 1.17736125e-03 2.52588652e-03 -2.68075161e-03 7.85472068e-04 2.77092372e-03 8.28484740e-01 2.45591923e+00 -1.88657704e-02 2.52454056e-01
7.40332671e-04 -1.76468055e-03 -1.60135816e-03 2.78005384e-03 1.09406649e-03 2.99568513e-03 -3.06756018e-03 1.68992300e-03 3.25259987e-03 8.84286944e-01 2.53168307e+00 -5.65381784e-03 2.46142062e-01
1.35441046e-03 -2.17600471e-03 -1.20352784e-03 2.46684786e-03 1.08720820e-03 3.43531266e-03 -2.43600882e-03 4.51599649e-04 2.59270152e-03 7.94973190e-01 2.50885950e+00 6.00073709e-03 2.74888169e-01
5.13331513e-04 -1.54887448e-03 -1.56931842e-03 2.58161476e-03 9.07752471e-04 3.32169921e-03 -2.89679787e-03 1.83775770e-03 3.19754527e-03 8.53802711e-01 2.67641677e+00 1.26203264e-02 2.58700211e-01
1.32463275e-03 -2.35722710e-03 -1.50990536e-03 2.70419386e-03 1.23134160e-03 3.17887801e-03 -2.68722840e-03 4.09258533e-04 2.80548213e-03 8.31155719e-01 2.38706805e+00 -1.17369767e-02 2.64898894e-01
1.28397894e-03 -5.48564005e-04 -8.99892593e-04 2.55777522e-03 2.04338563e-03 3.11581996e-03 -2.81902660e-03 2.02223286e-03 2.99869337e-03 8.77332316e-01 2.76416268e+00 -9.34251085e-03 2.39879993e-01
1.58557396e-03 -2.26175742e-03 -1.32229567e-03 2.68023613e-03 7.25337397e-04 3.25938602e-03 -2.57692730e-03 -4.15347561e-04 2.60240905e-03 8.01886105e-01 2.29729845e+00 1.00573487e-02 2.78333389e-01
4.88760889e-04 -1.33316214e-03 -1.37688255e-03 2.33670233e-03 8.10994049e-04 2.73942434e-03 -2.64294505e-03 1.64843734e-03 2.87717975e-03 8.14366969e-01 2.54157757e+00 -1.72394501e-02 2.53406344e-01
1.55168122e-03 -2.57912993e-03 -1.57487077e-03 3.05326484e-03 1.55325045e-03 4.03029049e-03 -2.90348457e-03 5.00028623e-04 3.07489811e-03 8.72697424e-01 2.52541472e+00 1.90953038e-02 2.71213435e-01
1.39471542e-03 -2.26762966e-03 -1.15670543e-03 2.40060041e-03 6.70135098e-04 3.08370596e-03 -2.50409614e-03 2.59458395e-04 2.62482142e-03 8.22508249e-01 2.30613414e+00 3.24175682e-03 2.71945193e-01
7.93872263e-04 -1.67719757e-03 -1.69933647e-03 2.79689874e-03 1.51067132e-03 3.16636509e-03 -3.05885632e-03 1.77399302e-03 3.25960244e-03 8.60554167e-01 2.75104726e+00 -3.11024828e-03 2.50864254e-01
5.95922291e-04 -1.72331774e-03 -1.71631417e-03 2.75696156e-03 9.62349965e-04 2.82595188e-03 -3.14262214e-03 1.78855103e-03 3.34212754e-03 8.77363427e-01 2.67702552e+00 8.66155661e-03 2.47072045e-01
1.30562362e-03 -2.20349927e-03 -1.27196508e-03 2.49145216e-03 1.12564950e-03 3.57327929e-03 -2.43701918e-03 4.74175381e-04 2.61316498e-03 8.07333178e-01 2.38993278e+00 -8.24704808e-03 2.75165989e-01
9.71460449e-04 -2.18653242e-03 -1.57601992e-03 2.72762657e-03 9.42653437e-04 2.94454043e-03 -2.96924366e-03 1.16628761e-03 3.14728143e-03 8.21804627e-01 2.67113626e+00 6.05836441e-04 2.58416736e-01
1.02459090e-03 -2.02514359e-03 -1.37336212e-03 2.55567264e-03 1.25188113e-03 3.53293829e-03 -2.57014342e-03 1.07329115e-03 2.80300259e-03 8.61596810e-01 2.39497537e+00 -5.43092366e-04 2.66422560e-01
8.99098497e-04 -1.74836091e-03 -1.10514002e-03 2.08305075e-03 9.54507351e-04 3.25818167e-03 -2.11275109e-03 8.71759287e-04 2.34588718e-03 8.16652501e-01 2.25497252e+00 -1.05562271e-02 2.74203754e-01
1.10468790e-03 -2.59557135e-03 -2.00886958e-03 3.25205711e-03 1.18298885e-03 3.06546822e-03 -3.62087214e-03 1.39982269e-03 3.77072302e-03 8.68811891e-01 2.84360848e+00 1.12409688e-02 2.50025525e-01
4.93513805e-04 -1.27413062e-03 -1.56687420e-03 2.79802086e-03 1.09357936e-03 3.71247705e-03 -3.10035019e-03 2.22140775e-03 3.44747871e-03 8.75579145e-01 2.76909983e+00 2.00598894e-02 2.56672544e-01
1.33510475e-03 -2.19363697e-03 -1.39478325e-03 2.56254751e-03 1.23782245e-03 2.99882006e-03 -2.48475198e-03 2.13983810e-04 2.56951404e-03 8.11872466e-01 2.31339913e+00 -1.80318599e-02 2.66454077e-01
4.98788469e-04 -1.53760623e-03 -1.47653832e-03 2.35954659e-03 1.03770697e-03 3.36637643e-03 -2.52398744e-03 1.58599115e-03 2.83688098e-03 8.40470559e-01 2.39317673e+00 -2.16725254e-02 2.61847499e-01
1.57635699e-03 -2.71946611e-03 -1.65320098e-03 3.03474149e-03 1.18595655e-03 3.08269436e-03 -3.16051242e-03 4.26588513e-04 3.25785217e-03 8.43885466e-01 2.70429306e+00 2.48627369e-02 2.63283457e-01
6.63435940e-04 -1.62529725e-03 -1.50072133e-03 2.55106951e-03 1.13829194e-03 3.01879134e-03 -2.76129833e-03 1.58482445e-03 2.97490250e-03 8.57661027e-01 2.46675009e+00 -1.97422414e-02 2.50197500e-01
1.48401829e-03 -2.51988131e-03 -1.42365584e-03 2.74940426e-03 9.94386284e-04 3.41524077e-03 -2.82911292e-03 4.19116111e-04 2.98232945e-03 8.23111101e-01 2.60344649e+00 2.24827096e-02 2.72240580e-01
7.05766160e-04 -6.72029883e-04 -1.04059085e-03 2.32093996e-03 1.49803798e-03 3.47391850e-03 -2.45918134e-03 1.96547466e-03 2.79606733e-03 8.75595108e-01 2.49986383e+00 -8.40832931e-04 2.56014511e-01
1.54927854e-03 -2.65048073e-03 -1.80815991e-03 3.14234450e-03 1.21140356e-03 3.17822755e-03 -3.05769291e-03 -9.77494032e-05 3.11219769e-03 8.06573147e-01 2.56188481e+00 9.23877606e-04 2.67577636e-01
1.31270288e-03 -2.62573510e-03 -1.52844422e-03 2.90604135e-03 7.10513857e-04 3.59999795e-03 -3.18575571e-03 9.71984755e-04 3.42632419e-03 8.40741768e-01 2.67854759e+00 2.24685165e-02 2.68501603e-01
8.07711702e-04 -1.79959825e-03 -1.45685292e-03 2.41424511e-03 1.34853148e-03 2.93622238e-03 -2.46933270e-03 1.15849179e-03 2.65790757e-03 8.43125638e-01 2.40728112e+00 -1.98099175e-02 2.56919226e-01
5.08370098e-04 -9.49146844e-04 -1.19446618e-03 2.13098338e-03 1.14185295e-03 2.78787208e-03 -2.33121951e-03 1.64811747e-03 2.57521787e-03 8.32700319e-01 2.44321685e+00 -1.95779696e-02 2.53090899e-01
1.84608643e-03 -3.00533359e-03 -1.77292055e-03 3.31869096e-03 1.14192979e-03 3.70509968e-03 -3.34484302e-03 3.82267918e-06 3.42940949e-03 8.52866438e-01 2.62418941e+00 2.21076194e-02 2.69120563e-01
1.48030652e-03 -2.42283442e-03 -1.21969110e-03 2.54233323e-03 7.52809686e-04 3.56048870e-03 -2.66435815e-03 4.13304913e-04 2.83254341e-03 8.19663938e-01 2.42458665e+00 5.02726899e-03 2.74725906e-01
7.97816519e-04 -1.70368581e-03 -1.59023683e-03 2.57293427e-03 1.29095065e-03 2.67956608e-03 -2.87353260e-03 1.50830148e-03 3.01506009e-03 8.62890871e-01 2.62221212e+00 -4.80030344e-03 2.47120784e-01
6.09124325e-04 -7.31420405e-04 -1.21352125e-03 2.43907784e-03 1.25935899e-03 2.80257854e-03 -2.73622931e-03 1.98853000e-03 2.94245336e-03 8.42548750e-01 2.65568191e+00 -1.62353131e-02 2.43015002e-01
1.66188221e-03 -2.48221444e-03 -1.46482830e-03 2.92154760e-03 1.20719522e-03 3.85823847e-03 -2.74837358e-03 -7.37192633e-05 2.84013403e-03 8.41424757e-01 2.41434046e+00 1.79961718e-02 2.77096974e-01
9.24849344e-04 -2.01493144e-03 -1.74838442e-03 2.85514470e-03 1.66925475e-03 3.24987067e-03 -2.95524803e-03 1.43793565e-03 3.13557033e-03 8.90987852e-01 2.59894922e+00 7.83372365e-04 2.51774833e-01
1.27580966e-03 -2.24095171e-03 -1.12377909e-03 2.33901904e-03 4.63066675e-04 3.06477688e-03 -2.59907192e-03 6.12798895e-04 2.78298491e-03 7.89845714e-01 2.44327591e+00 -6.96313134e-04 2.71895846e-01
7.04244406e-04 -1.70733044e-03 -1.23612478e-03 2.14305315e-03 7.07980112e-04 3.07816067e-03 -2.33974672e-03 1.15937476e-03 2.59025599e-03 8.05151192e-01 2.36559065e+00 -1.43542359e-02 2.67616397e-01
1.33475391e-03 -2.65649890e-03 -1.87045861e-03 3.12880793e-03 1.43416518e-03 3.25727461e-03 -3.32281544e-03 9.88994821e-04 3.45683728e-03 8.81407777e-01 2.70438374e+00 1.55940204e-02 2.55287624e-01
1.34783298e-03 -2.06581162e-03 -1.23251200e-03 2.41011249e-03 9.82684120e-04 3.27130367e-03 -2.26578284e-03 -4.69446690e-05 2.35250152e-03 7.88405268e-01 2.29419433e+00 -1.61498635e-03 2.78393854e-01
8.57856668e-04 -9.09436774e-04 -1.33256825e-03 2.87086651e-03 1.50781804e-03 3.25301404e-03 -3.22798747e-03 2.28136896e-03 3.44279467e-03 8.92602495e-01 2.76729138e+00 1.70518112e-03 2.40689503e-01
1.78448887e-03 -2.98247992e-03 -1.96914755e-03 3.49462107e-03 1.79202809e-03 3.89709231e-03 -3.41062123e-03 3.49838985e-04 3.52382145e-03 8.63369817e-01 2.72581248e+00 1.81925610e-02 2.65714062e-01
2.64396719e-04 -1.02128431e-03 -1.23888517e-03 2.05277695e-03 6.71101421e-04 2.82182128e-03 -2.30457586e-03 1.65594751e-03 2.59596374e-03 8.22881294e-01 2.36201391e+00 -1.64714816e-02 2.57701244e-01
1.76869485e-03 -2.75729699e-03 -1.44062329e-03 2.98940570e-03 9.51157003e-04 3.53728049e-03 -3.08702663e-03 2.19594278e-04 3.19827869e-03 8.27950409e-01 2.61517673e+00 1.77997529e-02 2.70505438e-01
5.30221774e-04 -1.34434528e-03 -1.43399752e-03 2.31869261e-03 1.16390674e-03 2.82967659e-03 -2.52371315e-03 1.58149362e-03 2.74634381e-03 8.54112655e-01 2.44483485e+00 -1.60235210e-02 2.51646191e-01
1.32796687e-03 -2.32566129e-03 -1.37778185e-03 2.71676885e-03 1.11770187e-03 3.25946696e-03 -2.75720738e-03 6.58632269e-04 2.90274938e-03 8.64839178e-01 2.41831996e+00 8.37985046e-03 2.63520344e-01
7.73204107e-04 -1.74288374e-03 -1.47966878e-03 2.56799706e-03 1.17134656e-03 3.25123506e-03 -2.75145860e-03 1.51137351e-03 3.00045675e-03 8.19960712e-01 2.63790323e+00 -7.97590326e-03 2.60955023e-01
1.34967260e-03 -2.32091424e-03 -1.35217442e-03 2.65755482e-03 1.03490986e-03 3.11846673e-03 -2.72921652e-03 5.75785117e-04 2.87813005e-03 7.90838859e-01 2.64412673e+00 6.71338389e-03 2.69218640e-01
6.68245376e-04 -1.90735749e-03 -1.64833198e-03 2.66134131e-03 1.14766209e-03 3.35889941e-03 -2.81305924e-03 1.50274447e-03 3.07854968e-03 8.87533436e-01 2.41015493e+00 -6.29896861e-03 2.56359549e-01
5.80446510e-04 -1.09316033e-03 -1.31788869e-03 2.24258462e-03 1.13137579e-03 2.32399003e-03 -2.54297107e-03 1.58818762e-03 2.68189736e-03 8.44981402e-01 2.45774410e+00 -2.58764712e-02 2.41305650e-01
1.90698822e-03 -2.84017070e-03 -1.43297338e-03 3.03193180e-03 9.64317518e-04 4.29351569e-03 -3.02872158e-03 4.12091317e-06 3.16449886e-03 8.38322813e-01 2.60134256e+00 3.05757625e-02 2.79481898e-01
5.60167844e-04 -1.73825109e-03 -1.59683828e-03 2.59943723e-03 8.08564150e-04 3.44353144e-03 -2.92298421e-03 1.75223468e-03 3.25743181e-03 8.42177076e-01 2.56114425e+00 -4.36437688e-03 2.61501632e-01
1.24514290e-03 -2.28582980e-03 -1.52422361e-03 2.69758429e-03 1.40564123e-03 3.16696352e-03 -2.64508272e-03 5.70979198e-04 2.77976419e-03 8.41877255e-01 2.50240936e+00 4.53185016e-03 2.64418250e-01
1.39253333e-03 -2.52316659e-03 -1.70542909e-03 2.87503524e-03 1.36388174e-03 2.97107912e-03 -2.91745473e-03 3.94389869e-04 2.99462156e-03 8.34489477e-01 2.53050103e+00 -5.73800758e-03 2.59175246e-01
4.47330023e-04 -1.42731869e-03 -1.45431469e-03 2.36372794e-03 7.95227735e-04 3.48404391e-03 -2.66504030e-03 1.78252554e-03 3.01654560e-03 8.49819254e-01 2.52012406e+00 5.97943658e-03 2.64255843e-01
7.43793386e-04 -8.25942436e-04 -1.15967600e-03 2.47839863e-03 1.57733904e-03 3.10687505e-03 -2.62661822e-03 1.93083802e-03 2.85419376e-03 8.53652143e-01 2.58217094e+00 -2.14226958e-02 2.46287383e-01
1.74377605e-03 -2.61690536e-03 -1.46835904e-03 2.97006320e-03 9.34336761e-04 3.45652470e-03 -2.92839936e-03 -1.71456859e-04 3.00054313e-03 8.27835867e-01 2.49757379e+00 2.46351154e-02 2.74979258e-01
1.41726680e-03 -2.45734044e-03 -1.54339426e-03 2.81929676e-03 1.18600733e-03 3.31117149e-03 -2.76617877e-03 2.43966094e-04 2.87351551e-03 8.33926866e-01 2.44579832e+00 2.16578229e-03 2.67913604e-01
4.97862250e-04 -1.27869683e-03 -1.49330835e-03 2.48307609e-03 1.06078523e-03 3.19866809e-03 -2.78218859e-03 1.87804094e-03 3.08245531e-03 8.49887521e-01 2.60377084e+00 -2.08274663e-03 2.56102667e-01
1.03207074e-03 -1.97356330e-03 -1.21904453e-03 2.26869662e-03 8.35644725e-04 2.80347344e-03 -2.41143182e-03 7.57198445e-04 2.57056208e-03 7.96764563e-01 2.44142195e+00 -6.15073739e-03 2.65955381e-01
9.48676232e-04 -2.29684741e-03 -1.80227302e-03 2.98517874e-03 1.27755094e-03 3.59792909e-03 -3.17527588e-03 1.45595889e-03 3.41705078e-03 8.86734277e-01 2.60477466e+00 6.39411963e-03 2.57138136e-01
1.49599849e-03 -2.43203757e-03 -1.40022284e-03 2.69089126e-03 1.04229226e-03 3.39158858e-03 -2.68273699e-03 1.92366184e-04 2.80353418e-03 8.19491374e-01 2.42550418e+00 3.82291981e-03 2.72974693e-01
5.57530137e-04 -1.21583635e-03 -1.44293405e-03 2.62780496e-03 1.21353813e-03 3.08040232e-03 -2.85888175e-03 1.93760989e-03 3.08491829e-03 8.63241821e-01 2.64018739e+00 -3.66120958e-03 2.48157774e-01
1.09324383e-03 -2.30112821e-03 -1.77836533e-03 3.00073788e-03 1.41768458e-03 3.22747889e-03 -3.20280480e-03 1.32233905e-03 3.35975720e-03 8.62161464e-01 2.68163716e+00 -3.61353775e-03 2.52386298e-01
9.91527092e-04 -1.90455611e-03 -1.13878407e-03 2.22102697e-03 7.57781396e-04 3.11888386e-03 -2.35824431e-03 8.72936332e-04 2.56345748e-03 8.20675913e-01 2.36855379e+00 3.77104483e-03 2.70111670e-01
1.46394760e-03 -2.56492499e-03 -1.46649336e-03 2.85267646e-03 1.09133815e-03 3.76677633e-03 -2.97337946e-03 7.52340122e-04 3.18069310e-03 8.42412374e-01 2.49780823e+00 -1.93724861e-03 2.69167875e-01
7.02722183e-04 -1.72616207e-03 -1.45845609e-03 2.39168279e-03 1.02826133e-03 2.64206683e-03 -2.60713015e-03 1.29237664e-03 2.77110136e-03 8.41618409e-01 2.56672644e+00 2.01132431e-03 2.53718950e-01
1.13519650e-03 -2.04814771e-03 -1.31642515e-03 2.49466456e-03 1.16601634e-03 2.83991646e-03 -2.53306661e-03 7.37588520e-04 2.65504153e-03 8.46680967e-01 2.48565985e+00 1.36807801e-02 2.61165533e-01
8.60902126e-04 -2.09464519e-03 -1.64054077e-03 2.78919302e-03 1.07000339e-03 3.70436268e-03 -3.01560901e-03 1.53299966e-03 3.31838324e-03 8.37789186e-01 2.57441527e+00 -1.26338944e-02 2.63170793e-01
1.12642205e-03 -2.09178967e-03 -1.41046155e-03 2.49311399e-03 1.14353761e-03 2.58152483e-03 -2.64739739e-03 7.85596575e-04 2.73785564e-03 8.56884599e-01 2.34126939e+00 -1.56728509e-02 2.50955777e-01
1.03817276e-03 -2.20245090e-03 -1.46773876e-03 2.66911061e-03 9.44555028e-04 3.93000997e-03 -2.88427497e-03 1.31070636e-03 3.18576394e-03 8.24719579e-01 2.71866101e+00 1.73856496e-02 2.71683913e-01
1.67176238e-03 -2.90450824e-03 -1.75913685e-03 3.17674965e-03 1.05920176e-03 3.25953272e-03 -3.30268104e-03 2.11043592e-04 3.38626322e-03 8.46838192e-01 2.64217408e+00 1.80102983e-02 2.64183178e-01
5.41152363e-04 -1.20624764e-03 -1.28909874e-03 2.21143279e-03 1.14892888e-03 3.10599997e-03 -2.38279853e-03 1.60899789e-03 2.66153965e-03 8.37786406e-01 2.42945889e+00 -1.62660533e-02 2.58987888e-01
8.96136253e-04 -1.95443823e-03 -1.37385206e-03 2.35396161e-03 9.89443034e-04 2.74371277e-03 -2.45181749e-03 8.56064616e-04 2.60807048e-03 8.29343179e-01 2.35788097e+00 -1.39002829e-02 2.59444421e-01
9.82030157e-04 -2.34360951e-03 -1.74811925e-03 2.95318714e-03 1.10050851e-03 3.77862087e-03 -3.19181151e-03 1.46040906e-03 3.48549969e-03 8.55976518e-01 2.72297125e+00 1.51352891e-02 2.64874581e-01
1.25950940e-03 -7.36983123e-04 -9.73170434e-04 2.42966452e-03 2.02405939e-03 2.76672790e-03 -2.68761825e-03 1.77688638e-03 2.78495270e-03 8.73401997e-01 2.72375755e+00 -1.25683383e-02 2.38810920e-01
1.90420409e-03 -2.49906555e-03 -1.20344638e-03 2.70848137e-03 4.06892358e-04 3.31196604e-03 -2.77507449e-03 -6.00259250e-04 2.77299464e-03 8.05561845e-01 2.32063179e+00 1.37601510e-02 2.79293601e-01
4.37823277e-04 -1.34508531e-03 -1.57690560e-03 2.61740081e-03 9.17036673e-04 3.45712925e-03 -2.96732507e-03 2.04485894e-03 3.32471279e-03 8.53225326e-01 2.63466186e+00 1.36904256e-03 2.57918226e-01
1.33720900e-03 -2.26230569e-03 -1.48032356e-03 2.71916047e-03 1.41835144e-03 3.26113225e-03 -2.57323253e-03 3.17870459e-04 2.68206931e-03 8.30755242e-01 2.42495592e+00 -1.30876882e-03 2.67585626e-01
1.62580894e-03 -2.75913500e-03 -1.66797306e-03 3.19941464e-03 1.40448884e-03 3.64663773e-03 -3.23956052e-03 6.30356249e-04 3.39524631e-03 8.76954062e-01 2.57836912e+00 1.63294246e-02 2.64298490e-01
5.15103296e-04 -1.45568555e-03 -1.34093983e-03 2.23940915e-03 9.18649265e-04 2.94705571e-03 -2.41279165e-03 1.45012532e-03 2.66382830e-03 8.09704077e-01 2.49603159e+00 -1.49641704e-02 2.60465621e-01
5.73523868e-04 -1.64202292e-03 -1.41678580e-03 2.33861341e-03 6.33315173e-04 3.53631076e-03 -2.68616153e-03 1.63029189e-03 3.04404127e-03 8.12300087e-01 2.54086270e+00 -4.46020374e-03 2.68854801e-01
1.35066601e-03 -2.37016289e-03 -1.64365810e-03 2.89177431e-03 1.60103340e-03 3.03921657e-03 -2.86177109e-03 6.02365271e-04 2.94409195e-03 8.71597465e-01 2.50897690e+00 4.61230505e-03 2.56014017e-01
1.35305518e-03 -2.50199741e-03 -1.61054016e-03 2.98360138e-03 1.46711969e-03 3.97018404e-03 -2.96436247e-03 9.01629439e-04 3.18216143e-03 8.52417475e-01 2.70110422e+00 2.18295504e-02 2.69835234e-01
6.02710177e-04 -1.74633205e-03 -1.45290249e-03 2.34760237e-03 6.98600527e-04 2.60875449e-03 -2.63124294e-03 1.29754109e-03 2.82124323e-03 8.33067332e-01 2.38142369e+00 -1.93575316e-02 2.52805921e-01
1.08668172e-03 -2.07339976e-03 -1.56445704e-03 2.44424381e-03 1.36249251e-03 2.25821040e-03 -2.60233817e-03 6.81952702e-04 2.63795716e-03 8.38390503e-01 2.38054092e+00 -3.03899840e-02 2.45006743e-01
1.02188686e-03 -2.37592701e-03 -1.49941751e-03 2.58422706e-03 3.64549495e-04 4.38467467e-03 -3.08806597e-03 1.45084796e-03 3.48062928e-03 8.46762418e-01 2.70257697e+00 3.69734016e-02 2.76962962e-01
1.04354649e-03 -2.14423759e-03 -1.55132306e-03 2.67645100e-03 1.14315921e-03 2.88674305e-03 -2.89729279e-03 1.12772674e-03 3.05516597e-03 8.38293157e-01 2.50768459e+00 -1.79933896e-02 2.53639823e-01
1.00535725e-03 -2.17035785e-03 -1.43512944e-03 2.57339751e-03 9.87003554e-04 3.57363568e-03 -2.68124374e-03 1.04811722e-03 2.93064898e-03 8.46332433e-01 2.56016946e+00 2.01432436e-02 2.70108099e-01
6.57083586e-04 -1.45754922e-03 -1.52315813e-03 2.51996677e-03 1.22003213e-03 2.86370765e-03 -2.81144998e-03 1.69672342e-03 3.02566627e-03 8.52564073e-01 2.50470414e+00 -2.42077094e-02 2.47579875e-01
1.62769537e-03 -2.51250710e-03 -1.31423069e-03 2.75274834e-03 9.75478260e-04 3.63185409e-03 -2.74332066e-03 1.61325251e-04 2.86737955e-03 8.28853730e-01 2.55240939e+00 2.83493345e-02 2.75353945e-01
1.34542395e-03 -2.21629110e-03 -1.47415266e-03 2.65964679e-03 1.27436635e-03 3.06920970e-03 -2.52730269e-03 1.09541272e-04 2.60692199e-03 8.02614460e-01 2.36085265e+00 -1.25281223e-02 2.69074823e-01
6.05542309e-04 -9.09808484e-04 -1.32008195e-03 2.74501726e-03 1.29835130e-03 3.73442420e-03 -2.98948297e-03 2.30189327e-03 3.33494151e-03 8.83344328e-01 2.71653783e+00 1.34589186e-02 2.53270379e-01
1.02235566e-03 -2.04050827e-03 -1.48817407e-03 2.48777568e-03 1.20506377e-03 2.60695576e-03 -2.62985811e-03 8.64730627e-04 2.73546842e-03 8.57343912e-01 2.33631401e+00 -1.82688418e-02 2.51233970e-01
1.04989699e-03 -2.30561524e-03 -1.46981853e-03 2.65950814e-03 7.56399941e-04 3.86316329e-03 -2.92163239e-03 1.22976691e-03 3.21616577e-03 8.23758074e-01 2.71627363e+00 2.06042608e-02 2.71670501e-01
6.79002500e-04 -1.82846500e-03 -1.65597472e-03 2.64014881e-03 1.04032378e-03 2.79632443e-03 -2.94300443e-03 1.53500028e-03 3.11992926e-03 8.63060592e-01 2.61364406e+00 2.20743967e-04 2.49168023e-01
1.32356139e-03 -2.31299790e-03 -1.31285667e-03 2.55029393e-03 9.92546466e-04 3.51868132e-03 -2.61973659e-03 6.11763430e-04 2.80756715e-03 8.20379010e-01 2.44627065e+00 -1.62395308e-04 2.72391680e-01
8.42176751e-04 -2.24406222e-03 -1.53928458e-03 2.65376968e-03 3.57997718e-04 3.73147012e-03 -3.10164756e-03 1.48274230e-03 3.43441048e-03 8.56138647e-01 2.64494746e+00 3.12210793e-02 2.68976946e-01
1.15650933e-03 -2.02867558e-03 -1.46465415e-03 2.55468228e-03 1.60190992e-03 2.86831332e-03 -2.54550112e-03 8.01643257e-04 2.64839244e-03 8.30588124e-01 2.43161376e+00 -2.64357059e-02 2.55100982e-01
1.34146997e-03 -2.29241742e-03 -1.60229877e-03 2.72788943e-03 1.51894105e-03 2.66777809e-03 -2.77490353e-03 5.16138003e-04 2.83039658e-03 8.47640147e-01 2.41876449e+00 -1.50315319e-02 2.53286618e-01
5.13631900e-04 -1.71966216e-03 -1.49840745e-03 2.45987513e-03 5.83035057e-04 3.97886439e-03 -2.80275249e-03 1.78076876e-03 3.20427493e-03 8.35612163e-01 2.63392919e+00 1.65604253e-02 2.71238463e-01
7.06840475e-04 -1.77101966e-03 -1.29043836e-03 2.16271605e-03 7.28403289e-04 3.63971104e-03 -2.37353585e-03 1.26809254e-03 2.69885218e-03 7.95386863e-01 2.49280081e+00 -3.06007382e-03 2.75680543e-01
1.47464888e-03 -2.58628414e-03 -1.72773434e-03 2.97202752e-03 1.36924514e-03 2.63694403e-03 -3.22818908e-03 7.21364988e-04 3.26859480e-03 8.86921193e-01 2.54695764e+00 3.16574075e-03 2.46831611e-01
1.17088104e-03 -2.25317452e-03 -1.45430591e-03 2.56804371e-03 9.97106113e-04 2.77133570e-03 -2.70882879e-03 6.58596427e-04 2.83963904e-03 8.17633481e-01 2.47686834e+00 -6.74986091e-03 2.61465698e-01
7.03827330e-04 -1.89550898e-03 -1.61871370e-03 2.72824407e-03 1.16460847e-03 3.72071069e-03 -2.87524796e-03 1.63035597e-03 3.18348271e-03 8.66910915e-01 2.58918010e+00 7.04662487e-03 2.62833633e-01
9.86288484e-04 -1.89295862e-03 -1.07277144e-03 2.03166719e-03 6.57424241e-04 3.52990744e-03 -2.19762628e-03 8.44518870e-04 2.45996229e-03 7.99846341e-01 2.30702647e+00 -6.03178838e-03 2.79474924e-01
1.21717351e-03 -2.50945458e-03 -1.97274974e-03 3.08956007e-03 1.42558746e-03 2.61770123e-03 -3.47886993e-03 1.22030883e-03 3.53838216e-03 8.83862424e-01 2.76857623e+00 6.26824731e-03 2.43039207e-01
1.57993496e-03 -2.82178374e-03 -1.86902357e-03 3.23739019e-03 1.55282747e-03 3.30196041e-03 -3.38386728e-03 7.18744380e-04 3.47854241e-03 8.76002721e-01 2.63025998e+00 8.90695198e-04 2.54047804e-01
5.47088006e-04 -1.52887537e-03 -1.22724011e-03 2.03618575e-03 6.28659518e-04 3.04112723e-03 -2.26554377e-03 1.27984704e-03 2.54258363e-03 8.06631612e-01 2.40710629e+00 -8.23569076e-04 2.69115796e-01
2.00714627e-03 -2.65062592e-03 -1.30528492e-03 2.91560094e-03 5.57526080e-04 3.90796798e-03 -2.91220774e-03 -5.85894883e-04 2.93202475e-03 8.32342923e-01 2.41350657e+00 3.15581380e-02 2.81947108e-01
1.06016420e-03 -7.30064570e-04 -1.03216131e-03 2.25386347e-03 1.72762029e-03 2.43120303e-03 -2.57427478e-03 1.67116585e-03 2.67747236e-03 8.49653648e-01 2.62641761e+00 -2.65465011e-02 2.37708245e-01
1.10980563e-03 -2.13338422e-03 -1.36008590e-03 2.47623323e-03 1.06311627e-03 3.27034633e-03 -2.54571611e-03 7.95982972e-04 2.73623304e-03 8.11050893e-01 2.56876896e+00 9.59990126e-03 2.70183025e-01
8.44286942e-04 -2.15497159e-03 -1.67806375e-03 2.75699578e-03 9.67132829e-04 3.06836426e-03 -3.02184700e-03 1.34080230e-03 3.21870670e-03 8.69671650e-01 2.48002162e+00 -8.96433788e-03 2.52286673e-01
1.26506243e-03 -2.35766420e-03 -1.68522709e-03 2.90414442e-03 1.70040041e-03 3.36583264e-03 -2.90826725e-03 9.32862914e-04 3.05790778e-03 8.81340567e-01 2.51242953e+00 -1.54591778e-03 2.56938682e-01
7.11375070e-04 -1.92358819e-03 -1.35284662e-03 2.30432755e-03 4.01633085e-04 3.08792457e-03 -2.64267929e-03 1.23463164e-03 2.91246404e-03 7.99919431e-01 2.52314303e+00 1.65519091e-03 2.67788303e-01
1.03620601e-03 -2.21013015e-03 -1.62490212e-03 2.76049118e-03 1.28884055e-03 3.12150302e-03 -2.87418728e-03 1.07191574e-03 3.03762257e-03 8.58571310e-01 2.60288939e+00 7.69776722e-03 2.57919408e-01
9.16893971e-04 -2.01906551e-03 -1.38707228e-03 2.48971689e-03 8.46065593e-04 3.29167926e-03 -2.68922008e-03 1.16956402e-03 2.93154596e-03 8.26063844e-01 2.46110200e+00 -7.34227639e-03 2.65468721e-01
1.11228343e-03 -2.18905566e-03 -1.43494030e-03 2.59633361e-03 9.69957529e-04 2.80524531e-03 -2.76200843e-03 8.33555100e-04 2.88838992e-03 8.56935479e-01 2.46500692e+00 8.28546841e-03 2.57648230e-01
9.01245040e-04 -1.97323596e-03 -1.49022497e-03 2.62508698e-03 1.19495659e-03 3.62519668e-03 -2.75827419e-03 1.38315335e-03 3.02836870e-03 8.27736840e-01 2.58739938e+00 -7.87855075e-03 2.65216280e-01
1.29541670e-03 -2.30741094e-03 -1.43556761e-03 2.69383641e-03 1.19420171e-03 3.21607546e-03 -2.73625476e-03 6.70840809e-04 2.89934460e-03 8.22708266e-01 2.40621660e+00 -1.86315106e-02 2.64713915e-01
6.35104279e-04 -1.81223272e-03 -1.59236495e-03 2.69533006e-03 1.05820077e-03 3.37417559e-03 -2.86729890e-03 1.62233626e-03 3.13479547e-03 8.63974256e-01 2.68314027e+00 2.08572259e-02 2.60051127e-01
1.44703348e-03 -2.27838919e-03 -1.25100568e-03 2.55101730e-03 1.04264737e-03 3.52604055e-03 -2.49400042e-03 2.48128843e-04 2.63089916e-03 8.46526529e-01 2.27377237e+00 4.85376373e-03 2.75083536e-01
6.20194907e-04 -1.41773300e-03 -1.58781175e-03 2.71155836e-03 1.18364458e-03 2.88369339e-03 -3.04016368e-03 1.88744488e-03 3.22851251e-03 8.37658806e-01 2.80151745e+00 -4.67537812e-03 2.47854053e-01
1.50021825e-03 -2.24213830e-03 -1.21487873e-03 2.50646751e-03 9.75679595e-04 3.64331722e-03 -2.40221905e-03 1.87955170e-05 2.51800722e-03 8.19570111e-01 2.29407062e+00 6.21657864e-03 2.80339871e-01
6.91851696e-04 -1.06780624e-03 -1.46459946e-03 2.74633265e-03 1.34324402e-03 2.81159891e-03 -3.10860810e-03 2.07384368e-03 3.27236236e-03 8.62795881e-01 2.78062791e+00 -5.91004222e-03 2.40458543e-01
1.19405506e-03 -6.84908063e-04 -9.23296389e-04 2.34268289e-03 1.98855803e-03 2.72782428e-03 -2.54917847e-03 1.72163924e-03 2.65985198e-03 8.60283200e-01 2.68048446e+00 -1.96164593e-02 2.39823333e-01
1.99307263e-03 -2.71869430e-03 -1.35764495e-03 2.94017267e-03 4.04431520e-04 3.42397865e-03 -3.02084255e-03 -6.45471840e-04 3.02944648e-03 8.19892382e-01 2.38952787e+00 2.23406800e-02 2.79034384e-01
1.34764358e-03 -2.48098903e-03 -1.49431663e-03 2.83063198e-03 1.05014677e-03 3.43966891e-03 -2.95341034e-03 7.70132765e-04 3.14411392e-03 8.27805636e-01 2.56163321e+00 7.86466802e-04 2.67114332e-01
6.97178025e-04 -1.68138174e-03 -1.43976460e-03 2.50098010e-03 1.16789860e-03 3.06182048e-03 -2.61374449e-03 1.42320775e-03 2.82955956e-03 8.55871690e-01 2.50673779e+00 -7.25527285e-04 2.56902013e-01
1.56508492e-03 -2.36794019e-03 -1.21750519e-03 2.52155109e-03 6.62202431e-04 3.27320097e-03 -2.55022392e-03 -1.20596843e-04 2.63112327e-03 8.11787854e-01 2.28209742e+00 9.01204318e-05 2.76559631e-01
9.64439210e-04 -1.17366196e-03 -1.36929627e-03 2.65696035e-03 1.72324440e-03 3.01335550e-03 -2.93739371e-03 1.88478324e-03 3.11318459e-03 8.71042027e-01 2.76630710e+00 -2.43791575e-05 2.46713017e-01
7.41396659e-04 -1.89520306e-03 -1.40375413e-03 2.39848907e-03 6.05222382e-04 3.67329846e-03 -2.72494380e-03 1.45639547e-03 3.06377573e-03 7.98924247e-01 2.61360359e+00 1.00691891e-03 2.71985091e-01
1.25177956e-03 -2.31214167e-03 -1.61098052e-03 2.71209991e-03 1.42658056e-03 2.76435328e-03 -2.80222116e-03 6.77117209e-04 2.88290401e-03 8.82420792e-01 2.41846329e+00 -9.12420255e-04 2.51747656e-01
9.32453670e-04 -1.30602619e-03 -1.55259431e-03 3.00260830e-03 1.58595801e-03 3.05779762e-03 -3.38771094e-03 2.14691192e-03 3.53624690e-03 8.78369086e-01 2.91203826e+00 4.46022516e-03 2.41211205e-01
1.38456532e-03 -2.05630008e-03 -1.06295382e-03 2.23696473e-03 8.10000854e-04 3.26854278e-03 -2.18859629e-03 3.22026516e-05 2.29671663e-03 8.05106978e-01 2.18175708e+00 -4.31516755e-03 2.80020383e-01
1.01669818e-03 -1.89500731e-03 -1.19943784e-03 2.21326511e-03 1.06044708e-03 2.93445395e-03 -2.18900767e-03 6.00562388e-04 2.34905693e-03 8.16861850e-01 2.21689543e+00 -2.08829962e-02 2.68023575e-01
7.52239074e-04 -2.26357896e-03 -1.99787720e-03 3.19860502e-03 1.02627420e-03 3.61552514e-03 -3.57538416e-03 1.88474430e-03 3.86591396e-03 8.70937352e-01 2.90103622e+00 2.36848905e-02 2.57128729e-01
1.19254875e-03 -1.92420842e-03 -1.00813771e-03 2.11729436e-03 8.50817756e-04 3.15193379e-03 -2.14030631e-03 4.66456175e-04 2.30296684e-03 7.88350695e-01 2.36338636e+00 4.63620340e-03 2.76788029e-01
9.78636898e-04 -2.23409024e-03 -1.88395178e-03 3.09870078e-03 1.25528361e-03 3.09125072e-03 -3.48705781e-03 1.65906411e-03 3.64907255e-03 8.90326778e-01 2.67335313e+00 -4.36726386e-03 2.44190921e-01
9.50551595e-04 -1.70564230e-03 -1.64111693e-03 2.77778150e-03 1.87577120e-03 3.21848784e-03 -2.91757451e-03 1.63958562e-03 3.09114002e-03 8.92515873e-01 2.68047596e+00 1.14137677e-03 2.49596566e-01
1.60893749e-03 -2.41259153e-03 -1.02047195e-03 2.39587056e-03 3.36528726e-04 2.93991152e-03 -2.64989180e-03 1.42133571e-04 2.76057686e-03 7.88256507e-01 2.36832953e+00 -1.05282039e-03 2.73389883e-01
1.34550088e-03 -2.50921030e-03 -1.60276630e-03 3.04114552e-03 1.26367305e-03 3.57321794e-03 -3.16858102e-03 1.04823204e-03 3.37200371e-03 8.26271796e-01 2.83401095e+00 1.79368488e-02 2.65796558e-01
7.52138230e-04 -1.83114077e-03 -1.37922956e-03 2.34229148e-03 9.97365136e-04 3.00844976e-03 -2.43052808e-03 1.09678909e-03 2.64688226e-03 8.55529948e-01 2.26316167e+00 -1.61301732e-02 2.60506335e-01
1.66315072e-03 -2.59755663e-03 -1.38530329e-03 2.85936046e-03 1.17494839e-03 4.06534212e-03 -2.81868971e-03 3.24053591e-04 2.98725777e-03 8.70666438e-01 2.42669098e+00 2.20764556e-02 2.76124075e-01
5.38470469e-04 -1.38196262e-03 -1.48783708e-03 2.40722120e-03 9.78579385e-04 2.45895254e-03 -2.74583276e-03 1.62821777e-03 2.90571545e-03 8.16822257e-01 2.64587758e+00 -1.96227502e-02 2.46210171e-01
9.93344304e-04 -2.05694812e-03 -1.25401575e-03 2.32318939e-03 6.16432994e-04 2.99774030e-03 -2.55984200e-03 9.03992770e-04 2.76413142e-03 8.13016631e-01 2.43814796e+00 1.20925933e-03 2.67328271e-01
1.06372457e-03 -2.24611794e-03 -1.72073959e-03 2.87922646e-03 1.50577218e-03 3.35081978e-03 -2.99965607e-03 1.25485937e-03 3.18740644e-03 8.69656334e-01 2.61096281e+00 -1.12823935e-03 2.55960102e-01
1.66067553e-03 -2.49196418e-03 -1.30853152e-03 2.70230886e-03 8.13949659e-04 3.61960464e-03 -2.68120126e-03 -1.14209891e-04 2.77483199e-03 8.21351774e-01 2.42629574e+00 1.92999160e-02 2.78293233e-01
7.63086553e-04 -1.11594387e-03 -1.38073391e-03 2.50511807e-03 1.43727333e-03 2.77647142e-03 -2.82191969e-03 1.83520295e-03 3.00832488e-03 8.59459096e-01 2.61673385e+00 -1.72142543e-02 2.43560653e-01
1.20965560e-03 -1.94297977e-03 -1.08401385e-03 2.18887482e-03 8.79627008e-04 2.76166752e-03 -2.17437495e-03 2.51227156e-04 2.27415719e-03 7.90393816e-01 2.29717049e+00 -4.11643366e-03 2.71388620e-01
7.15042627e-04 -1.87361010e-03 -1.92104001e-03 3.11387880e-03 1.33875778e-03 3.68614147e-03 -3.47153474e-03 2.10856462e-03 3.77225500e-03 8.91802220e-01 2.75338125e+00 4.25912972e-03 2.51376841e-01
3.85989128e-04 -1.11245930e-03 -1.23480820e-03 2.07690249e-03 8.41966497e-04 3.17378262e-03 -2.29333088e-03 1.64300717e-03 2.62273204e-03 8.18870646e-01 2.38968040e+00 -1.70382664e-02 2.63827334e-01
1.74704924e-03 -2.99235272e-03 -1.97667811e-03 3.41755225e-03 1.59474118e-03 3.38381972e-03 -3.45316849e-03 3.00375414e-04 3.53059142e-03 8.67822967e-01 2.70132533e+00 1.88676405e-02 2.60852576e-01
1.32400776e-03 -2.39609421e-03 -1.46433339e-03 2.67209473e-03 9.80179395e-04 2.74072719e-03 -2.84571432e-03 5.64184645e-04 2.94911640e-03 8.22724276e-01 2.43763164e+00 -1.63203430e-02 2.57885249e-01
6.49132080e-04 -1.82761488e-03 -1.61675670e-03 2.61935954e-03 1.17453412e-03 3.70284529e-03 -2.77081953e-03 1.61307013e-03 3.09233287e-03 8.63515164e-01 2.63750176e+00 1.80069978e-02 2.65977713e-01
1.28193892e-03 -2.39714296e-03 -1.66872503e-03 2.91640748e-03 1.56025578e-03 3.42053056e-03 -2.98571553e-03 9.86278438e-04 3.14796226e-03 8.72539555e-01 2.63979622e+00 1.46273960e-02 2.60514749e-01
6.75935172e-04 -1.87504469e-03 -1.39322714e-03 2.32834375e-03 5.72237871e-04 2.98983491e-03 -2.60156323e-03 1.22858645e-03 2.84101899e-03 8.13582698e-01 2.42295733e+00 -1.35110528e-02 2.62608595e-01
2.12763373e-03 -3.07236382e-03 -1.51198851e-03 3.21958178e-03 6.28262142e-04 3.89284216e-03 -3.34749301e-03 -3.52958043e-04 3.40290992e-03 8.43515190e-01 2.61094928e+00 3.65669424e-02 2.76092390e-01
6.86975178e-04 -9.43004368e-04 -1.18601511e-03 2.13665751e-03 1.38740728e-03 2.47147049e-03 -2.36501505e-03 1.55469473e-03 2.51972871e-03 8.40893689e-01 2.45709624e+00 -3.00934304e-02 2.43969837e-01
6.54261719e-04 -1.59632717e-03 -1.58744331e-03 2.57199594e-03 1.15352213e-03 2.74916604e-03 -2.87695802e-03 1.63789761e-03 3.04936694e-03 8.49794689e-01 2.68089181e+00 -2.84012072e-03 2.48607035e-01
1.51805330e-03 -2.43864723e-03 -1.28247482e-03 2.62144861e-03 9.41827078e-04 3.55114016e-03 -2.68145045e-03 3.61867160e-04 2.83362141e-03 8.33975827e-01 2.38383606e+00 2.94709543e-03 2.73234967e-01
1.23941237e-03 -2.10137802e-03 -1.37506842e-03 2.50389441e-03 1.12746562e-03 3.13538554e-03 -2.33864653e-03 7.24841417e-05 2.43439748e-03 8.06696113e-01 2.32813249e+00 7.90829541e-04 2.73744039e-01
7.33251581e-04 -1.07032178e-03 -1.45058534e-03 2.82466739e-03 1.39478509e-03 3.57549332e-03 -3.17119783e-03 2.27502892e-03 3.49946394e-03 8.75515398e-01 2.73006774e+00 -7.10095858e-04 2.50060980e-01
1.53914514e-03 -2.47964064e-03 -1.80795621e-03 3.27537995e-03 1.53024820e-03 3.87283274e-03 -2.92093842e-03 -1.42406468e-04 2.98662045e-03 8.35971011e-01 2.52091160e+00 2.06723852e-02 2.73799353e-01
1.01630569e-03 -2.16087756e-04 -6.42349041e-04 2.24239481e-03 1.65455464e-03 3.19870902e-03 -2.41648433e-03 1.98641077e-03 2.70293647e-03 8.47176276e-01 2.55145140e+00 -1.83737033e-02 2.47022471e-01
1.37773867e-03 -2.51161574e-03 -1.53205684e-03 2.87514921e-03 1.17475474e-03 3.61100776e-03 -2.95083822e-03 7.47601324e-04 3.13244984e-03 8.43834447e-01 2.47684301e+00 -8.17496820e-03 2.65522635e-01
7.24806574e-04 -1.68358210e-03 -1.38655256e-03 2.39304107e-03 9.95653278e-04 2.83484245e-03 -2.59428478e-03 1.33830653e-03 2.78432043e-03 8.40078883e-01 2.57468607e+00 8.64232598e-03 2.57832236e-01
8.97146565e-04 -1.90338703e-03 -1.38140519e-03 2.40256920e-03 1.24307930e-03 3.13950398e-03 -2.42078846e-03 1.01289439e-03 2.62719053e-03 8.31537719e-01 2.42396192e+00 -9.69069980e-03 2.64426983e-01
1.03500732e-03 -2.42010241e-03 -1.68356609e-03 2.92080335e-03 8.71330470e-04 3.35312457e-03 -3.20923061e-03 1.27705575e-03 3.44768983e-03 8.53192188e-01 2.65286954e+00 1.03003195e-02 2.60752037e-01
1.19119012e-03 -2.06654933e-03 -1.38396299e-03 2.47547836e-03 1.26146887e-03 2.55233688e-03 -2.55521873e-03 6.31853250e-04 2.63563960e-03 8.29028597e-01 2.32365608e+00 -2.71093957e-02 2.53791350e-01
8.29092322e-04 -2.13434877e-03 -1.60483596e-03 2.79873707e-03 8.66066446e-04 4.19692789e-03 -3.06845050e-03 1.66792579e-03 3.43418653e-03 8.58135956e-01 2.76787419e+00 3.21487978e-02 2.70174240e-01
2.07058015e-03 -3.05534025e-03 -1.49594158e-03 3.14839975e-03 5.93287147e-04 3.80328039e-03 -3.30134766e-03 -3.00438774e-04 3.36461196e-03 8.47475464e-01 2.50925051e+00 2.28073123e-02 2.74958512e-01
6.98049931e-04 -9.94033819e-04 -1.21328186e-03 2.12601581e-03 1.39391061e-03 2.41876372e-03 -2.36266005e-03 1.50856825e-03 2.50409124e-03 8.37401249e-01 2.53060452e+00 -2.01035654e-02 2.46345938e-01
2.02049004e-03 -2.89720518e-03 -1.28074289e-03 2.92635433e-03 4.43582562e-04 3.43782240e-03 -3.15400232e-03 -1.81516901e-04 3.22442219e-03 8.34954134e-01 2.48264550e+00 2.23713981e-02 2.74054471e-01
7.97325632e-04 -1.15797286e-03 -1.29015961e-03 2.35101099e-03 1.64647706e-03 2.74141573e-03 -2.49396863e-03 1.57752053e-03 2.64160321e-03 8.47964170e-01 2.57887820e+00 -1.97086562e-02 2.47425034e-01
7.66500221e-04 -1.57875219e-03 -1.59976344e-03 2.82443767e-03 1.40282888e-03 3.42298280e-03 -3.07354395e-03 1.91117075e-03 3.32878893e-03 8.79477780e-01 2.68508959e+00 5.10067084e-03 2.52885007e-01
1.29537340e-03 -2.22687732e-03 -1.27414351e-03 2.43529700e-03 8.60348475e-04 3.00627383e-03 -2.47269492e-03 2.79516251e-04 2.59023327e-03 8.04105939e-01 2.36585242e+00 -4.92651636e-03 2.70226781e-01
1.90157317e-03 -2.75811455e-03 -1.35626917e-03 2.91287404e-03 7.12381003e-04 3.51928253e-03 -3.01213406e-03 -1.72342159e-04 3.08288378e-03 8.18458682e-01 2.54952001e+00 2.35174901e-02 2.75159380e-01
7.40304794e-04 -1.07978663e-03 -1.26249435e-03 2.37367147e-03 1.47104836e-03 2.81704673e-03 -2.57171543e-03 1.69625580e-03 2.74950714e-03 8.61262060e-01 2.50709499e+00 -2.05210003e-02 2.45337353e-01
1.60048123e-03 -2.71057839e-03 -1.61758791e-03 3.02863365e-03 1.09626389e-03 3.14847116e-03 -3.13137291e-03 3.15781339e-04 3.21568885e-03 8.48945314e-01 2.51711182e+00 4.52534488e-03 2.61803571e-01
5.39490200e-04 -1.36021047e-03 -1.38750248e-03 2.30928273e-03 1.12563581e-03 3.22426403e-03 -2.49025703e-03 1.62967377e-03 2.78049999e-03 8.35272110e-01 2.54066466e+00 -4.36576124e-03 2.61544917e-01
1.19531033e-03 -2.22438255e-03 -1.61677308e-03 2.65761788e-03 1.51827363e-03 2.79536957e-03 -2.74123025e-03 7.66892552e-04 2.83285304e-03 8.32587578e-01 2.45163724e+00 -2.91758991e-02 2.52475148e-01
7.67813064e-04 -2.09377722e-03 -1.46819978e-03 2.51230031e-03 4.04687574e-04 3.74452452e-03 -2.89921743e-03 1.44670293e-03 3.23021030e-03 8.54026391e-01 2.61697160e+00 3.51337091e-02 2.70898221e-01
1.73465131e-03 -2.64041247e-03 -1.30920779e-03 2.77239758e-03 7.60899941e-04 3.40901209e-03 -2.88940668e-03 8.52262070e-05 3.00199084e-03 8.37635728e-01 2.48342670e+00 2.62476189e-02 2.74140378e-01
6.54899678e-04 -1.38210082e-03 -1.49730391e-03 2.50721258e-03 1.36624959e-03 2.89733497e-03 -2.73766048e-03 1.70095844e-03 2.93652278e-03 8.45624951e-01 2.59037748e+00 -2.26908552e-02 2.47472893e-01
6.50062097e-04 -1.66409060e-03 -1.40715560e-03 2.41938245e-03 9.65495145e-04 3.24870653e-03 -2.59595837e-03 1.46944805e-03 2.85813271e-03 8.19514448e-01 2.45382264e+00 -2.28512647e-02 2.60875435e-01
1.38206436e-03 -2.48112607e-03 -1.57290582e-03 2.90519306e-03 1.26181608e-03 3.24226705e-03 -2.99176376e-03 7.14055521e-04 3.11994290e-03 8.68445335e-01 2.62092776e+00 2.62701949e-02 2.62222831e-01
1.11637389e-03 -2.01514016e-03 -1.17012698e-03 2.31191681e-03 9.97359743e-04 3.62818906e-03 -2.34948672e-03 8.27750635e-04 2.58834139e-03 8.39384230e-01 2.33931646e+00 5.50892450e-03 2.75734441e-01
1.00714291e-03 -2.22461198e-03 -1.75522352e-03 2.88073326e-03 1.15205485e-03 2.70592776e-03 -3.23308034e-03 1.34596973e-03 3.35614957e-03 8.44528619e-01 2.73791383e+00 -5.28352451e-03 2.47773457e-01
1.00635506e-03 -2.25161209e-03 -1.64294544e-03 2.86797359e-03 1.10660179e-03 3.44240077e-03 -3.06930293e-03 1.32513923e-03 3.31152667e-03 8.71921103e-01 2.49335735e+00 -2.86407635e-03 2.58994351e-01
1.01729169e-03 -2.03819415e-03 -1.35421969e-03 2.43729535e-03 1.09662756e-03 3.03988604e-03 -2.49605664e-03 8.53265170e-04 2.67313082e-03 8.10098942e-01 2.56189465e+00 3.00347406e-03 2.66011764e-01
9.55118740e-04 -2.15035917e-03 -1.57732290e-03 2.82096985e-03 1.01870543e-03 3.39212786e-03 -3.04130075e-03 1.39348711e-03 3.28558908e-03 8.79388433e-01 2.51589602e+00 8.63144156e-03 2.59200421e-01
1.06517849e-03 -2.01994392e-03 -1.34164143e-03 2.48204523e-03 1.23000065e-03 3.12999468e-03 -2.49460795e-03 8.64611543e-04 2.66796483e-03 8.05238523e-01 2.53879307e+00 -8.22144303e-03 2.65428448e-01
6.89337361e-04 -9.84904287e-04 -1.30966378e-03 2.41035705e-03 1.34845668e-03 2.69191455e-03 -2.71747625e-03 1.82356301e-03 2.89620991e-03 8.46817537e-01 2.61192898e+00 -2.07973971e-02 2.42952787e-01
1.78207508e-03 -2.57971491e-03 -1.35361430e-03 2.85612364e-03 9.25399792e-04 3.75502631e-03 -2.81222564e-03 -1.41920682e-04 2.89428266e-03 8.36271462e-01 2.44764645e+00 2.37672074e-02 2.77407942e-01
1.37404715e-03 -2.55134736e-03 -1.73458005e-03 2.94413430e-03 1.36915786e-03 3.00884499e-03 -3.03985642e-03 5.87573879e-04 3.12621054e-03 8.53350821e-01 2.50531852e+00 -9.93975526e-03 2.55043404e-01
5.61870898e-04 -1.58923847e-03 -1.36954411e-03 2.29283316e-03 7.50711570e-04 3.42058469e-03 -2.54359799e-03 1.53663091e-03 2.86146274e-03 8.29534510e-01 2.53735160e+00 1.06410375e-02 2.68361020e-01
1.46416746e-03 -2.30406732e-03 -1.29965732e-03 2.52933556e-03 7.85258931e-04 2.97697949e-03 -2.54792149e-03 -5.29413705e-05 2.62054271e-03 8.01323354e-01 2.39816694e+00 1.18876245e-02 2.73610124e-01
7.49820435e-04 -1.19629646e-03 -1.45138580e-03 2.75493302e-03 1.54815464e-03 3.41145162e-03 -2.98389515e-03 2.05673164e-03 3.23717901e-03 8.77322722e-01 2.64854072e+00 -1.09440098e-02 2.47380665e-01
1.86310902e-03 -2.82182651e-03 -1.49193537e-03 3.00799904e-03 5.17889178e-04 3.19657872e-03 -3.12394816e-03 -4.06040269e-04 3.16323733e-03 8.38721324e-01 2.42747799e+00 2.44457877e-02 2.73543278e-01
8.85285632e-04 -9.38063747e-04 -1.19850347e-03 2.37169987e-03 1.78792513e-03 2.99878037e-03 -2.54361364e-03 1.75782549e-03 2.75494759e-03 8.44783323e-01 2.65031517e+00 -2.13300506e-02 2.48699116e-01
7.33242776e-04 -1.55695049e-03 -1.38325256e-03 2.35297241e-03 1.01117907e-03 2.33715855e-03 -2.64825192e-03 1.35459816e-03 2.76019588e-03 8.38622105e-01 2.45788823e+00 -2.31893122e-02 2.43814275e-01
1.61122270e-03 -2.65920304e-03 -1.40526862e-03 2.86792940e-03 1.10621029e-03 4.28965674e-03 -2.91324123e-03 5.87596931e-04 3.13782829e-03 8.46147422e-01 2.61831162e+00 2.68570273e-02 2.77301917e-01
9.21613348e-04 -2.08557154e-03 -1.45186697e-03 2.62939362e-03 8.13424086e-04 3.63688139e-03 -2.88167638e-03 1.37643862e-03 3.18181262e-03 8.38237337e-01 2.60010706e+00 1.29588323e-02 2.68634595e-01
1.06602856e-03 -2.09836093e-03 -1.50897978e-03 2.63425029e-03 1.35771644e-03 2.93290242e-03 -2.67442407e-03 9.02726804e-04 2.80679768e-03 8.45427378e-01 2.46564218e+00 -1.19883888e-02 2.55947435e-01
2.30400658e-03 -2.94065950e-03 -1.31568227e-03 3.10280502e-03 6.26205599e-04 4.31248013e-03 -3.16750359e-03 -5.57645574e-04 3.20288486e-03 8.41544861e-01 2.52454805e+00 3.70920237e-02 2.82241442e-01
9.75317432e-04 -7.27780554e-04 -9.40016841e-04 2.12982950e-03 1.53074094e-03 2.19280367e-03 -2.41675540e-03 1.53850294e-03 2.46658964e-03 8.42415832e-01 2.54500126e+00 -3.04370995e-02 2.34613278e-01
1.06219001e-03 -2.17621484e-03 -1.43390441e-03 2.66838552e-03 9.70568080e-04 3.54564489e-03 -2.84580982e-03 1.18465654e-03 3.10530201e-03 8.38202248e-01 2.50777668e+00 -1.40702480e-03 2.66862303e-01
9.05796917e-04 -2.07734837e-03 -1.57663854e-03 2.60687126e-03 1.19068527e-03 2.93179381e-03 -2.72372961e-03 1.06458332e-03 2.88985058e-03 8.45851334e-01 2.56134148e+00 1.46966432e-03 2.57574558e-01
1.20174188e-03 -2.47466937e-03 -1.77686127e-03 3.07787323e-03 1.32595982e-03 3.40981826e-03 -3.30671248e-03 1.28530503e-03 3.50421770e-03 8.64348252e-01 2.65169762e+00 -3.10396269e-03 2.55594380e-01
9.11180735e-04 -1.82878073e-03 -1.17873116e-03 2.22142030e-03 9.02982430e-04 3.03480838e-03 -2.29946456e-03 9.09574497e-04 2.50091124e-03 8.18388790e-01 2.40428723e+00 3.24098059e-03 2.68587801e-01
7.54026851e-04 -2.00712671e-03 -1.63159989e-03 2.84402043e-03 8.74113990e-04 3.53146446e-03 -3.13256035e-03 1.68284901e-03 3.40874848e-03 8.67531983e-01 2.71943473e+00 2.42172096e-02 2.60213540e-01
1.13715298e-03 -2.09877008e-03 -1.37912236e-03 2.46579550e-03 1.23984406e-03 3.02748207e-03 -2.48468252e-03 6.87322199e-04 2.63173454e-03 8.20003986e-01 2.36365412e+00 -2.12810534e-02 2.63216652e-01
5.30208530e-04 -8.70362530e-04 -1.11106104e-03 2.12754168e-03 1.07098284e-03 3.37305359e-03 -2.34681001e-03 1.80347364e-03 2.69896446e-03 8.14413945e-01 2.47533863e+00 -1.97014722e-02 2.62469990e-01
1.63101766e-03 -2.87805152e-03 -2.00538352e-03 3.32322646e-03 1.47701302e-03 3.22574867e-03 -3.31185619e-03 8.92817117e-05 3.36265881e-03 8.73315352e-01 2.59865689e+00 2.21638669e-02 2.61257111e-01
6.92914779e-04 -1.73640873e-03 -1.34830235e-03 2.26200182e-03 8.64070971e-04 3.32935630e-03 -2.45128934e-03 1.30597492e-03 2.73497924e-03 8.14466485e-01 2.43825463e+00 -1.09852287e-02 2.68206602e-01
1.29185082e-03 -2.58096343e-03 -1.76028194e-03 2.96367998e-03 1.20610693e-03 2.96792113e-03 -3.17434587e-03 8.21461434e-04 3.28202352e-03 8.71011353e-01 2.62409453e+00 1.17215715e-02 2.54427948e-01
9.32705682e-04 -5.13046563e-04 -9.17303413e-04 2.43066746e-03 1.63683244e-03 3.26987737e-03 -2.63614158e-03 2.04667590e-03 2.90855006e-03 8.65410700e-01 2.64875860e+00 -7.07086092e-04 2.49437988e-01
1.47190356e-03 -2.39652728e-03 -1.59694719e-03 2.92564822e-03 1.20253437e-03 3.51214994e-03 -2.71960372e-03 -1.20288328e-04 2.78965372e-03 8.17716329e-01 2.39463602e+00 7.74865087e-04 2.73167456e-01
2.10822957e-03 -3.08812448e-03 -1.57976002e-03 3.33669865e-03 8.05541447e-04 3.85266723e-03 -3.41645401e-03 -2.53684863e-04 3.48451260e-03 8.43198947e-01 2.66343796e+00 3.65289766e-02 2.74595187e-01
6.31681171e-04 -8.96983205e-04 -1.15752652e-03 2.17530006e-03 1.39160990e-03 2.65381802e-03 -2.33326567e-03 1.61466245e-03 2.51901000e-03 8.41136197e-01 2.43123411e+00 -3.00657671e-02 2.46441070e-01
6.59394850e-04 -1.36773181e-03 -1.40582108e-03 2.39227605e-03 1.09830042e-03 2.25544274e-03 -2.69711267e-03 1.51227574e-03 2.79536927e-03 8.50663509e-01 2.47421016e+00 -2.39539706e-02 2.38801093e-01
1.78675113e-03 -2.67394588e-03 -1.28069101e-03 2.79417284e-03 1.00267936e-03 4.42464672e-03 -2.81553353e-03 2.85891509e-04 3.00915327e-03 8.31290349e-01 2.59040536e+00 2.79873531e-02 2.81715729e-01
1.87793672e-03 -2.39779293e-03 -1.22916436e-03 2.80864731e-03 8.48426132e-04 4.09177495e-03 -2.65321742e-03 -4.46134760e-04 2.69375993e-03 8.32646540e-01 2.33103604e+00 2.47071398e-02 2.84360909e-01
1.19881417e-03 -5.81896127e-04 -8.98503248e-04 2.35759691e-03 1.74684555e-03 2.43053853e-03 -2.72169761e-03 1.80185111e-03 2.80063093e-03 8.49764052e-01 2.73709250e+00 -2.15011155e-02 2.33835997e-01
8.67310983e-04 -1.99134412e-03 -1.38842255e-03 2.42610635e-03 9.29250138e-04 3.03866961e-03 -2.54350653e-03 1.02107340e-03 2.74978856e-03 8.70787113e-01 2.28727572e+00 -3.83552430e-03 2.60678926e-01
1.11896465e-03 -2.34966308e-03 -1.65568385e-03 2.86159889e-03 1.24741237e-03 3.40779535e-03 -3.00848106e-03 1.13006599e-03 3.22932965e-03 8.11113829e-01 2.78466371e+00 4.02030227e-03 2.65210871e-01
5.90449726e-04 -1.08344776e-03 -1.37962769e-03 2.40959566e-03 1.46981240e-03 3.16076298e-03 -2.57396475e-03 1.81825200e-03 2.84808891e-03 8.44511527e-01 2.61665990e+00 -1.32113563e-02 2.54099715e-01
1.70631295e-03 -2.77800212e-03 -1.57735906e-03 3.02137879e-03 8.33791103e-04 3.22311066e-03 -3.09225350e-03 -7.51126995e-05 3.17270629e-03 8.39254195e-01 2.46358671e+00 1.43818455e-02 2.69910917e-01
1.10261237e-03 -2.10590290e-03 -1.43984103e-03 2.64218630e-03 1.13286979e-03 2.87399824e-03 -2.80376062e-03 1.01502411e-03 2.94014839e-03 8.41391796e-01 2.48052352e+00 -1.14113117e-02 2.54940753e-01
9.98912269e-04 -2.10276376e-03 -1.43209411e-03 2.60243275e-03 1.07617846e-03 3.61942708e-03 -2.72506785e-03 1.19014821e-03 2.98132600e-03 8.42704689e-01 2.58204548e+00 1.22793166e-02 2.68214671e-01
8.37655740e-04 -1.86008922e-03 -1.40365167e-03 2.44171319e-03 1.20846401e-03 3.26089923e-03 -2.49970470e-03 1.18619404e-03 2.73318100e-03 8.38213864e-01 2.50500232e+00 8.67111389e-04 2.64967095e-01
1.16993514e-03 -2.42827501e-03 -1.60468744e-03 2.88800843e-03 9.90947403e-04 3.24039468e-03 -3.09530709e-03 1.03829053e-03 3.28946365e-03 8.45784629e-01 2.56512704e+00 -8.10444084e-04 2.60255760e-01
1.47109487e-03 -2.27878565e-03 -1.09853879e-03 2.35685564e-03 6.94109574e-04 3.38610314e-03 -2.44111999e-03 2.19224571e-04 2.58160660e-03 8.34730925e-01 2.27107996e+00 1.09161585e-02 2.77301158e-01
8.82190689e-04 -1.69504155e-03 -1.67462504e-03 2.75667747e-03 1.44168850e-03 2.77140007e-03 -3.12618924e-03 1.70051576e-03 3.25868338e-03 8.48661743e-01 2.79759714e+00 -1.01952240e-02 2.44970438e-01
1.44662556e-03 -2.58783205e-03 -1.80237549e-03 3.09187968e-03 1.59706927e-03 3.06997749e-03 -3.20954896e-03 7.70547944e-04 3.28222667e-03 8.87155297e-01 2.56893291e+00 2.78797013e-03 2.51080638e-01
6.55914487e-04 -1.65776839e-03 -1.22142294e-03 2.10567389e-03 5.65935303e-04 3.30004290e-03 -2.37521976e-03 1.28761898e-03 2.66998424e-03 7.94984004e-01 2.46205603e+00 -2.69052873e-03 2.71710061e-01
6.21164167e-04 -1.05788679e-03 -1.27393347e-03 2.33335145e-03 1.21518795e-03 2.97575570e-03 -2.58851402e-03 1.77627365e-03 2.83536395e-03 8.49434568e-01 2.49926798e+00 -1.65863619e-02 2.50992149e-01
1.66149433e-03 -2.62383294e-03 -1.53793929e-03 3.00426847e-03 1.14579493e-03 3.56019497e-03 -2.94264492e-03 5.46390511e-05 3.02870405e-03 8.33412953e-01 2.55371355e+00 1.84635484e-02 2.71261127e-01
9.01072399e-04 -1.93774662e-03 -1.59395556e-03 2.68238912e-03 1.28805828e-03 3.05928445e-03 -2.90334059e-03 1.41202001e-03 3.08620669e-03 8.60170797e-01 2.61809757e+00 6.71333214e-04 2.54172612e-01
1.24936026e-03 -2.21439472e-03 -1.24655505e-03 2.51639830e-03 8.81677056e-04 3.30926083e-03 -2.62240465e-03 7.18892993e-04 2.79978120e-03 8.23492127e-01 2.43528917e+00 -6.14654504e-04 2.68618814e-01
1.02235517e-03 -6.80653044e-04 -1.16456764e-03 2.75956988e-03 1.80938194e-03 3.49714977e-03 -3.05918791e-03 2.27940867e-03 3.35282477e-03 8.68628260e-01 2.83949869e+00 3.62253283e-04 2.47646746e-01
1.33174913e-03 -2.05394362e-03 -1.31420990e-03 2.56229011e-03 1.06593312e-03 3.26584597e-03 -2.33549265e-03 -1.08201394e-04 2.40398799e-03 8.14487595e-01 2.22895663e+00 -3.01129337e-04 2.76124168e-01
1.22053758e-03 -4.26629408e-04 -7.03732417e-04 2.29023616e-03 2.13638178e-03 3.38602570e-03 -2.35018358e-03 1.85859168e-03 2.62130232e-03 8.46457959e-01 2.57540118e+00 -2.77498907e-02 2.50160622e-01
1.77615866e-03 -2.67416243e-03 -1.68914075e-03 3.29134593e-03 8.88215179e-04 3.30445142e-03 -3.16427232e-03 -4.99034391e-04 3.17192671e-03 8.36375496e-01 2.51352493e+00 3.32298649e-02 2.72590061e-01
1.54685918e-03 -2.83329171e-03 -1.89203198e-03 3.38229548e-03 1.57553501e-03 3.55480634e-03 -3.54970579e-03 1.02025577e-03 3.70190011e-03 8.59953212e-01 2.87719703e+00 1.77303616e-02 2.58955184e-01
6.47283612e-04 -1.57247370e-03 -1.17087416e-03 2.05712408e-03 7.97561585e-04 2.97537349e-03 -2.17630104e-03 1.12551661e-03 2.42030689e-03 8.26098055e-01 2.23495019e+00 -1.60797439e-02 2.66742171e-01
1.70977910e-03 -2.62028705e-03 -1.54356210e-03 2.98456196e-03 9.19878170e-04 3.24610313e-03 -2.95723217e-03 -2.49125864e-04 3.00091611e-03 8.21656933e-01 2.46214817e+00 1.30057653e-02 2.71698652e-01
8.44667409e-04 -7.90215343e-04 -1.10415902e-03 2.38816030e-03 1.63600094e-03 3.20781208e-03 -2.57806557e-03 1.89503305e-03 2.83921751e-03 8.59996886e-01 2.60086787e+00 -1.19782348e-02 2.50081856e-01
4.65008969e-04 -1.42511567e-03 -1.45423269e-03 2.34515711e-03 9.98537730e-04 3.21473771e-03 -2.54566937e-03 1.64178310e-03 2.83988351e-03 8.62032898e-01 2.38254877e+00 -1.08930968e-02 2.58535506e-01
1.53648899e-03 -2.69037551e-03 -1.65739797e-03 2.97207641e-03 1.14744425e-03 3.13801569e-03 -3.06930667e-03 3.35317428e-04 3.16568322e-03 8.19482511e-01 2.68270903e+00 1.17608491e-02 2.65007661e-01
1.05490575e-03 -2.28723368e-03 -1.72282754e-03 3.07722936e-03 1.42696658e-03 3.80349928e-03 -3.18376885e-03 1.47826761e-03 3.42840942e-03 8.92600870e-01 2.56304869e+00 4.62407892e-05 2.56702912e-01
1.04095013e-03 -1.95786817e-03 -1.19341588e-03 2.22640612e-03 8.17470357e-04 2.69645018e-03 -2.36042091e-03 6.81651894e-04 2.51303458e-03 7.87681401e-01 2.46851804e+00 4.92717669e-05 2.67581441e-01
2.06204975e-03 -3.25703716e-03 -1.69719253e-03 3.43564063e-03 8.08037408e-04 3.90369868e-03 -3.58592088e-03 -3.76775057e-05 3.69936396e-03 8.59658293e-01 2.67402449e+00 3.48268799e-02 2.72676595e-01
6.38986807e-04 -1.00473782e-03 -1.14201675e-03 2.13094753e-03 1.36159423e-03 2.63665911e-03 -2.25091473e-03 1.50420029e-03 2.43310478e-03 8.28025918e-01 2.43409157e+00 -2.89943801e-02 2.50031466e-01
1.23716578e-03 -2.25095647e-03 -1.26338662e-03 2.47683461e-03 9.27343473e-04 3.86302915e-03 -2.58082325e-03 8.34741254e-04 2.83356487e-03 8.13131542e-01 2.60913124e+00 2.04958928e-02 2.77073074e-01
9.54512002e-04 -2.11909409e-03 -1.65430994e-03 2.68556862e-03 1.10749012e-03 2.55686668e-03 -2.96753935e-03 1.15107900e-03 3.07954443e-03 8.65961765e-01 2.44199395e+00 -1.81356823e-02 2.45072745e-01
7.06699508e-04 -1.39255232e-03 -1.38934309e-03 2.44166741e-03 1.19604808e-03 2.45587191e-03 -2.69923841e-03 1.53599299e-03 2.80444411e-03 8.22622442e-01 2.62148435e+00 -2.39340203e-02 2.43400915e-01
1.72683975e-03 -2.64173135e-03 -1.29461178e-03 2.77718974e-03 9.55900313e-04 4.03464157e-03 -2.85685397e-03 3.47992242e-04 3.03173441e-03 8.65135910e-01 2.45704793e+00 2.77349921e-02 2.77062959e-01
8.17495857e-04 -1.98391982e-03 -1.65112777e-03 2.77417329e-03 1.37127377e-03 3.78244337e-03 -2.88734594e-03 1.57180707e-03 3.18638223e-03 8.68854142e-01 2.59256573e+00 2.20705444e-03 2.62526971e-01
1.14156578e-03 -2.23803710e-03 -1.39192224e-03 2.50192057e-03 8.01606283e-04 2.67532257e-03 -2.68999929e-03 6.49129978e-04 2.82344100e-03 8.14636008e-01 2.46909585e+00 -2.13059861e-03 2.62004759e-01
1.66633162e-03 -2.91578406e-03 -1.80883890e-03 3.27218296e-03 1.27947054e-03 3.53738613e-03 -3.34385817e-03 3.75842837e-04 3.44833600e-03 8.67084821e-01 2.65836153e+00 2.16620560e-02 2.63647263e-01
4.39856285e-04 -1.24300932e-03 -1.31116157e-03 2.14094313e-03 9.26507875e-04 2.92056080e-03 -2.35090815e-03 1.54797630e-03 2.62035896e-03 8.20003275e-01 2.41294127e+00 -1.92816408e-02 2.59322045e-01
1.70574793e-03 -2.23023873e-03 -1.64035264e-03 3.58067716e-03 1.77672949e-03 5.01978441e-03 -2.83875518e-03 -2.82626209e-04 2.89349912e-03 8.39287923e-01 2.52027594e+00 3.29525095e-02 2.82727458e-01
1.81275842e-03 2.74146855e-04 8.54732545e-05 1.99738076e-03 2.22324002e-03 2.72006246e-03 -2.14597412e-03 1.68325732e-03 2.30366828e-03 8.44198223e-01 2.55614125e+00 -2.75720798e-02 2.34904971e-01
9.60063337e-04 -2.09563593e-03 -1.68012738e-03 2.73255386e-03 1.34574870e-03 2.93511575e-03 -2.93148736e-03 1.25692500e-03 3.10065635e-03 8.50415054e-01 2.51976022e+00 -1.92540437e-02 2.51919095e-01
1.16960979e-03 -2.20346636e-03 -1.24733487e-03 2.50440647e-03 8.10171104e-04 3.57669881e-03 -2.62096581e-03 8.57900184e-04 2.84979653e-03 8.32039774e-01 2.53668174e+00 2.18066729e-02 2.72895453e-01
8.26841399e-04 -1.88792848e-03 -1.61015322e-03 2.77850634e-03 1.24347440e-03 3.38510152e-03 -2.98859940e-03 1.61260335e-03 3.23244597e-03 8.64127178e-01 2.68374507e+00 1.20352851e-02 2.58360500e-01
1.16278311e-03 -2.20733490e-03 -1.34974564e-03 2.49216743e-03 9.46392748e-04 3.05908686e-03 -2.57378188e-03 6.32440147e-04 2.72923169e-03 8.21252033e-01 2.38152098e+00 -1.12482770e-02 2.65324669e-01
9.93366196e-04 -2.35977324e-03 -1.52183835e-03 2.71485921e-03 5.54173457e-04 3.93756507e-03 -3.05749179e-03 1.32843870e-03 3.37124151e-03 8.56627378e-01 2.64859112e+00 3.01794885e-02 2.70750269e-01
1.10332535e-03 -1.98255541e-03 -1.43317298e-03 2.45655246e-03 1.39529095e-03 2.61672792e-03 -2.56828204e-03 8.58638007e-04 2.65910959e-03 8.30098143e-01 2.42464550e+00 -2.56873981e-02 2.52178651e-01
6.50169381e-04 -1.42288302e-03 -1.52100300e-03 2.70090910e-03 1.34474199e-03 3.72047979e-03 -2.90316724e-03 1.97344278e-03 3.22766323e-03 8.76795372e-01 2.63151509e+00 5.00841390e-03 2.57915505e-01
1.35607500e-03 -2.32820540e-03 -1.41775530e-03 2.58617209e-03 9.48784621e-04 2.76490290e-03 -2.65078823e-03 2.10710018e-04 2.72644113e-03 8.06927967e-01 2.42420934e+00 -4.83854082e-03 2.64973196e-01
9.88202458e-04 -7.07559952e-04 -1.10903218e-03 2.73575110e-03 1.77192831e-03 3.71121650e-03 -2.96391925e-03 2.27123838e-03 3.28240806e-03 8.71222281e-01 2.75509832e+00 -3.42658589e-04 2.50906622e-01
1.29757291e-03 -2.14139118e-03 -1.42056902e-03 2.59761226e-03 1.06504890e-03 3.07730117e-03 -2.43374364e-03 -6.29769218e-05 2.49877536e-03 8.11508377e-01 2.30030825e+00 4.12132067e-04 2.72278096e-01
9.38257706e-04 -9.75424958e-04 -1.22610804e-03 2.50970334e-03 1.77944648e-03 3.13623882e-03 -2.71863432e-03 1.86587500e-03 2.92494018e-03 8.53477827e-01 2.68059290e+00 -1.80262452e-02 2.47365666e-01
1.71056565e-03 -2.54471261e-03 -1.34479796e-03 2.74635052e-03 5.98839574e-04 3.10936208e-03 -2.81980927e-03 -2.92613760e-04 2.85722747e-03 8.28475087e-01 2.37377165e+00 2.02756925e-02 2.73591656e-01
1.53385987e-03 -2.22557801e-03 -1.38142237e-03 2.75891731e-03 9.34619380e-04 3.28566220e-03 -2.58118678e-03 -3.22866422e-04 2.61075764e-03 7.94623790e-01 2.36451013e+00 7.40435379e-03 2.76258870e-01
1.16656240e-03 -5.03078883e-04 -8.98396947e-04 2.53993260e-03 1.94772068e-03 3.29494630e-03 -2.76473465e-03 2.08394464e-03 3.00513254e-03 8.84147546e-01 2.68291311e+00 -6.93977805e-03 2.42988564e-01
6.44499532e-04 -1.17347690e-03 -1.47525970e-03 2.56918950e-03 1.33540709e-03 3.00172729e-03 -2.87823463e-03 1.91920281e-03 3.11208325e-03 8.60767772e-01 2.57972090e+00 -1.92936775e-02 2.46079488e-01
1.59492649e-03 -2.42415857e-03 -1.32932268e-03 2.69897909e-03 9.31884298e-04 3.44933430e-03 -2.64916382e-03 -5.11995794e-05 2.73605056e-03 8.19334369e-01 2.46653192e+00 2.19311332e-02 2.75830965e-01
1.35118376e-03 -2.25627733e-03 -1.35168159e-03 2.49459741e-03 9.52388859e-04 2.52398760e-03 -2.59576647e-03 2.35362900e-04 2.64897214e-03 8.09325904e-01 2.38499198e+00 -1.00647855e-02 2.60685320e-01
6.56100686e-04 -1.55883449e-03 -1.60366227e-03 2.77655423e-03 1.36224643e-03 4.04191013e-03 -2.96804033e-03 2.01240897e-03 3.33736161e-03 8.75922254e-01 2.67828032e+00 1.06752008e-02 2.62457480e-01
1.02850943e-03 -1.95380135e-03 -1.28772442e-03 2.37727225e-03 1.04000564e-03 2.85444285e-03 -2.47157041e-03 8.46971277e-04 2.62581595e-03 7.99711623e-01 2.50972928e+00 -6.20363208e-03 2.64189854e-01
9.55781467e-04 -2.29696198e-03 -1.69759490e-03 2.89039326e-03 1.09711056e-03 3.58832784e-03 -3.08799485e-03 1.37093905e-03 3.33882515e-03 8.84004811e-01 2.53892840e+00 6.45076620e-03 2.59289831e-01
1.91542388e-03 -3.13308769e-03 -1.70870250e-03 3.31390333e-03 8.91136296e-04 3.69585944e-03 -3.46086528e-03 5.52474226e-05 3.55497664e-03 8.56569152e-01 2.71878981e+00 3.71179434e-02 2.69467491e-01
6.12079135e-04 -1.08814551e-03 -1.18210217e-03 2.14005814e-03 1.26054983e-03 2.77813299e-03 -2.28105896e-03 1.51246136e-03 2.49141801e-03 8.30695194e-01 2.36907924e+00 -3.05447981e-02 2.52829707e-01
1.74989425e-03 -2.89561937e-03 -1.48477737e-03 3.05059366e-03 8.79714869e-04 3.98032972e-03 -3.22406196e-03 4.93710384e-04 3.42553793e-03 8.43598363e-01 2.65626065e+00 2.61994161e-02 2.74115314e-01
6.69569567e-04 -1.46120622e-03 -1.35946289e-03 2.28822803e-03 1.19458047e-03 2.55561397e-03 -2.46324991e-03 1.35787726e-03 2.61428703e-03 8.40723821e-01 2.43736705e+00 -2.26835851e-02 2.48375639e-01
9.90288633e-04 -4.24688287e-04 -7.07163971e-04 2.02939328e-03 1.76974117e-03 2.68011335e-03 -2.12450851e-03 1.60335264e-03 2.30458011e-03 8.41563978e-01 2.46932003e+00 -2.73102970e-02 2.45395806e-01
2.10319580e-03 -3.15430323e-03 -1.87147192e-03 3.68570451e-03 8.24085021e-04 3.98096164e-03 -3.61726839e-03 -6.06701841e-04 3.64757767e-03 8.42637906e-01 2.62906444e+00 3.25541021e-02 2.75907492e-01
1.54960489e-03 -2.31368109e-03 -1.69627235e-03 3.34545113e-03 1.66470567e-03 4.55676601e-03 -2.77629161e-03 -1.52351906e-04 2.86203693e-03 8.38905319e-01 2.53096930e+00 3.25414739e-02 2.80634066e-01
1.32437604e-03 -2.97378922e-05 -3.81899026e-04 2.20586913e-03 1.84579897e-03 2.91159636e-03 -2.39599452e-03 1.90718843e-03 2.61387494e-03 8.44494458e-01 2.54778346e+00 -2.72802319e-02 2.39349540e-01
1.02020791e-03 -2.01755746e-03 -1.52967071e-03 2.55884124e-03 1.26765959e-03 2.64078297e-03 -2.77391304e-03 1.08296049e-03 2.88373034e-03 8.38494253e-01 2.52964193e+00 -1.68170772e-02 2.50315108e-01
1.19603854e-03 -2.27891828e-03 -1.31575815e-03 2.58724205e-03 8.14873298e-04 3.78608278e-03 -2.77577494e-03 1.01070351e-03 3.03065611e-03 8.46053831e-01 2.53160870e+00 1.86883159e-02 2.72123452e-01
1.52642772e-03 -2.42319271e-03 -1.45275380e-03 2.76468177e-03 1.05716160e-03 3.20462480e-03 -2.70521954e-03 -1.13858040e-05 2.79077179e-03 8.04741077e-01 2.47961751e+00 9.80934381e-03 2.73151019e-01
6.26480518e-04 -1.04634718e-03 -1.36283525e-03 2.60911808e-03 1.36259690e-03 3.33405165e-03 -2.83744275e-03 2.04057160e-03 3.11718944e-03 8.74986005e-01 2.58583567e+00 -9.13104897e-03 2.48768038e-01
1.31333972e-03 -2.36928727e-03 -1.48230715e-03 2.66186094e-03 1.11865255e-03 3.06254011e-03 -2.71906516e-03 4.72972976e-04 2.84024526e-03 8.16156917e-01 2.50968010e+00 -2.23123897e-03 2.65379679e-01
6.22861800e-04 -1.62632147e-03 -1.52037506e-03 2.58810558e-03 1.03117094e-03 3.36301241e-03 -2.83510590e-03 1.72129535e-03 3.11378373e-03 8.67434043e-01 2.54311561e+00 2.30919793e-03 2.57429498e-01
1.34617773e-03 -2.36384273e-03 -1.79137007e-03 3.09835479e-03 1.86519768e-03 3.24356825e-03 -3.23391712e-03 1.21754682e-03 3.33511480e-03 8.72099964e-01 2.69895062e+00 -7.61355670e-03 2.49433125e-01
9.50463592e-04 -1.91876161e-03 -1.06056719e-03 2.03995489e-03 3.55812219e-04 3.03998749e-03 -2.32505977e-03 8.34866344e-04 2.54580204e-03 8.08588372e-01 2.33568336e+00 8.10429864e-03 2.73018447e-01
1.09976851e-03 -2.21459646e-03 -1.34541010e-03 2.49886713e-03 8.49025407e-04 3.53599231e-03 -2.64261187e-03 9.09836798e-04 2.87898329e-03 8.54111686e-01 2.47670628e+00 2.29692062e-02 2.71491025e-01
9.32478726e-04 -2.09295095e-03 -1.65768511e-03 2.69119434e-03 1.19414099e-03 2.82195959e-03 -2.93922788e-03 1.24376402e-03 3.09078780e-03 8.31669636e-01 2.58542469e+00 -2.02575362e-02 2.51341796e-01
6.91898838e-04 -1.35138329e-03 -1.25244759e-03 2.17472560e-03 1.11694983e-03 2.36064353e-03 -2.38293696e-03 1.30921293e-03 2.51721598e-03 8.12492351e-01 2.50427804e+00 -1.86461544e-02 2.51084182e-01
1.76156315e-03 -2.91569636e-03 -1.53281886e-03 3.13445407e-03 1.07477208e-03 4.26809695e-03 -3.20783699e-03 4.89964951e-04 3.40522616e-03 8.75095432e-01 2.54932098e+00 2.08275695e-02 2.72932111e-01
1.37588615e-03 -2.57886419e-03 -1.73946559e-03 2.90668601e-03 1.25040882e-03 2.80546542e-03 -3.07110262e-03 5.48354548e-04 3.14282805e-03 8.54917722e-01 2.57860740e+00 5.31873574e-03 2.55381034e-01
5.77559379e-04 -1.55711038e-03 -1.37406674e-03 2.32875649e-03 8.94040743e-04 3.57213342e-03 -2.53453860e-03 1.58702197e-03 2.86573132e-03 8.29418364e-01 2.48115806e+00 -5.12204218e-03 2.67722502e-01
3.92978089e-04 -1.21538624e-03 -1.30521057e-03 2.16705214e-03 7.73787398e-04 3.26559419e-03 -2.42879021e-03 1.69830601e-03 2.76490684e-03 8.38458838e-01 2.44934032e+00 9.54546183e-04 2.64260224e-01
1.64276419e-03 -2.71934831e-03 -1.78776581e-03 3.17917875e-03 1.58143234e-03 3.25215901e-03 -3.18108355e-03 3.49152689e-04 3.24625226e-03 8.45535525e-01 2.60532944e+00 -8.97395926e-04 2.59469829e-01
1.23568244e-03 -2.31694124e-03 -1.48743376e-03 2.82227025e-03 1.35698074e-03 3.78032694e-03 -2.82490107e-03 9.93767962e-04 3.04948473e-03 8.58225507e-01 2.43832878e+00 -1.05294223e-02 2.65183613e-01
8.07779595e-04 -1.96815179e-03 -1.48271165e-03 2.47012591e-03 8.52411359e-04 2.74936270e-03 -2.70593523e-03 1.14587516e-03 2.89436321e-03 8.23942641e-01 2.61616453e+00 1.13282969e-02 2.60711180e-01
1.89033406e-03 -2.91825231e-03 -1.74287862e-03 3.39064571e-03 1.38652801e-03 4.46561441e-03 -3.20924959e-03 -4.72055212e-05 3.32640633e-03 8.45593231e-01 2.70020649e+00 3.48106690e-02 2.77423573e-01
5.68538065e-04 -6.84797103e-04 -1.01236179e-03 2.14955230e-03 1.11872827e-03 2.51167424e-03 -2.36357132e-03 1.71648239e-03 2.54059517e-03 8.39247290e-01 2.39083571e+00 -2.89029291e-02 2.42339412e-01
1.53430242e-03 -2.71872565e-03 -1.64084349e-03 2.99582153e-03 1.06945389e-03 3.02156536e-03 -3.14936701e-03 4.28771520e-04 3.25258669e-03 8.47825451e-01 2.50435123e+00 -1.17439294e-03 2.59836241e-01
5.57459733e-04 -1.51158313e-03 -1.43932801e-03 2.36497620e-03 1.15448300e-03 3.39630789e-03 -2.49955107e-03 1.58261349e-03 2.80837041e-03 8.36119932e-01 2.56571969e+00 1.23589164e-03 2.65133882e-01
9.85994280e-04 -2.10316624e-03 -1.44082192e-03 2.51887623e-03 9.59337169e-04 3.07037728e-03 -2.70084518e-03 1.03280931e-03 2.90182303e-03 8.39065220e-01 2.43418283e+00 -6.68660490e-03 2.61935687e-01
1.03085698e-03 -2.16957031e-03 -1.53186036e-03 2.72049284e-03 1.18517732e-03 3.33640118e-03 -2.85315290e-03 1.17048255e-03 3.05845507e-03 8.45117545e-01 2.62881459e+00 7.00680587e-03 2.61642667e-01
1.21788757e-03 -2.20141626e-03 -1.54724506e-03 2.65759344e-03 1.50968948e-03 3.01271649e-03 -2.63462418e-03 6.41278203e-04 2.74468370e-03 8.26777613e-01 2.47701015e+00 -1.46745782e-02 2.60289706e-01
4.98522563e-04 -1.83617345e-03 -1.60498056e-03 2.58072467e-03 5.08376792e-04 3.51894174e-03 -2.97026450e-03 1.74672732e-03 3.30877637e-03 8.58852202e-01 2.58425681e+00 1.60438672e-02 2.63197527e-01
1.41308747e-03 -2.52613055e-03 -1.47992383e-03 2.79100037e-03 9.83393704e-04 3.33730983e-03 -2.91548687e-03 5.67388166e-04 3.07010538e-03 8.15699543e-01 2.65322175e+00 1.41427261e-02 2.68845738e-01
6.78438505e-04 -1.71471594e-03 -1.49312268e-03 2.46923293e-03 1.09857191e-03 3.03274991e-03 -2.65831466e-03 1.44352435e-03 2.88230052e-03 8.64889637e-01 2.40620879e+00 -1.29300436e-02 2.54211445e-01
5.60060239e-04 -1.51265441e-03 -1.60400871e-03 2.71790617e-03 1.19825669e-03 4.10385248e-03 -2.94783420e-03 2.05576528e-03 3.35019607e-03 8.72786796e-01 2.71844193e+00 2.07848101e-02 2.65215899e-01
1.28811698e-03 -2.31617685e-03 -1.51899034e-03 2.58736361e-03 1.04267555e-03 2.52527899e-03 -2.67944465e-03 2.55871434e-04 2.73613509e-03 8.14626210e-01 2.36221005e+00 -1.86048874e-02 2.58399275e-01
1.44068802e-03 -2.39949204e-03 -1.58992916e-03 2.83433738e-03 1.29883654e-03 3.23849717e-03 -2.71075430e-03 6.53876017e-05 2.79550249e-03 8.21222814e-01 2.38333136e+00 -6.15595596e-03 2.69112670e-01
5.48598926e-04 -8.91597452e-04 -1.30392420e-03 2.55368944e-03 1.20865493e-03 3.45151057e-03 -2.82251228e-03 2.14613471e-03 3.15580904e-03 8.63262287e-01 2.69128141e+00 6.41106307e-03 2.53573714e-01
5.11075231e-04 -9.00399019e-04 -1.30772154e-03 2.35457552e-03 1.12831686e-03 2.65772750e-03 -2.66001757e-03 1.85351309e-03 2.85795532e-03 8.53088565e-01 2.57329946e+00 -1.21531321e-02 2.43853425e-01
1.69842195e-03 -2.63241438e-03 -1.52177862e-03 2.97434151e-03 1.12892958e-03 3.88271399e-03 -2.87995806e-03 -2.31036716e-05 2.98590081e-03 8.29590834e-01 2.48696473e+00 1.31799878e-02 2.76317146e-01
1.44318824e-03 -2.31651902e-03 -1.42448986e-03 2.71015029e-03 1.13414216e-03 3.47853878e-03 -2.56894340e-03 3.72284027e-05 2.66725911e-03 8.04293110e-01 2.35401336e+00 -1.05725758e-02 2.74295331e-01
6.59553477e-04 -9.00365219e-04 -1.30800164e-03 2.61708409e-03 1.33494954e-03 3.13551464e-03 -2.90217186e-03 2.09571943e-03 3.15038909e-03 8.81045129e-01 2.70263034e+00 1.12361284e-02 2.47903315e-01
1.31836628e-03 -2.60412859e-03 -1.37033464e-03 2.72787630e-03 3.07620754e-04 3.46841477e-03 -3.13187404e-03 9.08188890e-04 3.37105962e-03 8.46293423e-01 2.60259564e+00 3.07168146e-02 2.69784823e-01
8.89801319e-04 -1.85251747e-03 -1.55767518e-03 2.52419814e-03 1.62755640e-03 2.98498655e-03 -2.54343558e-03 1.15595154e-03 2.70586226e-03 8.38598527e-01 2.47615541e+00 -2.60210560e-02 2.55043173e-01
1.70877565e-03 -2.49635144e-03 -1.65786934e-03 3.29784725e-03 1.16336176e-03 3.71224603e-03 -2.99490432e-03 -4.14403028e-04 3.02866589e-03 8.03948322e-01 2.47759474e+00 7.86941106e-03 2.76047413e-01
1.37698135e-03 -2.19543129e-04 -4.92055195e-04 2.21991603e-03 2.09854780e-03 3.12754913e-03 -2.34639170e-03 1.83480043e-03 2.58194820e-03 8.76149641e-01 2.59451258e+00 -7.38861925e-03 2.44781648e-01
5.24890392e-04 -1.50931227e-03 -1.44026967e-03 2.34837719e-03 1.10441213e-03 3.25393349e-03 -2.47521497e-03 1.53298680e-03 2.76181974e-03 8.38204369e-01 2.39204133e+00 -2.26110832e-02 2.60579378e-01
1.52306750e-03 -2.78992569e-03 -1.70761791e-03 3.08117182e-03 1.07495660e-03 3.21665869e-03 -3.23368678e-03 4.98136210e-04 3.36261203e-03 8.46627823e-01 2.70829844e+00 2.60837170e-02 2.64620071e-01
1.31384488e-03 -2.46487405e-03 -1.57119514e-03 2.87196764e-03 1.33503080e-03 3.70651970e-03 -2.90449789e-03 8.48387005e-04 3.10582203e-03 8.37573335e-01 2.65999717e+00 1.13769798e-02 2.68185145e-01
7.37617927e-04 -1.73464887e-03 -1.36815987e-03 2.39539246e-03 8.57141767e-04 2.79321117e-03 -2.63156438e-03 1.31062469e-03 2.82297664e-03 8.46066904e-01 2.40272306e+00 -1.06083397e-02 2.54702899e-01
1.13238239e-03 -2.54900652e-03 -1.65902308e-03 2.98563329e-03 9.17519767e-04 4.04054766e-03 -3.20924773e-03 1.28480029e-03 3.50113659e-03 8.63122342e-01 2.76933535e+00 3.34282108e-02 2.68592693e-01
8.95382230e-04 -1.87182577e-03 -1.39155210e-03 2.31693958e-03 1.10621591e-03 2.57526044e-03 -2.45633356e-03 9.27801521e-04 2.59661224e-03 8.25037775e-01 2.32367907e+00 -2.80391760e-02 2.55200526e-01
5.09364179e-04 -1.19494930e-03 -1.23341021e-03 2.17145059e-03 8.93787619e-04 2.37226814e-03 -2.40398472e-03 1.46974535e-03 2.55986001e-03 8.24409224e-01 2.46165244e+00 -1.42343883e-02 2.48812900e-01
1.74066948e-03 -2.84221302e-03 -1.61387053e-03 3.21190123e-03 1.39553628e-03 4.39363182e-03 -3.15624979e-03 4.87730894e-04 3.34686155e-03 8.61336526e-01 2.59685065e+00 1.55125161e-02 2.73453983e-01
1.55893120e-03 -2.44467891e-03 -1.27026064e-03 2.63307274e-03 9.54408038e-04 3.80380189e-03 -2.62312557e-03 2.33611878e-04 2.77982531e-03 8.45249894e-01 2.48427101e+00 3.58603727e-02 2.78690412e-01
6.08001713e-04 -1.54559957e-03 -1.65208054e-03 2.62037840e-03 1.12643654e-03 2.67223698e-03 -2.98165211e-03 1.73307397e-03 3.15868737e-03 8.39535708e-01 2.58977447e+00 -2.96227273e-02 2.42984625e-01
1.21251486e-03 -2.31660649e-03 -1.66596181e-03 2.66319473e-03 1.32729110e-03 2.48353190e-03 -2.82777027e-03 6.24086937e-04 2.87526650e-03 8.66741102e-01 2.44205383e+00 -6.46326595e-03 2.48716484e-01
7.55583026e-04 -1.88272576e-03 -1.39438044e-03 2.39159302e-03 6.34577351e-04 3.93709423e-03 -2.72405824e-03 1.52082364e-03 3.08708701e-03 8.15029549e-01 2.59704678e+00 6.82578555e-03 2.73664068e-01
1.50903394e-03 -2.47290086e-03 -1.63808757e-03 2.96235945e-03 1.50074210e-03 3.42637400e-03 -2.82228640e-03 1.94223398e-04 2.90983927e-03 8.30521831e-01 2.44768441e+00 -7.56075071e-03 2.66633036e-01
3.57678891e-04 -1.01130449e-03 -1.38373758e-03 2.40982885e-03 8.86754924e-04 3.26762475e-03 -2.71746810e-03 2.01568694e-03 3.05072838e-03 8.54054868e-01 2.60994508e+00 7.94130050e-03 2.56537984e-01
1.22000749e-03 -2.05756857e-03 -1.09462072e-03 2.25840285e-03 7.07161219e-04 2.81546152e-03 -2.39082746e-03 5.03344904e-04 2.52256825e-03 8.06572536e-01 2.33750699e+00 -1.91705260e-03 2.68347845e-01
8.39583730e-04 -2.03394874e-03 -1.83346603e-03 2.98410627e-03 1.48700363e-03 3.54088267e-03 -3.18338699e-03 1.70473597e-03 3.42071768e-03 8.76333587e-01 2.71491798e+00 1.99384626e-03 2.54172175e-01
1.20060422e-03 -2.45008564e-03 -1.56088998e-03 2.86101251e-03 8.64280947e-04 3.19143156e-03 -3.14055063e-03 1.05961915e-03 3.32314278e-03 8.48682381e-01 2.75835865e+00 3.03851149e-02 2.62116224e-01
9.31292419e-04 -1.91946096e-03 -1.39329615e-03 2.47712190e-03 1.28518893e-03 3.30700745e-03 -2.49277089e-03 1.08168282e-03 2.70804167e-03 8.36656173e-01 2.33916763e+00 -2.57956148e-02 2.62594727e-01
1.18978762e-03 -2.00880842e-03 -1.25874585e-03 2.34694379e-03 1.15086720e-03 3.03579499e-03 -2.22525040e-03 2.53865121e-04 2.34168273e-03 8.11384235e-01 2.24481378e+00 -1.18767288e-02 2.71732699e-01
5.81118402e-04 -1.50698427e-03 -1.75701912e-03 3.01637358e-03 1.12276632e-03 3.62198825e-03 -3.42221029e-03 2.28869428e-03 3.75532904e-03 8.74361217e-01 2.84488397e+00 1.27299571e-02 2.52699726e-01
1.34168292e-03 -2.37544053e-03 -1.49659228e-03 2.74690547e-03 1.23583896e-03 3.03157028e-03 -2.82767319e-03 6.27586879e-04 2.93698014e-03 8.44175696e-01 2.50190771e+00 -1.47297325e-03 2.59534654e-01
6.78224999e-04 -1.75522970e-03 -1.48107696e-03 2.47308966e-03 9.28125753e-04 3.39830997e-03 -2.72254958e-03 1.53684372e-03 3.01535281e-03 8.39823225e-01 2.55173352e+00 1.53866587e-03 2.63857563e-01
1.48399079e-03 -2.29535055e-03 -1.15291444e-03 2.45923701e-03 9.65971825e-04 3.78323531e-03 -2.46178535e-03 3.65533828e-04 2.63959456e-03 8.18866368e-01 2.32449348e+00 -5.03724042e-03 2.78786369e-01
6.55677847e-04 -1.69456462e-03 -1.74258595e-03 2.70657762e-03 1.10690585e-03 2.51597065e-03 -3.11470969e-03 1.68374080e-03 3.24482129e-03 8.65375373e-01 2.75398431e+00 5.22088695e-03 2.43725200e-01
1.51542238e-03 -2.74128735e-03 -1.62231076e-03 3.05771324e-03 1.16689918e-03 3.92061926e-03 -3.17440162e-03 7.67633810e-04 3.38907635e-03 8.52459269e-01 2.56894089e+00 4.19676033e-03 2.68699291e-01
6.72183149e-04 -1.52668596e-03 -1.29624280e-03 2.27420114e-03 1.02344047e-03 2.61137984e-03 -2.43094670e-03 1.28785474e-03 2.59468382e-03 8.31769782e-01 2.49633807e+00 -4.05509452e-03 2.54424816e-01
7.86665695e-04 -1.90910835e-03 -1.41099109e-03 2.40366654e-03 9.38630813e-04 3.57533452e-03 -2.56296492e-03 1.28952257e-03 2.85766343e-03 8.41723741e-01 2.40187300e+00 -6.88527980e-03 2.68639489e-01
1.27073765e-03 -2.41038872e-03 -1.61954166e-03 2.79449215e-03 1.17722955e-03 2.74473647e-03 -3.02687607e-03 8.33558550e-04 3.12011338e-03 8.42323624e-01 2.67085383e+00 7.22708449e-03 2.54795398e-01
1.50162359e-03 -2.42128681e-03 -1.19348630e-03 2.60612035e-03 8.28898802e-04 3.68400645e-03 -2.69480790e-03 4.98404334e-04 2.87630881e-03 8.54671951e-01 2.45651858e+00 2.82440424e-02 2.74762335e-01
7.73654073e-04 -1.75704157e-03 -1.64388963e-03 2.61513141e-03 1.33543371e-03 2.79708859e-03 -2.86968270e-03 1.49775358e-03 3.04189434e-03 8.31584838e-01 2.60913561e+00 -2.42613650e-02 2.49652328e-01
1.08652095e-03 -2.11906786e-03 -1.71656402e-03 2.93903148e-03 1.56014418e-03 3.09927090e-03 -3.15625702e-03 1.43350279e-03 3.28613474e-03 8.74178412e-01 2.70696402e+00 -1.28933443e-03 2.48333077e-01
1.15211879e-03 -2.07676493e-03 -1.11333896e-03 2.21319189e-03 5.94569310e-04 3.14140940e-03 -2.40519960e-03 6.54589960e-04 2.59675371e-03 8.08006804e-01 2.34665550e+00 1.38040545e-03 2.73264456e-01
1.36969769e-03 -2.49418758e-03 -1.71492923e-03 2.86022536e-03 1.42754732e-03 2.84349694e-03 -2.95551773e-03 5.46757999e-04 3.03924001e-03 8.16620217e-01 2.57074368e+00 -1.88429843e-02 2.56752122e-01
4.59882100e-04 -1.61411617e-03 -1.48457714e-03 2.39959015e-03 7.10083523e-04 3.64816735e-03 -2.67086686e-03 1.69948434e-03 3.03267454e-03 8.70681909e-01 2.49533572e+00 2.10929726e-02 2.67601007e-01
1.43317719e-03 -2.62118531e-03 -1.80996208e-03 3.14770163e-03 1.76850555e-03 3.84664057e-03 -2.97889295e-03 5.52466901e-04 3.13934926e-03 8.69468791e-01 2.60385154e+00 1.58069612e-02 2.67151723e-01
3.40858381e-04 -1.31483190e-03 -1.39743934e-03 2.26713029e-03 5.83155065e-04 2.93084111e-03 -2.60384593e-03 1.71090360e-03 2.90827981e-03 8.16776950e-01 2.46284272e+00 -1.45047047e-02 2.58582966e-01
1.39076763e-03 -2.40615660e-03 -1.61029244e-03 2.78990150e-03 1.07979371e-03 2.80455423e-03 -2.75633077e-03 -1.60440815e-05 2.81217304e-03 8.20661701e-01 2.37579360e+00 -2.52152188e-03 2.65424519e-01
6.93477968e-04 -8.88010318e-04 -1.26413776e-03 2.60839082e-03 1.55610447e-03 3.89026922e-03 -2.77059344e-03 2.17657372e-03 3.15015277e-03 8.63193879e-01 2.69679454e+00 2.60440296e-03 2.58607011e-01
1.05802093e-03 -2.05812437e-03 -1.53064645e-03 2.54242235e-03 1.48863148e-03 2.85116834e-03 -2.53498003e-03 7.71053342e-04 2.65338675e-03 8.62447406e-01 2.37638900e+00 -8.67352620e-03 2.56428632e-01
8.07542752e-04 -2.09494653e-03 -1.49251803e-03 2.64070722e-03 4.82248817e-04 3.70133747e-03 -3.03194415e-03 1.54228581e-03 3.36456822e-03 8.19437864e-01 2.67097404e+00 9.24910706e-03 2.68413561e-01
1.12959868e-03 -2.29089500e-03 -1.53724265e-03 2.72953151e-03 1.06551983e-03 3.06883591e-03 -2.91665153e-03 9.99089104e-04 3.09734701e-03 8.31485647e-01 2.61977953e+00 4.52331774e-03 2.61533468e-01
8.51114986e-04 -2.00819812e-03 -1.48598271e-03 2.55493459e-03 1.11120955e-03 3.40436405e-03 -2.65249003e-03 1.22421742e-03 2.90474397e-03 8.52042191e-01 2.44967390e+00 -4.34370613e-03 2.63807685e-01
9.71610371e-04 -2.10332875e-03 -1.20106187e-03 2.31459274e-03 2.29841076e-04 3.13923195e-03 -2.69700359e-03 1.03293455e-03 2.94716145e-03 7.95422239e-01 2.48392332e+00 1.72058684e-03 2.70099607e-01
1.10525676e-03 -2.21928777e-03 -1.76641933e-03 2.85035803e-03 1.84797191e-03 3.27223778e-03 -2.85256761e-03 1.09987360e-03 3.00983241e-03 8.85266000e-01 2.55139138e+00 -1.60148975e-03 2.55056486e-01
8.85993800e-04 -2.23321468e-03 -1.46823834e-03 2.64088892e-03 2.86455308e-04 3.73634947e-03 -3.10116333e-03 1.46606852e-03 3.43259401e-03 8.21367472e-01 2.73033815e+00 2.44021753e-02 2.70289443e-01
1.09222738e-03 -2.05696754e-03 -1.52460131e-03 2.52687339e-03 1.58034818e-03 2.86744545e-03 -2.50520528e-03 7.57369978e-04 2.62198327e-03 8.58856273e-01 2.32566517e+00 -2.12151757e-02 2.55063232e-01
1.69233471e-03 -2.79002487e-03 -1.43210597e-03 2.93384050e-03 9.22046178e-04 4.14498727e-03 -3.09363749e-03 5.66446463e-04 3.30644642e-03 8.57766755e-01 2.58526400e+00 2.70817541e-02 2.75252253e-01
6.12580722e-04 -1.51523338e-03 -1.45207122e-03 2.31755812e-03 1.07020227e-03 2.36308876e-03 -2.55859151e-03 1.35209373e-03 2.67939980e-03 8.28867779e-01 2.49948520e+00 -2.34125078e-02 2.45577368e-01
1.24223797e-03 -2.28652168e-03 -1.48414479e-03 2.80671208e-03 1.41992917e-03 3.64900456e-03 -2.77716417e-03 9.20604375e-04 2.97806475e-03 8.61518267e-01 2.56358045e+00 1.46423777e-02 2.66747134e-01
7.38503636e-04 -1.84666004e-03 -1.46309648e-03 2.52509437e-03 8.54762389e-04 2.95525645e-03 -2.76290563e-03 1.36712363e-03 2.98413371e-03 8.24116108e-01 2.50580542e+00 -1.34964665e-02 2.57741768e-01
9.35325875e-04 -5.57835131e-04 -8.57113818e-04 2.17802064e-03 1.62963657e-03 2.88933859e-03 -2.35522529e-03 1.75298164e-03 2.57656061e-03 8.32829601e-01 2.54879724e+00 -2.25317044e-02 2.49026687e-01
1.80852232e-03 -2.73005283e-03 -1.65690152e-03 3.26513449e-03 1.11041205e-03 3.85098496e-03 -3.10534295e-03 -2.85058809e-04 3.15452013e-03 8.53018788e-01 2.49883633e+00 2.59388459e-02 2.73858637e-01
7.78892362e-04 -1.79870012e-03 -1.19765495e-03 2.08098844e-03 6.64252600e-04 3.55586276e-03 -2.27697323e-03 1.10828036e-03 2.58020126e-03 7.98764159e-01 2.38875712e+00 -5.62632595e-03 2.77106092e-01
1.31632463e-03 -2.61499313e-03 -1.92970845e-03 3.08435841e-03 1.42465543e-03 2.69995668e-03 -3.38422034e-03 9.66001138e-04 3.44993739e-03 8.84780237e-01 2.66975460e+00 5.83785710e-03 2.46340996e-01
1.28996031e-03 -2.22218711e-03 -1.46309172e-03 2.56365637e-03 1.22035184e-03 2.70242260e-03 -2.54611689e-03 2.37613270e-04 2.60727855e-03 8.36908869e-01 2.30817012e+00 -1.14616022e-02 2.59681070e-01
5.96322380e-04 -1.49247140e-03 -1.58538398e-03 2.67699239e-03 1.05343818e-03 3.99009984e-03 -3.02533507e-03 2.07808296e-03 3.43856211e-03 8.47601646e-01 2.75877110e+00 1.23214160e-02 2.65209570e-01
1.39832259e-03 -2.41879208e-03 -1.42061174e-03 2.66630462e-03 9.59170641e-04 3.07527464e-03 -2.74558887e-03 3.49814265e-04 2.85774658e-03 8.14476310e-01 2.42449568e+00 -9.38868561e-03 2.66218612e-01
5.93053839e-04 -1.50685477e-03 -1.54888856e-03 2.61585787e-03 1.22063527e-03 3.32324604e-03 -2.82071609e-03 1.79012073e-03 3.08853245e-03 8.70626593e-01 2.63328699e+00 9.92916688e-03 2.56497326e-01
5.03480423e-04 -1.70663549e-03 -1.47522558e-03 2.40498824e-03 7.41719768e-04 3.36516619e-03 -2.62001057e-03 1.52538629e-03 2.92960439e-03 8.50304502e-01 2.49950243e+00 1.08092434e-02 2.65305427e-01
1.37168683e-03 -2.44577961e-03 -1.63710311e-03 2.94231954e-03 1.49798754e-03 3.23018041e-03 -2.97786963e-03 7.58781194e-04 3.11536875e-03 8.34327834e-01 2.56993066e+00 -1.01377966e-02 2.60272881e-01
9.49399198e-04 -2.10849384e-03 -1.63317434e-03 2.72900718e-03 1.44276608e-03 3.38072514e-03 -2.77615327e-03 1.19979412e-03 2.98891958e-03 8.71066727e-01 2.42835148e+00 -1.36245298e-02 2.57791349e-01
1.12338951e-03 -2.25422727e-03 -1.33927292e-03 2.52684413e-03 6.51502239e-04 3.05780018e-03 -2.77759971e-03 8.80564021e-04 2.97524976e-03 8.08078282e-01 2.62160882e+00 1.49973401e-02 2.67450745e-01
5.83487883e-04 -1.79707846e-03 -1.75806321e-03 2.85922994e-03 9.37900650e-04 3.28055671e-03 -3.23282250e-03 1.91254741e-03 3.49459790e-03 8.67890503e-01 2.71896842e+00 5.86958935e-03 2.51751723e-01
1.24709049e-03 -2.07322713e-03 -1.24224243e-03 2.41602294e-03 1.16650450e-03 3.15881074e-03 -2.36414521e-03 4.63407421e-04 2.50088580e-03 8.16406783e-01 2.34806939e+00 -5.65064646e-03 2.70351659e-01
8.13444234e-04 -1.72526302e-03 -1.56012698e-03 2.52444463e-03 1.35035866e-03 2.72670923e-03 -2.75990219e-03 1.41724576e-03 2.92446103e-03 8.45037941e-01 2.53485234e+00 -2.02304973e-02 2.49581859e-01
1.50704300e-03 -2.52642643e-03 -1.26077937e-03 2.64912578e-03 7.56711101e-04 3.72904008e-03 -2.77968724e-03 4.94722891e-04 2.97104424e-03 8.38487761e-01 2.51541232e+00 2.30211808e-02 2.74988106e-01
1.18239643e-03 -1.98592342e-03 -9.69883327e-04 2.09631572e-03 5.50955760e-04 3.17066240e-03 -2.26091691e-03 5.86708311e-04 2.44596068e-03 8.11109200e-01 2.28420562e+00 5.05066267e-03 2.75621496e-01
1.15906984e-03 -2.15928442e-03 -1.80143385e-03 3.05828175e-03 1.70054547e-03 3.06138701e-03 -3.30735122e-03 1.49281351e-03 3.41494875e-03 8.70557801e-01 2.76977294e+00 -4.80599721e-03 2.46515192e-01
1.47369932e-03 -2.59003125e-03 -1.62918814e-03 2.90346185e-03 1.22671923e-03 3.18058618e-03 -2.95398670e-03 3.67470517e-04 3.05482517e-03 8.65729802e-01 2.47475403e+00 1.27716055e-02 2.63039679e-01
5.35659190e-04 -1.35866990e-03 -1.37992129e-03 2.39301850e-03 1.00301707e-03 3.28300282e-03 -2.61651940e-03 1.72630977e-03 2.90979834e-03 8.19828733e-01 2.57910954e+00 -1.18952355e-02 2.60124896e-01
1.28745743e-03 -2.15680859e-03 -1.24447291e-03 2.45008947e-03 9.97129991e-04 3.02250021e-03 -2.47150835e-03 4.26943816e-04 2.59360487e-03 8.11905039e-01 2.34997926e+00 -9.99825002e-03 2.67776728e-01
7.32993675e-04 -1.70180827e-03 -1.62356667e-03 2.84229732e-03 1.26862580e-03 3.46809449e-03 -3.08210878e-03 1.85979044e-03 3.33890732e-03 8.73340766e-01 2.71712357e+00 1.06049559e-02 2.54875911e-01
1.06578092e-03 -2.19744514e-03 -1.53100814e-03 2.81997104e-03 1.28007770e-03 3.71294123e-03 -2.88766481e-03 1.24655790e-03 3.13154214e-03 8.70321539e-01 2.51387453e+00 2.80379662e-03 2.63131112e-01
9.25675146e-04 -2.03818053e-03 -1.43687083e-03 2.45724865e-03 9.05664124e-04 2.78029062e-03 -2.65211000e-03 9.82670186e-04 2.82258655e-03 8.13220212e-01 2.54130261e+00 -2.71432859e-03 2.61192359e-01
6.94623579e-04 -1.85790389e-03 -1.50903149e-03 2.48289876e-03 1.04664659e-03 3.50725776e-03 -2.62379212e-03 1.40145286e-03 2.91628593e-03 8.45104273e-01 2.59711980e+00 1.62615469e-02 2.67824334e-01
1.25532240e-03 -2.45478922e-03 -1.60546871e-03 2.80643961e-03 1.04793776e-03 2.89104178e-03 -2.99809879e-03 7.47528486e-04 3.12300624e-03 8.39289005e-01 2.47010733e+00 -1.48148996e-02 2.56026588e-01
1.89218675e-03 -2.63238965e-03 -1.30134187e-03 2.88713158e-03 9.25998197e-04 4.22888657e-03 -2.81466644e-03 -1.66695164e-04 2.91892022e-03 8.39068718e-01 2.42943261e+00 2.17671840e-02 2.82206022e-01
7.93134745e-04 -9.63313245e-04 -1.22286510e-03 2.31559539e-03 1.36025628e-03 2.34983525e-03 -2.65807901e-03 1.68658873e-03 2.77435548e-03 8.44601358e-01 2.62414165e+00 -1.92528465e-02 2.39437269e-01
9.78342625e-04 -9.98345377e-04 -1.26387201e-03 2.58784881e-03 1.69562161e-03 2.89790531e-03 -2.89505739e-03 1.90267827e-03 3.04255776e-03 8.94918501e-01 2.68276170e+00 1.91610380e-04 2.40946759e-01
1.65914731e-03 -2.35341620e-03 -1.18576728e-03 2.53449001e-03 6.25602164e-04 3.29091077e-03 -2.55859641e-03 -2.63209003e-04 2.61190311e-03 7.85057055e-01 2.34443520e+00 -9.29022019e-05 2.78119531e-01
1.68069000e-03 -2.65480818e-03 -1.63260613e-03 3.10153907e-03 1.27065890e-03 3.74642454e-03 -2.96734015e-03 -3.15483063e-05 3.05203567e-03 8.27422288e-01 2.54140536e+00 1.05622996e-02 2.72506170e-01
6.33666008e-04 -8.15602381e-04 -1.12949138e-03 2.24896211e-03 1.21895974e-03 2.87982914e-03 -2.50614616e-03 1.81239626e-03 2.75417042e-03 8.55231531e-01 2.49869689e+00 -9.86336254e-03 2.49673608e-01
5.59638366e-04 -1.26004436e-03 -1.33525483e-03 2.36339127e-03 1.18621470e-03 3.84379948e-03 -2.52624634e-03 1.83676912e-03 2.91293157e-03 8.64713300e-01 2.49204417e+00 5.62767018e-03 2.67245701e-01
1.51746234e-03 -2.66098452e-03 -1.73796103e-03 2.95068482e-03 1.19961188e-03 2.66189275e-03 -3.07616297e-03 2.07007605e-04 3.11758855e-03 8.19611364e-01 2.57823751e+00 -5.42101989e-03 2.57590664e-01
1.40829462e-03 -2.32181671e-03 -1.24459450e-03 2.49580402e-03 8.18069123e-04 3.20104200e-03 -2.54914370e-03 2.55067962e-04 2.67462344e-03 8.05301403e-01 2.46309251e+00 1.04908018e-02 2.73033828e-01
7.44277274e-04 -1.67122389e-03 -1.63917473e-03 2.69922590e-03 1.31304607e-03 3.11912064e-03 -2.98877403e-03 1.73488260e-03 3.21428090e-03 8.74352666e-01 2.57154405e+00 -9.73584895e-03 2.49633006e-01
1.90692829e-03 -3.15222937e-03 -1.53910129e-03 3.23267262e-03 6.42929024e-04 3.84181250e-03 -3.51730249e-03 3.89653216e-04 3.68858213e-03 8.59504674e-01 2.64844432e+00 2.74415080e-02 2.70597663e-01
5.92609148e-04 -1.37945800e-03 -1.37361852e-03 2.17197135e-03 1.29052054e-03 2.55459120e-03 -2.29505200e-03 1.30772994e-03 2.46289364e-03 8.27424957e-01 2.44123418e+00 -2.36892084e-02 2.52903279e-01
8.77804908e-04 -1.98209133e-03 -1.43575391e-03 2.45855173e-03 8.38448352e-04 2.55422864e-03 -2.69437531e-03 1.03346238e-03 2.83959742e-03 8.41855916e-01 2.41361045e+00 -8.02715001e-03 2.53822627e-01
1.10426520e-03 -2.22825896e-03 -1.52455260e-03 2.81522800e-03 1.36800277e-03 4.01124174e-03 -2.83173468e-03 1.22443719e-03 3.10719348e-03 8.42187403e-01 2.64973758e+00 8.47580086e-03 2.69811001e-01
1.62853031e-03 -2.22638062e-03 -1.31658061e-03 2.78871312e-03 8.38200379e-04 3.71175986e-03 -2.56726575e-03 -4.45490635e-04 2.59443095e-03 8.33293855e-01 2.30049730e+00 2.95245520e-02 2.81757524e-01
1.45825167e-03 -3.64472648e-04 -6.97735496e-04 2.46289219e-03 2.17598421e-03 2.96615448e-03 -2.70933158e-03 1.94477773e-03 2.86365319e-03 8.49008120e-01 2.75452371e+00 -2.50895241e-02 2.38656830e-01
1.62478064e-03 -2.20265233e-03 -1.68729778e-03 3.54634278e-03 1.63499928e-03 4.39332518e-03 -2.88237987e-03 -3.55802136e-04 2.90257997e-03 8.41418683e-01 2.49840366e+00 3.48840979e-02 2.77853813e-01
2.21425704e-03 2.63824951e-04 3.11731810e-04 1.98889213e-03 2.65725844e-03 3.17819706e-03 -2.06055319e-03 1.63466367e-03 2.26581228e-03 8.42522397e-01 2.56646570e+00 -2.89294109e-02 2.42111226e-01
4.31895517e-04 -8.85273295e-04 -1.20728844e-03 2.21557173e-03 9.16122767e-04 2.76761176e-03 -2.50010793e-03 1.80393463e-03 2.75238847e-03 8.29717821e-01 2.46107522e+00 -2.24253989e-02 2.49290466e-01
1.69667027e-03 -2.76442549e-03 -1.76540722e-03 3.25911722e-03 1.54806832e-03 4.03766691e-03 -3.08615100e-03 1.47251429e-04 3.20295948e-03 8.56637665e-01 2.62007829e+00 2.57769111e-02 2.72390613e-01
1.38551822e-03 -2.39893011e-03 -1.20956345e-03 2.49508201e-03 5.56706368e-04 3.25405775e-03 -2.73645210e-03 5.71879757e-04 2.92218712e-03 7.95093883e-01 2.48521462e+00 -1.17029897e-03 2.72198515e-01
8.20508146e-04 -1.88476671e-03 -1.67298484e-03 2.67191907e-03 1.48713523e-03 2.99733290e-03 -2.82502100e-03 1.41945218e-03 3.00196951e-03 8.86519010e-01 2.56063857e+00 1.25072446e-03 2.50928003e-01
7.19906711e-04 -1.74392034e-03 -1.45596877e-03 2.33082497e-03 9.76553364e-04 2.35063402e-03 -2.57659527e-03 1.17042090e-03 2.69527178e-03 8.34669814e-01 2.50119536e+00 -9.38847307e-03 2.49291214e-01
1.39974570e-03 -2.57575644e-03 -1.49316405e-03 2.86185543e-03 1.04584335e-03 4.11861250e-03 -3.00168807e-03 9.10192323e-04 3.25699550e-03 8.49866020e-01 2.56200814e+00 9.96942801e-03 2.72554516e-01
1.41622492e-03 -2.54638548e-03 -1.67595376e-03 2.87841495e-03 1.25732015e-03 3.01335672e-03 -2.92487781e-03 3.35286875e-04 3.00603530e-03 8.40935678e-01 2.48939046e+00 -1.96658546e-03 2.60778622e-01
4.49097348e-04 -1.37686722e-03 -1.46508247e-03 2.39269110e-03 9.10848458e-04 3.43416790e-03 -2.66511048e-03 1.80586742e-03 3.00460177e-03 8.43116678e-01 2.56302098e+00 2.04064753e-03 2.62579395e-01
1.79005164e-03 -3.02234174e-03 -1.50307952e-03 3.13218883e-03 7.78828288e-04 4.33568248e-03 -3.39680949e-03 6.97416395e-04 3.65203303e-03 8.44084496e-01 2.74572088e+00 3.05479847e-02 2.75652436e-01
7.13273070e-04 -1.53171986e-03 -1.33410911e-03 2.18110080e-03 1.18148306e-03 2.32453795e-03 -2.34322149e-03 1.14844302e-03 2.46105064e-03 8.40376762e-01 2.35840740e+00 -2.58876275e-02 2.47132205e-01
1.30658617e-03 -2.35184726e-03 -1.73218355e-03 2.99084552e-03 1.77799237e-03 3.77119719e-03 -2.67504961e-03 3.35674640e-04 2.81247332e-03 8.71478377e-01 2.42150212e+00 1.33910373e-02 2.70221927e-01
3.91038542e-04 -9.22199784e-04 -1.30073189e-03 2.42534042e-03 7.60943702e-04 3.24900187e-03 -2.79413283e-03 2.09416135e-03 3.14748389e-03 8.14373801e-01 2.63338490e+00 -1.24455925e-02 2.56041164e-01
8.31606060e-04 -1.72411561e-03 -1.41642246e-03 2.44637963e-03 1.18372306e-03 2.77477102e-03 -2.63714474e-03 1.30107503e-03 2.80290133e-03 8.48869358e-01 2.44392026e+00 -1.48509136e-02 2.52541504e-01
1.37301054e-03 -2.46702999e-03 -1.39562957e-03 2.78298378e-03 9.77091262e-04 3.71194286e-03 -2.88013738e-03 7.57966106e-04 3.08236135e-03 8.34191965e-01 2.60761171e+00 1.63506529e-02 2.70615033e-01
7.12426118e-04 -8.84720413e-04 -1.27040923e-03 2.47353918e-03 1.33705393e-03 2.69999266e-03 -2.80707574e-03 1.92820460e-03 2.99753813e-03 8.38628116e-01 2.61976152e+00 -2.90988321e-02 2.40465533e-01
1.65364987e-03 -2.47405445e-03 -1.41222247e-03 2.86936308e-03 1.09816224e-03 4.04895438e-03 -2.69199416e-03 -9.63694526e-05 2.80094754e-03 8.46410356e-01 2.45644113e+00 3.50877939e-02 2.80930830e-01
8.55704475e-04 -1.96208083e-03 -1.58603557e-03 2.51964054e-03 1.12881804e-03 2.50322747e-03 -2.76545950e-03 1.14439644e-03 2.87639391e-03 8.33202877e-01 2.50892127e+00 -2.40916479e-02 2.47065472e-01
1.32824572e-03 -2.37469431e-03 -1.31634368e-03 2.64283155e-03 8.83898480e-04 3.94345543e-03 -2.82221185e-03 9.38731624e-04 3.07749641e-03 8.52715944e-01 2.56487839e+00 2.80269853e-02 2.74307930e-01
9.79612323e-04 -2.15216192e-03 -1.44597486e-03 2.56941067e-03 8.60194220e-04 3.58432014e-03 -2.79502992e-03 1.21309646e-03 3.06743065e-03 8.13888546e-01 2.66578546e+00 1.01239757e-02 2.69868863e-01
1.12220408e-03 -2.09656995e-03 -1.43884234e-03 2.62331815e-03 1.25983079e-03 2.87457672e-03 -2.71304555e-03 9.11857674e-04 2.83294520e-03 8.67133858e-01 2.38295954e+00 -9.43850043e-03 2.53296108e-01
3.77480419e-04 -1.51050342e-03 -1.54969916e-03 2.48924399e-03 6.05587167e-04 3.13251680e-03 -2.85795082e-03 1.82053313e-03 3.17608543e-03 8.15529768e-01 2.59123029e+00 -1.19977257e-02 2.58394962e-01
1.31639571e-03 -2.33057334e-03 -1.58318815e-03 2.86638952e-03 1.64333572e-03 3.58816510e-03 -2.69117583e-03 5.71398391e-04 2.84389923e-03 8.70174913e-01 2.46842976e+00 1.28788374e-02 2.67337893e-01
1.15698820e-03 -2.10905939e-03 -1.32527510e-03 2.37787142e-03 9.96307999e-04 2.63972414e-03 -2.42965842e-03 4.21614620e-04 2.52730135e-03 8.01553034e-01 2.42260945e+00 -6.87664973e-03 2.63557375e-01
7.72367772e-04 -1.86420259e-03 -1.68198405e-03 2.89827837e-03 1.23015488e-03 3.91432481e-03 -3.15016415e-03 1.89343370e-03 3.48557572e-03 8.82486835e-01 2.63074536e+00 7.17177450e-03 2.60205493e-01
1.12217451e-03 -1.98079289e-03 -1.44939914e-03 2.44821586e-03 1.55077521e-03 2.61883500e-03 -2.46948470e-03 7.27911277e-04 2.54880639e-03 8.58545440e-01 2.33896228e+00 -1.87028257e-02 2.51648862e-01
9.12343645e-04 -2.33472304e-03 -1.52582505e-03 2.63861718e-03 2.60012417e-04 3.96396338e-03 -3.14040144e-03 1.47009487e-03 3.50533988e-03 8.22207071e-01 2.71337206e+00 2.11615002e-02 2.72789525e-01
1.93621605e-03 -2.78826444e-03 -1.22837798e-03 2.84858456e-03 6.47373798e-04 3.80179648e-03 -3.01121183e-03 5.13299013e-05 3.12380714e-03 8.39733370e-01 2.56443576e+00 3.44154047e-02 2.76154462e-01
7.31935651e-04 -1.32148947e-03 -1.38457219e-03 2.36679422e-03 1.39360462e-03 2.59402459e-03 -2.58665800e-03 1.52418830e-03 2.72198263e-03 8.43818678e-01 2.49594013e+00 -2.85954691e-02 2.44686098e-01
1.27696377e-03 -5.04278728e-04 -8.00536065e-04 2.43911343e-03 2.12640049e-03 3.52736168e-03 -2.59110552e-03 1.99005368e-03 2.87766662e-03 8.79353212e-01 2.66396769e+00 -5.41595681e-03 2.49478244e-01
1.56716989e-03 -2.40326144e-03 -1.53974779e-03 2.90712178e-03 8.63489691e-04 3.02876581e-03 -2.80076631e-03 -3.97727591e-04 2.81500704e-03 8.00860420e-01 2.39097800e+00 5.72825845e-03 2.72068175e-01
9.32836905e-04 -1.96804129e-03 -1.51334577e-03 2.56466786e-03 1.30144063e-03 3.08310732e-03 -2.67520251e-03 1.16192511e-03 2.85929304e-03 8.51916312e-01 2.39153434e+00 -2.14619903e-02 2.56135488e-01
1.24656101e-03 -2.32514163e-03 -1.34018069e-03 2.69093776e-03 8.30105804e-04 3.39601635e-03 -2.86712609e-03 9.09149518e-04 3.05924804e-03 8.29987680e-01 2.66987303e+00 2.46713534e-02 2.67441108e-01
2.27549022e-03 -3.21768117e-03 -1.41737644e-03 3.25879431e-03 6.37682075e-04 4.20229312e-03 -3.46689645e-03 -1.29372451e-04 3.56849452e-03 8.49970631e-01 2.65396189e+00 3.51861353e-02 2.76645358e-01
6.39524073e-04 -1.05277863e-03 -1.19899036e-03 2.08580091e-03 1.29480133e-03 2.26945509e-03 -2.28026326e-03 1.40420286e-03 2.39178508e-03 8.35812695e-01 2.42081805e+00 -2.91872136e-02 2.43429972e-01
1.68091615e-03 -2.91853243e-03 -1.92697488e-03 3.34525424e-03 1.66982126e-03 3.58751328e-03 -3.37178488e-03 4.95248456e-04 3.48058403e-03 8.59669623e-01 2.74320998e+00 1.56602020e-02 2.62379355e-01
3.76304070e-04 -1.20226145e-03 -1.22568359e-03 2.09938120e-03 7.07248337e-04 2.97927644e-03 -2.31146707e-03 1.56293288e-03 2.59664449e-03 8.25975159e-01 2.33979200e+00 -1.43540071e-02 2.61171574e-01
8.69934723e-04 -2.07818539e-03 -1.67393917e-03 2.79242552e-03 1.09398561e-03 3.20120712e-03 -3.07224368e-03 1.48701429e-03 3.29629589e-03 8.51148244e-01 2.51816100e+00 -2.18135781e-02 2.52722424e-01
1.17100763e-03 -2.17673063e-03 -1.33480369e-03 2.49384109e-03 1.04007104e-03 3.23254627e-03 -2.51964291e-03 6.32449578e-04 2.68938964e-03 8.30900960e-01 2.54093767e+00 2.51277397e-02 2.70859381e-01
1.35039691e-03 -2.27857732e-03 -1.39971486e-03 2.61174881e-03 1.12219820e-03 2.92644392e-03 -2.62157759e-03 3.36292937e-04 2.72410092e-03 8.23193114e-01 2.39516504e+00 -2.70732512e-03 2.65969377e-01
5.62900277e-04 -1.51360637e-03 -1.57949624e-03 2.71110961e-03 1.15063068e-03 3.60908215e-03 -2.94794205e-03 1.95199619e-03 3.26864482e-03 8.60766383e-01 2.67147434e+00 2.79577819e-03 2.57581968e-01
1.64905797e-03 -2.72045667e-03 -1.49597926e-03 3.03514923e-03 1.09380584e-03 3.68855802e-03 -3.11156761e-03 5.01523218e-04 3.27961630e-03 8.21969688e-01 2.59268752e+00 3.87164430e-04 2.69854339e-01
5.19735401e-04 -1.45552031e-03 -1.44080038e-03 2.32771756e-03 1.09736419e-03 2.79052738e-03 -2.49826720e-03 1.49470893e-03 2.71669390e-03 8.61475968e-01 2.47414273e+00 -3.26743571e-04 2.54037838e-01
9.15215388e-04 -1.70766131e-03 -1.44032160e-03 2.42891550e-03 1.26490327e-03 2.23285923e-03 -2.68983774e-03 1.19115701e-03 2.73953066e-03 8.33199405e-01 2.48198592e+00 -3.26690452e-02 2.40350049e-01
1.66865730e-03 -2.64460352e-03 -1.21920965e-03 2.68623759e-03 7.41775317e-04 4.40243153e-03 -2.90400947e-03 6.63122767e-04 3.15382029e-03 8.53646405e-01 2.60543245e+00 4.03324580e-02 2.79873085e-01
1.47715290e-03 -4.77986607e-05 -3.63527307e-04 2.27468279e-03 2.18829239e-03 3.54679485e-03 -2.38347761e-03 1.99528408e-03 2.69990088e-03 8.64811143e-01 2.62887144e+00 -8.55848232e-03 2.49013016e-01
1.49613998e-03 -2.28588658e-03 -1.70281069e-03 3.21072068e-03 1.44433477e-03 3.56112513e-03 -2.81840672e-03 -2.40314533e-04 2.85294144e-03 8.16774073e-01 2.43940763e+00 9.12848882e-03 2.72468689e-01
7.27104878e-04 -1.44418278e-03 -1.35406434e-03 2.34620083e-03 1.41223496e-03 2.94985330e-03 -2.44538738e-03 1.43545770e-03 2.64345650e-03 8.23565625e-01 2.52464356e+00 -2.22894537e-02 2.55932229e-01
1.65124259e-03 -2.84945366e-03 -1.49693187e-03 2.97403511e-03 6.77884578e-04 3.38057549e-03 -3.22067721e-03 4.02840864e-04 3.35662228e-03 8.63716528e-01 2.54739766e+00 2.55562162e-02 2.66913104e-01
6.49351783e-04 -1.20265712e-03 -1.41835584e-03 2.30743123e-03 1.17520192e-03 2.11885636e-03 -2.68467487e-03 1.55507000e-03 2.75121915e-03 8.33431551e-01 2.62493783e+00 -2.44761101e-02 2.37259444e-01
2.01083308e-03 -2.77841194e-03 -1.22981404e-03 2.83557456e-03 7.87279376e-04 4.27710728e-03 -2.92131616e-03 -3.97545237e-05 3.04914203e-03 8.52490575e-01 2.45294807e+00 2.85498995e-02 2.81625567e-01
8.98209915e-04 -1.08643159e-03 -1.44910957e-03 2.68979986e-03 1.75448433e-03 3.05480210e-03 -3.00805377e-03 1.99428738e-03 3.19017974e-03 8.68466704e-01 2.82067796e+00 -5.39795443e-03 2.44283631e-01
1.58585837e-03 -2.32702712e-03 -1.20132065e-03 2.47936149e-03 5.47662718e-04 3.04758774e-03 -2.53603807e-03 -2.72751324e-04 2.58148518e-03 8.13335666e-01 2.23992377e+00 5.67868489e-03 2.76192681e-01
1.03535866e-03 -2.02934300e-03 -1.16928944e-03 2.23052473e-03 6.04632962e-04 3.17367235e-03 -2.44803982e-03 8.45056551e-04 2.66541775e-03 7.81222912e-01 2.51237916e+00 1.10615271e-03 2.72413888e-01
1.21242368e-03 -2.25200063e-03 -1.63958180e-03 2.92008457e-03 1.53894834e-03 3.16679904e-03 -3.04452164e-03 1.15830978e-03 3.17335987e-03 8.97709446e-01 2.50250449e+00 -9.79026631e-04 2.50077340e-01
2.02687830e-03 -3.19619799e-03 -1.66973901e-03 3.41779887e-03 1.02541889e-03 4.13706615e-03 -3.51457555e-03 1.61389197e-04 3.66696937e-03 8.53913362e-01 2.71178053e+00 3.12822255e-02 2.73787125e-01
4.72203021e-04 -1.14190501e-03 -1.29117458e-03 2.12438389e-03 1.11224507e-03 2.49237018e-03 -2.30401126e-03 1.48156113e-03 2.49391693e-03 8.32424657e-01 2.40079401e+00 -2.64669804e-02 2.48985182e-01
1.06653773e-03 -2.05602632e-03 -1.27974347e-03 2.39322090e-03 8.56779162e-04 2.90487339e-03 -2.53406521e-03 7.92654523e-04 2.70508046e-03 8.03962760e-01 2.44745786e+00 -6.86770525e-03 2.65848161e-01
8.64881670e-04 -2.17691256e-03 -1.75661613e-03 2.88780302e-03 1.28790788e-03 3.52731180e-03 -3.04588032e-03 1.46740368e-03 3.29535024e-03 8.80196492e-01 2.61071059e+00 7.16333501e-03 2.57967577e-01
1.43937757e-03 -2.54098156e-03 -1.55892163e-03 2.84305982e-03 1.17271962e-03 3.32324560e-03 -2.89724774e-03 4.61517142e-04 3.03116429e-03 8.61307359e-01 2.42681543e+00 6.03115510e-03 2.65350845e-01
5.13928492e-04 -1.53847259e-03 -1.50057020e-03 2.44184786e-03 9.47250375e-04 3.07204626e-03 -2.68979350e-03 1.64110108e-03 2.95068869e-03 8.23130642e-01 2.63029473e+00 -5.79837757e-03 2.57891128e-01
4.61395065e-04 -1.30683961e-03 -1.37989698e-03 2.33455910e-03 9.38317064e-04 2.76012959e-03 -2.55644415e-03 1.61703450e-03 2.76950080e-03 8.55009462e-01 2.38864227e+00 -1.74164269e-02 2.49390154e-01
1.66157734e-03 -2.71896497e-03 -1.56702752e-03 3.02061992e-03 1.25295877e-03 3.78641967e-03 -3.02612002e-03 3.49078612e-04 3.16948245e-03 8.26700054e-01 2.68352392e+00 1.95231775e-02 2.72181541e-01
9.72815546e-04 -1.77455866e-03 -1.36030914e-03 2.36645480e-03 1.52781498e-03 2.77828730e-03 -2.36400567e-03 9.60684043e-04 2.49123581e-03 8.47158196e-01 2.33805446e+00 -2.37947915e-02 2.54586630e-01
1.20040034e-03 -2.64084360e-03 -1.52472505e-03 2.84540943e-03 3.25398096e-04 3.74133604e-03 -3.28744845e-03 1.15539862e-03 3.56781266e-03 8.35691144e-01 2.73080474e+00 2.77403964e-02 2.69532238e-01
8.65706996e-04 -1.97614534e-03 -1.52583498e-03 2.68953796e-03 1.25719662e-03 3.95090265e-03 -2.78490458e-03 1.49570433e-03 3.10098774e-03 8.50455570e-01 2.55377768e+00 -2.34467966e-03 2.67320621e-01
1.15614415e-03 -2.16866333e-03 -1.40631815e-03 2.56943935e-03 9.83648220e-04 2.57830395e-03 -2.74188654e-03 7.49148595e-04 2.84131668e-03 8.33310959e-01 2.50655220e+00 2.43617256e-03 2.56638992e-01
4.67534403e-04 -1.22822414e-03 -1.44231265e-03 2.31098085e-03 1.15514755e-03 2.56994729e-03 -2.53571502e-03 1.61133084e-03 2.72115131e-03 8.33158095e-01 2.58088894e+00 -1.63433258e-02 2.48134701e-01
1.88961944e-03 -2.86962540e-03 -1.47057543e-03 3.12601177e-03 1.02622634e-03 3.94667683e-03 -3.16319488e-03 1.60265155e-04 3.30916145e-03 8.52059894e-01 2.51422787e+00 1.80818342e-02 2.74744980e-01
1.66131236e-03 -2.62588583e-03 -1.27688361e-03 2.72088429e-03 7.77149148e-04 3.80096684e-03 -2.83992337e-03 3.06723872e-04 3.00212328e-03 8.35087969e-01 2.44078956e+00 8.99594102e-03 2.75490308e-01
7.70207042e-04 -1.44505202e-03 -1.42062589e-03 2.43335755e-03 1.33553135e-03 2.54310617e-03 -2.67465319e-03 1.49155869e-03 2.79823259e-03 8.48429192e-01 2.60339820e+00 -8.48327618e-03 2.47140316e-01
8.30952035e-04 -2.16228083e-03 -1.63228516e-03 2.73505560e-03 9.77561388e-04 4.35810606e-03 -2.95298178e-03 1.58815951e-03 3.33942893e-03 8.67727409e-01 2.64646982e+00 2.43908169e-02 2.72961910e-01
1.10433590e-03 -2.10241560e-03 -1.47098711e-03 2.48517999e-03 1.10405291e-03 2.30735393e-03 -2.67028431e-03 7.03318299e-04 2.73586563e-03 8.19855432e-01 2.43649130e+00 -2.14153788e-02 2.50737220e-01
1.01057826e-03 -2.17325668e-03 -1.69863794e-03 2.84073523e-03 1.44130345e-03 3.37541134e-03 -2.99358388e-03 1.34298003e-03 3.19770602e-03 8.71446185e-01 2.63063918e+00 4.83408363e-03 2.57188864e-01
1.02049422e-03 -2.09915252e-03 -1.28182964e-03 2.36430198e-03 6.72130632e-04 2.96445904e-03 -2.56783709e-03 8.35864967e-04 2.75279236e-03 8.12503513e-01 2.42222025e+00 -4.67142901e-03 2.65722694e-01
9.89891110e-04 -2.02884721e-03 -1.60710703e-03 2.81945907e-03 1.34357621e-03 3.11132514e-03 -3.01866162e-03 1.41110976e-03 3.17892979e-03 8.52940677e-01 2.69073426e+00 -1.08351956e-03 2.52701186e-01
1.11534687e-03 -2.12742931e-03 -1.26375999e-03 2.38459926e-03 8.19886036e-04 3.22967942e-03 -2.52182055e-03 7.68441937e-04 2.71885633e-03 8.30824260e-01 2.37076240e+00 1.14761109e-03 2.69660643e-01
9.27667196e-04 -2.03501375e-03 -1.47510892e-03 2.61237263e-03 1.19203433e-03 3.68563195e-03 -2.69135105e-03 1.26254456e-03 2.96120363e-03 8.50683307e-01 2.56300356e+00 1.14674160e-02 2.68255044e-01
1.02634703e-03 -2.22893129e-03 -1.54929277e-03 2.63305502e-03 9.16894578e-04 2.74003974e-03 -2.87785688e-03 9.66973679e-04 3.01978429e-03 8.33986779e-01 2.50177767e+00 -1.07199006e-02 2.54863263e-01
7.96797757e-04 -1.92988123e-03 -1.32526898e-03 2.38134634e-03 5.27441026e-04 2.91261999e-03 -2.67698248e-03 1.18821419e-03 2.90738459e-03 8.17275548e-01 2.49005161e+00 2.68204185e-03 2.63615293e-01
1.14865874e-03 -2.27355053e-03 -1.67442654e-03 2.93032457e-03 1.73370233e-03 3.71271524e-03 -2.85477617e-03 1.09687543e-03 3.06614923e-03 8.65472571e-01 2.56404013e+00 -2.56497646e-03 2.62411511e-01
1.46345516e-03 -2.43838255e-03 -1.30394765e-03 2.60380371e-03 7.66481303e-04 3.14221324e-03 -2.71808143e-03 2.91310168e-04 2.85566803e-03 7.96353741e-01 2.51522809e+00 7.74890608e-03 2.72655868e-01
6.21672589e-04 -1.66788961e-03 -1.67097915e-03 2.68107518e-03 1.34416907e-03 3.20753587e-03 -2.87215068e-03 1.71670798e-03 3.11871430e-03 8.82591049e-01 2.54013960e+00 -7.25763049e-03 2.50963658e-01
6.53125495e-04 -1.59693279e-03 -1.53601338e-03 2.45099757e-03 1.03974725e-03 2.35293069e-03 -2.76791996e-03 1.44478807e-03 2.89124808e-03 8.35135520e-01 2.51498796e+00 -2.57732655e-02 2.43070190e-01
1.64454433e-03 -2.56035885e-03 -1.27639755e-03 2.78625015e-03 1.08774980e-03 4.30726530e-03 -2.79721976e-03 5.31339238e-04 3.01327840e-03 8.50535302e-01 2.56500351e+00 3.03422659e-02 2.79001013e-01
3.75028091e-04 -1.33140952e-03 -1.54765167e-03 2.70721432e-03 7.43379070e-04 3.78224818e-03 -3.05984260e-03 2.19983810e-03 3.44177693e-03 8.55030806e-01 2.68946509e+00 9.59145380e-03 2.59574018e-01
1.26449223e-03 -2.18889623e-03 -1.51337243e-03 2.58826766e-03 1.45231608e-03 2.94922495e-03 -2.50294763e-03 3.37646290e-04 2.59174009e-03 8.29719745e-01 2.37034749e+00 -9.05972459e-03 2.63870155e-01
5.65841500e-04 -1.52408380e-03 -1.33715827e-03 2.23995497e-03 7.79952427e-04 2.62974570e-03 -2.49173644e-03 1.36875449e-03 2.68662724e-03 8.27448216e-01 2.45107784e+00 -9.28821282e-03 2.54804543e-01
1.50419099e-03 -2.64712076e-03 -1.63335662e-03 3.08159988e-03 1.42922713e-03 3.94289739e-03 -3.08706275e-03 7.54737767e-04 3.27710819e-03 8.57411909e-01 2.60988572e+00 9.84151522e-03 2.67837393e-01
1.70871794e-03 -2.60369610e-03 -1.49739627e-03 2.98261671e-03 1.19698691e-03 4.13408615e-03 -2.83355193e-03 -7.80767030e-06 2.95390836e-03 8.39859512e-01 2.54596971e+00 3.13719485e-02 2.79198853e-01
4.95119679e-04 -9.48555443e-04 -1.35176430e-03 2.38098988e-03 1.04910680e-03 2.54799107e-03 -2.73184717e-03 1.85991842e-03 2.91577221e-03 8.43751383e-01 2.53477405e+00 -2.64554715e-02 2.40089015e-01
1.24317495e-03 -2.49574894e-03 -1.58706587e-03 2.81112262e-03 8.75611496e-04 2.85339396e-03 -3.05360437e-03 7.67454142e-04 3.18588760e-03 8.64606621e-01 2.47324431e+00 5.09810919e-03 2.56583724e-01
7.58159909e-04 -1.82145827e-03 -1.47078136e-03 2.46589995e-03 1.23375902e-03 3.48927181e-03 -2.54713057e-03 1.35516323e-03 2.82528997e-03 8.19631966e-01 2.58789802e+00 -4.92045463e-03 2.67198711e-01
6.88950211e-04 -1.53405574e-03 -1.28121722e-03 2.25756502e-03 1.13103319e-03 2.78582455e-03 -2.34304715e-03 1.24932361e-03 2.53118768e-03 8.38731750e-01 2.42157685e+00 -6.57444984e-03 2.57867082e-01
1.50004212e-03 -2.77370089e-03 -1.63514244e-03 3.10130831e-03 1.06448872e-03 3.72617996e-03 -3.28402569e-03 8.40387917e-04 3.49227060e-03 8.45465276e-01 2.64687700e+00 6.88501376e-03 2.66157589e-01
1.42122104e-03 -2.34724499e-03 -1.13060051e-03 2.37297158e-03 4.50311669e-04 2.97901409e-03 -2.60330787e-03 3.13367802e-04 2.73296785e-03 8.14669489e-01 2.43458002e+00 2.14977925e-02 2.72267640e-01
8.38180800e-04 -1.88193349e-03 -1.74621663e-03 2.78155981e-03 1.57836357e-03 3.21765629e-03 -2.97392099e-03 1.59114050e-03 3.17341289e-03 8.64562721e-01 2.60175062e+00 -1.89325854e-02 2.49974445e-01
1.01765452e-03 -3.64620616e-04 -6.61415338e-04 2.17051865e-03 1.59412581e-03 3.36352532e-03 -2.34424350e-03 1.90599335e-03 2.66464141e-03 8.24652126e-01 2.53286993e+00 -2.15065712e-02 2.55138222e-01
1.49743930e-03 -2.59812631e-03 -1.92914199e-03 3.31913917e-03 1.56761269e-03 3.70680299e-03 -3.02801680e-03 -6.16492540e-05 3.09499915e-03 8.62337118e-01 2.52622680e+00 2.45390309e-02 2.68985142e-01
9.64713333e-04 -2.08097349e-03 -1.38229920e-03 2.47748619e-03 9.03161993e-04 3.06491680e-03 -2.62158605e-03 9.75670906e-04 2.81642688e-03 8.53218500e-01 2.35613751e+00 -5.89476060e-03 2.61174907e-01
1.11004801e-03 -2.20347363e-03 -1.56623063e-03 2.78644736e-03 1.30524992e-03 3.37714661e-03 -2.92845965e-03 1.19552354e-03 3.13884438e-03 8.30083146e-01 2.71429596e+00 6.17840700e-03 2.63387102e-01
4.42806803e-04 -1.03291056e-03 -1.35829454e-03 2.57243668e-03 8.11027461e-04 3.48677333e-03 -2.93816922e-03 2.17744298e-03 3.29706717e-03 8.39589791e-01 2.69766921e+00 5.13182971e-03 2.57291051e-01
1.30967578e-03 -2.26146902e-03 -1.59423188e-03 2.78387732e-03 1.61612320e-03 3.40846839e-03 -2.56055575e-03 2.90815264e-04 2.67235419e-03 8.44351791e-01 2.36220742e+00 -4.93037024e-03 2.67739622e-01
1.05640322e-03 -6.04577713e-04 -9.77467654e-04 2.50007311e-03 1.70897269e-03 3.07402209e-03 -2.78899565e-03 2.02600577e-03 3.00924459e-03 8.48769847e-01 2.69232908e+00 -2.09411200e-02 2.42911942e-01
1.52068358e-03 -2.31020548e-03 -1.43603212e-03 2.80230924e-03 1.05151587e-03 3.61073952e-03 -2.59703355e-03 -2.08415162e-04 2.66428762e-03 8.33894996e-01 2.36653917e+00 2.39682476e-02 2.78032942e-01
7.46993272e-04 -6.27942001e-04 -1.01888112e-03 2.24339596e-03 1.38770840e-03 2.90673538e-03 -2.49012458e-03 1.85612100e-03 2.74062283e-03 8.42175222e-01 2.48790532e+00 -2.62340121e-02 2.46940918e-01
1.70311078e-03 -2.61535386e-03 -1.66633062e-03 3.22966030e-03 1.32102174e-03 3.94956353e-03 -2.98522726e-03 -1.56117507e-04 3.05591549e-03 8.41846297e-01 2.57892772e+00 3.10472205e-02 2.75069725e-01
1.17779175e-03 -2.53671090e-03 -1.86949122e-03 3.10316013e-03 1.29444872e-03 3.17118299e-03 -3.36759465e-03 1.22408416e-03 3.53029857e-03 8.63138748e-01 2.69658003e+00 -6.06245172e-04 2.52875026e-01
8.12312180e-04 -1.81806054e-03 -1.22567244e-03 2.17410640e-03 8.20491941e-04 3.15256553e-03 -2.28375092e-03 9.81138141e-04 2.52048582e-03 8.20153193e-01 2.36563687e+00 6.71179027e-04 2.70830959e-01
1.66004194e-03 -2.87133079e-03 -1.85077931e-03 3.31737645e-03 1.66603560e-03 3.78434034e-03 -3.34186377e-03 6.48275036e-04 3.48355815e-03 8.75314899e-01 2.61725601e+00 5.24084631e-03 2.61620342e-01
4.01041720e-04 -1.35440327e-03 -1.25513515e-03 2.08847449e-03 6.24126587e-04 2.79430170e-03 -2.30842203e-03 1.41766652e-03 2.56077891e-03 8.08566957e-01 2.43075449e+00 -5.06021728e-03 2.62187898e-01
9.32043277e-04 -2.05387381e-03 -1.36869808e-03 2.46145759e-03 8.28925165e-04 3.24165158e-03 -2.62610740e-03 1.04915350e-03 2.84843222e-03 8.24266936e-01 2.40579078e+00 -1.37911827e-02 2.64819018e-01
1.08938549e-03 -2.23293182e-03 -1.62906335e-03 2.76808355e-03 1.29861924e-03 3.12377432e-03 -2.94690919e-03 1.13718312e-03 3.11513793e-03 8.61408022e-01 2.66164067e+00 1.49887999e-02 2.58547554e-01
1.72023653e-03 -2.75064506e-03 -1.56345664e-03 3.03803123e-03 1.04557695e-03 3.69981629e-03 -3.01930163e-03 1.69529612e-05 3.11930681e-03 8.45245294e-01 2.62708536e+00 3.78392475e-02 2.73571378e-01
6.38390296e-04 -1.15264324e-03 -1.31179582e-03 2.34193070e-03 1.21555340e-03 2.87186333e-03 -2.59991369e-03 1.70994333e-03 2.82304788e-03 8.39573608e-01 2.45333046e+00 -3.09629355e-02 2.48447048e-01
9.82311288e-04 -2.26935115e-03 -1.83261513e-03 3.00852299e-03 1.61912232e-03 3.69872934e-03 -3.07169780e-03 1.41122135e-03 3.31267535e-03 8.86935125e-01 2.55437959e+00 -6.73690414e-03 2.56573018e-01
1.03697236e-03 -2.06236963e-03 -1.19906707e-03 2.27159258e-03 5.40874685e-04 2.75905193e-03 -2.48877248e-03 7.08596329e-04 2.66437812e-03 7.91365898e-01 2.47628878e+00 7.19092144e-03 2.68923566e-01
1.46804197e-03 -2.74422956e-03 -1.85159887e-03 3.17476878e-03 1.49102211e-03 3.30811744e-03 -3.30428801e-03 7.82423408e-04 3.43595848e-03 8.76881661e-01 2.65828262e+00 1.36846886e-02 2.58033537e-01
5.59913615e-04 -1.52593637e-03 -1.25616278e-03 2.18479203e-03 7.64572866e-04 3.15783660e-03 -2.35460779e-03 1.37640585e-03 2.63112422e-03 8.09120159e-01 2.41152279e+00 -1.27105070e-02 2.66129255e-01
1.00155379e-03 -1.87811492e-03 -1.37594763e-03 2.44546421e-03 1.37686069e-03 2.77729273e-03 -2.48875083e-03 9.59602835e-04 2.61499779e-03 8.31887502e-01 2.42437194e+00 -2.15321642e-02 2.54840904e-01
1.08464324e-03 -2.45323025e-03 -1.57696702e-03 2.82262033e-03 6.82262368e-04 3.79644417e-03 -3.14638355e-03 1.27055909e-03 3.44504615e-03 8.53999501e-01 2.65810304e+00 2.46193905e-02 2.69153695e-01
6.35801116e-04 -1.53727296e-03 -1.32138453e-03 2.25955824e-03 1.18982670e-03 3.24910957e-03 -2.30371491e-03 1.34431312e-03 2.57151518e-03 8.40136956e-01 2.39133616e+00 -7.86003929e-03 2.65640990e-01
1.48664124e-03 -2.80198068e-03 -1.70192374e-03 3.12135911e-03 1.00632580e-03 3.17428685e-03 -3.36116421e-03 7.36265911e-04 3.50073254e-03 8.44032629e-01 2.68662494e+00 8.28848665e-03 2.59513320e-01
1.16615074e-03 -2.56479867e-03 -1.65387017e-03 2.94815287e-03 8.53458861e-04 4.40990575e-03 -3.25655688e-03 1.40346221e-03 3.60469607e-03 8.67045525e-01 2.69299531e+00 2.52214771e-02 2.71938699e-01
9.50023839e-04 -1.84284066e-03 -1.34159820e-03 2.23863569e-03 1.11121492e-03 2.23865711e-03 -2.40592204e-03 8.02154189e-04 2.47999036e-03 8.20586355e-01 2.38903972e+00 -2.20489315e-02 2.50310839e-01
7.28548634e-04 -8.34575909e-04 -1.10401936e-03 2.13905075e-03 1.41671281e-03 2.37612970e-03 -2.36694958e-03 1.58028314e-03 2.50122670e-03 8.34585635e-01 2.54387825e+00 -2.70858641e-02 2.41602017e-01
2.17132848e-03 -3.11183178e-03 -1.57626287e-03 3.36503440e-03 7.72262902e-04 4.13685792e-03 -3.40912013e-03 -3.63076031e-04 3.49053319e-03 8.51339157e-01 2.56355679e+00 3.21693067e-02 2.78574018e-01
7.38755856e-04 -8.47860875e-04 -1.12961460e-03 2.40207876e-03 1.43651334e-03 3.50459724e-03 -2.59436024e-03 1.97076113e-03 2.91710169e-03 8.55133201e-01 2.57364232e+00 -5.64241254e-03 2.56843204e-01
1.48135606e-03 -2.52121805e-03 -1.66401081e-03 2.93390876e-03 1.14612476e-03 3.10595837e-03 -2.87972015e-03 -1.32020252e-05 2.93199464e-03 8.28035057e-01 2.47274654e+00 5.91132640e-03 2.66211192e-01
1.13805832e-03 -2.35669560e-03 -1.54163078e-03 2.77245572e-03 1.04472083e-03 3.28907592e-03 -2.92193933e-03 9.80142518e-04 3.11018731e-03 8.78263444e-01 2.48501727e+00 1.16521294e-02 2.60325235e-01
8.69975827e-04 -1.94028441e-03 -1.45602203e-03 2.47377672e-03 1.07955878e-03 3.11025937e-03 -2.63617599e-03 1.19123268e-03 2.85785827e-03 8.07219484e-01 2.57056854e+00 -1.09363418e-02 2.63574687e-01
1.78672542e-03 -2.66418449e-03 -1.31327373e-03 2.84281896e-03 1.02649156e-03 4.15305922e-03 -2.85246039e-03 2.17683930e-04 3.01198965e-03 8.51427104e-01 2.44194420e+00 1.62248315e-02 2.78212220e-01
7.09326947e-04 -1.23924221e-03 -1.31151216e-03 2.38582723e-03 1.20287054e-03 2.39636870e-03 -2.66151479e-03 1.58366666e-03 2.76799816e-03 8.33602477e-01 2.62477480e+00 -1.48035915e-02 2.43319378e-01
1.57654514e-03 -2.59798019e-03 -1.60527976e-03 3.01651085e-03 1.34827115e-03 3.45503368e-03 -2.94847085e-03 2.40614702e-04 3.04285267e-03 8.44244795e-01 2.56651798e+00 1.40108573e-02 2.66928534e-01
4.94295359e-04 -1.20352286e-03 -1.37202877e-03 2.32485782e-03 1.00708634e-03 3.11251344e-03 -2.59722273e-03 1.77281209e-03 2.89596721e-03 8.40010694e-01 2.48769784e+00 -1.29095051e-02 2.56929776e-01
1.24542266e-03 -4.01734609e-04 -7.24480314e-04 2.37386052e-03 1.98644839e-03 3.55547285e-03 -2.55487847e-03 2.02100962e-03 2.87042597e-03 8.50958634e-01 2.65019520e+00 -1.59168243e-02 2.51291227e-01
1.44929156e-03 -2.35111899e-03 -1.64461816e-03 2.96196246e-03 1.12878740e-03 3.24024030e-03 -2.75484317e-03 -2.59661411e-04 2.78489991e-03 8.31690685e-01 2.39792420e+00 1.76517212e-02 2.71029202e-01
7.22155876e-04 -8.12874642e-04 -1.11140409e-03 2.32261878e-03 1.42129907e-03 3.57347595e-03 -2.52336291e-03 1.95242529e-03 2.87780554e-03 8.68993976e-01 2.51365091e+00 -2.07838569e-03 2.58318662e-01
1.55326599e-03 -2.59801885e-03 -1.73856236e-03 3.01094637e-03 1.20297251e-03 2.98730976e-03 -2.97780193e-03 -8.91670798e-05 3.01010629e-03 8.13522436e-01 2.53747855e+00 2.18380537e-03 2.64794928e-01
1.68975748e-03 -2.45143733e-03 -1.22024951e-03 2.60566627e-03 5.96684265e-04 3.14431527e-03 -2.68455824e-03 -2.09731729e-04 2.73660125e-03 8.06337332e-01 2.30680925e+00 -1.70952570e-03 2.74432863e-01
8.72062404e-04 -1.16690149e-03 -1.40573005e-03 2.57794369e-03 1.67817263e-03 2.98199270e-03 -2.85497675e-03 1.85245563e-03 3.03509347e-03 8.76509716e-01 2.74751009e+00 1.78276000e-03 2.46492618e-01
1.33588792e-03 -2.18854842e-03 -1.23954041e-03 2.42169669e-03 8.08271057e-04 2.45575486e-03 -2.52598852e-03 2.20343871e-04 2.59036212e-03 7.98846097e-01 2.38004429e+00 -4.34790298e-03 2.63682118e-01
6.86031511e-04 -1.71686239e-03 -1.74427692e-03 2.88772569e-03 1.53398675e-03 4.09137940e-03 -3.05345268e-03 2.00410807e-03 3.42359814e-03 8.84188228e-01 2.67967305e+00 4.49610949e-03 2.60646124e-01
1.77719886e-03 -2.44499329e-03 -1.25660895e-03 2.73926794e-03 9.17408857e-04 3.85408897e-03 -2.65454327e-03 -2.06395472e-04 2.73163643e-03 8.15457011e-01 2.42390391e+00 1.92976733e-02 2.80846106e-01
7.02804017e-04 -8.44044636e-04 -1.28194549e-03 2.49546488e-03 1.36036466e-03 2.59794444e-03 -2.83058838e-03 1.92842640e-03 2.96606629e-03 8.64272168e-01 2.63639969e+00 -1.71872926e-02 2.36644310e-01
8.97847478e-04 -1.97984214e-03 -1.48103610e-03 2.52274090e-03 1.17310520e-03 3.22186866e-03 -2.64746784e-03 1.18424066e-03 2.86580777e-03 8.45026201e-01 2.37501668e+00 -2.25242857e-02 2.59493964e-01
1.24499710e-03 -2.39813428e-03 -1.47473401e-03 2.74350603e-03 9.45406852e-04 3.19585883e-03 -2.93965044e-03 8.72440018e-04 3.10526009e-03 8.38381699e-01 2.70198574e+00 2.60196366e-02 2.64249746e-01
1.18620622e-03 -2.17641933e-03 -1.49382110e-03 2.61925391e-03 1.41495091e-03 3.07994143e-03 -2.66672046e-03 8.21533088e-04 2.80801730e-03 8.20406044e-01 2.54396348e+00 -1.19112038e-02 2.61394257e-01
6.78374246e-04 -2.03851933e-03 -1.58146706e-03 2.59990953e-03 6.19199477e-04 3.32987581e-03 -2.91607820e-03 1.45250590e-03 3.19263794e-03 8.65125067e-01 2.51516748e+00 1.27918723e-02 2.61738086e-01
8.59183777e-04 -1.78236537e-03 -1.17734081e-03 2.18043084e-03 7.16745889e-04 2.62041155e-03 -2.36814359e-03 9.36512820e-04 2.53380822e-03 8.07775460e-01 2.37749514e+00 -7.61694179e-03 2.62080292e-01
1.23250583e-03 -2.43266227e-03 -1.72941646e-03 3.13770321e-03 1.59448305e-03 3.96569132e-03 -3.18452445e-03 1.31253784e-03 3.41852345e-03 8.76756406e-01 2.67542220e+00 7.97533505e-03 2.61471222e-01
1.85872301e-03 -2.53640043e-03 -1.35573953e-03 2.92065671e-03 7.65763102e-04 3.63598851e-03 -2.84783594e-03 -4.43511348e-04 2.88596548e-03 7.85701169e-01 2.41912556e+00 -1.62071977e-04 2.79390474e-01
1.09550832e-03 -5.40791855e-04 -8.58440074e-04 2.37454342e-03 1.83180567e-03 2.76094936e-03 -2.57131526e-03 1.83708970e-03 2.70184437e-03 8.94397785e-01 2.63032429e+00 2.58509193e-04 2.38551419e-01
2.09596469e-03 -2.78649759e-03 -1.34217516e-03 2.99674185e-03 5.77407210e-04 3.82282118e-03 -3.05083486e-03 -5.54699027e-04 3.07223217e-03 8.37877055e-01 2.44669009e+00 3.17704875e-02 2.79733393e-01
9.33537893e-04 -7.71565307e-04 -1.07436263e-03 2.24689344e-03 1.62883588e-03 2.45796535e-03 -2.53092970e-03 1.67494051e-03 2.64160088e-03 8.45320729e-01 2.61755763e+00 -2.67285133e-02 2.38462608e-01
1.62102133e-03 -2.55911474e-03 -1.26384007e-03 2.72448623e-03 8.85570753e-04 3.91128225e-03 -2.85850460e-03 5.42104070e-04 3.05615966e-03 8.34861591e-01 2.54839288e+00 2.10311296e-02 2.75991506e-01
7.67226453e-04 -1.57268904e-03 -1.42259289e-03 2.48949170e-03 1.24607240e-03 2.57413452e-03 -2.68734492e-03 1.42194081e-03 2.80145969e-03 8.48087689e-01 2.52338830e+00 -1.86537174e-02 2.44561692e-01
1.65548573e-03 -2.59748946e-03 -1.47044332e-03 2.83588000e-03 7.70166064e-04 3.23026407e-03 -2.87347773e-03 -1.88698876e-04 2.93115636e-03 8.39536180e-01 2.41932530e+00 2.40493370e-02 2.72777465e-01
8.36342351e-04 -9.17847198e-04 -1.18932176e-03 2.48004620e-03 1.63279395e-03 3.15670112e-03 -2.66954527e-03 1.89429589e-03 2.89596618e-03 8.44104705e-01 2.64208437e+00 -2.10295003e-02 2.48416143e-01
8.21149859e-04 -1.97446552e-03 -1.50933450e-03 2.56397851e-03 1.01862072e-03 3.41797101e-03 -2.75477785e-03 1.35960799e-03 3.01726818e-03 8.29771066e-01 2.65488299e+00 9.34638656e-03 2.65473172e-01
1.24297780e-03 -2.28927790e-03 -1.44838988e-03 2.65575216e-03 1.10807426e-03 2.98328313e-03 -2.79325850e-03 7.66280597e-04 2.92443073e-03 8.53243658e-01 2.40272723e+00 -8.78706978e-03 2.57846330e-01
1.60336247e-03 -2.75339507e-03 -1.84888533e-03 3.22273719e-03 1.48385997e-03 3.58425054e-03 -3.12067762e-03 1.45766088e-04 3.21903407e-03 8.34451397e-01 2.54817075e+00 -1.10087708e-03 2.67184541e-01
4.19608477e-04 -8.87549248e-04 -1.20993771e-03 2.23040656e-03 9.71449520e-04 3.07642617e-03 -2.47298870e-03 1.85712590e-03 2.77987175e-03 8.49581043e-01 2.51367190e+00 1.15785570e-03 2.56054186e-01
1.01434753e-03 -2.06578943e-03 -1.49480770e-03 2.66335392e-03 1.30742784e-03 3.30877161e-03 -2.74838931e-03 1.16936630e-03 2.94839654e-03 8.43784142e-01 2.58685363e+00 1.13824264e-03 2.61381420e-01
9.91870555e-04 -2.18616934e-03 -1.47244357e-03 2.57970493e-03 8.35429067e-04 3.09756097e-03 -2.80348683e-03 1.04588670e-03 3.00880266e-03 8.40256454e-01 2.47416747e+00 -1.07979609e-03 2.62130856e-01
1.09394789e-03 -2.06116257e-03 -1.33512734e-03 2.43341943e-03 1.04451684e-03 2.87528319e-03 -2.52654301e-03 7.51182816e-04 2.67478810e-03 8.18342694e-01 2.43364404e+00 -6.00927572e-03 2.63714224e-01
8.73560573e-04 -2.05722458e-03 -1.60526229e-03 2.84351782e-03 1.14388022e-03 3.61870055e-03 -3.02497957e-03 1.54965108e-03 3.28723059e-03 8.66065248e-01 2.62525603e+00 6.25307602e-03 2.59635054e-01
1.96184976e-03 -2.88508560e-03 -1.29995682e-03 2.88603524e-03 4.79658055e-04 3.56585861e-03 -3.11265133e-03 -9.23840135e-05 3.21207726e-03 8.30408516e-01 2.52740180e+00 2.66505109e-02 2.75852846e-01
6.53687016e-04 -1.29202763e-03 -1.46111913e-03 2.35978692e-03 1.43411238e-03 2.61305959e-03 -2.58362587e-03 1.56958165e-03 2.73736340e-03 8.51445009e-01 2.54184342e+00 -2.29567348e-02 2.45091052e-01
1.14518353e-03 -2.15601804e-03 -1.17622036e-03 2.39622568e-03 5.11129320e-04 3.02932120e-03 -2.65296487e-03 8.17225678e-04 2.83461899e-03 8.20408312e-01 2.41077984e+00 1.87466405e-03 2.66548005e-01
9.75217464e-04 -2.10454127e-03 -1.73540814e-03 2.79458904e-03 1.62039206e-03 3.29182529e-03 -2.89632024e-03 1.30872068e-03 3.08474151e-03 8.62704053e-01 2.64132057e+00 -1.78631203e-03 2.56591709e-01
5.72317465e-04 -1.57248707e-03 -1.47147040e-03 2.41756911e-03 1.08597397e-03 3.73068104e-03 -2.59730500e-03 1.67984872e-03 2.95424293e-03 8.30768106e-01 2.54346826e+00 -8.17022269e-03 2.67416910e-01
1.39342065e-03 -2.54389603e-03 -1.64752661e-03 2.85633814e-03 1.10277643e-03 2.67905612e-03 -3.01616260e-03 4.40051510e-04 3.08494957e-03 8.53850432e-01 2.52137626e+00 8.61062713e-03 2.56696089e-01
1.46993196e-03 -2.51612037e-03 -1.40358132e-03 2.71219713e-03 8.12403990e-04 2.88712464e-03 -2.86434048e-03 3.16938985e-04 2.97164077e-03 8.27472613e-01 2.50209523e+00 1.35636995e-02 2.66143766e-01
6.76472350e-04 -1.58952780e-03 -1.55008114e-03 2.61118093e-03 1.44321523e-03 3.55732260e-03 -2.72894435e-03 1.71645027e-03 3.02610689e-03 8.54919013e-01 2.56566764e+00 -1.24754983e-02 2.58984166e-01
7.38194133e-04 -1.77153272e-03 -1.74174824e-03 2.80048591e-03 1.39929640e-03 3.08935827e-03 -3.06778380e-03 1.73411392e-03 3.26207704e-03 8.68779917e-01 2.78624590e+00 7.94265970e-03 2.50499466e-01
1.39718754e-03 -2.27788624e-03 -1.18368143e-03 2.42367218e-03 7.32870424e-04 3.12254766e-03 -2.53815707e-03 3.31679574e-04 2.67128337e-03 8.15926752e-01 2.29433268e+00 -7.58016832e-03 2.71499808e-01
5.02696573e-04 -1.27287913e-03 -1.26806908e-03 2.08055778e-03 1.11464946e-03 2.85957389e-03 -2.19189932e-03 1.39543918e-03 2.44116220e-03 8.35791063e-01 2.26466480e+00 -3.02505063e-02 2.58139107e-01
1.87633689e-03 -3.22624107e-03 -1.84778981e-03 3.52075360e-03 1.05023950e-03 3.65955495e-03 -3.68708736e-03 3.24232377e-04 3.80896702e-03 8.50079263e-01 2.86999254e+00 3.67399675e-02 2.66893096e-01
1.27220742e-03 -2.47297505e-03 -1.55946081e-03 2.92299773e-03 1.31618538e-03 4.33815818e-03 -2.96610775e-03 1.13133079e-03 3.26184302e-03 8.75542404e-01 2.59739743e+00 2.07747998e-02 2.72337794e-01
8.65198506e-04 -1.83196684e-03 -1.36569055e-03 2.35659077e-03 9.20576221e-04 2.37596151e-03 -2.60021774e-03 1.06334514e-03 2.72220798e-03 8.12053342e-01 2.47970175e+00 -1.86050660e-02 2.51955535e-01
8.18865359e-04 -1.75422782e-03 -1.21982219e-03 2.16478678e-03 7.95201876e-04 2.60998330e-03 -2.34423366e-03 9.64416246e-04 2.51307625e-03 8.15374510e-01 2.29170788e+00 -2.08856473e-02 2.59717813e-01
1.30896612e-03 -2.55698971e-03 -1.73637474e-03 3.19026703e-03 1.48554671e-03 3.99382665e-03 -3.28342368e-03 1.26417294e-03 3.51511482e-03 8.72574765e-01 2.79821731e+00 2.36806651e-02 2.63540660e-01
4.72009192e-04 -1.33235185e-03 -1.47456008e-03 2.36211261e-03 1.00821056e-03 2.67073112e-03 -2.63678092e-03 1.63687495e-03 2.83542549e-03 8.42300210e-01 2.45573824e+00 -2.57799492e-02 2.46822734e-01
1.75364650e-03 -2.70916773e-03 -1.44405095e-03 2.97659056e-03 1.10844999e-03 3.85200310e-03 -2.99005943e-03 2.35755003e-04 3.12277991e-03 8.41686331e-01 2.62472601e+00 3.04163546e-02 2.74109403e-01
1.45537616e-03 -2.70845590e-03 -1.66721318e-03 3.10005064e-03 1.17871614e-03 3.59421638e-03 -3.28000675e-03 9.10272564e-04 3.47045852e-03 8.57402242e-01 2.56053900e+00 -5.35010042e-03 2.61100893e-01
6.89136046e-04 -1.65585962e-03 -1.31438387e-03 2.24898564e-03 1.01278522e-03 2.85310070e-03 -2.34387296e-03 1.15838994e-03 2.54662313e-03 8.25610637e-01 2.49268255e+00 5.60154279e-03 2.63166230e-01
1.11971422e-03 -2.37643775e-03 -1.75602601e-03 2.98143544e-03 1.29557585e-03 3.22304977e-03 -3.21779473e-03 1.27682498e-03 3.38124212e-03 8.79863182e-01 2.54711589e+00 -9.97709800e-03 2.50052481e-01
1.05840785e-03 -1.98134530e-03 -1.16510321e-03 2.21874030e-03 7.97957613e-04 3.07671637e-03 -2.34634562e-03 7.41080224e-04 2.53751536e-03 7.98607914e-01 2.48093020e+00 1.07882708e-02 2.72295076e-01
1.18219912e-03 -2.02347821e-03 -1.22576102e-03 2.39039775e-03 1.16993828e-03 3.16798633e-03 -2.33870232e-03 5.68768098e-04 2.49173001e-03 8.22459409e-01 2.29641863e+00 -1.36206640e-02 2.68827198e-01
7.42946764e-04 -1.96834067e-03 -1.75054547e-03 2.92348813e-03 1.00124487e-03 3.33792839e-03 -3.28419635e-03 1.80233048e-03 3.53789712e-03 8.63300039e-01 2.79056903e+00 1.47820323e-02 2.55007705e-01
8.00798089e-04 -1.83500973e-03 -1.39880724e-03 2.31980043e-03 1.01879252e-03 2.64837088e-03 -2.47041589e-03 1.03459912e-03 2.62808305e-03 8.38475585e-01 2.36386348e+00 -1.52363861e-02 2.55535645e-01
1.25702967e-03 -2.46170307e-03 -1.55198508e-03 2.94431657e-03 1.07629821e-03 3.86347259e-03 -3.11735949e-03 1.16349709e-03 3.36378060e-03 8.46018258e-01 2.70630066e+00 1.67653950e-02 2.67360765e-01
1.42581159e-03 -2.42042349e-03 -1.55418088e-03 2.83791443e-03 1.21698210e-03 3.36684448e-03 -2.72092329e-03 1.19340958e-04 2.81709907e-03 8.40968491e-01 2.47338069e+00 1.93355030e-02 2.70785307e-01
5.55465681e-04 -1.10428877e-03 -1.41480130e-03 2.51048016e-03 1.17273496e-03 3.25453376e-03 -2.81152933e-03 1.98733602e-03 3.11983127e-03 8.42930139e-01 2.58515023e+00 -1.73222963e-02 2.52833907e-01
6.96689750e-04 -1.22645022e-03 -1.42395142e-03 2.48507983e-03 1.22364478e-03 2.55359067e-03 -2.84921693e-03 1.76007500e-03 2.99762988e-03 8.62267625e-01 2.66774289e+00 -3.15025144e-03 2.43010623e-01
1.65013866e-03 -2.48404171e-03 -1.28893745e-03 2.69429481e-03 9.66924296e-04 3.82965827e-03 -2.65554606e-03 6.97185705e-05 2.78462334e-03 8.20650564e-01 2.38608805e+00 3.28587530e-03 2.78537432e-01
1.54174067e-03 -2.70914197e-03 -1.79328846e-03 3.13299824e-03 1.48408431e-03 3.40514469e-03 -3.13419049e-03 4.18702767e-04 3.23354686e-03 8.43539768e-01 2.64580188e+00 7.56132909e-03 2.63161944e-01
3.65370544e-04 -1.25667633e-03 -1.35989204e-03 2.22331309e-03 7.64739546e-04 3.09325378e-03 -2.47963412e-03 1.67907300e-03 2.78152973e-03 8.40575922e-01 2.41501145e+00 -7.19454202e-03 2.60012482e-01
1.28902321e-03 -2.10207660e-03 -1.31194237e-03 2.45089236e-03 1.08513968e-03 2.73888545e-03 -2.39988647e-03 1.52587274e-04 2.46335443e-03 8.09237235e-01 2.34563484e+00 -2.72875351e-03 2.66442303e-01
6.33443802e-04 -1.40086574e-03 -1.62246134e-03 2.82664305e-03 1.26991347e-03 3.87303756e-03 -3.15268029e-03 2.19097164e-03 3.51944535e-03 8.74068441e-01 2.70863385e+00 2.81992403e-03 2.56605842e-01
1.29155276e-03 -2.73540429e-03 -1.97822013e-03 3.30562195e-03 1.36819070e-03 3.38210389e-03 -3.58084576e-03 1.24653536e-03 3.74850631e-03 8.71571886e-01 2.84167570e+00 1.57947012e-02 2.54990294e-01
7.62799236e-04 -1.68610512e-03 -1.15220777e-03 2.05076736e-03 8.03888931e-04 2.95801856e-03 -2.16098018e-03 9.64805407e-04 2.38392122e-03 8.14758333e-01 2.25358890e+00 -1.44998684e-02 2.68780695e-01
1.75902428e-03 -2.18858971e-03 -9.70214413e-04 2.33219501e-03 4.89016678e-04 3.39405511e-03 -2.35161499e-03 -4.59874793e-04 2.37530259e-03 7.87034137e-01 2.22026677e+00 4.83545217e-03 2.83769505e-01
1.34699082e-03 -8.04469172e-04 -1.07315793e-03 2.69518717e-03 2.04675283e-03 2.72052720e-03 -3.04324014e-03 1.95428398e-03 3.08746660e-03 8.91360666e-01 2.82538929e+00 -4.55014396e-03 2.33553646e-01
9.88833295e-04 -5.87419601e-04 -8.66112555e-04 2.24844032e-03 1.75430174e-03 2.97400956e-03 -2.39344440e-03 1.77586057e-03 2.59969755e-03 8.63834785e-01 2.55031205e+00 -1.12712235e-02 2.47380610e-01
1.83681732e-03 -2.70338862e-03 -1.55835902e-03 3.10917536e-03 8.61385507e-04 3.48986880e-03 -3.06377849e-03 -3.88824021e-04 3.08892007e-03 8.17320580e-01 2.48661185e+00 1.22032239e-02 2.73479491e-01
9.83588928e-04 -2.19462459e-03 -1.71280197e-03 2.95539773e-03 1.21926876e-03 3.23193687e-03 -3.18929229e-03 1.44640515e-03 3.39080401e-03 8.61612924e-01 2.82111413e+00 2.60033081e-02 2.58046779e-01
1.06600079e-03 -2.07117787e-03 -1.29345840e-03 2.40319158e-03 1.02381693e-03 3.27577603e-03 -2.44373891e-03 7.88767923e-04 2.64532001e-03 8.25457989e-01 2.28650996e+00 -2.26205232e-02 2.67583057e-01
6.16548564e-04 -1.57124640e-03 -1.36299476e-03 2.24279748e-03 9.68024223e-04 2.97416778e-03 -2.42992625e-03 1.36172201e-03 2.67437222e-03 8.12095646e-01 2.46362738e+00 -1.57327685e-02 2.62055748e-01
1.45476123e-03 -2.72411103e-03 -1.68354592e-03 3.06096652e-03 1.15922457e-03 3.42093171e-03 -3.19786174e-03 6.94758470e-04 3.34287044e-03 8.74682582e-01 2.59598825e+00 1.72570023e-02 2.61200074e-01
1.07795860e-03 -2.38355686e-03 -1.79329142e-03 2.97973578e-03 1.35960913e-03 3.26654381e-03 -3.15535986e-03 1.23044230e-03 3.32771637e-03 8.75189290e-01 2.59287673e+00 -3.90144174e-03 2.52736126e-01
9.86216587e-04 -1.91929951e-03 -1.17672351e-03 2.23963231e-03 7.62910999e-04 3.07773342e-03 -2.40626675e-03 9.07206846e-04 2.61630008e-03 8.06127384e-01 2.44618430e+00 4.10010466e-03 2.70232780e-01
7.96253524e-04 -1.43309018e-03 -1.56044281e-03 2.66522794e-03 1.52236824e-03 2.88364433e-03 -2.95740259e-03 1.78283671e-03 3.11390530e-03 8.74759700e-01 2.71344948e+00 -4.76334877e-03 2.43990226e-01
1.64790960e-03 -2.44477940e-03 -1.15651882e-03 2.50060170e-03 6.04223244e-04 3.23826758e-03 -2.63038816e-03 2.67641701e-06 2.73334212e-03 8.06358250e-01 2.35178086e+00 5.01544466e-03 2.76294074e-01
9.90207624e-04 -2.99606293e-04 -7.15984144e-04 2.14130807e-03 1.54717339e-03 2.48459322e-03 -2.39684644e-03 1.76963328e-03 2.55225921e-03 8.38940397e-01 2.52628548e+00 -2.98152635e-02 2.37026744e-01
1.85810189e-03 -2.61422277e-03 -1.62029159e-03 3.35381509e-03 1.35035412e-03 4.69881290e-03 -2.97887406e-03 -3.15827762e-04 3.05540383e-03 8.46031092e-01 2.55081988e+00 3.61360729e-02 2.82308329e-01
8.90255556e-04 -2.04501161e-03 -1.58871356e-03 2.66334077e-03 1.31737896e-03 3.47038626e-03 -2.75343343e-03 1.29223553e-03 2.99721985e-03 8.90521208e-01 2.39743481e+00 -9.81926988e-04 2.60008643e-01
1.21854902e-03 -2.20616772e-03 -1.29060146e-03 2.55396330e-03 8.35292314e-04 2.91172737e-03 -2.72815607e-03 7.63645848e-04 2.86936219e-03 7.89630446e-01 2.63446923e+00 1.09351878e-03 2.64330884e-01
1.07453593e-03 -2.08458610e-03 -1.36093602e-03 2.39965721e-03 9.48533935e-04 2.61663145e-03 -2.52901251e-03 6.56325861e-04 2.65608477e-03 7.98825527e-01 2.50830142e+00 -2.21294617e-03 2.63365878e-01
8.47913572e-04 -2.16551464e-03 -1.71127025e-03 2.88113369e-03 1.19592078e-03 3.87447511e-03 -3.04850113e-03 1.56911485e-03 3.35664599e-03 8.83514685e-01 2.54204833e+00 2.29925752e-03 2.61542549e-01
1.79978660e-03 -2.56936915e-03 -1.54929291e-03 3.14341522e-03 1.07525414e-03 4.00501618e-03 -2.93350460e-03 -3.57195014e-04 2.98497822e-03 8.43888904e-01 2.43544377e+00 2.79700115e-02 2.79078826e-01
9.44045832e-04 -4.14478431e-04 -8.67916456e-04 2.28769407e-03 1.62299359e-03 2.70130401e-03 -2.53310266e-03 1.87940387e-03 2.70448985e-03 8.40519253e-01 2.64860609e+00 -2.40056924e-02 2.39136471e-01
9.03598125e-04 -1.84649856e-03 -1.42493290e-03 2.38446892e-03 1.22199329e-03 2.68581782e-03 -2.54035516e-03 1.07599958e-03 2.68483085e-03 8.42737556e-01 2.33490293e+00 -2.90515691e-02 2.51980051e-01
1.36226479e-03 -2.61722130e-03 -1.47275814e-03 2.85472467e-03 7.76087109e-04 3.83512328e-03 -3.07814060e-03 8.94380353e-04 3.31201265e-03 8.41130192e-01 2.74504110e+00 3.50619292e-02 2.71172979e-01
9.34273170e-04 -4.30271588e-04 -7.42533601e-04 2.13832493e-03 1.49952422e-03 2.77058276e-03 -2.34054645e-03 1.76671883e-03 2.54875221e-03 8.26412520e-01 2.53751357e+00 -2.40755599e-02 2.46345370e-01
1.78535192e-03 -2.71110239e-03 -1.73275102e-03 3.38036829e-03 1.41997515e-03 4.26957400e-03 -3.08736262e-03 -1.74345256e-04 3.16774648e-03 8.60764875e-01 2.52621328e+00 2.79528912e-02 2.75994631e-01
1.52740828e-03 -2.28119753e-03 -1.23186048e-03 2.52427643e-03 8.45978809e-04 3.44923391e-03 -2.46672967e-03 -8.31102073e-05 2.55669672e-03 7.99043036e-01 2.26938167e+00 -1.03603689e-02 2.78245791e-01
8.03313246e-04 -1.02989127e-03 -1.40127260e-03 2.71187338e-03 1.52427328e-03 2.91109849e-03 -3.04174543e-03 2.03937934e-03 3.20859239e-03 8.86087751e-01 2.79953811e+00 1.09901252e-02 2.43012000e-01
8.43249629e-04 -2.03568898e-03 -1.66061391e-03 2.89228158e-03 1.05276487e-03 3.45709235e-03 -3.17378538e-03 1.65916875e-03 3.42192788e-03 8.53350241e-01 2.71651306e+00 4.83712138e-03 2.56997498e-01
1.08678764e-03 -2.04381682e-03 -1.30296710e-03 2.36600724e-03 1.07755839e-03 2.98813052e-03 -2.40184977e-03 6.67830078e-04 2.55932706e-03 8.30929049e-01 2.34664496e+00 -4.66497405e-03 2.66119868e-01
6.25220134e-04 -1.58525942e-03 -1.52524719e-03 2.51172859e-03 1.16149151e-03 3.12696772e-03 -2.73157752e-03 1.62827891e-03 2.97614161e-03 8.41999733e-01 2.53367951e+00 -1.79862567e-02 2.54305069e-01
1.46606002e-03 -2.53436428e-03 -1.44920857e-03 2.75392655e-03 9.51504823e-04 3.23606282e-03 -2.86396579e-03 4.03697476e-04 2.99357189e-03 8.42044113e-01 2.52989277e+00 2.01560748e-02 2.68231389e-01
6.66950432e-04 -1.85548222e-03 -1.76662180e-03 2.86755879e-03 1.31762043e-03 3.29004544e-03 -3.05897493e-03 1.72453744e-03 3.29200277e-03 8.87231199e-01 2.64354726e+00 5.11525368e-03 2.51422783e-01
1.32887402e-03 -2.20890367e-03 -1.19606902e-03 2.44638834e-03 8.82661334e-04 3.15397784e-03 -2.52673501e-03 5.05453832e-04 2.69083587e-03 7.95761235e-01 2.42394654e+00 -4.93956446e-03 2.72238866e-01
9.96722013e-04 -7.64774303e-04 -1.09169172e-03 2.49063214e-03 1.77023286e-03 2.96669967e-03 -2.72690660e-03 1.91489215e-03 2.91825031e-03 8.78741071e-01 2.64459302e+00 -5.22511941e-03 2.44225185e-01
1.61259283e-03 -2.40509969e-03 -1.34479488e-03 2.71628448e-03 7.77794558e-04 3.48716607e-03 -2.64256017e-03 -2.73008708e-04 2.70324566e-03 8.01633657e-01 2.37214739e+00 5.52119793e-03 2.78101926e-01
9.61419887e-04 -1.85388422e-03 -1.47657584e-03 2.46950224e-03 1.59515990e-03 2.89088485e-03 -2.49785831e-03 1.07094503e-03 2.64254623e-03 8.39264397e-01 2.41572999e+00 -3.04591035e-02 2.53603696e-01
1.34984969e-03 -2.66365356e-03 -1.40233762e-03 2.78558664e-03 3.26495875e-04 3.64865128e-03 -3.19896192e-03 9.52978327e-04 3.45671432e-03 8.45631499e-01 2.67392730e+00 3.70867472e-02 2.71278067e-01
8.21484167e-04 -1.09476090e-03 -1.37495660e-03 2.48299681e-03 1.33270957e-03 2.20049311e-03 -2.92937116e-03 1.76565554e-03 2.98486373e-03 8.45663731e-01 2.69511671e+00 -2.82659097e-02 2.31536189e-01
1.92757790e-03 -2.50930852e-03 -1.10251001e-03 2.59368276e-03 7.52282397e-04 4.15599725e-03 -2.60581897e-03 -2.30349729e-04 2.70106627e-03 8.37367661e-01 2.38645692e+00 3.39607986e-02 2.85304054e-01
1.19231981e-03 -2.15259217e-03 -1.27243636e-03 2.49296049e-03 1.02249691e-03 3.33042860e-03 -2.51354735e-03 6.80086920e-04 2.69405781e-03 8.40304631e-01 2.34343974e+00 -2.46685335e-03 2.68995765e-01
8.02485184e-04 -1.93708019e-03 -1.67842001e-03 2.79265581e-03 1.19344372e-03 3.13079960e-03 -3.04209491e-03 1.56550834e-03 3.25773719e-03 8.43759833e-01 2.72796665e+00 2.55398187e-03 2.55729737e-01
1.41942074e-03 -2.42167586e-03 -1.26857030e-03 2.63988353e-03 7.79848045e-04 3.54552161e-03 -2.82601649e-03 7.08126261e-04 3.02642123e-03 8.28866265e-01 2.55140865e+00 1.79941592e-02 2.72173878e-01
8.87645127e-04 -1.80614647e-03 -1.48775286e-03 2.57591856e-03 1.36593890e-03 2.88489958e-03 -2.72123115e-03 1.32271496e-03 2.87219107e-03 8.53322692e-01 2.51132933e+00 -1.61862416e-02 2.50327806e-01
1.00243758e-03 -2.31099636e-03 -1.63592041e-03 2.88513870e-03 1.06921356e-03 3.97201825e-03 -3.06091977e-03 1.39354009e-03 3.35678852e-03 8.79104601e-01 2.59190242e+00 1.75977795e-02 2.66202526e-01
9.78795533e-04 -1.96942881e-03 -1.37890782e-03 2.36782758e-03 1.03681023e-03 2.55516771e-03 -2.53151950e-03 8.65344985e-04 2.65531867e-03 8.07926173e-01 2.47380286e+00 -1.60277212e-02 2.57106760e-01
1.25467974e-03 -2.39371677e-03 -1.56254757e-03 2.78839037e-03 1.26662371e-03 3.28884208e-03 -2.84938694e-03 7.71588121e-04 3.00779597e-03 8.65230019e-01 2.49466192e+00 7.56362922e-03 2.62027436e-01
6.94476174e-04 -1.80842057e-03 -1.46976831e-03 2.45172316e-03 8.52279314e-04 3.13219318e-03 -2.71007333e-03 1.42129195e-03 2.96396898e-03 8.19425623e-01 2.55920024e+00 -7.22673546e-03 2.61598196e-01
1.27498136e-03 -2.26179083e-03 -1.59481281e-03 2.82630277e-03 1.69761105e-03 3.30316060e-03 -2.78733283e-03 8.46093429e-04 2.92160246e-03 8.72233051e-01 2.48590257e+00 -1.41356427e-03 2.58571928e-01
6.74217287e-04 -1.87384351e-03 -1.38042003e-03 2.37602350e-03 4.22476016e-04 3.19625468e-03 -2.73567196e-03 1.39146315e-03 3.01265415e-03 8.10127543e-01 2.55093187e+00 1.50427226e-03 2.65408684e-01
1.26459921e-03 -2.22952751e-03 -1.36053019e-03 2.56514243e-03 1.10382059e-03 2.98738530e-03 -2.62639205e-03 5.88357250e-04 2.74889523e-03 8.04414219e-01 2.50176924e+00 -1.10003821e-02 2.63645660e-01
6.73124620e-04 -1.85278015e-03 -1.63617076e-03 2.66092979e-03 1.03203214e-03 3.42489045e-03 -2.91472457e-03 1.62910451e-03 3.19987902e-03 8.81051400e-01 2.54336477e+00 1.17198615e-02 2.59668873e-01
1.26345893e-03 -2.12358574e-03 -1.05743273e-03 2.18144870e-03 6.86077293e-04 3.72063384e-03 -2.33840090e-03 6.46770204e-04 2.57179647e-03 8.03980685e-01 2.37933903e+00 4.43184742e-03 2.80585469e-01
1.15735788e-03 -2.12913318e-03 -1.69739359e-03 2.84535906e-03 1.39299377e-03 2.48105855e-03 -3.22090377e-03 1.30574958e-03 3.26529693e-03 8.76986356e-01 2.67607469e+00 -4.21000111e-03 2.40216849e-01
5.85360367e-04 -1.78457989e-03 -1.56961560e-03 2.52662022e-03 8.00034872e-04 3.26523901e-03 -2.82288007e-03 1.59117625e-03 3.12397410e-03 8.29112780e-01 2.54044624e+00 -9.14113189e-03 2.61548637e-01
1.25023781e-03 -2.30111323e-03 -1.52532172e-03 2.78020954e-03 1.39200266e-03 3.28221172e-03 -2.74590114e-03 7.02956768e-04 2.89109016e-03 8.55665735e-01 2.52299944e+00 9.68138285e-03 2.63439342e-01
3.92066475e-04 -1.29936157e-03 -1.31554673e-03 2.17074751e-03 7.61269974e-04 2.67678342e-03 -2.38842205e-03 1.49408267e-03 2.61438231e-03 8.15288276e-01 2.46569782e+00 -1.08536158e-02 2.56460184e-01
1.63027081e-03 -2.86883042e-03 -1.78967865e-03 3.25220568e-03 1.45896731e-03 3.91980884e-03 -3.26737246e-03 5.63909275e-04 3.43238163e-03 8.70158274e-01 2.59675670e+00 1.15735894e-02 2.66622395e-01
1.41885802e-03 -2.38762162e-03 -1.46527591e-03 2.78282834e-03 1.29956753e-03 3.23630456e-03 -2.80377132e-03 5.62275284e-04 2.93176937e-03 8.05847796e-01 2.60406703e+00 -4.16160176e-03 2.66028917e-01
4.84054213e-04 -1.67605657e-03 -1.57533712e-03 2.49938833e-03 8.53821791e-04 3.19183658e-03 -2.75075205e-03 1.62832821e-03 3.03182541e-03 8.77622487e-01 2.45127468e+00 4.30075316e-03 2.57207665e-01
1.48666075e-03 -2.74205521e-03 -1.88592993e-03 3.16161819e-03 1.57111952e-03 3.18838362e-03 -3.30322338e-03 7.40147547e-04 3.39552695e-03 8.70452154e-01 2.68058417e+00 6.69363559e-03 2.54670759e-01
5.70472707e-04 -1.54289924e-03 -1.23282313e-03 2.09050649e-03 6.19497650e-04 3.15858977e-03 -2.33865013e-03 1.34207221e-03 2.62637317e-03 8.13955589e-01 2.37610016e+00 -6.42441365e-03 2.68376171e-01
1.12879770e-03 -2.18919670e-03 -1.57489028e-03 2.63730697e-03 1.48521381e-03 2.96949187e-03 -2.61016013e-03 6.90650156e-04 2.73542310e-03 8.70843487e-01 2.34663047e+00 -8.98005920e-03 2.57109778e-01
7.23939018e-04 -1.96424067e-03 -1.49057302e-03 2.57613641e-03 5.54813363e-04 3.64990263e-03 -2.94203875e-03 1.58574761e-03 3.28545640e-03 8.09685450e-01 2.70159729e+00 9.62146056e-03 2.69198146e-01
1.49953919e-03 -2.27003187e-03 -1.20151554e-03 2.51216374e-03 9.78171902e-04 3.56549495e-03 -2.44011671e-03 1.07161638e-04 2.56476812e-03 8.03174846e-01 2.43388108e+00 1.26278072e-02 2.78776872e-01
7.30161233e-04 -1.38635604e-03 -1.53291308e-03 2.71682106e-03 1.28605209e-03 2.92184269e-03 -3.06014351e-03 1.89974963e-03 3.25340449e-03 8.75620998e-01 2.60883890e+00 -1.15902786e-02 2.43161932e-01
5.08470994e-04 -1.61214549e-03 -1.57164431e-03 2.54940144e-03 8.19408768e-04 3.57353764e-03 -2.87237146e-03 1.82362060e-03 3.22320038e-03 8.46114375e-01 2.63161644e+00 1.02250295e-02 2.64149031e-01
1.27557147e-03 -2.34460344e-03 -1.56910587e-03 2.70799716e-03 1.30978820e-03 2.96577431e-03 -2.71106975e-03 4.65365776e-04 2.81206260e-03 8.38212907e-01 2.42577933e+00 -9.60964296e-03 2.60232832e-01
1.86410714e-03 -2.85557070e-03 -1.53381931e-03 3.12069159e-03 9.71541981e-04 3.84087254e-03 -3.12102573e-03 -7.50874677e-05 3.21275304e-03 8.50754677e-01 2.52269231e+00 2.15444483e-02 2.73478446e-01
6.91047441e-04 -9.50804691e-04 -1.16329788e-03 2.21986249e-03 1.35435623e-03 2.68942400e-03 -2.42399885e-03 1.64027167e-03 2.61767503e-03 8.34508835e-01 2.51891525e+00 -1.91256261e-02 2.49799784e-01
1.30997830e-03 -2.29326086e-03 -1.27640704e-03 2.51112972e-03 8.28347317e-04 3.09297749e-03 -2.65468882e-03 5.76754516e-04 2.81800543e-03 8.01665436e-01 2.57176057e+00 1.34023947e-02 2.70633101e-01
7.80968983e-04 -1.96395131e-03 -1.67141670e-03 2.76199298e-03 1.30189513e-03 3.31656576e-03 -2.89994666e-03 1.48178130e-03 3.12867566e-03 8.76670492e-01 2.47663732e+00 -1.22496040e-02 2.53551082e-01
6.64695723e-04 -1.53881313e-03 -1.32435619e-03 2.17848222e-03 1.12244020e-03 2.55350965e-03 -2.30825842e-03 1.18119642e-03 2.47344338e-03 8.22134251e-01 2.43540232e+00 -1.63605908e-02 2.55435224e-01
1.60668701e-03 -2.93412843e-03 -1.65084707e-03 3.20003973e-03 9.59444480e-04 3.96261473e-03 -3.41741255e-03 8.08227690e-04 3.64363790e-03 8.64159238e-01 2.64705532e+00 1.80544681e-02 2.68361090e-01
8.58110680e-04 -2.08388977e-03 -1.67790022e-03 2.84671123e-03 1.38157940e-03 3.78143431e-03 -2.91972187e-03 1.48739289e-03 3.20317541e-03 8.73048562e-01 2.59145255e+00 5.35780338e-03 2.62562216e-01
1.11020913e-03 -2.08587287e-03 -1.29302659e-03 2.48363279e-03 8.95980663e-04 2.80767851e-03 -2.62433377e-03 8.08229549e-04 2.77705120e-03 8.10958936e-01 2.47215811e+00 -5.16958384e-03 2.62699032e-01
1.14388406e-03 -2.16546306e-03 -1.59134438e-03 2.64116495e-03 1.57660559e-03 2.94006386e-03 -2.66604555e-03 8.20087155e-04 2.78363199e-03 8.47719733e-01 2.46577660e+00 -1.55558987e-02 2.55664596e-01
7.29535850e-04 -2.10516988e-03 -1.51017588e-03 2.52579590e-03 3.48331426e-04 3.51846015e-03 -2.94244236e-03 1.43813002e-03 3.26071845e-03 8.35480225e-01 2.58961897e+00 1.71955494e-02 2.68353127e-01
9.07171074e-04 -2.09057030e-03 -1.49772584e-03 2.58167925e-03 1.01495968e-03 3.49035771e-03 -2.73531036e-03 1.21368158e-03 2.99091393e-03 8.58348355e-01 2.58747480e+00 2.47221605e-02 2.67485403e-01
1.14902500e-03 -2.16640265e-03 -1.44215143e-03 2.66918469e-03 1.13968729e-03 2.96956828e-03 -2.82091743e-03 9.77063609e-04 2.96024378e-03 8.28145484e-01 2.47728324e+00 -2.16304431e-02 2.55454144e-01
5.71025243e-04 -1.19238904e-03 -1.35697404e-03 2.46296855e-03 1.09996424e-03 3.48567398e-03 -2.72124378e-03 1.92414693e-03 3.06347772e-03 8.39284973e-01 2.54334729e+00 -1.22628565e-02 2.59502414e-01
1.43077026e-03 -2.47321385e-03 -1.61738979e-03 2.86690831e-03 1.33891810e-03 3.17028753e-03 -2.80213686e-03 2.27479057e-04 2.88743585e-03 8.45028677e-01 2.51445187e+00 1.32551576e-02 2.65227663e-01
8.36417001e-04 -2.06283716e-03 -1.55495551e-03 2.73365615e-03 8.22201685e-04 3.66058486e-03 -3.02823879e-03 1.55851079e-03 3.32817746e-03 8.45547778e-01 2.67849867e+00 1.49467912e-02 2.64966927e-01
1.09425049e-03 -2.11014301e-03 -1.45050402e-03 2.50372977e-03 1.25714024e-03 2.86249359e-03 -2.55528231e-03 7.40252489e-04 2.68562114e-03 8.38854151e-01 2.38806410e+00 -1.37102558e-02 2.58779080e-01
1.05754338e-03 -2.20242818e-03 -1.36857510e-03 2.53744759e-03 8.58618900e-04 3.62033926e-03 -2.69117823e-03 1.02956707e-03 2.94760382e-03 8.59582049e-01 2.50900607e+00 2.56352548e-02 2.70999223e-01
1.02724388e-03 -2.07295075e-03 -1.57125836e-03 2.69922669e-03 1.28834404e-03 2.85959745e-03 -2.87824772e-03 1.15916555e-03 3.01884249e-03 8.27165898e-01 2.55934699e+00 -2.23315706e-02 2.52631495e-01
5.29891095e-04 -1.56442429e-03 -1.31883475e-03 2.17070109e-03 7.32756000e-04 3.20278590e-03 -2.38292904e-03 1.39791177e-03 2.67846010e-03 8.20933818e-01 2.45986510e+00 2.19762138e-03 2.67877031e-01
1.50630438e-03 -2.74328480e-03 -1.81562897e-03 3.13123391e-03 1.44093351e-03 3.18435517e-03 -3.26906253e-03 6.70604618e-04 3.37701080e-03 8.62176050e-01 2.59340360e+00 -2.10177213e-03 2.56133132e-01
4.80167316e-04 -1.11525668e-03 -1.39495925e-03 2.42039822e-03 1.03941840e-03 3.00668887e-03 -2.71034119e-03 1.87350932e-03 2.98839495e-03 8.50263422e-01 2.54128497e+00 -8.09055825e-03 2.52604830e-01
1.46201025e-03 -2.52533773e-03 -1.60320238e-03 2.92878926e-03 1.29204615e-03 3.62526841e-03 -2.80905458e-03 2.17817450e-04 2.93492501e-03 8.33106851e-01 2.50776842e+00 8.56622940e-03 2.71557407e-01
5.31756350e-04 -1.51813914e-03 -1.31615735e-03 2.17048820e-03 8.00649516e-04 2.77567723e-03 -2.36761300e-03 1.32552819e-03 2.59525341e-03 8.20589022e-01 2.42768253e+00 -8.15229082e-03 2.60086528e-01
1.58407013e-03 -2.78240858e-03 -1.71540413e-03 3.18340233e-03 1.40894750e-03 3.71438975e-03 -3.27726395e-03 7.49520061e-04 3.44229597e-03 8.64239654e-01 2.63505486e+00 8.57395735e-03 2.63335630e-01
3.82826752e-04 -1.11255907e-03 -1.27518665e-03 2.11380147e-03 8.63189278e-04 2.49609008e-03 -2.34917225e-03 1.54686037e-03 2.55621760e-03 8.30465445e-01 2.40133930e+00 -1.93461509e-02 2.49927498e-01
1.88457166e-03 -2.97891390e-03 -1.70348832e-03 3.37008701e-03 1.41848802e-03 4.19751616e-03 -3.33348478e-03 3.12232869e-04 3.48031369e-03 8.55388670e-01 2.68341167e+00 2.18005124e-02 2.71765966e-01
9.55267287e-04 -1.94577946e-03 -1.47889783e-03 2.61608328e-03 1.15477726e-03 2.72270111e-03 -2.81439973e-03 1.20643494e-03 2.95567384e-03 8.46704113e-01 2.43052266e+00 -2.31510461e-02 2.49292671e-01
1.27540774e-03 -2.29945689e-03 -1.33530833e-03 2.68164475e-03 1.12185182e-03 3.94874549e-03 -2.71144374e-03 9.05267522e-04 2.95842300e-03 8.36297799e-01 2.64430401e+00 2.68692845e-02 2.74609140e-01
1.63439391e-03 -2.68812920e-03 -1.35278309e-03 2.79530149e-03 7.35899899e-04 3.68390957e-03 -2.94228399e-03 3.26471273e-04 3.09813146e-03 8.55486609e-01 2.55641050e+00 3.74589931e-02 2.73817862e-01
7.89907810e-04 -1.54929484e-03 -1.45529520e-03 2.44522320e-03 1.33671227e-03 2.75403074e-03 -2.68064955e-03 1.47754314e-03 2.84518827e-03 8.31576504e-01 2.51614196e+00 -3.07689358e-02 2.48746078e-01
7.76435745e-04 -1.85428736e-03 -1.43527295e-03 2.51273781e-03 1.09083618e-03 3.89813384e-03 -2.63421515e-03 1.47702652e-03 2.96827356e-03 8.34983325e-01 2.50322447e+00 -7.16827943e-03 2.69995698e-01
1.19939028e-03 -2.35011686e-03 -1.60623993e-03 2.72889541e-03 1.10008083e-03 2.58543890e-03 -2.93088158e-03 7.34846803e-04 3.02206505e-03 8.49396407e-01 2.56258032e+00 7.52261684e-03 2.54744778e-01
9.26313201e-04 -2.03019998e-03 -1.70004341e-03 2.72883685e-03 1.55036689e-03 3.18143292e-03 -2.84877957e-03 1.31598387e-03 3.03120281e-03 8.65723428e-01 2.64523226e+00 4.43120041e-03 2.56498815e-01
1.21396497e-03 -2.23233202e-03 -1.20376213e-03 2.45764918e-03 5.65516690e-04 3.11023361e-03 -2.70483679e-03 7.80274001e-04 2.88404621e-03 8.18356939e-01 2.41002680e+00 -4.28543727e-03 2.66504958e-01
1.37357114e-03 -2.38775202e-03 -1.80756911e-03 3.07079660e-03 1.86262732e-03 3.10492570e-03 -3.24704001e-03 1.18041303e-03 3.34470983e-03 8.82587860e-01 2.68175183e+00 -2.01396149e-03 2.49099055e-01
9.80389575e-04 -1.90986602e-03 -1.02470648e-03 2.06833862e-03 4.02233371e-04 3.22320333e-03 -2.31354463e-03 8.56252647e-04 2.54649700e-03 7.98330721e-01 2.35364662e+00 2.14140460e-03 2.74719983e-01
7.13430838e-04 -1.34548143e-03 -1.37415233e-03 2.40522050e-03 1.17562077e-03 2.30164149e-03 -2.69791157e-03 1.52323466e-03 2.78926150e-03 8.44286322e-01 2.49264191e+00 -2.86274178e-02 2.38560201e-01
1.83186467e-03 -2.71160921e-03 -1.27139761e-03 2.79638345e-03 9.16117491e-04 4.34090688e-03 -2.85530090e-03 2.21150572e-04 3.03350322e-03 8.39129786e-01 2.58384509e+00 3.44663444e-02 2.81197265e-01
1.85425769e-03 -2.99548851e-03 -1.93202137e-03 3.55887396e-03 1.61816838e-03 4.30401306e-03 -3.36209777e-03 4.05663759e-05 3.46853442e-03 8.57813205e-01 2.74875517e+00 3.44240437e-02 2.72795636e-01
4.55649834e-04 -7.39589450e-04 -1.06758585e-03 2.05399400e-03 9.60335383e-04 2.63286045e-03 -2.29638803e-03 1.69720442e-03 2.53638774e-03 8.29480755e-01 2.35289735e+00 -2.87046639e-02 2.48625277e-01
1.29020116e-03 -2.20289847e-03 -1.38293420e-03 2.54812941e-03 1.12888031e-03 2.86566633e-03 -2.53524732e-03 3.17382204e-04 2.62164799e-03 8.18169017e-01 2.39994241e+00 -3.84679838e-03 2.64770639e-01
6.25974591e-04 -1.49656834e-03 -1.55463552e-03 2.74197482e-03 1.16781890e-03 3.71868680e-03 -3.00431274e-03 2.00353765e-03 3.33565760e-03 8.65822392e-01 2.65664350e+00 3.97357652e-03 2.58416310e-01
6.99554744e-04 -1.62324222e-03 -1.44961415e-03 2.36484427e-03 1.09566417e-03 2.41017519e-03 -2.59059017e-03 1.28427864e-03 2.70541545e-03 8.54078894e-01 2.41221613e+00 -1.93992746e-02 2.44786016e-01
1.60693326e-03 -2.67146314e-03 -1.36207051e-03 2.80605777e-03 8.78713977e-04 4.06733173e-03 -2.97690696e-03 6.32006575e-04 3.19733162e-03 8.27566609e-01 2.65074330e+00 2.20177186e-02 2.75832051e-01
7.35903237e-04 -1.93088392e-03 -1.57823946e-03 2.73460088e-03 8.31089385e-04 3.47053686e-03 -3.04415989e-03 1.66123103e-03 3.33802110e-03 8.38727362e-01 2.65652824e+00 2.68983028e-03 2.61166117e-01
1.09520822e-03 -2.13134310e-03 -1.46277189e-03 2.54347910e-03 1.29355627e-03 3.06832875e-03 -2.53036595e-03 7.02625130e-04 2.68138432e-03 8.45221006e-01 2.40576296e+00 -2.59510152e-03 2.63427366e-01
1.06546060e-03 -1.95076638e-03 -1.54565087e-03 2.61818188e-03 1.50322413e-03 2.63893817e-03 -2.78938197e-03 1.12695782e-03 2.86826485e-03 8.53623304e-01 2.51975567e+00 -1.91922311e-02 2.46483592e-01
1.31517576e-03 -2.34690493e-03 -1.18277585e-03 2.44754358e-03 5.18115688e-04 3.74836140e-03 -2.74020616e-03 8.42795095e-04 2.98508012e-03 8.28149096e-01 2.52744242e+00 2.17502585e-02 2.75274579e-01
1.41211180e-03 -2.41804384e-03 -1.54617913e-03 2.76365410e-03 1.29329746e-03 3.10943782e-03 -2.74423342e-03 3.02927004e-04 2.83597697e-03 8.55378480e-01 2.43183929e+00 9.90751379e-03 2.64382830e-01
4.36295036e-04 -1.37251565e-03 -1.52644388e-03 2.50070342e-03 9.04784426e-04 3.39234955e-03 -2.81163837e-03 1.90815330e-03 3.14383714e-03 8.29416077e-01 2.61956492e+00 -9.34386044e-03 2.58972204e-01
1.11852768e-03 -2.22460530e-03 -1.48317786e-03 2.66592233e-03 1.01631016e-03 2.95369844e-03 -2.87808891e-03 9.99251817e-04 3.03210507e-03 8.22263897e-01 2.55100003e+00 -1.31671808e-02 2.57456662e-01
9.53869238e-04 -1.99270798e-03 -1.41297610e-03 2.56806354e-03 1.16726207e-03 3.47983702e-03 -2.65400080e-03 1.20564094e-03 2.89363918e-03 8.63419380e-01 2.50681514e+00 1.42511493e-02 2.65747619e-01
8.36108560e-04 -1.79011539e-03 -1.29281495e-03 2.22004186e-03 1.10851170e-03 2.77955595e-03 -2.23211048e-03 8.34705641e-04 2.40084984e-03 8.18983669e-01 2.37273992e+00 -6.74016502e-03 2.64614774e-01
1.00965683e-03 -2.52976459e-03 -1.86362132e-03 3.15811180e-03 9.73504480e-04 3.78562346e-03 -3.46784741e-03 1.53548497e-03 3.76166026e-03 8.65591996e-01 2.69961966e+00 7.03744326e-03 2.60729331e-01
4.14054413e-04 -7.80082293e-04 -1.02482837e-03 1.97847747e-03 9.06926751e-04 2.78808172e-03 -2.16168155e-03 1.62963360e-03 2.43058597e-03 8.21985366e-01 2.37116339e+00 -1.51767586e-02 2.56942309e-01
1.85007028e-03 -3.15204161e-03 -2.09120869e-03 3.66397128e-03 1.68510528e-03 4.00234094e-03 -3.57329454e-03 1.77861206e-04 3.68164420e-03 8.64101256e-01 2.70906248e+00 1.66253213e-02 2.66532452e-01
1.08651712e-03 -1.92686654e-03 -1.59015541e-03 2.72744645e-03 1.65584079e-03 2.83634016e-03 -2.90921713e-03 1.31433503e-03 3.00158342e-03 8.83589617e-01 2.59213137e+00 -3.89665566e-03 2.46143737e-01
1.39243418e-03 -2.30038159e-03 -1.05579942e-03 2.29715840e-03 4.12634006e-04 3.36156715e-03 -2.58539292e-03 5.61036614e-04 2.77432620e-03 7.96472924e-01 2.43424118e+00 4.11659096e-03 2.75112535e-01
9.60518240e-04 -2.17787244e-03 -1.66226020e-03 2.84238409e-03 1.16332289e-03 3.52546409e-03 -3.07242337e-03 1.45074014e-03 3.33370013e-03 8.71810970e-01 2.67374990e+00 2.04862320e-02 2.62105800e-01
9.88033891e-04 -2.07195442e-03 -1.38666956e-03 2.44549811e-03 9.84282251e-04 2.95553842e-03 -2.53571584e-03 8.25232542e-04 2.70505353e-03 8.15462178e-01 2.39981930e+00 -1.83613445e-02 2.62265104e-01
1.45026910e-03 -2.32554581e-03 -1.30016655e-03 2.60314274e-03 1.03265063e-03 3.34579619e-03 -2.59265426e-03 2.85883428e-04 2.71655596e-03 7.99902861e-01 2.54435468e+00 1.19264286e-02 2.73411303e-01
5.59073757e-04 -1.59146653e-03 -1.63466391e-03 2.65363511e-03 1.07155997e-03 3.04452843e-03 -2.94243169e-03 1.76844306e-03 3.16993948e-03 8.78483630e-01 2.49680686e+00 -1.09732100e-02 2.47953496e-01
1.64887708e-03 -2.80061705e-03 -1.71237095e-03 3.13030545e-03 1.27808712e-03 3.16444712e-03 -3.26440398e-03 4.36387375e-04 3.34826722e-03 8.75198127e-01 2.59922003e+00 1.93311996e-02 2.59359867e-01
4.62715001e-04 -1.40338387e-03 -1.38054287e-03 2.22763864e-03 9.42241535e-04 3.23080234e-03 -2.41443359e-03 1.56266045e-03 2.72066472e-03 8.12065544e-01 2.47180991e+00 -1.74393251e-02 2.64155087e-01
1.09911694e-03 -2.14206252e-03 -1.46903235e-03 2.68614623e-03 1.21105625e-03 3.02989420e-03 -2.80193279e-03 1.02570134e-03 2.95026521e-03 8.65006327e-01 2.53177388e+00 7.89941369e-03 2.56744565e-01
9.23068777e-04 -2.08890515e-03 -1.48096126e-03 2.55119411e-03 9.50831413e-04 3.40912844e-03 -2.74349776e-03 1.19542761e-03 3.00172895e-03 8.19704511e-01 2.52922681e+00 -7.53546863e-03 2.66725767e-01
1.24722346e-03 -2.51520015e-04 -5.40376173e-04 2.13003375e-03 1.85497425e-03 2.92818114e-03 -2.31326671e-03 1.78175936e-03 2.54875081e-03 8.30799470e-01 2.54806702e+00 -2.90570425e-02 2.45629796e-01
1.69886631e-03 -2.51027521e-03 -1.70522588e-03 3.40492602e-03 1.45371630e-03 4.32218018e-03 -2.97169624e-03 -2.69149640e-04 3.03412745e-03 8.56254867e-01 2.51475638e+00 3.49451044e-02 2.77918788e-01
9.27553538e-04 -1.96976339e-03 -1.53443419e-03 2.57855511e-03 1.20705559e-03 2.78820287e-03 -2.76378955e-03 1.16561471e-03 2.90831227e-03 8.53212839e-01 2.43234741e+00 -1.84726727e-02 2.51155989e-01
1.19094072e-03 -2.32214690e-03 -1.37559552e-03 2.63099234e-03 8.61054260e-04 3.66544114e-03 -2.78371266e-03 9.23285128e-04 3.01824224e-03 8.28738072e-01 2.62392496e+00 2.08346698e-02 2.71686857e-01
8.50239494e-04 -1.61174819e-03 -1.39421521e-03 2.36677483e-03 1.34793733e-03 2.51074365e-03 -2.54176700e-03 1.24272259e-03 2.65820282e-03 8.33713527e-01 2.52293782e+00 -1.58345366e-02 2.50447316e-01
1.58871729e-03 -2.63647009e-03 -1.29123017e-03 2.80459631e-03 7.69463318e-04 3.96161742e-03 -2.98565335e-03 6.60252807e-04 3.19545806e-03 8.51380262e-01 2.52432615e+00 1.74665483e-02 2.73101336e-01
6.79122625e-04 -1.77852343e-03 -1.39829164e-03 2.43200373e-03 6.92143419e-04 2.71612612e-03 -2.69338969e-03 1.31753512e-03 2.89393191e-03 8.14935875e-01 2.45376454e+00 -1.87710891e-02 2.55533593e-01
1.24504617e-03 -2.37884401e-03 -1.61803436e-03 2.95822942e-03 1.62402827e-03 4.01205960e-03 -2.86877058e-03 1.01431557e-03 3.10651010e-03 8.72487433e-01 2.62812033e+00 2.09954404e-02 2.69105498e-01
6.09617734e-04 -1.56739394e-03 -1.53641696e-03 2.48172476e-03 1.15783895e-03 2.99441013e-03 -2.71432769e-03 1.60177558e-03 2.94260179e-03 8.52136249e-01 2.51200592e+00 -1.39489997e-02 2.52817987e-01
1.51715464e-03 -2.55153653e-03 -1.40370821e-03 2.75655126e-03 9.27749397e-04 3.34647655e-03 -2.86002247e-03 3.79473329e-04 2.99241395e-03 8.30492722e-01 2.54268818e+00 1.52881437e-02 2.69497370e-01
1.31448942e-03 -2.53177557e-03 -1.45193253e-03 2.78999668e-03 8.92035927e-04 4.08424744e-03 -2.95659877e-03 9.51556429e-04 3.22534317e-03 8.52032466e-01 2.66683239e+00 3.31317763e-02 2.74066462e-01
9.34859272e-04 -1.81554524e-03 -1.40625931e-03 2.45394800e-03 1.21404523e-03 2.54902599e-03 -2.63195015e-03 1.12302250e-03 2.74637528e-03 8.34064234e-01 2.41495296e+00 -2.77701341e-02 2.48807947e-01
1.77559633e-03 -2.51533737e-03 -1.24000836e-03 2.69004532e-03 5.71110790e-04 3.28701687e-03 -2.75363647e-03 -3.17963134e-04 2.79337503e-03 8.39568839e-01 2.30393186e+00 1.97498471e-02 2.75918731e-01
9.72082761e-04 -1.05800725e-03 -1.28629543e-03 2.48099059e-03 1.74082736e-03 2.86513169e-03 -2.76965648e-03 1.78830703e-03 2.92934991e-03 8.44144992e-01 2.74954019e+00 -1.76510840e-02 2.45386075e-01
1.40263212e-03 -2.22977435e-03 -1.36432603e-03 2.60139637e-03 1.11727559e-03 3.45668675e-03 -2.45352445e-03 3.79268303e-05 2.55583265e-03 7.94781354e-01 2.37223552e+00 -4.86883715e-03 2.76472620e-01
6.14442209e-04 -9.88319699e-04 -1.41637974e-03 2.68810292e-03 1.23143310e-03 3.07211190e-03 -3.04703233e-03 2.15442154e-03 3.28965489e-03 8.88104473e-01 2.68545484e+00 5.04114603e-03 2.43725988e-01
7.35450940e-04 -1.96076648e-03 -1.76179212e-03 2.85880742e-03 1.18846261e-03 3.53506429e-03 -3.11891813e-03 1.73012727e-03 3.41389487e-03 8.61697531e-01 2.56741560e+00 -1.31377964e-02 2.56476849e-01
1.19010498e-03 -2.16623414e-03 -1.31206009e-03 2.45022726e-03 1.00031234e-03 2.97050879e-03 -2.46957718e-03 4.80399706e-04 2.60498445e-03 8.19444524e-01 2.48562913e+00 1.43719405e-02 2.68606595e-01
1.88986202e-03 -2.89445354e-03 -1.36494270e-03 2.99372527e-03 9.90596974e-04 4.63662362e-03 -3.09310618e-03 4.38842057e-04 3.31342547e-03 8.54221516e-01 2.64608768e+00 3.32046224e-02 2.79626037e-01
6.38370690e-04 -1.44827024e-03 -1.39816633e-03 2.20011394e-03 1.01243771e-03 2.07024742e-03 -2.51272041e-03 1.29786393e-03 2.60900083e-03 8.32297334e-01 2.42965613e+00 -2.78326893e-02 2.41645709e-01
9.74760874e-04 -2.00242179e-03 -1.23301438e-03 2.28292199e-03 7.66844692e-04 3.30118378e-03 -2.43371068e-03 9.20064010e-04 2.66664951e-03 8.30486789e-01 2.37441370e+00 4.03762001e-03 2.71144679e-01
1.09759779e-03 -2.30498955e-03 -1.75651266e-03 2.89608225e-03 1.33301566e-03 2.97730489e-03 -3.15188598e-03 1.23529081e-03 3.29322417e-03 8.53016620e-01 2.68632998e+00 -3.88104270e-03 2.51814680e-01
1.64599287e-03 -2.42484341e-03 -1.30035675e-03 2.68488493e-03 9.43639479e-04 3.78479918e-03 -2.60774210e-03 -8.04410163e-05 2.70997072e-03 8.14086700e-01 2.37126959e+00 5.95922859e-03 2.79807658e-01
8.08947208e-04 -9.68957861e-04 -1.26261851e-03 2.51066856e-03 1.36623541e-03 2.63972262e-03 -2.86597737e-03 1.87942770e-03 3.00363215e-03 8.67739024e-01 2.68641453e+00 -5.65999356e-03 2.39880533e-01
8.67795172e-04 -1.95753521e-03 -1.53968194e-03 2.58884289e-03 1.08553167e-03 2.90652932e-03 -2.82551662e-03 1.30027603e-03 3.01409306e-03 8.51953986e-01 2.47830104e+00 -1.20236137e-02 2.53828061e-01
1.18105827e-03 -2.30868584e-03 -1.42401529e-03 2.64578467e-03 1.03822267e-03 3.52744986e-03 -2.72303332e-03 8.39962455e-04 2.93602430e-03 8.30890427e-01 2.57905419e+00 1.30247450e-02 2.69864654e-01
1.73986045e-03 -2.66319491e-03 -1.62156608e-03 3.09095363e-03 8.33904899e-04 3.35173798e-03 -3.03612278e-03 -4.18692083e-04 3.05833326e-03 8.47188268e-01 2.43952791e+00 3.04198897e-02 2.73133487e-01
9.90409862e-04 -5.95892856e-04 -9.52379071e-04 2.31394442e-03 1.80911970e-03 3.11573933e-03 -2.49763935e-03 1.86720612e-03 2.74244521e-03 8.37877877e-01 2.62960438e+00 -2.58117196e-02 2.47855469e-01
4.54351766e-04 -1.14514518e-03 -1.24443673e-03 2.18682582e-03 9.55562253e-04 3.23023348e-03 -2.37581649e-03 1.68122736e-03 2.68983486e-03 8.23825861e-01 2.49428722e+00 -6.00347957e-03 2.63215773e-01
1.61016065e-03 -2.87174286e-03 -1.89234574e-03 3.24406370e-03 1.38124049e-03 3.28378667e-03 -3.29579500e-03 2.97197741e-04 3.38579802e-03 8.60648462e-01 2.56944782e+00 6.25067025e-03 2.61015421e-01
1.19829932e-03 -1.98970878e-03 -1.02268003e-03 2.12699365e-03 7.63723609e-04 3.37333697e-03 -2.20054452e-03 5.41138507e-04 2.39405665e-03 7.97097927e-01 2.36691714e+00 8.00616427e-03 2.78772712e-01
1.10035551e-03 -2.13231681e-03 -1.74684811e-03 3.05822912e-03 1.42307282e-03 2.90968605e-03 -3.37665530e-03 1.54847040e-03 3.48233164e-03 8.81894216e-01 2.67746856e+00 -7.49316895e-03 2.42156216e-01
1.49804371e-03 -2.23181974e-03 -1.27080578e-03 2.59293915e-03 1.04222806e-03 3.71138502e-03 -2.42554092e-03 -4.57718117e-05 2.53020405e-03 8.08442736e-01 2.40206954e+00 1.72645295e-02 2.80917650e-01
8.10050467e-04 -9.29773722e-04 -1.27657743e-03 2.70196651e-03 1.43593458e-03 2.93753211e-03 -3.01642338e-03 2.07871721e-03 3.19739831e-03 8.70305527e-01 2.65236415e+00 -1.55067233e-02 2.39299387e-01
7.22794843e-04 -1.69789237e-03 -1.29133496e-03 2.18393157e-03 8.98933050e-04 2.75988436e-03 -2.33701378e-03 1.09039629e-03 2.53379600e-03 8.07817615e-01 2.42927191e+00 -9.84137509e-03 2.62802997e-01
1.29690070e-03 -2.64312626e-03 -1.75161638e-03 3.12331406e-03 1.20833976e-03 3.67037988e-03 -3.28852319e-03 1.06585473e-03 3.48716299e-03 8.77352146e-01 2.62247941e+00 1.04232942e-02 2.60359920e-01
9.57521178e-04 -7.99999769e-04 -1.08965910e-03 2.41635549e-03 1.83511358e-03 3.37671466e-03 -2.57927216e-03 1.90339687e-03 2.85754516e-03 8.53308631e-01 2.62196264e+00 -1.89589827e-02 2.51526360e-01
1.66535969e-03 -2.62934109e-03 -1.56786208e-03 2.94705089e-03 7.31646111e-04 2.99520890e-03 -2.97352181e-03 -3.47400433e-04 2.99906152e-03 8.28567569e-01 2.44132595e+00 2.14518605e-02 2.70668365e-01
8.21951620e-04 -9.31887356e-04 -1.16056355e-03 2.35547663e-03 1.67610712e-03 2.99494157e-03 -2.49442671e-03 1.74110582e-03 2.70258158e-03 8.36718650e-01 2.63169520e+00 -2.04948707e-02 2.50117471e-01
1.83698469e-03 -2.85633603e-03 -1.54720516e-03 3.07365370e-03 6.73283328e-04 3.33485751e-03 -3.16759966e-03 -2.51063713e-04 3.23050859e-03 8.48295635e-01 2.44976217e+00 2.33059707e-02 2.72436042e-01
8.33871221e-04 -2.06243972e-03 -1.56472560e-03 2.65481997e-03 9.09121353e-04 3.36487027e-03 -2.90806934e-03 1.40142139e-03 3.18291752e-03 8.45991036e-01 2.57001484e+00 4.84648713e-03 2.63321830e-01
1.11235020e-03 -2.16584610e-03 -1.45677556e-03 2.61497084e-03 1.26413286e-03 3.14310814e-03 -2.65462939e-03 8.65995726e-04 2.82129786e-03 8.38165830e-01 2.49406335e+00 -4.66703621e-03 2.61840281e-01
1.60546291e-03 -2.56225213e-03 -1.49618824e-03 2.84698269e-03 9.76672888e-04 3.37993544e-03 -2.83165746e-03 -3.72117594e-05 2.91643144e-03 8.03111833e-01 2.55981032e+00 1.45384027e-02 2.73721867e-01
5.97569336e-04 -1.11331672e-03 -1.36466363e-03 2.45632383e-03 1.25247955e-03 3.02752032e-03 -2.71305662e-03 1.85961938e-03 2.95563339e-03 8.75212339e-01 2.49012562e+00 -1.32180661e-02 2.47169942e-01
5.05147140e-04 -1.11705493e-03 -1.41739709e-03 2.48520590e-03 1.08652749e-03 3.19472418e-03 -2.78386504e-03 1.95708258e-03 3.08555446e-03 8.39530609e-01 2.55985065e+00 -1.85549590e-02 2.52886239e-01
1.49762332e-03 -2.43671001e-03 -1.52566233e-03 2.88625046e-03 1.33151056e-03 3.48013971e-03 -2.74618618e-03 1.64733233e-04 2.84500340e-03 8.44920322e-01 2.50287385e+00 2.08544814e-02 2.70731611e-01
1.32227872e-03 -2.42881905e-03 -1.69833457e-03 3.06330580e-03 1.55174809e-03 3.26038188e-03 -3.18406545e-03 1.08784117e-03 3.30488347e-03 8.79193978e-01 2.73113932e+00 1.73658179e-02 2.54370897e-01
7.91325796e-04 -1.84340244e-03 -1.27500361e-03 2.20887373e-03 6.88285887e-04 3.13132640e-03 -2.42450609e-03 1.09264421e-03 2.67469124e-03 8.07780363e-01 2.34857146e+00 -1.58355360e-02 2.68536665e-01
1.40577588e-03 -2.75660367e-03 -1.60693000e-03 3.05079721e-03 8.46611352e-04 3.98860927e-03 -3.31045802e-03 1.02772212e-03 3.58176007e-03 8.40226221e-01 2.81066432e+00 3.20696536e-02 2.71491929e-01
8.34782249e-04 -1.74879259e-03 -1.34570729e-03 2.29939429e-03 1.20362081e-03 2.66546846e-03 -2.38724166e-03 1.03716212e-03 2.53764052e-03 8.43459599e-01 2.29785548e+00 -2.69549573e-02 2.53190380e-01
7.76355419e-04 -1.34100187e-03 -1.38110664e-03 2.29260625e-03 1.46470407e-03 2.36430808e-03 -2.51393784e-03 1.39414593e-03 2.59879936e-03 8.51848961e-01 2.49296209e+00 -2.59673217e-02 2.41634673e-01
2.11341262e-03 -2.96964879e-03 -1.15811199e-03 2.79366988e-03 3.24516845e-04 3.83740889e-03 -3.13005170e-03 -5.01766034e-05 3.24505809e-03 8.29561575e-01 2.55883683e+00 3.07692217e-02 2.78055936e-01
1.52790399e-03 -2.77723797e-03 -1.79663189e-03 3.16060832e-03 1.39014330e-03 3.27803031e-03 -3.30186585e-03 6.87758888e-04 3.42471078e-03 8.51954352e-01 2.74675311e+00 1.56565931e-02 2.60468036e-01
5.06047418e-04 -1.55449675e-03 -1.35981759e-03 2.20024524e-03 8.12102556e-04 3.11991136e-03 -2.38617648e-03 1.40128429e-03 2.67008536e-03 8.33076161e-01 2.34302199e+00 -1.43283067e-02 2.63791719e-01
6.37847463e-04 -9.44405216e-04 -1.15428746e-03 2.24893259e-03 1.30733393e-03 3.07681322e-03 -2.41947142e-03 1.74027350e-03 2.68074231e-03 8.53743047e-01 2.43291782e+00 -1.53601824e-02 2.53920510e-01
1.69415509e-03 -2.80290575e-03 -1.69025997e-03 3.10783025e-03 1.05796633e-03 3.38491450e-03 -3.12841977e-03 -2.66090665e-05 3.19629064e-03 8.28467858e-01 2.61395337e+00 1.69904262e-02 2.68586924e-01
6.85968484e-04 -1.75967252e-03 -1.32018195e-03 2.22240586e-03 8.13136804e-04 2.89720048e-03 -2.36525467e-03 1.09662289e-03 2.58467153e-03 8.40034569e-01 2.30855620e+00 -7.39765863e-03 2.62883480e-01
1.25212946e-03 -2.58234075e-03 -1.80362880e-03 3.10143005e-03 1.32637964e-03 3.52246616e-03 -3.27861156e-03 1.12731966e-03 3.48086034e-03 8.44112827e-01 2.76929171e+00 7.78182406e-03 2.61469190e-01
6.89734617e-04 -1.53892301e-03 -1.41874651e-03 2.50517775e-03 1.24058688e-03 2.91968695e-03 -2.65059156e-03 1.52874938e-03 2.84029761e-03 8.39055377e-01 2.56144574e+00 -1.42636343e-02 2.51889176e-01
1.49680814e-03 -2.59000576e-03 -1.44423137e-03 2.82050037e-03 9.73028128e-04 3.56304483e-03 -2.93484879e-03 5.48128140e-04 3.11968594e-03 8.45339826e-01 2.51538450e+00 1.56040994e-02 2.71205101e-01
8.84326513e-04 -1.97681412e-03 -1.69999113e-03 2.72736454e-03 1.60120550e-03 3.14285163e-03 -2.82582980e-03 1.36267886e-03 3.01183710e-03 8.73557594e-01 2.56560878e+00 -7.15854852e-03 2.52963727e-01
1.31524874e-03 -2.31590122e-03 -1.17456343e-03 2.48900062e-03 5.17401935e-04 3.22534353e-03 -2.73507737e-03 6.90995311e-04 2.93086621e-03 8.07027063e-01 2.48744446e+00 7.60788557e-03 2.71441146e-01
1.31363927e-03 -2.35401619e-03 -1.53571187e-03 2.70550889e-03 1.30569522e-03 3.08710117e-03 -2.72954655e-03 5.29469882e-04 2.85508079e-03 8.14231498e-01 2.44651337e+00 -2.04249257e-02 2.63122260e-01
5.26536086e-04 -1.67865568e-03 -1.56726490e-03 2.60635331e-03 8.31991358e-04 3.45501942e-03 -2.89238375e-03 1.77675225e-03 3.20301907e-03 8.73709241e-01 2.62926774e+00 2.30827183e-02 2.60507793e-01
7.00495878e-04 -1.80970965e-03 -1.30118480e-03 2.24290681e-03 6.77197264e-04 3.38622524e-03 -2.44807882e-03 1.24730661e-03 2.74101993e-03 8.30474459e-01 2.38886292e+00 -5.05302680e-04 2.70235686e-01
1.35698433e-03 -2.44664859e-03 -1.72479265e-03 3.03190897e-03 1.59556635e-03 3.09503575e-03 -3.14493889e-03 9.56032765e-04 3.25846325e-03 8.53434086e-01 2.68163919e+00 5.59307895e-04 2.55045819e-01
1.22011526e-03 -2.20947697e-03 -1.43103767e-03 2.64972367e-03 1.27471433e-03 3.20346145e-03 -2.67827997e-03 7.67138365e-04 2.82899657e-03 8.26344642e-01 2.45705405e+00 -1.42456877e-02 2.62731838e-01
6.44550068e-04 -1.93017144e-03 -1.61753057e-03 2.61521531e-03 8.14663712e-04 3.25255190e-03 -2.89666138e-03 1.51803302e-03 3.15980921e-03 8.59257469e-01 2.60533622e+00 1.55326127e-02 2.60449896e-01
9.87276541e-04 -2.31672568e-03 -1.66930385e-03 2.83183718e-03 9.98878181e-04 3.22988003e-03 -3.06526581e-03 1.22189861e-03 3.26510440e-03 8.52960904e-01 2.66516892e+00 1.05713918e-02 2.58606865e-01
9.43852740e-04 -1.97674865e-03 -1.37425265e-03 2.40583798e-03 1.05667004e-03 3.12735507e-03 -2.51973299e-03 1.01015475e-03 2.72622657e-03 8.31775601e-01 2.39965177e+00 -9.93184022e-03 2.64388468e-01
9.89584956e-04 -2.02861091e-03 -1.31011665e-03 2.43972416e-03 9.31796399e-04 3.84777846e-03 -2.58508574e-03 1.18247795e-03 2.88027382e-03 8.25561834e-01 2.51558005e+00 5.23548473e-03 2.73838192e-01
1.19389915e-03 -2.23645602e-03 -1.56005010e-03 2.68925229e-03 1.19221108e-03 2.54556922e-03 -2.94833098e-03 9.29532898e-04 3.02055126e-03 8.57476616e-01 2.54083256e+00 -5.00618147e-03 2.48314318e-01
8.68318603e-04 -6.22158492e-04 -1.02052984e-03 2.55897412e-03 1.54400791e-03 3.55261644e-03 -2.78398013e-03 2.17990218e-03 3.11079152e-03 8.61953980e-01 2.65463978e+00 -3.28415251e-03 2.52249559e-01
1.38791443e-03 -2.24545063e-03 -1.52639839e-03 2.82004105e-03 1.36245592e-03 3.38796116e-03 -2.57270020e-03 1.04084436e-05 2.64883082e-03 8.20965880e-01 2.39680299e+00 3.42538613e-03 2.71695416e-01
9.32903298e-04 -1.95258298e-03 -1.66517671e-03 2.79917479e-03 1.42351017e-03 3.19831730e-03 -3.03068064e-03 1.53440053e-03 3.22150129e-03 8.47106374e-01 2.71295796e+00 -6.74268109e-03 2.53656479e-01
1.21379583e-03 -2.17676637e-03 -1.20631817e-03 2.39265563e-03 7.47815842e-04 3.11380632e-03 -2.51596221e-03 5.87228117e-04 2.67832855e-03 8.36601038e-01 2.34426629e+00 7.08296509e-03 2.69297363e-01
8.92433506e-04 -2.00456434e-03 -1.54600791e-03 2.63323921e-03 9.88565327e-04 2.79665182e-03 -2.92013749e-03 1.30019128e-03 3.08301679e-03 8.33132934e-01 2.66536135e+00 9.77468775e-04 2.54343863e-01
1.16246474e-03 -2.19127743e-03 -1.37432955e-03 2.60229718e-03 1.17508281e-03 3.63869778e-03 -2.62029835e-03 8.89118198e-04 2.84218460e-03 8.50728904e-01 2.40184032e+00 -9.17474112e-04 2.69441578e-01
6.51384164e-04 -9.49747965e-04 -1.33065906e-03 2.71843626e-03 1.29487259e-03 3.47166533e-03 -3.00302832e-03 2.21742789e-03 3.29759633e-03 8.72589292e-01 2.75215609e+00 9.74038848e-03 2.50728769e-01
1.39433896e-03 -2.23884867e-03 -1.41277607e-03 2.63026505e-03 1.20717285e-03 3.21852401e-03 -2.50310910e-03 7.76959241e-05 2.58952284e-03 8.12471328e-01 2.32213813e+00 -9.22183074e-03 2.71230674e-01
1.68667437e-03 -2.75437683e-03 -1.40759207e-03 2.84108096e-03 6.13103496e-04 3.22568199e-03 -3.04919610e-03 1.43239857e-04 3.15297423e-03 8.21854133e-01 2.58271271e+00 2.14626847e-02 2.70342366e-01
6.98662022e-04 -1.43373218e-03 -1.43949503e-03 2.41515835e-03 1.42148776e-03 3.02020956e-03 -2.57626823e-03 1.56707422e-03 2.79271322e-03 8.58790256e-01 2.47219677e+00 -1.89375660e-02 2.52229396e-01
1.52100043e-03 -2.54410770e-03 -1.58936639e-03 2.93483747e-03 1.31603551e-03 3.02814167e-03 -2.97385576e-03 3.88436246e-04 3.06202174e-03 8.20872545e-01 2.57334588e+00 -3.78169673e-03 2.62086065e-01
5.19786223e-04 -1.39243385e-03 -1.40345667e-03 2.43540004e-03 1.06983550e-03 3.56759543e-03 -2.60549469e-03 1.77213939e-03 2.94298190e-03 8.63193948e-01 2.49900064e+00 3.90644725e-03 2.63033701e-01
8.61016452e-04 -7.91807702e-04 -1.14125359e-03 2.56564157e-03 1.76398172e-03 3.27528607e-03 -2.70462705e-03 2.00790304e-03 2.94241963e-03 8.89560921e-01 2.59956846e+00 -5.16796695e-03 2.46155031e-01
1.64644294e-03 -2.49905723e-03 -1.41852203e-03 2.80109411e-03 7.81619252e-04 3.17621000e-03 -2.78546938e-03 -2.64354386e-04 2.84117471e-03 7.88898689e-01 2.45376355e+00 5.49376726e-03 2.74942259e-01
1.09596372e-03 -2.09766715e-03 -1.24266399e-03 2.37987447e-03 7.68797363e-04 3.07190634e-03 -2.55260320e-03 8.16940894e-04 2.73584276e-03 8.07342472e-01 2.43494886e+00 -7.64613467e-03 2.66759245e-01
9.27205051e-04 -2.14932725e-03 -1.73294216e-03 2.82269775e-03 1.33013117e-03 3.26451455e-03 -3.01010511e-03 1.36419206e-03 3.21051669e-03 8.77181811e-01 2.61666993e+00 8.00674299e-03 2.56004675e-01
6.22219322e-04 -1.70403552e-03 -1.27777065e-03 2.13007007e-03 5.41159654e-04 3.01287419e-03 -2.39507764e-03 1.21344247e-03 2.65706092e-03 8.05925533e-01 2.44627439e+00 2.90453819e-03 2.68618121e-01
1.43224067e-03 -2.55042663e-03 -1.73938849e-03 3.12763915e-03 1.65433789e-03 3.42014446e-03 -3.17459414e-03 8.98164231e-04 3.29631877e-03 8.75674509e-01 2.58534238e+00 -2.76236627e-03 2.54867567e-01
1.70328889e-03 -1.35406365e-05 -2.10422126e-04 2.24814236e-03 2.35688603e-03 3.24812196e-03 -2.34777023e-03 1.86051234e-03 2.56152925e-03 8.94444841e-01 2.60214006e+00 -3.03383726e-04 2.42544630e-01
1.55319819e-03 -2.27387842e-03 -1.59193465e-03 3.11875326e-03 1.14177535e-03 3.63718018e-03 -2.77527252e-03 -4.01796508e-04 2.79634150e-03 7.85385072e-01 2.43081749e+00 4.08274229e-04 2.76442633e-01
1.10465115e-03 -2.15235495e-03 -1.53047590e-03 2.60044367e-03 1.42365705e-03 3.00568752e-03 -2.60862366e-03 7.88397941e-04 2.74878184e-03 8.25294816e-01 2.46768365e+00 -1.98138296e-02 2.59309809e-01
7.89498725e-04 -2.01854478e-03 -1.51019236e-03 2.66633499e-03 6.76923615e-04 3.55539439e-03 -2.98988156e-03 1.54597997e-03 3.29614759e-03 8.61297570e-01 2.60175522e+00 2.23645656e-02 2.65200732e-01
1.53872280e-03 -2.71768398e-03 -1.57148582e-03 3.00884318e-03 1.10415631e-03 3.74933134e-03 -3.10062234e-03 6.06953183e-04 3.29816373e-03 8.21647434e-01 2.74751931e+00 2.28513786e-02 2.72455758e-01
5.49693460e-04 -1.60978137e-03 -1.47727719e-03 2.38881673e-03 1.02603300e-03 2.83086179e-03 -2.54606932e-03 1.41074882e-03 2.75880717e-03 8.58806663e-01 2.34703196e+00 -2.00221329e-02 2.52090615e-01
1.59945016e-03 -2.60905167e-03 -1.42351372e-03 2.82807898e-03 1.02916875e-03 3.61911840e-03 -2.88597566e-03 3.39947657e-04 3.02928943e-03 8.28877748e-01 2.57684119e+00 1.75151599e-02 2.72389543e-01
5.29209685e-04 -1.47657911e-03 -1.52053348e-03 2.42380728e-03 1.03625235e-03 2.77210707e-03 -2.69445615e-03 1.60972878e-03 2.90176250e-03 8.53350657e-01 2.48205285e+00 -1.57938397e-02 2.49165887e-01
7.57016012e-04 -1.71331422e-03 -1.37608373e-03 2.37546549e-03 1.11674265e-03 3.03053090e-03 -2.50401847e-03 1.28203126e-03 2.71756134e-03 8.53598084e-01 2.38609179e+00 -9.73171369e-03 2.58517452e-01
1.35315439e-03 -2.52782905e-03 -1.53896974e-03 2.89625383e-03 1.02719187e-03 3.38197672e-03 -3.05931901e-03 8.18939124e-04 3.22974372e-03 8.29265546e-01 2.67498098e+00 1.04081833e-02 2.64855308e-01
1.76067636e-03 2.04927629e-04 -2.14409234e-05 2.11635578e-03 2.24474607e-03 2.68844841e-03 -2.25994155e-03 1.74399379e-03 2.37224188e-03 8.35803852e-01 2.62542608e+00 -3.27005006e-02 2.32984877e-01
1.82410752e-03 -2.27463053e-03 -1.50283171e-03 3.41250139e-03 1.49281687e-03 4.85247148e-03 -2.81793998e-03 -4.05591926e-04 2.85287498e-03 8.50283289e-01 2.46421558e+00 4.04134529e-02 2.83899309e-01
1.71013315e-03 -2.76289279e-03 -1.35672266e-03 2.92447819e-03 7.56209360e-04 3.66212694e-03 -3.12685996e-03 4.72865965e-04 3.27936125e-03 8.57176848e-01 2.53230990e+00 1.97190322e-02 2.69266544e-01
6.90795282e-04 -1.51622319e-03 -1.43211011e-03 2.31750241e-03 1.29739154e-03 2.68665040e-03 -2.48332774e-03 1.35640017e-03 2.64810225e-03 8.28691847e-01 2.52398694e+00 -1.76924564e-02 2.53337254e-01
8.75021944e-04 -1.96045299e-03 -1.38590665e-03 2.51176981e-03 9.81880299e-04 3.46826744e-03 -2.64221852e-03 1.24906762e-03 2.90091692e-03 8.54748072e-01 2.39600042e+00 -5.41152626e-03 2.64637633e-01
1.17875982e-03 -2.31791953e-03 -1.59220807e-03 2.75464504e-03 1.22727828e-03 2.96919649e-03 -2.91546546e-03 9.21495022e-04 3.06416986e-03 8.28475138e-01 2.67560299e+00 5.66302640e-03 2.60253357e-01
1.01484895e-03 -2.04000336e-03 -1.23638514e-03 2.34686493e-03 7.46933174e-04 3.48624564e-03 -2.51967302e-03 9.88152725e-04 2.76757154e-03 8.04254730e-01 2.49875795e+00 1.88169118e-03 2.72742122e-01
1.06704477e-03 -2.25221539e-03 -1.71133880e-03 2.78571861e-03 1.28985910e-03 2.81207749e-03 -3.02086083e-03 1.11406209e-03 3.14033377e-03 8.77423332e-01 2.53913183e+00 -1.77231756e-03 2.49414333e-01
5.05347113e-04 -8.50829024e-04 -1.11046252e-03 2.04682552e-03 1.15426905e-03 2.81549651e-03 -2.21365966e-03 1.61526838e-03 2.46719037e-03 8.26852501e-01 2.36452665e+00 -2.77149837e-02 2.54346459e-01
1.88976177e-03 -3.17639415e-03 -1.95802045e-03 3.52999223e-03 1.17817251e-03 3.74306868e-03 -3.56611746e-03 -4.36967479e-05 3.63976289e-03 8.60865058e-01 2.72850506e+00 3.29861773e-02 2.68072306e-01
7.12620148e-04 -2.04734451e-03 -1.53652609e-03 2.56623378e-03 4.91477340e-04 4.00448862e-03 -2.95918008e-03 1.61522076e-03 3.33175370e-03 8.61164842e-01 2.63524243e+00 3.36779187e-02 2.71646761e-01
1.27687098e-03 -2.15279444e-03 -1.49650877e-03 2.59911077e-03 1.50420897e-03 2.63659222e-03 -2.67128840e-03 6.56136855e-04 2.72666383e-03 8.26680027e-01 2.43986747e+00 -2.82039196e-02 2.51467180e-01
1.62829550e-03 -2.51006738e-03 -1.19627143e-03 2.56828817e-03 5.62576870e-04 3.20101813e-03 -2.72668356e-03 8.26325448e-05 2.84753811e-03 7.89993560e-01 2.42631178e+00 6.06648723e-04 2.75426400e-01
6.51774460e-04 -1.50992570e-03 -1.67600282e-03 2.67820760e-03 1.53403739e-03 3.02298142e-03 -2.88838550e-03 1.76567965e-03 3.09074188e-03 8.90398807e-01 2.63468396e+00 -5.05167640e-04 2.47355273e-01
1.88851275e-03 -2.84795388e-03 -1.42614016e-03 2.97745268e-03 5.76920140e-04 3.31170776e-03 -3.11874545e-03 -2.36868391e-04 3.18803951e-03 8.03603579e-01 2.49471974e+00 4.35554463e-03 2.73588603e-01
7.50968770e-04 -1.08615587e-03 -1.29619500e-03 2.34804465e-03 1.61597967e-03 2.89601662e-03 -2.51429239e-03 1.67854485e-03 2.72042569e-03 8.77353910e-01 2.56103785e+00 -4.13755382e-03 2.49444180e-01
1.02595485e-03 -1.97885082e-03 -1.18938812e-03 2.22647127e-03 8.19726065e-04 3.18850867e-03 -2.33256133e-03 7.62906134e-04 2.53723217e-03 8.10200312e-01 2.44207905e+00 1.17496704e-02 2.73239318e-01
1.02240008e-03 -2.34699117e-03 -1.81997392e-03 2.97312731e-03 1.20895360e-03 3.07039094e-03 -3.26373781e-03 1.34283358e-03 3.42271956e-03 8.69960859e-01 2.59607759e+00 -1.08548459e-02 2.48671208e-01
1.78723685e-03 -2.61751184e-03 -1.42310700e-03 2.94961505e-03 9.29558785e-04 3.73794756e-03 -2.88847036e-03 -1.93138506e-04 2.95859933e-03 8.36625136e-01 2.42524948e+00 1.66960318e-02 2.76187402e-01
7.84123334e-04 -8.15916788e-04 -1.14228381e-03 2.35643608e-03 1.48934023e-03 2.76050425e-03 -2.59714248e-03 1.80978856e-03 2.77448558e-03 8.46754773e-01 2.62494330e+00 -1.51466364e-02 2.45071451e-01
7.12260482e-04 -1.86977827e-03 -1.49293220e-03 2.48023799e-03 8.94889323e-04 2.86650783e-03 -2.68731747e-03 1.27143928e-03 2.88160690e-03 8.22370256e-01 2.51017024e+00 -1.50330166e-02 2.56162112e-01
1.25831910e-03 -2.32807818e-03 -1.48407095e-03 2.79404169e-03 1.25021320e-03 3.60526287e-03 -2.87102211e-03 9.69686211e-04 3.07872826e-03 8.63648579e-01 2.55315033e+00 1.64554167e-02 2.66680459e-01
5.36269101e-04 -7.60308806e-04 -1.21701502e-03 2.47784882e-03 1.06844271e-03 3.08800731e-03 -2.79864782e-03 2.11047452e-03 3.09884030e-03 8.36494438e-01 2.63652540e+00 -1.22481591e-02 2.49270786e-01
1.42594676e-03 -2.35169867e-03 -1.59673801e-03 2.95256917e-03 1.59738654e-03 3.90898245e-03 -2.63351459e-03 1.64257353e-04 2.76150261e-03 8.48088569e-01 2.42976610e+00 1.32281544e-02 2.75067992e-01
1.49365187e-03 -2.41256506e-03 -1.27393352e-03 2.53694350e-03 5.98012896e-04 2.70579324e-03 -2.67534375e-03 1.45718736e-05 2.75012524e-03 8.13131235e-01 2.32522808e+00 1.37282156e-03 2.68715676e-01
7.91140590e-04 -1.43800127e-03 -1.57859103e-03 2.75964386e-03 1.74362837e-03 3.59620207e-03 -2.91924898e-03 1.92649146e-03 3.19950119e-03 8.69524639e-01 2.74483080e+00 -1.28880328e-03 2.54901499e-01
1.29011874e-03 -2.29587669e-03 -1.65558487e-03 2.79707471e-03 1.55144714e-03 2.77830356e-03 -2.97779424e-03 9.26541897e-04 3.04761445e-03 8.74862095e-01 2.58321146e+00 1.14573746e-03 2.49638202e-01
8.53294503e-04 -2.00602193e-03 -1.28951998e-03 2.26993503e-03 4.86210401e-04 3.50153389e-03 -2.57212453e-03 1.14948854e-03 2.86095069e-03 8.07932911e-01 2.45687506e+00 -1.07799978e-03 2.72742098e-01
7.59013906e-04 -1.62525861e-03 -1.30985997e-03 2.30812537e-03 1.06455265e-03 2.55627337e-03 -2.46286193e-03 1.19655047e-03 2.60260565e-03 8.31865303e-01 2.53167939e+00 9.13586508e-05 2.54186147e-01
1.49869798e-03 -2.67087473e-03 -1.54586138e-03 2.97931625e-03 1.13713296e-03 3.96012651e-03 -3.11442754e-03 8.38143841e-04 3.34214550e-03 8.52030651e-01 2.53117862e+00 -3.85790205e-05 2.68994891e-01
7.15720502e-04 -1.83560406e-03 -1.66168994e-03 2.72631686e-03 1.44137735e-03 3.76267329e-03 -2.82412844e-03 1.66730991e-03 3.13988771e-03 8.72689365e-01 2.63298379e+00 9.22504543e-03 2.63115576e-01
1.34377457e-03 -2.32135320e-03 -1.31547845e-03 2.59783629e-03 8.44532145e-04 2.75129608e-03 -2.75563481e-03 5.18822069e-04 2.86698613e-03 8.12249450e-01 2.44084316e+00 -8.75512542e-03 2.61905836e-01
1.25019877e-03 -3.24032842e-04 -6.73544778e-04 2.40771164e-03 1.83395345e-03 2.87229449e-03 -2.65487099e-03 1.95999636e-03 2.81386163e-03 8.52629499e-01 2.70137941e+00 -1.63321708e-02 2.38851274e-01
1.62243538e-03 -2.31993585e-03 -1.43046155e-03 2.91534259e-03 1.15464491e-03 3.99336766e-03 -2.62848532e-03 -2.62442316e-04 2.69485085e-03 8.29686352e-01 2.36285300e+00 1.81687845e-02 2.80911974e-01
7.03427785e-04 -1.25362391e-03 -1.44120314e-03 2.65955944e-03 1.34903061e-03 3.03105992e-03 -2.92690661e-03 1.91319167e-03 3.13004783e-03 8.80074218e-01 2.70495860e+00 1.13453314e-02 2.48454964e-01
1.48295726e-03 -2.37154858e-03 -1.31233143e-03 2.59593657e-03 9.45370740e-04 3.38587230e-03 -2.58312314e-03 1.38968680e-04 2.69883130e-03 8.05309045e-01 2.35133529e+00 -1.06679899e-02 2.73694122e-01
1.14551103e-03 -1.93121647e-03 -1.51532392e-03 2.62471758e-03 1.53926901e-03 2.43816967e-03 -2.85143500e-03 1.12903381e-03 2.87601965e-03 8.90902173e-01 2.53625083e+00 -2.55106923e-03 2.40510302e-01
1.39984016e-03 -2.33085393e-03 -1.08244029e-03 2.28459000e-03 4.23441486e-04 3.76576896e-03 -2.61635700e-03 6.89920322e-04 2.85667670e-03 7.88483760e-01 2.48578151e+00 2.71952774e-03 2.79019212e-01
9.48134593e-04 -2.15649571e-03 -1.35523684e-03 2.53090591e-03 4.47989360e-04 3.32349395e-03 -2.87236547e-03 1.20807386e-03 3.14053399e-03 8.19972009e-01 2.56293703e+00 9.89795927e-03 2.67944370e-01
1.10374718e-03 -2.05864530e-03 -1.54711776e-03 2.72751316e-03 1.72796299e-03 3.26440850e-03 -2.66774371e-03 1.03941219e-03 2.82774846e-03 8.61883249e-01 2.49376893e+00 -9.25399154e-03 2.57832700e-01
8.44241467e-04 -1.95493778e-03 -1.35028630e-03 2.42885705e-03 6.78689009e-04 3.42092924e-03 -2.68881795e-03 1.28475426e-03 2.97657072e-03 8.02480411e-01 2.58430217e+00 2.38874459e-03 2.70027596e-01
1.15041628e-03 -2.25061055e-03 -1.62067101e-03 2.79851525e-03 1.46581411e-03 3.08136148e-03 -2.83679435e-03 9.08791603e-04 2.96918464e-03 8.78865549e-01 2.45873772e+00 -2.26026670e-03 2.54589796e-01
1.79091647e-03 -3.00470471e-03 -1.77725546e-03 3.39733078e-03 1.27164676e-03 3.38073866e-03 -3.54052628e-03 4.77054564e-04 3.63515892e-03 8.60996504e-01 2.82973189e+00 3.38540963e-02 2.62157187e-01
5.24069528e-04 -1.38994164e-03 -1.29849051e-03 2.14027646e-03 1.04340709e-03 3.12486022e-03 -2.26316134e-03 1.42226222e-03 2.54616803e-03 8.26831503e-01 2.30144409e+00 -2.83253616e-02 2.62896200e-01
9.35637632e-04 -1.79912704e-03 -1.36951364e-03 2.29325155e-03 1.21156528e-03 2.40761076e-03 -2.46587336e-03 9.65582457e-04 2.56899341e-03 8.29332791e-01 2.39215476e+00 -2.35605861e-02 2.51167879e-01
1.26163028e-03 -2.59474235e-03 -1.53163249e-03 2.89459066e-03 7.67150349e-04 4.17440050e-03 -3.14630912e-03 1.13402772e-03 3.43864207e-03 8.57240079e-01 2.67578152e+00 2.72829515e-02 2.71908612e-01
1.46612600e-03 -2.28892489e-03 -1.11804738e-03 2.43360128e-03 7.44638990e-04 3.31607180e-03 -2.54578675e-03 3.71108329e-04 2.68995555e-03 8.30429087e-01 2.35825009e+00 1.19931129e-02 2.73816153e-01
8.48755717e-04 -1.66611376e-03 -1.57302225e-03 2.75078969e-03 1.46811281e-03 2.98724300e-03 -2.96987853e-03 1.65807454e-03 3.12162433e-03 8.52437113e-01 2.69938616e+00 -1.11278425e-02 2.47527093e-01
1.32361411e-03 -2.39002107e-03 -1.61755424e-03 2.94934686e-03 1.42700311e-03 3.13285733e-03 -3.07619781e-03 9.76915556e-04 3.21070340e-03 8.31998122e-01 2.69338978e+00 -3.74427702e-03 2.57581780e-01
7.28993855e-04 -1.81802766e-03 -1.34175951e-03 2.34422280e-03 8.47405322e-04 3.34082899e-03 -2.48525950e-03 1.24433273e-03 2.75513514e-03 8.52196217e-01 2.37671051e+00 3.87276363e-03 2.67232545e-01
1.40654232e-03 -2.25204703e-03 -1.17456497e-03 2.36827342e-03 6.48416066e-04 2.70957803e-03 -2.49669838e-03 1.28525045e-04 2.57838164e-03 8.07959234e-01 2.23454203e+00 -1.38666170e-02 2.67824081e-01
8.46792163e-04 -1.62224966e-03 -1.66663385e-03 2.92474796e-03 1.70737292e-03 3.62901123e-03 -3.11304581e-03 1.94978677e-03 3.36654744e-03 8.78414114e-01 2.85696061e+00 1.50266309e-02 2.54878331e-01
1.14064671e-03 -2.10791494e-03 -1.43053725e-03 2.61779561e-03 1.40122385e-03 3.20483532e-03 -2.58327682e-03 8.19694224e-04 2.74027759e-03 8.32189254e-01 2.47862870e+00 -8.31770685e-03 2.63045017e-01
7.11912183e-04 -2.02979398e-03 -1.61483434e-03 2.66578767e-03 7.27493529e-04 3.30654125e-03 -2.99027601e-03 1.51866084e-03 3.27284719e-03 8.52384318e-01 2.58526479e+00 8.77580354e-03 2.61265493e-01
1.01575716e-03 -2.25577679e-03 -1.90221444e-03 3.03442872e-03 1.62883970e-03 3.39227775e-03 -3.23151971e-03 1.49098250e-03 3.41839972e-03 8.83961237e-01 2.73561775e+00 6.57727820e-03 2.52963607e-01
1.09796060e-03 -2.01797098e-03 -1.08058280e-03 2.15974982e-03 5.17555600e-04 2.86812645e-03 -2.37296717e-03 6.48455423e-04 2.54181483e-03 7.99794318e-01 2.31934470e+00 -6.32193760e-03 2.69525120e-01
1.89178708e-03 1.71611963e-04 -1.19397950e-04 2.50053564e-03 2.54219063e-03 3.51400842e-03 -2.61814053e-03 2.13265623e-03 2.84638864e-03 8.64321999e-01 2.76753565e+00 -1.32732867e-02 2.40482330e-01
1.37163120e-03 -1.95489223e-03 -1.40451180e-03 2.83789363e-03 1.30294072e-03 3.69054358e-03 -2.38865320e-03 -2.38193041e-04 2.43193353e-03 8.16311776e-01 2.29184525e+00 1.45453041e-02 2.79051289e-01
1.27663026e-03 -2.31840356e-03 -1.47656810e-03 2.62849995e-03 1.13813606e-03 2.99336685e-03 -2.68180441e-03 4.91932966e-04 2.79902929e-03 8.13826368e-01 2.46787094e+00 -1.01261108e-02 2.63926165e-01
5.67435394e-04 -1.69855832e-03 -1.60678302e-03 2.62302567e-03 9.61536257e-04 3.43419725e-03 -2.90086904e-03 1.76243886e-03 3.20284533e-03 8.71448804e-01 2.58973269e+00 1.07516670e-02 2.59005621e-01
1.65519610e-03 -2.69261419e-03 -1.29376560e-03 2.74071622e-03 7.87026981e-04 4.39851544e-03 -2.97711179e-03 7.19787738e-04 3.23502866e-03 8.43609899e-01 2.61598898e+00 2.83067426e-02 2.78750199e-01
9.07859195e-04 -1.69459406e-03 -1.38000018e-03 2.32242327e-03 1.17111660e-03 2.15206788e-03 -2.59982769e-03 1.11700584e-03 2.64545671e-03 8.40734960e-01 2.45959779e+00 -2.42526763e-02 2.40952987e-01
5.98340813e-04 -1.63588901e-03 -1.30285446e-03 2.14888769e-03 7.11083369e-04 3.56234581e-03 -2.38452538e-03 1.40357157e-03 2.72300599e-03 8.07711180e-01 2.48764246e+00 8.25721720e-04 2.73582815e-01
1.46179223e-03 -2.65210473e-03 -1.82621296e-03 3.07002943e-03 1.42873841e-03 2.78703645e-03 -3.25303631e-03 6.38278564e-04 3.30678410e-03 8.74597947e-01 2.55957120e+00 -7.46739840e-04 2.49882413e-01
4.74160651e-04 -1.84949465e-03 -1.63755891e-03 2.59893451e-03 4.48969294e-04 3.38197066e-03 -3.01644909e-03 1.74437781e-03 3.34899907e-03 8.31670411e-01 2.62159503e+00 3.48927783e-03 2.62263050e-01
1.15150989e-03 -2.19135892e-03 -1.56885502e-03 2.64820273e-03 1.52867806e-03 3.13841132e-03 -2.58518024e-03 6.70237903e-04 2.72263778e-03 8.51946850e-01 2.43286830e+00 -3.35891935e-03 2.62292604e-01
3.62736951e-04 -1.32177856e-03 -1.32738980e-03 2.10675325e-03 6.68761415e-04 2.97860669e-03 -2.36272175e-03 1.53081509e-03 2.65512963e-03 8.18755400e-01 2.35769683e+00 -1.78863829e-02 2.61983504e-01
1.63089743e-03 -2.82729697e-03 -1.86592902e-03 3.30896845e-03 1.61844735e-03 3.53353746e-03 -3.32866866e-03 5.43796408e-04 3.42860676e-03 8.68132912e-01 2.72382650e+00 1.99119603e-02 2.61260445e-01
1.04494130e-03 -2.24877395e-03 -1.67612180e-03 2.87364595e-03 1.45926782e-03 3.69233553e-03 -2.94904557e-03 1.29177841e-03 3.19162649e-03 8.63408193e-01 2.58030130e+00 -3.00336802e-03 2.61423683e-01
9.61689300e-04 -2.04311883e-03 -1.31747596e-03 2.37019384e-03 6.98135919e-04 2.74530096e-03 -2.60038593e-03 9.08065392e-04 2.77279109e-03 8.19429148e-01 2.46980942e+00 3.13477777e-03 2.62587383e-01
1.67096970e-03 -2.72474823e-03 -1.35065053e-03 2.81171713e-03 5.98964602e-04 3.24558378e-03 -3.02295973e-03 2.27330609e-04 3.15258175e-03 8.24003717e-01 2.49378601e+00 1.06368880e-02 2.70663757e-01
7.46390717e-04 -1.42338197e-03 -1.42806522e-03 2.51339961e-03 1.60514718e-03 3.10657393e-03 -2.59033355e-03 1.59902284e-03 2.79863038e-03 8.58252479e-01 2.57671745e+00 -9.91990422e-03 2.53525397e-01
8.81597471e-04 -2.24772965e-04 -6.13674143e-04 2.01883444e-03 1.53812443e-03 2.94140024e-03 -2.13912402e-03 1.77803025e-03 2.41527862e-03 8.37038229e-01 2.43550550e+00 -2.33236566e-02 2.48977081e-01
1.82954404e-03 -2.87109018e-03 -2.04710977e-03 3.83009859e-03 1.75746899e-03 4.33049263e-03 -3.41940725e-03 -1.77631375e-04 3.49923797e-03 8.48077997e-01 2.68134423e+00 2.70243206e-02 2.73641770e-01
4.27521335e-04 -1.73790246e-03 -1.57459331e-03 2.57594880e-03 3.12810927e-04 3.78877174e-03 -3.04004025e-03 1.92109507e-03 3.42941131e-03 8.51468355e-01 2.67303625e+00 2.77450248e-02 2.66805454e-01
1.21621376e-03 -2.21941736e-03 -1.62610439e-03 2.65025195e-03 1.62181714e-03 2.92217416e-03 -2.60417922e-03 5.43077345e-04 2.69616354e-03 8.34238865e-01 2.39306664e+00 -2.38778339e-02 2.57552880e-01
9.86190837e-04 -2.15100088e-03 -1.64257798e-03 2.72163378e-03 1.17581396e-03 2.78769854e-03 -2.94608524e-03 1.14942407e-03 3.09292275e-03 8.49002534e-01 2.54262707e+00 -9.83815216e-03 2.52206979e-01
1.00583470e-03 -2.11861731e-03 -1.36432833e-03 2.51541174e-03 9.53419990e-04 3.68921604e-03 -2.61547632e-03 1.06210525e-03 2.88176570e-03 8.34372785e-01 2.51885474e+00 1.05134212e-02 2.72140473e-01
1.71727793e-03 -2.85564205e-03 -1.75723678e-03 3.17507692e-03 9.04556721e-04 3.19932882e-03 -3.22508585e-03 -1.98303829e-04 3.26936698e-03 8.35259780e-01 2.50868773e+00 1.05943706e-02 2.67370396e-01
7.18787711e-04 -7.97365717e-04 -1.09316914e-03 2.26008616e-03 1.54241586e-03 3.19903834e-03 -2.38809955e-03 1.79923918e-03 2.66663300e-03 8.48207199e-01 2.54938531e+00 -9.91251093e-03 2.55464365e-01
4.65950097e-04 -1.28946873e-03 -1.50858056e-03 2.47522038e-03 1.06043866e-03 3.04819757e-03 -2.75803363e-03 1.83650908e-03 3.02207528e-03 8.65933444e-01 2.55082493e+00 -2.39197018e-03 2.51944588e-01
1.52619785e-03 -2.48280789e-03 -1.45887680e-03 2.81134028e-03 1.12557177e-03 3.37726243e-03 -2.78900883e-03 2.16537443e-04 2.89378951e-03 8.16798473e-01 2.49798088e+00 2.50356912e-03 2.70064004e-01
6.29018567e-04 -2.04114334e-03 -1.80289288e-03 2.89050740e-03 8.07889379e-04 3.58653531e-03 -3.25820307e-03 1.81541197e-03 3.58073296e-03 8.56810453e-01 2.73825291e+00 1.35949472e-02 2.60374250e-01
1.07444972e-03 -2.04957917e-03 -1.37372747e-03 2.41485666e-03 1.21465209e-03 2.94238495e-03 -2.39761679e-03 6.22272878e-04 2.54075203e-03 8.28418003e-01 2.33901425e+00 -1.25872493e-02 2.64137703e-01
1.24831061e-03 -2.43151542e-03 -1.75116444e-03 2.89742982e-03 1.46785172e-03 3.00727851e-03 -3.01852503e-03 8.43991857e-04 3.12368894e-03 8.49801775e-01 2.63365499e+00 -2.16220837e-03 2.54967520e-01
6.57510754e-04 -1.81798342e-03 -1.37671050e-03 2.28638663e-03 5.91862411e-04 3.31977383e-03 -2.57312350e-03 1.34028031e-03 2.86782299e-03 8.34004392e-01 2.42148244e+00 2.24771996e-03 2.68069846e-01
1.10097649e-03 -2.37930337e-03 -1.43492349e-03 2.69186532e-03 4.94642348e-04 4.11583380e-03 -3.07796140e-03 1.33544219e-03 3.40636413e-03 8.43801470e-01 2.68842845e+00 3.03727632e-02 2.73210077e-01
1.11605144e-03 -1.96153075e-03 -1.42251612e-03 2.42293015e-03 1.42635514e-03 2.49888021e-03 -2.52988289e-03 8.00375304e-04 2.59803893e-03 8.40606060e-01 2.38105126e+00 -2.57606003e-02 2.49423292e-01
5.42492986e-04 -1.27639801e-03 -1.28167443e-03 2.19531921e-03 1.14798457e-03 3.08140808e-03 -2.31585834e-03 1.51499037e-03 2.58109818e-03 8.45760433e-01 2.30302156e+00 -2.48613818e-02 2.58544992e-01
1.76411978e-03 -2.99633191e-03 -1.74212359e-03 3.23350634e-03 1.04296928e-03 3.29814037e-03 -3.39495250e-03 2.29779101e-04 3.47781337e-03 8.37380705e-01 2.79178741e+00 2.91808919e-02 2.65139570e-01
1.21881376e-03 -2.24188163e-03 -1.42164660e-03 2.62032853e-03 1.11651189e-03 2.98101730e-03 -2.65760564e-03 5.91313058e-04 2.77947489e-03 8.10549731e-01 2.56582369e+00 1.05806195e-03 2.63976113e-01
7.53706175e-04 -1.86462242e-03 -1.57387367e-03 2.62882422e-03 1.07454948e-03 3.45875237e-03 -2.87082889e-03 1.57693071e-03 3.16178033e-03 8.71947718e-01 2.47990155e+00 -9.77272438e-04 2.60300067e-01
1.04511546e-03 -1.88689693e-03 -9.16713085e-04 1.94771235e-03 2.71767961e-04 2.96700385e-03 -2.22836078e-03 6.93816267e-04 2.42464557e-03 7.91314580e-01 2.31287894e+00 6.87780715e-03 2.74698429e-01
1.39883542e-03 -2.45669436e-03 -1.89571619e-03 3.15171839e-03 1.96501361e-03 3.25915712e-03 -3.34657035e-03 1.25425113e-03 3.44462822e-03 8.87076387e-01 2.70529412e+00 -6.45051443e-03 2.47695454e-01
1.46231086e-03 -2.83090049e-03 -1.89999198e-03 3.26133861e-03 1.33560887e-03 3.16837048e-03 -3.50425818e-03 9.05846895e-04 3.62682242e-03 8.72356522e-01 2.70699925e+00 7.93829142e-03 2.53718344e-01
6.15455464e-04 -1.60271686e-03 -1.24660473e-03 2.09017447e-03 8.39781721e-04 3.17119291e-03 -2.21636261e-03 1.19952896e-03 2.49197434e-03 8.12289696e-01 2.36601973e+00 -7.57918155e-03 2.70449409e-01
1.14137621e-03 -2.21353817e-03 -1.36299732e-03 2.58354564e-03 8.85872907e-04 3.22669075e-03 -2.74501262e-03 9.07575811e-04 2.94963228e-03 8.22627993e-01 2.59195885e+00 1.57429742e-02 2.68336559e-01
8.64711221e-04 -2.07960011e-03 -1.63134564e-03 2.70084145e-03 1.24473796e-03 3.23193379e-03 -2.81758874e-03 1.25901940e-03 3.02906092e-03 8.58825133e-01 2.46773386e+00 -1.43031687e-02 2.56315073e-01
8.07597604e-04 -1.96595652e-03 -1.56663340e-03 2.59486700e-03 1.16842831e-03 3.32237714e-03 -2.74169455e-03 1.33995502e-03 2.98365701e-03 8.27997240e-01 2.58810773e+00 -8.74320493e-03 2.61806370e-01
1.12398878e-03 -2.29775856e-03 -1.47670820e-03 2.62678923e-03 8.91046098e-04 3.01476385e-03 -2.82335928e-03 8.55904458e-04 2.98877382e-03 8.56774409e-01 2.46699724e+00 9.23762918e-03 2.61277917e-01
5.61013430e-04 -1.39183128e-03 -1.42872692e-03 2.39288710e-03 1.00119109e-03 2.75996003e-03 -2.67613604e-03 1.62997345e-03 2.87943901e-03 8.45896164e-01 2.47191920e+00 -2.02839407e-02 2.48421486e-01
1.57931041e-03 -2.63708243e-03 -1.51270290e-03 2.90459109e-03 1.13026997e-03 3.72847112e-03 -2.91473224e-03 3.29115253e-04 3.06174703e-03 8.37398327e-01 2.59802676e+00 2.30963185e-02 2.72980719e-01
1.13262130e-03 -2.36023852e-03 -1.52796108e-03 2.71530233e-03 8.79348087e-04 3.02513385e-03 -2.93354140e-03 9.04433774e-04 3.09379316e-03 8.83330785e-01 2.39631259e+00 6.79167857e-03 2.57327029e-01
9.42635291e-04 -1.92687322e-03 -1.40894161e-03 2.50446563e-03 1.24202038e-03 3.30171900e-03 -2.58980479e-03 1.17480587e-03 2.80785825e-03 8.00551668e-01 2.64827442e+00 -6.52338344e-03 2.65775092e-01
5.56940601e-04 -7.63085095e-04 -1.17292503e-03 2.26334783e-03 1.29114436e-03 2.87002426e-03 -2.47252345e-03 1.83462294e-03 2.72053647e-03 8.61380614e-01 2.50277781e+00 -1.08865925e-02 2.48025146e-01
1.76427784e-03 -2.77219150e-03 -1.68328886e-03 3.22100210e-03 1.14829251e-03 3.70674603e-03 -3.12504159e-03 -1.24362851e-04 3.20882915e-03 8.20246927e-01 2.56932386e+00 1.17506653e-02 2.73550501e-01
1.33686037e-03 -2.29267437e-03 -1.34217948e-03 2.56358369e-03 1.03551461e-03 3.07695431e-03 -2.60104545e-03 4.14850179e-04 2.72198082e-03 8.13596530e-01 2.48939546e+00 3.87619543e-03 2.67815472e-01
6.75672745e-04 -1.73162109e-03 -1.62406271e-03 2.66668207e-03 1.12291415e-03 3.32231962e-03 -2.94700388e-03 1.72328046e-03 3.21869742e-03 8.68578409e-01 2.55730830e+00 -3.70219426e-03 2.55370616e-01
7.60453267e-04 -5.91043774e-04 -1.03915965e-03 2.37835918e-03 1.50617978e-03 3.23944041e-03 -2.58667834e-03 2.01121928e-03 2.87427165e-03 8.66999960e-01 2.54586825e+00 -1.14174050e-02 2.48628763e-01
1.58808160e-03 -2.50340859e-03 -1.63438737e-03 3.01960709e-03 1.19119170e-03 3.43353474e-03 -2.86155029e-03 -1.81737411e-04 2.91307261e-03 8.13556552e-01 2.50921265e+00 1.23864797e-02 2.72505338e-01
6.98591297e-04 -1.84335747e-03 -1.77064886e-03 2.86959772e-03 1.38360474e-03 3.62795493e-03 -3.08095570e-03 1.83284447e-03 3.37098460e-03 8.79254408e-01 2.60903113e+00 -7.01726942e-03 2.54355717e-01
1.27965660e-03 -2.21374204e-03 -1.25231223e-03 2.38225438e-03 7.43158204e-04 2.71752615e-03 -2.50162341e-03 3.02902457e-04 2.60701377e-03 8.00403459e-01 2.43119675e+00 7.47183605e-03 2.68722867e-01
7.42700287e-04 -1.88653737e-03 -1.65288213e-03 2.80294524e-03 1.15203946e-03 3.58644692e-03 -3.03137308e-03 1.71679726e-03 3.31442032e-03 8.68612195e-01 2.73121314e+00 2.18621571e-02 2.60892624e-01
1.22683891e-03 -2.20464310e-03 -1.34419239e-03 2.48846829e-03 1.02671482e-03 2.91413584e-03 -2.56619856e-03 5.51353763e-04 2.69109716e-03 8.18652011e-01 2.34793377e+00 -1.94465941e-02 2.62535917e-01
8.08734871e-04 -1.80750946e-03 -1.30595477e-03 2.27167590e-03 9.85424324e-04 3.00743752e-03 -2.37599525e-03 1.05884341e-03 2.58802968e-03 8.00605250e-01 2.49193524e+00 -8.49142356e-03 2.65990700e-01
1.23329670e-03 -2.52527457e-03 -1.70671501e-03 3.02872097e-03 1.14561026e-03 3.38540507e-03 -3.23619090e-03 1.09828994e-03 3.41993209e-03 8.83930533e-01 2.56047804e+00 8.92238024e-03 2.57394802e-01
9.93199827e-04 -2.14416499e-03 -1.62980608e-03 2.68252531e-03 1.31642785e-03 2.95187968e-03 -2.82334091e-03 1.08858375e-03 2.97402425e-03 8.58896922e-01 2.54058737e+00 -3.33063810e-03 2.54481397e-01
9.78750184e-04 -2.14356381e-03 -1.38838578e-03 2.50108081e-03 7.15726410e-04 3.39811005e-03 -2.74087478e-03 1.10008969e-03 2.99051880e-03 8.24257620e-01 2.51329497e+00 3.46953134e-03 2.68492627e-01
1.50359031e-03 -2.38917749e-03 -1.41623927e-03 2.73841286e-03 1.13332307e-03 3.30003566e-03 -2.68152744e-03 1.40561359e-04 2.77686478e-03 8.02916468e-01 2.46976616e+00 -1.62627687e-03 2.71381338e-01
5.84262766e-04 -1.16165056e-03 -1.39690437e-03 2.57534690e-03 1.20523571e-03 3.21531628e-03 -2.83076054e-03 1.96095536e-03 3.09208254e-03 8.79610031e-01 2.58352065e+00 1.70205300e-03 2.50083544e-01
2.01574066e-03 -2.85275895e-03 -1.43655972e-03 3.02112561e-03 4.46282775e-04 3.42207055e-03 -3.14413731e-03 -5.70814654e-04 3.15517822e-03 8.32020124e-01 2.47559608e+00 3.11776743e-02 2.76144300e-01
1.03451056e-03 -7.63742935e-04 -9.89623767e-04 2.28685970e-03 1.84324657e-03 2.80575343e-03 -2.45944242e-03 1.69037076e-03 2.61050945e-03 8.49921580e-01 2.58299561e+00 -2.62733450e-02 2.43695077e-01
1.63825324e-03 -2.98200263e-03 -2.03617357e-03 3.36172695e-03 1.56532845e-03 3.02921228e-03 -3.59322575e-03 6.59355626e-04 3.64890380e-03 8.78698127e-01 2.74472187e+00 1.02904150e-02 2.51132323e-01
4.90964861e-04 -1.44211761e-03 -1.20792505e-03 1.95351478e-03 6.40789348e-04 3.21454536e-03 -2.17414631e-03 1.32301879e-03 2.48703214e-03 8.06413249e-01 2.32722970e+00 -9.72398571e-03 2.72201456e-01
8.03126712e-04 -9.29151005e-04 -1.19941722e-03 2.28675075e-03 1.38471915e-03 2.31721644e-03 -2.62609204e-03 1.66807449e-03 2.71862585e-03 8.42537545e-01 2.59178350e+00 -2.95782592e-02 2.35893757e-01
2.04073693e-03 -2.78128073e-03 -1.32133164e-03 2.92603848e-03 7.04802382e-04 4.08449109e-03 -2.97345441e-03 -3.40830699e-04 3.04379410e-03 8.41384032e-01 2.48709441e+00 3.58294783e-02 2.81341235e-01
1.42287301e-03 -2.20945357e-03 -1.30977181e-03 2.53876012e-03 8.28783255e-04 3.08318368e-03 -2.45250271e-03 -1.88231588e-04 2.50824789e-03 8.01748425e-01 2.25260655e+00 -6.24471358e-03 2.74465220e-01
9.70461542e-04 -8.98420478e-04 -1.30154288e-03 2.71463452e-03 1.80302362e-03 3.39566787e-03 -3.01091080e-03 2.14198666e-03 3.28068924e-03 8.82113216e-01 2.80272254e+00 6.49431233e-03 2.48845789e-01
1.34590421e-03 -2.55486126e-03 -1.92583931e-03 3.08617909e-03 1.68621008e-03 2.97056421e-03 -3.29259142e-03 9.84794191e-04 3.36559108e-03 8.90812401e-01 2.62002956e+00 -1.41669343e-03 2.47304035e-01
8.04994506e-04 -1.82765102e-03 -1.12389076e-03 2.01565572e-03 3.59447758e-04 3.24850434e-03 -2.31867242e-03 1.02117755e-03 2.58619884e-03 7.89102346e-01 2.40174419e+00 1.54114068e-03 2.74966007e-01
1.02267750e-03 -2.24961315e-03 -1.60429160e-03 2.76009164e-03 1.06555839e-03 3.18945254e-03 -2.97140753e-03 1.17988034e-03 3.18299045e-03 8.53604528e-01 2.56518702e+00 3.69005995e-03 2.59955397e-01
9.69499284e-04 -1.97859597e-03 -1.35925447e-03 2.53082265e-03 1.14495381e-03 3.30177094e-03 -2.57918147e-03 1.08437852e-03 2.79184669e-03 8.30574589e-01 2.49819380e+00 -3.56968963e-03 2.64650560e-01
8.25441901e-04 -4.27823643e-04 -7.64298572e-04 2.05181343e-03 1.43329023e-03 2.65491463e-03 -2.22879991e-03 1.69655062e-03 2.43059024e-03 8.44413586e-01 2.43396997e+00 -2.44467050e-02 2.43817369e-01
1.91262329e-03 -2.95645732e-03 -1.89706211e-03 3.60848228e-03 1.31889687e-03 4.26639745e-03 -3.38439872e-03 -2.83746670e-04 3.46047371e-03 8.39082291e-01 2.66463914e+00 2.86024724e-02 2.76187879e-01
1.69139499e-03 -2.66520593e-03 -1.58759056e-03 3.08339690e-03 1.32426268e-03 4.15644898e-03 -2.91300185e-03 7.00432246e-05 3.04307709e-03 8.37094938e-01 2.61951442e+00 3.03329742e-02 2.77582272e-01
4.96332355e-04 -9.97073273e-04 -1.30228300e-03 2.31986554e-03 9.93098266e-04 2.59447741e-03 -2.64371686e-03 1.79638708e-03 2.84803984e-03 8.45959294e-01 2.46031587e+00 -2.56950658e-02 2.42876238e-01
9.15272369e-04 -2.01733676e-03 -1.25733832e-03 2.32201753e-03 4.64320389e-04 3.53253612e-03 -2.64803190e-03 1.18738659e-03 2.93669841e-03 7.94101263e-01 2.55506926e+00 2.86756042e-03 2.72850265e-01
1.14660741e-03 -2.24388782e-03 -1.69080962e-03 2.74986216e-03 1.51073672e-03 2.81745998e-03 -2.86560321e-03 8.98201971e-04 2.95799590e-03 8.86041161e-01 2.46476403e+00 -2.70491825e-03 2.49938639e-01
8.42143618e-04 -1.95628865e-03 -1.28177274e-03 2.29686676e-03 5.14136526e-04 2.74255698e-03 -2.57227984e-03 1.01270877e-03 2.77578729e-03 7.99016872e-01 2.45583178e+00 -5.86050884e-03 2.63834168e-01
1.09882563e-03 -2.34118480e-03 -1.78173823e-03 3.00252205e-03 1.69123728e-03 3.79161332e-03 -2.99496163e-03 1.23370194e-03 3.22796487e-03 8.84537007e-01 2.59602736e+00 6.08611017e-03 2.61369048e-01
1.54749828e-03 -2.37374230e-03 -1.15007894e-03 2.42548262e-03 5.51604291e-04 3.05562280e-03 -2.56591952e-03 2.61786857e-05 2.65761256e-03 8.13325484e-01 2.33370775e+00 9.79927377e-03 2.74192815e-01
7.93116593e-04 -1.51075247e-03 -1.62932994e-03 2.72105431e-03 1.56713151e-03 3.06675306e-03 -3.00114772e-03 1.82043978e-03 3.18943273e-03 8.67671258e-01 2.71465534e+00 -9.14741975e-03 2.46810005e-01
1.41131250e-03 -2.12270231e-03 -1.22957496e-03 2.45943810e-03 8.43386849e-04 3.19710222e-03 -2.34069915e-03 -1.76259875e-04 2.40570520e-03 8.11850210e-01 2.21899120e+00 3.28552275e-03 2.77710255e-01
1.03594541e-03 -8.11992112e-04 -1.24145403e-03 2.80857364e-03 1.86651922e-03 3.33781768e-03 -3.09640896e-03 2.21333185e-03 3.32717094e-03 8.70285640e-01 2.84591771e+00 -3.13676532e-03 2.44901425e-01
7.69327733e-04 -1.75564148e-03 -1.48868151e-03 2.48593016e-03 1.25380812e-03 2.81073198e-03 -2.61552663e-03 1.28224747e-03 2.77805736e-03 8.22082615e-01 2.58102575e+00 -1.55626080e-02 2.54337460e-01
1.37646110e-03 -2.52776333e-03 -1.42997628e-03 2.77332794e-03 8.56529615e-04 3.59083422e-03 -2.97838339e-03 8.13568324e-04 3.19331041e-03 8.64060973e-01 2.48887137e+00 1.70892728e-02 2.68794689e-01
1.22694778e-03 -1.98596541e-03 -1.07266628e-03 2.22129245e-03 9.43678972e-04 3.19551292e-03 -2.19298419e-03 4.05095181e-04 2.34723081e-03 8.08493726e-01 2.32629171e+00 6.19688884e-03 2.76055821e-01
7.34511428e-04 -1.95160906e-03 -1.89818648e-03 3.06995691e-03 1.23123583e-03 3.21600791e-03 -3.42898332e-03 1.90098160e-03 3.64850059e-03 8.72612485e-01 2.73088240e+00 -5.86765888e-03 2.47089417e-01
1.36749486e-03 -2.32543055e-03 -1.32017692e-03 2.58483938e-03 1.04945933e-03 3.40763877e-03 -2.60077041e-03 4.66046383e-04 2.75729501e-03 8.21033449e-01 2.37886291e+00 -1.00284048e-02 2.70411242e-01
6.70048764e-04 -1.64721532e-03 -1.59069061e-03 2.67537415e-03 1.14115219e-03 3.02143588e-03 -2.94576540e-03 1.70242859e-03 3.15936414e-03 8.64131335e-01 2.68405667e+00 1.06552794e-02 2.53086740e-01
1.33308337e-03 -2.34605717e-03 -1.46949774e-03 2.66195713e-03 1.13803697e-03 2.78398340e-03 -2.77476336e-03 5.29523043e-04 2.87585623e-03 8.27009099e-01 2.52543904e+00 2.72229907e-03 2.61345906e-01
5.62288680e-04 -1.78187295e-03 -1.62692805e-03 2.61172286e-03 1.01954828e-03 3.67497189e-03 -2.81501253e-03 1.69608704e-03 3.15072944e-03 8.56414887e-01 2.53838449e+00 -2.61554011e-03 2.63154984e-01
4.88326712e-04 -8.06036665e-04 -1.16168206e-03 2.15256858e-03 1.17464621e-03 2.81509614e-03 -2.35008638e-03 1.73914309e-03 2.60772822e-03 8.57673000e-01 2.37506715e+00 -2.00527241e-02 2.49247836e-01
1.80424159e-03 -2.95099662e-03 -1.84935537e-03 3.40028123e-03 1.21021898e-03 3.78971331e-03 -3.32371602e-03 -1.12369295e-04 3.41106294e-03 8.23042588e-01 2.71208016e+00 2.28832666e-02 2.72839632e-01
1.12177366e-03 -2.13222229e-03 -1.44730689e-03 2.48777804e-03 1.18981677e-03 2.63744218e-03 -2.57145330e-03 6.45292277e-04 2.66889055e-03 8.41520052e-01 2.33100263e+00 -2.04411187e-02 2.54317822e-01
7.93844302e-04 -2.13263121e-03 -1.65443339e-03 2.73783123e-03 8.21081998e-04 3.93222347e-03 -3.05453407e-03 1.60649762e-03 3.40638187e-03 8.42630863e-01 2.74765344e+00 2.32672366e-02 2.69565122e-01
1.67420502e-03 -2.77818288e-03 -1.80118828e-03 3.21097785e-03 1.28634917e-03 3.11231251e-03 -3.22092754e-03 4.84161146e-05 3.26061212e-03 8.57290352e-01 2.61271900e+00 2.49725952e-02 2.62895057e-01
5.87280481e-04 -9.80163158e-04 -1.18923285e-03 2.23716409e-03 1.23729217e-03 3.43841047e-03 -2.42083927e-03 1.80884414e-03 2.76046791e-03 8.29084797e-01 2.47060187e+00 -2.18165412e-02 2.60695699e-01
1.09733573e-03 -2.17308735e-03 -1.40101374e-03 2.54203074e-03 9.93817986e-04 3.07481353e-03 -2.67384136e-03 8.70920943e-04 2.86610914e-03 8.10575756e-01 2.58542635e+00 6.36472443e-03 2.67156965e-01
8.54167903e-04 -2.13409811e-03 -1.64194815e-03 2.75020878e-03 1.15561018e-03 3.39358318e-03 -2.88245292e-03 1.31759766e-03 3.12346874e-03 8.70754842e-01 2.47174764e+00 -6.02803226e-03 2.58255531e-01
8.95465349e-04 -1.85898628e-03 -1.61674448e-03 2.62187541e-03 1.32335067e-03 2.61747761e-03 -2.91671329e-03 1.38856859e-03 3.02333052e-03 8.47736738e-01 2.58654674e+00 -2.37594703e-02 2.43451465e-01
1.48339406e-03 -2.41075135e-03 -1.16462901e-03 2.46636257e-03 6.53542927e-04 3.64593567e-03 -2.65827955e-03 4.98015397e-04 2.84887675e-03 8.34969168e-01 2.47282475e+00 2.76982642e-02 2.76892292e-01
1.26437123e-03 -2.33129096e-03 -1.67844545e-03 2.73995002e-03 1.52734263e-03 2.70623053e-03 -2.84647052e-03 6.91560819e-04 2.90988917e-03 8.54905292e-01 2.45183914e+00 -2.12141301e-02 2.48920835e-01
7.82634382e-04 -1.98256778e-03 -1.37734855e-03 2.34919889e-03 4.15600636e-04 3.76765026e-03 -2.74931584e-03 1.40824250e-03 3.09702816e-03 8.26316749e-01 2.59640077e+00 2.43692375e-02 2.74324417e-01
6.10516552e-04 -1.34167636e-03 -1.54293792e-03 2.48128803e-03 1.22864266e-03 2.52592301e-03 -2.81301993e-03 1.68341055e-03 2.94685097e-03 8.75979426e-01 2.65387990e+00 4.30699048e-03 2.43474391e-01
1.71473155e-03 -2.53236585e-03 -1.22627086e-03 2.66461299e-03 8.01389193e-04 3.67378993e-03 -2.73140418e-03 9.10891244e-05 2.85247147e-03 8.07608016e-01 2.39460135e+00 -4.16839562e-03 2.76785247e-01
9.93731004e-04 -4.38624926e-04 -8.40726180e-04 2.39814291e-03 1.64150264e-03 3.08867502e-03 -2.62610457e-03 2.00825656e-03 2.85663099e-03 8.78642207e-01 2.62441899e+00 -1.34252962e-03 2.43790513e-01
1.58070849e-03 -2.37018693e-03 -1.52651495e-03 2.96918140e-03 1.22466602e-03 3.67124526e-03 -2.72600590e-03 -1.83870328e-04 2.78724581e-03 8.03030058e-01 2.43027684e+00 1.44149066e-03 2.75873169e-01
8.01938708e-04 -2.18543051e-03 -1.75397070e-03 2.88326047e-03 9.45518896e-04 3.85086372e-03 -3.18349211e-03 1.65847815e-03 3.52354674e-03 8.65851950e-01 2.74493656e+00 2.74759051e-02 2.66315470e-01
1.01766553e-03 -2.06065167e-03 -1.42078187e-03 2.44326166e-03 1.12277606e-03 2.76442301e-03 -2.49399615e-03 7.05730181e-04 2.62491461e-03 8.21966228e-01 2.34819055e+00 -2.37452440e-02 2.58629266e-01
5.16654652e-04 -1.58994161e-03 -1.43284246e-03 2.32557936e-03 7.93337840e-04 3.14520427e-03 -2.57323039e-03 1.52530289e-03 2.85599618e-03 8.37822756e-01 2.43871492e+00 -7.89538047e-03 2.61232886e-01
1.46847609e-03 -2.51584925e-03 -1.59469138e-03 2.96699295e-03 1.41709370e-03 3.30996923e-03 -3.00125153e-03 6.34483613e-04 3.11523552e-03 8.46459267e-01 2.62345107e+00 8.32252200e-03 2.61897947e-01
8.62835847e-04 -1.69623610e-03 -1.43173207e-03 2.45469661e-03 1.23888815e-03 2.51343515e-03 -2.68624424e-03 1.29072374e-03 2.78761289e-03 8.62642825e-01 2.50308564e+00 -8.40150382e-03 2.45833845e-01
1.48128785e-03 -2.50439617e-03 -1.28981466e-03 2.65205096e-03 8.01938297e-04 3.85816559e-03 -2.82268515e-03 6.49764038e-04 3.03662945e-03 8.19261479e-01 2.54275847e+00 8.94720966e-03 2.75088920e-01
4.91920513e-04 -1.27645878e-03 -1.31738159e-03 2.18051862e-03 1.12781589e-03 3.20888598e-03 -2.31050399e-03 1.56057659e-03 2.61465455e-03 8.40838936e-01 2.37235070e+00 -1.62844729e-02 2.62602228e-01
1.69523849e-03 -2.99607777e-03 -1.82173443e-03 3.26810094e-03 1.10373175e-03 3.17056122e-03 -3.43046580e-03 2.92735900e-04 3.51955893e-03 8.43371638e-01 2.71914047e+00 1.80479609e-02 2.62281191e-01
1.13734489e-03 -2.00708635e-03 -1.21931807e-03 2.29477214e-03 1.05625809e-03 2.98063578e-03 -2.28788525e-03 5.13310787e-04 2.43222284e-03 8.14111135e-01 2.29538875e+00 -1.17149630e-02 2.68826836e-01
7.83583266e-04 -1.95399076e-03 -1.75115909e-03 3.01415959e-03 1.11480940e-03 3.51018490e-03 -3.34438660e-03 1.88645479e-03 3.60458173e-03 8.71549164e-01 2.78439600e+00 1.25513715e-02 2.54320169e-01
1.19612211e-03 -2.10072120e-03 -1.22929970e-03 2.42710755e-03 9.43207770e-04 3.01156888e-03 -2.52295685e-03 6.87024830e-04 2.67398711e-03 8.18096039e-01 2.48017925e+00 8.42860549e-03 2.67342378e-01
8.24816954e-04 -2.04753295e-03 -1.69462663e-03 2.82404856e-03 1.21667613e-03 3.40551495e-03 -3.01474738e-03 1.51350176e-03 3.24986889e-03 8.63752202e-01 2.56657532e+00 -7.93135305e-03 2.55581934e-01
1.00240640e-03 -2.08017384e-03 -1.67801413e-03 2.92763862e-03 1.50257528e-03 3.45811226e-03 -3.07083822e-03 1.49832181e-03 3.27424353e-03 8.81380495e-01 2.59302901e+00 -2.80829348e-03 2.53608855e-01
1.12883688e-03 -2.07222044e-03 -1.17394265e-03 2.30414457e-03 6.99681858e-04 2.94064101e-03 -2.45421395e-03 6.49525203e-04 2.61454833e-03 7.99425569e-01 2.44320945e+00 2.96531114e-03 2.69100226e-01
3.00424011e-04 -1.25772229e-03 -1.22272077e-03 1.95252527e-03 3.72717867e-04 2.96590725e-03 -2.27724897e-03 1.51009765e-03 2.59122710e-03 8.13757236e-01 2.36499904e+00 -6.51361414e-05 2.66634336e-01
1.70901008e-03 -2.85601713e-03 -1.98784062e-03 3.42225302e-03 2.01667133e-03 3.61906855e-03 -3.38131881e-03 5.67952991e-04 3.46579428e-03 8.69254122e-01 2.67708209e+00 1.27819100e-04 2.57516912e-01
1.29654667e-03 -2.23424785e-03 -1.26545850e-03 2.54290028e-03 1.12766677e-03 3.78295644e-03 -2.53710682e-03 7.10983435e-04 2.75609782e-03 8.44248119e-01 2.37506811e+00 1.75537116e-03 2.74329403e-01
8.11821608e-04 -1.92826718e-03 -1.63757450e-03 2.67796520e-03 1.05142734e-03 2.66974729e-03 -3.00967121e-03 1.44384822e-03 3.16418526e-03 8.39810705e-01 2.70016926e+00 -1.68746512e-03 2.50068582e-01
6.25766563e-04 -8.73970247e-04 -1.11522335e-03 2.09775456e-03 1.32948279e-03 2.57938177e-03 -2.27298629e-03 1.57142890e-03 2.46657130e-03 8.35425267e-01 2.46882429e+00 -2.28812651e-02 2.48401910e-01
2.05890001e-03 -3.19533988e-03 -1.75035394e-03 3.48737272e-03 9.45901879e-04 3.99409043e-03 -3.52565001e-03 -1.84195269e-04 3.62464118e-03 8.49977935e-01 2.63179795e+00 2.64216751e-02 2.74226989e-01
1.54046248e-03 -2.45142272e-03 -1.30617436e-03 2.70331115e-03 1.07561041e-03 3.84586379e-03 -2.69784817e-03 4.11180391e-04 2.86965800e-03 8.55081739e-01 2.40190035e+00 1.52825715e-02 2.75407687e-01
7.09574858e-04 -1.44644122e-03 -1.42409181e-03 2.54072835e-03 1.15485721e-03 2.64606043e-03 -2.81417172e-03 1.63195217e-03 2.95379007e-03 8.30188707e-01 2.66761022e+00 -1.40223144e-02 2.46344067e-01
1.15441364e-03 -2.13413432e-03 -1.46772942e-03 2.66212118e-03 1.31074853e-03 3.00268410e-03 -2.77004660e-03 9.71665934e-04 2.90640444e-03 8.64808173e-01 2.42494400e+00 -8.19431592e-03 2.55096111e-01
9.60331112e-04 -2.07042307e-03 -1.37580899e-03 2.54415181e-03 8.53105746e-04 3.45739056e-03 -2.72481287e-03 1.17758181e-03 2.97121330e-03 8.16845982e-01 2.61956611e+00 8.72290493e-03 2.68063350e-01
1.30295252e-03 -2.25097685e-03 -1.34055905e-03 2.50818786e-03 9.98802308e-04 2.94956753e-03 -2.52884138e-03 3.12822565e-04 2.63561042e-03 8.19870824e-01 2.45447868e+00 1.12896155e-02 2.68278619e-01
6.58429360e-04 -1.63869098e-03 -1.63854858e-03 2.76963492e-03 1.22172639e-03 3.52396359e-03 -3.02681465e-03 1.88672754e-03 3.32213980e-03 8.61765030e-01 2.59433313e+00 -1.04823868e-02 2.55195720e-01
6.20923926e-04 -1.60973411e-03 -1.46994351e-03 2.36147121e-03 1.08853572e-03 2.70385705e-03 -2.55946279e-03 1.38366564e-03 2.74473646e-03 8.68288422e-01 2.36532839e+00 -1.48209271e-02 2.49763528e-01
1.59664883e-03 -2.65081717e-03 -1.41498482e-03 2.87861156e-03 9.38412551e-04 3.68142287e-03 -3.00448238e-03 5.09456376e-04 3.17496972e-03 8.11122611e-01 2.68901962e+00 1.64185590e-02 2.72421602e-01
1.41676788e-03 -2.08373112e-03 -1.58173942e-03 3.04417575e-03 1.24807899e-03 3.16575306e-03 -2.66662916e-03 -3.63456434e-04 2.66069114e-03 7.84922829e-01 2.39439638e+00 -1.22633093e-03 2.70821853e-01
2.14531992e-03 5.73004999e-05 2.31937388e-05 2.28233226e-03 2.85599796e-03 3.95040638e-03 -2.32356478e-03 1.92376343e-03 2.64833037e-03 8.95500965e-01 2.64288167e+00 1.31880743e-03 2.50791571e-01
1.24250191e-03 -2.59433122e-03 -1.58934238e-03 2.93899292e-03 7.50845912e-04 3.66905414e-03 -3.22681273e-03 1.08495465e-03 3.46460498e-03 8.62614268e-01 2.69122415e+00 3.09326490e-02 2.66564489e-01
8.57636435e-04 -1.76336844e-03 -1.37407016e-03 2.37867866e-03 1.28861259e-03 2.86043452e-03 -2.43879229e-03 1.09725693e-03 2.60202611e-03 8.25167705e-01 2.39705375e+00 -2.62616039e-02 2.56717565e-01
7.79251430e-04 -1.04129635e-03 -1.36355112e-03 2.79724602e-03 1.46797845e-03 4.11991472e-03 -3.07718134e-03 2.33175019e-03 3.49430242e-03 8.75724780e-01 2.75599302e+00 1.28060619e-02 2.59673066e-01
1.17674402e-03 -2.13685986e-03 -1.49995090e-03 2.53808082e-03 1.16259700e-03 2.78130172e-03 -2.43116092e-03 1.05471234e-04 2.50067815e-03 8.10053243e-01 2.31172021e+00 -1.19458801e-02 2.65570749e-01
1.09523872e-03 -6.35955037e-04 -1.02521486e-03 2.32440660e-03 1.62871441e-03 2.14494966e-03 -2.75737396e-03 1.74572948e-03 2.78132543e-03 8.35494582e-01 2.75116810e+00 -3.33271164e-02 2.29010980e-01
2.07632947e-03 -2.49401283e-03 -1.14877218e-03 2.79142867e-03 6.96182696e-04 4.29102524e-03 -2.71678983e-03 -5.73595533e-04 2.74126554e-03 8.50740025e-01 2.33959658e+00 4.13700479e-02 2.86683313e-01
1.68430346e-03 -2.60192342e-03 -1.29814034e-03 2.72881875e-03 6.42483205e-04 3.21401491e-03 -2.86488488e-03 3.32592353e-05 2.96408582e-03 8.26138979e-01 2.40516727e+00 1.11515916e-02 2.72748390e-01
7.10074354e-04 -1.37080061e-03 -1.50737773e-03 2.54583111e-03 1.52287973e-03 2.99779523e-03 -2.75300128e-03 1.73219357e-03 2.95815999e-03 8.56310341e-01 2.66481980e+00 -1.03795060e-02 2.49574079e-01
7.77939116e-04 -1.80502647e-03 -1.51722438e-03 2.55345439e-03 1.43754661e-03 3.42662425e-03 -2.57412137e-03 1.36634326e-03 2.82738753e-03 8.48888645e-01 2.58529189e+00 4.78997775e-03 2.64333843e-01
1.23427949e-03 -2.49407676e-03 -1.51665218e-03 2.78350863e-03 7.27894806e-04 3.00074367e-03 -3.03547158e-03 7.91957063e-04 3.20046013e-03 8.35341411e-01 2.48724204e+00 -4.61686853e-03 2.60629863e-01
1.39650606e-03 -2.21129413e-03 -1.19554576e-03 2.44016654e-03 9.51863404e-04 3.30408857e-03 -2.44356956e-03 3.00691088e-04 2.57725409e-03 7.98502254e-01 2.35070142e+00 -9.64207138e-03 2.74063253e-01
5.42398474e-04 -1.61901305e-03 -1.77628958e-03 2.80198779e-03 1.11739107e-03 2.99880256e-03 -3.16053372e-03 1.90567567e-03 3.36838585e-03 8.86338047e-01 2.71748175e+00 1.01895271e-02 2.46736519e-01
8.50113103e-04 -1.03795089e-03 -1.46119274e-03 2.99979480e-03 1.57270652e-03 4.07910730e-03 -3.35403393e-03 2.49378287e-03 3.75274068e-03 8.80249246e-01 2.89229389e+00 1.41802201e-02 2.54616335e-01
1.16388310e-03 -1.95860342e-03 -1.31018208e-03 2.35911982e-03 1.10339125e-03 2.81596345e-03 -2.20408804e-03 4.98508846e-05 2.27779869e-03 8.05919840e-01 2.19644143e+00 -1.31455666e-02 2.70207823e-01
1.78971395e-03 -2.74230805e-03 -1.55073718e-03 3.11764252e-03 1.12206490e-03 3.89432057e-03 -3.03944940e-03 -2.73808046e-05 3.13387374e-03 8.37828891e-01 2.51770108e+00 1.33297210e-02 2.73890633e-01
5.63553854e-04 -9.24057783e-04 -1.23843745e-03 2.22512354e-03 1.18332075e-03 2.64321933e-03 -2.49060290e-03 1.71109089e-03 2.69584426e-03 8.45791513e-01 2.52265345e+00 -1.23069119e-02 2.48169783e-01
4.48321127e-04 -1.11569188e-03 -1.45549411e-03 2.57263014e-03 1.20414522e-03 3.58819305e-03 -2.77969872e-03 2.06784943e-03 3.13400663e-03 8.66741762e-01 2.56075668e+00 -6.33208400e-03 2.56068072e-01
1.48473457e-03 -2.42770875e-03 -1.54530689e-03 2.85943078e-03 1.26561152e-03 3.09401735e-03 -2.78246781e-03 1.32355358e-04 2.86491435e-03 8.15056497e-01 2.51263270e+00 6.68415006e-03 2.68453856e-01
1.14383075e-03 -2.09895172e-03 -1.23572209e-03 2.32763347e-03 8.45398703e-04 2.85278112e-03 -2.39297666e-03 4.79179531e-04 2.52896328e-03 8.20454884e-01 2.31053052e+00 -4.90668421e-03 2.67026770e-01
8.64674518e-04 -1.95433161e-03 -1.74782841e-03 2.94513429e-03 1.38501375e-03 3.59927624e-03 -3.20478442e-03 1.78702175e-03 3.47833650e-03 8.63790473e-01 2.75750313e+00 5.08448720e-03 2.57259274e-01
1.65992581e-03 -2.29550613e-03 -1.43070601e-03 2.96315936e-03 8.80093749e-04 3.45015465e-03 -2.73667097e-03 -5.04837506e-04 2.74787907e-03 8.03619594e-01 2.35485396e+00 1.31173634e-02 2.78203824e-01
1.44372370e-03 -2.62581806e-04 -6.24161487e-04 2.40431100e-03 2.23625702e-03 3.13639626e-03 -2.58925510e-03 1.95244400e-03 2.79225358e-03 8.75147069e-01 2.71486740e+00 -1.20126138e-02 2.40405524e-01
7.47446030e-04 -1.80326984e-03 -1.72444541e-03 2.73876392e-03 1.31319927e-03 3.01760223e-03 -3.02559045e-03 1.65207418e-03 3.23329704e-03 8.54267817e-01 2.61485385e+00 -1.67866757e-02 2.49615830e-01
1.39229448e-03 -2.27519255e-03 -1.17881001e-03 2.48292522e-03 8.27185281e-04 3.35916394e-03 -2.53675353e-03 4.04136220e-04 2.68872528e-03 8.27671205e-01 2.43603728e+00 1.87379535e-02 2.73818097e-01
1.02934825e-03 -2.10488707e-03 -1.56051649e-03 2.60465305e-03 1.30892310e-03 2.80856710e-03 -2.71268612e-03 9.33930839e-04 2.83506876e-03 8.32367138e-01 2.50227460e+00 -1.78677098e-02 2.54222479e-01
9.04317343e-04 -2.17371723e-03 -1.49713520e-03 2.59504928e-03 6.96463748e-04 3.62595355e-03 -2.88537127e-03 1.30069532e-03 3.17850412e-03 8.53069815e-01 2.56191755e+00 1.99551175e-02 2.68888601e-01
8.36533508e-04 -1.82094125e-03 -1.86094474e-03 3.12040466e-03 1.53407565e-03 3.36390334e-03 -3.44321164e-03 2.00669228e-03 3.66004039e-03 8.79910753e-01 2.89599240e+00 1.19635366e-02 2.49607214e-01
1.23598809e-03 -2.01416874e-03 -1.06671859e-03 2.19348992e-03 7.72471626e-04 3.01975271e-03 -2.21067868e-03 2.89038556e-04 2.34234450e-03 8.05644878e-01 2.19873115e+00 -1.12142482e-02 2.74351777e-01
1.66157617e-03 -2.84875334e-03 -1.56321869e-03 3.08701842e-03 9.72327799e-04 3.66679189e-03 -3.22756351e-03 4.91086669e-04 3.40114248e-03 8.35918937e-01 2.73265162e+00 2.96872375e-02 2.71078006e-01
5.65307828e-04 -1.54116333e-03 -1.45441978e-03 2.33536932e-03 1.14720552e-03 2.87739246e-03 -2.47809009e-03 1.42989468e-03 2.70338504e-03 8.46916997e-01 2.37124433e+00 -2.52219794e-02 2.53605351e-01
1.11344993e-03 -2.01340640e-03 -1.25433109e-03 2.42572830e-03 1.08271525e-03 2.94776960e-03 -2.44301465e-03 7.02344610e-04 2.58551345e-03 8.30360233e-01 2.43099611e+00 5.08866623e-03 2.64808850e-01
8.97405226e-04 -2.10428621e-03 -1.68122327e-03 2.86210659e-03 1.15708919e-03 3.57604843e-03 -3.11392413e-03 1.58019936e-03 3.39043397e-03 8.53047694e-01 2.62717103e+00 -4.87574521e-03 2.59451734e-01
1.42283604e-03 -2.25752748e-03 -1.11100690e-03 2.41198461e-03 9.02709508e-04 3.95157717e-03 -2.48088960e-03 6.04264555e-04 2.70466290e-03 8.53248378e-01 2.35100391e+00 1.89095467e-02 2.79774521e-01
8.46861529e-04 -1.93156725e-03 -1.72460987e-03 2.68647285e-03 1.16714149e-03 2.35243046e-03 -3.07859375e-03 1.41264543e-03 3.16089801e-03 8.32136744e-01 2.72861690e+00 -1.70228059e-02 2.42298746e-01
6.25918139e-04 -1.70832600e-03 -1.32493689e-03 2.19961737e-03 7.50368462e-04 3.12646565e-03 -2.38292187e-03 1.23462732e-03 2.64760546e-03 8.13616548e-01 2.40483866e+00 -8.94301940e-03 2.67198616e-01
1.37164481e-03 -2.64254286e-03 -1.79564228e-03 3.08071619e-03 1.37300441e-03 3.21815729e-03 -3.26939470e-03 9.19165704e-04 3.40445667e-03 8.71374566e-01 2.65973239e+00 9.43449171e-03 2.56193460e-01
1.69513792e-03 -2.50378501e-03 -1.40412030e-03 2.89082706e-03 1.19363504e-03 3.97905032e-03 -2.74113729e-03 4.27471166e-06 2.85170892e-03 8.28815120e-01 2.42894126e+00 8.89346083e-03 2.77956039e-01
5.90351389e-04 -9.21349564e-04 -1.28704443e-03 2.40891081e-03 1.15241735e-03 2.60994640e-03 -2.74213900e-03 1.88011213e-03 2.92203793e-03 8.54144329e-01 2.63319170e+00 -8.37689088e-03 2.42323372e-01
6.46026423e-04 -1.76163958e-03 -1.54299262e-03 2.51600750e-03 1.02032113e-03 3.19705125e-03 -2.73589570e-03 1.51813199e-03 2.99234268e-03 8.58328539e-01 2.50166585e+00 -2.04288756e-03 2.58224355e-01
1.32313311e-03 -2.41457918e-03 -1.47590448e-03 2.71651376e-03 1.07426978e-03 3.16281659e-03 -2.82514531e-03 6.30894175e-04 2.96774359e-03 8.25047424e-01 2.55235541e+00 2.13337292e-03 2.64692789e-01
8.38226822e-04 -2.08233604e-03 -1.33953237e-03 2.36605487e-03 3.22240082e-04 3.05192158e-03 -2.72369386e-03 1.10689889e-03 2.96839375e-03 7.98243749e-01 2.58462636e+00 1.09227580e-02 2.67996184e-01
1.18190488e-03 -2.26488955e-03 -1.66226757e-03 2.82338337e-03 1.70288562e-03 3.38420403e-03 -2.81469147e-03 9.89472812e-04 2.98188805e-03 8.80126481e-01 2.44299936e+00 -1.00937855e-02 2.57061509e-01
1.43244168e-03 -2.00872052e-03 -1.19352478e-03 2.46957649e-03 8.04159242e-04 3.14817196e-03 -2.29950906e-03 -3.32788445e-04 2.32735013e-03 7.86176035e-01 2.24109206e+00 2.86231425e-03 2.78723657e-01
1.32069691e-03 -5.66775782e-04 -9.99081525e-04 2.73725355e-03 2.11917019e-03 3.35675276e-03 -3.04253920e-03 2.20602801e-03 3.26421767e-03 8.92813029e-01 2.80201275e+00 -2.68281909e-03 2.40846470e-01
1.07752040e-03 -2.08498352e-03 -1.60141576e-03 2.55319060e-03 1.49946599e-03 2.60657196e-03 -2.65022336e-03 8.20628105e-04 2.72858777e-03 8.37241121e-01 2.43527230e+00 -2.87257671e-02 2.49598179e-01
9.50522100e-04 -2.31770978e-03 -1.46546367e-03 2.55654501e-03 2.94207774e-04 3.91796354e-03 -3.01996183e-03 1.34594322e-03 3.35958462e-03 8.48134230e-01 2.63661631e+00 3.45318793e-02 2.73418623e-01
1.38125229e-03 -2.10764149e-03 -9.38274805e-04 2.14623687e-03 6.00350443e-04 3.36944285e-03 -2.28506309e-03 3.98179677e-04 2.45453419e-03 7.95195189e-01 2.27768600e+00 -6.49747317e-03 2.78632425e-01
9.60163358e-04 -2.05153000e-03 -1.90196107e-03 2.93628510e-03 1.50921598e-03 2.73004695e-03 -3.32150312e-03 1.58053956e-03 3.42492147e-03 8.88314984e-01 2.78500959e+00 6.76364546e-03 2.43522928e-01
1.02361100e-03 -2.05006123e-03 -1.68533085e-03 2.94711618e-03 1.56801865e-03 3.39303384e-03 -3.10461480e-03 1.53217498e-03 3.29074277e-03 8.82148083e-01 2.67080670e+00 4.50693219e-03 2.53011570e-01
1.12733327e-03 -2.07423464e-03 -1.15669768e-03 2.27643322e-03 6.52898164e-04 2.97432768e-03 -2.43759164e-03 6.41208075e-04 2.60362834e-03 8.01056059e-01 2.37768532e+00 -4.35877410e-03 2.69409515e-01
1.65743964e-03 -2.98192289e-03 -1.89429350e-03 3.27989975e-03 1.21004719e-03 3.21620294e-03 -3.43143684e-03 3.25673114e-04 3.50987123e-03 8.63020003e-01 2.73828515e+00 2.87820519e-02 2.61378821e-01
5.21727610e-04 -1.23702420e-03 -1.24585180e-03 2.16591660e-03 1.04852283e-03 3.19948386e-03 -2.31663734e-03 1.56492604e-03 2.60994129e-03 8.24568646e-01 2.36166456e+00 -2.46984204e-02 2.62084671e-01
1.02748445e-03 -2.09331131e-03 -1.40166426e-03 2.61863116e-03 1.08241617e-03 3.35859288e-03 -2.70885039e-03 1.08520930e-03 2.91961432e-03 8.45123415e-01 2.53963336e+00 8.71576242e-03 2.64550679e-01
1.04258944e-03 -2.08830833e-03 -1.47243797e-03 2.65080931e-03 1.15167866e-03 3.13659705e-03 -2.81506847e-03 1.15219133e-03 3.00386969e-03 8.39097356e-01 2.52134051e+00 -8.25030887e-03 2.59148469e-01
7.25384996e-04 -1.83379821e-03 -1.29763665e-03 2.31879864e-03 5.17786308e-04 3.36118895e-03 -2.61081006e-03 1.33608726e-03 2.89579190e-03 8.05825716e-01 2.47775911e+00 -7.05931285e-03 2.68114693e-01
1.22380929e-03 -2.36445482e-03 -1.73820265e-03 2.83885660e-03 1.55843522e-03 3.01523027e-03 -2.93778661e-03 8.63940783e-04 3.04865712e-03 8.78475052e-01 2.56137018e+00 7.37058644e-03 2.55015133e-01
1.24803670e-03 -2.15295596e-03 -1.31206301e-03 2.47502897e-03 1.13618643e-03 3.20107239e-03 -2.43529580e-03 4.42093292e-04 2.57532934e-03 8.25071790e-01 2.34363627e+00 -4.00748676e-03 2.70086465e-01
6.48288713e-04 -1.63612328e-03 -1.61065315e-03 2.81748951e-03 1.06068433e-03 3.29940513e-03 -3.12581531e-03 1.91207085e-03 3.37568837e-03 8.59112944e-01 2.72401166e+00 4.14327264e-03 2.52525987e-01
9.47187085e-04 -9.19296612e-04 -1.12195794e-03 2.27879215e-03 1.68984105e-03 2.65406109e-03 -2.51127890e-03 1.63407444e-03 2.64452305e-03 8.47540607e-01 2.59095806e+00 -2.50047432e-02 2.43123846e-01
2.00844420e-03 -2.85919919e-03 -1.38762474e-03 2.95629780e-03 4.37892414e-04 3.51668119e-03 -3.10912783e-03 -4.67192865e-04 3.14027825e-03 8.35147986e-01 2.46368452e+00 2.93944305e-02 2.76693639e-01
1.13087156e-03 -2.26624855e-03 -1.44814444e-03 2.61564126e-03 9.82616987e-04 3.32215882e-03 -2.76456984e-03 9.12932166e-04 2.96726936e-03 8.43049220e-01 2.44189240e+00 -2.91739265e-03 2.65153981e-01
8.19087589e-04 -1.97798683e-03 -1.57040131e-03 2.62231436e-03 1.09833382e-03 3.04551858e-03 -2.80079807e-03 1.29005318e-03 2.99395615e-03 8.40957121e-01 2.62003967e+00 3.02113606e-03 2.57928387e-01
1.73219837e-03 -2.73571646e-03 -1.83664732e-03 3.38407689e-03 1.16562747e-03 3.39600772e-03 -3.23338169e-03 -3.34824576e-04 3.25249104e-03 8.23785535e-01 2.54874324e+00 1.09597179e-02 2.68843985e-01
1.03842617e-03 -4.51781297e-04 -7.27945892e-04 2.12893087e-03 1.79222437e-03 3.25428072e-03 -2.24951089e-03 1.78646075e-03 2.54474373e-03 8.58408368e-01 2.50849238e+00 -1.02044737e-02 2.53857027e-01
9.47826507e-04 -1.02186897e-03 -1.34112027e-03 2.68963293e-03 1.83866042e-03 3.32389931e-03 -2.93773889e-03 2.03681699e-03 3.17014416e-03 8.72677320e-01 2.78402840e+00 -4.75044423e-03 2.47077363e-01
1.56765425e-03 -2.35164573e-03 -1.27292956e-03 2.55194813e-03 6.18678226e-04 2.90297986e-03 -2.59669906e-03 -2.64261539e-04 2.63890149e-03 8.08739386e-01 2.28005113e+00 4.99596064e-03 2.73821604e-01
8.91313074e-04 -1.88652475e-03 -1.16693887e-03 2.15845095e-03 5.89336964e-04 2.98985337e-03 -2.35799442e-03 8.96330337e-04 2.56867678e-03 8.08662880e-01 2.39112271e+00 4.62843238e-03 2.70009253e-01
1.18260355e-03 -2.37534984e-03 -1.79906007e-03 3.06443286e-03 1.56745018e-03 3.36139030e-03 -3.21279156e-03 1.26175292e-03 3.36837749e-03 8.72821907e-01 2.64676680e+00 -4.40493636e-03 2.52687918e-01
1.64662137e-03 -2.70892652e-03 -1.61250207e-03 3.06900669e-03 1.31966575e-03 3.52518947e-03 -3.09496712e-03 3.95274893e-04 3.21427172e-03 8.50962937e-01 2.51834965e+00 1.93156916e-03 2.65201072e-01
4.51729934e-04 -1.35775224e-03 -1.39571081e-03 2.28763271e-03 9.15020999e-04 2.95296883e-03 -2.51655603e-03 1.61133805e-03 2.77817188e-03 8.33104747e-01 2.54068711e+00 -1.86269011e-03 2.58147575e-01
1.10893243e-03 -2.09132737e-03 -1.34335276e-03 2.49854313e-03 1.20717146e-03 3.41925851e-03 -2.47967032e-03 8.00289863e-04 2.67930815e-03 8.10434286e-01 2.43341697e+00 -1.50918556e-02 2.69444141e-01
7.34808083e-04 -2.07182832e-03 -1.72738705e-03 2.78085296e-03 8.71899033e-04 3.00897024e-03 -3.11882712e-03 1.52015752e-03 3.33930661e-03 8.76224061e-01 2.63419804e+00 1.64841620e-02 2.54158250e-01
7.71878257e-04 -7.39067885e-04 -1.12165809e-03 2.34362662e-03 1.49889969e-03 2.95882214e-03 -2.58426180e-03 1.87643722e-03 2.81427327e-03 8.55625828e-01 2.55988184e+00 -1.76026194e-02 2.46517114e-01
1.72296028e-03 -2.57070666e-03 -1.50285641e-03 2.99701430e-03 1.00788723e-03 3.58704859e-03 -2.89191825e-03 -2.31696002e-04 2.94399854e-03 8.25937321e-01 2.48711216e+00 1.97593781e-02 2.74557153e-01
1.03296456e-03 -2.00045933e-03 -1.31094236e-03 2.41628701e-03 8.88889452e-04 2.50752441e-03 -2.60828404e-03 8.57106779e-04 2.73071627e-03 8.23916679e-01 2.42404016e+00 -8.82755563e-03 2.56219973e-01
9.76036921e-04 -2.24036685e-03 -1.66280336e-03 2.87197239e-03 1.38267855e-03 4.14972141e-03 -2.92975718e-03 1.42261665e-03 3.25222797e-03 8.60983206e-01 2.64365989e+00 9.32339414e-03 2.68830405e-01
6.20795884e-04 -1.63919826e-03 -1.41474293e-03 2.31762925e-03 1.02845515e-03 3.04895952e-03 -2.47140796e-03 1.36480394e-03 2.71537202e-03 8.27208833e-01 2.50258055e+00 -4.99377428e-03 2.62168771e-01
1.46743373e-03 -2.65167736e-03 -1.59073820e-03 2.96516947e-03 1.08982268e-03 3.30502806e-03 -3.13888490e-03 6.97536529e-04 3.28099342e-03 8.57123193e-01 2.55408374e+00 5.18079320e-03 2.61050413e-01
1.81697792e-03 -2.90989773e-03 -1.71502173e-03 3.27390854e-03 9.71248912e-04 3.35657464e-03 -3.30305561e-03 -1.40172767e-04 3.36124544e-03 8.42636985e-01 2.54688778e+00 1.62322505e-02 2.68268132e-01
6.59763526e-04 -8.51065509e-04 -1.13044092e-03 2.24781042e-03 1.49286460e-03 3.12087225e-03 -2.36040422e-03 1.75712061e-03 2.62943015e-03 8.41484427e-01 2.52892326e+00 -1.47814550e-02 2.55202067e-01
9.69067650e-04 -2.00678332e-03 -1.43927631e-03 2.56937665e-03 1.30196037e-03 3.30779264e-03 -2.57473475e-03 1.05299003e-03 2.78165903e-03 8.58102467e-01 2.34730706e+00 -1.52340381e-02 2.61348093e-01
1.11940034e-03 -2.27255657e-03 -1.47575232e-03 2.76280866e-03 9.28543739e-04 3.27018777e-03 -2.97719419e-03 1.12399470e-03 3.19013611e-03 8.23338264e-01 2.72926807e+00 1.68596396e-02 2.64857731e-01
1.04857338e-03 -2.11428826e-03 -1.67309387e-03 2.86127185e-03 1.51546715e-03 3.04159535e-03 -3.02229098e-03 1.31853384e-03 3.16004586e-03 8.78196326e-01 2.65979255e+00 3.56560408e-03 2.49984909e-01
1.12549626e-03 -2.14472227e-03 -1.22201717e-03 2.35006837e-03 6.70608579e-04 3.32017603e-03 -2.54921340e-03 8.13567125e-04 2.78305668e-03 8.05019995e-01 2.40876205e+00 -3.45235985e-03 2.73427909e-01
6.05130301e-04 -1.08471024e-03 -1.42173674e-03 2.58380325e-03 1.42856609e-03 3.42732488e-03 -2.80025272e-03 2.03075992e-03 3.11133089e-03 8.81093614e-01 2.58503747e+00 -4.43307227e-03 2.51664869e-01
1.54872439e-03 -2.45161718e-03 -1.45356477e-03 2.76988951e-03 9.70501723e-04 3.03462995e-03 -2.75373608e-03 -6.14121159e-05 2.81976146e-03 7.99174638e-01 2.47429402e+00 4.68005476e-03 2.70935864e-01
6.30486007e-04 -8.14832133e-04 -1.08513102e-03 2.15487973e-03 1.26890622e-03 2.72088773e-03 -2.35517714e-03 1.67727276e-03 2.56725228e-03 8.31327579e-01 2.49338098e+00 -2.25362989e-02 2.48878621e-01
1.92483403e-03 -2.99367020e-03 -1.73040572e-03 3.34492049e-03 1.12660680e-03 3.87671205e-03 -3.32334292e-03 -1.21143432e-04 3.40756432e-03 8.54778926e-01 2.59053456e+00 2.59344083e-02 2.72576758e-01
6.56794470e-04 -1.83252942e-03 -1.58515980e-03 2.71974195e-03 8.05766433e-04 3.75241016e-03 -3.04577800e-03 1.81529328e-03 3.40221587e-03 8.31517404e-01 2.65077808e+00 -2.38342464e-03 2.64347810e-01
1.15512155e-03 -2.14522443e-03 -1.46980887e-03 2.54208111e-03 1.36550366e-03 2.88085020e-03 -2.51687709e-03 5.80308141e-04 2.63280020e-03 8.52564018e-01 2.40799302e+00 2.46484154e-03 2.61097297e-01
1.07919491e-03 -2.06477544e-03 -1.38122119e-03 2.41866853e-03 1.17762044e-03 2.81038420e-03 -2.42011954e-03 5.88144815e-04 2.54802544e-03 8.34222339e-01 2.34947140e+00 -7.57885446e-03 2.62275019e-01
7.24222959e-04 -1.95634537e-03 -1.69307415e-03 2.89137200e-03 9.87752898e-04 3.82265423e-03 -3.18356532e-03 1.84222257e-03 3.52668286e-03 8.50214338e-01 2.72227873e+00 7.96861631e-03 2.62923021e-01
7.50778152e-04 -1.99364377e-03 -1.60081522e-03 2.65320663e-03 8.23432232e-04 2.94022765e-03 -2.96936959e-03 1.43590304e-03 3.18474648e-03 8.54656047e-01 2.48048060e+00 -1.16705490e-02 2.52679075e-01
1.21203784e-03 -2.22886646e-03 -1.41864110e-03 2.62505190e-03 1.31290757e-03 3.51476857e-03 -2.59770272e-03 7.60293351e-04 2.79143453e-03 8.27853135e-01 2.58448551e+00 1.26262381e-02 2.70663103e-01
7.30408432e-04 -1.75121079e-03 -1.48679782e-03 2.59734729e-03 1.18441425e-03 3.34604571e-03 -2.72797381e-03 1.52047033e-03 2.97739742e-03 8.50185316e-01 2.51626880e+00 -8.99816385e-03 2.58497986e-01
1.32446536e-03 -2.34259317e-03 -1.40501248e-03 2.70399623e-03 1.05354589e-03 3.13323481e-03 -2.80966295e-03 6.79674391e-04 2.95414217e-03 8.33121257e-01 2.54553222e+00 9.57424359e-03 2.64963608e-01
1.62868642e-03 -2.23298061e-03 -1.05970845e-03 2.36832419e-03 4.94708413e-04 3.15262152e-03 -2.41031486e-03 -3.21933362e-04 2.45266814e-03 8.07049056e-01 2.22889594e+00 1.11796337e-02 2.79716511e-01
1.03209538e-03 -1.12996917e-03 -1.45307907e-03 2.73018204e-03 1.84888825e-03 2.93244720e-03 -3.09970550e-03 1.97343229e-03 3.24818902e-03 8.72734325e-01 2.81720608e+00 -1.03464369e-02 2.41004885e-01
1.73391831e-03 -2.65008948e-03 -1.52480255e-03 3.06170299e-03 1.22982340e-03 3.95573713e-03 -2.92687434e-03 1.35349126e-05 3.03273665e-03 8.37496969e-01 2.48641511e+00 1.04818292e-02 2.74862718e-01
6.45691481e-04 -9.18505421e-04 -1.18687551e-03 2.26690384e-03 1.19220860e-03 2.67776934e-03 -2.55369847e-03 1.74653184e-03 2.75937953e-03 8.46173404e-01 2.55649558e+00 -9.81801627e-03 2.47800594e-01
6.23559161e-04 -1.63708279e-03 -1.36594973e-03 2.35181915e-03 9.17156810e-04 3.24975784e-03 -2.52000044e-03 1.44018379e-03 2.79272625e-03 8.29856883e-01 2.42588027e+00 -1.46786787e-02 2.62534877e-01
1.38473383e-03 -2.57624563e-03 -1.69079820e-03 2.99139846e-03 1.31043892e-03 3.22642823e-03 -3.10324120e-03 7.37154258e-04 3.24253984e-03 8.55509981e-01 2.65319734e+00 1.60609933e-02 2.61719194e-01
1.32510642e-03 -2.43413862e-03 -1.40898416e-03 2.70071660e-03 8.47452119e-04 3.10810790e-03 -2.89554322e-03 7.03665457e-04 3.05901319e-03 8.23170024e-01 2.42208941e+00 -1.70414411e-02 2.62743994e-01
7.47942287e-04 -1.89116641e-03 -1.61608436e-03 2.61553246e-03 1.31740567e-03 3.27288157e-03 -2.72301547e-03 1.39830951e-03 2.95986245e-03 8.63168610e-01 2.65742870e+00 1.88888245e-02 2.61569901e-01
1.07101793e-03 -2.15956150e-03 -1.48434088e-03 2.63971685e-03 1.16602225e-03 3.30346742e-03 -2.75503867e-03 1.04085034e-03 2.96222684e-03 8.12919630e-01 2.52232619e+00 -1.83433479e-02 2.63796517e-01
9.00642698e-04 -2.09783343e-03 -1.51506825e-03 2.62255779e-03 9.70281145e-04 3.13588994e-03 -2.81318852e-03 1.20193520e-03 3.02041777e-03 8.74538021e-01 2.54299061e+00 2.04524714e-02 2.59734982e-01
7.44540837e-04 -2.02153859e-03 -1.72250777e-03 2.83436013e-03 1.02593203e-03 3.42757440e-03 -3.12689842e-03 1.66901916e-03 3.39160844e-03 8.61726823e-01 2.70391846e+00 1.00097012e-02 2.57570827e-01
1.18019555e-03 -2.06292127e-03 -1.26259499e-03 2.42960687e-03 1.10740285e-03 3.02193627e-03 -2.45406314e-03 6.43866878e-04 2.59581835e-03 8.23278793e-01 2.36377519e+00 -9.44674307e-03 2.65378090e-01
4.89320276e-04 -1.27612034e-03 -1.55005230e-03 2.62908657e-03 1.19298252e-03 3.16073841e-03 -2.88133260e-03 1.95157924e-03 3.13762421e-03 8.59359017e-01 2.68265815e+00 -5.34616999e-04 2.50943562e-01
1.53267132e-03 -2.42957888e-03 -1.37463576e-03 2.69122882e-03 1.03828669e-03 3.26270720e-03 -2.69565390e-03 1.61739127e-04 2.80151049e-03 8.24177075e-01 2.38741690e+00 5.95256916e-04 2.71029884e-01
5.93721995e-04 -1.23721177e-03 -1.37850626e-03 2.31924048e-03 1.21920074e-03 2.77660658e-03 -2.55908156e-03 1.63596686e-03 2.76855204e-03 8.44639323e-01 2.56303275e+00 -8.33405573e-03 2.51873677e-01
1.67522400e-03 -2.73882767e-03 -1.50565254e-03 2.94452625e-03 9.09221955e-04 3.55187234e-03 -3.01339343e-03 1.31067238e-04 3.12361419e-03 8.39208365e-01 2.47972254e+00 8.82073299e-03 2.70687278e-01
1.40743873e-03 -2.43406925e-03 -1.63052935e-03 2.81084851e-03 9.15462881e-04 2.62902884e-03 -2.80384546e-03 -1.75860086e-04 2.83408444e-03 7.97918356e-01 2.45630950e+00 2.78407324e-03 2.66184441e-01
8.98410572e-04 -8.83440941e-04 -1.18863350e-03 2.55617819e-03 1.82130161e-03 4.00229938e-03 -2.70506564e-03 2.10342414e-03 3.09706833e-03 8.82753978e-01 2.60685975e+00 -2.63155530e-03 2.58435470e-01
1.23677684e-03 -2.43630798e-03 -1.53394366e-03 2.79787013e-03 8.93524113e-04 2.98104539e-03 -3.01886751e-03 8.28545354e-04 3.16375461e-03 8.37290013e-01 2.52285405e+00 -4.71239055e-03 2.58518084e-01
8.13951906e-04 -1.78267394e-03 -1.41370385e-03 2.49662842e-03 1.29198487e-03 3.43297263e-03 -2.54978685e-03 1.34550133e-03 2.80338707e-03 8.46894121e-01 2.53924897e+00 4.89306389e-03 2.65101157e-01
6.13595505e-04 -1.69226299e-03 -1.45837782e-03 2.42713258e-03 9.68874648e-04 2.93910181e-03 -2.59522716e-03 1.38856025e-03 2.81305708e-03 8.28914665e-01 2.52178955e+00 -8.62654909e-03 2.57566104e-01
1.35209154e-03 -2.53799742e-03 -1.58316836e-03 2.89022800e-03 1.17111030e-03 3.52068867e-03 -3.00584488e-03 8.05735814e-04 3.20035230e-03 8.55814807e-01 2.54612416e+00 9.11028863e-03 2.66002064e-01
1.17102721e-03 -2.43663156e-03 -1.87096401e-03 3.15173461e-03 1.53779807e-03 3.44602293e-03 -3.34074200e-03 1.36224925e-03 3.53021365e-03 8.55135091e-01 2.84321630e+00 1.00578354e-02 2.57494292e-01
9.09708791e-04 -1.82062891e-03 -1.12580405e-03 2.18562189e-03 7.72829554e-04 3.00399438e-03 -2.28534226e-03 8.84584120e-04 2.48586221e-03 8.29660201e-01 2.24866391e+00 -9.47808428e-03 2.67325057e-01
1.27465957e-03 -2.48579811e-03 -1.52494767e-03 2.80978766e-03 1.00360272e-03 3.50629365e-03 -2.93292573e-03 7.94796388e-04 3.12429278e-03 8.42677769e-01 2.68145292e+00 2.76925928e-02 2.68200010e-01
7.70003704e-04 -1.86635338e-03 -1.51704319e-03 2.47753116e-03 1.06375610e-03 2.93955644e-03 -2.67869633e-03 1.28219735e-03 2.88319840e-03 8.41496412e-01 2.39511570e+00 -2.37949465e-02 2.55268445e-01
7.12076092e-04 -1.84016268e-03 -1.58920190e-03 2.66607606e-03 1.13798820e-03 3.21117356e-03 -2.85986186e-03 1.54717471e-03 3.09587466e-03 8.58571107e-01 2.55239814e+00 -7.83513650e-03 2.54529790e-01
1.28118609e-03 -2.33277440e-03 -1.40102943e-03 2.62553430e-03 1.02931297e-03 3.24316919e-03 -2.71197395e-03 6.46396898e-04 2.89190559e-03 8.23949082e-01 2.51322371e+00 8.30700505e-03 2.69621358e-01
1.08349447e-03 -2.14485882e-03 -1.44208658e-03 2.57898311e-03 1.23296810e-03 3.26909193e-03 -2.62170746e-03 9.07231939e-04 2.81143695e-03 8.39630407e-01 2.46753673e+00 -4.19210849e-03 2.64213765e-01
8.99973313e-04 -2.02582832e-03 -1.49968482e-03 2.69631299e-03 9.57022391e-04 3.22266309e-03 -2.92255408e-03 1.37121129e-03 3.14917385e-03 8.44472780e-01 2.59543175e+00 4.34779992e-03 2.59874760e-01
6.88084498e-04 -1.82292109e-03 -1.41358609e-03 2.38996865e-03 6.76086820e-04 2.80855149e-03 -2.67678236e-03 1.30088326e-03 2.88469311e-03 8.36794766e-01 2.44829148e+00 -5.53526751e-03 2.56947259e-01
1.23132104e-03 -2.40022909e-03 -1.63366473e-03 2.86806530e-03 1.44965316e-03 3.65339215e-03 -2.88552129e-03 9.30529513e-04 3.08812137e-03 8.47433387e-01 2.61280430e+00 5.76641075e-03 2.66004173e-01
1.23481633e-03 -2.17150279e-03 -1.11716952e-03 2.28602796e-03 5.75420280e-04 3.04970043e-03 -2.46510275e-03 5.35476170e-04 2.62696976e-03 8.04544856e-01 2.30595642e+00 -1.22033507e-02 2.70232608e-01
1.05475708e-03 -2.03563431e-03 -1.72626590e-03 2.88331806e-03 1.64007607e-03 3.19548706e-03 -3.10766986e-03 1.50473665e-03 3.27225384e-03 8.81313697e-01 2.75814303e+00 1.30899831e-02 2.52996264e-01
8.57236664e-04 -1.24501954e-03 -1.37276522e-03 2.57483047e-03 1.39038935e-03 2.47270173e-03 -2.92042526e-03 1.73890809e-03 3.00649573e-03 8.33816228e-01 2.71023981e+00 -2.61923536e-02 2.38194157e-01
1.73231490e-03 -2.47221887e-03 -1.16079077e-03 2.58919372e-03 8.49619014e-04 4.00108784e-03 -2.59531093e-03 4.65450217e-05 2.73324990e-03 8.52188782e-01 2.36915603e+00 3.09121069e-02 2.82384165e-01
1.34371695e-03 -2.39705437e-03 -1.39519203e-03 2.66232435e-03 9.73803435e-04 3.34524400e-03 -2.74694673e-03 5.59732107e-04 2.90517962e-03 8.41077659e-01 2.56163645e+00 2.67911952e-02 2.70002987e-01
7.70960480e-04 -1.77871223e-03 -1.53270766e-03 2.59838274e-03 1.15222631e-03 3.08344525e-03 -2.82833735e-03 1.51059298e-03 3.03843277e-03 8.42802776e-01 2.50255710e+00 -2.31156746e-02 2.52508077e-01
1.29891183e-03 -2.17104726e-03 -1.51170226e-03 2.61002701e-03 1.54429247e-03 2.67553005e-03 -2.64309715e-03 5.69311353e-04 2.69827876e-03 8.47101284e-01 2.40306748e+00 -1.57465858e-02 2.53366394e-01
6.11277437e-04 -1.85071735e-03 -1.49064557e-03 2.52421588e-03 4.87197187e-04 3.95395611e-03 -2.91472647e-03 1.74092519e-03 3.29641838e-03 8.36191727e-01 2.64536816e+00 1.74231936e-02 2.70226069e-01
9.34577563e-04 -2.12642555e-03 -1.45503340e-03 2.54601352e-03 8.74287702e-04 3.79694082e-03 -2.75796463e-03 1.27163959e-03 3.06022161e-03 8.47727371e-01 2.59654557e+00 2.35254288e-02 2.71823472e-01
1.09524467e-03 -2.21717181e-03 -1.57086167e-03 2.62669795e-03 1.14486363e-03 2.62802882e-03 -2.82971659e-03 8.79443890e-04 2.92850944e-03 8.37199679e-01 2.46944592e+00 -2.06628951e-02 2.50482524e-01
5.13170885e-04 -1.32411900e-03 -1.22629622e-03 2.11997571e-03 9.32021541e-04 2.89962923e-03 -2.25881850e-03 1.40444724e-03 2.50565940e-03 8.24356191e-01 2.39691758e+00 -9.29243245e-03 2.61647899e-01
1.65251748e-03 -2.96010895e-03 -1.83283693e-03 3.31638910e-03 1.32867728e-03 3.58280092e-03 -3.43856795e-03 5.93970903e-04 3.57994266e-03 8.60603818e-01 2.67227145e+00 9.83979455e-03 2.62251471e-01
9.45038113e-04 -1.87693466e-03 -1.38762567e-03 2.29157935e-03 1.25519443e-03 2.42905875e-03 -2.36178450e-03 7.62879108e-04 2.45957076e-03 8.37389327e-01 2.33324253e+00 -1.96567683e-02 2.52958314e-01
1.01904153e-03 -2.47321048e-03 -1.68324151e-03 2.94425533e-03 6.69907084e-04 4.25994287e-03 -3.32528200e-03 1.55171572e-03 3.69817385e-03 8.47450349e-01 2.75199334e+00 2.22360259e-02 2.71359599e-01
6.83920356e-04 -1.75950775e-03 -1.40241946e-03 2.33757785e-03 8.44065364e-04 3.00078489e-03 -2.55912963e-03 1.30594666e-03 2.79827983e-03 8.25322159e-01 2.51242046e+00 9.42657056e-04 2.62937372e-01
1.26404836e-03 -2.49107806e-03 -1.65386268e-03 2.91854479e-03 1.25832089e-03 3.40164927e-03 -3.01037567e-03 8.53162795e-04 3.17688166e-03 8.58224849e-01 2.53462827e+00 -8.78383807e-04 2.60675677e-01
6.27635451e-04 -1.80270760e-03 -1.37027388e-03 2.31652002e-03 4.61116684e-04 3.66048696e-03 -2.66114522e-03 1.50025430e-03 3.00435078e-03 8.07532060e-01 2.57530697e+00 6.02059652e-03 2.71691308e-01
1.29143190e-03 -2.35415073e-03 -1.69822411e-03 2.78321465e-03 1.53004006e-03 2.77008953e-03 -2.88041909e-03 6.63579238e-04 2.94758315e-03 8.73500032e-01 2.44883313e+00 -5.70334786e-03 2.51668241e-01
1.43081877e-03 -2.38062667e-03 -1.65398028e-03 2.92247891e-03 1.38484910e-03 3.13291344e-03 -2.76716427e-03 3.42959119e-05 2.81580679e-03 8.40936733e-01 2.44386635e+00 9.42453465e-03 2.65344646e-01
6.75814848e-04 -7.99475248e-04 -1.17691818e-03 2.41058534e-03 1.31016730e-03 3.64140434e-03 -2.67975326e-03 2.08100805e-03 3.05537615e-03 8.43025990e-01 2.60675658e+00 -8.88171825e-03 2.58396931e-01
1.38682263e-03 -2.76204952e-03 -1.85034173e-03 3.29221126e-03 1.42173529e-03 3.99263181e-03 -3.44738273e-03 1.20058805e-03 3.69841964e-03 8.73049851e-01 2.69563121e+00 8.20748197e-03 2.62993709e-01
7.32460035e-04 -1.62900098e-03 -1.17873501e-03 2.12010859e-03 8.65583968e-04 2.64082598e-03 -2.22735846e-03 1.00849123e-03 2.40498985e-03 8.11644975e-01 2.37515077e+00 -7.82721809e-03 2.61860008e-01
8.09047097e-04 -1.70829333e-03 -1.49652917e-03 2.54197413e-03 1.16980864e-03 2.52053778e-03 -2.80323337e-03 1.38721823e-03 2.91363225e-03 8.21548316e-01 2.62699567e+00 -2.06843349e-02 2.46694041e-01
1.41883273e-03 -2.45397948e-03 -1.32293800e-03 2.65097619e-03 9.55580008e-04 3.93851201e-03 -2.74346276e-03 6.74055274e-04 2.96866649e-03 8.65669175e-01 2.44526353e+00 2.34571645e-02 2.75397198e-01
8.77707992e-04 -1.78042814e-03 -1.43631512e-03 2.48645881e-03 1.24333187e-03 2.76234819e-03 -2.66335287e-03 1.26046498e-03 2.80647511e-03 8.35922222e-01 2.52634457e+00 -1.56807123e-02 2.52033848e-01
1.30807890e-03 -2.47327891e-03 -1.42234341e-03 2.71554761e-03 8.44298995e-04 3.65619180e-03 -2.89713991e-03 8.20204570e-04 3.11517754e-03 8.48901209e-01 2.53603778e+00 1.72903719e-02 2.70285832e-01
8.31500534e-04 -1.75199583e-03 -1.30935218e-03 2.33617176e-03 1.19324350e-03 3.21121616e-03 -2.37798720e-03 1.15137227e-03 2.60397584e-03 8.24161274e-01 2.36781465e+00 -2.18004831e-02 2.64155775e-01
1.28782698e-03 -2.53514308e-03 -1.62233359e-03 3.03264710e-03 1.01116955e-03 3.28232742e-03 -3.26429310e-03 1.05578825e-03 3.43211907e-03 8.62937028e-01 2.72520860e+00 2.49191476e-02 2.59720190e-01
1.31156205e-03 -3.07482595e-04 -5.76062560e-04 2.20937506e-03 2.03334804e-03 3.21053821e-03 -2.35448236e-03 1.83655988e-03 2.60951724e-03 8.36755441e-01 2.58621154e+00 -2.99698498e-02 2.47128779e-01
1.69335052e-03 -2.57395324e-03 -1.72879997e-03 3.27134271e-03 1.08559584e-03 3.58272874e-03 -3.04966562e-03 -4.36963345e-04 3.06371188e-03 8.48838915e-01 2.48874829e+00 3.63383997e-02 2.73600910e-01
4.20217212e-04 -1.45026751e-03 -1.37545201e-03 2.19757546e-03 6.23717986e-04 2.99120599e-03 -2.49408654e-03 1.53841610e-03 2.78372355e-03 8.22481935e-01 2.39487559e+00 -1.40388835e-02 2.61393327e-01
1.44497316e-03 -2.70132649e-03 -1.84587330e-03 3.13526686e-03 1.56960856e-03 3.49337082e-03 -3.14173336e-03 6.12403644e-04 3.27028755e-03 8.63347621e-01 2.67338505e+00 1.52751169e-02 2.62174417e-01
1.22184689e-03 -2.55010494e-04 -5.44505971e-04 2.09478478e-03 1.99401460e-03 3.15385688e-03 -2.18857796e-03 1.75893795e-03 2.46247128e-03 8.54075910e-01 2.50736843e+00 -1.99861078e-02 2.49415370e-01
1.73473614e-03 -2.74757293e-03 -1.92491189e-03 3.58282358e-03 1.20341105e-03 3.74281565e-03 -3.30603542e-03 -4.27874278e-04 3.33880185e-03 8.27526022e-01 2.58376786e+00 2.27703816e-02 2.73354467e-01
1.23655585e-03 -2.08452500e-03 -1.13919253e-03 2.33145651e-03 9.01425976e-04 3.32706484e-03 -2.39685203e-03 6.21829667e-04 2.57868677e-03 8.05701990e-01 2.39948074e+00 -6.49282904e-04 2.73608359e-01
7.74277026e-04 -2.04567224e-03 -1.81526182e-03 2.86102189e-03 1.14415063e-03 2.94751133e-03 -3.18333736e-03 1.56457739e-03 3.35191755e-03 8.76793477e-01 2.65525708e+00 7.18227618e-04 2.47542782e-01
7.00549533e-04 -1.98930310e-03 -1.71977372e-03 2.79888367e-03 9.51850991e-04 3.20550433e-03 -3.09993402e-03 1.61819762e-03 3.35457553e-03 8.51213545e-01 2.59434177e+00 -7.42616166e-03 2.55073527e-01
1.17761638e-03 -2.12172344e-03 -1.32022632e-03 2.51661063e-03 1.23630881e-03 3.35094809e-03 -2.47380093e-03 6.98083763e-04 2.65445147e-03 8.32259697e-01 2.46988403e+00 7.83726877e-03 2.70052922e-01
6.59209724e-04 -1.67533411e-03 -1.65907838e-03 2.70784149e-03 1.46569710e-03 3.61191790e-03 -2.84531075e-03 1.77544359e-03 3.15038009e-03 8.91465952e-01 2.53402137e+00 -9.23969788e-04 2.57032864e-01
1.39557687e-03 -2.40363114e-03 -1.34556804e-03 2.59022006e-03 7.22801297e-04 2.77393495e-03 -2.73155494e-03 2.58863822e-04 2.83299407e-03 7.88552129e-01 2.51428861e+00 1.03690411e-03 2.67755914e-01
6.93197473e-04 -1.84502839e-03 -1.36777674e-03 2.32364951e-03 6.18700997e-04 2.85198150e-03 -2.58451489e-03 1.21094237e-03 2.80220267e-03 8.24793560e-01 2.43885536e+00 -4.55874190e-03 2.60588851e-01
1.22310869e-03 -2.40336794e-03 -1.69377490e-03 2.93735609e-03 1.51321975e-03 3.59600258e-03 -2.98599390e-03 1.03041674e-03 3.17904117e-03 8.59461232e-01 2.61833317e+00 4.72090165e-03 2.62536838e-01
8.54401462e-04 -1.98811347e-03 -1.45519510e-03 2.56625579e-03 9.26606509e-04 3.34289524e-03 -2.75567417e-03 1.29602334e-03 2.99973828e-03 8.22580149e-01 2.62118526e+00 4.65115262e-03 2.64869022e-01
1.13147447e-03 -2.23688811e-03 -1.51133333e-03 2.65780047e-03 1.18460196e-03 3.07338307e-03 -2.77556930e-03 8.97850180e-04 2.93213708e-03 8.60292775e-01 2.42990055e+00 -4.45174729e-03 2.58442479e-01
1.07003405e-03 -1.93223808e-03 -1.17586858e-03 2.28953797e-03 1.05184949e-03 3.18646232e-03 -2.27989147e-03 7.09920346e-04 2.46294458e-03 7.99904186e-01 2.39404344e+00 -8.22897460e-03 2.71407665e-01
8.38904744e-04 -2.24036996e-03 -1.87203270e-03 3.01008097e-03 1.05525606e-03 3.20948654e-03 -3.35487325e-03 1.60623679e-03 3.57647222e-03 8.84502474e-01 2.66860212e+00 8.63534966e-03 2.51748145e-01
7.80041684e-04 -1.81381034e-03 -1.24268199e-03 2.25107694e-03 6.53028994e-04 3.25439687e-03 -2.46460857e-03 1.18309094e-03 2.72317858e-03 7.95231334e-01 2.49643937e+00 -3.83960065e-03 2.69596921e-01
1.31055635e-03 -2.39558678e-03 -1.67648428e-03 2.95706215e-03 1.52598059e-03 3.15733789e-03 -3.06189771e-03 9.53857863e-04 3.17784381e-03 8.87331620e-01 2.53483324e+00 3.96908188e-03 2.53386611e-01
1.51065723e-03 -2.43261957e-03 -1.42277683e-03 2.73645556e-03 1.12606884e-03 3.48061483e-03 -2.67366068e-03 1.44143779e-04 2.78563149e-03 8.13023263e-01 2.43319594e+00 -2.05711407e-03 2.72854902e-01
5.80541634e-04 -1.11327457e-03 -1.37843673e-03 2.55634634e-03 1.19475954e-03 3.04311784e-03 -2.81949626e-03 1.94141916e-03 3.05462565e-03 8.70362359e-01 2.61647896e+00 2.13249981e-03 2.48993664e-01
8.56677568e-04 -1.94545458e-03 -1.51269547e-03 2.68719638e-03 1.24678037e-03 3.73503152e-03 -2.78314819e-03 1.46898065e-03 3.06871589e-03 8.51128333e-01 2.65859380e+00 1.46983932e-02 2.66330756e-01
1.19378185e-03 -2.27278757e-03 -1.44175920e-03 2.59753007e-03 9.71765248e-04 2.76358313e-03 -2.78067543e-03 7.38934629e-04 2.90749706e-03 8.33776788e-01 2.41420807e+00 -1.35163557e-02 2.57365390e-01
9.40379618e-04 -1.84219535e-03 -1.30863901e-03 2.39568552e-03 1.29122852e-03 3.05040203e-03 -2.37391077e-03 9.63066957e-04 2.55452434e-03 8.48028379e-01 2.32739090e+00 -1.23016570e-02 2.61712257e-01
1.09822273e-03 -2.36476809e-03 -1.59522170e-03 2.96122434e-03 9.43381986e-04 3.60278737e-03 -3.20426887e-03 1.34662909e-03 3.46079181e-03 8.35325206e-01 2.75370604e+00 1.33322005e-02 2.64262461e-01
1.41921688e-03 -2.17863275e-03 -1.41995048e-03 2.68761226e-03 8.97157142e-04 3.11280195e-03 -2.52560801e-03 -3.03578565e-04 2.55675950e-03 7.90995976e-01 2.30396389e+00 -1.75510163e-03 2.74877833e-01
1.38583121e-03 -3.66936174e-04 -7.17498562e-04 2.62469670e-03 2.20879015e-03 3.57490078e-03 -2.78012018e-03 2.16217556e-03 3.02990991e-03 8.90378902e-01 2.75102650e+00 1.84278436e-03 2.45133930e-01
8.20737109e-04 -1.13996308e-03 -1.40873117e-03 2.59491137e-03 1.54634729e-03 2.92792545e-03 -2.90909849e-03 1.89811862e-03 3.08698793e-03 8.66767876e-01 2.66892717e+00 -1.58804331e-02 2.42489686e-01
1.65618729e-03 -2.42931603e-03 -1.23763452e-03 2.57735452e-03 6.58931604e-04 3.28444305e-03 -2.62531762e-03 -1.93893158e-04 2.69215946e-03 8.12705349e-01 2.37822993e+00 1.76995256e-02 2.77063648e-01
1.13258419e-03 -2.14113852e-03 -1.14923530e-03 2.29861454e-03 5.52145309e-04 3.66275534e-03 -2.53476270e-03 8.96514196e-04 2.79271214e-03 8.06897925e-01 2.49037779e+00 1.04521851e-02 2.76347717e-01
1.08919939e-03 -2.19173665e-03 -1.73712542e-03 2.75481599e-03 1.44840974e-03 2.63827643e-03 -2.99772478e-03 1.10172312e-03 3.08873952e-03 8.73020753e-01 2.53864943e+00 -9.70721275e-03 2.46430148e-01
9.06018785e-04 -5.44759896e-04 -9.84588693e-04 2.53443063e-03 1.60529823e-03 3.37915989e-03 -2.76412555e-03 2.15065466e-03 3.06349796e-03 8.61687663e-01 2.70220981e+00 5.19828947e-04 2.50253744e-01
1.36944733e-03 -2.28456085e-03 -1.56455486e-03 2.84464165e-03 1.28359549e-03 3.53653429e-03 -2.58852942e-03 -3.35135140e-05 2.67661063e-03 8.21893598e-01 2.35129737e+00 -4.63655456e-04 2.73985653e-01
1.86044999e-03 -3.32186948e-04 -6.08640976e-04 2.74390746e-03 2.64825568e-03 3.70039771e-03 -2.99006776e-03 2.21141995e-03 3.22773232e-03 8.94325246e-01 2.89538783e+00 1.53295474e-03 2.42677115e-01
1.31363200e-03 -1.89542617e-03 -1.22654255e-03 2.44426167e-03 7.69049165e-04 2.93646402e-03 -2.24192667e-03 -3.74826949e-04 2.25382975e-03 7.86374967e-01 2.16209758e+00 -1.44197264e-03 2.77232203e-01
1.55510103e-03 -2.55092045e-03 -1.68343691e-03 3.04390418e-03 1.41931908e-03 3.23598854e-03 -2.94231939e-03 1.21789038e-04 3.01711738e-03 8.11569108e-01 2.51736873e+00 -9.39940050e-03 2.65791187e-01
4.20850205e-04 -9.53489132e-04 -1.33450433e-03 2.39484329e-03 1.09753416e-03 3.44909797e-03 -2.62727405e-03 2.00853683e-03 2.98495796e-03 8.73527323e-01 2.55162786e+00 9.93631274e-03 2.58227528e-01
1.06105607e-03 -2.35837818e-03 -1.43249603e-03 2.61594082e-03 4.63463063e-04 3.36763012e-03 -2.95968039e-03 1.06253403e-03 3.20547750e-03 8.27765455e-01 2.63951487e+00 2.31893234e-02 2.68599526e-01
9.65796482e-04 -2.03306257e-03 -1.58136328e-03 2.59742658e-03 1.47439601e-03 3.05275874e-03 -2.64789289e-03 1.06121898e-03 2.81277688e-03 8.53825837e-01 2.42004941e+00 -2.03128546e-02 2.55567329e-01
1.12655764e-03 -2.06372622e-03 -1.41560622e-03 2.42551600e-03 1.30370632e-03 2.75928673e-03 -2.45076985e-03 6.09543536e-04 2.56279734e-03 8.13853322e-01 2.41649505e+00 -1.56418810e-02 2.61464186e-01
6.74454345e-04 -1.97339405e-03 -1.63760950e-03 2.84035513e-03 7.51755857e-04 3.82234607e-03 -3.16400691e-03 1.82097948e-03 3.49558908e-03 8.72811694e-01 2.65006168e+00 1.71539761e-02 2.61779226e-01
4.13137902e-04 -1.17952026e-03 -1.30902006e-03 2.18524821e-03 9.64100306e-04 2.80026007e-03 -2.37928653e-03 1.59327114e-03 2.63068186e-03 8.33773120e-01 2.33855664e+00 -3.14826150e-02 2.52358769e-01
1.87201450e-03 -3.03074452e-03 -1.79036857e-03 3.45085496e-03 1.41700568e-03 3.98981691e-03 -3.41474502e-03 2.50244589e-04 3.55226631e-03 8.52786579e-01 2.80300161e+00 3.85473039e-02 2.71798399e-01
8.52432827e-04 -1.89652508e-03 -1.44649466e-03 2.42304178e-03 9.84964829e-04 2.56328918e-03 -2.65803167e-03 1.11806659e-03 2.79166617e-03 8.08971020e-01 2.60649450e+00 -1.01128607e-02 2.54283461e-01
1.24703912e-03 -2.41901386e-03 -1.50495401e-03 2.78072461e-03 1.11291467e-03 3.84557977e-03 -2.89401879e-03 9.77236544e-04 3.13758717e-03 8.76293327e-01 2.45250342e+00 1.07283107e-02 2.68735324e-01
1.02342543e-03 -1.90051112e-03 -1.31018554e-03 2.39639700e-03 1.26874248e-03 2.94534712e-03 -2.41746386e-03 8.81783389e-04 2.56973860e-03 8.12480574e-01 2.44000543e+00 -1.67529920e-02 2.62120048e-01
9.18921922e-04 -2.30009385e-03 -1.67595167e-03 2.89864976e-03 8.27413403e-04 3.56051370e-03 -3.19242465e-03 1.44471621e-03 3.45333854e-03 8.74557888e-01 2.62922416e+00 1.84932839e-02 2.60973760e-01
5.11857767e-04 -1.27420454e-03 -1.46656056e-03 2.48884053e-03 1.04203175e-03 3.37378695e-03 -2.78882789e-03 1.92330552e-03 3.12510958e-03 8.62289865e-01 2.60474339e+00 9.30600012e-03 2.59170686e-01
1.34935248e-03 -2.43028246e-03 -1.60211361e-03 2.80461083e-03 1.23837413e-03 3.18265289e-03 -2.74749087e-03 2.56149343e-04 2.84813665e-03 8.22631374e-01 2.44032850e+00 -8.81452399e-03 2.65588488e-01
7.08982816e-04 -1.31581795e-03 -1.48396933e-03 2.57664905e-03 1.51635537e-03 3.10523774e-03 -2.77866055e-03 1.79293420e-03 2.99189865e-03 8.46062231e-01 2.68850522e+00 -1.21185307e-02 2.51033843e-01
1.60069693e-03 -2.53435865e-03 -1.31698268e-03 2.66644874e-03 6.71780317e-04 3.13638703e-03 -2.79022075e-03 4.34652914e-05 2.87583172e-03 8.37531982e-01 2.36850436e+00 1.31120310e-02 2.70957170e-01
9.66925881e-04 -2.10843803e-03 -1.50778345e-03 2.75850544e-03 9.64158807e-04 3.20032113e-03 -2.98263440e-03 1.32076590e-03 3.18197447e-03 8.63620128e-01 2.66778594e+00 2.46302605e-02 2.59245688e-01
1.10257534e-03 -2.06688774e-03 -1.36896088e-03 2.54305238e-03 1.25481273e-03 3.32641143e-03 -2.57497873e-03 9.39729710e-04 2.76706185e-03 8.23527325e-01 2.40966154e+00 -2.15824844e-02 2.64142457e-01
9.94215307e-04 -2.12436965e-03 -1.54726093e-03 2.78343347e-03 1.13151777e-03 3.35969004e-03 -2.96183922e-03 1.32833572e-03 3.19595522e-03 8.63155733e-01 2.58474949e+00 1.11507840e-02 2.61175543e-01
1.00638678e-03 -2.01790480e-03 -1.36308262e-03 2.53960652e-03 1.16365630e-03 3.23565104e-03 -2.56305375e-03 9.83001562e-04 2.75873353e-03 8.22060506e-01 2.47818595e+00 -1.04661449e-02 2.64187768e-01
1.51064359e-03 -2.94928715e-03 -1.66760658e-03 3.21245424e-03 7.51174832e-04 4.06491734e-03 -3.53775301e-03 1.03970445e-03 3.80763203e-03 8.69642279e-01 2.70874919e+00 2.68714089e-02 2.68552195e-01
7.03108837e-04 -1.58597862e-03 -1.34149741e-03 2.18164712e-03 1.22667770e-03 2.53307554e-03 -2.25057370e-03 1.06300063e-03 2.39901979e-03 8.18561676e-01 2.38841405e+00 -2.33091593e-02 2.55711762e-01
1.22978827e-03 -2.32372046e-03 -1.51162068e-03 2.78298583e-03 1.15662229e-03 3.13003981e-03 -2.94002597e-03 9.42998874e-04 3.08569539e-03 8.48141091e-01 2.56221810e+00 -1.92222158e-05 2.58119564e-01
8.05511570e-04 -1.91755179e-03 -1.43983374e-03 2.43844271e-03 9.75833644e-04 3.25360004e-03 -2.60759347e-03 1.23793321e-03 2.85392918e-03 8.35834341e-01 2.49260675e+00 7.16225687e-05 2.64833221e-01
5.32743918e-04 -1.32081364e-03 -1.32631695e-03 2.20186916e-03 8.94702418e-04 2.43333883e-03 -2.47970778e-03 1.46099816e-03 2.66395904e-03 8.15339622e-01 2.48178277e+00 -1.93831035e-02 2.51087325e-01
1.63238129e-03 -2.80825254e-03 -1.64342745e-03 3.17970636e-03 1.38211381e-03 4.36815269e-03 -3.09964282e-03 5.18255989e-04 3.30705271e-03 8.72238290e-01 2.58159246e+00 2.17662272e-02 2.73936022e-01
1.30968135e-03 -2.29133024e-03 -1.31273444e-03 2.60687257e-03 1.04689230e-03 3.46077808e-03 -2.66263408e-03 6.87807560e-04 2.84417653e-03 8.58422248e-01 2.33450014e+00 -1.65019871e-03 2.67670712e-01
7.78188714e-04 -1.93097712e-03 -1.63372686e-03 2.62839321e-03 1.10386652e-03 2.90437935e-03 -2.88401739e-03 1.39755572e-03 3.07487134e-03 8.25017801e-01 2.73243306e+00 1.72907792e-03 2.56782101e-01
1.57628603e-03 -2.51941383e-03 -1.50370028e-03 2.88583330e-03 1.15857372e-03 3.54861285e-03 -2.78797201e-03 3.83124134e-05 2.88328680e-03 8.22988387e-01 2.45229638e+00 2.86980130e-03 2.72294236e-01
6.39747462e-04 -9.45987570e-04 -1.25066252e-03 2.42870072e-03 1.29214763e-03 3.04005013e-03 -2.67159307e-03 1.90183430e-03 2.92432074e-03 8.60163813e-01 2.58633748e+00 -2.75353487e-03 2.50963139e-01
2.27755096e-03 3.83713068e-04 2.52302160e-04 2.25781327e-03 2.73048983e-03 3.23572501e-03 -2.40161685e-03 1.89652117e-03 2.59617534e-03 8.83130270e-01 2.69819661e+00 -7.90112008e-03 2.35864578e-01
1.40859213e-03 -1.82193431e-03 -1.38969596e-03 3.05541088e-03 1.54118573e-03 4.19155150e-03 -2.38927010e-03 -2.31990401e-04 2.42755154e-03 7.95467622e-01 2.35016851e+00 8.46376135e-03 2.81551845e-01
1.26240787e-03 -2.15382418e-03 -1.05963957e-03 2.20441096e-03 4.51730861e-04 2.98054712e-03 -2.42874932e-03 4.68056739e-04 2.58575161e-03 7.93552752e-01 2.32731146e+00 -4.35506766e-03 2.72751461e-01
1.05937875e-03 -1.97227360e-03 -1.70761372e-03 2.95755691e-03 1.76002395e-03 3.24726802e-03 -3.12541183e-03 1.57278686e-03 3.27080368e-03 8.89034917e-01 2.72234776e+00 4.50544878e-03 2.48974582e-01
1.35926697e-03 -2.27849718e-03 -1.34326979e-03 2.57375508e-03 1.15648799e-03 3.53311003e-03 -2.50147868e-03 3.50635064e-04 2.65481515e-03 8.15954624e-01 2.44197289e+00 5.60559418e-03 2.75013427e-01
5.93030852e-04 -1.52225372e-03 -1.59011376e-03 2.68136159e-03 9.79972153e-04 2.91755950e-03 -3.05442802e-03 1.85408556e-03 3.26741201e-03 8.66132430e-01 2.61728467e+00 -5.33445937e-03 2.46498820e-01
1.33088362e-03 -2.38150338e-03 -1.40331285e-03 2.65191929e-03 1.01358796e-03 3.36325883e-03 -2.72572694e-03 5.70855141e-04 2.88731627e-03 8.27050496e-01 2.38941746e+00 -1.28508684e-02 2.67518408e-01
7.54834764e-04 -1.72194269e-03 -1.51117579e-03 2.60398599e-03 1.15181341e-03 3.03601799e-03 -2.83138804e-03 1.54513587e-03 3.03252518e-03 8.58311002e-01 2.67704578e+00 1.38962117e-02 2.55550976e-01
1.12035955e-03 -2.22650107e-03 -1.84311372e-03 3.03748965e-03 1.60889694e-03 3.19070030e-03 -3.31945018e-03 1.51112605e-03 3.47065994e-03 8.74923013e-01 2.82469205e+00 9.33140790e-03 2.51118010e-01
1.15486990e-03 -1.98339608e-03 -1.02581963e-03 2.16790789e-03 6.52500392e-04 3.07175969e-03 -2.29411126e-03 6.04815171e-04 2.46738512e-03 8.10002908e-01 2.25474231e+00 -8.85419911e-03 2.72032166e-01
9.79552374e-04 -2.13012045e-03 -1.61820084e-03 2.81131400e-03 1.08361056e-03 2.94354933e-03 -3.09108475e-03 1.35069336e-03 3.26177180e-03 8.45692585e-01 2.69549016e+00 3.87646604e-03 2.53940763e-01
1.06118835e-03 -2.05162737e-03 -1.30849209e-03 2.46947294e-03 1.14128239e-03 3.55312025e-03 -2.46856117e-03 9.07599083e-04 2.69918609e-03 8.38431522e-01 2.38108528e+00 -3.74332672e-03 2.70897832e-01
1.66122888e-03 -2.60454580e-03 -1.38710211e-03 2.87853935e-03 1.08528206e-03 3.76798546e-03 -2.90294787e-03 3.48873578e-04 3.04859770e-03 8.13652311e-01 2.63639078e+00 1.50199162e-02 2.73710319e-01
5.88214249e-04 -1.37533104e-03 -1.38049499e-03 2.39488040e-03 1.09044052e-03 2.72510951e-03 -2.60377335e-03 1.57153052e-03 2.78404163e-03 8.66451268e-01 2.41337963e+00 -1.36634743e-02 2.47370056e-01
2.02562448e-03 -2.82129955e-03 -1.22082674e-03 2.80141788e-03 5.53021513e-04 3.79390247e-03 -2.98914526e-03 -1.58116324e-04 3.08541139e-03 8.16118444e-01 2.50636179e+00 1.91193937e-02 2.78880007e-01
6.44787624e-04 -1.22425217e-03 -1.43776679e-03 2.32810955e-03 1.31908976e-03 2.36401244e-03 -2.62787221e-03 1.57433378e-03 2.73863034e-03 8.63762343e-01 2.54529771e+00 -1.70466774e-02 2.39883843e-01
6.52783020e-04 -1.73601559e-03 -1.42065952e-03 2.35283933e-03 9.44882022e-04 3.39556077e-03 -2.52527507e-03 1.40213340e-03 2.81797252e-03 8.35108211e-01 2.47338980e+00 -1.51158545e-03 2.66758111e-01
1.31141087e-03 -2.50847590e-03 -1.65695720e-03 2.89242884e-03 1.15558032e-03 2.94760285e-03 -3.07502910e-03 7.51144260e-04 3.18351920e-03 8.48941518e-01 2.58604607e+00 1.57522687e-03 2.56354363e-01
7.47999173e-04 -9.41435697e-04 -1.25738832e-03 2.25962310e-03 1.44947020e-03 2.34811349e-03 -2.56196458e-03 1.63499085e-03 2.66542758e-03 8.36944146e-01 2.63336285e+00 -2.64303172e-02 2.39143438e-01
2.10908300e-03 -2.90239676e-03 -1.35757533e-03 2.99717311e-03 5.62827781e-04 3.87247883e-03 -3.11923532e-03 -4.18703003e-04 3.17416890e-03 8.48376876e-01 2.44753637e+00 3.12718459e-02 2.79440837e-01
1.20534312e-03 -2.21278960e-03 -1.27534182e-03 2.46271422e-03 7.71234227e-04 2.92391085e-03 -2.64716839e-03 6.86183997e-04 2.79548798e-03 8.12518250e-01 2.49790156e+00 3.68923122e-03 2.65331681e-01
9.19004955e-04 -2.01101041e-03 -1.61419820e-03 2.74626472e-03 1.38364233e-03 3.45428323e-03 -2.88703122e-03 1.43147347e-03 3.11932805e-03 8.69587724e-01 2.54855682e+00 -3.52261410e-03 2.57848302e-01
6.58471987e-04 -1.62497995e-03 -1.29292577e-03 2.26162257e-03 9.35411175e-04 3.01193555e-03 -2.38509696e-03 1.27244170e-03 2.62105082e-03 8.27939039e-01 2.45101764e+00 -1.53464981e-03 2.63409796e-01
1.40683310e-03 -2.68466310e-03 -1.74126444e-03 3.11301754e-03 1.32080976e-03 3.52200687e-03 -3.24465882e-03 8.92814787e-04 3.43071845e-03 8.56003347e-01 2.61774757e+00 1.59800371e-03 2.61655914e-01
8.06133830e-04 -1.82827936e-03 -1.41761186e-03 2.39509260e-03 1.11226886e-03 3.00181895e-03 -2.53014658e-03 1.19207262e-03 2.73526871e-03 8.26933790e-01 2.43853150e+00 -1.82111585e-02 2.59552484e-01
1.24718083e-03 -2.50918712e-03 -1.58054443e-03 2.87072397e-03 9.68373227e-04 3.40310674e-03 -3.08168191e-03 9.64318436e-04 3.27537091e-03 8.59203089e-01 2.63360207e+00 2.03549315e-02 2.63516366e-01
1.80408939e-03 -2.94901231e-03 -1.50622494e-03 3.11169646e-03 9.90637210e-04 4.30786770e-03 -3.27794282e-03 5.86644035e-04 3.49340486e-03 8.47086830e-01 2.73967833e+00 3.19106162e-02 2.74924154e-01
6.68387602e-04 -1.40147248e-03 -1.26269296e-03 2.21112475e-03 1.09703605e-03 2.37690722e-03 -2.37587605e-03 1.27733631e-03 2.49683259e-03 8.37990046e-01 2.35393874e+00 -2.68790769e-02 2.46044327e-01
6.72138108e-04 -1.66577189e-03 -1.44865191e-03 2.47792545e-03 1.17439503e-03 3.67053235e-03 -2.59814307e-03 1.57191286e-03 2.91576086e-03 8.50390775e-01 2.43912973e+00 -1.18782890e-02 2.64939930e-01
1.45457346e-03 -2.49292533e-03 -1.50769170e-03 2.81039677e-03 1.08227507e-03 2.76238036e-03 -2.97910460e-03 5.09064605e-04 3.05244691e-03 8.32672196e-01 2.63360295e+00 1.28503575e-02 2.59227309e-01
1.89346406e-03 -2.79078462e-03 -1.53018686e-03 3.11021571e-03 9.53001017e-04 3.81702568e-03 -3.07492628e-03 -2.34873696e-04 3.15367268e-03 8.50375438e-01 2.48057278e+00 2.87341044e-02 2.76740271e-01
6.59703573e-04 -7.62421360e-04 -1.16529301e-03 2.33314266e-03 1.41500773e-03 2.71158114e-03 -2.55071591e-03 1.82586046e-03 2.73379947e-03 8.35200155e-01 2.61028777e+00 -2.46010371e-02 2.43266973e-01
1.17338292e-03 -2.06033805e-03 -1.09093509e-03 2.27493829e-03 7.03441834e-04 3.30077798e-03 -2.41159309e-03 7.15699923e-04 2.61026644e-03 8.18566169e-01 2.43447557e+00 1.69274995e-02 2.73739590e-01
1.08155909e-03 -2.14673793e-03 -1.71065657e-03 2.91972266e-03 1.49402671e-03 3.07717462e-03 -3.12552692e-03 1.36634261e-03 3.26767574e-03 8.62072779e-01 2.60744395e+00 -1.52710227e-02 2.48903391e-01
6.48372851e-04 -1.45549845e-03 -1.53978940e-03 2.66003269e-03 1.28468847e-03 3.66108623e-03 -2.90353797e-03 1.93830864e-03 3.22880991e-03 8.77094878e-01 2.65377543e+00 1.12845224e-02 2.58935124e-01
1.40970959e-03 -2.30212890e-03 -1.36374868e-03 2.60865966e-03 1.02771390e-03 2.83631904e-03 -2.64042380e-03 2.26857538e-04 2.70973623e-03 8.08300247e-01 2.40264987e+00 -1.06091724e-02 2.64002625e-01
1.60960302e-03 -2.69661068e-03 -1.54376609e-03 2.97931356e-03 9.70945006e-04 3.22557690e-03 -3.06412455e-03 2.37199318e-04 3.17243942e-03 8.52549209e-01 2.50846845e+00 1.95111592e-02 2.67241896e-01
5.38640810e-04 -1.33933589e-03 -1.45698567e-03 2.42649080e-03 1.28350292e-03 3.21413979e-03 -2.58429406e-03 1.72084971e-03 2.86586370e-03 8.32806396e-01 2.56989497e+00 -1.75078596e-02 2.57045460e-01
1.46517361e-03 -2.35467968e-03 -1.71861566e-03 3.14228832e-03 1.17229208e-03 3.26435654e-03 -2.85901056e-03 -3.27628277e-04 2.88879086e-03 8.13315067e-01 2.43694132e+00 1.35037172e-02 2.72190323e-01
1.58759128e-03 -1.29521890e-04 -3.59074765e-04 2.35397018e-03 2.40037243e-03 3.72958765e-03 -2.39920942e-03 1.99615504e-03 2.70980284e-03 8.67012168e-01 2.63677993e+00 -1.23773269e-02 2.50333807e-01
9.37111703e-04 -1.88213065e-03 -1.24969695e-03 2.26645129e-03 1.01374717e-03 2.85539004e-03 -2.28372403e-03 7.42588862e-04 2.44743097e-03 7.98006956e-01 2.44000085e+00 -5.34260041e-03 2.67100508e-01
1.02242860e-03 -2.33266934e-03 -1.78106967e-03 3.11396009e-03 1.23970330e-03 3.75430836e-03 -3.33455770e-03 1.57364293e-03 3.60878590e-03 8.85342886e-01 2.61674931e+00 5.53812095e-03 2.58314706e-01
1.38273650e-03 -2.34837164e-03 -1.14259581e-03 2.39634246e-03 4.97139749e-04 3.29099918e-03 -2.65547785e-03 5.57999980e-04 2.83985851e-03 8.03085233e-01 2.44972596e+00 5.03105283e-03 2.73496018e-01
9.24829621e-04 -1.94182523e-03 -1.67325319e-03 2.69865131e-03 1.52106870e-03 2.89970191e-03 -2.89546282e-03 1.37717822e-03 3.03699357e-03 8.77607970e-01 2.59244492e+00 -4.77076914e-03 2.48392428e-01
1.33813117e-03 -3.05075587e-04 -5.11443753e-04 2.08726859e-03 2.05886731e-03 3.16102674e-03 -2.20365378e-03 1.71870503e-03 2.45928504e-03 8.33799642e-01 2.54132447e+00 -2.99897215e-02 2.49515028e-01
1.80157498e-03 -2.75233495e-03 -1.84893513e-03 3.47154159e-03 1.05487562e-03 3.58449461e-03 -3.28165134e-03 -5.24651878e-04 3.27981070e-03 8.52600695e-01 2.53856126e+00 3.63348744e-02 2.71844191e-01
1.37861643e-03 -2.12125450e-03 -9.77650823e-04 2.18029939e-03 7.27965286e-04 3.70738981e-03 -2.28580689e-03 4.91199196e-04 2.49002152e-03 8.06101595e-01 2.35612663e+00 8.74202097e-03 2.81698822e-01
1.07574653e-03 -2.04234571e-03 -1.73133108e-03 2.86640558e-03 1.38870580e-03 2.52513651e-03 -3.27014143e-03 1.45644049e-03 3.33024505e-03 8.74097374e-01 2.70088465e+00 -8.18177601e-03 2.39244932e-01
1.30308828e-03 -2.25102573e-03 -1.38238490e-03 2.58131281e-03 1.20758157e-03 3.16372502e-03 -2.58949092e-03 5.25186793e-04 2.72282597e-03 8.19473014e-01 2.35732697e+00 -2.17667689e-02 2.64829931e-01
6.12315196e-04 -1.82694470e-03 -1.66364864e-03 2.71004722e-03 9.09362192e-04 3.32844834e-03 -3.02721262e-03 1.73807305e-03 3.30418073e-03 8.68247444e-01 2.72401446e+00 2.48442843e-02 2.58686081e-01
7.17807457e-04 -9.16508259e-04 -1.22565909e-03 2.45873050e-03 1.46332900e-03 3.24168731e-03 -2.67130617e-03 1.94138741e-03 2.94200594e-03 8.97311820e-01 2.49848560e+00 -1.62368549e-03 2.48745393e-01
1.55642290e-03 -2.49883952e-03 -1.52924101e-03 2.84287561e-03 9.42359457e-04 3.17223527e-03 -2.80334903e-03 -1.52745560e-04 2.86328332e-03 7.81351943e-01 2.53195436e+00 1.77143521e-03 2.72582469e-01
5.24751225e-04 -1.20513548e-03 -1.28338228e-03 2.27728881e-03 9.40821432e-04 2.50098626e-03 -2.52721035e-03 1.57736712e-03 2.69604338e-03 8.40735535e-01 2.39598025e+00 -2.45687963e-02 2.45385830e-01
1.69240035e-03 -2.78437263e-03 -1.59738936e-03 3.11084617e-03 1.30820337e-03 4.25254285e-03 -3.04830631e-03 3.56586045e-04 3.22398848e-03 8.43614600e-01 2.68520208e+00 2.87368405e-02 2.75780708e-01
6.35332146e-04 -1.50299004e-03 -1.27928162e-03 2.13240470e-03 1.03952716e-03 2.48477719e-03 -2.26162672e-03 1.15812878e-03 2.42531096e-03 8.21710301e-01 2.42318040e+00 -1.21678662e-02 2.55813760e-01
1.68448582e-03 -2.93552179e-03 -1.65504716e-03 3.30642612e-03 1.19502820e-03 4.20514830e-03 -3.44748370e-03 8.64422767e-04 3.68607100e-03 8.63841071e-01 2.66070460e+00 1.30902276e-02 2.68938832e-01
1.38830134e-03 -2.48954240e-03 -1.69064436e-03 2.94539988e-03 1.47406730e-03 3.48687530e-03 -2.81778930e-03 3.28615939e-04 2.93777175e-03 8.46321392e-01 2.44803423e+00 -2.34118338e-03 2.66460859e-01
4.28550536e-04 -1.20505144e-03 -1.40112393e-03 2.39320082e-03 8.22191533e-04 3.17512762e-03 -2.72503987e-03 1.88746087e-03 3.04435329e-03 8.37612752e-01 2.60192303e+00 2.42804961e-03 2.58354685e-01
1.35720087e-03 -2.36159225e-03 -1.69870591e-03 2.89042881e-03 1.48888968e-03 3.23896314e-03 -2.71876873e-03 1.40634385e-04 2.79376829e-03 8.19306038e-01 2.41551850e+00 -1.29622271e-02 2.65635016e-01
5.27920985e-04 -7.85208435e-04 -1.21378313e-03 2.48476082e-03 1.09918603e-03 3.63175700e-03 -2.76302904e-03 2.18514140e-03 3.13632365e-03 8.66493854e-01 2.64300435e+00 1.40020381e-02 2.57891205e-01
5.52865949e-04 -1.10459774e-03 -1.48766522e-03 2.63662450e-03 1.30564952e-03 3.19855194e-03 -2.91211315e-03 2.04641205e-03 3.17255915e-03 8.69037424e-01 2.70871921e+00 2.57724717e-03 2.49411544e-01
1.53975368e-03 -2.36899369e-03 -1.35252592e-03 2.67775727e-03 1.01548788e-03 3.24475362e-03 -2.63603743e-03 2.55106148e-05 2.71790963e-03 8.14533450e-01 2.35792956e+00 -2.49390164e-03 2.72045189e-01
9.80112564e-04 -1.91872060e-03 -1.53707686e-03 2.60258041e-03 1.32567014e-03 2.56231828e-03 -2.81399200e-03 1.18765451e-03 2.91501422e-03 8.45607085e-01 2.59175693e+00 -7.53594127e-03 2.49211893e-01
1.21106316e-03 -2.32942735e-03 -1.31797800e-03 2.54280772e-03 7.95202583e-04 3.87185994e-03 -2.70967258e-03 9.05633511e-04 2.97397539e-03 8.38178785e-01 2.46533278e+00 7.94491875e-03 2.74565926e-01
8.60338725e-04 -2.12009790e-03 -1.54282669e-03 2.66815637e-03 8.81817146e-04 3.70079982e-03 -2.88762661e-03 1.38722883e-03 3.17950103e-03 8.46434944e-01 2.56997904e+00 6.10329133e-03 2.66537034e-01
1.12238961e-03 -2.04875236e-03 -1.40128272e-03 2.54822836e-03 1.24500211e-03 2.77935843e-03 -2.64931995e-03 8.74066161e-04 2.76192007e-03 8.37773429e-01 2.48609356e+00 -5.84919641e-03 2.56518406e-01
1.27307858e-03 -2.28644011e-03 -1.56904013e-03 2.68325666e-03 1.46892559e-03 2.96548539e-03 -2.67450849e-03 5.39712006e-04 2.77302315e-03 8.54927850e-01 2.39109791e+00 -9.58040809e-03 2.58261699e-01
4.78463123e-04 -1.75783406e-03 -1.59076848e-03 2.51816995e-03 5.37686212e-04 3.56803909e-03 -2.91177705e-03 1.76153955e-03 3.26947939e-03 8.27804211e-01 2.65884155e+00 1.02407839e-02 2.66143177e-01
1.47553605e-03 -2.55242978e-03 -1.30587117e-03 2.67156548e-03 6.67838334e-04 3.48564634e-03 -2.88457028e-03 5.60827610e-04 3.05956195e-03 8.57273099e-01 2.45179157e+00 2.04795079e-02 2.70305274e-01
8.20904582e-04 -1.68735532e-03 -1.50999274e-03 2.51692835e-03 1.40966911e-03 2.83277234e-03 -2.68497701e-03 1.39054237e-03 2.83888055e-03 8.28677081e-01 2.60786934e+00 -1.83037363e-02 2.52311535e-01
1.67767005e-03 -2.85025211e-03 -1.76777932e-03 3.25786804e-03 1.51477870e-03 3.79519853e-03 -3.25038804e-03 4.77256687e-04 3.38112303e-03 8.61288103e-01 2.64443511e+00 1.16990928e-02 2.65010425e-01
3.80788409e-04 -1.24824177e-03 -1.30904907e-03 2.12573268e-03 7.47063425e-04 2.76370526e-03 -2.37221252e-03 1.52998607e-03 2.62481207e-03 8.23944192e-01 2.40909414e+00 -1.09468356e-02 2.58201887e-01
9.89000499e-04 -6.20634985e-04 -8.92724239e-04 2.31186156e-03 1.84887342e-03 3.63794955e-03 -2.40572003e-03 1.91913452e-03 2.74132151e-03 8.46409436e-01 2.51968079e+00 -2.50397542e-02 2.56141448e-01
1.59222964e-03 -2.69836559e-03 -1.83464651e-03 3.19202148e-03 9.94828371e-04 2.99705513e-03 -3.14756200e-03 -2.98181668e-04 3.16686195e-03 8.36563048e-01 2.56338553e+00 2.94323195e-02 2.67464945e-01
7.08836783e-04 -1.70449739e-03 -1.59033017e-03 2.61805344e-03 1.20876046e-03 3.26473887e-03 -2.86916197e-03 1.66318659e-03 3.13000101e-03 8.44254944e-01 2.72036595e+00 7.63183955e-03 2.59274079e-01
1.40328906e-03 -2.33542531e-03 -1.32384420e-03 2.64329627e-03 1.02615654e-03 3.15558150e-03 -2.67690679e-03 4.19735892e-04 2.79495429e-03 8.39911809e-01 2.34245930e+00 -7.26166002e-03 2.65068178e-01
1.00898095e-03 -1.86145058e-03 -1.19698537e-03 2.21722577e-03 1.12438666e-03 3.01170078e-03 -2.20763445e-03 7.15737665e-04 2.38007540e-03 8.25006657e-01 2.19862633e+00 -2.51627008e-02 2.66745384e-01
8.90311424e-04 -2.45782675e-03 -1.94238868e-03 3.16780630e-03 9.00659940e-04 3.44649139e-03 -3.55291398e-03 1.62945022e-03 3.79624404e-03 8.62605081e-01 2.92817665e+00 2.94161772e-02 2.57632820e-01
8.89515219e-04 -2.01973763e-03 -1.43002425e-03 2.49427141e-03 9.56540156e-04 3.09044665e-03 -2.65051073e-03 1.11025054e-03 2.85743254e-03 8.49138548e-01 2.43533652e+00 -2.19811713e-03 2.60820944e-01
1.06064096e-03 -2.26482418e-03 -1.60275539e-03 2.75162029e-03 1.14818382e-03 3.30642956e-03 -2.91910223e-03 1.11173004e-03 3.12733339e-03 8.34691537e-01 2.62735935e+00 2.28407682e-03 2.62887390e-01
1.23528831e-03 -2.27244040e-03 -1.34275977e-03 2.54804754e-03 9.40758996e-04 3.33078318e-03 -2.68640329e-03 7.72646881e-04 2.88467390e-03 8.16561847e-01 2.56410796e+00 1.11666781e-02 2.70489558e-01
8.10115880e-04 -1.96703172e-03 -1.60271780e-03 2.69549045e-03 1.16482696e-03 3.07066066e-03 -2.86488054e-03 1.36795652e-03 3.05553741e-03 8.64644481e-01 2.49162787e+00 -1.03650566e-02 2.52462266e-01
8.03061681e-04 -7.55473268e-04 -1.08265220e-03 2.47105968e-03 1.51337819e-03 3.67474835e-03 -2.66885702e-03 2.08325461e-03 3.01364892e-03 8.79715883e-01 2.57232105e+00 3.15677861e-03 2.55800918e-01
1.47183153e-03 -2.38964329e-03 -1.58964447e-03 2.84737087e-03 1.22068882e-03 3.02726733e-03 -2.74632762e-03 -5.81191867e-05 2.78609696e-03 8.03259394e-01 2.47045051e+00 -3.05495438e-03 2.66900061e-01
6.03069143e-04 -1.06993559e-03 -1.50145637e-03 2.84596970e-03 1.27352852e-03 3.69306158e-03 -3.17883038e-03 2.33807868e-03 3.53347511e-03 8.60032514e-01 2.78598974e+00 1.46571540e-03 2.53247006e-01
1.20854127e-03 -2.08881356e-03 -1.40037515e-03 2.50466643e-03 1.18853057e-03 3.05729623e-03 -2.34892714e-03 1.40751584e-04 2.44362264e-03 8.23759931e-01 2.28064547e+00 -1.40358636e-03 2.70871714e-01
1.15467430e-03 -2.40963591e-03 -1.60247296e-03 2.82926642e-03 9.83426767e-04 3.18289466e-03 -3.04415231e-03 9.99438760e-04 3.22784823e-03 8.51485405e-01 2.50790869e+00 -4.48578005e-03 2.59099813e-01
8.37646329e-04 -1.91219630e-03 -1.43379308e-03 2.45324599e-03 1.13115592e-03 3.20400670e-03 -2.55055562e-03 1.17328096e-03 2.77751112e-03 8.32071335e-01 2.55403501e+00 4.67203008e-03 2.64801560e-01
1.70784646e-03 -2.79640003e-03 -1.64977709e-03 3.10610370e-03 1.17084461e-03 3.64253459e-03 -3.10561918e-03 1.27312140e-04 3.21195027e-03 8.39477058e-01 2.64516928e+00 2.63783507e-02 2.71270003e-01
4.86926636e-04 -1.15255372e-03 -1.34202262e-03 2.29009075e-03 1.05579854e-03 2.86980891e-03 -2.53464067e-03 1.70976541e-03 2.77988166e-03 8.44116181e-01 2.43540326e+00 -2.27981107e-02 2.50491545e-01
1.81226234e-03 -2.59925714e-03 -1.42114473e-03 2.93870017e-03 8.34918370e-04 3.65359578e-03 -2.88889828e-03 -3.18967661e-04 2.94372603e-03 8.25009666e-01 2.47127725e+00 2.70012956e-02 2.78036132e-01
9.09579577e-04 -6.77524117e-04 -1.00884674e-03 2.42709685e-03 1.66261733e-03 2.87158001e-03 -2.61688432e-03 1.88811147e-03 2.78170733e-03 8.55702248e-01 2.60109643e+00 -2.31906620e-02 2.40613307e-01
3.91827416e-04 -1.01222036e-03 -1.20785318e-03 2.02830225e-03 9.93342298e-04 2.92642410e-03 -2.19635668e-03 1.57812704e-03 2.48658677e-03 8.20623914e-01 2.41171082e+00 -1.38750152e-02 2.61213583e-01
1.80397627e-03 -3.17045844e-03 -2.02222168e-03 3.54176552e-03 1.31620430e-03 3.54796794e-03 -3.61120171e-03 1.74065246e-04 3.70134488e-03 8.65298783e-01 2.66420811e+00 1.50749971e-02 2.62967576e-01
5.62404776e-04 -1.17721009e-03 -1.48233755e-03 2.51312458e-03 1.21737750e-03 2.76947255e-03 -2.83002029e-03 1.85884293e-03 3.02276096e-03 8.74304977e-01 2.60942933e+00 -4.20616438e-03 2.43999398e-01
1.62530664e-03 -2.49046829e-03 -1.34015620e-03 2.70891281e-03 9.02892615e-04 3.54383661e-03 -2.70917527e-03 1.81216554e-05 2.81298404e-03 8.07038234e-01 2.43913503e+00 4.42123906e-03 2.75977705e-01
5.83890530e-04 -8.70862221e-04 -1.10589935e-03 2.19560072e-03 1.21798192e-03 3.34107552e-03 -2.36409249e-03 1.80479339e-03 2.68867498e-03 8.25072074e-01 2.47348213e+00 -1.93621154e-02 2.60135631e-01
1.69608734e-03 -2.80504080e-03 -1.83205858e-03 3.26498137e-03 1.35960468e-03 3.26946111e-03 -3.24477371e-03 5.36062407e-05 3.28782279e-03 8.61476540e-01 2.59918251e+00 2.17904796e-02 2.63048342e-01
2.13266796e-03 -3.03090066e-03 -1.31960111e-03 3.01885514e-03 6.79451024e-04 4.18023674e-03 -3.22023899e-03 3.76199640e-06 3.35779826e-03 8.30828608e-01 2.61955044e+00 2.71265714e-02 2.78874898e-01
7.12869687e-04 -1.20565377e-03 -1.25672918e-03 2.19386814e-03 1.26371383e-03 2.24776609e-03 -2.43943686e-03 1.40859648e-03 2.52867020e-03 8.51079151e-01 2.45505051e+00 -2.33138105e-02 2.40226591e-01
1.44383901e-03 -2.34964349e-03 -1.38854285e-03 2.66669920e-03 1.09335400e-03 3.03402634e-03 -2.65821467e-03 2.22575172e-04 2.76190924e-03 8.11148697e-01 2.41273251e+00 -3.92872983e-03 2.68827657e-01
5.16830899e-04 -1.32951591e-03 -1.55213136e-03 2.72820360e-03 1.28391426e-03 3.56487831e-03 -2.91368343e-03 2.03889320e-03 3.22929321e-03 8.72567515e-01 2.66306938e+00 4.05788682e-03 2.55146142e-01
9.34694299e-04 -2.13261964e-03 -1.70417141e-03 2.98833372e-03 1.23172270e-03 3.79589208e-03 -3.21834966e-03 1.67989462e-03 3.50799163e-03 8.51734447e-01 2.83380641e+00 1.82305157e-02 2.62826766e-01
1.02611931e-03 -2.02515707e-03 -1.31290114e-03 2.33668721e-03 9.63482413e-04 2.76656675e-03 -2.40261255e-03 6.39321217e-04 2.54170890e-03 8.33449200e-01 2.25794652e+00 -1.64646610e-02 2.61654188e-01
8.35142264e-04 -6.49342645e-04 -9.33720226e-04 2.06651381e-03 1.53422541e-03 2.25737019e-03 -2.25895920e-03 1.53236211e-03 2.34778477e-03 8.47458099e-01 2.47996488e+00 -2.80011497e-02 2.37494583e-01
2.36283233e-03 -3.18974890e-03 -1.52060709e-03 3.36996828e-03 5.56379951e-04 4.21300350e-03 -3.47624178e-03 -6.26672094e-04 3.51500808e-03 8.35067577e-01 2.60363385e+00 3.35999125e-02 2.80351970e-01
1.85122439e-03 -2.61788622e-03 -1.09752500e-03 2.59451664e-03 6.43754974e-04 3.98535215e-03 -2.76559762e-03 1.58401299e-04 2.91640478e-03 8.11960725e-01 2.51809266e+00 1.98917191e-02 2.80392998e-01
8.48353301e-04 -1.41692164e-03 -1.37490492e-03 2.44227914e-03 1.36116902e-03 2.35259644e-03 -2.71604427e-03 1.46889723e-03 2.77775489e-03 8.66987937e-01 2.51910916e+00 -1.76479939e-02 2.38277069e-01
1.53030048e-03 -2.49476617e-03 -1.38929373e-03 2.73748875e-03 9.36610180e-04 3.49132282e-03 -2.73056032e-03 1.37195815e-04 2.84924029e-03 8.55691042e-01 2.34869880e+00 1.42260507e-02 2.72984019e-01
7.40004482e-04 -1.28196588e-03 -1.40619861e-03 2.52890320e-03 1.35805830e-03 2.94816059e-03 -2.79791498e-03 1.77481075e-03 3.00615519e-03 8.29536583e-01 2.71094906e+00 -1.31261138e-02 2.51097971e-01
1.23605036e-03 -3.79193141e-04 -7.14662424e-04 2.44287533e-03 1.87896800e-03 3.49859504e-03 -2.66051493e-03 2.08513269e-03 2.96912932e-03 8.86032760e-01 2.62289267e+00 3.06387808e-03 2.49442614e-01
1.35734153e-03 -2.16700554e-03 -1.54510453e-03 2.88229279e-03 1.33100122e-03 3.48294570e-03 -2.55189156e-03 -1.07510671e-04 2.61361025e-03 7.96323415e-01 2.40504977e+00 -2.96072563e-03 2.73903284e-01
1.56005057e-03 -2.74594279e-03 -1.61136532e-03 3.10594423e-03 1.17099389e-03 3.70667861e-03 -3.19612852e-03 6.58058740e-04 3.38157795e-03 8.25909723e-01 2.71910235e+00 1.23513819e-02 2.69130304e-01
5.75257476e-04 -1.46359080e-03 -1.33735549e-03 2.31118744e-03 1.08734361e-03 2.89787467e-03 -2.41591327e-03 1.42021144e-03 2.63673267e-03 8.56385725e-01 2.36307838e+00 -1.14260431e-02 2.55653533e-01
6.43255633e-04 -1.75053670e-03 -1.74452768e-03 2.82574605e-03 1.10230799e-03 3.14001201e-03 -3.18251562e-03 1.85911024e-03 3.41204202e-03 8.86972717e-01 2.58616252e+00 -5.57821987e-03 2.46679760e-01
9.36840273e-04 -2.01378439e-03 -1.76415054e-03 2.97183073e-03 1.43168305e-03 3.35646361e-03 -3.25006740e-03 1.70211595e-03 3.45673550e-03 8.75724153e-01 2.83083245e+00 1.74799272e-02 2.53974807e-01
1.17940993e-03 -2.08730458e-03 -1.17351260e-03 2.29743837e-03 7.89756238e-04 2.99911654e-03 -2.37951382e-03 5.00345086e-04 2.52825936e-03 8.11151597e-01 2.26007939e+00 -1.59214274e-02 2.69213835e-01
1.50336769e-03 -2.10966455e-03 -1.36360318e-03 2.77332474e-03 9.68774169e-04 3.49397287e-03 -2.49896989e-03 -3.85396227e-04 2.52333887e-03 7.82575979e-01 2.32548830e+00 1.26355387e-03 2.79156155e-01
1.51774421e-03 -1.98127816e-04 -5.60392762e-04 2.48732653e-03 2.21976146e-03 3.18115487e-03 -2.70523871e-03 2.05305468e-03 2.90080011e-03 8.96495902e-01 2.72017913e+00 -1.13420886e-03 2.38259585e-01
1.17151638e-03 -7.84197297e-04 -1.19970308e-03 2.87850147e-03 1.97675024e-03 3.57931821e-03 -3.19766375e-03 2.31240088e-03 3.46213964e-03 8.81511963e-01 2.90011542e+00 3.96621025e-03 2.45847694e-01
1.31600098e-03 -2.01363180e-03 -1.22616316e-03 2.38035438e-03 8.39997406e-04 2.97046746e-03 -2.25218799e-03 -1.85112235e-04 2.30452247e-03 8.01582323e-01 2.17402849e+00 -3.83960659e-03 2.75971626e-01
6.31270313e-04 -7.91644515e-04 -1.13433164e-03 2.36936389e-03 1.22757189e-03 2.78885537e-03 -2.61216274e-03 1.88142225e-03 2.81620095e-03 8.55957069e-01 2.48807593e+00 -1.96341266e-02 2.43550334e-01
1.63691486e-03 -2.59644770e-03 -1.58241561e-03 3.02596889e-03 1.23748272e-03 3.96775138e-03 -2.85933305e-03 -1.33482643e-05 2.96944219e-03 8.25231095e-01 2.57176787e+00 2.23321318e-02 2.77046560e-01
9.29320967e-04 -1.55376976e-03 -1.54618116e-03 2.80940758e-03 1.41636971e-03 2.52603794e-03 -3.17315562e-03 1.74277405e-03 3.23257637e-03 8.81065541e-01 2.76388289e+00 2.32639371e-03 2.37742708e-01
1.55193221e-03 -2.21590079e-03 -9.97577768e-04 2.29911186e-03 8.18974110e-04 3.77003952e-03 -2.33157802e-03 2.37949248e-04 2.49220845e-03 8.01525110e-01 2.30828461e+00 -2.24137087e-03 2.82362651e-01
4.71433147e-04 -1.44820245e-03 -1.35526292e-03 2.16762218e-03 8.93033336e-04 3.01964619e-03 -2.33967438e-03 1.42398414e-03 2.61227006e-03 8.18570251e-01 2.42176459e+00 -1.27685323e-02 2.63397686e-01
1.59241920e-03 -2.82825708e-03 -1.76250782e-03 3.22716332e-03 1.28808185e-03 3.39003007e-03 -3.35828046e-03 6.21260308e-04 3.47703571e-03 8.67210671e-01 2.64901148e+00 1.37763033e-02 2.60155409e-01
1.01018982e-03 -2.09845663e-03 -1.66743191e-03 2.77393680e-03 1.48235273e-03 2.98829741e-03 -2.93132827e-03 1.25708113e-03 3.07484181e-03 8.63203648e-01 2.66185857e+00 5.18298445e-04 2.51952575e-01
1.12727911e-03 -2.19810170e-03 -1.27076828e-03 2.42709332e-03 6.57724809e-04 3.34193753e-03 -2.64708156e-03 8.64901182e-04 2.88194996e-03 8.20280172e-01 2.40889352e+00 -4.60294721e-04 2.71601425e-01
1.19145832e-03 -2.20182445e-03 -1.22299182e-03 2.41781001e-03 7.14272828e-04 3.55024020e-03 -2.62517414e-03 8.75474672e-04 2.85907644e-03 8.28103496e-01 2.54997178e+00 2.59020346e-02 2.73862713e-01
9.94239607e-04 -2.16433470e-03 -1.69268522e-03 2.73098384e-03 1.29260469e-03 2.80885697e-03 -2.94560315e-03 1.14633560e-03 3.06992419e-03 8.53342966e-01 2.50162439e+00 -2.23850076e-02 2.48112048e-01
1.76083086e-03 -2.51110284e-03 -1.05692373e-03 2.49182869e-03 6.23091647e-04 3.85496825e-03 -2.65190055e-03 1.76769282e-04 2.80265506e-03 8.07961837e-01 2.42372269e+00 7.96543789e-03 2.80375600e-01
7.85261080e-04 -1.57489963e-03 -1.58249633e-03 2.48215641e-03 1.29520145e-03 2.28120941e-03 -2.85680839e-03 1.48492141e-03 2.93038582e-03 8.72670156e-01 2.60928616e+00 -7.48572321e-03 2.39360332e-01
1.23263515e-03 -2.10964695e-03 -1.24583328e-03 2.45554619e-03 1.05413265e-03 3.02601064e-03 -2.47783031e-03 5.66111912e-04 2.61065463e-03 8.11164937e-01 2.42434295e+00 -5.00982739e-03 2.66752932e-01
7.54209758e-04 -1.86436606e-03 -1.65314015e-03 2.82459418e-03 1.17365590e-03 3.46435649e-03 -3.06266991e-03 1.72476564e-03 3.32268473e-03 8.72808862e-01 2.63072563e+00 5.18946312e-03 2.56181517e-01
