1.71721618e-03 -2.84710661e-03 -1.69974737e-03 3.19955756e-03 1.16868726e-03 3.11906391e-03 -3.30066557e-03 2.44454774e-04 3.37127385e-03 8.33043922e-01 3.93380470e+00 5.25359642e-03 2.61364758e-01
6.14677573e-04 -1.22461352e-03 -1.40057718e-03 2.45943522e-03 1.19674210e-03 3.15671024e-03 -2.73665899e-03 1.84037297e-03 3.02447543e-03 8.46180550e-01 3.93228663e+00 -5.04966968e-03 2.55455402e-01
1.84607537e-03 -2.82584556e-03 -1.41541176e-03 2.97720888e-03 6.61256273e-04 3.39184637e-03 -3.11289224e-03 -6.93276550e-05 3.20649797e-03 8.27808134e-01 3.65268225e+00 9.26549402e-03 2.72570317e-01
9.67183395e-04 -1.13166111e-03 -1.32016129e-03 2.58824100e-03 1.63987787e-03 2.69351946e-03 -2.90366708e-03 1.80635653e-03 3.01948613e-03 8.50746840e-01 4.23447527e+00 -8.72650161e-03 2.42563813e-01
1.08390497e-03 -2.19954915e-03 -1.51104864e-03 2.71404458e-03 1.06398030e-03 2.94211072e-03 -2.89410820e-03 1.03493511e-03 3.05736029e-03 8.41351756e-01 3.82007111e+00 -1.25063825e-03 2.57675549e-01
8.80041830e-04 -2.21730102e-03 -1.74023296e-03 2.87187274e-03 1.04473045e-03 3.31624216e-03 -3.14295470e-03 1.45553900e-03 3.39129990e-03 8.38180458e-01 4.05993016e+00 1.30104786e-03 2.59168320e-01
1.34817194e-03 -2.46797152e-03 -1.70148592e-03 2.76861704e-03 1.27430728e-03 2.43299992e-03 -2.93325742e-03 4.26621303e-04 2.97345576e-03 8.48586820e-01 3.73211894e+00 -7.12623457e-03 2.51216627e-01
5.27319110e-04 -1.62998549e-03 -1.64793511e-03 2.74309782e-03 8.41753751e-04 3.98821914e-03 -3.11431973e-03 2.07728287e-03 3.53446258e-03 8.30312802e-01 4.13191000e+00 7.49582101e-03 2.66009672e-01
6.27950881e-04 -1.76993909e-03 -1.73147517e-03 2.73178170e-03 1.04437676e-03 2.84735456e-03 -3.08924511e-03 1.71426048e-03 3.29477590e-03 8.56589605e-01 3.96639528e+00 -1.36375311e-02 2.46731096e-01
1.43479827e-03 -2.56998748e-03 -1.50578758e-03 2.85884982e-03 1.00957105e-03 3.36436682e-03 -2.97431338e-03 5.83560357e-04 3.14328508e-03 8.20495190e-01 3.90958624e+00 1.49371861e-02 2.69122476e-01
9.20493345e-04 -2.05296819e-03 -1.61146441e-03 2.62866904e-03 1.17155662e-03 2.73206736e-03 -2.85792041e-03 1.18712306e-03 3.01261102e-03 8.38506983e-01 3.95190705e+00 1.05829689e-03 2.54796838e-01
1.07880841e-03 -2.46104541e-03 -1.66537007e-03 2.92916590e-03 8.55479110e-04 3.46892173e-03 -3.20179035e-03 1.22572142e-03 3.44885303e-03 8.41030428e-01 3.92342550e+00 -1.01148207e-03 2.62071733e-01
5.35356480e-04 -1.47036205e-03 -1.54488617e-03 2.51600919e-03 1.01290078e-03 2.97123598e-03 -2.82132597e-03 1.75100031e-03 3.08071563e-03 8.59188858e-01 3.77304318e+00 -1.58134999e-02 2.50683530e-01
1.59744151e-03 -2.84333368e-03 -1.73980673e-03 3.14037152e-03 1.13961521e-03 3.25784579e-03 -3.25586028e-03 3.74707142e-04 3.37131702e-03 8.16994488e-01 4.10095425e+00 1.75716209e-02 2.66012592e-01
1.17003030e-03 -2.43665953e-03 -1.45410764e-03 2.75322131e-03 6.27774583e-04 3.76870303e-03 -3.05580968e-03 1.14045637e-03 3.34379281e-03 8.25337895e-01 3.89703887e+00 1.12574385e-02 2.71084021e-01
1.11294212e-03 -2.08225326e-03 -1.61938331e-03 2.67662413e-03 1.37081386e-03 2.45016304e-03 -2.97336077e-03 1.13450020e-03 3.03818490e-03 8.52785828e-01 3.97209890e+00 -1.04872413e-02 2.44794513e-01
1.88419131e-03 -2.73842541e-03 -1.41560438e-03 2.94020097e-03 4.29671364e-04 3.10744751e-03 -3.04629274e-03 -5.34603411e-04 3.06586576e-03 8.12228742e-01 3.58269616e+00 2.10144357e-02 2.75176281e-01
1.36196998e-03 -7.89489880e-04 -1.04715520e-03 2.56618371e-03 2.08243575e-03 2.87235018e-03 -2.91082502e-03 1.89525871e-03 3.03519400e-03 8.62569007e-01 4.28048996e+00 -1.85627372e-02 2.38647456e-01
1.66861025e-03 -2.57295452e-03 -1.20186048e-03 2.61191099e-03 5.49237026e-04 3.34426321e-03 -2.79558837e-03 1.38599980e-04 2.93170882e-03 8.11990956e-01 3.64532451e+00 2.12517772e-02 2.76416633e-01
8.03874675e-04 -1.60677693e-03 -1.77391223e-03 2.83319947e-03 1.42450511e-03 2.61387500e-03 -3.27487616e-03 1.83514778e-03 3.37899831e-03 8.62720454e-01 4.22358501e+00 -1.87478940e-02 2.37182038e-01
7.19295965e-04 -1.94766491e-03 -1.66184098e-03 2.68432180e-03 8.94040821e-04 2.71918211e-03 -3.02765770e-03 1.48456957e-03 3.21075684e-03 8.42003129e-01 3.99346425e+00 -1.72686805e-03 2.50659935e-01
1.26826623e-03 -2.49372394e-03 -1.60834344e-03 2.88963596e-03 1.17169136e-03 3.51809355e-03 -3.02476901e-03 9.44410206e-04 3.24299698e-03 8.37510627e-01 3.89343210e+00 1.78625603e-03 2.65668154e-01
1.25161378e-03 -2.47873684e-03 -1.81451904e-03 2.94898335e-03 1.41861589e-03 2.79099307e-03 -3.17731374e-03 9.51761388e-04 3.27509960e-03 8.59821238e-01 3.89796325e+00 -1.64040299e-02 2.47947942e-01
8.63255028e-04 -2.07157433e-03 -1.42710650e-03 2.56460582e-03 6.07836334e-04 3.47220815e-03 -2.87675251e-03 1.36049360e-03 3.17343177e-03 8.16085169e-01 3.95129438e+00 1.82988614e-02 2.69160623e-01
7.85252662e-04 -1.93634892e-03 -1.71543161e-03 2.94169935e-03 1.10854029e-03 3.11007298e-03 -3.24917201e-03 1.73102402e-03 3.45585520e-03 8.49381775e-01 4.10067528e+00 -7.69778805e-03 2.49639350e-01
1.23564178e-03 -2.33111663e-03 -1.44796342e-03 2.65484779e-03 1.04499684e-03 3.15100511e-03 -2.77556353e-03 7.48753450e-04 2.95497266e-03 8.29414191e-01 3.77733317e+00 8.12480837e-03 2.66532807e-01
7.12216655e-04 -1.00853449e-03 -1.28336763e-03 2.39022931e-03 1.26969450e-03 2.26506998e-03 -2.72603311e-03 1.71127654e-03 2.81146123e-03 8.55455361e-01 3.99681623e+00 -1.26249546e-02 2.36803013e-01
2.04000108e-03 -3.03108538e-03 -1.48954245e-03 3.20698510e-03 9.03948343e-04 4.06064398e-03 -3.29395671e-03 1.58987759e-05 3.43077317e-03 8.21985564e-01 3.87656832e+00 1.37370456e-02 2.76512526e-01
1.45291197e-03 -3.98685136e-04 -6.83257082e-04 2.33862234e-03 2.13000013e-03 2.69235058e-03 -2.59991355e-03 1.79365296e-03 2.70449942e-03 8.60875500e-01 4.16607000e+00 -1.71152192e-02 2.37051254e-01
1.96829427e-03 -2.88231952e-03 -1.64108342e-03 3.30870529e-03 5.80433092e-04 3.51562316e-03 -3.30172899e-03 -6.46232186e-04 3.31406246e-03 8.14666354e-01 3.69047770e+00 1.91844880e-02 2.76227997e-01
1.23787891e-03 -2.43285556e-03 -1.74000585e-03 2.81785462e-03 1.27566553e-03 2.54923352e-03 -3.05652119e-03 7.90873664e-04 3.12947922e-03 8.50832240e-01 3.87494380e+00 -8.93144815e-03 2.49099923e-01
6.83042637e-04 -2.02436023e-03 -1.63332313e-03 2.67355109e-03 6.94310429e-04 3.69811891e-03 -3.01916877e-03 1.64214687e-03 3.37317063e-03 8.27691918e-01 3.99416344e+00 9.49557824e-03 2.67629438e-01
1.67732391e-03 -2.77964829e-03 -1.72066780e-03 3.14096896e-03 1.23226698e-03 3.19133978e-03 -3.16568775e-03 1.07374211e-04 3.23987996e-03 8.36657526e-01 3.79338980e+00 2.39370854e-03 2.63923389e-01
6.30022529e-04 -9.63731679e-04 -1.31376484e-03 2.56505040e-03 1.28401578e-03 3.23935930e-03 -2.83395727e-03 2.05255075e-03 3.12457253e-03 8.42813533e-01 4.08435339e+00 -2.32016188e-03 2.52870760e-01
1.60247822e-03 -2.75160194e-03 -1.85167843e-03 3.09079584e-03 1.34603420e-03 2.71063305e-03 -3.18983336e-03 1.18557111e-04 3.21126294e-03 8.38236010e-01 3.87159140e+00 1.16937982e-03 2.56126272e-01
6.69414371e-04 -1.01282904e-03 -1.27987897e-03 2.51269508e-03 1.21687030e-03 3.74473660e-03 -2.80946809e-03 2.09793489e-03 3.20265617e-03 8.41291895e-01 4.00131936e+00 -1.12161657e-03 2.61180201e-01
1.65792470e-03 -2.61746671e-03 -1.38569652e-03 2.83483775e-03 8.61540816e-04 3.39580313e-03 -2.89923320e-03 1.31983710e-04 3.02222188e-03 8.31335645e-01 3.59552798e+00 6.54989908e-03 2.72554350e-01
8.55735924e-04 -1.27299525e-03 -1.47028897e-03 2.74105017e-03 1.44443647e-03 2.76937528e-03 -3.11111379e-03 1.92378351e-03 3.24615144e-03 8.47705318e-01 4.31179480e+00 -6.25725352e-03 2.42496588e-01
9.96930574e-04 -2.22475812e-03 -1.81329463e-03 2.93254847e-03 1.41010664e-03 3.13542511e-03 -3.16432467e-03 1.38908788e-03 3.34740789e-03 8.62590266e-01 3.92881625e+00 -1.87196850e-02 2.50146994e-01
1.13766053e-03 -2.36703354e-03 -1.42160222e-03 2.62984997e-03 6.09869846e-04 3.06398647e-03 -2.89615303e-03 8.62729635e-04 3.09429744e-03 8.12137158e-01 3.91864217e+00 2.12144290e-02 2.67206649e-01
1.12545968e-03 -2.24560337e-03 -1.55202465e-03 2.80421094e-03 1.17685887e-03 3.14176587e-03 -2.96622894e-03 1.10420012e-03 3.14692819e-03 8.51518895e-01 3.78456547e+00 -9.50528254e-03 2.56911817e-01
9.52962844e-04 -2.17143044e-03 -1.60598005e-03 2.81396493e-03 1.01250711e-03 3.16928790e-03 -3.04734356e-03 1.32681095e-03 3.26062566e-03 8.26863447e-01 4.09513527e+00 1.01407635e-02 2.60362741e-01
1.41744461e-03 -2.51983464e-03 -1.58532887e-03 2.91869990e-03 1.18137182e-03 2.92033694e-03 -3.05529431e-03 6.28246648e-04 3.15672994e-03 8.37912718e-01 3.87521320e+00 1.45835986e-03 2.58110102e-01
6.03578311e-04 -1.73483909e-03 -1.65401576e-03 2.68619754e-03 1.00895456e-03 3.36187077e-03 -2.98707508e-03 1.78230433e-03 3.29253267e-03 8.41612350e-01 4.00391490e+00 -1.40547726e-03 2.58797905e-01
1.37122509e-03 -2.68980857e-03 -1.81171174e-03 3.11729472e-03 1.24827454e-03 3.09753338e-03 -3.32551137e-03 8.53782610e-04 3.45392286e-03 8.46879377e-01 3.99240854e+00 -5.72593544e-03 2.54993293e-01
6.39509341e-04 -1.72207036e-03 -1.48021585e-03 2.49677531e-03 8.86626137e-04 3.14490802e-03 -2.73889194e-03 1.52354493e-03 3.00946340e-03 8.32255002e-01 3.87286778e+00 5.97727193e-03 2.62044396e-01
1.54711176e-03 -2.67219248e-03 -1.55124353e-03 2.93620050e-03 1.02532944e-03 3.13373016e-03 -3.07474570e-03 4.28421864e-04 3.19504238e-03 8.34857442e-01 3.80384674e+00 3.84007867e-03 2.63722517e-01
6.13521394e-04 -1.55223235e-03 -1.62395253e-03 2.66773703e-03 1.15737659e-03 3.07897558e-03 -2.97819222e-03 1.82508659e-03 3.23038351e-03 8.44516338e-01 4.07666764e+00 -3.71200238e-03 2.52887602e-01
1.53738063e-03 -2.52129357e-03 -1.31789103e-03 2.72220657e-03 8.89834536e-04 3.49145759e-03 -2.84005962e-03 4.73529550e-04 3.01628420e-03 8.20705964e-01 3.76011957e+00 1.47577261e-02 2.73197026e-01
8.20165563e-04 -1.71988881e-03 -1.66309954e-03 2.79451112e-03 1.23007782e-03 2.68416458e-03 -3.18807853e-03 1.72232949e-03 3.31796101e-03 8.56434265e-01 4.12231425e+00 -1.34868540e-02 2.41452397e-01
1.54034503e-03 -2.53263963e-03 -1.47951998e-03 2.84677311e-03 1.05756067e-03 2.97643509e-03 -2.90985624e-03 2.51494925e-04 2.99748218e-03 8.18828801e-01 3.83591737e+00 1.61806482e-02 2.66385023e-01
6.86765500e-04 -1.41294679e-03 -1.56202030e-03 2.81054598e-03 1.30841865e-03 3.37991113e-03 -3.09447527e-03 2.02946517e-03 3.37104161e-03 8.57845990e-01 4.03481611e+00 -1.46725285e-02 2.50065041e-01
8.26810067e-04 -2.30592934e-03 -1.71682011e-03 2.87455042e-03 6.44003680e-04 3.36896177e-03 -3.24204538e-03 1.48276833e-03 3.51784569e-03 8.36288211e-01 4.00070539e+00 2.77312690e-03 2.60447649e-01
1.07758155e-03 -2.13043026e-03 -1.57661497e-03 2.67945635e-03 1.35738030e-03 2.87076524e-03 -2.81217758e-03 1.02429803e-03 2.95522359e-03 8.43174143e-01 3.86805582e+00 -2.68665542e-03 2.56510985e-01
1.18765457e-03 -5.29481075e-04 -8.73711745e-04 2.56854342e-03 1.90623836e-03 3.51344156e-03 -2.79122814e-03 2.12970347e-03 3.08427198e-03 8.53463806e-01 4.14763277e+00 -1.09715086e-02 2.49280122e-01
1.57222368e-03 -2.68164328e-03 -1.78831027e-03 3.11964255e-03 1.06078595e-03 3.01701264e-03 -3.08011195e-03 -1.91338156e-04 3.12195807e-03 8.24506259e-01 3.72759532e+00 1.18123839e-02 2.66897071e-01
1.58682455e-03 -2.63230679e-03 -1.83168421e-03 3.26616888e-03 1.16102517e-03 3.29878581e-03 -3.09686674e-03 -2.79674439e-04 3.13746235e-03 8.13807795e-01 3.80438916e+00 1.98735708e-02 2.70865411e-01
1.41752045e-03 -2.55786908e-04 -5.78877555e-04 2.50176468e-03 2.10594331e-03 3.42766995e-03 -2.67754462e-03 2.09737516e-03 2.93756241e-03 8.61474776e-01 4.06810390e+00 -1.76630300e-02 2.44340496e-01
7.51398031e-04 -1.85292532e-03 -1.47658019e-03 2.49317509e-03 9.32923113e-04 3.18031061e-03 -2.72723986e-03 1.39718536e-03 2.99046769e-03 8.30080364e-01 3.87527086e+00 7.66396751e-03 2.63986151e-01
1.29662991e-03 -2.66486615e-03 -1.81838637e-03 3.08087333e-03 1.14791944e-03 2.99483116e-03 -3.34492835e-03 9.42720297e-04 3.47716828e-03 8.48793258e-01 3.98891845e+00 -7.27939799e-03 2.52886273e-01
1.62867119e-03 -2.66558857e-03 -1.62098005e-03 3.06567438e-03 1.35008372e-03 3.51709236e-03 -3.01802464e-03 2.67921898e-04 3.14096337e-03 8.21172926e-01 3.92369741e+00 1.44040447e-02 2.70356518e-01
5.28060166e-04 -1.20866652e-03 -1.48172356e-03 2.62905889e-03 9.86408741e-04 2.91752555e-03 -3.00486631e-03 2.00188075e-03 3.24353783e-03 8.56077182e-01 3.96552222e+00 -1.31891759e-02 2.44893263e-01
5.79675823e-04 -1.74997050e-03 -1.70145375e-03 2.70550776e-03 9.78783141e-04 3.05068258e-03 -3.03482473e-03 1.74186663e-03 3.28662625e-03 8.35576405e-01 4.12038905e+00 3.39855027e-03 2.55264885e-01
1.45523888e-03 -2.57219717e-03 -1.55459914e-03 2.90279318e-03 1.14856775e-03 3.18643203e-03 -3.02724586e-03 6.12836582e-04 3.16697444e-03 8.43832459e-01 3.76405033e+00 -3.28998841e-03 2.61780555e-01
7.02417166e-04 -1.64978081e-03 -1.63310164e-03 2.71009820e-03 1.24800059e-03 3.23037194e-03 -2.99919125e-03 1.78948859e-03 3.26058937e-03 8.45243640e-01 4.08145354e+00 -4.30441441e-03 2.54821704e-01
1.44139866e-03 -2.63327316e-03 -1.56520351e-03 2.87269156e-03 9.12418183e-04 2.95240117e-03 -3.05638425e-03 4.80030160e-04 3.17528776e-03 8.34071753e-01 3.79709137e+00 4.46327759e-03 2.61917389e-01
1.03856663e-03 -2.17647557e-03 -1.63407043e-03 2.67396935e-03 1.13366185e-03 2.45707020e-03 -2.96625873e-03 1.06377710e-03 3.06109369e-03 8.44757358e-01 3.94049604e+00 -3.95392634e-03 2.48456918e-01
1.05797778e-03 -2.29685101e-03 -1.55097175e-03 2.83406596e-03 9.40714566e-04 3.81293493e-03 -3.06312066e-03 1.35061939e-03 3.36198162e-03 8.34599289e-01 3.94106834e+00 4.09441412e-03 2.67777552e-01
1.11310247e-03 -2.19997884e-03 -1.53691234e-03 2.69749444e-03 1.23241443e-03 3.04531674e-03 -2.85100309e-03 1.03606254e-03 3.02548475e-03 8.50364690e-01 3.75445604e+00 -8.54843635e-03 2.57638337e-01
9.50359823e-04 -2.27436776e-03 -1.65785282e-03 2.86692389e-03 8.59638753e-04 3.20690922e-03 -3.18280772e-03 1.38017081e-03 3.40950857e-03 8.28247868e-01 4.12066647e+00 9.06748560e-03 2.59588387e-01
5.38947394e-04 -1.38773147e-03 -1.72597555e-03 2.84313278e-03 1.12371761e-03 2.92415892e-03 -3.26608403e-03 2.09138388e-03 3.48108855e-03 8.61933932e-01 4.11277482e+00 -1.81014786e-02 2.40796916e-01
1.57264261e-03 -2.50538655e-03 -1.40655022e-03 2.78534689e-03 1.02663065e-03 3.31830567e-03 -2.78848384e-03 1.60440725e-04 2.90677375e-03 8.13129008e-01 3.76180840e+00 2.04281283e-02 2.73573986e-01
6.81749897e-04 -1.10135092e-03 -1.37870379e-03 2.66577488e-03 1.26361701e-03 3.05441809e-03 -2.97681553e-03 2.03108075e-03 3.20960194e-03 8.48778643e-01 4.11646573e+00 -7.15163506e-03 2.47263627e-01
1.62680450e-03 -2.65212063e-03 -1.56970052e-03 3.01850735e-03 1.18261232e-03 3.36171024e-03 -3.00938192e-03 2.03951135e-04 3.11817105e-03 8.30114684e-01 3.77171601e+00 7.52419530e-03 2.68517936e-01
1.07552023e-03 -2.10718829e-03 -1.57890962e-03 2.62435762e-03 1.31955529e-03 2.63370783e-03 -2.83347340e-03 1.03586800e-03 2.94617455e-03 8.53900562e-01 3.79953674e+00 -1.14340916e-02 2.50215111e-01
1.07393992e-03 -2.37892541e-03 -1.54069868e-03 2.87349965e-03 7.05419690e-04 3.65979433e-03 -3.18471991e-03 1.33992488e-03 3.46741293e-03 8.23942495e-01 4.05699366e+00 1.23469150e-02 2.66637570e-01
8.11070968e-04 -2.07436157e-03 -1.78808054e-03 2.90259834e-03 1.18064947e-03 3.28367041e-03 -3.19136585e-03 1.63569498e-03 3.43607087e-03 8.59548421e-01 3.94382164e+00 -1.61456461e-02 2.52030674e-01
1.29883553e-03 -2.35460185e-03 -1.41423964e-03 2.71070691e-03 9.66679793e-04 2.96973365e-03 -2.85064718e-03 6.85558695e-04 2.99199411e-03 8.16482161e-01 3.91977762e+00 1.79801408e-02 2.65117315e-01
1.51697892e-03 -2.53734527e-03 -1.90519112e-03 3.36714214e-03 1.59276298e-03 3.69422941e-03 -3.01682674e-03 -1.17096388e-04 3.09079882e-03 8.26128850e-01 3.75298500e+00 1.05545961e-02 2.71504963e-01
1.51579400e-03 4.69499083e-05 -3.26986101e-04 2.44109940e-03 2.05398273e-03 3.39100738e-03 -2.63484495e-03 2.15647523e-03 2.91314131e-03 8.52143565e-01 4.14305362e+00 -9.87129086e-03 2.43583197e-01
1.66482889e-03 -2.65439592e-03 -1.78506104e-03 3.30903213e-03 1.42262805e-03 3.66055954e-03 -3.07906200e-03 -1.14293054e-04 3.15403989e-03 8.25125093e-01 3.78575432e+00 1.13342726e-02 2.71806715e-01
1.01082384e-03 -3.33114734e-04 -8.31903571e-04 2.49028930e-03 1.63765307e-03 3.10905326e-03 -2.75520749e-03 2.14491905e-03 3.01048281e-03 8.52964004e-01 4.10718573e+00 -1.05551463e-02 2.43048947e-01
1.58139358e-03 -2.73012036e-03 -1.87784265e-03 3.15786983e-03 1.33668200e-03 2.76302407e-03 -3.20767224e-03 7.50210245e-05 3.22607812e-03 8.37759502e-01 3.85153065e+00 1.53524452e-03 2.56810003e-01
7.29476403e-04 -9.09761284e-04 -1.21743923e-03 2.48174784e-03 1.32567447e-03 3.72718936e-03 -2.77044044e-03 2.10365081e-03 3.16499426e-03 8.41754125e-01 4.01924220e+00 -1.48174899e-03 2.60520541e-01
1.59051363e-03 -2.63311390e-03 -1.61933176e-03 2.97751359e-03 1.17675307e-03 3.16601601e-03 -2.97666455e-03 1.07034858e-04 3.06263951e-03 8.22778318e-01 3.81247061e+00 1.31703754e-02 2.68084403e-01
6.72767630e-04 -1.00180310e-03 -1.35756985e-03 2.72054089e-03 1.33174363e-03 3.29044377e-03 -3.00207151e-03 2.15403102e-03 3.27592561e-03 8.54834295e-01 4.06883770e+00 -1.21414860e-02 2.47783608e-01
7.72603926e-04 -1.07367025e-03 -1.35666116e-03 2.65948224e-03 1.45852414e-03 2.94820524e-03 -2.94051981e-03 1.97645729e-03 3.13114850e-03 8.60022819e-01 4.04953190e+00 -1.64667778e-02 2.42796712e-01
1.74186749e-03 -2.72074424e-03 -1.48306698e-03 3.00667390e-03 9.30282913e-04 3.38421982e-03 -3.04617515e-03 3.30901529e-05 3.14207864e-03 8.15855244e-01 3.82204151e+00 1.83782059e-02 2.72098839e-01
1.73640288e-03 -2.62173870e-03 -1.36482786e-03 2.85131025e-03 8.14417941e-04 3.35115760e-03 -2.89512479e-03 -5.42981310e-05 2.98962775e-03 8.24275942e-01 3.60016917e+00 1.19861304e-02 2.73968541e-01
9.40243063e-04 -1.08669966e-03 -1.37050461e-03 2.71367685e-03 1.57205556e-03 2.81122580e-03 -3.09314106e-03 1.98473069e-03 3.23269358e-03 8.53648551e-01 4.29768572e+00 -1.11223244e-02 2.40371281e-01
1.67692541e-03 -2.92836703e-03 -1.79866012e-03 3.22763046e-03 1.15763581e-03 3.26111141e-03 -3.32676547e-03 2.31842046e-04 3.42316729e-03 8.19004987e-01 4.08408808e+00 1.60466447e-02 2.65707338e-01
4.97344308e-04 -1.24786400e-03 -1.47071196e-03 2.45474607e-03 1.06208822e-03 2.98585754e-03 -2.75064418e-03 1.82841033e-03 3.02196511e-03 8.57715208e-01 3.78594678e+00 -1.45616726e-02 2.50866264e-01
1.46075248e-03 -2.57749321e-03 -1.43543903e-03 2.81350385e-03 9.01583819e-04 3.39709868e-03 -2.97699259e-03 6.21066142e-04 3.15838580e-03 8.38594291e-01 3.70549633e+00 8.84324749e-04 2.67475976e-01
7.61806865e-04 -1.81749713e-03 -1.70641297e-03 2.73420992e-03 1.20348222e-03 2.73220800e-03 -3.07608584e-03 1.61442157e-03 3.23720746e-03 8.40940130e-01 4.19106833e+00 -8.40122812e-04 2.48899096e-01
1.62768945e-03 -2.64482246e-03 -1.70555247e-03 3.11217334e-03 1.26640979e-03 3.19927756e-03 -3.03699902e-03 -3.36331837e-05 3.09737100e-03 8.23619413e-01 3.80611961e+00 1.25121118e-02 2.67676789e-01
8.47659608e-04 -6.62194337e-04 -1.09296655e-03 2.62801924e-03 1.55053436e-03 3.40081852e-03 -2.87001733e-03 2.19525408e-03 3.16466674e-03 8.54172112e-01 4.07505563e+00 -1.15765410e-02 2.48303605e-01
1.81647076e-03 -2.65314377e-03 -1.38878744e-03 2.89287636e-03 7.08703570e-04 3.44004542e-03 -2.91425494e-03 -3.06096203e-04 2.98266604e-03 8.12067875e-01 3.62723791e+00 2.11549209e-02 2.77625793e-01
9.53219257e-04 -8.32589170e-04 -1.29865465e-03 2.66828424e-03 1.64307944e-03 2.69471458e-03 -3.07428771e-03 2.04714393e-03 3.19849095e-03 8.62676500e-01 4.25845017e+00 -1.86723959e-02 2.34776550e-01
7.99821670e-04 -1.14179078e-03 -1.32384145e-03 2.45810476e-03 1.44349656e-03 2.76287275e-03 -2.74240088e-03 1.74985505e-03 2.91841726e-03 8.59333581e-01 3.93797464e+00 -1.58816079e-02 2.44784911e-01
1.89506893e-03 -2.93903270e-03 -1.51995897e-03 3.15760092e-03 8.01004849e-04 3.43084367e-03 -3.28327747e-03 1.45116112e-06 3.37341101e-03 8.16813772e-01 3.91174666e+00 1.76555159e-02 2.70663414e-01
1.08368414e-03 -2.22668020e-03 -1.47278630e-03 2.71072706e-03 1.00254732e-03 3.53332105e-03 -2.89185105e-03 1.17518121e-03 3.14813690e-03 8.19490144e-01 4.00796627e+00 1.57419298e-02 2.68940587e-01
1.11015376e-03 -2.32200593e-03 -1.67873446e-03 2.83717620e-03 1.10327157e-03 2.72121241e-03 -3.14073502e-03 1.12795737e-03 3.26325291e-03 8.57328761e-01 3.86201530e+00 -1.43099371e-02 2.47469377e-01
1.66258014e-03 -2.94443221e-03 -2.01422815e-03 3.38519410e-03 1.50075769e-03 3.31195789e-03 -3.37616844e-03 1.51939758e-04 3.45034018e-03 8.38629942e-01 3.95652982e+00 8.42176545e-04 2.61606946e-01
4.96460842e-04 -8.36326796e-04 -1.23547519e-03 2.35931588e-03 1.03622235e-03 3.17368576e-03 -2.65959331e-03 2.00055360e-03 2.98900568e-03 8.40901821e-01 3.90866627e+00 -7.98735494e-04 2.55589609e-01
1.56282419e-03 -2.54547732e-03 -1.33296414e-03 2.68058237e-03 7.03735099e-04 3.07346254e-03 -2.81292423e-03 1.45681585e-04 2.92715587e-03 8.16227266e-01 3.66953102e+00 1.81080320e-02 2.71805053e-01
7.48752648e-04 -1.47387270e-03 -1.69696545e-03 2.87968013e-03 1.46276036e-03 3.04120417e-03 -3.22952311e-03 1.99461639e-03 3.42079845e-03 8.59754223e-01 4.19764603e+00 -1.62485377e-02 2.43351697e-01
1.39929906e-03 -2.44062164e-03 -1.76336217e-03 2.97923880e-03 1.54925677e-03 2.53740674e-03 -3.23246856e-03 8.93191621e-04 3.25084571e-03 8.55741567e-01 4.03148724e+00 -1.29715911e-02 2.43340263e-01
7.53050313e-04 -2.02634671e-03 -1.46227440e-03 2.44820653e-03 4.85392442e-04 3.68280742e-03 -2.82239248e-03 1.43382747e-03 3.17396120e-03 8.21586980e-01 3.83093627e+00 1.41457631e-02 2.72661088e-01
1.64488888e-03 -2.85559804e-03 -1.42726033e-03 2.92093305e-03 4.91229268e-04 3.33282373e-03 -3.22383133e-03 4.25417615e-04 3.38202010e-03 8.25055637e-01 3.82601341e+00 1.14253397e-02 2.68673304e-01
7.97655265e-04 -1.63598530e-03 -1.62379450e-03 2.56619025e-03 1.45217528e-03 2.66859848e-03 -2.85012644e-03 1.53404708e-03 2.99563794e-03 8.53020649e-01 4.02837188e+00 -1.06340528e-02 2.47519961e-01
7.03175999e-04 -1.91024132e-03 -1.75380765e-03 2.89758472e-03 1.10771794e-03 3.37427218e-03 -3.19197528e-03 1.79072075e-03 3.46182961e-03 8.57451018e-01 3.96307389e+00 -1.43808500e-02 2.52711777e-01
1.37232427e-03 -2.38808784e-03 -1.44006101e-03 2.73046070e-03 1.08794545e-03 2.92212010e-03 -2.84555646e-03 5.82465791e-04 2.96493632e-03 8.19342682e-01 3.90640667e+00 1.58280303e-02 2.64298300e-01
1.49321602e-03 -2.67002765e-03 -1.34533696e-03 2.82835302e-03 5.30970986e-04 3.87242055e-03 -3.15733555e-03 8.80509925e-04 3.41506952e-03 8.20302813e-01 3.91800207e+00 1.50684894e-02 2.73158239e-01
1.03019055e-03 -1.89205006e-03 -1.57151161e-03 2.54538237e-03 1.40007162e-03 2.31745317e-03 -2.85989676e-03 1.20045094e-03 2.91526438e-03 8.56739421e-01 3.93317980e+00 -1.37474396e-02 2.42295278e-01
1.64509746e-03 -2.80075436e-03 -1.77791109e-03 3.13866702e-03 1.11953041e-03 3.05932484e-03 -3.17623885e-03 -2.27536097e-05 3.23501362e-03 8.19685511e-01 3.91321792e+00 1.55094917e-02 2.66030048e-01
7.57860943e-04 -9.42411129e-04 -1.26031416e-03 2.54342398e-03 1.40954090e-03 3.30775231e-03 -2.82738082e-03 2.03439757e-03 3.12551364e-03 8.57210752e-01 3.95946435e+00 -1.41156633e-02 2.50388815e-01
7.04631220e-04 -1.17988929e-03 -1.41800538e-03 2.56375910e-03 1.38135412e-03 3.16941083e-03 -2.84867722e-03 1.92581112e-03 3.11874416e-03 8.55604442e-01 3.98111509e+00 -1.27771504e-02 2.50601266e-01
1.63363611e-03 -2.83225394e-03 -1.69611695e-03 3.07586472e-03 9.12025025e-04 3.03921572e-03 -3.20064674e-03 7.91772974e-05 3.27796382e-03 8.21790439e-01 3.88548983e+00 1.39167558e-02 2.65792280e-01
9.78030689e-04 -2.16996814e-03 -1.62146998e-03 2.75624980e-03 1.17845261e-03 3.21484612e-03 -2.93223026e-03 1.23113502e-03 3.14677655e-03 8.42519118e-01 3.89361565e+00 -2.16955223e-03 2.59981980e-01
9.70912963e-04 -2.30342225e-03 -1.66318607e-03 2.81956825e-03 8.83543874e-04 3.00375392e-03 -3.11790907e-03 1.24155440e-03 3.31551221e-03 8.36974543e-01 3.98647590e+00 2.23999922e-03 2.56839580e-01
1.57957892e-03 -2.81056105e-03 -2.00986745e-03 3.23826712e-03 1.42556684e-03 2.75956395e-03 -3.30413153e-03 8.26461092e-05 3.31695559e-03 8.41070657e-01 3.89782970e+00 -1.09754948e-03 2.54861339e-01
6.61059555e-04 -8.55538801e-04 -1.19306492e-03 2.39656314e-03 1.21614073e-03 3.73264277e-03 -2.69663836e-03 2.08898305e-03 3.10970092e-03 8.38453886e-01 3.96737081e+00 1.14446342e-03 2.62656331e-01
6.30001609e-04 -1.73909574e-03 -1.51553626e-03 2.50640344e-03 9.08740090e-04 3.17739068e-03 -2.75215255e-03 1.53262127e-03 3.02839533e-03 8.47461970e-01 3.73145043e+00 -6.14971085e-03 2.59810249e-01
1.48091023e-03 -2.63100639e-03 -1.68369002e-03 3.10598210e-03 1.31312937e-03 3.06818535e-03 -3.28484621e-03 8.17622568e-04 3.38953028e-03 8.31612076e-01 4.15040756e+00 6.43469315e-03 2.57199470e-01
6.16346860e-04 -1.76827542e-03 -1.57658111e-03 2.50463634e-03 8.83721792e-04 2.73795560e-03 -2.80074082e-03 1.46023987e-03 3.01078781e-03 8.51013674e-01 3.75712602e+00 -9.04237852e-03 2.51997560e-01
1.43735926e-03 -2.65054796e-03 -1.65559526e-03 3.11541530e-03 1.24174933e-03 3.54510863e-03 -3.24293283e-03 8.93213388e-04 3.42550367e-03 8.27486527e-01 4.11836753e+00 9.62047347e-03 2.64557550e-01
7.17748302e-04 -7.43604034e-04 -1.23119488e-03 2.60455044e-03 1.39524750e-03 3.08643644e-03 -2.91033565e-03 2.14052334e-03 3.16347420e-03 8.62340324e-01 3.99845162e+00 -1.84239179e-02 2.42594517e-01
1.62795707e-03 -2.70547435e-03 -1.73737465e-03 3.15294239e-03 1.17941415e-03 3.41763815e-03 -3.06232089e-03 -8.15191950e-05 3.14442009e-03 8.12547741e-01 3.88153841e+00 2.08380800e-02 2.72200747e-01
4.99959045e-04 -1.13245372e-03 -1.33114026e-03 2.36495163e-03 1.01257318e-03 3.19453061e-03 -2.62633347e-03 1.84450092e-03 2.94157731e-03 8.37000072e-01 3.88075643e+00 2.28841201e-03 2.59547371e-01
1.67042538e-03 -2.98340216e-03 -1.94178554e-03 3.31974150e-03 1.33352460e-03 3.11325842e-03 -3.44358786e-03 2.96113346e-04 3.51457245e-03 8.42479629e-01 3.97477353e+00 -2.21783105e-03 2.57733686e-01
8.77800343e-04 -1.86515484e-03 -1.76424347e-03 2.91433667e-03 1.48185715e-03 3.21988157e-03 -3.21754192e-03 1.77427514e-03 3.42936351e-03 8.58547477e-01 4.12433828e+00 -1.52618720e-02 2.48748359e-01
1.39002450e-03 -2.46953451e-03 -1.33971305e-03 2.62339064e-03 6.49762799e-04 2.91126534e-03 -2.82774018e-03 4.36249693e-04 2.96309663e-03 8.17878734e-01 3.73427228e+00 1.68964844e-02 2.67676400e-01
1.11014045e-03 -2.25162446e-03 -1.37948773e-03 2.56584667e-03 7.65571516e-04 3.29258130e-03 -2.77038760e-03 9.30925007e-04 2.99840664e-03 8.30282096e-01 3.70891873e+00 7.44516526e-03 2.68614400e-01
9.51014175e-04 -2.21355261e-03 -1.85965534e-03 2.94339680e-03 1.26435684e-03 2.81096949e-03 -3.29116051e-03 1.45188366e-03 3.42942108e-03 8.48632455e-01 4.17415945e+00 -7.07896239e-03 2.47420223e-01
1.34408507e-03 -2.49609720e-03 -1.71516942e-03 2.83503959e-03 1.27487641e-03 2.47950270e-03 -3.08859419e-03 6.90783369e-04 3.13870354e-03 8.44085796e-01 3.94820310e+00 -3.44316926e-03 2.49633647e-01
7.06178100e-04 -1.88885020e-03 -1.56474160e-03 2.64883836e-03 8.23596662e-04 3.78135518e-03 -2.96655398e-03 1.70937298e-03 3.32787747e-03 8.35317720e-01 3.93177966e+00 3.55920126e-03 2.66991080e-01
5.44769721e-04 -1.91026788e-03 -1.65541657e-03 2.65007663e-03 5.87404221e-04 3.27187295e-03 -3.02299324e-03 1.66839690e-03 3.33106150e-03 8.28920702e-01 3.99226204e+00 8.55608640e-03 2.61765182e-01
1.34947573e-03 -2.43001984e-03 -1.66473278e-03 2.93926582e-03 1.49607038e-03 3.05365835e-03 -3.03198054e-03 8.27534314e-04 3.14952084e-03 8.49791241e-01 3.87660177e+00 -8.08852672e-03 2.55596399e-01
1.51856061e-03 -2.59527819e-03 -1.43037378e-03 2.79030929e-03 8.57234050e-04 3.30332673e-03 -2.91295298e-03 3.60472740e-04 3.06239635e-03 8.14066212e-01 3.84031753e+00 1.97443515e-02 2.71738279e-01
7.84486765e-04 -1.61258022e-03 -1.60969756e-03 2.79125430e-03 1.28568644e-03 2.91769176e-03 -3.12365054e-03 1.80478161e-03 3.29899541e-03 8.61278526e-01 4.02694793e+00 -1.75604056e-02 2.43569927e-01
5.58948877e-04 -1.33699812e-03 -1.52531671e-03 2.63998118e-03 1.02276593e-03 3.97202256e-03 -2.99981015e-03 2.14786798e-03 3.43405491e-03 8.36723547e-01 4.07980443e+00 2.49208338e-03 2.64549435e-01
1.44428472e-03 -2.54850379e-03 -1.75939990e-03 2.90109878e-03 1.30581262e-03 2.48070875e-03 -3.02700303e-03 2.70573391e-04 3.04522170e-03 8.42748972e-01 3.79124736e+00 -2.41525260e-03 2.52686284e-01
6.11570296e-04 -1.07840006e-03 -1.41456549e-03 2.50273149e-03 1.25662482e-03 2.82467522e-03 -2.82491454e-03 1.90017788e-03 3.04625901e-03 8.47316210e-01 4.07042734e+00 -5.94624182e-03 2.47645837e-01
1.79247290e-03 -2.86557422e-03 -1.62209549e-03 3.17009582e-03 1.06347670e-03 3.44363141e-03 -3.21787508e-03 7.57619854e-05 3.31452590e-03 8.31775260e-01 3.80641404e+00 6.21407229e-03 2.68320957e-01
9.05467176e-04 -2.13385642e-03 -1.56550439e-03 2.76696815e-03 8.63736639e-04 3.26252909e-03 -3.04873519e-03 1.40520385e-03 3.29195612e-03 8.22196971e-01 4.10736576e+00 1.37083927e-02 2.62342403e-01
1.23550679e-03 -2.30434589e-03 -1.56473984e-03 2.83143407e-03 1.31765476e-03 3.07209746e-03 -2.96305015e-03 9.75337078e-04 3.11305158e-03 8.55257397e-01 3.76362282e+00 -1.26013687e-02 2.55234288e-01
1.35498779e-03 -2.53858746e-03 -1.59803856e-03 2.91478882e-03 1.22220704e-03 3.46547613e-03 -3.02214582e-03 8.18119475e-04 3.21630040e-03 8.32828639e-01 3.92895031e+00 5.46767125e-03 2.66111131e-01
6.29464509e-04 -1.79318544e-03 -1.64019224e-03 2.69602354e-03 8.96196809e-04 2.82683326e-03 -3.02090252e-03 1.62578545e-03 3.22342393e-03 8.46376218e-01 3.95685354e+00 -5.24983019e-03 2.50075908e-01
1.60693908e-03 -2.75671442e-03 -1.71175597e-03 3.05506370e-03 9.33492460e-04 2.96736084e-03 -3.12323417e-03 -6.30475469e-05 3.18133313e-03 8.20494344e-01 3.81636387e+00 1.48869279e-02 2.66505592e-01
8.33409432e-04 -9.77841192e-04 -1.29385775e-03 2.59750971e-03 1.54858463e-03 3.32202276e-03 -2.88333933e-03 2.04254701e-03 3.16908892e-03 8.56600339e-01 4.05260681e+00 -1.35954248e-02 2.49762418e-01
1.11227008e-03 -2.34949760e-03 -1.47526052e-03 2.68729780e-03 7.87552726e-04 3.50102799e-03 -2.91797867e-03 1.04715796e-03 3.17261599e-03 8.12583534e-01 3.99820368e+00 2.08940223e-02 2.70821099e-01
1.04456580e-03 -2.27743900e-03 -1.74850754e-03 2.84328444e-03 1.20195143e-03 2.71239394e-03 -3.13833521e-03 1.19482321e-03 3.26178303e-03 8.62279213e-01 3.85894350e+00 -1.84690689e-02 2.45601395e-01
2.03887932e-03 -3.01959519e-03 -1.45747556e-03 3.13512183e-03 6.73015339e-04 3.86764822e-03 -3.26976508e-03 -1.48783132e-04 3.38028735e-03 8.17261028e-01 3.81983406e+00 1.72923413e-02 2.77216724e-01
8.55068106e-04 -1.06089420e-03 -1.29078371e-03 2.38484472e-03 1.39187907e-03 2.26179472e-03 -2.77746426e-03 1.67934737e-03 2.85336732e-03 8.59011813e-01 4.04663503e+00 -1.55860307e-02 2.35799920e-01
9.26748342e-04 -2.12388606e-03 -1.67310016e-03 2.85786473e-03 1.03704919e-03 2.93854585e-03 -3.18296453e-03 1.45597351e-03 3.35937966e-03 8.46697323e-01 4.03334877e+00 -5.52520177e-03 2.50691142e-01
1.17962126e-03 -2.25139197e-03 -1.45108517e-03 2.71659817e-03 1.12744025e-03 3.32967618e-03 -2.83539377e-03 9.86972303e-04 3.04132012e-03 8.32470241e-01 3.84820746e+00 5.76241019e-03 2.65622941e-01
1.14798488e-03 -2.47529727e-03 -1.70204893e-03 2.95003415e-03 1.08935839e-03 3.35940154e-03 -3.17428179e-03 1.14894114e-03 3.39123498e-03 8.33815702e-01 4.05579275e+00 4.71896324e-03 2.61675487e-01
8.26122404e-04 -2.03077244e-03 -1.59029246e-03 2.62008613e-03 9.63926501e-04 2.85398111e-03 -2.88019879e-03 1.28434494e-03 3.07537195e-03 8.45477419e-01 3.82261316e+00 -4.54597272e-03 2.55079957e-01
1.50167402e-03 -2.48439953e-03 -1.53421747e-03 2.87445764e-03 1.27833694e-03 3.14175108e-03 -2.85678867e-03 3.03377133e-04 2.95865402e-03 8.22575390e-01 3.83080935e+00 1.33485735e-02 2.67461669e-01
5.34351980e-04 -1.39410287e-03 -1.62644591e-03 2.78493956e-03 1.02100406e-03 3.23896581e-03 -3.17003349e-03 2.09704807e-03 3.45863516e-03 8.54989345e-01 4.04929725e+00 -1.22936849e-02 2.48585122e-01
8.92207597e-04 -9.76941183e-04 -1.18638425e-03 2.38262852e-03 1.41577469e-03 2.30463509e-03 -2.73312457e-03 1.68878625e-03 2.80381978e-03 8.52188771e-01 4.09272318e+00 -9.90940751e-03 2.37664940e-01
2.03568003e-03 -3.02763469e-03 -1.50044598e-03 3.19445042e-03 8.19866831e-04 3.93310606e-03 -3.28805133e-03 -9.54257333e-05 3.40501311e-03 8.26074007e-01 3.78775189e+00 1.05978867e-02 2.76099329e-01
1.81884478e-03 -2.85717187e-03 -1.52710827e-03 3.07781647e-03 9.56705694e-04 3.74503217e-03 -3.12663597e-03 6.38541340e-05 3.25799770e-03 8.22401622e-01 3.81029416e+00 1.34305457e-02 2.74683365e-01
6.25326711e-04 -1.11662440e-03 -1.45854121e-03 2.53086275e-03 1.20202107e-03 2.49472202e-03 -2.92072443e-03 1.86944078e-03 3.06628290e-03 8.55131102e-01 4.07735824e+00 -1.23639246e-02 2.39239413e-01
1.54416767e-03 -2.52463778e-03 -1.76645988e-03 3.15941918e-03 1.38465417e-03 3.23423293e-03 -2.96978035e-03 -1.03879941e-04 3.01918114e-03 8.26653603e-01 3.72106267e+00 1.01686594e-02 2.67779867e-01
1.22408987e-03 -3.49346441e-04 -7.50045876e-04 2.56455323e-03 1.84952669e-03 3.55918852e-03 -2.81362740e-03 2.21690564e-03 3.12964281e-03 8.51712162e-01 4.16279647e+00 -9.52999824e-03 2.48283439e-01
1.01644400e-03 -2.08426550e-03 -1.78760600e-03 2.92190030e-03 1.47796911e-03 2.93871801e-03 -3.23700398e-03 1.52825683e-03 3.38022608e-03 8.59928129e-01 4.09475460e+00 -1.64348659e-02 2.45592517e-01
1.32071874e-03 -2.40198969e-03 -1.27768873e-03 2.55967811e-03 5.89975616e-04 3.17649268e-03 -2.80392940e-03 6.63239169e-04 2.99308128e-03 8.15968952e-01 3.76054533e+00 1.83383997e-02 2.70492617e-01
9.62744820e-04 -2.35282611e-03 -1.77146214e-03 2.99548787e-03 1.04743374e-03 3.59625658e-03 -3.25846408e-03 1.47076699e-03 3.53241084e-03 8.47289529e-01 3.99090749e+00 -6.03552108e-03 2.59882869e-01
1.03978349e-03 -2.07425273e-03 -1.45827666e-03 2.59982726e-03 1.08439991e-03 2.70064148e-03 -2.77570705e-03 9.99337570e-04 2.90987611e-03 8.31801060e-01 3.88025546e+00 6.31111187e-03 2.57163257e-01
1.28745981e-03 -2.43468457e-03 -1.81420142e-03 2.93264842e-03 1.42750302e-03 2.48020536e-03 -3.22655552e-03 9.31288322e-04 3.25902333e-03 8.60225284e-01 3.96253115e+00 -1.67307883e-02 2.42067133e-01
9.22503497e-04 -2.11386173e-03 -1.38562092e-03 2.48299075e-03 5.49808692e-04 3.74368666e-03 -2.82999773e-03 1.32911020e-03 3.16350619e-03 8.15527603e-01 3.88926961e+00 1.87049180e-02 2.73767682e-01
1.64486750e-03 -2.60490764e-03 -1.30047691e-03 2.77257928e-03 7.34481565e-04 3.24991950e-03 -2.92315567e-03 2.66146560e-04 3.05081934e-03 8.22941760e-01 3.70046701e+00 1.30379957e-02 2.70811158e-01
8.77182020e-04 -1.47581633e-03 -1.54096285e-03 2.78606786e-03 1.53863359e-03 2.92931623e-03 -3.07375092e-03 1.83143229e-03 3.22694344e-03 8.54706769e-01 4.17705293e+00 -1.20282415e-02 2.44643916e-01
1.09448769e-03 -2.43125737e-03 -1.52388114e-03 2.76526987e-03 6.21119232e-04 3.94370581e-03 -3.11244227e-03 1.29799396e-03 3.44156892e-03 8.13136535e-01 4.08512292e+00 2.04810173e-02 2.72912479e-01
1.17781230e-03 -2.10887977e-03 -1.54517701e-03 2.67570560e-03 1.35856468e-03 2.42137129e-03 -2.89427537e-03 9.65351648e-04 2.94480820e-03 8.61901232e-01 3.76198158e+00 -1.81442187e-02 2.43153541e-01
4.87459995e-04 -1.73877671e-03 -1.68784894e-03 2.77870410e-03 7.20090725e-04 3.26271446e-03 -3.14422575e-03 1.89149970e-03 3.44065820e-03 8.38045365e-01 4.05618678e+00 1.42526636e-03 2.56007314e-01
1.35327943e-03 -2.39211683e-03 -1.58289342e-03 2.85613972e-03 1.43491982e-03 3.12186003e-03 -2.89083264e-03 6.93268836e-04 3.02002393e-03 8.41481067e-01 3.82218423e+00 -1.37300916e-03 2.60951429e-01
1.49722871e-03 -2.60289051e-03 -1.43204015e-03 2.81148448e-03 9.11414762e-04 3.55846115e-03 -2.94385048e-03 5.45153701e-04 3.13438961e-03 8.27324427e-01 3.77526844e+00 9.70132773e-03 2.71868581e-01
8.01184685e-04 -1.67444544e-03 -1.60811134e-03 2.71728064e-03 1.19388458e-03 2.62903404e-03 -3.09331229e-03 1.67141901e-03 3.22301432e-03 8.51154993e-01 4.11555146e+00 -9.11441956e-03 2.43182192e-01
9.60790815e-04 -1.14608998e-03 -1.39141077e-03 2.60671219e-03 1.73122022e-03 2.88162409e-03 -2.92807653e-03 1.86572208e-03 3.09525537e-03 8.57649298e-01 4.18874277e+00 -1.44449173e-02 2.43772410e-01
1.84200149e-03 -2.83161951e-03 -1.41727276e-03 2.92507729e-03 5.12030473e-04 3.09585802e-03 -3.10817731e-03 -2.13131449e-04 3.17010359e-03 8.19106261e-01 3.67464643e+00 1.59052244e-02 2.71493907e-01
1.43303081e-03 -2.47525007e-03 -1.85379227e-03 3.15579936e-03 1.37439184e-03 3.14416610e-03 -2.94040780e-03 -1.46583753e-04 2.98477257e-03 8.28143716e-01 3.66579640e+00 9.00909164e-03 2.66999041e-01
1.51727758e-03 -6.55594664e-05 -4.50692206e-04 2.57025997e-03 2.20286760e-03 3.81635921e-03 -2.73107155e-03 2.27205257e-03 3.06982536e-03 8.50464042e-01 4.21588342e+00 -8.49669555e-03 2.49372556e-01
1.24527899e-03 -2.31301481e-03 -1.32958896e-03 2.63268427e-03 7.97996280e-04 3.26383566e-03 -2.82035086e-03 8.42209961e-04 3.02186882e-03 8.33608713e-01 3.69216400e+00 4.83936755e-03 2.67096269e-01
9.76050865e-04 -2.09945712e-03 -1.76974606e-03 2.88679249e-03 1.34477945e-03 2.88241733e-03 -3.20996263e-03 1.48728849e-03 3.35709550e-03 8.45668553e-01 4.19626966e+00 -4.65969491e-03 2.49217877e-01
1.54050972e-03 -2.69102763e-03 -1.60413575e-03 2.98369367e-03 1.13066396e-03 3.25056316e-03 -3.09282174e-03 4.65708083e-04 3.22490165e-03 8.26560268e-01 3.93126310e+00 1.03052215e-02 2.65701769e-01
5.98089871e-04 -1.47062709e-03 -1.54018273e-03 2.66082550e-03 1.10340571e-03 3.05941306e-03 -2.94050901e-03 1.83546155e-03 3.18229093e-03 8.51787862e-01 3.94781896e+00 -9.65006757e-03 2.50625685e-01
7.49808020e-04 -1.91381589e-03 -1.52957964e-03 2.55945532e-03 9.22025501e-04 3.30292280e-03 -2.80779329e-03 1.45009096e-03 3.08973152e-03 8.40521679e-01 3.80925345e+00 -5.64343543e-04 2.62916396e-01
1.32420183e-03 -2.48581343e-03 -1.67406397e-03 3.01946404e-03 1.25441037e-03 2.93366594e-03 -3.22613499e-03 9.62286649e-04 3.33524394e-03 8.39026468e-01 4.07175103e+00 6.06871488e-04 2.53835341e-01
1.82872117e-03 -2.65483205e-03 -1.67670688e-03 3.36830542e-03 9.15346381e-04 3.80303341e-03 -3.14451887e-03 -5.63775720e-04 3.17114913e-03 8.13253125e-01 3.67552109e+00 2.02325596e-02 2.78221480e-01
1.80882284e-03 -1.27637205e-04 -3.27884758e-04 2.30896981e-03 2.30860316e-03 2.75097381e-03 -2.58651885e-03 1.81697574e-03 2.69348312e-03 8.61864396e-01 4.20858547e+00 -1.79481064e-02 2.33692245e-01
1.90789998e-03 -2.93557311e-03 -1.33644222e-03 3.01048502e-03 6.86062774e-04 3.98048029e-03 -3.23880547e-03 3.65491291e-04 3.42545923e-03 8.19737011e-01 3.89981688e+00 1.54642987e-02 2.75535664e-01
8.37183299e-04 -1.40864974e-03 -1.40884047e-03 2.45863556e-03 1.34842378e-03 2.25975316e-03 -2.76619056e-03 1.49298504e-03 2.82400802e-03 8.57172942e-01 3.95742769e+00 -1.40780505e-02 2.38604226e-01
1.00034535e-03 -2.28374527e-03 -1.40739386e-03 2.56797973e-03 3.94254611e-04 3.62774176e-03 -2.96474935e-03 1.24203191e-03 3.27384311e-03 8.19515612e-01 3.86723033e+00 1.56940427e-02 2.71567951e-01
1.17446083e-03 -2.28668839e-03 -1.79726287e-03 2.82676232e-03 1.50973413e-03 2.54878109e-03 -3.09743697e-03 1.04641714e-03 3.15817479e-03 8.57322997e-01 3.98730983e+00 -1.42695053e-02 2.44763243e-01
1.27506934e-03 -2.60580580e-03 -1.81966140e-03 3.02450789e-03 1.17929755e-03 2.78532796e-03 -3.30654847e-03 9.22718959e-04 3.40940314e-03 8.51332957e-01 3.97301190e+00 -9.35275534e-03 2.49567799e-01
7.58018559e-04 -1.92506579e-03 -1.49806685e-03 2.51920001e-03 8.69242304e-04 3.38354188e-03 -2.76885045e-03 1.42133493e-03 3.06418113e-03 8.27087612e-01 3.89329378e+00 9.96873688e-03 2.67041187e-01
8.72640199e-04 -2.01957575e-03 -1.49120956e-03 2.60532155e-03 9.11579186e-04 2.97708564e-03 -2.82549305e-03 1.23675088e-03 3.03174182e-03 8.45554632e-01 3.73604502e+00 -4.62646529e-03 2.57738051e-01
1.18620867e-03 -2.43069159e-03 -1.71236421e-03 2.98226409e-03 1.24530522e-03 3.27492451e-03 -3.20563104e-03 1.19363764e-03 3.39440485e-03 8.33728306e-01 4.14736180e+00 4.80409845e-03 2.59181410e-01
1.86004038e-03 -2.67149461e-03 -1.41849488e-03 2.97630832e-03 7.13398811e-04 3.61575949e-03 -2.95944813e-03 -3.78824776e-04 3.02204461e-03 8.16025480e-01 3.58831700e+00 1.81901232e-02 2.79145627e-01
1.10658153e-03 -6.80206682e-04 -1.11782435e-03 2.58038338e-03 1.73110837e-03 2.53203795e-03 -2.99442446e-03 1.98676100e-03 3.07927841e-03 8.59907476e-01 4.31686877e+00 -1.63156586e-02 2.32540015e-01
1.42614556e-03 -2.61547122e-03 -1.79034726e-03 2.90669369e-03 1.26054326e-03 2.50946833e-03 -3.07827239e-03 3.48106196e-04 3.11389640e-03 8.44968825e-01 3.81148636e+00 -4.19818119e-03 2.52300824e-01
5.09333021e-04 -1.46849652e-03 -1.58542115e-03 2.62985869e-03 9.27159392e-04 3.84411484e-03 -2.98489217e-03 2.05396609e-03 3.39831546e-03 8.34355677e-01 4.05953424e+00 4.35061197e-03 2.64872865e-01
1.24090426e-03 -2.39390653e-03 -1.70143277e-03 2.77036715e-03 1.29744368e-03 2.53148355e-03 -2.98974314e-03 7.61794629e-04 3.06244343e-03 8.47770226e-01 3.87334880e+00 -6.42445999e-03 2.50303424e-01
7.33859500e-04 -1.99573791e-03 -1.59408906e-03 2.72008497e-03 7.37777443e-04 3.76101609e-03 -3.06348501e-03 1.69516683e-03 3.41540243e-03 8.31258068e-01 3.99766128e+00 6.73193779e-03 2.66504148e-01
4.20551579e-04 -1.52112689e-03 -1.63754496e-03 2.74812613e-03 6.60674275e-04 3.45755162e-03 -3.17333007e-03 2.09731809e-03 3.52280330e-03 8.33607370e-01 4.12764524e+00 4.93287808e-03 2.57725656e-01
1.36135464e-03 -2.46312334e-03 -1.69320593e-03 2.85511029e-03 1.47355474e-03 2.97854958e-03 -2.87548186e-03 4.92414651e-04 2.97907459e-03 8.45655433e-01 3.74240210e+00 -4.74851236e-03 2.59729731e-01
1.50969432e-03 -2.72369905e-03 -1.76873457e-03 3.13232673e-03 1.30978473e-03 3.01625690e-03 -3.29030302e-03 6.26706320e-04 3.38209804e-03 8.46717140e-01 3.93880655e+00 -5.61043818e-03 2.54936044e-01
5.96734042e-04 -1.55893897e-03 -1.45513389e-03 2.49700879e-03 9.33061542e-04 3.28562394e-03 -2.75769656e-03 1.69324029e-03 3.05883750e-03 8.32431086e-01 3.92630625e+00 5.85285919e-03 2.62230181e-01
8.37504396e-04 -9.03531971e-04 -1.24657942e-03 2.53472201e-03 1.50510583e-03 2.90871886e-03 -2.85052350e-03 1.96236435e-03 3.05833891e-03 8.50832446e-01 4.14580574e+00 -8.80380925e-03 2.45220685e-01
1.79042590e-03 -2.79360565e-03 -1.58856832e-03 3.13007515e-03 9.86352624e-04 3.38333767e-03 -3.13972130e-03 -9.27096265e-05 3.21590359e-03 8.27707679e-01 3.73574972e+00 9.35218740e-03 2.70243060e-01
1.51980555e-03 -2.58778900e-03 -1.66948468e-03 2.96111025e-03 1.13557612e-03 2.86532323e-03 -2.98230172e-03 6.65998900e-05 3.03675417e-03 8.31307537e-01 3.72224735e+00 6.59454175e-03 2.63084688e-01
7.29364115e-04 -1.00761627e-03 -1.37173715e-03 2.69007884e-03 1.42022702e-03 3.56084086e-03 -2.99510258e-03 2.18699778e-03 3.33670800e-03 8.47733118e-01 4.15568631e+00 -6.29800439e-03 2.53667650e-01
7.45056274e-04 -1.37842678e-03 -1.47410510e-03 2.65489992e-03 1.21860203e-03 2.60419894e-03 -3.00402979e-03 1.78670404e-03 3.13032233e-03 8.59091554e-01 4.01921041e+00 -1.57005944e-02 2.39471120e-01
1.70246335e-03 -2.72686361e-03 -1.43127028e-03 2.92560884e-03 9.62596531e-04 3.69554637e-03 -3.00924827e-03 3.00729948e-04 3.17084254e-03 8.17140606e-01 3.86257616e+00 1.74332148e-02 2.74556321e-01
6.33892202e-04 -1.31993974e-03 -1.50676432e-03 2.43555859e-03 1.19416261e-03 2.38323683e-03 -2.79137628e-03 1.64208317e-03 2.91804073e-03 8.50675023e-01 4.01261198e+00 -8.69048646e-03 2.42779858e-01
1.82896875e-03 -2.97981325e-03 -1.53862798e-03 3.12982234e-03 8.16904012e-04 3.75984320e-03 -3.29039958e-03 2.39820647e-04 3.44532906e-03 8.27896752e-01 3.85585020e+00 9.22593369e-03 2.72303558e-01
5.47693886e-04 -1.45957667e-03 -1.56331606e-03 2.65584326e-03 9.31311815e-04 4.09750510e-03 -3.02214922e-03 2.12075901e-03 3.46847281e-03 8.29994033e-01 4.11448286e+00 7.75103329e-03 2.67610181e-01
1.46910357e-03 -2.55817599e-03 -1.73344878e-03 2.82827378e-03 1.29680060e-03 2.35433230e-03 -3.01294762e-03 2.85477061e-04 3.02129883e-03 8.48859272e-01 3.74983552e+00 -7.35933664e-03 2.49549675e-01
1.14214204e-03 -2.28333407e-03 -1.55701833e-03 2.72227331e-03 1.17033160e-03 3.05926495e-03 -2.85513168e-03 9.09587602e-04 3.02500376e-03 8.49734098e-01 3.70400768e+00 -8.05098863e-03 2.59195493e-01
8.58491450e-04 -2.13350324e-03 -1.67775872e-03 2.86296807e-03 9.24026899e-04 3.20093342e-03 -3.18611379e-03 1.53239436e-03 3.41924000e-03 8.28984338e-01 4.17630032e+00 8.51429583e-03 2.58121587e-01
1.38834327e-03 -2.60614960e-03 -1.38596948e-03 2.77177298e-03 5.25249390e-04 3.42168614e-03 -3.08913958e-03 7.99207251e-04 3.30288490e-03 8.12856919e-01 3.96180825e+00 2.06609484e-02 2.69934006e-01
1.00536719e-03 -1.92080901e-03 -1.60078520e-03 2.72198142e-03 1.50138764e-03 2.80462014e-03 -2.92421626e-03 1.34834140e-03 3.05112575e-03 8.62108788e-01 3.88038964e+00 -1.82852015e-02 2.46670732e-01
1.02018904e-03 -2.30900130e-03 -1.61304463e-03 2.75314933e-03 8.96360062e-04 2.93049729e-03 -3.01239968e-03 1.08006872e-03 3.19270069e-03 8.52477006e-01 3.73328296e+00 -1.03048871e-02 2.54946087e-01
9.78266553e-04 -2.25522876e-03 -1.70608784e-03 2.84085441e-03 1.16845310e-03 3.26436941e-03 -3.05259314e-03 1.28629328e-03 3.27484697e-03 8.25691670e-01 4.15223696e+00 1.10479524e-02 2.62252694e-01
1.09849371e-03 -2.13233346e-03 -1.68236694e-03 2.77662305e-03 1.47462076e-03 2.78550528e-03 -3.02075013e-03 1.23281705e-03 3.13920042e-03 8.61157154e-01 3.90950867e+00 -1.74911057e-02 2.46959879e-01
1.23577783e-03 -2.45646394e-03 -1.38085440e-03 2.68860974e-03 5.26237924e-04 3.41813875e-03 -3.01045435e-03 9.56807511e-04 3.24712819e-03 8.14222257e-01 3.93688785e+00 1.96566159e-02 2.69749008e-01
1.60054360e-03 -2.76794549e-03 -1.60870317e-03 3.07390159e-03 1.18471857e-03 3.66746899e-03 -3.15381313e-03 5.44182896e-04 3.32857630e-03 8.20374491e-01 4.03664100e+00 1.50254658e-02 2.70208048e-01
6.26405637e-04 -1.54578694e-03 -1.51848747e-03 2.54293821e-03 9.65845156e-04 2.65219090e-03 -2.88743406e-03 1.65092620e-03 3.06922889e-03 8.56682109e-01 3.84267223e+00 -1.37114755e-02 2.45265534e-01
1.33797593e-03 -2.52325457e-03 -1.82128413e-03 3.06501162e-03 1.63481139e-03 3.20615743e-03 -3.22330509e-03 1.04793151e-03 3.36257490e-03 8.50242262e-01 4.06977135e+00 -8.43168761e-03 2.54400710e-01
6.38549504e-04 -1.96456227e-03 -1.50245420e-03 2.48899750e-03 4.44611935e-04 3.03227436e-03 -2.84257605e-03 1.38468187e-03 3.11085983e-03 8.28397991e-01 3.79639697e+00 8.93768493e-03 2.62831331e-01
9.23456687e-04 -1.83157878e-03 -1.66076725e-03 2.74663774e-03 1.50180471e-03 2.95467810e-03 -3.01431081e-03 1.56307617e-03 3.18211219e-03 8.58812244e-01 4.01433286e+00 -1.54820609e-02 2.48049680e-01
1.44277534e-03 -2.63301348e-03 -1.39556402e-03 2.75692256e-03 5.37868012e-04 3.15157090e-03 -3.03183106e-03 5.44221453e-04 3.19674076e-03 8.17518003e-01 3.83999880e+00 1.71654315e-02 2.68387182e-01
1.00069603e-03 -2.14802256e-03 -1.68414760e-03 2.69990290e-03 1.24063132e-03 2.59226690e-03 -2.95825721e-03 1.11856128e-03 3.07016798e-03 8.45155536e-01 3.96373772e+00 -4.26868759e-03 2.50255882e-01
9.93752784e-04 -2.37202227e-03 -1.60818572e-03 2.80404516e-03 7.28019696e-04 3.60063626e-03 -3.10729728e-03 1.29476036e-03 3.39640425e-03 8.34168184e-01 3.91332270e+00 4.42588339e-03 2.66286236e-01
1.03898462e-03 -1.80045507e-03 -1.54626555e-03 2.67903635e-03 1.44595096e-03 2.41962028e-03 -2.99056477e-03 1.38647653e-03 3.03812148e-03 8.62430393e-01 3.97898722e+00 -1.85352274e-02 2.38525428e-01
1.60994440e-03 -2.65889697e-03 -1.25613989e-03 2.72198124e-03 5.75132790e-04 3.79708206e-03 -3.00539892e-03 6.27479460e-04 3.23056097e-03 8.12400432e-01 3.87626038e+00 2.09797780e-02 2.75854426e-01
1.65110489e-03 -2.87090329e-03 -1.99714224e-03 3.43629019e-03 1.54001469e-03 3.62559963e-03 -3.29487232e-03 4.95820253e-05 3.38513400e-03 8.28401758e-01 3.96467172e+00 8.84178430e-03 2.67902546e-01
6.45993240e-04 -5.45243945e-04 -1.04679504e-03 2.38783555e-03 1.23092956e-03 3.05685063e-03 -2.66516168e-03 2.06992542e-03 2.95470806e-03 8.50248528e-01 3.91664783e+00 -8.34574716e-03 2.48074197e-01
8.20437333e-04 -1.55755487e-03 -1.62121410e-03 2.89435185e-03 1.42250778e-03 2.98353197e-03 -3.20872996e-03 1.90698004e-03 3.37215191e-03 8.48868059e-01 4.27621314e+00 -7.22949079e-03 2.45452679e-01
1.45915210e-03 -2.49491452e-03 -1.36426408e-03 2.67916798e-03 8.16252619e-04 3.19247740e-03 -2.80477327e-03 3.75627611e-04 2.95295569e-03 8.30012054e-01 3.61717042e+00 7.60958867e-03 2.70117354e-01
1.55816380e-03 -2.69342660e-03 -1.77552988e-03 3.12385504e-03 1.48384929e-03 2.91694700e-03 -3.31047731e-03 6.97877990e-04 3.37647613e-03 8.49500774e-01 4.00937617e+00 -7.85832845e-03 2.51400355e-01
5.14051134e-04 -1.69460629e-03 -1.52255421e-03 2.43599068e-03 6.75493535e-04 3.33047335e-03 -2.75938607e-03 1.63208835e-03 3.09116494e-03 8.29258170e-01 3.85310598e+00 8.30120280e-03 2.65645825e-01
8.55934950e-04 -1.80938153e-03 -1.67393516e-03 2.65144997e-03 1.32101818e-03 2.49211312e-03 -3.00206656e-03 1.47995680e-03 3.10772465e-03 8.57457154e-01 4.02016976e+00 -1.43393732e-02 2.42237750e-01
1.57545217e-03 -2.64382772e-03 -1.31319394e-03 2.80705422e-03 6.71459267e-04 3.64256222e-03 -3.03228095e-03 6.09324439e-04 3.23386275e-03 8.19352524e-01 3.84540717e+00 1.57785404e-02 2.72918129e-01
6.76451394e-04 -1.61739172e-03 -1.56090918e-03 2.67221601e-03 1.18995553e-03 3.27655959e-03 -2.91079756e-03 1.75751062e-03 3.18093996e-03 8.40166500e-01 4.04159132e+00 -2.36837345e-04 2.57529330e-01
1.40712642e-03 -2.64684232e-03 -1.64780238e-03 2.94988935e-03 1.00237730e-03 2.97358689e-03 -3.13607848e-03 5.79111741e-04 3.25435194e-03 8.39379285e-01 3.83594471e+00 2.77121101e-04 2.59383402e-01
1.32020794e-03 -2.58246801e-03 -1.37773807e-03 2.73327912e-03 3.98241828e-04 3.37707649e-03 -3.09335457e-03 8.59762856e-04 3.31854138e-03 8.23207063e-01 3.83632921e+00 1.28664014e-02 2.68595915e-01
1.08007580e-03 -1.91071445e-03 -1.59347003e-03 2.72679220e-03 1.64395130e-03 2.78026033e-03 -2.92174969e-03 1.33014603e-03 3.02650522e-03 8.54493769e-01 4.01940552e+00 -1.18809864e-02 2.47932246e-01
1.75288681e-03 -2.77152110e-03 -1.25428006e-03 2.75167015e-03 3.89121176e-04 3.29477526e-03 -3.03601191e-03 1.72142695e-04 3.16878001e-03 8.18659836e-01 3.69560889e+00 1.62648599e-02 2.73058356e-01
9.40586924e-04 -1.60484647e-03 -1.62546946e-03 2.66913674e-03 1.60449298e-03 2.62478697e-03 -3.02161881e-03 1.63571834e-03 3.12571777e-03 8.57979956e-01 4.16697051e+00 -1.47421983e-02 2.42116849e-01
1.53449331e-03 -2.60820308e-03 -1.35162787e-03 2.74993558e-03 7.38417943e-04 3.53721310e-03 -2.93226389e-03 4.96148233e-04 3.12057228e-03 8.16070569e-01 3.82103029e+00 1.82460337e-02 2.73784726e-01
9.03593769e-04 -1.69682594e-03 -1.58121462e-03 2.75831896e-03 1.35935265e-03 2.66050215e-03 -3.08605885e-03 1.63058934e-03 3.19334546e-03 8.59861069e-01 4.04905330e+00 -1.63601424e-02 2.40918369e-01
1.10251579e-03 -2.17824518e-03 -1.50396023e-03 2.71769929e-03 1.22329731e-03 3.23059761e-03 -2.83179423e-03 1.07166047e-03 3.03002428e-03 8.34565429e-01 3.88818937e+00 4.13772969e-03 2.63146486e-01
8.51356007e-04 -2.21100063e-03 -1.73125292e-03 2.88452510e-03 8.85612158e-04 3.03360271e-03 -3.20440644e-03 1.43431127e-03 3.40967842e-03 8.44787050e-01 3.99083253e+00 -3.99518233e-03 2.53443129e-01
1.18472831e-03 -2.33682372e-03 -1.63057079e-03 2.81654127e-03 1.12114593e-03 2.65008497e-03 -3.10700363e-03 1.02585189e-03 3.20817486e-03 8.58202481e-01 3.82195587e+00 -1.50484902e-02 2.46790182e-01
1.01895291e-03 -2.24601731e-03 -1.53876635e-03 2.71569453e-03 9.63593181e-04 3.60451496e-03 -2.93047050e-03 1.24963538e-03 3.21105653e-03 8.18310200e-01 4.04746044e+00 1.66352069e-02 2.69606356e-01
8.48536289e-04 -2.03427773e-03 -1.62017780e-03 2.66901700e-03 1.10063816e-03 3.03842997e-03 -2.89869120e-03 1.34196372e-03 3.11407213e-03 8.39826248e-01 3.93372392e+00 2.31239305e-06 2.58045039e-01
1.11573248e-03 -2.46710156e-03 -1.68359080e-03 2.90131568e-03 9.39570801e-04 3.14829145e-03 -3.16397191e-03 1.08794050e-03 3.35790980e-03 8.39725222e-01 3.94379767e+00 3.80180020e-05 2.58788994e-01
1.36520672e-03 -2.66881145e-03 -1.71230211e-03 3.07906608e-03 1.23669861e-03 3.69704846e-03 -3.22239217e-03 9.64782936e-04 3.44548741e-03 8.39301541e-01 3.98947089e+00 3.60476371e-04 2.65024440e-01
6.35053684e-04 -1.76340110e-03 -1.55768314e-03 2.52925218e-03 8.56685730e-04 2.60299730e-03 -2.83135878e-03 1.43912902e-03 3.00799170e-03 8.40247106e-01 3.88813467e+00 -3.19560411e-04 2.51448446e-01
1.24873811e-03 -2.20657481e-04 -5.82577925e-04 2.29038232e-03 1.83526694e-03 2.93907485e-03 -2.51335486e-03 1.93172399e-03 2.73149080e-03 8.59411638e-01 3.96550789e+00 -1.59151409e-02 2.40976776e-01
1.80110653e-03 -2.80458569e-03 -1.87987558e-03 3.54279936e-03 1.35202117e-03 3.83763497e-03 -3.29167820e-03 -2.95094242e-04 3.34696186e-03 8.16711746e-01 3.90720352e+00 1.76962998e-02 2.73262842e-01
1.59305542e-03 -2.77510384e-03 -1.51845607e-03 3.01701463e-03 8.31851235e-04 3.22984767e-03 -3.24961852e-03 5.66040415e-04 3.38754677e-03 8.21305986e-01 4.01563543e+00 1.43173996e-02 2.64739400e-01
7.29525500e-04 -1.62206243e-03 -1.53795033e-03 2.56970442e-03 1.29915193e-03 2.97078762e-03 -2.78233172e-03 1.57380358e-03 2.99386194e-03 8.55971803e-01 3.84085639e+00 -1.31161033e-02 2.52045221e-01
7.55784177e-04 -1.95360411e-03 -1.66383266e-03 2.70977569e-03 1.12117594e-03 3.34423855e-03 -2.94247513e-03 1.54088987e-03 3.21469387e-03 8.50491604e-01 3.86317167e+00 -8.62206754e-03 2.58766319e-01
1.31728063e-03 -2.50657248e-03 -1.57874661e-03 2.86682902e-03 9.92385571e-04 2.86369889e-03 -3.11046983e-03 8.11098601e-04 3.23349908e-03 8.28106556e-01 4.01607731e+00 9.15004367e-03 2.58309618e-01
5.93164511e-04 -1.63511851e-03 -1.62059261e-03 2.72920937e-03 9.77344224e-04 3.55521552e-03 -3.05768257e-03 1.93008861e-03 3.39295355e-03 8.37493326e-01 4.08510735e+00 1.87628447e-03 2.60108615e-01
1.37052645e-03 -2.53898067e-03 -1.66813326e-03 2.85285005e-03 1.19012977e-03 2.75952821e-03 -2.99652784e-03 5.04968569e-04 3.08438051e-03 8.42012916e-01 3.79158154e+00 -1.81535776e-03 2.56986031e-01
1.63297475e-03 -2.91569493e-04 -5.56660866e-04 2.56065295e-03 2.34289241e-03 3.86596271e-03 -2.75989926e-03 2.16980686e-03 3.09873776e-03 8.57384398e-01 4.19145683e+00 -1.42230438e-02 2.50019701e-01
1.52188113e-03 -2.45376143e-03 -1.72870201e-03 3.09179152e-03 1.16829384e-03 2.89261918e-03 -2.94133590e-03 -2.77886846e-04 2.94979227e-03 8.19459880e-01 3.67719536e+00 1.56379997e-02 2.66370466e-01
8.20065077e-04 -2.00704800e-03 -1.57747188e-03 2.74485128e-03 9.35361750e-04 3.12672936e-03 -3.00300356e-03 1.46211327e-03 3.23043195e-03 8.50190559e-01 3.83055039e+00 -8.39374748e-03 2.55171146e-01
1.23290274e-03 -2.42189738e-03 -1.63359960e-03 2.86018545e-03 1.23049163e-03 3.14687344e-03 -3.02982330e-03 9.56443188e-04 3.19859769e-03 8.28457757e-01 4.05390523e+00 8.89539766e-03 2.61758546e-01
7.07411905e-04 -8.42712566e-04 -1.26581615e-03 2.67775843e-03 1.35864723e-03 2.99948237e-03 -2.97203122e-03 2.13412596e-03 3.18643913e-03 8.49597699e-01 4.17268317e+00 -7.80657921e-03 2.43818438e-01
1.62972359e-03 -2.68462493e-03 -1.62405117e-03 3.03606098e-03 1.16323248e-03 3.46873306e-03 -2.99239693e-03 7.24749910e-05 3.10381480e-03 8.29164233e-01 3.72412684e+00 8.24409245e-03 2.71262544e-01
1.38512375e-03 -2.62978863e-03 -1.88753783e-03 3.09424879e-03 1.61415965e-03 3.09360620e-03 -3.22690422e-03 8.21998391e-04 3.33798513e-03 8.48525877e-01 4.03141623e+00 -7.04569410e-03 2.54668565e-01
5.12484620e-04 -1.76359278e-03 -1.51124309e-03 2.47173975e-03 4.68033056e-04 3.18297630e-03 -2.85584106e-03 1.62596997e-03 3.16769019e-03 8.30393430e-01 3.83591518e+00 7.40835921e-03 2.62690792e-01
7.70427986e-04 -2.05963550e-03 -1.47048150e-03 2.51705226e-03 5.23529519e-04 2.98219525e-03 -2.83996364e-03 1.25527832e-03 3.08197823e-03 8.23898655e-01 3.84119315e+00 1.23918630e-02 2.63169605e-01
1.23241413e-03 -2.42661166e-03 -1.80317220e-03 3.06568750e-03 1.57663096e-03 3.28801223e-03 -3.20954026e-03 1.17489159e-03 3.37203315e-03 8.53931156e-01 4.01861016e+00 -1.14730959e-02 2.54174538e-01
7.12146191e-04 -2.08330934e-03 -1.71081254e-03 2.79426691e-03 8.05676609e-04 3.71553091e-03 -3.13262245e-03 1.69466606e-03 3.47883614e-03 8.40412119e-01 3.96700310e+00 -4.84500682e-04 2.63959726e-01
1.23779761e-03 -2.27527598e-03 -1.57849793e-03 2.74112913e-03 1.28112549e-03 2.58092081e-03 -2.91510623e-03 7.96567536e-04 2.98944517e-03 8.39137204e-01 3.91176055e+00 5.26496736e-04 2.52894112e-01
9.35355440e-04 -2.16846832e-03 -1.70228900e-03 2.88088869e-03 1.08168615e-03 2.93171549e-03 -3.16357493e-03 1.38344704e-03 3.33202535e-03 8.53206641e-01 3.94121206e+00 -1.08690508e-02 2.49746487e-01
1.13307926e-03 -2.28534740e-03 -1.49192430e-03 2.70083869e-03 1.02985021e-03 3.31929843e-03 -2.87217107e-03 1.02308605e-03 3.09197535e-03 8.24806371e-01 3.93377942e+00 1.16948355e-02 2.66685575e-01
1.60648676e-03 -2.72780888e-03 -1.58216519e-03 3.01057788e-03 1.10449540e-03 3.34841396e-03 -3.10446147e-03 3.85232739e-04 3.23535211e-03 8.15240391e-01 4.01867543e+00 1.88817552e-02 2.68734013e-01
6.61426515e-04 -1.50772506e-03 -1.51681144e-03 2.63579480e-03 1.11608824e-03 2.95953215e-03 -2.93213985e-03 1.76857758e-03 3.15116146e-03 8.60447440e-01 3.85506906e+00 -1.68719810e-02 2.47412937e-01
1.33697970e-03 -2.34415948e-03 -1.44915573e-03 2.73809129e-03 1.22407810e-03 3.17709029e-03 -2.79715894e-03 6.81851859e-04 2.95051220e-03 8.24162084e-01 3.87520411e+00 1.21716549e-02 2.66609339e-01
6.65581345e-04 -1.87918060e-03 -1.72485528e-03 2.89969351e-03 9.58893124e-04 3.14496194e-03 -3.23026206e-03 1.79349131e-03 3.46531245e-03 8.53728082e-01 4.00097111e+00 -1.12825063e-02 2.49672022e-01
1.57478011e-03 -2.53473400e-03 -1.42096789e-03 2.83544927e-03 1.07674781e-03 3.36704839e-03 -2.85407123e-03 2.83131729e-04 2.98478498e-03 8.37382801e-01 3.60717392e+00 1.81990656e-03 2.69735826e-01
6.12955480e-04 -1.35583210e-03 -1.61734666e-03 2.80452481e-03 1.20243261e-03 2.90519192e-03 -3.16496389e-03 2.01634739e-03 3.35921140e-03 8.42116073e-01 4.29877894e+00 -1.76096551e-03 2.46146381e-01
1.57630272e-03 -2.62155002e-03 -1.23762137e-03 2.62939204e-03 4.00954804e-04 3.21337534e-03 -2.91224144e-03 3.34939458e-04 3.06784771e-03 8.17367692e-01 3.67735726e+00 1.72521520e-02 2.72606762e-01
9.66918503e-04 -1.79115430e-03 -1.72644120e-03 2.79074963e-03 1.60423927e-03 2.73886747e-03 -3.14192671e-03 1.63210191e-03 3.25617256e-03 8.58928521e-01 4.18511215e+00 -1.55528787e-02 2.42769721e-01
1.46050961e-03 -2.49546996e-03 -1.75397995e-03 2.98263452e-03 1.55750943e-03 2.55582248e-03 -3.19723221e-03 7.47011010e-04 3.21346335e-03 8.58072860e-01 3.94065199e+00 -1.49378360e-02 2.44145830e-01
6.54488645e-04 -1.94494800e-03 -1.51175224e-03 2.46019141e-03 4.77027257e-04 3.73347154e-03 -2.86092752e-03 1.57451820e-03 3.23729230e-03 8.18487012e-01 3.91068118e+00 1.65008282e-02 2.72318647e-01
1.11846088e-03 -2.04460776e-03 -1.55346513e-03 2.68042045e-03 1.49131364e-03 2.72753384e-03 -2.83283322e-03 1.08727895e-03 2.93715911e-03 8.51802942e-01 3.87438418e+00 -9.69099390e-03 2.50713966e-01
1.02235851e-03 -2.42005378e-03 -1.56305472e-03 2.81203851e-03 5.25931010e-04 3.54594674e-03 -3.18858981e-03 1.30323482e-03 3.47252227e-03 8.26535890e-01 3.98229465e+00 1.03514343e-02 2.66167923e-01
6.59621408e-04 -1.87240033e-03 -1.70263953e-03 2.86074157e-03 9.77804091e-04 3.47295003e-03 -3.16426915e-03 1.82689281e-03 3.46247352e-03 8.30534517e-01 4.20010385e+00 7.32683769e-03 2.59785426e-01
1.28774762e-03 -2.39957524e-03 -1.55348392e-03 2.73826403e-03 1.15374547e-03 2.84113190e-03 -2.87370703e-03 6.48684878e-04 2.99318134e-03 8.48392648e-01 3.67774167e+00 -6.97176663e-03 2.57550598e-01
1.72593307e-03 -2.92184664e-03 -1.74511526e-03 3.22866543e-03 1.02403173e-03 3.25984457e-03 -3.31628680e-03 8.47935648e-05 3.39863124e-03 8.16357373e-01 4.02308934e+00 1.80187116e-02 2.67255104e-01
5.85541445e-04 -1.15062723e-03 -1.42026259e-03 2.45818227e-03 1.22890104e-03 2.97793686e-03 -2.74732698e-03 1.85463138e-03 3.00657182e-03 8.59658654e-01 3.83782147e+00 -1.61762491e-02 2.49054814e-01
1.31566951e-03 -2.56099535e-03 -1.50298927e-03 2.83328057e-03 8.00579591e-04 3.42037414e-03 -3.05656055e-03 8.33814651e-04 3.26820145e-03 8.11697876e-01 4.04721232e+00 2.15363132e-02 2.69370607e-01
8.82994467e-04 -2.03716215e-03 -1.68300540e-03 2.71972200e-03 1.20013381e-03 2.79312863e-03 -2.99223746e-03 1.35606331e-03 3.15480017e-03 8.62890344e-01 3.80988839e+00 -1.89707983e-02 2.47335358e-01
1.49013151e-03 -2.55923452e-03 -1.22669509e-03 2.59042498e-03 3.47690053e-04 3.08984273e-03 -2.89414215e-03 4.18648284e-04 3.05037128e-03 8.13743612e-01 3.70900453e+00 1.99708564e-02 2.71139314e-01
1.02651339e-03 -1.90252048e-03 -1.74869601e-03 2.84722474e-03 1.67907296e-03 2.91984648e-03 -3.15372938e-03 1.59053326e-03 3.28617051e-03 8.61508111e-01 4.13779787e+00 -1.77400227e-02 2.44903434e-01
1.60164473e-03 -2.55226851e-03 -1.71517471e-03 3.17431094e-03 1.37272541e-03 3.53027016e-03 -2.95226495e-03 -1.13036269e-04 3.02538772e-03 8.18054144e-01 3.77829890e+00 1.67109001e-02 2.72788285e-01
1.02431767e-03 -4.00232805e-04 -8.93696776e-04 2.59318151e-03 1.65057328e-03 3.21058622e-03 -2.87832023e-03 2.22204121e-03 3.14071437e-03 8.58429077e-01 4.11375487e+00 -1.51096890e-02 2.41605075e-01
7.02447390e-04 -1.64872861e-03 -1.74568697e-03 2.79381290e-03 1.31366600e-03 2.88757472e-03 -3.14771886e-03 1.81549595e-03 3.33090674e-03 8.56353606e-01 4.12346760e+00 -1.34117218e-02 2.45113810e-01
1.53199987e-03 -2.59679357e-03 -1.37700070e-03 2.75001373e-03 7.51681504e-04 3.21938528e-03 -2.91407424e-03 3.60176244e-04 3.06001655e-03 8.20813705e-01 3.74962122e+00 1.46683185e-02 2.70434999e-01
1.37110580e-03 -2.62121631e-03 -1.65625722e-03 2.99818409e-03 1.12488012e-03 3.32584775e-03 -3.15476390e-03 7.94850113e-04 3.32567439e-03 8.41712591e-01 3.88070808e+00 -1.57521559e-03 2.61827236e-01
7.28725613e-04 -1.74993725e-03 -1.53756875e-03 2.61036599e-03 1.03597025e-03 2.94041781e-03 -2.88938132e-03 1.55885547e-03 3.10477863e-03 8.37803812e-01 3.99795552e+00 1.63098329e-03 2.55049913e-01
1.53106752e-03 -2.46936653e-03 -1.17006362e-03 2.56222324e-03 5.36385019e-04 3.13629871e-03 -2.78544387e-03 3.80965477e-04 2.93300617e-03 8.25730607e-01 3.57059390e+00 1.09053018e-02 2.71179000e-01
1.05394937e-03 -1.78297450e-03 -1.68176119e-03 2.90188466e-03 1.68751515e-03 2.88948246e-03 -3.22586500e-03 1.70117890e-03 3.33613416e-03 8.52471974e-01 4.31552842e+00 -1.01789492e-02 2.44462521e-01
1.61980703e-03 -2.57774132e-03 -1.75267606e-03 3.23826823e-03 1.38938069e-03 3.58670680e-03 -2.99643090e-03 -1.48462852e-04 3.06567889e-03 8.23526774e-01 3.73643087e+00 1.25522638e-02 2.72360346e-01
1.28570149e-03 -1.41488547e-04 -5.71755925e-04 2.56540213e-03 1.93140886e-03 3.30991967e-03 -2.74556356e-03 2.20281970e-03 2.98386789e-03 8.54245585e-01 4.15890922e+00 -1.16116232e-02 2.42276800e-01
7.47197473e-04 -1.81893700e-03 -1.47924591e-03 2.54895030e-03 9.57651507e-04 2.98514358e-03 -2.77385769e-03 1.40953712e-03 2.99774381e-03 8.51689476e-01 3.70361400e+00 -9.61672668e-03 2.55742094e-01
1.29115962e-03 -2.63753462e-03 -1.77877011e-03 3.06773950e-03 1.18054999e-03 3.25639839e-03 -3.27314172e-03 9.54945982e-04 3.44319292e-03 8.26667716e-01 4.17810110e+00 1.02672056e-02 2.61291382e-01
5.68047062e-04 -1.77155942e-03 -1.52266798e-03 2.61928447e-03 5.98643832e-04 3.19938521e-03 -2.95990850e-03 1.68888815e-03 3.24848637e-03 8.30672447e-01 3.94335119e+00 7.19747750e-03 2.59992575e-01
1.32299306e-03 -2.52697990e-03 -1.78443953e-03 2.99074023e-03 1.52880485e-03 3.16129413e-03 -3.08843407e-03 8.28845500e-04 3.22517701e-03 8.48280874e-01 3.92709348e+00 -6.85267994e-03 2.57371076e-01
6.36676886e-04 -1.87499315e-03 -1.54779254e-03 2.69935465e-03 6.14228713e-04 3.23002294e-03 -3.04465813e-03 1.67046719e-03 3.32352842e-03 8.27812118e-01 4.01987309e+00 9.41073741e-03 2.59939433e-01
1.27610103e-03 -2.42392996e-03 -1.70993857e-03 2.91001799e-03 1.50275764e-03 3.14685664e-03 -2.99057756e-03 8.56298132e-04 3.13408356e-03 8.50728545e-01 3.84807341e+00 -8.85586380e-03 2.57560386e-01
2.00637979e-03 -2.83350694e-03 -1.27027704e-03 2.90042743e-03 6.10371103e-04 3.71398191e-03 -3.04640797e-03 -1.51361847e-04 3.15094383e-03 8.17675144e-01 3.67770347e+00 1.69776425e-02 2.78398490e-01
8.18056260e-04 -1.18199308e-03 -1.49613978e-03 2.55512117e-03 1.41315188e-03 2.27929745e-03 -3.01106006e-03 1.78288578e-03 3.07033044e-03 8.58709152e-01 4.21262074e+00 -1.53287564e-02 2.34155730e-01
1.40252013e-03 -2.48327538e-03 -1.51252015e-03 2.81990460e-03 1.16568376e-03 3.33971245e-03 -2.86459162e-03 5.43416432e-04 3.02472997e-03 8.13977327e-01 3.94880993e+00 1.98390182e-02 2.70472683e-01
6.16255351e-04 -1.84226373e-03 -1.75359825e-03 2.81497438e-03 9.16307299e-04 2.91676452e-03 -3.20222166e-03 1.77226236e-03 3.41954525e-03 8.61328095e-01 3.92632473e+00 -1.76360207e-02 2.45300145e-01
6.74920619e-04 -2.00564406e-03 -1.60106978e-03 2.63866967e-03 6.42106008e-04 3.00320762e-03 -2.96981881e-03 1.44701205e-03 3.21436605e-03 8.35048190e-01 3.88916014e+00 3.76545547e-03 2.58436371e-01
1.23537333e-03 -2.44129983e-03 -1.72535841e-03 2.94559607e-03 1.42610157e-03 3.24980237e-03 -3.08982882e-03 1.03904522e-03 3.26399864e-03 8.44338130e-01 3.98876101e+00 -3.64039841e-03 2.58545564e-01
1.56727822e-03 8.21903594e-05 -2.27822890e-04 2.19372244e-03 2.10505700e-03 2.81989827e-03 -2.36542614e-03 1.84095411e-03 2.53182190e-03 8.62313423e-01 3.96023817e+00 -1.83467372e-02 2.36104591e-01
1.80097639e-03 -2.76243420e-03 -1.93501438e-03 3.70873025e-03 1.38532819e-03 4.18671958e-03 -3.32620221e-03 -3.94036828e-04 3.38111855e-03 8.12601372e-01 3.91161118e+00 2.07391143e-02 2.76534741e-01
1.29159931e-03 -2.49400141e-03 -1.71226855e-03 2.95453962e-03 1.38638923e-03 3.18372748e-03 -3.09723841e-03 9.31931854e-04 3.25409846e-03 8.38873822e-01 4.01708174e+00 7.28800233e-04 2.59295377e-01
6.73616844e-04 -1.87296377e-03 -1.54680730e-03 2.65128319e-03 7.65464663e-04 3.10991929e-03 -2.94325587e-03 1.55310772e-03 3.19570406e-03 8.40672456e-01 3.86527290e+00 -6.85299346e-04 2.57588113e-01
1.03440599e-03 -2.22524426e-03 -1.56026104e-03 2.68846984e-03 1.06300768e-03 3.07457122e-03 -2.87416659e-03 1.06802227e-03 3.07104310e-03 8.48043079e-01 3.74011584e+00 -6.65872537e-03 2.59104471e-01
9.61922941e-04 -2.27821888e-03 -1.71059739e-03 2.88319677e-03 1.00790200e-03 3.12952044e-03 -3.17495418e-03 1.35794807e-03 3.38375160e-03 8.30944240e-01 4.14274425e+00 6.98621784e-03 2.58006680e-01
7.29105445e-04 -1.18853785e-03 -1.54135140e-03 2.76254315e-03 1.40026511e-03 2.91722761e-03 -3.14851948e-03 2.06554213e-03 3.34395279e-03 8.58548119e-01 4.19630244e+00 -1.52211419e-02 2.41228515e-01
1.67228712e-03 -2.59038797e-03 -1.39540864e-03 2.83096950e-03 8.82185325e-04 3.27792153e-03 -2.86855573e-03 9.78469068e-06 2.96591589e-03 8.17890218e-01 3.68464852e+00 1.68467926e-02 2.73212578e-01
4.32829584e-04 -1.55278758e-03 -1.59545657e-03 2.58285087e-03 7.33770155e-04 3.33759477e-03 -2.94098679e-03 1.88970229e-03 3.27973697e-03 8.33126570e-01 3.99751243e+00 5.30852753e-03 2.60485168e-01
1.45300063e-03 -2.62765954e-03 -1.77171300e-03 3.03757792e-03 1.42550865e-03 3.00944436e-03 -3.12825996e-03 5.52267736e-04 3.22127227e-03 8.46091889e-01 3.87386140e+00 -5.10158170e-03 2.56889289e-01
7.67216435e-04 -1.70917149e-03 -1.73027958e-03 2.84055023e-03 1.24202179e-03 2.78656423e-03 -3.24865652e-03 1.81872954e-03 3.40509133e-03 8.46956300e-01 4.28091464e+00 -5.67532035e-03 2.44699209e-01
1.45653806e-03 -2.47332123e-03 -1.35612654e-03 2.69328844e-03 8.81956862e-04 3.31695921e-03 -2.79820086e-03 4.41423837e-04 2.96033674e-03 8.32182042e-01 3.61914711e+00 5.92303997e-03 2.70757005e-01
5.48856270e-04 -1.69641485e-03 -1.63898151e-03 2.61600749e-03 9.29424011e-04 3.14930342e-03 -2.92104211e-03 1.71433906e-03 3.20059893e-03 8.42510104e-01 3.93930953e+00 -2.12581105e-03 2.57021520e-01
1.41491073e-03 -2.65078293e-03 -1.68945187e-03 2.98656507e-03 1.17453575e-03 3.07485544e-03 -3.15187172e-03 6.66757821e-04 3.28182811e-03 8.36983790e-01 3.93907419e+00 2.19491961e-03 2.59833999e-01
1.66501352e-03 -2.77384725e-03 -1.75631184e-03 3.15834918e-03 1.28695408e-03 3.13221895e-03 -3.17988665e-03 1.14442831e-04 3.24384458e-03 8.24503286e-01 3.94775685e+00 1.18612130e-02 2.64525566e-01
6.57721374e-04 -9.85393054e-04 -1.28157813e-03 2.54666237e-03 1.26093600e-03 3.31447216e-03 -2.81610037e-03 2.03609510e-03 3.11899788e-03 8.53464861e-01 3.93041361e+00 -1.10133220e-02 2.52064192e-01
1.21306652e-03 -2.30558195e-03 -1.58295586e-03 2.77592649e-03 1.25610367e-03 2.87322535e-03 -2.96359534e-03 9.49940265e-04 3.09400419e-03 8.56115032e-01 3.75989945e+00 -1.33095201e-02 2.52604846e-01
8.43653086e-04 -2.22063559e-03 -1.66212390e-03 2.78521897e-03 7.95148600e-04 3.39522289e-03 -3.08371740e-03 1.41360504e-03 3.35859533e-03 8.21086937e-01 4.10809833e+00 1.45454977e-02 2.64750007e-01
9.54771017e-04 -2.31639748e-03 -1.60696357e-03 2.79136140e-03 7.51023148e-04 3.45582822e-03 -3.08565558e-03 1.30680289e-03 3.35748451e-03 8.21536170e-01 4.05664393e+00 1.41905964e-02 2.66071384e-01
1.10183268e-03 -2.17762608e-03 -1.60180296e-03 2.76413160e-03 1.30155528e-03 2.82970837e-03 -2.94645833e-03 1.08863787e-03 3.07790193e-03 8.55777848e-01 3.80811755e+00 -1.30096497e-02 2.50955322e-01
9.05598140e-04 -1.93283468e-03 -1.67245545e-03 2.87472329e-03 1.42314073e-03 3.34446004e-03 -3.08534146e-03 1.63525052e-03 3.31410393e-03 8.46870197e-01 4.10236304e+00 -5.63978424e-03 2.55370483e-01
1.20502477e-03 -2.43282956e-03 -1.49145463e-03 2.70257513e-03 7.40334502e-04 2.87359435e-03 -2.94596428e-03 7.48827867e-04 3.10127576e-03 8.32279542e-01 3.77509983e+00 5.88532823e-03 2.61420808e-01
4.47920322e-04 -1.25347704e-03 -1.45026319e-03 2.43235476e-03 8.58020394e-04 2.67650528e-03 -2.78171214e-03 1.79707898e-03 3.00820585e-03 8.52304430e-01 3.82537868e+00 -1.00676992e-02 2.46879334e-01
1.65635622e-03 -2.89111171e-03 -1.79280358e-03 3.26342323e-03 1.37418669e-03 3.71194964e-03 -3.27706930e-03 4.11701985e-04 3.42695970e-03 8.25933063e-01 4.05617057e+00 1.07789263e-02 2.68759166e-01
1.49067528e-03 -3.58000087e-04 -6.24776024e-04 2.46235199e-03 2.20376350e-03 3.22696106e-03 -2.65887437e-03 1.97257984e-03 2.86666764e-03 8.61021277e-01 4.12768406e+00 -1.72627617e-02 2.42948570e-01
1.71341563e-03 -2.71962357e-03 -1.73629969e-03 3.24310460e-03 8.60946482e-04 3.24473657e-03 -3.16550255e-03 -4.28454937e-04 3.18952662e-03 8.14458158e-01 3.73443528e+00 1.93700303e-02 2.71897344e-01
7.81423216e-04 -1.82781779e-03 -1.60674251e-03 2.64086764e-03 1.20577158e-03 2.86532236e-03 -2.88036027e-03 1.46218700e-03 3.06578404e-03 8.39603435e-01 4.02204474e+00 2.07679139e-04 2.54168200e-01
1.35465311e-03 -2.62675790e-03 -1.57739998e-03 2.93978317e-03 8.98272116e-04 3.32910168e-03 -3.16819244e-03 8.49753113e-04 3.35813933e-03 8.39943313e-01 3.85541541e+00 -1.67547884e-04 2.62659920e-01
1.06966512e-03 -2.39346885e-03 -1.47730150e-03 2.71149631e-03 5.07850788e-04 3.81003333e-03 -3.07391870e-03 1.25528574e-03 3.38896377e-03 8.13067884e-01 4.02279425e+00 2.05261063e-02 2.72413094e-01
1.22596966e-03 -2.13460068e-03 -1.57020866e-03 2.72392488e-03 1.47498221e-03 2.52499564e-03 -2.93446654e-03 1.00183014e-03 2.98889559e-03 8.61952066e-01 3.81982304e+00 -1.81795718e-02 2.43897445e-01
5.15533259e-04 -1.03010257e-03 -1.45693468e-03 2.73010129e-03 1.10857164e-03 3.10732869e-03 -3.06893212e-03 2.18155167e-03 3.33047551e-03 8.43748967e-01 4.18904916e+00 -3.07645948e-03 2.47683020e-01
1.52384250e-03 -2.59130594e-03 -1.63888665e-03 2.98345048e-03 1.28969358e-03 3.36619303e-03 -2.93205632e-03 2.27891721e-04 3.04971751e-03 8.35673488e-01 3.70581425e+00 3.17633184e-03 2.68317284e-01
1.20886029e-03 -2.32615260e-03 -1.65539384e-03 2.73319239e-03 1.23422143e-03 2.44068442e-03 -3.00387641e-03 8.66770679e-04 3.06898240e-03 8.56842413e-01 3.80952297e+00 -1.39025256e-02 2.45721948e-01
9.37481923e-04 -2.19037144e-03 -1.53234350e-03 2.73421461e-03 7.82921038e-04 3.86663070e-03 -3.03009059e-03 1.47107736e-03 3.36380342e-03 8.20137338e-01 4.05301429e+00 1.52529030e-02 2.70609576e-01
5.37569288e-04 -1.76693069e-03 -1.63692961e-03 2.80638911e-03 6.63185776e-04 3.54955413e-03 -3.18215519e-03 1.95024492e-03 3.52027860e-03 8.35486442e-01 4.06097440e+00 3.43626973e-03 2.59704564e-01
1.32398907e-03 -2.32061529e-03 -1.59123862e-03 2.79115115e-03 1.49656154e-03 2.88752360e-03 -2.83727553e-03 6.69624178e-04 2.93537438e-03 8.43926109e-01 3.80736920e+00 -3.32546829e-03 2.57537171e-01
4.15942387e-04 -1.35317688e-03 -1.47931359e-03 2.42327570e-03 7.84662766e-04 2.80982160e-03 -2.75713536e-03 1.76361454e-03 3.01548266e-03 8.44304171e-01 3.83459268e+00 -3.55529045e-03 2.52398047e-01
1.59182244e-03 -2.87130409e-03 -1.84189514e-03 3.25641016e-03 1.42813087e-03 3.53361223e-03 -3.31330165e-03 5.37123786e-04 3.45662511e-03 8.35086773e-01 4.04074715e+00 3.67627149e-03 2.64143670e-01
1.67365294e-03 -2.81278223e-03 -1.63659392e-03 3.06842735e-03 1.02105553e-03 3.18093814e-03 -3.17181379e-03 1.71508663e-04 3.26645671e-03 8.32652806e-01 3.80638130e+00 5.54471782e-03 2.65228749e-01
6.48488056e-04 -1.23031320e-03 -1.45786879e-03 2.56797886e-03 1.27424847e-03 3.05084916e-03 -2.87286952e-03 1.90627878e-03 3.12671502e-03 8.46532343e-01 4.06985721e+00 -5.32259661e-03 2.51221456e-01
8.02025840e-04 -1.06320212e-03 -1.33688108e-03 2.56958329e-03 1.40432139e-03 2.77458553e-03 -2.91312121e-03 1.90379905e-03 3.08414298e-03 8.60203749e-01 4.04203499e+00 -1.66119085e-02 2.41062702e-01
1.81547136e-03 -2.79120246e-03 -1.49851458e-03 3.05449418e-03 9.19556985e-04 3.50104492e-03 -3.09597919e-03 -3.41454914e-05 3.19172548e-03 8.15604115e-01 3.83053045e+00 1.85582998e-02 2.73354853e-01
7.37954862e-04 -1.14697114e-03 -1.49048199e-03 2.77419750e-03 1.49896702e-03 3.59599418e-03 -3.07723793e-03 2.18517334e-03 3.41045018e-03 8.46295295e-01 4.24363731e+00 -5.12638465e-03 2.54086647e-01
1.53306472e-03 -2.57393981e-03 -1.56682790e-03 2.83254729e-03 9.66359771e-04 2.71814258e-03 -2.92018436e-03 3.42482047e-05 2.97270483e-03 8.32914505e-01 3.63502375e+00 5.33500343e-03 2.62690656e-01
5.35188340e-04 -1.22073595e-03 -1.48331132e-03 2.42398992e-03 1.04839726e-03 2.36090839e-03 -2.79889028e-03 1.72095224e-03 2.94090431e-03 8.57656280e-01 3.90353046e+00 -1.44851882e-02 2.39654948e-01
1.86412803e-03 -2.94242951e-03 -1.55567265e-03 3.19615238e-03 1.03685284e-03 3.95250893e-03 -3.25532539e-03 2.22762187e-04 3.41152421e-03 8.19091722e-01 3.96740922e+00 1.59542857e-02 2.74382492e-01
1.28284837e-03 -2.42734279e-03 -1.58923481e-03 2.79033966e-03 1.13213883e-03 2.85046328e-03 -2.93395645e-03 6.61541710e-04 3.05092217e-03 8.36315335e-01 3.82883916e+00 2.72958823e-03 2.59269993e-01
6.03513702e-04 -1.85422888e-03 -1.74361230e-03 2.79958242e-03 9.59636966e-04 3.40744987e-03 -3.13007631e-03 1.82165940e-03 3.43626246e-03 8.43148604e-01 4.05004280e+00 -2.64462085e-03 2.57606538e-01
1.63425352e-03 -2.61973670e-03 -1.35784020e-03 2.82927018e-03 8.63397851e-04 3.47884250e-03 -2.93157559e-03 3.16199187e-04 3.08045840e-03 8.17678893e-01 3.79319783e+00 1.70289216e-02 2.73184006e-01
6.89006761e-04 -1.56477392e-03 -1.67936039e-03 2.72157982e-03 1.22376616e-03 2.68377801e-03 -3.11339762e-03 1.80461168e-03 3.27233982e-03 8.58698728e-01 4.08305827e+00 -1.53703279e-02 2.41474189e-01
1.95644582e-03 -2.95160849e-03 -1.77924431e-03 3.47816000e-03 9.44782342e-04 3.76336434e-03 -3.37869264e-03 -4.79783256e-04 3.41969629e-03 8.13533856e-01 3.86588229e+00 2.00532946e-02 2.75085253e-01
1.32523070e-03 -3.48144457e-04 -6.17754665e-04 2.26310008e-03 1.90984763e-03 2.73043594e-03 -2.49952855e-03 1.79293472e-03 2.64462692e-03 8.61668223e-01 3.98711542e+00 -1.78057654e-02 2.38462485e-01
8.03606577e-04 -1.77552170e-03 -1.55046888e-03 2.51252450e-03 1.20538765e-03 2.60108575e-03 -2.77681050e-03 1.36021186e-03 2.92538884e-03 8.41683234e-01 3.96545568e+00 -1.44361904e-03 2.51495253e-01
1.41753996e-03 -2.75974138e-03 -1.61348217e-03 3.03217430e-03 8.22800685e-04 3.55561105e-03 -3.28478824e-03 8.49853103e-04 3.49697508e-03 8.37836979e-01 3.90166982e+00 1.49687920e-03 2.65158471e-01
6.15679804e-04 -1.55515784e-03 -1.57281984e-03 2.57582318e-03 1.05379994e-03 2.78032338e-03 -2.90743692e-03 1.69981971e-03 3.11277184e-03 8.59456158e-01 3.84991612e+00 -1.60325651e-02 2.46363943e-01
1.63446854e-03 -2.77298401e-03 -1.57276272e-03 3.03659055e-03 1.07297858e-03 3.47340127e-03 -3.14577059e-03 4.24693807e-04 3.29305176e-03 8.16627694e-01 4.02189512e+00 1.78412713e-02 2.69501325e-01
1.75849992e-03 -2.78426653e-03 -1.41093098e-03 2.89410894e-03 6.22487348e-04 3.09149972e-03 -3.08067804e-03 5.05524911e-06 3.16601998e-03 8.17413415e-01 3.76278808e+00 1.72058042e-02 2.69858799e-01
7.63332941e-04 -1.33471970e-03 -1.57170783e-03 2.66241882e-03 1.52741834e-03 2.96349251e-03 -2.97604709e-03 1.86945780e-03 3.17694118e-03 8.58897325e-01 4.09594475e+00 -1.55150720e-02 2.45873673e-01
1.28476140e-03 -2.38069006e-03 -1.66792545e-03 2.88637204e-03 1.47504046e-03 3.03530525e-03 -3.03323783e-03 9.60774803e-04 3.16514007e-03 8.57145129e-01 3.83916352e+00 -1.41625372e-02 2.53216354e-01
7.97226158e-04 -2.13582695e-03 -1.55456054e-03 2.66335804e-03 5.87167056e-04 3.25588556e-03 -3.00892713e-03 1.40522154e-03 3.28258063e-03 8.19731587e-01 4.01868426e+00 1.55645147e-02 2.64413632e-01
1.74862535e-03 -2.77858192e-03 -1.73798858e-03 3.27559234e-03 1.13028190e-03 3.42135201e-03 -3.18962182e-03 -1.86912815e-04 3.24627205e-03 8.19529256e-01 3.83840933e+00 1.55945629e-02 2.70565488e-01
9.46258402e-04 -6.10194695e-04 -1.01537529e-03 2.46642205e-03 1.63002048e-03 3.06196590e-03 -2.73556693e-03 2.02250360e-03 2.98143054e-03 8.57331858e-01 4.03451459e+00 -1.41867813e-02 2.44658412e-01
1.36656227e-03 -2.42550401e-03 -1.45289619e-03 2.79389339e-03 1.13309917e-03 3.36971436e-03 -2.88762747e-03 7.41227712e-04 3.06715783e-03 8.34200023e-01 3.79601570e+00 4.38228358e-03 2.66721871e-01
6.46120437e-04 -1.84870909e-03 -1.74429749e-03 2.80287672e-03 9.87074867e-04 2.88804220e-03 -3.15401736e-03 1.70207715e-03 3.35446770e-03 8.45126536e-01 4.09183348e+00 -4.22744874e-03 2.49416406e-01
1.20257437e-03 -2.37767739e-03 -1.75499925e-03 2.97065973e-03 1.48102315e-03 3.17787132e-03 -3.16404377e-03 1.18941567e-03 3.32710494e-03 8.41888737e-01 4.12694725e+00 -1.64816098e-03 2.56121306e-01
8.34584147e-04 -2.08618385e-03 -1.48421860e-03 2.59296105e-03 6.49103459e-04 3.04245672e-03 -2.87952121e-03 1.24912619e-03 3.11144548e-03 8.37629327e-01 3.75606672e+00 1.70593985e-03 2.60789169e-01
1.70994441e-03 -2.54427694e-03 -1.65447201e-03 3.25910690e-03 1.02110892e-03 3.57522662e-03 -3.02431710e-03 -4.45075250e-04 3.05633375e-03 8.12348966e-01 3.67351246e+00 2.09221913e-02 2.76029384e-01
1.60810453e-03 -1.55939402e-04 -5.10487906e-04 2.45159867e-03 2.24333377e-03 3.03769679e-03 -2.71072901e-03 2.00317419e-03 2.88820964e-03 8.62486936e-01 4.20807251e+00 -1.84905004e-02 2.36966029e-01
9.69793876e-04 -1.94786760e-03 -1.53667023e-03 2.57427140e-03 1.15394524e-03 2.27739606e-03 -2.85589970e-03 1.12262839e-03 2.91834580e-03 8.59639587e-01 3.76826847e+00 -1.62183444e-02 2.41423443e-01
1.28566316e-03 -2.59224598e-03 -1.54540255e-03 2.88871105e-03 8.17903003e-04 4.08322088e-03 -3.15707798e-03 1.13568990e-03 3.46467443e-03 8.16357684e-01 4.09228189e+00 1.80700064e-02 2.73732813e-01
8.38528734e-04 -7.97842443e-04 -1.11225847e-03 2.47058537e-03 1.52407154e-03 3.12899522e-03 -2.70260795e-03 1.96108953e-03 2.95314143e-03 8.60715881e-01 3.90337052e+00 -1.70490780e-02 2.47163148e-01
1.76644100e-03 -2.85570876e-03 -1.74834147e-03 3.27607313e-03 1.09329945e-03 3.29940620e-03 -3.26655934e-03 -1.07005384e-04 3.32308269e-03 8.14881279e-01 3.95959162e+00 1.91031177e-02 2.68744673e-01
9.61021313e-04 -2.20396791e-03 -1.45001376e-03 2.65503559e-03 6.10977324e-04 3.42106295e-03 -2.96952120e-03 1.28078528e-03 3.24173072e-03 8.32085287e-01 3.82732677e+00 6.05520789e-03 2.65891369e-01
1.20906014e-03 -2.27680673e-03 -1.69849032e-03 2.83618475e-03 1.48369553e-03 2.79166023e-03 -3.06530604e-03 1.09149307e-03 3.16906881e-03 8.47042603e-01 4.04987138e+00 -5.79778296e-03 2.50851488e-01
7.66328586e-04 -1.77103053e-03 -1.47314993e-03 2.55350030e-03 1.09689601e-03 3.18596686e-03 -2.74913017e-03 1.47572378e-03 3.00000779e-03 8.33227010e-01 3.92845919e+00 5.22434241e-03 2.61730889e-01
1.33772453e-03 -2.68261704e-03 -1.74556549e-03 3.04642275e-03 1.04924487e-03 3.02663235e-03 -3.30063012e-03 8.56907475e-04 3.43938980e-03 8.46003028e-01 3.93931664e+00 -5.02244651e-03 2.55209013e-01
1.84446000e-03 -2.53285027e-03 -1.39395521e-03 2.98523928e-03 7.82058993e-04 3.66094809e-03 -2.87046929e-03 -4.82410050e-04 2.91233667e-03 8.14974125e-01 3.51812929e+00 1.89577509e-02 2.80568636e-01
1.64277457e-03 -2.85424497e-04 -5.88355665e-04 2.58491321e-03 2.18733472e-03 2.70229382e-03 -2.91114452e-03 1.99836290e-03 2.94935933e-03 8.60657783e-01 4.40055342e+00 -1.69337153e-02 2.30081201e-01
1.27920731e-03 -2.46196643e-03 -1.75791810e-03 2.93980409e-03 1.43310946e-03 2.91888578e-03 -3.09940347e-03 8.71407822e-04 3.20856731e-03 8.40053323e-01 4.03436266e+00 -2.02347321e-04 2.55481484e-01
5.96115904e-04 -1.93964614e-03 -1.62531014e-03 2.62332633e-03 6.21436343e-04 3.31238679e-03 -2.97830502e-03 1.60834934e-03 3.28780085e-03 8.39498478e-01 3.84857482e+00 2.43069188e-04 2.61528850e-01
1.14109527e-03 -2.30328529e-03 -1.72073288e-03 2.84656102e-03 1.47887475e-03 3.07077259e-03 -2.98589633e-03 1.06798469e-03 3.14313456e-03 8.57819750e-01 3.83437082e+00 -1.47157070e-02 2.53962829e-01
8.49578727e-04 -2.20916559e-03 -1.54509331e-03 2.71888668e-03 5.25858330e-04 3.21143197e-03 -3.06171029e-03 1.33875414e-03 3.31593386e-03 8.18834482e-01 4.02037522e+00 1.62318416e-02 2.63746377e-01
1.52938938e-03 -2.44317413e-03 -1.71448332e-03 3.14170653e-03 1.10212148e-03 3.19751751e-03 -2.91987239e-03 -3.57025805e-04 2.94662276e-03 8.20541962e-01 3.58690389e+00 1.47914057e-02 2.71324009e-01
1.91118176e-03 -8.20472188e-05 -3.01141618e-04 2.51367496e-03 2.54620143e-03 3.54506847e-03 -2.71337732e-03 2.08536383e-03 2.96890860e-03 8.56565256e-01 4.29524978e+00 -1.35162586e-02 2.43735243e-01
8.43093194e-04 -2.19234058e-03 -1.72913644e-03 2.83638178e-03 9.26628233e-04 3.03798950e-03 -3.14407487e-03 1.40925366e-03 3.35529812e-03 8.56796310e-01 3.83714411e+00 -1.38655967e-02 2.51863443e-01
1.19933697e-03 -2.34988882e-03 -1.55087920e-03 2.76826506e-03 1.15569780e-03 3.18291896e-03 -2.91721437e-03 9.32181286e-04 3.10033270e-03 8.20197516e-01 4.04023907e+00 1.52086667e-02 2.65139185e-01
5.23077592e-04 -1.40267963e-03 -1.60548855e-03 2.69757176e-03 1.02004193e-03 3.09309861e-03 -3.06038853e-03 1.98920189e-03 3.33019744e-03 8.55440621e-01 3.98385188e+00 -1.26677076e-02 2.48389586e-01
1.55415200e-03 -2.58659393e-03 -1.57043871e-03 2.97088520e-03 1.25028892e-03 3.25732873e-03 -2.97617832e-03 3.31902215e-04 3.08663811e-03 8.21996018e-01 3.89803004e+00 1.37878685e-02 2.67634164e-01
1.80666734e-03 -2.87883719e-03 -1.45100480e-03 2.99907413e-03 7.31230218e-04 3.56359991e-03 -3.16059005e-03 1.39872267e-04 3.29493141e-03 8.21886390e-01 3.80648097e+00 1.38267109e-02 2.73018721e-01
7.19843646e-04 -1.28511719e-03 -1.49509318e-03 2.55798004e-03 1.35600456e-03 2.56917145e-03 -2.89137899e-03 1.75376781e-03 3.02358808e-03 8.55531714e-01 4.06486851e+00 -1.27009102e-02 2.41750370e-01
1.63293951e-03 -2.64227635e-03 -1.38020962e-03 2.86644984e-03 8.98418700e-04 3.46027728e-03 -2.98356363e-03 3.84860566e-04 3.13486360e-03 8.37021335e-01 3.65980512e+00 2.10661851e-03 2.69720472e-01
6.75386246e-04 -1.61167711e-03 -1.70767896e-03 2.69985702e-03 1.22459959e-03 2.64942590e-03 -3.07771089e-03 1.73948482e-03 3.22975824e-03 8.42464770e-01 4.24233295e+00 -2.04085334e-03 2.46305240e-01
1.06152486e-03 -2.07779378e-03 -1.46454196e-03 2.61190432e-03 1.09626256e-03 2.59607284e-03 -2.80564326e-03 9.88042158e-04 2.91752365e-03 8.47868746e-01 3.74528977e+00 -6.50189461e-03 2.51644990e-01
1.02144241e-03 -2.31408974e-03 -1.67474040e-03 2.94906071e-03 1.05673061e-03 3.76043196e-03 -3.20079077e-03 1.47666316e-03 3.49393346e-03 8.31146856e-01 4.12814979e+00 6.81600410e-03 2.64982881e-01
8.28082029e-04 -2.20393333e-03 -1.49403636e-03 2.57852388e-03 3.33618143e-04 3.57902547e-03 -3.01044376e-03 1.40817576e-03 3.34083485e-03 8.14735600e-01 3.96345360e+00 1.92949298e-02 2.70275750e-01
1.25668009e-03 -2.34124218e-03 -1.75866301e-03 2.86299978e-03 1.57422727e-03 2.69551231e-03 -3.04788118e-03 9.21523690e-04 3.11898705e-03 8.60785810e-01 3.87550020e+00 -1.72034175e-02 2.46900457e-01
5.91050585e-04 -1.60708439e-03 -1.59130285e-03 2.71027580e-03 9.01227529e-04 4.02682811e-03 -3.07207440e-03 2.05094457e-03 3.49189412e-03 8.30804076e-01 4.11489955e+00 7.11516352e-03 2.66682434e-01
1.34527312e-03 -2.49995107e-03 -1.73732352e-03 2.78870759e-03 1.24122830e-03 2.38645641e-03 -2.97517778e-03 4.11012361e-04 3.00869092e-03 8.48158411e-01 3.75112767e+00 -6.77765225e-03 2.50424366e-01
7.41860327e-04 -1.30482595e-03 -1.62975775e-03 2.83475165e-03 1.48423386e-03 3.06817388e-03 -3.19685139e-03 2.06519724e-03 3.40507441e-03 8.62210578e-01 4.17755838e+00 -1.83160200e-02 2.42512676e-01
1.59300089e-03 -2.57805514e-03 -1.39806504e-03 2.74862101e-03 7.16998210e-04 3.06420152e-03 -2.84794478e-03 2.69621201e-06 2.94125115e-03 8.12735878e-01 3.68585432e+00 2.07007165e-02 2.72419622e-01
1.45241691e-03 -2.60816312e-03 -1.80575078e-03 3.02951397e-03 1.47970153e-03 3.09007137e-03 -3.01486442e-03 3.21552745e-04 3.10411286e-03 8.35552964e-01 3.85714713e+00 3.30365395e-03 2.62412061e-01
4.28335378e-04 -1.09143978e-03 -1.45105286e-03 2.66456264e-03 9.14608633e-04 3.44250145e-03 -3.00316274e-03 2.19822620e-03 3.35167967e-03 8.43867130e-01 4.02468643e+00 -3.19825282e-03 2.54528190e-01
9.77406062e-04 -2.07837942e-03 -1.47855558e-03 2.66854839e-03 9.69280457e-04 2.86795867e-03 -2.88460745e-03 1.17034526e-03 3.05388790e-03 8.37185889e-01 3.86995475e+00 2.07639354e-03 2.56650870e-01
1.10944194e-03 -2.31475588e-03 -1.65736298e-03 2.92646868e-03 1.23365238e-03 3.45008821e-03 -3.12436327e-03 1.29984539e-03 3.35169217e-03 8.42316002e-01 4.00914202e+00 -2.01019505e-03 2.60170177e-01
7.98473906e-04 -1.07184804e-03 -1.38575404e-03 2.56049774e-03 1.34461848e-03 2.41731110e-03 -2.98541160e-03 1.87201970e-03 3.08692143e-03 8.62783714e-01 4.10523409e+00 -1.87819912e-02 2.33889005e-01
1.88870448e-03 -2.79558493e-03 -1.40973926e-03 2.98811097e-03 8.05744845e-04 3.77999326e-03 -3.03750586e-03 -1.06974531e-04 3.15031155e-03 8.11905256e-01 3.77861979e+00 2.12953662e-02 2.78236049e-01
9.97683794e-04 -1.93021525e-03 -1.56053374e-03 2.65893534e-03 1.40140114e-03 2.69287476e-03 -2.86173017e-03 1.25540723e-03 2.97915597e-03 8.61201649e-01 3.81224925e+00 -1.75271933e-02 2.46659362e-01
1.33366490e-03 -2.56523793e-03 -1.43358884e-03 2.85564746e-03 6.46048983e-04 3.60676566e-03 -3.13664543e-03 9.63308664e-04 3.37599749e-03 8.14159514e-01 4.03320662e+00 1.97020393e-02 2.69905348e-01
1.49765633e-03 -2.79318674e-03 -1.49974409e-03 2.94164922e-03 5.63021793e-04 3.35285868e-03 -3.24774112e-03 6.49508013e-04 3.43067985e-03 8.19892326e-01 3.96268938e+00 1.53792157e-02 2.67505928e-01
7.87856900e-04 -1.75036561e-03 -1.62536428e-03 2.56528972e-03 1.35990220e-03 2.74303558e-03 -2.81516052e-03 1.44991923e-03 2.98115129e-03 8.57049620e-01 3.88298975e+00 -1.40070721e-02 2.49039837e-01
8.72256558e-04 -2.01444258e-03 -1.55052604e-03 2.56199036e-03 1.03423552e-03 2.74430513e-03 -2.78044326e-03 1.14992431e-03 2.94957939e-03 8.32944086e-01 3.89953929e+00 5.43182600e-03 2.57601955e-01
1.10730398e-03 -2.47803632e-03 -1.73172785e-03 3.03116358e-03 1.03151477e-03 3.49350208e-03 -3.27730713e-03 1.28047163e-03 3.51320698e-03 8.46263082e-01 3.96967843e+00 -5.21668404e-03 2.59437867e-01
1.34096002e-03 -2.42005987e-03 -1.44347884e-03 2.77390086e-03 1.07411399e-03 3.42537272e-03 -2.87176291e-03 7.51669761e-04 3.06515893e-03 8.45587096e-01 3.65086791e+00 -4.71106955e-03 2.66346246e-01
7.83362861e-04 -1.89785559e-03 -1.69568162e-03 2.83197346e-03 1.10979544e-03 2.81026320e-03 -3.15570741e-03 1.61339783e-03 3.31708416e-03 8.33676313e-01 4.25286344e+00 4.89269943e-03 2.50508698e-01
4.73546822e-04 -1.38824500e-03 -1.54677092e-03 2.56136120e-03 8.82988357e-04 3.77548660e-03 -2.92157908e-03 2.04098474e-03 3.33455067e-03 8.32599330e-01 4.03161476e+00 5.72780196e-03 2.65130749e-01
1.47225157e-03 -2.64823266e-03 -1.82959540e-03 2.99956381e-03 1.34481008e-03 2.60424989e-03 -3.14304527e-03 3.38872856e-04 3.17352541e-03 8.46563768e-01 3.83621934e+00 -5.49402005e-03 2.52176208e-01
1.45287061e-03 -2.53668917e-03 -1.73974972e-03 3.03342472e-03 1.51642149e-03 2.80747038e-03 -3.19230568e-03 7.51522441e-04 3.25124524e-03 8.43444995e-01 4.04858929e+00 -2.92760123e-03 2.51828274e-01
5.72205979e-04 -1.74151820e-03 -1.51689938e-03 2.52998479e-03 6.89185397e-04 3.49675440e-03 -2.85038001e-03 1.68724505e-03 3.19092048e-03 8.35999766e-01 3.83071625e+00 3.02260075e-03 2.65094428e-01
1.59103005e-03 -2.83824329e-03 -1.75957965e-03 3.15478318e-03 1.22724530e-03 3.17099803e-03 -3.31083471e-03 5.10958591e-04 3.42001837e-03 8.30492041e-01 4.06138256e+00 7.27509399e-03 2.61147735e-01
4.91632925e-04 -1.48286005e-03 -1.53905890e-03 2.47094467e-03 9.37956983e-04 3.04234553e-03 -2.76631852e-03 1.72487636e-03 3.04764940e-03 8.48450143e-01 3.81197578e+00 -6.92335258e-03 2.55680485e-01
8.34133351e-04 -2.07197331e-03 -1.61906203e-03 2.74151423e-03 9.65078977e-04 3.40574694e-03 -3.01081969e-03 1.49474648e-03 3.28738558e-03 8.40721018e-01 3.93289704e+00 -7.25754284e-04 2.61302694e-01
1.24775224e-03 -2.31962401e-03 -1.55115546e-03 2.82905715e-03 1.20941252e-03 2.87713729e-03 -3.01304887e-03 9.49942531e-04 3.13474290e-03 8.38824588e-01 3.94883000e+00 7.69623708e-04 2.55520350e-01
1.20904570e-03 -2.24613580e-03 -1.62327661e-03 2.87360743e-03 1.36355225e-03 2.79033212e-03 -3.09736581e-03 1.12473868e-03 3.19813634e-03 8.53436953e-01 3.95086376e+00 -1.10577506e-02 2.48303518e-01
9.88848132e-04 -2.20922719e-03 -1.47673939e-03 2.65094783e-03 7.74620785e-04 3.48994684e-03 -2.91812185e-03 1.24400117e-03 3.19326618e-03 8.24520291e-01 3.91896191e+00 1.19120382e-02 2.68149346e-01
4.96345640e-04 -1.65815687e-03 -1.60859038e-03 2.66361423e-03 7.62779043e-04 3.16002661e-03 -2.99575303e-03 1.80538373e-03 3.27986822e-03 8.47567213e-01 3.87801470e+00 -6.22668067e-03 2.54654900e-01
1.40311931e-03 -2.58244859e-03 -1.71457560e-03 2.97610398e-03 1.40492939e-03 3.16134790e-03 -3.06125403e-03 6.64508272e-04 3.19257734e-03 8.31494524e-01 4.00839371e+00 6.51796265e-03 2.62125039e-01
2.00201386e-03 -2.84131358e-03 -1.36144247e-03 2.96725659e-03 3.09940999e-04 3.17851584e-03 -3.13867064e-03 -5.47628636e-04 3.15897760e-03 8.15469904e-01 3.58072357e+00 1.85960858e-02 2.75539588e-01
1.27635444e-03 -8.31668552e-04 -1.09665548e-03 2.54280024e-03 2.06336404e-03 2.71992187e-03 -2.84896508e-03 1.82981409e-03 2.93271298e-03 8.60305260e-01 4.28238684e+00 -1.66431693e-02 2.38422064e-01
1.37671956e-03 -2.49815722e-03 -1.68218950e-03 2.93524632e-03 1.43763633e-03 3.02960949e-03 -3.06973492e-03 7.98447035e-04 3.18848901e-03 8.51281023e-01 3.86505063e+00 -9.31509430e-03 2.55172465e-01
6.48833639e-04 -1.90284953e-03 -1.57463083e-03 2.63056361e-03 6.71147010e-04 3.27750741e-03 -2.98119518e-03 1.61414000e-03 3.27538273e-03 8.27148091e-01 4.00247386e+00 9.92620043e-03 2.62248037e-01
1.73681528e-03 -2.89716784e-03 -1.70383264e-03 3.22714367e-03 1.24624943e-03 3.59811361e-03 -3.27323059e-03 3.04310932e-04 3.40196639e-03 8.27095690e-01 3.98817330e+00 9.87257568e-03 2.68194683e-01
5.55561193e-04 -1.13239682e-03 -1.35292368e-03 2.47611796e-03 1.09358097e-03 2.80705242e-03 -2.74889964e-03 1.83779294e-03 2.96596027e-03 8.51345895e-01 3.88655899e+00 -9.26675677e-03 2.47608372e-01
1.21564165e-03 -4.30680113e-04 -8.87575261e-04 2.65228045e-03 1.92665507e-03 3.31493763e-03 -2.93320055e-03 2.21680815e-03 3.18667502e-03 8.56899873e-01 4.25226806e+00 -1.38152252e-02 2.42533879e-01
1.59436011e-03 -2.50214127e-03 -1.61277261e-03 3.03266216e-03 1.10199672e-03 3.25100688e-03 -2.88810567e-03 -2.28421080e-04 2.93937632e-03 8.20102447e-01 3.63406585e+00 1.51488522e-02 2.72156035e-01
1.11570274e-03 -2.36178996e-03 -1.64154253e-03 2.76695997e-03 9.78088422e-04 2.63513125e-03 -3.03291635e-03 9.13273031e-04 3.14945512e-03 8.53258637e-01 3.75546522e+00 -1.09482034e-02 2.50375136e-01
9.46352825e-04 -2.13426695e-03 -1.60201394e-03 2.80340731e-03 1.12062503e-03 3.63695416e-03 -3.01073102e-03 1.45777672e-03 3.29654237e-03 8.24726152e-01 4.12263448e+00 1.17850657e-02 2.66375180e-01
8.52706147e-04 -1.77591353e-03 -1.71344052e-03 2.77772418e-03 1.39419833e-03 2.65460619e-03 -3.11915895e-03 1.61618688e-03 3.23208682e-03 8.54329502e-01 4.14640230e+00 -1.17291594e-02 2.43080226e-01
1.49660491e-03 -2.56445969e-03 -1.31086805e-03 2.71103108e-03 6.55210118e-04 3.44639005e-03 -2.92309367e-03 5.47066322e-04 3.11041547e-03 8.23418221e-01 3.73291953e+00 1.26896397e-02 2.72181898e-01
1.40993245e-03 -2.54210834e-03 -1.57716332e-03 2.94477270e-03 1.26662705e-03 3.53022547e-03 -3.00336916e-03 7.32246378e-04 3.18708197e-03 8.23125121e-01 4.00099007e+00 1.29572198e-02 2.68589836e-01
6.07558566e-04 -1.80813244e-03 -1.66860119e-03 2.67559668e-03 8.43976324e-04 2.76283410e-03 -3.04627099e-03 1.64157826e-03 3.25156452e-03 8.54551354e-01 3.88434156e+00 -1.19590555e-02 2.47259614e-01
1.23527715e-03 -2.44814878e-03 -1.73228762e-03 2.98269801e-03 1.31438558e-03 3.02206290e-03 -3.17931940e-03 1.03013893e-03 3.31502547e-03 8.34890217e-01 4.12462734e+00 3.88971736e-03 2.56394940e-01
8.09534014e-04 -1.99140938e-03 -1.50830685e-03 2.59669379e-03 8.38619891e-04 3.20589998e-03 -2.86441619e-03 1.38662090e-03 3.12260292e-03 8.44485032e-01 3.76298023e+00 -3.75901797e-03 2.60575008e-01
6.47716319e-04 -1.50726388e-03 -1.51088593e-03 2.53980403e-03 1.17060954e-03 3.18432848e-03 -2.80280057e-03 1.73113254e-03 3.07751031e-03 8.49359754e-01 3.89160778e+00 -7.65691438e-03 2.56014035e-01
1.59881627e-03 -2.79559409e-03 -1.65191825e-03 3.05751646e-03 1.03848452e-03 3.01113268e-03 -3.25065975e-03 4.35480172e-04 3.34706399e-03 8.29442527e-01 3.97859441e+00 8.07970205e-03 2.60823070e-01
9.38958876e-04 -1.30009302e-03 -1.48402222e-03 2.67635040e-03 1.64654647e-03 2.84576792e-03 -3.02571433e-03 1.84870535e-03 3.17601364e-03 8.61716874e-01 4.15705997e+00 -1.78813245e-02 2.41740898e-01
1.78781005e-03 -2.73612190e-03 -1.33447553e-03 2.83680402e-03 5.31656494e-04 3.17590551e-03 -3.00887228e-03 -8.80597435e-05 3.09339393e-03 8.13456281e-01 3.70123588e+00 2.01493321e-02 2.73093063e-01
1.57049981e-03 -2.58821512e-03 -1.54754660e-03 2.84425426e-03 7.95879930e-04 2.75037294e-03 -2.91557211e-03 -1.62831023e-04 2.95755523e-03 8.15482191e-01 3.68685068e+00 1.86488059e-02 2.67729244e-01
1.00277060e-03 -9.29532337e-04 -1.26214275e-03 2.79338957e-03 1.84902420e-03 3.59211987e-03 -3.02883792e-03 2.18897017e-03 3.31387419e-03 8.60290767e-01 4.17410621e+00 -1.66847210e-02 2.48416407e-01
9.52581838e-04 -2.03146738e-03 -1.38651980e-03 2.54894682e-03 8.44645330e-04 2.93024706e-03 -2.76258611e-03 1.12451794e-03 2.95658293e-03 8.36860053e-01 3.74099942e+00 2.32103374e-03 2.60089650e-01
1.12238965e-03 -2.40948332e-03 -1.79816970e-03 3.02522340e-03 1.32723642e-03 3.31973558e-03 -3.26336864e-03 1.32214081e-03 3.46523567e-03 8.42629237e-01 4.13608789e+00 -2.24835786e-03 2.56750025e-01
8.27790283e-04 -1.79461049e-03 -1.59878054e-03 2.50593771e-03 1.16365798e-03 2.22393117e-03 -2.86492367e-03 1.32097883e-03 2.94261804e-03 8.51937609e-01 3.95254715e+00 -9.76328719e-03 2.41885342e-01
1.57017239e-03 -2.73906852e-03 -1.42844767e-03 2.93024117e-03 7.95181404e-04 3.98478223e-03 -3.17170116e-03 8.03737562e-04 3.42042121e-03 8.26380099e-01 3.91912506e+00 1.04333535e-02 2.73138946e-01
1.39780516e-03 -2.59399684e-03 -1.46759717e-03 2.90035937e-03 8.12332323e-04 3.52325713e-03 -3.11636667e-03 8.38186075e-04 3.32589805e-03 8.32531997e-01 3.85631353e+00 5.67420306e-03 2.67138480e-01
8.86067583e-04 -1.77770794e-03 -1.54985745e-03 2.65979304e-03 1.34340311e-03 2.72521443e-03 -2.89381684e-03 1.44625091e-03 3.02878185e-03 8.46643786e-01 4.01969118e+00 -5.44304069e-03 2.49179880e-01
1.52867711e-03 -2.72377899e-03 -1.47710548e-03 2.91646331e-03 7.66742476e-04 3.40270668e-03 -3.13434033e-03 5.83813430e-04 3.31007712e-03 8.15420662e-01 3.98367196e+00 1.87455253e-02 2.69290203e-01
8.10236459e-04 -1.75866972e-03 -1.59687948e-03 2.62289306e-03 1.26983810e-03 2.77802054e-03 -2.90832349e-03 1.51708457e-03 3.07690383e-03 8.60320136e-01 3.87251396e+00 -1.67626112e-02 2.46944061e-01
8.41454912e-04 -1.99195876e-03 -1.57109323e-03 2.57733080e-03 9.91885900e-04 2.62983101e-03 -2.84881880e-03 1.23182267e-03 3.00576260e-03 8.53758154e-01 3.74603846e+00 -1.13216007e-02 2.49985250e-01
1.26039839e-03 -2.49435207e-03 -1.60287067e-03 3.00070935e-03 1.11036069e-03 3.67208243e-03 -3.17351188e-03 1.13907721e-03 3.41186034e-03 8.24119268e-01 4.12748727e+00 1.22166483e-02 2.66530563e-01
1.68493071e-03 -2.81754098e-03 -1.74650748e-03 3.19846428e-03 1.23547818e-03 3.06191326e-03 -3.27386390e-03 2.06912037e-04 3.33451736e-03 8.34318606e-01 3.91576471e+00 4.25378256e-03 2.60615188e-01
5.82294000e-04 -1.10797827e-03 -1.36795040e-03 2.49116938e-03 1.21096894e-03 3.29272908e-03 -2.74852835e-03 1.94525895e-03 3.06014019e-03 8.45014571e-01 3.95341506e+00 -4.10598508e-03 2.56311797e-01
9.91941014e-04 -2.03110977e-03 -1.55098159e-03 2.70611270e-03 1.10528395e-03 2.61471276e-03 -2.99321264e-03 1.26031118e-03 3.10841135e-03 8.53491902e-01 3.87400717e+00 -1.10946532e-02 2.46540886e-01
1.17339532e-03 -2.41979362e-03 -1.56315517e-03 2.84411037e-03 1.00898697e-03 3.69322567e-03 -3.02417149e-03 1.10634750e-03 3.28518975e-03 8.24454855e-01 4.00408384e+00 1.19547049e-02 2.69355122e-01
8.80589373e-04 -1.88485603e-03 -1.65547691e-03 2.85900622e-03 1.32160724e-03 3.06369215e-03 -3.11991328e-03 1.63244149e-03 3.30481409e-03 8.60476799e-01 3.96817440e+00 -1.69095778e-02 2.47592546e-01
1.37216781e-03 -2.45841757e-03 -1.39612792e-03 2.73944836e-03 8.60806419e-04 3.21118358e-03 -2.89464011e-03 6.37273578e-04 3.06192404e-03 8.15192433e-01 3.89367951e+00 1.89284320e-02 2.68791577e-01
1.15446549e-03 -2.05445024e-03 -1.63757834e-03 2.78933469e-03 1.62165174e-03 2.77287985e-03 -3.00508842e-03 1.25677033e-03 3.09981297e-03 8.62533196e-01 3.94225372e+00 -1.86453253e-02 2.45359119e-01
1.23748574e-03 -2.50598358e-03 -1.36888217e-03 2.65295604e-03 3.59931219e-04 3.42611312e-03 -3.01680394e-03 9.00134509e-04 3.25951543e-03 8.12237248e-01 3.89575502e+00 2.11199848e-02 2.71167706e-01
1.66051271e-03 -2.77736206e-03 -1.55656763e-03 2.99772796e-03 8.87635705e-04 3.30589803e-03 -3.10586428e-03 1.64036371e-04 3.22047491e-03 8.24141342e-01 3.80737072e+00 1.21203690e-02 2.69468819e-01
7.38286168e-04 -1.27416125e-03 -1.46467951e-03 2.60499900e-03 1.33859151e-03 2.89113786e-03 -2.93745500e-03 1.86249617e-03 3.13840254e-03 8.53756124e-01 4.06834591e+00 -1.12381341e-02 2.46141323e-01
7.44177713e-04 -1.79006038e-03 -1.71549523e-03 2.82133694e-03 1.13027850e-03 2.87310832e-03 -3.20551820e-03 1.76032983e-03 3.38830068e-03 8.50582482e-01 4.13665166e+00 -8.65635791e-03 2.46280383e-01
1.38812229e-03 -2.47257766e-03 -1.42860726e-03 2.73090339e-03 9.75026664e-04 3.30782356e-03 -2.84021459e-03 5.76335510e-04 3.01465270e-03 8.28006036e-01 3.74897160e+00 9.18841269e-03 2.69344198e-01
5.45806415e-04 -1.59824285e-03 -1.67730885e-03 2.70271051e-03 1.04543315e-03 3.10460232e-03 -3.02712746e-03 1.84660304e-03 3.28812976e-03 8.55742452e-01 3.93367138e+00 -1.29301750e-02 2.50591467e-01
1.54406142e-03 -2.59350108e-03 -1.52217103e-03 2.94108262e-03 1.14731699e-03 3.18133788e-03 -3.02135142e-03 4.53859545e-04 3.13880082e-03 8.21602365e-01 3.94307172e+00 1.40974013e-02 2.65885725e-01
1.35817763e-03 -2.42582742e-03 -1.47281012e-03 2.75949332e-03 1.12632199e-03 3.20240570e-03 -2.86024554e-03 6.61294007e-04 3.01971193e-03 8.23296976e-01 3.88602728e+00 1.28258838e-02 2.67028122e-01
7.50018462e-04 -1.88665289e-03 -1.68293703e-03 2.83445442e-03 1.02975051e-03 3.06456492e-03 -3.17738967e-03 1.71344829e-03 3.39644466e-03 8.54416099e-01 3.99086000e+00 -1.18463553e-02 2.49209375e-01
1.50574222e-03 -2.75338096e-03 -1.73674229e-03 3.15570586e-03 1.33025502e-03 3.59334124e-03 -3.23445311e-03 6.96566384e-04 3.40640691e-03 8.39028325e-01 3.96334715e+00 5.61603779e-04 2.64547604e-01
4.73243991e-04 -1.56198107e-03 -1.56917430e-03 2.49763626e-03 7.99551262e-04 2.72191512e-03 -2.83488611e-03 1.66294619e-03 3.06098045e-03 8.40515855e-01 3.91387021e+00 -5.19805221e-04 2.52015286e-01
1.08895120e-03 -2.24164312e-03 -1.53450961e-03 2.77174053e-03 1.09604932e-03 3.27446451e-03 -2.93632341e-03 1.12778993e-03 3.14780193e-03 8.38612621e-01 3.87154019e+00 9.31611823e-04 2.62022515e-01
9.62745990e-04 -2.18107707e-03 -1.65044592e-03 2.80570149e-03 1.04286813e-03 2.98299994e-03 -3.09250433e-03 1.32841798e-03 3.27693083e-03 8.40929581e-01 4.01106509e+00 -8.86104913e-04 2.54685837e-01
1.58070531e-03 -2.58754519e-03 -1.67781837e-03 3.04381301e-03 1.29503659e-03 3.14425755e-03 -2.97051730e-03 2.62943946e-05 3.03661376e-03 8.30048401e-01 3.73375074e+00 7.56542656e-03 2.66397685e-01
7.94481542e-04 -7.90019422e-04 -1.20861859e-03 2.64474564e-03 1.42266122e-03 3.40476096e-03 -2.96047576e-03 2.20478758e-03 3.27341830e-03 8.48835405e-01 4.15013112e+00 -7.18945906e-03 2.49891983e-01
4.74158337e-04 -1.71228015e-03 -1.51693924e-03 2.42229507e-03 5.25876573e-04 3.14658309e-03 -2.77495747e-03 1.59666680e-03 3.08513559e-03 8.31753260e-01 3.79131385e+00 6.35376675e-03 2.63151697e-01
1.41145041e-03 -2.69822332e-03 -1.91659300e-03 3.15778501e-03 1.55589311e-03 3.08922642e-03 -3.32056426e-03 8.25740267e-04 3.42701986e-03 8.47330500e-01 4.07579074e+00 -6.07512128e-03 2.54059098e-01
1.33176326e-03 -2.56146178e-03 -1.51413560e-03 2.88173412e-03 9.12259537e-04 3.77000662e-03 -3.09902256e-03 9.93181430e-04 3.35304253e-03 8.18512521e-01 4.05014992e+00 1.64526896e-02 2.70918064e-01
9.70393952e-04 -1.96229622e-03 -1.53974091e-03 2.62632013e-03 1.15679435e-03 2.52815690e-03 -2.91637044e-03 1.24665846e-03 3.02471066e-03 8.58068614e-01 3.81716968e+00 -1.48974485e-02 2.44879724e-01
7.42795537e-04 -2.08794295e-03 -1.40186291e-03 2.42036232e-03 1.26006304e-04 3.32846912e-03 -2.89498210e-03 1.36381197e-03 3.20904556e-03 8.14300609e-01 3.83460814e+00 1.96128032e-02 2.69526099e-01
1.41040588e-03 -2.41997778e-03 -1.80523430e-03 3.02906192e-03 1.88613775e-03 2.96125064e-03 -3.15255049e-03 9.64153669e-04 3.22391381e-03 8.61094578e-01 3.99674784e+00 -1.74566091e-02 2.48090566e-01
1.16829251e-03 -2.30531811e-03 -1.56672588e-03 2.81359429e-03 1.22808424e-03 3.27071707e-03 -2.93575792e-03 1.02079480e-03 3.12726813e-03 8.29611156e-01 3.98328944e+00 8.00046100e-03 2.63680559e-01
7.80951032e-04 -2.12159686e-03 -1.70996846e-03 2.79205274e-03 8.64506430e-04 2.98490733e-03 -3.11340358e-03 1.44638746e-03 3.32733860e-03 8.49206816e-01 3.89852670e+00 -7.58513967e-03 2.52969639e-01
8.40722029e-04 -1.94168491e-03 -1.65206502e-03 2.77363695e-03 1.11729255e-03 2.91171587e-03 -3.09018779e-03 1.54561529e-03 3.27324221e-03 8.58379489e-01 3.91287856e+00 -1.51548219e-02 2.47719657e-01
1.31565450e-03 -2.50140262e-03 -1.51795092e-03 2.80507297e-03 9.75939529e-04 3.32396424e-03 -2.95590591e-03 7.39550564e-04 3.14326519e-03 8.18092658e-01 3.95892572e+00 1.67655994e-02 2.68534281e-01
1.05747577e-03 -2.13969283e-03 -1.59494636e-03 2.74883771e-03 1.35986696e-03 3.09671597e-03 -2.87982327e-03 1.15208448e-03 3.05764693e-03 8.46010325e-01 3.88048217e+00 -4.97806027e-03 2.57685405e-01
9.62955402e-04 -2.23497679e-03 -1.56581685e-03 2.84607081e-03 7.80113180e-04 3.20918222e-03 -3.13429287e-03 1.34658412e-03 3.35767579e-03 8.33230499e-01 3.99272256e+00 5.17775752e-03 2.59284737e-01
1.17607011e-03 -2.11290846e-03 -1.57794768e-03 2.69768165e-03 1.47383350e-03 2.63027844e-03 -2.90021863e-03 1.05060064e-03 2.98358107e-03 8.51062764e-01 3.92365103e+00 -9.08037513e-03 2.48940695e-01
9.59701513e-04 -2.38636311e-03 -1.58227419e-03 2.76516588e-03 5.12101123e-04 3.60876488e-03 -3.13752997e-03 1.31978238e-03 3.43990946e-03 8.27428319e-01 3.93923607e+00 9.66313888e-03 2.67704543e-01
1.43730483e-03 -2.49502132e-03 -1.43101405e-03 2.80015282e-03 9.10163970e-04 2.86816579e-03 -2.98074131e-03 5.57357789e-04 3.08968874e-03 8.39219770e-01 3.72362571e+00 3.98107118e-04 2.59498892e-01
7.94009321e-04 -1.78601413e-03 -1.66160372e-03 2.78595753e-03 1.34431638e-03 3.36634343e-03 -3.04061615e-03 1.74123511e-03 3.30225675e-03 8.40323982e-01 4.15908520e+00 -3.57447901e-04 2.57400959e-01
1.76603254e-03 -2.95451550e-03 -1.97272073e-03 3.46604049e-03 1.33723211e-03 3.43085154e-03 -3.39185633e-03 -1.41982509e-04 3.44538065e-03 8.23493330e-01 3.97990459e+00 1.25983136e-02 2.67036691e-01
8.35846067e-04 -5.38879290e-04 -9.54150494e-04 2.31528087e-03 1.47745232e-03 3.10119915e-03 -2.56116898e-03 1.96518217e-03 2.84847268e-03 8.54272392e-01 3.88523185e+00 -1.16509183e-02 2.49113475e-01
6.03106359e-04 -1.61171210e-03 -1.60961860e-03 2.52589092e-03 1.01240050e-03 2.46893955e-03 -2.87222726e-03 1.56019579e-03 3.02206362e-03 8.53220749e-01 3.90123139e+00 -1.08258174e-02 2.44401913e-01
1.57784861e-03 -2.79080648e-03 -1.56327874e-03 3.03885440e-03 9.95086147e-04 3.77476019e-03 -3.18861656e-03 6.37849033e-04 3.39312295e-03 8.24804502e-01 3.97259129e+00 1.16455844e-02 2.70912802e-01
1.16440808e-03 -2.24115849e-03 -1.56912509e-03 2.76535807e-03 1.16330116e-03 2.61136378e-03 -2.98680627e-03 9.63470119e-04 3.07929881e-03 8.46958997e-01 3.87095966e+00 -5.76204877e-03 2.50013743e-01
8.57744316e-04 -2.15372716e-03 -1.64336018e-03 2.78774000e-03 9.53722940e-04 3.70172810e-03 -3.03981723e-03 1.50381789e-03 3.35340615e-03 8.32173478e-01 4.00785427e+00 6.01655686e-03 2.66435963e-01
1.66626930e-03 -2.61676752e-03 -1.37105143e-03 2.83971335e-03 8.79510197e-04 3.42588326e-03 -2.90659027e-03 1.73018717e-04 3.03408477e-03 8.29874578e-01 3.62776630e+00 7.69163685e-03 2.72546792e-01
8.42892631e-04 -1.25929311e-03 -1.44723809e-03 2.75564923e-03 1.45976871e-03 2.79510070e-03 -3.08440141e-03 1.92921823e-03 3.21966717e-03 8.48985265e-01 4.27510815e+00 -7.30474561e-03 2.42418313e-01
1.65333701e-03 -2.64300073e-03 -1.43263742e-03 2.88688856e-03 9.47473785e-04 3.49299819e-03 -2.93243354e-03 1.82034818e-04 3.06529744e-03 8.21376023e-01 3.74348830e+00 1.42245035e-02 2.73495492e-01
6.29405104e-04 -1.31773939e-03 -1.60472253e-03 2.70682913e-03 1.21272639e-03 2.70972659e-03 -3.10886003e-03 1.95319869e-03 3.28173802e-03 8.55925061e-01 4.14531475e+00 -1.30377123e-02 2.40849239e-01
8.01228612e-04 -1.95853937e-03 -1.63148419e-03 2.68401472e-03 1.10072175e-03 3.04468064e-03 -2.94381283e-03 1.46294099e-03 3.16559426e-03 8.34769660e-01 4.04753254e+00 4.01768802e-03 2.57715680e-01
1.33217972e-03 -2.48487156e-03 -1.53921699e-03 2.90344333e-03 1.06143806e-03 3.19078622e-03 -3.09138037e-03 8.93416863e-04 3.25571354e-03 8.44589235e-01 3.83291855e+00 -3.88151459e-03 2.59309436e-01
1.68382566e-03 4.15433065e-06 -3.87838710e-04 2.53641295e-03 2.31362583e-03 3.16156125e-03 -2.76249297e-03 2.11731096e-03 2.94427250e-03 8.60730719e-01 4.27012536e+00 -1.70076011e-02 2.36137605e-01
1.64346811e-03 -2.42948605e-03 -1.61588942e-03 3.19071524e-03 1.17618033e-03 3.63218954e-03 -2.89258774e-03 -3.55868553e-04 2.93786613e-03 8.14870843e-01 3.62707565e+00 1.90504238e-02 2.76557663e-01
6.09861997e-04 -9.74636002e-04 -1.29583898e-03 2.46940670e-03 1.16687518e-03 3.05008142e-03 -2.78118538e-03 1.96906798e-03 3.05553271e-03 8.44978614e-01 4.00445380e+00 -4.06534666e-03 2.51216060e-01
1.71660512e-03 -2.85146645e-03 -1.77371654e-03 3.23349513e-03 1.31030692e-03 3.36830590e-03 -3.23695912e-03 1.30865172e-04 3.32452739e-03 8.34355218e-01 3.87155107e+00 4.21069446e-03 2.65302005e-01
1.17183770e-03 -2.40002305e-03 -1.49278513e-03 2.79340194e-03 8.45633147e-04 3.96748895e-03 -3.05162005e-03 1.24116759e-03 3.36231650e-03 8.21807578e-01 4.01085564e+00 1.39683085e-02 2.72314007e-01
1.02410581e-03 -2.15128481e-03 -1.65551068e-03 2.65216547e-03 1.13779647e-03 2.31165139e-03 -2.97836245e-03 1.06805192e-03 3.04865646e-03 8.55575484e-01 3.85919482e+00 -1.28211396e-02 2.43165382e-01
1.03200048e-03 -2.43339334e-03 -1.76586094e-03 2.94824611e-03 9.36689957e-04 2.97302584e-03 -3.26419282e-03 1.21543748e-03 3.43854680e-03 8.30985480e-01 4.14899189e+00 6.94272966e-03 2.56087578e-01
9.89169987e-04 -2.05575761e-03 -1.47836104e-03 2.62506101e-03 1.14684040e-03 3.22303248e-03 -2.78052896e-03 1.20020665e-03 3.00361025e-03 8.48010204e-01 3.73297557e+00 -6.61854672e-03 2.60945286e-01
7.92354545e-04 -1.80963265e-03 -1.65180879e-03 2.58409602e-03 1.20078499e-03 2.42439184e-03 -2.91071996e-03 1.38919059e-03 3.01811076e-03 8.49320052e-01 3.99748820e+00 -7.61765367e-03 2.45157842e-01
1.48514301e-03 -2.64952245e-03 -1.43026462e-03 2.91591755e-03 8.07651859e-04 3.77408909e-03 -3.13162414e-03 8.22976375e-04 3.36138852e-03 8.29489070e-01 3.87747541e+00 8.03638745e-03 2.70546170e-01
1.56765777e-03 -2.80411124e-03 -1.70318320e-03 3.08141298e-03 1.03887167e-03 3.12863348e-03 -3.22245237e-03 3.52071912e-04 3.32907591e-03 8.29701382e-01 3.92172208e+00 7.86581382e-03 2.63414809e-01
6.50430317e-04 -1.31814425e-03 -1.43018917e-03 2.57007018e-03 1.23538847e-03 3.14518453e-03 -2.81730866e-03 1.84120723e-03 3.07679253e-03 8.49137189e-01 3.95047983e+00 -7.46271095e-03 2.53193682e-01
1.84086028e-03 -2.86706552e-03 -1.63162574e-03 3.19650915e-03 9.53091335e-04 3.42184606e-03 -3.21480820e-03 -1.65570341e-04 3.28403523e-03 8.25575231e-01 3.77083693e+00 1.09876023e-02 2.70711254e-01
8.92031558e-04 -8.30067820e-04 -1.16391617e-03 2.47047572e-03 1.55416111e-03 2.86255606e-03 -2.77499685e-03 1.91751555e-03 2.97427334e-03 8.52597784e-01 4.10341054e+00 -1.02517801e-02 2.44597140e-01
1.94743118e-03 -3.02082713e-03 -1.69261419e-03 3.32093432e-03 8.64486603e-04 3.52159391e-03 -3.37170680e-03 -2.67812186e-04 3.43309729e-03 8.17145709e-01 3.89462150e+00 1.73826909e-02 2.72007323e-01
8.60164714e-04 -7.40187247e-04 -1.09958618e-03 2.37225911e-03 1.56368900e-03 2.75414374e-03 -2.63334585e-03 1.84430698e-03 2.81775844e-03 8.59095550e-01 3.95579829e+00 -1.56596917e-02 2.42862469e-01
1.64713101e-03 -2.58093722e-03 -1.28671018e-03 2.70525489e-03 7.83948131e-04 3.52917995e-03 -2.81406157e-03 2.24803264e-04 2.96814641e-03 8.28059415e-01 3.58192996e+00 9.09720820e-03 2.75626026e-01
7.66717777e-04 -1.44973617e-03 -1.65506329e-03 2.80151233e-03 1.33587907e-03 2.52781253e-03 -3.22562797e-03 1.87559313e-03 3.31390073e-03 8.50537651e-01 4.33295631e+00 -8.57523203e-03 2.38347434e-01
1.87977037e-03 -2.72067372e-03 -1.33918306e-03 2.84427856e-03 3.69129284e-04 3.00883075e-03 -2.99985533e-03 -4.76884094e-04 3.02371395e-03 8.16985517e-01 3.51955188e+00 1.74685503e-02 2.74370044e-01
1.35053352e-03 -8.91280751e-04 -1.12122682e-03 2.64513500e-03 2.12359590e-03 2.91449267e-03 -2.96734595e-03 1.90531401e-03 3.07699976e-03 8.59213576e-01 4.35457949e+00 -1.57302573e-02 2.39988561e-01
8.24867551e-04 -1.25851150e-03 -1.35972126e-03 2.49248277e-03 1.45849684e-03 2.67737235e-03 -2.75945069e-03 1.67978777e-03 2.90362674e-03 8.53080579e-01 4.01450139e+00 -1.06706189e-02 2.45379670e-01
1.86958313e-03 -2.93484197e-03 -1.45941683e-03 3.08227163e-03 7.49396733e-04 3.48770763e-03 -3.26308846e-03 1.53429954e-04 3.38229557e-03 8.24982009e-01 3.84460695e+00 1.14670447e-02 2.70231956e-01
1.14180683e-03 -2.22648603e-03 -1.67740409e-03 2.94161726e-03 1.51235460e-03 3.30122369e-03 -3.08914937e-03 1.30279467e-03 3.27297862e-03 8.47989600e-01 4.03541690e+00 -6.57722453e-03 2.56132383e-01
9.35984227e-04 -2.17360457e-03 -1.47339998e-03 2.64821165e-03 6.70317436e-04 2.99361372e-03 -2.92549582e-03 1.15824905e-03 3.13365227e-03 8.31014318e-01 3.83870930e+00 6.89804928e-03 2.60850518e-01
1.77665087e-03 -2.98976809e-03 -1.78643540e-03 3.33104813e-03 1.28992009e-03 3.72888689e-03 -3.35600550e-03 2.57785731e-04 3.48899821e-03 8.33244331e-01 3.95758826e+00 5.08529169e-03 2.68179982e-01
4.50925684e-04 -1.09182586e-03 -1.40193994e-03 2.38060284e-03 9.72228853e-04 2.63812852e-03 -2.70980133e-03 1.81411673e-03 2.92994831e-03 8.45997339e-01 3.91243538e+00 -4.89181028e-03 2.47752837e-01
7.99106340e-04 -2.04460538e-03 -1.75059046e-03 2.86471702e-03 1.16067859e-03 3.39324115e-03 -3.13935131e-03 1.64523879e-03 3.40852352e-03 8.42699531e-01 4.08832552e+00 -2.28631464e-03 2.57817718e-01
1.22514593e-03 -2.30713971e-03 -1.45778941e-03 2.72058242e-03 9.98804442e-04 2.86912923e-03 -2.89065845e-03 8.12948121e-04 3.02664756e-03 8.36786564e-01 3.79118116e+00 2.36001806e-03 2.59008233e-01
9.44472783e-04 -1.19831766e-03 -1.30746135e-03 2.50165122e-03 1.46231411e-03 2.25297030e-03 -2.86382859e-03 1.64669673e-03 2.89129895e-03 8.58389016e-01 4.10333299e+00 -1.50725518e-02 2.34438403e-01
1.98572925e-03 -2.93179499e-03 -1.32584655e-03 2.95771197e-03 6.21386487e-04 3.90859159e-03 -3.14743905e-03 3.29924153e-05 3.29140652e-03 8.18109018e-01 3.77661521e+00 1.66656555e-02 2.78276408e-01
1.76088876e-03 -2.92738430e-03 -1.39821654e-03 2.95676064e-03 4.92588587e-04 3.61453161e-03 -3.25688967e-03 3.78753812e-04 3.43109318e-03 8.16169294e-01 3.91260388e+00 1.81534341e-02 2.72689362e-01
7.73548703e-04 -1.58608558e-03 -1.58816586e-03 2.49275571e-03 1.35606372e-03 2.43859380e-03 -2.81253651e-03 1.48465824e-03 2.92417631e-03 8.59795403e-01 3.92678263e+00 -1.62852545e-02 2.42633824e-01
6.00883954e-04 -1.96601103e-03 -1.61460071e-03 2.66375334e-03 5.38849348e-04 3.20546788e-03 -3.02889080e-03 1.59278103e-03 3.31566762e-03 8.32656392e-01 3.92351185e+00 5.63916474e-03 2.60555299e-01
1.31278206e-03 -2.41916220e-03 -1.69228438e-03 2.90624872e-03 1.53034714e-03 3.08519493e-03 -3.02725462e-03 9.08130255e-04 3.16005475e-03 8.46526485e-01 3.94964351e+00 -5.41033191e-03 2.56614352e-01
1.18468439e-03 -2.20461596e-03 -1.76813630e-03 2.83590759e-03 1.47694082e-03 2.43759036e-03 -3.21502366e-03 1.23127883e-03 3.25199697e-03 8.61518799e-01 4.07390201e+00 -1.77790323e-02 2.39234208e-01
1.28923193e-03 -2.38167474e-03 -1.23660950e-03 2.50985242e-03 4.71785508e-04 3.65310385e-03 -2.82459736e-03 8.75038318e-04 3.08716664e-03 8.13713726e-01 3.78255202e+00 2.00197493e-02 2.75584938e-01
1.19990803e-03 -2.33061477e-03 -1.64638045e-03 2.89310682e-03 1.35722921e-03 3.16690802e-03 -3.06502064e-03 1.11792729e-03 3.23220933e-03 8.53555048e-01 3.88103490e+00 -1.11726657e-02 2.55080043e-01
8.46765898e-04 -2.16454945e-03 -1.58511055e-03 2.68926194e-03 7.36147338e-04 3.10085764e-03 -2.97951789e-03 1.28430729e-03 3.21214934e-03 8.24365799e-01 3.98810035e+00 1.20442263e-02 2.62235630e-01
9.96844881e-04 -2.25363709e-03 -1.56833035e-03 2.72559232e-03 9.27614070e-04 3.28825021e-03 -2.94496684e-03 1.16680534e-03 3.18049634e-03 8.43971624e-01 3.77892968e+00 -3.36543390e-03 2.62182962e-01
9.76760015e-04 -2.25248731e-03 -1.73557714e-03 2.83978959e-03 1.12557385e-03 2.88980405e-03 -3.11719582e-03 1.26049958e-03 3.28145247e-03 8.35437187e-01 4.10987279e+00 3.47790445e-03 2.54724910e-01
1.41850348e-03 -2.54632407e-03 -1.59738208e-03 2.84435263e-03 1.11441172e-03 2.96169198e-03 -2.93005530e-03 3.80754539e-04 3.03708113e-03 8.42180702e-01 3.67098484e+00 -1.97826344e-03 2.61891923e-01
6.31027458e-04 -1.48107374e-03 -1.58936944e-03 2.78047377e-03 1.13636982e-03 3.35915509e-03 -3.10485279e-03 2.00449707e-03 3.39351432e-03 8.37311625e-01 4.21357346e+00 2.04247507e-03 2.55179618e-01
8.39130898e-04 -1.57546820e-03 -1.64599805e-03 2.76612420e-03 1.33354878e-03 2.61699259e-03 -3.19609278e-03 1.79194131e-03 3.30905477e-03 8.53346561e-01 4.24646428e+00 -1.08982946e-02 2.40361040e-01
1.64354449e-03 -2.56571349e-03 -1.27174447e-03 2.72105965e-03 8.01494255e-04 3.46207530e-03 -2.83864229e-03 2.84682539e-04 2.98948581e-03 8.24652087e-01 3.64950334e+00 1.17286317e-02 2.74055457e-01
1.85114628e-03 -2.88101924e-03 -1.45900954e-03 3.06827688e-03 9.36897627e-04 3.97566331e-03 -3.15641022e-03 2.31916404e-04 3.32378187e-03 8.20554977e-01 3.87600421e+00 1.48428530e-02 2.76060991e-01
6.78704029e-04 -1.30987836e-03 -1.47226672e-03 2.47558457e-03 1.13099373e-03 2.27996945e-03 -2.88322775e-03 1.68601850e-03 2.98449129e-03 8.56553995e-01 4.00697353e+00 -1.35584347e-02 2.37375892e-01
1.56301234e-03 -2.65606204e-03 -1.52271394e-03 2.87175268e-03 8.30492648e-04 2.98905570e-03 -2.99201469e-03 1.32766115e-04 3.08342587e-03 8.25221754e-01 3.72382304e+00 1.12948863e-02 2.67031063e-01
6.75957446e-04 -1.30737419e-03 -1.59369444e-03 2.74071725e-03 1.41169708e-03 3.19046416e-03 -3.05677300e-03 2.01238623e-03 3.30976579e-03 8.52886194e-01 4.15182204e+00 -1.05201735e-02 2.49094564e-01
5.35744241e-04 -1.65946217e-03 -1.69037251e-03 2.78458001e-03 9.02754799e-04 3.68024675e-03 -3.15318586e-03 2.03269710e-03 3.52189780e-03 8.42457184e-01 4.06617525e+00 -2.08617789e-03 2.59713924e-01
1.41470661e-03 -2.43349930e-03 -1.57872700e-03 2.77886427e-03 1.29307961e-03 2.67993516e-03 -2.88836399e-03 4.55868475e-04 2.95419910e-03 8.37039130e-01 3.80868735e+00 2.15425156e-03 2.57354556e-01
1.38087584e-03 -2.43719002e-03 -1.53939256e-03 2.82812852e-03 1.25949900e-03 3.13133922e-03 -2.87190102e-03 5.67336358e-04 3.00464026e-03 8.22375474e-01 3.91826434e+00 1.35272999e-02 2.66012581e-01
6.45011193e-04 -1.71362089e-03 -1.63402944e-03 2.82756672e-03 9.76491327e-04 3.22636182e-03 -3.15470081e-03 1.87084131e-03 3.41194985e-03 8.55138307e-01 3.96076273e+00 -1.24462644e-02 2.50447756e-01
1.68885751e-03 -2.85132377e-03 -1.63517545e-03 3.14576866e-03 1.19421189e-03 3.72180697e-03 -3.21164013e-03 4.31788342e-04 3.37575649e-03 8.27268667e-01 3.96629016e+00 9.74425960e-03 2.69910247e-01
5.34285528e-04 -1.37648752e-03 -1.50729987e-03 2.48565622e-03 9.68725726e-04 2.59181177e-03 -2.83799338e-03 1.73113199e-03 3.02827787e-03 8.51201523e-01 3.91317384e+00 -9.15262921e-03 2.45497016e-01
9.03346027e-04 -2.11195254e-03 -1.60786411e-03 2.77990912e-03 1.01632952e-03 3.13567146e-03 -3.01647956e-03 1.36142077e-03 3.23151321e-03 8.34000950e-01 4.01561471e+00 4.59657413e-03 2.58825420e-01
1.12172984e-03 -2.32812957e-03 -1.60804530e-03 2.80737437e-03 1.11302784e-03 3.12494159e-03 -3.01694007e-03 1.09131209e-03 3.20476617e-03 8.45303947e-01 3.86500206e+00 -4.43050921e-03 2.58126031e-01
1.26013268e-03 -2.43648941e-03 -1.48190994e-03 2.76064564e-03 8.97321142e-04 3.16735637e-03 -2.96577629e-03 8.43099918e-04 3.14827161e-03 8.37290070e-01 3.78239525e+00 1.94863823e-03 2.63172228e-01
9.06715881e-04 -1.92713533e-03 -1.61768850e-03 2.81813159e-03 1.29702356e-03 3.07755826e-03 -3.05092420e-03 1.54179211e-03 3.24021869e-03 8.42215189e-01 4.10219095e+00 -1.88571484e-03 2.53517380e-01
1.12682045e-03 -2.31253847e-03 -1.43237145e-03 2.61032085e-03 7.49101675e-04 2.97636430e-03 -2.83397028e-03 8.40496757e-04 3.01686029e-03 8.39897628e-01 3.64921875e+00 -1.26654545e-04 2.62499623e-01
9.08822571e-04 -2.11983140e-03 -1.81994304e-03 2.95345211e-03 1.35615544e-03 3.16890849e-03 -3.22014888e-03 1.55694070e-03 3.41879223e-03 8.39650092e-01 4.24114892e+00 1.66779722e-04 2.54340056e-01
4.63718249e-04 -9.14015412e-04 -1.35054811e-03 2.53931581e-03 9.83810376e-04 3.39153212e-03 -2.88420663e-03 2.17589256e-03 3.24495992e-03 8.43633879e-01 3.99457678e+00 -2.99860096e-03 2.54766776e-01
1.55535549e-03 -2.71687784e-03 -1.87792930e-03 3.16232726e-03 1.53739633e-03 3.16076948e-03 -3.12313695e-03 2.00281760e-04 3.19668122e-03 8.35798831e-01 3.88581710e+00 3.09582363e-03 2.62285524e-01
1.36662396e-03 -2.36909756e-03 -1.19094348e-03 2.52874174e-03 5.10607366e-04 3.03997656e-03 -2.77521060e-03 5.83321564e-04 2.93838239e-03 8.24848584e-01 3.61599807e+00 1.16008991e-02 2.68686749e-01
9.91654894e-04 -2.03212403e-03 -1.85088796e-03 2.94957244e-03 1.62491259e-03 3.00392015e-03 -3.26016919e-03 1.61889622e-03 3.41123228e-03 8.53186609e-01 4.25775718e+00 -1.07869520e-02 2.47566337e-01
9.50989360e-04 -2.20097773e-03 -1.71180522e-03 2.89242834e-03 1.21619530e-03 3.56605928e-03 -3.11628971e-03 1.49081699e-03 3.38788782e-03 8.54879611e-01 3.89928112e+00 -1.22620585e-02 2.58770636e-01
1.16269921e-03 -2.33188377e-03 -1.52150745e-03 2.68464840e-03 9.20223614e-04 2.67644336e-03 -2.92984063e-03 8.42857452e-04 3.05606974e-03 8.22694422e-01 3.97543101e+00 1.33108119e-02 2.58720616e-01
5.37176098e-04 -1.74111056e-03 -1.78577994e-03 2.86243832e-03 9.80332664e-04 3.51862686e-03 -3.22312346e-03 2.00364058e-03 3.55465067e-03 8.45997925e-01 4.10432361e+00 -4.93548987e-03 2.56220969e-01
1.38054916e-03 -2.36055224e-03 -1.47470323e-03 2.74014042e-03 1.20184904e-03 2.80793939e-03 -2.81752081e-03 5.06161531e-04 2.90938978e-03 8.33246964e-01 3.77064794e+00 5.13243934e-03 2.60634599e-01
9.23845255e-04 -2.24956078e-03 -1.62618264e-03 2.80918989e-03 8.06532753e-04 3.23520943e-03 -3.12123644e-03 1.36521689e-03 3.36223509e-03 8.45836543e-01 3.87082865e+00 -4.86299567e-03 2.57981438e-01
1.15164287e-03 -2.23670340e-03 -1.58626195e-03 2.75512852e-03 1.31235859e-03 2.99235185e-03 -2.92153337e-03 1.04235574e-03 3.07668285e-03 8.33417085e-01 4.01117837e+00 5.05508350e-03 2.59005840e-01
6.46076312e-04 -1.68645233e-03 -1.69768395e-03 2.73150487e-03 1.22694395e-03 3.23636285e-03 -3.01299631e-03 1.78917652e-03 3.27803807e-03 8.42932284e-01 4.10438586e+00 -2.44256972e-03 2.55672407e-01
1.43875727e-03 -2.57276008e-03 -1.51914987e-03 2.87574069e-03 9.34652464e-04 2.96876899e-03 -3.04198891e-03 5.27827249e-04 3.15813609e-03 8.36539763e-01 3.77556208e+00 2.52057769e-03 2.61137425e-01
1.23785749e-03 -2.42727892e-03 -1.56255639e-03 2.77283261e-03 9.56926819e-04 2.73425599e-03 -3.02422794e-03 8.18725799e-04 3.14538382e-03 8.44355009e-01 3.80181976e+00 -3.68294311e-03 2.54493483e-01
8.07266099e-04 -1.99956498e-03 -1.67420019e-03 2.79897901e-03 1.17429692e-03 3.50890747e-03 -3.01760339e-03 1.58906722e-03 3.30133870e-03 8.35024437e-01 4.07949847e+00 3.80963928e-03 2.62299072e-01
1.47658767e-03 -2.44183377e-03 -1.28613998e-03 2.66285531e-03 8.01061602e-04 3.13710441e-03 -2.79768352e-03 4.30300751e-04 2.93977507e-03 8.32877330e-01 3.59453153e+00 5.37838612e-03 2.68383662e-01
8.97879058e-04 -1.68145417e-03 -1.64490857e-03 2.89910539e-03 1.49228431e-03 3.03369781e-03 -3.20177877e-03 1.82143400e-03 3.36617815e-03 8.46330764e-01 4.29993767e+00 -5.16675712e-03 2.47680345e-01
1.47950964e-03 -2.66999489e-03 -1.64625915e-03 3.08368121e-03 1.25365449e-03 3.51577355e-03 -3.18353789e-03 7.51535545e-04 3.35585557e-03 8.45302729e-01 3.86511412e+00 -4.47449938e-03 2.62850987e-01
5.60826497e-04 -1.71379712e-03 -1.62033645e-03 2.55496724e-03 8.77179056e-04 2.76392127e-03 -2.87965005e-03 1.58200173e-03 3.09659928e-03 8.33989907e-01 4.01221732e+00 4.64224323e-03 2.54219232e-01
8.59399153e-04 -2.21522343e-03 -1.70484551e-03 2.84505179e-03 8.67752970e-04 3.09833164e-03 -3.16966239e-03 1.43280900e-03 3.39372353e-03 8.51626815e-01 3.88690714e+00 -9.58011817e-03 2.53610509e-01
1.18756295e-03 -2.23958700e-03 -1.50924220e-03 2.75853809e-03 1.27431298e-03 3.16017802e-03 -2.86615331e-03 9.86498474e-04 3.03935242e-03 8.26738366e-01 3.99234065e+00 1.02255774e-02 2.63253571e-01
1.89575182e-03 -2.68898911e-03 -1.17067083e-03 2.71597868e-03 4.41652907e-04 3.30783287e-03 -2.90658497e-03 -1.66543330e-04 2.99114493e-03 8.15268394e-01 3.57828813e+00 1.87815264e-02 2.76692548e-01
1.11741723e-03 -1.21823777e-03 -1.37949291e-03 2.72904889e-03 1.81195536e-03 2.65849607e-03 -3.08560840e-03 1.84103080e-03 3.14680907e-03 8.60446833e-01 4.30055135e+00 -1.67915994e-02 2.36821277e-01
6.60973034e-04 -1.64272967e-03 -1.60318388e-03 2.57861477e-03 1.07441291e-03 2.58472394e-03 -2.92016361e-03 1.60088505e-03 3.08224521e-03 8.45880409e-01 4.02315355e+00 -4.81516436e-03 2.47089227e-01
1.55149073e-03 -2.69793731e-03 -1.52110262e-03 3.00382502e-03 1.03455583e-03 3.65154186e-03 -3.12485588e-03 6.33914949e-04 3.31285036e-03 8.33375344e-01 3.86024891e+00 5.00418884e-03 2.68788279e-01
1.05854358e-03 -2.15511051e-03 -1.56326992e-03 2.79528470e-03 1.21908857e-03 3.10572353e-03 -2.96608280e-03 1.21620077e-03 3.14778411e-03 8.29143119e-01 4.07377996e+00 8.38586086e-03 2.59758603e-01
1.07870668e-03 -2.30295183e-03 -1.57905644e-03 2.80589116e-03 9.78842787e-04 3.16921415e-03 -3.05292385e-03 1.17548165e-03 3.25671936e-03 8.49600839e-01 3.80974402e+00 -7.93480715e-03 2.57393958e-01
1.60368889e-03 -2.70942585e-03 -1.72192185e-03 3.08982179e-03 1.23143833e-03 2.93244538e-03 -3.14990741e-03 1.83080369e-04 3.20488532e-03 8.32725086e-01 3.86497129e+00 5.50467706e-03 2.60641434e-01
6.67936832e-04 -1.10574542e-03 -1.35005660e-03 2.57474538e-03 1.27584962e-03 3.47543877e-03 -2.84902484e-03 2.03251834e-03 3.17916601e-03 8.46468935e-01 4.01056345e+00 -5.28485995e-03 2.56298290e-01
9.64067868e-04 -2.12585088e-03 -1.43618470e-03 2.61929259e-03 8.16850424e-04 3.30372496e-03 -2.84074949e-03 1.19835142e-03 3.08764584e-03 8.28776371e-01 3.84198622e+00 8.63803678e-03 2.65869377e-01
1.06179405e-03 -2.35061391e-03 -1.80878818e-03 2.92982897e-03 1.25673419e-03 2.90410148e-03 -3.20640997e-03 1.22913325e-03 3.35377935e-03 8.49923187e-01 4.03170814e+00 -8.16195164e-03 2.50730549e-01
1.84151097e-03 -2.65343167e-03 -1.24018176e-03 2.72141639e-03 5.39205837e-04 3.45252848e-03 -2.84905580e-03 -2.02814296e-04 2.94110860e-03 8.16649631e-01 3.54125761e+00 1.77411473e-02 2.78921225e-01
9.44872508e-04 -1.16925737e-03 -1.50163139e-03 2.71008885e-03 1.57095469e-03 2.43813160e-03 -3.18936396e-03 1.92406961e-03 3.25043326e-03 8.59456718e-01 4.36165951e+00 -1.59516007e-02 2.33261490e-01
1.35337905e-03 -2.42728403e-03 -1.58469722e-03 2.79726526e-03 1.34406046e-03 3.03882318e-03 -2.86216418e-03 6.06754293e-04 2.98888523e-03 8.36211975e-01 3.82427041e+00 2.81198060e-03 2.62318124e-01
5.73333832e-04 -1.70513252e-03 -1.64426356e-03 2.81060008e-03 8.27355665e-04 3.31399001e-03 -3.17408933e-03 1.92584474e-03 3.46407875e-03 8.43246724e-01 4.05503797e+00 -2.72427335e-03 2.54413897e-01
1.13244609e-03 -2.45915376e-03 -1.73549323e-03 2.95068586e-03 1.08794947e-03 3.08065761e-03 -3.19695684e-03 1.10174255e-03 3.36826678e-03 8.48138542e-01 3.92808525e+00 -6.73630866e-03 2.55059111e-01
9.01780274e-04 -2.02262536e-03 -1.50972075e-03 2.63386994e-03 1.01684630e-03 3.15170576e-03 -2.85234345e-03 1.30782955e-03 3.08079461e-03 8.30835336e-01 3.94595633e+00 7.07066461e-03 2.61888897e-01
1.60914717e-03 -2.77036533e-03 -1.52906773e-03 2.99501155e-03 8.93578036e-04 3.25613012e-03 -3.18785977e-03 4.71486486e-04 3.32385935e-03 8.34691966e-01 3.83401003e+00 3.96369084e-03 2.64417050e-01
7.59411410e-04 -1.51192441e-03 -1.48531575e-03 2.60590810e-03 1.33554533e-03 2.95562135e-03 -2.83944292e-03 1.67650674e-03 3.03958337e-03 8.44669337e-01 4.03919824e+00 -3.82998812e-03 2.52174281e-01
7.76977890e-04 -2.19794964e-03 -1.68887099e-03 2.80387466e-03 7.09466557e-04 3.61545474e-03 -3.14574473e-03 1.56352960e-03 3.46653086e-03 8.25445459e-01 4.08269869e+00 1.12191543e-02 2.65777254e-01
1.23793021e-03 -2.24844940e-03 -1.54992070e-03 2.71652543e-03 1.31901505e-03 2.68777028e-03 -2.89420965e-03 8.72195234e-04 2.99020242e-03 8.52684994e-01 3.78220481e+00 -1.04543424e-02 2.51231900e-01
1.57430489e-03 -2.76142367e-03 -1.61387134e-03 3.14459354e-03 1.22266529e-03 3.82084983e-03 -3.25548197e-03 7.85540526e-04 3.45845428e-03 8.36394440e-01 3.97786236e+00 2.64492662e-03 2.67170150e-01
5.69060200e-04 -1.61570896e-03 -1.55653426e-03 2.47220663e-03 9.05070245e-04 2.50447787e-03 -2.79083882e-03 1.50832699e-03 2.95846354e-03 8.43071890e-01 3.89609501e+00 -2.56291639e-03 2.48988665e-01
1.82239140e-03 -2.85287580e-03 -1.54376032e-03 3.14289180e-03 1.06954008e-03 3.81690079e-03 -3.16260004e-03 1.48136275e-04 3.30018332e-03 8.23274401e-01 3.86466896e+00 1.27741879e-02 2.73808543e-01
7.20495421e-04 -1.09286629e-03 -1.32370293e-03 2.49542674e-03 1.22711415e-03 2.54594821e-03 -2.84545897e-03 1.81442425e-03 2.98606682e-03 8.54445329e-01 4.01968801e+00 -1.18020469e-02 2.40410271e-01
7.00212256e-04 -1.82311040e-03 -1.61425002e-03 2.53808678e-03 9.94620647e-04 2.52248452e-03 -2.84861717e-03 1.38156114e-03 3.00160029e-03 8.41067564e-01 3.94765486e+00 -9.63032536e-04 2.50193210e-01
1.39475168e-03 -2.63465506e-03 -1.59451696e-03 3.04125917e-03 1.07382259e-03 3.73510917e-03 -3.20282293e-03 9.54968588e-04 3.42938826e-03 8.38469184e-01 3.92911530e+00 1.00912030e-03 2.66228505e-01
1.49054095e-03 -2.65188546e-03 -1.51943130e-03 2.90676188e-03 9.60181226e-04 3.30064630e-03 -3.06401654e-03 5.68270699e-04 3.22314336e-03 8.26893700e-01 3.88465350e+00 1.00466701e-02 2.66746875e-01
6.29070203e-04 -1.67702768e-03 -1.67867125e-03 2.67893117e-03 1.12607448e-03 2.89686903e-03 -2.99473743e-03 1.70584900e-03 3.20594841e-03 8.51512216e-01 3.99172841e+00 -9.42116568e-03 2.49457666e-01
6.61514327e-04 -1.04716818e-03 -1.30452113e-03 2.49501320e-03 1.28596205e-03 2.82430790e-03 -2.75457853e-03 1.86138212e-03 2.95527553e-03 8.54073234e-01 3.94229490e+00 -1.15019955e-02 2.45930590e-01
1.74805707e-03 -2.92668501e-03 -1.68583061e-03 3.19335998e-03 1.03815414e-03 3.51268659e-03 -3.26705134e-03 1.48015347e-04 3.38443789e-03 8.23743348e-01 3.92742717e+00 1.24257513e-02 2.69592204e-01
9.31356043e-04 -2.18521938e-03 -1.76118827e-03 2.91811603e-03 1.14594003e-03 3.07219575e-03 -3.23350555e-03 1.49316253e-03 3.42823308e-03 8.53856878e-01 4.01085157e+00 -1.13962621e-02 2.50460362e-01
1.15781432e-03 -2.29208547e-03 -1.44571449e-03 2.64067310e-03 9.44634505e-04 3.12716335e-03 -2.81269994e-03 8.81058157e-04 3.00617625e-03 8.23997996e-01 3.85920982e+00 1.23031392e-02 2.66082226e-01
1.46342433e-03 -2.64833925e-03 -1.81853740e-03 3.06204406e-03 1.55955098e-03 3.18141191e-03 -3.08202629e-03 4.94566364e-04 3.19080896e-03 8.42907838e-01 3.88907495e+00 -2.53382388e-03 2.60386710e-01
4.15405529e-04 -1.34505150e-03 -1.49326374e-03 2.59241274e-03 6.97944980e-04 3.28052589e-03 -2.96473115e-03 2.00699707e-03 3.29065841e-03 8.36559059e-01 3.98736389e+00 2.61456925e-03 2.56891821e-01
8.36481013e-04 -1.98913754e-03 -1.69702601e-03 2.93719244e-03 1.14640716e-03 3.27180413e-03 -3.21922823e-03 1.69420974e-03 3.44859287e-03 8.56603315e-01 3.98444813e+00 -1.36774307e-02 2.50984254e-01
1.21877815e-03 -2.35157404e-03 -1.49438762e-03 2.68240290e-03 1.01397253e-03 3.00707258e-03 -2.81785755e-03 7.10374710e-04 2.97501937e-03 8.20465633e-01 3.88382750e+00 1.49844093e-02 2.65736105e-01
1.26648803e-03 -2.49823400e-03 -1.40630360e-03 2.69812536e-03 5.76643988e-04 4.03376846e-03 -3.05024614e-03 1.11998018e-03 3.36614409e-03 8.15802780e-01 3.96610428e+00 1.84756636e-02 2.75384336e-01
1.11484336e-03 -2.13549612e-03 -1.65744050e-03 2.63232738e-03 1.29363517e-03 2.19532195e-03 -2.98444363e-03 1.03883407e-03 3.01460124e-03 8.60041444e-01 3.89032139e+00 -1.65457447e-02 2.39497539e-01
1.44594300e-03 -2.67453223e-03 -1.91438281e-03 3.13518980e-03 1.68220949e-03 3.04273307e-03 -3.28346572e-03 8.06476929e-04 3.37585643e-03 8.51389640e-01 4.05325764e+00 -9.38997240e-03 2.52484857e-01
5.30939235e-04 -1.69299998e-03 -1.42102398e-03 2.42748727e-03 4.63199285e-04 3.26560307e-03 -2.78228225e-03 1.62023333e-03 3.10005999e-03 8.27022966e-01 3.80636201e+00 1.00108767e-02 2.64944470e-01
1.57866286e-03 -2.70470558e-03 -1.37483027e-03 2.80279019e-03 5.66903306e-04 3.13094333e-03 -3.05787242e-03 3.80308859e-04 3.19659346e-03 8.24209214e-01 3.75964562e+00 1.20778910e-02 2.67887899e-01
9.03110535e-04 -1.59884737e-03 -1.56150126e-03 2.73158723e-03 1.59871407e-03 2.97999442e-03 -2.96435273e-03 1.68613959e-03 3.12871971e-03 8.53701234e-01 4.10638732e+00 -1.12012668e-02 2.48352701e-01
8.07525711e-04 -1.78452813e-03 -1.63948023e-03 2.73697947e-03 1.37861744e-03 3.09270290e-03 -2.95849362e-03 1.60781173e-03 3.16632774e-03 8.52016678e-01 3.99556381e+00 -9.84060561e-03 2.52405244e-01
1.37758600e-03 -2.60974252e-03 -1.49627735e-03 2.83309445e-03 7.32110196e-04 3.08905435e-03 -3.07987024e-03 6.66982193e-04 3.24021521e-03 8.26282193e-01 3.87298429e+00 1.05210313e-02 2.64282554e-01
1.58553634e-03 -2.64204709e-03 -1.63204380e-03 3.01106858e-03 1.12202723e-03 3.25661056e-03 -2.98605870e-03 5.54649990e-05 3.07741240e-03 8.28451400e-01 3.71976698e+00 8.79853374e-03 2.69002428e-01
7.69034317e-04 -9.38375285e-04 -1.30590278e-03 2.66156455e-03 1.38858534e-03 3.14507349e-03 -2.99507954e-03 2.10986665e-03 3.24572172e-03 8.50206108e-01 4.16846503e+00 -8.30693322e-03 2.46671059e-01
1.96740547e-03 -3.05739234e-03 -1.59644925e-03 3.22033973e-03 6.85185586e-04 3.40482807e-03 -3.37399514e-03 -2.00464477e-04 3.44375311e-03 8.25737434e-01 3.79666321e+00 1.08571742e-02 2.70567612e-01
8.75978971e-04 -9.28258935e-04 -1.19568218e-03 2.41119001e-03 1.60862637e-03 2.70860028e-03 -2.66204027e-03 1.76989619e-03 2.81924990e-03 8.52464768e-01 4.05601198e+00 -1.01374495e-02 2.44963614e-01
9.98195197e-04 -2.20165061e-03 -1.66493887e-03 2.75896444e-03 1.11126765e-03 2.75665447e-03 -3.03791071e-03 1.19826283e-03 3.18401620e-03 8.58655683e-01 3.80998888e+00 -1.54147985e-02 2.48557434e-01
1.15387380e-03 -2.38833144e-03 -1.53545914e-03 2.79000531e-03 9.42048992e-04 3.48108678e-03 -3.00432854e-03 1.08889157e-03 3.24642013e-03 8.17701163e-01 4.05894830e+00 1.70820919e-02 2.68131924e-01
1.00930235e-03 -2.18721435e-03 -1.33687962e-03 2.45252933e-03 4.83966766e-04 3.81194775e-03 -2.80951109e-03 1.22376270e-03 3.13948399e-03 8.14416446e-01 3.84070525e+00 1.95210442e-02 2.75783239e-01
1.24318909e-03 -2.41369816e-03 -1.86212118e-03 2.89720736e-03 1.41005583e-03 2.33682658e-03 -3.25860736e-03 9.87069921e-04 3.27393744e-03 8.61016525e-01 4.01324893e+00 -1.73834171e-02 2.39292338e-01
1.42901100e-03 -2.60887074e-03 -1.83358436e-03 3.08633389e-03 1.68668760e-03 3.20774237e-03 -3.18540501e-03 8.32103851e-04 3.30753624e-03 8.56157303e-01 3.93714994e+00 -1.33469464e-02 2.54445365e-01
4.81973819e-04 -1.84543690e-03 -1.55614628e-03 2.49199415e-03 3.58035586e-04 3.11552351e-03 -2.89489433e-03 1.58692158e-03 3.19893277e-03 8.21030442e-01 3.91338056e+00 1.45898903e-02 2.63499750e-01
1.28721330e-03 -2.44916419e-03 -1.68903917e-03 3.01328809e-03 1.22974447e-03 2.85670774e-03 -3.29250976e-03 1.09830118e-03 3.39523272e-03 8.43508651e-01 4.10456042e+00 -2.96598605e-03 2.50333273e-01
8.40992888e-04 -1.97224519e-03 -1.46272563e-03 2.54014792e-03 9.39106438e-04 3.35845331e-03 -2.73511247e-03 1.30855224e-03 3.00746448e-03 8.35933897e-01 3.77514337e+00 3.06251965e-03 2.66056453e-01
1.08140084e-03 -2.20523218e-03 -1.76365307e-03 2.74594178e-03 1.33214370e-03 2.35782591e-03 -3.07726689e-03 1.09121673e-03 3.12792587e-03 8.55994336e-01 3.97899850e+00 -1.31553580e-02 2.42395407e-01
1.13514409e-03 -2.36691055e-03 -1.40677259e-03 2.63930495e-03 5.70194624e-04 3.82078811e-03 -2.97886847e-03 1.17544955e-03 3.28673005e-03 8.21269504e-01 3.88711835e+00 1.43637235e-02 2.73141977e-01
4.14055650e-04 -1.51133683e-03 -1.65174140e-03 2.66347448e-03 8.04937628e-04 3.31341823e-03 -3.03045054e-03 1.97697540e-03 3.35972023e-03 8.34731472e-01 4.08162586e+00 4.06056288e-03 2.57918411e-01
1.49214605e-03 -2.55333649e-03 -1.64699753e-03 2.98134033e-03 1.40498532e-03 3.07310899e-03 -3.01920932e-03 4.85087364e-04 3.11512887e-03 8.44620144e-01 3.79462472e+00 -3.92267969e-03 2.59390867e-01
1.02944764e-03 -2.13482459e-03 -1.36515745e-03 2.58871076e-03 7.65217265e-04 3.07778378e-03 -2.80897311e-03 1.07156792e-03 3.01627728e-03 8.23545888e-01 3.84601710e+00 1.26529298e-02 2.64464045e-01
1.14178909e-03 -2.32506065e-03 -1.75451165e-03 2.98155102e-03 1.41342580e-03 3.19308212e-03 -3.20903620e-03 1.30915649e-03 3.38280994e-03 8.54213906e-01 4.01744197e+00 -1.16979193e-02 2.52553810e-01
1.32148534e-03 -2.46889749e-03 -1.70322870e-03 3.05222199e-03 1.47504757e-03 3.34133781e-03 -3.19345604e-03 1.08994303e-03 3.35842847e-03 8.43699330e-01 4.06288087e+00 -3.12539152e-03 2.57743189e-01
7.39926224e-04 -1.95785802e-03 -1.50114787e-03 2.53610038e-03 7.01903355e-04 2.94341034e-03 -2.83951339e-03 1.35153189e-03 3.07289902e-03 8.35730820e-01 3.81329783e+00 3.22810239e-03 2.59204931e-01
1.40597381e-03 -2.52631529e-03 -1.72314888e-03 2.91663009e-03 1.43048554e-03 2.75009585e-03 -3.10439543e-03 7.13430591e-04 3.17758092e-03 8.47091102e-01 3.94148533e+00 -5.88020201e-03 2.52145064e-01
5.99087422e-04 -1.85318222e-03 -1.58363512e-03 2.59685227e-03 6.57219813e-04 3.51809345e-03 -2.95935979e-03 1.70151186e-03 3.30363504e-03 8.32022685e-01 3.93092385e+00 6.14357166e-03 2.64891475e-01
2.01137148e-03 -3.03992800e-03 -1.45243844e-03 3.14959388e-03 7.01327144e-04 3.89105619e-03 -3.31253632e-03 2.06810336e-05 3.44455013e-03 8.19944089e-01 3.86421762e+00 1.52837813e-02 2.75734836e-01
8.11991101e-04 -1.09475475e-03 -1.28068170e-03 2.40497810e-03 1.40505051e-03 2.32581362e-03 -2.71168464e-03 1.65003327e-03 2.78994079e-03 8.57019129e-01 3.99434479e+00 -1.39277268e-02 2.38082299e-01
1.25921619e-03 -2.37717976e-03 -1.41773917e-03 2.66898975e-03 9.19691597e-04 3.35171221e-03 -2.81309222e-03 7.66920742e-04 3.01788338e-03 8.42144849e-01 3.61948853e+00 -1.93698264e-03 2.67612783e-01
9.05495779e-04 -2.04311988e-03 -1.75444581e-03 2.86143767e-03 1.18088194e-03 2.75591092e-03 -3.24083199e-03 1.54041978e-03 3.37969196e-03 8.37352492e-01 4.28662976e+00 2.00047409e-03 2.48873551e-01
9.61299266e-04 -2.18586249e-03 -1.65684455e-03 2.93419510e-03 1.13101068e-03 3.62454584e-03 -3.15422197e-03 1.52794912e-03 3.42829580e-03 8.28645688e-01 4.17483262e+00 8.76946002e-03 2.63370552e-01
1.14273532e-03 -2.17648763e-03 -1.45736337e-03 2.66168099e-03 1.08484517e-03 2.73567302e-03 -2.84136333e-03 9.26568078e-04 2.96731633e-03 8.50024698e-01 3.70318152e+00 -8.28084798e-03 2.53583264e-01
1.56452644e-03 -2.72430600e-03 -1.46469379e-03 2.89790837e-03 7.99335757e-04 3.49740755e-03 -3.08160012e-03 4.96107106e-04 3.25850596e-03 8.26030397e-01 3.82687523e+00 1.06910285e-02 2.70408712e-01
8.30217925e-04 -1.55155531e-03 -1.50326651e-03 2.65605600e-03 1.34904423e-03 2.71334107e-03 -2.93982663e-03 1.64808523e-03 3.07581751e-03 8.52225901e-01 4.05033914e+00 -9.99046043e-03 2.45135196e-01
9.98796461e-04 -2.14683622e-03 -1.52847865e-03 2.74554972e-03 1.09100651e-03 3.51568115e-03 -2.92004900e-03 1.30855972e-03 3.18128447e-03 8.43740251e-01 3.82931818e+00 -3.16584471e-03 2.63720170e-01
1.02597795e-03 -2.31929415e-03 -1.71281218e-03 2.81863934e-03 1.01831646e-03 2.71112074e-03 -3.12035596e-03 1.12776787e-03 3.25671727e-03 8.35686241e-01 4.05901095e+00 3.27012244e-03 2.53032490e-01
1.73091338e-03 -2.87351149e-03 -1.68532852e-03 3.22407264e-03 1.30666812e-03 3.71972115e-03 -3.24894499e-03 3.69470088e-04 3.39374394e-03 8.35264527e-01 3.91313057e+00 3.50771448e-03 2.68143339e-01
4.86614524e-04 -1.18888703e-03 -1.42600532e-03 2.47873344e-03 9.88895278e-04 2.69396248e-03 -2.78718283e-03 1.82474446e-03 2.99446184e-03 8.44134731e-01 3.96620413e+00 -3.39440643e-03 2.47838559e-01
9.06243688e-04 -2.10450448e-03 -1.68767342e-03 2.79372337e-03 1.26295348e-03 3.31604149e-03 -2.99684615e-03 1.42443942e-03 3.23754304e-03 8.59447760e-01 3.81599432e+00 -1.60737534e-02 2.55877090e-01
1.26188555e-03 -2.47227055e-03 -1.52249158e-03 2.79143654e-03 8.42966186e-04 2.89858329e-03 -3.04966351e-03 8.23592644e-04 3.19619055e-03 8.16614554e-01 4.05257421e+00 1.78911375e-02 2.61855445e-01
2.07927135e-03 -3.05722902e-03 -1.46679207e-03 3.20282427e-03 7.27381370e-04 3.81288145e-03 -3.33909347e-03 -1.18899360e-04 3.44205631e-03 8.23638146e-01 3.81612043e+00 1.24646285e-02 2.74897512e-01
9.09798203e-04 -9.89005578e-04 -1.17538513e-03 2.37354529e-03 1.50090960e-03 2.38372859e-03 -2.67660146e-03 1.66374739e-03 2.75878070e-03 8.54157044e-01 4.04486912e+00 -1.15361621e-02 2.39326230e-01
6.57401792e-04 -1.61771977e-03 -1.55074850e-03 2.56334288e-03 1.13133155e-03 3.14442648e-03 -2.82891688e-03 1.67386749e-03 3.09400381e-03 8.56361327e-01 3.80605822e+00 -1.34522238e-02 2.54364798e-01
1.50907583e-03 -2.77941294e-03 -1.69154627e-03 3.04454330e-03 1.00385362e-03 3.03357772e-03 -3.23812728e-03 4.94755136e-04 3.35195044e-03 8.20793214e-01 4.06528868e+00 1.47163617e-02 2.62689209e-01
7.12775485e-04 -1.82248032e-03 -1.74437192e-03 2.81054093e-03 1.24953487e-03 3.25458658e-03 -3.10249669e-03 1.76735347e-03 3.35983082e-03 8.49449309e-01 4.07790735e+00 -7.73446992e-03 2.53705590e-01
1.36763934e-03 -2.51477747e-03 -1.48071232e-03 2.76046186e-03 8.69838537e-04 2.92355501e-03 -2.95124157e-03 5.69025196e-04 3.08316859e-03 8.29337924e-01 3.79808251e+00 8.16524650e-03 2.62976310e-01
7.31474458e-04 -9.25565866e-04 -1.28715277e-03 2.45973022e-03 1.43409484e-03 2.87508797e-03 -2.75212972e-03 1.90020650e-03 2.97182131e-03 8.62093155e-01 3.92536359e+00 -1.82069474e-02 2.44165556e-01
1.86146997e-03 -2.92504783e-03 -1.65336832e-03 3.22383924e-03 9.17353414e-04 3.38910736e-03 -3.27443353e-03 -1.61810931e-04 3.34149434e-03 8.12909980e-01 3.93005933e+00 2.05620490e-02 2.71104730e-01
1.67909658e-03 -2.64570584e-03 -1.81328036e-03 3.35161756e-03 1.21863688e-03 3.36287092e-03 -3.14883189e-03 -3.33988176e-04 3.17406544e-03 8.11703186e-01 3.84735649e+00 2.14318882e-02 2.70830072e-01
1.39843748e-03 -2.92114499e-04 -6.10091959e-04 2.41716609e-03 2.06380900e-03 3.33816660e-03 -2.62738602e-03 2.02860449e-03 2.89774884e-03 8.62923606e-01 4.01985203e+00 -1.88886211e-02 2.44443296e-01
1.34730779e-03 -2.42508969e-03 -1.64451575e-03 2.95563109e-03 1.46475891e-03 3.11309293e-03 -3.07415386e-03 9.18645902e-04 3.20326870e-03 8.40301012e-01 4.01282687e+00 -4.04756879e-04 2.57447813e-01
7.09152123e-04 -1.91015986e-03 -1.53511134e-03 2.63652515e-03 7.40171823e-04 3.20692586e-03 -2.95089888e-03 1.54758172e-03 3.21982459e-03 8.39249094e-01 3.86856887e+00 4.46279025e-04 2.59510361e-01
6.93467690e-04 -1.39767210e-03 -1.53070219e-03 2.71074230e-03 1.32387193e-03 3.54190901e-03 -2.98739018e-03 1.99168489e-03 3.30704857e-03 8.53131784e-01 4.01395779e+00 -1.07499541e-02 2.55435335e-01
1.55117527e-03 -2.59021809e-03 -1.55710135e-03 2.92114669e-03 1.06088488e-03 2.78776758e-03 -3.02635962e-03 2.51092786e-04 3.08503696e-03 8.24915237e-01 3.85979948e+00 1.15584627e-02 2.61487054e-01
7.38740507e-04 -1.69518621e-03 -1.59937521e-03 2.56693294e-03 1.30146102e-03 2.84405290e-03 -2.81277917e-03 1.52606451e-03 3.00589225e-03 8.47325446e-01 3.96904946e+00 -5.98880034e-03 2.52537714e-01
1.52894827e-03 -2.77672800e-03 -1.53060436e-03 2.98458302e-03 7.48740088e-04 3.26873211e-03 -3.24650803e-03 6.30080159e-04 3.40634840e-03 8.31769293e-01 3.89411203e+00 6.26075531e-03 2.64104429e-01
1.25136723e-03 -4.41646099e-04 -7.88058765e-04 2.36227302e-03 1.86262124e-03 2.43722239e-03 -2.66304423e-03 1.81356384e-03 2.71941648e-03 8.61211596e-01 4.14947958e+00 -1.74062012e-02 2.32325686e-01
2.05311670e-03 -2.91887963e-03 -1.56137700e-03 3.27274828e-03 6.82061879e-04 3.87227277e-03 -3.25953410e-03 -5.38623488e-04 3.30699863e-03 8.14188750e-01 3.72727341e+00 1.95495599e-02 2.79269428e-01
8.21608387e-04 -1.84927896e-03 -1.55746465e-03 2.69126795e-03 1.22503409e-03 3.28769227e-03 -2.88815510e-03 1.54373662e-03 3.13795493e-03 8.43444592e-01 3.94795296e+00 -2.88328664e-03 2.58761817e-01
1.27162354e-03 -2.55808064e-03 -1.63164535e-03 2.89240871e-03 9.29233038e-04 2.93956926e-03 -3.14557788e-03 8.37117846e-04 3.29105436e-03 8.36002999e-01 3.92920834e+00 2.97669822e-03 2.58063530e-01
7.20303220e-04 -1.08545109e-03 -1.33270213e-03 2.51556280e-03 1.37840397e-03 3.22888232e-03 -2.78700397e-03 1.93368733e-03 3.07041442e-03 8.58264395e-01 3.90646572e+00 -1.50022228e-02 2.51100540e-01
1.72364246e-03 -2.81065855e-03 -1.68415278e-03 3.16932585e-03 1.07514462e-03 3.08427101e-03 -3.22780706e-03 3.28111202e-05 3.28231927e-03 8.18270629e-01 3.95918502e+00 1.65804492e-02 2.65481641e-01
1.04331841e-03 -2.13980732e-03 -1.31409637e-03 2.49900268e-03 6.97442922e-04 3.48384355e-03 -2.73591369e-03 1.09893177e-03 3.00440979e-03 8.15763921e-01 3.83616378e+00 1.85231311e-02 2.72160172e-01
1.19487547e-03 -2.42714359e-03 -1.83606782e-03 2.98306545e-03 1.35032981e-03 2.69193832e-03 -3.30892705e-03 1.16227943e-03 3.39591186e-03 8.60060005e-01 4.01732544e+00 -1.65843907e-02 2.43767212e-01
1.65536217e-03 -2.74574616e-03 -1.81470557e-03 3.24184399e-03 1.49041380e-03 3.39085044e-03 -3.15339392e-03 1.14839611e-04 3.23271427e-03 8.26808111e-01 3.93496079e+00 1.00867736e-02 2.66620454e-01
6.64809792e-04 -7.59071230e-04 -1.14577340e-03 2.52183468e-03 1.22655213e-03 3.23789619e-03 -2.79761349e-03 2.10950194e-03 3.09341410e-03 8.51585030e-01 3.95026538e+00 -9.45689076e-03 2.49584762e-01
8.15893561e-04 -2.26596669e-03 -1.60481356e-03 2.72674951e-03 4.55333359e-04 3.40345194e-03 -3.11650578e-03 1.40680681e-03 3.41038881e-03 8.26042054e-01 3.95761091e+00 1.07409236e-02 2.65093594e-01
1.18261993e-03 -2.18478151e-03 -1.62966132e-03 2.79129689e-03 1.54351034e-03 2.86604828e-03 -2.92565513e-03 1.04531681e-03 3.03896374e-03 8.52205988e-01 3.90257756e+00 -1.00344731e-02 2.52019030e-01
1.63216167e-03 -2.65682965e-03 -1.82642217e-03 3.27928533e-03 1.14145657e-03 3.23510161e-03 -3.12452772e-03 -3.33523555e-04 3.15227298e-03 8.21607772e-01 3.72861567e+00 1.39981885e-02 2.69240395e-01
1.53852039e-03 -2.46568654e-04 -5.27450128e-04 2.42949335e-03 2.20098955e-03 3.41948238e-03 -2.63313258e-03 2.03275183e-03 2.90690018e-03 8.55747764e-01 4.14477095e+00 -1.28469896e-02 2.46422411e-01
1.68238580e-03 -2.46212965e-03 -1.74097147e-03 3.47144753e-03 1.31300298e-03 4.03743574e-03 -3.03267173e-03 -4.14216526e-04 3.07653143e-03 8.13442354e-01 3.70140444e+00 2.00959044e-02 2.78264856e-01
2.00338420e-03 2.10526409e-04 -2.79453527e-05 2.30904320e-03 2.48513406e-03 2.95878437e-03 -2.51887636e-03 1.90660378e-03 2.66942797e-03 8.61732984e-01 4.19761322e+00 -1.78399756e-02 2.33420250e-01
7.14537988e-04 -1.41451112e-03 -1.44212056e-03 2.51704949e-03 1.31545810e-03 3.02523573e-03 -2.74709350e-03 1.69256009e-03 2.97701439e-03 8.55224478e-01 3.86303911e+00 -1.24799691e-02 2.52056251e-01
1.69966523e-03 -2.87269445e-03 -1.58665934e-03 3.09214405e-03 8.92909569e-04 3.16881542e-03 -3.29150688e-03 3.38089134e-04 3.39546425e-03 8.22276189e-01 3.99458893e+00 1.35670963e-02 2.64598156e-01
1.50918947e-03 -2.59739987e-03 -1.35759663e-03 2.76184747e-03 7.69496950e-04 3.55666289e-03 -2.95307894e-03 5.90978730e-04 3.15133710e-03 8.17819806e-01 3.84738298e+00 1.69413933e-02 2.72878430e-01
8.51101406e-04 -1.83845149e-03 -1.68150542e-03 2.72031328e-03 1.24886532e-03 2.59184696e-03 -3.08851149e-03 1.54810391e-03 3.20991214e-03 8.58590525e-01 4.02304617e+00 -1.52986916e-02 2.42156412e-01
4.39218190e-04 -8.78046857e-04 -1.27954464e-03 2.39600483e-03 9.24397740e-04 2.86065196e-03 -2.72534964e-03 1.98219927e-03 2.99676278e-03 8.49099364e-01 3.86279438e+00 -7.42322219e-03 2.48176815e-01
1.67746491e-03 -2.91200278e-03 -1.93301070e-03 3.38184762e-03 1.56063148e-03 3.69294711e-03 -3.30070754e-03 2.28289541e-04 3.41930062e-03 8.29745097e-01 4.02044650e+00 7.82228998e-03 2.67751720e-01
1.59947366e-03 -2.62738547e-03 -1.21702370e-03 2.61634500e-03 3.66639927e-04 3.16206776e-03 -2.90656875e-03 2.89518407e-04 3.05290254e-03 8.17542140e-01 3.65440292e+00 1.71169279e-02 2.72466100e-01
1.04873490e-03 -1.72757367e-03 -1.64939094e-03 2.80827001e-03 1.71069197e-03 2.80830795e-03 -3.12974775e-03 1.64623128e-03 3.23261670e-03 8.58801900e-01 4.20799278e+00 -1.54423741e-02 2.42972181e-01
9.19408071e-04 -9.50267739e-04 -1.22544505e-03 2.58603720e-03 1.67578040e-03 3.22302917e-03 -2.82955716e-03 1.97844256e-03 3.07272098e-03 8.59599001e-01 4.03634689e+00 -1.61007254e-02 2.47647083e-01
1.68679939e-03 -2.81306813e-03 -1.65670110e-03 3.07177459e-03 7.91182178e-04 3.02896596e-03 -3.16831188e-03 -1.33270129e-04 3.22539870e-03 8.16447665e-01 3.82335723e+00 1.79254056e-02 2.68330352e-01
1.02705231e-03 -2.30613450e-03 -1.68164798e-03 2.88558036e-03 1.01379540e-03 3.06846725e-03 -3.18152082e-03 1.29747313e-03 3.37166025e-03 8.37812791e-01 4.06448062e+00 1.58607085e-03 2.55910963e-01
9.67560491e-04 -2.17608660e-03 -1.57776899e-03 2.67554485e-03 1.05683862e-03 3.13515110e-03 -2.86752529e-03 1.15162805e-03 3.08291743e-03 8.41710048e-01 3.81634672e+00 -1.53068167e-03 2.60885414e-01
7.74006292e-04 -1.79305793e-03 -1.69890209e-03 2.67121591e-03 1.31906775e-03 2.77155031e-03 -2.97012314e-03 1.55150387e-03 3.13735586e-03 8.61016707e-01 3.92827576e+00 -1.73433336e-02 2.46120873e-01
1.51885658e-03 -2.68970487e-03 -1.42061001e-03 2.85065521e-03 6.45492571e-04 3.35702662e-03 -3.09068999e-03 5.44056598e-04 3.26286012e-03 8.14438036e-01 3.92353031e+00 1.94714750e-02 2.70019019e-01
1.20523038e-03 -2.49993699e-03 -1.78331275e-03 3.02306790e-03 1.36771846e-03 3.38705013e-03 -3.18608104e-03 1.11667430e-03 3.38358254e-03 8.34359967e-01 4.13565899e+00 4.30438619e-03 2.61147840e-01
7.47574415e-04 -1.99855339e-03 -1.54177012e-03 2.56417100e-03 7.24546110e-04 2.83914372e-03 -2.87170655e-03 1.32352988e-03 3.08775603e-03 8.44975947e-01 3.74999423e+00 -4.15355643e-03 2.55639739e-01
1.45183564e-03 -2.55779442e-03 -1.56555918e-03 2.90917707e-03 1.10016689e-03 2.94955156e-03 -3.03501951e-03 5.12623836e-04 3.13792271e-03 8.36341272e-01 3.82018787e+00 2.68594927e-03 2.60226076e-01
5.93364420e-04 -1.60052622e-03 -1.64329281e-03 2.71893907e-03 1.12482835e-03 3.34149237e-03 -3.00391362e-03 1.86961769e-03 3.29745966e-03 8.43122361e-01 4.05908572e+00 -2.60263984e-03 2.56625340e-01
6.73248054e-04 -1.84972147e-03 -1.63254403e-03 2.82039049e-03 9.10712107e-04 3.52647975e-03 -3.12324360e-03 1.81654529e-03 3.43270525e-03 8.35860349e-01 4.08295162e+00 3.14796707e-03 2.60054191e-01
1.29511976e-03 -2.34111337e-03 -1.55355245e-03 2.78378451e-03 1.28860978e-03 2.85583555e-03 -2.89014992e-03 7.21787802e-04 2.99870718e-03 8.43573607e-01 3.79216763e+00 -3.04855333e-03 2.57004591e-01
7.20675928e-04 -1.82591958e-03 -1.43695105e-03 2.50006765e-03 8.03817997e-04 3.40196619e-03 -2.75451216e-03 1.49007434e-03 3.05630126e-03 8.34838763e-01 3.78927598e+00 3.93127877e-03 2.65767145e-01
1.37698460e-03 -2.53164069e-03 -1.75342385e-03 3.06586365e-03 1.40421742e-03 2.85711256e-03 -3.27684881e-03 9.22835619e-04 3.35696654e-03 8.44532633e-01 4.08821092e+00 -3.79866230e-03 2.50893438e-01
7.84088962e-04 -9.02962991e-04 -1.27072834e-03 2.61355447e-03 1.50479799e-03 3.03693484e-03 -2.88483653e-03 2.03180277e-03 3.10399278e-03 8.60072836e-01 4.03619554e+00 -1.65026501e-02 2.43768636e-01
1.70056837e-03 -2.78682229e-03 -1.63400009e-03 3.07687249e-03 9.35499343e-04 3.30232477e-03 -3.10850580e-03 -7.38542981e-05 3.19266850e-03 8.15787118e-01 3.83470767e+00 1.84226635e-02 2.71323128e-01
1.00094264e-03 -2.12435572e-03 -1.54086550e-03 2.63498361e-03 1.04430877e-03 2.73375357e-03 -2.88099966e-03 1.10672006e-03 3.03082341e-03 8.50282193e-01 3.76878762e+00 -8.47069536e-03 2.52595466e-01
1.03851554e-03 -2.39169879e-03 -1.69740517e-03 2.92085547e-03 1.02054123e-03 3.51538255e-03 -3.16033160e-03 1.30106616e-03 3.41721121e-03 8.28348873e-01 4.10771432e+00 8.98102884e-03 2.64167122e-01
4.81548227e-04 -1.58149645e-03 -1.43704773e-03 2.44119492e-03 5.45937359e-04 3.11087851e-03 -2.78819151e-03 1.68326353e-03 3.08648309e-03 8.35587785e-01 3.78457745e+00 3.35330942e-03 2.60209378e-01
1.46484027e-03 -2.71845628e-03 -1.90684020e-03 3.17249713e-03 1.65963002e-03 3.22293679e-03 -3.27550419e-03 7.61089842e-04 3.39299013e-03 8.43831723e-01 4.08955504e+00 -3.24581587e-03 2.57038093e-01
1.95006622e-03 -2.38624357e-06 -5.31088880e-05 2.10048773e-03 2.49872832e-03 3.06244344e-03 -2.23015431e-03 1.67749144e-03 2.42014550e-03 8.61898949e-01 3.96383888e+00 -1.79849481e-02 2.42478177e-01
1.81008075e-03 -2.82509428e-03 -1.98256460e-03 3.71095725e-03 1.07610158e-03 3.64098029e-03 -3.45280018e-03 -5.93951977e-04 3.45487046e-03 8.13203016e-01 3.86858592e+00 2.02794710e-02 2.72231905e-01
7.22211957e-04 -1.89219037e-03 -1.69944893e-03 2.74442448e-03 1.15972481e-03 3.25435827e-03 -3.00213595e-03 1.62652607e-03 3.26152596e-03 8.55674451e-01 3.88450079e+00 -1.28949518e-02 2.54770756e-01
1.35767539e-03 -2.55733412e-03 -1.55656728e-03 2.84616868e-03 9.39918311e-04 2.94767545e-03 -3.05680501e-03 6.74499964e-04 3.19031093e-03 8.21682872e-01 3.98840347e+00 1.40555668e-02 2.62357324e-01
1.28135417e-03 -2.52291458e-03 -1.79976565e-03 3.01593726e-03 1.48216338e-03 3.17709215e-03 -3.15489009e-03 9.55273801e-04 3.30289913e-03 8.54768250e-01 3.90934656e+00 -1.21890166e-02 2.54922177e-01
6.86202514e-04 -1.97563342e-03 -1.52756011e-03 2.56485244e-03 5.73697263e-04 3.10280698e-03 -2.91081413e-03 1.45105634e-03 3.17932573e-03 8.22827508e-01 3.95075309e+00 1.32248618e-02 2.62706969e-01
8.56248746e-04 -2.03420697e-03 -1.41456860e-03 2.53052786e-03 6.48818592e-04 3.12633001e-03 -2.82037637e-03 1.26283312e-03 3.06586211e-03 8.25603874e-01 3.84118898e+00 1.10881393e-02 2.64342816e-01
1.19031458e-03 -2.46566350e-03 -1.84067480e-03 3.02443539e-03 1.44251653e-03 3.10894687e-03 -3.23235150e-03 1.14098874e-03 3.38408109e-03 8.52559966e-01 4.02256533e+00 -1.03394507e-02 2.52753779e-01
1.24215540e-03 -2.38199169e-03 -1.56266422e-03 2.71596223e-03 1.10121723e-03 2.76683072e-03 -2.87473319e-03 6.76222286e-04 2.99330122e-03 8.41427005e-01 3.74920603e+00 -1.33326238e-03 2.57892457e-01
6.17895268e-04 -1.93179599e-03 -1.78718444e-03 2.85785427e-03 9.53762803e-04 3.48461022e-03 -3.19058403e-03 1.82550341e-03 3.50212682e-03 8.38100324e-01 4.12806202e+00 1.38479223e-03 2.59065593e-01
1.39293229e-03 -2.41004542e-03 -1.47832307e-03 2.75403755e-03 1.14498364e-03 2.87584779e-03 -2.85789312e-03 5.28838237e-04 2.96270775e-03 8.36663052e-01 3.74491281e+00 2.44026316e-03 2.60832172e-01
6.40431338e-04 -1.67958015e-03 -1.66723100e-03 2.86167562e-03 1.11255970e-03 3.47658054e-03 -3.15540244e-03 1.95362994e-03 3.45357532e-03 8.42816527e-01 4.13385299e+00 -2.36440693e-03 2.55998125e-01
1.03028764e-03 -2.30508914e-03 -1.68860099e-03 2.98679261e-03 1.11694947e-03 3.71469808e-03 -3.22835532e-03 1.49614338e-03 3.50930702e-03 8.41113276e-01 4.05853491e+00 -1.04861018e-03 2.62037390e-01
1.07864796e-03 -2.09410375e-03 -1.44197014e-03 2.57469167e-03 1.06180704e-03 2.61589888e-03 -2.78235924e-03 9.62823408e-04 2.90349952e-03 8.38425192e-01 3.81431104e+00 1.09612455e-03 2.54741402e-01
8.07185195e-04 -8.74518187e-04 -1.25055884e-03 2.59849278e-03 1.45303243e-03 3.08779667e-03 -2.92005301e-03 2.06842032e-03 3.16543396e-03 8.52396894e-01 4.13069758e+00 -1.01014601e-02 2.46001978e-01
1.62924421e-03 -2.72909523e-03 -1.68212591e-03 3.07404947e-03 1.06143381e-03 3.27692641e-03 -3.06596853e-03 -2.50810948e-05 3.15107582e-03 8.25822351e-01 3.75334979e+00 1.08167710e-02 2.69523963e-01
7.45571954e-04 -1.06822647e-03 -1.33097849e-03 2.60624822e-03 1.43950370e-03 3.09698572e-03 -2.85725685e-03 1.96227263e-03 3.09021282e-03 8.47933053e-01 4.10454739e+00 -6.45270114e-03 2.49566562e-01
1.64482714e-03 -2.80355918e-03 -1.65478971e-03 3.06792837e-03 9.53973797e-04 3.19618628e-03 -3.15797950e-03 1.06852729e-04 3.25128575e-03 8.31079785e-01 3.77337159e+00 6.76204602e-03 2.66663588e-01
1.45571827e-03 -2.62452267e-03 -1.40388731e-03 2.79646707e-03 7.30919205e-04 3.79738264e-03 -3.02947253e-03 7.63309551e-04 3.27074707e-03 8.18954121e-01 3.89710008e+00 1.60920908e-02 2.73997094e-01
9.46221716e-04 -1.78515880e-03 -1.54711690e-03 2.68064059e-03 1.32206072e-03 2.46297649e-03 -2.97735641e-03 1.42096619e-03 3.05094401e-03 8.57751097e-01 3.97347339e+00 -1.45993242e-02 2.40769518e-01
1.52231808e-03 -2.75164573e-03 -1.76761272e-03 3.08565908e-03 1.27019230e-03 3.13119835e-03 -3.18062654e-03 4.22892839e-04 3.28653406e-03 8.34450155e-01 3.93467505e+00 4.17322874e-03 2.61779854e-01
5.22517698e-04 -1.38642506e-03 -1.51129530e-03 2.55248925e-03 9.62210737e-04 3.16776623e-03 -2.88234219e-03 1.88185693e-03 3.17859901e-03 8.44895242e-01 3.94402315e+00 -4.02911342e-03 2.55023899e-01
9.00084048e-04 -8.70020603e-04 -1.20307082e-03 2.42741137e-03 1.54912359e-03 2.53275044e-03 -2.77165256e-03 1.82062653e-03 2.90070168e-03 8.58142569e-01 4.09165905e+00 -1.48500589e-02 2.38643968e-01
1.97178530e-03 -2.96160437e-03 -1.54332317e-03 3.17096399e-03 7.23741590e-04 3.61677978e-03 -3.24991089e-03 -2.80012079e-04 3.32608535e-03 8.18443907e-01 3.77616460e+00 1.63950660e-02 2.75164004e-01
7.20239689e-04 -8.38866306e-04 -1.19285790e-03 2.41392572e-03 1.33329051e-03 2.83490510e-03 -2.71257431e-03 1.91343359e-03 2.93764358e-03 8.55083731e-01 3.94970906e+00 -1.23266879e-02 2.45137165e-01
1.83308351e-03 -2.90731917e-03 -1.72148776e-03 3.30847706e-03 1.17189534e-03 3.57184999e-03 -3.28257913e-03 -3.91971397e-05 3.36689196e-03 8.22462140e-01 3.92046091e+00 1.33869236e-02 2.70188344e-01
2.01455301e-03 -3.04961207e-03 -1.46379357e-03 3.14940944e-03 6.47710594e-04 3.58200073e-03 -3.34219974e-03 -5.42493271e-05 3.44253716e-03 8.21287262e-01 3.84806722e+00 1.42655653e-02 2.72567465e-01
8.82173791e-04 -1.10119787e-03 -1.25254955e-03 2.41239583e-03 1.53054478e-03 2.54594703e-03 -2.68453111e-03 1.66247877e-03 2.80086337e-03 8.55995141e-01 3.99973078e+00 -1.30727093e-02 2.42426211e-01
7.59375587e-04 -1.72013040e-03 -1.66381594e-03 2.84797907e-03 1.33714699e-03 3.59530148e-03 -3.10695676e-03 1.89153123e-03 3.40821080e-03 8.52931346e-01 4.04956213e+00 -1.06001451e-02 2.56084185e-01
1.43171787e-03 -2.49017141e-03 -1.46308072e-03 2.73822908e-03 9.24706777e-04 2.68323785e-03 -2.91968236e-03 4.22208238e-04 3.00416089e-03 8.25160059e-01 3.82176521e+00 1.13866945e-02 2.60898277e-01
8.20438500e-04 -1.12386679e-03 -1.40401987e-03 2.59802996e-03 1.48270207e-03 2.77054261e-03 -2.94939349e-03 1.90145412e-03 3.11798581e-03 8.57591090e-01 4.12798090e+00 -1.44092226e-02 2.41799039e-01
1.76325695e-03 -2.79456731e-03 -1.49442537e-03 2.98503920e-03 7.53735619e-04 3.36687186e-03 -3.08328116e-03 -5.44386981e-05 3.17939618e-03 8.19182824e-01 3.74664981e+00 1.58624264e-02 2.72864291e-01
1.55086636e-03 -5.73843765e-05 -4.80174147e-04 2.57948477e-03 2.15002933e-03 3.16801349e-03 -2.83138239e-03 2.18475356e-03 3.03323872e-03 8.59073806e-01 4.27539936e+00 -1.56210723e-02 2.36512547e-01
1.59528121e-03 -2.40217038e-03 -1.61839432e-03 3.15328684e-03 1.27596364e-03 3.65552777e-03 -2.84082075e-03 -2.58892082e-04 2.90106044e-03 8.17177339e-01 3.62804186e+00 1.73348713e-02 2.76308215e-01
1.06318733e-03 -2.23237655e-03 -1.57920727e-03 2.66970310e-03 1.11637939e-03 2.85557309e-03 -2.85137675e-03 9.59374007e-04 3.00898596e-03 8.40603188e-01 3.81992104e+00 -6.46786803e-04 2.57971784e-01
8.26185653e-04 -2.21687859e-03 -1.74975014e-03 2.89330338e-03 9.06755976e-04 3.36378240e-03 -3.20869926e-03 1.54115674e-03 3.47612689e-03 8.38943656e-01 4.05580029e+00 6.89943334e-04 2.58894649e-01
1.70323463e-03 -2.83665843e-03 -1.94480949e-03 3.46883370e-03 1.34422806e-03 3.65187176e-03 -3.28380828e-03 -1.95620995e-04 3.34964990e-03 8.25399796e-01 3.85698677e+00 1.11168457e-02 2.70467700e-01
1.14836874e-03 -3.00756476e-04 -6.77237662e-04 2.33853986e-03 1.74464401e-03 3.06184073e-03 -2.56602773e-03 1.98646960e-03 2.81204686e-03 8.52740315e-01 4.01939294e+00 -1.03651493e-02 2.44861959e-01
1.05086423e-03 -2.21417647e-03 -1.50933878e-03 2.68220180e-03 9.74618269e-04 3.00859833e-03 -2.87441916e-03 1.03166872e-03 3.05849594e-03 8.48933345e-01 3.69438952e+00 -7.39551190e-03 2.58216440e-01
1.00083317e-03 -2.26615232e-03 -1.71924419e-03 2.90453204e-03 1.15332201e-03 3.21653387e-03 -3.16547067e-03 1.37103304e-03 3.37512915e-03 8.29917774e-01 4.19266227e+00 7.79135854e-03 2.58967864e-01
1.47513162e-03 -2.48673257e-03 -1.45549777e-03 2.77723933e-03 1.00847060e-03 3.08400844e-03 -2.82770408e-03 2.78777604e-04 2.94093367e-03 8.16917923e-01 3.79003725e+00 1.76149607e-02 2.69315942e-01
6.55811260e-04 -1.45138869e-03 -1.62853095e-03 2.88122364e-03 1.26910982e-03 3.24051921e-03 -3.19090981e-03 2.05369043e-03 3.43565486e-03 8.59249135e-01 4.07958337e+00 -1.58486349e-02 2.46497715e-01
7.01499932e-04 -1.98612129e-03 -1.75805184e-03 2.78680289e-03 9.80810492e-04 2.95479557e-03 -3.12408819e-03 1.59093699e-03 3.33894693e-03 8.45259454e-01 4.03537280e+00 -4.34685721e-03 2.51979541e-01
1.24861768e-03 -2.42603461e-03 -1.53674330e-03 2.78725459e-03 1.06689337e-03 3.24619366e-03 -2.93735267e-03 8.50249769e-04 3.12601030e-03 8.34055392e-01 3.84784004e+00 4.50839338e-03 2.64480185e-01
1.31193051e-03 -2.48234665e-03 -1.61552880e-03 2.88814853e-03 1.29371786e-03 3.36862560e-03 -2.97833914e-03 8.27893973e-04 3.16243816e-03 8.27273131e-01 3.99685604e+00 9.79312595e-03 2.65928153e-01
7.15603625e-04 -1.83952988e-03 -1.57403866e-03 2.74295692e-03 8.91053429e-04 2.96025565e-03 -3.04699337e-03 1.61895537e-03 3.25729763e-03 8.51189740e-01 3.88879780e+00 -9.19615423e-03 2.50382200e-01
1.58114831e-03 -2.71805849e-03 -1.63672369e-03 3.13489723e-03 1.34269343e-03 3.61843666e-03 -3.19285600e-03 6.60353781e-04 3.35741954e-03 8.29125947e-01 4.03859344e+00 8.33622351e-03 2.66557577e-01
5.77783541e-04 -1.55387808e-03 -1.50665386e-03 2.50761841e-03 8.81498448e-04 2.73753413e-03 -2.83927549e-03 1.64172358e-03 3.04953684e-03 8.49630346e-01 3.84189037e+00 -7.88927199e-03 2.49564584e-01
1.48007709e-03 -2.54379459e-03 -1.23325016e-03 2.59476287e-03 4.96271410e-04 3.55537021e-03 -2.89117919e-03 6.39118698e-04 3.11104373e-03 8.11845777e-01 3.80385111e+00 2.13941141e-02 2.74962842e-01
1.05592889e-03 -1.92346299e-03 -1.66453788e-03 2.82053649e-03 1.52761965e-03 2.59332308e-03 -3.12129748e-03 1.43843560e-03 3.18742778e-03 8.62806807e-01 4.04887426e+00 -1.88592668e-02 2.39910272e-01
1.33732433e-03 -2.39876815e-03 -1.71326280e-03 2.97415641e-03 1.52615096e-03 2.86371066e-03 -3.19069420e-03 1.04112192e-03 3.27788705e-03 8.57957510e-01 3.97263788e+00 -1.48258152e-02 2.47598100e-01
8.37717990e-04 -2.12109037e-03 -1.46346729e-03 2.53040759e-03 5.48698636e-04 3.38301515e-03 -2.85107093e-03 1.27886209e-03 3.14176645e-03 8.18651605e-01 3.88137537e+00 1.63653470e-02 2.69198153e-01
6.76896398e-04 -1.57867540e-03 -1.44324616e-03 2.51373309e-03 9.70737460e-04 2.58438933e-03 -2.79937674e-03 1.53020332e-03 2.95793460e-03 8.55283599e-01 3.77804432e+00 -1.25575609e-02 2.45792940e-01
1.58483464e-03 -2.73101051e-03 -1.59016228e-03 3.12356137e-03 1.26371746e-03 3.83502334e-03 -3.19984812e-03 7.39611127e-04 3.39931498e-03 8.22192066e-01 4.09953299e+00 1.36581528e-02 2.69796758e-01
1.14967945e-03 -2.38745810e-03 -1.64116988e-03 2.90797068e-03 1.05238092e-03 3.00549767e-03 -3.13793051e-03 1.07366438e-03 3.29443262e-03 8.37689401e-01 3.99431872e+00 1.66586868e-03 2.56475747e-01
8.33174414e-04 -2.05122360e-03 -1.61654716e-03 2.67839753e-03 1.05032009e-03 3.22498655e-03 -2.90649307e-03 1.38253408e-03 3.15540377e-03 8.41830536e-01 3.88579231e+00 -1.60888457e-03 2.60329609e-01
1.18011905e-03 -2.26304014e-03 -1.45563903e-03 2.71540311e-03 1.04198445e-03 3.03310280e-03 -2.86674187e-03 9.12161678e-04 3.03149868e-03 8.31931184e-01 3.85084756e+00 6.18193888e-03 2.61814267e-01
8.90946734e-04 -2.11653672e-03 -1.71182484e-03 2.86725993e-03 1.12290147e-03 3.23381526e-03 -3.15820910e-03 1.53288918e-03 3.38876798e-03 8.47179174e-01 4.02645379e+00 -5.91549078e-03 2.54949484e-01
7.24877419e-04 -1.86531783e-03 -1.61441820e-03 2.59878568e-03 1.00401507e-03 2.68501807e-03 -2.88627229e-03 1.40666302e-03 3.05899047e-03 8.49989927e-01 3.85095246e+00 -8.19857820e-03 2.50051453e-01
1.32973738e-03 -2.60221489e-03 -1.61507426e-03 2.97340473e-03 1.04803463e-03 3.56411409e-03 -3.16241750e-03 9.58318218e-04 3.38222186e-03 8.28701958e-01 4.02443832e+00 8.67881099e-03 2.66263676e-01
5.03312931e-04 -1.48663735e-03 -1.49742234e-03 2.46358952e-03 7.04580892e-04 3.87560404e-03 -2.86865373e-03 1.95515209e-03 3.30207280e-03 8.27664917e-01 3.96555768e+00 9.54126915e-03 2.69153746e-01
1.60224961e-03 -2.63639474e-03 -1.78974062e-03 3.01142558e-03 1.53856396e-03 2.52466196e-03 -3.17828671e-03 3.74621390e-04 3.17259300e-03 8.50844169e-01 3.89539842e+00 -8.97287369e-03 2.47972558e-01
6.05244917e-04 -1.45641103e-03 -1.44990891e-03 2.44999545e-03 1.03748579e-03 2.60835528e-03 -2.72013160e-03 1.57679148e-03 2.89677812e-03 8.37675336e-01 3.96206376e+00 1.75612872e-03 2.51073826e-01
1.61314409e-03 -2.88796071e-03 -1.70480496e-03 3.20846375e-03 1.14060916e-03 3.69745583e-03 -3.33482743e-03 6.09456795e-04 3.51253726e-03 8.41829569e-01 3.90558451e+00 -1.69845911e-03 2.65650705e-01
1.43851722e-03 -2.45888657e-03 -1.20513137e-03 2.55857020e-03 4.77731095e-04 3.20015333e-03 -2.81264557e-03 5.13906260e-04 2.98614904e-03 8.20226650e-01 3.64959804e+00 1.51110765e-02 2.71715053e-01
1.00330094e-03 -1.95391703e-03 -1.79508396e-03 2.87973006e-03 1.58418235e-03 2.80330476e-03 -3.23105787e-03 1.59547801e-03 3.34719955e-03 8.56800371e-01 4.21935897e+00 -1.37830673e-02 2.43909366e-01
1.08725848e-03 -2.33590459e-03 -1.60065288e-03 2.80839401e-03 1.08682852e-03 3.53513619e-03 -2.98897227e-03 1.17386021e-03 3.24236518e-03 8.23447079e-01 4.05350281e+00 1.27419305e-02 2.67461604e-01
9.20683602e-04 -2.21598821e-03 -1.69002151e-03 2.75914108e-03 9.42637877e-04 2.69294341e-03 -3.06906868e-03 1.20627845e-03 3.21778752e-03 8.54286473e-01 3.82523904e+00 -1.17747384e-02 2.48938764e-01
1.78115034e-03 -2.86517884e-03 -1.96145314e-03 3.58132551e-03 1.47893825e-03 3.73623586e-03 -3.36138139e-03 -1.79835221e-04 3.41826743e-03 8.23073379e-01 3.95267079e+00 1.29025747e-02 2.69775806e-01
1.16761794e-03 -2.34300264e-04 -5.73183474e-04 2.28090440e-03 1.75556958e-03 3.09043155e-03 -2.45826322e-03 1.94517016e-03 2.70312282e-03 8.54604254e-01 3.91597552e+00 -1.19126416e-02 2.45708134e-01
7.89961053e-04 -1.46783063e-03 -1.62486097e-03 2.67559360e-03 1.50841374e-03 2.81547857e-03 -3.00821822e-03 1.78568723e-03 3.17423486e-03 8.54765464e-01 4.16049112e+00 -1.20645377e-02 2.45287912e-01
1.76065040e-03 -2.73035858e-03 -1.31465165e-03 2.84913419e-03 6.23840267e-04 3.21428620e-03 -3.03990375e-03 1.32671394e-04 3.14699579e-03 8.22868221e-01 3.70975433e+00 1.30802098e-02 2.70356690e-01
1.07520722e-03 -2.36333531e-03 -1.62915063e-03 2.91435684e-03 9.46870595e-04 3.26644787e-03 -3.16038925e-03 1.22406878e-03 3.37140357e-03 8.31674081e-01 4.04584686e+00 6.39339079e-03 2.60512629e-01
9.46215946e-04 -2.09677763e-03 -1.58920845e-03 2.66307635e-03 1.14428657e-03 2.97831748e-03 -2.87502685e-03 1.21730267e-03 3.06722659e-03 8.47405825e-01 3.82927625e+00 -6.11153513e-03 2.56408717e-01
6.29659073e-04 -2.01898859e-03 -1.66298718e-03 2.70267069e-03 6.08220493e-04 3.06446074e-03 -3.06358114e-03 1.54314870e-03 3.32056227e-03 8.27922405e-01 4.02496725e+00 9.32497672e-03 2.59065386e-01
1.25157259e-03 -2.41761375e-03 -1.67837542e-03 2.89120155e-03 1.42317116e-03 3.21393377e-03 -3.00046680e-03 9.37605117e-04 3.16669310e-03 8.50636285e-01 3.84711300e+00 -8.77919066e-03 2.58331723e-01
1.85741597e-03 -2.76549582e-03 -1.26133923e-03 2.77819488e-03 4.87190678e-04 3.37796191e-03 -2.98039858e-03 -7.49538618e-05 3.08506313e-03 8.11534620e-01 3.69409327e+00 2.15719996e-02 2.76121186e-01
9.95103142e-04 -1.31179407e-03 -1.44649767e-03 2.67902424e-03 1.63166433e-03 2.63569219e-03 -3.04546165e-03 1.78881975e-03 3.13300101e-03 8.63034808e-01 4.16900229e+00 -1.89976908e-02 2.37570741e-01
1.76043734e-03 -2.75238241e-03 -1.50279089e-03 3.03718675e-03 1.08369336e-03 3.71964069e-03 -3.04081290e-03 1.41148945e-04 3.17461571e-03 8.11883789e-01 3.91861134e+00 2.13455837e-02 2.75037755e-01
5.35924245e-04 -1.22420931e-03 -1.54454011e-03 2.61865451e-03 1.08371257e-03 2.62105127e-03 -3.00022753e-03 1.91995045e-03 3.17215563e-03 8.62788839e-01 3.96171669e+00 -1.88211998e-02 2.38710842e-01
1.64518496e-03 -2.62996970e-03 -1.56817529e-03 2.98725054e-03 9.12156983e-04 3.21622733e-03 -2.96598917e-03 -1.62551592e-04 3.03329478e-03 8.21048134e-01 3.66147126e+00 1.44415530e-02 2.71844355e-01
1.01413212e-03 -7.91280407e-04 -1.16740378e-03 2.65296198e-03 1.70205773e-03 3.10497576e-03 -2.97994048e-03 2.09247780e-03 3.19543915e-03 8.56178948e-01 4.22203506e+00 -1.32212826e-02 2.43012966e-01
1.36359382e-03 -2.48745773e-03 -1.69974862e-03 2.85105757e-03 1.35670453e-03 2.84226790e-03 -2.90617920e-03 4.21466617e-04 2.99254541e-03 8.40705978e-01 3.76718895e+00 -7.72197540e-04 2.59282813e-01
4.00832002e-04 -1.44314906e-03 -1.66628582e-03 2.76374302e-03 8.11645013e-04 3.56970866e-03 -3.14889774e-03 2.15227999e-03 3.51715873e-03 8.38833930e-01 4.10673327e+00 8.16019240e-04 2.57923784e-01
5.63589184e-04 -7.79129124e-04 -1.14504482e-03 2.31592075e-03 1.07812128e-03 3.02339574e-03 -2.60544459e-03 1.94569644e-03 2.90241393e-03 8.42211959e-01 3.88957339e+00 -1.84134358e-03 2.53138308e-01
1.73130910e-03 -2.98788366e-03 -2.00047521e-03 3.45416801e-03 1.52883954e-03 3.50792661e-03 -3.41082585e-03 1.28426266e-04 3.49502370e-03 8.37284731e-01 3.97414827e+00 1.90225923e-03 2.63784686e-01
1.77971484e-03 -2.90508481e-03 -1.68856262e-03 3.20147970e-03 9.04709803e-04 3.36056978e-03 -3.25794873e-03 -1.02819376e-04 3.33517566e-03 8.24906201e-01 3.81033534e+00 1.15085470e-02 2.69701619e-01
8.93144331e-04 -8.52004507e-04 -1.14239031e-03 2.47806419e-03 1.56949949e-03 2.92908264e-03 -2.74034162e-03 1.90047072e-03 2.94024694e-03 8.53141546e-01 4.05800821e+00 -1.07070806e-02 2.45849309e-01
1.58518029e-03 -2.73959447e-03 -1.76596198e-03 3.08933866e-03 1.05213319e-03 2.99862851e-03 -3.11589329e-03 -6.04313986e-05 3.17237353e-03 8.28886674e-01 3.75432142e+00 8.45674275e-03 2.65213674e-01
8.43536160e-04 -8.31222107e-04 -1.20698850e-03 2.58312514e-03 1.56119671e-03 3.38153016e-03 -2.85875952e-03 2.10733029e-03 3.16484570e-03 8.49835049e-01 4.12211542e+00 -7.99893436e-03 2.51250435e-01
1.26727271e-03 -2.41667255e-03 -1.33970680e-03 2.63496106e-03 5.98788271e-04 3.26394205e-03 -2.90825435e-03 8.27847124e-04 3.11731009e-03 8.18673822e-01 3.83333619e+00 1.63169218e-02 2.68982055e-01
9.75966767e-04 -2.11776532e-03 -1.78999207e-03 2.85457904e-03 1.42649965e-03 2.88026750e-03 -3.13634084e-03 1.41591252e-03 3.28407410e-03 8.57954849e-01 4.02524634e+00 -1.47852540e-02 2.47454784e-01
1.05061389e-03 -2.12388567e-03 -1.69762863e-03 2.85660029e-03 1.35042828e-03 2.84702270e-03 -3.14781050e-03 1.37552602e-03 3.28072450e-03 8.60939551e-01 3.96031331e+00 -1.73100900e-02 2.45793030e-01
1.23678440e-03 -2.38556993e-03 -1.37978310e-03 2.66527185e-03 7.29971376e-04 3.37144144e-03 -2.88111052e-03 8.57202375e-04 3.10006653e-03 8.14531015e-01 3.89650430e+00 1.94292161e-02 2.70438745e-01
7.61946331e-04 -1.45768118e-03 -1.49580342e-03 2.62219542e-03 1.19809659e-03 2.54385049e-03 -2.98305896e-03 1.70822779e-03 3.10398884e-03 8.43405792e-01 4.17391284e+00 -2.79817471e-03 2.43863856e-01
1.67148323e-03 -2.69877970e-03 -1.44109785e-03 2.96695966e-03 1.03793981e-03 3.72157633e-03 -3.03576050e-03 4.15048169e-04 3.20525370e-03 8.36036059e-01 3.72873963e+00 2.88747946e-03 2.71589143e-01
1.29769330e-03 -2.57797405e-03 -1.79187382e-03 3.04182424e-03 1.22326936e-03 2.85170396e-03 -3.29684375e-03 9.29250000e-04 3.40036688e-03 8.34036372e-01 4.16469909e+00 4.55326693e-03 2.53942987e-01
6.98289361e-04 -1.88870615e-03 -1.53564179e-03 2.52476274e-03 8.74078149e-04 3.30300517e-03 -2.77367400e-03 1.44870746e-03 3.06294754e-03 8.45274282e-01 3.72317216e+00 -4.38937943e-03 2.62966338e-01
6.49879847e-04 -1.52843945e-03 -1.55708043e-03 2.73652799e-03 1.08810260e-03 3.02720756e-03 -3.05123630e-03 1.86238587e-03 3.27498796e-03 8.40631554e-01 4.13990890e+00 -5.99046469e-04 2.50989533e-01
1.49706222e-03 -2.58454195e-03 -1.53782689e-03 2.89241392e-03 1.16906969e-03 3.29796248e-03 -2.96932384e-03 4.99187962e-04 3.11385491e-03 8.38908484e-01 3.74995524e+00 6.41137087e-04 2.65519695e-01
9.53959919e-04 -9.43747499e-04 -1.24007449e-03 2.65129420e-03 1.71626315e-03 3.33344528e-03 -2.91107682e-03 2.04971896e-03 3.16875054e-03 8.49231487e-01 4.21376522e+00 -7.49699720e-03 2.50256800e-01
1.64336723e-03 -2.73472236e-03 -1.61885230e-03 2.97990715e-03 8.41847447e-04 2.92464886e-03 -3.06912244e-03 -1.06262752e-04 3.12489900e-03 8.29588209e-01 3.66450170e+00 7.90257272e-03 2.66090696e-01
1.39931319e-03 -2.51282813e-03 -1.76461938e-03 2.93732325e-03 1.46268819e-03 3.01030900e-03 -2.89601548e-03 2.69479122e-04 2.98051746e-03 8.40277520e-01 3.72545606e+00 -4.52101267e-04 2.62137107e-01
5.21878696e-04 -9.88597684e-04 -1.37484319e-03 2.74112261e-03 1.01075198e-03 3.61766251e-03 -3.07949987e-03 2.31486198e-03 3.44259419e-03 8.39263017e-01 4.15045996e+00 4.93005238e-04 2.55086422e-01
1.34341303e-03 -2.35088002e-03 -1.60193846e-03 2.80880131e-03 1.46973884e-03 2.82062931e-03 -2.92628217e-03 7.57073236e-04 3.01708212e-03 8.55170461e-01 3.76901076e+00 -1.25263086e-02 2.52547650e-01
6.97773241e-04 -1.99859286e-03 -1.59254542e-03 2.72919933e-03 6.17753172e-04 3.56093319e-03 -3.10050502e-03 1.68457077e-03 3.42776238e-03 8.22310354e-01 4.08830524e+00 1.36202260e-02 2.65027988e-01
9.98562128e-04 -2.34515464e-03 -1.49084914e-03 2.65218216e-03 4.72285308e-04 3.83051062e-03 -3.04204871e-03 1.31550480e-03 3.37655601e-03 8.22895268e-01 3.90705294e+00 1.31324584e-02 2.72246027e-01
1.13193076e-03 -2.23333814e-03 -1.74865433e-03 2.72168435e-03 1.38623161e-03 2.35270974e-03 -3.02449035e-03 9.94734946e-04 3.06993961e-03 8.54731857e-01 3.95557187e+00 -1.21091619e-02 2.43695636e-01
1.18881390e-03 -2.38594648e-03 -1.48452143e-03 2.70077903e-03 8.48059451e-04 3.09371639e-03 -2.90111474e-03 8.22282230e-04 3.08427352e-03 8.31044887e-01 3.79335455e+00 6.85355092e-03 2.64406970e-01
7.97913097e-04 -2.04122892e-03 -1.79694815e-03 2.85997357e-03 1.19436837e-03 3.06960983e-03 -3.16321659e-03 1.58792213e-03 3.37423924e-03 8.47965286e-01 4.08544542e+00 -6.53623284e-03 2.52143623e-01
5.94274162e-04 -1.72757898e-03 -1.74405296e-03 2.75351826e-03 1.03419734e-03 2.86533481e-03 -3.11840083e-03 1.77213612e-03 3.32690291e-03 8.36271827e-01 4.22151531e+00 2.86386616e-03 2.51039797e-01
1.49007322e-03 -2.55863578e-03 -1.47672976e-03 2.84807789e-03 1.08574483e-03 3.32898792e-03 -2.94498904e-03 5.33938803e-04 3.10102851e-03 8.43172380e-01 3.67581216e+00 -2.77563466e-03 2.65754599e-01
9.85266157e-04 -2.29174329e-03 -1.59818229e-03 2.77836274e-03 8.66292521e-04 3.32673743e-03 -3.03972212e-03 1.24887529e-03 3.28524691e-03 8.26170102e-01 4.01795561e+00 1.06560812e-02 2.64117237e-01
1.10272418e-03 -2.21380809e-03 -1.59922767e-03 2.77701809e-03 1.22082132e-03 2.92375846e-03 -2.99716200e-03 1.14229074e-03 3.14846902e-03 8.52096718e-01 3.85517086e+00 -9.96001403e-03 2.52809176e-01
6.69019515e-04 -1.68193332e-03 -1.59735643e-03 2.57444406e-03 1.19919448e-03 3.08247963e-03 -2.81600274e-03 1.60924678e-03 3.06429282e-03 8.61851480e-01 3.75685854e+00 -1.80688984e-02 2.52792638e-01
1.52753453e-03 -2.81222404e-03 -1.65008210e-03 3.03708472e-03 8.53677645e-04 3.06103683e-03 -3.26006785e-03 4.67969787e-04 3.37953588e-03 8.13229211e-01 4.10320925e+00 2.03863068e-02 2.64560544e-01
1.49378410e-03 -2.56815816e-03 -1.48187496e-03 2.80024024e-03 8.36007633e-04 2.84528605e-03 -2.93545829e-03 2.28404405e-04 3.02378341e-03 8.25406458e-01 3.72574671e+00 1.11663936e-02 2.64889115e-01
6.63127872e-04 -1.47648740e-03 -1.68763947e-03 2.80129358e-03 1.38674108e-03 3.34537662e-03 -3.11399247e-03 2.00598931e-03 3.39471168e-03 8.52735527e-01 4.14695228e+00 -1.04076725e-02 2.51594606e-01
1.56676385e-03 -2.70017768e-03 -1.59710375e-03 3.02244418e-03 1.10765532e-03 3.30777841e-03 -3.10757430e-03 4.13446792e-04 3.23604804e-03 8.20893929e-01 3.96745598e+00 1.46262775e-02 2.67278104e-01
6.07462060e-04 -1.50465817e-03 -1.56995183e-03 2.61441175e-03 1.08275916e-03 2.96510131e-03 -2.94189840e-03 1.79619290e-03 3.17875851e-03 8.56288311e-01 3.90811464e+00 -1.33763847e-02 2.48916055e-01
9.97320139e-04 -3.46499655e-04 -7.30448270e-04 2.27875592e-03 1.64136582e-03 3.00857617e-03 -2.46185353e-03 1.92892426e-03 2.70612980e-03 8.50929785e-01 3.92870601e+00 -8.88000030e-03 2.47147667e-01
1.83466201e-03 -2.94855475e-03 -1.94473387e-03 3.57318698e-03 1.38607361e-03 3.68644404e-03 -3.42258087e-03 -1.76365362e-04 3.47949265e-03 8.27591134e-01 3.93124659e+00 9.43735512e-03 2.68692738e-01
1.64674504e-03 -2.69090368e-03 -1.40176961e-03 2.85916766e-03 8.38141858e-04 3.45195764e-03 -2.99466860e-03 3.18701514e-04 3.14485474e-03 8.32593095e-01 3.68149000e+00 5.58598624e-03 2.70961128e-01
6.89921793e-04 -1.50747991e-03 -1.65580455e-03 2.69741073e-03 1.27662253e-03 2.65818822e-03 -3.06436354e-03 1.78304318e-03 3.20884172e-03 8.46585408e-01 4.21610567e+00 -5.36128096e-03 2.44582646e-01
1.27416091e-03 -2.35978713e-03 -1.34592649e-03 2.60353690e-03 7.93507263e-04 3.30628738e-03 -2.77204026e-03 7.14403989e-04 2.97293463e-03 8.12310853e-01 3.84321089e+00 2.10752095e-02 2.71800957e-01
9.73524656e-04 -2.05367206e-03 -1.72772882e-03 2.95956407e-03 1.32662708e-03 2.92406381e-03 -3.25307517e-03 1.55068607e-03 3.39482042e-03 8.62477939e-01 4.01189124e+00 -1.86104860e-02 2.43974509e-01
1.27951746e-03 -2.43153130e-03 -1.44192336e-03 2.75722277e-03 9.26110855e-04 3.65393327e-03 -2.94602906e-03 9.61617148e-04 3.19238094e-03 8.35043372e-01 3.79507433e+00 3.71854220e-03 2.69536833e-01
1.00475502e-03 -1.96713027e-03 -1.58185781e-03 2.76112062e-03 1.24255704e-03 2.59321459e-03 -3.06220214e-03 1.36769252e-03 3.15801239e-03 8.44345105e-01 4.09883848e+00 -3.59561536e-03 2.46318004e-01
3.99981061e-04 -1.63799288e-03 -1.56751034e-03 2.46552569e-03 5.43479448e-04 2.97558315e-03 -2.83212411e-03 1.67795474e-03 3.12165557e-03 8.39672205e-01 3.78981222e+00 1.23569041e-04 2.57639793e-01
1.43791625e-03 -2.71275480e-03 -1.87691557e-03 3.15906213e-03 1.56811432e-03 3.30483579e-03 -3.25861449e-03 7.72876501e-04 3.39471668e-03 8.39879229e-01 4.08966896e+00 -8.31680760e-05 2.59378352e-01
1.04821530e-03 -2.39354967e-03 -1.75064982e-03 3.00956563e-03 1.04472373e-03 3.31068510e-03 -3.31043531e-03 1.39264374e-03 3.52983053e-03 8.55043959e-01 3.94478188e+00 -1.24132884e-02 2.53918600e-01
1.03646208e-03 -2.12578419e-03 -1.47387195e-03 2.59162160e-03 1.07608914e-03 2.92465608e-03 -2.73969033e-03 9.70859529e-04 2.91133538e-03 8.22476896e-01 3.91866263e+00 1.34877290e-02 2.63271401e-01
2.25694051e-03 -3.05642862e-03 -1.50692875e-03 3.33797043e-03 5.37642831e-04 3.91214615e-03 -3.39786953e-03 -6.71156511e-04 3.42322901e-03 8.12519176e-01 3.76582436e+00 2.07828989e-02 2.79519390e-01
1.24965246e-03 -4.99989199e-04 -7.88522545e-04 2.25778155e-03 1.84890271e-03 2.29118205e-03 -2.55830320e-03 1.68460378e-03 2.59232871e-03 8.62370837e-01 4.08398944e+00 -1.83814543e-02 2.32071370e-01
8.27929154e-04 -6.10381755e-04 -1.02327118e-03 2.46137084e-03 1.43257024e-03 3.28678469e-03 -2.73725690e-03 2.10058340e-03 3.04736528e-03 8.45869252e-01 4.05588761e+00 -4.77243038e-03 2.51063039e-01
1.61977447e-03 -2.75938824e-03 -1.88584387e-03 3.29227046e-03 1.39497259e-03 3.33145595e-03 -3.19160631e-03 -2.53536984e-06 3.25758003e-03 8.33381507e-01 3.82247869e+00 4.95793091e-03 2.65539152e-01
1.47769863e-03 -2.56187216e-03 -1.55574628e-03 2.82513112e-03 9.51248803e-04 2.92642018e-03 -2.89499318e-03 1.39385165e-04 2.98262607e-03 8.32328131e-01 3.63395557e+00 5.79576845e-03 2.65778940e-01
6.28002371e-04 -1.24586203e-03 -1.60575779e-03 2.80011901e-03 1.34208926e-03 3.32152336e-03 -3.14375455e-03 2.14400751e-03 3.43019388e-03 8.46823961e-01 4.25086303e+00 -5.55701548e-03 2.50592705e-01
1.53351660e-03 -2.56788586e-03 -1.61657113e-03 2.95669784e-03 1.32936872e-03 2.98588054e-03 -3.00407892e-03 3.71547528e-04 3.08434084e-03 8.29284973e-01 3.90140210e+00 8.20797513e-03 2.62030018e-01
5.42396846e-04 -1.36274258e-03 -1.52651040e-03 2.70820443e-03 1.04925693e-03 3.44040505e-03 -3.00598037e-03 2.03878918e-03 3.32596614e-03 8.49494604e-01 3.98002166e+00 -7.77318365e-03 2.54803069e-01
1.36818616e-03 -2.10884113e-04 -5.30806110e-04 2.37422482e-03 1.97012626e-03 3.03086466e-03 -2.57356406e-03 1.96400625e-03 2.76941768e-03 8.56241182e-01 4.07386592e+00 -1.32569360e-02 2.41381163e-01
1.78505215e-03 -2.75850414e-03 -1.79478395e-03 3.42168238e-03 1.24229233e-03 3.71079672e-03 -3.21456122e-03 -2.96457575e-04 3.26874418e-03 8.20966754e-01 3.80514627e+00 1.44834215e-02 2.73030391e-01
7.77109280e-04 -1.28247855e-03 -1.46621477e-03 2.54257594e-03 1.27413876e-03 2.37662175e-03 -2.96190801e-03 1.74590031e-03 3.05780072e-03 8.59467798e-01 4.07407490e+00 -1.59910771e-02 2.36462986e-01
1.85628096e-03 -2.84412045e-03 -1.40311023e-03 2.96525572e-03 7.89027690e-04 3.77983162e-03 -3.08089418e-03 8.24623973e-05 3.22382625e-03 8.16629176e-01 3.80716209e+00 1.77902382e-02 2.76694483e-01
7.54464590e-04 -1.95298015e-03 -1.60065717e-03 2.59980316e-03 9.86103079e-04 2.97065175e-03 -2.84911628e-03 1.37120212e-03 3.07120273e-03 8.29103122e-01 3.99582216e+00 8.42992366e-03 2.59880360e-01
1.28710373e-03 -2.58713822e-03 -1.68976960e-03 2.99719290e-03 1.09194445e-03 3.22856692e-03 -3.21874767e-03 9.69145093e-04 3.39456859e-03 8.49629551e-01 3.87617658e+00 -7.97498672e-03 2.57378027e-01
1.53384771e-03 -2.65894987e-03 -1.53529107e-03 2.92797437e-03 9.54524018e-04 2.94439558e-03 -3.11905525e-03 4.72628614e-04 3.21992579e-03 8.18377424e-01 4.00789142e+00 1.65404913e-02 2.62937542e-01
7.16800021e-04 -1.72361894e-03 -1.61811544e-03 2.67015801e-03 1.22493159e-03 3.26511063e-03 -2.92873240e-03 1.69515352e-03 3.19616123e-03 8.58173984e-01 3.86106398e+00 -1.49695552e-02 2.54254964e-01
1.14759741e-03 -2.27305052e-03 -1.55540960e-03 2.67986873e-03 1.19353384e-03 2.92207556e-03 -2.81417270e-03 8.50556269e-04 2.96661872e-03 8.27236183e-01 3.92482748e+00 9.83793552e-03 2.62145687e-01
7.51649907e-04 -2.18011605e-03 -1.78970929e-03 2.91431433e-03 8.46179208e-04 3.29475264e-03 -3.25766231e-03 1.61002947e-03 3.52049786e-03 8.51215668e-01 3.94907275e+00 -9.23622299e-03 2.54807797e-01
8.86638340e-04 -2.12841989e-03 -1.56894205e-03 2.62690660e-03 8.47195916e-04 2.73525136e-03 -2.90687292e-03 1.16356452e-03 3.08082392e-03 8.47673254e-01 3.75545078e+00 -6.34683812e-03 2.53560838e-01
1.14589010e-03 -2.32840329e-03 -1.64649129e-03 2.96620111e-03 1.30088031e-03 3.55012385e-03 -3.11850269e-03 1.28311442e-03 3.34942234e-03 8.31367720e-01 4.12808850e+00 6.64777157e-03 2.63144695e-01
4.23692448e-04 -1.57202598e-03 -1.64518882e-03 2.65713591e-03 7.13682628e-04 3.65668219e-03 -3.04360236e-03 2.01217376e-03 3.42992389e-03 8.36597455e-01 4.00099235e+00 2.57215792e-03 2.62579919e-01
1.40928769e-03 -2.55710309e-03 -1.75956885e-03 2.89800626e-03 1.40791500e-03 2.69449761e-03 -3.02846783e-03 4.85527919e-04 3.09093873e-03 8.42874399e-01 3.87241246e+00 -2.49248270e-03 2.54675907e-01
5.15701089e-04 -1.43890193e-03 -1.66354698e-03 2.73721957e-03 1.08907367e-03 3.20857026e-03 -3.08016374e-03 2.00394413e-03 3.36362466e-03 8.41495975e-01 4.16349391e+00 -1.28192065e-03 2.53126460e-01
1.49516035e-03 -2.56863706e-03 -1.56244268e-03 2.90837556e-03 1.13722462e-03 3.08896476e-03 -2.96825635e-03 3.63414797e-04 3.07577278e-03 8.38026437e-01 3.72163108e+00 1.33207518e-03 2.63614108e-01
3.10434124e-04 -1.44686742e-03 -1.52639574e-03 2.43354381e-03 4.67315256e-04 3.26581055e-03 -2.83806898e-03 1.87891753e-03 3.19404832e-03 8.31338511e-01 3.86287906e+00 6.69233605e-03 2.62012050e-01
1.49230545e-03 -2.74705663e-03 -1.96012078e-03 3.17873883e-03 1.68011011e-03 3.10085079e-03 -3.25837264e-03 5.77712190e-04 3.34501966e-03 8.47692136e-01 4.00171060e+00 -6.38838786e-03 2.55619045e-01
1.14359898e-03 -2.27080422e-03 -1.45646608e-03 2.67389705e-03 1.00336654e-03 3.32006386e-03 -2.84184886e-03 9.98532713e-04 3.06147207e-03 8.22744891e-01 3.92155738e+00 1.32662279e-02 2.67492129e-01
9.38487045e-04 -2.24456207e-03 -1.76310689e-03 2.88629543e-03 1.06690186e-03 2.88799833e-03 -3.20601994e-03 1.36730825e-03 3.37435078e-03 8.54842749e-01 3.95036664e+00 -1.22238434e-02 2.48895587e-01
1.71371628e-03 -2.75046302e-03 -1.95415635e-03 3.58556216e-03 1.49043011e-03 3.93535320e-03 -3.25599755e-03 -2.52570561e-04 3.32150086e-03 8.14778328e-01 3.93451836e+00 1.91442567e-02 2.73835831e-01
1.35795401e-03 -9.09017656e-05 -4.36373497e-04 2.28422321e-03 1.89916265e-03 3.00668901e-03 -2.48946844e-03 1.95533094e-03 2.71463289e-03 8.60794387e-01 3.94646195e+00 -1.70822686e-02 2.40145444e-01
1.60196456e-03 -2.76349541e-03 -1.39963892e-03 2.90939540e-03 6.97774819e-04 3.97563187e-03 -3.16280345e-03 7.18974987e-04 3.40345514e-03 8.14742743e-01 3.98823362e+00 1.92439640e-02 2.74931444e-01
8.19711286e-04 -1.75035076e-03 -1.59273821e-03 2.53431835e-03 1.20543179e-03 2.27422368e-03 -2.86821629e-03 1.35186830e-03 2.94395052e-03 8.60802614e-01 3.86567111e+00 -1.71618095e-02 2.39645210e-01
1.53813488e-03 -2.79737916e-03 -1.78600699e-03 3.14168451e-03 1.28570492e-03 3.14698427e-03 -3.28705529e-03 5.61588254e-04 3.39700014e-03 8.46992908e-01 3.90076473e+00 -5.84583957e-03 2.57601810e-01
5.76427728e-04 -1.50487663e-03 -1.45732240e-03 2.49912980e-03 9.37129744e-04 3.14850049e-03 -2.77372996e-03 1.71437631e-03 3.05494758e-03 8.32118098e-01 3.96440181e+00 6.10559502e-03 2.59747025e-01
9.56564555e-04 -2.05600304e-03 -1.82082330e-03 2.86640811e-03 1.53835531e-03 2.94213627e-03 -3.14086032e-03 1.48801961e-03 3.29337976e-03 8.48562640e-01 4.19023125e+00 -6.99921401e-03 2.50146864e-01
1.22917723e-03 -2.44269157e-03 -1.36926509e-03 2.62834890e-03 4.93671764e-04 3.10906829e-03 -2.92324835e-03 7.73726101e-04 3.11906487e-03 8.30363783e-01 3.68988854e+00 7.35783592e-03 2.66435527e-01
1.63705398e-03 -2.78535901e-03 -1.68142633e-03 3.14027971e-03 1.33905096e-03 3.61509855e-03 -3.16363069e-03 4.34837146e-04 3.31238843e-03 8.30525180e-01 3.95085986e+00 7.23072578e-03 2.68108760e-01
4.04206961e-04 -1.33862529e-03 -1.56998606e-03 2.53177349e-03 8.47620514e-04 2.73926934e-03 -2.89929801e-03 1.85466091e-03 3.13245054e-03 8.48421860e-01 3.93442644e+00 -6.88282874e-03 2.47688235e-01
1.32789038e-03 -2.41464725e-03 -1.57073941e-03 2.82761609e-03 1.17661308e-03 2.75546186e-03 -2.98603287e-03 6.93266111e-04 3.07873546e-03 8.44156211e-01 3.80731644e+00 -3.52494403e-03 2.54810748e-01
6.86972636e-04 -1.82795101e-03 -1.63057079e-03 2.77023395e-03 1.02987840e-03 3.59037287e-03 -3.03579139e-03 1.77729441e-03 3.35546342e-03 8.35237281e-01 4.07023718e+00 3.64429244e-03 2.62138305e-01
1.34590915e-03 -2.51474555e-03 -1.74457189e-03 2.88415687e-03 1.30080020e-03 2.51154625e-03 -3.16072924e-03 7.74897065e-04 3.21164597e-03 8.53776943e-01 3.91076158e+00 -1.13617063e-02 2.46411010e-01
7.05379778e-04 -1.99238556e-03 -1.57213782e-03 2.58282583e-03 7.02701526e-04 3.71319458e-03 -2.90989460e-03 1.56790045e-03 3.26506316e-03 8.24085381e-01 3.95570405e+00 1.22625425e-02 2.69992893e-01
1.50716861e-03 -2.53075109e-03 -1.64862039e-03 2.97948607e-03 1.51556542e-03 3.24791617e-03 -2.93383702e-03 4.01938011e-04 3.04136300e-03 8.33818156e-01 3.85116487e+00 4.67244093e-03 2.64726208e-01
3.19304156e-04 -1.30735946e-03 -1.64451489e-03 2.70430118e-03 7.48961789e-04 3.21126907e-03 -3.10762527e-03 2.13732030e-03 3.42841085e-03 8.45476951e-01 4.03433736e+00 -4.50216242e-03 2.51781780e-01
5.80450000e-04 -1.67914670e-03 -1.59073610e-03 2.57299862e-03 9.57944621e-04 3.12278021e-03 -2.86328402e-03 1.67569557e-03 3.13895402e-03 8.38266756e-01 3.95758309e+00 1.26359013e-03 2.58182205e-01
1.51144492e-03 -2.63644086e-03 -1.61995922e-03 3.04493847e-03 1.24194447e-03 3.14809020e-03 -3.18104001e-03 6.70108189e-04 3.29953589e-03 8.41262482e-01 3.91681087e+00 -1.21417219e-03 2.58785192e-01
5.14659020e-04 -1.39026717e-03 -1.69063076e-03 2.83133823e-03 1.09228518e-03 3.09581242e-03 -3.21062669e-03 2.09745272e-03 3.46211509e-03 8.61707576e-01 4.04024743e+00 -1.79220604e-02 2.44113605e-01
1.53793934e-03 -2.49809715e-03 -1.47287975e-03 2.84897260e-03 1.14142593e-03 3.24039114e-03 -2.83030390e-03 2.16301820e-04 2.94058221e-03 8.13450386e-01 3.83295115e+00 2.02007460e-02 2.71201912e-01
9.21420102e-04 -1.04895771e-03 -1.32604990e-03 2.46927742e-03 1.55615122e-03 2.38776045e-03 -2.85999624e-03 1.75655934e-03 2.94355467e-03 8.62972006e-01 4.10742954e+00 -1.89239896e-02 2.35293658e-01
2.06612711e-03 -2.92251701e-03 -1.34426128e-03 3.02620392e-03 5.29730389e-04 3.63767289e-03 -3.17565412e-03 -3.01690570e-04 3.25146402e-03 8.11633424e-01 3.75212086e+00 2.14771780e-02 2.77536066e-01
6.61847092e-04 -1.79514867e-03 -1.69055684e-03 2.74487812e-03 1.11178464e-03 3.34943361e-03 -3.03556960e-03 1.76486001e-03 3.32426111e-03 8.52458799e-01 3.94470911e+00 -1.02222915e-02 2.55664545e-01
1.39615258e-03 -2.55775619e-03 -1.57237502e-03 2.84406510e-03 1.02858231e-03 2.86796159e-03 -3.02157042e-03 5.66894913e-04 3.13424892e-03 8.25738640e-01 3.93205940e+00 1.09549123e-02 2.61306728e-01
1.21754627e-03 -2.38119612e-03 -1.74367726e-03 3.05880291e-03 1.51569546e-03 3.44153296e-03 -3.21937115e-03 1.28879234e-03 3.41227858e-03 8.49869627e-01 4.06222172e+00 -8.12410590e-03 2.56440548e-01
8.31711673e-04 -2.08577516e-03 -1.47573982e-03 2.52664619e-03 6.34840250e-04 2.83203701e-03 -2.81634988e-03 1.15127289e-03 3.02339486e-03 8.28837716e-01 3.80568348e+00 8.59599645e-03 2.60660306e-01
8.24305055e-04 -2.03886592e-03 -1.55453783e-03 2.61530580e-03 9.08176548e-04 3.06903172e-03 -2.85242846e-03 1.29043845e-03 3.08181801e-03 8.40157814e-01 3.81454959e+00 -2.82835216e-04 2.59947823e-01
1.09741968e-03 -2.44066047e-03 -1.77367212e-03 2.96205394e-03 1.14145839e-03 3.12924244e-03 -3.21182358e-03 1.17400358e-03 3.39415899e-03 8.39393485e-01 4.06519581e+00 3.23820626e-04 2.56877096e-01
5.66580479e-04 -1.60423135e-03 -1.54459425e-03 2.60320717e-03 8.73196456e-04 3.35967081e-03 -2.92301326e-03 1.81188080e-03 3.23812044e-03 8.38310328e-01 3.95871743e+00 1.22208171e-03 2.59839505e-01
1.48458896e-03 -2.63381717e-03 -1.70272163e-03 2.98635560e-03 1.33567661e-03 2.94952684e-03 -3.12765829e-03 5.71634458e-04 3.22072205e-03 8.41221448e-01 3.91824119e+00 -1.17315161e-03 2.57225019e-01
8.31740973e-04 -2.07512551e-03 -1.66866876e-03 2.78050130e-03 1.04067653e-03 3.30388175e-03 -3.05135036e-03 1.50930610e-03 3.30889393e-03 8.54567311e-01 3.84578775e+00 -1.19992338e-02 2.56343601e-01
1.19928369e-03 -2.43437463e-03 -1.62730595e-03 2.81068807e-03 1.05306199e-03 2.90650322e-03 -3.01113728e-03 8.40002915e-04 3.15561284e-03 8.23094359e-01 4.03428763e+00 1.30036673e-02 2.60954004e-01
5.38460800e-04 -1.17243417e-03 -1.49385125e-03 2.55511860e-03 1.09722200e-03 2.71234819e-03 -2.92237231e-03 1.91890119e-03 3.12736602e-03 8.62110551e-01 3.91840502e+00 -1.82452341e-02 2.41403742e-01
1.70693145e-03 -2.82677205e-03 -1.64882938e-03 3.12112970e-03 1.08310094e-03 3.60204760e-03 -3.13504942e-03 1.08069477e-04 3.26048650e-03 8.12875486e-01 3.95823316e+00 2.06106729e-02 2.73130494e-01
1.60359336e-03 -2.58250530e-03 -1.45332037e-03 2.84646567e-03 1.03692122e-03 3.43404388e-03 -2.85387486e-03 1.61035171e-04 2.98223485e-03 8.17014575e-01 3.76248146e+00 1.75225687e-02 2.73878449e-01
6.95953221e-04 -1.17721283e-03 -1.46416909e-03 2.80558613e-03 1.28775568e-03 2.92192217e-03 -3.13928265e-03 2.07622427e-03 3.31794338e-03 8.59184379e-01 4.12267264e+00 -1.57733844e-02 2.40235254e-01
6.80657736e-04 -1.70274530e-03 -1.52458223e-03 2.48513230e-03 1.04727880e-03 2.82727262e-03 -2.74693396e-03 1.47616989e-03 2.96083120e-03 8.33833470e-01 3.96410607e+00 4.76744891e-03 2.56825483e-01
1.45126546e-03 -2.79497025e-03 -1.73183220e-03 3.12658135e-03 1.04734697e-03 3.35749666e-03 -3.33034646e-03 7.54098896e-04 3.49556283e-03 8.45444678e-01 3.90057261e+00 -4.59285751e-03 2.60344114e-01
9.05666030e-04 -1.84231885e-03 -1.66552367e-03 2.56844270e-03 1.31716089e-03 2.21590969e-03 -2.94735063e-03 1.32520183e-03 2.99783581e-03 8.58473462e-01 3.99209416e+00 -1.51871241e-02 2.38964550e-01
1.60527803e-03 -2.72234465e-03 -1.30452727e-03 2.78968211e-03 5.31233486e-04 3.89841368e-03 -3.09753700e-03 6.84044696e-04 3.33666133e-03 8.17983952e-01 3.86772283e+00 1.68054327e-02 2.75539082e-01
1.90764203e-03 -2.93558856e-03 -1.61639418e-03 3.25922022e-03 9.81712487e-04 3.61618445e-03 -3.28202107e-03 -9.65651212e-05 3.36803829e-03 8.27426038e-01 3.80854326e+00 9.56616136e-03 2.71471195e-01
7.17667733e-04 -9.07425470e-04 -1.28329111e-03 2.42151240e-03 1.37343359e-03 2.65002146e-03 -2.74770622e-03 1.85649611e-03 2.92785476e-03 8.51068335e-01 4.06303281e+00 -8.99488809e-03 2.43700262e-01
1.93800525e-03 -2.69714511e-03 -1.36270849e-03 2.96792502e-03 6.37147304e-04 3.58342807e-03 -2.98344231e-03 -4.34126476e-04 3.03552235e-03 8.13893339e-01 3.59400822e+00 1.97785355e-02 2.79227698e-01
1.29503628e-03 -5.85875053e-04 -9.20826390e-04 2.59749458e-03 1.95818638e-03 2.63044826e-03 -2.91309034e-03 1.96135045e-03 2.96657803e-03 8.61418104e-01 4.30191585e+00 -1.75880608e-02 2.32428734e-01
1.25566991e-03 -2.43837948e-03 -1.47954854e-03 2.81508077e-03 8.67724834e-04 3.24051888e-03 -3.01843328e-03 8.98376125e-04 3.20759936e-03 8.19109398e-01 3.99295162e+00 1.60066094e-02 2.65704207e-01
9.59480546e-04 -2.00805943e-03 -1.60837138e-03 2.77147588e-03 1.29206996e-03 3.04114156e-03 -2.99535303e-03 1.40927204e-03 3.17929125e-03 8.57624016e-01 3.87295214e+00 -1.45289611e-02 2.51249065e-01
1.17171279e-03 -2.29216761e-03 -1.78904047e-03 3.04003532e-03 1.61135039e-03 3.30181194e-03 -3.24289917e-03 1.39247909e-03 3.41718840e-03 8.47529477e-01 4.18571541e+00 -6.18682602e-03 2.54088168e-01
1.01840333e-03 -2.15477911e-03 -1.33339261e-03 2.50257321e-03 5.88726959e-04 2.91335238e-03 -2.77994693e-03 9.90111804e-04 2.97637287e-03 8.31538272e-01 3.68956077e+00 6.47486316e-03 2.62796124e-01
1.72183585e-03 -2.84867721e-03 -1.61942054e-03 3.09791529e-03 1.01060717e-03 3.32846150e-03 -3.19582682e-03 1.64857173e-04 3.30036088e-03 8.15032669e-01 3.98792073e+00 1.90153192e-02 2.69088887e-01
5.59342221e-04 -1.29925349e-03 -1.53152402e-03 2.55455001e-03 1.16800229e-03 2.91109201e-03 -2.86826174e-03 1.85245400e-03 3.10409092e-03 8.60602165e-01 3.87811436e+00 -1.69788302e-02 2.46857337e-01
1.78272693e-03 -2.82106115e-03 -1.45759604e-03 3.06570388e-03 1.00582011e-03 3.87122013e-03 -3.15240805e-03 3.69828724e-04 3.32282492e-03 8.18869285e-01 3.94377896e+00 1.61341264e-02 2.73943966e-01
6.67610666e-04 -1.43586217e-03 -1.51064137e-03 2.50055805e-03 1.09552902e-03 2.41504515e-03 -2.87951868e-03 1.64722371e-03 3.00970679e-03 8.57819771e-01 3.93032559e+00 -1.46340321e-02 2.40365546e-01
1.06373955e-03 -2.14020297e-03 -1.43428499e-03 2.59614006e-03 1.01817877e-03 2.96564230e-03 -2.74454030e-03 9.53647728e-04 2.91976382e-03 8.20023072e-01 3.91405216e+00 1.53420304e-02 2.64280420e-01
1.07825622e-03 -2.36084768e-03 -1.73841358e-03 3.01170994e-03 1.14555712e-03 3.29642935e-03 -3.29242724e-03 1.39165645e-03 3.50063915e-03 8.56927140e-01 3.94705477e+00 -1.39770238e-02 2.52935374e-01
6.59377222e-04 -1.72825977e-03 -1.55920052e-03 2.58209688e-03 9.62521041e-04 2.97321640e-03 -2.87935827e-03 1.59353464e-03 3.11476791e-03 8.49192735e-01 3.84961955e+00 -7.54350277e-03 2.53668232e-01
1.47894569e-03 -2.61411353e-03 -1.60056029e-03 3.03196456e-03 1.23583803e-03 3.31376587e-03 -3.15489809e-03 7.42742737e-04 3.30187118e-03 8.29633906e-01 4.02932700e+00 7.95484970e-03 2.63002355e-01
1.12277925e-03 -2.35497599e-03 -1.83638596e-03 3.01625864e-03 1.39945743e-03 3.01233997e-03 -3.31045096e-03 1.34780821e-03 3.45741488e-03 8.57048133e-01 4.07113024e+00 -1.40482289e-02 2.48192273e-01
1.08086357e-03 -2.14874530e-03 -1.29966309e-03 2.51188310e-03 7.21916595e-04 3.17987203e-03 -2.72395813e-03 9.76532805e-04 2.94262919e-03 8.19877583e-01 3.78582753e+00 1.54280759e-02 2.68354128e-01
9.35212362e-04 -1.97156895e-03 -1.82280002e-03 2.94510178e-03 1.52521397e-03 3.05178697e-03 -3.27057452e-03 1.69470005e-03 3.44265642e-03 8.55537826e-01 4.21022673e+00 -1.27417618e-02 2.47115322e-01
1.38668862e-03 -2.36717258e-03 -1.21712761e-03 2.56169545e-03 6.26620963e-04 3.04566340e-03 -2.75871315e-03 5.36776805e-04 2.91305059e-03 8.21872335e-01 3.65709662e+00 1.38751156e-02 2.68985753e-01
1.14686174e-03 -2.31922345e-03 -1.77434619e-03 2.90801548e-03 1.53946814e-03 3.09105994e-03 -3.06552767e-03 1.13395420e-03 3.21856610e-03 8.51927002e-01 3.97676901e+00 -9.80652106e-03 2.54130036e-01
7.90429077e-04 -2.17750741e-03 -1.54544885e-03 2.63700262e-03 4.58289281e-04 3.13487046e-03 -2.99898346e-03 1.31578445e-03 3.25807199e-03 8.26381382e-01 3.88794996e+00 1.04821379e-02 2.63095027e-01
1.21129250e-03 -2.28248829e-03 -1.72338284e-03 3.00738240e-03 1.46519587e-03 2.93193787e-03 -3.26400739e-03 1.29566354e-03 3.37456382e-03 8.60367593e-01 4.02010992e+00 -1.68388542e-02 2.45734637e-01
1.08033965e-03 -2.22596973e-03 -1.34479285e-03 2.51406198e-03 6.67704148e-04 3.29332379e-03 -2.75743114e-03 9.75657885e-04 2.99758684e-03 8.15334467e-01 3.83145773e+00 1.88397944e-02 2.70582173e-01
1.69638161e-03 -2.74641983e-03 -1.23229313e-03 2.78339403e-03 4.54182302e-04 3.74687461e-03 -3.10633821e-03 5.69341275e-04 3.31527553e-03 8.14601064e-01 3.86549731e+00 1.93329016e-02 2.74725143e-01
1.04294092e-03 -1.73962691e-03 -1.52136361e-03 2.59469161e-03 1.52563274e-03 2.41106040e-03 -2.89459073e-03 1.35656450e-03 2.94504246e-03 8.60907993e-01 3.97968475e+00 -1.72326993e-02 2.40214802e-01
9.92089436e-04 -2.08957741e-03 -1.65295023e-03 2.64518220e-03 1.29646784e-03 2.57846882e-03 -2.88067786e-03 1.10770460e-03 2.99157709e-03 8.61399605e-01 3.76506629e+00 -1.77096546e-02 2.46764383e-01
1.15043303e-03 -2.51370040e-03 -1.53860936e-03 2.83788105e-03 5.91283331e-04 3.67264068e-03 -3.16661525e-03 1.15410357e-03 3.44344967e-03 8.13866779e-01 4.07961467e+00 1.99315297e-02 2.69981692e-01
3.81348818e-04 -1.14943514e-03 -1.44050187e-03 2.46586191e-03 8.45242236e-04 2.90373881e-03 -2.79084803e-03 1.91608834e-03 3.06063019e-03 8.39927653e-01 3.94314673e+00 -3.33469462e-05 2.52261808e-01
1.63861619e-03 -2.82973838e-03 -1.81682185e-03 3.27436137e-03 1.48761746e-03 3.56253673e-03 -3.25900463e-03 3.99624510e-04 3.38389945e-03 8.39615244e-01 3.93244246e+00 7.28866569e-05 2.64489136e-01
6.27293073e-04 -1.43742181e-03 -1.49475611e-03 2.59661117e-03 1.13282264e-03 3.24937308e-03 -2.87527055e-03 1.84079410e-03 3.15925807e-03 8.48317979e-01 3.94081866e+00 -6.80610740e-03 2.55200463e-01
1.54437972e-03 -2.68841818e-03 -1.65131248e-03 3.04617925e-03 1.16358746e-03 3.05762275e-03 -3.15707134e-03 4.34453713e-04 3.25287488e-03 8.30643876e-01 3.93564637e+00 7.14713075e-03 2.61585205e-01
4.19658992e-04 -1.16510322e-03 -1.45489085e-03 2.48777278e-03 8.81730837e-04 3.44057155e-03 -2.83415882e-03 2.03905412e-03 3.20629221e-03 8.36159485e-01 3.97813733e+00 2.94547672e-03 2.60243884e-01
1.60008862e-03 -2.78331055e-03 -1.86959916e-03 3.15124378e-03 1.46525356e-03 2.96796501e-03 -3.22244705e-03 2.72222649e-04 3.27931297e-03 8.43281420e-01 3.89079702e+00 -2.85419196e-03 2.57227242e-01
7.83164691e-04 -9.90302717e-04 -1.30717253e-03 2.55718924e-03 1.49908798e-03 2.87246269e-03 -2.83498434e-03 1.92005857e-03 3.02388025e-03 8.50126672e-01 4.13146791e+00 -8.22877709e-03 2.45678124e-01
1.80691306e-03 -2.82693326e-03 -1.54532868e-03 3.10967599e-03 9.10743279e-04 3.38969294e-03 -3.16848259e-03 -2.10934591e-05 3.25465227e-03 8.28543144e-01 3.74674991e+00 8.71133475e-03 2.69928651e-01
6.97890181e-04 -1.57640968e-03 -1.45669087e-03 2.49358250e-03 1.09585937e-03 2.79402900e-03 -2.74983764e-03 1.54180665e-03 2.94628385e-03 8.35322639e-01 3.98756827e+00 3.60607148e-03 2.54565228e-01
1.52540715e-03 -2.81782845e-03 -1.70134395e-03 3.14217362e-03 1.08269351e-03 3.45790840e-03 -3.30623386e-03 6.60839580e-04 3.47048438e-03 8.44066689e-01 3.88041892e+00 -3.48913335e-03 2.62513767e-01
4.04720372e-04 -1.64328016e-03 -1.61227252e-03 2.54588385e-03 6.00470785e-04 3.08838100e-03 -2.91628578e-03 1.76242361e-03 3.21802758e-03 8.40991617e-01 3.85125960e+00 -9.25230126e-04 2.57272224e-01
1.41385623e-03 -2.63963180e-03 -1.81520420e-03 3.08138793e-03 1.50954575e-03 3.20968135e-03 -3.16938455e-03 7.15063434e-04 3.29569815e-03 8.38549053e-01 4.03073401e+00 9.71134462e-04 2.59715444e-01
1.08865509e-03 -2.25918491e-03 -1.62899322e-03 2.91654777e-03 1.28255618e-03 3.54428161e-03 -3.06721450e-03 1.32081436e-03 3.30731045e-03 8.26528103e-01 4.15801459e+00 1.03992966e-02 2.64307851e-01
1.06743678e-03 -2.20205619e-03 -1.50014073e-03 2.67995766e-03 9.28700101e-04 2.76555452e-03 -2.94147589e-03 1.06138990e-03 3.09056910e-03 8.51795381e-01 3.72676217e+00 -9.73397249e-03 2.52527242e-01
1.56249139e-03 -2.74588267e-03 -1.87821614e-03 3.17674784e-03 1.14523766e-03 2.96652374e-03 -3.16439978e-03 -1.20904619e-04 3.20414741e-03 8.30738449e-01 3.76325279e+00 7.01371710e-03 2.63656458e-01
1.01755952e-03 -5.61633019e-04 -9.46127430e-04 2.53320113e-03 1.75829275e-03 3.58086051e-03 -2.73900022e-03 2.14359403e-03 3.06765295e-03 8.48231293e-01 4.11040831e+00 -6.68456823e-03 2.53131277e-01
9.64803920e-04 -1.97133276e-03 -1.49243748e-03 2.61830986e-03 1.13271338e-03 2.65312273e-03 -2.83586696e-03 1.18445253e-03 2.96739520e-03 8.61766773e-01 3.67785710e+00 -1.80365087e-02 2.47438046e-01
1.29719855e-03 -2.58378984e-03 -1.59797857e-03 2.95652370e-03 9.81842046e-04 3.68169226e-03 -3.17213772e-03 1.04387651e-03 3.41633326e-03 8.13327096e-01 4.18760984e+00 2.03442612e-02 2.69270119e-01
