1.50705135e-03 -2.39335614e-03 -1.25586156e-03 2.59815588e-03 7.81191911e-04 3.04000353e-03 -2.68016249e-03 1.90703047e-04 2.79225591e-03 7.86317765e-01 3.65157718e+00 3.46814161e-03 2.72196541e-01
7.47926819e-04 -1.61562317e-03 -1.77432537e-03 2.94211491e-03 1.38297547e-03 3.07073729e-03 -3.33556945e-03 2.01134620e-03 3.53873625e-03 8.92792856e-01 4.19257972e+00 -3.28469598e-03 2.42688736e-01
8.28556029e-04 -1.87336402e-03 -1.60988427e-03 2.66827900e-03 1.24157928e-03 3.01697843e-03 -2.91370232e-03 1.49006629e-03 3.12144251e-03 8.36243744e-01 3.83776845e+00 -2.82952508e-02 2.51613880e-01
1.47890639e-03 -2.62222517e-03 -1.48804128e-03 2.97784397e-03 9.36829687e-04 3.30219894e-03 -3.16750266e-03 7.51201815e-04 3.32817104e-03 8.49772058e-01 4.06800161e+00 3.38701301e-02 2.65317824e-01
1.51381200e-03 -2.53172044e-03 -1.44756381e-03 2.80605846e-03 9.62022611e-04 3.10060084e-03 -2.88065512e-03 2.79966566e-04 2.99263016e-03 8.06590014e-01 3.62416215e+00 -1.46873938e-02 2.66529409e-01
7.53604646e-04 -1.41034431e-03 -1.56635720e-03 2.82617587e-03 1.37299525e-03 3.17172342e-03 -3.14453326e-03 2.00050149e-03 3.36965039e-03 8.80431567e-01 4.27981920e+00 1.59617169e-02 2.49667720e-01
6.34244612e-04 -1.81456934e-03 -1.53095536e-03 2.48754934e-03 7.87934625e-04 2.83682549e-03 -2.77945436e-03 1.42753007e-03 3.00867608e-03 8.53553561e-01 3.66912303e+00 -1.11656533e-02 2.54202357e-01
1.37964184e-03 -2.65937261e-03 -1.77568636e-03 3.13542773e-03 1.34668760e-03 3.40435750e-03 -3.27714572e-03 9.18187758e-04 3.44490278e-03 8.29557260e-01 4.21563493e+00 1.20117751e-02 2.62702953e-01
3.74865725e-04 -1.47166092e-03 -1.78056954e-03 2.91241280e-03 8.32397236e-04 3.46305291e-03 -3.33977436e-03 2.26197831e-03 3.68312533e-03 8.63653776e-01 4.29129364e+00 1.71862446e-02 2.54237352e-01
1.39515317e-03 -2.36209321e-03 -1.52903503e-03 2.77772974e-03 1.36652214e-03 3.01908680e-03 -2.74834826e-03 3.93530776e-04 2.85136872e-03 8.22840377e-01 3.62316781e+00 -1.56661898e-02 2.62785765e-01
7.23356553e-04 -2.11712319e-03 -1.75811948e-03 2.88629112e-03 8.17917939e-04 3.24655499e-03 -3.22920238e-03 1.62567113e-03 3.48710975e-03 8.41366402e-01 4.06644649e+00 5.84098012e-04 2.56591212e-01
1.12257682e-03 -2.25689965e-03 -1.56450011e-03 2.68861107e-03 1.20901526e-03 2.98800495e-03 -2.82237485e-03 9.11917377e-04 2.98779537e-03 8.43025024e-01 3.80556167e+00 -5.56113996e-04 2.60215036e-01
1.05030451e-03 -1.98686186e-03 -1.50615927e-03 2.64013964e-03 1.28631214e-03 2.61005568e-03 -2.85831174e-03 1.15915541e-03 2.96168584e-03 8.23217759e-01 3.95563145e+00 -1.43508824e-02 2.50510558e-01
1.11503698e-03 -2.49229104e-03 -1.62895720e-03 2.90384470e-03 8.17952494e-04 3.67781441e-03 -3.18416790e-03 1.23188166e-03 3.46293581e-03 8.62998762e-01 3.93359582e+00 1.56178897e-02 2.65986979e-01
1.40016312e-03 -2.71988369e-03 -1.88420461e-03 3.43596264e-03 1.51022697e-03 3.82016334e-03 -3.62855699e-03 1.37306705e-03 3.84155711e-03 8.67343951e-01 4.44122006e+00 2.43480399e-02 2.59903519e-01
7.40927856e-04 -1.79505777e-03 -1.34825163e-03 2.29888017e-03 7.72727457e-04 2.60183045e-03 -2.51204495e-03 1.10251065e-03 2.69584275e-03 8.20539191e-01 3.50698323e+00 -2.14028308e-02 2.56952106e-01
1.66287719e-03 -3.00246322e-03 -1.77517023e-03 3.44620606e-03 1.29138300e-03 4.25361351e-03 -3.58421786e-03 9.64233071e-04 3.82733644e-03 8.72552651e-01 4.15426062e+00 1.90317956e-02 2.67276030e-01
6.91207592e-04 -1.47989542e-03 -1.29718131e-03 2.27913468e-03 9.70116006e-04 2.31142886e-03 -2.51710628e-03 1.31136164e-03 2.64266227e-03 8.14848291e-01 3.74746371e+00 -1.72099849e-02 2.48931950e-01
1.47157479e-03 -2.58566478e-03 -1.67350928e-03 2.96483533e-03 1.27529145e-03 2.99099093e-03 -3.01899547e-03 3.74957311e-04 3.10784435e-03 8.27702777e-01 3.90582306e+00 7.58651355e-03 2.62667360e-01
5.25581116e-04 -1.35139175e-03 -1.53707430e-03 2.70084454e-03 1.04701020e-03 3.39786410e-03 -3.00155595e-03 2.03680766e-03 3.31764575e-03 8.55613943e-01 3.97055747e+00 -7.21180851e-03 2.54071476e-01
4.46700336e-04 -1.53996217e-03 -1.43839465e-03 2.29095579e-03 6.21476788e-04 2.54198258e-03 -2.60820322e-03 1.46771826e-03 2.82648281e-03 8.32397637e-01 3.58566451e+00 -1.94676662e-02 2.51700263e-01
1.61573262e-03 -2.98199472e-03 -1.94841120e-03 3.45297465e-03 1.60979078e-03 3.87250096e-03 -3.53978356e-03 8.56323147e-04 3.72509131e-03 8.53586633e-01 4.34355255e+00 2.19353432e-02 2.64742181e-01
5.35885996e-04 -1.65466577e-03 -1.63678287e-03 2.60454508e-03 9.19660373e-04 2.90953388e-03 -2.93149539e-03 1.70418380e-03 3.17251544e-03 8.33463544e-01 3.98856436e+00 -6.83810446e-03 2.53290066e-01
1.49665364e-03 -2.61739683e-03 -1.58957152e-03 3.02797106e-03 1.24477248e-03 3.37917096e-03 -3.11506787e-03 6.72381172e-04 3.26507462e-03 8.51323248e-01 3.89097750e+00 7.13444252e-03 2.63337968e-01
1.63572981e-03 -2.98645048e-03 -2.04144396e-03 3.34107672e-03 1.36441851e-03 2.97945861e-03 -3.46407439e-03 2.11632267e-04 3.51074527e-03 8.64947442e-01 4.06845709e+00 2.01957282e-02 2.57810081e-01
5.89288116e-04 -1.00229191e-03 -1.23255568e-03 2.37235502e-03 1.12056938e-03 3.40014601e-03 -2.62773759e-03 1.93081199e-03 2.97221210e-03 8.22077180e-01 3.82761336e+00 -1.81264948e-02 2.59259604e-01
9.54216586e-04 -2.26635356e-03 -1.87096969e-03 2.97647732e-03 1.16288172e-03 2.74186017e-03 -3.35873491e-03 1.44809512e-03 3.48792903e-03 8.66525361e-01 4.04488680e+00 -1.49359458e-02 2.42875429e-01
1.21303466e-03 -2.25430879e-03 -1.30717865e-03 2.52549337e-03 8.48062297e-04 3.37829121e-03 -2.69044498e-03 8.27412604e-04 2.91398533e-03 8.13661671e-01 3.80846873e+00 1.65172460e-02 2.72473466e-01
1.65111180e-03 -2.67432632e-03 -1.57048940e-03 3.03136888e-03 1.20248292e-03 3.40797553e-03 -3.02663791e-03 2.15594767e-04 3.13871666e-03 8.07827331e-01 3.78119970e+00 -7.90684027e-03 2.68460209e-01
5.17005144e-04 -1.13099382e-03 -1.49717614e-03 2.62426010e-03 1.11971052e-03 2.93058453e-03 -2.96535134e-03 2.01672625e-03 3.20271557e-03 8.77151710e-01 4.08694087e+00 8.26296046e-03 2.47173389e-01
1.69444123e-03 -2.86267199e-03 -1.68292925e-03 3.24329277e-03 1.29180814e-03 3.58938813e-03 -3.33114406e-03 5.49569176e-04 3.47518302e-03 8.52196357e-01 3.98437722e+00 8.83573747e-03 2.64303090e-01
5.77357777e-04 -1.34728962e-03 -1.39076500e-03 2.45258273e-03 1.02894302e-03 2.80388617e-03 -2.70486263e-03 1.68432292e-03 2.92076162e-03 8.32742731e-01 3.89283754e+00 -8.39626703e-03 2.52246917e-01
1.47292958e-03 -2.73549956e-03 -1.85417398e-03 3.20831949e-03 1.40863926e-03 3.00862790e-03 -3.47248619e-03 9.45696975e-04 3.56624907e-03 8.54009870e-01 4.25322648e+00 7.94268249e-03 2.52682832e-01
6.27173109e-04 -1.77076552e-03 -1.44357815e-03 2.36452974e-03 7.42597760e-04 3.13106704e-03 -2.62342826e-03 1.39192762e-03 2.90633836e-03 8.30913763e-01 3.64195066e+00 -7.58512280e-03 2.64022089e-01
1.53539872e-03 -2.58784950e-03 -1.54203681e-03 2.87638322e-03 1.09603482e-03 3.00388884e-03 -2.96083510e-03 2.91960791e-04 3.05497289e-03 8.07275231e-01 3.76004960e+00 -9.48500496e-03 2.63969949e-01
5.98028557e-04 -1.34412881e-03 -1.56369385e-03 2.74859683e-03 1.21794139e-03 3.30962309e-03 -3.04636357e-03 2.03639813e-03 3.33086552e-03 8.78140470e-01 4.11275001e+00 9.99824088e-03 2.52450730e-01
6.92090373e-04 -1.56429680e-03 -1.45119312e-03 2.52997952e-03 1.08473531e-03 2.71268010e-03 -2.77858816e-03 1.55334511e-03 2.95343087e-03 8.19473245e-01 3.86909470e+00 -2.39489511e-02 2.49391809e-01
1.57828334e-03 -2.80733398e-03 -1.63648118e-03 3.14839558e-03 1.14409934e-03 3.69542183e-03 -3.29932416e-03 7.48372092e-04 3.48868778e-03 8.69149728e-01 4.04310051e+00 2.77013440e-02 2.66728010e-01
6.23587651e-04 -1.68037267e-03 -1.70390273e-03 2.84419505e-03 1.16512659e-03 3.66528809e-03 -3.13262945e-03 1.98144489e-03 3.46884969e-03 8.49381536e-01 4.07895777e+00 -5.91032076e-03 2.58164399e-01
1.34849687e-03 -2.47492771e-03 -1.56322559e-03 2.73678271e-03 1.02457503e-03 2.62186766e-03 -2.90616557e-03 4.55415508e-04 2.98979463e-03 8.34588765e-01 3.79270469e+00 6.16113392e-03 2.58737983e-01
7.18301304e-04 -1.82531841e-03 -1.36972204e-03 2.45503546e-03 6.18778971e-04 2.84975589e-03 -2.73971764e-03 1.34379877e-03 2.96146235e-03 8.01678923e-01 3.77941614e+00 -1.02826241e-02 2.59310091e-01
1.33782482e-03 -2.55079722e-03 -1.81869374e-03 3.17626115e-03 1.63775267e-03 3.52547496e-03 -3.27840097e-03 1.12965509e-03 3.45813011e-03 8.83853994e-01 4.08861367e+00 1.08802445e-02 2.57806503e-01
7.74566711e-04 -1.85617295e-03 -1.54947724e-03 2.66218389e-03 1.00660533e-03 3.02364079e-03 -2.93318622e-03 1.52021011e-03 3.15329809e-03 8.20779545e-01 4.01439074e+00 -5.81696087e-03 2.56593403e-01
1.30101215e-03 -2.52687787e-03 -1.63186355e-03 2.92298295e-03 1.15274813e-03 3.23411864e-03 -3.08625673e-03 8.73261897e-04 3.25863614e-03 8.63997879e-01 3.85613033e+00 6.02262903e-03 2.60343499e-01
1.30058349e-03 -2.27547397e-03 -1.76160161e-03 2.92431857e-03 1.62381112e-03 2.49952553e-03 -3.21553312e-03 1.10256708e-03 3.23135141e-03 8.86290795e-01 4.08334524e+00 -2.78257141e-03 2.40629276e-01
1.04712412e-03 -2.22431475e-03 -1.28567425e-03 2.38963764e-03 3.60021549e-04 3.58890443e-03 -2.77580112e-03 1.09325175e-03 3.07710145e-03 7.94177380e-01 3.74422853e+00 2.92301110e-03 2.74620034e-01
1.63725918e-03 -2.73826953e-03 -1.48725011e-03 2.99614368e-03 9.13993338e-04 3.38242993e-03 -3.13504892e-03 4.11059392e-04 3.27444979e-03 8.51684680e-01 3.79317268e+00 1.38010710e-02 2.67084036e-01
6.71626310e-04 -1.52215292e-03 -1.59507228e-03 2.60438015e-03 1.24835210e-03 2.79341182e-03 -2.91799251e-03 1.71996738e-03 3.11062768e-03 8.33565135e-01 4.08981780e+00 -1.27743949e-02 2.49132348e-01
1.09234889e-03 -2.28425511e-03 -1.52305074e-03 2.71834439e-03 1.01015044e-03 3.30978762e-03 -2.90475996e-03 1.07868242e-03 3.13127404e-03 8.32432076e-01 3.90166778e+00 7.03297490e-03 2.65160860e-01
9.70317296e-04 -2.19205221e-03 -1.68123831e-03 2.82711089e-03 1.07997944e-03 2.89985947e-03 -3.12670202e-03 1.33410489e-03 3.29624942e-03 8.51331275e-01 3.97346705e+00 -6.71355824e-03 2.51284540e-01
1.93199224e-03 -3.09861178e-03 -1.49944211e-03 3.25926846e-03 8.85335233e-04 4.45888172e-03 -3.47252694e-03 6.11307261e-04 3.71195142e-03 8.60758525e-01 4.05757268e+00 3.07415799e-02 2.75485170e-01
7.41228490e-04 -1.51239889e-03 -1.44625949e-03 2.30218455e-03 1.09290332e-03 1.99590402e-03 -2.67191276e-03 1.33308417e-03 2.72870425e-03 8.27044583e-01 3.86560251e+00 -2.61351010e-02 2.38696230e-01
1.19413510e-03 -2.44528251e-03 -1.49841159e-03 2.75804982e-03 8.33266983e-04 3.73235385e-03 -2.98905665e-03 1.05607774e-03 3.26369625e-03 8.42682289e-01 3.84301174e+00 1.10934700e-02 2.70587471e-01
1.03831430e-03 -1.96427739e-03 -1.55742557e-03 2.74827840e-03 1.28889426e-03 2.53096989e-03 -3.02026162e-03 1.29941036e-03 3.09607177e-03 8.41756609e-01 4.04546073e+00 -1.03950563e-02 2.45046729e-01
8.32049223e-04 -1.56229805e-03 -1.75560256e-03 2.91567035e-03 1.62041255e-03 3.09170380e-03 -3.26358859e-03 1.96122528e-03 3.44801255e-03 8.80352735e-01 4.31356197e+00 -3.94454261e-04 2.45377859e-01
1.53029729e-03 -2.50167410e-03 -1.26897950e-03 2.60033044e-03 5.48136719e-04 2.90958675e-03 -2.78230028e-03 1.45053633e-04 2.88746373e-03 8.01810327e-01 3.55922555e+00 4.50585521e-04 2.70141132e-01
1.42170891e-03 -2.71215431e-03 -1.95431177e-03 3.25087981e-03 1.62534786e-03 3.15723293e-03 -3.48439371e-03 1.07308152e-03 3.59834235e-03 8.80186262e-01 4.21466925e+00 7.00352985e-03 2.51182146e-01
6.75582338e-04 -1.82906579e-03 -1.35453576e-03 2.30622610e-03 5.23976417e-04 3.01916675e-03 -2.61166865e-03 1.28993974e-03 2.87996062e-03 8.04309278e-01 3.66116590e+00 -6.74389230e-03 2.65617334e-01
6.93760314e-04 -1.28536523e-03 -1.56170029e-03 2.61496714e-03 1.33713533e-03 2.61695001e-03 -2.99314506e-03 1.83956218e-03 3.13963781e-03 8.70452596e-01 4.10135498e+00 -9.40486439e-03 2.40566612e-01
1.79622256e-03 -2.73942365e-03 -1.36309166e-03 2.91848846e-03 7.75265711e-04 3.48539168e-03 -3.02539112e-03 7.72597358e-05 3.14164798e-03 8.10414426e-01 3.75624294e+00 1.00720641e-02 2.73750892e-01
9.68743538e-04 -1.99395733e-03 -1.33638675e-03 2.47052008e-03 8.72952978e-04 2.83150157e-03 -2.64745992e-03 1.01138339e-03 2.82472982e-03 8.06263874e-01 3.69946859e+00 -1.15988161e-02 2.61123744e-01
1.03736809e-03 -2.44807997e-03 -1.91556807e-03 3.15295911e-03 1.28337101e-03 3.45228877e-03 -3.42645501e-03 1.49499980e-03 3.65446338e-03 8.79772056e-01 4.19162121e+00 1.23746010e-02 2.55591318e-01
8.58077297e-04 -1.47959484e-03 -1.47020936e-03 2.56961841e-03 1.48838219e-03 2.76786247e-03 -2.82640514e-03 1.61775708e-03 2.97763755e-03 8.43881027e-01 4.10711368e+00 -7.15034923e-03 2.49083312e-01
1.74879654e-03 -2.82891658e-03 -1.41459148e-03 2.98783869e-03 7.19256513e-04 3.34623727e-03 -3.20135935e-03 3.26673707e-04 3.33081130e-03 8.40426762e-01 3.76434139e+00 7.49176040e-03 2.67274917e-01
1.67482189e-03 -2.84783513e-03 -1.79838182e-03 3.30042693e-03 1.47145063e-03 3.24187062e-03 -3.41795759e-03 5.94383508e-04 3.50731003e-03 8.43631744e-01 4.20150420e+00 1.34403933e-02 2.59125911e-01
4.95287442e-04 -1.42698380e-03 -1.42266983e-03 2.38644596e-03 8.63181782e-04 3.07286727e-03 -2.64902275e-03 1.67155851e-03 2.93654688e-03 8.40905993e-01 3.69157844e+00 -1.24419167e-02 2.57849107e-01
1.04280844e-03 -2.08053696e-03 -1.32785672e-03 2.51431101e-03 8.47597882e-04 2.97638520e-03 -2.69862530e-03 9.88869512e-04 2.88995961e-03 7.94034107e-01 3.79361751e+00 -6.61406352e-03 2.64311950e-01
1.02697994e-03 -2.37641363e-03 -1.86710875e-03 3.05463304e-03 1.28700273e-03 3.24646533e-03 -3.32478691e-03 1.42019001e-03 3.52482644e-03 8.89787057e-01 4.05966256e+00 6.86110450e-03 2.52471413e-01
1.54700265e-03 -2.75795960e-03 -1.60689397e-03 2.97155184e-03 8.89854711e-04 3.02275303e-03 -3.15361478e-03 3.53632585e-04 3.26215775e-03 8.32052279e-01 3.78212473e+00 -1.42825396e-03 2.62341168e-01
6.20246290e-04 -1.47708913e-03 -1.60199383e-03 2.62924537e-03 1.26203653e-03 3.11808692e-03 -2.90797180e-03 1.81669359e-03 3.16344698e-03 8.52330423e-01 4.08733351e+00 1.46362824e-03 2.54405092e-01
1.36145177e-03 -2.40668460e-03 -1.58313373e-03 2.88166638e-03 1.40910284e-03 3.09999575e-03 -2.93980159e-03 7.31727991e-04 3.06613914e-03 8.28254861e-01 3.87092100e+00 -8.03881904e-03 2.60050426e-01
6.01830941e-04 -1.73754020e-03 -1.59086433e-03 2.75624656e-03 8.28592032e-04 3.30365719e-03 -3.07302396e-03 1.81935612e-03 3.35776788e-03 8.56795016e-01 4.01004110e+00 8.43444596e-03 2.56808890e-01
1.09556252e-03 -2.17996896e-03 -1.46850643e-03 2.62924697e-03 9.53059101e-04 2.61722423e-03 -2.87921921e-03 9.67471125e-04 3.00219807e-03 8.26321677e-01 3.90059443e+00 1.42246972e-03 2.55251919e-01
9.72516208e-04 -2.28501435e-03 -1.73806372e-03 2.93126648e-03 1.19138361e-03 3.65981478e-03 -3.14632477e-03 1.45896732e-03 3.42958775e-03 8.57570059e-01 3.97459912e+00 -1.37575615e-03 2.61660735e-01
1.59934219e-03 -2.53679707e-03 -1.98940453e-03 3.61268051e-03 1.45922959e-03 3.43296854e-03 -3.22451424e-03 -4.07727845e-04 3.22282598e-03 8.36540936e-01 3.80368076e+00 2.49335159e-02 2.67979647e-01
2.49304645e-03 2.50632475e-04 3.61497109e-04 2.15677489e-03 3.00402890e-03 3.71343935e-03 -2.21799871e-03 1.79185702e-03 2.50752536e-03 8.46907581e-01 4.06992397e+00 -2.17138646e-02 2.48119448e-01
7.65499424e-04 -1.87939342e-03 -1.66309323e-03 2.68110516e-03 1.21271959e-03 3.01381773e-03 -2.92507952e-03 1.50532124e-03 3.13770782e-03 8.51095998e-01 3.80629946e+00 -2.39737846e-02 2.51147386e-01
1.48869045e-03 -2.62274800e-03 -1.47617518e-03 2.95089433e-03 9.13669331e-04 3.26409828e-03 -3.14292621e-03 7.01513001e-04 3.29817413e-03 8.31161718e-01 4.07785402e+00 2.79851598e-02 2.65967940e-01
8.29653096e-04 -2.12825122e-03 -1.83013333e-03 2.98705254e-03 1.16362019e-03 3.31519652e-03 -3.30578489e-03 1.69308182e-03 3.55098798e-03 8.75839993e-01 4.06843136e+00 -9.64499206e-04 2.52172804e-01
1.16873511e-03 -2.24759695e-03 -1.41405563e-03 2.59416562e-03 9.40691651e-04 2.90144196e-03 -2.73862038e-03 7.39484748e-04 2.89282693e-03 8.06652909e-01 3.79362461e+00 1.02413569e-03 2.64466440e-01
4.35244712e-04 -1.55602909e-03 -1.58191110e-03 2.53911504e-03 7.50853495e-04 3.05346522e-03 -2.87365292e-03 1.76982149e-03 3.15994032e-03 8.36887752e-01 3.89843460e+00 -3.09612326e-03 2.56478741e-01
1.52380275e-03 -2.69700877e-03 -1.73251862e-03 3.09306769e-03 1.42283170e-03 3.25728863e-03 -3.19015846e-03 6.32156750e-04 3.31367076e-03 8.47605688e-01 3.97769852e+00 3.17556813e-03 2.60425428e-01
1.36748620e-03 -2.58216415e-03 -1.77696691e-03 2.95356650e-03 1.33922854e-03 2.79637902e-03 -3.11538819e-03 6.28403926e-04 3.20031080e-03 8.72581062e-01 3.83446679e+00 7.03687998e-04 2.52935170e-01
5.43618121e-04 -1.73096771e-03 -1.57804127e-03 2.57582185e-03 7.21114714e-04 3.45950689e-03 -2.92363142e-03 1.76179810e-03 3.26594568e-03 8.10691230e-01 4.00642637e+00 -6.65943567e-04 2.64368844e-01
1.42845806e-03 -2.34485695e-03 -1.21718237e-03 2.49668114e-03 7.51056511e-04 3.20918998e-03 -2.60789303e-03 3.50434849e-04 2.76390806e-03 7.94761545e-01 3.52658791e+00 -6.86181794e-03 2.73754363e-01
7.81957054e-04 -1.70927180e-03 -1.84306262e-03 3.03698974e-03 1.36843163e-03 2.84160455e-03 -3.46392743e-03 1.97159862e-03 3.59413349e-03 8.89202670e-01 4.38387020e+00 7.12662495e-03 2.40450069e-01
6.68192484e-04 -9.55304349e-04 -1.26131617e-03 2.37985536e-03 1.32391907e-03 2.91018805e-03 -2.65014928e-03 1.84943988e-03 2.89699834e-03 8.29074753e-01 3.95115776e+00 -1.92417637e-02 2.50189008e-01
1.82353041e-03 -3.06667056e-03 -1.82970969e-03 3.36114781e-03 1.05981640e-03 3.38728651e-03 -3.44761359e-03 9.38256861e-06 3.52795033e-03 8.57351562e-01 3.93593701e+00 2.16300589e-02 2.66081119e-01
6.86413979e-04 -1.50341675e-03 -1.41657954e-03 2.43631683e-03 1.15777796e-03 2.87739183e-03 -2.65749522e-03 1.54402911e-03 2.87318798e-03 8.23604699e-01 3.91696004e+00 -7.98969958e-03 2.56180812e-01
1.66195840e-03 -2.90271452e-03 -1.67187586e-03 3.20996557e-03 1.06821660e-03 3.36659364e-03 -3.40940039e-03 5.97568702e-04 3.54337457e-03 8.61541833e-01 3.95259657e+00 8.37255640e-03 2.60739090e-01
1.30681251e-03 -2.43152048e-03 -1.69546680e-03 3.02353570e-03 1.51193591e-03 3.27480486e-03 -3.13280584e-03 1.03962585e-03 3.28679685e-03 8.51459642e-01 4.14517012e+00 1.35734095e-02 2.59628111e-01
6.96464456e-04 -1.96579324e-03 -1.55366482e-03 2.60695326e-03 6.85318777e-04 3.02606153e-03 -2.91318278e-03 1.43015913e-03 3.15928921e-03 8.33749966e-01 3.75307954e+00 -1.25781521e-02 2.57273108e-01
8.29081830e-04 -8.94560832e-04 -1.36900840e-03 2.86053158e-03 1.58284519e-03 3.96165498e-03 -3.18822812e-03 2.42276125e-03 3.58755866e-03 8.81892607e-01 4.30716360e+00 1.16789066e-02 2.54551253e-01
1.39317257e-03 -2.39076254e-03 -1.61676794e-03 2.78831665e-03 1.13418228e-03 2.64077984e-03 -2.77474378e-03 1.55918173e-05 2.81449520e-03 8.03932264e-01 3.59199051e+00 -1.09903028e-02 2.62249967e-01
1.18237927e-03 -2.27976584e-03 -1.61163247e-03 2.81308243e-03 1.32686153e-03 2.94233098e-03 -2.96314139e-03 9.88282627e-04 3.09912802e-03 8.61853492e-01 3.78409756e+00 -1.07179804e-02 2.53245710e-01
8.06703597e-04 -2.18585487e-03 -1.64160902e-03 2.74703766e-03 7.19718019e-04 3.32784397e-03 -3.06435887e-03 1.42268260e-03 3.33913425e-03 8.20136067e-01 4.07135905e+00 1.15296217e-02 2.64112369e-01
8.51546907e-04 -2.13531992e-03 -1.44284632e-03 2.49175857e-03 4.89785306e-04 3.54623497e-03 -2.84106789e-03 1.29465045e-03 3.15741921e-03 8.03522353e-01 3.88889595e+00 1.10462088e-02 2.71918894e-01
1.26126964e-03 -2.45300246e-03 -1.81961657e-03 2.91966473e-03 1.43137381e-03 2.60284275e-03 -3.19762304e-03 9.62826559e-04 3.26401680e-03 8.76055073e-01 3.93713073e+00 -1.02429467e-02 2.44400489e-01
7.19823792e-04 -1.82255174e-03 -1.68721621e-03 2.74568227e-03 1.22726303e-03 3.23281374e-03 -2.99448044e-03 1.66407331e-03 3.24558831e-03 8.44585266e-01 4.06293873e+00 -2.17154586e-03 2.56692304e-01
1.40441866e-03 -2.50494797e-03 -1.46706970e-03 2.84113829e-03 9.50356452e-04 2.99183851e-03 -3.03300933e-03 6.89794036e-04 3.16407098e-03 8.39764721e-01 3.81264024e+00 2.22698382e-03 2.60101908e-01
9.14174666e-04 -3.66602491e-04 -6.92886114e-04 2.12477407e-03 1.49934215e-03 2.82251943e-03 -2.29108338e-03 1.78670507e-03 2.51906413e-03 8.24932501e-01 3.75861237e+00 -2.57669017e-02 2.47562829e-01
1.95743256e-03 -3.28367011e-03 -2.19978972e-03 3.91317292e-03 1.47571465e-03 3.98080990e-03 -3.79117945e-03 -1.52476511e-04 3.86162999e-03 8.63212663e-01 4.15787669e+00 3.02147525e-02 2.68292313e-01
5.48038140e-04 -1.85862630e-03 -1.62959799e-03 2.66372641e-03 4.74113938e-04 3.84838584e-03 -3.12503997e-03 1.89874255e-03 3.52970836e-03 8.57638218e-01 4.04884259e+00 2.88601495e-02 2.67697158e-01
1.44299661e-03 -2.39606150e-03 -1.66002969e-03 2.85525104e-03 1.60934437e-03 2.63923953e-03 -2.96838237e-03 6.15830797e-04 3.00515854e-03 8.29485154e-01 3.84125941e+00 -2.47522140e-02 2.49636422e-01
1.57712817e-03 -2.61937305e-03 -1.50645964e-03 2.85249340e-03 9.12459077e-04 2.98536236e-03 -2.93993500e-03 1.02144621e-04 3.02560429e-03 8.21341899e-01 3.82160554e+00 2.28638343e-02 2.68641974e-01
7.47070007e-04 -1.29908506e-03 -1.50509418e-03 2.79458464e-03 1.43573746e-03 3.31482044e-03 -3.07207131e-03 2.04329414e-03 3.32706830e-03 8.59371009e-01 4.04263922e+00 -2.00517498e-02 2.47455018e-01
1.47567395e-03 -2.49845811e-03 -1.28478185e-03 2.60742836e-03 5.91762224e-04 3.04302880e-03 -2.80398064e-03 3.24127938e-04 2.94121552e-03 8.12640674e-01 3.62052706e+00 6.16463102e-03 2.70292105e-01
8.13841685e-04 -1.71088052e-03 -1.79019231e-03 2.89688738e-03 1.50574095e-03 2.98014751e-03 -3.24401862e-03 1.84275677e-03 3.41506107e-03 8.69316046e-01 4.25026456e+00 -5.87137886e-03 2.45279197e-01
6.56414418e-04 -1.81906606e-03 -1.67315258e-03 2.75221776e-03 9.99726509e-04 3.33597946e-03 -3.06782198e-03 1.76718825e-03 3.35619590e-03 8.28900747e-01 4.11717110e+00 -9.28668153e-04 2.58675451e-01
1.37100919e-03 -2.47949154e-03 -1.55369877e-03 2.80999712e-03 1.13985092e-03 2.90766375e-03 -2.95999672e-03 6.28374348e-04 3.07749379e-03 8.55364657e-01 3.75077352e+00 9.58855779e-04 2.58374940e-01
1.64171854e-03 -2.72365351e-03 -1.46014580e-03 2.99259118e-03 1.00658265e-03 3.77461218e-03 -3.09774856e-03 5.33940641e-04 3.28510150e-03 8.60783877e-01 3.77874042e+00 1.52745032e-02 2.71039608e-01
7.42337303e-04 -1.59961769e-03 -1.56461290e-03 2.56612157e-03 1.13060372e-03 2.44527355e-03 -2.94665385e-03 1.58581794e-03 3.06635130e-03 8.25257523e-01 4.11867245e+00 -1.40551000e-02 2.44557346e-01
1.23067261e-03 -2.24793103e-03 -1.42717715e-03 2.67146231e-03 1.04407429e-03 2.70975535e-03 -2.83764374e-03 7.79317085e-04 2.94915676e-03 8.35141759e-01 3.66403351e+00 -1.59275620e-02 2.54558302e-01
8.69100877e-04 -2.14189202e-03 -1.75558275e-03 2.93917065e-03 1.16139741e-03 3.64235825e-03 -3.21116055e-03 1.66388988e-03 3.50747610e-03 8.50190008e-01 4.24046218e+00 1.75550560e-02 2.62429494e-01
7.48725794e-04 -1.51030147e-03 -1.49313884e-03 2.53507449e-03 1.14695750e-03 2.44093081e-03 -2.89320999e-03 1.59300630e-03 3.00943165e-03 8.61115747e-01 4.05457932e+00 9.83518261e-04 2.43570198e-01
1.68715673e-03 -2.74436033e-03 -1.44426320e-03 2.99760653e-03 1.01572387e-03 3.79882723e-03 -3.10334397e-03 5.03709125e-04 3.28832256e-03 8.22935951e-01 3.81818774e+00 -9.51264325e-04 2.71596102e-01
9.36894236e-04 -1.08589905e-03 -1.37759090e-03 2.59556082e-03 1.60392117e-03 2.58787620e-03 -2.98539509e-03 1.86911402e-03 3.09728787e-03 8.73518843e-01 4.23379619e+00 -7.22382539e-03 2.38112349e-01
1.88971553e-03 -2.76585320e-03 -1.33865278e-03 2.88630713e-03 6.10685900e-04 3.39497311e-03 -3.00879001e-03 -2.08258073e-04 3.08930797e-03 8.07462381e-01 3.63272574e+00 7.65161707e-03 2.75540889e-01
1.61609824e-03 -2.80005368e-03 -1.86666099e-03 3.28673951e-03 1.57868761e-03 3.04675850e-03 -3.49618281e-03 8.05946134e-04 3.56264494e-03 8.68436649e-01 4.25447145e+00 1.41189843e-02 2.52630475e-01
5.47713330e-04 -1.65266905e-03 -1.42374514e-03 2.32072758e-03 6.72118673e-04 3.16408644e-03 -2.61797702e-03 1.50771056e-03 2.92521820e-03 8.17809367e-01 3.65353617e+00 -1.30893958e-02 2.64148452e-01
7.01723824e-04 -9.77693948e-04 -1.30958986e-03 2.63747271e-03 1.33503843e-03 2.93385285e-03 -2.92504322e-03 2.02830326e-03 3.12907458e-03 8.39498230e-01 4.10382112e+00 -1.71141753e-02 2.44269737e-01
1.69360366e-03 -2.74742482e-03 -1.59171802e-03 3.05526299e-03 1.11121512e-03 3.48002872e-03 -3.06329375e-03 1.14120690e-04 3.17535033e-03 8.45318962e-01 3.78836456e+00 1.90297730e-02 2.70870735e-01
1.34587778e-03 -2.71688103e-04 -5.63094538e-04 2.31442275e-03 1.95392261e-03 2.96451958e-03 -2.51717864e-03 1.89010758e-03 2.70853877e-03 8.50835552e-01 3.98741502e+00 -2.33602091e-02 2.40977783e-01
1.83660053e-03 -2.90088219e-03 -1.87766800e-03 3.50746308e-03 1.12102988e-03 3.70343194e-03 -3.35503281e-03 -3.82125145e-04 3.40210809e-03 8.31553067e-01 3.89824559e+00 2.71552674e-02 2.73286272e-01
1.07418845e-03 -2.39540915e-03 -1.95752690e-03 3.20439505e-03 1.57563642e-03 3.62371975e-03 -3.43445470e-03 1.59660373e-03 3.67032085e-03 8.87357545e-01 4.13014883e+00 -3.38659387e-03 2.53166127e-01
1.02235256e-03 -2.11465929e-03 -1.28859412e-03 2.37837494e-03 5.70469922e-04 2.61128363e-03 -2.61541025e-03 7.52457365e-04 2.76995217e-03 7.92692801e-01 3.70276192e+00 3.55969105e-03 2.64228876e-01
1.34535247e-03 -2.72334307e-03 -1.85262400e-03 3.17316911e-03 1.15809951e-03 2.99424092e-03 -3.44774460e-03 9.41492507e-04 3.56432613e-03 8.61721192e-01 3.99736247e+00 -6.97155977e-03 2.50734647e-01
7.66089157e-04 -1.78823228e-03 -1.39797531e-03 2.42279875e-03 9.58456843e-04 3.18321683e-03 -2.61965080e-03 1.34946546e-03 2.88193818e-03 8.20975113e-01 3.85277891e+00 7.33820830e-03 2.66046764e-01
1.16389998e-03 -2.29525788e-03 -1.52343958e-03 2.80007698e-03 1.08404238e-03 3.16386577e-03 -2.99161168e-03 1.07775021e-03 3.17801205e-03 8.17937775e-01 3.90708004e+00 -1.11817292e-02 2.59941177e-01
8.42961645e-04 -2.12599299e-03 -1.69231159e-03 2.76082218e-03 1.02265705e-03 3.06194134e-03 -3.02811701e-03 1.37395636e-03 3.24432304e-03 8.67889214e-01 3.96254271e+00 1.19242442e-02 2.56774145e-01
7.98315253e-04 -1.96242158e-03 -1.71423901e-03 2.93268738e-03 1.18423083e-03 3.45318462e-03 -3.19331631e-03 1.74985417e-03 3.46031139e-03 8.56639811e-01 4.12713297e+00 3.50110752e-03 2.56568994e-01
1.24823804e-03 -2.27470516e-03 -1.42004957e-03 2.68001691e-03 1.05087433e-03 2.87891361e-03 -2.81656369e-03 7.56465588e-04 2.94959100e-03 8.27867536e-01 3.75453840e+00 -3.41449290e-03 2.60175173e-01
6.50427129e-04 -1.77700730e-03 -1.52135996e-03 2.52689143e-03 8.48179911e-04 3.05794621e-03 -2.81460144e-03 1.52939803e-03 3.07360210e-03 8.32399993e-01 3.81481943e+00 -8.93804636e-03 2.58185051e-01
1.42219181e-03 -2.64349134e-03 -1.72436083e-03 3.07272273e-03 1.31797290e-03 3.19473334e-03 -3.24677449e-03 8.51366539e-04 3.38575753e-03 8.52592048e-01 4.07098224e+00 9.43503434e-03 2.58641601e-01
1.87344004e-03 -3.11775742e-03 -1.96795506e-03 3.59636334e-03 1.32173015e-03 3.92216321e-03 -3.52078692e-03 -4.68858782e-05 3.62162458e-03 8.45185119e-01 4.00073461e+00 1.70601203e-02 2.70507977e-01
6.56998816e-04 -6.39393128e-04 -1.06123371e-03 2.25299361e-03 1.24111710e-03 2.64010543e-03 -2.53247502e-03 1.84911678e-03 2.74724614e-03 8.39583249e-01 3.88176463e+00 -1.55009555e-02 2.44797739e-01
9.03685319e-04 -1.91734058e-03 -1.69133209e-03 2.68846074e-03 1.34172023e-03 2.56059789e-03 -3.00965487e-03 1.41017240e-03 3.11965785e-03 8.29754246e-01 4.08779726e+00 -1.94913721e-02 2.45857010e-01
1.38934143e-03 -2.60765304e-03 -1.42412467e-03 2.78849215e-03 6.57619271e-04 3.55186883e-03 -3.05560098e-03 7.92953992e-04 3.28205057e-03 8.56603201e-01 3.80149814e+00 2.19504893e-02 2.70022956e-01
1.75072269e-03 -2.59294551e-03 -1.50505968e-03 3.00515871e-03 7.31401981e-04 3.21528847e-03 -2.96064806e-03 -4.52895081e-04 2.98741119e-03 8.04762926e-01 3.54905206e+00 6.89790428e-03 2.74484073e-01
1.54871619e-03 -4.36367858e-04 -7.16960269e-04 2.58222782e-03 2.24390919e-03 3.07946563e-03 -2.84545248e-03 2.00895200e-03 2.99248620e-03 8.76032913e-01 4.32454554e+00 -6.52911155e-03 2.39348373e-01
1.07478705e-03 -2.01179503e-03 -1.52410528e-03 2.55464382e-03 1.29096626e-03 2.31354848e-03 -2.78120993e-03 9.65780912e-04 2.83710743e-03 8.52022620e-01 3.77876478e+00 -1.45817711e-02 2.45042563e-01
1.04582504e-03 -2.49020561e-03 -1.63956904e-03 2.88916891e-03 6.34749868e-04 4.04362947e-03 -3.25624374e-03 1.41976739e-03 3.60174658e-03 8.30962996e-01 4.08189913e+00 1.60135383e-02 2.71011336e-01
1.20627004e-03 -2.48119220e-03 -1.66878511e-03 3.01579228e-03 1.05238382e-03 3.26803040e-03 -3.28074222e-03 1.19527174e-03 3.47028753e-03 8.52776782e-01 4.04978194e+00 5.37886695e-03 2.57450922e-01
9.22750626e-04 -1.94929784e-03 -1.45925304e-03 2.57245658e-03 1.12009516e-03 3.00362033e-03 -2.74672253e-03 1.23140227e-03 2.94573072e-03 8.31907845e-01 3.82754129e+00 -5.20155296e-03 2.59306404e-01
8.47834497e-04 -1.92401177e-03 -1.70242830e-03 2.72494543e-03 1.35404400e-03 2.91393855e-03 -2.98261108e-03 1.48606654e-03 3.16397957e-03 8.71694780e-01 4.04249193e+00 4.65959657e-03 2.51744568e-01
1.32358285e-03 -2.52894059e-03 -1.43872475e-03 2.77059425e-03 6.94432812e-04 3.18174646e-03 -3.03051917e-03 7.81174465e-04 3.21504990e-03 8.12582846e-01 3.81001202e+00 -4.53027029e-03 2.64779318e-01
8.13397893e-04 -8.37029985e-04 -1.12187478e-03 2.24732421e-03 1.28935694e-03 2.17085143e-03 -2.62188284e-03 1.66497075e-03 2.70391094e-03 8.31534512e-01 3.93091925e+00 -3.19957000e-02 2.34357894e-01
2.19902369e-03 -3.26536746e-03 -1.67920539e-03 3.50237872e-03 9.31819700e-04 4.34810240e-03 -3.54651198e-03 -2.04197721e-04 3.66596848e-03 8.56131659e-01 4.01080843e+00 3.92585907e-02 2.78035364e-01
9.88321820e-04 -2.11689797e-03 -1.28875786e-03 2.42203519e-03 4.97646347e-04 2.88941703e-03 -2.71405192e-03 9.67723327e-04 2.91685768e-03 8.19529796e-01 3.66699713e+00 5.03824055e-03 2.64615807e-01
1.23244164e-03 -2.33628178e-03 -1.82169688e-03 3.10938183e-03 1.71039547e-03 3.32002653e-03 -3.30793684e-03 1.39673338e-03 3.46824297e-03 8.63357419e-01 4.19713848e+00 -4.83505527e-03 2.52264142e-01
1.72174920e-03 -2.48283429e-03 -1.56155164e-03 3.16131951e-03 1.04334033e-03 3.77845912e-03 -2.90255286e-03 -4.19031581e-04 2.95146364e-03 8.09149809e-01 3.61016579e+00 1.67273805e-02 2.79279254e-01
1.59748818e-03 -9.81931755e-05 -4.97559766e-04 2.50156084e-03 2.16136698e-03 2.82995847e-03 -2.80200973e-03 2.04651975e-03 2.92621313e-03 8.70179649e-01 4.28877090e+00 -1.50907219e-02 2.31686165e-01
9.80662871e-04 -1.98766310e-03 -1.63634533e-03 2.68684429e-03 1.38843797e-03 2.75391023e-03 -2.93819185e-03 1.31448195e-03 3.07346802e-03 8.32827015e-01 3.91107823e+00 -2.85263579e-02 2.48034882e-01
1.32553559e-03 -2.61669930e-03 -1.48144278e-03 2.85618010e-03 6.25684010e-04 3.49899389e-03 -3.16035770e-03 9.26637828e-04 3.39152886e-03 8.54056482e-01 3.98631450e+00 3.41675436e-02 2.68447452e-01
9.03346133e-04 -2.25223113e-03 -1.79272186e-03 3.07605405e-03 1.04470030e-03 3.40313436e-03 -3.37596947e-03 1.62556159e-03 3.61634784e-03 8.68909595e-01 4.09675659e+00 3.92358620e-03 2.54367102e-01
1.05975792e-03 -2.12974794e-03 -1.44321686e-03 2.53366126e-03 1.06964050e-03 2.87000230e-03 -2.67774187e-03 8.95703138e-04 2.84486700e-03 8.15328213e-01 3.77882959e+00 -3.82442117e-03 2.62284301e-01
1.37875960e-03 -2.27127582e-03 -1.30558951e-03 2.52559187e-03 9.11830325e-04 2.94529992e-03 -2.54456800e-03 1.87312121e-04 2.65402450e-03 8.04534212e-01 3.44104224e+00 -9.15330568e-03 2.70485711e-01
6.38423679e-04 -1.42236321e-03 -1.83097618e-03 3.11792345e-03 1.33903441e-03 3.27344267e-03 -3.55449675e-03 2.32420286e-03 3.79169228e-03 8.80717758e-01 4.49339471e+00 9.62701189e-03 2.44669317e-01
1.61571202e-03 -2.72118348e-03 -1.32926062e-03 2.81308165e-03 5.16170437e-04 3.37220134e-03 -3.07831566e-03 4.32607524e-04 3.24192567e-03 8.36957918e-01 3.76874950e+00 2.00509594e-02 2.70823634e-01
9.12067950e-04 -1.71186786e-03 -1.63523019e-03 2.65944401e-03 1.50677740e-03 2.67005539e-03 -2.98212031e-03 1.55647345e-03 3.10349328e-03 8.46692777e-01 4.10411134e+00 -1.79039865e-02 2.44905485e-01
6.56710893e-04 -1.56822414e-03 -1.87261767e-03 3.04729806e-03 1.28705057e-03 3.00326161e-03 -3.51195113e-03 2.15844277e-03 3.70391109e-03 8.90518672e-01 4.29182693e+00 -4.91074766e-03 2.39161565e-01
1.47005555e-03 -2.29694611e-03 -1.21553085e-03 2.51235194e-03 8.28401416e-04 3.08767425e-03 -2.54652956e-03 1.54025683e-04 2.66279652e-03 7.88275288e-01 3.57112775e+00 5.19265273e-03 2.74611213e-01
8.64009735e-04 -2.01247154e-03 -1.39547027e-03 2.51398548e-03 6.69312427e-04 2.97934341e-03 -2.79138881e-03 1.21735878e-03 3.01444040e-03 8.34421901e-01 3.75731618e+00 4.60271560e-03 2.61439858e-01
1.22212404e-03 -2.44571318e-03 -1.80084479e-03 3.04178718e-03 1.49265798e-03 3.25738717e-03 -3.23695574e-03 1.20705005e-03 3.40696652e-03 8.49624089e-01 4.11377628e+00 -4.44761312e-03 2.55477507e-01
1.01551340e-03 -2.15342497e-03 -1.51993348e-03 2.73678017e-03 1.05697195e-03 3.28990712e-03 -2.93398869e-03 1.25463268e-03 3.16205865e-03 8.55688716e-01 3.86613843e+00 6.02125949e-03 2.61225886e-01
1.01278697e-03 -2.28989443e-03 -1.68637379e-03 2.81917258e-03 1.06061903e-03 2.93343714e-03 -3.08385327e-03 1.19303934e-03 3.25795467e-03 8.29088276e-01 4.00749720e+00 -5.80787325e-03 2.55518096e-01
5.67906683e-04 -1.35260774e-03 -1.61566922e-03 2.64388527e-03 1.12412653e-03 2.65228402e-03 -3.03624713e-03 1.88208474e-03 3.21222060e-03 8.52096431e-01 4.18480351e+00 -2.01319474e-03 2.44425580e-01
1.68313780e-03 -2.68810363e-03 -1.46516680e-03 2.96407604e-03 1.05175746e-03 3.56081964e-03 -3.00705042e-03 2.68766213e-04 3.14641246e-03 8.32014197e-01 3.71019552e+00 2.06942676e-03 2.70959508e-01
7.52293074e-04 -8.68697324e-04 -1.33132294e-03 2.58816116e-03 1.41044079e-03 2.69734952e-03 -2.96258232e-03 2.01641893e-03 3.12848627e-03 8.86273152e-01 4.13381177e+00 -2.21036450e-03 2.38226139e-01
1.76104700e-03 -2.68049816e-03 -1.48452923e-03 3.00581741e-03 9.31675302e-04 3.53260595e-03 -2.98080608e-03 -1.20683671e-04 3.07075291e-03 7.94426770e-01 3.71831495e+00 2.32661485e-03 2.75111567e-01
1.21074830e-03 -2.34513676e-03 -1.37007460e-03 2.67435306e-03 7.48253928e-04 3.42679517e-03 -2.89355088e-03 9.50667349e-04 3.12399464e-03 8.08477399e-01 3.83804757e+00 2.75222249e-03 2.69169852e-01
9.55645724e-04 -2.05880809e-03 -1.72201880e-03 2.82218590e-03 1.32589275e-03 2.76207825e-03 -3.09909479e-03 1.38440228e-03 3.22808959e-03 8.73769214e-01 4.01222445e+00 -2.64439424e-03 2.46839758e-01
1.34676250e-03 -2.44638765e-03 -1.49248679e-03 2.87424498e-03 1.09065292e-03 3.22433482e-03 -3.01697926e-03 8.38422485e-04 3.18064375e-03 8.34767533e-01 3.88849107e+00 3.14809731e-03 2.62497763e-01
7.78929053e-04 -1.89606480e-03 -1.63214430e-03 2.70976553e-03 1.09253248e-03 3.03926744e-03 -2.99728218e-03 1.55450236e-03 3.21735708e-03 8.49377051e-01 3.98697331e+00 -3.05928869e-03 2.54136867e-01
1.28647025e-03 -2.24071362e-03 -1.39977660e-03 2.59901010e-03 1.09486679e-03 2.61962536e-03 -2.72138515e-03 5.75898410e-04 2.81098071e-03 8.31485572e-01 3.66139399e+00 -5.62615591e-03 2.57675929e-01
7.11385887e-04 -1.95265663e-03 -1.80669317e-03 2.97573926e-03 1.09530438e-03 3.73469483e-03 -3.31880584e-03 1.94897032e-03 3.65388918e-03 8.53245064e-01 4.22167816e+00 5.82968817e-03 2.59210195e-01
2.02834223e-03 -2.80569769e-03 -1.29760255e-03 2.90609117e-03 5.20591330e-04 3.64685964e-03 -3.02263925e-03 -3.92711044e-04 3.09087962e-03 7.97293226e-01 3.63636606e+00 1.11386084e-02 2.79898675e-01
9.93155425e-04 -9.30842438e-04 -1.27893689e-03 2.50567505e-03 1.58690154e-03 2.28786994e-03 -2.95177784e-03 1.82308286e-03 2.99941294e-03 8.81173460e-01 4.21995655e+00 -1.03015923e-02 2.31225707e-01
1.12674784e-03 -2.19119623e-03 -1.73673054e-03 3.01690851e-03 1.60319662e-03 3.29249423e-03 -3.19267870e-03 1.43674658e-03 3.36725060e-03 8.52046177e-01 4.08106837e+00 -1.46656695e-02 2.52212944e-01
1.02138340e-03 -2.24921561e-03 -1.39890353e-03 2.53836360e-03 5.53833728e-04 2.94083726e-03 -2.82456287e-03 9.44309894e-04 3.02737176e-03 8.30926388e-01 3.77695067e+00 1.61144259e-02 2.64746740e-01
6.33046436e-04 -9.93076521e-04 -1.34975166e-03 2.65715489e-03 1.24232623e-03 3.80021736e-03 -2.95787219e-03 2.23669226e-03 3.35234281e-03 8.52586948e-01 4.09971782e+00 2.71358277e-03 2.58790923e-01
1.48428859e-03 -2.62398590e-03 -1.79099198e-03 2.96654605e-03 1.29841304e-03 2.71935094e-03 -3.02437878e-03 1.39313479e-04 3.06715887e-03 8.31892411e-01 3.77507318e+00 -2.65157147e-03 2.58445379e-01
5.91269445e-04 -1.56643971e-03 -1.69790458e-03 2.80726152e-03 1.19037687e-03 3.56669086e-03 -3.12220895e-03 2.03271533e-03 3.45606110e-03 8.44579382e-01 4.18617331e+00 1.55640243e-04 2.57786069e-01
1.39007966e-03 -2.52540741e-03 -1.57966639e-03 2.78084772e-03 1.00144707e-03 2.69299788e-03 -2.92669935e-03 3.58857333e-04 3.00926255e-03 8.39820929e-01 3.69053947e+00 -1.30200405e-04 2.59161097e-01
8.64499668e-04 -2.08171101e-03 -1.59348030e-03 2.69544118e-03 9.22747224e-04 2.96681724e-03 -2.98290069e-03 1.34685581e-03 3.18973222e-03 8.38795591e-01 3.98034815e+00 4.79098621e-03 2.57186653e-01
1.14983173e-03 -2.39208129e-03 -1.65154096e-03 2.87190787e-03 1.17323938e-03 3.26207029e-03 -3.05571687e-03 1.08681194e-03 3.25561253e-03 8.45464290e-01 3.89640760e+00 -4.63153605e-03 2.59716933e-01
1.25924338e-03 -2.31078763e-03 -1.69467571e-03 2.99146552e-03 1.46537488e-03 2.85600394e-03 -3.22460783e-03 1.18357534e-03 3.31727577e-03 8.69177308e-01 3.99279723e+00 -1.15061160e-02 2.45858417e-01
9.55171548e-04 -2.17044261e-03 -1.41213430e-03 2.51650784e-03 6.46541743e-04 3.37204884e-03 -2.78415755e-03 1.12535870e-03 3.05339668e-03 8.11362361e-01 3.85244658e+00 1.24693064e-02 2.70415239e-01
1.50541680e-03 -2.48290076e-03 -1.42191272e-03 2.73820249e-03 1.02778650e-03 3.22239545e-03 -2.76684402e-03 2.37966565e-04 2.89284630e-03 7.93816451e-01 3.75153964e+00 3.51628900e-03 2.71947749e-01
6.85366120e-04 -1.43380936e-03 -1.61031967e-03 2.84880743e-03 1.19039464e-03 3.02395239e-03 -3.23532195e-03 2.03272148e-03 3.44445117e-03 8.86401639e-01 4.10711470e+00 -3.34699624e-03 2.42768571e-01
1.21608430e-03 -2.48361303e-03 -1.87200097e-03 2.96105916e-03 1.32068867e-03 2.53778536e-03 -3.30140561e-03 1.03224659e-03 3.36322919e-03 8.81814779e-01 4.13365550e+00 1.11874073e-02 2.45823519e-01
8.51389213e-04 -2.01787872e-03 -1.40998493e-03 2.49256570e-03 7.03745068e-04 3.56784883e-03 -2.76027591e-03 1.33017913e-03 3.07019848e-03 8.03857699e-01 3.74659276e+00 -1.05534277e-02 2.70018623e-01
5.01436883e-04 -1.58455868e-03 -1.70878931e-03 2.72701630e-03 9.70927766e-04 3.00170241e-03 -3.08795232e-03 1.88497881e-03 3.33602264e-03 8.59622205e-01 4.12994068e+00 8.07566360e-03 2.51559517e-01
1.50837104e-03 -2.54399666e-03 -1.50604440e-03 2.90640499e-03 1.20359283e-03 3.28566607e-03 -2.95979726e-03 5.09261916e-04 3.09582868e-03 8.25451134e-01 3.75791904e+00 -7.71563749e-03 2.64904764e-01
8.19753252e-04 -1.89739018e-03 -1.55455554e-03 2.54082417e-03 1.19651382e-03 2.93427994e-03 -2.72182344e-03 1.28308915e-03 2.92444918e-03 8.47327677e-01 3.65553278e+00 -2.46107257e-02 2.54259557e-01
1.41573740e-03 -2.67941978e-03 -1.59331909e-03 3.11855069e-03 9.12733474e-04 3.37467492e-03 -3.36421173e-03 9.71986839e-04 3.54147534e-03 8.35853641e-01 4.24501811e+00 2.88184899e-02 2.63313737e-01
1.77007877e-03 -2.81916861e-03 -1.62435403e-03 3.14160802e-03 9.38152304e-04 3.20920633e-03 -3.19009703e-03 -9.20132759e-05 3.25290508e-03 8.26361428e-01 3.73650896e+00 3.64258325e-03 2.67408353e-01
8.30976944e-04 -8.80201247e-04 -1.22515258e-03 2.53380938e-03 1.58496481e-03 3.06553875e-03 -2.78470298e-03 1.96721167e-03 3.01554007e-03 8.57289074e-01 4.12792168e+00 -3.52484732e-03 2.48689009e-01
1.20388212e-03 -2.44507372e-03 -1.47323000e-03 2.82530884e-03 7.55390785e-04 3.93412360e-03 -3.09989986e-03 1.21229538e-03 3.40101821e-03 8.31505984e-01 3.97346635e+00 1.45420607e-02 2.71508325e-01
9.80823815e-04 -2.05439956e-03 -1.65399616e-03 2.63221080e-03 1.22305980e-03 2.35086456e-03 -2.93263545e-03 1.12354998e-03 3.00526435e-03 8.51651277e-01 3.89713488e+00 -1.33456972e-02 2.44180520e-01
1.16629319e-03 -2.23678881e-03 -1.44202359e-03 2.51876413e-03 9.39732174e-04 2.55036193e-03 -2.67259431e-03 5.59740942e-04 2.77886519e-03 7.99043580e-01 3.72187877e+00 -6.12250524e-03 2.61049829e-01
8.11731836e-04 -1.99033967e-03 -1.79593936e-03 3.09548780e-03 1.25063088e-03 3.79600507e-03 -3.38627406e-03 1.95965023e-03 3.69854638e-03 8.84949686e-01 4.15112472e+00 6.33792691e-03 2.55848137e-01
7.93515913e-04 -1.75206047e-03 -1.71906201e-03 2.90087069e-03 1.43239043e-03 3.26952582e-03 -3.16476059e-03 1.83392342e-03 3.39172505e-03 8.64201262e-01 4.29585161e+00 1.24618260e-02 2.53806471e-01
1.41758371e-03 -2.49778744e-03 -1.40211207e-03 2.70451969e-03 8.05237390e-04 2.92158937e-03 -2.88665403e-03 4.66730920e-04 3.01286651e-03 8.21620308e-01 3.61043066e+00 -1.16464279e-02 2.62984388e-01
1.57632939e-03 -2.58046160e-03 -1.42825726e-03 2.80477942e-03 9.12672555e-04 3.10362292e-03 -2.90099864e-03 2.13850688e-04 3.00804540e-03 8.26677911e-01 3.77666090e+00 1.97040164e-02 2.69327139e-01
6.17699894e-04 -1.46776126e-03 -1.69791930e-03 2.79448915e-03 1.26564128e-03 3.09498629e-03 -3.14830755e-03 1.98798159e-03 3.38792302e-03 8.55346413e-01 4.09292778e+00 -1.75836881e-02 2.46402335e-01
1.36462601e-03 1.07642025e-05 -2.75709616e-04 2.12092741e-03 1.91345148e-03 2.80963342e-03 -2.24205450e-03 1.79592872e-03 2.42522954e-03 8.31076569e-01 3.83573695e+00 -3.06107173e-02 2.40243219e-01
1.95785698e-03 -3.11658148e-03 -2.15805694e-03 3.99235907e-03 1.54785256e-03 4.35735527e-03 -3.66835102e-03 -3.36779768e-04 3.73681703e-03 8.56527651e-01 4.10248436e+00 3.71859168e-02 2.73819175e-01
9.06400399e-04 -1.47086338e-03 -1.57321810e-03 2.78732202e-03 1.56414203e-03 2.70334421e-03 -3.12456568e-03 1.80533800e-03 3.22549077e-03 8.52877693e-01 4.27400306e+00 -1.22658467e-02 2.41123316e-01
1.65873809e-03 -2.63608525e-03 -1.27585447e-03 2.70412748e-03 6.12298731e-04 3.33823081e-03 -2.88841700e-03 2.07402659e-04 3.02998562e-03 8.30214207e-01 3.61500621e+00 1.32817427e-02 2.73620919e-01
9.76274588e-04 -2.18390570e-03 -1.51406592e-03 2.76564401e-03 8.16748381e-04 3.09092854e-03 -3.02908604e-03 1.26225434e-03 3.23596548e-03 8.49793690e-01 3.87821076e+00 5.49497692e-03 2.58163957e-01
1.02496749e-03 -2.23403796e-03 -1.69847387e-03 2.81644544e-03 1.30997617e-03 3.16351442e-03 -2.99525841e-03 1.21628027e-03 3.19201304e-03 8.34845847e-01 3.99899238e+00 -5.30784364e-03 2.58635176e-01
7.28516452e-04 -1.73604699e-03 -1.49390756e-03 2.45848512e-03 1.07744448e-03 2.68668813e-03 -2.68037016e-03 1.33603414e-03 2.85780793e-03 8.27179861e-01 3.73447570e+00 -2.29787753e-02 2.52294657e-01
1.40985816e-03 -2.78800716e-03 -1.72599628e-03 3.21930473e-03 1.01843033e-03 3.67159807e-03 -3.44704586e-03 1.02498457e-03 3.66180163e-03 8.60064047e-01 4.18058158e+00 2.64603070e-02 2.64305110e-01
1.50189406e-03 -2.82161394e-03 -1.79655483e-03 3.23283850e-03 1.34469435e-03 3.64515145e-03 -3.35558392e-03 8.27420181e-04 3.54206946e-03 8.78623409e-01 4.03699751e+00 1.81784949e-02 2.62894492e-01
6.26599551e-04 -1.57349630e-03 -1.41622481e-03 2.44361386e-03 8.79890022e-04 2.73498305e-03 -2.71937167e-03 1.52302329e-03 2.92434350e-03 8.08903797e-01 3.85394649e+00 -1.65292848e-02 2.53820380e-01
9.42049361e-04 -2.00816254e-03 -1.65380752e-03 2.75965169e-03 1.27003376e-03 2.84335694e-03 -3.03944079e-03 1.41099425e-03 3.19431901e-03 8.48453483e-01 3.94613461e+00 -1.81797402e-02 2.48317198e-01
1.30177016e-03 -2.48327988e-03 -1.44773362e-03 2.77786749e-03 8.19523795e-04 3.38461347e-03 -3.00104368e-03 8.72716308e-04 3.21121076e-03 8.34861219e-01 3.92918116e+00 2.04063043e-02 2.68008129e-01
1.09600022e-03 -2.25513840e-03 -1.63712409e-03 2.91400206e-03 1.32125970e-03 3.45715315e-03 -3.05738239e-03 1.29068252e-03 3.28204409e-03 8.74694648e-01 4.01102884e+00 1.70200878e-02 2.60994325e-01
9.74289546e-04 -2.08933867e-03 -1.47539051e-03 2.69374906e-03 9.10748233e-04 2.88281659e-03 -2.93227382e-03 1.20881815e-03 3.10377335e-03 8.12389436e-01 3.86664525e+00 -1.55586595e-02 2.55690873e-01
1.51524258e-03 -2.63067186e-03 -1.48768699e-03 2.85741057e-03 9.33235587e-04 3.28522602e-03 -2.98089051e-03 4.18623792e-04 3.12823515e-03 8.14238850e-01 3.67498347e+00 -1.40814838e-02 2.66996652e-01
6.98460237e-04 -1.61159832e-03 -1.65475574e-03 2.72084316e-03 1.21488750e-03 2.85861634e-03 -3.07392796e-03 1.78860451e-03 3.26722049e-03 8.72392645e-01 4.22095571e+00 1.52686069e-02 2.49290053e-01
8.95068076e-04 -2.16800433e-03 -1.53963519e-03 2.65220355e-03 7.79363449e-04 3.19707072e-03 -2.91292598e-03 1.23122585e-03 3.15654822e-03 8.22905874e-01 3.89076300e+00 3.32192625e-03 2.63756372e-01
1.05192354e-03 -2.32322017e-03 -1.76469691e-03 2.89555704e-03 1.24597871e-03 2.99331235e-03 -3.13674468e-03 1.20890692e-03 3.30128668e-03 8.60524081e-01 3.97518828e+00 -3.21263693e-03 2.53024352e-01
6.64743176e-04 -1.95660637e-03 -1.70988118e-03 2.77854018e-03 9.01348914e-04 3.29733642e-03 -3.09977348e-03 1.68600862e-03 3.38287343e-03 8.32913880e-01 4.03211401e+00 -4.85604858e-03 2.58012904e-01
1.21072907e-03 -2.39894565e-03 -1.61848773e-03 2.78738858e-03 1.15184792e-03 2.92639603e-03 -2.94699311e-03 8.01819999e-04 3.08803137e-03 8.51730258e-01 3.83748220e+00 5.01396878e-03 2.58833851e-01
1.66726935e-03 1.03577588e-05 -3.30193911e-04 2.39573219e-03 2.25651109e-03 3.13436128e-03 -2.61046526e-03 2.01822466e-03 2.82126542e-03 8.78257791e-01 4.17489264e+00 -5.72569299e-03 2.38869397e-01
1.60381187e-03 -2.52697852e-03 -1.78220460e-03 3.33101206e-03 1.24574197e-03 3.66436821e-03 -3.02359413e-03 -3.31412935e-04 3.07285713e-03 8.02436005e-01 3.69276647e+00 6.03187043e-03 2.74636272e-01
1.26845462e-03 -2.40171287e-03 -1.57209219e-03 2.85008527e-03 1.16521317e-03 3.03459753e-03 -3.03677050e-03 9.27771834e-04 3.18500507e-03 8.21016482e-01 4.07745150e+00 8.14235434e-03 2.60693215e-01
8.73312553e-04 -2.07460608e-03 -1.59921420e-03 2.71796524e-03 1.00113218e-03 3.19226044e-03 -2.97918946e-03 1.40306672e-03 3.21740455e-03 8.61559629e-01 3.79464451e+00 -7.70372281e-03 2.56500989e-01
1.03925858e-03 -1.09862855e-03 -1.33775252e-03 2.72245888e-03 1.79191148e-03 2.96230235e-03 -3.03264049e-03 1.95422048e-03 3.18056233e-03 8.86449070e-01 4.21223340e+00 -5.78424104e-03 2.40963306e-01
1.74868544e-03 -2.66945838e-03 -1.33940524e-03 2.77430514e-03 5.37418755e-04 3.07057711e-03 -2.91913519e-03 -1.87430543e-04 2.98899597e-03 7.92756804e-01 3.62537536e+00 6.12250186e-03 2.73435154e-01
1.00663853e-03 -1.96244187e-03 -1.42976554e-03 2.53717701e-03 1.08967311e-03 2.48066121e-03 -2.76493509e-03 1.06934023e-03 2.86911000e-03 8.32885178e-01 3.67475848e+00 -2.78121248e-02 2.47234148e-01
1.21283675e-03 -2.59527043e-03 -1.72069424e-03 3.11302666e-03 1.05879100e-03 4.03030159e-03 -3.33833458e-03 1.32304267e-03 3.63478787e-03 8.53910602e-01 4.25975906e+00 3.31465579e-02 2.69056422e-01
1.98808585e-03 -3.07006752e-03 -1.55510152e-03 3.24447271e-03 7.34798630e-04 3.44389214e-03 -3.41660449e-03 -5.10293141e-05 3.49776383e-03 8.45498835e-01 3.96523446e+00 3.35823812e-02 2.70142605e-01
7.71009494e-04 -1.16685783e-03 -1.36388261e-03 2.43135672e-03 1.45764513e-03 2.75198523e-03 -2.71349175e-03 1.72896955e-03 2.89967846e-03 8.39628082e-01 3.92623437e+00 -2.80692247e-02 2.45482240e-01
1.60828541e-03 -2.55885157e-03 -1.27486219e-03 2.72189462e-03 7.32991400e-04 3.25175375e-03 -2.87377065e-03 3.09012556e-04 3.00977881e-03 8.18824797e-01 3.77531952e+00 2.19228169e-02 2.72049329e-01
8.63206529e-04 -1.60342373e-03 -1.60744968e-03 2.83589913e-03 1.47701523e-03 2.95512005e-03 -3.12865832e-03 1.80321020e-03 3.28481742e-03 8.61507450e-01 4.08321066e+00 -1.93069819e-02 2.43266222e-01
5.62536435e-04 -1.62431538e-03 -1.66743888e-03 2.68665197e-03 1.07629297e-03 3.37758661e-03 -2.98814568e-03 1.86089651e-03 3.29967966e-03 8.64266610e-01 3.92253147e+00 -5.60337251e-03 2.55996166e-01
1.51096742e-03 -2.55491741e-03 -1.54444850e-03 2.92175465e-03 1.15312655e-03 2.88545983e-03 -3.03556467e-03 4.56983335e-04 3.11795599e-03 8.18372983e-01 3.94291178e+00 5.86280800e-03 2.60958022e-01
7.42139572e-04 -1.84852289e-03 -1.72553902e-03 2.74219136e-03 1.26675202e-03 3.02868582e-03 -3.01823033e-03 1.61694716e-03 3.23201778e-03 8.27766816e-01 4.17575279e+00 -4.26236131e-03 2.54966339e-01
1.39808144e-03 -2.53064754e-03 -1.45879604e-03 2.83722971e-03 8.68443047e-04 3.11076510e-03 -3.01939649e-03 6.55036122e-04 3.16913541e-03 8.56852995e-01 3.70247106e+00 4.38417346e-03 2.62001843e-01
1.91419464e-03 -2.59911768e-03 -1.22719298e-03 2.74377301e-03 3.61549654e-04 3.20261769e-03 -2.85452647e-03 -5.54660116e-04 2.87732111e-03 7.98112188e-01 3.44828340e+00 1.14934959e-02 2.79076321e-01
1.31649153e-03 -8.40729877e-04 -1.19201741e-03 2.65146372e-03 2.00633426e-03 2.58756860e-03 -3.09928371e-03 1.93833797e-03 3.15255649e-03 8.80409874e-01 4.43095908e+00 -1.06141895e-02 2.32670757e-01
6.20910156e-04 -1.74105968e-03 -1.47544466e-03 2.49673468e-03 7.28943883e-04 3.35330713e-03 -2.80409452e-03 1.60904999e-03 3.11709741e-03 8.01651014e-01 3.92229457e+00 -4.41423886e-03 2.65140372e-01
1.47638859e-03 -2.63094517e-03 -1.74847536e-03 3.03296952e-03 1.41898543e-03 2.90175890e-03 -3.21729537e-03 7.12366453e-04 3.29959946e-03 8.81978547e-01 3.91687506e+00 4.53726783e-03 2.52001047e-01
2.35784772e-03 -3.37196157e-03 -1.62277513e-03 3.52173408e-03 6.64335557e-04 4.32661102e-03 -3.65149630e-03 -4.02027126e-04 3.74154362e-03 8.42425225e-01 4.01227561e+00 3.73625661e-02 2.79044130e-01
8.54934998e-04 -8.15029791e-04 -1.09108283e-03 2.17144194e-03 1.37603644e-03 2.05581166e-03 -2.53151132e-03 1.58173139e-03 2.59034879e-03 8.42065063e-01 3.89383072e+00 -3.06449994e-02 2.32878250e-01
1.52906272e-03 -2.62908199e-03 -1.85527961e-03 3.20521356e-03 1.31964798e-03 3.30707988e-03 -3.04530708e-03 -1.15964371e-04 3.10898484e-03 8.32272538e-01 3.75400091e+00 1.30571998e-02 2.68832981e-01
1.06358496e-03 -3.47622998e-04 -8.43187101e-04 2.54167754e-03 1.74075506e-03 3.40321611e-03 -2.79176260e-03 2.20815576e-03 3.09526062e-03 8.51087917e-01 4.12856347e+00 -1.20791888e-02 2.46912725e-01
6.75717454e-04 -8.40655627e-04 -1.18914814e-03 2.53687150e-03 1.25138533e-03 3.54197184e-03 -2.81011894e-03 2.14189660e-03 3.16255373e-03 8.26470323e-01 4.03008876e+00 -1.21449129e-02 2.56340824e-01
1.58286588e-03 -2.68498974e-03 -1.82058043e-03 3.16047698e-03 1.44134512e-03 3.04415754e-03 -3.13371754e-03 1.46130877e-04 3.18571977e-03 8.59206293e-01 3.83904127e+00 1.30486811e-02 2.60793796e-01
5.32221857e-04 -1.21886900e-03 -1.39569771e-03 2.37796787e-03 1.09634124e-03 3.09202955e-03 -2.64333131e-03 1.78786906e-03 2.93759259e-03 8.19012207e-01 3.83655625e+00 -2.13667311e-02 2.56495873e-01
1.79929626e-03 -3.01622353e-03 -1.81495461e-03 3.34363920e-03 1.24403456e-03 3.20199319e-03 -3.48546005e-03 2.80146484e-04 3.55610087e-03 8.69051024e-01 4.06493397e+00 2.42927066e-02 2.60296411e-01
5.41532867e-04 -8.89904868e-04 -1.21772644e-03 2.31685295e-03 1.05796230e-03 2.83197873e-03 -2.61565002e-03 1.86827109e-03 2.87488692e-03 8.22334981e-01 3.90281294e+00 -1.47483220e-02 2.50882911e-01
1.83459808e-03 -3.04036312e-03 -1.90887341e-03 3.48166835e-03 1.46087906e-03 3.68314182e-03 -3.45578979e-03 1.50345537e-04 3.55397049e-03 8.64030042e-01 3.98334635e+00 1.60859146e-02 2.65661972e-01
9.39561081e-04 -1.99673385e-03 -1.33511138e-03 2.46461102e-03 7.35199140e-04 2.67160065e-03 -2.70871496e-03 1.04595358e-03 2.87289345e-03 8.17746287e-01 3.68112557e+00 -1.00099124e-02 2.57341208e-01
1.10466926e-03 -2.45564084e-03 -1.89983766e-03 3.15424088e-03 1.46693026e-03 3.65481510e-03 -3.34989645e-03 1.44159162e-03 3.59190770e-03 8.67834932e-01 4.21413163e+00 1.06011401e-02 2.59424980e-01
1.48749986e-03 -2.46778741e-03 -1.58888037e-03 2.83922823e-03 1.15311827e-03 2.76320690e-03 -2.84049270e-03 4.07649796e-05 2.88693619e-03 8.29393234e-01 3.60943804e+00 -8.59161126e-04 2.62581129e-01
7.79637978e-04 -9.11030276e-04 -1.33631168e-03 2.81305553e-03 1.52409086e-03 3.78295490e-03 -3.09456760e-03 2.33418543e-03 3.45419673e-03 8.54883459e-01 4.27302713e+00 8.88442814e-04 2.54287373e-01
1.81747740e-03 -2.81917405e-03 -2.19252740e-03 4.14804667e-03 1.80416665e-03 4.48627640e-03 -3.56370946e-03 -3.68580825e-04 3.60945914e-03 8.48862256e-01 4.07286493e+00 3.79711664e-02 2.74044724e-01
2.11496700e-03 3.50750187e-04 3.38661204e-04 1.99548678e-03 2.52636218e-03 3.04627149e-03 -2.05471910e-03 1.66802622e-03 2.24836823e-03 8.37127311e-01 3.85834593e+00 -3.10932965e-02 2.39942566e-01
1.56032126e-03 -2.83368085e-03 -1.93534348e-03 3.18109906e-03 1.31839711e-03 2.80766720e-03 -3.31037137e-03 2.43307939e-04 3.35094097e-03 8.55726246e-01 3.95407910e+00 9.33616660e-03 2.56043302e-01
5.50531177e-04 -1.15054730e-03 -1.37052675e-03 2.44588138e-03 1.05898362e-03 3.52346019e-03 -2.75067991e-03 1.97811861e-03 3.12272509e-03 8.29390588e-01 3.91960133e+00 -8.85494142e-03 2.61094256e-01
1.23396178e-03 -2.33243070e-03 -1.34537546e-03 2.56077326e-03 7.30264206e-04 3.07074781e-03 -2.74886158e-03 6.71026516e-04 2.92746737e-03 8.33933732e-01 3.55715528e+00 -3.13648002e-03 2.66508347e-01
9.61510604e-04 -2.06191438e-03 -1.81390061e-03 2.96427651e-03 1.40627351e-03 2.99481071e-03 -3.30876692e-03 1.63176231e-03 3.47008632e-03 8.50586091e-01 4.34872679e+00 3.21511318e-03 2.49971260e-01
1.13545427e-03 -2.25062226e-03 -1.44673329e-03 2.70005624e-03 9.67127759e-04 3.20506607e-03 -2.88788439e-03 1.03487978e-03 3.09138280e-03 8.11952610e-01 3.84535933e+00 -8.20674741e-03 2.63362168e-01
8.97796658e-04 -2.15312750e-03 -1.74320146e-03 2.85934400e-03 1.14601676e-03 3.01862698e-03 -3.13117624e-03 1.41011185e-03 3.31992601e-03 8.73197405e-01 4.02475501e+00 8.59543837e-03 2.53176893e-01
5.37366196e-04 -1.31253444e-03 -1.49631738e-03 2.43255847e-03 1.06380330e-03 2.56164792e-03 -2.76312497e-03 1.69993417e-03 2.94695640e-03 8.24069595e-01 3.90181763e+00 -2.62446949e-02 2.45653237e-01
1.78212074e-03 -3.02200043e-03 -1.69122763e-03 3.27772479e-03 1.06002146e-03 3.77535394e-03 -3.39168835e-03 3.58485888e-04 3.54745830e-03 8.64318404e-01 4.01556579e+00 3.08684641e-02 2.69839469e-01
8.34450432e-04 -9.23585086e-04 -1.31716223e-03 2.58281237e-03 1.43323146e-03 2.50987415e-03 -2.99103521e-03 1.95724141e-03 3.10626919e-03 8.57532278e-01 4.20604280e+00 -1.57221206e-02 2.35336639e-01
1.83838493e-03 -2.75902806e-03 -1.45286243e-03 2.99254738e-03 8.48284255e-04 3.68977498e-03 -3.00888697e-03 -1.46341805e-04 3.11138133e-03 8.24340882e-01 3.69141703e+00 1.74214100e-02 2.77333931e-01
1.36819699e-03 -2.83022272e-03 -1.68514125e-03 3.13936503e-03 7.58394079e-04 4.05822946e-03 -3.45758377e-03 1.14444492e-03 3.74905862e-03 8.42797938e-01 4.19223968e+00 2.59583324e-02 2.70100528e-01
8.71959924e-04 -1.76740342e-03 -1.44791249e-03 2.42242870e-03 1.19086653e-03 2.35438009e-03 -2.64268970e-03 1.14939934e-03 2.73977920e-03 8.41720971e-01 3.69762408e+00 -2.25201766e-02 2.45961240e-01
1.71044628e-03 -3.16396230e-03 -2.23635732e-03 3.54916939e-03 1.64603923e-03 3.00746717e-03 -3.78664171e-03 5.28819413e-04 3.81833776e-03 8.81156995e-01 4.21451917e+00 5.20243599e-03 2.49010920e-01
4.11131256e-04 -1.27204620e-03 -1.26777167e-03 2.09350660e-03 6.06643702e-04 3.16826042e-03 -2.40121290e-03 1.60723245e-03 2.74255311e-03 8.02747124e-01 3.63966551e+00 -5.04968512e-03 2.68043016e-01
1.19178974e-03 -2.37652176e-03 -1.59965777e-03 2.80996917e-03 1.20329078e-03 3.21310745e-03 -2.94921403e-03 9.47979051e-04 3.13543188e-03 8.43368961e-01 3.90986524e+00 6.15807580e-03 2.62564561e-01
7.51016307e-04 -2.04208547e-03 -1.67897941e-03 2.76460327e-03 8.71804688e-04 3.01290659e-03 -3.09340384e-03 1.52518266e-03 3.32060773e-03 8.41080570e-01 3.96817195e+00 -5.92081114e-03 2.54035982e-01
1.63722870e-03 -2.63278697e-03 -1.50808297e-03 2.91205912e-03 9.82929369e-04 3.33602584e-03 -2.91791437e-03 2.18749844e-05 3.02030886e-03 8.10410170e-01 3.63020617e+00 -4.12726987e-03 2.71662498e-01
7.75714065e-04 -1.04221238e-03 -1.40318874e-03 2.70045271e-03 1.40037673e-03 2.91101953e-03 -3.07653753e-03 2.06820212e-03 3.27338558e-03 8.73679070e-01 4.26609325e+00 4.23747221e-03 2.43235641e-01
1.69811954e-03 -2.83319567e-03 -1.78690860e-03 3.25807387e-03 1.16651002e-03 3.50669082e-03 -3.20235307e-03 -5.80356171e-05 3.28871203e-03 8.10251340e-01 3.86208083e+00 4.21271238e-03 2.70525242e-01
8.63031865e-04 -6.37415502e-04 -1.00215329e-03 2.45730117e-03 1.49163947e-03 2.97352631e-03 -2.70124825e-03 1.99245245e-03 2.92209409e-03 8.71853256e-01 3.98819853e+00 -4.04024124e-03 2.44551099e-01
1.20138879e-03 -2.60621711e-03 -1.68988964e-03 3.08175516e-03 8.88212177e-04 4.31953342e-03 -3.39526892e-03 1.45826418e-03 3.74493712e-03 8.62481010e-01 4.17603635e+00 2.86066074e-02 2.70780325e-01
1.01909405e-03 -1.99875212e-03 -1.48991920e-03 2.44435865e-03 1.11272276e-03 2.17210421e-03 -2.72866788e-03 9.40075601e-04 2.78911058e-03 8.25349944e-01 3.74648331e+00 -2.45883497e-02 2.45030285e-01
1.62246657e-03 -2.76096917e-03 -1.71090013e-03 3.16040183e-03 1.35588084e-03 3.20503088e-03 -3.25710784e-03 5.04861622e-04 3.35465627e-03 8.50556045e-01 4.08046811e+00 2.00731158e-02 2.61635862e-01
4.84003201e-04 -1.46280769e-03 -1.53902574e-03 2.52595853e-03 9.20400808e-04 3.13326968e-03 -2.82460033e-03 1.79687842e-03 3.11473385e-03 8.34938725e-01 3.81993621e+00 -1.79752623e-02 2.55172621e-01
1.41637198e-03 -2.43755285e-03 -1.26881532e-03 2.64693280e-03 7.60707746e-04 3.66295251e-03 -2.83723639e-03 7.45349160e-04 3.06607511e-03 8.19395419e-01 3.80042235e+00 1.59039643e-02 2.74453076e-01
8.65951287e-04 -2.00348575e-03 -1.80410370e-03 2.79902249e-03 1.21568906e-03 2.46530579e-03 -3.19913202e-03 1.46974144e-03 3.28851600e-03 8.61856563e-01 4.06872745e+00 -1.44479543e-02 2.40106352e-01
1.88166858e-03 -2.77417980e-03 -1.65646504e-03 3.32187524e-03 9.44980938e-04 3.68681165e-03 -3.19363827e-03 -4.39485734e-04 3.23475479e-03 8.17606159e-01 3.71504889e+00 1.36222737e-02 2.75615392e-01
1.27618383e-03 -3.72662500e-04 -7.53293330e-04 2.37010497e-03 1.90971890e-03 2.73453643e-03 -2.66044499e-03 1.90054224e-03 2.81071143e-03 8.63715805e-01 4.15448265e+00 -1.25168833e-02 2.37764957e-01
6.43489121e-04 -1.97210216e-03 -1.59962748e-03 2.60351309e-03 6.41480733e-04 3.10386740e-03 -2.93805339e-03 1.48730565e-03 3.20780050e-03 8.18431383e-01 3.85417051e+00 -9.30707348e-03 2.59861365e-01
1.22506311e-03 -2.45986309e-03 -1.76767855e-03 2.96545866e-03 1.40210585e-03 3.11528977e-03 -3.12506542e-03 9.96354791e-04 3.27537908e-03 8.66996961e-01 4.01929177e+00 9.81811609e-03 2.57039830e-01
1.72233158e-03 -3.15620791e-03 -1.97305745e-03 3.55999449e-03 1.34332661e-03 3.68732011e-03 -3.72759147e-03 6.85481585e-04 3.87518536e-03 8.78384434e-01 4.12981383e+00 1.12177534e-02 2.59430659e-01
5.21132383e-04 -1.39101606e-03 -1.33323867e-03 2.19083227e-03 8.57846754e-04 2.62043701e-03 -2.44367465e-03 1.43850477e-03 2.66608666e-03 8.07369531e-01 3.73585047e+00 -1.05764332e-02 2.57751535e-01
1.06565958e-03 -4.82736455e-04 -8.03608018e-04 2.30243354e-03 1.68955274e-03 3.06921756e-03 -2.52994334e-03 1.90249005e-03 2.78068586e-03 8.30088037e-01 3.91026357e+00 -3.01357111e-02 2.46693677e-01
1.80812391e-03 -3.01904400e-03 -2.00640942e-03 3.58355528e-03 1.22345561e-03 3.56000651e-03 -3.49440185e-03 -2.34223899e-04 3.54452648e-03 8.57692603e-01 4.00931459e+00 3.64758994e-02 2.68982455e-01
7.02390138e-04 -2.00381943e-03 -1.64347119e-03 2.71431743e-03 8.22884599e-04 3.55014589e-03 -3.01413224e-03 1.61162485e-03 3.33340807e-03 8.37312722e-01 4.04966552e+00 1.51742268e-02 2.65482915e-01
1.34271050e-03 -2.40923462e-03 -1.59646573e-03 2.84368162e-03 1.28322853e-03 2.75879250e-03 -3.03541523e-03 8.02260696e-04 3.12503644e-03 8.46542559e-01 3.82550935e+00 -1.39001512e-02 2.51485881e-01
1.22570240e-03 -1.65167615e-04 -5.04599233e-04 2.20616974e-03 1.73761332e-03 2.83717314e-03 -2.42347735e-03 1.87010687e-03 2.63014380e-03 8.56105920e-01 3.88140155e+00 -1.85116631e-02 2.40367851e-01
1.77983523e-03 -2.91431121e-03 -2.03747190e-03 3.69352782e-03 1.47086432e-03 4.05837885e-03 -3.40896749e-03 -2.39683236e-04 3.48420712e-03 8.25635142e-01 3.99985282e+00 2.08739547e-02 2.73669055e-01
8.96985393e-04 -2.11693655e-03 -1.53868582e-03 2.72104594e-03 8.68346820e-04 3.83928491e-03 -2.98939267e-03 1.50799825e-03 3.32365216e-03 8.56341114e-01 3.90488595e+00 1.39505090e-02 2.68469760e-01
1.16587147e-03 -2.29699771e-03 -1.68221891e-03 2.77810202e-03 1.22172981e-03 2.44106232e-03 -3.04997279e-03 9.28250658e-04 3.11024596e-03 8.29246054e-01 3.98205017e+00 -1.29147508e-02 2.47763639e-01
1.24249062e-03 -2.42141484e-03 -1.40419400e-03 2.64542221e-03 6.51911187e-04 2.98107175e-03 -2.88504161e-03 6.98094223e-04 3.05385480e-03 7.97818517e-01 3.74052910e+00 -8.46700505e-03 2.64997577e-01
9.52839188e-04 -1.93502419e-03 -1.68862098e-03 2.86997035e-03 1.48279438e-03 3.15842868e-03 -3.11525412e-03 1.60419565e-03 3.30574568e-03 8.86920022e-01 4.11269475e+00 8.86685208e-03 2.51479274e-01
7.17009469e-04 -1.21578999e-03 -1.31589130e-03 2.16625296e-03 1.12518593e-03 1.85108606e-03 -2.55827222e-03 1.39476343e-03 2.59576856e-03 8.40338558e-01 3.77959177e+00 -3.21400247e-02 2.32752998e-01
2.39386853e-03 -3.39697912e-03 -1.44275088e-03 3.41217947e-03 7.33636705e-04 4.65955486e-03 -3.64121044e-03 6.59822721e-05 3.81514527e-03 8.44706483e-01 4.13859410e+00 3.95841586e-02 2.79352774e-01
1.12833727e-03 -2.18332588e-03 -1.37713639e-03 2.51129582e-03 8.74685805e-04 2.69092874e-03 -2.67382581e-03 7.01445622e-04 2.80842460e-03 7.99222662e-01 3.77419910e+00 8.32641346e-04 2.63051664e-01
9.51305812e-04 -2.16029883e-03 -1.79219769e-03 3.09875840e-03 1.33241434e-03 3.61411984e-03 -3.35121185e-03 1.72811653e-03 3.60926122e-03 8.82546379e-01 4.07886308e+00 -7.66848008e-04 2.54003429e-01
9.05140971e-04 -9.96547188e-04 -1.23145504e-03 2.51285394e-03 1.57200766e-03 2.72651265e-03 -2.79844912e-03 1.82583448e-03 2.94135442e-03 8.53885672e-01 4.08072236e+00 -1.55838966e-02 2.42145409e-01
1.84699534e-03 -2.91982866e-03 -1.54432052e-03 3.10058700e-03 7.29607769e-04 3.46723400e-03 -3.21955383e-03 -8.38390377e-05 3.31352348e-03 8.28682267e-01 3.78972334e+00 1.72330558e-02 2.72629290e-01
1.02831640e-03 -2.05674972e-03 -1.38075415e-03 2.49047612e-03 9.97110618e-04 2.82761747e-03 -2.62867891e-03 8.99946133e-04 2.79339482e-03 8.33461381e-01 3.51480499e+00 -2.17833458e-02 2.58431629e-01
1.04513903e-03 -2.47004514e-03 -1.88498394e-03 3.17645392e-03 1.15540771e-03 3.47800011e-03 -3.49306293e-03 1.54424173e-03 3.72849574e-03 8.52599706e-01 4.42759152e+00 2.49256048e-02 2.58989006e-01
1.56094493e-03 -2.72137763e-03 -1.55777009e-03 2.94098407e-03 9.07377042e-04 3.01176624e-03 -3.12200429e-03 3.75075433e-04 3.22943928e-03 8.18783197e-01 3.76699949e+00 -1.02223212e-02 2.61926223e-01
7.06211366e-04 -1.53265269e-03 -1.56477769e-03 2.62962173e-03 1.28888244e-03 3.12957734e-03 -2.91157287e-03 1.77152844e-03 3.16016017e-03 8.66837836e-01 4.09772866e+00 1.08403698e-02 2.54827237e-01
6.85280861e-04 -1.89676163e-03 -1.77015543e-03 2.84680513e-03 1.12153424e-03 3.23143103e-03 -3.15118803e-03 1.74410899e-03 3.40482040e-03 8.67590686e-01 3.96249159e+00 -9.86223297e-03 2.51622503e-01
1.34710745e-03 -2.45749529e-03 -1.47624290e-03 2.74189792e-03 9.81140230e-04 2.97690185e-03 -2.88990496e-03 5.95331349e-04 3.02883214e-03 8.13645307e-01 3.89709217e+00 1.05780296e-02 2.65131833e-01
8.95959120e-04 -2.19491938e-03 -1.57665171e-03 2.73993525e-03 7.99907171e-04 3.53317191e-03 -3.01231272e-03 1.37967109e-03 3.29981355e-03 8.52528998e-01 3.95835055e+00 2.05344488e-02 2.66267150e-01
1.14245610e-03 -2.29709569e-03 -1.67128727e-03 2.79815202e-03 1.25122643e-03 2.72311801e-03 -3.04756244e-03 1.05039494e-03 3.16200322e-03 8.33231922e-01 3.92518060e+00 -1.83525726e-02 2.50310667e-01
2.24979058e-03 -3.36989021e-03 -1.98604623e-03 3.94912280e-03 1.23960278e-03 4.73973551e-03 -3.78548162e-03 -3.90324150e-04 3.88000313e-03 8.55880308e-01 4.10597278e+00 3.64973077e-02 2.78147138e-01
9.90008804e-04 -3.71770795e-04 -6.97389787e-04 2.04356866e-03 1.43940922e-03 2.17522893e-03 -2.33294979e-03 1.63262883e-03 2.43114656e-03 8.31542273e-01 3.83114924e+00 -3.01398434e-02 2.34009257e-01
1.87854503e-03 -2.89933796e-03 -1.58681907e-03 3.19641681e-03 1.07854729e-03 3.91973265e-03 -3.18132101e-03 1.45268753e-06 3.30738283e-03 8.25269347e-01 3.78897365e+00 6.03715595e-03 2.75072299e-01
7.10098966e-04 -9.37215244e-04 -1.27540140e-03 2.43752420e-03 1.22761164e-03 2.41509765e-03 -2.81956436e-03 1.84605471e-03 2.95015520e-03 8.58013738e-01 4.09648057e+00 -5.77950654e-03 2.38768756e-01
6.81363003e-04 -1.33684619e-03 -1.44984528e-03 2.55905925e-03 1.25595518e-03 2.99884499e-03 -2.83844399e-03 1.80193070e-03 3.06990396e-03 8.65940668e-01 3.98999247e+00 4.04839662e-04 2.51020956e-01
1.60677956e-03 -2.79338231e-03 -1.62084063e-03 3.03322245e-03 9.75737716e-04 3.19788313e-03 -3.17002180e-03 3.15072996e-04 3.28633496e-03 8.17740213e-01 3.86193335e+00 -3.71104255e-04 2.65277804e-01
1.46363106e-03 -2.54535427e-03 -1.79518173e-03 3.01592732e-03 1.23366283e-03 2.84786837e-03 -2.95130073e-03 -9.64338475e-05 2.98731012e-03 8.18923372e-01 3.65584281e+00 -3.67231363e-03 2.63171712e-01
1.06737180e-03 -5.21228082e-04 -9.71358787e-04 2.64263744e-03 1.78933914e-03 3.82454738e-03 -2.90159078e-03 2.30354469e-03 3.28050110e-03 8.65435234e-01 4.22556973e+00 3.76485675e-03 2.53718283e-01
7.77344185e-04 -1.58142386e-03 -1.75454632e-03 2.78563150e-03 1.36834212e-03 2.51825245e-03 -3.23483403e-03 1.80233972e-03 3.32775623e-03 8.91717760e-01 4.25363134e+00 2.47198547e-03 2.37772207e-01
1.68582725e-03 -2.56385593e-03 -1.18614885e-03 2.62201580e-03 6.27544559e-04 3.40906550e-03 -2.79084026e-03 1.90993884e-04 2.93456354e-03 7.90135628e-01 3.61178468e+00 -2.40051995e-03 2.75789277e-01
6.98820113e-04 -1.52924564e-03 -1.53764093e-03 2.53358648e-03 1.23663633e-03 2.60376829e-03 -2.81762676e-03 1.57864000e-03 2.96717997e-03 8.51083855e-01 3.86188281e+00 -2.23209734e-02 2.44249676e-01
1.68740267e-03 -2.90213146e-03 -1.52887326e-03 3.05721850e-03 7.80218550e-04 3.64029081e-03 -3.26736049e-03 4.60813000e-04 3.44365572e-03 8.31333835e-01 4.01486056e+00 2.57684488e-02 2.71271340e-01
1.61580531e-03 -2.67081372e-03 -1.63886895e-03 3.02165980e-03 1.16149904e-03 2.88643623e-03 -3.09763690e-03 1.75492691e-04 3.15087721e-03 8.08518668e-01 3.88501922e+00 -1.47986168e-03 2.61768004e-01
5.76487492e-04 -1.22866735e-03 -1.49562027e-03 2.59027271e-03 1.21578318e-03 3.39664761e-03 -2.89135245e-03 2.00962874e-03 3.22135787e-03 8.74773277e-01 3.96526894e+00 1.52434489e-03 2.55011493e-01
1.29568003e-03 -2.49631461e-03 -1.89322976e-03 3.01727606e-03 1.56681062e-03 2.72006656e-03 -3.30458556e-03 1.05894570e-03 3.37303213e-03 8.69179094e-01 4.04880089e+00 -1.37235897e-02 2.44294413e-01
9.23543334e-04 -2.07592699e-03 -1.29592062e-03 2.40588096e-03 4.41287338e-04 3.42730647e-03 -2.73847432e-03 1.19199098e-03 3.02894909e-03 8.10757899e-01 3.78632551e+00 1.50759082e-02 2.72047746e-01
6.57165476e-04 -1.71627045e-03 -1.56524448e-03 2.47297060e-03 9.73043401e-04 2.45583995e-03 -2.78806485e-03 1.41425996e-03 2.93968145e-03 8.21957202e-01 3.85536379e+00 -2.18879441e-02 2.47665897e-01
1.48602187e-03 -2.81849772e-03 -1.68193782e-03 3.15347579e-03 1.07155384e-03 3.87890983e-03 -3.33334063e-03 8.92118993e-04 3.56831727e-03 8.65849962e-01 4.05602670e+00 2.49890397e-02 2.68245468e-01
1.06125610e-03 -2.11220048e-03 -1.90905147e-03 2.99777970e-03 1.63825691e-03 2.80548410e-03 -3.37481632e-03 1.58251869e-03 3.47399119e-03 8.89885541e-01 4.29506014e+00 1.77665155e-03 2.42721580e-01
1.34246407e-03 -2.34436756e-03 -1.14116346e-03 2.39013271e-03 3.98415384e-04 3.10871154e-03 -2.67144362e-03 5.50455332e-04 2.85696045e-03 7.91909631e-01 3.56629097e+00 -1.71527881e-03 2.72580118e-01
9.13214022e-04 -1.38595677e-03 -1.57960128e-03 2.93748351e-03 1.57723845e-03 2.83395841e-03 -3.30322069e-03 2.00445618e-03 3.40924698e-03 8.94729466e-01 4.31096696e+00 1.01125298e-03 2.37597353e-01
1.63598390e-03 -2.44813559e-03 -1.16727552e-03 2.56298616e-03 6.85338632e-04 3.25156345e-03 -2.67177464e-03 1.01806750e-04 2.79253563e-03 7.86056647e-01 3.56138833e+00 -9.45047042e-04 2.75749933e-01
1.43438691e-03 -2.48272037e-03 -1.63607780e-03 2.97032746e-03 1.49735597e-03 3.12785467e-03 -3.01779062e-03 6.88708714e-04 3.13028994e-03 8.33208369e-01 3.96186586e+00 -6.72059903e-04 2.60066186e-01
4.53634021e-04 -1.71528569e-03 -1.66479588e-03 2.64945513e-03 6.75526187e-04 3.20733077e-03 -3.02358048e-03 1.81822359e-03 3.33125154e-03 8.51126557e-01 3.91623010e+00 7.00549986e-04 2.56820390e-01
1.07833857e-03 -2.48021568e-03 -1.87522555e-03 3.16119643e-03 1.20229654e-03 3.38147370e-03 -3.43574118e-03 1.41884599e-03 3.64393273e-03 8.67032932e-01 4.33093499e+00 2.64879339e-02 2.57953186e-01
9.96140076e-04 -2.02444517e-03 -1.37977605e-03 2.51452926e-03 9.78907624e-04 2.93850576e-03 -2.68651418e-03 1.05079318e-03 2.87356228e-03 8.21140516e-01 3.61193679e+00 -2.30317267e-02 2.59076173e-01
1.16995883e-03 -2.41531028e-03 -1.56118272e-03 2.89251704e-03 1.00227464e-03 3.91269520e-03 -3.09109670e-03 1.24276015e-03 3.38316624e-03 8.43794808e-01 3.98759694e+00 1.34932002e-02 2.69636070e-01
9.23684644e-04 -2.03356706e-03 -1.61176339e-03 2.64421733e-03 1.07005244e-03 2.41661793e-03 -2.94423338e-03 1.18032185e-03 3.04052044e-03 8.40758880e-01 3.90079261e+00 -1.24878444e-02 2.46134977e-01
9.33017443e-04 -1.00458264e-03 -1.32212688e-03 2.63541796e-03 1.66669851e-03 3.00489853e-03 -2.96166190e-03 1.98948103e-03 3.16362859e-03 8.86671924e-01 4.25232346e+00 8.46647830e-03 2.45346373e-01
1.70309023e-03 -2.71337032e-03 -1.50621052e-03 2.92378491e-03 7.45271063e-04 3.09020819e-03 -3.00889800e-03 -1.50912728e-04 3.07673125e-03 7.97958162e-01 3.61251719e+00 -8.10134250e-03 2.70036432e-01
1.40325692e-03 -2.49266988e-03 -1.62114239e-03 2.80243305e-03 1.10789793e-03 2.78608345e-03 -2.84831389e-03 1.76768369e-04 2.92188453e-03 8.21775311e-01 3.62000716e+00 -8.68097678e-03 2.62273835e-01
6.32324664e-04 -1.15351223e-03 -1.51869188e-03 2.86211454e-03 1.31861945e-03 3.67589537e-03 -3.17184606e-03 2.28968552e-03 3.51681922e-03 8.63509915e-01 4.27723658e+00 9.12907512e-03 2.54593912e-01
7.55652469e-04 -1.91018373e-03 -1.47653142e-03 2.43529709e-03 7.70407412e-04 2.48376790e-03 -2.70741125e-03 1.14208384e-03 2.86302080e-03 8.11025344e-01 3.79360078e+00 -8.15866720e-03 2.54907903e-01
1.20563941e-03 -2.60594708e-03 -1.85200346e-03 3.19428654e-03 1.32945774e-03 3.85718204e-03 -3.37694414e-03 1.32207809e-03 3.63876171e-03 8.74099696e-01 4.08671123e+00 8.54154495e-03 2.61983817e-01
7.57074323e-04 -1.23957977e-03 -1.36513113e-03 2.49057275e-03 1.24630662e-03 2.44288720e-03 -2.82949507e-03 1.69674750e-03 2.93932008e-03 8.45244920e-01 4.05195716e+00 -1.24365733e-02 2.41162284e-01
1.85247423e-03 -2.88624748e-03 -1.47770519e-03 3.10663796e-03 9.84925248e-04 3.86779519e-03 -3.19345478e-03 2.53506901e-04 3.34840857e-03 8.38824087e-01 3.83793253e+00 1.34500446e-02 2.73442534e-01
8.62677210e-04 -2.10849398e-03 -1.57586716e-03 2.64468017e-03 9.07869480e-04 3.06489317e-03 -2.88635402e-03 1.24851291e-03 3.10990149e-03 8.55053987e-01 3.79495059e+00 2.83262108e-03 2.59374553e-01
1.09249534e-03 -2.36634424e-03 -1.70660561e-03 2.90860004e-03 1.15489670e-03 3.11469596e-03 -3.14691329e-03 1.19796437e-03 3.33136295e-03 8.29401814e-01 4.07477847e+00 -2.76722498e-03 2.57447799e-01
6.23404625e-04 -8.40326144e-04 -1.20191822e-03 2.33484785e-03 1.14808248e-03 2.47875149e-03 -2.66889229e-03 1.82903757e-03 2.84064682e-03 8.47697216e-01 3.84233264e+00 -2.50066617e-02 2.38849273e-01
1.92816451e-03 -3.05652569e-03 -1.78762787e-03 3.47273121e-03 1.23996108e-03 4.09232446e-03 -3.40693896e-03 -1.06998872e-05 3.52896305e-03 8.35357168e-01 4.06766314e+00 2.93666680e-02 2.74811873e-01
1.84300201e-03 -2.79747500e-03 -1.29516884e-03 2.83353970e-03 4.30156205e-04 3.23004207e-03 -3.05893148e-03 -7.07338265e-05 3.15054670e-03 8.34348508e-01 3.67083514e+00 2.53913613e-02 2.73386842e-01
9.69947033e-04 -1.36852565e-03 -1.51108421e-03 2.64119762e-03 1.67627398e-03 2.70403617e-03 -3.00268109e-03 1.75934887e-03 3.12282343e-03 8.48668169e-01 4.20176527e+00 -2.20505001e-02 2.41468408e-01
8.54360513e-04 -2.07279469e-03 -1.66717470e-03 2.82458258e-03 1.05847326e-03 3.34278685e-03 -3.10342262e-03 1.55373582e-03 3.35966062e-03 8.44542680e-01 3.89279293e+00 -1.76401818e-02 2.55815451e-01
1.19180129e-03 -2.37917186e-03 -1.58742639e-03 2.77288417e-03 1.06830662e-03 2.90336089e-03 -2.95169077e-03 8.27043650e-04 3.09432421e-03 8.39489018e-01 3.98723171e+00 1.97084622e-02 2.61320622e-01
9.29346713e-04 -2.01795633e-03 -1.65110089e-03 2.88054637e-03 1.18861292e-03 3.01838700e-03 -3.16760213e-03 1.54509771e-03 3.34496680e-03 8.54123948e-01 4.21914876e+00 1.34481257e-02 2.53246241e-01
1.21199949e-03 -2.36725258e-03 -1.48696327e-03 2.71854366e-03 1.00472037e-03 3.23149830e-03 -2.87168462e-03 8.56608964e-04 3.06674848e-03 8.31277058e-01 3.68727775e+00 -1.24779505e-02 2.63587883e-01
1.72124402e-03 -2.48885724e-03 -1.28870317e-03 2.72959581e-03 7.53796650e-04 3.35407629e-03 -2.72965551e-03 -2.16089178e-04 2.80729878e-03 7.94934715e-01 3.50021209e+00 1.90247851e-03 2.77690063e-01
9.31309848e-04 -8.96015598e-04 -1.40138230e-03 2.79675583e-03 1.61700869e-03 2.72182977e-03 -3.24586726e-03 2.14498593e-03 3.36315265e-03 8.85976846e-01 4.40360188e+00 -1.80209698e-03 2.34503681e-01
8.15714574e-04 -9.68063922e-04 -1.29357568e-03 2.65575182e-03 1.49576868e-03 3.85494050e-03 -2.94802074e-03 2.20712039e-03 3.33913912e-03 8.49753903e-01 4.16009465e+00 -1.40086036e-03 2.58474127e-01
1.52262378e-03 -2.61677874e-03 -1.72800075e-03 2.93315636e-03 1.13997669e-03 2.60582901e-03 -3.01030285e-03 1.00036897e-05 3.03535100e-03 8.34489941e-01 3.71184962e+00 1.44147105e-03 2.58666671e-01
6.90359489e-04 -7.26080063e-04 -1.17270273e-03 2.56509987e-03 1.25614766e-03 3.35498008e-03 -2.88439530e-03 2.19856429e-03 3.21231021e-03 8.46798332e-01 4.05934445e+00 -8.14258192e-03 2.50563518e-01
1.57257264e-03 -2.62756834e-03 -1.78742082e-03 3.16218203e-03 1.49106967e-03 3.28828378e-03 -3.04225571e-03 1.01398273e-04 3.11573746e-03 8.37262927e-01 3.82216800e+00 8.58701473e-03 2.65854868e-01
1.88755412e-03 1.03507928e-04 3.60621704e-05 1.95453676e-03 2.40389232e-03 3.02975723e-03 -2.06104094e-03 1.61758474e-03 2.28647599e-03 8.43205134e-01 3.81421483e+00 -2.89502777e-02 2.44129965e-01
1.86821802e-03 -2.92977296e-03 -2.20825494e-03 4.11101072e-03 1.48003200e-03 4.03600518e-03 -3.69585014e-03 -5.17885929e-04 3.70077659e-03 8.40957652e-01 4.07545202e+00 3.48888415e-02 2.71023191e-01
9.06999353e-04 -2.27359526e-03 -1.71459926e-03 2.89653036e-03 8.62225779e-04 3.09047601e-03 -3.23444879e-03 1.42398620e-03 3.44948556e-03 8.80706267e-01 3.95489816e+00 9.73079602e-03 2.53490320e-01
1.08338875e-03 -2.15911375e-03 -1.51379113e-03 2.68526040e-03 1.23799211e-03 3.13902304e-03 -2.79574499e-03 1.03698564e-03 2.98280489e-03 8.04571059e-01 3.91529696e+00 -9.24652746e-03 2.63061970e-01
1.55755928e-03 -2.37647960e-03 -1.06817659e-03 2.40174501e-03 5.02751781e-04 3.21756398e-03 -2.59230020e-03 2.24317489e-04 2.73740648e-03 7.91243106e-01 3.46852859e+00 -1.54617739e-03 2.76634335e-01
1.12586633e-03 -1.67969812e-03 -1.66403093e-03 3.01398286e-03 1.72004130e-03 2.71923164e-03 -3.41897738e-03 1.83942036e-03 3.46107401e-03 8.90415644e-01 4.42941152e+00 1.60696226e-03 2.36760441e-01
9.23218238e-04 -1.88124961e-03 -1.62836754e-03 2.77788896e-03 1.32032798e-03 2.81764028e-03 -3.07065403e-03 1.52675971e-03 3.21303226e-03 8.48346108e-01 4.05168485e+00 -1.38142631e-02 2.46959348e-01
1.33306854e-03 -2.49172009e-03 -1.42489231e-03 2.75532036e-03 8.04414109e-04 3.39192519e-03 -2.95090339e-03 7.64675349e-04 3.15548400e-03 8.35252312e-01 3.82500935e+00 1.50817844e-02 2.68964759e-01
1.65381211e-03 -2.92171047e-03 -1.91382383e-03 3.26767825e-03 1.39957748e-03 3.07365230e-03 -3.38566083e-03 3.34006451e-04 3.45342862e-03 8.53325545e-01 3.98547714e+00 3.33724744e-03 2.57385841e-01
4.48028838e-04 -1.18873244e-03 -1.39741593e-03 2.39725734e-03 9.23430969e-04 3.24759790e-03 -2.68986573e-03 1.88059003e-03 3.02198556e-03 8.31204301e-01 3.87985680e+00 -3.25577820e-03 2.59821176e-01
7.83536864e-04 -1.86567375e-03 -1.57162119e-03 2.57286778e-03 1.09953253e-03 2.75114239e-03 -2.82572003e-03 1.37053309e-03 3.00402964e-03 8.16507175e-01 3.99809602e+00 -7.64295382e-03 2.54962915e-01
1.34993434e-03 -2.60849460e-03 -1.61333900e-03 3.02844184e-03 1.02932182e-03 3.48370956e-03 -3.21968284e-03 9.53197125e-04 3.41906327e-03 8.68584067e-01 3.87743437e+00 7.98468124e-03 2.62014979e-01
1.44382924e-03 -2.63461772e-03 -1.57534458e-03 3.06631181e-03 1.15844633e-03 3.80691059e-03 -3.20792603e-03 9.68692156e-04 3.43475472e-03 8.63056956e-01 4.02160998e+00 2.21100108e-02 2.67399663e-01
6.98023602e-04 -1.83156687e-03 -1.60585727e-03 2.54497982e-03 9.56925202e-04 2.53481626e-03 -2.86469900e-03 1.39960546e-03 3.02420763e-03 8.24042590e-01 3.88175753e+00 -1.96423523e-02 2.48643588e-01
5.55712819e-04 -1.66051542e-03 -1.52422392e-03 2.54932024e-03 7.45076956e-04 3.34486372e-03 -2.88389755e-03 1.74367975e-03 3.20456788e-03 8.21625929e-01 3.90735691e+00 -5.67253364e-03 2.61605616e-01
1.41114751e-03 -2.59439035e-03 -1.77216621e-03 3.03180856e-03 1.42413582e-03 2.95765565e-03 -3.16362030e-03 6.86219834e-04 3.25646550e-03 8.63134063e-01 3.96031626e+00 5.86966269e-03 2.55457449e-01
5.38042031e-04 -1.26692105e-03 -1.37505275e-03 2.42316804e-03 8.99837352e-04 3.69271043e-03 -2.75082378e-03 1.94683007e-03 3.14769354e-03 8.28270790e-01 3.89403728e+00 -1.73107351e-03 2.65580518e-01
1.58748471e-03 -2.80947375e-03 -1.92445077e-03 3.11897231e-03 1.43483884e-03 2.63630496e-03 -3.29984547e-03 3.15240679e-04 3.31814436e-03 8.56063873e-01 3.97215177e+00 1.77129674e-03 2.51547787e-01
1.16169123e-03 -2.20308874e-03 -1.44228217e-03 2.51996000e-03 1.00795320e-03 2.53390267e-03 -2.66075215e-03 5.86651901e-04 2.76224871e-03 8.00942747e-01 3.72174111e+00 -8.33512590e-03 2.59888247e-01
7.24914234e-04 -2.08352491e-03 -1.89643347e-03 3.08104620e-03 1.10079744e-03 3.78907628e-03 -3.42943631e-03 1.96156998e-03 3.76707587e-03 8.83902108e-01 4.15854297e+00 8.72504365e-03 2.57012547e-01
7.11875607e-04 -8.01568005e-04 -1.16093182e-03 2.37163796e-03 1.25478551e-03 2.60170376e-03 -2.69999715e-03 1.86592145e-03 2.88043149e-03 8.39289370e-01 3.89733081e+00 -2.83274552e-02 2.39956854e-01
1.93998239e-03 -3.01111707e-03 -1.75052218e-03 3.45089469e-03 1.23574371e-03 3.98147442e-03 -3.37586180e-03 -5.82944668e-05 3.48082728e-03 8.45936911e-01 4.02656208e+00 3.39488556e-02 2.74042272e-01
1.01087928e-03 -1.91194894e-03 -1.56105616e-03 2.59141845e-03 1.47634138e-03 2.69796266e-03 -2.79905519e-03 1.23096404e-03 2.92071160e-03 8.35411932e-01 3.92365485e+00 -1.87349546e-02 2.50442964e-01
1.25594884e-03 -2.67437678e-03 -1.55653410e-03 2.91912285e-03 4.84660643e-04 3.49596778e-03 -3.28760229e-03 1.02563433e-03 3.53017488e-03 8.50071506e-01 3.95590612e+00 2.10270102e-02 2.66234545e-01
9.95560178e-04 -5.07512270e-04 -8.85302015e-04 2.39740872e-03 1.59669506e-03 3.03861038e-03 -2.66281811e-03 1.99241901e-03 2.90614784e-03 8.48542028e-01 4.02834746e+00 -1.36093266e-02 2.45544521e-01
1.75060703e-03 -2.85616648e-03 -1.84935329e-03 3.36078752e-03 1.26310375e-03 3.54039454e-03 -3.25695298e-03 -1.55892659e-04 3.32405056e-03 8.35055860e-01 3.85258184e+00 1.48394710e-02 2.69887965e-01
1.72565301e-03 -2.76020472e-03 -1.36482040e-03 2.92987262e-03 8.18337123e-04 3.80055268e-03 -3.08919667e-03 4.40108317e-04 3.27364080e-03 8.47158421e-01 3.81699935e+00 2.28997621e-02 2.74009785e-01
8.55022503e-04 -1.47574854e-03 -1.46361204e-03 2.61745863e-03 1.35681030e-03 2.47386131e-03 -2.93169884e-03 1.62275266e-03 3.01514735e-03 8.38004205e-01 4.08157217e+00 -2.01958121e-02 2.40546501e-01
7.39801673e-04 -1.56965414e-03 -1.79360269e-03 3.01422643e-03 1.53072940e-03 3.69184138e-03 -3.34560316e-03 2.18429812e-03 3.66427084e-03 8.77229033e-01 4.19992589e+00 -1.04370290e-02 2.50521795e-01
1.37140140e-03 -2.38737805e-03 -1.40710459e-03 2.56916061e-03 7.24359635e-04 2.52338503e-03 -2.69944254e-03 9.65242403e-05 2.76668525e-03 8.02026016e-01 3.64376757e+00 1.12753309e-02 2.66130599e-01
2.04960473e-03 -3.20777827e-03 -1.73822030e-03 3.49190916e-03 1.06618514e-03 3.94831114e-03 -3.55975646e-03 1.71730109e-05 3.67403368e-03 8.46438156e-01 4.06913900e+00 2.75531194e-02 2.71936008e-01
6.79157718e-04 -8.89369818e-04 -1.15832242e-03 2.29896418e-03 1.28231020e-03 2.52700161e-03 -2.54535598e-03 1.72063535e-03 2.70370595e-03 8.38739674e-01 3.82786750e+00 -2.37305629e-02 2.42950076e-01
9.35306885e-04 -1.92744800e-03 -1.50302951e-03 2.52316752e-03 1.27152344e-03 2.80570559e-03 -2.69705011e-03 1.17099410e-03 2.86264766e-03 8.37886899e-01 3.74560091e+00 -1.82852807e-02 2.54484503e-01
1.24571726e-03 -2.62661097e-03 -1.64395629e-03 3.05390307e-03 7.70560513e-04 3.46967356e-03 -3.38376009e-03 1.18468032e-03 3.61116829e-03 8.47203471e-01 4.14211627e+00 2.04762486e-02 2.62486178e-01
7.48083302e-04 -1.91628999e-03 -1.78628643e-03 2.85062359e-03 1.28335376e-03 3.27245241e-03 -3.13017153e-03 1.71473031e-03 3.38003755e-03 8.66508701e-01 4.03193329e+00 -6.36242223e-03 2.52994824e-01
1.27881131e-03 -2.46432578e-03 -1.47937927e-03 2.70837276e-03 7.78563263e-04 2.88281586e-03 -2.92131371e-03 6.20671725e-04 3.06325942e-03 8.15699471e-01 3.82736300e+00 6.68900927e-03 2.63765719e-01
8.60734532e-04 -5.85117871e-04 -9.90965494e-04 2.28398869e-03 1.47981972e-03 2.60364434e-03 -2.57400769e-03 1.83579129e-03 2.75192869e-03 8.46707392e-01 3.92787655e+00 -2.27187028e-02 2.40218522e-01
1.99938457e-03 -3.05123013e-03 -1.78994196e-03 3.52804001e-03 1.10768714e-03 3.91081253e-03 -3.45148113e-03 -2.70361848e-04 3.52214753e-03 8.36723260e-01 3.96132891e+00 2.62620057e-02 2.73868104e-01
5.72178576e-04 -1.68030819e-03 -1.67425858e-03 2.76866156e-03 9.12711764e-04 3.19068350e-03 -3.13836138e-03 1.89173805e-03 3.41261225e-03 8.57385968e-01 4.07179909e+00 2.52577150e-03 2.53118855e-01
1.35070629e-03 -2.49567944e-03 -1.60656648e-03 2.83389659e-03 1.21393136e-03 3.09046489e-03 -2.91800460e-03 5.75728214e-04 3.05535760e-03 8.26996377e-01 3.81021765e+00 -2.46926533e-03 2.63404573e-01
6.33038030e-04 -1.77853622e-03 -1.58702042e-03 2.61299583e-03 9.45175637e-04 3.22108954e-03 -2.87841782e-03 1.61648408e-03 3.15533794e-03 8.51478040e-01 3.83944899e+00 -3.94246278e-03 2.58305076e-01
1.43170136e-03 -2.54687624e-03 -1.61138438e-03 2.98711759e-03 1.25418724e-03 3.04435738e-03 -3.14606203e-03 7.76679892e-04 3.26236736e-03 8.32494565e-01 4.03542718e+00 4.07328298e-03 2.58590253e-01
1.11511607e-03 -2.40956967e-03 -1.50611097e-03 2.76230924e-03 7.01628008e-04 3.73129611e-03 -3.06163561e-03 1.20517124e-03 3.35390930e-03 8.49002938e-01 3.97463305e+00 2.77291713e-02 2.70398724e-01
1.07701217e-03 -2.10502985e-03 -1.63418226e-03 2.75732004e-03 1.33913312e-03 2.58482302e-03 -3.00059555e-03 1.15758662e-03 3.08575025e-03 8.36620044e-01 3.91630228e+00 -2.38745293e-02 2.45665580e-01
1.22342902e-03 -2.28450302e-03 -1.61507149e-03 2.62767934e-03 1.20562413e-03 2.23904025e-03 -2.84533643e-03 5.99869196e-04 2.87731153e-03 8.34294297e-01 3.70701630e+00 -2.10282721e-02 2.46895806e-01
6.63168117e-04 -2.07477134e-03 -1.78591896e-03 2.87342388e-03 7.52702696e-04 4.23985508e-03 -3.27868981e-03 1.93773652e-03 3.71099635e-03 8.51553013e-01 4.19430406e+00 2.39479491e-02 2.69678390e-01
1.00652563e-03 -2.17169611e-03 -1.49878203e-03 2.75295494e-03 9.08017408e-04 3.18058584e-03 -2.98536383e-03 1.24834467e-03 3.19899515e-03 8.52960427e-01 3.77748168e+00 -4.96103288e-03 2.58139593e-01
1.07082202e-03 -2.25169269e-03 -1.67149181e-03 2.84460606e-03 1.28038883e-03 3.08056185e-03 -3.02726009e-03 1.17513167e-03 3.20181837e-03 8.30833717e-01 4.10422593e+00 5.15173542e-03 2.58914224e-01
9.11007101e-04 -2.09994997e-03 -1.51218357e-03 2.66444066e-03 8.76131541e-04 3.29117914e-03 -2.92051516e-03 1.32933162e-03 3.17437526e-03 8.08101226e-01 3.95208306e+00 -4.14240325e-03 2.63716646e-01
1.21197263e-03 -2.30153329e-03 -1.60021248e-03 2.86844670e-03 1.28613953e-03 2.96564401e-03 -3.05827515e-03 1.06831086e-03 3.19384351e-03 8.75857322e-01 3.89770237e+00 4.25391649e-03 2.53096699e-01
1.80740510e-03 -2.92461808e-03 -1.91645752e-03 3.49438930e-03 1.36318301e-03 3.64024266e-03 -3.36244358e-03 -1.59998005e-04 3.42615717e-03 8.63050480e-01 3.92267649e+00 3.06388618e-02 2.69297178e-01
1.01026876e-03 -4.58028244e-04 -8.26118086e-04 2.34672525e-03 1.60226945e-03 3.04978518e-03 -2.59620735e-03 1.96799207e-03 2.84746290e-03 8.25120058e-01 3.98568663e+00 -2.60728870e-02 2.46316474e-01
7.79729038e-04 -1.92260555e-03 -1.53736615e-03 2.54426005e-03 1.01245026e-03 2.98771027e-03 -2.75501441e-03 1.30669088e-03 2.97639960e-03 8.35236368e-01 3.66485667e+00 -2.35075568e-02 2.56519351e-01
1.26259121e-03 -2.67767506e-03 -1.80342363e-03 3.12103080e-03 1.06233991e-03 3.26505922e-03 -3.38226748e-03 1.05119315e-03 3.56180576e-03 8.50640934e-01 4.26100616e+00 2.72243222e-02 2.60730075e-01
1.24678229e-03 -2.27834910e-03 -1.68011266e-03 2.79320087e-03 1.45366364e-03 2.56885062e-03 -3.05581456e-03 1.00435319e-03 3.11913735e-03 8.55677198e-01 3.93952962e+00 -1.53314374e-02 2.45569432e-01
9.79200544e-04 -2.23416075e-03 -1.43822588e-03 2.64454866e-03 5.63159385e-04 3.68674918e-03 -2.97380451e-03 1.31254403e-03 3.28323404e-03 8.26595760e-01 3.91991769e+00 1.69356948e-02 2.70748090e-01
1.44128466e-03 -2.59895927e-03 -1.80583058e-03 3.23012362e-03 1.58059100e-03 3.20504304e-03 -3.41703610e-03 1.09032650e-03 3.53026906e-03 8.82454479e-01 4.15333225e+00 8.28118639e-03 2.51652576e-01
7.19748925e-04 -1.85033396e-03 -1.37805119e-03 2.35845890e-03 6.46669068e-04 3.05190592e-03 -2.63792151e-03 1.29259438e-03 2.90020872e-03 8.02321512e-01 3.71852867e+00 -7.92739769e-03 2.65098938e-01
1.22664149e-03 -2.31401717e-03 -1.46145898e-03 2.66861154e-03 1.11047145e-03 3.19063681e-03 -2.77493775e-03 7.86600451e-04 2.95754774e-03 8.29392850e-01 3.70952349e+00 -5.93171181e-03 2.65062841e-01
7.04090306e-04 -2.03648369e-03 -1.81575534e-03 2.91252002e-03 9.49082287e-04 3.01331654e-03 -3.28996162e-03 1.70793446e-03 3.50890483e-03 8.55396570e-01 4.18501425e+00 6.15365789e-03 2.51300249e-01
8.60980374e-04 -2.29271870e-03 -1.60038223e-03 2.81405096e-03 4.18435437e-04 3.96814990e-03 -3.25428271e-03 1.61905378e-03 3.62213601e-03 8.28456038e-01 4.09433590e+00 1.96158861e-02 2.69975314e-01
1.24847334e-03 -2.11165761e-03 -1.52435164e-03 2.62255309e-03 1.51953256e-03 2.46327666e-03 -2.77293579e-03 8.22278985e-04 2.81938079e-03 8.53880560e-01 3.75377897e+00 -1.75213823e-02 2.46958121e-01
1.55458570e-03 -2.09928017e-04 -4.76065402e-04 2.37243388e-03 2.21958100e-03 3.41392923e-03 -2.55736924e-03 1.99508477e-03 2.83889062e-03 8.82784321e-01 4.03035171e+00 -7.96524698e-03 2.45688401e-01
1.58143444e-03 -2.62456364e-03 -1.87405118e-03 3.31438074e-03 1.14906414e-03 3.22082661e-03 -3.12775215e-03 -3.56226183e-04 3.15044645e-03 7.96257059e-01 3.79760514e+00 8.50643232e-03 2.69752355e-01
1.39285760e-03 -2.33245849e-03 -1.35723519e-03 2.64385542e-03 1.00932403e-03 2.87354645e-03 -2.71168119e-03 3.93031896e-04 2.81853288e-03 8.14288255e-01 3.68012062e+00 2.58356174e-03 2.65604989e-01
6.00630049e-04 -1.69214270e-03 -1.83487132e-03 2.96803993e-03 1.19350230e-03 3.39584876e-03 -3.33040452e-03 2.06620573e-03 3.61490137e-03 8.68559025e-01 4.19369840e+00 -2.49068913e-03 2.50660480e-01
1.73456477e-03 -2.69509591e-03 -1.43300753e-03 2.85537492e-03 5.56272079e-04 2.93763573e-03 -2.98385326e-03 -2.72555487e-04 3.02999548e-03 8.08792797e-01 3.59899629e+00 8.82598174e-03 2.71065141e-01
1.14149139e-03 -9.41601677e-04 -1.20914853e-03 2.69422164e-03 1.95489864e-03 3.14973839e-03 -2.96426057e-03 1.99903332e-03 3.14699739e-03 8.72110445e-01 4.25882107e+00 -8.28879214e-03 2.44118508e-01
1.59336603e-03 -2.72650610e-03 -1.80970529e-03 3.11103902e-03 1.43798634e-03 3.01226114e-03 -3.14954242e-03 2.36893790e-04 3.21103284e-03 8.51684650e-01 3.87127100e+00 6.26785688e-03 2.59684786e-01
5.11896849e-04 -1.04270357e-03 -1.35754015e-03 2.55483667e-03 1.04201581e-03 3.47411512e-03 -2.85230748e-03 2.10371733e-03 3.20612661e-03 8.33057463e-01 3.99957251e+00 -6.03451571e-03 2.57501692e-01
1.08011262e-03 -2.33841449e-03 -1.62114469e-03 2.78839618e-03 1.00663542e-03 2.99672578e-03 -3.02260097e-03 1.06303571e-03 3.20141526e-03 8.26350212e-01 3.89596509e+00 -9.25030725e-03 2.57808361e-01
9.06466709e-04 -2.08050281e-03 -1.61043509e-03 2.79039351e-03 1.11124976e-03 3.24666485e-03 -3.00359129e-03 1.41011665e-03 3.23365958e-03 8.58909596e-01 3.98020800e+00 9.76953910e-03 2.58956843e-01
1.47122221e-03 -2.63500168e-03 -1.60240794e-03 2.94399486e-03 1.13332590e-03 3.20013407e-03 -3.05720079e-03 5.37268254e-04 3.19485804e-03 8.22775819e-01 3.94044377e+00 7.42440647e-03 2.65130645e-01
5.75461957e-04 -1.63176285e-03 -1.63637674e-03 2.65740409e-03 1.00358905e-03 3.02948863e-03 -2.98469397e-03 1.77950519e-03 3.23825356e-03 8.60080926e-01 3.92966733e+00 -7.05299718e-03 2.51263518e-01
1.42186219e-03 -2.50613088e-03 -1.64613053e-03 2.94497795e-03 1.44156572e-03 3.23852299e-03 -2.94487353e-03 5.50726077e-04 3.07233673e-03 8.10951170e-01 3.93132247e+00 -3.46878653e-03 2.64858123e-01
5.06474490e-04 -1.49793215e-03 -1.55586024e-03 2.71175272e-03 8.20574711e-04 3.16425099e-03 -3.05932960e-03 1.94849976e-03 3.33662091e-03 8.72991798e-01 3.94141987e+00 3.55512785e-03 2.51453577e-01
7.82194445e-04 -1.11791280e-03 -1.38159993e-03 2.58594215e-03 1.44207866e-03 2.99068614e-03 -2.90345960e-03 1.92892557e-03 3.12340371e-03 8.38604862e-01 4.12437269e+00 -1.67162517e-02 2.47427525e-01
1.70092990e-03 -2.77569260e-03 -1.57749351e-03 3.05234188e-03 9.16338569e-04 3.24096080e-03 -3.12595366e-03 4.66269397e-05 3.21267913e-03 8.46328275e-01 3.75759969e+00 1.85353830e-02 2.68415022e-01
1.40809547e-03 -2.49035216e-03 -1.50293015e-03 2.89388558e-03 1.09833373e-03 3.07987331e-03 -3.03436098e-03 7.15053929e-04 3.16671400e-03 8.38161458e-01 3.88648539e+00 5.66547326e-03 2.61009313e-01
7.46106208e-04 -1.74346352e-03 -1.57172353e-03 2.72364915e-03 1.17246100e-03 3.23853985e-03 -2.96288942e-03 1.68591185e-03 3.21135838e-03 8.46041930e-01 3.98909229e+00 -5.45326314e-03 2.55730098e-01
1.27942844e-03 -2.34118326e-03 -1.58341809e-03 2.85921464e-03 1.31792597e-03 2.91435839e-03 -3.01085094e-03 9.13331589e-04 3.12671296e-03 8.30456229e-01 3.88650549e+00 -1.54439816e-02 2.54321590e-01
7.85580304e-04 -1.97977896e-03 -1.56425455e-03 2.73782008e-03 8.90175382e-04 3.44405967e-03 -3.00495616e-03 1.57408638e-03 3.29160392e-03 8.55328698e-01 3.99494795e+00 1.69508314e-02 2.62576710e-01
1.72478439e-03 -2.86941316e-03 -1.68838800e-03 3.18207492e-03 1.07621933e-03 3.52972736e-03 -3.20997394e-03 9.41464494e-05 3.32179352e-03 8.35898351e-01 3.80129121e+00 6.81576893e-03 2.69549257e-01
6.66978964e-04 -9.55441556e-04 -1.29425938e-03 2.52080956e-03 1.30918515e-03 2.82563003e-03 -2.80388103e-03 1.93464997e-03 3.00457982e-03 8.48141267e-01 4.07781598e+00 -6.52015379e-03 2.46120591e-01
1.44264658e-03 -2.61764442e-03 -1.44633587e-03 2.90772018e-03 8.77634089e-04 4.08724538e-03 -3.12868106e-03 9.92847033e-04 3.40777866e-03 8.32633575e-01 4.07295390e+00 2.82186793e-02 2.74341912e-01
9.10408319e-04 -1.92030447e-03 -1.58817129e-03 2.60914017e-03 1.14649729e-03 2.31722525e-03 -2.91969627e-03 1.23610038e-03 2.99208910e-03 8.49913618e-01 3.81799883e+00 -2.41533594e-02 2.40529284e-01
8.78676326e-04 -2.00894661e-03 -1.58706674e-03 2.67166648e-03 1.16919270e-03 3.25698527e-03 -2.87765011e-03 1.38928987e-03 3.12187984e-03 8.34389922e-01 4.00702703e+00 5.00970860e-03 2.62067204e-01
1.20344211e-03 -2.49702628e-03 -1.64129405e-03 2.89166436e-03 9.34908318e-04 2.92845250e-03 -3.16476948e-03 9.68915997e-04 3.31715102e-03 8.49638449e-01 3.86632143e+00 -4.83262779e-03 2.54751506e-01
1.33913734e-03 -3.07724632e-04 -6.37038460e-04 2.47484216e-03 2.00543020e-03 3.39496729e-03 -2.67031323e-03 2.07851472e-03 2.93855323e-03 8.71685351e-01 4.12537738e+00 -2.00782507e-03 2.47064412e-01
1.65176151e-03 -2.65643194e-03 -1.77783212e-03 3.23424371e-03 1.21179074e-03 3.26429021e-03 -3.09529836e-03 -2.35684684e-04 3.13528987e-03 8.10976959e-01 3.73567731e+00 2.08806584e-03 2.68633955e-01
1.98602898e-03 -2.89866701e-03 -1.72413547e-03 3.48795154e-03 9.70225633e-04 4.05866082e-03 -3.32825823e-03 -4.87440592e-04 3.37933182e-03 8.31097224e-01 3.80666661e+00 2.59799887e-02 2.78274943e-01
1.35302224e-03 -3.12903054e-04 -6.18302590e-04 2.26297128e-03 1.87049112e-03 2.50437025e-03 -2.56535257e-03 1.79181881e-03 2.66781035e-03 8.51278163e-01 4.08929845e+00 -2.24791471e-02 2.33722261e-01
1.06065824e-03 -2.06249124e-03 -1.38459379e-03 2.52352646e-03 9.63750996e-04 2.56940045e-03 -2.73382501e-03 9.35687435e-04 2.85574521e-03 8.14968382e-01 3.80249366e+00 -6.33026212e-03 2.55897760e-01
1.06497077e-03 -2.36288309e-03 -1.76077513e-03 3.06429853e-03 1.24463737e-03 3.78893352e-03 -3.29550512e-03 1.52068146e-03 3.57648838e-03 8.69800806e-01 4.07701147e+00 6.56682843e-03 2.60973141e-01
8.30486748e-04 -1.59034857e-03 -1.64712271e-03 2.87173849e-03 1.36834141e-03 2.67824574e-03 -3.23796208e-03 1.83124876e-03 3.34099812e-03 8.52932748e-01 4.28341616e+00 -9.56061324e-03 2.40427330e-01
1.50734243e-03 -2.49308595e-03 -1.29559840e-03 2.64533894e-03 7.93664102e-04 3.44026867e-03 -2.77223162e-03 4.01358259e-04 2.94549717e-03 8.30421176e-01 3.61434682e+00 1.01852765e-02 2.74013722e-01
5.98023547e-04 -9.51009528e-04 -1.34122631e-03 2.48494715e-03 1.23494197e-03 2.85623729e-03 -2.79750207e-03 1.94891834e-03 3.02793228e-03 8.30459780e-01 3.99810541e+00 -2.24584498e-02 2.46181664e-01
1.78183733e-03 -2.92725508e-03 -1.73306777e-03 3.25343444e-03 1.14647253e-03 3.53365288e-03 -3.27537693e-03 5.70411940e-05 3.37570544e-03 8.56178303e-01 3.90213807e+00 2.57946168e-02 2.69362834e-01
1.11728251e-03 -2.17274957e-03 -1.29243146e-03 2.43660039e-03 7.63338218e-04 3.18117577e-03 -2.60671384e-03 8.02957483e-04 2.81914700e-03 7.91330360e-01 3.69405271e+00 -2.24264020e-03 2.71071186e-01
1.04173922e-03 -2.28597729e-03 -1.87325318e-03 3.06467049e-03 1.28938087e-03 2.90801516e-03 -3.44682979e-03 1.52540043e-03 3.58253200e-03 8.90598381e-01 4.16350308e+00 2.31030126e-03 2.44336910e-01
1.02399638e-03 -2.08453445e-03 -1.35483707e-03 2.52417375e-03 9.09560475e-04 3.35091700e-03 -2.69601818e-03 1.09731738e-03 2.94346643e-03 8.28995852e-01 3.76716512e+00 7.99403326e-03 2.68630077e-01
1.17834049e-03 -2.28615709e-03 -1.69226755e-03 3.02375714e-03 1.30045387e-03 2.89051862e-03 -3.30021439e-03 1.31221581e-03 3.41130087e-03 8.54401787e-01 4.10351785e+00 -7.58653246e-03 2.47353040e-01
7.49779776e-04 -1.78244816e-03 -1.76663770e-03 3.00871300e-03 1.36496285e-03 3.60245140e-03 -3.28407273e-03 1.99009130e-03 3.57219330e-03 8.81722974e-01 4.12127669e+00 -1.49660400e-03 2.52651119e-01
1.33329278e-03 -2.32371617e-03 -1.36839451e-03 2.60911857e-03 8.98214676e-04 2.70480637e-03 -2.72958974e-03 4.22951200e-04 2.82871535e-03 7.99891832e-01 3.73483256e+00 1.57929623e-03 2.64097570e-01
1.21454187e-03 -2.36567103e-03 -1.46992630e-03 2.78878839e-03 1.00564518e-03 3.70573082e-03 -2.96332391e-03 1.09504193e-03 3.22366565e-03 8.51854370e-01 3.90236946e+00 1.83453319e-02 2.69350001e-01
8.65681371e-04 -2.10000633e-03 -1.73146588e-03 2.74115031e-03 1.04130550e-03 2.53559434e-03 -3.08468165e-03 1.30448835e-03 3.20532585e-03 8.33688976e-01 3.98657895e+00 -1.65807237e-02 2.46425441e-01
8.70938488e-04 -2.01821791e-03 -1.89138163e-03 2.93060183e-03 1.30872153e-03 2.62029578e-03 -3.35446612e-03 1.62331588e-03 3.45664496e-03 8.95917123e-01 4.16154813e+00 -4.46176142e-04 2.39278388e-01
1.41895825e-03 -2.36583786e-03 -1.17546016e-03 2.47458563e-03 6.47569378e-04 3.36293125e-03 -2.67025434e-03 5.40002527e-04 2.86353786e-03 7.83989685e-01 3.67769127e+00 5.31051320e-04 2.74903218e-01
1.18382052e-03 -7.07626987e-04 -1.12191018e-03 2.58413706e-03 1.80962101e-03 2.48316576e-03 -3.01879365e-03 1.95486267e-03 3.07789904e-03 8.78359332e-01 4.35295688e+00 -9.64526946e-03 2.31353345e-01
1.92516545e-03 -2.63601361e-03 -1.31209501e-03 2.88941775e-03 6.02265082e-04 3.52705791e-03 -2.90886015e-03 -4.63403176e-04 2.95489035e-03 8.00957923e-01 3.53524654e+00 1.03766280e-02 2.79779530e-01
1.20526787e-03 -2.48225121e-03 -1.62286882e-03 2.89170867e-03 1.04469819e-03 3.38620125e-03 -3.08439408e-03 1.01526414e-03 3.29832688e-03 8.70390614e-01 3.89132270e+00 1.58728714e-02 2.63052636e-01
8.27705495e-04 -1.91856487e-03 -1.57544809e-03 2.69597931e-03 1.08212140e-03 2.87271620e-03 -2.94148682e-03 1.42097308e-03 3.12107478e-03 8.16268520e-01 3.98646701e+00 -1.45859081e-02 2.53579716e-01
9.78480805e-04 -7.74248233e-04 -1.18357662e-03 2.73356360e-03 1.67427472e-03 3.35905805e-03 -3.05104357e-03 2.21560849e-03 3.31850720e-03 8.69469209e-01 4.23105240e+00 -6.16326031e-03 2.45428454e-01
1.50686448e-03 -2.53950109e-03 -1.61636330e-03 2.90728459e-03 9.98017718e-04 3.04687163e-03 -2.87361178e-03 -9.06324798e-05 2.94182292e-03 8.12399469e-01 3.64664873e+00 6.48083895e-03 2.69874716e-01
9.74275601e-04 -2.36071113e-03 -1.61267311e-03 2.81660840e-03 6.91908165e-04 3.33805090e-03 -3.13260198e-03 1.27239515e-03 3.38632578e-03 8.43142905e-01 3.96983589e+00 1.31016104e-02 2.63133700e-01
1.01010372e-03 -2.12770413e-03 -1.65068838e-03 2.73785202e-03 1.32610263e-03 2.89513790e-03 -2.92532361e-03 1.17910380e-03 3.08031602e-03 8.41346682e-01 3.90682172e+00 -1.21487558e-02 2.53717036e-01
1.02296106e-03 -2.05803426e-03 -1.68600743e-03 2.65093256e-03 1.33165779e-03 2.33489117e-03 -2.98384565e-03 1.17782153e-03 3.04476372e-03 8.29194444e-01 3.96367370e+00 -2.91490475e-02 2.42082114e-01
1.29200668e-03 -2.59336516e-03 -1.45911855e-03 2.79048742e-03 5.62966418e-04 3.90652597e-03 -3.12910571e-03 1.05120850e-03 3.42277299e-03 8.58642733e-01 3.94183425e+00 3.50285561e-02 2.73302591e-01
5.11054913e-04 -1.25981773e-03 -1.38639372e-03 2.39873772e-03 9.39387355e-04 3.04825410e-03 -2.69622445e-03 1.79055397e-03 2.98133834e-03 8.35985955e-01 3.77154850e+00 -1.67820374e-02 2.54715771e-01
1.70784843e-03 -2.94285609e-03 -1.85717555e-03 3.30555014e-03 1.40452765e-03 3.29954498e-03 -3.40212885e-03 3.81706620e-04 3.49446289e-03 8.49287824e-01 4.12857396e+00 1.86032924e-02 2.62058094e-01
6.20282184e-04 -1.25954685e-03 -1.51537969e-03 2.64219429e-03 1.26379983e-03 3.19623500e-03 -2.95582339e-03 1.99025354e-03 3.23641223e-03 8.83713897e-01 3.99920895e+00 8.14319334e-04 2.50028780e-01
1.62384255e-03 -2.63925044e-03 -1.54120101e-03 2.95683467e-03 1.06322665e-03 3.04751187e-03 -3.01451375e-03 1.54948466e-04 3.09238832e-03 7.98467745e-01 3.84067607e+00 -7.63570932e-04 2.66166831e-01
1.43239887e-03 -2.38787628e-03 -1.47992621e-03 2.72239737e-03 1.13883562e-03 2.66004110e-03 -2.79147140e-03 2.86042943e-04 2.85284421e-03 8.20360161e-01 3.61974551e+00 -1.24346179e-02 2.59100745e-01
5.63770728e-04 -1.47252316e-03 -1.72116640e-03 2.91868661e-03 1.19262937e-03 3.79150002e-03 -3.26052876e-03 2.22993906e-03 3.63017499e-03 8.65658338e-01 4.28303556e+00 1.33652794e-02 2.57922128e-01
1.04492046e-03 -2.25292222e-03 -1.54491967e-03 2.68740187e-03 9.91956055e-04 3.10256527e-03 -2.88422806e-03 1.04933832e-03 3.08710899e-03 8.34515322e-01 3.75785104e+00 -9.86715124e-03 2.60555300e-01
8.93164406e-04 -2.23358907e-03 -1.77320366e-03 2.89447773e-03 1.05880670e-03 3.09460674e-03 -3.18548388e-03 1.41353878e-03 3.39260098e-03 8.50439837e-01 4.13416673e+00 1.04773290e-02 2.56301414e-01
8.34545963e-04 -2.14370838e-03 -1.70517617e-03 2.77153876e-03 9.54315016e-04 2.93330551e-03 -3.07797302e-03 1.38125455e-03 3.27833323e-03 8.75259851e-01 3.91565308e+00 6.99636218e-03 2.53054464e-01
1.15428574e-03 -2.26776146e-03 -1.51056864e-03 2.78651094e-03 1.14315585e-03 3.28645304e-03 -2.92674436e-03 1.06440153e-03 3.12755503e-03 8.09445190e-01 3.94475779e+00 -6.73433576e-03 2.63469010e-01
2.05056229e-03 -3.25766823e-03 -1.67599873e-03 3.41136282e-03 8.00956780e-04 3.76603754e-03 -3.59514552e-03 2.63194139e-05 3.70745395e-03 8.40871561e-01 4.10853097e+00 3.31848065e-02 2.71494333e-01
7.15232782e-04 -1.13996456e-03 -1.29055067e-03 2.29113493e-03 1.29489061e-03 2.50905547e-03 -2.57418086e-03 1.59989976e-03 2.73167225e-03 8.43268068e-01 3.78225431e+00 -2.77646442e-02 2.43788611e-01
7.87313114e-04 -1.63550948e-03 -1.64697708e-03 2.56034677e-03 1.30720290e-03 2.33070868e-03 -2.94714007e-03 1.52505302e-03 3.03258262e-03 8.44775768e-01 4.04490817e+00 -2.21328769e-02 2.39746953e-01
1.78401896e-03 -2.85488036e-03 -1.32907654e-03 2.88821036e-03 5.98581168e-04 3.76032150e-03 -3.14639341e-03 3.90212227e-04 3.33337773e-03 8.39098570e-01 3.84170394e+00 2.54699462e-02 2.74755377e-01
7.14995657e-04 -9.00263896e-04 -1.29504511e-03 2.55781504e-03 1.42228627e-03 3.40627079e-03 -2.84358064e-03 2.09556562e-03 3.17059737e-03 8.54517895e-01 3.98796091e+00 -1.47755654e-02 2.51753299e-01
1.57280568e-03 -2.77569239e-03 -1.83033166e-03 3.12555441e-03 1.10179399e-03 2.95785117e-03 -3.16717261e-03 -2.78932205e-05 3.22048307e-03 8.28029705e-01 3.88516708e+00 1.62594168e-02 2.64811173e-01
1.53305660e-03 -2.67387031e-03 -1.37815695e-03 2.78528916e-03 5.77867379e-04 3.22982762e-03 -3.03279787e-03 4.45212075e-04 3.19038961e-03 8.35532129e-01 3.78093602e+00 2.04875151e-02 2.69394502e-01
8.22648051e-04 -1.68933754e-03 -1.67581202e-03 2.73941563e-03 1.47693268e-03 2.86361553e-03 -3.02496526e-03 1.66472585e-03 3.18437035e-03 8.47883579e-01 4.08988619e+00 -1.82467959e-02 2.46566885e-01
1.30679969e-03 -2.63919059e-03 -1.66749632e-03 3.05614387e-03 1.01688733e-03 3.64738386e-03 -3.26231398e-03 1.03752752e-03 3.49148949e-03 8.54722195e-01 4.06517973e+00 2.06329717e-02 2.65773189e-01
8.56395359e-04 -1.80620585e-03 -1.46941968e-03 2.56715684e-03 1.12860761e-03 2.70788759e-03 -2.79917933e-03 1.34718687e-03 2.95334080e-03 8.31301267e-01 3.83333555e+00 -1.84392768e-02 2.50589304e-01
1.10304788e-03 -2.19758175e-03 -1.74113204e-03 2.77880567e-03 1.40692631e-03 2.54230316e-03 -3.08249883e-03 1.16946890e-03 3.16298217e-03 8.53425305e-01 4.01830601e+00 -1.36017657e-02 2.44984881e-01
1.11749593e-03 -2.37492658e-03 -1.41732465e-03 2.63779596e-03 5.50062789e-04 3.59984955e-03 -2.96602904e-03 1.10578632e-03 3.24717555e-03 8.29436506e-01 3.84907911e+00 1.48528305e-02 2.70991084e-01
8.02219810e-04 -1.96548814e-03 -1.52449683e-03 2.68234333e-03 8.72463779e-04 3.29346332e-03 -2.94916080e-03 1.49798934e-03 3.21317926e-03 8.67773382e-01 3.81502628e+00 5.46907486e-03 2.59310222e-01
1.31191232e-03 -2.36178076e-03 -1.58598574e-03 2.88991998e-03 1.36797958e-03 2.99165635e-03 -3.03095969e-03 9.26555487e-04 3.15210264e-03 8.16822470e-01 4.05313874e+00 -5.29781191e-03 2.57640391e-01
8.31321800e-04 -2.06443876e-03 -1.55911392e-03 2.75807136e-03 8.37795261e-04 3.54211450e-03 -3.02903189e-03 1.53153501e-03 3.32414223e-03 8.49064293e-01 4.00123455e+00 1.73815992e-02 2.64575791e-01
1.15879522e-03 -2.35653151e-03 -1.69417327e-03 2.80829932e-03 1.24962694e-03 2.76198697e-03 -3.02172669e-03 9.46285434e-04 3.14158880e-03 8.36132084e-01 3.88092026e+00 -1.57799999e-02 2.52269307e-01
1.33683177e-03 -2.27395050e-03 -1.34057391e-03 2.52622176e-03 9.33699865e-04 2.59130711e-03 -2.63560687e-03 3.40791803e-04 2.72052178e-03 8.12421514e-01 3.54586793e+00 -9.43783647e-03 2.61871593e-01
6.33549346e-04 -1.73789088e-03 -1.90055580e-03 3.09735095e-03 1.30157919e-03 3.74098368e-03 -3.45132955e-03 2.19715230e-03 3.78285038e-03 8.73048788e-01 4.35922811e+00 9.95320699e-03 2.54779724e-01
6.51895491e-04 -1.92640165e-03 -1.58622357e-03 2.59926094e-03 7.24613599e-04 3.08809730e-03 -2.91451565e-03 1.50381238e-03 3.17859758e-03 8.15647961e-01 3.97455735e+00 1.58951929e-03 2.60940069e-01
1.36761933e-03 -2.49763388e-03 -1.65782160e-03 2.97577973e-03 1.39229370e-03 3.17743440e-03 -3.11296120e-03 8.93972313e-04 3.25472917e-03 8.67521719e-01 3.88133069e+00 -1.52918463e-03 2.56373917e-01
6.73681343e-04 -1.71091441e-03 -1.43593043e-03 2.31327566e-03 9.12084606e-04 2.48537816e-03 -2.55229228e-03 1.22189655e-03 2.72227273e-03 8.25418560e-01 3.56862979e+00 -2.82083490e-02 2.51411828e-01
1.54237451e-03 -2.91433252e-03 -1.80204896e-03 3.44516066e-03 1.24619849e-03 4.00311675e-03 -3.63720422e-03 1.12882955e-03 3.86540025e-03 8.63096844e-01 4.38669920e+00 3.36403845e-02 2.65233232e-01
6.82969934e-04 -1.30892540e-03 -1.43632760e-03 2.57920716e-03 1.32463595e-03 3.05806646e-03 -2.81658549e-03 1.81987487e-03 3.05131902e-03 8.57603952e-01 3.96997039e+00 -6.95561168e-03 2.51179270e-01
1.63324197e-03 -2.82487721e-03 -1.61626681e-03 3.03997804e-03 9.29349147e-04 3.16139841e-03 -3.20050838e-03 2.92319963e-04 3.31086168e-03 8.25542786e-01 3.88930896e+00 7.31150506e-03 2.65187669e-01
6.40867470e-04 -1.41287851e-03 -1.56344179e-03 2.63754032e-03 1.17960984e-03 2.84899769e-03 -2.98684318e-03 1.84740741e-03 3.19388209e-03 8.39758983e-01 4.15360174e+00 -5.92332146e-03 2.48611873e-01
1.64634138e-03 -2.69320061e-03 -1.50334788e-03 2.97121513e-03 1.05291631e-03 3.37569647e-03 -3.04792164e-03 3.13501182e-04 3.17471258e-03 8.44763550e-01 3.73257645e+00 6.15786059e-03 2.67577299e-01
1.80803176e-03 -2.75624573e-03 -1.34632145e-03 2.85997041e-03 5.85599280e-04 3.35380970e-03 -3.01350698e-03 -6.70133767e-05 3.11126067e-03 8.16944915e-01 3.63499904e+00 9.06139642e-03 2.74213449e-01
9.43609854e-04 -1.25235635e-03 -1.44875943e-03 2.61816682e-03 1.57721482e-03 2.61729366e-03 -3.01227817e-03 1.80598646e-03 3.12290413e-03 8.65009144e-01 4.24040533e+00 -8.52232892e-03 2.40153147e-01
1.53570422e-03 -2.79263872e-03 -1.67614166e-03 3.06721952e-03 1.02333158e-03 3.15000899e-03 -3.24413028e-03 5.05923330e-04 3.36800066e-03 8.46532270e-01 3.99896348e+00 1.97007102e-02 2.63043111e-01
6.53482612e-04 -1.55190372e-03 -1.53340249e-03 2.56299767e-03 1.14352846e-03 3.07744774e-03 -2.84029590e-03 1.70687798e-03 3.09294526e-03 8.38447836e-01 3.88926771e+00 -1.76605858e-02 2.53614858e-01
6.54620565e-04 -1.81563122e-03 -1.45124695e-03 2.43115871e-03 6.64807639e-04 3.27426076e-03 -2.74016514e-03 1.47676001e-03 3.04209819e-03 8.05031130e-01 3.81898341e+00 -5.29366657e-03 2.65936296e-01
1.35121600e-03 -2.65167380e-03 -1.88577281e-03 3.10441175e-03 1.40798170e-03 2.91299403e-03 -3.33230825e-03 8.85467203e-04 3.42842549e-03 8.79074891e-01 4.03843751e+00 5.46029877e-03 2.50879843e-01
1.13977449e-03 -2.22252867e-03 -1.48432197e-03 2.64091731e-03 1.17841513e-03 3.11759876e-03 -2.75423211e-03 9.07341712e-04 2.93908108e-03 8.38115934e-01 3.73510243e+00 -4.21698208e-03 2.62843431e-01
7.57299495e-04 -2.13706335e-03 -1.78934657e-03 2.94665478e-03 8.81009480e-04 3.11880966e-03 -3.29651202e-03 1.62525419e-03 3.52151435e-03 8.46398461e-01 4.14749344e+00 4.34568538e-03 2.53792128e-01
1.52497672e-03 -2.52821154e-03 -1.68410848e-03 3.00419636e-03 1.05539378e-03 2.86400157e-03 -2.94853554e-03 -1.78793141e-04 2.97682292e-03 8.12528838e-01 3.72200586e+00 1.23622315e-02 2.66824294e-01
1.14096732e-03 -6.55228691e-04 -1.01815521e-03 2.65115917e-03 1.88531000e-03 3.65567766e-03 -2.91151947e-03 2.19829709e-03 3.23725916e-03 8.68209057e-01 4.13908185e+00 -1.14163525e-02 2.49395903e-01
8.14970235e-04 -1.95277189e-03 -1.86046451e-03 3.06695092e-03 1.28977186e-03 3.03055756e-03 -3.43103687e-03 1.83654679e-03 3.60116613e-03 8.59307618e-01 4.40893038e+00 8.17988223e-03 2.47970401e-01
1.26940052e-03 -2.26200694e-03 -1.29844912e-03 2.52735012e-03 8.80306108e-04 3.11878265e-03 -2.63775180e-03 6.02810775e-04 2.80873651e-03 8.25774841e-01 3.51491273e+00 -7.81066869e-03 2.68133121e-01
1.02932466e-03 -2.03884741e-03 -1.62001682e-03 2.79712278e-03 1.45333143e-03 3.01648268e-03 -2.96729106e-03 1.32562625e-03 3.12609605e-03 8.40918201e-01 3.84664766e+00 -3.02390460e-02 2.49956645e-01
1.24153306e-03 -2.53654885e-03 -1.49440392e-03 2.82213206e-03 6.46611890e-04 3.32101758e-03 -3.11227514e-03 9.47347536e-04 3.32866060e-03 8.43912690e-01 4.04635062e+00 3.67458690e-02 2.67243930e-01
2.38037631e-03 2.46063850e-04 3.22090852e-04 2.05141185e-03 2.79857701e-03 3.17332526e-03 -2.17186321e-03 1.65853876e-03 2.37770203e-03 8.66636054e-01 4.00114663e+00 -1.80661554e-02 2.40313368e-01
1.70271448e-03 -2.51206364e-03 -1.91997953e-03 3.77881687e-03 1.47272223e-03 3.94794020e-03 -3.25928743e-03 -4.64482847e-04 3.27000678e-03 8.12725522e-01 3.84513575e+00 2.03843967e-02 2.73725897e-01
1.50000862e-03 -2.75996668e-03 -1.79236728e-03 3.21860503e-03 1.46501402e-03 3.65817803e-03 -3.28277289e-03 7.85050387e-04 3.45960555e-03 8.52287868e-01 3.95028475e+00 -5.07406844e-03 2.62288561e-01
4.46158772e-04 -1.61893628e-03 -1.55776159e-03 2.44606636e-03 6.66057967e-04 2.68284142e-03 -2.78944151e-03 1.58354570e-03 3.02054054e-03 8.31553176e-01 3.91408911e+00 5.27019980e-03 2.54930056e-01
7.32477982e-04 -1.95934163e-03 -1.61130758e-03 2.64851873e-03 8.60428363e-04 2.88208159e-03 -2.96389250e-03 1.45487111e-03 3.17760997e-03 8.72788589e-01 3.77178500e+00 -4.08249333e-03 2.51571506e-01
1.32562983e-03 -2.50444237e-03 -1.61575909e-03 2.90867233e-03 1.24496240e-03 3.31609101e-03 -3.04037284e-03 8.63428964e-04 3.21833880e-03 8.09186907e-01 4.08400239e+00 4.25912048e-03 2.65077956e-01
1.25438292e-03 -2.32665435e-03 -1.34926924e-03 2.56810919e-03 7.75715511e-04 2.86454004e-03 -2.75954372e-03 6.35666968e-04 2.90863434e-03 8.06216089e-01 3.81177520e+00 1.14927993e-02 2.66125069e-01
9.47894341e-04 -2.10938020e-03 -1.78500494e-03 2.98678557e-03 1.37095160e-03 3.33605830e-03 -3.26411621e-03 1.64203919e-03 3.48718068e-03 8.73694616e-01 4.03166771e+00 -1.06413373e-02 2.50810063e-01
1.09048961e-03 -2.22841667e-03 -1.83373947e-03 3.09433874e-03 1.52473847e-03 3.26233733e-03 -3.37459862e-03 1.57917157e-03 3.55173015e-03 8.69277432e-01 4.16360872e+00 -9.13514684e-03 2.49003193e-01
1.10527845e-03 -2.20829907e-03 -1.29930540e-03 2.43736074e-03 6.16948794e-04 2.89837756e-03 -2.66101707e-03 7.51134142e-04 2.84384921e-03 8.11859955e-01 3.68653632e+00 9.76307217e-03 2.67519146e-01
9.30356243e-04 -1.78871693e-03 -1.78839235e-03 2.94720371e-03 1.60540785e-03 3.08407532e-03 -3.30533448e-03 1.84402845e-03 3.47971391e-03 8.81464475e-01 4.27754535e+00 -2.28813039e-03 2.45431560e-01
1.51045719e-03 -2.40865251e-03 -1.16993979e-03 2.53572361e-03 5.86819194e-04 2.94897699e-03 -2.71673252e-03 2.85550529e-04 2.83722649e-03 7.99908229e-01 3.58522050e+00 2.39717675e-03 2.70189248e-01
8.16005727e-04 -2.10539690e-03 -1.88279547e-03 3.05287240e-03 1.21149293e-03 3.28473577e-03 -3.39782472e-03 1.78269637e-03 3.63184808e-03 8.75390542e-01 4.08027477e+00 -1.04961004e-02 2.48400496e-01
1.22545531e-03 -2.26805188e-03 -1.35836942e-03 2.52799130e-03 8.71907858e-04 2.89316923e-03 -2.65693039e-03 5.71143418e-04 2.80574128e-03 8.04228544e-01 3.76434917e+00 1.13338144e-02 2.68046885e-01
7.38458646e-04 -9.63643580e-04 -1.46312789e-03 2.86508181e-03 1.46975432e-03 3.34401517e-03 -3.23062475e-03 2.31399131e-03 3.51061674e-03 8.77177189e-01 4.30961794e+00 1.98071111e-03 2.45586848e-01
1.52085920e-03 -2.43014590e-03 -1.46634059e-03 2.78478376e-03 1.05731167e-03 3.03529869e-03 -2.74483748e-03 3.07292009e-06 2.82064690e-03 8.06048432e-01 3.58439555e+00 -1.92971226e-03 2.69700283e-01
4.64467857e-04 -1.52585010e-03 -1.43807137e-03 2.30085025e-03 7.14926567e-04 3.03007549e-03 -2.58719803e-03 1.55866743e-03 2.88267500e-03 8.12467229e-01 3.75412259e+00 -5.96812121e-03 2.63030018e-01
1.67004839e-03 -2.90832262e-03 -1.87214467e-03 3.34040779e-03 1.50303587e-03 3.21434222e-03 -3.52185459e-03 7.00881927e-04 3.61108051e-03 8.72156713e-01 4.11247008e+00 6.17776208e-03 2.54012542e-01
1.49238617e-03 -2.84478406e-03 -1.67713627e-03 3.29710012e-03 9.79391933e-04 3.95606419e-03 -3.55049036e-03 1.13212319e-03 3.79488438e-03 8.54824054e-01 4.34298480e+00 3.78942263e-02 2.67150966e-01
7.97622129e-04 -1.82632928e-03 -1.48937421e-03 2.40732758e-03 1.08793633e-03 2.52250409e-03 -2.62540459e-03 1.16373744e-03 2.77344700e-03 8.32463155e-01 3.60328828e+00 -3.10790465e-02 2.49699154e-01
1.58199369e-03 -2.66470673e-03 -1.59525125e-03 3.01944484e-03 1.26343386e-03 3.37079197e-03 -3.06252553e-03 4.32943228e-04 3.19182831e-03 8.33670209e-01 3.92773865e+00 1.26167197e-02 2.66945870e-01
4.95031751e-04 -1.46019272e-03 -1.60706990e-03 2.62604374e-03 9.46754263e-04 2.94474679e-03 -2.98417506e-03 1.87913346e-03 3.23683572e-03 8.49864694e-01 3.95539602e+00 -1.17024255e-02 2.49092930e-01
7.88220751e-04 -2.22385182e-03 -1.82150221e-03 2.98302848e-03 9.33926717e-04 3.72172978e-03 -3.31857147e-03 1.72780037e-03 3.64411287e-03 8.71656919e-01 4.04219923e+00 6.89921002e-03 2.60164929e-01
1.13986924e-03 -2.16175009e-03 -1.48229282e-03 2.59648312e-03 1.15461599e-03 2.58948768e-03 -2.74764670e-03 7.89164164e-04 2.84991213e-03 8.13138028e-01 3.83692368e+00 -6.64145834e-03 2.56811599e-01
1.66525323e-03 -2.87025713e-03 -1.91379118e-03 3.30073120e-03 1.56817970e-03 2.90242967e-03 -3.55683898e-03 7.34293225e-04 3.59641116e-03 8.74201454e-01 4.21491937e+00 8.79984956e-03 2.49249091e-01
5.37891004e-04 -1.60425134e-03 -1.38748167e-03 2.25827495e-03 6.52927109e-04 3.25235877e-03 -2.56077573e-03 1.51518632e-03 2.88725687e-03 8.10983796e-01 3.67118354e+00 -8.39456045e-03 2.67297837e-01
1.16658238e-03 -2.23396747e-03 -1.64064539e-03 2.72086615e-03 1.38698411e-03 2.64137745e-03 -2.89035507e-03 8.88608056e-04 2.98204615e-03 8.31189042e-01 3.83089456e+00 -2.14584162e-02 2.50866719e-01
7.42783960e-04 -2.21822531e-03 -1.70180634e-03 2.82741063e-03 5.67135351e-04 3.71007620e-03 -3.21955006e-03 1.63351353e-03 3.56038809e-03 8.55200955e-01 4.06276320e+00 2.44873529e-02 2.66087841e-01
8.14879459e-04 -2.11175273e-03 -1.80872071e-03 2.93306744e-03 1.20791550e-03 3.51666288e-03 -3.20034373e-03 1.66696664e-03 3.48157177e-03 8.70834272e-01 4.04209726e+00 1.75146954e-03 2.57300519e-01
1.15911668e-03 -2.31106202e-03 -1.47905368e-03 2.63363699e-03 8.85221721e-04 2.70375389e-03 -2.84722332e-03 7.68895945e-04 2.98025808e-03 8.12809441e-01 3.82632261e+00 -1.70696336e-03 2.59623849e-01
1.94482988e-03 -3.25172708e-03 -2.11592186e-03 3.78635816e-03 1.53613621e-03 3.99195461e-03 -3.69360129e-03 -1.50899661e-05 3.78640006e-03 8.65237143e-01 4.13303622e+00 2.67441028e-02 2.68201758e-01
6.38250780e-04 -5.90076512e-04 -9.84504362e-04 2.17085039e-03 1.18678926e-03 2.70792056e-03 -2.42605279e-03 1.82193232e-03 2.66869783e-03 8.22752204e-01 3.78175704e+00 -2.32156427e-02 2.47693798e-01
1.70830092e-03 -2.68252738e-03 -1.79474333e-03 3.36259776e-03 1.13544247e-03 3.61591604e-03 -3.14592771e-03 -3.74776956e-04 3.19050699e-03 8.14996246e-01 3.79587592e+00 2.05014103e-02 2.74388193e-01
1.50518823e-03 -1.04199863e-04 -4.35865362e-04 2.42456962e-03 2.16872840e-03 3.13555972e-03 -2.58770957e-03 2.01389794e-03 2.78392503e-03 8.64791062e-01 4.07475655e+00 -1.81690325e-02 2.39341769e-01
6.35535740e-04 -1.54167901e-03 -1.57188733e-03 2.70557935e-03 1.12895335e-03 3.61509096e-03 -2.99792930e-03 1.94841394e-03 3.33955202e-03 8.74023844e-01 4.04121781e+00 1.34762540e-02 2.59838279e-01
1.49838734e-03 -2.52921847e-03 -1.56626077e-03 2.88055229e-03 1.18996614e-03 2.73009675e-03 -3.00916939e-03 4.21536174e-04 3.07041997e-03 8.12251569e-01 3.83133951e+00 -1.25482405e-02 2.57056243e-01
8.26288061e-04 -1.42212188e-03 -1.68726118e-03 2.92073575e-03 1.60692696e-03 3.21048679e-03 -3.28229687e-03 2.08660756e-03 3.50393214e-03 8.69915918e-01 4.40151794e+00 2.15016481e-03 2.47109697e-01
1.56534713e-03 -2.45779354e-03 -1.28748949e-03 2.64374480e-03 7.25456825e-04 2.88408637e-03 -2.75066483e-03 6.87312817e-05 2.83369987e-03 8.13891291e-01 3.50008095e+00 -2.10078935e-03 2.68696644e-01
1.26729372e-03 -2.24868638e-03 -1.64530624e-03 2.76453844e-03 1.56162422e-03 2.68823569e-03 -2.95127889e-03 9.44971612e-04 3.02884799e-03 8.29878318e-01 3.89094520e+00 -2.83277393e-02 2.48639213e-01
9.00863078e-04 -2.25745537e-03 -1.52063281e-03 2.75147862e-03 4.54497401e-04 3.69377517e-03 -3.14120838e-03 1.46954611e-03 3.46196331e-03 8.57678210e-01 4.00341558e+00 3.38531623e-02 2.68336257e-01
4.25630274e-04 -1.13080831e-03 -1.49386948e-03 2.62658137e-03 9.40796220e-04 3.37996868e-03 -2.97696497e-03 2.14371503e-03 3.32172368e-03 8.50455080e-01 4.03168822e+00 1.82436758e-04 2.54896450e-01
1.55570840e-03 -2.63600973e-03 -1.73225220e-03 3.04043622e-03 1.44761848e-03 3.09086741e-03 -3.04183332e-03 2.77716868e-04 3.12066543e-03 8.33864580e-01 3.84554486e+00 -1.55970871e-04 2.62017641e-01
1.35464500e-03 -2.28897634e-03 -1.26182062e-03 2.55021256e-03 7.93286158e-04 2.74719805e-03 -2.68378565e-03 4.31008290e-04 2.79242594e-03 8.06406456e-01 3.71765848e+00 1.19346671e-02 2.66165097e-01
7.88394636e-04 -1.96126174e-03 -1.88553486e-03 3.03628101e-03 1.40134967e-03 3.47495306e-03 -3.34520611e-03 1.89434196e-03 3.60992558e-03 8.73432732e-01 4.12615092e+00 -1.10259721e-02 2.50619366e-01
1.58459325e-03 -2.67084306e-03 -1.77177801e-03 3.13791499e-03 1.55476589e-03 3.36368673e-03 -3.06646737e-03 2.70889550e-04 3.16370436e-03 8.43027537e-01 3.84536601e+00 3.31361324e-03 2.64665736e-01
4.63721409e-04 -9.25526980e-04 -1.32879409e-03 2.60028070e-03 9.80734017e-04 3.25049992e-03 -2.90868547e-03 2.16712008e-03 3.22095528e-03 8.41399554e-01 4.03462690e+00 -3.22649150e-03 2.52047155e-01
7.25202102e-04 -2.16871103e-03 -1.90770299e-03 3.04036241e-03 9.55140633e-04 3.23751678e-03 -3.42202503e-03 1.75649220e-03 3.66812350e-03 8.66247399e-01 4.06686911e+00 -8.04832912e-03 2.49981373e-01
1.18019784e-03 -2.17855759e-03 -1.38636436e-03 2.56535558e-03 1.10237626e-03 2.97840953e-03 -2.64087261e-03 7.24076528e-04 2.79757032e-03 8.15624927e-01 3.79221028e+00 8.53818876e-03 2.66416989e-01
1.55803833e-03 -2.62477257e-03 -1.80578252e-03 3.11530704e-03 1.71873818e-03 3.12413506e-03 -3.10511083e-03 4.48611421e-04 3.17806863e-03 8.51006751e-01 3.90506464e+00 -3.23233555e-03 2.57742750e-01
3.84042787e-04 -1.23004164e-03 -1.42748696e-03 2.53735121e-03 6.66838816e-04 3.43578647e-03 -2.90109352e-03 2.06289375e-03 3.26420187e-03 8.33058059e-01 3.95864129e+00 3.32894833e-03 2.59878615e-01
1.06887678e-03 -7.96470497e-04 -1.19664802e-03 2.70078219e-03 1.80054851e-03 3.00749282e-03 -3.04459991e-03 2.10395014e-03 3.22684024e-03 8.63072553e-01 4.31535141e+00 -1.13718803e-02 2.40463981e-01
1.70287636e-03 -2.56785383e-03 -1.43294776e-03 2.89268234e-03 8.02508143e-04 3.20835667e-03 -2.88213254e-03 -2.39530202e-04 2.93920927e-03 8.18591547e-01 3.56984361e+00 1.22876869e-02 2.73739192e-01
1.14965278e-03 -9.03761957e-04 -1.22068191e-03 2.68434522e-03 1.92265770e-03 3.09899885e-03 -3.01282203e-03 2.03019286e-03 3.20159246e-03 8.62939801e-01 4.34986901e+00 -7.46402076e-03 2.43929004e-01
1.72321584e-03 -2.64133296e-03 -1.44217024e-03 2.86692460e-03 6.40419007e-04 2.98281764e-03 -2.94512024e-03 -2.98100473e-04 2.98679531e-03 8.19519368e-01 3.53247852e+00 7.88221394e-03 2.71267485e-01
1.54866036e-03 -2.64077331e-03 -1.42105367e-03 2.82994388e-03 8.40784193e-04 3.44095390e-03 -2.97292300e-03 4.35888817e-04 3.13937788e-03 8.47964847e-01 3.74167933e+00 1.89725416e-02 2.70967427e-01
7.21244858e-04 -1.62452497e-03 -1.66986235e-03 2.70703489e-03 1.23756725e-03 2.68133581e-03 -3.07969355e-03 1.73827855e-03 3.23471296e-03 8.37172981e-01 4.14659279e+00 -1.70774926e-02 2.44376848e-01
8.94702038e-04 -1.01204664e-03 -1.28103354e-03 2.51111731e-03 1.59255211e-03 2.57553791e-03 -2.81609189e-03 1.79668710e-03 2.92435281e-03 8.67833046e-01 4.16356804e+00 -3.86581310e-03 2.40800506e-01
1.95001642e-03 -2.87833366e-03 -1.40306290e-03 3.04296312e-03 6.81762775e-04 3.51449794e-03 -3.16360392e-03 -1.41254547e-04 3.24986402e-03 8.14794294e-01 3.69386030e+00 4.01937579e-03 2.73747997e-01
1.26546971e-03 -2.26611557e-03 -1.59822652e-03 2.83144796e-03 1.49232443e-03 2.89441954e-03 -2.95473245e-03 9.50531993e-04 3.06311630e-03 8.63825259e-01 3.91573528e+00 1.34494772e-03 2.53691431e-01
7.72691875e-04 -2.03073485e-03 -1.53014443e-03 2.70938268e-03 6.66445189e-04 3.43112067e-03 -3.02433806e-03 1.54174256e-03 3.31743426e-03 8.20150087e-01 3.93723299e+00 -1.30832103e-03 2.63284173e-01
1.32877542e-03 -2.43966989e-03 -1.36263883e-03 2.69386209e-03 8.14005621e-04 3.73476311e-03 -2.88671850e-03 8.67772285e-04 3.13676627e-03 8.27339720e-01 3.82911178e+00 1.49932740e-02 2.73651460e-01
8.73248292e-04 -2.04191273e-03 -1.77782533e-03 2.76022434e-03 1.14985792e-03 2.41192228e-03 -3.15887138e-03 1.40215425e-03 3.24956913e-03 8.55221046e-01 4.05025043e+00 -1.37130344e-02 2.41106630e-01
1.45411407e-03 -2.75601054e-03 -1.97819015e-03 3.28745584e-03 1.50766376e-03 2.87840181e-03 -3.57537353e-03 9.75740087e-04 3.63438055e-03 8.89515349e-01 4.12826238e+00 7.37707020e-05 2.44890372e-01
7.13229022e-04 -1.81002064e-03 -1.31071910e-03 2.23525775e-03 5.84307686e-04 3.23332558e-03 -2.51840012e-03 1.26430506e-03 2.81448187e-03 7.91645047e-01 3.70782984e+00 -1.07792393e-05 2.71295190e-01
6.98805027e-04 -1.57372319e-03 -1.79131253e-03 3.04484423e-03 1.31857699e-03 3.37564730e-03 -3.44998568e-03 2.19395590e-03 3.71538273e-03 8.73083738e-01 4.39242167e+00 6.41965803e-03 2.48432752e-01
1.40190172e-03 -2.30666675e-03 -1.31754125e-03 2.56068365e-03 9.51216822e-04 2.86921542e-03 -2.61331114e-03 2.61816051e-04 2.71778457e-03 8.11560262e-01 3.51669144e+00 -6.19519316e-03 2.67449796e-01
5.97676221e-04 -1.29562146e-03 -1.53170295e-03 2.55589742e-03 1.16362784e-03 2.62877055e-03 -2.91683336e-03 1.82045227e-03 3.09276993e-03 8.39000643e-01 4.05199912e+00 -1.76816172e-02 2.43737854e-01
1.77400832e-03 -2.81320900e-03 -1.50505761e-03 3.07530387e-03 1.02291176e-03 3.63424937e-03 -3.14476075e-03 2.39884455e-04 3.27968288e-03 8.45905429e-01 3.84145329e+00 1.97297672e-02 2.71365968e-01
9.84775168e-04 -2.20093322e-03 -1.82914394e-03 3.00285747e-03 1.46781495e-03 3.39605971e-03 -3.23482213e-03 1.55728640e-03 3.46082503e-03 8.56247959e-01 4.05689168e+00 -1.56055375e-02 2.53246917e-01
1.18794473e-03 -2.26570081e-03 -1.32159217e-03 2.55428958e-03 6.88017975e-04 2.82733107e-03 -2.79065405e-03 7.74657813e-04 2.94680061e-03 8.25880068e-01 3.79673546e+00 1.72717520e-02 2.63887686e-01
1.21966517e-03 -7.29809926e-04 -1.14139934e-03 2.73955804e-03 1.86757830e-03 2.50812319e-03 -3.15851788e-03 2.04066972e-03 3.16944605e-03 8.74526569e-01 4.48537901e+00 -7.90763324e-03 2.29917172e-01
1.84694132e-03 -2.55681265e-03 -1.24012755e-03 2.72735216e-03 5.72282552e-04 3.48721570e-03 -2.77347657e-03 -3.73054206e-04 2.83797466e-03 8.06090744e-01 3.44113211e+00 8.41025155e-03 2.80858279e-01
1.58464460e-03 -2.66436733e-03 -1.70493092e-03 3.04283239e-03 1.36385841e-03 2.92889201e-03 -3.12024719e-03 3.34819645e-04 3.18239256e-03 8.31352478e-01 3.85710422e+00 -7.08614517e-03 2.57991810e-01
4.56845592e-04 -1.33009367e-03 -1.54915635e-03 2.57820799e-03 9.46471561e-04 3.43454892e-03 -2.91720712e-03 2.00876280e-03 3.27209166e-03 8.53520886e-01 4.01381170e+00 7.39937066e-03 2.59149180e-01
1.18490916e-03 -1.92426635e-03 -1.75418097e-03 2.99335293e-03 1.65283440e-03 2.57784506e-03 -3.44616808e-03 1.65578086e-03 3.46637214e-03 8.83976353e-01 4.34429212e+00 -8.24520083e-03 2.35155818e-01
1.51068227e-03 -2.36933134e-03 -1.04687729e-03 2.32653253e-03 4.11002570e-04 3.28533629e-03 -2.58031702e-03 3.32895029e-04 2.75314420e-03 7.94700939e-01 3.52051362e+00 8.82373532e-03 2.77905097e-01
5.82597795e-04 -1.70127003e-03 -1.77054749e-03 2.87319370e-03 1.01416869e-03 3.04797419e-03 -3.27089642e-03 1.95445483e-03 3.51085604e-03 8.81537659e-01 4.17575109e+00 1.05579701e-02 2.48125801e-01
1.37368321e-03 -2.40741863e-03 -1.45254216e-03 2.73388614e-03 1.11440422e-03 3.19802066e-03 -2.78302141e-03 5.14487874e-04 2.93213305e-03 8.03956770e-01 3.71585937e+00 -9.99156311e-03 2.67604244e-01
4.82514814e-04 -1.20094220e-03 -1.32724523e-03 2.25989862e-03 9.09292979e-04 2.84360787e-03 -2.54209433e-03 1.67693043e-03 2.80777629e-03 8.25752333e-01 3.69051356e+00 -2.05121811e-02 2.54623645e-01
1.85086280e-03 -3.09808987e-03 -1.90443519e-03 3.52388962e-03 1.48023724e-03 3.55249596e-03 -3.60790674e-03 4.14784002e-04 3.70512919e-03 8.61290812e-01 4.22388471e+00 2.32302296e-02 2.62085836e-01
1.46537267e-03 -1.21824155e-04 -3.47448997e-04 2.10241932e-03 2.08294871e-03 2.92097062e-03 -2.23885688e-03 1.73133859e-03 2.44298366e-03 8.40960738e-01 3.88985056e+00 -2.39991243e-02 2.44300395e-01
1.90023411e-03 -3.09556742e-03 -2.12368891e-03 3.84902584e-03 1.16264326e-03 3.80269164e-03 -3.66832350e-03 -4.87124984e-04 3.69465561e-03 8.43760515e-01 3.98707637e+00 2.79331532e-02 2.70877692e-01
1.30246226e-03 -2.28030267e-03 -1.65294266e-03 2.80128659e-03 1.30833097e-03 2.92108463e-03 -2.64506938e-03 1.06204051e-05 2.71030391e-03 8.01707847e-01 3.53190828e+00 -1.10896742e-02 2.67046793e-01
1.09284590e-03 -4.67772589e-04 -1.00205657e-03 2.89896302e-03 1.74494883e-03 3.93533084e-03 -3.21709962e-03 2.55530441e-03 3.58838343e-03 8.84109084e-01 4.38600819e+00 1.17873948e-02 2.49064088e-01
1.24118717e-03 -2.20719979e-03 -1.59990318e-03 2.75673232e-03 1.56645012e-03 2.79425514e-03 -2.85664877e-03 8.89507520e-04 2.94983889e-03 8.56725240e-01 3.85105477e+00 -6.96506316e-03 2.52788482e-01
6.71854542e-04 -2.15269426e-03 -1.65711026e-03 2.74049111e-03 4.12659449e-04 3.50724925e-03 -3.16965579e-03 1.62457504e-03 3.50109011e-03 8.26511838e-01 3.99617325e+00 7.31926928e-03 2.64447726e-01
5.01974022e-04 -1.78891895e-03 -1.72617370e-03 2.80067469e-03 7.06770332e-04 3.43572956e-03 -3.20525487e-03 1.94852500e-03 3.53775029e-03 8.40659938e-01 4.18586498e+00 1.39489074e-02 2.59461599e-01
1.32707991e-03 -2.42211857e-03 -1.62359448e-03 2.80216289e-03 1.35734173e-03 2.92983072e-03 -2.86929867e-03 5.88515918e-04 2.98156460e-03 8.43598822e-01 3.69604615e+00 -1.28708053e-02 2.58097346e-01
1.22506713e-03 -2.25033943e-03 -1.57043070e-03 2.68080277e-03 1.43549673e-03 2.85648834e-03 -2.77350152e-03 7.86931845e-04 2.89498632e-03 8.51182695e-01 3.66685351e+00 -1.82530768e-02 2.54988171e-01
7.05965692e-04 -2.19294871e-03 -1.71929816e-03 2.86954486e-03 5.11774670e-04 3.49183838e-03 -3.30053043e-03 1.69349425e-03 3.61522564e-03 8.31619040e-01 4.20217990e+00 2.05136528e-02 2.62916633e-01
1.54301048e-03 -3.53920842e-04 -7.06845709e-04 2.72841557e-03 2.24949680e-03 3.43074723e-03 -2.98329232e-03 2.21975807e-03 3.20073948e-03 8.87527435e-01 4.32141872e+00 -4.73336075e-03 2.40269788e-01
1.54262423e-03 -2.39866850e-03 -1.52618080e-03 2.89102757e-03 9.24109654e-04 3.09280580e-03 -2.76609802e-03 -3.18658034e-04 2.80676690e-03 7.91924520e-01 3.54946106e+00 4.99245135e-03 2.73627461e-01
1.44484541e-03 -2.48507943e-03 -1.34577586e-03 2.62526035e-03 6.18862002e-04 2.78214273e-03 -2.80869453e-03 2.31921128e-04 2.91033254e-03 8.17991185e-01 3.62736119e+00 1.01301984e-02 2.67156899e-01
8.89350539e-04 -1.61540342e-03 -1.68236628e-03 2.91621920e-03 1.61858037e-03 3.33459005e-03 -3.21834943e-03 1.94520320e-03 3.44496920e-03 8.63914006e-01 4.23606317e+00 -9.47829161e-03 2.49048754e-01
1.27623284e-03 -2.35674808e-03 -1.64202497e-03 2.80240171e-03 1.46718997e-03 2.94262439e-03 -2.91203423e-03 8.20074488e-04 3.03438593e-03 8.21989648e-01 3.90428917e+00 -1.47830532e-02 2.57380900e-01
6.52393322e-04 -1.93817849e-03 -1.60890979e-03 2.78717346e-03 6.52377918e-04 3.40995218e-03 -3.13782613e-03 1.73614754e-03 3.43773947e-03 8.64385777e-01 3.98055136e+00 1.61267473e-02 2.59609224e-01
1.48237520e-03 -2.53579721e-03 -1.63149789e-03 2.93463267e-03 1.32004201e-03 3.06843619e-03 -2.93846367e-03 3.25509750e-04 3.03134521e-03 8.10621701e-01 3.75168131e+00 -1.48318192e-02 2.62878414e-01
4.31907042e-04 -1.28963403e-03 -1.62532301e-03 2.73567230e-03 9.70181994e-04 3.35235666e-03 -3.10714535e-03 2.14924844e-03 3.43517145e-03 8.76333166e-01 4.13735204e+00 1.61456115e-02 2.53827330e-01
5.31143441e-04 -1.84710646e-03 -1.61136944e-03 2.56837142e-03 5.93164929e-04 2.91194324e-03 -2.92613379e-03 1.55881618e-03 3.17997136e-03 8.14650349e-01 3.83436163e+00 -1.60464893e-02 2.55947293e-01
1.39730997e-03 -2.49685347e-03 -1.67802457e-03 3.06196860e-03 1.57061543e-03 3.41845534e-03 -3.12255194e-03 9.43299406e-04 3.28188530e-03 8.72452787e-01 4.05131718e+00 1.76153919e-02 2.60818261e-01
6.18428469e-04 -1.76254352e-03 -1.39284168e-03 2.29606922e-03 6.31251936e-04 3.03056863e-03 -2.56751266e-03 1.32439268e-03 2.84110888e-03 8.21135861e-01 3.60788414e+00 -6.86106202e-03 2.64893960e-01
1.44381217e-03 -2.70228532e-03 -1.91333771e-03 3.31245862e-03 1.56178971e-03 3.15328773e-03 -3.53257378e-03 1.07358541e-03 3.63482822e-03 8.63820462e-01 4.28552026e+00 7.14320923e-03 2.51755740e-01
1.70580756e-03 -2.91162574e-03 -1.41863733e-03 2.98802284e-03 5.66655729e-04 3.76672807e-03 -3.30256088e-03 5.98734489e-04 3.51028047e-03 8.61992260e-01 3.92051459e+00 3.28018092e-02 2.71714460e-01
9.53508512e-04 -1.63079628e-03 -1.46758250e-03 2.53298609e-03 1.46994341e-03 2.47437643e-03 -2.79812135e-03 1.40012890e-03 2.88026319e-03 8.26237617e-01 3.98448136e+00 -2.76116878e-02 2.43868665e-01
9.20161395e-04 -6.53724169e-04 -1.09500910e-03 2.58089435e-03 1.65418812e-03 3.54495495e-03 -2.84647536e-03 2.18427254e-03 3.18346827e-03 8.68748651e-01 4.07959462e+00 -5.57894014e-03 2.50906364e-01
1.58130786e-03 -2.65308554e-03 -1.76838918e-03 3.08621745e-03 1.16842639e-03 2.95420319e-03 -3.05299916e-03 -1.27928232e-04 3.08971193e-03 8.13357767e-01 3.78357838e+00 5.84748708e-03 2.65480448e-01
1.91045214e-03 -3.02852303e-03 -1.36291783e-03 3.09191459e-03 5.17333563e-04 3.82574584e-03 -3.40330108e-03 4.26276565e-04 3.58086895e-03 8.27682254e-01 4.03628537e+00 2.79743143e-02 2.72892895e-01
7.74876955e-04 -1.57167479e-03 -1.52827521e-03 2.39348154e-03 1.33083031e-03 2.35082436e-03 -2.68979431e-03 1.38371233e-03 2.79544948e-03 8.53839992e-01 3.81215914e+00 -2.39466419e-02 2.42549091e-01
1.29650174e-03 -2.18798820e-03 -1.10214106e-03 2.33265005e-03 5.17319615e-04 2.66310364e-03 -2.53410348e-03 4.23347223e-04 2.65742417e-03 7.90249643e-01 3.54023858e+00 2.44340415e-03 2.68237207e-01
9.92830747e-04 -2.13520560e-03 -1.98906199e-03 3.19908043e-03 1.70213573e-03 3.45576459e-03 -3.51495519e-03 1.85755261e-03 3.73001671e-03 8.89829183e-01 4.30571553e+00 -2.31459185e-03 2.48156161e-01
1.20882009e-03 -2.37699679e-03 -1.91114221e-03 3.16499015e-03 1.66123241e-03 3.21113518e-03 -3.44992862e-03 1.48069269e-03 3.59722859e-03 8.87681417e-01 4.30668975e+00 9.64487121e-03 2.49611111e-01
9.83969238e-04 -2.11595872e-03 -1.28044336e-03 2.36154267e-03 4.98359483e-04 2.90722203e-03 -2.62721468e-03 8.79202784e-04 2.83474999e-03 7.97287833e-01 3.58151519e+00 -9.17550297e-03 2.66797651e-01
1.04936735e-03 -1.81687964e-03 -1.54686375e-03 2.65343073e-03 1.43448775e-03 2.30019398e-03 -2.96809877e-03 1.31816351e-03 2.99385956e-03 8.58831183e-01 3.97938235e+00 -1.99367824e-02 2.37483675e-01
1.54254395e-03 -2.68152422e-03 -1.30950582e-03 2.72094962e-03 5.21979690e-04 3.92507191e-03 -3.04300237e-03 7.32998318e-04 3.29872313e-03 8.22036696e-01 3.88478168e+00 2.27113014e-02 2.76622646e-01
1.04384542e-03 -2.19754643e-03 -1.51867065e-03 2.67074241e-03 1.02471231e-03 3.03438195e-03 -2.87556742e-03 1.08815837e-03 3.06868782e-03 8.30172751e-01 3.80789636e+00 -8.88991645e-03 2.59436468e-01
9.58619357e-04 -2.23892223e-03 -1.71243923e-03 2.91652883e-03 1.09541354e-03 3.21701334e-03 -3.16682746e-03 1.38983648e-03 3.37984575e-03 8.54909428e-01 4.07851762e+00 9.37685281e-03 2.57338188e-01
1.15796531e-03 -2.56919483e-03 -2.03843466e-03 3.29789594e-03 1.51233489e-03 3.38708164e-03 -3.57940618e-03 1.46826046e-03 3.76081685e-03 8.90321164e-01 4.16984238e+00 -2.56187157e-03 2.49322410e-01
9.93739303e-04 -1.96640584e-03 -1.18112414e-03 2.28816592e-03 6.39374099e-04 2.81262415e-03 -2.48876286e-03 8.62427142e-04 2.67634688e-03 7.89578215e-01 3.66054936e+00 2.70155107e-03 2.67605821e-01
1.61583521e-03 -2.78126516e-03 -1.57904578e-03 3.10854497e-03 1.19367815e-03 3.93195540e-03 -3.20792739e-03 7.10321951e-04 3.41993324e-03 8.47097441e-01 4.13317634e+00 3.42676062e-02 2.72021302e-01
6.99805010e-04 -1.72436147e-03 -1.55206029e-03 2.54420954e-03 9.40764326e-04 2.49168306e-03 -2.89778525e-03 1.49024644e-03 3.04525410e-03 8.38380337e-01 3.79379596e+00 -2.85567063e-02 2.43154949e-01
1.54541011e-03 -2.47683155e-03 -1.44491621e-03 2.81454219e-03 1.14277595e-03 3.31605946e-03 -2.77906337e-03 1.87129562e-04 2.89474821e-03 7.89241607e-01 3.78321080e+00 3.15858092e-03 2.72611103e-01
6.51857561e-04 -1.25947674e-03 -1.51880484e-03 2.81944406e-03 1.17586180e-03 3.03169313e-03 -3.18534799e-03 2.09822614e-03 3.39942891e-03 8.90432633e-01 4.07094823e+00 -2.99682445e-03 2.41812355e-01
7.73936198e-04 -1.85414677e-03 -1.89237592e-03 3.19876506e-03 1.41400033e-03 4.12155447e-03 -3.53964463e-03 2.24786979e-03 3.91320145e-03 8.88244166e-01 4.27014824e+00 2.98118351e-03 2.55697885e-01
1.20505418e-03 -2.17863465e-03 -1.36960382e-03 2.41387803e-03 8.54120954e-04 2.29491732e-03 -2.54176503e-03 2.91424671e-04 2.60513273e-03 7.94228286e-01 3.59616325e+00 -2.90346312e-03 2.61343835e-01
9.82581902e-04 -2.18884295e-03 -1.46501981e-03 2.56078136e-03 7.31798428e-04 2.72828973e-03 -2.81538786e-03 9.54297955e-04 2.98301920e-03 8.18766632e-01 3.70378111e+00 -1.11151306e-02 2.58188212e-01
1.06470035e-03 -2.24770124e-03 -1.75952865e-03 3.03611568e-03 1.44015401e-03 3.54611045e-03 -3.23750006e-03 1.51405024e-03 3.47260596e-03 8.67027297e-01 4.19161049e+00 1.18502829e-02 2.58571062e-01
6.97937752e-04 -1.12064840e-03 -1.41762970e-03 2.72736122e-03 1.31815069e-03 3.41113328e-03 -3.04185101e-03 2.13802506e-03 3.34346979e-03 8.83994782e-01 4.13135722e+00 9.99491558e-03 2.51390008e-01
1.51269695e-03 -2.55090331e-03 -1.59714245e-03 2.91739273e-03 1.15439793e-03 2.99279041e-03 -2.93033068e-03 1.69871668e-04 3.00845024e-03 8.01255440e-01 3.74064604e+00 -9.48874157e-03 2.64902985e-01
1.22910332e-03 -2.15598571e-03 -1.57689786e-03 2.58211677e-03 1.55714080e-03 2.50886445e-03 -2.71394731e-03 7.49595931e-04 2.77733900e-03 8.36599110e-01 3.69258970e+00 -2.95567031e-02 2.48948919e-01
7.24165896e-04 -2.39515361e-03 -1.76459419e-03 2.91192522e-03 1.73964416e-04 3.98166687e-03 -3.47021419e-03 1.77038612e-03 3.86582016e-03 8.49423852e-01 4.20490316e+00 3.56963816e-02 2.68680902e-01
1.46383787e-03 -2.56606678e-03 -1.56200216e-03 2.96731695e-03 1.16671148e-03 3.08847501e-03 -3.10995228e-03 6.83031956e-04 3.23095254e-03 8.26869380e-01 4.00285355e+00 6.80442523e-03 2.61170639e-01
6.06225105e-04 -1.75954220e-03 -1.64871662e-03 2.63353780e-03 1.00186090e-03 3.15275301e-03 -2.92113619e-03 1.66269738e-03 3.19111341e-03 8.56452761e-01 3.86739427e+00 -6.49217899e-03 2.55681785e-01
6.57529575e-04 -7.75025347e-04 -1.20296825e-03 2.49584136e-03 1.27877395e-03 2.78136565e-03 -2.78778647e-03 1.99736157e-03 2.98857575e-03 8.43561303e-01 3.95036486e+00 -2.46873539e-02 2.41038355e-01
1.77341564e-03 -2.90021828e-03 -1.76276292e-03 3.30887829e-03 1.21494809e-03 3.77939803e-03 -3.24527590e-03 5.65917691e-06 3.35745216e-03 8.40539888e-01 3.95980540e+00 2.88917678e-02 2.73242826e-01
5.41737157e-04 -8.84795789e-04 -1.24399126e-03 2.51066747e-03 1.03155391e-03 3.07494508e-03 -2.81801950e-03 2.06203665e-03 3.09614001e-03 8.34540279e-01 3.93823093e+00 -1.59666174e-02 2.49044917e-01
1.59190409e-03 -2.80641191e-03 -1.88651220e-03 3.26037773e-03 1.50505115e-03 3.51846205e-03 -3.19510221e-03 2.46404742e-04 3.30810324e-03 8.50858425e-01 3.95813363e+00 1.76011721e-02 2.67028546e-01
1.24874340e-03 -2.36585469e-03 -1.62120142e-03 2.82310004e-03 1.33390379e-03 3.00103968e-03 -2.97736077e-03 9.17599184e-04 3.11807057e-03 8.25529761e-01 3.91895962e+00 -1.24583491e-02 2.57378548e-01
7.55646585e-04 -1.98588511e-03 -1.58201808e-03 2.76053029e-03 8.19983057e-04 3.30787981e-03 -3.04920761e-03 1.58077427e-03 3.31875302e-03 8.60232217e-01 3.96102700e+00 1.34086261e-02 2.59497027e-01
7.80048659e-04 -1.88135895e-03 -1.70031945e-03 2.91095882e-03 1.17548417e-03 3.39443459e-03 -3.20925640e-03 1.81167969e-03 3.47120689e-03 8.58203427e-01 4.18576083e+00 7.42771834e-03 2.55587371e-01
1.24341133e-03 -2.37389003e-03 -1.49902872e-03 2.68774239e-03 9.99770850e-04 2.88384399e-03 -2.83567155e-03 6.59553406e-04 2.97472021e-03 8.26763519e-01 3.70477698e+00 -7.11798235e-03 2.61150559e-01
6.47924186e-04 -1.94299241e-03 -1.51326414e-03 2.54970575e-03 4.49595171e-04 3.63765944e-03 -2.94549329e-03 1.62050497e-03 3.30118027e-03 8.06258306e-01 3.95034300e+00 6.57309964e-03 2.69321138e-01
1.39758670e-03 -2.39138028e-03 -1.68622532e-03 2.89502193e-03 1.59542904e-03 2.68405149e-03 -3.04494239e-03 7.72759202e-04 3.09408212e-03 8.74817102e-01 3.87008710e+00 -6.23496296e-03 2.47767790e-01
7.43858331e-04 -1.95685571e-03 -1.42479542e-03 2.48479802e-03 5.66051286e-04 3.24574814e-03 -2.78969168e-03 1.36270576e-03 3.07266843e-03 8.12610410e-01 3.86892764e+00 1.04260916e-02 2.67010576e-01
1.38547371e-03 -2.53057134e-03 -1.77648716e-03 3.04552512e-03 1.54875338e-03 3.01423239e-03 -3.23889105e-03 9.71604537e-04 3.34461397e-03 8.68515246e-01 3.97169716e+00 -9.72596111e-03 2.50221100e-01
1.29440578e-03 -2.66423791e-03 -1.54252814e-03 2.90827519e-03 6.12618616e-04 3.96967586e-03 -3.25322209e-03 1.12626212e-03 3.55338362e-03 8.39274794e-01 4.04983020e+00 2.51212776e-02 2.72016892e-01
1.06827608e-03 -1.91385255e-03 -1.48885032e-03 2.55940666e-03 1.35427190e-03 2.38245090e-03 -2.80770688e-03 1.12061492e-03 2.86853385e-03 8.44635924e-01 3.83262500e+00 -2.18697088e-02 2.43740804e-01
4.20540323e-04 -1.12934787e-03 -1.46937083e-03 2.50912357e-03 9.18711000e-04 2.77724818e-03 -2.86744888e-03 1.94667851e-03 3.10734632e-03 8.19927898e-01 4.00123076e+00 -1.89362147e-02 2.47569278e-01
1.67191002e-03 -2.83461430e-03 -1.74612452e-03 3.21759643e-03 1.37771328e-03 3.65855303e-03 -3.19528994e-03 3.08003276e-04 3.33159427e-03 8.67481321e-01 3.89404231e+00 2.11966812e-02 2.68316842e-01
7.07862718e-04 -1.93119632e-03 -1.73399869e-03 2.78512026e-03 1.10759239e-03 3.25114899e-03 -3.06441496e-03 1.64978227e-03 3.32472646e-03 8.53916515e-01 4.14000304e+00 1.38638368e-02 2.58463507e-01
1.32523977e-03 -2.42772354e-03 -1.49913614e-03 2.83042663e-03 1.05010005e-03 3.00550133e-03 -2.98549160e-03 7.59519825e-04 3.12248091e-03 8.31504250e-01 3.74959983e+00 -1.28349859e-02 2.58544204e-01
1.23941511e-03 -2.69334388e-03 -1.86857295e-03 3.27401991e-03 1.19048778e-03 3.75059155e-03 -3.51185972e-03 1.31620346e-03 3.75481065e-03 8.81931440e-01 4.11290991e+00 1.21311262e-02 2.59499166e-01
8.03984646e-04 -1.85957360e-03 -1.41678583e-03 2.37500417e-03 9.20028107e-04 2.56863885e-03 -2.59350523e-03 1.11178964e-03 2.75923969e-03 8.04022282e-01 3.76825096e+00 -1.13887424e-02 2.57476553e-01
1.54883490e-03 -2.68510373e-03 -1.61897389e-03 2.98477906e-03 1.14077441e-03 3.25842764e-03 -3.04672070e-03 3.36551388e-04 3.16992860e-03 8.12358407e-01 3.89917258e+00 4.47303207e-03 2.67360159e-01
5.74399030e-04 -1.38767261e-03 -1.54687099e-03 2.62599394e-03 1.06827494e-03 2.99881555e-03 -2.97144459e-03 1.89756318e-03 3.22011464e-03 8.69912355e-01 3.96216966e+00 -4.28981662e-03 2.48577132e-01
1.87702623e-03 -2.93279751e-03 -1.40185631e-03 2.99824812e-03 6.62034251e-04 3.68432868e-03 -3.19865622e-03 1.58159460e-04 3.34562594e-03 8.39724805e-01 3.88170861e+00 3.20082665e-02 2.74674261e-01
8.61486569e-04 -1.36363080e-03 -1.43113659e-03 2.55105874e-03 1.41908851e-03 2.52084927e-03 -2.88299675e-03 1.65821605e-03 2.98381716e-03 8.44179713e-01 4.01058185e+00 -2.69283556e-02 2.39631850e-01
1.58466995e-03 -2.51392889e-03 -1.60064139e-03 3.00672466e-03 1.01735927e-03 3.38219346e-03 -2.86724192e-03 -2.44669403e-04 2.93306326e-03 8.09811891e-01 3.60716580e+00 9.60011749e-03 2.74849218e-01
1.36698939e-03 -3.26340025e-04 -7.22070423e-04 2.67080441e-03 2.03116809e-03 3.18807573e-03 -2.91911263e-03 2.18517771e-03 3.10314990e-03 8.71073333e-01 4.28214608e+00 -8.98414593e-03 2.38620873e-01
1.19269665e-03 -2.48093073e-03 -1.54730067e-03 2.79834572e-03 7.33342708e-04 2.98856528e-03 -3.06598855e-03 8.63393342e-04 3.23550695e-03 8.49635911e-01 3.93805550e+00 2.48107144e-02 2.62151799e-01
8.57026016e-04 -2.00035614e-03 -1.70898308e-03 2.79549058e-03 1.33244081e-03 3.22942178e-03 -3.00710382e-03 1.50572305e-03 3.23313297e-03 8.35964500e-01 3.94397570e+00 -2.16808956e-02 2.54822840e-01
1.66872190e-03 -2.70438369e-03 -1.57735572e-03 2.97757075e-03 9.30458435e-04 3.05417714e-03 -3.03646647e-03 -5.65696653e-05 3.10204375e-03 7.91436402e-01 3.84735446e+00 7.04084684e-03 2.69138420e-01
6.74067018e-04 -1.11061274e-03 -1.45259990e-03 2.61694319e-03 1.38408110e-03 3.13552528e-03 -2.92981153e-03 2.01172813e-03 3.19501752e-03 8.87249118e-01 3.97326658e+00 -6.62336112e-03 2.46660966e-01
9.53852502e-04 -2.09380775e-03 -1.61899011e-03 2.62049948e-03 1.06111086e-03 2.38644833e-03 -2.91061800e-03 1.07429551e-03 3.00332638e-03 8.41791720e-01 3.94091513e+00 -1.00528222e-03 2.48999748e-01
1.09748403e-03 -2.35800494e-03 -1.59212288e-03 2.90554605e-03 1.00986108e-03 3.90339580e-03 -3.12054873e-03 1.35628782e-03 3.42174298e-03 8.42608145e-01 3.93875975e+00 1.03719613e-03 2.67317622e-01
7.84868658e-04 -1.70126493e-03 -1.60153572e-03 2.65173615e-03 1.38726168e-03 2.98875078e-03 -2.87381870e-03 1.58270422e-03 3.07318389e-03 8.37672046e-01 4.04950490e+00 -9.00470291e-03 2.53601212e-01
1.44566936e-03 -2.68112475e-03 -1.51871285e-03 2.93462940e-03 7.36959192e-04 3.16734885e-03 -3.17506714e-03 6.40326674e-04 3.32796676e-03 8.47045975e-01 3.82469975e+00 9.52069318e-03 2.63094112e-01
1.04619409e-03 -2.12866294e-03 -1.65554072e-03 2.93128141e-03 1.22273309e-03 2.83319162e-03 -3.21987880e-03 1.40918150e-03 3.34253750e-03 8.50764814e-01 4.07463067e+00 -9.11958514e-03 2.46931485e-01
1.13612165e-03 -2.23135477e-03 -1.39988678e-03 2.61398454e-03 9.58746462e-04 3.41694429e-03 -2.77831280e-03 1.00306698e-03 3.01505080e-03 8.32860529e-01 3.80139212e+00 9.68376070e-03 2.68910280e-01
6.31690490e-04 -1.81244718e-03 -1.85109650e-03 2.93908230e-03 1.16010217e-03 3.23794206e-03 -3.30105083e-03 1.93216685e-03 3.55682595e-03 8.68960047e-01 4.22378019e+00 5.37547650e-03 2.51192824e-01
1.31321514e-03 -2.37825751e-03 -1.42464331e-03 2.65659639e-03 9.42817035e-04 2.96026707e-03 -2.77377831e-03 5.23281913e-04 2.91124396e-03 8.15582395e-01 3.66660217e+00 -5.20998442e-03 2.65094903e-01
8.18788733e-04 -1.51495874e-03 -1.52675419e-03 2.63949584e-03 1.50567729e-03 2.92842615e-03 -2.87053453e-03 1.67710090e-03 3.04792786e-03 8.54298052e-01 3.92545905e+00 -2.47130801e-02 2.46522894e-01
1.75572787e-03 -2.80147298e-03 -1.37158025e-03 2.96550442e-03 6.53058412e-04 3.29181960e-03 -3.17454206e-03 2.74498390e-04 3.29522464e-03 8.26992765e-01 3.93745323e+00 2.90246554e-02 2.69682234e-01
1.18684501e-03 -2.41836009e-03 -1.75032967e-03 2.86518444e-03 1.25649454e-03 2.70135422e-03 -3.11267847e-03 9.46531690e-04 3.21498338e-03 8.69275613e-01 3.84764226e+00 -9.42283450e-03 2.48422658e-01
8.59174607e-04 -2.08428186e-03 -1.49736404e-03 2.64478984e-03 7.66775796e-04 3.53481762e-03 -2.91160221e-03 1.40030550e-03 3.20983751e-03 8.11801115e-01 3.99579879e+00 1.00860455e-02 2.68387675e-01
1.45463725e-03 -2.81708102e-03 -1.87441790e-03 3.33928894e-03 1.40650451e-03 3.65726210e-03 -3.54385709e-03 1.12180413e-03 3.73705026e-03 8.80761857e-01 4.11236549e+00 5.67189960e-03 2.57237545e-01
6.69891426e-04 -1.73979164e-03 -1.38529063e-03 2.31836650e-03 7.71637802e-04 2.65401399e-03 -2.55096154e-03 1.22288148e-03 2.75085459e-03 8.03308282e-01 3.74912644e+00 -5.49460123e-03 2.60004161e-01
8.50325762e-04 -2.17844327e-03 -1.51345022e-03 2.59598012e-03 5.64849887e-04 3.52889705e-03 -2.93177946e-03 1.33758931e-03 3.23994043e-03 8.41773768e-01 3.88578150e+00 2.15720521e-02 2.69309427e-01
1.20328912e-03 -2.37669233e-03 -1.77670741e-03 2.87903740e-03 1.40479640e-03 2.66364401e-03 -3.14338701e-03 1.03306922e-03 3.23032303e-03 8.42574935e-01 3.98610934e+00 -1.91332193e-02 2.47143107e-01
1.05769712e-03 -2.10858230e-03 -1.73275780e-03 2.92771246e-03 1.29119073e-03 2.64797132e-03 -3.31121341e-03 1.46985906e-03 3.39772195e-03 8.76161921e-01 4.19946039e+00 3.44871303e-03 2.42826013e-01
1.19856971e-03 -2.28862008e-03 -1.33388990e-03 2.54041481e-03 7.99681311e-04 3.46302175e-03 -2.71987784e-03 8.45087199e-04 2.95735457e-03 8.07550699e-01 3.68893276e+00 -3.36511330e-03 2.72141048e-01
6.27165135e-04 -1.52156506e-03 -1.52211283e-03 2.43504753e-03 1.17017626e-03 2.75955273e-03 -2.69477949e-03 1.55555906e-03 2.90197439e-03 8.44012580e-01 3.81578761e+00 -1.67634862e-02 2.51251840e-01
1.71702272e-03 -2.89489495e-03 -1.57054261e-03 3.19827486e-03 9.53187404e-04 3.46564631e-03 -3.38481026e-03 5.42771649e-04 3.52500557e-03 8.40117473e-01 4.05714019e+00 1.86220153e-02 2.65230509e-01
1.93807579e-03 -3.22113867e-03 -1.91862181e-03 3.60974633e-03 1.33731176e-03 4.17391483e-03 -3.58986901e-03 1.54158128e-04 3.73493686e-03 8.55518111e-01 4.13162711e+00 2.80386871e-02 2.71992071e-01
5.68929089e-04 -8.15718898e-04 -1.13401405e-03 2.27472188e-03 1.10356998e-03 2.49027113e-03 -2.53211491e-03 1.76708376e-03 2.70431540e-03 8.31197127e-01 3.78969726e+00 -2.41349448e-02 2.42762878e-01
7.95744326e-04 -1.38261489e-03 -1.54934646e-03 2.83050590e-03 1.32918416e-03 2.82140435e-03 -3.21473590e-03 1.97071318e-03 3.36146709e-03 8.89942166e-01 4.24124421e+00 6.93071488e-03 2.40826412e-01
1.58158393e-03 -2.48089011e-03 -1.31243137e-03 2.72991524e-03 9.48616499e-04 3.39592204e-03 -2.76615892e-03 2.54328893e-04 2.90341295e-03 7.93890335e-01 3.64490652e+00 -6.67906942e-03 2.73328999e-01
1.68617205e-03 -2.71578210e-03 -1.48595867e-03 2.89390768e-03 7.04646810e-04 2.99457767e-03 -3.01541213e-03 -9.61170625e-05 3.08341880e-03 8.21336824e-01 3.61486099e+00 3.72598385e-03 2.68560602e-01
9.08142264e-04 -1.05939462e-03 -1.36608009e-03 2.70401406e-03 1.71826778e-03 3.13953307e-03 -2.97741417e-03 2.01292985e-03 3.18735288e-03 8.61926319e-01 4.26236262e+00 -3.59722217e-03 2.47308809e-01
7.53286035e-04 -1.61514709e-03 -1.48909986e-03 2.40233392e-03 1.28749326e-03 2.59551708e-03 -2.62682268e-03 1.37358592e-03 2.78400037e-03 8.30367337e-01 3.82827932e+00 -2.06644041e-02 2.50750334e-01
1.59917592e-03 -2.98261349e-03 -1.63390922e-03 3.20861614e-03 6.84679401e-04 3.61077494e-03 -3.51267639e-03 7.40411269e-04 3.70512118e-03 8.56051849e-01 4.05721114e+00 2.34541399e-02 2.65755800e-01
1.62225247e-03 -2.51957630e-03 -1.24077872e-03 2.66083161e-03 5.85115078e-04 2.87865680e-03 -2.82359536e-03 7.48882154e-05 2.90574918e-03 7.96688283e-01 3.66155819e+00 9.35319841e-03 2.69900801e-01
8.92576741e-04 -1.46893871e-03 -1.61491606e-03 2.88172386e-03 1.71000575e-03 3.24446735e-03 -3.15079671e-03 1.96016681e-03 3.35560891e-03 8.82173041e-01 4.17216236e+00 -8.72428675e-03 2.45910890e-01
3.92389368e-04 -1.37086529e-03 -1.50161658e-03 2.41233656e-03 7.76455227e-04 2.85760556e-03 -2.73714108e-03 1.74713906e-03 3.00459205e-03 8.26569281e-01 3.78558476e+00 -1.75983732e-02 2.53345047e-01
1.68106107e-03 -2.86110159e-03 -1.79273615e-03 3.32659784e-03 1.51118935e-03 3.55343051e-03 -3.36858046e-03 5.65917874e-04 3.49337280e-03 8.59901334e-01 4.11969945e+00 1.95626852e-02 2.63234111e-01
1.38783126e-03 -2.51153241e-03 -1.70347319e-03 2.89914273e-03 1.36352489e-03 2.85678960e-03 -2.97466839e-03 4.80961234e-04 3.05849845e-03 8.41112588e-01 3.82613904e+00 -1.56463461e-03 2.58214228e-01
4.38901927e-04 -1.49814761e-03 -1.63438902e-03 2.71321703e-03 8.22582683e-04 3.53235270e-03 -3.07373422e-03 2.05234003e-03 3.43110640e-03 8.43300289e-01 4.04720743e+00 1.60448297e-03 2.58922671e-01
2.00585038e-03 -2.94285158e-03 -1.49342765e-03 3.10544156e-03 4.17763078e-04 3.37529197e-03 -3.24731657e-03 -5.20630344e-04 3.28123357e-03 8.37281613e-01 3.67891802e+00 3.07947113e-02 2.75922641e-01
1.14911889e-03 -8.22747241e-04 -1.13073840e-03 2.45876286e-03 1.86337515e-03 2.60326708e-03 -2.80868597e-03 1.80995082e-03 2.91380156e-03 8.46142803e-01 4.20291154e+00 -2.60491114e-02 2.37709838e-01
1.57620557e-03 -2.76824196e-03 -1.88453093e-03 3.24281718e-03 1.63003350e-03 3.05492978e-03 -3.44829874e-03 8.33242948e-04 3.52340825e-03 8.82546795e-01 4.07370043e+00 -1.31497685e-04 2.49493592e-01
5.84971343e-04 -1.70463609e-03 -1.36908429e-03 2.31142055e-03 5.52207608e-04 3.18254813e-03 -2.61460412e-03 1.44684033e-03 2.91659105e-03 7.99456990e-01 3.76471990e+00 1.86044962e-04 2.67601206e-01
6.47418763e-04 -1.71295956e-03 -1.69581493e-03 2.86041284e-03 1.05743013e-03 3.37078607e-03 -3.20908700e-03 1.94614181e-03 3.49492224e-03 8.76386999e-01 4.16259841e+00 1.49286474e-02 2.54379354e-01
1.36909591e-03 -2.39059008e-03 -1.48247500e-03 2.76535475e-03 1.16993254e-03 2.97474604e-03 -2.83546064e-03 5.44493689e-04 2.95281535e-03 8.10275603e-01 3.73153510e+00 -1.38009669e-02 2.62227667e-01
7.86987682e-04 -2.06142742e-03 -1.90412400e-03 3.01423171e-03 1.20663122e-03 3.04420414e-03 -3.38805597e-03 1.75185031e-03 3.58238554e-03 8.72904560e-01 4.12148758e+00 -9.72480892e-03 2.45594698e-01
1.25688259e-03 -2.29985481e-03 -1.32697384e-03 2.53463467e-03 8.23562439e-04 3.07809201e-03 -2.67304991e-03 6.00230060e-04 2.84397870e-03 8.07433210e-01 3.73202643e+00 1.04436437e-02 2.70145188e-01
9.06072490e-04 -1.48554637e-03 -1.51987318e-03 2.70997656e-03 1.51732768e-03 2.74182880e-03 -3.02405574e-03 1.73345821e-03 3.14434632e-03 8.65461013e-01 4.07960535e+00 -1.68334689e-02 2.41139723e-01
1.70825223e-03 -2.69322901e-03 -1.29783357e-03 2.79458202e-03 6.18501686e-04 3.38684953e-03 -2.98087697e-03 2.12629924e-04 3.11753323e-03 8.14484329e-01 3.77438904e+00 1.88358830e-02 2.73603109e-01
4.70254528e-04 -1.57868012e-03 -1.70547915e-03 2.71551601e-03 8.97896589e-04 2.94908194e-03 -3.09053030e-03 1.88790436e-03 3.33676011e-03 8.57495617e-01 3.94597593e+00 -1.35102484e-02 2.47415182e-01
1.49347473e-03 -2.59890951e-03 -1.57841974e-03 2.92459481e-03 1.22149738e-03 3.33139655e-03 -2.97084737e-03 4.66873023e-04 3.11453548e-03 8.24714760e-01 3.93377417e+00 1.47636678e-02 2.68437757e-01
1.04380601e-03 -2.11190172e-03 -1.50252127e-03 2.57920554e-03 1.11782035e-03 2.70054987e-03 -2.78211062e-03 9.97512993e-04 2.92258533e-03 8.12847147e-01 3.88500030e+00 -8.72257090e-03 2.56960285e-01
9.74807317e-04 -2.39670236e-03 -1.76132161e-03 2.98748816e-03 9.55244292e-04 3.54473231e-03 -3.27977959e-03 1.44223280e-03 3.55021676e-03 8.72447136e-01 3.99383709e+00 9.16280589e-03 2.59948704e-01
1.41191806e-03 -2.39954593e-03 -1.64051675e-03 2.85105418e-03 1.50410091e-03 2.64659843e-03 -3.01030484e-03 7.08409092e-04 3.05976983e-03 8.45349403e-01 3.89425363e+00 -1.17525450e-02 2.50091958e-01
5.78505747e-04 -1.90717706e-03 -1.62779938e-03 2.65283450e-03 5.80134890e-04 3.70557543e-03 -3.03954180e-03 1.76358118e-03 3.41007133e-03 8.38722308e-01 3.97578070e+00 1.26571559e-02 2.66883053e-01
8.02564336e-04 -1.94922630e-03 -1.39919598e-03 2.42446385e-03 7.28430005e-04 3.07179132e-03 -2.66054673e-03 1.19661601e-03 2.90695895e-03 8.15629875e-01 3.62091785e+00 -1.50788665e-02 2.63790005e-01
1.32644490e-03 -2.56797901e-03 -1.84891614e-03 3.16868330e-03 1.45533113e-03 3.12179506e-03 -3.44048095e-03 1.20703171e-03 3.56981548e-03 8.71177450e-01 4.29947463e+00 1.64570250e-02 2.52863602e-01
5.77013843e-04 -1.81845218e-03 -1.51569107e-03 2.48660761e-03 5.18214041e-04 3.46355622e-03 -2.87488004e-03 1.64586148e-03 3.22114936e-03 8.04105924e-01 3.90817108e+00 -9.67870418e-04 2.66964769e-01
1.39985333e-03 -2.52282170e-03 -1.78320336e-03 2.99559464e-03 1.54639257e-03 2.80107670e-03 -3.14748692e-03 7.44328567e-04 3.21427060e-03 8.78695028e-01 3.92304256e+00 1.01198662e-03 2.50202969e-01
1.55243051e-03 -2.76096058e-03 -1.54878872e-03 3.01018634e-03 9.75831776e-04 3.73748180e-03 -3.16346239e-03 6.51097196e-04 3.36865450e-03 8.38017643e-01 3.82431151e+00 4.23197598e-04 2.69289410e-01
7.69063393e-04 -1.56507269e-03 -1.47335998e-03 2.57026064e-03 1.19414768e-03 2.53072236e-03 -2.85099420e-03 1.54460195e-03 2.97321386e-03 8.46352112e-01 4.05672184e+00 -3.96277055e-04 2.46692216e-01
6.40449866e-04 -1.76604956e-03 -1.68768237e-03 2.88135593e-03 9.85683222e-04 3.90710639e-03 -3.21940587e-03 2.03638817e-03 3.59650805e-03 8.59994272e-01 4.16088519e+00 1.39684323e-02 2.62454158e-01
1.29876657e-03 -2.38720463e-03 -1.59281013e-03 2.69089696e-03 1.18074711e-03 2.51367029e-03 -2.84817691e-03 5.08682449e-04 2.91580013e-03 8.25827666e-01 3.73162807e+00 -1.29400829e-02 2.54546785e-01
6.94535846e-04 -1.94250708e-03 -1.60728957e-03 2.68402130e-03 7.08298542e-04 4.02424926e-03 -3.06977003e-03 1.80503273e-03 3.47329812e-03 8.40120996e-01 4.08545384e+00 2.16351903e-02 2.70370122e-01
1.35090385e-03 -2.39199336e-03 -1.66509135e-03 2.80006745e-03 1.35641370e-03 2.40567952e-03 -2.99818992e-03 6.25780862e-04 3.02415386e-03 8.43986785e-01 3.79360156e+00 -1.91769787e-02 2.46288287e-01
5.17431902e-04 -1.05308563e-03 -1.33952869e-03 2.53936087e-03 1.03171192e-03 3.43152904e-03 -2.82787873e-03 2.07283056e-03 3.17132514e-03 8.61697829e-01 3.96039470e+00 7.66620108e-03 2.57133070e-01
1.60475421e-03 -2.73842267e-03 -1.80777353e-03 3.11926815e-03 1.45161420e-03 3.03806114e-03 -3.16072967e-03 2.56952050e-04 3.22660354e-03 8.23341631e-01 3.90513443e+00 -7.34225271e-03 2.59941297e-01
1.37830202e-03 -2.56029236e-03 -1.59097592e-03 2.94650502e-03 1.22938827e-03 3.59950048e-03 -3.05009424e-03 8.54129303e-04 3.25852723e-03 8.13557109e-01 4.01811648e+00 2.21870955e-03 2.68035782e-01
7.37513262e-04 -1.80826687e-03 -1.54143699e-03 2.60989205e-03 9.04745308e-04 2.67415037e-03 -2.93860228e-03 1.48699280e-03 3.10865690e-03 8.69300038e-01 3.84098124e+00 -2.13726029e-03 2.47777086e-01
6.90406498e-04 -1.59349013e-03 -1.70936677e-03 2.81677745e-03 1.15381772e-03 2.69941087e-03 -3.25214328e-03 1.89161250e-03 3.40768146e-03 8.52383992e-01 4.33527733e+00 1.66078783e-03 2.43758914e-01
1.49373693e-03 -2.51159804e-03 -1.40214807e-03 2.74081094e-03 9.72062281e-04 3.42031093e-03 -2.80268816e-03 3.70328813e-04 2.96324813e-03 8.32017898e-01 3.58159193e+00 -1.62268552e-03 2.71586556e-01
1.26974272e-03 -2.47110924e-03 -1.52006054e-03 2.82651439e-03 9.42570558e-04 3.26731098e-03 -3.03601611e-03 9.13518114e-04 3.23063916e-03 8.43509071e-01 3.88121676e+00 8.80153232e-03 2.63624222e-01
8.86812731e-04 -1.95320788e-03 -1.61110130e-03 2.72891631e-03 1.19519764e-03 2.96091992e-03 -2.99131043e-03 1.45187832e-03 3.17608135e-03 8.40973164e-01 3.99721039e+00 -8.34897351e-03 2.52953555e-01
8.41951567e-04 -9.37728256e-04 -1.26645263e-03 2.41696865e-03 1.55157776e-03 2.65022192e-03 -2.73222857e-03 1.79962310e-03 2.89247583e-03 8.56284438e-01 4.09651552e+00 -1.00778400e-02 2.43539650e-01
1.93568976e-03 -3.00243600e-03 -1.59068329e-03 3.18853595e-03 6.95757185e-04 3.41536768e-03 -3.31165498e-03 -2.36468714e-04 3.38021344e-03 8.26612015e-01 3.75921800e+00 1.07800728e-02 2.71638632e-01
8.50547182e-04 -1.68384785e-03 -1.54150030e-03 2.62458945e-03 1.31148335e-03 2.53638981e-03 -2.90370412e-03 1.48293676e-03 3.00831426e-03 8.34112609e-01 3.98530116e+00 -2.29229170e-02 2.43748288e-01
1.52417926e-03 -2.73053281e-03 -1.46639129e-03 2.93185639e-03 7.66429099e-04 3.75056789e-03 -3.15680674e-03 7.15665801e-04 3.37749605e-03 8.51923564e-01 3.91238728e+00 2.64364484e-02 2.71625098e-01
1.06388590e-03 -2.17320006e-03 -1.62704182e-03 2.79850780e-03 1.37530323e-03 3.16990665e-03 -2.93447240e-03 1.19030208e-03 3.11972868e-03 8.27163535e-01 3.82264140e+00 -2.83867249e-02 2.55859067e-01
9.57301985e-04 -2.37172404e-03 -1.65209420e-03 2.83786298e-03 6.89204516e-04 3.14533221e-03 -3.16712147e-03 1.24916521e-03 3.39279338e-03 8.61014387e-01 4.08421979e+00 3.39108753e-02 2.61486548e-01
1.49540820e-03 -2.60932921e-03 -1.59028302e-03 2.92105348e-03 1.14841334e-03 3.28254859e-03 -2.96356947e-03 3.60142805e-04 3.09535396e-03 8.06592488e-01 3.77648217e+00 -9.28416259e-03 2.67365751e-01
4.90168470e-04 -1.38656581e-03 -1.63790272e-03 2.70086290e-03 1.01761772e-03 2.97869408e-03 -3.07316201e-03 1.98927518e-03 3.32461756e-03 8.78749148e-01 4.09906073e+00 9.77465553e-03 2.48459758e-01
5.72350478e-04 -9.73584911e-04 -1.34964494e-03 2.67514463e-03 1.15989072e-03 3.09671982e-03 -2.97141402e-03 2.13075696e-03 3.22483658e-03 8.76659506e-01 4.00867835e+00 -1.99066409e-03 2.45478276e-01
1.56975426e-03 -2.64830128e-03 -1.66553525e-03 3.02595207e-03 1.29696307e-03 3.37911091e-03 -2.97970423e-03 1.83176677e-04 3.09138627e-03 8.05433482e-01 3.85875618e+00 2.07967253e-03 2.69759495e-01
1.45287301e-03 -2.29148103e-03 -1.49932150e-03 2.82092203e-03 1.00242035e-03 3.06988302e-03 -2.66220274e-03 -2.27498734e-04 2.71115042e-03 7.99317412e-01 3.49741391e+00 5.16352683e-03 2.73381403e-01
1.52032299e-03 -2.66388766e-04 -6.86689787e-04 2.85381494e-03 2.28354353e-03 3.59606763e-03 -3.06588399e-03 2.36913743e-03 3.29883517e-03 8.81175127e-01 4.39143386e+00 -4.91086808e-03 2.40625502e-01
1.48410989e-03 -2.81940546e-03 -1.92511646e-03 3.24243445e-03 1.46031628e-03 3.13683583e-03 -3.43372445e-03 7.94948514e-04 3.54363101e-03 8.73117513e-01 4.07369301e+00 4.72457435e-03 2.53738030e-01
5.49242111e-04 -1.64270311e-03 -1.43286685e-03 2.35851258e-03 6.82983855e-04 3.08728760e-03 -2.66196722e-03 1.53088390e-03 2.95398189e-03 8.11117949e-01 3.78994223e+00 -4.59311426e-03 2.63348557e-01
1.13244858e-03 -2.46055699e-03 -1.63709628e-03 2.89062025e-03 9.18527824e-04 3.26731258e-03 -3.13880244e-03 1.09736481e-03 3.35050825e-03 8.17076169e-01 4.13141037e+00 1.30118617e-02 2.63842711e-01
9.12546953e-04 -2.07951934e-03 -1.60600043e-03 2.67771589e-03 1.12405260e-03 2.94209206e-03 -2.88768719e-03 1.23052456e-03 3.07402447e-03 8.64252661e-01 3.72670980e+00 -1.19927472e-02 2.53463940e-01
1.00094753e-03 -2.17612542e-03 -1.76328076e-03 2.97311185e-03 1.33460257e-03 3.22161675e-03 -3.24675009e-03 1.52443794e-03 3.44414618e-03 8.71851857e-01 4.18800935e+00 1.17495512e-02 2.53966424e-01
1.08985322e-03 -2.26134551e-03 -1.43599495e-03 2.59185770e-03 8.04433025e-04 2.97898736e-03 -2.80735509e-03 8.98079233e-04 2.99594567e-03 8.14009137e-01 3.70535256e+00 -1.10354434e-02 2.62643681e-01
5.46403398e-04 -1.69251307e-03 -1.63983887e-03 2.74759103e-03 7.79972258e-04 3.16436469e-03 -3.12609344e-03 1.87112634e-03 3.40111848e-03 8.58365005e-01 4.12324302e+00 1.68696158e-02 2.55225525e-01
1.37235357e-03 -2.50441701e-03 -1.63943967e-03 2.88972550e-03 1.36464794e-03 3.20277644e-03 -2.94206236e-03 6.32401200e-04 3.08473365e-03 8.27679592e-01 3.77151813e+00 -1.53866623e-02 2.61810698e-01
1.39050116e-03 -2.48713505e-03 -1.69307085e-03 2.86873529e-03 1.46612250e-03 2.85909142e-03 -2.97138433e-03 6.03519522e-04 3.06102587e-03 8.17463356e-01 3.87903401e+00 -1.77182009e-02 2.56632808e-01
4.78353569e-04 -1.73182211e-03 -1.66192270e-03 2.70257644e-03 6.38288202e-04 3.49256644e-03 -3.10593138e-03 1.92348956e-03 3.45918228e-03 8.69871662e-01 4.00583056e+00 1.96679863e-02 2.60498127e-01
8.24333115e-04 -6.19740948e-04 -9.76906598e-04 2.22626046e-03 1.48838625e-03 2.74535806e-03 -2.45587724e-03 1.78498177e-03 2.66661737e-03 8.49633556e-01 3.78341332e+00 -2.50332426e-02 2.44342608e-01
2.02868810e-03 -3.16575633e-03 -1.88811740e-03 3.63500710e-03 1.09760841e-03 3.72870269e-03 -3.60889876e-03 -2.80776563e-04 3.66014981e-03 8.32909703e-01 4.09471006e+00 2.94212606e-02 2.70885546e-01
7.96247805e-04 -2.13612435e-03 -1.62217786e-03 2.73339161e-03 7.56074857e-04 3.44612457e-03 -3.03624278e-03 1.46752497e-03 3.32732528e-03 8.26217290e-01 3.91410967e+00 -3.92445796e-03 2.63435475e-01
1.22420428e-03 -2.23108202e-03 -1.56371296e-03 2.81012573e-03 1.36839385e-03 2.82829566e-03 -2.97240571e-03 1.00712519e-03 3.08114848e-03 8.58331567e-01 3.95322960e+00 4.03101124e-03 2.53309864e-01
5.82179731e-04 -1.67155432e-03 -1.56608516e-03 2.54978866e-03 8.64280290e-04 2.78019462e-03 -2.87844516e-03 1.61106799e-03 3.09568301e-03 8.25522564e-01 3.96302811e+00 -7.38420602e-03 2.52929724e-01
1.51301163e-03 -2.65978685e-03 -1.62729142e-03 3.07837300e-03 1.31977943e-03 3.53754234e-03 -3.16477771e-03 7.45164041e-04 3.33426743e-03 8.59501832e-01 3.91684340e+00 7.71506545e-03 2.63747481e-01
1.38818350e-03 -2.81160129e-03 -1.82649589e-03 3.25192887e-03 1.18723116e-03 3.74293756e-03 -3.45158644e-03 1.04638689e-03 3.67447445e-03 8.45470696e-01 4.30642882e+00 2.63989243e-02 2.65637759e-01
6.84630616e-04 -1.79572366e-03 -1.50060228e-03 2.42757611e-03 8.85281673e-04 2.60042765e-03 -2.68639626e-03 1.28341430e-03 2.86579093e-03 8.39514470e-01 3.61524223e+00 -2.28649732e-02 2.51064237e-01
1.23234576e-03 -7.28599361e-04 -1.00086488e-03 2.46007957e-03 1.94029106e-03 2.87405744e-03 -2.76116727e-03 1.85968622e-03 2.91891725e-03 8.65362143e-01 4.12330590e+00 -1.89178895e-02 2.40529454e-01
1.86696344e-03 -2.86039839e-03 -1.58514888e-03 3.12286339e-03 5.47060665e-04 3.22046772e-03 -3.20443665e-03 -4.77446384e-04 3.23443962e-03 8.14093412e-01 3.72263875e+00 2.14549517e-02 2.73757153e-01
1.18122593e-03 -2.43771318e-03 -1.56734885e-03 2.90232674e-03 8.76788742e-04 3.26505492e-03 -3.17238642e-03 1.13106259e-03 3.37626195e-03 8.57309213e-01 3.98300192e+00 1.61322474e-02 2.60698345e-01
8.89987446e-04 -2.02869150e-03 -1.62881381e-03 2.68248406e-03 1.22138586e-03 2.98830555e-03 -2.88217773e-03 1.29595441e-03 3.07391482e-03 8.28564014e-01 3.90284471e+00 -1.47668968e-02 2.56080802e-01
5.49721675e-04 -1.11720741e-03 -1.40645831e-03 2.54306900e-03 1.16152473e-03 3.25686768e-03 -2.82168213e-03 1.99146386e-03 3.12709490e-03 8.36371652e-01 3.94954120e+00 -1.53029349e-02 2.53763415e-01
1.61311934e-03 -2.83191948e-03 -1.79670700e-03 3.14902262e-03 1.21336082e-03 3.09797302e-03 -3.23118497e-03 2.14619936e-04 3.31278024e-03 8.48769125e-01 3.93501330e+00 1.68071691e-02 2.62903966e-01
8.24705964e-04 -2.19747463e-03 -1.65452736e-03 2.79788680e-03 7.54703764e-04 3.66904459e-03 -3.12925923e-03 1.55533067e-03 3.45282050e-03 8.66600361e-01 3.93970523e+00 1.53781592e-02 2.64647746e-01
1.18213973e-03 -2.27826217e-03 -1.62862779e-03 2.71382044e-03 1.28784332e-03 2.57970753e-03 -2.93375997e-03 8.95307806e-04 3.02518353e-03 8.19782914e-01 3.94649147e+00 -1.41580829e-02 2.52094986e-01
7.06438274e-04 -1.48319944e-03 -1.77770165e-03 3.14619251e-03 1.41610545e-03 3.44989241e-03 -3.51437573e-03 2.29877710e-03 3.76783935e-03 8.75671040e-01 4.53184426e+00 1.57501880e-02 2.48656610e-01
1.38771206e-03 -2.29351177e-03 -1.31589083e-03 2.53214622e-03 9.27394923e-04 2.85910018e-03 -2.57890617e-03 2.20884395e-04 2.68241504e-03 8.11178594e-01 3.42114916e+00 -1.44974634e-02 2.67474789e-01
1.41207028e-03 -2.40965725e-03 -1.56606786e-03 2.81866796e-03 1.32509299e-03 2.77364159e-03 -2.88181859e-03 4.66533861e-04 2.95443012e-03 8.29715265e-01 3.81146803e+00 -1.77125950e-03 2.58568499e-01
5.48815498e-04 -1.60112860e-03 -1.65900284e-03 2.77954469e-03 9.29982947e-04 3.62638549e-03 -3.14645456e-03 2.04178290e-03 3.50210330e-03 8.54646408e-01 4.06588846e+00 1.81281143e-03 2.58419247e-01
6.10897199e-04 -1.57833796e-03 -1.36505880e-03 2.29797966e-03 8.57501994e-04 2.60140091e-03 -2.52128826e-03 1.33185503e-03 2.71498031e-03 8.17119163e-01 3.68388918e+00 -1.30729725e-02 2.55850020e-01
1.50854524e-03 -2.89438135e-03 -1.87353344e-03 3.42175825e-03 1.35623917e-03 3.79528511e-03 -3.59268103e-03 1.05093015e-03 3.79121177e-03 8.69152444e-01 4.20693487e+00 1.40978040e-02 2.60906444e-01
8.82245390e-04 -2.01120957e-03 -1.71120273e-03 2.80336031e-03 1.18599169e-03 2.79843487e-03 -3.13577333e-03 1.50056597e-03 3.29229416e-03 8.77286478e-01 3.99079563e+00 -3.62708597e-03 2.46259508e-01
1.33230323e-03 -2.39129242e-03 -1.36195443e-03 2.70186455e-03 9.08126575e-04 3.38092928e-03 -2.85798391e-03 7.83232222e-04 3.05694739e-03 8.04220891e-01 3.85883834e+00 3.78877027e-03 2.69533252e-01
1.55309196e-03 -2.52500015e-03 -1.26048533e-03 2.59063136e-03 5.24615859e-04 2.87853736e-03 -2.78941648e-03 1.24419942e-04 2.89277346e-03 7.97526074e-01 3.57878994e+00 1.03855957e-03 2.70115576e-01
8.31088357e-04 -1.59846201e-03 -1.77243641e-03 2.89872019e-03 1.61402754e-03 3.09082239e-03 -3.25282171e-03 1.93972294e-03 3.44508433e-03 8.83979168e-01 4.28175586e+00 -9.65512557e-04 2.45440895e-01
3.02066288e-03 4.00406969e-04 6.36862314e-04 2.29088153e-03 3.48336192e-03 3.86137752e-03 -2.35562771e-03 1.84262708e-03 2.61266704e-03 8.64340592e-01 4.26669633e+00 -1.69930403e-02 2.43456197e-01
1.42619983e-03 -2.18823322e-03 -1.75579072e-03 3.34461110e-03 1.33304832e-03 3.35467588e-03 -2.87699727e-03 -3.89460215e-04 2.88175144e-03 8.15850730e-01 3.59881231e+00 1.90258828e-02 2.71525675e-01
8.89124522e-04 -1.93314379e-03 -1.24084481e-03 2.28524453e-03 5.73920564e-04 2.65311199e-03 -2.53670633e-03 9.55625742e-04 2.71958675e-03 7.94254186e-01 3.64383717e+00 -3.83875401e-03 2.63348360e-01
1.32709553e-03 -2.54880755e-03 -1.89930338e-03 3.33075280e-03 1.71708960e-03 3.67549172e-03 -3.50936099e-03 1.43741071e-03 3.70656028e-03 8.88562040e-01 4.21198870e+00 3.94280202e-03 2.53825795e-01
1.46538889e-03 -2.65637598e-03 -1.70620156e-03 3.08467410e-03 1.39477502e-03 3.39403523e-03 -3.19394978e-03 7.92140750e-04 3.35036288e-03 8.33653805e-01 4.08188687e+00 5.33433657e-03 2.62676796e-01
5.13082521e-04 -1.71751970e-03 -1.59464770e-03 2.52796172e-03 7.39207587e-04 2.87236379e-03 -2.85957242e-03 1.59891387e-03 3.10740277e-03 8.50303816e-01 3.79580016e+00 -5.13622745e-03 2.53954356e-01
1.64763540e-03 -2.93855734e-03 -1.84560038e-03 3.35031796e-03 1.43751664e-03 3.56436486e-03 -3.47950599e-03 7.15295865e-04 3.62543931e-03 8.74088392e-01 4.15284482e+00 2.12770773e-02 2.61335977e-01
5.45020078e-04 -1.42582991e-03 -1.36670647e-03 2.38021540e-03 8.71534882e-04 2.84667042e-03 -2.62873482e-03 1.59625914e-03 2.86688248e-03 8.13869720e-01 3.75516340e+00 -1.90235696e-02 2.55386912e-01
1.00444483e-03 -1.99310319e-03 -1.18809023e-03 2.28441056e-03 6.44243180e-04 3.09977535e-03 -2.49349828e-03 9.19052881e-04 2.72092795e-03 7.95941656e-01 3.67345385e+00 8.26143151e-03 2.71661365e-01
1.19246358e-03 -2.57727747e-03 -2.01901182e-03 3.23358114e-03 1.42535300e-03 2.99010595e-03 -3.57805639e-03 1.34527858e-03 3.69517684e-03 8.83126194e-01 4.15625463e+00 -7.74494948e-03 2.44322166e-01
6.78541537e-04 -1.43970292e-03 -1.53587727e-03 2.47050465e-03 1.27792745e-03 2.59182024e-03 -2.78110495e-03 1.61574685e-03 2.94345277e-03 8.37484304e-01 3.87270374e+00 -3.10178539e-02 2.44151059e-01
1.89605879e-03 -3.05306483e-03 -1.51794958e-03 3.16873118e-03 7.31006823e-04 3.63912331e-03 -3.38955957e-03 2.40190548e-04 3.52961541e-03 8.48377176e-01 4.03548658e+00 3.78627898e-02 2.71353535e-01
1.14872985e-03 -2.60476842e-03 -1.99758169e-03 3.36279460e-03 1.46886096e-03 3.98119040e-03 -3.57860473e-03 1.57939552e-03 3.85573327e-03 8.78984737e-01 4.31112204e+00 1.53386363e-02 2.60150463e-01
8.99731091e-04 -1.85496384e-03 -1.25603932e-03 2.32083205e-03 7.77606250e-04 2.46696013e-03 -2.52590625e-03 9.63949791e-04 2.66568198e-03 8.07832159e-01 3.59738078e+00 -1.41553592e-02 2.56600161e-01
1.58800329e-03 -2.86528551e-03 -1.99785420e-03 3.32726616e-03 1.64747060e-03 3.13260768e-03 -3.43467485e-03 5.68622101e-04 3.50525002e-03 8.64533654e-01 4.05934066e+00 -1.04955981e-04 2.53927496e-01
3.92828382e-04 -1.34533076e-03 -1.39053094e-03 2.32211192e-03 6.21136570e-04 3.22185744e-03 -2.65130349e-03 1.77022958e-03 2.98964990e-03 8.19151097e-01 3.79620761e+00 1.39051481e-04 2.63544742e-01
1.16043228e-03 -2.19548313e-03 -1.74353925e-03 3.06949754e-03 1.45968048e-03 2.85620799e-03 -3.36815779e-03 1.45784877e-03 3.46016102e-03 8.79050393e-01 4.30735991e+00 1.37345226e-02 2.46247514e-01
1.12256433e-03 -2.17644797e-03 -1.29390369e-03 2.47462955e-03 7.76679155e-04 3.32147711e-03 -2.67025411e-03 9.24854013e-04 2.90445701e-03 8.07350897e-01 3.61091820e+00 -1.27816948e-02 2.69503015e-01
9.77255872e-04 -6.14792176e-04 -9.89952588e-04 2.43817951e-03 1.68388251e-03 3.21184627e-03 -2.68454789e-03 2.01145335e-03 2.96190728e-03 8.71766393e-01 3.99684547e+00 -7.42150751e-03 2.47829988e-01
1.71502321e-03 -2.80460573e-03 -1.79234623e-03 3.24110560e-03 1.08304556e-03 3.18523302e-03 -3.21054242e-03 -2.19443092e-04 3.25084587e-03 8.09432448e-01 3.84576284e+00 7.86374545e-03 2.68011168e-01
1.69919315e-03 -2.63068755e-03 -1.47254652e-03 2.95844453e-03 1.03448759e-03 3.53494864e-03 -2.92447260e-03 1.81260165e-05 3.03273775e-03 7.88362297e-01 3.79667085e+00 4.77193026e-03 2.74874985e-01
7.32909734e-04 -9.50868239e-04 -1.30640544e-03 2.67047903e-03 1.36094209e-03 2.82172979e-03 -2.97748504e-03 2.04040962e-03 3.14598872e-03 8.90595938e-01 4.04235347e+00 -4.51814927e-03 2.38561013e-01
7.68625711e-04 -2.02687899e-03 -1.43081800e-03 2.48068051e-03 4.75994937e-04 3.40794848e-03 -2.82254668e-03 1.35825287e-03 3.12736992e-03 8.21176747e-01 3.80034114e+00 9.38948204e-03 2.68975877e-01
1.31115103e-03 -2.47968474e-03 -1.83200446e-03 2.98170055e-03 1.54962090e-03 2.76562997e-03 -3.23018968e-03 1.00116260e-03 3.30938818e-03 8.61238626e-01 4.05605537e+00 -8.82755864e-03 2.47664864e-01
8.51866222e-04 -1.88668595e-03 -1.24557066e-03 2.27995974e-03 6.49091880e-04 3.04123201e-03 -2.49600390e-03 1.06889007e-03 2.73592020e-03 8.03522975e-01 3.59223992e+00 -4.40893708e-03 2.68470117e-01
1.28602287e-03 -2.57122264e-03 -1.96417848e-03 3.29804571e-03 1.53948350e-03 3.12248160e-03 -3.58822404e-03 1.34102048e-03 3.70234750e-03 8.80222032e-01 4.28735797e+00 4.53240348e-03 2.47691185e-01
5.97605794e-04 -1.85401368e-03 -1.79952627e-03 2.90933237e-03 9.87896111e-04 3.98627533e-03 -3.26705814e-03 2.05471164e-03 3.66882757e-03 8.70217065e-01 4.16898378e+00 1.71178444e-02 2.63207849e-01
1.27128069e-03 -2.32984619e-03 -1.56330543e-03 2.66648002e-03 1.13922544e-03 2.43121688e-03 -2.82643941e-03 5.13136335e-04 2.88354106e-03 8.16670501e-01 3.73121550e+00 -1.56278343e-02 2.53679347e-01
7.42676734e-04 -8.54551091e-04 -1.31100821e-03 2.64377609e-03 1.44682210e-03 3.18439327e-03 -2.96645391e-03 2.14662612e-03 3.23785343e-03 8.82066892e-01 4.11057943e+00 -2.41283753e-04 2.45887259e-01
1.56809771e-03 -2.63875533e-03 -1.66073708e-03 3.00676865e-03 1.05541861e-03 3.16064598e-03 -2.98360532e-03 -4.13377124e-05 3.05973961e-03 7.99943710e-01 3.74750435e+00 2.97733214e-04 2.69463825e-01
1.02847718e-03 -1.82421929e-03 -1.63223404e-03 2.73712917e-03 1.51812476e-03 2.58038162e-03 -3.07656159e-03 1.48892214e-03 3.15270563e-03 8.59867858e-01 4.10356184e+00 -1.59783752e-02 2.41294930e-01
1.52581404e-03 -2.60978006e-03 -1.27132898e-03 2.67176390e-03 4.93729695e-04 3.48881101e-03 -2.95014963e-03 5.41337310e-04 3.14739514e-03 8.21487901e-01 3.75843171e+00 1.77479696e-02 2.73730757e-01
9.52881728e-04 -1.03413803e-03 -1.38370133e-03 2.85587396e-03 1.62367303e-03 3.08287491e-03 -3.23188569e-03 2.16403429e-03 3.41319481e-03 8.85220046e-01 4.30720567e+00 -2.59694674e-03 2.40069595e-01
1.57525671e-03 -2.45562049e-03 -1.36555469e-03 2.72232983e-03 8.33604036e-04 3.14156163e-03 -2.72898841e-03 -5.80391580e-05 2.81496581e-03 7.95489212e-01 3.57205572e+00 2.72686713e-03 2.73852833e-01
1.32876200e-03 -2.48332940e-03 -1.56473333e-03 2.92002037e-03 1.14047885e-03 3.26200470e-03 -3.05927343e-03 8.57718169e-04 3.22706441e-03 8.64164734e-01 3.89147254e+00 1.48867926e-02 2.61925143e-01
7.23554584e-04 -1.81238793e-03 -1.59094017e-03 2.69805631e-03 1.05644813e-03 3.04064265e-03 -2.95424049e-03 1.58648152e-03 3.17750922e-03 8.22014240e-01 3.98587677e+00 -1.37348207e-02 2.54741659e-01
1.10734393e-03 -2.17480753e-03 -1.33715001e-03 2.53385881e-03 8.12279010e-04 3.06946702e-03 -2.72941154e-03 9.19110659e-04 2.92620551e-03 8.23590540e-01 3.77869487e+00 1.09360099e-02 2.66310375e-01
9.82318552e-04 -2.29166784e-03 -1.86013058e-03 3.01261711e-03 1.28539993e-03 3.11309984e-03 -3.30929063e-03 1.46731339e-03 3.49392420e-03 8.58913185e-01 4.08132264e+00 -1.02065237e-02 2.50257425e-01
6.06570685e-04 -9.31622863e-04 -1.21168999e-03 2.27755535e-03 1.21825760e-03 2.99614044e-03 -2.52743421e-03 1.80891177e-03 2.80977518e-03 8.23435432e-01 3.83801462e+00 -1.87979788e-02 2.54539200e-01
1.78790623e-03 -3.16611054e-03 -2.02330758e-03 3.51168927e-03 1.18921515e-03 3.32125892e-03 -3.61814701e-03 8.44799426e-05 3.68602004e-03 8.63588149e-01 4.05062950e+00 2.10408630e-02 2.62215841e-01
1.07223110e-03 -2.36701627e-03 -1.81939392e-03 3.01855185e-03 1.32520425e-03 3.23013938e-03 -3.26834442e-03 1.36307918e-03 3.46163083e-03 8.65806951e-01 4.11857320e+00 4.44488495e-03 2.54582563e-01
9.79565440e-04 -2.11585463e-03 -1.41150910e-03 2.54036864e-03 7.92457140e-04 2.97719455e-03 -2.77957918e-03 1.07181995e-03 2.98310466e-03 8.18647148e-01 3.75988083e+00 -4.32355483e-03 2.62146474e-01
9.14823222e-04 -1.94976481e-03 -1.50679557e-03 2.64855937e-03 1.14444295e-03 2.99245193e-03 -2.85216785e-03 1.32714678e-03 3.04451393e-03 8.35919444e-01 3.93857396e+00 -8.89948946e-04 2.57330732e-01
1.24580609e-03 -2.43970959e-03 -1.57845542e-03 2.94260162e-03 1.07118963e-03 3.30281507e-03 -3.15102645e-03 1.08744017e-03 3.34174073e-03 8.48469934e-01 3.93594679e+00 9.19759467e-04 2.59502086e-01
9.00786254e-04 -2.09452254e-03 -1.56345921e-03 2.67224252e-03 1.02517194e-03 3.35096457e-03 -2.89075862e-03 1.33759606e-03 3.15153052e-03 8.29483989e-01 3.75625897e+00 -2.09632023e-02 2.60998051e-01
1.16248082e-03 -2.46437803e-03 -1.72827150e-03 2.92769301e-03 1.08670568e-03 2.85991925e-03 -3.19770336e-03 1.04005525e-03 3.33436111e-03 8.57107739e-01 4.15653212e+00 2.38332884e-02 2.56117099e-01
7.55085332e-04 -1.89811458e-03 -1.50210403e-03 2.60586801e-03 8.58025767e-04 3.35695762e-03 -2.87056083e-03 1.51425225e-03 3.15537136e-03 8.48453444e-01 3.90158808e+00 1.24563543e-02 2.63507762e-01
1.35526623e-03 -2.48729514e-03 -1.66596789e-03 2.94853232e-03 1.32053444e-03 2.91606138e-03 -3.15214623e-03 8.92084489e-04 3.25965714e-03 8.36469842e-01 3.96895424e+00 -1.16039351e-02 2.53320145e-01
9.54492947e-04 -2.05526031e-03 -1.46356295e-03 2.49614829e-03 9.02581181e-04 2.48099298e-03 -2.75388459e-03 9.98678256e-04 2.88242656e-03 8.29929357e-01 3.86052960e+00 6.21456922e-03 2.55303252e-01
1.14535455e-03 -2.46280630e-03 -1.74632211e-03 3.06647286e-03 1.23253280e-03 3.81292427e-03 -3.28008130e-03 1.39269116e-03 3.55452895e-03 8.53709082e-01 4.00481609e+00 -5.95260951e-03 2.61785035e-01
1.86236047e-03 1.36724723e-06 -3.17373242e-04 2.68739648e-03 2.53591464e-03 3.34687886e-03 -2.86846599e-03 2.20160373e-03 3.03031288e-03 8.74218821e-01 4.35726918e+00 -1.35978059e-02 2.35593063e-01
1.54755532e-03 -2.33974964e-03 -1.53434880e-03 2.97713303e-03 9.81491146e-04 3.35805063e-03 -2.75204209e-03 -3.72032399e-04 2.79286058e-03 8.04634228e-01 3.52899896e+00 1.49552578e-02 2.76802362e-01
8.92086574e-04 -1.10067461e-03 -1.32917165e-03 2.62765771e-03 1.65722396e-03 3.04018959e-03 -2.87634592e-03 1.90818322e-03 3.07011589e-03 8.57760577e-01 4.04656121e+00 -2.09639573e-02 2.44836988e-01
1.81058503e-03 -2.83514784e-03 -1.47915352e-03 2.99062622e-03 6.79214255e-04 3.14835263e-03 -3.13783542e-03 -1.07307881e-04 3.20948273e-03 8.23191760e-01 3.81331459e+00 2.40360491e-02 2.70660216e-01
5.54820061e-04 -1.76954463e-03 -1.59272704e-03 2.59504703e-03 7.03041999e-04 3.42146936e-03 -2.95233277e-03 1.74613182e-03 3.28662927e-03 8.13804906e-01 4.02867303e+00 2.49515835e-03 2.63875864e-01
1.46288484e-03 -2.52538192e-03 -1.65698116e-03 2.94244822e-03 1.42721610e-03 2.88445463e-03 -3.06537125e-03 6.31459289e-04 3.14670563e-03 8.69033346e-01 3.81480249e+00 -2.40616332e-03 2.53557753e-01
8.35967821e-04 -7.77049564e-04 -1.16676259e-03 2.53035777e-03 1.41128458e-03 2.80235933e-03 -2.87848993e-03 2.00660625e-03 3.06688956e-03 8.63771638e-01 4.12203576e+00 -6.75832192e-03 2.41189963e-01
1.74288375e-03 -2.72590485e-03 -1.60911164e-03 3.14415307e-03 1.13963325e-03 3.61962229e-03 -3.06482748e-03 -4.96762083e-05 3.15958039e-03 8.18709954e-01 3.75961854e+00 7.11211783e-03 2.73117345e-01
1.70703661e-03 -2.75955743e-03 -1.49322592e-03 3.00767175e-03 8.76429991e-04 3.31331327e-03 -3.11184775e-03 1.69227647e-04 3.21838640e-03 8.53674580e-01 3.70730088e+00 1.42986139e-02 2.68169496e-01
7.38722578e-04 -1.32554810e-03 -1.50449760e-03 2.60013951e-03 1.37071583e-03 2.83647204e-03 -2.93074383e-03 1.82598349e-03 3.12201510e-03 8.31771008e-01 4.17690659e+00 -1.32061529e-02 2.47948848e-01
8.32494412e-04 -2.29267850e-03 -1.78956390e-03 3.09371319e-03 7.51243743e-04 4.25471466e-03 -3.48647053e-03 1.90156113e-03 3.88180423e-03 8.67069558e-01 4.21854338e+00 2.45806706e-02 2.66553488e-01
1.16084996e-03 -2.09197339e-03 -1.46813195e-03 2.46066590e-03 1.25531504e-03 2.28669348e-03 -2.64448035e-03 7.01025107e-04 2.70062239e-03 8.20817495e-01 3.69353217e+00 -2.15804621e-02 2.50228141e-01
1.59395392e-03 -2.73628913e-03 -1.57269764e-03 3.10844572e-03 1.22670976e-03 3.83314270e-03 -3.19346479e-03 7.23323686e-04 3.39425342e-03 8.52093335e-01 4.09305784e+00 3.10817397e-02 2.70297386e-01
6.92379619e-04 -1.68297526e-03 -1.53214366e-03 2.55351535e-03 9.61762135e-04 2.58748253e-03 -2.89065521e-03 1.53452642e-03 3.05261370e-03 8.34233343e-01 3.82747431e+00 -2.63350855e-02 2.45200024e-01
9.93712143e-04 -2.28186722e-03 -1.87472582e-03 3.22578630e-03 1.39573175e-03 3.76113926e-03 -3.46611858e-03 1.75189442e-03 3.73544839e-03 8.72911123e-01 4.33143006e+00 1.64242066e-02 2.57914839e-01
1.08350657e-03 -2.05763403e-03 -1.29580970e-03 2.43430367e-03 8.72646913e-04 2.63374913e-03 -2.60830139e-03 8.02794114e-04 2.74380109e-03 8.13969318e-01 3.58612541e+00 -1.50561710e-02 2.58831751e-01
1.53615605e-03 -2.77199732e-03 -1.68480299e-03 3.12661252e-03 1.26598883e-03 3.66668533e-03 -3.23163038e-03 7.17870720e-04 3.41864439e-03 8.46326472e-01 3.99849577e+00 9.73434236e-03 2.66401809e-01
5.67962407e-04 -1.60278372e-03 -1.53942461e-03 2.49558561e-03 8.72498536e-04 2.64257960e-03 -2.83042851e-03 1.59346367e-03 3.02979053e-03 8.38350830e-01 3.88653830e+00 -9.19476385e-03 2.49742671e-01
1.02772798e-03 -2.31133940e-03 -1.51304061e-03 2.68727959e-03 7.48366583e-04 3.81307879e-03 -2.97426171e-03 1.27525840e-03 3.29282426e-03 8.28116392e-01 3.87365481e+00 5.28366821e-03 2.71120150e-01
1.17609453e-03 -2.21283614e-03 -1.63738478e-03 2.72764571e-03 1.26664565e-03 2.37651042e-03 -3.05434069e-03 1.04226151e-03 3.10428332e-03 8.55465353e-01 4.00242065e+00 -5.08007527e-03 2.44529721e-01
6.67471629e-04 -2.03573249e-03 -1.67717132e-03 2.71495864e-03 6.37266666e-04 4.06224289e-03 -3.12078087e-03 1.79365213e-03 3.53332103e-03 8.43855423e-01 4.03462688e+00 1.70043056e-02 2.70381180e-01
1.34057646e-03 -2.37958445e-03 -1.65343358e-03 2.70712707e-03 1.32997469e-03 2.28118580e-03 -2.96447842e-03 6.38584394e-04 2.98344367e-03 8.40749142e-01 3.84643465e+00 -1.54504656e-02 2.46006316e-01
9.59487254e-04 -8.18545834e-04 -1.15797014e-03 2.53302059e-03 1.70732829e-03 3.17502840e-03 -2.80455912e-03 2.00050099e-03 3.05681567e-03 8.43873455e-01 4.11034414e+00 -1.92818127e-02 2.47631583e-01
1.72758588e-03 -2.83062837e-03 -1.69285135e-03 3.13104823e-03 8.68188129e-04 3.09396482e-03 -3.18735667e-03 -2.04633095e-04 3.23639300e-03 8.40249878e-01 3.76587594e+00 2.17695467e-02 2.68218782e-01
1.42138336e-03 -2.49056802e-03 -1.35511323e-03 2.68784647e-03 7.99491126e-04 3.28926439e-03 -2.84793769e-03 5.47335464e-04 3.02284756e-03 7.86729939e-01 3.83562977e+00 2.14294363e-03 2.71200465e-01
7.56124345e-04 -1.87782540e-03 -1.76082150e-03 2.78866506e-03 1.20022655e-03 2.79324813e-03 -3.13672987e-03 1.63552170e-03 3.30693060e-03 8.92947861e-01 3.98191350e+00 -2.01859979e-03 2.44268956e-01
1.14863234e-03 -2.31293746e-03 -1.87467852e-03 3.00398907e-03 1.58768160e-03 2.91977629e-03 -3.29126125e-03 1.34445137e-03 3.40993893e-03 8.79566575e-01 4.10660359e+00 -7.43482969e-03 2.45899114e-01
1.12465699e-03 -2.24121644e-03 -1.24803470e-03 2.42893419e-03 4.44123790e-04 3.16227287e-03 -2.73514572e-03 8.77207208e-04 2.95982431e-03 8.00294741e-01 3.72618552e+00 7.90517644e-03 2.70430152e-01
1.26865195e-03 -2.50147987e-03 -1.63893322e-03 2.90557304e-03 1.04179423e-03 2.90758785e-03 -3.16745958e-03 9.31912157e-04 3.30114707e-03 8.32861937e-01 4.02734335e+00 2.16067676e-03 2.56415431e-01
7.72988916e-04 -1.96832532e-03 -1.60819021e-03 2.64446479e-03 1.05052567e-03 3.27174587e-03 -2.87292114e-03 1.45254832e-03 3.13789449e-03 8.51263331e-01 3.84563419e+00 -2.10185416e-03 2.60418819e-01
1.33825831e-03 -2.34099203e-03 -1.49833679e-03 2.66300034e-03 1.20365077e-03 2.81563531e-03 -2.69991557e-03 3.76419693e-04 2.79821529e-03 8.27406711e-01 3.60041529e+00 -8.57007085e-03 2.62287388e-01
5.77005557e-04 -1.47508624e-03 -1.66266261e-03 2.98938612e-03 1.08359746e-03 3.65069619e-03 -3.33379293e-03 2.25222866e-03 3.66395755e-03 8.57739640e-01 4.29628493e+00 9.01684609e-03 2.54563873e-01
1.57621238e-03 -2.62835991e-03 -1.61103429e-03 3.00487170e-03 1.31532525e-03 3.24786223e-03 -3.02323839e-03 3.56370312e-04 3.13154167e-03 8.29163492e-01 3.74759094e+00 -1.07235741e-02 2.63426570e-01
4.38826179e-04 -1.36180231e-03 -1.61651632e-03 2.66547919e-03 9.44167191e-04 3.12009555e-03 -3.02491265e-03 2.00911012e-03 3.31470257e-03 8.56185547e-01 4.13957225e+00 1.14292944e-02 2.53495850e-01
2.12523492e-03 -3.23873381e-03 -1.39144895e-03 3.19628520e-03 6.16929640e-04 4.56152932e-03 -3.53179447e-03 4.63649432e-04 3.76786781e-03 8.45736666e-01 4.10387193e+00 3.57070170e-02 2.78243659e-01
7.41767434e-04 -1.49859779e-03 -1.47620979e-03 2.25639284e-03 1.13073119e-03 1.86085426e-03 -2.64459904e-03 1.27320110e-03 2.67136018e-03 8.39480229e-01 3.80320409e+00 -2.95407412e-02 2.34941555e-01
8.18375354e-04 -1.67125348e-03 -1.43129239e-03 2.39839529e-03 1.29030663e-03 2.59576291e-03 -2.56835551e-03 1.25086994e-03 2.71267878e-03 8.26760061e-01 3.73190115e+00 -2.46823839e-02 2.51443378e-01
1.54129881e-03 -2.89074696e-03 -1.61176034e-03 3.25799262e-03 7.75832890e-04 3.78914830e-03 -3.56197721e-03 1.01786098e-03 3.78503084e-03 8.60840768e-01 4.17418995e+00 2.87455520e-02 2.65223882e-01
7.87652547e-04 -2.09781480e-03 -1.52576211e-03 2.54652048e-03 5.63697884e-04 3.85307287e-03 -2.91820940e-03 1.49242120e-03 3.28584321e-03 8.21194580e-01 3.92966593e+00 1.43190338e-02 2.73019562e-01
1.31703734e-03 -2.45055831e-03 -1.76192230e-03 2.83602396e-03 1.35829823e-03 2.35061634e-03 -3.14334417e-03 8.09752357e-04 3.16827970e-03 8.60560256e-01 3.92621486e+00 -1.31226387e-02 2.42819178e-01
1.59841763e-03 -2.57357633e-03 -1.55847950e-03 2.93112005e-03 1.07463929e-03 3.06463551e-03 -2.91955510e-03 -1.03758176e-05 2.98684077e-03 8.22561236e-01 3.69618343e+00 8.57660278e-03 2.68104579e-01
8.45572892e-04 -8.53824753e-04 -1.24380663e-03 2.74616485e-03 1.58690510e-03 3.39156106e-03 -3.00470705e-03 2.20310851e-03 3.27662247e-03 8.60125841e-01 4.18066773e+00 -8.09997164e-03 2.47694847e-01
7.41758627e-04 -1.66890238e-03 -1.61937766e-03 2.58868723e-03 1.25332001e-03 2.60496506e-03 -2.90521677e-03 1.55751510e-03 3.05323947e-03 8.33610183e-01 4.01664909e+00 -1.95128000e-02 2.46321829e-01
1.63348379e-03 -2.74304935e-03 -1.42353629e-03 2.97214638e-03 8.28711022e-04 3.59496380e-03 -3.16270900e-03 5.79244890e-04 3.34160008e-03 8.52204426e-01 3.87360312e+00 2.20001638e-02 2.69482634e-01
1.02242031e-03 -2.19643397e-03 -1.92650303e-03 3.31546991e-03 1.64595510e-03 3.93679068e-03 -3.55604819e-03 1.93507191e-03 3.83888313e-03 8.89189202e-01 4.31464573e+00 5.68740026e-03 2.54519718e-01
1.12052853e-03 -2.05232114e-03 -1.19943426e-03 2.33056139e-03 6.98314385e-04 2.45492387e-03 -2.49561542e-03 5.75631168e-04 2.60749762e-03 7.94230245e-01 3.55882048e+00 -5.50851121e-03 2.62368439e-01
1.32614165e-03 -2.40905040e-03 -1.48486158e-03 2.76052048e-03 9.95109943e-04 2.78205554e-03 -2.92104272e-03 6.16617585e-04 3.02694108e-03 8.32550064e-01 3.70455683e+00 -9.28120852e-03 2.57594468e-01
7.79054701e-04 -1.82045030e-03 -1.65886200e-03 2.85598625e-03 1.26347417e-03 3.54092721e-03 -3.10341781e-03 1.80688283e-03 3.39243462e-03 8.52473396e-01 4.18551964e+00 9.81619659e-03 2.59338292e-01
7.87284996e-04 -1.99031349e-03 -1.39895003e-03 2.42121983e-03 5.58939490e-04 3.24437728e-03 -2.73354301e-03 1.28058060e-03 3.01651788e-03 8.04495526e-01 3.76736093e+00 -1.23850880e-03 2.67820199e-01
1.39005087e-03 -2.50018155e-03 -1.77817687e-03 3.06943789e-03 1.56786968e-03 2.94132595e-03 -3.29888591e-03 1.05202617e-03 3.38861782e-03 8.78408990e-01 4.08645235e+00 1.28390417e-03 2.48785314e-01
7.78143862e-04 -1.38357946e-03 -1.32896089e-03 2.23449525e-03 1.11603739e-03 1.97191851e-03 -2.59086317e-03 1.32519075e-03 2.63605082e-03 8.25935278e-01 3.82537483e+00 -2.78489371e-02 2.37939200e-01
2.01565565e-03 -3.24477475e-03 -1.57776679e-03 3.36227208e-03 8.68622694e-04 4.55224215e-03 -3.58658512e-03 5.15605930e-04 3.82146252e-03 8.62404338e-01 4.10404506e+00 3.31351044e-02 2.75998980e-01
1.86435050e-03 -3.02418150e-03 -1.50403117e-03 3.22127220e-03 9.07354038e-04 4.20655005e-03 -3.41561506e-03 5.87453454e-04 3.63341921e-03 8.67721599e-01 3.99163222e+00 2.89539555e-02 2.73180995e-01
7.51650448e-04 -1.52862096e-03 -1.46455566e-03 2.36232288e-03 1.14025424e-03 2.16268467e-03 -2.71464711e-03 1.39094088e-03 2.79647800e-03 8.20909773e-01 3.92693362e+00 -2.48686479e-02 2.41796094e-01
2.13822459e-03 -3.45849731e-03 -1.91703477e-03 3.75139847e-03 1.15920101e-03 4.39905438e-03 -3.81516949e-03 8.76333077e-05 3.96578402e-03 8.56355642e-01 4.27571952e+00 3.95969464e-02 2.73788527e-01
5.02965631e-04 -9.68974118e-04 -1.25348144e-03 2.14591659e-03 1.00490337e-03 2.21573359e-03 -2.46213351e-03 1.59336995e-03 2.61247712e-03 8.31377784e-01 3.67217319e+00 -3.22210671e-02 2.40472207e-01
1.30877282e-03 -2.38354120e-03 -1.62270242e-03 2.89129077e-03 1.45724410e-03 3.15287139e-03 -3.00017411e-03 9.25890830e-04 3.14526729e-03 8.55988099e-01 3.81092431e+00 -1.32764045e-02 2.55928563e-01
6.84794471e-04 -2.07486083e-03 -1.64165112e-03 2.69161652e-03 6.15074206e-04 3.14831891e-03 -3.04338346e-03 1.49162675e-03 3.31191518e-03 8.26520814e-01 4.05263901e+00 1.44784073e-02 2.61737554e-01
1.66932533e-03 -2.74785791e-03 -1.50325001e-03 2.89614960e-03 6.51624036e-04 2.97457702e-03 -3.04897175e-03 -6.45636856e-05 3.12236892e-03 8.33167697e-01 3.74788728e+00 2.68374177e-02 2.69449422e-01
8.77681436e-04 -1.22298073e-03 -1.45525783e-03 2.69098311e-03 1.62661802e-03 3.14649233e-03 -2.99858680e-03 1.95432314e-03 3.22088943e-03 8.49552488e-01 4.12004840e+00 -2.31316268e-02 2.46313052e-01
1.34586177e-03 -2.48485382e-03 -1.59440656e-03 2.83002070e-03 1.19658431e-03 2.98879088e-03 -2.95241562e-03 6.41060146e-04 3.08026085e-03 8.05808411e-01 3.92791513e+00 -5.22513301e-03 2.62231361e-01
6.33904241e-04 -1.74358165e-03 -1.62412995e-03 2.76450476e-03 9.79101428e-04 3.28427783e-03 -3.05493082e-03 1.79264245e-03 3.32942129e-03 8.78314291e-01 3.93340884e+00 5.38864625e-03 2.54466442e-01
1.77167339e-03 -3.08627628e-03 -1.98688624e-03 3.47974138e-03 1.41842842e-03 3.49544980e-03 -3.51773823e-03 2.11300198e-04 3.61056484e-03 8.61355482e-01 4.12673615e+00 2.58278542e-02 2.64260010e-01
4.89669676e-04 -9.96231743e-04 -1.29278285e-03 2.32727851e-03 1.01648131e-03 2.94517426e-03 -2.61884463e-03 1.85872995e-03 2.90254658e-03 8.25998593e-01 3.78815285e+00 -2.25068415e-02 2.52255412e-01
1.11181647e-03 -2.47389963e-03 -1.75027732e-03 3.01092993e-03 1.09900556e-03 3.42701196e-03 -3.24409955e-03 1.23827523e-03 3.46944762e-03 8.36951408e-01 4.09951726e+00 3.84330825e-03 2.61082013e-01
8.43526147e-04 -1.96815836e-03 -1.51521678e-03 2.57305632e-03 9.80973775e-04 2.82093456e-03 -2.79349069e-03 1.22866936e-03 2.97728918e-03 8.47254590e-01 3.77177924e+00 -3.72832113e-03 2.55673959e-01
1.03477646e-03 -6.65850980e-04 -1.14306055e-03 2.86504887e-03 1.76061648e-03 3.80881642e-03 -3.17548750e-03 2.43750117e-03 3.52654462e-03 8.82438228e-01 4.38478832e+00 1.19028737e-02 2.50091647e-01
1.43214135e-03 -2.37636692e-03 -1.58407426e-03 2.80302009e-03 1.16081500e-03 2.84903118e-03 -2.72621628e-03 -5.77289260e-05 2.77799147e-03 8.03449371e-01 3.52942964e+00 -1.11894160e-02 2.66173077e-01
7.28100386e-04 -1.71101630e-03 -1.61544653e-03 2.76228228e-03 1.15695318e-03 3.13890954e-03 -3.06032993e-03 1.76325644e-03 3.29411435e-03 8.27177757e-01 4.18363629e+00 -3.22524939e-03 2.54622311e-01
1.41993547e-03 -2.52839552e-03 -1.50821439e-03 2.81876792e-03 1.04816088e-03 3.08935994e-03 -2.95016377e-03 5.58835138e-04 3.08761808e-03 8.57312405e-01 3.69021539e+00 3.30380249e-03 2.62357596e-01
2.00424254e-03 -3.04843865e-03 -1.81063957e-03 3.55240008e-03 1.14410890e-03 4.15850945e-03 -3.42404794e-03 -3.09230205e-04 3.50844725e-03 8.21619732e-01 3.98192758e+00 2.35385432e-02 2.76877344e-01
1.03047581e-03 -3.63239759e-04 -7.18021282e-04 2.27296601e-03 1.60363341e-03 2.54644899e-03 -2.49283870e-03 1.83182818e-03 2.61886694e-03 8.59075715e-01 3.89297408e+00 -2.05741713e-02 2.35685052e-01
1.74404563e-03 -2.64633241e-03 -1.24840026e-03 2.70459131e-03 4.85014236e-04 3.01282722e-03 -2.90234416e-03 -5.70705894e-05 2.98291015e-03 8.24150281e-01 3.52997046e+00 8.98846804e-03 2.71467949e-01
1.00269960e-03 -1.41180635e-03 -1.56850715e-03 2.76265436e-03 1.74859871e-03 2.88307872e-03 -3.12982682e-03 1.85846503e-03 3.26797649e-03 8.58666592e-01 4.35448333e+00 -8.47542571e-03 2.43951927e-01
1.70695733e-03 -2.97745590e-03 -1.97243535e-03 3.42200258e-03 1.30546529e-03 3.43533002e-03 -3.39822688e-03 1.08700769e-05 3.47445656e-03 8.41247084e-01 3.97811534e+00 1.53456622e-02 2.66213894e-01
6.90206601e-04 -7.37024198e-04 -1.11565708e-03 2.35620063e-03 1.29575643e-03 3.03764730e-03 -2.62840171e-03 1.95433711e-03 2.91038063e-03 8.43058506e-01 3.90187273e+00 -1.40563865e-02 2.50036561e-01
1.55955018e-03 -2.79961306e-03 -1.96178929e-03 3.25575735e-03 1.68826610e-03 3.33209114e-03 -3.23393204e-03 3.89123251e-04 3.33186426e-03 8.47255690e-01 3.94465006e+00 -3.07971402e-03 2.60448934e-01
3.93901597e-04 -1.05774810e-03 -1.33320700e-03 2.44748225e-03 7.29277824e-04 3.22204071e-03 -2.79620422e-03 2.02608747e-03 3.12985852e-03 8.36991475e-01 3.92182083e+00 3.16600928e-03 2.57036077e-01
5.06742745e-04 -1.04162295e-03 -1.33081287e-03 2.37472227e-03 1.01489592e-03 2.43988423e-03 -2.68759057e-03 1.76526943e-03 2.84814743e-03 8.41817437e-01 3.94089085e+00 -7.94078913e-03 2.43760906e-01
1.84422810e-03 -3.02795937e-03 -1.73262866e-03 3.34969288e-03 1.26724659e-03 4.02367275e-03 -3.36176804e-03 2.72528594e-04 3.52083128e-03 8.42620344e-01 3.93937094e+00 8.35270477e-03 2.71446721e-01
1.73057215e-03 -3.03235115e-03 -1.90446443e-03 3.44033847e-03 1.47055568e-03 3.88216847e-03 -3.44415960e-03 4.23092550e-04 3.59780548e-03 8.51782250e-01 4.09130359e+00 1.53633187e-02 2.67666468e-01
3.64493256e-04 -1.14164289e-03 -1.40983790e-03 2.33345171e-03 7.97342048e-04 2.59006916e-03 -2.66870017e-03 1.77421974e-03 2.89786313e-03 8.33571128e-01 3.80373905e+00 -1.41038717e-02 2.48244475e-01
1.66435861e-03 -2.57527566e-03 -1.43660844e-03 2.89725883e-03 1.03416248e-03 3.44969608e-03 -2.86803361e-03 4.98386804e-05 2.97532669e-03 7.91374209e-01 3.69527236e+00 -4.20117611e-03 2.73682188e-01
6.71681241e-04 -1.06588520e-03 -1.46677633e-03 2.69830200e-03 1.28814250e-03 2.80404724e-03 -3.09033966e-03 2.07354860e-03 3.28090439e-03 8.91298951e-01 4.17172221e+00 4.32014584e-03 2.40187007e-01
1.36736368e-03 -2.61807012e-03 -1.53872565e-03 2.90921220e-03 8.83708649e-04 3.58821486e-03 -3.11013978e-03 8.39138733e-04 3.32980454e-03 8.42240258e-01 3.97167606e+00 2.25952568e-02 2.69242008e-01
7.81440519e-04 -1.88446467e-03 -1.66185733e-03 2.65046258e-03 1.13011683e-03 2.64500851e-03 -2.96675534e-03 1.45186648e-03 3.12182368e-03 8.42176095e-01 3.91711699e+00 -1.99374994e-02 2.46659727e-01
1.18232848e-03 -2.42738137e-03 -1.58950655e-03 2.84888569e-03 1.04874665e-03 3.38513053e-03 -3.02778839e-03 1.02275002e-03 3.24358826e-03 8.53877346e-01 4.02241332e+00 2.73889970e-02 2.65879465e-01
8.37796025e-04 -2.06399270e-03 -1.67470375e-03 2.76496513e-03 1.03158319e-03 2.89000106e-03 -3.04525045e-03 1.39391189e-03 3.22872959e-03 8.32528584e-01 3.87250383e+00 -2.36455371e-02 2.50652871e-01
1.04472051e-03 -2.11953891e-03 -1.58007828e-03 2.78332866e-03 1.28785539e-03 3.07774878e-03 -2.95184878e-03 1.23930774e-03 3.12827514e-03 8.42123076e-01 3.77474504e+00 -2.64488184e-02 2.52920977e-01
1.19465863e-03 -2.41329336e-03 -1.53314831e-03 2.86490429e-03 9.04632763e-04 3.28957220e-03 -3.10592657e-03 1.08410874e-03 3.31004250e-03 8.42337573e-01 4.12562297e+00 3.13118997e-02 2.64540080e-01
1.62745984e-03 -2.63846199e-03 -1.46801905e-03 2.86026135e-03 7.97812091e-04 3.16183363e-03 -2.93555861e-03 -1.68111522e-07 3.02621407e-03 8.14766773e-01 3.64807094e+00 5.74445745e-03 2.71075305e-01
9.01200195e-04 -1.06785703e-03 -1.34778782e-03 2.74191369e-03 1.61471851e-03 3.05751820e-03 -3.04000553e-03 2.03591688e-03 3.22796820e-03 8.67518966e-01 4.22936140e+00 -5.48619580e-03 2.44012434e-01
1.89781946e-03 -3.08065347e-03 -1.92331010e-03 3.54627626e-03 1.26228810e-03 3.73409107e-03 -3.48779139e-03 -1.41864239e-04 3.56323992e-03 8.44120090e-01 3.97634041e+00 1.93093047e-02 2.69641043e-01
7.88652755e-04 -6.03314779e-04 -9.91767913e-04 2.27711021e-03 1.40369535e-03 2.79133762e-03 -2.53616194e-03 1.87062281e-03 2.76572492e-03 8.40553569e-01 3.90627527e+00 -1.73360489e-02 2.45866247e-01
1.38082095e-03 -2.48485838e-03 -1.58153006e-03 2.91723406e-03 1.15482548e-03 2.82277605e-03 -3.08703397e-03 7.14163712e-04 3.17950688e-03 8.32600519e-01 3.98061391e+00 4.90259111e-03 2.56826762e-01
7.15645941e-04 -1.77783424e-03 -1.57030015e-03 2.68787745e-03 1.09902446e-03 3.48014603e-03 -2.92098671e-03 1.69164480e-03 3.22138261e-03 8.51320208e-01 3.89585563e+00 -4.72843834e-03 2.60097680e-01
1.14847800e-03 -2.17829545e-03 -1.65936427e-03 2.62431423e-03 1.38963525e-03 2.30566734e-03 -2.86284837e-03 8.47743622e-04 2.90368520e-03 8.56367593e-01 3.79996683e+00 -1.60371458e-02 2.44551994e-01
9.06532322e-04 -2.32105364e-03 -1.57713403e-03 2.75888021e-03 4.34152624e-04 4.02436271e-03 -3.19303171e-03 1.54012767e-03 3.56378276e-03 8.25678688e-01 4.04693196e+00 1.77985226e-02 2.71839582e-01
1.15955703e-03 -2.20471449e-03 -1.36593603e-03 2.56310656e-03 8.86635952e-04 2.80342657e-03 -2.75241496e-03 8.12882166e-04 2.90052162e-03 8.23180375e-01 3.70243997e+00 -4.54443121e-03 2.60505299e-01
9.38809438e-04 -2.17957126e-03 -1.80278695e-03 3.00926132e-03 1.29330160e-03 3.45307913e-03 -3.28740205e-03 1.63360665e-03 3.53283162e-03 8.61413861e-01 4.18217470e+00 4.67837169e-03 2.56223171e-01
5.89006348e-04 -1.65560709e-03 -1.21253854e-03 2.10265635e-03 3.20485531e-04 2.85590664e-03 -2.43606246e-03 1.25300075e-03 2.70202090e-03 7.90711306e-01 3.57852119e+00 -8.25104983e-04 2.67701375e-01
1.64388259e-03 -2.84550224e-03 -2.03699835e-03 3.51567395e-03 2.00836116e-03 3.44568533e-03 -3.65426548e-03 1.04522569e-03 3.74598136e-03 8.90628786e-01 4.25636219e+00 8.84055046e-04 2.49699300e-01
1.42402947e-03 -2.68258376e-03 -1.69646615e-03 3.16758547e-03 1.17617494e-03 3.38643062e-03 -3.38806112e-03 1.01829022e-03 3.55655369e-03 8.64388420e-01 3.97275103e+00 -2.24205561e-03 2.56414552e-01
7.79143075e-04 -1.79324635e-03 -1.43215090e-03 2.46391350e-03 1.03223255e-03 2.88734183e-03 -2.64794184e-03 1.29222973e-03 2.85343572e-03 8.18907176e-01 3.88420458e+00 2.31860244e-03 2.60769888e-01
1.58983369e-03 -2.76127803e-03 -1.61050144e-03 3.00380164e-03 9.89965253e-04 3.06213613e-03 -3.16002053e-03 3.44438540e-04 3.26372714e-03 8.53077975e-01 3.86046112e+00 1.73814447e-02 2.63106233e-01
6.81328343e-04 -1.42656445e-03 -1.50961975e-03 2.61194283e-03 1.25926252e-03 3.16618725e-03 -2.89198282e-03 1.82861872e-03 3.15090099e-03 8.32531507e-01 4.01959611e+00 -1.57928208e-02 2.53478196e-01
1.44936343e-03 -2.81215262e-03 -1.69192261e-03 3.12026878e-03 9.11353112e-04 3.31264414e-03 -3.37357650e-03 7.99489553e-04 3.54254499e-03 8.39592185e-01 4.11911847e+00 1.82168253e-02 2.62765812e-01
7.41122795e-04 -1.66202968e-03 -1.47172455e-03 2.50723940e-03 1.19925393e-03 2.92820044e-03 -2.69569867e-03 1.46189155e-03 2.90457430e-03 8.44472463e-01 3.76122575e+00 -1.64315284e-02 2.54071921e-01
1.21840215e-03 -2.39237275e-03 -1.55249168e-03 2.76950140e-03 1.07007878e-03 3.08295685e-03 -2.92013055e-03 8.18497460e-04 3.08656211e-03 8.24721427e-01 3.72321738e+00 -1.78834367e-02 2.60426410e-01
7.13398046e-04 -2.02845654e-03 -1.77981170e-03 2.84942795e-03 9.98595920e-04 3.15615600e-03 -3.17269663e-03 1.64028905e-03 3.41509967e-03 8.61996883e-01 4.18163835e+00 1.99053436e-02 2.56584564e-01
6.29859967e-04 -1.68052824e-03 -1.62441699e-03 2.65795348e-03 1.06426522e-03 3.12855515e-03 -2.96061173e-03 1.73875452e-03 3.22200959e-03 8.60937338e-01 3.91846036e+00 -6.01724614e-03 2.53361972e-01
1.43794277e-03 -2.63104612e-03 -1.61079145e-03 2.92727361e-03 1.06952209e-03 3.07589720e-03 -3.07929361e-03 5.65356775e-04 3.20929381e-03 8.21995319e-01 3.94794673e+00 6.30096964e-03 2.63292609e-01
7.92799879e-04 -7.96229284e-04 -1.13582969e-03 2.41120044e-03 1.41805756e-03 2.97025209e-03 -2.69528321e-03 1.92864305e-03 2.93872589e-03 8.40911891e-01 4.01058670e+00 -1.39726055e-02 2.48176546e-01
1.77906648e-03 -2.94577478e-03 -1.80923869e-03 3.31456905e-03 1.13722676e-03 3.41879642e-03 -3.32051493e-03 -6.14263958e-05 3.39568487e-03 8.43661107e-01 3.86842682e+00 1.52368472e-02 2.67792393e-01
9.41199253e-04 -2.25229152e-03 -1.86346945e-03 3.01602854e-03 1.31932418e-03 3.30798538e-03 -3.28014579e-03 1.52829913e-03 3.49901750e-03 8.56929903e-01 4.19556029e+00 4.22874137e-03 2.55493307e-01
1.08119148e-03 -2.19531468e-03 -1.38813172e-03 2.55200407e-03 7.93707692e-04 2.88863597e-03 -2.77738460e-03 9.17791664e-04 2.95453426e-03 8.27656978e-01 3.69130553e+00 -4.11308646e-03 2.61240681e-01
6.36410414e-04 -1.62017675e-03 -1.71220992e-03 2.74084947e-03 1.18220860e-03 2.86538315e-03 -3.09950951e-03 1.81687217e-03 3.30092268e-03 8.92958309e-01 4.02798336e+00 2.13374894e-03 2.45076801e-01
1.55793427e-03 -2.53617017e-03 -1.35872781e-03 2.78031432e-03 9.17355886e-04 3.26302231e-03 -2.88005340e-03 3.69640933e-04 3.01636034e-03 7.88585047e-01 3.80170960e+00 -2.06524561e-03 2.70283564e-01
1.46650515e-03 -2.40855980e-03 -1.16628654e-03 2.50431201e-03 5.70877234e-04 3.27663175e-03 -2.70731800e-03 4.44386203e-04 2.88073453e-03 8.12823800e-01 3.57068063e+00 5.88917702e-03 2.73817700e-01
9.10572820e-04 -1.91034411e-03 -1.86377574e-03 2.92078331e-03 1.46655002e-03 2.65975988e-03 -3.34453416e-03 1.69871241e-03 3.44264402e-03 8.69209816e-01 4.31481120e+00 -5.61637127e-03 2.40884781e-01
1.02910995e-03 -2.23375818e-03 -1.62257521e-03 2.89146405e-03 1.08819535e-03 3.33108095e-03 -3.13158204e-03 1.37448899e-03 3.35695439e-03 8.73237725e-01 4.02172274e+00 1.74067666e-02 2.58840564e-01
9.94342945e-04 -2.18198801e-03 -1.57883768e-03 2.69778388e-03 1.05093851e-03 2.94904438e-03 -2.90336619e-03 1.10915497e-03 3.08235112e-03 8.13862116e-01 3.86254322e+00 -1.58759940e-02 2.57895456e-01
1.34014770e-03 -3.72410686e-04 -6.68649814e-04 2.36086791e-03 1.93558455e-03 2.79559962e-03 -2.61816019e-03 1.87113228e-03 2.76321223e-03 8.56702562e-01 4.08474655e+00 -1.96078617e-02 2.38049535e-01
1.86630582e-03 -2.84534353e-03 -1.72715057e-03 3.36765565e-03 9.37417532e-04 3.70060277e-03 -3.26036478e-03 -4.15194631e-04 3.30955323e-03 8.24742428e-01 3.79200455e+00 2.22730251e-02 2.75375220e-01
7.84897393e-04 -2.10458168e-03 -1.65791765e-03 2.73510418e-03 8.13366314e-04 2.91712524e-03 -3.04904904e-03 1.38527649e-03 3.25669555e-03 8.54297728e-01 3.79164472e+00 -1.21104672e-02 2.52212468e-01
1.24940581e-03 -2.34462089e-03 -1.56933632e-03 2.88658244e-03 1.34109179e-03 3.36209338e-03 -2.98283650e-03 1.02138752e-03 3.17027582e-03 8.28609271e-01 4.09201059e+00 1.31059184e-02 2.64558386e-01
8.39136667e-04 -2.02920038e-03 -1.60766903e-03 2.69405309e-03 1.07419630e-03 3.27283179e-03 -2.92340552e-03 1.42764120e-03 3.17754492e-03 8.28078973e-01 4.03603271e+00 5.19396013e-03 2.62343700e-01
1.17395489e-03 -2.45724459e-03 -1.66528724e-03 2.88160535e-03 1.00843218e-03 2.92981043e-03 -3.12356899e-03 9.57827550e-04 3.27264373e-03 8.55518649e-01 3.83530649e+00 -4.99667704e-03 2.54594772e-01
1.92761663e-03 -2.89434202e-03 -1.59168865e-03 3.21279898e-03 8.55738861e-04 3.63965575e-03 -3.21603910e-03 -3.00180241e-04 3.28441743e-03 8.15116626e-01 3.79707537e+00 1.58823852e-02 2.75182573e-01
9.06252959e-04 -6.89791854e-04 -1.10693264e-03 2.43494688e-03 1.57822918e-03 2.64171884e-03 -2.75125899e-03 1.90140773e-03 2.90030026e-03 8.65431310e-01 4.06245575e+00 -1.44135972e-02 2.38365265e-01
9.27054395e-04 -2.13969773e-03 -1.65725092e-03 2.87108528e-03 1.10075914e-03 3.42704115e-03 -3.12669867e-03 1.51382886e-03 3.38169045e-03 8.84351354e-01 3.92177055e+00 7.28900652e-03 2.57337924e-01
1.20651906e-03 -2.23460169e-03 -1.45022597e-03 2.69477370e-03 1.11102407e-03 2.85036698e-03 -2.85574339e-03 8.83168263e-04 2.98908631e-03 8.00004685e-01 3.93486412e+00 -7.01154066e-03 2.59706188e-01
9.13203617e-04 -2.10249733e-03 -1.33616823e-03 2.38382760e-03 4.98610556e-04 3.32194814e-03 -2.69031260e-03 1.10686639e-03 2.96780661e-03 8.22955946e-01 3.65980320e+00 7.36616785e-03 2.70965710e-01
1.20004560e-03 -2.43528398e-03 -1.93546445e-03 3.05338181e-03 1.50216242e-03 2.71441723e-03 -3.38605545e-03 1.21690599e-03 3.45807614e-03 8.59927298e-01 4.21268721e+00 -7.00018217e-03 2.44961404e-01
4.75604197e-04 -9.85665177e-04 -1.34748101e-03 2.38232376e-03 1.03621825e-03 2.78596522e-03 -2.69597312e-03 1.87805729e-03 2.94190435e-03 8.22920207e-01 3.90519497e+00 -2.04752464e-02 2.48896144e-01
1.81818210e-03 -2.98444280e-03 -1.81502756e-03 3.41755386e-03 1.38034821e-03 3.69781476e-03 -3.39960558e-03 2.01803597e-04 3.50952746e-03 8.64484232e-01 3.99729902e+00 2.31659597e-02 2.67175224e-01
8.18742476e-04 -1.90021124e-03 -1.69218949e-03 2.86045288e-03 1.24853347e-03 3.31855261e-03 -3.14038940e-03 1.71951582e-03 3.38612038e-03 8.49942961e-01 4.03914871e+00 -1.24963318e-02 2.53368954e-01
1.30227830e-03 -2.43503800e-03 -1.46982975e-03 2.70888296e-03 9.15182773e-04 2.90917848e-03 -2.88945974e-03 6.42241365e-04 3.03050192e-03 8.33523708e-01 3.83027463e+00 1.35384371e-02 2.63352655e-01
7.73983206e-04 -1.78701091e-03 -1.86244712e-03 2.97422877e-03 1.30778323e-03 2.79293583e-03 -3.42376001e-03 1.90472396e-03 3.56742277e-03 8.85101813e-01 4.26782795e+00 -3.40440687e-03 2.39615625e-01
1.47046871e-03 -2.37968089e-03 -1.20863647e-03 2.50655685e-03 7.35550259e-04 3.21408446e-03 -2.62961506e-03 3.22313267e-04 2.78284279e-03 7.95307057e-01 3.60280280e+00 3.57346606e-03 2.74417681e-01
1.07754467e-03 -2.14937116e-03 -1.42364000e-03 2.61611675e-03 9.56123348e-04 2.88521624e-03 -2.81718470e-03 1.00743859e-03 2.98353948e-03 8.21153934e-01 3.71654176e+00 -1.73474098e-02 2.57658164e-01
1.03835776e-03 -2.30677939e-03 -1.75208677e-03 2.99158218e-03 1.23705624e-03 3.41645627e-03 -3.24062349e-03 1.44298060e-03 3.47150843e-03 8.65794010e-01 4.19149069e+00 1.92273067e-02 2.59165598e-01
7.41796641e-04 -1.91024924e-03 -1.74194071e-03 2.93334450e-03 1.20006153e-03 3.63693818e-03 -3.19624195e-03 1.84667012e-03 3.50089677e-03 8.51081802e-01 4.14117245e+00 9.12544947e-04 2.58706639e-01
1.23321181e-03 -2.35369525e-03 -1.49554752e-03 2.65031297e-03 9.66581807e-04 2.65415453e-03 -2.83776275e-03 6.43453592e-04 2.95020291e-03 8.33270199e-01 3.73635432e+00 -8.82663811e-04 2.58114303e-01
1.35581665e-03 -2.50075493e-03 -1.46210012e-03 2.81139473e-03 9.13771554e-04 3.31666189e-03 -2.97278806e-03 7.30369927e-04 3.15594537e-03 8.41847499e-01 3.74602775e+00 2.94454064e-03 2.65751344e-01
7.80550699e-04 -1.87329630e-03 -1.70158372e-03 2.74703671e-03 1.20020061e-03 2.84816244e-03 -3.06397051e-03 1.58976977e-03 3.24582986e-03 8.42546924e-01 4.13914151e+00 -2.86933156e-03 2.50710942e-01
9.67693028e-04 -3.38098325e-04 -7.38765098e-04 2.25085888e-03 1.57361058e-03 2.64584655e-03 -2.46042102e-03 1.85620886e-03 2.62687309e-03 8.56297616e-01 3.83679174e+00 -2.29718405e-02 2.38009714e-01
1.98392775e-03 -3.04430137e-03 -1.88709849e-03 3.64744794e-03 1.27169466e-03 4.12190676e-03 -3.47427249e-03 -2.95606273e-04 3.54842680e-03 8.24706154e-01 4.04550780e+00 2.66811528e-02 2.75323371e-01
3.98076481e-04 -1.57550469e-03 -1.42146043e-03 2.26112904e-03 4.25944981e-04 2.80699581e-03 -2.60653669e-03 1.50529549e-03 2.88284472e-03 8.02935925e-01 3.66786488e+00 -1.14022244e-02 2.60688873e-01
1.58973140e-03 -2.83341608e-03 -1.96707720e-03 3.43551173e-03 1.84392245e-03 3.57281325e-03 -3.50939851e-03 9.17945614e-04 3.63889266e-03 8.83004594e-01 4.21598797e+00 1.21445957e-02 2.56552350e-01
1.07705288e-03 -2.31281490e-03 -1.47142136e-03 2.66126735e-03 7.88090661e-04 3.71059529e-03 -2.90989791e-03 1.16065548e-03 3.20333088e-03 8.15543805e-01 3.96559730e+00 1.56792243e-02 2.72386671e-01
1.06856605e-03 -2.27772619e-03 -1.73828883e-03 2.80088778e-03 1.17131092e-03 2.48374759e-03 -3.12743406e-03 1.11494970e-03 3.21307464e-03 8.65111812e-01 3.89007589e+00 -1.42469144e-02 2.43235580e-01
2.01605030e-03 -2.89217671e-03 -1.41739979e-03 3.06450884e-03 4.68815811e-04 3.37795811e-03 -3.19591063e-03 -4.50876316e-04 3.23477927e-03 8.08799971e-01 3.67662179e+00 1.35266986e-02 2.75510284e-01
1.15849988e-03 -7.79403080e-04 -1.05203076e-03 2.47165877e-03 1.89682433e-03 2.64938255e-03 -2.75209132e-03 1.80821997e-03 2.84570296e-03 8.71108462e-01 4.16132237e+00 -1.24041148e-02 2.38202102e-01
4.42367484e-04 -1.69551878e-03 -1.82025507e-03 2.88483011e-03 8.29988227e-04 3.22747276e-03 -3.29657317e-03 2.03961800e-03 3.58700099e-03 8.47076272e-01 4.23757371e+00 6.25845070e-03 2.53090942e-01
1.32500778e-03 -2.39727906e-03 -1.53608183e-03 2.73936475e-03 1.23094561e-03 3.06370374e-03 -2.78065215e-03 5.25686571e-04 2.91607327e-03 8.37531091e-01 3.65302733e+00 -6.02026639e-03 2.63696083e-01
7.08893486e-04 -1.81804900e-03 -1.49133683e-03 2.56256415e-03 8.47073031e-04 2.81886116e-03 -2.82606114e-03 1.42223368e-03 3.02849814e-03 8.00772906e-01 3.96746500e+00 -7.62827412e-03 2.57052148e-01
1.31390772e-03 -2.59678685e-03 -1.73605241e-03 3.05377752e-03 1.30718339e-03 3.47866731e-03 -3.18900751e-03 9.66541815e-04 3.38352987e-03 8.83841662e-01 3.88653657e+00 7.95455005e-03 2.60300658e-01
1.10168196e-03 -2.07474768e-03 -1.63820196e-03 2.51597954e-03 1.30398933e-03 1.96784400e-03 -2.87588816e-03 9.31058034e-04 2.87034050e-03 8.45322534e-01 3.82532659e+00 -2.88009344e-02 2.36588731e-01
1.33748994e-03 -2.69448132e-03 -1.47382566e-03 2.77442782e-03 3.88123644e-04 4.40761286e-03 -3.25236698e-03 1.20442563e-03 3.61641918e-03 8.38211166e-01 4.06697503e+00 3.46942659e-02 2.77744523e-01
5.07655051e-04 -1.68104822e-03 -1.56905690e-03 2.50540068e-03 7.61531375e-04 3.09991975e-03 -2.81874097e-03 1.64267425e-03 3.10610447e-03 8.23833666e-01 3.90158788e+00 -2.01477594e-03 2.60179968e-01
1.42771690e-03 -2.70675266e-03 -1.80019638e-03 3.10239856e-03 1.33702133e-03 3.14114891e-03 -3.26080535e-03 7.42712072e-04 3.38702011e-03 8.60408573e-01 3.96589291e+00 2.06050467e-03 2.56918993e-01
7.78652189e-04 -1.90848794e-03 -1.36399847e-03 2.40125584e-03 6.25329611e-04 3.31052730e-03 -2.68908773e-03 1.32382153e-03 2.97880467e-03 7.92116974e-01 3.82308944e+00 -8.70480455e-04 2.69135434e-01
1.34490660e-03 -2.62333778e-03 -1.88219267e-03 3.08806052e-03 1.43786826e-03 2.85113447e-03 -3.34596406e-03 9.55010205e-04 3.43623571e-03 8.89409418e-01 4.00416644e+00 9.27423456e-04 2.47558597e-01
1.40935460e-03 -2.60224246e-03 -1.52076224e-03 3.00348762e-03 9.48130365e-04 3.48031981e-03 -3.20100997e-03 9.09355153e-04 3.39563626e-03 8.37468886e-01 4.01363706e+00 1.38158259e-02 2.65025153e-01
7.95277428e-04 -1.78697889e-03 -1.54987950e-03 2.59801194e-03 1.20885700e-03 2.82020178e-03 -2.81938203e-03 1.42665493e-03 2.99608556e-03 8.46435540e-01 3.86016322e+00 -1.27458958e-02 2.51523127e-01
7.54989699e-04 -1.61641960e-03 -1.62849995e-03 2.52806478e-03 1.16564484e-03 2.13096310e-03 -2.96455105e-03 1.51078830e-03 3.02036002e-03 8.63034988e-01 3.99202559e+00 -1.77360427e-02 2.35012360e-01
1.83236848e-03 -2.83381273e-03 -1.29605351e-03 2.86035838e-03 6.91856346e-04 4.00100117e-03 -3.08136481e-03 3.75610585e-04 3.28297927e-03 8.17268590e-01 3.87512448e+00 1.99447929e-02 2.77914723e-01
1.64162891e-03 -2.72389631e-03 -1.46286081e-03 2.92506020e-03 8.45789307e-04 3.18007698e-03 -3.09048395e-03 3.15949142e-04 3.20808254e-03 8.10139033e-01 3.85997933e+00 5.30749960e-03 2.67213326e-01
7.07089974e-04 -1.50222809e-03 -1.56710957e-03 2.61751752e-03 1.30605014e-03 2.94887490e-03 -2.91377488e-03 1.75247842e-03 3.12837089e-03 8.71704163e-01 3.98169606e+00 -5.06885977e-03 2.48910135e-01
1.32916522e-03 -2.52751068e-03 -1.39363628e-03 2.73170884e-03 6.18664121e-04 3.47880760e-03 -2.99689853e-03 8.11996840e-04 3.22079884e-03 8.52672369e-01 3.76083713e+00 1.95000734e-02 2.69799547e-01
1.01767702e-03 -1.95563174e-03 -1.66063225e-03 2.73343159e-03 1.43242300e-03 2.63194892e-03 -3.04818506e-03 1.38818084e-03 3.14767786e-03 8.33037729e-01 4.12445795e+00 -1.75217806e-02 2.46163743e-01
1.25751357e-03 -2.22659661e-03 -1.93720948e-03 3.18955183e-03 1.71815540e-03 2.79919618e-03 -3.64699172e-03 1.64472583e-03 3.69315429e-03 8.91629846e-01 4.43779098e+00 -1.26037042e-03 2.38181035e-01
1.29821561e-03 -2.17401813e-03 -1.02200168e-03 2.18196469e-03 4.04071545e-04 3.05187450e-03 -2.43259296e-03 4.82148894e-04 2.61600126e-03 7.88612985e-01 3.43864198e+00 1.35629424e-03 2.75888915e-01
7.10880983e-04 -1.85696132e-03 -1.49208471e-03 2.48913118e-03 8.83336096e-04 3.18344832e-03 -2.71898313e-03 1.39291981e-03 2.98775691e-03 8.34528665e-01 3.69705371e+00 -1.10459172e-02 2.62003689e-01
1.32298579e-03 -2.65213065e-03 -1.81937669e-03 3.10059313e-03 1.23193325e-03 2.98532606e-03 -3.36789906e-03 9.88702865e-04 3.49336804e-03 8.50505255e-01 4.20255677e+00 1.18120907e-02 2.54828336e-01
9.97934440e-04 -2.24542701e-03 -1.59780643e-03 2.81985013e-03 9.47278133e-04 3.13263351e-03 -3.05992204e-03 1.23868679e-03 3.26445126e-03 8.25986971e-01 4.01204374e+00 2.17061985e-03 2.59675644e-01
9.67546870e-04 -2.18749761e-03 -1.64442478e-03 2.75501829e-03 1.14001489e-03 3.10136527e-03 -2.96136595e-03 1.22469964e-03 3.16468330e-03 8.57797000e-01 3.85508563e+00 -2.10547244e-03 2.57261365e-01
1.82105137e-03 -3.03339474e-03 -2.10240587e-03 3.62425871e-03 1.48888099e-03 3.25809933e-03 -3.57548720e-03 -1.22147246e-04 3.58800659e-03 8.62293123e-01 4.04489568e+00 2.24234945e-02 2.60843482e-01
9.37155334e-04 -4.72816839e-04 -8.02430106e-04 2.22278175e-03 1.57146889e-03 3.37286274e-03 -2.41152793e-03 1.92958384e-03 2.74670232e-03 8.24778746e-01 3.84584534e+00 -1.98861775e-02 2.56230933e-01
1.46092562e-03 -2.60678645e-03 -1.47483389e-03 2.86854003e-03 9.58508593e-04 3.52376064e-03 -3.03035888e-03 6.96336589e-04 3.22688021e-03 8.13197455e-01 3.88100909e+00 4.71809691e-04 2.69085548e-01
7.08971825e-04 -1.77713631e-03 -1.65500080e-03 2.63945027e-03 1.08810875e-03 2.63919560e-03 -2.97955767e-03 1.55832730e-03 3.14338465e-03 8.69996353e-01 3.97554898e+00 -4.28277492e-04 2.46569163e-01
1.63654618e-03 -2.78405790e-03 -1.52863599e-03 3.02044567e-03 9.18964193e-04 3.51082069e-03 -3.15796560e-03 4.14590799e-04 3.31193861e-03 8.35777838e-01 3.77424435e+00 1.01490449e-03 2.68241928e-01
7.00795571e-04 -1.50952592e-03 -1.55108099e-03 2.55693313e-03 1.21197304e-03 2.64237435e-03 -2.89129108e-03 1.66371763e-03 3.05716288e-03 8.48526853e-01 4.10402298e+00 -9.81799940e-04 2.47907932e-01
7.36181808e-04 -1.50365843e-03 -1.51580874e-03 2.64345914e-03 1.25318939e-03 2.88026885e-03 -2.93511245e-03 1.73607735e-03 3.12443389e-03 8.41416604e-01 4.12812774e+00 -2.62245616e-03 2.50363397e-01
1.53628799e-03 -2.71618412e-03 -1.56345940e-03 2.96263336e-03 9.51560932e-04 3.33290766e-03 -3.10128507e-03 4.51048828e-04 3.24959850e-03 8.43009325e-01 3.75468746e+00 2.68820728e-03 2.66117067e-01
7.37923292e-04 -1.62421526e-03 -1.71366599e-03 2.82752693e-03 1.23487240e-03 2.75121941e-03 -3.24770410e-03 1.86978447e-03 3.40307641e-03 8.52620338e-01 4.35324943e+00 2.31611826e-03 2.44793300e-01
1.54866525e-03 -2.48869950e-03 -1.32732920e-03 2.72696332e-03 9.49392686e-04 3.36371328e-03 -2.79480701e-03 3.49719817e-04 2.94213905e-03 8.31833270e-01 3.56335825e+00 -2.26496278e-03 2.70826831e-01
1.97443504e-03 -2.97726049e-03 -1.49554930e-03 3.17550013e-03 7.27244458e-04 3.53281502e-03 -3.29990897e-03 -1.16855928e-04 3.38357532e-03 8.14841206e-01 3.89797943e+00 1.89120566e-02 2.72870347e-01
7.35822933e-04 -1.09308109e-03 -1.36914430e-03 2.41260885e-03 1.40700476e-03 2.59011805e-03 -2.73488173e-03 1.74658417e-03 2.89752872e-03 8.65161175e-01 3.93788215e+00 -1.68963841e-02 2.41872748e-01
4.71384157e-04 -1.09234938e-03 -1.24367540e-03 2.24905599e-03 8.77122433e-04 3.00476046e-03 -2.51233575e-03 1.74867990e-03 2.80606838e-03 8.22352631e-01 3.67005518e+00 -1.91285255e-02 2.57155845e-01
1.73553593e-03 -3.12037202e-03 -2.09509433e-03 3.55051736e-03 1.56777516e-03 3.40991643e-03 -3.64308603e-03 4.13166481e-04 3.72946023e-03 8.64840100e-01 4.24639035e+00 2.14513099e-02 2.59801712e-01
5.46288204e-04 -1.62189343e-03 -1.51585613e-03 2.58663340e-03 7.41136412e-04 3.04057661e-03 -2.92084862e-03 1.73168699e-03 3.18388630e-03 8.41681577e-01 3.86419615e+00 -6.11070011e-03 2.54541442e-01
1.40997297e-03 -2.62528309e-03 -1.75871741e-03 3.05016735e-03 1.45750146e-03 3.30365928e-03 -3.12463173e-03 7.25504280e-04 3.27150242e-03 8.42741287e-01 4.01967518e+00 6.36300672e-03 2.62160339e-01
1.23763416e-03 -2.43663669e-03 -1.58411756e-03 2.81054659e-03 1.06998130e-03 3.07532067e-03 -2.97145524e-03 8.08275039e-04 3.13241175e-03 8.08915487e-01 3.94745512e+00 -1.69321578e-03 2.63001462e-01
7.05163717e-04 -1.96118985e-03 -1.70726460e-03 2.75256699e-03 9.88055556e-04 3.10920586e-03 -3.05758305e-03 1.59516113e-03 3.30251301e-03 8.74459918e-01 3.91020356e+00 1.73965458e-03 2.53690327e-01
1.33880964e-03 -2.69396307e-03 -1.92838552e-03 3.42048652e-03 1.59964096e-03 4.02195121e-03 -3.56957353e-03 1.41958173e-03 3.81904926e-03 8.78952799e-01 4.31562414e+00 1.73768256e-02 2.60902794e-01
7.10938998e-04 -1.78813601e-03 -1.34682343e-03 2.29485979e-03 6.69470366e-04 2.45125779e-03 -2.54454723e-03 1.10680929e-03 2.71111402e-03 8.08381252e-01 3.59921672e+00 -1.58670080e-02 2.55811108e-01
5.96705156e-04 -1.06420090e-03 -1.40668717e-03 2.45920118e-03 1.18340353e-03 2.54202799e-03 -2.81721931e-03 1.84182222e-03 2.98748782e-03 8.67642322e-01 4.00906543e+00 -4.85593868e-03 2.41738201e-01
1.84626340e-03 -2.86129645e-03 -1.54829744e-03 3.15987864e-03 1.04649301e-03 3.71959542e-03 -3.18195386e-03 7.88273419e-05 3.29986227e-03 8.14771334e-01 3.84652711e+00 5.06976385e-03 2.72755873e-01
4.75042454e-04 -1.37819615e-03 -1.45632953e-03 2.46483695e-03 8.39012076e-04 3.50430298e-03 -2.77665254e-03 1.88663199e-03 3.14096178e-03 8.23508778e-01 3.88877160e+00 -4.96694895e-03 2.63546327e-01
1.57223239e-03 -2.78712067e-03 -1.86441432e-03 3.11718514e-03 1.41868352e-03 2.80024030e-03 -3.28672635e-03 4.30531008e-04 3.33381136e-03 8.61163006e-01 3.97943955e+00 5.12295461e-03 2.53562912e-01
1.59588965e-03 -2.74213660e-03 -1.92859041e-03 3.31382913e-03 1.64854169e-03 3.55312739e-03 -3.14431133e-03 1.13888244e-04 3.23698175e-03 8.19630013e-01 3.88662814e+00 -3.86647338e-03 2.66964549e-01
7.03196483e-04 -5.36857240e-04 -9.97424716e-04 2.45503685e-03 1.20324509e-03 3.20327046e-03 -2.74917796e-03 2.14843065e-03 3.05326450e-03 8.64780077e-01 3.98542668e+00 3.96732197e-03 2.49244905e-01
7.43198758e-04 -2.03706820e-03 -1.77346497e-03 2.88222869e-03 1.11483865e-03 3.71408412e-03 -3.15601388e-03 1.74869964e-03 3.48446080e-03 8.39152721e-01 4.23390786e+00 1.43862523e-02 2.64202084e-01
1.20942869e-03 -2.38521019e-03 -1.56966886e-03 2.70111330e-03 9.62934343e-04 2.56519945e-03 -2.91913544e-03 6.69440018e-04 3.01629144e-03 8.44939641e-01 3.65670330e+00 -1.32392667e-02 2.52818811e-01
1.31077583e-03 -2.46969106e-03 -1.46275090e-03 2.81684963e-03 9.65852379e-04 3.72972224e-03 -2.99918920e-03 9.82329087e-04 3.24876957e-03 8.44127072e-01 3.80993087e+00 4.16990542e-03 2.69181253e-01
8.37336147e-04 -1.98013850e-03 -1.69766035e-03 2.70177931e-03 1.09849620e-03 2.47720509e-03 -3.03994178e-03 1.35577163e-03 3.14785138e-03 8.40329863e-01 4.08126802e+00 -4.04743336e-03 2.46792655e-01
1.64324403e-03 -2.66077328e-03 -1.26785766e-03 2.70762093e-03 5.93732406e-04 3.54278965e-03 -2.93211271e-03 3.73862029e-04 3.11017510e-03 8.28677624e-01 3.75874112e+00 2.49210435e-02 2.75265555e-01
8.84746274e-04 -1.73766682e-03 -1.68813402e-03 2.72238471e-03 1.37996569e-03 2.50371720e-03 -3.12521006e-03 1.61509618e-03 3.21663704e-03 8.53279608e-01 4.11698371e+00 -2.16662171e-02 2.38978516e-01
1.72098251e-03 -2.76344954e-03 -1.55035456e-03 3.05486311e-03 1.07245155e-03 3.46929591e-03 -3.09562955e-03 1.70374356e-04 3.21099523e-03 8.35335862e-01 3.81003553e+00 1.27812315e-02 2.70054751e-01
5.74306471e-04 -1.16199312e-03 -1.49572951e-03 2.60185928e-03 1.19914682e-03 2.82653015e-03 -2.94006133e-03 1.94601014e-03 3.14945518e-03 8.48379975e-01 4.07404994e+00 -1.18497972e-02 2.45335426e-01
1.98723509e-03 -3.15995303e-03 -1.85383095e-03 3.55137768e-03 1.16643781e-03 3.73557764e-03 -3.56152387e-03 -9.74240488e-05 3.63969934e-03 8.52405118e-01 4.12379589e+00 3.84336184e-02 2.70313289e-01
7.52890694e-04 -7.73832048e-04 -1.07770600e-03 2.33935099e-03 1.39246144e-03 2.82629713e-03 -2.56382284e-03 1.83477184e-03 2.77464509e-03 8.34383297e-01 3.80742498e+00 -3.14242272e-02 2.45097812e-01
1.60057821e-03 -2.60279560e-03 -1.31081138e-03 2.77159390e-03 6.60183137e-04 3.13698983e-03 -2.95261865e-03 3.03412133e-04 3.07527542e-03 8.30405838e-01 3.78350488e+00 2.59760142e-02 2.69872778e-01
8.17148322e-04 -1.60851995e-03 -1.65623185e-03 2.80346618e-03 1.51858378e-03 3.03907742e-03 -3.07958775e-03 1.79856659e-03 3.26461069e-03 8.51817092e-01 4.08056199e+00 -2.24726131e-02 2.46062369e-01
6.47850220e-04 -1.75472022e-03 -1.50161303e-03 2.41874165e-03 8.22207204e-04 2.47453232e-03 -2.72121892e-03 1.33631930e-03 2.88900633e-03 8.49681731e-01 3.61436960e+00 -2.17111899e-02 2.47276297e-01
1.52370214e-03 -2.84217937e-03 -1.75174402e-03 3.24060136e-03 1.29286456e-03 3.89936929e-03 -3.37036644e-03 8.99675518e-04 3.59274173e-03 8.33128895e-01 4.29345244e+00 2.49504630e-02 2.68898308e-01
5.71938431e-04 -1.50386856e-03 -1.70658216e-03 2.91913176e-03 1.15265818e-03 3.95241427e-03 -3.25943195e-03 2.24324311e-03 3.65523663e-03 8.71254160e-01 4.16097408e+00 5.96389827e-03 2.58642793e-01
1.38790045e-03 -2.33372819e-03 -1.50011784e-03 2.69787681e-03 1.19257711e-03 2.53490400e-03 -2.76810341e-03 3.13149027e-04 2.81397618e-03 8.13340577e-01 3.72133479e+00 -5.76614259e-03 2.58355493e-01
8.68650238e-04 -2.14950116e-03 -1.77415259e-03 2.96494119e-03 1.03884570e-03 3.12187548e-03 -3.32064600e-03 1.62068283e-03 3.52981412e-03 8.54875644e-01 4.08227030e+00 -7.47212646e-03 2.50415589e-01
1.15072145e-03 -2.23551050e-03 -1.43563442e-03 2.59612278e-03 1.05009804e-03 3.07814748e-03 -2.72015751e-03 8.27043375e-04 2.90269221e-03 8.28486211e-01 3.78624757e+00 7.86969166e-03 2.65876184e-01
5.82442459e-04 -1.28900152e-03 -1.57410757e-03 2.72588160e-03 1.24660850e-03 3.56975691e-03 -3.03700941e-03 2.11410565e-03 3.38360665e-03 8.51992197e-01 4.06530366e+00 -9.21886067e-03 2.55265771e-01
1.47383362e-03 -2.62240721e-03 -1.66941141e-03 2.88717312e-03 1.06226441e-03 2.73168934e-03 -3.00003699e-03 1.90486391e-04 3.06461928e-03 8.31496087e-01 3.80665978e+00 9.79869543e-03 2.61567413e-01
1.74359644e-03 -2.82976959e-03 -1.51409525e-03 3.05397100e-03 9.66678833e-04 3.51211379e-03 -3.17406031e-03 2.96689465e-04 3.31088546e-03 8.45639545e-01 3.77149319e+00 6.78648733e-03 2.68454421e-01
6.01752078e-04 -1.40808231e-03 -1.58102628e-03 2.55060849e-03 1.17721874e-03 2.65260554e-03 -2.89291724e-03 1.74211338e-03 3.07170429e-03 8.38935855e-01 4.11164589e+00 -6.50885929e-03 2.47672412e-01
9.39871245e-04 -1.43862480e-03 -1.47675769e-03 2.63990660e-03 1.64276132e-03 2.71255438e-03 -2.90825730e-03 1.66674270e-03 3.02044436e-03 8.67557556e-01 4.10600477e+00 -9.88127119e-03 2.43289881e-01
1.78327221e-03 -2.80649551e-03 -1.29230067e-03 2.82131301e-03 4.69280354e-04 3.30870549e-03 -3.08597097e-03 1.68402951e-04 3.21312397e-03 8.13679353e-01 3.73722659e+00 1.06000069e-02 2.72019042e-01
2.13299183e-03 -3.08429163e-03 -1.39109204e-03 3.12867661e-03 5.26158995e-04 3.68103455e-03 -3.34105922e-03 -2.02762500e-04 3.43128528e-03 8.40152456e-01 3.80627622e+00 2.71372877e-02 2.75369874e-01
9.21551630e-04 -1.05701632e-03 -1.26871150e-03 2.43301930e-03 1.59915046e-03 2.42608640e-03 -2.73932471e-03 1.67984184e-03 2.81791283e-03 8.43898998e-01 4.07538569e+00 -2.33902805e-02 2.38730435e-01
6.38921465e-04 -1.32246089e-03 -1.34197417e-03 2.36356647e-03 1.04370653e-03 2.45726872e-03 -2.64881668e-03 1.55938209e-03 2.79757701e-03 8.19382401e-01 3.93128373e+00 -1.22572953e-02 2.48166245e-01
1.78093143e-03 -2.99920024e-03 -1.69882208e-03 3.34592108e-03 1.22980673e-03 3.97419451e-03 -3.42369225e-03 5.26807130e-04 3.60312120e-03 8.66646137e-01 3.95504747e+00 1.31582402e-02 2.68124283e-01
8.27391483e-04 -1.98970087e-03 -1.68838575e-03 2.79787672e-03 1.18721981e-03 3.28868004e-03 -3.06398023e-03 1.58934159e-03 3.31392121e-03 8.49694846e-01 3.87559037e+00 -2.20782185e-02 2.53693471e-01
1.38907487e-03 -2.46599933e-03 -1.46483588e-03 2.81868867e-03 1.00487942e-03 2.98471813e-03 -2.98440888e-03 6.75794397e-04 3.11261635e-03 8.33082388e-01 4.00482622e+00 2.54345880e-02 2.63605479e-01
6.98159889e-04 -1.84935052e-03 -1.56837503e-03 2.64871409e-03 9.24589552e-04 3.06058974e-03 -2.91137225e-03 1.53204079e-03 3.14895277e-03 8.44754486e-01 3.97327019e+00 8.70514771e-03 2.58047490e-01
1.26980855e-03 -2.52218464e-03 -1.69031218e-03 2.96509255e-03 1.20422088e-03 3.21650157e-03 -3.12911501e-03 9.18597085e-04 3.29583570e-03 8.39806599e-01 3.89989840e+00 -8.26467763e-03 2.58936773e-01
1.41190657e-03 -2.41182879e-03 -1.25456480e-03 2.62203619e-03 6.96656026e-04 3.17753287e-03 -2.81186781e-03 5.81170680e-04 2.97855497e-03 8.19086267e-01 3.62830162e+00 -1.14515850e-03 2.68455906e-01
8.40217637e-04 -1.92858385e-03 -1.84239757e-03 2.89111667e-03 1.41639205e-03 2.88732648e-03 -3.23391752e-03 1.67021625e-03 3.39041415e-03 8.64810120e-01 4.26083060e+00 1.18062163e-03 2.47570590e-01
1.98107578e-03 -2.83804780e-03 -1.43133410e-03 3.03062998e-03 4.49755894e-04 3.27997102e-03 -3.14512033e-03 -5.37599180e-04 3.16958018e-03 8.07101472e-01 3.64760117e+00 1.64512052e-02 2.75794379e-01
1.28888912e-03 -7.72838199e-04 -1.01835472e-03 2.46546935e-03 1.96085870e-03 2.69631602e-03 -2.80533776e-03 1.80889998e-03 2.90993863e-03 8.71892615e-01 4.19389071e+00 -1.48541822e-02 2.37671950e-01
9.19100624e-04 -1.12381016e-03 -1.32167188e-03 2.44027172e-03 1.51197940e-03 2.40826221e-03 -2.81566942e-03 1.69078369e-03 2.90487193e-03 8.68374927e-01 4.10056700e+00 -9.91062777e-03 2.38446044e-01
2.00082319e-03 -2.95531205e-03 -1.39145418e-03 3.02414765e-03 5.79839157e-04 3.58426672e-03 -3.19889544e-03 -1.66011633e-04 3.29388755e-03 8.12723192e-01 3.74519020e+00 1.06363105e-02 2.75414316e-01
1.23372832e-03 -2.41846730e-03 -1.57552656e-03 2.79473347e-03 1.10743443e-03 3.08336454e-03 -2.95034519e-03 8.31575929e-04 3.11513677e-03 8.49442639e-01 3.85389230e+00 8.64866893e-03 2.61666107e-01
6.92609748e-04 -1.93374993e-03 -1.70508912e-03 2.78782709e-03 9.78451166e-04 3.14726954e-03 -3.09072354e-03 1.64173918e-03 3.33658787e-03 8.35357456e-01 4.02064426e+00 -8.22142974e-03 2.55011137e-01
6.70782559e-04 -1.49288830e-03 -1.43258014e-03 2.25584971e-03 1.07332781e-03 2.11615497e-03 -2.56540551e-03 1.31244703e-03 2.66178350e-03 8.25845225e-01 3.76725374e+00 -2.56303252e-02 2.42994291e-01
1.83047937e-03 -3.20093779e-03 -1.67322143e-03 3.36861541e-03 8.53773637e-04 4.30461902e-03 -3.62925679e-03 7.00081763e-04 3.87292897e-03 8.62093481e-01 4.14719311e+00 3.00345005e-02 2.72215885e-01
9.18177753e-04 -2.07695411e-03 -1.44156239e-03 2.50624155e-03 8.44069098e-04 3.01729766e-03 -2.71204900e-03 1.07281650e-03 2.92935101e-03 8.17170787e-01 3.68779390e+00 -1.12753305e-02 2.62965506e-01
1.12423902e-03 -2.32837069e-03 -1.76058354e-03 3.11047941e-03 1.33458125e-03 3.24491883e-03 -3.34603436e-03 1.42331896e-03 3.51726450e-03 8.68693814e-01 4.21250903e+00 1.20289694e-02 2.53617128e-01
1.48680842e-03 -2.63894967e-03 -1.80423005e-03 3.01106584e-03 1.18543270e-03 2.69084725e-03 -3.06687115e-03 5.19801271e-05 3.09875729e-03 8.41523948e-01 3.73435413e+00 2.68451986e-03 2.58533910e-01
7.74798404e-04 -8.83228206e-04 -1.23863274e-03 2.62784084e-03 1.47014498e-03 3.82021618e-03 -2.88469380e-03 2.20959264e-03 3.27029036e-03 8.42873564e-01 4.13462501e+00 -2.61805548e-03 2.58693447e-01
2.22936993e-03 -3.30723936e-03 -1.72841583e-03 3.57481802e-03 6.97994947e-04 3.74653269e-03 -3.68913582e-03 -4.45235843e-04 3.73185241e-03 8.46429696e-01 3.92965906e+00 2.59058169e-02 2.72448740e-01
1.03572238e-03 -6.84154019e-04 -9.05773854e-04 2.18490924e-03 1.68269815e-03 2.49947018e-03 -2.41824267e-03 1.62193942e-03 2.54042596e-03 8.38720011e-01 3.93373979e+00 -2.24977370e-02 2.42508664e-01
8.73374221e-04 -2.03653991e-03 -1.55668845e-03 2.72254744e-03 1.02821353e-03 3.57838520e-03 -2.94701615e-03 1.48980186e-03 3.23965626e-03 8.43679539e-01 3.89170456e+00 -9.74292063e-04 2.63955050e-01
1.16251377e-03 -2.35248385e-03 -1.65377031e-03 2.83730944e-03 1.11690213e-03 2.68479046e-03 -3.07960717e-03 9.59319200e-04 3.18471706e-03 8.40701329e-01 3.98940582e+00 1.00642739e-03 2.52698610e-01
1.02658407e-03 -1.94860236e-03 -1.57454791e-03 2.73824502e-03 1.31197318e-03 2.55672814e-03 -3.02633853e-03 1.33628512e-03 3.11008965e-03 8.64545590e-01 3.92591623e+00 -1.54047602e-02 2.42054092e-01
1.31586931e-03 -2.51143124e-03 -1.42235645e-03 2.73759451e-03 7.41637298e-04 3.69808758e-03 -2.97222723e-03 8.79906927e-04 3.22363592e-03 8.15952336e-01 3.93083812e+00 1.70748715e-02 2.73147255e-01
6.99618707e-04 -1.02872920e-03 -1.34897063e-03 2.49203090e-03 1.42931010e-03 3.16849587e-03 -2.76200026e-03 1.93505323e-03 3.04257154e-03 8.57672626e-01 4.05426076e+00 -8.51911558e-04 2.53123307e-01
1.76075252e-03 -2.84031673e-03 -1.65932988e-03 3.16020295e-03 1.00534420e-03 3.05689299e-03 -3.24431915e-03 -6.44035032e-06 3.29580789e-03 8.26294496e-01 3.79997175e+00 8.88796040e-04 2.63512169e-01
1.40747914e-03 -2.49932392e-03 -1.54568890e-03 2.80108085e-03 1.13746714e-03 2.98044792e-03 -2.89305691e-03 4.63746281e-04 3.01028091e-03 8.23589057e-01 3.85718891e+00 9.43644108e-03 2.64641993e-01
6.16959248e-04 -1.67193266e-03 -1.68262958e-03 2.79794267e-03 1.03651116e-03 3.28530624e-03 -3.15058498e-03 1.91761524e-03 3.43101088e-03 8.59096728e-01 4.01510774e+00 -8.87537507e-03 2.51882103e-01
1.58589232e-03 -2.62049007e-03 -1.28038381e-03 2.77616843e-03 6.31837268e-04 3.43346806e-03 -3.00271829e-03 5.27392486e-04 3.17794937e-03 8.38362563e-01 3.80674067e+00 2.53260046e-02 2.71362782e-01
9.12658662e-04 -1.71342418e-03 -1.61251384e-03 2.74982079e-03 1.50831860e-03 2.76378756e-03 -3.01917687e-03 1.59426813e-03 3.14056767e-03 8.45382248e-01 4.06899303e+00 -2.20203810e-02 2.44240921e-01
8.92924289e-04 -2.23506673e-03 -1.83409252e-03 3.00747104e-03 1.21648353e-03 3.49418366e-03 -3.26617694e-03 1.58546350e-03 3.52403086e-03 8.78441274e-01 3.94694811e+00 -7.82264008e-03 2.54531800e-01
1.17118089e-03 -2.22964535e-03 -1.40109252e-03 2.59663082e-03 9.19715426e-04 2.75727102e-03 -2.76302831e-03 7.49658496e-04 2.89720025e-03 8.01500543e-01 3.89685516e+00 8.32968719e-03 2.63015729e-01
1.35162848e-03 -2.30285537e-03 -1.32579529e-03 2.54404247e-03 8.53728374e-04 2.79785468e-03 -2.62662599e-03 2.85189743e-04 2.73183790e-03 7.96980978e-01 3.67778988e+00 9.37585840e-03 2.68951092e-01
7.81076654e-04 -1.69126252e-03 -1.75247926e-03 3.07992486e-03 1.41206855e-03 3.48106437e-03 -3.39061131e-03 2.08773567e-03 3.64371563e-03 8.81926008e-01 4.16637705e+00 -8.74577263e-03 2.47113840e-01
9.28332475e-04 -1.19197419e-03 -1.43092621e-03 2.77649357e-03 1.70826381e-03 3.28836850e-03 -3.06217586e-03 2.03407461e-03 3.29245989e-03 8.63540937e-01 4.31482497e+00 1.17519224e-03 2.49605550e-01
1.61464050e-03 -2.63373182e-03 -1.45467904e-03 2.81073436e-03 7.29717109e-04 2.86775211e-03 -2.93851581e-03 -2.04386862e-05 3.00685222e-03 8.20435246e-01 3.57295767e+00 -1.14124059e-03 2.66641956e-01
1.06624582e-03 -2.24646691e-03 -1.71100654e-03 2.81066285e-03 1.22279958e-03 2.66492851e-03 -3.10396012e-03 1.17698120e-03 3.21825458e-03 8.56027990e-01 3.94210269e+00 -1.18799183e-02 2.47132524e-01
1.08485476e-03 -2.24499014e-03 -1.43538947e-03 2.69803011e-03 8.55585115e-04 3.57326869e-03 -2.91562401e-03 1.18438744e-03 3.18332757e-03 8.26650151e-01 3.92561229e+00 1.28458582e-02 2.69049992e-01
1.39985306e-03 -2.69959738e-03 -1.64575598e-03 3.07688996e-03 1.09012148e-03 3.92332926e-03 -3.24407342e-03 9.87255721e-04 3.49647232e-03 8.68190732e-01 3.97530271e+00 1.91550087e-02 2.68464817e-01
8.38475910e-04 -1.73003646e-03 -1.44231585e-03 2.52849501e-03 1.08095932e-03 2.46755420e-03 -2.80305498e-03 1.35454296e-03 2.91809622e-03 8.18931674e-01 3.92538885e+00 -1.72961346e-02 2.47507844e-01
6.66423578e-04 -1.76908764e-03 -1.57048060e-03 2.73307020e-03 9.22056465e-04 3.25919940e-03 -3.01854264e-03 1.73045750e-03 3.28657854e-03 8.43781342e-01 4.04684199e+00 7.22458730e-03 2.57880614e-01
1.38519383e-03 -2.44494288e-03 -1.56330243e-03 2.89482647e-03 1.32711296e-03 3.11787076e-03 -2.98782712e-03 7.52489892e-04 3.12015836e-03 8.40704836e-01 3.83164271e+00 -6.91029045e-03 2.59146239e-01
5.60484538e-04 -1.17670958e-03 -1.49552521e-03 2.52248622e-03 1.09973516e-03 2.49646349e-03 -2.91517649e-03 1.85425551e-03 3.07386461e-03 8.53807878e-01 3.95078377e+00 -2.32759765e-02 2.38189017e-01
1.84235475e-03 -2.87921578e-03 -1.54773007e-03 3.13416347e-03 1.03567819e-03 3.83746889e-03 -3.16149233e-03 9.53016034e-05 3.29698468e-03 8.27811790e-01 3.94396582e+00 2.70677082e-02 2.75379530e-01
1.59257789e-03 -2.83454602e-03 -1.62449813e-03 3.11313717e-03 9.78201131e-04 3.48722124e-03 -3.27861014e-03 5.57162476e-04 3.43967202e-03 8.30554422e-01 4.06011284e+00 1.94240420e-02 2.67504013e-01
5.97894306e-04 -1.57925399e-03 -1.58053624e-03 2.50774584e-03 1.08065661e-03 2.74105416e-03 -2.80317818e-03 1.59910302e-03 3.00732967e-03 8.52131526e-01 3.81414656e+00 -1.73749239e-02 2.48729535e-01
1.19025541e-03 -2.40866695e-03 -1.47284241e-03 2.70383528e-03 7.49533455e-04 2.97278517e-03 -2.94440372e-03 8.23210237e-04 3.11660986e-03 8.57748694e-01 3.66824356e+00 3.01412137e-03 2.60462774e-01
9.82983783e-04 -1.99632841e-03 -1.64792699e-03 2.86029612e-03 1.44933564e-03 3.20063331e-03 -3.05691420e-03 1.50543398e-03 3.25079727e-03 8.26695954e-01 4.20922120e+00 -2.94479592e-03 2.56548588e-01
1.15333595e-03 -2.20991897e-03 -1.55999510e-03 2.75988437e-03 1.22179737e-03 2.77249986e-03 -2.97846124e-03 1.06061499e-03 3.09884119e-03 8.58386493e-01 3.77223821e+00 -1.66043108e-02 2.49264028e-01
1.08508884e-03 -2.29824717e-03 -1.52570928e-03 2.79835638e-03 9.29428728e-04 3.55318310e-03 -3.03006422e-03 1.24688742e-03 3.29149309e-03 8.23179306e-01 4.09546737e+00 1.85059301e-02 2.67640947e-01
1.36299574e-03 -2.41946670e-03 -1.43962111e-03 2.72913157e-03 1.06196423e-03 3.17422288e-03 -2.83725287e-03 6.26772204e-04 2.99490775e-03 7.99467816e-01 3.91010715e+00 5.81578107e-03 2.68049915e-01
7.29147471e-04 -1.88757608e-03 -1.70748072e-03 2.85868215e-03 1.08089731e-03 3.06591043e-03 -3.16244082e-03 1.70322710e-03 3.37738357e-03 8.80855865e-01 3.93711396e+00 -5.51832984e-03 2.48190379e-01
6.67669155e-04 -1.18520526e-03 -1.49566769e-03 2.63030926e-03 1.29137201e-03 2.76023403e-03 -2.99681010e-03 1.94426935e-03 3.18269531e-03 8.51443959e-01 4.11535149e+00 -1.54247025e-02 2.42386006e-01
1.70326470e-03 -2.75300333e-03 -1.51627448e-03 2.98096486e-03 9.24217265e-04 3.45019384e-03 -3.04292519e-03 9.19779180e-05 3.15983314e-03 8.31559701e-01 3.76975093e+00 1.70270485e-02 2.72345535e-01
7.34659899e-04 -1.41852980e-03 -1.62375198e-03 2.75438251e-03 1.46176521e-03 3.03105423e-03 -3.06720220e-03 1.91216052e-03 3.27241218e-03 8.43534139e-01 4.18727598e+00 -1.58137439e-02 2.47414376e-01
1.60768831e-03 -2.62805097e-03 -1.39594760e-03 2.83056741e-03 7.56940474e-04 3.10314710e-03 -2.96630395e-03 2.01385929e-04 3.07324244e-03 8.40687655e-01 3.68918638e+00 1.74585890e-02 2.68481295e-01
1.83263735e-03 -2.71422602e-03 -1.69069205e-03 3.36415534e-03 1.10946269e-03 4.00419610e-03 -3.13333280e-03 -3.82732533e-04 3.19806242e-03 8.40338214e-01 3.74551519e+00 3.11097767e-02 2.78578715e-01
1.43103238e-03 -2.17008384e-04 -5.63096133e-04 2.38995635e-03 1.94072496e-03 2.68461544e-03 -2.69166537e-03 1.93635552e-03 2.81126407e-03 8.43717663e-01 4.17472933e+00 -2.62916416e-02 2.33128054e-01
1.66894087e-03 -2.59430157e-03 -1.59045787e-03 3.03682332e-03 8.40306231e-04 2.96562395e-03 -3.00389848e-03 -3.49771557e-04 3.02165075e-03 8.19440357e-01 3.69766345e+00 2.38540896e-02 2.70178687e-01
1.30414393e-03 -5.55301209e-04 -8.92163517e-04 2.64536174e-03 2.13687103e-03 3.48277106e-03 -2.84283989e-03 2.12567263e-03 3.09792203e-03 8.60770693e-01 4.16106135e+00 -2.08061614e-02 2.45292545e-01
1.32776629e-03 -2.38638562e-03 -1.56831891e-03 2.85508803e-03 1.34816189e-03 3.07185325e-03 -2.96769632e-03 8.38292038e-04 3.10344342e-03 8.54292315e-01 3.85351465e+00 3.02401312e-05 2.58159928e-01
6.49241214e-04 -1.95092420e-03 -1.66130929e-03 2.71712282e-03 7.77606149e-04 3.21127249e-03 -3.05494568e-03 1.63497597e-03 3.33257361e-03 8.29906078e-01 4.01471405e+00 -2.19006711e-06 2.58849196e-01
9.30802562e-04 -2.02927474e-03 -1.54921985e-03 2.71783425e-03 1.02139324e-03 2.70898303e-03 -2.98046194e-03 1.28358661e-03 3.12158420e-03 8.60760170e-01 3.74075506e+00 -1.88648674e-02 2.46569236e-01
1.29009233e-03 -2.49659167e-03 -1.57417773e-03 2.88935319e-03 1.14060560e-03 3.62228751e-03 -3.03645851e-03 9.80287916e-04 3.26923233e-03 8.19863088e-01 4.13785960e+00 2.13514478e-02 2.69766566e-01
1.05384150e-03 -2.19839363e-03 -1.34849281e-03 2.50459693e-03 6.68076411e-04 3.35215044e-03 -2.76098583e-03 1.03710827e-03 3.01420599e-03 8.13115005e-01 3.70678050e+00 -2.54205767e-03 2.69344160e-01
1.05869958e-03 -2.31492712e-03 -1.88279598e-03 2.96357469e-03 1.35235118e-03 2.72828853e-03 -3.30082128e-03 1.30959157e-03 3.40667900e-03 8.70733063e-01 4.17363876e+00 2.60159714e-03 2.46596670e-01
8.17578496e-04 -1.94497803e-03 -1.50873859e-03 2.53657885e-03 1.02127998e-03 3.14383813e-03 -2.74035132e-03 1.30968931e-03 2.98469150e-03 8.36479263e-01 3.82758923e+00 1.07117050e-03 2.62546336e-01
1.16137713e-03 -2.55149876e-03 -1.78777885e-03 3.03064088e-03 1.02713747e-03 3.01684558e-03 -3.32192230e-03 1.10531457e-03 3.47968593e-03 8.47826885e-01 4.04237488e+00 -1.03680179e-03 2.54108524e-01
1.03438149e-03 -1.97949974e-03 -1.48110479e-03 2.56753400e-03 1.25369158e-03 2.59648786e-03 -2.77233112e-03 1.09215082e-03 2.88457819e-03 8.57031273e-01 3.70284903e+00 -1.83518402e-02 2.48199244e-01
1.25043716e-03 -2.55370371e-03 -1.56280613e-03 2.95968465e-03 8.10358418e-04 3.75353316e-03 -3.24301408e-03 1.18413876e-03 3.50970281e-03 8.24532019e-01 4.15902190e+00 2.06769761e-02 2.68543373e-01
9.04338783e-04 -7.09974192e-04 -1.05896234e-03 2.51312139e-03 1.51664860e-03 3.93575395e-03 -2.79513861e-03 2.20984219e-03 3.21839432e-03 8.66140639e-01 4.08953227e+00 1.07622865e-02 2.60383419e-01
1.52300428e-03 -2.67794459e-03 -1.90922716e-03 3.08879438e-03 1.34357704e-03 2.67728117e-03 -3.11619654e-03 -1.99430438e-05 3.12834833e-03 8.19458702e-01 3.78043780e+00 -1.01519870e-02 2.57052556e-01
1.48124140e-03 -2.44340069e-03 -1.58258310e-03 2.85351403e-03 1.26471520e-03 2.89461465e-03 -2.81749775e-03 1.18239409e-04 2.87945139e-03 8.22251504e-01 3.69338149e+00 2.45482662e-03 2.64516510e-01
7.37210751e-04 -9.54389203e-04 -1.33750247e-03 2.81443453e-03 1.38229502e-03 3.68022749e-03 -3.11718628e-03 2.31837105e-03 3.45823388e-03 8.61257826e-01 4.18566308e+00 -2.37695683e-03 2.51983537e-01
1.61820247e-03 -2.81550835e-03 -1.84312754e-03 3.26149613e-03 1.50454854e-03 3.35974096e-03 -3.28324353e-03 4.24740562e-04 3.38642215e-03 8.60248005e-01 3.97609182e+00 1.04908409e-02 2.61504940e-01
4.55773918e-04 -1.16159659e-03 -1.36963052e-03 2.46817834e-03 9.01821526e-04 3.11559937e-03 -2.75541868e-03 1.91689009e-03 3.05059780e-03 8.25153106e-01 3.90276962e+00 -9.89858952e-03 2.55462882e-01
1.67804037e-03 -2.72424357e-03 -1.37717274e-03 2.82065786e-03 6.00062363e-04 3.15552548e-03 -3.01180674e-03 1.18411091e-04 3.12246482e-03 8.34356683e-01 3.71465863e+00 2.20987492e-02 2.70819910e-01
9.12216992e-04 -1.36560979e-03 -1.48019965e-03 2.73193630e-03 1.63273453e-03 2.95830024e-03 -3.00980016e-03 1.84340928e-03 3.17000172e-03 8.48803420e-01 4.15756167e+00 -1.95145858e-02 2.44650294e-01
9.36622575e-04 -1.68002406e-03 -1.59768008e-03 2.77659113e-03 1.55527330e-03 2.91854268e-03 -3.05090713e-03 1.67405137e-03 3.19826994e-03 8.47855104e-01 4.09519293e+00 -2.13476441e-02 2.45528746e-01
1.54694103e-03 -2.61922718e-03 -1.32568975e-03 2.75379920e-03 5.99276372e-04 3.23471254e-03 -2.97665594e-03 4.21850842e-04 3.12915625e-03 8.35382695e-01 3.77464704e+00 2.44611109e-02 2.70285761e-01
1.43020306e-03 -2.59210924e-03 -1.49850057e-03 2.94182692e-03 9.91855255e-04 3.56579319e-03 -3.11670474e-03 8.48906865e-04 3.32112736e-03 8.45040996e-01 3.82890746e+00 7.78105383e-04 2.65662704e-01
8.19698268e-04 -1.78194556e-03 -1.55323821e-03 2.64195992e-03 1.20302962e-03 2.70253228e-03 -2.89349203e-03 1.45323183e-03 3.04089298e-03 8.39369582e-01 4.05189220e+00 -7.49720596e-04 2.50932855e-01
6.94058949e-04 -1.53796451e-03 -1.52795847e-03 2.69207653e-03 1.13025824e-03 2.80697544e-03 -2.99373940e-03 1.75126165e-03 3.16822547e-03 8.44978986e-01 3.92716140e+00 -2.40636251e-02 2.44164463e-01
1.56600540e-03 -2.69329202e-03 -1.53262580e-03 2.96445909e-03 1.07884274e-03 3.55939985e-03 -3.05123303e-03 4.93809794e-04 3.22255663e-03 8.38794522e-01 3.96945542e+00 2.80544736e-02 2.71144803e-01
5.89206626e-04 -1.33653884e-03 -1.63343577e-03 2.76503217e-03 1.24919909e-03 3.22543801e-03 -3.11196201e-03 2.06900286e-03 3.38861122e-03 8.63752576e-01 4.09686560e+00 -9.30198612e-03 2.48643473e-01
1.50579313e-03 -2.58165750e-03 -1.54727694e-03 2.85738142e-03 9.83888819e-04 3.01588074e-03 -2.92730222e-03 1.90288037e-04 3.02307035e-03 8.18212261e-01 3.77194476e+00 9.93095848e-03 2.67366568e-01
4.99578745e-04 -1.04283059e-03 -1.42971295e-03 2.56932049e-03 1.05956807e-03 2.91184974e-03 -2.91875911e-03 2.03582839e-03 3.17118865e-03 8.52242758e-01 4.04927439e+00 -5.12694278e-03 2.47000220e-01
1.66412492e-03 -2.75274721e-03 -1.68267803e-03 3.12359210e-03 1.30785787e-03 3.50016367e-03 -3.09606338e-03 1.92729766e-04 3.21119975e-03 8.31590462e-01 3.83431285e+00 5.32736332e-03 2.68697175e-01
1.35864433e-03 -2.51350291e-03 -1.42656127e-03 2.71584847e-03 7.42393075e-04 3.06305685e-03 -2.92099512e-03 5.77852188e-04 3.07953000e-03 8.10120021e-01 3.79125597e+00 3.51060690e-03 2.66644284e-01
8.24001970e-04 -1.85122054e-03 -1.71444294e-03 2.80375988e-03 1.34025321e-03 3.05514863e-03 -3.10562975e-03 1.67339507e-03 3.30884502e-03 8.72121786e-01 4.06420153e+00 -3.37302734e-03 2.49652469e-01
1.08296134e-03 -1.79527631e-03 -1.77566521e-03 3.12853663e-03 1.88780350e-03 3.33960489e-03 -3.42225870e-03 1.94156540e-03 3.58828346e-03 8.92633095e-01 4.34125142e+00 -3.38256043e-03 2.44579263e-01
1.42142683e-03 -2.32139627e-03 -1.11596809e-03 2.37310501e-03 3.97270196e-04 2.71573414e-03 -2.59017047e-03 2.00337578e-04 2.69873149e-03 7.86461255e-01 3.50217229e+00 3.57102749e-03 2.71065639e-01
1.62109307e-03 -2.68443901e-03 -1.51517710e-03 2.93358228e-03 9.61030518e-04 3.35800035e-03 -2.99824043e-03 1.90273952e-04 3.12092690e-03 8.15142689e-01 3.80188258e+00 9.93929386e-03 2.71101585e-01
6.93431884e-04 -1.29579361e-03 -1.50950038e-03 2.65771413e-03 1.25314020e-03 2.86278064e-03 -3.02095661e-03 1.91517336e-03 3.21876314e-03 8.66415448e-01 4.06637467e+00 -9.30077485e-03 2.43952939e-01
7.33054303e-04 -1.26892218e-03 -1.51555409e-03 2.65726322e-03 1.36772677e-03 2.63544292e-03 -3.00984123e-03 1.85744874e-03 3.14288931e-03 8.60020234e-01 4.06287541e+00 -2.10345791e-02 2.38489301e-01
1.82919981e-03 -2.75127995e-03 -1.34779171e-03 2.91564643e-03 7.82184391e-04 3.56871770e-03 -3.01991733e-03 6.15935381e-05 3.14030159e-03 8.20336840e-01 3.80943381e+00 2.41463388e-02 2.75324582e-01
6.97289976e-04 -2.00294561e-03 -1.61544402e-03 2.72930893e-03 7.19892071e-04 3.51170356e-03 -3.05254564e-03 1.63173503e-03 3.36773793e-03 8.55425509e-01 3.96266810e+00 1.56271126e-02 2.63465283e-01
1.29434077e-03 -2.37472473e-03 -1.63840122e-03 2.82088351e-03 1.37750445e-03 2.79157926e-03 -2.99961804e-03 8.50358890e-04 3.09834547e-03 8.30250321e-01 3.91855880e+00 -1.43372563e-02 2.53440875e-01
5.28273574e-04 -9.84407087e-04 -1.29667523e-03 2.33113538e-03 1.05867021e-03 2.40306430e-03 -2.64227676e-03 1.74580612e-03 2.79790119e-03 8.40295270e-01 3.75717532e+00 -3.14929820e-02 2.39028007e-01
2.04806960e-03 -3.15595313e-03 -1.72731280e-03 3.53009500e-03 1.24975837e-03 4.24610825e-03 -3.50940306e-03 9.94025908e-05 3.64791276e-03 8.44743832e-01 4.18370821e+00 3.86070790e-02 2.74822162e-01
1.56053556e-03 -2.62237420e-03 -1.72154026e-03 3.08557982e-03 1.22649958e-03 3.36079027e-03 -2.97537993e-03 -4.21829341e-05 3.06019074e-03 8.05908401e-01 3.71611228e+00 -3.22906205e-03 2.70400847e-01
7.90929312e-04 -6.21835893e-04 -1.15635739e-03 2.61857253e-03 1.45712530e-03 3.15378051e-03 -2.93922388e-03 2.20570488e-03 3.20760664e-03 8.77667251e-01 4.16346208e+00 3.30823625e-03 2.44701938e-01
8.09769825e-04 -1.82125906e-03 -1.67513683e-03 2.89015040e-03 1.24457758e-03 3.16986459e-03 -3.19273101e-03 1.78025835e-03 3.40890929e-03 8.76933716e-01 4.22597521e+00 1.78277483e-02 2.52317223e-01
1.30091051e-03 -2.43135383e-03 -1.47277542e-03 2.71741265e-03 9.53977065e-04 3.08218002e-03 -2.85742807e-03 6.32890552e-04 3.01543464e-03 8.10436968e-01 3.67894359e+00 -1.62357356e-02 2.64178026e-01
1.57554807e-03 -2.50989593e-03 -1.25757416e-03 2.62963666e-03 7.42417125e-04 3.43973236e-03 -2.75289876e-03 2.76328225e-04 2.91115493e-03 7.89775275e-01 3.65607747e+00 -1.17042467e-04 2.75777895e-01
8.89236817e-04 -1.50432486e-03 -1.56867816e-03 2.84715800e-03 1.41622143e-03 2.67124247e-03 -3.21998264e-03 1.84922633e-03 3.31275651e-03 8.91172168e-01 4.20769668e+00 1.83042177e-04 2.37587771e-01
1.20732446e-03 -2.16658588e-03 -1.26592763e-03 2.44281490e-03 9.30023910e-04 3.12844409e-03 -2.54678862e-03 6.81167345e-04 2.73214425e-03 8.01387759e-01 3.60886622e+00 -6.64281114e-03 2.70086877e-01
7.66550372e-04 -2.15701897e-03 -1.99967781e-03 3.12253625e-03 1.09852414e-03 2.98334786e-03 -3.56076228e-03 1.80246666e-03 3.74145204e-03 8.82920221e-01 4.28821252e+00 6.89406954e-03 2.45171165e-01
6.63843696e-04 -1.89037338e-03 -1.57002347e-03 2.68485680e-03 7.09439163e-04 3.76618669e-03 -3.02417269e-03 1.75726025e-03 3.38675165e-03 8.57209938e-01 3.96069811e+00 1.83594150e-02 2.66527502e-01
1.38290712e-03 -2.36539612e-03 -1.62214594e-03 2.85461822e-03 1.47037830e-03 2.63193734e-03 -3.00798489e-03 7.39699388e-04 3.05698612e-03 8.28877061e-01 3.92238424e+00 -1.66110106e-02 2.50290613e-01
6.65935859e-04 -1.31032951e-03 -1.47642261e-03 2.45506081e-03 1.27733308e-03 2.58433641e-03 -2.76914137e-03 1.68118021e-03 2.93328267e-03 8.47174231e-01 4.03007534e+00 -8.25003360e-03 2.46584282e-01
1.80238223e-03 -2.94126840e-03 -1.55187659e-03 3.14878004e-03 8.39107409e-04 3.55255413e-03 -3.29857345e-03 2.22942077e-04 3.42714508e-03 8.36855422e-01 3.83561577e+00 8.70641584e-03 2.69269004e-01
1.36756293e-03 -2.30386789e-03 -1.66985656e-03 2.85146785e-03 1.59540340e-03 2.49754840e-03 -3.07202163e-03 8.89640400e-04 3.09254068e-03 8.77511349e-01 3.95035949e+00 -5.13561647e-03 2.43538104e-01
8.10039401e-04 -2.12739185e-03 -1.46629299e-03 2.50334950e-03 3.88562014e-04 3.72823781e-03 -2.91569714e-03 1.41989453e-03 3.26676350e-03 8.03485414e-01 3.87330584e+00 5.39374663e-03 2.72559312e-01
1.11848654e-03 -2.10468992e-03 -1.47881744e-03 2.57145753e-03 1.13021711e-03 2.34115955e-03 -2.78119275e-03 8.37445457e-04 2.84620930e-03 8.21392084e-01 3.78719996e+00 -1.64514734e-02 2.49410946e-01
8.65379539e-04 -2.31402131e-03 -1.80049017e-03 2.98489020e-03 9.45159115e-04 4.08346090e-03 -3.29950400e-03 1.69441757e-03 3.66716369e-03 8.65351876e-01 4.11526516e+00 1.81326382e-02 2.66976094e-01
9.20257032e-04 -7.74432310e-04 -1.14273452e-03 2.55538120e-03 1.58203463e-03 3.06124946e-03 -2.86060437e-03 2.03634030e-03 3.09175513e-03 8.46850355e-01 4.03713321e+00 -2.72577242e-02 2.42829417e-01
1.69276098e-03 -2.78083738e-03 -1.72022009e-03 3.17368318e-03 9.98857453e-04 3.35899462e-03 -3.14192860e-03 -1.71956355e-04 3.21197152e-03 8.36305356e-01 3.85527722e+00 3.25010856e-02 2.72024370e-01
6.74349847e-04 -1.55477165e-03 -1.38268943e-03 2.38213561e-03 1.03436167e-03 2.72181043e-03 -2.59467507e-03 1.42410451e-03 2.78958529e-03 8.34084346e-01 3.60704455e+00 -2.93973882e-02 2.51124712e-01
1.69194328e-03 -2.97456614e-03 -1.74944944e-03 3.40554840e-03 1.23486571e-03 3.74699236e-03 -3.55651730e-03 7.70009023e-04 3.72585641e-03 8.52580823e-01 4.34115586e+00 3.54385872e-02 2.65678839e-01
7.89697300e-04 -2.02112198e-03 -1.80478757e-03 3.03035041e-03 1.19571020e-03 4.04201827e-03 -3.33600943e-03 1.96171785e-03 3.70243640e-03 8.78449549e-01 4.13923787e+00 8.89688015e-03 2.61163006e-01
1.17608912e-03 -2.27049542e-03 -1.50053973e-03 2.53587036e-03 9.56129012e-04 2.32785991e-03 -2.73932786e-03 5.46797030e-04 2.81255036e-03 8.06654281e-01 3.74468271e+00 -8.48720365e-03 2.55787930e-01
1.97694639e-03 -3.05387868e-03 -1.41456622e-03 3.11624798e-03 7.01909865e-04 3.98419366e-03 -3.34509000e-03 2.75391130e-04 3.51753408e-03 8.52344813e-01 3.92569177e+00 3.04938163e-02 2.74901995e-01
7.83517176e-04 -1.43445665e-03 -1.47456992e-03 2.41333777e-03 1.27555655e-03 2.23494937e-03 -2.78232280e-03 1.50794204e-03 2.86316797e-03 8.33997859e-01 3.98021927e+00 -2.59129161e-02 2.39441255e-01
1.59347923e-03 -2.66672536e-03 -1.45765305e-03 2.85155838e-03 8.30636713e-04 3.22977992e-03 -2.97475386e-03 2.27914887e-04 3.09933976e-03 8.07107014e-01 3.70985057e+00 -3.17827298e-03 2.69496067e-01
7.12859536e-04 -1.34214358e-03 -1.54806601e-03 2.72395591e-03 1.38301384e-03 2.92870352e-03 -3.02951167e-03 1.91098697e-03 3.21925426e-03 8.76531635e-01 4.15741123e+00 3.25591890e-03 2.46005672e-01
1.03322455e-03 -2.28164461e-03 -1.77101862e-03 2.95542249e-03 1.21712945e-03 3.00011420e-03 -3.25694331e-03 1.38192245e-03 3.42254176e-03 8.55185325e-01 4.12559434e+00 -7.98555147e-05 2.51550857e-01
1.00329883e-03 -2.18787423e-03 -1.46236654e-03 2.58692286e-03 8.63180504e-04 3.16635796e-03 -2.79067748e-03 1.04890582e-03 3.01561323e-03 8.28965792e-01 3.75504744e+00 1.09023427e-04 2.64892245e-01
1.19674047e-03 -2.40492045e-03 -1.64707589e-03 2.94386695e-03 1.13585959e-03 3.11055411e-03 -3.18857013e-03 1.14586325e-03 3.35492297e-03 8.51219392e-01 4.00283910e+00 6.30327774e-04 2.55610595e-01
8.42364127e-04 -2.05639161e-03 -1.57302215e-03 2.62443166e-03 9.76518551e-04 3.11237197e-03 -2.84949631e-03 1.28792600e-03 3.08327980e-03 8.33109406e-01 3.87246362e+00 -6.02255448e-04 2.61132683e-01
1.64084319e-03 -2.84343722e-03 -1.52591064e-03 3.07942712e-03 9.17333791e-04 3.82350116e-03 -3.27981570e-03 6.90459617e-04 3.48789201e-03 8.31545223e-01 3.99412708e+00 1.19140153e-02 2.70123290e-01
7.90243693e-04 -1.54982591e-03 -1.41773937e-03 2.47087701e-03 1.20682883e-03 2.48192884e-03 -2.73079151e-03 1.44538813e-03 2.85073549e-03 8.51797184e-01 3.86823590e+00 -1.10855819e-02 2.45486426e-01
8.46285142e-04 -1.98262433e-03 -1.53111445e-03 2.57457288e-03 1.03687461e-03 3.03409111e-03 -2.78884013e-03 1.28676895e-03 3.01165230e-03 8.49115105e-01 3.79707759e+00 -9.49215525e-04 2.59104967e-01
1.16033317e-03 -2.50149348e-03 -1.71964729e-03 2.98164414e-03 1.03685569e-03 3.14536833e-03 -3.24573575e-03 1.13108616e-03 3.42839795e-03 8.35160736e-01 4.07064039e+00 9.83153486e-04 2.57703280e-01
9.00473227e-04 -2.10655850e-03 -1.37611130e-03 2.41820100e-03 5.51579325e-04 3.49257970e-03 -2.72517287e-03 1.18364288e-03 3.02514300e-03 8.17998576e-01 3.73609307e+00 8.65645404e-03 2.72403802e-01
1.37180932e-03 -2.36213134e-03 -1.72105723e-03 3.01684660e-03 1.55305571e-03 2.65776296e-03 -3.30038779e-03 1.11683973e-03 3.33599243e-03 8.64144851e-01 4.12862347e+00 -8.16087363e-03 2.43190479e-01
1.11687207e-03 -2.17455859e-03 -1.35108655e-03 2.52209699e-03 8.55753068e-04 2.91094563e-03 -2.68366420e-03 8.02123820e-04 2.85335238e-03 8.31065813e-01 3.53286923e+00 -1.40816219e-02 2.61829716e-01
1.04742849e-03 -2.19006728e-03 -1.77939918e-03 3.11264441e-03 1.41480433e-03 3.35621425e-03 -3.37219807e-03 1.63158635e-03 3.56972341e-03 8.54521321e-01 4.39413100e+00 1.53260373e-02 2.55204462e-01
1.35498059e-03 -2.41269545e-03 -1.38077736e-03 2.65492904e-03 9.30382124e-04 3.34242023e-03 -2.76171536e-03 5.79230021e-04 2.94577593e-03 7.96323587e-01 3.74658783e+00 -2.90068190e-03 2.71481144e-01
8.26887231e-04 -1.77605784e-03 -1.65788164e-03 2.88740595e-03 1.20958962e-03 2.85669946e-03 -3.23859401e-03 1.76245197e-03 3.39033916e-03 8.86351134e-01 4.11993082e+00 2.97686891e-03 2.43421916e-01
1.25435855e-03 -2.25464521e-03 -1.14217504e-03 2.32656690e-03 3.95192429e-04 2.86056584e-03 -2.58614815e-03 5.11688978e-04 2.75020033e-03 8.05797429e-01 3.48076788e+00 1.91213766e-03 2.70365609e-01
1.02889164e-03 -2.13412771e-03 -2.00160951e-03 3.13835364e-03 1.71584308e-03 3.08686314e-03 -3.49613532e-03 1.72827995e-03 3.63399928e-03 8.76377822e-01 4.40016652e+00 -1.82887892e-03 2.45474946e-01
1.54897846e-03 -2.79825164e-03 -1.63144826e-03 3.06279576e-03 9.30169056e-04 3.23655915e-03 -3.24627258e-03 5.02352474e-04 3.38136094e-03 8.75249470e-01 3.82935803e+00 1.84739727e-02 2.62650787e-01
6.16950902e-04 -1.56755245e-03 -1.59916600e-03 2.56046437e-03 1.17555872e-03 2.91694902e-03 -2.83983289e-03 1.67132923e-03 3.06647988e-03 8.12197640e-01 4.04708994e+00 -1.67625979e-02 2.54145997e-01
1.54581114e-03 -2.83656614e-03 -1.61837094e-03 3.06384889e-03 8.35618136e-04 3.33014236e-03 -3.28813572e-03 5.68345588e-04 3.44470070e-03 8.54054338e-01 3.94286895e+00 2.04138315e-02 2.64984235e-01
7.57060359e-04 -1.52784505e-03 -1.46997481e-03 2.56716627e-03 1.32353209e-03 2.90889561e-03 -2.78335881e-03 1.61524143e-03 2.97728988e-03 8.31878211e-01 3.94364150e+00 -1.82614810e-02 2.51458537e-01
1.46402236e-03 -2.56310223e-03 -1.23855423e-03 2.59359473e-03 4.15577737e-04 3.52964150e-03 -2.92594731e-03 6.64860608e-04 3.14936896e-03 7.96984181e-01 3.75827011e+00 4.22969314e-03 2.74047740e-01
1.05774238e-03 -1.96269980e-03 -1.68824589e-03 2.70119311e-03 1.49430422e-03 2.44735247e-03 -3.05577976e-03 1.34001518e-03 3.11621959e-03 8.83452481e-01 4.06333341e+00 -4.02908919e-03 2.40953132e-01
1.66219792e-03 -2.59440185e-03 -1.77549459e-03 3.33020714e-03 9.79305594e-04 3.27203536e-03 -3.13628696e-03 -4.86710208e-04 3.14256787e-03 7.93153545e-01 3.71260815e+00 6.36791601e-03 2.71535925e-01
1.73374120e-03 -1.56246271e-04 -3.86690458e-04 2.32620112e-03 2.40599155e-03 3.25479514e-03 -2.51720280e-03 1.89756664e-03 2.74875117e-03 8.86045200e-01 4.10161976e+00 -6.01181142e-03 2.43241529e-01
1.36152306e-03 -2.56970048e-03 -1.94349436e-03 3.15765903e-03 1.80849571e-03 3.16314571e-03 -3.33907609e-03 1.11022419e-03 3.45477226e-03 8.78428623e-01 4.10486434e+00 -6.80873559e-03 2.49837502e-01
7.64571597e-04 -1.99782936e-03 -1.31919537e-03 2.32598717e-03 2.60581226e-04 3.02140279e-03 -2.71041237e-03 1.19845954e-03 2.97501578e-03 8.01861174e-01 3.72212285e+00 7.21157774e-03 2.67559620e-01
4.73256846e-04 -8.60771251e-04 -1.19314319e-03 2.30762026e-03 9.84788796e-04 3.00864961e-03 -2.56963342e-03 1.90507817e-03 2.86332356e-03 8.38513885e-01 3.83507314e+00 -2.83664880e-03 2.54790231e-01
1.78825074e-03 -2.97772762e-03 -1.94376714e-03 3.48266435e-03 1.60836903e-03 3.53846479e-03 -3.44956271e-03 2.40191942e-04 3.53084003e-03 8.45962676e-01 4.02462737e+00 2.90739250e-03 2.62261172e-01
8.22341495e-04 -1.92813662e-03 -1.51221135e-03 2.64227226e-03 9.14382327e-04 2.88370212e-03 -2.92011477e-03 1.40166584e-03 3.11470469e-03 8.25048541e-01 3.87383514e+00 -1.40549410e-02 2.53946856e-01
1.21609165e-03 -2.46704939e-03 -1.68589482e-03 2.96836121e-03 1.25084678e-03 3.43056789e-03 -3.11664126e-03 1.06212731e-03 3.32093737e-03 8.60992975e-01 4.01440610e+00 1.52741710e-02 2.62632336e-01
7.88843948e-04 -1.84249273e-03 -1.60303347e-03 2.76991366e-03 1.16427733e-03 3.24438356e-03 -3.01721678e-03 1.64927889e-03 3.26002337e-03 8.57953625e-01 4.04916589e+00 6.52208942e-03 2.56409197e-01
1.34896982e-03 -2.44844201e-03 -1.49750793e-03 2.82356762e-03 1.06495203e-03 3.04525243e-03 -2.98924533e-03 7.60685705e-04 3.13069103e-03 8.26901662e-01 3.82838111e+00 -6.27820620e-03 2.60340625e-01
7.47423038e-04 -1.58274503e-03 -1.45996110e-03 2.27982815e-03 1.21220626e-03 2.21742628e-03 -2.54272570e-03 1.22794883e-03 2.64020498e-03 8.25063166e-01 3.75591330e+00 -2.68560878e-02 2.45673193e-01
1.79912583e-03 -3.15225676e-03 -1.58498290e-03 3.31364419e-03 6.66381284e-04 4.14794854e-03 -3.66001500e-03 8.07993435e-04 3.90058762e-03 8.63257072e-01 4.15103257e+00 3.17284901e-02 2.70259869e-01
1.42816709e-03 -2.57400420e-03 -1.52859203e-03 2.86636089e-03 1.07238867e-03 3.39292456e-03 -2.96999409e-03 6.04759797e-04 3.14404565e-03 8.46582383e-01 3.85696568e+00 1.88671762e-02 2.68396619e-01
7.03878250e-04 -1.68318370e-03 -1.61274325e-03 2.72300683e-03 1.07104364e-03 2.86601100e-03 -3.07016277e-03 1.73112408e-03 3.26320374e-03 8.38380637e-01 4.02856826e+00 -1.69868503e-02 2.47383020e-01
1.85159518e-03 -2.92018903e-03 -1.41938255e-03 3.00065259e-03 5.42883448e-04 3.35873540e-03 -3.22448265e-03 4.65549586e-05 3.33162370e-03 8.18591778e-01 3.79918899e+00 1.30494752e-02 2.71422075e-01
9.06276955e-04 -1.25208837e-03 -1.35813762e-03 2.52208264e-03 1.59827416e-03 2.69913718e-03 -2.78707721e-03 1.68755148e-03 2.91803594e-03 8.62950910e-01 4.04146178e+00 -1.20289086e-02 2.43926408e-01
1.00610347e-03 -1.87214036e-03 -1.41202179e-03 2.46177629e-03 1.27612002e-03 2.45216392e-03 -2.62530468e-03 1.01545829e-03 2.71857656e-03 8.26182870e-01 3.73539610e+00 -2.09162726e-02 2.50135002e-01
1.08949908e-03 -2.64867953e-03 -1.78672119e-03 3.12559693e-03 7.21457378e-04 3.97940077e-03 -3.49049416e-03 1.45683140e-03 3.81226054e-03 8.60868495e-01 4.16788018e+00 2.37529857e-02 2.66443392e-01
1.34921032e-03 -2.83933683e-03 -1.70394404e-03 3.18638672e-03 6.92994231e-04 3.71788581e-03 -3.54279324e-03 1.15028269e-03 3.79288071e-03 8.60464742e-01 4.15800791e+00 2.56595909e-02 2.64435186e-01
8.38670186e-04 -1.80887412e-03 -1.50050520e-03 2.41290614e-03 1.24577188e-03 2.56988932e-03 -2.60803995e-03 1.17247189e-03 2.75376161e-03 8.26747946e-01 3.74258611e+00 -2.23754141e-02 2.52305471e-01
1.51248593e-03 -2.46926955e-03 -1.38978786e-03 2.68014613e-03 8.23182535e-04 2.99028200e-03 -2.73722951e-03 4.39284054e-05 2.83116120e-03 7.94748224e-01 3.62373387e+00 3.25198755e-03 2.71506242e-01
8.24721150e-04 -1.18452355e-03 -1.49983676e-03 2.92797584e-03 1.57042450e-03 3.26461871e-03 -3.23698053e-03 2.18529313e-03 3.45564084e-03 8.85687536e-01 4.24055001e+00 -3.09736702e-03 2.43362073e-01
1.11923680e-03 -6.51411893e-04 -9.41910017e-04 2.43768380e-03 1.82224108e-03 2.81232208e-03 -2.67856035e-03 1.86576686e-03 2.82626210e-03 8.34701463e-01 4.09991347e+00 -2.72401935e-02 2.41324237e-01
1.95314342e-03 -2.99606661e-03 -1.65706299e-03 3.28212994e-03 7.56519159e-04 3.51110820e-03 -3.33768595e-03 -3.53396278e-04 3.39144603e-03 8.51618019e-01 3.79751097e+00 3.23556435e-02 2.73211125e-01
1.09177266e-03 -2.10351204e-03 -1.57109395e-03 2.60478446e-03 1.34431806e-03 2.54497404e-03 -2.77442664e-03 9.17435176e-04 2.86564460e-03 8.28187664e-01 3.76772297e+00 -2.42047590e-02 2.50301314e-01
9.04417603e-04 -2.40727281e-03 -1.71613179e-03 2.95226393e-03 5.98635283e-04 3.85748128e-03 -3.35487579e-03 1.59138062e-03 3.69540392e-03 8.59083683e-01 4.13901006e+00 2.81088235e-02 2.66578320e-01
1.07599763e-03 -1.23125869e-03 -1.39561214e-03 2.64320020e-03 1.69314829e-03 2.52301384e-03 -3.05282358e-03 1.78242560e-03 3.11114953e-03 8.85487143e-01 4.28145177e+00 -2.39631809e-03 2.36537481e-01
1.90788864e-03 -2.70728606e-03 -1.19138702e-03 2.74073094e-03 4.82246770e-04 3.36523771e-03 -2.92005992e-03 -1.66875521e-04 3.00747100e-03 7.95264459e-01 3.57733977e+00 2.51806207e-03 2.76719736e-01
1.18191040e-03 -2.30015730e-03 -1.30558819e-03 2.56993083e-03 6.08649577e-04 3.40064593e-03 -2.83661871e-03 9.55511582e-04 3.07626926e-03 8.29305051e-01 3.75498418e+00 1.34089846e-02 2.70196157e-01
1.05256854e-03 -2.20144261e-03 -1.81502484e-03 2.88462049e-03 1.43190182e-03 2.71560824e-03 -3.19926851e-03 1.33378001e-03 3.30669139e-03 8.53656432e-01 4.11430059e+00 -1.23721965e-02 2.45811781e-01
1.80069555e-03 -3.08283687e-03 -1.70844512e-03 3.34116359e-03 1.03782701e-03 3.68538085e-03 -3.52627852e-03 4.93046118e-04 3.67964379e-03 8.57909479e-01 4.12385203e+00 2.72669390e-02 2.66619698e-01
5.54821681e-04 -1.41219131e-03 -1.47967600e-03 2.35830231e-03 1.06476538e-03 2.60979705e-03 -2.64055677e-03 1.56251593e-03 2.83840869e-03 8.29104641e-01 3.78361650e+00 -2.35729658e-02 2.49571529e-01
1.68447045e-03 -2.92230528e-03 -1.71370149e-03 3.21278480e-03 1.08190405e-03 3.15228437e-03 -3.42013289e-03 4.77825505e-04 3.51772500e-03 8.59020246e-01 3.98593175e+00 1.13024354e-02 2.58968778e-01
5.56439619e-04 -1.46033319e-03 -1.50543279e-03 2.43014150e-03 1.09408188e-03 3.03153129e-03 -2.68270466e-03 1.65835846e-03 2.95106405e-03 8.26436508e-01 3.88805045e+00 -1.06164274e-02 2.57870465e-01
3.89135684e-04 -1.29348354e-03 -1.60157771e-03 2.71670899e-03 8.13261867e-04 3.64711487e-03 -3.11630247e-03 2.22773793e-03 3.51220009e-03 8.73182754e-01 4.12803526e+00 2.27773804e-02 2.59091362e-01
1.42520039e-03 -2.55211561e-03 -1.76435259e-03 2.92910582e-03 1.44469664e-03 2.86648477e-03 -2.96092727e-03 3.37167203e-04 3.03310108e-03 8.15010659e-01 3.76734074e+00 -2.02066234e-02 2.58301425e-01
1.86861757e-03 -2.97266849e-03 -1.79296131e-03 3.39726036e-03 1.10807958e-03 3.77408226e-03 -3.33239288e-03 -2.00362281e-04 3.41625592e-03 8.39414373e-01 3.95925905e+00 3.29115569e-02 2.73937286e-01
8.66808419e-04 -6.70427191e-04 -1.04969178e-03 2.39789837e-03 1.46508307e-03 2.74715873e-03 -2.70284436e-03 1.91943732e-03 2.89422015e-03 8.44414675e-01 3.95011407e+00 -2.75644037e-02 2.40109061e-01
6.24866823e-04 -1.23122734e-03 -1.56775508e-03 2.61556218e-03 1.18294330e-03 2.42272496e-03 -3.04890958e-03 1.87452091e-03 3.16585226e-03 8.59438626e-01 4.16229005e+00 -1.06794397e-02 2.37308490e-01
1.77900551e-03 -2.75396155e-03 -1.41451087e-03 2.93183772e-03 8.96733110e-04 3.73642981e-03 -2.99681174e-03 1.16852023e-04 3.13997631e-03 8.22917277e-01 3.73133511e+00 1.14774390e-02 2.76065220e-01
1.53292396e-03 -2.46013482e-03 -1.36030334e-03 2.65028667e-03 6.45169590e-04 2.82446923e-03 -2.73556047e-03 -1.12820566e-04 2.80148190e-03 7.91335779e-01 3.50441577e+00 -2.84191226e-03 2.70966780e-01
9.67641552e-04 -1.15248464e-03 -1.50580168e-03 2.90585819e-03 1.78269064e-03 3.28378907e-03 -3.26264670e-03 2.18047383e-03 3.48465628e-03 8.90820070e-01 4.37580401e+00 2.92031663e-03 2.44062215e-01
1.79904351e-03 -6.86930408e-05 -2.92576554e-04 2.38337249e-03 2.48920345e-03 3.54091936e-03 -2.52772692e-03 1.99723267e-03 2.80539687e-03 8.48452968e-01 4.08680471e+00 -2.64751826e-02 2.45455448e-01
1.62854857e-03 -2.57411095e-03 -1.84847896e-03 3.40425468e-03 1.20015449e-03 3.29900835e-03 -3.15161997e-03 -4.02994131e-04 3.16018494e-03 8.34308222e-01 3.79374583e+00 3.14135369e-02 2.70028485e-01
5.88838360e-04 -1.63935249e-03 -1.37262605e-03 2.30474259e-03 7.34967924e-04 2.90004457e-03 -2.54732957e-03 1.38167136e-03 2.79890686e-03 8.14750922e-01 3.61981044e+00 -1.54765349e-02 2.60965631e-01
1.45490729e-03 -2.85749832e-03 -1.98318635e-03 3.38308467e-03 1.46631043e-03 3.36984506e-03 -3.59952544e-03 1.01867620e-03 3.73948937e-03 8.72200239e-01 4.29361344e+00 1.69298724e-02 2.55836642e-01
9.23316510e-04 -1.99559844e-03 -1.56254983e-03 2.57653379e-03 1.21001291e-03 2.72239061e-03 -2.78084610e-03 1.16848778e-03 2.93519207e-03 8.49361107e-01 3.82776329e+00 -5.72179514e-03 2.53576223e-01
1.11980688e-03 -2.51112530e-03 -1.65144693e-03 2.95126156e-03 7.98059154e-04 3.48718049e-03 -3.25576452e-03 1.23386748e-03 3.50489540e-03 8.34621514e-01 4.03279650e+00 5.95863089e-03 2.63187074e-01
7.73318718e-04 -9.66440496e-04 -1.38527321e-03 2.68397991e-03 1.51062038e-03 3.15365258e-03 -3.01350199e-03 2.11317791e-03 3.26490427e-03 8.73431902e-01 4.23274191e+00 3.46912959e-03 2.47088099e-01
1.58871412e-03 -2.65962552e-03 -1.60012649e-03 2.94716378e-03 9.20730446e-04 3.09283860e-03 -2.98213845e-03 -4.31284213e-05 3.05875900e-03 8.10477511e-01 3.64752183e+00 -3.38643765e-03 2.68612543e-01
2.04281595e-03 -3.88008683e-05 -2.54668229e-04 2.58296011e-03 2.59104198e-03 2.98950641e-03 -2.84272213e-03 2.01871745e-03 2.91268199e-03 8.77026289e-01 4.43327286e+00 -1.15754836e-02 2.31383103e-01
1.68643129e-03 -2.37719858e-03 -1.44717101e-03 2.98935801e-03 8.08345501e-04 3.49597108e-03 -2.79319826e-03 -5.12582925e-04 2.81821143e-03 8.01895145e-01 3.46843850e+00 1.25883031e-02 2.79524022e-01
1.11494984e-03 -2.34716801e-03 -1.79618387e-03 3.07612607e-03 1.28899538e-03 2.99676480e-03 -3.35671922e-03 1.35580685e-03 3.49295862e-03 8.64507604e-01 4.15817082e+00 1.84318758e-03 2.49433703e-01
9.29774369e-04 -2.08300006e-03 -1.41694604e-03 2.48703735e-03 8.29377236e-04 3.19075613e-03 -2.69138921e-03 1.09467099e-03 2.93442346e-03 8.19521528e-01 3.72264439e+00 -1.79989409e-03 2.66776975e-01
6.31770885e-04 -1.73504296e-03 -1.64098919e-03 2.60188680e-03 1.02871020e-03 2.75523608e-03 -2.90759000e-03 1.56655949e-03 3.10251783e-03 8.23828290e-01 3.99949762e+00 -1.28176726e-02 2.51632028e-01
1.41981593e-03 -2.68254867e-03 -1.62100334e-03 2.99893768e-03 1.03331919e-03 3.45893328e-03 -3.16786150e-03 7.59877985e-04 3.35548344e-03 8.62091235e-01 3.88464694e+00 1.38203049e-02 2.64861006e-01
1.43649728e-03 -2.35016677e-03 -1.38668130e-03 2.66176614e-03 1.04575921e-03 3.14187055e-03 -2.63386340e-03 1.76035109e-04 2.74740096e-03 7.97796566e-01 3.57550218e+00 -4.88159980e-03 2.71902785e-01
6.77737043e-04 -1.28030937e-03 -1.64014833e-03 2.96414109e-03 1.25800082e-03 3.14659566e-03 -3.39926408e-03 2.25581055e-03 3.63116589e-03 8.85686040e-01 4.32793696e+00 5.02752089e-03 2.42600271e-01
1.73184801e-03 -2.71590962e-03 -1.93318692e-03 3.59066421e-03 1.30045241e-03 3.69208248e-03 -3.28839672e-03 -4.20451450e-04 3.31418131e-03 8.30534007e-01 3.82606830e+00 2.22452824e-02 2.72104254e-01
1.89777416e-03 6.07008515e-05 -7.38068543e-05 2.23280175e-03 2.44383917e-03 3.22311462e-03 -2.36655315e-03 1.84488394e-03 2.58271379e-03 8.51974324e-01 4.05052119e+00 -1.96126782e-02 2.42639961e-01
9.65457652e-04 -1.16736253e-03 -1.45674424e-03 2.70296306e-03 1.76557632e-03 2.82478952e-03 -3.04202530e-03 1.90937691e-03 3.17340268e-03 8.84986744e-01 4.23710678e+00 -5.97581855e-03 2.40268548e-01
1.84747538e-03 -2.67709424e-03 -1.23932791e-03 2.76430999e-03 4.63693119e-04 3.10841833e-03 -2.93305754e-03 -2.17634738e-04 2.99508557e-03 7.94420314e-01 3.59985321e+00 6.32553025e-03 2.74036031e-01
1.24433409e-03 -2.17335076e-03 -1.64167162e-03 2.72293076e-03 1.59219953e-03 2.48785982e-03 -2.91404998e-03 9.18965553e-04 2.95515641e-03 8.64361314e-01 3.83420691e+00 -1.80273035e-02 2.44105740e-01
9.93409973e-04 -2.32484245e-03 -1.43757681e-03 2.64748942e-03 3.00326042e-04 3.84190554e-03 -3.09733502e-03 1.37382998e-03 3.43543131e-03 8.15568243e-01 3.99142206e+00 2.03181213e-02 2.72534597e-01
5.16621509e-04 -1.34902684e-03 -1.45218452e-03 2.41074458e-03 9.68858175e-04 2.73677711e-03 -2.71441681e-03 1.69515603e-03 2.94164399e-03 8.44812508e-01 3.87756176e+00 -4.73759371e-03 2.51413629e-01
1.70035481e-03 -2.86548879e-03 -1.69111483e-03 3.26238795e-03 1.28349961e-03 3.59065158e-03 -3.32777947e-03 4.91226990e-04 3.46401020e-03 8.39479411e-01 3.98782113e+00 4.90225462e-03 2.65009721e-01
7.56717318e-04 -1.93751395e-03 -1.58769387e-03 2.73579742e-03 9.35250830e-04 3.65975282e-03 -3.01148452e-03 1.67273553e-03 3.33722401e-03 8.42393927e-01 4.10985086e+00 2.09376437e-02 2.66024238e-01
1.37521159e-03 -2.41334587e-03 -1.57166885e-03 2.86026109e-03 1.27351048e-03 2.73586778e-03 -3.02356021e-03 7.29019168e-04 3.10200721e-03 8.42057455e-01 3.77442756e+00 -1.86349247e-02 2.51059649e-01
1.06586573e-03 -3.81672861e-04 -7.23078079e-04 2.21871652e-03 1.68641911e-03 2.97522217e-03 -2.43056051e-03 1.86456260e-03 2.68130767e-03 8.48562836e-01 3.87573100e+00 -1.81878708e-02 2.46499604e-01
1.87108526e-03 -2.99779463e-03 -1.98391717e-03 3.63677595e-03 1.32664523e-03 3.66121415e-03 -3.49487322e-03 -2.65393246e-04 3.53766086e-03 8.34741253e-01 3.99615550e+00 2.04174674e-02 2.69129550e-01
1.49589970e-03 -2.57804059e-03 -1.59862433e-03 2.99138412e-03 1.30590999e-03 3.17798912e-03 -3.07569740e-03 6.11224483e-04 3.19584907e-03 8.33457076e-01 3.87937181e+00 -4.41563527e-03 2.60803779e-01
5.04874995e-04 -1.63125370e-03 -1.63898591e-03 2.63193338e-03 8.86680802e-04 3.12514131e-03 -2.96129468e-03 1.79723471e-03 3.24414240e-03 8.51150661e-01 3.99496062e+00 4.54985610e-03 2.56035449e-01
1.69197190e-03 -2.86826054e-03 -1.56170302e-03 3.08113151e-03 9.54968865e-04 3.61211787e-03 -3.22957369e-03 4.27260636e-04 3.39211659e-03 8.28852740e-01 3.96709088e+00 1.55366572e-02 2.70067370e-01
6.90418458e-04 -1.45959059e-03 -1.48285617e-03 2.49804616e-03 1.15718171e-03 2.62344421e-03 -2.81864824e-03 1.63121869e-03 2.98452468e-03 8.53872830e-01 3.90241015e+00 -1.41749508e-02 2.45446674e-01
1.25425279e-03 -2.44680656e-03 -1.63188016e-03 2.78459023e-03 1.06916484e-03 2.60741437e-03 -3.00296820e-03 6.96549175e-04 3.09468463e-03 8.61481759e-01 3.77817869e+00 7.69341655e-04 2.52723744e-01
6.74390267e-04 -1.90609885e-03 -1.68311196e-03 2.75099859e-03 9.97712806e-04 3.62804229e-03 -3.03029030e-03 1.72969049e-03 3.36075844e-03 8.22521195e-01 4.08127108e+00 -7.38230694e-04 2.64070678e-01
1.19066372e-03 -2.11294919e-03 -1.47242565e-03 2.46519334e-03 1.26352480e-03 2.24878625e-03 -2.64843937e-03 6.47992593e-04 2.69333356e-03 8.20631000e-01 3.67178839e+00 -2.37371927e-02 2.49405359e-01
7.91968008e-04 -2.29509408e-03 -1.83355764e-03 3.06453155e-03 6.96313485e-04 4.30749449e-03 -3.51175129e-03 1.94860131e-03 3.92961348e-03 8.67773752e-01 4.24823290e+00 2.74248378e-02 2.67387741e-01
1.28593371e-03 -2.28299787e-03 -1.70141942e-03 2.93153940e-03 1.72630475e-03 3.01053466e-03 -3.04548441e-03 1.06510730e-03 3.15219111e-03 8.54281007e-01 4.03481000e+00 -7.28308286e-03 2.52574041e-01
8.15985882e-04 -2.08172823e-03 -1.42602042e-03 2.59712686e-03 4.20650213e-04 3.29236793e-03 -2.96076423e-03 1.39049341e-03 3.23886700e-03 8.29160912e-01 3.82694097e+00 7.66099880e-03 2.64557330e-01
1.41996903e-03 -6.03941103e-04 -1.01286831e-03 2.98937471e-03 2.35367061e-03 4.18242163e-03 -3.21038244e-03 2.47656351e-03 3.56490935e-03 8.93308516e-01 4.43125630e+00 3.32197231e-03 2.49658874e-01
1.35108608e-03 -2.27162190e-03 -1.49832220e-03 2.62664907e-03 8.20223704e-04 2.44425611e-03 -2.61618511e-03 -2.31551848e-04 2.63630418e-03 7.88712891e-01 3.45044225e+00 -3.23212930e-03 2.66475394e-01
1.07232987e-03 -5.19553538e-04 -9.01231665e-04 2.36260648e-03 1.62138035e-03 2.44921923e-03 -2.70634682e-03 1.86258965e-03 2.81170101e-03 8.69060254e-01 4.07304392e+00 -1.53058404e-02 2.33011740e-01
1.95773584e-03 -2.84240471e-03 -1.59609318e-03 3.29419548e-03 9.42975780e-04 3.97102430e-03 -3.19318607e-03 -3.64438926e-04 3.26341781e-03 8.10460773e-01 3.79543520e+00 1.69822854e-02 2.78587513e-01
8.18945003e-04 -1.25598679e-03 -1.52259597e-03 2.89826876e-03 1.59947317e-03 3.42288604e-03 -3.17631423e-03 2.14706378e-03 3.43222082e-03 8.81497449e-01 4.25888806e+00 3.24946772e-03 2.48632324e-01
1.54822177e-03 -2.48242871e-03 -1.37727780e-03 2.71637216e-03 8.54245938e-04 2.86304827e-03 -2.80027839e-03 9.44615826e-05 2.87789599e-03 8.01742472e-01 3.61766717e+00 -3.16980413e-03 2.67288197e-01
1.64189579e-03 -2.64976181e-03 -1.68269731e-03 3.10553766e-03 8.67372745e-04 3.17574519e-03 -3.04563826e-03 -3.46665365e-04 3.08349788e-03 7.92612667e-01 3.65581940e+00 -8.39976613e-04 2.71607169e-01
1.36570997e-03 -4.69564947e-04 -7.81660448e-04 2.50032221e-03 2.04583077e-03 3.17113253e-03 -2.76311644e-03 2.00635045e-03 2.97740325e-03 8.88957955e-01 4.18476719e+00 8.96902253e-04 2.43113734e-01
6.00521112e-04 -1.71387639e-03 -1.68162568e-03 2.75931483e-03 9.95344990e-04 3.31062082e-03 -3.09952307e-03 1.86854169e-03 3.39268569e-03 8.77566223e-01 4.03269892e+00 1.04410590e-02 2.55042020e-01
1.40046419e-03 -2.44890995e-03 -1.52815461e-03 2.83692199e-03 1.20141717e-03 2.98034362e-03 -2.92311784e-03 5.68931876e-04 3.03539717e-03 8.07973092e-01 3.83889678e+00 -9.88157740e-03 2.61602556e-01
1.67290410e-03 -2.72004279e-03 -1.88188971e-03 3.40133932e-03 1.47957052e-03 3.70756441e-03 -3.15807411e-03 -1.39555586e-04 3.23067110e-03 8.25323684e-01 3.84691367e+00 1.18054850e-02 2.71463069e-01
1.04934683e-03 -2.39800868e-04 -7.36109609e-04 2.41271025e-03 1.66317551e-03 3.10958080e-03 -2.65819601e-03 2.10152936e-03 2.92047248e-03 8.57303272e-01 4.03651640e+00 -1.09733325e-02 2.43448711e-01
1.42583406e-03 -4.60510913e-05 -4.29032865e-04 2.46354713e-03 2.06844012e-03 3.21541620e-03 -2.61962000e-03 2.10061197e-03 2.83824897e-03 8.45631996e-01 4.07345526e+00 -2.53231357e-02 2.39992744e-01
1.67292026e-03 -2.66252713e-03 -1.83875632e-03 3.39858641e-03 1.35795928e-03 3.73546315e-03 -3.12398267e-03 -2.55393244e-04 3.18560673e-03 8.37947257e-01 3.83150702e+00 2.97834005e-02 2.73952028e-01
1.53770693e-03 -2.55301743e-03 -1.67441748e-03 2.97667200e-03 1.11515411e-03 2.97987261e-03 -2.92133967e-03 -1.26984048e-04 2.96939383e-03 8.25218590e-01 3.67539463e+00 1.10686696e-02 2.67524690e-01
9.67723391e-04 -6.26775919e-04 -1.11126432e-03 2.68808531e-03 1.72299067e-03 3.53928133e-03 -2.96899721e-03 2.26467983e-03 3.28563593e-03 8.57473791e-01 4.19950890e+00 -1.03276746e-02 2.48464250e-01
1.05706055e-03 -2.01127544e-03 -1.25661936e-03 2.32176608e-03 8.91596411e-04 2.75229123e-03 -2.45322335e-03 7.37336294e-04 2.61497210e-03 7.94579274e-01 3.62560871e+00 -5.10890642e-03 2.66200460e-01
1.06231243e-03 -2.36555138e-03 -1.89617365e-03 3.30394699e-03 1.30231380e-03 3.51679445e-03 -3.62911552e-03 1.74170619e-03 3.84689913e-03 8.88725518e-01 4.24330029e+00 5.26650546e-03 2.50146878e-01
6.95461399e-04 -1.80442908e-03 -1.72170282e-03 2.92496317e-03 1.17051402e-03 3.54374916e-03 -3.20899344e-03 1.91649595e-03 3.50327510e-03 8.82607103e-01 4.02834983e+00 1.69387798e-03 2.54241722e-01
1.36499620e-03 -2.36508159e-03 -1.43501819e-03 2.67944111e-03 1.06620423e-03 2.77088496e-03 -2.80060113e-03 5.03599166e-04 2.90011754e-03 8.00005734e-01 3.83068718e+00 -1.64132301e-03 2.62622656e-01
7.66325759e-04 -1.80025342e-03 -1.62159912e-03 2.82142350e-03 1.11913476e-03 3.01776572e-03 -3.11295831e-03 1.70379628e-03 3.31256410e-03 8.66253540e-01 3.92924702e+00 -1.34163900e-02 2.47194286e-01
1.42500058e-03 -2.47413397e-03 -1.44626779e-03 2.79157079e-03 1.09407867e-03 3.28766744e-03 -2.88629799e-03 6.10113532e-04 3.04808595e-03 8.14362945e-01 3.93485344e+00 1.46955608e-02 2.68881447e-01
4.80318244e-04 -1.20612038e-03 -1.34156801e-03 2.33035799e-03 9.53625263e-04 3.04935283e-03 -2.58121211e-03 1.74822371e-03 2.87122936e-03 8.30979410e-01 3.84076219e+00 -6.51677478e-04 2.59232285e-01
1.66158129e-03 -3.00858493e-03 -1.95260055e-03 3.37300368e-03 1.33500767e-03 3.24529036e-03 -3.50753281e-03 4.10709474e-04 3.59677207e-03 8.53321700e-01 4.01194782e+00 6.79200736e-04 2.57993221e-01
1.54895321e-03 -2.74194914e-03 -1.64291857e-03 3.11644242e-03 1.18302159e-03 3.49308029e-03 -3.22077920e-03 6.29926588e-04 3.37858715e-03 8.41644969e-01 3.96977584e+00 9.12353686e-03 2.65149871e-01
5.29151352e-04 -1.53451694e-03 -1.57495000e-03 2.53260455e-03 9.69854504e-04 2.79975223e-03 -2.83844904e-03 1.67756332e-03 3.05897308e-03 8.42717846e-01 3.90832849e+00 -8.63612669e-03 2.51195550e-01
6.89092481e-04 -1.89720444e-03 -1.61142905e-03 2.58451162e-03 8.82736674e-04 2.73518829e-03 -2.88874442e-03 1.41322623e-03 3.08462302e-03 8.39394557e-01 3.78216177e+00 -1.79888534e-02 2.50934919e-01
1.34780356e-03 -2.57198804e-03 -1.64816635e-03 3.05298088e-03 1.23672748e-03 3.58231502e-03 -3.18316626e-03 9.88444724e-04 3.38916518e-03 8.45457112e-01 4.11846471e+00 2.01140946e-02 2.65512036e-01
1.59713382e-03 -2.77200734e-03 -1.67346606e-03 3.10970467e-03 1.27805084e-03 3.48800019e-03 -3.18262683e-03 5.09727702e-04 3.32961397e-03 8.58705831e-01 3.84930568e+00 5.64202930e-03 2.64495566e-01
5.30891046e-04 -1.40575563e-03 -1.49242365e-03 2.56011737e-03 9.73932856e-04 2.86652462e-03 -2.85310513e-03 1.78421563e-03 3.08124321e-03 8.26058609e-01 4.02809402e+00 -5.45562605e-03 2.52296079e-01
1.46503900e-03 -2.36472085e-03 -1.12998735e-03 2.47798288e-03 5.54398100e-04 3.09516825e-03 -2.67550783e-03 3.98726523e-04 2.82603209e-03 7.99609166e-01 3.51696979e+00 -5.31669912e-03 2.71702969e-01
1.01667159e-03 -1.92343926e-03 -1.83276708e-03 2.97138366e-03 1.61130921e-03 2.86288065e-03 -3.37256465e-03 1.73290689e-03 3.48850371e-03 8.84154756e-01 4.38015878e+00 5.48451606e-03 2.43576759e-01
1.32822487e-03 -2.68623428e-03 -1.79963411e-03 3.16822992e-03 1.25147492e-03 3.49919582e-03 -3.37512056e-03 1.09095629e-03 3.57298709e-03 8.77416508e-01 3.99212780e+00 4.03826178e-03 2.57881150e-01
7.20827388e-04 -1.87402074e-03 -1.49396269e-03 2.44752270e-03 8.46700693e-04 2.74176050e-03 -2.69854524e-03 1.25620310e-03 2.90110853e-03 8.06390207e-01 3.86888533e+00 -3.93542081e-03 2.59383248e-01
7.15314788e-04 -1.06107532e-03 -1.44377721e-03 2.68312445e-03 1.37297558e-03 2.74137319e-03 -3.04543124e-03 2.01104715e-03 3.20415541e-03 8.48431898e-01 4.21017000e+00 -1.48208280e-02 2.40360359e-01
1.69784303e-03 -2.68890428e-03 -1.47173523e-03 2.93602449e-03 9.12619162e-04 3.49472746e-03 -2.96758682e-03 4.23155631e-05 3.08337258e-03 8.35104081e-01 3.68477525e+00 1.62831678e-02 2.73889187e-01
6.83806315e-04 -1.08877821e-03 -1.29651178e-03 2.46509770e-03 1.24326536e-03 2.56010724e-03 -2.74739890e-03 1.77109758e-03 2.89168604e-03 8.51698037e-01 3.96559399e+00 -1.20576462e-02 2.42356062e-01
1.82528284e-03 -2.92659244e-03 -1.58872674e-03 3.20275783e-03 1.05310676e-03 3.82699522e-03 -3.25934130e-03 2.21621565e-04 3.40477648e-03 8.31575062e-01 3.91045931e+00 1.30349864e-02 2.72396832e-01
1.64035522e-03 -2.69746017e-03 -1.52251637e-03 2.94798003e-03 9.56062386e-04 3.04736051e-03 -3.06569570e-03 1.99727823e-04 3.15312230e-03 8.13289890e-01 3.76075714e+00 -4.87988431e-03 2.64686419e-01
7.15843284e-04 -1.25656346e-03 -1.44897301e-03 2.66752814e-03 1.40740696e-03 3.20316675e-03 -2.91764351e-03 1.94257147e-03 3.16827152e-03 8.71104478e-01 4.10072018e+00 5.02620161e-03 2.51696302e-01
8.21149624e-04 -7.51036014e-04 -1.24367234e-03 2.83003222e-03 1.48649697e-03 3.99301624e-03 -3.15643610e-03 2.47992874e-03 3.57156242e-03 8.73820580e-01 4.28062562e+00 1.03775468e-02 2.54668798e-01
1.35287926e-03 -2.38054727e-03 -1.69968963e-03 2.83625168e-03 1.30836100e-03 2.74951720e-03 -2.77111054e-03 6.63385034e-05 2.82004101e-03 8.11750049e-01 3.61745415e+00 -9.82031581e-03 2.62304277e-01
1.63414302e-03 -2.63025116e-03 -1.62180871e-03 3.02360577e-03 8.37431656e-04 3.09529818e-03 -2.99939444e-03 -2.91751010e-04 3.04267509e-03 8.06489786e-01 3.62157656e+00 3.90038656e-03 2.70921887e-01
1.19390061e-03 -5.58107894e-04 -9.64192504e-04 2.62105807e-03 1.98306694e-03 3.24899360e-03 -2.87138221e-03 2.10986717e-03 3.09747844e-03 8.75269448e-01 4.24489799e+00 -3.73774868e-03 2.44122954e-01
5.63193589e-04 -8.62713512e-04 -1.13005902e-03 2.12039825e-03 1.05635383e-03 2.41079829e-03 -2.40124468e-03 1.63328562e-03 2.58785459e-03 8.22374758e-01 3.74847449e+00 -2.10412994e-02 2.46772299e-01
2.04980061e-03 -3.35086458e-03 -1.98204562e-03 3.78128338e-03 1.36229521e-03 4.15947368e-03 -3.78139435e-03 1.25694606e-04 3.90502178e-03 8.65216752e-01 4.15025818e+00 2.38911596e-02 2.68991534e-01
1.56018216e-03 -2.80415033e-03 -1.39807560e-03 2.93924194e-03 4.52495824e-04 3.63963168e-03 -3.30485482e-03 7.89656760e-04 3.52410420e-03 8.28011550e-01 4.04509576e+00 2.74769147e-02 2.70243344e-01
9.19126013e-04 -1.84622356e-03 -1.58903604e-03 2.53110478e-03 1.43094049e-03 2.56880139e-03 -2.76632130e-03 1.26307104e-03 2.88563094e-03 8.53620275e-01 3.80732528e+00 -2.35812898e-02 2.46278692e-01
5.85655627e-04 -1.46260642e-03 -1.47676739e-03 2.31729390e-03 9.98870721e-04 2.24358458e-03 -2.63759083e-03 1.42955913e-03 2.76281982e-03 8.28081490e-01 3.74687577e+00 -2.91154496e-02 2.42971300e-01
1.88223344e-03 -3.13837172e-03 -1.64111786e-03 3.37381437e-03 1.02975715e-03 4.23590459e-03 -3.55781019e-03 6.16496270e-04 3.77298667e-03 8.60010307e-01 4.18750928e+00 3.49691779e-02 2.72112024e-01
5.35479890e-04 -1.53103115e-03 -1.49669716e-03 2.42574736e-03 8.84062018e-04 2.72505079e-03 -2.73060883e-03 1.59091003e-03 2.95370598e-03 8.22205488e-01 3.81704512e+00 -1.84588048e-02 2.52289337e-01
1.55869521e-03 -2.89468297e-03 -1.80520698e-03 3.25870134e-03 1.26504236e-03 3.59785175e-03 -3.39170638e-03 7.01286089e-04 3.56276501e-03 8.64868743e-01 4.08627345e+00 2.06105552e-02 2.64154482e-01
1.51900169e-03 -2.68873013e-03 -1.33465415e-03 2.74726425e-03 4.53434139e-04 3.44859867e-03 -3.06153518e-03 5.87339759e-04 3.26013313e-03 8.09716406e-01 3.78847153e+00 5.72292210e-03 2.71472916e-01
9.65715102e-04 -1.72367276e-03 -1.57145688e-03 2.66468087e-03 1.55090543e-03 2.61221531e-03 -2.92249840e-03 1.46209016e-03 3.01433955e-03 8.71984641e-01 4.04584019e+00 -5.45513569e-03 2.44151636e-01
1.03274175e-03 -2.21186162e-03 -1.67045284e-03 2.83550116e-03 1.31093001e-03 3.28772196e-03 -3.02105438e-03 1.30033499e-03 3.23682856e-03 8.50022768e-01 3.85016424e+00 -1.80510222e-02 2.56204782e-01
1.09971924e-03 -2.35111057e-03 -1.53472533e-03 2.74640889e-03 7.98577475e-04 2.95804480e-03 -3.02673074e-03 1.03300550e-03 3.20690709e-03 8.33013095e-01 4.02638346e+00 2.02536653e-02 2.61265599e-01
7.75469003e-04 -1.37151720e-03 -1.70136902e-03 2.85859119e-03 1.45132405e-03 2.72787005e-03 -3.30664748e-03 2.01241520e-03 3.43414273e-03 8.87577187e-01 4.32707074e+00 -8.20062147e-04 2.37885884e-01
1.66943022e-03 -2.50883704e-03 -1.21840211e-03 2.62260142e-03 6.70628856e-04 3.24792852e-03 -2.72968258e-03 2.08740779e-05 2.83890131e-03 7.93481664e-01 3.55410378e+00 8.96341379e-04 2.75563974e-01
7.81469909e-04 -1.83808537e-03 -1.44461134e-03 2.40201851e-03 8.92990895e-04 2.46998359e-03 -2.66933839e-03 1.18465894e-03 2.82153296e-03 8.38933039e-01 3.66284455e+00 -1.51590357e-02 2.50693448e-01
1.37783080e-03 -2.66113000e-03 -1.71408710e-03 3.22214653e-03 1.27600398e-03 3.92994637e-03 -3.38644323e-03 1.20888096e-03 3.63323300e-03 8.45891646e-01 4.23263157e+00 1.66451880e-02 2.65685392e-01
5.56263657e-04 -1.68666205e-03 -1.63981549e-03 2.64255276e-03 9.53559172e-04 3.18274608e-03 -2.94368617e-03 1.74328295e-03 3.22434679e-03 8.56880970e-01 3.88190870e+00 -5.50562731e-03 2.55384280e-01
1.48712103e-03 -2.57740509e-03 -1.58346623e-03 2.96940960e-03 1.23530798e-03 3.08462295e-03 -3.08899724e-03 6.21077797e-04 3.20225738e-03 8.26527349e-01 3.99025773e+00 5.74143291e-03 2.61427496e-01
8.14753415e-04 -1.95239116e-03 -1.69080224e-03 2.74709650e-03 1.25851467e-03 3.16062694e-03 -2.99167637e-03 1.53676151e-03 3.22202296e-03 8.45885766e-01 3.91141277e+00 -1.87344980e-02 2.53734110e-01
1.35821483e-03 -2.53475929e-03 -1.48982548e-03 2.83042508e-03 8.50405453e-04 3.05266760e-03 -3.06563445e-03 7.52566174e-04 3.21865789e-03 8.37875045e-01 3.96698055e+00 2.10885947e-02 2.63234981e-01
1.18090918e-03 -2.47514902e-03 -1.77215113e-03 3.05946664e-03 1.36803670e-03 3.64349656e-03 -3.23391275e-03 1.28614603e-03 3.47460361e-03 8.62701964e-01 4.26344847e+00 2.95741785e-02 2.64233137e-01
9.50770942e-04 -2.05714773e-03 -1.44732995e-03 2.61212583e-03 8.60299058e-04 2.73660723e-03 -2.85368206e-03 1.13441470e-03 3.01232023e-03 8.25283037e-01 3.67225177e+00 -2.52996754e-02 2.52514290e-01
1.62341215e-03 -2.66155861e-03 -1.48719328e-03 2.91517295e-03 1.01227015e-03 3.54805078e-03 -2.94999369e-03 2.28791924e-04 3.09346832e-03 8.27898255e-01 3.85788038e+00 2.67767989e-02 2.74179933e-01
5.51643863e-04 -1.36392748e-03 -1.64016785e-03 2.72649678e-03 1.10188493e-03 2.73250470e-03 -3.11679834e-03 1.95092827e-03 3.29686006e-03 8.53761731e-01 4.02948125e+00 -2.30599101e-02 2.39967054e-01
1.08291164e-03 -2.14498581e-03 -1.40167859e-03 2.60020798e-03 9.56138013e-04 2.98078920e-03 -2.78190144e-03 9.95237048e-04 2.96144616e-03 8.08685889e-01 3.75108972e+00 -1.53736363e-02 2.60904114e-01
9.36088371e-04 -2.29669760e-03 -1.83594066e-03 2.99103541e-03 1.17207980e-03 3.26582677e-03 -3.27843978e-03 1.48330114e-03 3.50223347e-03 8.78484720e-01 4.14284058e+00 1.67861027e-02 2.55758550e-01
6.44942864e-04 -1.39453797e-03 -1.79666646e-03 3.12096329e-03 1.39450451e-03 3.72106149e-03 -3.51315908e-03 2.41339099e-03 3.84562795e-03 8.90182445e-01 4.29468959e+00 -1.34107919e-03 2.47817165e-01
1.36517102e-03 -2.21766881e-03 -1.33591750e-03 2.52310873e-03 9.66801731e-04 2.64798890e-03 -2.52830967e-03 9.22230393e-05 2.59413854e-03 7.90258757e-01 3.56779671e+00 1.43624189e-03 2.68102021e-01
1.21465396e-03 -2.36136862e-03 -1.42432289e-03 2.67509884e-03 8.84361346e-04 3.40988010e-03 -2.86459339e-03 9.14538065e-04 3.09093735e-03 8.21644022e-01 3.95322479e+00 2.23387756e-02 2.70342933e-01
1.06864546e-03 -2.16502768e-03 -1.65677736e-03 2.87207929e-03 1.23948684e-03 2.84371751e-03 -3.15957917e-03 1.33268611e-03 3.29240553e-03 8.59199366e-01 3.90969720e+00 -1.96461999e-02 2.45877516e-01
9.32487070e-04 -1.96248785e-03 -1.41889870e-03 2.39693452e-03 9.25142949e-04 2.30205802e-03 -2.65263392e-03 9.55998725e-04 2.75874236e-03 8.22014952e-01 3.67785511e+00 -1.75405963e-02 2.50431517e-01
1.17839918e-03 -2.56126141e-03 -1.79658296e-03 3.20781274e-03 1.20458888e-03 4.15961565e-03 -3.44439748e-03 1.52425651e-03 3.75979714e-03 8.64892747e-01 4.23412139e+00 1.94696876e-02 2.65908484e-01
8.15642125e-04 -1.01748977e-03 -1.26468419e-03 2.51875040e-03 1.49576111e-03 2.76630131e-03 -2.78158473e-03 1.84198519e-03 2.94375261e-03 8.68466171e-01 4.04743565e+00 -5.55917790e-03 2.43726468e-01
1.84670747e-03 -2.87782202e-03 -1.51323412e-03 3.07999367e-03 8.35012166e-04 3.44513760e-03 -3.18583277e-03 -9.97230245e-06 3.28158340e-03 8.13683150e-01 3.79940627e+00 5.82538314e-03 2.71331821e-01
1.10395835e-03 -2.52304241e-03 -1.64882863e-03 2.95338151e-03 7.24999339e-04 3.62018722e-03 -3.26323289e-03 1.24756598e-03 3.53210672e-03 8.37037207e-01 4.07486060e+00 1.62950722e-02 2.66014951e-01
1.02812718e-03 -1.96823292e-03 -1.49371899e-03 2.59213341e-03 1.30624329e-03 2.68264826e-03 -2.78174368e-03 1.13727943e-03 2.90467128e-03 8.46740553e-01 3.79710717e+00 -1.48376208e-02 2.50688054e-01
7.60595415e-04 -2.04250200e-03 -1.77062447e-03 2.88065720e-03 9.79567963e-04 2.98322869e-03 -3.24753241e-03 1.64371443e-03 3.45290233e-03 8.76147837e-01 3.97027093e+00 -5.76020844e-03 2.47639800e-01
1.31163879e-03 -2.33333440e-03 -1.41245805e-03 2.69260081e-03 1.11993210e-03 3.23087454e-03 -2.77832726e-03 7.14011443e-04 2.94904837e-03 8.04858179e-01 3.88745190e+00 6.06302880e-03 2.68398986e-01
5.54814378e-04 -1.66798454e-03 -1.52547811e-03 2.52162399e-03 7.50942718e-04 3.11159501e-03 -2.85195480e-03 1.66631605e-03 3.13600925e-03 8.18491789e-01 3.87105995e+00 -1.13991777e-02 2.58507515e-01
1.39986744e-03 -2.67353773e-03 -1.81278888e-03 3.08531668e-03 1.38627133e-03 3.16274339e-03 -3.22218241e-03 7.45519196e-04 3.35115206e-03 8.67370920e-01 4.00744764e+00 1.21730664e-02 2.58436535e-01
1.60209403e-03 -2.69534464e-03 -1.30623027e-03 2.75635749e-03 6.05110262e-04 3.79279318e-03 -3.02739228e-03 6.09062119e-04 3.25270102e-03 8.08077303e-01 3.81678686e+00 6.44121904e-03 2.75102756e-01
9.12161258e-04 -1.79847925e-03 -1.62693240e-03 2.57966204e-03 1.29971490e-03 2.25703696e-03 -2.96836673e-03 1.38616563e-03 3.02657428e-03 8.73255892e-01 4.02644441e+00 -6.11649774e-03 2.39218638e-01
6.51753101e-04 -1.93020183e-03 -1.47335246e-03 2.44781944e-03 5.03664850e-04 2.98993814e-03 -2.77695261e-03 1.34682364e-03 3.03813262e-03 8.36623015e-01 3.71864525e+00 4.99158169e-03 2.62210039e-01
1.30243454e-03 -2.50867268e-03 -1.84504431e-03 3.12049197e-03 1.61719072e-03 3.23113407e-03 -3.27628963e-03 1.11130635e-03 3.41709297e-03 8.47521992e-01 4.15212053e+00 -4.81796402e-03 2.54783644e-01
9.92479749e-04 -2.36538090e-03 -1.81656036e-03 2.99556641e-03 1.12537417e-03 3.19374041e-03 -3.28253568e-03 1.38263988e-03 3.48734203e-03 8.47806553e-01 4.09190835e+00 -2.66381586e-03 2.54934798e-01
1.00576773e-03 -2.08598342e-03 -1.42463380e-03 2.56898700e-03 9.67347996e-04 3.01359617e-03 -2.75833806e-03 1.07823737e-03 2.95433141e-03 8.36423718e-01 3.77996488e+00 2.73676755e-03 2.61776828e-01
2.06633309e-03 -3.16319362e-03 -1.64235468e-03 3.41093984e-03 9.98207981e-04 4.21804215e-03 -3.46606660e-03 2.13167678e-05 3.60681740e-03 8.45379638e-01 3.99779067e+00 2.75372784e-02 2.75974539e-01
5.97274440e-04 -1.00196124e-03 -1.32456153e-03 2.29857063e-03 1.12650143e-03 2.20652010e-03 -2.66621767e-03 1.68726878e-03 2.78028520e-03 8.39613943e-01 3.90882479e+00 -2.37135920e-02 2.37464572e-01
8.56780243e-04 -1.56707604e-03 -1.61346595e-03 2.60625668e-03 1.47519739e-03 2.50749979e-03 -2.96935029e-03 1.61478486e-03 3.07219322e-03 8.62742858e-01 4.08238021e+00 -1.62173848e-02 2.40551150e-01
1.78546086e-03 -2.81201892e-03 -1.28777523e-03 2.81600612e-03 4.62640730e-04 3.46572722e-03 -3.08148678e-03 1.99335331e-04 3.22660643e-03 8.17960572e-01 3.76936553e+00 1.80584065e-02 2.74160125e-01
1.18353449e-03 -2.17034407e-03 -1.69202401e-03 2.92712337e-03 1.64299125e-03 3.05323649e-03 -3.11011445e-03 1.30535299e-03 3.24098349e-03 8.56689634e-01 4.05481939e+00 -1.22705182e-02 2.50232013e-01
1.08397671e-03 -2.28092908e-03 -1.35393327e-03 2.58002032e-03 5.03424001e-04 3.17523704e-03 -2.89611171e-03 1.02148238e-03 3.12264787e-03 8.25832525e-01 3.80290489e+00 1.33031229e-02 2.66605318e-01
7.32797418e-04 -1.57019927e-03 -1.52958373e-03 2.64199311e-03 1.33030136e-03 3.15810793e-03 -2.85568010e-03 1.70619763e-03 3.09317472e-03 8.38058767e-01 3.85521323e+00 -2.89126461e-02 2.51746154e-01
1.59317696e-03 -2.77762483e-03 -1.57639436e-03 3.05967923e-03 8.98149362e-04 3.15870323e-03 -3.23982103e-03 4.48417247e-04 3.35565608e-03 8.47520998e-01 4.04979149e+00 3.47781892e-02 2.65144590e-01
7.64041606e-04 -1.87751939e-03 -1.55518727e-03 2.49463661e-03 9.94823558e-04 2.54614684e-03 -2.76048636e-03 1.24718783e-03 2.91395672e-03 8.07531805e-01 3.90616029e+00 -1.41218835e-02 2.53445233e-01
1.29455519e-03 -2.65269517e-03 -1.71138612e-03 3.11831459e-03 1.07521277e-03 3.73784664e-03 -3.32545714e-03 1.12977695e-03 3.56728843e-03 8.79288399e-01 3.97902815e+00 1.52980814e-02 2.63370467e-01
7.15669729e-04 -1.98165252e-03 -1.75835113e-03 2.97265350e-03 9.93296608e-04 3.37314003e-03 -3.29211798e-03 1.81356305e-03 3.55842569e-03 8.49562403e-01 4.22226941e+00 9.58693060e-03 2.56048373e-01
1.17122706e-03 -2.28211300e-03 -1.51092915e-03 2.64596362e-03 1.11441802e-03 2.93048373e-03 -2.76521615e-03 7.47252550e-04 2.91608127e-03 8.35297727e-01 3.66994153e+00 -9.06953699e-03 2.60861629e-01
1.17565632e-03 -8.98872511e-04 -1.26255734e-03 2.86504432e-03 1.89504133e-03 3.13964173e-03 -3.24483707e-03 2.18438366e-03 3.41275635e-03 8.88913604e-01 4.42270794e+00 -4.47320059e-05 2.39386214e-01
1.58021384e-03 -2.42005254e-03 -1.34026384e-03 2.68225940e-03 6.99802379e-04 3.01852147e-03 -2.69629522e-03 -2.07438033e-04 2.75848376e-03 7.92273952e-01 3.46971602e+00 1.09221232e-04 2.74365920e-01
1.83388765e-03 -2.94177361e-03 -1.87967622e-03 3.47910456e-03 1.25316727e-03 3.54892219e-03 -3.38890796e-03 -1.85658369e-04 3.44277586e-03 8.37659380e-01 3.88086922e+00 1.21274822e-02 2.68216916e-01
9.79258407e-04 -5.29090949e-04 -8.74513640e-04 2.30429706e-03 1.59714491e-03 2.98195597e-03 -2.55062042e-03 1.90213323e-03 2.79580119e-03 8.46334314e-01 3.98585423e+00 -1.12895003e-02 2.47724418e-01
1.75034237e-03 -2.81233031e-03 -1.70378664e-03 3.22817518e-03 1.27404308e-03 3.72350381e-03 -3.14513240e-03 2.87199237e-05 3.25457763e-03 8.40959325e-01 3.84192518e+00 1.76527008e-02 2.72367861e-01
7.05805910e-04 -8.00308566e-04 -1.20446290e-03 2.50027388e-03 1.25000621e-03 2.78281339e-03 -2.84660263e-03 2.00785569e-03 3.05271565e-03 8.43298505e-01 4.05664816e+00 -1.59744825e-02 2.42256714e-01
1.96971406e-03 -3.12132295e-03 -2.11270353e-03 3.92543782e-03 1.13301369e-03 3.96505176e-03 -3.71843188e-03 -5.53411704e-04 3.74123179e-03 8.42311533e-01 4.03357835e+00 3.39905919e-02 2.72807126e-01
1.44349508e-03 -1.35966544e-04 -3.77032747e-04 2.06406996e-03 2.03508065e-03 2.77997852e-03 -2.23327987e-03 1.68574101e-03 2.41880262e-03 8.42151559e-01 3.85452436e+00 -2.83358357e-02 2.41680890e-01
1.12143823e-03 -2.21188825e-03 -1.40995173e-03 2.51368855e-03 8.72988377e-04 2.65405285e-03 -2.68640748e-03 6.85468164e-04 2.81876847e-03 8.24029170e-01 3.56486081e+00 -1.43256663e-02 2.59019992e-01
8.77016371e-04 -2.16276135e-03 -1.87513626e-03 3.09848621e-03 1.27243886e-03 3.62828739e-03 -3.41528760e-03 1.81336187e-03 3.69558300e-03 8.62134104e-01 4.35318508e+00 1.55898710e-02 2.57879978e-01
9.93875218e-04 -2.15820876e-03 -1.78420646e-03 3.06856975e-03 1.35006563e-03 3.33214798e-03 -3.35175895e-03 1.65186119e-03 3.55890973e-03 8.73924024e-01 4.10745681e+00 -5.36572520e-03 2.50325921e-01
1.12163741e-03 -2.22781685e-03 -1.37465373e-03 2.50294876e-03 7.99023025e-04 2.88472664e-03 -2.68222635e-03 7.35802301e-04 2.85260310e-03 8.07531885e-01 3.74716986e+00 5.63147440e-03 2.66239687e-01
9.66434373e-04 -1.97857178e-03 -1.41200246e-03 2.52864131e-03 1.10271392e-03 2.94098144e-03 -2.66198090e-03 1.08113876e-03 2.84624772e-03 8.20772505e-01 3.71783413e+00 -1.37948413e-02 2.60029941e-01
1.05304826e-03 -2.40089393e-03 -1.76974221e-03 3.12348325e-03 1.07200291e-03 3.39696897e-03 -3.39872194e-03 1.46102644e-03 3.61575230e-03 8.65483870e-01 4.18215170e+00 1.49532972e-02 2.56680249e-01
1.12684291e-03 -2.51016055e-03 -1.72392424e-03 2.98929493e-03 1.00987562e-03 3.48014313e-03 -3.23387411e-03 1.20092614e-03 3.46997210e-03 8.40314548e-01 4.08376637e+00 9.69943633e-03 2.62996592e-01
8.29757996e-04 -2.00110495e-03 -1.58208832e-03 2.58286833e-03 1.00931348e-03 2.74779728e-03 -2.83152866e-03 1.23648398e-03 3.00871661e-03 8.43944866e-01 3.79475982e+00 -9.15073133e-03 2.53683637e-01
1.43512780e-03 -6.46255942e-04 -9.77877119e-04 2.54798763e-03 2.16587774e-03 2.78544158e-03 -2.91237038e-03 1.91197238e-03 3.01727780e-03 8.78957406e-01 4.35015597e+00 -1.04334463e-02 2.36416827e-01
1.86121580e-03 -2.66276868e-03 -1.40883008e-03 2.92556077e-03 4.01700995e-04 3.12795393e-03 -2.99353540e-03 -6.19848310e-04 3.00176730e-03 7.99952715e-01 3.50697989e+00 1.12787634e-02 2.76592050e-01
1.37778095e-03 -2.47759208e-03 -1.37349086e-03 2.74758110e-03 8.25651637e-04 3.46497387e-03 -2.94158901e-03 7.82546293e-04 3.14863008e-03 8.44032380e-01 3.87494728e+00 2.68033705e-02 2.70166599e-01
8.86534049e-04 -1.99265734e-03 -1.72146395e-03 2.77948339e-03 1.24636142e-03 2.74190427e-03 -3.10858033e-03 1.48081768e-03 3.25291170e-03 8.40707276e-01 4.00656461e+00 -2.31605553e-02 2.45649438e-01
3.87140531e-04 -1.17886499e-03 -1.45182011e-03 2.50856513e-03 8.35950356e-04 3.04021589e-03 -2.83350607e-03 1.96044803e-03 3.12316305e-03 8.31444480e-01 3.94947965e+00 -6.23720766e-03 2.53591490e-01
1.61231681e-03 -2.75879218e-03 -1.78719409e-03 3.21721561e-03 1.52573051e-03 3.44087481e-03 -3.20156087e-03 4.20185543e-04 3.31647501e-03 8.53349496e-01 3.92823887e+00 6.48329024e-03 2.63244937e-01
4.52285327e-04 -1.45688217e-03 -1.65397453e-03 2.70377056e-03 9.11892945e-04 2.97277800e-03 -3.07071589e-03 1.95009499e-03 3.32098546e-03 8.57191417e-01 4.03632450e+00 -2.97507628e-03 2.48867609e-01
1.48440323e-03 -2.60767239e-03 -1.60631572e-03 2.93609538e-03 1.24468804e-03 3.33539969e-03 -2.97732584e-03 4.62956760e-04 3.12068673e-03 8.26519118e-01 3.84539839e+00 3.06983465e-03 2.67073410e-01
1.38823194e-03 -2.58534567e-03 -1.59517924e-03 2.90574209e-03 1.05794560e-03 3.06945280e-03 -3.08385424e-03 6.87110726e-04 3.22333329e-03 8.32886467e-01 3.92588453e+00 5.48744796e-03 2.61599175e-01
6.94433354e-04 -1.77870771e-03 -1.61996508e-03 2.67027847e-03 1.07596772e-03 3.14320984e-03 -2.95843123e-03 1.65670196e-03 3.21200355e-03 8.51012911e-01 3.94764230e+00 -5.27864364e-03 2.55123509e-01
1.47346678e-03 -2.53323296e-03 -1.28492478e-03 2.63788944e-03 6.16629544e-04 3.44939831e-03 -2.86044405e-03 5.35424802e-04 3.05492339e-03 8.11098451e-01 3.76475028e+00 1.48499584e-02 2.73964459e-01
9.14550465e-04 -1.89714795e-03 -1.73938472e-03 2.78856205e-03 1.35883945e-03 2.60202916e-03 -3.17278739e-03 1.56234273e-03 3.27908071e-03 8.68932450e-01 4.09011329e+00 -1.35339231e-02 2.40780134e-01
1.92043035e-03 -3.21976777e-03 -2.29098376e-03 3.91441949e-03 1.62112541e-03 3.49148410e-03 -3.82559069e-03 -1.69020943e-04 3.83507199e-03 8.63296144e-01 4.18689934e+00 2.49981466e-02 2.61043608e-01
1.00424243e-03 -3.89246708e-04 -6.50649151e-04 2.03503716e-03 1.55785174e-03 3.17146061e-03 -2.21915137e-03 1.77144008e-03 2.53524029e-03 8.24217566e-01 3.71184465e+00 -2.18842979e-02 2.56045932e-01
7.88591050e-04 -1.10132694e-03 -1.38778280e-03 2.46323864e-03 1.35939819e-03 2.27421180e-03 -2.87265399e-03 1.74859450e-03 2.95202677e-03 8.35277801e-01 4.14899438e+00 -2.38068217e-02 2.36179789e-01
2.03369525e-03 -2.95145726e-03 -1.40764531e-03 3.10793844e-03 7.68974643e-04 3.90002304e-03 -3.20818791e-03 -9.14997376e-05 3.32308736e-03 8.50624870e-01 3.76343055e+00 2.76278590e-02 2.77101159e-01
1.06701038e-03 -2.20120785e-03 -1.83861097e-03 3.00521320e-03 1.34273806e-03 2.72687044e-03 -3.41424000e-03 1.50801712e-03 3.51001621e-03 8.80597418e-01 4.34487737e+00 1.43728159e-02 2.44896658e-01
1.22441901e-03 -2.24118963e-03 -1.26421636e-03 2.48889835e-03 7.88031271e-04 3.34086317e-03 -2.66492959e-03 7.97876655e-04 2.88428069e-03 8.05988238e-01 3.58188470e+00 -1.33347455e-02 2.70593531e-01
4.32188065e-04 -1.16305100e-03 -1.34572832e-03 2.33803907e-03 8.63890334e-04 3.13834606e-03 -2.62032241e-03 1.82638617e-03 2.93696837e-03 8.28938596e-01 3.85089510e+00 2.19944495e-04 2.60046750e-01
1.68355359e-03 -2.92950295e-03 -1.93462203e-03 3.37417482e-03 1.51531707e-03 3.25072848e-03 -3.44434500e-03 3.96906123e-04 3.51997915e-03 8.55217841e-01 4.00411497e+00 -1.91533289e-04 2.57351995e-01
1.51123775e-03 -2.72241980e-03 -1.79919004e-03 3.17493082e-03 1.38104433e-03 2.99919905e-03 -3.34051248e-03 6.92483046e-04 3.42358186e-03 8.41120329e-01 4.08926467e+00 1.28626814e-04 2.54964169e-01
5.77656094e-04 -1.56856413e-03 -1.44064738e-03 2.42929395e-03 8.59191602e-04 3.24823330e-03 -2.70381630e-03 1.64044019e-03 3.00804973e-03 8.43274499e-01 3.77966579e+00 -1.02626173e-04 2.61945712e-01
6.44289525e-04 -1.72391340e-03 -1.52442157e-03 2.52128294e-03 9.47623856e-04 3.37471845e-03 -2.78790061e-03 1.62066984e-03 3.09881398e-03 8.07866813e-01 3.87737023e+00 -1.59257214e-02 2.63231422e-01
1.39939929e-03 -2.69473682e-03 -1.78518353e-03 3.04549459e-03 1.17372360e-03 2.81106073e-03 -3.28660437e-03 7.16805541e-04 3.37831104e-03 8.79507946e-01 3.99991819e+00 1.74456121e-02 2.53428978e-01
9.04434094e-04 -2.07859394e-03 -1.61722339e-03 2.71546219e-03 1.19493239e-03 3.26915177e-03 -2.88956883e-03 1.32152823e-03 3.12426179e-03 8.37479827e-01 3.81060365e+00 -1.70181934e-02 2.59141949e-01
1.07887458e-03 -2.44088220e-03 -1.68172605e-03 2.88977999e-03 8.65144709e-04 2.95665399e-03 -3.18772478e-03 1.10619534e-03 3.36090957e-03 8.47611060e-01 4.08344304e+00 1.89004718e-02 2.57931754e-01
1.25682891e-03 -2.29614045e-03 -1.58009140e-03 2.69082265e-03 1.38295260e-03 2.86390606e-03 -2.71417776e-03 5.45619520e-04 2.82395221e-03 8.24859231e-01 3.65457059e+00 -1.73087702e-02 2.59972074e-01
3.67015327e-04 -1.73724853e-03 -1.85621411e-03 2.96714997e-03 6.30817154e-04 3.59629644e-03 -3.41798554e-03 2.19599566e-03 3.77934144e-03 8.61745236e-01 4.25310025e+00 1.91959618e-02 2.57268912e-01
1.29282706e-03 -2.26868040e-03 -1.44935405e-03 2.61510109e-03 1.25434153e-03 2.94045642e-03 -2.63921987e-03 5.11895031e-04 2.76514979e-03 8.08620128e-01 3.71446394e+00 -5.28995568e-03 2.65492639e-01
4.42690206e-04 -1.81714122e-03 -1.91887225e-03 3.01215696e-03 7.89306100e-04 3.35744165e-03 -3.46144487e-03 2.12050712e-03 3.76793118e-03 8.75665384e-01 4.17147115e+00 5.45764350e-03 2.50661395e-01
4.98326697e-04 -1.48720282e-03 -1.64755642e-03 2.70734108e-03 9.58443455e-04 2.84132472e-03 -3.06790800e-03 1.89163631e-03 3.28362329e-03 8.73779461e-01 4.00862953e+00 -1.26549756e-05 2.45885627e-01
1.53308485e-03 -2.55572584e-03 -1.49476270e-03 2.92037261e-03 1.22517431e-03 3.47150724e-03 -2.93599364e-03 4.80726352e-04 3.08775804e-03 8.09183550e-01 3.86000228e+00 5.59288389e-05 2.69456127e-01
6.39870592e-04 -8.95488549e-04 -1.20548721e-03 2.41277039e-03 1.23021277e-03 2.69558501e-03 -2.67561048e-03 1.85770762e-03 2.86530677e-03 8.43359091e-01 3.95763858e+00 -1.12733222e-02 2.45249437e-01
1.81743082e-03 -2.97364054e-03 -1.74518215e-03 3.34443200e-03 1.21066527e-03 3.77931739e-03 -3.34093869e-03 1.39445826e-04 3.46302281e-03 8.40939657e-01 3.92224719e+00 1.20992302e-02 2.70172666e-01
7.31116508e-04 -1.82420532e-03 -1.54948955e-03 2.57864040e-03 9.52734989e-04 2.62326141e-03 -2.85931843e-03 1.39370036e-03 3.02016910e-03 8.24672842e-01 3.89089834e+00 -1.42261309e-02 2.50500889e-01
1.37186801e-03 -2.58753396e-03 -1.61818980e-03 3.03654148e-03 1.20638992e-03 3.73007587e-03 -3.18622814e-03 1.02552551e-03 3.41410308e-03 8.61423673e-01 4.00245494e+00 1.54752831e-02 2.65784044e-01
1.75582766e-03 -2.79260917e-03 -1.39571647e-03 2.97595549e-03 9.35814505e-04 3.98250930e-03 -3.11130142e-03 4.83880700e-04 3.31216608e-03 8.21777574e-01 3.83565608e+00 4.09246630e-03 2.74600869e-01
7.43376913e-04 -1.44445735e-03 -1.47152131e-03 2.53257380e-03 1.18850294e-03 2.29107378e-03 -2.87132418e-03 1.58032239e-03 2.94775826e-03 8.61456774e-01 4.03750568e+00 -3.94592976e-03 2.39623047e-01
1.16133816e-03 -2.45025333e-03 -1.47258277e-03 2.72976573e-03 6.10282601e-04 3.92792537e-03 -3.07425059e-03 1.21103687e-03 3.39255970e-03 8.21804471e-01 3.94179468e+00 1.12182167e-02 2.72814945e-01
1.11509745e-03 -2.03277776e-03 -1.57436186e-03 2.66438806e-03 1.37404728e-03 2.34395497e-03 -2.92402985e-03 1.07913772e-03 2.96475957e-03 8.60436874e-01 3.91321923e+00 -1.04492111e-02 2.42674933e-01
6.32325749e-04 -7.55883440e-04 -1.29272191e-03 2.69084428e-03 1.27054852e-03 3.48724617e-03 -3.02454417e-03 2.31840766e-03 3.37042556e-03 8.51528792e-01 4.12369163e+00 -8.32597584e-03 2.50086100e-01
1.48237614e-03 -2.55526318e-03 -1.74863226e-03 3.00279382e-03 1.37435768e-03 3.10046901e-03 -2.91920486e-03 7.63701793e-05 2.99377541e-03 8.32089640e-01 3.75579906e+00 8.80229815e-03 2.66216311e-01
1.55844107e-03 -2.79595668e-03 -1.62579712e-03 3.13027071e-03 1.00834055e-03 3.42295671e-03 -3.30330256e-03 6.49807043e-04 3.45897220e-03 8.64035739e-01 3.96148436e+00 2.00750600e-02 2.63823886e-01
6.63719425e-04 -1.54912501e-03 -1.50870961e-03 2.53305214e-03 1.17547228e-03 2.86525373e-03 -2.77295624e-03 1.60391081e-03 2.97869331e-03 8.22888908e-01 3.92900456e+00 -1.80262112e-02 2.52709710e-01
1.62915384e-03 -2.79301246e-03 -1.48582562e-03 3.01340852e-03 9.60782324e-04 4.05320762e-03 -3.18633255e-03 7.22327914e-04 3.42357220e-03 8.29925380e-01 3.94453099e+00 1.00470541e-02 2.73401232e-01
6.94339655e-04 -1.67717953e-03 -1.58537824e-03 2.47211015e-03 1.02178516e-03 2.20188674e-03 -2.85036329e-03 1.42203160e-03 2.94680110e-03 8.53385277e-01 3.92960032e+00 -9.43631213e-03 2.41269556e-01
4.99251796e-04 -1.54603353e-03 -1.57356633e-03 2.57217418e-03 8.50073884e-04 3.07223485e-03 -2.91196237e-03 1.80038983e-03 3.19250358e-03 8.44146539e-01 3.93175685e+00 -3.22927170e-03 2.54983416e-01
1.45615689e-03 -2.67767384e-03 -1.73939617e-03 3.05580695e-03 1.31152602e-03 3.21638634e-03 -3.14955799e-03 5.87750188e-04 3.27860789e-03 8.40195877e-01 3.94509593e+00 3.31942797e-03 2.61772000e-01
1.04952995e-03 -2.08591483e-03 -1.48651774e-03 2.57886195e-03 1.18701046e-03 2.82536999e-03 -2.74626778e-03 1.01577845e-03 2.90028532e-03 8.22977776e-01 3.71282074e+00 -2.38521965e-02 2.55755951e-01
1.00144008e-03 -2.45679875e-03 -1.77367334e-03 3.04455400e-03 8.79732769e-04 3.50799385e-03 -3.37530069e-03 1.45838843e-03 3.63814881e-03 8.65098299e-01 4.20937969e+00 2.75955095e-02 2.61242382e-01
1.60653745e-03 -2.61397905e-03 -1.31676739e-03 2.71082054e-03 6.17622854e-04 3.07352124e-03 -2.90207405e-03 1.94385919e-04 3.01816232e-03 8.07886223e-01 3.76043099e+00 1.78072146e-02 2.71099798e-01
7.82272548e-04 -1.59179464e-03 -1.69423992e-03 2.82140672e-03 1.48657217e-03 3.02123043e-03 -3.12925287e-03 1.84712354e-03 3.31611658e-03 8.70972956e-01 4.08135908e+00 -1.59709026e-02 2.44546870e-01
8.80506022e-04 -1.23169038e-03 -1.36780525e-03 2.42004686e-03 1.53561789e-03 2.55367258e-03 -2.73657168e-03 1.62997887e-03 2.86253829e-03 8.46653740e-01 3.98415667e+00 -2.51423304e-02 2.42277582e-01
2.05348085e-03 -3.06307710e-03 -1.41379235e-03 3.14675845e-03 5.33721012e-04 3.52825566e-03 -3.37019271e-03 -8.71312234e-05 3.46083283e-03 8.36666024e-01 3.88561132e+00 2.95437349e-02 2.72752982e-01
1.59230946e-03 -2.54790272e-03 -1.42900455e-03 2.74934031e-03 6.56839598e-04 2.86097382e-03 -2.83087980e-03 -1.92551835e-04 2.88653553e-03 7.96036465e-01 3.54790867e+00 6.24728932e-04 2.70784296e-01
9.60636351e-04 -9.98746954e-04 -1.41561514e-03 2.81378067e-03 1.80290722e-03 3.25727732e-03 -3.14795227e-03 2.15844650e-03 3.37556004e-03 8.85430597e-01 4.32084499e+00 -5.57928568e-04 2.44314573e-01
9.80527567e-04 -2.14164458e-03 -1.64301393e-03 2.86653315e-03 1.24418431e-03 3.49073193e-03 -3.06576020e-03 1.45809087e-03 3.31767514e-03 8.57543567e-01 3.84873084e+00 -1.57428853e-02 2.57392845e-01
1.24698866e-03 -2.30844894e-03 -1.45146162e-03 2.74971255e-03 1.01020744e-03 2.82713528e-03 -2.93994958e-03 8.56451487e-04 3.06587235e-03 8.24326107e-01 4.02401535e+00 1.74453184e-02 2.60265698e-01
8.33204366e-04 -1.95142794e-03 -1.64296012e-03 2.84777061e-03 1.16603080e-03 3.38890808e-03 -3.09634705e-03 1.65477038e-03 3.35387560e-03 8.77048594e-01 4.04813299e+00 1.39153318e-02 2.57224480e-01
1.21210402e-03 -2.38548363e-03 -1.53984954e-03 2.72980803e-03 1.00355937e-03 2.87742888e-03 -2.92373824e-03 7.96826780e-04 3.06843224e-03 8.09376715e-01 3.82796073e+00 -1.29335048e-02 2.59501656e-01
8.00878607e-04 -2.03888293e-03 -1.79539226e-03 2.98940142e-03 1.19684518e-03 3.39961133e-03 -3.27321802e-03 1.74634043e-03 3.52785890e-03 8.81692290e-01 3.99388241e+00 -5.66505201e-03 2.51678333e-01
1.29899704e-03 -2.29651710e-03 -1.36859704e-03 2.61091885e-03 9.80713375e-04 2.86006968e-03 -2.74141940e-03 6.04169786e-04 2.86952779e-03 7.98436437e-01 3.85095808e+00 5.97679464e-03 2.65293395e-01
1.03494282e-03 -1.88621056e-03 -1.65484289e-03 2.77089176e-03 1.53936180e-03 2.69630476e-03 -3.07998298e-03 1.47635831e-03 3.17663962e-03 8.84993631e-01 4.04086438e+00 -7.62290967e-03 2.42380224e-01
1.49108389e-03 -2.51876997e-03 -1.21321383e-03 2.61776000e-03 4.89457223e-04 3.36514979e-03 -2.88217647e-03 5.53608623e-04 3.06916460e-03 7.93730794e-01 3.77222495e+00 8.13455533e-03 2.72966331e-01
1.84268254e-03 -2.92496992e-03 -1.90870639e-03 3.59018533e-03 1.41309260e-03 4.13167108e-03 -3.35544629e-03 -1.75183756e-04 3.44820997e-03 8.52725657e-01 3.97968180e+00 3.58266621e-02 2.75115296e-01
1.07574473e-03 -2.51919782e-04 -6.51895896e-04 2.36450767e-03 1.65278202e-03 2.82239546e-03 -2.56769353e-03 1.98076046e-03 2.74394070e-03 8.33995522e-01 3.95710524e+00 -2.96634570e-02 2.38329164e-01
1.55852042e-03 -2.58130676e-03 -1.32013123e-03 2.75390186e-03 7.37701346e-04 3.38541924e-03 -2.92125454e-03 4.33641971e-04 3.08375196e-03 8.06537981e-01 3.67794435e+00 -5.74015350e-03 2.70938627e-01
8.19460330e-04 -1.68917933e-03 -1.67763102e-03 2.72966696e-03 1.35875772e-03 2.66485610e-03 -3.09555300e-03 1.68008055e-03 3.22728608e-03 8.77774566e-01 4.19673241e+00 5.93308678e-03 2.44411032e-01
1.45872240e-03 -2.47657514e-03 -1.63052180e-03 2.90529090e-03 1.28772481e-03 3.11890861e-03 -2.83111637e-03 1.35592989e-04 2.91860162e-03 8.00478679e-01 3.74181703e+00 -3.66583394e-03 2.68024126e-01
6.40372465e-04 -9.74525699e-04 -1.40280734e-03 2.77324133e-03 1.22511573e-03 3.37946490e-03 -3.13501273e-03 2.27584867e-03 3.44354051e-03 8.82813150e-01 4.13685733e+00 3.76146163e-03 2.47652203e-01
5.20542246e-04 -1.81774040e-03 -1.59785261e-03 2.56116997e-03 5.93562093e-04 3.29615358e-03 -2.92017007e-03 1.66406865e-03 3.23986641e-03 8.29042369e-01 3.96363816e+00 1.14676168e-02 2.63748983e-01
1.36854959e-03 -2.56003784e-03 -1.78079478e-03 3.01818142e-03 1.46243850e-03 2.99618943e-03 -3.15198474e-03 7.72108692e-04 3.25727886e-03 8.54063642e-01 3.89555743e+00 -1.06896411e-02 2.53698252e-01
9.21407317e-04 -2.02506958e-03 -1.62915771e-03 2.76830328e-03 1.29001666e-03 3.31492646e-03 -2.97052079e-03 1.45734287e-03 3.20718188e-03 8.55443050e-01 3.97379103e+00 -1.12019287e-04 2.58499201e-01
1.11686700e-03 -2.41912677e-03 -1.59482798e-03 2.78948101e-03 8.05977340e-04 2.88439087e-03 -3.06250326e-03 9.47683035e-04 3.22505294e-03 8.28694961e-01 3.89645866e+00 1.41456427e-04 2.58312961e-01
5.57810345e-04 -1.38845745e-03 -1.73776051e-03 3.03873029e-03 1.17207842e-03 3.84823269e-03 -3.43362857e-03 2.41507327e-03 3.81464753e-03 8.72936092e-01 4.33745686e+00 1.02333345e-02 2.54272649e-01
1.28886079e-03 -2.29534979e-03 -1.51244738e-03 2.60561896e-03 1.12475984e-03 2.62917211e-03 -2.63680506e-03 2.46056517e-04 2.71339583e-03 8.12599328e-01 3.56532990e+00 -9.68936086e-03 2.62437263e-01
5.97967400e-04 -1.49218793e-03 -1.55202832e-03 2.53991386e-03 1.16150777e-03 3.09211704e-03 -2.81175123e-03 1.74477624e-03 3.07894208e-03 8.40180174e-01 3.79758501e+00 -2.81274154e-02 2.52152268e-01
1.68324567e-03 -2.91535072e-03 -1.70106059e-03 3.16056961e-03 1.01598514e-03 3.15748440e-03 -3.33482665e-03 3.18183155e-04 3.43130817e-03 8.44800201e-01 4.11577467e+00 3.36704656e-02 2.64779281e-01
1.65749084e-03 -2.76530929e-03 -1.42771387e-03 2.92304242e-03 6.56928163e-04 3.18548368e-03 -3.13351569e-03 2.89160573e-04 3.25437702e-03 8.38964437e-01 3.82885792e+00 2.31909678e-02 2.68086736e-01
8.51890674e-04 -1.49268912e-03 -1.51759282e-03 2.65618430e-03 1.52607101e-03 2.97145469e-03 -2.91389454e-03 1.72260241e-03 3.09671818e-03 8.44925770e-01 4.04414826e+00 -2.03861304e-02 2.48040006e-01
1.81045516e-03 -2.88155248e-03 -1.74929179e-03 3.30020932e-03 9.45050975e-04 3.18493645e-03 -3.31235343e-03 -2.66052745e-04 3.34261533e-03 8.49110446e-01 3.79386612e+00 2.25582694e-02 2.67173279e-01
9.95890397e-04 -6.87815224e-04 -1.05026173e-03 2.42819370e-03 1.75363930e-03 3.14374704e-03 -2.67811463e-03 1.94811724e-03 2.93379406e-03 8.36331665e-01 4.08344842e+00 -1.99381223e-02 2.48928312e-01
9.69485819e-04 -2.14575078e-03 -1.49977507e-03 2.62258826e-03 9.75361785e-04 3.27902629e-03 -2.80233364e-03 1.14248065e-03 3.04052622e-03 8.50034161e-01 3.65595047e+00 -8.56060828e-03 2.62867943e-01
1.17725895e-03 -2.30045972e-03 -1.64200212e-03 2.96164229e-03 1.22256800e-03 2.93915120e-03 -3.21587893e-03 1.23244268e-03 3.34614148e-03 8.33715012e-01 4.23905273e+00 9.05770884e-03 2.54300676e-01
9.25469808e-04 -1.82778995e-03 -1.60037802e-03 2.65864690e-03 1.26209834e-03 2.29676396e-03 -2.99914309e-03 1.36781413e-03 3.04799403e-03 8.39076458e-01 3.96647053e+00 -2.79731957e-02 2.38052449e-01
1.50543346e-03 -2.68475309e-03 -1.40387312e-03 2.81742700e-03 7.14020592e-04 4.01735023e-03 -3.07444551e-03 7.97424703e-04 3.33946517e-03 8.46189572e-01 3.93943857e+00 3.34388050e-02 2.76045377e-01
1.40199383e-03 -2.79546461e-03 -1.68609723e-03 3.11129386e-03 8.42886744e-04 3.35871920e-03 -3.38730414e-03 8.77707065e-04 3.57154923e-03 8.66160148e-01 4.00877248e+00 1.93139917e-02 2.61538483e-01
7.57371531e-04 -1.75400349e-03 -1.53843353e-03 2.50289896e-03 1.20656596e-03 2.83726011e-03 -2.72178918e-03 1.40402810e-03 2.92019637e-03 8.20831435e-01 3.88138216e+00 -1.74185347e-02 2.55172626e-01
9.48530394e-04 -1.07943218e-03 -1.36893498e-03 2.55852628e-03 1.70807331e-03 2.73612252e-03 -2.89876103e-03 1.84227196e-03 3.04279621e-03 8.45412375e-01 4.18006273e+00 -2.37273564e-02 2.41439137e-01
1.95863070e-03 -2.86932826e-03 -1.38337443e-03 2.99790245e-03 5.27521945e-04 3.26797217e-03 -3.15848715e-03 -2.79640228e-04 3.21452084e-03 8.38279749e-01 3.69690799e+00 2.76037326e-02 2.73272058e-01
1.59539332e-03 -2.60311627e-03 -1.41781609e-03 2.83966291e-03 1.01367182e-03 3.51678488e-03 -2.90151129e-03 3.47543248e-04 3.05716557e-03 8.34357435e-01 3.75023264e+00 1.48897314e-02 2.72561839e-01
5.77729986e-04 -1.49412503e-03 -1.69432832e-03 2.73177599e-03 1.08566079e-03 2.67390980e-03 -3.14605848e-03 1.89195242e-03 3.32001547e-03 8.49141508e-01 4.14028937e+00 -1.36491219e-02 2.42099437e-01
2.17219469e-03 -3.14829995e-03 -1.82152762e-03 3.71450036e-03 1.06256399e-03 4.38669822e-03 -3.56796599e-03 -4.90873793e-04 3.63149264e-03 8.53625452e-01 3.94235850e+00 3.66141216e-02 2.78396036e-01
1.09011006e-03 -3.44810820e-04 -7.40970594e-04 2.17623548e-03 1.62717752e-03 2.31958759e-03 -2.48178141e-03 1.74093527e-03 2.58206717e-03 8.33340301e-01 3.98965283e+00 -3.02061069e-02 2.33677358e-01
1.64413883e-03 -2.70123329e-03 -1.43828518e-03 2.89597791e-03 9.26186277e-04 3.64663974e-03 -2.99113438e-03 3.40308420e-04 3.15875840e-03 8.21195213e-01 3.69206752e+00 -3.31415243e-03 2.72740478e-01
6.81075804e-04 -1.41341557e-03 -1.57478685e-03 2.66903822e-03 1.21472233e-03 2.53097758e-03 -3.03673351e-03 1.78973981e-03 3.15714293e-03 8.63168941e-01 4.20586758e+00 3.39437010e-03 2.42173325e-01
7.52855527e-04 -2.01761945e-03 -1.72666327e-03 2.89981473e-03 1.04552576e-03 3.61633528e-03 -3.17710119e-03 1.74313705e-03 3.48382723e-03 8.54969410e-01 4.18541612e+00 1.88886400e-02 2.62000708e-01
1.18535303e-03 -2.35334210e-03 -1.58091230e-03 2.71501665e-03 1.06189262e-03 2.71499927e-03 -2.90351384e-03 7.56117169e-04 3.02186001e-03 8.30949410e-01 3.71573639e+00 -1.70356251e-02 2.55017561e-01
1.31056091e-03 -2.32040996e-03 -1.64303442e-03 2.67495137e-03 1.43238978e-03 2.56806224e-03 -2.70816226e-03 3.32509892e-04 2.76253875e-03 8.31142034e-01 3.60680341e+00 -1.74776432e-02 2.55777462e-01
4.15861188e-04 -1.39815065e-03 -1.67800724e-03 2.92242691e-03 7.53188610e-04 4.12087753e-03 -3.36839363e-03 2.44009229e-03 3.82444189e-03 8.54809766e-01 4.28677438e+00 1.94338199e-02 2.62045264e-01
7.29923736e-04 -1.06670319e-03 -1.38020491e-03 2.44701468e-03 1.32321847e-03 2.31324327e-03 -2.82657488e-03 1.74912204e-03 2.91719703e-03 8.42168046e-01 4.04493691e+00 -2.57149685e-02 2.36049418e-01
2.01687557e-03 -3.03532582e-03 -1.48717858e-03 3.15628939e-03 7.43899426e-04 3.92482544e-03 -3.28236675e-03 -7.37523391e-05 3.40725716e-03 8.42271412e-01 3.86066450e+00 3.02932016e-02 2.77027390e-01
1.85140869e-03 -3.00638924e-03 -1.90683502e-03 3.51317460e-03 1.41604484e-03 3.76086054e-03 -3.42132781e-03 -1.94792656e-05 3.50713696e-03 8.33088957e-01 4.06270737e+00 1.99075006e-02 2.69821999e-01
7.25342013e-04 -6.70488519e-04 -1.02681235e-03 2.30977013e-03 1.26997706e-03 2.84038652e-03 -2.58051308e-03 1.89257219e-03 2.81611134e-03 8.49972908e-01 3.82336211e+00 -1.77733099e-02 2.45572194e-01
1.27666101e-03 -2.62137355e-03 -1.52168819e-03 2.98040721e-03 5.83213640e-04 3.91214536e-03 -3.33221769e-03 1.22668134e-03 3.62309735e-03 8.46609457e-01 4.17617534e+00 3.89930747e-02 2.70291649e-01
1.07447955e-03 -2.04136999e-03 -1.56126641e-03 2.57972260e-03 1.38008885e-03 2.53621355e-03 -2.79449608e-03 1.04318113e-03 2.88940275e-03 8.38883969e-01 3.73403757e+00 -3.17625129e-02 2.46514683e-01
1.43841977e-03 -2.41309326e-03 -1.66061490e-03 2.82876365e-03 1.48112258e-03 2.51114608e-03 -2.93692067e-03 4.48501198e-04 2.95784531e-03 8.28630095e-01 3.77209685e+00 -2.16847704e-02 2.50068615e-01
4.59160443e-04 -1.66360515e-03 -1.69185217e-03 2.71267293e-03 6.63301699e-04 4.03098980e-03 -3.15448865e-03 2.10840400e-03 3.60184697e-03 8.58199425e-01 4.12212417e+00 2.47645249e-02 2.67233255e-01
9.10774309e-04 -1.75559001e-03 -1.45259866e-03 2.54121405e-03 1.20729812e-03 2.44406317e-03 -2.80488037e-03 1.31160517e-03 2.90082653e-03 8.24528655e-01 3.95760902e+00 -1.56464607e-02 2.46838726e-01
1.45196853e-03 -2.70429029e-03 -1.55344136e-03 3.01681104e-03 9.50314046e-04 3.90206149e-03 -3.23268692e-03 9.56402628e-04 3.48377593e-03 8.61818874e-01 3.93868911e+00 1.71708867e-02 2.69124851e-01
8.92860619e-04 -2.15194874e-03 -1.56981257e-03 2.75612480e-03 8.46534234e-04 3.30538788e-03 -3.01771225e-03 1.37071416e-03 3.27037687e-03 8.35126746e-01 4.08395445e+00 2.19815455e-02 2.63928283e-01
1.17015613e-03 -2.37397362e-03 -1.67358111e-03 2.84627646e-03 1.25087533e-03 2.99212916e-03 -3.03846911e-03 1.00926113e-03 3.19167713e-03 8.48177620e-01 3.79563746e+00 -1.94279314e-02 2.53525097e-01
1.43278700e-03 -2.48040965e-03 -1.37510102e-03 2.78265274e-03 8.71357644e-04 3.12846975e-03 -2.94467941e-03 6.19194719e-04 3.09340185e-03 8.04009445e-01 3.93030423e+00 1.11435122e-02 2.66833043e-01
8.55371434e-04 -1.84049444e-03 -1.62196412e-03 2.79187922e-03 1.34373176e-03 3.12796739e-03 -3.01765747e-03 1.60986801e-03 3.22331075e-03 8.75617234e-01 3.90630357e+00 -1.03289052e-02 2.49946228e-01
8.85499145e-04 -1.11539226e-03 -1.37614920e-03 2.65722854e-03 1.62518177e-03 3.20183876e-03 -2.95410626e-03 1.98612400e-03 3.19434746e-03 8.62865001e-01 4.13426100e+00 -1.09532486e-02 2.47888641e-01
1.63261315e-03 -2.72534727e-03 -1.56130529e-03 2.93228415e-03 7.44584985e-04 2.95733232e-03 -3.05211367e-03 -5.66850047e-05 3.12053968e-03 8.18908781e-01 3.72634610e+00 1.18050380e-02 2.68027848e-01
1.42495373e-03 -2.67334824e-03 -1.59085101e-03 2.97085882e-03 9.75777640e-04 3.37135135e-03 -3.15290136e-03 7.27384873e-04 3.33236139e-03 8.20490535e-01 4.06490397e+00 1.64359863e-02 2.66889568e-01
7.21818054e-04 -1.76452488e-03 -1.58299656e-03 2.62739425e-03 1.11743571e-03 2.87258196e-03 -2.88013678e-03 1.52488029e-03 3.07670684e-03 8.60870402e-01 3.79916749e+00 -1.48947341e-02 2.49696778e-01
1.98010929e-03 -2.88857999e-03 -1.40548226e-03 3.08403897e-03 8.77018768e-04 3.97673064e-03 -3.14275924e-03 -1.25064959e-05 3.27211118e-03 8.36915622e-01 3.78126728e+00 2.13743242e-02 2.77661754e-01
7.01772009e-04 -1.11376086e-03 -1.43546357e-03 2.48308389e-03 1.23961607e-03 2.24762409e-03 -2.91381329e-03 1.78567352e-03 3.00006900e-03 8.46695074e-01 4.12445107e+00 -1.89560972e-02 2.35123844e-01
1.43946954e-03 -2.53485954e-03 -1.85187911e-03 3.19686481e-03 1.86632475e-03 3.27176854e-03 -3.31743284e-03 1.09001754e-03 3.43078814e-03 8.66492804e-01 4.08563473e+00 -1.27465952e-02 2.50737859e-01
6.75733679e-04 -1.94456434e-03 -1.37371382e-03 2.34741063e-03 2.88268345e-04 3.01247808e-03 -2.71855036e-03 1.26979027e-03 2.98927351e-03 8.14246202e-01 3.74695958e+00 1.39048228e-02 2.66819734e-01
1.62226234e-03 -2.92392822e-03 -1.70326268e-03 3.22968404e-03 1.10813349e-03 3.80559614e-03 -3.37293749e-03 6.60645814e-04 3.56694243e-03 8.47482289e-01 3.96599863e+00 5.49542809e-03 2.67053474e-01
6.36056765e-04 -1.51363582e-03 -1.45690642e-03 2.38726983e-03 1.00118977e-03 2.47148606e-03 -2.69916062e-03 1.49025584e-03 2.85960748e-03 8.37109126e-01 3.90349734e+00 -5.30626782e-03 2.49232184e-01
1.69214663e-03 -2.76156770e-03 -1.79794003e-03 3.26859834e-03 9.74916879e-04 3.12667900e-03 -3.21514769e-03 -3.27432704e-04 3.23989527e-03 8.47609555e-01 3.73652099e+00 2.42438954e-02 2.67851251e-01
1.37188442e-03 -4.36130479e-04 -7.12265303e-04 2.45257549e-03 2.09551527e-03 3.36720180e-03 -2.64923332e-03 1.99444356e-03 2.90564358e-03 8.37677370e-01 4.14059641e+00 -2.12376727e-02 2.48116496e-01
1.80361488e-03 -2.75879825e-03 -1.50941162e-03 3.07719057e-03 1.01206854e-03 3.68931024e-03 -3.05812874e-03 -2.16209861e-05 3.16757111e-03 7.99178430e-01 3.86422263e+00 1.25371084e-02 2.75462182e-01
7.34776956e-04 -9.18237968e-04 -1.25884926e-03 2.56713904e-03 1.35181703e-03 2.68525840e-03 -2.86776278e-03 1.94771546e-03 3.01907546e-03 8.79244288e-01 3.98037908e+00 -1.15210306e-02 2.37837980e-01
1.98599931e-03 -3.27190930e-03 -2.25424340e-03 4.04351380e-03 1.72701385e-03 4.39007716e-03 -3.78073400e-03 -1.51483069e-04 3.87135063e-03 8.61615823e-01 4.15796388e+00 2.65291553e-02 2.70858402e-01
8.67164022e-04 -2.37659893e-04 -6.53097791e-04 2.04887087e-03 1.38694862e-03 2.62633659e-03 -2.26217050e-03 1.77884405e-03 2.48438494e-03 8.25869255e-01 3.75456142e+00 -2.30378755e-02 2.44426404e-01
1.14122799e-03 -2.32444405e-03 -1.60742745e-03 2.88581744e-03 1.13806815e-03 3.20788319e-03 -3.10037979e-03 1.18458689e-03 3.29139708e-03 8.65362022e-01 3.95940179e+00 9.29472542e-03 2.57922030e-01
9.38547878e-04 -2.06016185e-03 -1.52577443e-03 2.70487808e-03 1.05329351e-03 3.08482382e-03 -2.90445626e-03 1.28058673e-03 3.10783186e-03 8.19958887e-01 3.91587900e+00 -8.83248593e-03 2.58852798e-01
1.21736540e-03 -2.36308806e-03 -1.26198189e-03 2.43579918e-03 3.88621333e-04 3.75305315e-03 -2.80741301e-03 9.47640888e-04 3.09878430e-03 8.26125783e-01 3.76917114e+00 2.66162238e-02 2.77288716e-01
1.34260699e-03 -2.21577784e-03 -1.68955589e-03 2.86482310e-03 1.57802555e-03 2.36008381e-03 -3.22883105e-03 1.14252554e-03 3.21929556e-03 8.55182209e-01 4.09406624e+00 -2.29315494e-02 2.36983088e-01
1.65033120e-03 -2.89261624e-03 -1.77378619e-03 3.15516091e-03 9.83400806e-04 3.02679682e-03 -3.28279879e-03 8.88022916e-05 3.35268422e-03 8.54162731e-01 3.81933434e+00 1.30839533e-02 2.62508022e-01
6.90194501e-04 -1.11430013e-03 -1.36575208e-03 2.50450009e-03 1.36185236e-03 3.19600956e-03 -2.77783084e-03 1.91828989e-03 3.06221134e-03 8.31218589e-01 4.05368137e+00 -1.21632398e-02 2.54257788e-01
1.94970048e-03 -3.26646175e-03 -1.77462105e-03 3.48291292e-03 9.72546883e-04 3.72702116e-03 -3.67785251e-03 2.92781531e-04 3.80942768e-03 8.46650160e-01 4.24113832e+00 3.35817787e-02 2.68058123e-01
5.90037726e-04 -1.28027625e-03 -1.36670228e-03 2.26766696e-03 1.13028090e-03 2.57874726e-03 -2.52459793e-03 1.54327984e-03 2.71889965e-03 8.38714077e-01 3.66923500e+00 -2.80755843e-02 2.48130405e-01
5.50512213e-04 -1.21186185e-03 -1.60558712e-03 2.93228774e-03 1.08689390e-03 3.49030772e-03 -3.34445877e-03 2.35720584e-03 3.66858010e-03 8.75948793e-01 4.27617867e+00 9.17288125e-03 2.49510288e-01
1.40500678e-03 -2.36457415e-03 -1.51850914e-03 2.73403433e-03 1.27886788e-03 2.99468015e-03 -2.69054310e-03 2.33915214e-04 2.78586924e-03 8.09295509e-01 3.62830491e+00 -8.73615210e-03 2.66528935e-01
1.17085774e-03 -2.28329592e-03 -1.80262968e-03 2.88484227e-03 1.53102400e-03 2.70227891e-03 -3.17436057e-03 1.19622639e-03 3.26185124e-03 8.46529670e-01 4.07251987e+00 -1.94593457e-02 2.45712618e-01
1.04075442e-03 -2.29967328e-03 -1.38048579e-03 2.54455199e-03 4.42668100e-04 3.41754556e-03 -2.88636777e-03 1.08122778e-03 3.15844481e-03 8.37080400e-01 3.79342211e+00 2.20125144e-02 2.70542289e-01
1.02782048e-03 -1.27833383e-03 -1.41790503e-03 2.64676048e-03 1.67968125e-03 2.62022813e-03 -3.01274622e-03 1.77084997e-03 3.09731476e-03 8.69702852e-01 4.25336871e+00 -7.37260955e-03 2.39597900e-01
1.86561032e-03 -2.73166507e-03 -1.24060961e-03 2.80337383e-03 5.27686646e-04 3.34466111e-03 -2.98118209e-03 -6.61146373e-05 3.07708900e-03 8.11829423e-01 3.61572070e+00 7.80295533e-03 2.74681947e-01
8.99503396e-04 -2.51953522e-03 -1.93039917e-03 3.24784118e-03 7.73756648e-04 3.82787329e-03 -3.66521052e-03 1.77162911e-03 3.98309022e-03 8.60814960e-01 4.44686447e+00 3.42669447e-02 2.62065928e-01
1.08780991e-03 -2.02312417e-03 -1.38986452e-03 2.43257257e-03 1.20867277e-03 2.63491551e-03 -2.54137772e-03 7.86539158e-04 2.66433145e-03 8.27368383e-01 3.50837737e+00 -2.86345315e-02 2.55504315e-01
9.49837532e-04 -2.24250302e-03 -1.81166472e-03 3.00870974e-03 1.18556179e-03 3.09335170e-03 -3.30146349e-03 1.48136608e-03 3.48273813e-03 8.49581221e-01 4.28657189e+00 1.37529519e-02 2.54536069e-01
1.13121742e-03 -2.19218668e-03 -1.39171210e-03 2.59973850e-03 9.80616480e-04 3.13339213e-03 -2.75867560e-03 9.45558964e-04 2.95510585e-03 8.35497071e-01 3.62601712e+00 -1.27279918e-02 2.62460766e-01
1.21565606e-03 -2.45249123e-03 -1.50515874e-03 2.79253533e-03 8.90484452e-04 3.84826637e-03 -3.02227364e-03 1.11478622e-03 3.30941416e-03 8.44484098e-01 3.94402237e+00 1.98470552e-02 2.71556649e-01
9.08918379e-04 -2.09841647e-03 -1.71420515e-03 2.69251709e-03 1.08170798e-03 2.38554821e-03 -3.04552378e-03 1.22813631e-03 3.13814612e-03 8.40232528e-01 3.94754940e+00 -1.77706249e-02 2.43841697e-01
9.99218814e-04 -2.18904104e-03 -1.52290040e-03 2.70275807e-03 9.45465412e-04 3.14020621e-03 -2.91108615e-03 1.15233798e-03 3.12237822e-03 8.25773639e-01 3.92696914e+00 4.87212135e-03 2.62480482e-01
1.04367404e-03 -2.20801877e-03 -1.64601218e-03 2.88943530e-03 1.21606183e-03 3.14074532e-03 -3.09782247e-03 1.30684204e-03 3.28313991e-03 8.57675975e-01 3.94230890e+00 -4.68967512e-03 2.54351371e-01
1.47226902e-03 -2.66315276e-03 -1.82885597e-03 3.12846266e-03 1.62238792e-03 3.20298435e-03 -3.25038031e-03 8.11508782e-04 3.36695904e-03 8.61946090e-01 4.11734794e+00 9.67421957e-03 2.57333705e-01
5.51336784e-04 -1.67347441e-03 -1.44937647e-03 2.48003328e-03 6.02840700e-04 3.11734914e-03 -2.80908318e-03 1.62244271e-03 3.09458512e-03 8.23380375e-01 3.76974412e+00 -9.16961698e-03 2.59696456e-01
8.71761953e-04 -1.17539987e-03 -1.24985256e-03 2.24886557e-03 1.27055120e-03 1.93171357e-03 -2.64763041e-03 1.44389752e-03 2.65724853e-03 8.38312423e-01 3.90994960e+00 -3.05098600e-02 2.32171596e-01
2.33531293e-03 -3.29445140e-03 -1.38965843e-03 3.27651381e-03 6.70415877e-04 4.48257607e-03 -3.50801679e-03 -3.29029376e-06 3.66767131e-03 8.47284458e-01 4.01138584e+00 3.71185156e-02 2.79768656e-01
6.45947094e-04 -1.32520063e-03 -1.50680008e-03 2.71856450e-03 1.14237134e-03 2.94435654e-03 -3.06734041e-03 1.96458163e-03 3.27688092e-03 8.50485734e-01 3.98347701e+00 -2.41512968e-02 2.43084480e-01
1.57044164e-03 -2.65579625e-03 -1.57766602e-03 2.96324285e-03 1.11593816e-03 3.42511754e-03 -2.97966073e-03 2.48551804e-04 3.11014464e-03 8.31907517e-01 3.90654337e+00 2.82219452e-02 2.71917842e-01
1.67831863e-03 -2.94343983e-03 -1.63676414e-03 3.21927900e-03 8.80668913e-04 3.38663110e-03 -3.43711348e-03 5.29654319e-04 3.57488060e-03 8.52179777e-01 4.01793831e+00 1.90606931e-02 2.63717866e-01
7.27184139e-04 -1.43413179e-03 -1.40159617e-03 2.44553890e-03 1.31098298e-03 2.86128512e-03 -2.64459030e-03 1.56703011e-03 2.84481131e-03 8.33447779e-01 3.86211215e+00 -1.71643478e-02 2.52855741e-01
9.81726107e-04 -2.35462947e-03 -1.86129042e-03 3.03561364e-03 1.13860552e-03 3.04633719e-03 -3.36977625e-03 1.44688642e-03 3.54914607e-03 8.57898033e-01 4.20863109e+00 6.29181168e-03 2.52015290e-01
1.00188999e-03 -2.09591186e-03 -1.40714470e-03 2.53854020e-03 9.44838747e-04 3.12843154e-03 -2.69687041e-03 1.02815383e-03 2.91191660e-03 8.26927613e-01 3.68471070e+00 -6.06318121e-03 2.64436465e-01
1.83268766e-03 -3.13781656e-03 -1.79723655e-03 3.44969105e-03 1.23694440e-03 4.10531922e-03 -3.53140342e-03 4.67795581e-04 3.71571368e-03 8.67047202e-01 4.09364502e+00 2.60399970e-02 2.70149859e-01
4.55882082e-04 -1.25965561e-03 -1.44119693e-03 2.30964607e-03 9.03697205e-04 2.35432775e-03 -2.64274901e-03 1.61257567e-03 2.80965954e-03 8.21062743e-01 3.82431207e+00 -2.26926811e-02 2.45285148e-01
1.33321693e-03 -2.46301256e-03 -1.45120161e-03 2.82043918e-03 9.50179858e-04 3.39184851e-03 -2.97784856e-03 8.25076537e-04 3.17295799e-03 8.53312087e-01 3.74813742e+00 5.82118926e-03 2.65450757e-01
7.86998228e-04 -1.90332815e-03 -1.70146167e-03 2.75070064e-03 1.18227340e-03 2.80542264e-03 -3.04803579e-03 1.52399529e-03 3.21517636e-03 8.31424073e-01 4.13579512e+00 -5.61839281e-03 2.51133311e-01
7.46593753e-04 -1.97010534e-03 -1.81056616e-03 3.11587020e-03 1.05941855e-03 3.28780890e-03 -3.47405183e-03 1.93523392e-03 3.70420362e-03 8.94001442e-01 4.12179012e+00 3.36409724e-03 2.46800425e-01
1.23913702e-03 -2.20753008e-03 -1.35675779e-03 2.52006598e-03 1.09741757e-03 2.99306020e-03 -2.56892705e-03 5.70448621e-04 2.71968235e-03 7.87951128e-01 3.73889900e+00 -3.27265165e-03 2.68925462e-01
8.25966614e-04 -2.03364669e-03 -1.66017817e-03 2.82521009e-03 9.43642912e-04 2.97790394e-03 -3.16389195e-03 1.55049452e-03 3.36433126e-03 8.47242421e-01 4.14930196e+00 1.06730139e-02 2.53820780e-01
1.24965300e-03 -2.31337744e-03 -1.48874081e-03 2.77879398e-03 1.23491813e-03 3.32150712e-03 -2.86409435e-03 9.05417540e-04 3.05166284e-03 8.37528468e-01 3.74510415e+00 -1.00344197e-02 2.63027624e-01
1.60595948e-03 -2.76743263e-03 -1.72390487e-03 3.13469460e-03 1.22268010e-03 2.94151400e-03 -3.27987979e-03 4.19035408e-04 3.34719471e-03 8.36345244e-01 3.92414965e+00 -4.40785274e-03 2.56574131e-01
5.16773949e-04 -1.41815430e-03 -1.51844863e-03 2.48337947e-03 1.03148193e-03 3.29729216e-03 -2.76616393e-03 1.81238577e-03 3.08927093e-03 8.48222810e-01 3.93500338e+00 4.54390953e-03 2.60415755e-01
1.26446502e-03 -2.31530481e-03 -1.56826384e-03 2.69004965e-03 1.29922852e-03 2.69231444e-03 -2.83087141e-03 6.95388334e-04 2.92771913e-03 8.20218392e-01 3.76682370e+00 -1.98347693e-02 2.55172450e-01
6.39920854e-04 -2.03513987e-03 -1.76882720e-03 2.88581735e-03 7.46407540e-04 3.67287706e-03 -3.27731320e-03 1.85725833e-03 3.62524028e-03 8.67352127e-01 4.13678922e+00 2.23327837e-02 2.61870435e-01
2.02121810e-03 -3.37491106e-03 -1.95116934e-03 3.72065227e-03 1.38082568e-03 4.31938511e-03 -3.76754403e-03 3.27170561e-04 3.93558450e-03 8.62228581e-01 4.29193909e+00 3.37890742e-02 2.70940976e-01
4.53043775e-04 -1.06686502e-03 -1.27748679e-03 2.16505294e-03 8.91377816e-04 2.30317500e-03 -2.46912447e-03 1.58987507e-03 2.64449013e-03 8.26150102e-01 3.65357322e+00 -2.83069949e-02 2.44165767e-01
1.30492520e-03 -2.46866724e-03 -1.81930228e-03 3.09797937e-03 1.63945146e-03 3.25809793e-03 -3.28659009e-03 1.20525810e-03 3.43582150e-03 8.77871136e-01 4.05252899e+00 -5.13194213e-03 2.51678979e-01
8.33073407e-04 -2.04446598e-03 -1.37070838e-03 2.43989221e-03 4.88480921e-04 2.97418810e-03 -2.73825344e-03 1.13463800e-03 2.97115738e-03 8.03073051e-01 3.78380816e+00 5.39066225e-03 2.65599529e-01
1.31434467e-03 -2.44835639e-03 -1.71557989e-03 2.76063008e-03 1.28711194e-03 2.41896586e-03 -2.94047310e-03 4.91305298e-04 2.98203681e-03 8.39597750e-01 3.75075025e+00 -1.50931139e-02 2.50182880e-01
5.66537105e-04 -1.76835691e-03 -1.67340665e-03 2.74250540e-03 7.59078269e-04 3.99576254e-03 -3.14910747e-03 2.01299601e-03 3.56925982e-03 8.45153883e-01 4.12972740e+00 1.65676728e-02 2.66934186e-01
1.40928706e-03 -2.55263575e-03 -1.53029925e-03 2.88453056e-03 1.09708105e-03 3.45363614e-03 -2.98344323e-03 6.72032299e-04 3.16561366e-03 8.37704557e-01 3.73104647e+00 -6.20153645e-03 2.66280669e-01
7.54954211e-04 -1.71280082e-03 -1.57688665e-03 2.72621126e-03 1.10294756e-03 2.82149593e-03 -3.04313956e-03 1.66554117e-03 3.21625834e-03 8.46906775e-01 4.16405842e+00 6.45316360e-03 2.50277055e-01
7.18885561e-04 -1.44568260e-03 -1.65016452e-03 2.73598858e-03 1.44572375e-03 3.06384054e-03 -3.06128216e-03 1.90898349e-03 3.28468234e-03 8.68624657e-01 4.12614324e+00 -8.02370633e-03 2.47467991e-01
1.62464038e-03 -2.62470152e-03 -1.38545500e-03 2.82521728e-03 7.42118867e-04 3.04269992e-03 -2.96473787e-03 1.61874252e-04 3.06015441e-03 8.12897423e-01 3.73016924e+00 8.51941110e-03 2.68429463e-01
1.12603266e-03 -2.60098403e-03 -1.86973745e-03 3.14332101e-03 1.04121509e-03 3.24004232e-03 -3.46283873e-03 1.28937017e-03 3.65803842e-03 8.63463454e-01 4.12932793e+00 6.09249579e-03 2.54601748e-01
8.29916463e-04 -1.93667923e-03 -1.46089763e-03 2.44839373e-03 9.86989412e-04 2.93154965e-03 -2.63256796e-03 1.15734960e-03 2.84683776e-03 8.21325722e-01 3.74870527e+00 -5.88172743e-03 2.62030600e-01
1.16408381e-03 -2.35616090e-03 -1.89275801e-03 2.94338520e-03 1.46122489e-03 2.52966452e-03 -3.29727457e-03 1.18202709e-03 3.34915147e-03 8.57198058e-01 4.08119124e+00 -2.00668733e-02 2.41009753e-01
1.06206183e-03 -2.26103015e-03 -1.32094890e-03 2.43847072e-03 4.29927911e-04 3.53898613e-03 -2.78104392e-03 1.03189215e-03 3.06656277e-03 8.24047682e-01 3.77286097e+00 2.28660744e-02 2.74374412e-01
8.79980030e-04 -2.36307989e-03 -1.70451818e-03 2.92424967e-03 4.73356969e-04 4.37918120e-03 -3.42010506e-03 1.79832111e-03 3.84499693e-03 8.44722833e-01 4.25680675e+00 3.38188427e-02 2.72119104e-01
1.15196621e-03 -2.16733790e-03 -1.60663368e-03 2.52546156e-03 1.31606189e-03 2.19429089e-03 -2.73798565e-03 6.77957811e-04 2.77212211e-03 8.40254878e-01 3.64297445e+00 -2.82319626e-02 2.44635616e-01
1.35480254e-03 -2.44640461e-03 -1.51344036e-03 2.76042755e-03 1.12848748e-03 3.07502163e-03 -2.84918052e-03 5.59946676e-04 2.98937104e-03 8.14796247e-01 3.79285292e+00 -2.74948731e-03 2.65083440e-01
6.58554519e-04 -1.72634631e-03 -1.68080334e-03 2.83416738e-03 1.03436169e-03 3.19554518e-03 -3.18743787e-03 1.88091482e-03 3.44175535e-03 8.69187768e-01 4.08578862e+00 2.81370428e-03 2.51169789e-01
7.36834020e-04 -1.90264165e-03 -1.39031611e-03 2.39548416e-03 6.20084525e-04 2.93251720e-03 -2.66140776e-03 1.22258297e-03 2.89875261e-03 7.92679370e-01 3.78346718e+00 -4.23642824e-03 2.64457554e-01
1.31160987e-03 -2.62959566e-03 -1.89210957e-03 3.18464370e-03 1.49715706e-03 3.29433168e-03 -3.39064177e-03 1.13986082e-03 3.54991709e-03 8.90140920e-01 4.05819927e+00 4.35538298e-03 2.52755854e-01
1.40512470e-03 -2.48925746e-03 -1.39835609e-03 2.80747353e-03 8.20065619e-04 3.00886703e-03 -3.00654261e-03 6.66079508e-04 3.14302613e-03 8.55089172e-01 3.79473406e+00 1.74573547e-02 2.62110534e-01
7.92481566e-04 -1.81683211e-03 -1.68706643e-03 2.78089892e-03 1.38484103e-03 3.21242547e-03 -3.00889498e-03 1.65812251e-03 3.23782474e-03 8.30716472e-01 4.07956674e+00 -1.58620738e-02 2.54578859e-01
6.53056263e-04 -1.57795906e-03 -1.64824520e-03 2.74061784e-03 1.26186238e-03 3.46763648e-03 -3.02926330e-03 1.92463135e-03 3.34104095e-03 8.36388618e-01 4.15288917e+00 -4.37445011e-03 2.57877793e-01
1.47025312e-03 -2.59924441e-03 -1.55725205e-03 2.83148240e-03 9.52908619e-04 2.73861301e-03 -3.00712112e-03 3.55961690e-04 3.08943169e-03 8.48178393e-01 3.71925865e+00 4.50897874e-03 2.59029462e-01
1.51181402e-03 -2.75638081e-03 -1.44649038e-03 2.96651526e-03 6.54306452e-04 4.22099976e-03 -3.29107391e-03 1.02414140e-03 3.58574948e-03 8.30985636e-01 4.06368238e+00 2.25528315e-02 2.74403652e-01
9.38033155e-04 -1.86674161e-03 -1.54315484e-03 2.43469714e-03 1.21904585e-03 2.11825933e-03 -2.75820601e-03 1.11289574e-03 2.80871350e-03 8.51565990e-01 3.80158144e+00 -1.98546967e-02 2.40605706e-01
1.02177213e-03 -2.27596666e-03 -1.81628144e-03 2.99910581e-03 1.40438848e-03 3.30797856e-03 -3.21172213e-03 1.41562331e-03 3.41598117e-03 8.64937580e-01 4.01956295e+00 -7.90577956e-03 2.53780489e-01
1.06873840e-03 -2.19871874e-03 -1.37684300e-03 2.56412013e-03 7.18280321e-04 2.92586881e-03 -2.81536581e-03 9.68203756e-04 3.00228385e-03 8.17150770e-01 3.83604485e+00 8.37610645e-03 2.63317660e-01
1.66219707e-03 -2.55251317e-03 -1.68689924e-03 3.23815221e-03 1.31862882e-03 3.72723286e-03 -2.97091984e-03 -2.08444274e-04 3.04185579e-03 8.00484856e-01 3.70517225e+00 1.05750760e-03 2.74878975e-01
1.24941696e-03 -1.34535662e-04 -6.27672669e-04 2.52029121e-03 1.89193929e-03 3.05714820e-03 -2.74929738e-03 2.14802189e-03 2.95172837e-03 8.81365308e-01 4.17270930e+00 -9.89162190e-04 2.38463756e-01
4.73319802e-04 -1.32062530e-03 -1.49634785e-03 2.40706683e-03 9.21447431e-04 2.43930289e-03 -2.75336725e-03 1.67269684e-03 2.92488483e-03 8.56753696e-01 3.77468411e+00 -1.80960578e-02 2.42368950e-01
1.79350452e-03 -2.93619314e-03 -1.64026674e-03 3.26992117e-03 1.20908179e-03 3.95344301e-03 -3.30975993e-03 3.96649266e-04 3.47725764e-03 8.24900013e-01 4.10329565e+00 2.03545154e-02 2.72410317e-01
1.09410885e-03 -2.06773200e-03 -1.54525031e-03 2.72898944e-03 1.25899317e-03 2.59484402e-03 -2.97832961e-03 1.17216648e-03 3.06896248e-03 8.48319916e-01 3.89304769e+00 -1.56006805e-02 2.46154084e-01
1.11327799e-03 -2.40200706e-03 -1.54492101e-03 2.79275287e-03 8.41971414e-04 3.71903597e-03 -3.04229982e-03 1.19149827e-03 3.32693896e-03 8.35178759e-01 3.98625868e+00 1.72236594e-02 2.69809409e-01
1.69130152e-03 -2.81029318e-03 -1.69940279e-03 3.16524843e-03 1.12894903e-03 3.47620445e-03 -3.15920040e-03 6.11926379e-05 3.26117994e-03 8.33412610e-01 3.93355167e+00 2.62080740e-02 2.71100464e-01
7.02476083e-04 -9.40388691e-04 -1.26509532e-03 2.58706096e-03 1.33584679e-03 2.99268081e-03 -2.85689654e-03 2.00994740e-03 3.07923344e-03 8.49384346e-01 3.95972574e+00 -2.26618466e-02 2.44026273e-01
1.23439612e-03 -2.39225870e-03 -1.68054235e-03 2.78153188e-03 1.24179699e-03 2.55230458e-03 -3.01893497e-03 8.12163517e-04 3.09694093e-03 8.40842827e-01 3.78550359e+00 -2.37809588e-02 2.47836374e-01
8.55971124e-04 -2.12745697e-03 -1.58032984e-03 2.76083580e-03 7.97497917e-04 3.80781897e-03 -3.06841453e-03 1.57061589e-03 3.40423828e-03 8.43894301e-01 4.10544991e+00 2.76354600e-02 2.68964902e-01
1.92325462e-03 -2.83086898e-03 -1.37517184e-03 2.95800409e-03 6.95558988e-04 3.74061200e-03 -3.05849611e-03 -1.28538514e-04 3.16893879e-03 8.09840995e-01 3.65248811e+00 3.28463942e-03 2.77725728e-01
9.88932500e-04 -1.01793722e-03 -1.24171135e-03 2.52354760e-03 1.52425192e-03 2.34982144e-03 -2.91719713e-03 1.77568732e-03 2.96237943e-03 8.72437660e-01 4.23025051e+00 -3.15765521e-03 2.35086367e-01
1.52877924e-03 -2.67979588e-03 -1.64003686e-03 2.99934044e-03 1.16293607e-03 3.31220769e-03 -3.05293623e-03 3.63854907e-04 3.18154374e-03 8.30348789e-01 3.80045937e+00 5.30378876e-04 2.66342207e-01
5.29001431e-04 -1.35755970e-03 -1.56768173e-03 2.64053212e-03 1.04573463e-03 2.97448955e-03 -2.99063725e-03 1.93911602e-03 3.24236647e-03 8.53818859e-01 4.08050957e+00 -4.99566341e-04 2.49852224e-01
1.08086518e-03 -1.92558197e-03 -1.33482222e-03 2.37646953e-03 1.11353081e-03 2.17856427e-03 -2.56789050e-03 7.90769815e-04 2.62120824e-03 8.24250606e-01 3.59708791e+00 -2.45452776e-02 2.47284736e-01
1.01205615e-03 -2.57323392e-03 -1.89477473e-03 3.22208832e-03 9.46693509e-04 4.45812385e-03 -3.57361352e-03 1.76300773e-03 3.96819309e-03 8.63761047e-01 4.33567685e+00 2.85393666e-02 2.68960642e-01
1.95408416e-03 -3.13203887e-03 -1.68302819e-03 3.35783995e-03 9.61083837e-04 3.92325256e-03 -3.45008391e-03 7.67543371e-05 3.58442341e-03 8.50790319e-01 3.91350019e+00 1.87169747e-02 2.72431803e-01
6.83681139e-04 -1.07468215e-03 -1.29996758e-03 2.32184083e-03 1.21791987e-03 2.37193332e-03 -2.65857411e-03 1.66889404e-03 2.79383808e-03 8.34674204e-01 3.97495697e+00 -1.68804855e-02 2.42563218e-01
1.68773056e-03 -2.98979985e-03 -1.75432271e-03 3.26102914e-03 1.06905250e-03 3.48086771e-03 -3.41453320e-03 4.27779753e-04 3.55202766e-03 8.42366481e-01 4.15366256e+00 2.91192001e-02 2.66857104e-01
5.78935178e-04 -1.44984057e-03 -1.49210400e-03 2.44091349e-03 1.06310000e-03 2.80016683e-03 -2.72909012e-03 1.64637652e-03 2.95450094e-03 8.42083742e-01 3.75409249e+00 -2.48634974e-02 2.49544036e-01
1.76348802e-03 -2.89138441e-03 -1.69598434e-03 3.26769559e-03 1.34587432e-03 3.78915302e-03 -3.26791354e-03 3.39908196e-04 3.41025636e-03 8.63114609e-01 3.94933460e+00 2.17495180e-02 2.69130797e-01
5.03488430e-04 -1.19533185e-03 -1.42986696e-03 2.45390134e-03 9.58427850e-04 2.65281709e-03 -2.80715422e-03 1.82322176e-03 3.01641781e-03 8.23951492e-01 3.95410448e+00 -1.93582842e-02 2.46511645e-01
1.31113889e-03 -2.44426178e-03 -1.82503248e-03 3.08511665e-03 1.60576273e-03 3.01508199e-03 -3.33614752e-03 1.21162916e-03 3.44299945e-03 8.62500160e-01 4.17318304e+00 -5.24657816e-03 2.49070051e-01
8.99248509e-04 -2.05360334e-03 -1.32750192e-03 2.40618718e-03 5.36215874e-04 3.14036459e-03 -2.70314640e-03 1.12559626e-03 2.95543035e-03 8.20401883e-01 3.69223285e+00 5.47575592e-03 2.67498138e-01
5.43642243e-04 -1.20287205e-03 -1.44135918e-03 2.50761638e-03 1.11896127e-03 3.18536032e-03 -2.80521615e-03 1.92711847e-03 3.10657878e-03 8.35862346e-01 3.97913302e+00 -9.07480382e-03 2.55072423e-01
1.68773428e-03 -2.81211620e-03 -1.71495322e-03 3.15982484e-03 1.24325715e-03 3.13798591e-03 -3.23966833e-03 2.43798368e-04 3.31459347e-03 8.48970489e-01 3.89596778e+00 9.59429863e-03 2.61741770e-01
5.86865492e-04 -1.87938180e-03 -1.72615671e-03 2.76145991e-03 7.96233175e-04 4.06040043e-03 -3.14693147e-03 1.95187211e-03 3.56987127e-03 8.48625888e-01 4.10501634e+00 1.61283074e-02 2.68134909e-01
1.28054146e-03 -2.41237376e-03 -1.69244706e-03 2.73082901e-03 1.21296896e-03 2.31771821e-03 -2.95149871e-03 5.47241084e-04 2.98503991e-03 8.36474118e-01 3.78082839e+00 -1.47375972e-02 2.48564772e-01
1.85909312e-03 -2.86158184e-03 -1.63028696e-03 3.20829685e-03 8.07062563e-04 3.21695787e-03 -3.24776596e-03 -3.16373304e-04 3.28162569e-03 8.35984331e-01 3.83937785e+00 3.22112406e-02 2.70625010e-01
1.06343653e-03 -7.90428991e-04 -1.08206109e-03 2.49224939e-03 1.79119011e-03 3.08504348e-03 -2.75974317e-03 1.92676133e-03 2.97809427e-03 8.47111350e-01 4.04012492e+00 -2.70510817e-02 2.44738954e-01
6.91381323e-04 -1.85288123e-03 -1.55782869e-03 2.63712676e-03 8.83682679e-04 3.08251989e-03 -2.90487156e-03 1.52988212e-03 3.14857047e-03 8.24611769e-01 3.88816579e+00 -1.06893675e-02 2.57390519e-01
1.30457464e-03 -2.52910174e-03 -1.68537387e-03 2.96660006e-03 1.26596062e-03 3.19559955e-03 -3.13551966e-03 9.28308338e-04 3.29812771e-03 8.60920652e-01 3.99288689e+00 1.13810887e-02 2.59397167e-01
1.15774268e-03 -2.26451396e-03 -1.37218749e-03 2.51681910e-03 7.33334205e-04 2.70143040e-03 -2.71643017e-03 6.46174742e-04 2.85664194e-03 8.09438640e-01 3.82439634e+00 1.84374178e-02 2.65112949e-01
9.96268030e-04 -2.25097077e-03 -1.84335194e-03 3.06996037e-03 1.40101550e-03 3.52314791e-03 -3.32790756e-03 1.61958881e-03 3.57324479e-03 8.69613876e-01 4.01185133e+00 -1.64910531e-02 2.52461174e-01
1.67600339e-03 -2.77430861e-03 -2.01156882e-03 3.43356968e-03 2.00094213e-03 3.05551536e-03 -3.68769188e-03 1.07166247e-03 3.71307413e-03 8.91871530e-01 4.29961507e+00 -3.12584042e-03 2.43037178e-01
7.27231857e-04 -1.80343709e-03 -1.16308144e-03 2.03214605e-03 2.35767029e-04 3.03457477e-03 -2.40285478e-03 1.10347136e-03 2.68332045e-03 7.87498223e-01 3.52733683e+00 3.29699853e-03 2.73205937e-01
1.06646137e-03 -2.27511120e-03 -1.77303074e-03 3.06959645e-03 1.42022542e-03 3.49445761e-03 -3.26428572e-03 1.49241473e-03 3.48822214e-03 8.84914315e-01 4.03798179e+00 2.62541356e-03 2.54821424e-01
9.84354219e-04 -2.16794104e-03 -1.43390940e-03 2.51788973e-03 7.30331596e-04 2.76412996e-03 -2.75569958e-03 9.21225325e-04 2.92916646e-03 7.97788784e-01 3.81206429e+00 -2.55812748e-03 2.62300195e-01
1.49580469e-03 -2.72301909e-03 -1.85368278e-03 3.18749218e-03 1.59614905e-03 3.24625990e-03 -3.32356672e-03 8.25656309e-04 3.44381257e-03 8.85377889e-01 4.04096420e+00 9.72916074e-03 2.55232201e-01
4.85775100e-04 -1.67693401e-03 -1.48105613e-03 2.41288082e-03 5.56203920e-04 3.04216123e-03 -2.74154171e-03 1.56717586e-03 3.02945448e-03 7.99737421e-01 3.81488603e+00 -9.25023306e-03 2.62051509e-01
8.63153604e-04 -1.61325063e-03 -1.42822353e-03 2.37478719e-03 1.14564959e-03 2.05922015e-03 -2.73543098e-03 1.28420428e-03 2.77718241e-03 8.35266479e-01 3.78149319e+00 -3.47733526e-02 2.36169372e-01
1.87274932e-03 -3.10109772e-03 -1.50585264e-03 3.17106450e-03 7.64710947e-04 4.47461597e-03 -3.44296266e-03 6.41120526e-04 3.70176525e-03 8.51582545e-01 4.16345181e+00 4.35813285e-02 2.77332329e-01
1.02375125e-03 -2.07746110e-03 -1.54150619e-03 2.73008035e-03 1.26788142e-03 3.14454258e-03 -2.89161851e-03 1.25196735e-03 3.08603988e-03 8.25007629e-01 3.90040360e+00 -1.50024505e-02 2.58028354e-01
1.00790396e-03 -2.34806191e-03 -1.65422449e-03 2.86772500e-03 8.61838946e-04 3.13229536e-03 -3.14774480e-03 1.22071108e-03 3.35358266e-03 8.61190265e-01 3.98502072e+00 1.63998194e-02 2.58755238e-01
8.77369590e-04 -8.22814757e-04 -1.11036151e-03 2.30971480e-03 1.52886307e-03 2.63205652e-03 -2.59395363e-03 1.75242523e-03 2.76311624e-03 8.50623731e-01 3.92173777e+00 -2.22849801e-02 2.42334293e-01
1.97945328e-03 -3.13728812e-03 -1.74451206e-03 3.39450456e-03 7.74721423e-04 3.60174526e-03 -3.48545705e-03 -2.69771655e-04 3.55571808e-03 8.31915280e-01 3.94470001e+00 2.57173019e-02 2.72433573e-01
1.62313262e-03 -2.63733785e-03 -1.64077648e-03 2.99182849e-03 8.97659817e-04 2.84729630e-03 -3.01259450e-03 -2.43283100e-04 3.03959012e-03 7.95201912e-01 3.66051939e+00 -5.28266461e-03 2.66486570e-01
1.19246417e-03 -6.60051940e-04 -9.78624811e-04 2.61499320e-03 1.97158177e-03 3.52369134e-03 -2.84146883e-03 2.10974592e-03 3.12527130e-03 8.88223163e-01 4.18842735e+00 5.44858383e-03 2.49592532e-01
1.31675643e-03 -2.32694909e-03 -1.40999885e-03 2.60670198e-03 1.05012554e-03 2.92485588e-03 -2.68637258e-03 4.79004209e-04 2.81628450e-03 8.15517152e-01 3.57637953e+00 -1.41073162e-02 2.64400186e-01
5.65737475e-04 -1.81207033e-03 -1.90846409e-03 3.02731878e-03 1.05625478e-03 3.33717842e-03 -3.43192755e-03 2.06667563e-03 3.71098649e-03 8.71064257e-01 4.34630004e+00 1.53036169e-02 2.52094351e-01
1.57469452e-03 -2.66028936e-03 -1.54562074e-03 2.95784730e-03 1.00613999e-03 3.10816999e-03 -3.05429204e-03 2.93577177e-04 3.15648005e-03 8.44465597e-01 3.82735171e+00 1.87927867e-02 2.65598693e-01
7.04419851e-04 -1.33042574e-03 -1.47762544e-03 2.69602545e-03 1.34002236e-03 3.20861520e-03 -2.95788556e-03 1.93571223e-03 3.20782903e-03 8.40234795e-01 4.05178094e+00 -1.69185701e-02 2.50705693e-01
7.30476649e-04 -1.35335245e-03 -1.43175618e-03 2.56169836e-03 1.38666063e-03 3.04025173e-03 -2.78332075e-03 1.75597398e-03 3.00663533e-03 8.18027271e-01 4.04016080e+00 -1.95966950e-02 2.53114608e-01
1.72347897e-03 -2.84561911e-03 -1.55337186e-03 3.09303393e-03 9.22948631e-04 3.20058344e-03 -3.26281092e-03 3.11564558e-04 3.36382526e-03 8.69722828e-01 3.84184582e+00 2.20196137e-02 2.63505594e-01
1.01183109e-03 -5.40906262e-04 -1.07959676e-03 2.80835712e-03 1.73884767e-03 3.70922686e-03 -3.11101662e-03 2.42863828e-03 3.45526338e-03 8.69690612e-01 4.27526099e+00 -4.33263253e-03 2.47352323e-01
1.43486962e-03 -2.35628892e-03 -1.60584321e-03 2.86468335e-03 1.24009526e-03 2.96937072e-03 -2.72924662e-03 -7.06170828e-05 2.78217054e-03 8.12603131e-01 3.60657633e+00 4.51764309e-03 2.68382061e-01
9.14602857e-04 -2.09703146e-03 -1.69341897e-03 2.97176940e-03 1.09880140e-03 3.04422088e-03 -3.26633203e-03 1.56777500e-03 3.44577069e-03 8.74597487e-01 4.13466706e+00 1.27121740e-02 2.50741681e-01
1.10269403e-03 -2.22011796e-03 -1.46990409e-03 2.63929519e-03 1.06631241e-03 3.23931509e-03 -2.76717777e-03 9.53756827e-04 2.97523336e-03 8.11508287e-01 3.75962141e+00 -1.18849034e-02 2.65436066e-01
7.21906995e-04 -1.70866286e-03 -1.68443654e-03 2.83810633e-03 1.28139161e-03 3.58301039e-03 -3.12605612e-03 1.92167478e-03 3.43794715e-03 8.82900301e-01 3.98626794e+00 -3.67298451e-03 2.54647798e-01
1.41536232e-03 -2.44503352e-03 -1.47223407e-03 2.75139671e-03 9.74714503e-04 2.68228185e-03 -2.87482182e-03 3.57539806e-04 2.95040140e-03 7.97761266e-01 3.85873196e+00 3.85088400e-03 2.62514240e-01
6.83631168e-04 -1.61124973e-03 -1.55708252e-03 2.68059102e-03 1.18862110e-03 3.45238627e-03 -2.92844819e-03 1.80982603e-03 3.22920576e-03 8.57087503e-01 3.93912200e+00 -4.88885960e-03 2.57769918e-01
1.41439823e-03 -2.60380677e-03 -1.63744834e-03 2.92005909e-03 1.03848050e-03 2.80505467e-03 -3.09889311e-03 5.16684706e-04 3.19020703e-03 8.26382798e-01 3.93061294e+00 5.08309238e-03 2.59148040e-01
1.68652376e-03 -2.88442472e-03 -1.59250716e-03 3.09277756e-03 9.03554469e-04 3.42961197e-03 -3.25139774e-03 3.40778944e-04 3.38902243e-03 8.39590659e-01 4.05215115e+00 3.47308306e-02 2.69536301e-01
7.26498689e-04 -1.49854227e-03 -1.49902539e-03 2.57907271e-03 1.24689411e-03 2.86618587e-03 -2.86218263e-03 1.68702864e-03 3.05766004e-03 8.44252769e-01 3.85037161e+00 -2.88337792e-02 2.46525398e-01
2.08493446e-03 -3.12432007e-03 -1.51207682e-03 3.29837580e-03 8.47873282e-04 4.03693003e-03 -3.42748054e-03 5.75245713e-05 3.56266327e-03 8.47740485e-01 3.91511285e+00 2.32537891e-02 2.74665897e-01
6.64974427e-04 -1.15621922e-03 -1.39231760e-03 2.32843622e-03 1.21972060e-03 2.22350329e-03 -2.69318858e-03 1.61669774e-03 2.79588030e-03 8.37526230e-01 3.97716007e+00 -2.04737011e-02 2.39625946e-01
7.17830905e-04 -1.99746600e-03 -1.58278294e-03 2.60600380e-03 7.42023305e-04 2.93048896e-03 -2.90720640e-03 1.37315519e-03 3.13439545e-03 8.19083800e-01 3.93236813e+00 -1.78227937e-05 2.58991421e-01
1.20681545e-03 -2.47736276e-03 -1.74016355e-03 2.97659262e-03 1.31669718e-03 3.30389977e-03 -3.14214092e-03 1.07152135e-03 3.33077989e-03 8.64616882e-01 3.93251968e+00 5.15622872e-05 2.58130829e-01
8.17586294e-04 -1.83688865e-03 -1.49802046e-03 2.56203656e-03 1.15684462e-03 2.96088586e-03 -2.74211645e-03 1.34813999e-03 2.94485263e-03 7.99521206e-01 3.98030760e+00 -1.05530710e-02 2.59656471e-01
1.32524628e-03 -2.61934487e-03 -1.66356537e-03 3.06154434e-03 1.01562572e-03 3.27657357e-03 -3.28627091e-03 9.68869574e-04 3.46044978e-03 8.86053946e-01 3.88091958e+00 1.11796340e-02 2.57480294e-01
1.29697243e-03 -2.43340746e-03 -1.34843088e-03 2.59568676e-03 5.74127337e-04 2.85640616e-03 -2.84256633e-03 5.63610268e-04 2.99103085e-03 8.07346016e-01 3.64809268e+00 -5.61789838e-03 2.64757377e-01
9.33232135e-04 -1.94631928e-03 -1.78491110e-03 2.92150631e-03 1.56229134e-03 3.22760053e-03 -3.19996752e-03 1.69592233e-03 3.40338721e-03 8.76968782e-01 4.22721993e+00 5.80398262e-03 2.51756579e-01
7.55250780e-04 -1.64324758e-03 -1.52188202e-03 2.46833908e-03 1.26459484e-03 2.58320061e-03 -2.70774268e-03 1.40083280e-03 2.85396509e-03 8.35992271e-01 3.73809914e+00 -3.39799927e-02 2.46057921e-01
1.75958218e-03 -3.03106452e-03 -1.54766750e-03 3.19624291e-03 7.20374079e-04 3.78787461e-03 -3.48205278e-03 6.21124426e-04 3.67463656e-03 8.50549098e-01 4.18964198e+00 4.23507109e-02 2.70204091e-01
5.30138302e-04 -9.52720129e-04 -1.35303012e-03 2.43369173e-03 1.11431557e-03 2.68949146e-03 -2.77021280e-03 1.90950526e-03 2.98442560e-03 8.56977009e-01 4.01815125e+00 -6.39857858e-04 2.45897508e-01
1.74274487e-03 -2.91413549e-03 -1.75768190e-03 3.26715651e-03 1.20040918e-03 3.66210226e-03 -3.25904759e-03 1.11927061e-04 3.37716327e-03 8.27051163e-01 3.84813652e+00 6.73471391e-04 2.69683390e-01
1.46375499e-03 -2.37244571e-03 -1.42809663e-03 2.68051608e-03 8.30765945e-04 2.92108353e-03 -2.66173720e-03 -1.33463557e-04 2.72848444e-03 7.93859574e-01 3.52464897e+00 3.88651923e-03 2.72600348e-01
9.14332791e-04 -8.94823466e-04 -1.41846095e-03 2.93098319e-03 1.71203015e-03 3.35581960e-03 -3.30313342e-03 2.34277977e-03 3.55094363e-03 8.86245266e-01 4.35186540e+00 -3.69807828e-03 2.41764539e-01
5.39898628e-04 -1.14595443e-03 -1.39619443e-03 2.59143635e-03 1.07730185e-03 3.05863992e-03 -2.87571348e-03 1.97964276e-03 3.13350030e-03 8.69998808e-01 3.88390022e+00 -7.40865445e-03 2.48086023e-01
1.60969869e-03 -2.70134512e-03 -1.68141761e-03 3.11196649e-03 1.32538010e-03 3.37179067e-03 -3.09697815e-03 2.79801038e-04 3.20464086e-03 8.11469318e-01 3.97826456e+00 7.84395931e-03 2.67823983e-01
1.60021948e-03 -2.61803028e-03 -1.86526570e-03 3.36607281e-03 1.25669594e-03 3.51884924e-03 -3.11144075e-03 -3.07699648e-04 3.15665057e-03 8.17714898e-01 3.81607672e+00 2.19338507e-02 2.72678773e-01
1.44527858e-03 -1.51057400e-04 -5.23378054e-04 2.41805685e-03 2.09019347e-03 3.26049318e-03 -2.63188853e-03 2.05655016e-03 2.88761369e-03 8.62400404e-01 4.05951318e+00 -1.93101728e-02 2.41809936e-01
1.21372427e-03 -2.59357434e-03 -1.61152676e-03 3.03448067e-03 7.26228321e-04 3.66860996e-03 -3.33843174e-03 1.21517583e-03 3.59528206e-03 8.69465626e-01 4.00418604e+00 2.26095787e-02 2.64480603e-01
9.60334022e-04 -1.88251258e-03 -1.50873071e-03 2.56829267e-03 1.36008869e-03 2.66713342e-03 -2.73914099e-03 1.18988381e-03 2.86354291e-03 8.18351491e-01 3.89251368e+00 -2.00596029e-02 2.52206086e-01
1.08539957e-03 -2.28454831e-03 -1.65943249e-03 2.95452186e-03 1.10353529e-03 3.06905105e-03 -3.23419785e-03 1.33448516e-03 3.40451686e-03 8.50101653e-01 4.27363200e+00 2.50877468e-02 2.56877287e-01
1.12624169e-03 -2.19877039e-03 -1.46524787e-03 2.69924703e-03 1.14262762e-03 3.25393263e-03 -2.82486926e-03 1.03811569e-03 3.02820174e-03 8.35595863e-01 3.65272081e+00 -2.18958102e-02 2.60659578e-01
1.28215524e-03 -2.44601448e-03 -1.90211113e-03 2.93300122e-03 1.51162303e-03 2.37580080e-03 -3.31327994e-03 1.03806316e-03 3.32687820e-03 8.88281441e-01 4.11284454e+00 -1.30992066e-03 2.39679921e-01
1.00956394e-03 -2.15907780e-03 -1.27255400e-03 2.34024261e-03 3.80085767e-04 3.61403488e-03 -2.72327322e-03 1.12471597e-03 3.03364818e-03 7.92474602e-01 3.72107062e+00 1.39971531e-03 2.75302451e-01
6.02252494e-04 -1.89086174e-03 -1.71863677e-03 2.76322143e-03 8.00269962e-04 4.06625237e-03 -3.14821827e-03 1.94613788e-03 3.57143091e-03 8.64134177e-01 4.13307110e+00 2.84995525e-02 2.68537847e-01
1.37196348e-03 -2.38138306e-03 -1.61392388e-03 2.77739594e-03 1.30887912e-03 2.40724851e-03 -2.95332787e-03 5.54566022e-04 2.97891389e-03 8.23932734e-01 3.77345401e+00 -2.45184212e-02 2.48207915e-01
8.29641757e-04 -1.77558868e-03 -1.60834181e-03 2.73093711e-03 1.21879409e-03 2.80174248e-03 -3.04971160e-03 1.60740009e-03 3.20964284e-03 8.35071391e-01 4.15610130e+00 -6.13166732e-03 2.49283021e-01
1.42739123e-03 -2.51948236e-03 -1.43748214e-03 2.83005626e-03 9.78083572e-04 3.41202490e-03 -2.96082868e-03 6.77524952e-04 3.14260093e-03 8.49621800e-01 3.73085609e+00 6.37494420e-03 2.67037435e-01
1.76334585e-03 -2.77654842e-03 -1.48376186e-03 3.01446966e-03 8.30158130e-04 3.13353372e-03 -3.13237592e-03 4.26709826e-05 3.20835149e-03 8.11968085e-01 3.84219825e+00 1.12854582e-02 2.68119841e-01
7.93255775e-04 -1.16179563e-03 -1.36980126e-03 2.60028133e-03 1.52961946e-03 3.08331079e-03 -2.83858572e-03 1.88850623e-03 3.05980932e-03 8.68886572e-01 3.99951371e+00 -1.04779656e-02 2.47861997e-01
1.67607054e-03 -2.61157530e-03 -1.65551120e-03 3.14474716e-03 9.79380177e-04 3.44663025e-03 -3.00263831e-03 -3.50672871e-04 3.05300908e-03 8.05180656e-01 3.68940025e+00 1.32818312e-02 2.74966752e-01
1.38706701e-03 -3.66763776e-04 -7.17148346e-04 2.51082438e-03 2.00779523e-03 3.03846635e-03 -2.79583767e-03 2.03614713e-03 2.98251843e-03 8.74149085e-01 4.17697225e+00 -1.21817760e-02 2.38427615e-01
3.35969927e-04 -1.15999468e-03 -1.28844094e-03 2.16023458e-03 5.74219857e-04 2.72050201e-03 -2.49043862e-03 1.66657682e-03 2.76604016e-03 8.06186788e-01 3.67567851e+00 -1.32836753e-02 2.57111489e-01
1.83893418e-03 -3.10225476e-03 -2.05069290e-03 3.66156127e-03 1.90536730e-03 3.83980756e-03 -3.64971941e-03 5.73300137e-04 3.76543151e-03 8.80391575e-01 4.21118836e+00 1.43136511e-02 2.60200548e-01
7.42016443e-04 -1.85485772e-03 -1.70548193e-03 2.78551314e-03 1.22509412e-03 3.32616964e-03 -3.06108624e-03 1.72040858e-03 3.32933059e-03 8.51249170e-01 3.95333055e+00 -1.67076243e-02 2.54103492e-01
1.33770082e-03 -2.53834613e-03 -1.55026605e-03 2.80349448e-03 8.87117498e-04 2.87343773e-03 -3.00070721e-03 5.80542890e-04 3.12727346e-03 8.31666609e-01 3.91907527e+00 1.85929273e-02 2.62881480e-01
9.53302602e-04 -1.62396685e-03 -1.49866865e-03 2.59235164e-03 1.50268399e-03 2.48496201e-03 -2.86537128e-03 1.45654915e-03 2.93950423e-03 8.68266088e-01 3.99443107e+00 -1.09427284e-02 2.41640742e-01
1.66218796e-03 -2.75267577e-03 -1.30022360e-03 2.82598049e-03 5.13882907e-04 3.64532232e-03 -3.11056210e-03 5.16773590e-04 3.30380419e-03 8.12579152e-01 3.83961310e+00 1.18159762e-02 2.73424295e-01
6.23015987e-04 -1.33424253e-03 -1.63452342e-03 2.86043497e-03 1.16461683e-03 3.02119644e-03 -3.27980351e-03 2.13437583e-03 3.50392099e-03 8.86707497e-01 4.15101158e+00 -3.13620064e-03 2.41663766e-01
1.48298833e-03 -2.46018627e-03 -1.44897398e-03 2.74336330e-03 1.04857963e-03 3.22730746e-03 -2.73558160e-03 1.74663593e-04 2.85533842e-03 7.93545180e-01 3.71531576e+00 3.29533384e-03 2.72687031e-01
1.83123122e-03 -2.82162043e-03 -1.67770513e-03 3.27078335e-03 1.10550782e-03 3.68736425e-03 -3.18083966e-03 -1.99869854e-04 3.25790419e-03 8.28197812e-01 3.86048241e+00 2.46756875e-02 2.74312096e-01
8.95785223e-04 -6.50390461e-04 -1.06339746e-03 2.46777522e-03 1.52031407e-03 2.80070426e-03 -2.78055601e-03 1.98926057e-03 2.97485836e-03 8.53688743e-01 4.02967993e+00 -2.14769974e-02 2.39531864e-01
7.43718274e-04 -1.98356437e-03 -1.66773356e-03 2.82733797e-03 9.88491909e-04 3.77041917e-03 -3.09991148e-03 1.74043666e-03 3.43680170e-03 8.42469749e-01 4.16558167e+00 1.90008559e-02 2.65799419e-01
1.33319958e-03 -2.34251457e-03 -1.51644144e-03 2.77251895e-03 1.20595665e-03 2.64283333e-03 -2.93834351e-03 7.07639519e-04 3.01365817e-03 8.41986042e-01 3.72422334e+00 -1.70815650e-02 2.51191565e-01
9.28771397e-04 -2.04167553e-03 -1.56833603e-03 2.73313054e-03 1.16623794e-03 3.32436078e-03 -2.93344184e-03 1.40145853e-03 3.17488160e-03 8.16285358e-01 4.08536364e+00 1.86535810e-03 2.62745659e-01
1.14870646e-03 -2.43063443e-03 -1.63883068e-03 2.83550815e-03 9.59094562e-04 2.88581722e-03 -3.08223735e-03 9.48762378e-04 3.23334554e-03 8.66885140e-01 3.77737946e+00 -1.79889759e-03 2.54264515e-01
1.12709157e-03 -2.19818634e-03 -1.49140207e-03 2.58650503e-03 1.17250266e-03 2.84694144e-03 -2.69617242e-03 7.84740961e-04 2.84333215e-03 8.22271308e-01 3.83375771e+00 5.22827312e-03 2.62792431e-01
8.10605962e-04 -2.19727955e-03 -1.79096551e-03 2.99481825e-03 8.92896130e-04 3.38621005e-03 -3.36178967e-03 1.69744111e-03 3.62874733e-03 8.60841006e-01 4.03109195e+00 -5.01854735e-03 2.53987067e-01
1.42737817e-03 -2.28994925e-03 -1.50660738e-03 2.76440353e-03 1.03767497e-03 2.86680712e-03 -2.64929109e-03 -1.75988298e-04 2.69140789e-03 7.86470084e-01 3.56406424e+00 1.97255591e-03 2.70735931e-01
1.23965140e-03 -5.91542269e-04 -1.03140151e-03 2.87460682e-03 1.97982131e-03 3.71979121e-03 -3.17782563e-03 2.39185828e-03 3.48132644e-03 8.93232561e-01 4.30290196e+00 -1.85338221e-03 2.44292827e-01
2.07195998e-03 -3.11027591e-03 -1.41837970e-03 3.11119679e-03 3.85186302e-04 3.50470426e-03 -3.38138206e-03 -1.83654121e-04 3.46856276e-03 8.47809293e-01 3.82318618e+00 3.43344521e-02 2.73888237e-01
1.00786881e-03 -1.14086780e-03 -1.26746255e-03 2.45437286e-03 1.70857169e-03 2.55531262e-03 -2.73614154e-03 1.64674090e-03 2.82751666e-03 8.37824272e-01 4.06320822e+00 -2.86062885e-02 2.40846950e-01
1.61177155e-03 -2.75644743e-03 -1.67366169e-03 3.06970310e-03 1.16400249e-03 3.36115576e-03 -3.10046739e-03 2.17892274e-04 3.21584727e-03 8.45275524e-01 3.79568038e+00 1.05210843e-02 2.67481580e-01
5.80086357e-04 -1.09069612e-03 -1.41220319e-03 2.62010459e-03 1.19330761e-03 3.01405707e-03 -2.91744784e-03 2.01410167e-03 3.15930246e-03 8.39361224e-01 4.08876736e+00 -9.89486421e-03 2.48565823e-01
4.39759171e-04 -1.53021323e-03 -1.60961405e-03 2.66548796e-03 7.76334385e-04 3.00441530e-03 -3.01340227e-03 1.87699279e-03 3.27433210e-03 8.29635205e-01 4.00763400e+00 -8.10264856e-03 2.52422986e-01
1.45780171e-03 -2.59759816e-03 -1.66148159e-03 2.97973512e-03 1.40007570e-03 3.35702674e-03 -3.02228685e-03 6.07091237e-04 3.17183900e-03 8.55385949e-01 3.87034239e+00 8.50691469e-03 2.64146921e-01
8.35831093e-04 -2.02504043e-03 -1.37015442e-03 2.40811892e-03 5.47935162e-04 3.13214595e-03 -2.71074696e-03 1.18480505e-03 2.97138512e-03 8.17574925e-01 3.77044026e+00 1.10777046e-02 2.67650226e-01
1.36475406e-03 -2.48013684e-03 -1.78582062e-03 3.10982585e-03 1.59964574e-03 3.08087877e-03 -3.32096860e-03 1.13999881e-03 3.43070728e-03 8.64129460e-01 4.07746580e+00 -1.03140072e-02 2.49202800e-01
6.86295729e-04 -1.93508559e-03 -1.59380235e-03 2.65256893e-03 6.71393045e-04 4.00990043e-03 -3.04702111e-03 1.78949492e-03 3.45133241e-03 8.28035870e-01 4.03605291e+00 1.16607862e-02 2.70446740e-01
1.28160211e-03 -2.43487378e-03 -1.75045953e-03 2.76610690e-03 1.29328074e-03 2.31273253e-03 -3.01569366e-03 6.26044901e-04 3.04383730e-03 8.54932879e-01 3.82294789e+00 -1.08555613e-02 2.46083028e-01
5.28516679e-04 -1.66866572e-03 -1.75553131e-03 3.04463803e-03 8.03256985e-04 4.23022966e-03 -3.48299720e-03 2.37708735e-03 3.92721714e-03 8.64500757e-01 4.33861794e+00 2.44324939e-02 2.62753233e-01
1.30176015e-03 -2.22005247e-03 -1.51194561e-03 2.56743434e-03 1.35966390e-03 2.46930586e-03 -2.63017822e-03 3.95588758e-04 2.68103331e-03 8.23078949e-01 3.57809241e+00 -2.14568407e-02 2.54796026e-01
6.34587187e-04 -1.50801984e-03 -1.67012992e-03 2.84499602e-03 1.24033401e-03 3.65086069e-03 -3.17459025e-03 2.10956166e-03 3.51848443e-03 8.50238700e-01 4.26484800e+00 6.40958096e-03 2.57814485e-01
1.41776308e-03 -2.44731422e-03 -1.51996366e-03 2.76743279e-03 1.06273128e-03 2.69976825e-03 -2.85790653e-03 3.02422231e-04 2.92888871e-03 8.34479788e-01 3.62313679e+00 -6.16546338e-03 2.59254940e-01
1.05196790e-03 -2.33429036e-03 -1.80502794e-03 3.06934317e-03 1.16726066e-03 3.10668971e-03 -3.40945890e-03 1.48304022e-03 3.58275285e-03 8.73691124e-01 4.29195607e+00 2.14855665e-02 2.52665663e-01
1.04439317e-03 -2.11236982e-03 -1.39887780e-03 2.55087681e-03 9.96109309e-04 3.14107345e-03 -2.68776886e-03 9.84926989e-04 2.89493910e-03 8.14279102e-01 3.63852372e+00 -1.91885053e-02 2.63902400e-01
1.90908579e-03 -3.05388048e-03 -1.55756728e-03 3.22746966e-03 8.90238005e-04 3.81783200e-03 -3.39260333e-03 2.71866471e-04 3.54332717e-03 8.45913690e-01 3.94441422e+00 1.91447072e-02 2.71219852e-01
7.41144295e-04 -1.27968713e-03 -1.35870921e-03 2.38336030e-03 1.25490711e-03 2.44879126e-03 -2.69114655e-03 1.58471952e-03 2.81936047e-03 8.38980663e-01 3.93765068e+00 -1.72094951e-02 2.44087834e-01
1.63915433e-03 -2.97730880e-03 -1.89701042e-03 3.40345043e-03 1.52238613e-03 3.85476890e-03 -3.46770248e-03 7.17356587e-04 3.64865332e-03 8.54414551e-01 4.18535065e+00 1.51513058e-02 2.65336542e-01
4.57803051e-04 -1.41492645e-03 -1.41277108e-03 2.31598006e-03 7.11645795e-04 2.56954726e-03 -2.64275540e-03 1.57424205e-03 2.85800387e-03 8.31139766e-01 3.71410822e+00 -1.39323479e-02 2.50943228e-01
1.48976505e-03 -2.71479091e-03 -1.55533839e-03 3.09254825e-03 9.18242552e-04 3.45242675e-03 -3.32135404e-03 8.68856220e-04 3.50072429e-03 8.41054813e-01 4.20333605e+00 3.32634919e-02 2.65434536e-01
8.84513351e-04 -1.83014974e-03 -1.49042901e-03 2.58182120e-03 1.27239699e-03 2.92856530e-03 -2.76022076e-03 1.34706243e-03 2.94444424e-03 8.43129779e-01 3.70732117e+00 -2.78221885e-02 2.51836933e-01
7.10825093e-04 -1.35892639e-03 -1.58125740e-03 2.70403476e-03 1.24310301e-03 2.60504364e-03 -3.12609023e-03 1.90004525e-03 3.26683019e-03 8.84059538e-01 4.18034791e+00 1.54312789e-03 2.39215532e-01
1.63713021e-03 -2.62597130e-03 -1.39316047e-03 2.80738183e-03 8.72644744e-04 3.50396237e-03 -2.88041598e-03 1.84940898e-04 3.02323374e-03 7.98345158e-01 3.69301621e+00 -1.49027744e-03 2.74541146e-01
8.80549863e-04 -6.61676030e-04 -9.70480481e-04 2.21224220e-03 1.48690312e-03 2.62143506e-03 -2.47663106e-03 1.73873369e-03 2.65940021e-03 8.36814123e-01 3.83541360e+00 -2.94437501e-02 2.42670722e-01
2.03038498e-03 -3.24721955e-03 -1.92713477e-03 3.66278587e-03 1.00943704e-03 3.85702571e-03 -3.66459458e-03 -2.78943976e-04 3.73350188e-03 8.49139223e-01 4.07497716e+00 3.55366683e-02 2.72120985e-01
6.12636161e-04 -1.80188333e-03 -1.58533334e-03 2.57315978e-03 8.61694660e-04 3.22684590e-03 -2.86221506e-03 1.60177289e-03 3.15221100e-03 8.23568686e-01 3.93385059e+00 -2.66683156e-03 2.61412839e-01
1.37166517e-03 -2.61336769e-03 -1.72496624e-03 3.00380517e-03 1.23912675e-03 2.99115440e-03 -3.19561638e-03 7.87891300e-04 3.31648545e-03 8.60758301e-01 3.93470506e+00 2.72788770e-03 2.55536689e-01
1.19813232e-03 -2.42435313e-03 -1.58287195e-03 2.82714310e-03 1.07780439e-03 3.34977745e-03 -2.98709665e-03 9.59873982e-04 3.19502528e-03 8.44726138e-01 3.73160940e+00 -1.23375575e-02 2.62048703e-01
8.01426103e-04 -2.09409572e-03 -1.72749730e-03 2.77283563e-03 9.83851792e-04 2.84559285e-03 -3.08653013e-03 1.41116095e-03 3.27055159e-03 8.39411530e-01 4.16310764e+00 1.33314330e-02 2.55265269e-01
1.00303957e-03 -2.21186549e-03 -1.41126607e-03 2.66196090e-03 5.99534615e-04 3.23667404e-03 -2.96154288e-03 1.19892452e-03 3.20024330e-03 8.01928029e-01 3.93870117e+00 3.55169688e-03 2.65155624e-01
1.10882320e-03 -2.25306218e-03 -1.71639028e-03 2.82684019e-03 1.45452615e-03 2.97719168e-03 -3.00803618e-03 1.14407169e-03 3.15844403e-03 8.79367601e-01 3.88144912e+00 -3.39785312e-03 2.52082199e-01
1.42897062e-03 -2.65834999e-03 -1.62081630e-03 2.93401259e-03 9.85623313e-04 2.98401811e-03 -3.12900948e-03 5.79263323e-04 3.25228251e-03 8.16788294e-01 3.91383623e+00 -3.10491843e-03 2.60952592e-01
6.08427082e-04 -1.66865323e-03 -1.63816917e-03 2.62849823e-03 1.11032357e-03 3.16512419e-03 -2.90550718e-03 1.71631823e-03 3.17588013e-03 8.67363102e-01 3.94038373e+00 3.17897163e-03 2.55768945e-01
1.21034726e-03 -2.18357083e-03 -1.72799809e-03 2.96671406e-03 1.73938914e-03 3.06867417e-03 -3.14563632e-03 1.32367754e-03 3.26883910e-03 8.59028721e-01 4.05213345e+00 -1.77592112e-02 2.48457287e-01
1.14220872e-03 -2.28719193e-03 -1.27000797e-03 2.52923536e-03 4.09291106e-04 3.16778074e-03 -2.85642174e-03 9.42156958e-04 3.07713539e-03 8.22188286e-01 3.79301123e+00 1.99462732e-02 2.68480267e-01
5.41892181e-04 -1.30109622e-03 -1.48353994e-03 2.39476944e-03 1.06945505e-03 2.46955916e-03 -2.72364451e-03 1.65056900e-03 2.88934550e-03 8.36303546e-01 3.94945203e+00 -1.18861380e-02 2.46350713e-01
1.85831002e-03 -2.98459317e-03 -1.59541254e-03 3.26368759e-03 1.08346483e-03 3.81976045e-03 -3.36294910e-03 3.47237937e-04 3.51408920e-03 8.48658386e-01 3.92997253e+00 1.27805999e-02 2.69418993e-01
1.64794424e-03 -2.77786437e-03 -1.79434419e-03 3.22752266e-03 1.32249521e-03 3.52366893e-03 -3.13971825e-03 4.44377158e-05 3.23764675e-03 8.57273680e-01 3.78497361e+00 1.68738852e-02 2.68976358e-01
7.08992261e-04 -7.43286659e-04 -1.16955612e-03 2.51237723e-03 1.28717250e-03 3.00729301e-03 -2.83082378e-03 2.07566807e-03 3.08622196e-03 8.28689642e-01 4.10327007e+00 -1.53863782e-02 2.46879452e-01
8.12546812e-04 -1.87477785e-03 -1.56625963e-03 2.70234699e-03 1.17638531e-03 3.37672104e-03 -2.91033001e-03 1.56336068e-03 3.17576815e-03 8.50302183e-01 3.87316336e+00 -8.47632428e-03 2.58786948e-01
1.35371121e-03 -2.49813118e-03 -1.55604366e-03 2.88400285e-03 1.03916620e-03 2.88903345e-03 -3.10509193e-03 7.95269063e-04 3.22308405e-03 8.33417949e-01 4.00361684e+00 8.96578106e-03 2.58188518e-01
1.99464835e-03 -3.23096984e-03 -2.15509316e-03 3.94917612e-03 1.49569309e-03 4.33380891e-03 -3.71816911e-03 -2.60675704e-04 3.80179501e-03 8.52806515e-01 4.14239742e+00 3.31704736e-02 2.73329316e-01
1.06745647e-03 -2.51272939e-04 -5.75126083e-04 2.09351618e-03 1.56405771e-03 2.62326173e-03 -2.30916378e-03 1.74979119e-03 2.49287072e-03 8.33782630e-01 3.78413911e+00 -2.78214913e-02 2.40920050e-01
8.24075776e-04 -1.89044534e-03 -1.73795391e-03 2.74151411e-03 1.39355258e-03 2.92239871e-03 -3.00908375e-03 1.53302065e-03 3.18853199e-03 8.49231967e-01 4.08714428e+00 -7.47628690e-03 2.51289707e-01
1.40718644e-03 -2.52377192e-03 -1.36715357e-03 2.79314032e-03 6.99001958e-04 3.21096219e-03 -3.02700658e-03 7.20863770e-04 3.19748739e-03 8.34654248e-01 3.78446634e+00 7.86041598e-03 2.65267371e-01
1.99923112e-03 -3.06882052e-03 -1.48346126e-03 3.14442471e-03 5.79879890e-04 3.62521990e-03 -3.34452857e-03 -8.94613917e-05 3.44908963e-03 8.54108195e-01 3.83269198e+00 3.34000366e-02 2.73940086e-01
8.69951731e-04 -1.10024352e-03 -1.31353346e-03 2.47476390e-03 1.55939133e-03 2.53546561e-03 -2.76856577e-03 1.71977937e-03 2.87475502e-03 8.32743538e-01 4.06787391e+00 -2.79898144e-02 2.40627114e-01
1.68687526e-03 -2.96575744e-03 -1.62755555e-03 3.19388629e-03 9.61401883e-04 3.86313941e-03 -3.38149031e-03 6.22075278e-04 3.58380953e-03 8.64511544e-01 3.92409682e+00 1.54156756e-02 2.68615262e-01
7.21575094e-04 -1.56065529e-03 -1.47491301e-03 2.40179268e-03 1.11717232e-03 2.38536049e-03 -2.72032224e-03 1.43495080e-03 2.84839607e-03 8.21777952e-01 3.96540569e+00 -1.41847398e-02 2.47558533e-01
6.58654640e-04 -9.61351087e-04 -1.35395079e-03 2.62514639e-03 1.24438641e-03 2.98948698e-03 -2.97914083e-03 2.08823138e-03 3.22093560e-03 8.61947385e-01 3.99247837e+00 -1.93734796e-02 2.42259573e-01
1.62147925e-03 -2.69304427e-03 -1.68058506e-03 3.08843605e-03 1.18266489e-03 3.43913396e-03 -3.02359675e-03 1.58912660e-05 3.12164823e-03 8.18260740e-01 3.88875557e+00 2.20113900e-02 2.72436463e-01
1.70567579e-03 -2.94827510e-03 -1.55554452e-03 3.11111076e-03 7.57403382e-04 3.60267123e-03 -3.33542945e-03 4.55873644e-04 3.50251677e-03 8.45564900e-01 4.05443535e+00 3.51869304e-02 2.70327963e-01
6.90490096e-04 -1.58941594e-03 -1.58203969e-03 2.51770320e-03 1.23023897e-03 2.63978974e-03 -2.81674068e-03 1.56150746e-03 2.98467354e-03 8.39604241e-01 3.84979649e+00 -2.91829919e-02 2.45527508e-01
1.86788905e-03 -2.99010865e-03 -1.74463581e-03 3.29384266e-03 6.95161057e-04 3.31242933e-03 -3.36360847e-03 -3.98559295e-04 3.40423728e-03 8.28581716e-01 3.86999724e+00 2.99328387e-02 2.71962012e-01
1.13284656e-03 -6.66561468e-04 -9.40092600e-04 2.41973867e-03 1.86031801e-03 2.96775823e-03 -2.64616564e-03 1.86729742e-03 2.83337977e-03 8.52995644e-01 3.99828942e+00 -2.53805950e-02 2.42986499e-01
1.73122048e-03 -2.63771477e-03 -1.99932727e-03 3.78874489e-03 1.56027883e-03 3.87203421e-03 -3.33436219e-03 -4.04554848e-04 3.34963432e-03 8.50002656e-01 3.89882157e+00 3.63882379e-02 2.71526337e-01
2.10619429e-03 1.92537272e-04 1.12914023e-04 2.13456704e-03 2.61682707e-03 3.31417759e-03 -2.25979610e-03 1.79311961e-03 2.51212911e-03 8.36179594e-01 4.01007873e+00 -3.00310212e-02 2.43479411e-01
6.91314800e-04 -1.72074167e-03 -1.61771238e-03 2.79855818e-03 1.10767407e-03 3.34716690e-03 -3.07626662e-03 1.82482231e-03 3.34802805e-03 8.51187834e-01 4.00065417e+00 -8.23431462e-03 2.54438933e-01
1.36494148e-03 -2.44850751e-03 -1.52865152e-03 2.82623452e-03 1.13750835e-03 2.98197346e-03 -2.93556899e-03 6.15284842e-04 3.05702019e-03 8.32464785e-01 3.87412652e+00 8.70010744e-03 2.62284999e-01
1.44975093e-03 -2.81991006e-03 -2.00729660e-03 3.28826455e-03 1.52727805e-03 3.05439654e-03 -3.52851569e-03 9.14989305e-04 3.62300899e-03 8.75931754e-01 4.14265945e+00 9.63086631e-04 2.50021212e-01
5.91514997e-04 -1.68304580e-03 -1.35491570e-03 2.29190126e-03 6.02024404e-04 3.13011004e-03 -2.57285138e-03 1.41768279e-03 2.86599808e-03 8.07113888e-01 3.71294988e+00 -9.21566838e-04 2.66857917e-01
1.14148724e-03 -2.23941761e-03 -1.63940619e-03 2.89627704e-03 1.26523604e-03 2.88134736e-03 -3.14428660e-03 1.22540370e-03 3.27121874e-03 8.71210046e-01 4.09168778e+00 1.40597785e-02 2.51864589e-01
9.79281694e-04 -2.19760751e-03 -1.51050626e-03 2.65108977e-03 8.89410555e-04 3.34598022e-03 -2.87905932e-03 1.19437501e-03 3.13307396e-03 8.15118771e-01 3.79523852e+00 -1.30450778e-02 2.64602015e-01
1.73390746e-03 -2.86092814e-03 -1.76931437e-03 3.26870684e-03 1.14285553e-03 3.59080144e-03 -3.21472042e-03 -7.22625117e-05 3.30736181e-03 8.48598150e-01 3.84371048e+00 2.48190119e-02 2.71617307e-01
7.31083626e-04 -7.32059212e-04 -1.19508174e-03 2.48567047e-03 1.37882330e-03 2.86256135e-03 -2.80561023e-03 2.01988602e-03 3.02922998e-03 8.36852777e-01 4.05582727e+00 -2.16822672e-02 2.43278032e-01
7.65234217e-04 -1.73908341e-03 -1.52562851e-03 2.65457449e-03 1.14063961e-03 3.02683011e-03 -2.89241756e-03 1.57876397e-03 3.10817639e-03 8.51931097e-01 3.98318342e+00 3.00709701e-03 2.54845416e-01
1.38482150e-03 -2.59496813e-03 -1.58958702e-03 2.93588254e-03 1.05394082e-03 3.23299355e-03 -3.11848536e-03 7.77710171e-04 3.28180655e-03 8.32567462e-01 3.88751540e+00 -2.93551400e-03 2.61854914e-01
1.37643863e-03 -2.46116047e-03 -1.44248236e-03 2.71687509e-03 9.64611054e-04 3.15994879e-03 -2.82540070e-03 5.13486530e-04 2.97963311e-03 8.09890955e-01 3.63929688e+00 -1.49720958e-02 2.66602838e-01
7.56207664e-04 -1.66962467e-03 -1.65931364e-03 2.90972033e-03 1.27030130e-03 3.10300801e-03 -3.21827229e-03 1.89435219e-03 3.42167571e-03 8.77128576e-01 4.27329567e+00 1.63100709e-02 2.49570097e-01
1.54216960e-03 -2.45936788e-03 -1.46189724e-03 2.78735987e-03 8.72969079e-04 3.14451589e-03 -2.75094518e-03 -1.44465810e-04 2.82551728e-03 7.95784906e-01 3.60905878e+00 9.22224973e-03 2.74364567e-01
1.04453933e-03 -7.82141548e-04 -1.18368764e-03 2.83940408e-03 1.75629076e-03 3.21278914e-03 -3.15308710e-03 2.23779610e-03 3.35040350e-03 8.82961089e-01 4.25801821e+00 -8.60468694e-03 2.39320264e-01
1.40010426e-03 -2.49173440e-03 -1.55828364e-03 2.81462970e-03 1.16567887e-03 3.10832393e-03 -2.86099616e-03 4.23590468e-04 2.98808312e-03 8.00442522e-01 3.87145701e+00 2.54641298e-03 2.67500027e-01
4.82494524e-04 -1.62492177e-03 -1.75835052e-03 2.80057479e-03 9.31599348e-04 3.13014478e-03 -3.18465196e-03 1.96982362e-03 3.45829927e-03 8.80951803e-01 3.98732592e+00 -2.43291820e-03 2.48536863e-01
1.75210601e-03 -2.56499952e-04 -5.56025183e-04 2.55474106e-03 2.47828731e-03 3.33768920e-03 -2.80303452e-03 2.05848624e-03 3.01863018e-03 8.67656264e-01 4.32198399e+00 -1.41611391e-02 2.41092001e-01
1.60352140e-03 -2.47767890e-03 -1.60890148e-03 3.05244594e-03 8.15068415e-04 3.09764228e-03 -2.92126006e-03 -4.79200295e-04 2.93476319e-03 8.12495925e-01 3.54712096e+00 1.55913985e-02 2.73196898e-01
6.60015441e-04 -1.22913278e-03 -1.38357295e-03 2.36053519e-03 1.20164001e-03 2.45285167e-03 -2.67899716e-03 1.63196310e-03 2.82903369e-03 8.42833500e-01 3.92721642e+00 -1.48314298e-02 2.44510596e-01
1.93473742e-03 -3.03533992e-03 -1.56642497e-03 3.27831367e-03 9.69945552e-04 3.81516936e-03 -3.39378676e-03 2.21281286e-04 3.53074370e-03 8.41496201e-01 3.94596502e+00 1.62695549e-02 2.70847089e-01
8.57342327e-04 -1.97839522e-03 -1.56418718e-03 2.49581485e-03 1.00869036e-03 2.38589560e-03 -2.77436551e-03 1.10341297e-03 2.89164563e-03 8.36669008e-01 3.80074120e+00 -1.08716905e-02 2.49479577e-01
1.19778258e-03 -2.56200751e-03 -1.68468973e-03 3.04129056e-03 1.00171565e-03 3.92048627e-03 -3.29498536e-03 1.31040319e-03 3.58791543e-03 8.48197047e-01 4.08221150e+00 1.16199116e-02 2.66803696e-01
6.13661820e-04 -1.55022024e-03 -1.73905006e-03 2.79165549e-03 1.19949145e-03 2.88526745e-03 -3.17792281e-03 1.91944583e-03 3.37956243e-03 8.70874372e-01 4.21793834e+00 4.14648317e-03 2.46216770e-01
1.55208284e-03 -2.52213256e-03 -1.37138489e-03 2.79016502e-03 9.58138108e-04 3.27909405e-03 -2.86375579e-03 3.49253247e-04 2.99797295e-03 8.13328115e-01 3.67161658e+00 -4.03921580e-03 2.69336586e-01
1.43406966e-03 -2.45818406e-03 -1.31526348e-03 2.60666563e-03 6.68413949e-04 2.97270242e-03 -2.77452670e-03 3.26454337e-04 2.90411447e-03 8.06908129e-01 3.55949934e+00 -6.78311947e-03 2.68419380e-01
8.80492851e-04 -1.72029195e-03 -1.74902259e-03 2.92300594e-03 1.51664034e-03 3.08528685e-03 -3.28478913e-03 1.87819231e-03 3.46896173e-03 8.77718496e-01 4.33974155e+00 7.04667299e-03 2.47452904e-01
1.45968087e-03 -2.45724762e-03 -1.49701455e-03 2.75750976e-03 9.45123745e-04 2.70899179e-03 -2.81910397e-03 9.19626490e-05 2.87837558e-03 8.03419020e-01 3.75015652e+00 1.01960690e-02 2.65790394e-01
6.53060264e-04 -1.36584375e-03 -1.66752980e-03 2.86756488e-03 1.38965019e-03 3.58785978e-03 -3.19779986e-03 2.17754860e-03 3.52610206e-03 8.76337538e-01 4.10117324e+00 -9.49335780e-03 2.50831717e-01
9.08395903e-04 -1.92987520e-03 -1.58221587e-03 2.66187638e-03 1.18204770e-03 2.54878703e-03 -2.92922597e-03 1.29720103e-03 3.04005851e-03 8.55605566e-01 3.94682815e+00 -3.82246169e-03 2.47192500e-01
1.27407521e-03 -2.45468702e-03 -1.47917976e-03 2.86544878e-03 9.44586693e-04 3.74490932e-03 -3.06001431e-03 1.07872998e-03 3.31720451e-03 8.28110408e-01 3.92257936e+00 3.95324428e-03 2.68739201e-01
1.52525194e-03 -2.15438198e-04 -6.53424980e-04 2.85786777e-03 2.26230484e-03 3.49295022e-03 -3.07595121e-03 2.37252594e-03 3.28154022e-03 8.84097390e-01 4.41451887e+00 -2.74772277e-03 2.38656737e-01
1.48612628e-03 -2.30492726e-03 -1.47995421e-03 2.81714096e-03 1.01792975e-03 3.16988304e-03 -2.64974953e-03 -2.37891319e-04 2.70561245e-03 7.96734194e-01 3.48567692e+00 2.88132419e-03 2.74726210e-01
1.30756309e-03 -2.60109174e-03 -1.75855647e-03 3.05506858e-03 1.23941208e-03 3.16650845e-03 -3.27545271e-03 9.97168769e-04 3.43075142e-03 8.47321219e-01 4.08132654e+00 3.59784170e-03 2.57189298e-01
7.61102945e-04 -1.85192197e-03 -1.46982660e-03 2.52420886e-03 9.05446350e-04 3.05999805e-03 -2.77155416e-03 1.40038344e-03 3.01273354e-03 8.37182205e-01 3.79632732e+00 -3.50234953e-03 2.59627677e-01
1.30805179e-03 -2.52619050e-03 -1.68732779e-03 3.02701978e-03 1.21411704e-03 3.09174432e-03 -3.21760955e-03 9.56386439e-04 3.35657472e-03 8.73263559e-01 4.04451053e+00 1.98764281e-02 2.56922150e-01
6.95936169e-04 -1.86832163e-03 -1.56989853e-03 2.59423569e-03 9.39642609e-04 3.17873351e-03 -2.84310360e-03 1.49364039e-03 3.10545194e-03 8.14347513e-01 3.84615201e+00 -1.78974796e-02 2.59822490e-01
1.42482779e-03 -2.74803060e-03 -2.00196951e-03 3.32858425e-03 1.58909147e-03 3.10591381e-03 -3.58218385e-03 1.07889214e-03 3.67688186e-03 8.76243032e-01 4.27957750e+00 7.84299452e-03 2.49988437e-01
6.80676194e-04 -1.75899448e-03 -1.31205606e-03 2.25498505e-03 5.90489550e-04 3.05884140e-03 -2.53566532e-03 1.28673134e-03 2.80878293e-03 8.08647910e-01 3.60939917e+00 -7.51922153e-03 2.66577090e-01
1.55673978e-03 -2.61865870e-03 -1.79556298e-03 3.14409197e-03 1.34481949e-03 3.24950358e-03 -3.01333337e-03 -6.53842274e-05 3.07656476e-03 8.39834130e-01 3.77051393e+00 1.75386922e-02 2.68159239e-01
9.25029733e-04 -5.08306934e-04 -9.92741128e-04 2.58216287e-03 1.58379328e-03 3.40925367e-03 -2.85988289e-03 2.23134875e-03 3.17577364e-03 8.44280703e-01 4.11233568e+00 -1.58766898e-02 2.47728806e-01
1.14972603e-03 -2.46330295e-03 -1.84328802e-03 3.13188102e-03 1.45533926e-03 3.67834376e-03 -3.31697082e-03 1.40462038e-03 3.56046224e-03 8.74601595e-01 3.98488196e+00 -9.64391144e-03 2.56593705e-01
1.00246268e-03 -2.11997631e-03 -1.37123490e-03 2.46202958e-03 7.09277668e-04 2.60203072e-03 -2.71411481e-03 8.93393262e-04 2.86655839e-03 8.05458109e-01 3.85479527e+00 1.03575767e-02 2.61310250e-01
1.09623104e-03 -2.27658737e-03 -1.85865123e-03 2.95849786e-03 1.56388833e-03 2.94852949e-03 -3.20957041e-03 1.31545036e-03 3.34111774e-03 8.84535335e-01 4.01840841e+00 -7.77674679e-03 2.46963846e-01
1.14989041e-03 -2.27469847e-03 -1.25826616e-03 2.48198503e-03 4.41587219e-04 3.16658859e-03 -2.79412080e-03 8.91465779e-04 3.01481043e-03 7.94227398e-01 3.79360002e+00 8.30283317e-03 2.69767606e-01
1.38635042e-03 -2.66033351e-03 -1.72720302e-03 3.12307161e-03 1.15739862e-03 3.14618528e-03 -3.38355559e-03 9.99105241e-04 3.52372318e-03 8.64423168e-01 4.03148945e+00 2.99487909e-03 2.54194711e-01
7.23225020e-04 -1.84480023e-03 -1.49852102e-03 2.46918402e-03 9.65297795e-04 3.05047982e-03 -2.68255755e-03 1.34677613e-03 2.92965033e-03 8.19822543e-01 3.83706177e+00 -2.92665208e-03 2.62563902e-01
1.55118934e-03 -2.77156823e-03 -1.71031685e-03 3.24665144e-03 1.26008834e-03 3.35963924e-03 -3.42724861e-03 8.58296301e-04 3.56433746e-03 8.65692239e-01 4.23503384e+00 3.04272916e-02 2.60363107e-01
6.31890530e-04 -1.73190257e-03 -1.52696512e-03 2.46415620e-03 9.53946036e-04 2.96811663e-03 -2.71174265e-03 1.46703156e-03 2.95818514e-03 8.22847112e-01 3.70140879e+00 -2.59335218e-02 2.56563185e-01
9.03152416e-04 -1.98343387e-03 -1.44711101e-03 2.49563988e-03 1.03750724e-03 3.08214549e-03 -2.66842350e-03 1.16134799e-03 2.89175526e-03 8.16405397e-01 3.71694694e+00 -1.58106316e-02 2.62479105e-01
1.09249316e-03 -2.55344093e-03 -1.86195266e-03 3.11033473e-03 1.02226088e-03 3.11310181e-03 -3.44326245e-03 1.29778816e-03 3.62411531e-03 8.70538647e-01 4.19049897e+00 1.73373304e-02 2.54076214e-01
1.61623108e-03 -2.77175727e-03 -1.75683476e-03 3.13714875e-03 1.28667696e-03 3.31257782e-03 -3.13789166e-03 1.79604684e-04 3.23567717e-03 8.22191773e-01 3.78836695e+00 -9.32364028e-03 2.65052790e-01
6.26291105e-04 -9.74306412e-04 -1.28672876e-03 2.56253649e-03 1.19207208e-03 3.13840294e-03 -2.84927436e-03 2.03551827e-03 3.11996245e-03 8.63202278e-01 4.08446261e+00 9.84156306e-03 2.51559207e-01
1.08022964e-03 -1.41973064e-03 -1.54006964e-03 2.87163767e-03 1.86689439e-03 2.95320527e-03 -3.19046733e-03 1.89312273e-03 3.30184019e-03 8.78880015e-01 4.29213872e+00 -1.08153272e-02 2.40466766e-01
1.70748846e-03 -2.56234792e-03 -1.15278483e-03 2.57689396e-03 3.76323259e-04 3.00097302e-03 -2.79458401e-03 -4.55843223e-05 2.88424149e-03 7.99888484e-01 3.55512514e+00 1.17182440e-02 2.74082322e-01
8.36304848e-04 -5.39675583e-04 -9.69102232e-04 2.43481753e-03 1.37771763e-03 2.91923183e-03 -2.73248279e-03 2.03901317e-03 2.96276186e-03 8.43603803e-01 3.97417421e+00 -2.09005634e-02 2.42278208e-01
1.74642921e-03 -2.82861761e-03 -1.83845261e-03 3.38253427e-03 1.43752143e-03 3.79661460e-03 -3.21339341e-03 -4.52357840e-05 3.30854049e-03 8.40541744e-01 3.93264044e+00 2.38475316e-02 2.72293001e-01
1.59512584e-03 -2.58891791e-03 -1.48835781e-03 2.90440663e-03 1.16021543e-03 3.43906519e-03 -2.90445633e-03 2.73741675e-04 3.03654964e-03 8.20084838e-01 3.70965460e+00 -1.93466056e-03 2.70299310e-01
6.00391916e-04 -1.30721542e-03 -1.56550844e-03 2.71399035e-03 1.09889260e-03 2.85547972e-03 -3.11694129e-03 2.00045645e-03 3.32610917e-03 8.64000530e-01 4.18553689e+00 1.97951285e-03 2.44963964e-01
1.11687583e-03 -1.93534743e-03 -1.63801940e-03 2.73390382e-03 1.66269741e-03 2.57123596e-03 -2.98524245e-03 1.29618273e-03 3.04160669e-03 8.44702592e-01 4.00039338e+00 -2.92265674e-02 2.41852879e-01
1.44410229e-03 -2.66471153e-03 -1.30136581e-03 2.67994108e-03 2.53613415e-04 3.62259141e-03 -3.09304388e-03 7.68910199e-04 3.33611491e-03 8.38998003e-01 3.87178330e+00 3.53062450e-02 2.73846224e-01
1.51462761e-03 -2.50395032e-03 -1.64696675e-03 2.97046340e-03 1.02777014e-03 3.09601065e-03 -2.87030849e-03 -2.05450587e-04 2.92426274e-03 7.95789434e-01 3.66344198e+00 4.96744088e-03 2.71322463e-01
1.12754153e-03 -4.86838734e-04 -9.67052237e-04 2.70550788e-03 1.89611624e-03 3.42901331e-03 -2.96054035e-03 2.25772494e-03 3.22804898e-03 8.84251252e-01 4.19824667e+00 -4.71916935e-03 2.43492650e-01
1.45237794e-03 -2.60077806e-03 -1.77097228e-03 2.97317063e-03 1.35638191e-03 2.77715568e-03 -3.06186899e-03 3.61097930e-04 3.12115722e-03 8.48529985e-01 3.84179610e+00 2.18242408e-03 2.56726397e-01
5.38916108e-04 -1.29422488e-03 -1.46087210e-03 2.63561590e-03 9.86915418e-04 3.65976937e-03 -2.95046997e-03 2.07884172e-03 3.32279587e-03 8.35927083e-01 4.02648397e+00 -2.13253855e-03 2.60494586e-01
1.65950278e-03 -2.74762382e-03 -1.77169284e-03 3.17654542e-03 1.18853087e-03 3.15413263e-03 -3.14400256e-03 -8.83921580e-05 3.19541680e-03 8.41673152e-01 3.87230871e+00 2.61376533e-02 2.67285524e-01
8.27651586e-04 -7.67804819e-04 -1.16438795e-03 2.54980668e-03 1.51103053e-03 3.32906516e-03 -2.83184978e-03 2.10791520e-03 3.13581195e-03 8.42651526e-01 4.01558682e+00 -2.26492898e-02 2.48807235e-01
1.70416808e-03 -2.56848130e-03 -1.94379019e-03 3.75169720e-03 1.71624715e-03 4.24260707e-03 -3.20661085e-03 -2.95282069e-04 3.26077673e-03 8.19016592e-01 3.90624929e+00 2.15560419e-02 2.75487624e-01
1.99584159e-03 2.78406771e-04 1.43844324e-04 2.15618077e-03 2.41153737e-03 3.07839330e-03 -2.29494678e-03 1.82909823e-03 2.49976656e-03 8.61412632e-01 3.97933147e+00 -1.90201526e-02 2.37694766e-01
9.58587535e-04 -7.74886230e-04 -1.14484345e-03 2.63146335e-03 1.53982378e-03 2.73924828e-03 -2.98691962e-03 2.03508308e-03 3.11831612e-03 8.64964501e-01 4.16447546e+00 -1.62050536e-02 2.35720430e-01
1.76884966e-03 -2.65486122e-03 -1.47140835e-03 3.00241428e-03 9.71094145e-04 3.64109791e-03 -2.94504572e-03 -1.35180304e-04 3.03993716e-03 8.15252204e-01 3.72242544e+00 1.80569878e-02 2.76886956e-01
5.45419109e-04 -1.33082879e-03 -1.33454379e-03 2.29471525e-03 9.57744253e-04 3.04651476e-03 -2.53536024e-03 1.62725672e-03 2.81735461e-03 8.15814156e-01 3.72905851e+00 -1.70058861e-02 2.59879605e-01
1.74232027e-03 -2.99227137e-03 -1.86866096e-03 3.44240667e-03 1.39951427e-03 3.27705086e-03 -3.59054194e-03 5.59542219e-04 3.67105927e-03 8.71468755e-01 4.17022823e+00 1.87858952e-02 2.56978009e-01
8.39719188e-04 -1.53289554e-03 -1.74498882e-03 2.86754386e-03 1.56362680e-03 2.82307120e-03 -3.26970602e-03 1.91199630e-03 3.40450853e-03 8.62349048e-01 4.39430523e+00 -4.08041555e-03 2.42827702e-01
1.61984291e-03 -2.54459526e-03 -1.23802579e-03 2.61896109e-03 5.80492846e-04 3.09834319e-03 -2.78880377e-03 1.10398839e-04 2.90324229e-03 8.20787666e-01 3.50628925e+00 4.23545539e-03 2.72303024e-01
1.58053258e-03 -2.81064143e-03 -1.64089687e-03 3.05569596e-03 9.78875331e-04 3.23937276e-03 -3.21559672e-03 4.19587915e-04 3.34415538e-03 8.67112787e-01 3.81243191e+00 1.45753929e-02 2.63458195e-01
6.95445781e-04 -1.45274624e-03 -1.48180085e-03 2.56842516e-03 1.23282119e-03 2.97096287e-03 -2.83874466e-03 1.72783924e-03 3.05955505e-03 8.19175216e-01 4.06416263e+00 -1.34775848e-02 2.53294639e-01
6.31332571e-04 -1.53627441e-03 -1.50728976e-03 2.51956909e-03 1.10653767e-03 3.16740612e-03 -2.78453845e-03 1.69995347e-03 3.06063822e-03 8.25649869e-01 3.87143013e+00 -1.95351789e-02 2.56751192e-01
1.51711278e-03 -2.83056705e-03 -1.76189410e-03 3.12151793e-03 1.06525335e-03 3.05457112e-03 -3.32274750e-03 5.35332168e-04 3.43364362e-03 8.61239505e-01 4.02452773e+00 2.19829558e-02 2.60024149e-01
1.12551102e-03 -2.32686984e-03 -1.53479113e-03 2.75650230e-03 9.32326887e-04 3.04736184e-03 -2.99705446e-03 1.03998042e-03 3.18019796e-03 8.12525629e-01 4.01924459e+00 4.83602314e-03 2.61782694e-01
9.42883536e-04 -2.17875590e-03 -1.67370882e-03 2.79289919e-03 1.15458024e-03 3.14977699e-03 -3.01393948e-03 1.31187041e-03 3.22598132e-03 8.69694727e-01 3.83485142e+00 -4.63265759e-03 2.55404166e-01
1.68908283e-03 -2.72764595e-03 -1.45602056e-03 3.00107195e-03 1.04697921e-03 3.73553918e-03 -3.07567139e-03 4.26049925e-04 3.24459220e-03 8.26497955e-01 3.86593976e+00 1.05509402e-02 2.72253496e-01
6.95944177e-04 -1.45414644e-03 -1.51268888e-03 2.56959455e-03 1.12094583e-03 2.54239013e-03 -2.94000886e-03 1.69761578e-03 3.08119864e-03 8.56393940e-01 4.01310308e+00 -9.87441606e-03 2.42546458e-01
6.84405113e-04 -1.96802505e-03 -1.75713069e-03 2.87749730e-03 9.74643633e-04 3.72500903e-03 -3.21207486e-03 1.85716576e-03 3.55694547e-03 8.60441776e-01 4.12405927e+00 1.22645540e-02 2.61687546e-01
1.22592091e-03 -2.33026331e-03 -1.56518227e-03 2.69539838e-03 1.12299549e-03 2.60256069e-03 -2.86286020e-03 6.63664809e-04 2.95471577e-03 8.25187805e-01 3.76599096e+00 -1.14649545e-02 2.55176727e-01
1.17879479e-03 -2.15967341e-03 -1.51308271e-03 2.70743435e-03 1.33146145e-03 2.76875078e-03 -2.84606538e-03 9.48674553e-04 2.95761353e-03 8.36052858e-01 3.82795093e+00 -1.26890656e-02 2.53596260e-01
8.87315039e-04 -2.18930854e-03 -1.62520730e-03 2.86971422e-03 8.22764791e-04 3.60834048e-03 -3.18007901e-03 1.56081652e-03 3.47559703e-03 8.48965393e-01 4.05535179e+00 1.37103866e-02 2.63271589e-01
5.01499499e-04 -1.65876156e-03 -1.56136690e-03 2.49085386e-03 7.71381709e-04 3.01663922e-03 -2.79952895e-03 1.62548197e-03 3.07334741e-03 8.15034030e-01 3.93614362e+00 -2.50447287e-03 2.59742730e-01
1.51320960e-03 -2.74335705e-03 -1.75889879e-03 3.12662130e-03 1.35586602e-03 3.23947072e-03 -3.27218277e-03 7.00183094e-04 3.40109221e-03 8.68925610e-01 3.92397189e+00 2.56150129e-03 2.57564520e-01
1.06521125e-03 -2.16391442e-03 -1.91436742e-03 3.06950698e-03 1.66904178e-03 3.01808031e-03 -3.37323883e-03 1.57399790e-03 3.50046493e-03 8.71298446e-01 4.32333275e+00 -1.59762049e-04 2.47070139e-01
1.20019466e-03 -2.27101898e-03 -1.21145244e-03 2.40688388e-03 4.53031910e-04 3.00686554e-03 -2.68326813e-03 7.01766637e-04 2.87619962e-03 8.11849386e-01 3.56044351e+00 2.01665502e-04 2.69060512e-01
1.31028746e-03 -2.35378973e-03 -1.56736405e-03 2.67732250e-03 1.18692795e-03 2.71336279e-03 -2.70998973e-03 2.86406021e-04 2.79178726e-03 8.11168398e-01 3.58687427e+00 -1.68450865e-02 2.61412328e-01
5.31296142e-04 -1.41188535e-03 -1.72243641e-03 2.98462828e-03 1.07874580e-03 3.78575015e-03 -3.38864937e-03 2.36275745e-03 3.76756445e-03 8.76350211e-01 4.33419638e+00 1.85698789e-02 2.55521152e-01
5.92339182e-04 -1.38809287e-03 -1.53189352e-03 2.67971435e-03 1.14955008e-03 3.12578813e-03 -2.96472125e-03 1.91647133e-03 3.21783300e-03 8.66685346e-01 3.93042132e+00 -9.93822000e-03 2.49271744e-01
1.51613238e-03 -2.67675207e-03 -1.62965137e-03 2.96764493e-03 1.08769352e-03 3.16896615e-03 -3.05328565e-03 3.41734815e-04 3.17121983e-03 8.14679640e-01 3.93261568e+00 1.06611323e-02 2.66941977e-01
1.60507315e-03 -2.51245201e-03 -1.42157692e-03 2.81681650e-03 9.28528172e-04 3.25870331e-03 -2.80117103e-03 -2.66870684e-05 2.89307095e-03 7.88391704e-01 3.69758176e+00 5.72912115e-03 2.74063785e-01
8.34676885e-04 -9.94048635e-04 -1.35049851e-03 2.80739891e-03 1.52033741e-03 3.06192185e-03 -3.12215057e-03 2.14667493e-03 3.31281582e-03 8.90231158e-01 4.15245475e+00 -5.40907823e-03 2.39796881e-01
1.71206395e-03 -2.84848503e-03 -1.93598396e-03 3.47146820e-03 1.51006304e-03 3.75515712e-03 -3.28424819e-03 -2.80126248e-05 3.37135067e-03 8.58930645e-01 3.88161557e+00 2.04199279e-02 2.69371164e-01
7.82472662e-04 -4.56182530e-04 -9.52789708e-04 2.38404585e-03 1.37897868e-03 2.99409331e-03 -2.65843839e-03 2.05784843e-03 2.92608593e-03 8.27554495e-01 4.01496310e+00 -1.82851950e-02 2.46382325e-01
8.30992628e-04 -2.02300111e-03 -1.36845367e-03 2.47327600e-03 5.17168301e-04 3.21598509e-03 -2.77512361e-03 1.25162411e-03 3.04173143e-03 8.02882466e-01 3.80977726e+00 3.64903829e-03 2.67401356e-01
1.32582881e-03 -2.45970501e-03 -1.79212474e-03 3.02408621e-03 1.59143828e-03 3.00274835e-03 -3.23605804e-03 1.08453629e-03 3.34714130e-03 8.78504753e-01 4.02627763e+00 -3.49229055e-03 2.49572680e-01
1.96477085e-03 -3.10718442e-03 -1.60627075e-03 3.32200841e-03 9.47454783e-04 4.03295987e-03 -3.43397465e-03 1.91330589e-04 3.58719112e-03 8.47611231e-01 3.96494977e+00 2.21867383e-02 2.73466629e-01
6.49382917e-04 -1.11769223e-03 -1.33139496e-03 2.35782579e-03 1.20628059e-03 2.33897793e-03 -2.66446941e-03 1.64929472e-03 2.78091309e-03 8.37597713e-01 3.92794878e+00 -1.96405564e-02 2.41114022e-01
1.23855695e-03 -2.48936823e-03 -1.62503292e-03 3.06738891e-03 1.00693833e-03 3.31404790e-03 -3.31981258e-03 1.20912594e-03 3.50933440e-03 8.47927275e-01 4.18517150e+00 1.97385251e-02 2.59525396e-01
8.99786668e-04 -1.99186402e-03 -1.52264120e-03 2.55946468e-03 1.14872549e-03 2.98839074e-03 -2.73810775e-03 1.20450239e-03 2.94157266e-03 8.37232083e-01 3.71466585e+00 -1.76968548e-02 2.57544178e-01
6.97246342e-04 -7.86773342e-04 -1.15164349e-03 2.41833975e-03 1.35584299e-03 3.36138777e-03 -2.66102420e-03 2.01910858e-03 2.99048543e-03 8.51741652e-01 3.89104202e+00 -1.05066001e-02 2.54379911e-01
1.71380853e-03 -2.84667759e-03 -1.86906047e-03 3.31671490e-03 1.34654660e-03 3.11079504e-03 -3.31280911e-03 2.07917158e-05 3.35148272e-03 8.31663397e-01 3.97855303e+00 1.12521511e-02 2.62457979e-01
1.96111334e-03 -3.09566750e-03 -2.26091527e-03 4.21591461e-03 1.62569191e-03 4.51038193e-03 -3.78000477e-03 -4.21516022e-04 3.82918329e-03 8.56249896e-01 4.12180510e+00 3.68388118e-02 2.73640348e-01
1.56373045e-03 8.16708172e-05 -1.27088083e-04 1.95517700e-03 2.03987558e-03 2.72338460e-03 -2.10521333e-03 1.64759798e-03 2.29682244e-03 8.31277097e-01 3.80445553e+00 -3.03741506e-02 2.40554578e-01
1.41673871e-03 -2.46230578e-03 -1.66589135e-03 2.87601234e-03 1.54593809e-03 3.02516249e-03 -2.89829516e-03 5.32741620e-04 2.99876818e-03 8.42957175e-01 3.81205120e+00 -4.28099116e-03 2.59825659e-01
3.29391079e-04 -1.57804006e-03 -1.70572442e-03 2.72527321e-03 5.61153673e-04 3.37948740e-03 -3.15992256e-03 2.06857818e-03 3.51361121e-03 8.41417537e-01 4.05980576e+00 4.41779424e-03 2.57409452e-01
9.66509839e-04 -1.91925908e-03 -1.55133751e-03 2.68207947e-03 1.39650049e-03 2.91121965e-03 -2.85297624e-03 1.32267537e-03 3.01136178e-03 8.21268578e-01 3.93821766e+00 -2.20009242e-02 2.53104609e-01
1.19573498e-03 -2.52875115e-03 -1.57157889e-03 2.91591558e-03 7.27900817e-04 3.38084178e-03 -3.20205748e-03 1.07290563e-03 3.42482171e-03 8.66652930e-01 3.95474187e+00 2.51323409e-02 2.63591102e-01
1.02181314e-03 -2.19307350e-03 -1.89684639e-03 3.24019886e-03 1.56220988e-03 3.69251966e-03 -3.51022230e-03 1.84127257e-03 3.75882662e-03 8.65197738e-01 4.51123006e+00 1.92903864e-02 2.56783943e-01
1.12483264e-03 -2.15089654e-03 -1.29773090e-03 2.42204090e-03 7.36723377e-04 2.61034050e-03 -2.59741180e-03 6.23775973e-04 2.72899563e-03 8.21721574e-01 3.43933774e+00 -1.73975732e-02 2.60232727e-01
1.76172185e-03 -3.11748261e-03 -1.72549086e-03 3.40585842e-03 9.25099712e-04 3.73202732e-03 -3.63672809e-03 6.24414098e-04 3.80541462e-03 8.48047613e-01 4.27010655e+00 3.32725626e-02 2.66751380e-01
6.33064477e-04 -1.47591750e-03 -1.42427158e-03 2.32559839e-03 1.13650621e-03 2.61046272e-03 -2.54452654e-03 1.42865391e-03 2.72791039e-03 8.37594533e-01 3.64373910e+00 -2.78671263e-02 2.49832380e-01
1.12172856e-03 -2.11768860e-03 -1.39098409e-03 2.42398535e-03 1.04419783e-03 2.56401179e-03 -2.52418493e-03 5.69411070e-04 2.63763218e-03 8.04470145e-01 3.59493217e+00 -1.27063025e-02 2.61353814e-01
7.38112116e-04 -2.08758747e-03 -1.92699660e-03 3.20934822e-03 1.05680479e-03 3.81256801e-03 -3.60965459e-03 2.09089778e-03 3.93890779e-03 8.81912364e-01 4.30842124e+00 1.36410784e-02 2.55298996e-01
6.79589983e-04 -1.58688132e-03 -1.53101316e-03 2.58863862e-03 1.08095210e-03 2.56870276e-03 -2.88917373e-03 1.58933771e-03 3.03247920e-03 8.30035390e-01 3.86536741e+00 -3.06509045e-02 2.43214097e-01
1.65419404e-03 -2.77280163e-03 -1.51728073e-03 3.10183174e-03 1.11051376e-03 3.90186143e-03 -3.20180504e-03 6.53731973e-04 3.40187690e-03 8.57827758e-01 4.06289863e+00 3.72333404e-02 2.71915218e-01
9.81868193e-04 -1.06392622e-03 -1.35650400e-03 2.53477619e-03 1.73994372e-03 2.65517417e-03 -2.88724989e-03 1.80851931e-03 3.00985804e-03 8.43935764e-01 4.24507712e+00 -1.95145439e-02 2.41476831e-01
1.97263718e-03 -2.90627786e-03 -1.40009448e-03 2.99635556e-03 4.60176958e-04 3.25152852e-03 -3.18042017e-03 -3.34626259e-04 3.23226640e-03 8.40183014e-01 3.63534891e+00 2.20657184e-02 2.73370280e-01
5.97626129e-04 -1.70387862e-03 -1.60279647e-03 2.57719394e-03 9.12867446e-04 2.66605062e-03 -2.89717335e-03 1.56310482e-03 3.08357101e-03 8.58099100e-01 3.73087563e+00 -2.26162589e-02 2.45378495e-01
1.53373475e-03 -2.76744179e-03 -1.65687279e-03 3.09052278e-03 1.16536799e-03 3.65810560e-03 -3.18757880e-03 6.22003697e-04 3.37120674e-03 8.22480841e-01 4.16014910e+00 2.62191081e-02 2.70568520e-01
6.92492148e-04 -1.14461282e-03 -1.34521584e-03 2.48513170e-03 1.32815896e-03 2.75034320e-03 -2.74256445e-03 1.77916934e-03 2.92244411e-03 8.57160110e-01 3.99848819e+00 -4.76002841e-03 2.47009667e-01
1.79968649e-03 -2.88421829e-03 -1.56037151e-03 3.16209209e-03 9.76791010e-04 3.51939791e-03 -3.25393408e-03 1.98553373e-04 3.37031045e-03 8.26330690e-01 3.85699014e+00 4.94573106e-03 2.68770477e-01
1.18065246e-03 -2.39083816e-03 -1.56470320e-03 2.79802599e-03 1.06216545e-03 3.33134612e-03 -2.95556728e-03 9.56536906e-04 3.16359405e-03 8.20122737e-01 4.00843286e+00 1.22008883e-02 2.66691233e-01
9.24185375e-04 -2.08368801e-03 -1.62094200e-03 2.77580649e-03 1.04501929e-03 2.91045010e-03 -3.07149481e-03 1.38745619e-03 3.24836681e-03 8.61763988e-01 3.86006555e+00 -1.13019197e-02 2.49836887e-01
1.21601687e-03 -2.20213065e-03 -1.87909039e-03 3.00707276e-03 1.80467692e-03 2.85320519e-03 -3.34102925e-03 1.45344006e-03 3.42281042e-03 8.72838932e-01 4.23208666e+00 -1.42820127e-02 2.42535109e-01
1.33889612e-03 -2.31299575e-03 -1.06954126e-03 2.35347131e-03 2.59915805e-04 3.11834474e-03 -2.68253838e-03 6.05729648e-04 2.87389012e-03 8.06101682e-01 3.60232634e+00 1.57663754e-02 2.73220293e-01
9.51167735e-04 -2.16838209e-03 -1.83848185e-03 2.99429412e-03 1.41355805e-03 3.25717107e-03 -3.26205564e-03 1.58143376e-03 3.47093853e-03 8.57587254e-01 4.13111953e+00 -8.63020304e-03 2.52073669e-01
1.17945708e-03 -2.21801196e-03 -1.29801622e-03 2.56527451e-03 7.54416727e-04 2.95322617e-03 -2.75587618e-03 8.13913968e-04 2.92434893e-03 8.25323912e-01 3.73267837e+00 9.15801741e-03 2.64621526e-01
1.05916516e-03 -2.41753094e-03 -1.55464717e-03 2.89093259e-03 6.06444204e-04 3.54727289e-03 -3.22204941e-03 1.30755709e-03 3.49149011e-03 8.54186045e-01 4.11412956e+00 3.72521551e-02 2.66263389e-01
1.11445716e-03 -2.16960769e-03 -1.62616502e-03 2.71450322e-03 1.42791458e-03 2.84190933e-03 -2.89104112e-03 1.07336499e-03 3.02390995e-03 8.32925824e-01 3.79511891e+00 -3.06430622e-02 2.51058256e-01
1.54373948e-03 -2.67211886e-03 -1.80717415e-03 3.08003120e-03 1.59444181e-03 3.07441891e-03 -3.13154461e-03 4.63273902e-04 3.21282642e-03 8.49111383e-01 3.88795647e+00 -5.94836957e-03 2.57318233e-01
3.60092317e-04 -1.35158463e-03 -1.51622955e-03 2.54989476e-03 6.57953247e-04 3.37612008e-03 -2.91519383e-03 2.00036337e-03 3.26796253e-03 8.34888333e-01 3.97625887e+00 6.20029858e-03 2.60265877e-01
7.30174100e-04 -1.46455987e-03 -1.65175149e-03 2.74670451e-03 1.31807642e-03 2.70769416e-03 -3.15082620e-03 1.88084462e-03 3.30323613e-03 8.65786904e-01 4.11048397e+00 -1.82875652e-02 2.39226194e-01
1.69252780e-03 -2.64111013e-03 -1.32920826e-03 2.77560677e-03 7.59918278e-04 3.39350408e-03 -2.88964590e-03 1.24557911e-04 3.01732662e-03 8.13712546e-01 3.75380817e+00 2.06581122e-02 2.74819613e-01
7.58316345e-04 -1.82787646e-03 -1.47810509e-03 2.43356288e-03 8.78393609e-04 2.38968923e-03 -2.73164201e-03 1.23583742e-03 2.86861751e-03 8.08142336e-01 3.88125098e+00 -1.19295443e-02 2.51403238e-01
1.34958604e-03 -2.72479395e-03 -1.77106333e-03 3.17951420e-03 1.23571738e-03 3.96126978e-03 -3.34492254e-03 1.12073636e-03 3.60523571e-03 8.78006745e-01 4.00505941e+00 1.27556121e-02 2.65309048e-01
1.14421006e-03 -2.36643895e-03 -1.62773041e-03 2.86402515e-03 1.03646766e-03 2.94948631e-03 -3.13338114e-03 1.10799305e-03 3.28881782e-03 8.45321060e-01 4.06876704e+00 1.19073629e-02 2.56678271e-01
9.33544198e-04 -2.13290136e-03 -1.58964037e-03 2.70374132e-03 1.08118160e-03 3.27127286e-03 -2.91330427e-03 1.29513364e-03 3.15465473e-03 8.39340222e-01 3.81936708e+00 -1.11168923e-02 2.60240573e-01
1.06636120e-03 -2.12933899e-03 -1.55736990e-03 2.71981728e-03 1.22111032e-03 2.87505084e-03 -2.92912089e-03 1.15678506e-03 3.07851248e-03 8.24403460e-01 3.97090364e+00 -8.77024970e-03 2.55335332e-01
9.77001406e-04 -2.33633872e-03 -1.65733194e-03 2.83712535e-03 8.76101525e-04 3.35845996e-03 -3.10812228e-03 1.27893870e-03 3.35715019e-03 8.60838314e-01 3.90820556e+00 9.23346861e-03 2.61445462e-01
1.70250618e-03 -3.00716328e-03 -2.15679977e-03 3.61921212e-03 1.76691264e-03 3.75867694e-03 -3.46489785e-03 1.28602698e-04 3.55811822e-03 8.63438344e-01 4.02762349e+00 1.48451125e-02 2.64993229e-01
6.74642585e-04 -4.82520535e-04 -8.90897753e-04 2.27252462e-03 1.15912835e-03 3.07767593e-03 -2.51709776e-03 1.99935672e-03 2.81415892e-03 8.22711127e-01 3.85937178e+00 -1.36982230e-02 2.51889836e-01
5.69752094e-04 -1.42213046e-03 -1.37107653e-03 2.35043291e-03 9.52175904e-04 3.01362579e-03 -2.59172811e-03 1.60204634e-03 2.85990082e-03 8.29599112e-01 3.75378961e+00 -9.62865202e-03 2.58873803e-01
1.68745704e-03 -2.91883067e-03 -1.79916670e-03 3.31822743e-03 1.34409932e-03 3.27193699e-03 -3.48743908e-03 6.15283547e-04 3.58676981e-03 8.55590581e-01 4.12516006e+00 1.01985397e-02 2.57989673e-01
1.02151087e-03 -8.67300545e-04 -1.10752190e-03 2.42969551e-03 1.72538410e-03 2.59611974e-03 -2.69543025e-03 1.75713204e-03 2.80005981e-03 8.41990278e-01 4.06381470e+00 -2.67604525e-02 2.39395487e-01
2.10724131e-03 -3.05922419e-03 -1.48044254e-03 3.22001327e-03 5.91114894e-04 3.60829295e-03 -3.36435620e-03 -3.20996002e-04 3.42840845e-03 8.42502862e-01 3.82327564e+00 3.17503213e-02 2.74743575e-01
1.28964659e-03 -2.57974525e-03 -1.63353751e-03 2.93731435e-03 1.00080549e-03 3.28565051e-03 -3.14039252e-03 8.86151599e-04 3.32772204e-03 8.16522819e-01 4.05158633e+00 6.24885010e-03 2.64232050e-01
7.19631568e-04 -1.89618101e-03 -1.63348050e-03 2.61535084e-03 1.02486911e-03 2.88303135e-03 -2.88784006e-03 1.44227208e-03 3.09766069e-03 8.65857526e-01 3.80122227e+00 -5.95800802e-03 2.52489580e-01
1.58713885e-03 -2.61754561e-03 -1.51175117e-03 2.90672381e-03 1.14229316e-03 3.44599221e-03 -2.92527216e-03 2.87161343e-04 3.06298752e-03 8.23950011e-01 3.90659797e+00 2.49503150e-02 2.72430564e-01
5.86210432e-04 -1.48389758e-03 -1.63014639e-03 2.73254535e-03 1.02620075e-03 2.85513442e-03 -3.12956874e-03 1.92354686e-03 3.33984400e-03 8.57062037e-01 3.97651042e+00 -2.16656523e-02 2.42452522e-01
7.48389253e-04 -2.04364308e-03 -1.44409712e-03 2.44935615e-03 3.24427382e-04 3.62861859e-03 -2.89231614e-03 1.46819756e-03 3.24408518e-03 8.05458928e-01 3.87136166e+00 8.57423658e-03 2.71669212e-01
1.31406428e-03 -2.47218567e-03 -1.85561129e-03 2.90648502e-03 1.56318877e-03 2.54808275e-03 -3.15197214e-03 8.33516409e-04 3.19391364e-03 8.75019073e-01 3.95051470e+00 -8.05397293e-03 2.44992303e-01
7.69211459e-04 -2.20334031e-03 -1.56253057e-03 2.64893085e-03 3.77908035e-04 3.26298095e-03 -3.05004498e-03 1.38615927e-03 3.33573154e-03 8.14667333e-01 3.96659211e+00 1.10965693e-02 2.65082176e-01
1.23219186e-03 -2.30871435e-03 -1.69508483e-03 2.83847629e-03 1.57690065e-03 2.96733605e-03 -2.97853022e-03 1.00146218e-03 3.10463629e-03 8.66626562e-01 3.86771419e+00 -1.03219012e-02 2.52446206e-01
6.85843725e-04 -1.63523636e-03 -1.54463264e-03 2.50547462e-03 1.06804809e-03 2.55121823e-03 -2.82781005e-03 1.51890912e-03 2.98741216e-03 8.54360209e-01 3.92220700e+00 -5.11510167e-03 2.47409498e-01
1.52417878e-03 -2.76524306e-03 -1.59190297e-03 3.04738027e-03 9.94352625e-04 3.66419769e-03 -3.20835489e-03 6.88040622e-04 3.40686517e-03 8.29308066e-01 3.94186669e+00 5.31894105e-03 2.68438458e-01
1.04165865e-03 -2.12956098e-03 -2.04545255e-03 3.25676921e-03 1.83995439e-03 3.40149461e-03 -3.59956164e-03 1.90116020e-03 3.78632007e-03 8.90132209e-01 4.49273464e+00 6.34172218e-03 2.47770030e-01
1.30534147e-03 -2.16598183e-03 -1.04604152e-03 2.27570500e-03 4.38731988e-04 2.64179529e-03 -2.49156560e-03 3.90446644e-04 2.61464387e-03 7.93456314e-01 3.40691463e+00 -6.12651555e-03 2.68348659e-01
7.79219151e-04 -5.11224129e-04 -8.61692666e-04 2.18316889e-03 1.37273984e-03 3.15566727e-03 -2.38042546e-03 1.88636301e-03 2.68977518e-03 8.23510100e-01 3.79757543e+00 -1.74128584e-02 2.55127796e-01
1.77960883e-03 -3.17445467e-03 -2.23631506e-03 3.70232887e-03 1.49748345e-03 3.44505654e-03 -3.67687329e-03 -3.55703658e-05 3.72642120e-03 8.63253189e-01 4.08867358e+00 1.93184634e-02 2.61903351e-01
2.11410407e-03 -3.14147731e-03 -1.56312832e-03 3.32441459e-03 6.53366278e-04 3.68995719e-03 -3.46610053e-03 -2.67853036e-04 3.53856389e-03 8.53607413e-01 3.92724320e+00 4.12398930e-02 2.74109972e-01
9.58431721e-04 -8.91885523e-04 -1.12359941e-03 2.40283161e-03 1.64757273e-03 2.61674868e-03 -2.66036495e-03 1.74375980e-03 2.78307870e-03 8.33613116e-01 3.98476741e+00 -3.32804312e-02 2.40233382e-01
1.41048621e-03 -2.70650413e-03 -1.63231511e-03 3.05483262e-03 9.78209932e-04 3.53785211e-03 -3.25489545e-03 8.57809340e-04 3.45519523e-03 8.43934473e-01 3.96138641e+00 7.51489809e-03 2.64818268e-01
7.02965256e-04 -1.75253286e-03 -1.57538009e-03 2.52972549e-03 1.08337608e-03 2.68175430e-03 -2.80523276e-03 1.44734571e-03 2.98568631e-03 8.40559796e-01 3.91214442e+00 -7.17700408e-03 2.51659065e-01
9.76049062e-04 -2.18269930e-03 -1.83642565e-03 2.96942956e-03 1.46401775e-03 3.18681325e-03 -3.20762049e-03 1.48530147e-03 3.39731342e-03 8.73233796e-01 3.98564179e+00 -1.44015783e-02 2.49614348e-01
1.24946489e-03 -2.33179266e-03 -1.29476498e-03 2.56688329e-03 6.23184256e-04 3.00180683e-03 -2.81290769e-03 7.42911422e-04 2.98770034e-03 8.05584745e-01 3.84571686e+00 1.59114898e-02 2.67520167e-01
1.38294924e-03 -2.30363054e-03 -1.09940777e-03 2.34077659e-03 4.95587673e-04 3.25799171e-03 -2.57594080e-03 5.00233775e-04 2.76767512e-03 8.03841940e-01 3.53425265e+00 7.52722043e-03 2.75892762e-01
1.04135645e-03 -2.10678471e-03 -1.93101295e-03 3.02344503e-03 1.50669022e-03 2.60686772e-03 -3.48694878e-03 1.63080518e-03 3.55218688e-03 8.76647266e-01 4.34120730e+00 -7.10079211e-03 2.38121842e-01
1.88099770e-03 -3.17808026e-03 -1.99150224e-03 3.54586287e-03 1.41016694e-03 3.35311541e-03 -3.66421987e-03 2.31137988e-04 3.72793137e-03 8.66192125e-01 4.11700200e+00 1.51274593e-02 2.59195846e-01
4.84833726e-04 -1.01929493e-03 -1.25309567e-03 2.22762516e-03 1.01700886e-03 2.98555141e-03 -2.47556715e-03 1.75334506e-03 2.76971427e-03 8.20142335e-01 3.76213761e+00 -1.39450437e-02 2.57824203e-01
1.17637227e-03 -2.26923028e-03 -1.68294936e-03 2.69020844e-03 1.37030029e-03 2.44698568e-03 -2.91626583e-03 8.45585935e-04 2.98082556e-03 8.56434357e-01 3.84221033e+00 -1.03109397e-02 2.47675761e-01
7.99150695e-04 -2.21375468e-03 -1.61479188e-03 2.73175345e-03 5.19922396e-04 3.81216705e-03 -3.13577722e-03 1.57815704e-03 3.49311740e-03 8.26396362e-01 4.00927265e+00 1.10455393e-02 2.69004405e-01
2.17763420e-03 -3.14123036e-03 -1.61039289e-03 3.44108920e-03 8.24663770e-04 4.07337520e-03 -3.47131779e-03 -3.41954035e-04 3.54987946e-03 8.38044441e-01 3.92588638e+00 3.07425708e-02 2.77233679e-01
9.10543677e-04 -7.52352785e-04 -1.06086297e-03 2.26770511e-03 1.47122334e-03 2.30093342e-03 -2.60936159e-03 1.70532160e-03 2.70643223e-03 8.45535527e-01 3.96906738e+00 -2.60157239e-02 2.35545372e-01
5.16949705e-04 -1.20228124e-03 -1.43541587e-03 2.48557780e-03 1.09133707e-03 3.03331958e-03 -2.76641292e-03 1.86971087e-03 3.03657474e-03 8.29728990e-01 3.97556699e+00 -9.61713311e-03 2.53961441e-01
1.71690645e-03 -2.85614745e-03 -1.71077433e-03 3.21364979e-03 1.24891276e-03 3.31132821e-03 -3.28709433e-03 2.97836740e-04 3.38132644e-03 8.55463607e-01 3.90012564e+00 1.01853679e-02 2.62815930e-01
6.02050967e-04 -1.10577574e-03 -1.43471726e-03 2.58635510e-03 1.27897588e-03 3.28805825e-03 -2.87605456e-03 2.02586160e-03 3.17960806e-03 8.47570114e-01 4.01654658e+00 -1.10505577e-02 2.52802401e-01
1.57973347e-03 -2.78071143e-03 -1.74884312e-03 3.07898440e-03 1.07342800e-03 3.00937916e-03 -3.16692090e-03 1.33790625e-04 3.24164696e-03 8.36281447e-01 3.85787591e+00 1.18587085e-02 2.63769253e-01
1.06581023e-03 -2.22730031e-03 -1.73991057e-03 3.02320713e-03 1.29029508e-03 2.97766534e-03 -3.29479054e-03 1.41983741e-03 3.43334124e-03 8.64054797e-01 4.27104543e+00 1.67123653e-02 2.51600143e-01
1.07348350e-03 -2.19883669e-03 -1.41607389e-03 2.57737539e-03 9.09989102e-04 3.25215356e-03 -2.76235418e-03 1.00936129e-03 2.98955206e-03 8.22390052e-01 3.65026175e+00 -1.52724735e-02 2.65004024e-01
5.47113047e-04 -1.59028754e-03 -1.63428953e-03 2.72567086e-03 9.02372420e-04 3.80803718e-03 -3.09742306e-03 2.04855213e-03 3.49033684e-03 8.72985318e-01 4.10585682e+00 2.38271413e-02 2.63173511e-01
1.46752736e-03 -2.46976998e-03 -1.61693036e-03 2.85846725e-03 1.35885563e-03 2.64996002e-03 -2.96264122e-03 4.31336688e-04 3.00832791e-03 8.15390563e-01 3.78833354e+00 -2.10237359e-02 2.53969065e-01
1.09628129e-03 -7.45653855e-04 -1.12569442e-03 2.78021063e-03 1.80604717e-03 3.10635012e-03 -3.08527563e-03 2.17008704e-03 3.25898141e-03 8.68326244e-01 4.35232849e+00 -4.78187508e-03 2.40743631e-01
1.59854328e-03 -2.54173878e-03 -1.47770698e-03 2.84163341e-03 8.53144635e-04 3.20802563e-03 -2.82781217e-03 -1.44751850e-04 2.90584836e-03 8.14030940e-01 3.54605124e+00 4.99190358e-03 2.73501405e-01
1.56682521e-03 -2.44352637e-03 -1.38757167e-03 2.71277679e-03 7.54013051e-04 3.07452677e-03 -2.71111145e-03 -1.93894724e-04 2.78070423e-03 7.99080427e-01 3.46007683e+00 -1.00349535e-03 2.74295341e-01
1.03374309e-03 -8.59592539e-04 -1.33228554e-03 2.86350735e-03 1.79288874e-03 3.08479702e-03 -3.25184701e-03 2.23738351e-03 3.43534591e-03 8.83252204e-01 4.44897867e+00 1.05283553e-03 2.39548117e-01
7.09485412e-04 -9.67563202e-04 -1.26202971e-03 2.47788031e-03 1.32083757e-03 3.06016224e-03 -2.76626881e-03 1.93905553e-03 3.02438371e-03 8.34258206e-01 3.86753248e+00 -3.31986153e-02 2.47102557e-01
1.73719377e-03 -2.97478086e-03 -1.86930694e-03 3.33742020e-03 1.13579312e-03 3.39085725e-03 -3.36315407e-03 -1.53685332e-05 3.44346668e-03 8.52749912e-01 4.06268680e+00 4.11219897e-02 2.68845006e-01
8.74720310e-04 -2.04009548e-03 -1.61068004e-03 2.72267146e-03 9.76266003e-04 2.79071803e-03 -3.03887571e-03 1.38217892e-03 3.20802773e-03 8.65184474e-01 3.93837340e+00 3.52492816e-03 2.50766997e-01
1.16601012e-03 -2.39535728e-03 -1.59078200e-03 2.81942420e-03 1.11001975e-03 3.42954875e-03 -2.97912397e-03 1.03320332e-03 3.20472982e-03 8.19121102e-01 3.93150717e+00 -3.43962225e-03 2.65464400e-01
8.64349261e-04 -1.69387622e-03 -1.63975393e-03 2.51954809e-03 1.38458557e-03 2.23484525e-03 -2.89601772e-03 1.39942059e-03 2.95127232e-03 8.58314268e-01 3.97653543e+00 -2.15403841e-02 2.38086979e-01
1.85944417e-03 -2.89202161e-03 -1.23176234e-03 2.82835526e-03 4.01950269e-04 3.82253337e-03 -3.17700962e-03 3.93876512e-04 3.37029732e-03 8.22392934e-01 3.87535312e+00 2.47961067e-02 2.76201964e-01
1.22116526e-03 -5.26872987e-04 -8.94247234e-04 2.38079682e-03 1.78722374e-03 2.23528604e-03 -2.75705476e-03 1.78914329e-03 2.76325460e-03 8.74414708e-01 4.23345166e+00 -1.07831818e-02 2.29046687e-01
2.13244924e-03 -2.86127178e-03 -1.39832306e-03 3.12389380e-03 5.96311733e-04 3.90341047e-03 -3.15027122e-03 -5.71493309e-04 3.19294753e-03 8.05323338e-01 3.63920886e+00 1.16591507e-02 2.81294510e-01
7.58874876e-04 -1.40034726e-03 -1.61037991e-03 2.86947205e-03 1.47837013e-03 3.69511046e-03 -3.17837864e-03 2.14506058e-03 3.50933775e-03 8.87908834e-01 4.12603792e+00 -7.58930959e-05 2.52836281e-01
1.40679143e-03 -2.48968927e-03 -1.53669141e-03 2.71190653e-03 8.53366490e-04 2.57143834e-03 -2.83426906e-03 1.06709934e-04 2.89335054e-03 7.93398502e-01 3.72407467e+00 1.39533081e-04 2.63910151e-01
4.49239885e-04 -1.49096745e-03 -1.68085999e-03 2.67140630e-03 8.82393795e-04 2.76627370e-03 -3.07013088e-03 1.88982460e-03 3.29025761e-03 8.64265934e-01 3.99560500e+00 -5.84216650e-03 2.45149395e-01
1.56783928e-03 -2.60790016e-03 -1.52540508e-03 2.95131127e-03 1.25152148e-03 3.52645851e-03 -2.96635475e-03 4.49224474e-04 3.11949985e-03 8.18326454e-01 3.88205394e+00 6.12010033e-03 2.70071472e-01
5.51259836e-04 -1.32836759e-03 -1.72365412e-03 3.10055068e-03 1.18434249e-03 3.98017127e-03 -3.48324207e-03 2.50309332e-03 3.87771048e-03 8.73685818e-01 4.42593281e+00 1.81949033e-02 2.55594356e-01
1.27946004e-03 -2.27474788e-03 -1.51218312e-03 2.58621438e-03 1.15232501e-03 2.61115719e-03 -2.60860908e-03 2.38054678e-04 2.68293403e-03 8.13614600e-01 3.50254207e+00 -1.65294529e-02 2.61419530e-01
1.10007409e-03 -4.20055828e-04 -7.48010331e-04 2.22778909e-03 1.68466842e-03 2.69043775e-03 -2.47947754e-03 1.80485374e-03 2.65806021e-03 8.53276818e-01 3.96779702e+00 -1.44216232e-02 2.41571614e-01
1.93416751e-03 -2.99644412e-03 -1.85528007e-03 3.57021674e-03 1.13847653e-03 3.85453951e-03 -3.44428976e-03 -3.23291072e-04 3.50131546e-03 8.29538087e-01 3.89321441e+00 1.58277549e-02 2.72934944e-01
1.64478117e-03 -2.46651047e-03 -1.24797935e-03 2.60865608e-03 6.31622944e-04 3.13805912e-03 -2.68260289e-03 -1.38588726e-04 2.76727737e-03 8.05403619e-01 3.43243733e+00 2.35461826e-03 2.75995354e-01
1.12765126e-03 -1.02515035e-03 -1.33429775e-03 2.91907311e-03 1.85240220e-03 2.93264577e-03 -3.27994932e-03 2.12855051e-03 3.37760334e-03 8.76625882e-01 4.48348428e+00 -2.25702566e-03 2.37409904e-01
1.03474272e-03 -2.32719344e-03 -1.95794282e-03 3.07596555e-03 1.37754492e-03 2.84126541e-03 -3.45398049e-03 1.48359556e-03 3.57374999e-03 8.69048114e-01 4.19980890e+00 -9.09253824e-03 2.43774506e-01
1.09913327e-03 -2.17002244e-03 -1.26044986e-03 2.39638397e-03 6.26376896e-04 3.19451454e-03 -2.61532285e-03 8.30628963e-04 2.83845633e-03 8.12137619e-01 3.65843288e+00 9.71434223e-03 2.71738151e-01
1.66024752e-03 -2.88336711e-03 -1.81741252e-03 3.36642299e-03 1.55920542e-03 3.69416694e-03 -3.43666747e-03 7.45510839e-04 3.58884938e-03 8.49774990e-01 4.26186593e+00 2.02719880e-02 2.63998396e-01
5.24084245e-04 -1.51480943e-03 -1.41649798e-03 2.35519718e-03 7.44844455e-04 2.71795014e-03 -2.66269862e-03 1.54149080e-03 2.89226827e-03 8.35634297e-01 3.65427941e+00 -1.81318269e-02 2.52559376e-01
4.94542532e-04 -1.33838989e-03 -1.54375115e-03 2.63134067e-03 9.56724870e-04 3.21419095e-03 -2.98513598e-03 2.00011659e-03 3.28931640e-03 8.52549445e-01 4.09051878e+00 7.65700038e-03 2.54798702e-01
1.48612411e-03 -2.67008264e-03 -1.73177106e-03 3.01681486e-03 1.28314307e-03 3.13690774e-03 -3.06828181e-03 3.68873842e-04 3.17554919e-03 8.32319940e-01 3.78948730e+00 -7.32205666e-03 2.62166049e-01
2.12384875e-03 -3.26761987e-03 -2.09366372e-03 4.00238746e-03 1.28796648e-03 4.38079325e-03 -3.78745903e-03 -4.65144986e-04 3.84392471e-03 8.47943499e-01 4.11153709e+00 3.47737230e-02 2.74975557e-01
1.13595815e-03 -1.99757586e-04 -5.44810960e-04 2.04246728e-03 1.68588629e-03 2.49766232e-03 -2.25358953e-03 1.68401080e-03 2.41060614e-03 8.37737740e-01 3.79847630e+00 -2.89114521e-02 2.38612824e-01
6.65694700e-04 -1.33358231e-03 -1.38665523e-03 2.30547747e-03 1.19918241e-03 2.47142185e-03 -2.58265292e-03 1.51061761e-03 2.74025137e-03 8.17280160e-01 3.90796925e+00 -1.92659922e-02 2.49176700e-01
1.92015238e-03 -3.17708425e-03 -1.67266439e-03 3.37785878e-03 9.20643647e-04 3.76461721e-03 -3.57675412e-03 3.46428127e-04 3.72240508e-03 8.70464659e-01 3.98089793e+00 2.15978669e-02 2.67166254e-01
1.15458397e-03 -2.34590207e-03 -1.90619752e-03 3.29911089e-03 1.70093901e-03 3.73907069e-03 -3.49834011e-03 1.68229558e-03 3.72663171e-03 8.91199294e-01 4.24312111e+00 4.11669720e-03 2.53309561e-01
1.06089956e-03 -2.04275719e-03 -1.19508308e-03 2.31720485e-03 6.12546289e-04 2.59173283e-03 -2.53550544e-03 7.39700235e-04 2.68423885e-03 7.91401766e-01 3.61464273e+00 -4.00502569e-03 2.63711997e-01
9.32205797e-04 -2.03054765e-03 -1.41713328e-03 2.58167222e-03 8.84604995e-04 3.11924253e-03 -2.79115512e-03 1.21102501e-03 3.01318526e-03 8.06796717e-01 3.80787562e+00 -1.17565934e-02 2.62375366e-01
1.20281986e-03 -2.35698658e-03 -1.68763089e-03 3.00317877e-03 1.33684233e-03 3.17155037e-03 -3.21682508e-03 1.23772111e-03 3.37777570e-03 8.79290749e-01 4.06836028e+00 1.25555910e-02 2.54299448e-01
1.41943968e-03 -2.86670006e-03 -1.82705173e-03 3.27894614e-03 1.05487835e-03 3.44989852e-03 -3.56915024e-03 1.04689361e-03 3.75526214e-03 8.53223606e-01 4.41234125e+00 3.71374313e-02 2.62047112e-01
8.65449395e-04 -1.83145880e-03 -1.39802371e-03 2.45016712e-03 1.10839591e-03 2.89865612e-03 -2.60898172e-03 1.20572880e-03 2.80515382e-03 8.33679658e-01 3.55155898e+00 -3.05601334e-02 2.55589396e-01
1.34055218e-03 -2.40423018e-03 -1.36528068e-03 2.61507171e-03 7.51041468e-04 2.71046460e-03 -2.81866600e-03 4.96470586e-04 2.93226974e-03 8.12104008e-01 3.64804154e+00 -7.73856789e-03 2.61609325e-01
8.56140769e-04 -1.87504976e-03 -1.76747580e-03 2.94871500e-03 1.47346253e-03 3.49105217e-03 -3.22522806e-03 1.83899480e-03 3.48615024e-03 8.72934731e-01 4.23943813e+00 8.08430266e-03 2.55062451e-01
1.75658211e-03 -2.99690483e-03 -1.95754153e-03 3.45282301e-03 1.41626889e-03 3.61100971e-03 -3.39852528e-03 5.44050441e-05 3.48923835e-03 8.42448089e-01 4.00345646e+00 1.51851366e-02 2.67393067e-01
6.59784803e-04 -6.61316213e-04 -1.05715413e-03 2.36735391e-03 1.25950214e-03 2.98334728e-03 -2.60476324e-03 1.97080818e-03 2.86536324e-03 8.41989444e-01 3.88141629e+00 -1.39248937e-02 2.48624558e-01
9.96084261e-04 -1.05064978e-03 -1.45651177e-03 2.73847067e-03 1.67769233e-03 2.57074718e-03 -3.20988218e-03 1.99955716e-03 3.29033598e-03 8.67810128e-01 4.44784684e+00 -8.08837185e-03 2.35086924e-01
1.78644009e-03 -2.59104821e-03 -1.26833396e-03 2.72084756e-03 5.59176595e-04 3.30440923e-03 -2.81020452e-03 -2.66530743e-04 2.88392960e-03 8.13836987e-01 3.46379923e+00 8.58756086e-03 2.77723768e-01
1.63333324e-03 -2.69067911e-03 -1.44572749e-03 2.92633285e-03 8.29865564e-04 3.15893400e-03 -3.07137757e-03 2.87608783e-04 3.18136751e-03 8.44400446e-01 3.87895945e+00 3.16833294e-02 2.67974544e-01
7.37403366e-04 -1.47570307e-03 -1.56997488e-03 2.72480682e-03 1.41765964e-03 3.11182893e-03 -2.98076203e-03 1.84206931e-03 3.20134308e-03 8.40468489e-01 4.00462323e+00 -2.67233905e-02 2.48231318e-01
8.92247000e-04 -1.07127349e-03 -1.33494726e-03 2.58497431e-03 1.62772179e-03 3.08814781e-03 -2.88085831e-03 1.92996494e-03 3.10674430e-03 8.48741934e-01 4.10130895e+00 -1.92564081e-02 2.47082049e-01
1.77113446e-03 -2.78030701e-03 -1.52203015e-03 3.04212842e-03 7.85828482e-04 3.10218555e-03 -3.13585532e-03 -1.02450383e-04 3.19435266e-03 8.34451049e-01 3.76961547e+00 2.17691380e-02 2.68723252e-01
8.22865319e-04 -2.04702266e-03 -1.84972044e-03 3.10706346e-03 1.24002588e-03 3.32081283e-03 -3.42560388e-03 1.83478093e-03 3.64970068e-03 8.59051471e-01 4.41530735e+00 1.73416382e-02 2.53664464e-01
1.19494042e-03 -2.23206211e-03 -1.37270711e-03 2.55077050e-03 9.52478691e-04 2.94872659e-03 -2.66585665e-03 6.67949519e-04 2.82285866e-03 8.27104982e-01 3.51996258e+00 -1.57806463e-02 2.63283475e-01
7.83611611e-04 -8.63922493e-04 -1.26346868e-03 2.49819265e-03 1.48428888e-03 2.87728752e-03 -2.81264195e-03 1.95556529e-03 3.02649053e-03 8.53363322e-01 4.02193669e+00 -2.06293736e-02 2.43098677e-01
1.79779378e-03 -2.89285863e-03 -1.67642785e-03 3.18613218e-03 9.02752597e-04 3.39908285e-03 -3.22253451e-03 -1.71195088e-04 3.29708955e-03 8.28704396e-01 3.85478522e+00 2.35665459e-02 2.71800994e-01
1.63743250e-03 -2.85266345e-03 -1.59632735e-03 3.09295796e-03 9.98701109e-04 3.69229644e-03 -3.23048587e-03 5.11054854e-04 3.41105197e-03 8.33756579e-01 4.01642659e+00 2.12597421e-02 2.70682399e-01
6.83782369e-04 -1.52056015e-03 -1.50080438e-03 2.51212409e-03 1.09764751e-03 2.59458193e-03 -2.83945017e-03 1.60435481e-03 3.00099371e-03 8.49340208e-01 3.86855412e+00 -1.88520979e-02 2.44714603e-01
7.30001225e-04 -2.02962088e-03 -1.63233121e-03 2.66969430e-03 8.05805994e-04 3.00842682e-03 -2.97646945e-03 1.43233396e-03 3.21233897e-03 8.36617450e-01 3.79837786e+00 -1.59328633e-02 2.55240013e-01
1.22324281e-03 -2.44050773e-03 -1.68911499e-03 2.94976257e-03 1.29630055e-03 3.24336474e-03 -3.09554230e-03 1.01047092e-03 3.26930303e-03 8.48528175e-01 4.09808917e+00 1.75693185e-02 2.61611899e-01
1.27969898e-03 -2.68144717e-03 -1.77396757e-03 3.11538896e-03 1.05072784e-03 3.37640217e-03 -3.36048082e-03 1.04293703e-03 3.55388634e-03 8.72172357e-01 3.98034427e+00 8.28887896e-03 2.58547163e-01
8.18499101e-04 -1.83460133e-03 -1.46177870e-03 2.49310211e-03 1.05601854e-03 2.85454201e-03 -2.71239298e-03 1.30257661e-03 2.90877281e-03 8.12934064e-01 3.89251770e+00 -7.92568876e-03 2.58420851e-01
1.59472179e-03 -2.67022800e-03 -1.43467467e-03 2.95680425e-03 9.82079674e-04 3.64512593e-03 -3.08891532e-03 6.13479869e-04 3.27283590e-03 8.28038208e-01 3.97445008e+00 2.04457935e-02 2.70944723e-01
6.73964261e-04 -1.69194577e-03 -1.64036859e-03 2.62852047e-03 1.11046542e-03 2.63640143e-03 -2.95297374e-03 1.58998474e-03 3.11334684e-03 8.54153904e-01 3.90239402e+00 -1.81823217e-02 2.44540959e-01
7.82061308e-04 -1.78853627e-03 -1.63168267e-03 2.75039646e-03 1.30945510e-03 3.18769309e-03 -2.97402171e-03 1.64549544e-03 3.20394037e-03 8.42341418e-01 3.85165968e+00 -3.10586540e-02 2.50910312e-01
1.50913663e-03 -2.69757877e-03 -1.52775256e-03 2.91868688e-03 8.54183723e-04 3.10418396e-03 -3.12524464e-03 5.16780766e-04 3.26075761e-03 8.42062586e-01 4.04834518e+00 3.79797147e-02 2.66260546e-01
1.96824575e-03 -3.10535075e-03 -1.66281871e-03 3.37361318e-03 1.13573194e-03 4.10277243e-03 -3.42983493e-03 2.04960607e-04 3.58384352e-03 8.33048392e-01 4.15363213e+00 3.18937453e-02 2.74383590e-01
6.39126186e-04 -1.13623002e-03 -1.28343046e-03 2.36583108e-03 1.10478734e-03 2.42756710e-03 -2.66190323e-03 1.66371509e-03 2.79987139e-03 8.49405081e-01 3.75359929e+00 -2.68099880e-02 2.39770931e-01
8.02879903e-04 -5.04780333e-04 -9.51703108e-04 2.43475638e-03 1.44767979e-03 3.12098707e-03 -2.65920238e-03 2.06964025e-03 2.92717263e-03 8.48971742e-01 4.01198901e+00 -6.53923810e-03 2.48259063e-01
1.69412860e-03 -2.82453762e-03 -1.88222930e-03 3.37891627e-03 1.41365878e-03 3.55600637e-03 -3.25181601e-03 -1.11255843e-05 3.33040052e-03 8.35006882e-01 3.86284856e+00 6.83807885e-03 2.67809598e-01
1.18895868e-03 -4.56096743e-04 -8.54437634e-04 2.57224887e-03 1.80188241e-03 3.05182700e-03 -2.86798643e-03 2.10124527e-03 3.06460658e-03 8.56070205e-01 4.15753604e+00 -2.00601524e-02 2.39008827e-01
1.64418208e-03 -2.63094205e-03 -1.67781084e-03 3.13452786e-03 1.07767144e-03 3.50282459e-03 -2.99744562e-03 -2.25523419e-04 3.06860991e-03 8.25445969e-01 3.73167234e+00 2.28502006e-02 2.74638502e-01
1.03169021e-03 -2.02864456e-03 -1.48470395e-03 2.59278610e-03 1.11936252e-03 2.52891406e-03 -2.83721007e-03 1.08353556e-03 2.94252125e-03 8.43482981e-01 3.84910846e+00 -6.22887140e-03 2.50131584e-01
1.05720569e-03 -2.42022409e-03 -1.68216844e-03 2.94447510e-03 9.74952839e-04 3.78462121e-03 -3.18820891e-03 1.34985559e-03 3.48048662e-03 8.40845255e-01 4.02703282e+00 6.49325119e-03 2.66227467e-01
1.59552458e-03 -2.75164313e-03 -1.81986257e-03 3.16080092e-03 1.34996249e-03 3.22050719e-03 -3.13171069e-03 1.02628412e-04 3.21131239e-03 8.39230831e-01 3.86778402e+00 1.16832603e-02 2.65387448e-01
6.45138140e-04 -8.74672051e-04 -1.26059475e-03 2.53996739e-03 1.21563906e-03 3.26720822e-03 -2.85895390e-03 2.10487856e-03 3.16955890e-03 8.44911758e-01 4.01372720e+00 -1.09050164e-02 2.51024338e-01
1.14202700e-03 -2.25241337e-03 -1.42943167e-03 2.55949717e-03 8.45436447e-04 2.63953988e-03 -2.75234703e-03 6.91800037e-04 2.87947893e-03 8.28152816e-01 3.54236751e+00 -1.94193813e-02 2.56886935e-01
9.07846636e-04 -2.19198592e-03 -1.86040301e-03 3.08341810e-03 1.33197804e-03 3.66318534e-03 -3.35832074e-03 1.75007210e-03 3.63915298e-03 8.58419703e-01 4.39327770e+00 2.18478301e-02 2.60266739e-01
1.18391876e-03 -2.27766640e-03 -1.64461953e-03 2.84557201e-03 1.46488869e-03 3.17199227e-03 -2.98098372e-03 1.10274617e-03 3.14946847e-03 8.64364521e-01 3.99034573e+00 8.68912254e-03 2.58341901e-01
7.70138909e-04 -2.15911757e-03 -1.61859091e-03 2.70362131e-03 5.98966035e-04 3.04517914e-03 -3.04962870e-03 1.36717508e-03 3.28880547e-03 8.20845462e-01 3.87588173e+00 -8.28146980e-03 2.58517917e-01
1.48908097e-03 -2.85948988e-03 -1.78785040e-03 3.24971145e-03 1.09629382e-03 3.30561594e-03 -3.51763084e-03 9.07597891e-04 3.66811311e-03 8.63559866e-01 4.12536600e+00 1.25835520e-02 2.57461771e-01
6.55376091e-04 -1.67778747e-03 -1.45983920e-03 2.38540242e-03 1.01316550e-03 2.89640927e-03 -2.59476141e-03 1.39182311e-03 2.82839700e-03 8.22245910e-01 3.75815756e+00 -1.17500678e-02 2.59287286e-01
1.80517880e-03 -3.07996750e-03 -1.84030091e-03 3.42658997e-03 1.24410717e-03 3.75555261e-03 -3.48464358e-03 2.81217353e-04 3.61634532e-03 8.66636557e-01 3.96614439e+00 1.61433200e-02 2.66668585e-01
4.74122221e-04 -1.13360118e-03 -1.39191346e-03 2.33447698e-03 9.99941514e-04 2.61211286e-03 -2.64650920e-03 1.73849157e-03 2.86131845e-03 8.19895000e-01 3.91952253e+00 -1.48039031e-02 2.49738967e-01
9.25889511e-04 -2.22590728e-03 -1.62222330e-03 2.76032324e-03 9.56625890e-04 3.60312706e-03 -2.99587894e-03 1.35959887e-03 3.28835340e-03 8.67872795e-01 3.84329296e+00 9.55916850e-03 2.65057522e-01
1.17235652e-03 -2.21986639e-03 -1.55457414e-03 2.76283662e-03 1.17285494e-03 2.62491176e-03 -3.01633214e-03 1.03923779e-03 3.10997755e-03 8.17515522e-01 4.03366658e+00 -9.07511038e-03 2.51594241e-01
5.99469925e-04 -1.47844145e-03 -1.69172775e-03 2.93325100e-03 1.12776747e-03 3.66303366e-03 -3.31614403e-03 2.22931925e-03 3.66095343e-03 8.67379662e-01 4.17715416e+00 -1.20882047e-03 2.53140439e-01
1.37782230e-03 -2.36435683e-03 -1.49890157e-03 2.67173973e-03 1.15906665e-03 2.72424540e-03 -2.71853681e-03 2.79619856e-04 2.79713381e-03 8.15859112e-01 3.69777046e+00 1.26253737e-03 2.63459630e-01
1.52260560e-03 -2.48264879e-03 -1.35197070e-03 2.73689925e-03 8.97558037e-04 3.13654141e-03 -2.81924181e-03 3.01226169e-04 2.94036505e-03 7.85931789e-01 3.79256971e+00 2.58564083e-03 2.70426518e-01
7.75913371e-04 -1.55131002e-03 -1.59315265e-03 2.83034893e-03 1.34679780e-03 3.08802486e-03 -3.13063618e-03 1.89037699e-03 3.33369368e-03 8.93454812e-01 4.03372708e+00 -2.44222191e-03 2.45098097e-01
1.35620854e-03 -2.70076171e-03 -1.66693883e-03 3.06660624e-03 1.03225305e-03 3.85853782e-03 -3.26780958e-03 1.03014848e-03 3.52401263e-03 8.39485439e-01 4.11661230e+00 1.90642037e-02 2.68986479e-01
7.49109356e-04 -1.81870592e-03 -1.55136603e-03 2.51987955e-03 9.99156231e-04 2.47712136e-03 -2.80408010e-03 1.31302365e-03 2.94018311e-03 8.44552312e-01 3.77327252e+00 -1.71201055e-02 2.46923837e-01
1.62177733e-03 -2.75008959e-03 -1.79439042e-03 3.23133629e-03 1.60841224e-03 3.35804478e-03 -3.25004926e-03 5.29430350e-04 3.35295366e-03 8.43274497e-01 4.04901285e+00 4.72822188e-03 2.61108325e-01
4.25155587e-04 -1.35183801e-03 -1.45905328e-03 2.44229534e-03 7.25961535e-04 3.05029917e-03 -2.79466141e-03 1.83048722e-03 3.09380226e-03 8.41161860e-01 3.82978649e+00 -4.57714571e-03 2.55797208e-01
9.69881420e-04 -2.44395951e-03 -1.77519048e-03 3.05968874e-03 8.11902279e-04 4.22443880e-03 -3.43080220e-03 1.69419661e-03 3.80566369e-03 8.54333790e-01 4.18558074e+00 1.85105627e-02 2.68075363e-01
1.06313986e-03 -2.06108893e-03 -1.49248186e-03 2.44033543e-03 1.14463975e-03 2.21116258e-03 -2.67312273e-03 8.01144259e-04 2.73646196e-03 8.31481519e-01 3.70703820e+00 -1.67245052e-02 2.48346171e-01
7.33091684e-04 -1.37859899e-03 -1.48527333e-03 2.60931377e-03 1.37524651e-03 3.13446798e-03 -2.87647926e-03 1.82429525e-03 3.11903567e-03 8.46843609e-01 3.98345596e+00 -1.72367352e-02 2.51127772e-01
1.65467584e-03 -2.75477574e-03 -1.53980992e-03 3.02690944e-03 9.07313588e-04 3.10481272e-03 -3.16434300e-03 2.59270551e-04 3.25790548e-03 8.36809967e-01 3.89102570e+00 1.92218021e-02 2.65316777e-01
8.09360135e-04 -6.08335887e-04 -9.04226128e-04 2.20620095e-03 1.43339864e-03 3.14930304e-03 -2.39192285e-03 1.84617001e-03 2.68704021e-03 8.24967256e-01 3.76881729e+00 -2.36358540e-02 2.54361634e-01
1.89410330e-03 -3.16395253e-03 -2.09571995e-03 3.69823827e-03 1.42146305e-03 3.41211695e-03 -3.68929570e-03 -6.16561287e-05 3.72340081e-03 8.62758639e-01 4.13955262e+00 2.73206968e-02 2.62434098e-01
1.54759949e-03 -1.66814628e-04 -3.98160660e-04 2.24728222e-03 2.15591881e-03 3.18344881e-03 -2.42584224e-03 1.87298408e-03 2.67291247e-03 8.50281636e-01 4.01292989e+00 -1.81176037e-02 2.45494307e-01
1.78228860e-03 -2.81149637e-03 -1.92996118e-03 3.55799145e-03 1.24893493e-03 3.54063266e-03 -3.35038492e-03 -3.91115910e-04 3.37218049e-03 8.32709045e-01 3.85754820e+00 2.03396645e-02 2.69949975e-01
1.88983135e-03 -2.64355303e-03 -1.64423356e-03 3.41439118e-03 1.05757556e-03 4.01447108e-03 -3.13372163e-03 -5.28773230e-04 3.16694748e-03 8.26874834e-01 3.70392745e+00 2.63267762e-02 2.79303302e-01
1.74719402e-03 3.80754723e-05 -2.56175030e-04 2.35132879e-03 2.30308341e-03 2.75720278e-03 -2.56507434e-03 1.89447599e-03 2.65844998e-03 8.54628741e-01 4.20060323e+00 -2.27183478e-02 2.31905345e-01
8.54797512e-04 -1.54398694e-03 -1.79592278e-03 2.96294168e-03 1.60709712e-03 2.93446681e-03 -3.38665418e-03 2.01041509e-03 3.53271107e-03 8.85767342e-01 4.40675308e+00 1.02747602e-03 2.41278415e-01
1.57076803e-03 -2.42912580e-03 -1.17626804e-03 2.52511670e-03 5.55674915e-04 3.00052147e-03 -2.67291908e-03 7.55063415e-05 2.77761152e-03 7.96252117e-01 3.48326315e+00 -9.74520816e-04 2.73272929e-01
1.36624575e-03 -2.55759427e-03 -1.70399207e-03 2.89388965e-03 1.24734153e-03 2.80515583e-03 -3.04808159e-03 5.86273162e-04 3.14187378e-03 8.27723895e-01 3.84094955e+00 -1.33447865e-02 2.55949330e-01
6.05952555e-04 -1.67022496e-03 -1.58019745e-03 2.69349295e-03 9.21192589e-04 3.52028041e-03 -3.00680487e-03 1.86031047e-03 3.33667309e-03 8.58032820e-01 4.03924085e+00 1.44471349e-02 2.61104504e-01
7.47469915e-04 -5.85539730e-04 -9.17984444e-04 2.11681144e-03 1.37363839e-03 2.79429816e-03 -2.31533388e-03 1.73896223e-03 2.55879063e-03 8.21925471e-01 3.74578268e+00 -2.49773021e-02 2.50576280e-01
2.04080558e-03 -3.33345913e-03 -2.10575856e-03 3.86722696e-03 1.35023932e-03 3.77791917e-03 -3.84372336e-03 -1.27644567e-04 3.89758862e-03 8.66575987e-01 4.16008125e+00 2.91091606e-02 2.65759111e-01
1.16672173e-03 -5.11984095e-04 -8.45888288e-04 2.31785420e-03 1.81008602e-03 2.47618181e-03 -2.59985058e-03 1.77392201e-03 2.68530940e-03 8.67412335e-01 4.10117635e+00 -1.16635580e-02 2.35894340e-01
2.08180476e-03 -2.96122355e-03 -1.56751726e-03 3.31048610e-03 7.08828070e-04 3.76645298e-03 -3.31739566e-03 -5.09586753e-04 3.35834842e-03 8.13428851e-01 3.74321919e+00 1.26442749e-02 2.77006929e-01
8.16482461e-04 -1.90938927e-03 -1.41553769e-03 2.47299881e-03 7.84116304e-04 2.72371264e-03 -2.74130527e-03 1.22153091e-03 2.92655981e-03 8.02867662e-01 3.85297478e+00 -6.89865346e-03 2.58188200e-01
1.25268820e-03 -2.57092104e-03 -1.80805654e-03 3.13719381e-03 1.38430983e-03 3.58901659e-03 -3.29765910e-03 1.18244419e-03 3.51252827e-03 8.81610144e-01 4.01019261e+00 7.16864729e-03 2.59014462e-01
1.02851679e-03 -1.99258870e-03 -1.55348858e-03 2.60675644e-03 1.32533473e-03 2.59842851e-03 -2.84436289e-03 1.16272716e-03 2.95383273e-03 8.27273972e-01 3.86618640e+00 -2.54816090e-02 2.48539764e-01
1.21932767e-03 -2.54469359e-03 -1.55226215e-03 2.95549335e-03 7.30212199e-04 3.75406157e-03 -3.24356502e-03 1.19172835e-03 3.51367394e-03 8.60369490e-01 4.03906163e+00 2.98412447e-02 2.67878611e-01
1.62473127e-03 -2.98088834e-03 -1.74928012e-03 3.37990245e-03 1.10994581e-03 3.90122331e-03 -3.56956271e-03 8.74153056e-04 3.77586907e-03 8.64656201e-01 4.18322603e+00 2.47825316e-02 2.65660211e-01
6.91056533e-04 -1.55196685e-03 -1.38950500e-03 2.32191100e-03 1.03729906e-03 2.50553358e-03 -2.57291840e-03 1.35616688e-03 2.73414538e-03 8.22980676e-01 3.72743779e+00 -2.17247867e-02 2.50670821e-01
7.05131856e-04 -1.10070721e-03 -1.52163156e-03 2.88481656e-03 1.44217938e-03 3.31936706e-03 -3.22038149e-03 2.24963713e-03 3.48190008e-03 8.69770407e-01 4.19090197e+00 -1.20864072e-02 2.44379218e-01
1.52236961e-03 -2.43495968e-03 -1.43372954e-03 2.77277904e-03 1.00131712e-03 3.03534778e-03 -2.75359329e-03 3.97876527e-05 2.83513882e-03 8.10485883e-01 3.67494825e+00 1.31486202e-02 2.70786892e-01
8.79401666e-04 -1.75963278e-03 -1.62597643e-03 2.84338322e-03 1.28089588e-03 2.66200184e-03 -3.18295583e-03 1.66691998e-03 3.28675825e-03 8.61944430e-01 4.04589495e+00 -1.95384465e-02 2.39118705e-01
1.47626567e-03 -2.51496232e-03 -1.33204249e-03 2.68684790e-03 8.25039765e-04 3.56947716e-03 -2.82805151e-03 5.33953279e-04 3.02540857e-03 8.18231300e-01 3.82271032e+00 2.22221933e-02 2.75063189e-01
5.65174905e-04 -1.09097904e-03 -1.27494441e-03 2.36341236e-03 1.05715046e-03 3.36965999e-03 -2.62963376e-03 1.88549140e-03 2.96998291e-03 8.12521783e-01 3.87355973e+00 -1.43833541e-02 2.61021913e-01
1.72438316e-03 -2.90152462e-03 -1.89145909e-03 3.33643286e-03 1.45176050e-03 3.03567613e-03 -3.42249570e-03 2.73306925e-04 3.46277578e-03 8.74250606e-01 4.00141607e+00 1.56205188e-02 2.56131641e-01
1.59259289e-03 -5.84834261e-06 -1.80979850e-04 2.08571918e-03 2.14673553e-03 2.95444284e-03 -2.19923126e-03 1.73000407e-03 2.39966673e-03 8.39652179e-01 3.85630639e+00 -2.72586248e-02 2.42945363e-01
1.94583853e-03 -3.01483309e-03 -2.09316015e-03 3.93937305e-03 1.41041780e-03 4.03675395e-03 -3.63783748e-03 -4.42911372e-04 3.66539009e-03 8.45456327e-01 4.04279857e+00 3.24295544e-02 2.71874907e-01
7.84652498e-04 -6.19342345e-04 -1.07492092e-03 2.47443848e-03 1.37803390e-03 2.88025099e-03 -2.78556759e-03 2.05410274e-03 3.01254842e-03 8.57283747e-01 4.06432850e+00 -8.03345207e-03 2.42874923e-01
1.72936505e-03 -2.79114464e-03 -1.75755036e-03 3.26567739e-03 1.30237833e-03 3.67445299e-03 -3.14543543e-03 -5.47014993e-05 3.24010573e-03 8.25759058e-01 3.81931543e+00 8.49428192e-03 2.71889090e-01
8.30219134e-04 -1.79264252e-03 -1.51792736e-03 2.57695973e-03 1.29167922e-03 2.96865665e-03 -2.74622366e-03 1.39062319e-03 2.94241924e-03 8.28030666e-01 4.00462952e+00 5.29672613e-04 2.58484075e-01
1.43059452e-03 -2.68845195e-03 -1.58149860e-03 3.02415170e-03 8.81320156e-04 3.22751241e-03 -3.28950999e-03 8.50733092e-04 3.45253036e-03 8.56055471e-01 3.86241634e+00 -4.98290626e-04 2.58600694e-01
6.47097605e-04 -1.48654377e-03 -1.54552544e-03 2.54135104e-03 1.07624419e-03 2.48717151e-03 -2.91185496e-03 1.66943324e-03 3.05855805e-03 8.43590695e-01 4.10352394e+00 -2.37759338e-03 2.45365817e-01
1.68354133e-03 -2.75876475e-03 -1.50543415e-03 3.05639956e-03 1.09256464e-03 3.76484943e-03 -3.12476474e-03 4.56084918e-04 3.29629723e-03 8.40791520e-01 3.78615955e+00 2.43731699e-03 2.70371652e-01
6.45675943e-04 -1.69288879e-03 -1.56100582e-03 2.51939924e-03 1.05334701e-03 2.93181152e-03 -2.78386619e-03 1.54557933e-03 3.01737150e-03 8.39851733e-01 3.77522011e+00 -2.04459368e-02 2.53374820e-01
1.50937511e-03 -2.80624537e-03 -1.69383426e-03 3.12402155e-03 1.05505013e-03 3.30571407e-03 -3.32337121e-03 6.98004813e-04 3.47465004e-03 8.44992930e-01 4.12435486e+00 2.32332655e-02 2.63416252e-01
1.62925020e-03 -2.83373550e-03 -1.91680974e-03 3.24047905e-03 1.36544165e-03 2.84017985e-03 -3.33259607e-03 1.76646991e-04 3.35860099e-03 8.55578929e-01 3.93598288e+00 7.35043583e-03 2.55719590e-01
5.61927246e-04 -1.04289129e-03 -1.32228631e-03 2.41325441e-03 1.12039980e-03 3.54079652e-03 -2.70531397e-03 1.99846447e-03 3.08476413e-03 8.29343169e-01 3.93223511e+00 -7.04369289e-03 2.61492613e-01
1.47614363e-03 -2.71374152e-03 -1.87877301e-03 3.14977204e-03 1.58962163e-03 3.24000805e-03 -3.19782936e-03 5.83461631e-04 3.31024471e-03 8.48364684e-01 3.95604365e+00 -3.84759010e-03 2.58938917e-01
3.19591237e-04 -1.42425901e-03 -1.55186941e-03 2.50389024e-03 5.75276165e-04 3.14782498e-03 -2.87902000e-03 1.89469351e-03 3.20253791e-03 8.35792453e-01 3.91147230e+00 3.96882211e-03 2.58424796e-01
9.87029699e-04 -2.01799981e-03 -1.23248106e-03 2.29909382e-03 6.61814986e-04 3.07049481e-03 -2.51164278e-03 9.19223833e-04 2.73860302e-03 7.96209073e-01 3.57597687e+00 -8.18058152e-03 2.69788152e-01
1.19150385e-03 -2.42027005e-03 -1.93375532e-03 3.25660102e-03 1.51153363e-03 3.05992633e-03 -3.57293676e-03 1.48676632e-03 3.68724643e-03 8.88337203e-01 4.31601559e+00 8.55300285e-03 2.45936310e-01
7.34439311e-04 -1.54666571e-03 -1.52118501e-03 2.50730673e-03 1.24848585e-03 2.65121739e-03 -2.80535654e-03 1.56947221e-03 2.96891182e-03 8.50464237e-01 3.90277863e+00 -1.68776485e-02 2.46587840e-01
1.67681955e-03 -2.88462288e-03 -1.53055513e-03 3.05185647e-03 8.01166204e-04 3.52536893e-03 -3.26314999e-03 4.61318314e-04 3.42740143e-03 8.32577229e-01 3.96602277e+00 1.87985192e-02 2.69264436e-01
8.89211257e-04 -1.95811065e-03 -1.60281947e-03 2.61729379e-03 1.28939393e-03 2.87249453e-03 -2.82026016e-03 1.29301052e-03 2.99782805e-03 8.22078298e-01 3.99991634e+00 -7.85651673e-03 2.56535334e-01
1.20491203e-03 -2.59148399e-03 -1.63415775e-03 2.94950283e-03 7.54839547e-04 3.28132511e-03 -3.24568638e-03 1.03488523e-03 3.45384081e-03 8.63055949e-01 3.87665102e+00 8.22501061e-03 2.60383355e-01
9.79951090e-04 -2.02614624e-03 -1.27568757e-03 2.40015152e-03 7.22576548e-04 3.30713962e-03 -2.61410569e-03 1.07307347e-03 2.86875837e-03 8.10846614e-01 3.65291925e+00 -2.66892014e-03 2.70063224e-01
1.23330136e-03 -2.46728587e-03 -1.87804234e-03 3.08884452e-03 1.40051298e-03 2.79343314e-03 -3.44347821e-03 1.27076544e-03 3.53269487e-03 8.72897477e-01 4.23201208e+00 2.73210990e-03 2.45689171e-01
1.38050417e-03 -2.66690615e-03 -1.53078600e-03 3.04144281e-03 7.57465624e-04 3.71660459e-03 -3.32576349e-03 1.07132074e-03 3.56672410e-03 8.36374102e-01 4.20441182e+00 3.29775034e-02 2.68226550e-01
9.76116473e-04 -1.96684718e-03 -1.53308875e-03 2.55364437e-03 1.28427226e-03 2.66597612e-03 -2.76283605e-03 1.14767943e-03 2.89749177e-03 8.46790101e-01 3.69139397e+00 -2.75951056e-02 2.48853195e-01
3.44123276e-04 -1.00887466e-03 -1.37042796e-03 2.46889896e-03 7.57326589e-04 3.22985075e-03 -2.80993206e-03 2.07437221e-03 3.14940019e-03 8.32219055e-01 3.93261459e+00 -1.73341808e-03 2.56311089e-01
1.54903770e-03 -2.78385228e-03 -1.95722826e-03 3.25902735e-03 1.65737465e-03 3.33092452e-03 -3.22631597e-03 3.61750964e-04 3.32089803e-03 8.52192212e-01 3.93712829e+00 1.77368572e-03 2.61048910e-01
1.86357624e-03 -2.71611658e-03 -1.39982921e-03 2.94813608e-03 6.81097603e-04 3.53155375e-03 -2.98513697e-03 -3.02418087e-04 3.05715104e-03 8.31156990e-01 3.57473380e+00 1.83511542e-02 2.77569048e-01
1.19428691e-03 -7.68686138e-04 -1.06412797e-03 2.60193715e-03 1.81099917e-03 2.61765764e-03 -2.95982609e-03 1.92769584e-03 3.02814003e-03 8.51714114e-01 4.33024999e+00 -1.65092387e-02 2.35319351e-01
1.74089952e-03 -2.85031664e-03 -1.92115633e-03 3.43252352e-03 1.43965851e-03 3.47223372e-03 -3.30433994e-03 -9.78164236e-05 3.35891072e-03 8.36493581e-01 3.94031086e+00 1.60165132e-02 2.67230107e-01
8.64135010e-04 -4.72340217e-04 -9.20102740e-04 2.37616067e-03 1.50813926e-03 3.19470487e-03 -2.61693690e-03 2.04450673e-03 2.91183786e-03 8.47231847e-01 3.94101705e+00 -1.46032388e-02 2.48866515e-01
6.72280122e-04 -2.16527016e-03 -1.80528050e-03 2.99908179e-03 4.87874337e-04 4.37531308e-03 -3.51953660e-03 2.08075344e-03 3.97116788e-03 8.60334919e-01 4.31273578e+00 3.61313077e-02 2.69026984e-01
1.28054632e-03 -2.13526087e-03 -1.49073397e-03 2.54513573e-03 1.44587027e-03 2.34300857e-03 -2.65778126e-03 5.74127403e-04 2.68946133e-03 8.27941922e-01 3.61546765e+00 -2.99179053e-02 2.48344299e-01
1.36166914e-03 -2.47388873e-03 -1.77597213e-03 2.92734724e-03 1.63223081e-03 2.96083715e-03 -2.96961208e-03 6.15939006e-04 3.06105262e-03 8.55704859e-01 3.80228833e+00 -1.07637763e-02 2.55343174e-01
3.80970756e-04 -1.69213856e-03 -1.63540623e-03 2.63032444e-03 3.84364548e-04 3.45943628e-03 -3.09385227e-03 1.94953084e-03 3.46407540e-03 8.27176945e-01 4.04765088e+00 1.15581330e-02 2.62644058e-01
7.19807929e-04 -1.86883658e-03 -1.54462433e-03 2.53777490e-03 8.91167062e-04 2.72576138e-03 -2.82276696e-03 1.37358259e-03 3.01584633e-03 8.15755858e-01 3.95165419e+00 -4.13836094e-03 2.55755110e-01
1.40013084e-03 -2.58598923e-03 -1.63564408e-03 3.07214687e-03 1.28136054e-03 3.56951133e-03 -3.20929114e-03 9.86753002e-04 3.40462857e-03 8.68574638e-01 3.91901555e+00 4.24987122e-03 2.61339665e-01
1.07359215e-03 -1.13330912e-04 -5.57437721e-04 2.20889847e-03 1.61585092e-03 2.87760775e-03 -2.42164561e-03 1.94008237e-03 2.66126685e-03 8.44683410e-01 3.90066877e+00 -1.62643063e-02 2.42700593e-01
1.75030994e-03 -2.92933443e-03 -2.11023474e-03 3.74531940e-03 1.65918080e-03 4.12918503e-03 -3.42718208e-03 -1.38315783e-04 3.51471191e-03 8.39370126e-01 3.99224912e+00 1.80129268e-02 2.72086692e-01
1.16258097e-03 -2.32687483e-03 -1.83447655e-03 2.98174105e-03 1.64557829e-03 3.11796181e-03 -3.17598140e-03 1.26355546e-03 3.32557411e-03 8.89621173e-01 4.03662721e+00 9.90359412e-04 2.50919302e-01
9.66402708e-04 -2.15673672e-03 -1.32014932e-03 2.49749563e-03 4.20388349e-04 3.05040763e-03 -2.81171089e-03 1.06208828e-03 3.03775748e-03 7.91891213e-01 3.78133127e+00 -9.32393367e-04 2.66216222e-01
1.63236960e-03 -2.82418197e-03 -1.37852080e-03 2.87274578e-03 4.51530487e-04 3.48412263e-03 -3.19061877e-03 4.97520326e-04 3.37398015e-03 8.44613623e-01 3.83068082e+00 2.48449443e-02 2.70994375e-01
8.64724077e-04 -1.68668380e-03 -1.63119226e-03 2.61218955e-03 1.49105882e-03 2.58730290e-03 -2.90359469e-03 1.49546455e-03 3.01381385e-03 8.40199423e-01 4.04795579e+00 -2.16837039e-02 2.44793004e-01
1.71802993e-03 -2.80466750e-03 -1.94886349e-03 3.48520609e-03 1.37242869e-03 3.41330671e-03 -3.31625539e-03 -2.20442798e-04 3.35025599e-03 8.50605275e-01 3.89457189e+00 2.57873424e-02 2.67202061e-01
1.30226683e-03 -2.36226946e-04 -5.51021062e-04 2.36045651e-03 1.96887995e-03 3.39624832e-03 -2.51021843e-03 2.01815704e-03 2.79602362e-03 8.35202699e-01 3.99718334e+00 -2.24275149e-02 2.48937053e-01
4.12773221e-04 -1.26449656e-03 -1.57034353e-03 2.67421572e-03 9.07783539e-04 3.20962095e-03 -3.02969360e-03 2.08288492e-03 3.33447105e-03 8.63884256e-01 3.99663979e+00 -2.38497480e-04 2.51439405e-01
1.49421626e-03 -2.59010515e-03 -1.68431315e-03 3.00445667e-03 1.38439269e-03 3.20316576e-03 -2.99558112e-03 3.66892361e-04 3.10199108e-03 8.19804913e-01 3.88000089e+00 2.74152491e-04 2.64912632e-01
6.58019990e-04 -1.78933987e-03 -1.34899516e-03 2.27055727e-03 5.49593140e-04 3.28634450e-03 -2.57041409e-03 1.34628577e-03 2.87928150e-03 7.96630620e-01 3.71016220e+00 -1.17090764e-03 2.70642374e-01
1.42823086e-03 -2.78416077e-03 -2.01634007e-03 3.22544251e-03 1.49125409e-03 2.80166004e-03 -3.53593574e-03 9.25160931e-04 3.59747498e-03 8.85501865e-01 4.13656726e+00 1.22306751e-03 2.45634288e-01
1.11353178e-03 -2.38171182e-03 -1.78722512e-03 2.97423696e-03 1.18687585e-03 2.82796892e-03 -3.30898392e-03 1.26867332e-03 3.43824292e-03 8.80333904e-01 4.15623055e+00 1.59596048e-02 2.49644561e-01
9.52306162e-04 -2.12980474e-03 -1.46046534e-03 2.55960282e-03 8.86826996e-04 3.32146724e-03 -2.76016915e-03 1.14327556e-03 3.01454699e-03 8.06672230e-01 3.74047211e+00 -1.46841818e-02 2.66498774e-01
7.72362961e-04 -1.30595837e-03 -1.30858537e-03 2.28732624e-03 1.32642236e-03 2.30069704e-03 -2.52633208e-03 1.41033959e-03 2.62137832e-03 8.34455103e-01 3.72745523e+00 -3.45238393e-02 2.41401951e-01
2.12310864e-03 -3.32065786e-03 -1.52929179e-03 3.40782353e-03 6.51490029e-04 4.16389362e-03 -3.68886789e-03 3.17124075e-04 3.86400865e-03 8.52632466e-01 4.19626340e+00 4.31794278e-02 2.73611224e-01
6.19115049e-04 -1.68062951e-03 -1.49776351e-03 2.36126966e-03 8.79583494e-04 2.39882870e-03 -2.65220140e-03 1.32029232e-03 2.80917990e-03 8.33639841e-01 3.71984739e+00 -1.56401054e-02 2.49337073e-01
1.54336956e-03 -2.85112525e-03 -1.71474843e-03 3.27407449e-03 1.21198358e-03 3.98217345e-03 -3.44793442e-03 9.98189771e-04 3.68083711e-03 8.51829566e-01 4.17393249e+00 1.72017753e-02 2.66803089e-01
1.37547356e-03 -2.40033784e-03 -1.52229572e-03 2.75782386e-03 1.18333818e-03 2.84876273e-03 -2.81730948e-03 4.23965112e-04 2.91255530e-03 8.27103886e-01 3.71946451e+00 -1.99484090e-03 2.61791827e-01
4.90792195e-04 -1.58080304e-03 -1.76361078e-03 2.86608037e-03 1.00605320e-03 3.49509280e-03 -3.23481854e-03 2.10642571e-03 3.56641049e-03 8.57225521e-01 4.16204405e+00 2.04043775e-03 2.54939139e-01
8.06671827e-04 -1.99479903e-03 -1.36445466e-03 2.34632208e-03 4.81238008e-04 3.57047214e-03 -2.70393262e-03 1.31910278e-03 3.03611723e-03 7.93701874e-01 3.81245437e+00 5.63334250e-03 2.73746512e-01
1.34312489e-03 -2.59449349e-03 -1.92241353e-03 3.02928689e-03 1.44611050e-03 2.51921220e-03 -3.34948752e-03 8.86988037e-04 3.38116400e-03 8.85823910e-01 4.00691863e+00 -5.33569546e-03 2.42049472e-01
5.51055931e-04 -1.50020583e-03 -1.45182780e-03 2.40529213e-03 9.09299198e-04 3.33222733e-03 -2.68657914e-03 1.69967111e-03 3.01416209e-03 8.10236681e-01 3.87123540e+00 -9.33238198e-03 2.63968404e-01
1.52840525e-03 -2.84635246e-03 -1.89097955e-03 3.19972497e-03 1.26379634e-03 2.87345513e-03 -3.41220743e-03 5.45000317e-04 3.47874112e-03 8.75193611e-01 3.99523379e+00 9.83267068e-03 2.52925418e-01
1.00251229e-03 -2.01688694e-03 -1.90242581e-03 3.17496349e-03 1.70105143e-03 3.52089479e-03 -3.48826680e-03 1.91807612e-03 3.71095664e-03 8.73557816e-01 4.51077910e+00 1.30818789e-02 2.52642537e-01
1.31476559e-03 -2.23825645e-03 -1.18506598e-03 2.41676981e-03 6.36096664e-04 2.64812173e-03 -2.59933578e-03 4.18625557e-04 2.71322348e-03 8.12628299e-01 3.42603538e+00 -1.22058378e-02 2.63999016e-01
1.02503068e-03 -2.06411473e-03 -1.45231078e-03 2.62203346e-03 1.14726957e-03 3.08532033e-03 -2.75903757e-03 1.11050104e-03 2.95270843e-03 8.31060449e-01 3.70364603e+00 -1.79323474e-02 2.59253646e-01
9.83156404e-04 -2.39770725e-03 -1.79592366e-03 3.01590956e-03 9.73708379e-04 3.20656224e-03 -3.32170667e-03 1.37126053e-03 3.52960198e-03 8.54941041e-01 4.20656770e+00 1.99984204e-02 2.57773388e-01
1.39642561e-03 -2.73794628e-03 -1.49450164e-03 2.89431775e-03 4.75858501e-04 4.56497718e-03 -3.35748496e-03 1.27831946e-03 3.72936210e-03 8.45869151e-01 4.14104323e+00 3.74098845e-02 2.77161148e-01
1.08760212e-03 -2.01873245e-03 -1.57141511e-03 2.44568491e-03 1.27317176e-03 1.94082147e-03 -2.78476747e-03 8.98014312e-04 2.78391913e-03 8.39414602e-01 3.76912798e+00 -3.06990371e-02 2.37386589e-01
9.69161368e-04 -2.12796851e-03 -1.45463337e-03 2.52196472e-03 8.52887654e-04 2.81579553e-03 -2.73200589e-03 9.66136843e-04 2.91061167e-03 7.95093928e-01 3.87493871e+00 -6.66347717e-04 2.63054509e-01
1.13556693e-03 -2.39867348e-03 -1.75350320e-03 3.05566108e-03 1.27059216e-03 3.40848656e-03 -3.29600677e-03 1.36963230e-03 3.50715059e-03 8.86702151e-01 3.96834478e+00 7.20194758e-04 2.54239078e-01
7.24833779e-04 -1.43403125e-03 -1.58062691e-03 2.87142705e-03 1.34014500e-03 3.25302069e-03 -3.17241097e-03 2.03675147e-03 3.41081151e-03 8.60744460e-01 4.11246089e+00 -1.36169683e-02 2.47000912e-01
1.47960946e-03 -2.47718436e-03 -1.42963247e-03 2.76424159e-03 9.79005319e-04 3.06244454e-03 -2.82293244e-03 2.83261995e-04 2.93459700e-03 8.20876184e-01 3.75486068e+00 1.49063184e-02 2.68804863e-01
7.71160277e-04 -2.10960912e-03 -1.74345409e-03 2.84499518e-03 9.89727835e-04 3.45619288e-03 -3.13266388e-03 1.59843261e-03 3.41967074e-03 8.47911832e-01 3.95105719e+00 -7.44954257e-03 2.58861516e-01
1.18915348e-03 -2.27516530e-03 -1.52359683e-03 2.73967665e-03 1.12878672e-03 2.80718949e-03 -2.90542014e-03 8.71931375e-04 3.03011551e-03 8.36082271e-01 3.92382242e+00 7.82791721e-03 2.58107913e-01
8.47546291e-04 -1.29510112e-03 -1.50270725e-03 2.82637220e-03 1.64309969e-03 3.36272339e-03 -3.07876074e-03 2.03917111e-03 3.32417891e-03 8.94348848e-01 4.14238047e+00 1.92834908e-03 2.48201069e-01
1.52370711e-03 -2.57491288e-03 -1.44137939e-03 2.73869779e-03 6.88034788e-04 2.80347432e-03 -2.88294408e-03 5.96584346e-05 2.96248440e-03 7.86911463e-01 3.69032714e+00 -1.86001743e-03 2.67792521e-01
7.05391879e-04 -9.07802114e-04 -1.19412758e-03 2.44788942e-03 1.33037176e-03 3.18498131e-03 -2.69267624e-03 1.94851244e-03 2.97387078e-03 8.17892363e-01 3.98292896e+00 -2.04645306e-02 2.53310881e-01
1.76941201e-03 -2.89513989e-03 -1.78431509e-03 3.30357615e-03 1.26838657e-03 3.27126589e-03 -3.32798464e-03 8.91311543e-05 3.39226012e-03 8.70085995e-01 3.90264031e+00 2.31236150e-02 2.63382056e-01
6.67734677e-04 -1.37319546e-03 -1.37619829e-03 2.37198281e-03 1.12555020e-03 2.37349802e-03 -2.63899773e-03 1.49680393e-03 2.76313111e-03 8.39616291e-01 3.84910430e+00 -1.43071653e-02 2.44889500e-01
1.79491283e-03 -3.02151186e-03 -1.61022582e-03 3.25336998e-03 1.01642962e-03 4.00281161e-03 -3.42214017e-03 5.69461189e-04 3.62108220e-03 8.45104887e-01 4.02892223e+00 1.56292810e-02 2.70570022e-01
1.87366603e-03 -3.10491599e-03 -1.87564146e-03 3.48490691e-03 1.34911616e-03 3.69503349e-03 -3.51218183e-03 1.77355514e-04 3.61840355e-03 8.60629876e-01 4.14130007e+00 3.26230485e-02 2.67559504e-01
4.87736690e-04 -1.03499100e-03 -1.34012635e-03 2.34548828e-03 1.03614531e-03 2.77882475e-03 -2.64821194e-03 1.82395717e-03 2.89622298e-03 8.27344179e-01 3.78984467e+00 -2.74780368e-02 2.48396341e-01
1.81230866e-03 -2.64601597e-03 -1.15317040e-03 2.65308135e-03 3.91184462e-04 3.18516115e-03 -2.87380195e-03 -7.15830987e-05 2.96652301e-03 8.02660384e-01 3.60271730e+00 1.41275303e-02 2.75411561e-01
9.23029860e-04 -1.43393124e-03 -1.64074318e-03 2.76107821e-03 1.66876641e-03 2.69174548e-03 -3.15135644e-03 1.82866014e-03 3.25443797e-03 8.76008579e-01 4.24349171e+00 -1.28919430e-02 2.38624965e-01
1.36829274e-03 -2.68337021e-03 -1.78414719e-03 3.27304414e-03 1.29640328e-03 3.69174103e-03 -3.48320048e-03 1.23378401e-03 3.69409546e-03 8.71167636e-01 4.17534685e+00 1.35348212e-02 2.59593284e-01
8.02985615e-04 -1.79708079e-03 -1.37141192e-03 2.37844987e-03 9.19377320e-04 2.67177469e-03 -2.59647177e-03 1.18612416e-03 2.77550108e-03 8.15054745e-01 3.71719397e+00 -1.25924304e-02 2.57179996e-01
1.62808062e-03 -2.76908194e-03 -1.83800361e-03 3.22097015e-03 1.24370102e-03 3.26810430e-03 -3.15753985e-03 -7.57648105e-05 3.22283016e-03 8.07043463e-01 3.85005445e+00 8.64493147e-04 2.67662886e-01
8.18893376e-04 -6.37927844e-04 -1.06804809e-03 2.47073698e-03 1.47559344e-03 3.20058918e-03 -2.74320054e-03 2.07879033e-03 3.03562234e-03 8.75531470e-01 3.99925832e+00 -8.08453566e-04 2.48190671e-01
9.41688069e-04 -2.15851570e-03 -1.45757895e-03 2.68997477e-03 6.68823959e-04 3.23106825e-03 -2.98500732e-03 1.29543648e-03 3.22781926e-03 8.15732808e-01 3.98292397e+00 9.54251484e-03 2.63801406e-01
1.13948801e-03 -2.27383760e-03 -1.69065110e-03 2.86274413e-03 1.43994767e-03 3.06177742e-03 -3.01047950e-03 1.10754830e-03 3.16498272e-03 8.65981028e-01 3.86285416e+00 -8.95015071e-03 2.53577767e-01
1.03767836e-03 -2.36759734e-03 -1.54818679e-03 2.73266823e-03 6.66260707e-04 3.07077177e-03 -3.03154697e-03 1.06386830e-03 3.24078132e-03 8.22687910e-01 3.81466701e+00 -7.01168694e-03 2.60847343e-01
1.02113678e-03 -2.06596970e-03 -1.63843510e-03 2.82250454e-03 1.44763181e-03 3.12831200e-03 -2.98680439e-03 1.35277123e-03 3.16720722e-03 8.62295230e-01 4.05629452e+00 7.30759742e-03 2.55952927e-01
4.70940026e-04 -1.51259151e-03 -1.38197393e-03 2.24058342e-03 6.24796762e-04 2.56989706e-03 -2.54563331e-03 1.43690251e-03 2.77004069e-03 8.20586136e-01 3.58668399e+00 -1.94204249e-02 2.54161078e-01
1.60737087e-03 -3.02230237e-03 -2.01184143e-03 3.51885168e-03 1.63272089e-03 3.84808816e-03 -3.62652198e-03 9.09467283e-04 3.80769942e-03 8.66851203e-01 4.34439235e+00 2.18103605e-02 2.62464815e-01
1.30784472e-03 -2.53691592e-03 -1.76017185e-03 3.02187007e-03 1.33077334e-03 2.99807935e-03 -3.25748896e-03 1.01330823e-03 3.38313029e-03 8.62091635e-01 3.94772205e+00 -1.04043294e-02 2.50956486e-01
8.47289956e-04 -1.97257719e-03 -1.42171223e-03 2.53278316e-03 8.04763001e-04 3.24243724e-03 -2.77523910e-03 1.31160603e-03 3.03458112e-03 8.19920504e-01 3.90560459e+00 1.11721434e-02 2.66072566e-01
1.64114783e-03 -2.76248050e-03 -1.64785680e-03 3.16452720e-03 1.35523362e-03 3.75125046e-03 -3.16523711e-03 4.96307017e-04 3.32694712e-03 8.38965518e-01 3.91256191e+00 4.84777251e-03 2.68561385e-01
5.37847838e-04 -1.34441758e-03 -1.46490124e-03 2.50251628e-03 9.09162722e-04 2.65549838e-03 -2.86227985e-03 1.77100042e-03 3.06010014e-03 8.45304788e-01 3.97086316e+00 -4.68549373e-03 2.47225051e-01
1.36797691e-03 -2.40837573e-03 -1.51688545e-03 2.83389009e-03 1.14483991e-03 2.72956301e-03 -3.00344200e-03 7.01839687e-04 3.08798333e-03 8.32338135e-01 3.93065828e+00 3.74265754e-03 2.56141920e-01
7.20237957e-04 -1.84825618e-03 -1.63174194e-03 2.75995070e-03 1.10781542e-03 3.59289428e-03 -3.00124091e-03 1.73015299e-03 3.31533079e-03 8.51649527e-01 3.94607971e+00 -3.62691080e-03 2.60761696e-01
1.08839543e-03 -2.14822700e-03 -1.65185690e-03 2.78467085e-03 1.25028826e-03 2.45341774e-03 -3.07615582e-03 1.14561224e-03 3.13984812e-03 8.79903443e-01 3.91453657e+00 -4.01073250e-03 2.42354197e-01
1.09840265e-03 -2.29031546e-03 -1.42873060e-03 2.64905005e-03 7.76027819e-04 3.77103689e-03 -2.89099212e-03 1.15829082e-03 3.18645214e-03 8.01104188e-01 3.92038553e+00 4.20023325e-03 2.72871360e-01
1.39760517e-03 -2.54840559e-03 -1.80652454e-03 2.99892820e-03 1.63064026e-03 2.96896737e-03 -3.12388417e-03 7.77939516e-04 3.21893013e-03 8.43054432e-01 3.91457230e+00 -2.03887012e-02 2.52335221e-01
5.85244611e-04 -1.84001746e-03 -1.50159697e-03 2.55356959e-03 4.49392988e-04 3.39647362e-03 -2.94657585e-03 1.66416397e-03 3.27474875e-03 8.41210066e-01 3.94900925e+00 2.31793409e-02 2.65316929e-01
9.30432176e-04 -7.07220150e-04 -1.11770929e-03 2.72200902e-03 1.61822560e-03 3.57437333e-03 -2.99251364e-03 2.26977925e-03 3.30571848e-03 8.60019626e-01 4.23658838e+00 -1.53687736e-04 2.50461974e-01
1.53387684e-03 -2.54751057e-03 -1.65603954e-03 2.95236347e-03 1.19289099e-03 2.99971799e-03 -2.90595408e-03 -2.45449886e-05 2.96546359e-03 8.23921796e-01 3.64885421e+00 1.84980447e-04 2.65900554e-01
7.94785504e-04 -2.07945556e-03 -1.55217333e-03 2.64149811e-03 6.76207337e-04 3.00580367e-03 -2.97036522e-03 1.36275981e-03 3.20365721e-03 8.17781362e-01 3.97158770e+00 3.82249603e-03 2.60077961e-01
1.26153112e-03 -2.34954936e-03 -1.62934404e-03 2.92573303e-03 1.46327497e-03 3.28016111e-03 -3.03457413e-03 1.05922663e-03 3.20411205e-03 8.65154879e-01 3.88493320e+00 -3.68354130e-03 2.57239664e-01
1.10392401e-03 -5.57623961e-04 -9.70662425e-04 2.63351954e-03 1.88711473e-03 3.36136029e-03 -2.85719519e-03 2.15569276e-03 3.11325706e-03 8.71081980e-01 4.13360101e+00 -1.14807475e-02 2.44830670e-01
1.63301864e-03 -2.63943010e-03 -1.65828344e-03 3.04957938e-03 9.70609390e-04 3.10047127e-03 -3.00584018e-03 -2.44351831e-04 3.05155992e-03 8.09090194e-01 3.72581702e+00 1.24500885e-02 2.70399144e-01
1.48583723e-03 -2.50832720e-03 -1.62296570e-03 2.86835251e-03 1.10838156e-03 2.88880642e-03 -2.84961832e-03 -2.06159145e-05 2.90919604e-03 8.05756429e-01 3.62470688e+00 -7.38588116e-03 2.65857923e-01
7.93050249e-04 -8.40471787e-04 -1.33291143e-03 2.78859900e-03 1.53862027e-03 3.58935532e-03 -3.10885842e-03 2.32330083e-03 3.44291315e-03 8.79002156e-01 4.26628932e+00 7.69548213e-03 2.50369656e-01
8.87149278e-04 -1.51200647e-03 -1.36446662e-03 2.33079855e-03 1.26925866e-03 2.10714401e-03 -2.64476201e-03 1.28673842e-03 2.68825274e-03 8.37994261e-01 3.77956611e+00 -3.23241913e-02 2.37658432e-01
1.99534536e-03 -3.18216701e-03 -1.44740017e-03 3.19315453e-03 6.35570270e-04 4.36323146e-03 -3.51421318e-03 5.29832868e-04 3.74807629e-03 8.47792704e-01 4.13879889e+00 3.98336576e-02 2.76385829e-01
1.13026369e-03 -2.32523920e-03 -1.49831344e-03 2.73051627e-03 8.19328353e-04 2.89809168e-03 -3.00332807e-03 9.99200155e-04 3.16763606e-03 8.16866836e-01 4.02361336e+00 1.17109762e-02 2.60612574e-01
1.03893343e-03 -2.20321667e-03 -1.65498652e-03 2.83151281e-03 1.31556583e-03 3.33891999e-03 -3.00988786e-03 1.30561488e-03 3.23175775e-03 8.64639022e-01 3.83519069e+00 -1.08660120e-02 2.56960901e-01
1.86725986e-03 -2.80714821e-03 -1.39008554e-03 2.89421228e-03 4.24494086e-04 3.06426949e-03 -3.07436374e-03 -3.43525487e-04 3.12082971e-03 8.19479327e-01 3.64904618e+00 2.18260852e-02 2.73236756e-01
1.10644502e-03 -1.06284947e-03 -1.29924304e-03 2.60703012e-03 1.86211648e-03 2.88297459e-03 -2.94349967e-03 1.86921666e-03 3.09103944e-03 8.61000174e-01 4.20643842e+00 -1.92339845e-02 2.41452742e-01
1.34068640e-03 -2.28642483e-03 -1.04991716e-03 2.27762104e-03 2.57521523e-04 2.89347956e-03 -2.59282783e-03 4.68378193e-04 2.75674868e-03 7.99457673e-01 3.49077246e+00 6.59940136e-03 2.72194130e-01
1.11771695e-03 -2.18139821e-03 -2.00096575e-03 3.11141227e-03 1.82885189e-03 2.99235320e-03 -3.46898818e-03 1.63711320e-03 3.57841556e-03 8.80635884e-01 4.36414068e+00 -6.24081208e-03 2.43531588e-01
1.42739016e-03 -1.02440111e-04 -4.51295910e-04 2.28532050e-03 2.02739219e-03 3.05508109e-03 -2.49061343e-03 1.93733835e-03 2.72045935e-03 8.40933261e-01 3.96483261e+00 -3.18582749e-02 2.40399932e-01
1.76411625e-03 -2.80490459e-03 -1.97748702e-03 3.65122060e-03 1.36984101e-03 3.87834053e-03 -3.34630394e-03 -3.62958074e-04 3.39255405e-03 8.43923290e-01 3.95786881e+00 3.91654752e-02 2.73708521e-01
1.41266269e-03 -2.54123521e-03 -1.72806344e-03 2.98456513e-03 1.39910668e-03 2.79570255e-03 -3.13087163e-03 6.62336055e-04 3.20011756e-03 8.69366769e-01 3.92694549e+00 6.86127218e-03 2.53010290e-01
5.02172177e-04 -1.71671760e-03 -1.60854595e-03 2.56463257e-03 7.19047526e-04 3.47898429e-03 -2.91263265e-03 1.77401332e-03 3.26380394e-03 8.15479028e-01 3.93166733e+00 -6.60469187e-03 2.63958246e-01
1.62163376e-03 -2.88399613e-03 -1.68597299e-03 3.20715131e-03 1.13294115e-03 3.56903630e-03 -3.37412671e-03 6.72995454e-04 3.54107977e-03 8.47824209e-01 4.04099903e+00 1.15434359e-02 2.64398478e-01
5.92753274e-04 -1.50289492e-03 -1.47211592e-03 2.43948213e-03 1.03199718e-03 2.72207910e-03 -2.69562982e-03 1.55796317e-03 2.89742069e-03 8.37015496e-01 3.83582362e+00 -1.08036583e-02 2.52057938e-01
1.24286788e-03 -2.27821225e-03 -1.44350586e-03 2.67956611e-03 1.02994531e-03 2.69297234e-03 -2.83780264e-03 7.16439392e-04 2.94399441e-03 8.23156200e-01 3.84078619e+00 3.32810827e-03 2.58637591e-01
7.98588399e-04 -2.04470217e-03 -1.75850641e-03 2.90172045e-03 1.15583660e-03 3.60091140e-03 -3.18651824e-03 1.72965635e-03 3.48881236e-03 8.60289685e-01 4.03030588e+00 -3.21873414e-03 2.58331748e-01
1.21863713e-03 -2.56734967e-03 -1.83597252e-03 3.23382068e-03 1.31629211e-03 3.61551260e-03 -3.44696398e-03 1.35283340e-03 3.66627223e-03 8.81574586e-01 4.04539529e+00 6.25050383e-04 2.55786505e-01
9.30456188e-04 -1.93200985e-03 -1.33392231e-03 2.40203300e-03 8.93315273e-04 2.70241301e-03 -2.59501514e-03 1.01684736e-03 2.76315415e-03 8.00800724e-01 3.80547924e+00 -5.77651945e-04 2.61571375e-01
1.06494981e-03 -2.26923605e-03 -1.60354180e-03 2.72607179e-03 9.86179782e-04 2.62761396e-03 -3.00870742e-03 1.03659209e-03 3.13380332e-03 8.10650385e-01 4.00562637e+00 -8.00095553e-03 2.53810614e-01
1.00571360e-03 -2.20234133e-03 -1.59562761e-03 2.80250045e-03 1.12868608e-03 3.58329007e-03 -2.99857836e-03 1.35458650e-03 3.26751909e-03 8.74424542e-01 3.86115568e+00 8.36891304e-03 2.63052780e-01
7.17747687e-04 -1.12721136e-03 -1.45742652e-03 2.71139768e-03 1.45146311e-03 3.56190980e-03 -3.01019125e-03 2.14561977e-03 3.34638250e-03 8.90870715e-01 4.05440806e+00 2.18792254e-03 2.52274705e-01
1.55338791e-03 -2.58645837e-03 -1.59889571e-03 2.87786133e-03 1.00826234e-03 2.73185493e-03 -2.94814643e-03 -3.62049742e-06 2.99113920e-03 7.90969129e-01 3.78545755e+00 -2.12124135e-03 2.64338220e-01
4.30024256e-04 -1.82000142e-03 -1.54716241e-03 2.45029642e-03 1.87429229e-04 3.32774831e-03 -2.92035398e-03 1.67640947e-03 3.27174876e-03 8.13922888e-01 3.86146177e+00 7.95116614e-03 2.66243009e-01
1.38136640e-03 -2.56185025e-03 -1.90757339e-03 3.03669235e-03 1.76051590e-03 2.95259967e-03 -3.15685928e-03 7.84718876e-04 3.23950678e-03 8.67848308e-01 3.97177752e+00 -7.51322619e-03 2.51517014e-01
9.81111543e-04 -1.97952851e-03 -1.48003835e-03 2.62543380e-03 1.23251311e-03 2.94422576e-03 -2.77546837e-03 1.19293966e-03 2.94830296e-03 8.17821602e-01 3.92344091e+00 -7.38627517e-03 2.58482456e-01
1.08119344e-03 -2.48095926e-03 -1.71013509e-03 2.97103558e-03 8.97785316e-04 3.31063753e-03 -3.26115702e-03 1.24056205e-03 3.48613762e-03 8.67220236e-01 3.95301076e+00 7.70770158e-03 2.58380551e-01
1.89646115e-03 -2.95650680e-03 -1.91583208e-03 3.64459518e-03 1.27800233e-03 4.16477676e-03 -3.40776453e-03 -3.30971483e-04 3.48389529e-03 8.53652375e-01 3.95378400e+00 3.95636819e-02 2.76314560e-01
1.18836871e-03 -1.73418968e-04 -5.92601362e-04 2.31244428e-03 1.79209624e-03 2.74379275e-03 -2.52600086e-03 1.92832511e-03 2.68676499e-03 8.33486020e-01 3.98606193e+00 -3.21822898e-02 2.36577857e-01
1.07403829e-03 -2.17956897e-03 -1.30207737e-03 2.47201877e-03 6.08530898e-04 2.91811645e-03 -2.70401773e-03 8.43138772e-04 2.89185126e-03 8.24218337e-01 3.58189919e+00 -3.20184589e-03 2.64466607e-01
1.00664554e-03 -2.26116111e-03 -1.93720223e-03 3.07974854e-03 1.52512149e-03 3.20016493e-03 -3.36230659e-03 1.55555219e-03 3.54248844e-03 8.60198735e-01 4.31339840e+00 3.27961707e-03 2.52165800e-01
4.17312261e-04 -1.66929433e-03 -1.58713441e-03 2.51346301e-03 5.24773725e-04 3.37992549e-03 -2.90523499e-03 1.79256036e-03 3.25800541e-03 8.37997692e-01 3.86825777e+00 5.82238978e-03 2.63310401e-01
1.49903793e-03 -2.55721553e-03 -1.75107897e-03 3.05693583e-03 1.64094739e-03 2.95527781e-03 -3.14948159e-03 6.79787050e-04 3.21839664e-03 8.46195033e-01 4.00072237e+00 -5.60017740e-03 2.53926081e-01
9.13771904e-04 -2.08297722e-03 -1.41459078e-03 2.58171758e-03 7.08052293e-04 3.39411478e-03 -2.84957046e-03 1.29069253e-03 3.12359675e-03 8.50989766e-01 3.75081731e+00 9.83600074e-03 2.65956866e-01
1.14807548e-03 -2.38531613e-03 -1.82309052e-03 2.91739520e-03 1.37492013e-03 2.75992090e-03 -3.18777336e-03 1.10712633e-03 3.29555634e-03 8.33953508e-01 4.12684159e+00 -9.29519822e-03 2.50660917e-01
1.40295788e-03 -2.48207870e-03 -1.36965815e-03 2.65504608e-03 7.00573369e-04 2.83640976e-03 -2.84826087e-03 4.05450497e-04 2.96925898e-03 8.05858774e-01 3.81652011e+00 1.58886279e-02 2.66909399e-01
8.44299008e-04 -1.88580739e-03 -1.76002227e-03 2.89808581e-03 1.43266214e-03 3.32142233e-03 -3.18001269e-03 1.76678736e-03 3.41956977e-03 8.73012069e-01 4.02186748e+00 -1.43831438e-02 2.49984769e-01
1.38115455e-03 -2.58938854e-03 -1.91426298e-03 3.05068282e-03 1.51256415e-03 2.55267821e-03 -3.35008375e-03 8.71959153e-04 3.37687887e-03 8.78914587e-01 4.10445540e+00 1.60037223e-03 2.44264067e-01
6.76225797e-04 -1.91164824e-03 -1.43313990e-03 2.36029071e-03 4.74572335e-04 3.54727840e-03 -2.72816419e-03 1.44057259e-03 3.07579473e-03 8.04039218e-01 3.75226196e+00 -1.55229046e-03 2.71738072e-01
1.61016364e-03 -2.72693713e-03 -1.83785945e-03 3.21922547e-03 1.72673694e-03 3.27887075e-03 -3.23522694e-03 5.39557874e-04 3.32542658e-03 8.85390167e-01 3.94511574e+00 1.01973310e-02 2.57258045e-01
4.02022457e-04 -1.34441133e-03 -1.40918223e-03 2.42042466e-03 5.99902681e-04 3.18442036e-03 -2.77725560e-03 1.85300510e-03 3.10191996e-03 7.99886794e-01 3.89688367e+00 -9.67312531e-03 2.60445750e-01
9.79399055e-04 -2.42970404e-03 -1.73812316e-03 2.97442433e-03 7.92749558e-04 3.22396677e-03 -3.31114692e-03 1.35279481e-03 3.53733390e-03 8.57456648e-01 4.20343441e+00 2.99771748e-02 2.59820523e-01
1.01288978e-03 -2.13434661e-03 -1.57418479e-03 2.67563359e-03 1.24885942e-03 3.07868094e-03 -2.81347794e-03 1.10341145e-03 3.00314153e-03 8.29733341e-01 3.71831202e+00 -2.55666178e-02 2.57550235e-01
8.01841706e-04 -9.61492015e-04 -1.24684464e-03 2.33697969e-03 1.39336838e-03 2.31904293e-03 -2.69046270e-03 1.70051231e-03 2.79407372e-03 8.32030131e-01 4.01190866e+00 -2.86265923e-02 2.37854289e-01
2.15169316e-03 -3.13840331e-03 -1.54107669e-03 3.34967972e-03 7.96295641e-04 3.98376724e-03 -3.44368788e-03 -1.86264802e-04 3.54086313e-03 8.55070359e-01 3.90287549e+00 3.43042640e-02 2.75826230e-01
6.55280682e-04 -2.06776939e-03 -1.62198020e-03 2.67161079e-03 4.85821440e-04 3.53573741e-03 -3.07033685e-03 1.61788616e-03 3.40817033e-03 8.31372462e-01 4.00364515e+00 1.57607672e-02 2.66314702e-01
1.24001925e-03 -2.38755380e-03 -1.74032033e-03 2.83623479e-03 1.45561604e-03 2.74715088e-03 -3.00585365e-03 8.45555983e-04 3.09944172e-03 8.51692071e-01 3.85744133e+00 -1.43725337e-02 2.50943041e-01
1.67195140e-03 -2.88307127e-03 -2.19055358e-03 3.72470026e-03 1.59647541e-03 3.63485065e-03 -3.45648919e-03 -2.23511702e-04 3.49648753e-03 8.46199522e-01 3.96734159e+00 1.98795851e-02 2.66689741e-01
1.43444495e-03 -4.84604148e-05 -3.33620937e-04 2.16561096e-03 2.00174361e-03 3.31430899e-03 -2.32454573e-03 1.90870587e-03 2.62999297e-03 8.38760857e-01 3.91567290e+00 -1.78036956e-02 2.49716107e-01
1.68785966e-03 -9.92764391e-05 -3.87055619e-04 2.46233655e-03 2.39874370e-03 3.49460226e-03 -2.61668053e-03 2.06393714e-03 2.87877755e-03 8.91263515e-01 4.13785342e+00 -1.72528975e-03 2.44328597e-01
1.54581770e-03 -2.52573042e-03 -1.78349384e-03 3.20818459e-03 1.08749184e-03 3.18466212e-03 -3.01262764e-03 -3.64310255e-04 3.03713860e-03 7.88842706e-01 3.69382763e+00 1.83479354e-03 2.70690429e-01
2.07823345e-03 -3.33476842e-03 -1.98311271e-03 3.76275604e-03 1.29656868e-03 3.96075631e-03 -3.76604443e-03 -5.09892653e-05 3.85352510e-03 8.60973186e-01 4.11619912e+00 2.43729646e-02 2.68355322e-01
6.03968299e-04 -7.46877727e-04 -1.09460020e-03 2.13902046e-03 1.18445741e-03 2.54769605e-03 -2.40178094e-03 1.70423297e-03 2.61186605e-03 8.26177034e-01 3.77636809e+00 -2.13951107e-02 2.47517950e-01
1.63356942e-03 -2.35636729e-03 -1.57255743e-03 3.16365769e-03 1.09929418e-03 3.60821633e-03 -2.84493244e-03 -4.31945797e-04 2.87700109e-03 8.00102193e-01 3.56304410e+00 1.03697699e-02 2.77453050e-01
1.93858761e-03 6.41148030e-05 -2.40213973e-04 2.48777866e-03 2.51136896e-03 3.11148943e-03 -2.73410062e-03 2.03975524e-03 2.89538055e-03 8.79074842e-01 4.32336562e+00 -9.63660153e-03 2.34554066e-01
1.69662451e-03 -2.82273589e-03 -1.90576517e-03 3.39662081e-03 1.11475666e-03 3.42061224e-03 -3.27489088e-03 -3.16082751e-04 3.31890050e-03 8.05276437e-01 3.89956465e+00 1.41725963e-02 2.70999252e-01
1.21892462e-03 -3.91970912e-04 -7.06170862e-04 2.33206906e-03 1.84686100e-03 3.09707015e-03 -2.55733250e-03 1.92612061e-03 2.79725281e-03 8.73864939e-01 3.93543036e+00 -1.29399952e-02 2.44072144e-01
5.44860785e-04 -1.47223959e-03 -1.47508861e-03 2.39807345e-03 9.72977917e-04 2.65323020e-03 -2.67036884e-03 1.55493705e-03 2.87217809e-03 8.36995689e-01 3.65495713e+00 -3.09243350e-02 2.48003323e-01
1.76795994e-03 -3.02950944e-03 -1.75119267e-03 3.40304955e-03 1.21995419e-03 3.80006185e-03 -3.51263529e-03 5.53641195e-04 3.67074325e-03 8.49004116e-01 4.29121903e+00 3.77168301e-02 2.68323961e-01
1.57447990e-03 -2.65956369e-03 -1.78277856e-03 3.11942901e-03 1.45887246e-03 3.05790251e-03 -3.10103866e-03 2.10213810e-04 3.16194923e-03 8.26347226e-01 3.80113218e+00 -1.14942825e-02 2.59961613e-01
4.82339269e-04 -1.02952271e-03 -1.41462574e-03 2.56441914e-03 1.02533207e-03 3.45971411e-03 -2.90598240e-03 2.14612847e-03 3.27187315e-03 8.59245838e-01 4.07264712e+00 1.22997514e-02 2.57365617e-01
1.09514978e-03 -2.32264934e-03 -1.82986089e-03 3.09016164e-03 1.35114333e-03 3.16262278e-03 -3.40092009e-03 1.49451143e-03 3.57019472e-03 8.71058146e-01 4.21898572e+00 4.72774442e-03 2.50580260e-01
9.94543064e-04 -2.12338054e-03 -1.37447243e-03 2.46498220e-03 7.73346346e-04 3.00876952e-03 -2.66259901e-03 9.35248383e-04 2.87025179e-03 8.13262339e-01 3.66643525e+00 -4.59508781e-03 2.65746514e-01
1.36754163e-03 -2.39634872e-03 -1.66281235e-03 2.85321073e-03 1.60395131e-03 2.95671916e-03 -2.92656688e-03 7.28604239e-04 3.02731810e-03 8.41123806e-01 3.78621690e+00 -2.18016493e-02 2.54378645e-01
5.84251426e-04 -1.93237530e-03 -1.61256733e-03 2.72735141e-03 4.48606785e-04 3.49363117e-03 -3.15591177e-03 1.78834017e-03 3.49022448e-03 8.43522917e-01 4.09383837e+00 2.50039447e-02 2.63499787e-01
7.91734045e-04 -1.57594974e-03 -1.39606682e-03 2.47066243e-03 1.09736514e-03 2.33322828e-03 -2.75284013e-03 1.40568808e-03 2.84769490e-03 8.42610593e-01 3.98193803e+00 5.70530173e-04 2.45803408e-01
1.55100932e-03 -2.80813615e-03 -1.61489960e-03 3.11068942e-03 1.08460728e-03 4.02961827e-03 -3.25377652e-03 8.00989440e-04 3.49364552e-03 8.41798595e-01 3.89470087e+00 -5.43639001e-04 2.70114358e-01
9.12719012e-04 -9.27886917e-04 -1.39530908e-03 2.87263483e-03 1.73809611e-03 3.55499988e-03 -3.20136474e-03 2.30925022e-03 3.50028577e-03 8.92207240e-01 4.28880855e+00 2.22186671e-03 2.46666690e-01
1.48183163e-03 -2.44103704e-03 -1.49362179e-03 2.73604397e-03 8.61165935e-04 2.76968168e-03 -2.75205141e-03 -1.28253790e-04 2.80366612e-03 7.89477247e-01 3.57936283e+00 -2.15336551e-03 2.68871166e-01
1.21283776e-03 -2.36489078e-03 -1.80928915e-03 2.91431714e-03 1.62237001e-03 2.93419374e-03 -3.08148772e-03 1.03801660e-03 3.19620076e-03 8.40741908e-01 3.91938669e+00 -2.81742758e-02 2.49869770e-01
8.22009556e-04 -2.21794772e-03 -1.49944208e-03 2.61970021e-03 3.14521354e-04 3.36502725e-03 -3.02696135e-03 1.34456593e-03 3.31958464e-03 8.44098569e-01 3.95102231e+00 3.37418221e-02 2.67639153e-01
1.07378148e-03 -2.15771942e-03 -1.42444272e-03 2.59437191e-03 9.43537756e-04 2.84075377e-03 -2.76832485e-03 9.17409696e-04 2.92652947e-03 8.03382204e-01 3.91356902e+00 5.19501126e-03 2.62593095e-01
1.05781362e-03 -2.26980408e-03 -1.70708842e-03 3.02132671e-03 1.27292046e-03 3.46231560e-03 -3.22771680e-03 1.45176554e-03 3.45483749e-03 8.77658529e-01 3.93489491e+00 -4.95041029e-03 2.54814501e-01
5.87333037e-04 -7.35065456e-04 -1.19765126e-03 2.54574730e-03 1.18497114e-03 3.11677880e-03 -2.82813482e-03 2.13692283e-03 3.10654749e-03 8.32334597e-01 4.06813781e+00 -1.03772659e-02 2.48999383e-01
1.64251044e-03 -2.76467527e-03 -1.80629521e-03 3.22180683e-03 1.44408009e-03 3.49872567e-03 -3.13426733e-03 1.24592135e-04 3.23340798e-03 8.52805103e-01 3.81591882e+00 1.10462038e-02 2.67277812e-01
1.28509453e-03 -2.44910389e-03 -1.48487117e-03 2.85418050e-03 1.01945225e-03 3.80790938e-03 -3.01759065e-03 1.04927804e-03 3.27740813e-03 8.25653632e-01 3.88785444e+00 -5.05012289e-04 2.69665942e-01
8.85280496e-04 -1.99151338e-03 -1.62716239e-03 2.64531992e-03 1.06074819e-03 2.43195750e-03 -2.98819799e-03 1.29787670e-03 3.09511578e-03 8.58442875e-01 3.98761023e+00 5.34801993e-04 2.45976695e-01
9.62452486e-04 -1.89738410e-03 -1.47871356e-03 2.54895014e-03 1.30147756e-03 2.68662038e-03 -2.70919811e-03 1.15059150e-03 2.84215681e-03 8.28452482e-01 3.79041266e+00 -2.02802250e-02 2.52302014e-01
1.12749704e-03 -2.60983104e-03 -1.71652065e-03 3.05467452e-03 7.32756755e-04 3.65949081e-03 -3.38698965e-03 1.29097561e-03 3.65737528e-03 8.58187357e-01 4.10830508e+00 2.29485012e-02 2.64429372e-01
7.66183872e-04 -1.21203456e-03 -1.37949198e-03 2.41879093e-03 1.40856156e-03 2.62621384e-03 -2.71890095e-03 1.68133238e-03 2.88020628e-03 8.41216886e-01 4.03944707e+00 -1.30377945e-02 2.46660217e-01
1.87176071e-03 -3.04448709e-03 -1.59341035e-03 3.18922190e-03 7.29669326e-04 3.46128629e-03 -3.37172743e-03 5.81531903e-05 3.47860676e-03 8.43312001e-01 3.82937427e+00 1.41363046e-02 2.69223129e-01
1.37387342e-03 -2.41550183e-03 -1.39229074e-03 2.74001169e-03 9.13559299e-04 2.94512017e-03 -2.90623793e-03 6.37056731e-04 3.03572380e-03 8.09535671e-01 3.81780178e+00 -1.82585084e-03 2.62817396e-01
7.54676121e-04 -1.85004035e-03 -1.71998251e-03 2.83796322e-03 1.28572484e-03 3.29483850e-03 -3.09291089e-03 1.72933465e-03 3.34247692e-03 8.73915804e-01 4.04219098e+00 1.87375855e-03 2.53860823e-01
1.48039194e-03 -2.80183430e-03 -2.03598935e-03 3.25048413e-03 1.58666902e-03 2.81757502e-03 -3.51898870e-03 8.24742693e-04 3.56550461e-03 8.76927406e-01 4.18740529e+00 4.18645101e-03 2.47545654e-01
5.83285479e-04 -1.69102387e-03 -1.36274932e-03 2.25842499e-03 5.15746894e-04 3.30685659e-03 -2.60181951e-03 1.47660051e-03 2.93142564e-03 8.06945358e-01 3.68224216e+00 -4.07752278e-03 2.69017501e-01
1.57648490e-03 -2.70528310e-03 -1.73815869e-03 3.18793385e-03 1.55951230e-03 3.43030438e-03 -3.22680530e-03 6.62133175e-04 3.35603768e-03 8.53768612e-01 4.09101497e+00 1.52837560e-02 2.62416474e-01
3.96607778e-04 -1.54144369e-03 -1.58065256e-03 2.49538064e-03 6.75914878e-04 2.94159258e-03 -2.85142263e-03 1.74817372e-03 3.12982447e-03 8.31742838e-01 3.80675033e+00 -1.40424700e-02 2.54266016e-01
1.05252867e-03 -2.00293959e-03 -1.45172043e-03 2.50885983e-03 1.29303785e-03 2.71973087e-03 -2.64528741e-03 9.72604397e-04 2.78003494e-03 8.31227485e-01 3.70100834e+00 -1.86266717e-02 2.55212368e-01
9.19656358e-04 -2.49547397e-03 -1.82161435e-03 3.08668929e-03 6.77545107e-04 3.60994108e-03 -3.47102714e-03 1.53977279e-03 3.75930242e-03 8.54828007e-01 4.19574402e+00 2.08671120e-02 2.61805108e-01
7.48928391e-04 -1.64361610e-03 -1.84708391e-03 3.06670707e-03 1.54576574e-03 3.65507593e-03 -3.40275599e-03 2.17509531e-03 3.70607703e-03 8.74119978e-01 4.35352250e+00 1.37013584e-03 2.51953099e-01
1.34006621e-03 -2.35002448e-03 -1.35149738e-03 2.51360150e-03 7.09076463e-04 2.54118283e-03 -2.66271066e-03 2.08135184e-04 2.74708403e-03 8.09185396e-01 3.53000261e+00 -1.32750275e-03 2.64470264e-01
1.15633441e-03 -2.42696978e-03 -1.73506904e-03 3.05157726e-03 1.19277006e-03 3.30880861e-03 -3.31359699e-03 1.32318314e-03 3.50992061e-03 8.67580024e-01 3.93923324e+00 -1.12518601e-02 2.52757662e-01
1.06725152e-03 -2.08622314e-03 -1.37580589e-03 2.54970182e-03 1.01112628e-03 2.95871609e-03 -2.70220489e-03 9.77019477e-04 2.88091213e-03 8.13330047e-01 3.91105621e+00 1.21672222e-02 2.64544584e-01
1.44662999e-03 -2.67920957e-03 -1.63291477e-03 3.11744174e-03 1.06642507e-03 3.30368201e-03 -3.34367937e-03 9.26132939e-04 3.50180853e-03 8.33099951e-01 4.24079651e+00 2.20954683e-02 2.61981376e-01
8.29673866e-04 -1.85383019e-03 -1.47889010e-03 2.51164211e-03 1.11460625e-03 2.97090404e-03 -2.71080816e-03 1.31459162e-03 2.92342337e-03 8.49851178e-01 3.65241612e+00 -1.95075703e-02 2.55404888e-01
9.23725447e-04 -1.79901327e-03 -1.83322358e-03 2.99594098e-03 1.69845770e-03 3.23080215e-03 -3.32669021e-03 1.89505869e-03 3.52305570e-03 8.93065287e-01 4.24896618e+00 -2.89367455e-03 2.45788141e-01
1.50162967e-03 -2.42312143e-03 -1.16617817e-03 2.47470249e-03 4.57720219e-04 2.76612773e-03 -2.69612683e-03 1.82640763e-04 2.79963650e-03 7.86178264e-01 3.58370904e+00 3.05748969e-03 2.70084587e-01
1.35652104e-03 -2.43466346e-03 -1.25245549e-03 2.57644608e-03 5.59894115e-04 3.72195224e-03 -2.86949759e-03 8.58468698e-04 3.12830690e-03 8.20422229e-01 3.81107044e+00 1.98908791e-02 2.75333744e-01
1.17454500e-03 -2.02299030e-03 -1.62084580e-03 2.81596335e-03 1.50916859e-03 2.48033113e-03 -3.12327920e-03 1.29353889e-03 3.15683981e-03 8.60478970e-01 4.05057901e+00 -1.77071087e-02 2.39367425e-01
1.50106067e-03 -2.57428495e-03 -1.63849932e-03 3.00548452e-03 1.32325307e-03 2.85707673e-03 -3.16053720e-03 6.43687572e-04 3.23202034e-03 8.39523246e-01 3.98918022e+00 5.73570023e-04 2.55101715e-01
5.78771496e-04 -1.69865492e-03 -1.57863042e-03 2.57420151e-03 9.01515438e-04 3.41616088e-03 -2.87191693e-03 1.73134679e-03 3.19932419e-03 8.44852229e-01 3.88609112e+00 -5.45339728e-04 2.61789795e-01
7.57153999e-04 -1.49797980e-03 -1.82355867e-03 3.07255627e-03 1.41027438e-03 2.95302514e-03 -3.55392682e-03 2.19370958e-03 3.71879095e-03 8.90979541e-01 4.45544582e+00 3.91367999e-03 2.38766340e-01
1.45479336e-03 -2.30428584e-03 -1.21428923e-03 2.47013779e-03 7.54630887e-04 3.07288832e-03 -2.52816548e-03 1.25994216e-04 2.64682497e-03 7.91561917e-01 3.45699255e+00 -3.80875503e-03 2.74820766e-01
1.32598762e-03 -2.31905076e-03 -1.61792566e-03 2.82312926e-03 1.37795314e-03 2.51051411e-03 -3.07687596e-03 9.06196982e-04 3.12006403e-03 8.73278578e-01 3.92680312e+00 -1.99061246e-03 2.45342078e-01
8.54114889e-04 -2.12678734e-03 -1.51184788e-03 2.59569918e-03 6.80294724e-04 3.71956232e-03 -2.91597301e-03 1.42332316e-03 3.25061970e-03 8.09208329e-01 3.91808318e+00 2.07320400e-03 2.70657217e-01
1.13243660e-03 -2.22416265e-03 -1.57562715e-03 2.66892644e-03 1.25121285e-03 2.74714989e-03 -2.84536024e-03 9.19067063e-04 2.97200071e-03 8.24325890e-01 3.78091774e+00 -2.22148082e-02 2.54006631e-01
8.56942796e-04 -2.27484873e-03 -1.71814233e-03 2.91211038e-03 7.80590251e-04 3.57987805e-03 -3.25966730e-03 1.57469660e-03 3.56057759e-03 8.63221609e-01 4.12559544e+00 2.54314839e-02 2.62961047e-01
5.93400438e-04 -1.73020377e-03 -1.33028172e-03 2.28293806e-03 3.84581713e-04 3.17568550e-03 -2.64257783e-03 1.44095074e-03 2.94843957e-03 8.05606722e-01 3.71096588e+00 2.41212788e-03 2.67696249e-01
1.46503789e-03 -2.74719902e-03 -2.01244765e-03 3.23928777e-03 1.74282744e-03 3.04061468e-03 -3.43614896e-03 8.98907929e-04 3.51812142e-03 8.76426780e-01 4.13292136e+00 -2.31302206e-03 2.49510517e-01
9.11319441e-04 -1.81730268e-03 -1.52788128e-03 2.65344795e-03 1.38367452e-03 2.92063087e-03 -2.83662913e-03 1.41363886e-03 3.00598320e-03 8.48804146e-01 3.99364949e+00 -1.35435765e-03 2.53850856e-01
1.30292237e-03 -2.60365171e-03 -1.54986898e-03 2.90594002e-03 7.54171748e-04 3.28095820e-03 -3.17479863e-03 8.95134138e-04 3.37027866e-03 8.35461782e-01 3.87200490e+00 1.39421084e-03 2.62882772e-01
1.91261565e-03 -2.86374229e-03 -1.65985471e-03 3.31000996e-03 1.00640980e-03 3.97014908e-03 -3.20039970e-03 -3.25424870e-04 3.28152475e-03 8.22637713e-01 3.76677363e+00 1.62409935e-02 2.77885666e-01
1.09151895e-03 -3.79813453e-04 -8.08780250e-04 2.41358446e-03 1.70450665e-03 2.56749281e-03 -2.68902138e-03 1.93581492e-03 2.79496262e-03 8.59104307e-01 4.12407611e+00 -1.47407967e-02 2.34364601e-01
5.04619434e-04 -1.13136119e-03 -1.53715831e-03 2.72869926e-03 1.12260428e-03 3.19610298e-03 -3.07805210e-03 2.15691596e-03 3.36331280e-03 8.77160309e-01 4.17983933e+00 1.36616315e-02 2.49965677e-01
1.53615134e-03 -2.57297243e-03 -1.60145863e-03 2.96117339e-03 1.24100202e-03 3.21768401e-03 -2.94008652e-03 2.25915895e-04 3.04023589e-03 8.09214634e-01 3.71103767e+00 -1.27157217e-02 2.66233650e-01
2.04032697e-03 2.62386701e-04 1.11862537e-04 2.30237365e-03 2.53248104e-03 3.30029385e-03 -2.41477184e-03 1.94395177e-03 2.62651049e-03 8.42906554e-01 4.07541576e+00 -2.79755154e-02 2.39098882e-01
1.65252794e-03 -2.55057270e-03 -1.89748092e-03 3.58744168e-03 1.55029654e-03 3.95387210e-03 -3.13765159e-03 -3.08646128e-04 3.18635257e-03 8.41345258e-01 3.83720123e+00 3.34820944e-02 2.74588709e-01
7.88763277e-04 -1.64626511e-03 -1.46665505e-03 2.35989642e-03 1.07396221e-03 2.09841285e-03 -2.71058109e-03 1.28136404e-03 2.78163929e-03 8.46082000e-01 3.80711968e+00 -1.91102254e-02 2.40136142e-01
1.67435301e-03 -2.95137103e-03 -1.55867124e-03 3.12857315e-03 8.61481144e-04 4.26357083e-03 -3.36622441e-03 7.89123506e-04 3.62940134e-03 8.37626552e-01 4.07626611e+00 2.15659358e-02 2.74368523e-01
1.21885092e-03 -2.35712500e-03 -1.58937067e-03 2.89763721e-03 1.27702205e-03 3.34878575e-03 -3.01741190e-03 1.05015273e-03 3.20869094e-03 8.37929941e-01 4.04256547e+00 1.13459883e-02 2.63298766e-01
8.80880697e-04 -2.01544518e-03 -1.53758303e-03 2.71961994e-03 9.43013101e-04 2.97951562e-03 -2.99097467e-03 1.39520629e-03 3.18943204e-03 8.46095628e-01 3.84178433e+00 -1.06058959e-02 2.53365020e-01
2.06700046e-03 -3.02353963e-03 -1.28863484e-03 3.01629123e-03 5.32903726e-04 3.87107248e-03 -3.27372039e-03 9.33388927e-05 3.41863133e-03 8.47488492e-01 3.85026517e+00 3.35060107e-02 2.76454383e-01
8.06587237e-04 -1.38548293e-03 -1.51941737e-03 2.47313147e-03 1.39528790e-03 2.25077489e-03 -2.85370765e-03 1.56928755e-03 2.91486827e-03 8.38050503e-01 4.05024781e+00 -2.80270277e-02 2.37385308e-01
6.97994845e-04 -1.70622863e-03 -1.58529328e-03 2.64065941e-03 1.07702514e-03 2.69686870e-03 -2.93391315e-03 1.56976905e-03 3.09867363e-03 8.55570196e-01 4.02156869e+00 3.28952411e-03 2.49261565e-01
1.44902255e-03 -2.62562311e-03 -1.53895280e-03 2.93572676e-03 1.06013329e-03 3.55700673e-03 -3.08418290e-03 7.56451079e-04 3.28235625e-03 8.28930128e-01 3.85373123e+00 -3.21019560e-03 2.66900420e-01
1.52345151e-03 -2.73432183e-03 -1.54290222e-03 3.01906463e-03 8.25684337e-04 3.19408562e-03 -3.23821103e-03 6.02093149e-04 3.37710237e-03 8.23068973e-01 3.97806865e+00 9.32453494e-03 2.63765384e-01
7.79647401e-04 -1.59646666e-03 -1.48397649e-03 2.56417596e-03 1.34097966e-03 3.00610133e-03 -2.76496091e-03 1.57433969e-03 2.97520112e-03 8.59571674e-01 3.86929674e+00 -8.77378522e-03 2.52946045e-01
8.16619389e-04 -1.83856293e-03 -1.70415476e-03 2.85811088e-03 1.31714773e-03 2.98796321e-03 -3.14274171e-03 1.68426572e-03 3.32209248e-03 8.75537166e-01 4.21496446e+00 1.52093599e-02 2.50542479e-01
1.31396294e-03 -2.47036243e-03 -1.44547153e-03 2.72191125e-03 8.33757406e-04 3.19016669e-03 -2.89967941e-03 6.69198928e-04 3.07672685e-03 8.11173333e-01 3.68172614e+00 -1.40381606e-02 2.65810959e-01
7.61636171e-04 -1.92199953e-03 -1.69091598e-03 2.69825318e-03 1.06451247e-03 2.66726002e-03 -3.03161618e-03 1.48418194e-03 3.19031440e-03 8.54298611e-01 3.87288163e+00 -2.04924595e-02 2.45005599e-01
1.40028047e-03 -2.58893992e-03 -1.50321267e-03 2.87229539e-03 9.60039337e-04 3.57517612e-03 -3.03181204e-03 7.67465472e-04 3.24360548e-03 8.27569635e-01 4.00685843e+00 2.33947955e-02 2.70749407e-01
1.93437502e-03 -3.12667980e-03 -1.64430025e-03 3.33164386e-03 1.00750583e-03 4.11394697e-03 -3.44443556e-03 2.74230072e-04 3.61708303e-03 8.57465841e-01 3.98889511e+00 2.58936148e-02 2.73514814e-01
6.60798106e-04 -1.22988531e-03 -1.36573626e-03 2.33037593e-03 1.10627180e-03 2.26311822e-03 -2.69039790e-03 1.58828171e-03 2.80476224e-03 8.29364970e-01 3.92203018e+00 -2.25392228e-02 2.41049464e-01
1.20280040e-03 -2.28506421e-03 -1.45179340e-03 2.73980423e-03 1.08126605e-03 3.27547640e-03 -2.88106133e-03 9.73904819e-04 3.07808072e-03 8.29338059e-01 3.88682768e+00 5.94276499e-03 2.64868445e-01
9.44629259e-04 -2.05043732e-03 -1.61347813e-03 2.84704737e-03 1.14031025e-03 3.03002184e-03 -3.11005916e-03 1.46569824e-03 3.29267084e-03 8.54273986e-01 3.98761670e+00 -5.69830616e-03 2.51579792e-01
9.44401691e-04 -2.27386949e-03 -1.73747464e-03 2.91686693e-03 1.02426917e-03 3.18298006e-03 -3.21624101e-03 1.42100177e-03 3.43404892e-03 8.63083755e-01 3.91756602e+00 -8.69763515e-03 2.53196453e-01
1.07614808e-03 -2.22410551e-03 -1.52142052e-03 2.67067677e-03 1.06242076e-03 3.03082778e-03 -2.82838955e-03 9.65965774e-04 3.00795363e-03 8.19106840e-01 3.94726694e+00 9.24995425e-03 2.63767509e-01
1.42849596e-03 -2.33601839e-03 -1.11926992e-03 2.37809881e-03 5.20543570e-04 3.15934369e-03 -2.58263767e-03 3.70734809e-04 2.74832484e-03 8.03316444e-01 3.47022792e+00 3.76220984e-04 2.74903557e-01
5.66851174e-04 -1.19895554e-03 -1.45882107e-03 2.53315357e-03 1.19935990e-03 3.29702894e-03 -2.82174260e-03 1.95765742e-03 3.13900568e-03 8.26640442e-01 3.99746575e+00 -1.58925990e-02 2.55893982e-01
1.65497909e-03 -2.77577624e-03 -1.70558766e-03 3.14039860e-03 1.18180804e-03 3.01945864e-03 -3.22301846e-03 2.14511048e-04 3.28657981e-03 8.59570455e-01 3.88092863e+00 1.74765013e-02 2.60922169e-01
1.16598670e-03 -2.31285477e-03 -1.77277316e-03 2.88317145e-03 1.55494333e-03 2.94910335e-03 -3.05385702e-03 1.08513441e-03 3.18189174e-03 8.52467512e-01 3.94625049e+00 -1.53334152e-02 2.51551686e-01
8.03032388e-04 -2.21014749e-03 -1.53718011e-03 2.63241598e-03 3.98008709e-04 3.27743822e-03 -3.01569925e-03 1.33389393e-03 3.29646180e-03 8.30371271e-01 3.91221157e+00 1.69210265e-02 2.65684016e-01
8.86743604e-04 -1.04646386e-03 -1.41210086e-03 2.77465318e-03 1.70349322e-03 3.21737844e-03 -3.07512397e-03 2.10558826e-03 3.30089280e-03 8.57613852e-01 4.30521771e+00 -7.34156059e-03 2.46599483e-01
1.61888536e-03 -2.59191641e-03 -1.45127654e-03 2.83327633e-03 7.61690969e-04 2.96825657e-03 -2.90750749e-03 -7.71393188e-05 2.97449001e-03 8.25490027e-01 3.57701841e+00 7.73313045e-03 2.69110781e-01
1.04984897e-03 -2.14751017e-03 -1.46844682e-03 2.57589547e-03 1.10757221e-03 3.07221243e-03 -2.69823050e-03 9.53326182e-04 2.89278072e-03 7.96455064e-01 3.84964003e+00 -7.95932204e-03 2.65293593e-01
9.73380293e-04 -2.32187621e-03 -1.76256385e-03 3.00033072e-03 9.69601639e-04 3.12432645e-03 -3.34959614e-03 1.47131927e-03 3.55115249e-03 8.88029362e-01 4.01573508e+00 8.31197947e-03 2.51081605e-01
2.23744423e-03 -3.34387200e-03 -1.85745702e-03 3.78469069e-03 1.13619823e-03 4.44555471e-03 -3.72750700e-03 -2.66798387e-04 3.82592715e-03 8.45653578e-01 4.14611370e+00 3.61710449e-02 2.76373684e-01
7.64829456e-04 -5.64298500e-04 -9.36515473e-04 2.14931429e-03 1.33409508e-03 2.29134866e-03 -2.40944965e-03 1.69075359e-03 2.53047286e-03 8.39558991e-01 3.77283052e+00 -2.98570912e-02 2.36641044e-01
1.69510065e-03 -2.85310878e-03 -2.03467417e-03 3.57412068e-03 1.66905200e-03 3.92910707e-03 -3.30170357e-03 -5.46565236e-05 3.39300763e-03 8.57123838e-01 3.94394770e+00 2.48296128e-02 2.70800191e-01
1.08024793e-03 -1.49225894e-04 -5.68954802e-04 2.35296338e-03 1.62647042e-03 3.10911603e-03 -2.54008711e-03 2.06432223e-03 2.79154549e-03 8.29569977e-01 3.96771423e+00 -2.17286046e-02 2.44459127e-01
1.53262665e-03 -2.75921558e-03 -1.81973332e-03 3.34851435e-03 1.59560473e-03 3.66342590e-03 -3.44655145e-03 1.00213381e-03 3.61439607e-03 8.50921195e-01 4.31288324e+00 1.70844629e-02 2.61594082e-01
5.64121746e-04 -1.70604970e-03 -1.44998024e-03 2.34649215e-03 6.71663233e-04 2.69388636e-03 -2.64219241e-03 1.38095352e-03 2.86975502e-03 8.34450820e-01 3.60136448e+00 -1.55402485e-02 2.55195475e-01
7.66434952e-04 -1.20407701e-03 -1.61981403e-03 2.95186250e-03 1.49197207e-03 3.01723712e-03 -3.35333787e-03 2.19958301e-03 3.52956914e-03 8.86138938e-01 4.31899274e+00 -4.37178879e-03 2.38912100e-01
1.58170477e-03 -2.41644240e-03 -1.27262973e-03 2.61711034e-03 7.94461937e-04 3.12632550e-03 -2.65491801e-03 -1.04553305e-05 2.75072853e-03 7.93707907e-01 3.55700402e+00 4.60194324e-03 2.74711373e-01
1.93445268e-03 8.37604545e-05 -3.35953130e-05 2.21027274e-03 2.47026985e-03 3.53119848e-03 -2.34132171e-03 1.90110258e-03 2.64328433e-03 8.42440017e-01 4.02859616e+00 -2.02035044e-02 2.48233067e-01
1.63207083e-03 -2.66164006e-03 -2.02939985e-03 3.59526050e-03 1.52871930e-03 3.51644751e-03 -3.26638439e-03 -3.07695285e-04 3.28767887e-03 8.41949080e-01 3.85433388e+00 2.29381137e-02 2.67885451e-01
1.56398038e-03 -2.81691924e-03 -1.99663400e-03 3.31801879e-03 1.83521890e-03 3.27986418e-03 -3.45925660e-03 8.61922969e-04 3.56007779e-03 8.77461063e-01 4.15869516e+00 1.64882178e-03 2.52822096e-01
4.94513376e-04 -1.64654290e-03 -1.36189473e-03 2.25748643e-03 3.61555775e-04 2.99799125e-03 -2.63043565e-03 1.48468669e-03 2.92668516e-03 8.05644495e-01 3.69456020e+00 -1.60176054e-03 2.64643390e-01
1.35127883e-03 -2.81442687e-03 -1.89001541e-03 3.33167696e-03 1.22572581e-03 3.71795252e-03 -3.57942401e-03 1.22305758e-03 3.80331294e-03 8.64650046e-01 4.38653357e+00 3.19262996e-02 2.62493582e-01
7.63503918e-04 -1.81034240e-03 -1.41688232e-03 2.39755065e-03 9.22483990e-04 2.67538591e-03 -2.60230692e-03 1.18567407e-03 2.78328076e-03 8.23923570e-01 3.57169797e+00 -2.70054060e-02 2.54447649e-01
9.64499075e-04 -2.27468825e-03 -1.80494051e-03 2.98974127e-03 1.15139183e-03 3.11847705e-03 -3.30662046e-03 1.48499175e-03 3.50251139e-03 8.67205989e-01 4.05555969e+00 -3.56470909e-03 2.50831421e-01
1.11957621e-03 -2.17867601e-03 -1.38289308e-03 2.56746642e-03 9.60159437e-04 3.08208810e-03 -2.72868570e-03 9.19006957e-04 2.92064441e-03 8.15541067e-01 3.80962434e+00 3.70188991e-03 2.65639206e-01
1.53396817e-03 -2.15990859e-04 -5.01244757e-04 2.33201177e-03 2.20732593e-03 3.25613139e-03 -2.53033929e-03 1.93701375e-03 2.78455269e-03 8.58508260e-01 4.03725592e+00 -2.07117831e-02 2.44176257e-01
1.70602584e-03 -2.69894010e-03 -1.85921630e-03 3.44306837e-03 1.12140852e-03 3.39825803e-03 -3.24202893e-03 -4.18526667e-04 3.25783928e-03 8.22308927e-01 3.82785706e+00 2.37130038e-02 2.70964738e-01
5.59583575e-04 -1.13898942e-03 -1.44910717e-03 2.50391361e-03 1.18607427e-03 2.90147310e-03 -2.81848960e-03 1.89648310e-03 3.06052396e-03 8.29339034e-01 4.05499715e+00 -1.30082252e-02 2.50179198e-01
1.75874229e-03 -2.85243566e-03 -1.65062938e-03 3.19024374e-03 1.14016545e-03 3.40061362e-03 -3.23744235e-03 1.64055357e-04 3.33492045e-03 8.56270796e-01 3.82633610e+00 1.40590620e-02 2.66196735e-01
1.38374643e-03 -2.61192138e-03 -1.84717272e-03 3.04644147e-03 1.51848078e-03 2.92513617e-03 -3.22464008e-03 8.12159513e-04 3.31899810e-03 8.52698332e-01 4.05050467e+00 -2.46035420e-03 2.53213022e-01
5.21436060e-04 -1.77693415e-03 -1.53903655e-03 2.50229986e-03 5.57955169e-04 3.30538876e-03 -2.85094499e-03 1.63106269e-03 3.17180710e-03 8.31333495e-01 3.81999219e+00 2.53105630e-03 2.63837145e-01
8.68828886e-04 -1.81962085e-03 -1.29193423e-03 2.32911857e-03 8.87557878e-04 2.59812498e-03 -2.51432870e-03 1.04125766e-03 2.67571183e-03 8.09855526e-01 3.68167227e+00 -7.24479099e-03 2.59069903e-01
1.18374784e-03 -2.67927974e-03 -1.95999019e-03 3.32297346e-03 1.27705535e-03 3.74364775e-03 -3.57863833e-03 1.42563556e-03 3.82230674e-03 8.75000777e-01 4.19428171e+00 7.54669221e-03 2.57861310e-01
9.93366917e-04 -8.59891152e-04 -1.17524414e-03 2.64969153e-03 1.74017540e-03 3.26454446e-03 -2.91153335e-03 2.06600010e-03 3.15245519e-03 8.88068009e-01 4.15184359e+00 2.45978075e-03 2.46610260e-01
1.64371940e-03 -2.67778334e-03 -1.57472235e-03 2.94109707e-03 8.44082496e-04 2.99373530e-03 -2.99750606e-03 -1.46361319e-04 3.05563157e-03 7.94227061e-01 3.69225471e+00 -2.39249058e-03 2.68922268e-01
1.62160680e-03 -2.92064988e-03 -1.68736378e-03 3.22447197e-03 1.07245109e-03 3.68633764e-03 -3.41091242e-03 7.14509611e-04 3.59622869e-03 8.43987261e-01 4.18084347e+00 2.62725349e-02 2.67220520e-01
6.93472274e-04 -1.61280249e-03 -1.46044335e-03 2.42851730e-03 1.04848562e-03 2.64401080e-03 -2.70003948e-03 1.44904886e-03 2.88015243e-03 8.40738424e-01 3.72359000e+00 -2.27623166e-02 2.49089119e-01
8.41859507e-04 -1.93229456e-03 -1.70830656e-03 2.79184192e-03 1.36416343e-03 3.20873633e-03 -3.03188358e-03 1.59199782e-03 3.26019800e-03 8.38737694e-01 4.13701878e+00 -3.45949385e-03 2.56340062e-01
1.31168938e-03 -2.44558452e-03 -1.43511745e-03 2.78081839e-03 8.11063279e-04 2.97459568e-03 -2.99023364e-03 7.42510014e-04 3.13696846e-03 8.45745321e-01 3.74099520e+00 3.55403197e-03 2.60486596e-01
2.11866990e-03 -3.18831238e-03 -1.62817416e-03 3.43950232e-03 9.28166791e-04 3.99009224e-03 -3.52290615e-03 -6.61707989e-05 3.63189409e-03 8.61832327e-01 3.93707093e+00 2.91260785e-02 2.73281273e-01
8.22946557e-04 -9.33996015e-04 -1.14736207e-03 2.30064041e-03 1.38845671e-03 2.40463928e-03 -2.59468924e-03 1.66007222e-03 2.70899308e-03 8.25976890e-01 3.97070089e+00 -2.49667063e-02 2.41440245e-01
1.95395910e-03 -3.20773369e-03 -1.72546766e-03 3.48868736e-03 1.18395511e-03 4.24090388e-03 -3.60939898e-03 4.91577318e-04 3.80150444e-03 8.53063309e-01 4.25407253e+00 3.44815695e-02 2.71894499e-01
4.99076272e-04 -1.34455363e-03 -1.43703786e-03 2.26663951e-03 9.16184258e-04 2.27412013e-03 -2.58978273e-03 1.49988184e-03 2.74130805e-03 8.33642043e-01 3.68069131e+00 -2.87385997e-02 2.43151650e-01
1.29912445e-03 -2.29794456e-03 -1.35286522e-03 2.63903067e-03 1.02162113e-03 3.20790192e-03 -2.72368450e-03 6.75669717e-04 2.89637269e-03 8.04564178e-01 3.80349252e+00 4.89438072e-03 2.69186973e-01
7.07649157e-04 -2.01906686e-03 -1.86270094e-03 2.93700340e-03 1.04736147e-03 2.98386731e-03 -3.31527851e-03 1.72522482e-03 3.51980158e-03 8.76698448e-01 4.05618774e+00 -4.67080600e-03 2.46586867e-01
1.24351307e-03 -2.40498154e-03 -1.76995493e-03 3.13078881e-03 1.53723475e-03 3.37659672e-03 -3.30578064e-03 1.31752417e-03 3.47964322e-03 8.91894901e-01 4.04605016e+00 4.07020605e-03 2.52693337e-01
8.90889622e-04 -2.03125686e-03 -1.36533429e-03 2.45470885e-03 6.68364882e-04 2.90458761e-03 -2.69266777e-03 1.06682735e-03 2.90174645e-03 7.90616225e-01 3.79225915e+00 -3.96011295e-03 2.64442419e-01
6.49728532e-04 -1.62915102e-03 -1.79117335e-03 2.89579126e-03 1.23579789e-03 3.02112903e-03 -3.29132084e-03 1.98381916e-03 3.50691622e-03 8.69362560e-01 4.18619141e+00 -7.80521845e-03 2.44657477e-01
1.48323486e-03 -2.45764478e-03 -1.34582294e-03 2.66039598e-03 8.83030981e-04 3.11549373e-03 -2.75540920e-03 3.05295187e-04 2.88555854e-03 8.12100268e-01 3.68457608e+00 8.27978161e-03 2.70602302e-01
1.13122670e-03 -2.15949835e-03 -1.57261851e-03 2.71457906e-03 1.27230351e-03 2.66131671e-03 -2.95184322e-03 1.07692177e-03 3.05704862e-03 8.36625677e-01 3.80420530e+00 -2.78956812e-02 2.47539574e-01
1.09604918e-03 -2.43804061e-03 -1.58593282e-03 2.85359354e-03 7.95031162e-04 3.70077103e-03 -3.13538605e-03 1.25366266e-03 3.42252295e-03 8.49271667e-01 4.10074859e+00 3.33020329e-02 2.69038677e-01
5.67140147e-04 -1.33029878e-03 -1.49865649e-03 2.50100080e-03 1.18632647e-03 3.12266030e-03 -2.76968617e-03 1.81326730e-03 3.04886891e-03 8.48505515e-01 3.81134222e+00 -2.17067460e-02 2.52586763e-01
1.67231362e-03 -2.89836919e-03 -1.74190255e-03 3.20126200e-03 1.03875250e-03 3.12172405e-03 -3.33869283e-03 2.40920237e-04 3.42001734e-03 8.34564930e-01 4.07744259e+00 2.49367933e-02 2.64256255e-01
9.27471378e-04 -9.57553880e-04 -1.34667407e-03 2.84032915e-03 1.64348094e-03 2.90151752e-03 -3.18340298e-03 2.14204323e-03 3.31743369e-03 8.79855365e-01 4.37254915e+00 1.08471693e-03 2.38536192e-01
1.68365695e-03 -2.51130582e-03 -1.31513429e-03 2.75519150e-03 8.37810721e-04 3.32368445e-03 -2.76750593e-03 -6.51975210e-05 2.86042124e-03 8.02850677e-01 3.53435805e+00 -1.03894646e-03 2.75077330e-01
1.79768467e-03 -2.99088080e-03 -1.63806939e-03 3.22252538e-03 1.02631458e-03 3.72969996e-03 -3.34262756e-03 3.23459856e-04 3.49404834e-03 8.36415530e-01 4.00085739e+00 1.79522325e-02 2.70303932e-01
6.26242715e-04 -1.22521019e-03 -1.37434930e-03 2.44242766e-03 1.17873193e-03 2.60867892e-03 -2.71257262e-03 1.70039627e-03 2.88066929e-03 8.47225117e-01 3.87720247e+00 -1.62031815e-02 2.45081914e-01
6.75246847e-04 -1.54415040e-03 -1.55503051e-03 2.48871051e-03 1.20372260e-03 2.57539950e-03 -2.79224002e-03 1.56051056e-03 2.95261035e-03 8.49123309e-01 3.99316736e+00 -4.83811929e-03 2.48315249e-01
1.71025378e-03 -2.84816010e-03 -1.49226866e-03 3.06780516e-03 8.82479844e-04 3.57577816e-03 -3.25389070e-03 4.94032665e-04 3.41614642e-03 8.34936959e-01 3.86903075e+00 5.01500884e-03 2.67828940e-01
1.32766710e-03 -5.33123329e-04 -8.00698384e-04 2.31963561e-03 1.85054921e-03 2.41046241e-03 -2.67970375e-03 1.74730548e-03 2.73915733e-03 8.64817622e-01 4.13697726e+00 -1.87066955e-02 2.32451508e-01
2.05809154e-03 -2.91634250e-03 -1.55174106e-03 3.25752979e-03 6.45716257e-04 3.81113201e-03 -3.25570350e-03 -5.69055801e-04 3.29667872e-03 8.11991241e-01 3.73189903e+00 2.11819514e-02 2.79115680e-01
8.93359212e-04 -1.87922744e-03 -1.70204658e-03 2.65987035e-03 1.40523979e-03 2.55042781e-03 -2.97381200e-03 1.40757299e-03 3.08129719e-03 8.54692384e-01 3.96030694e+00 -2.22810699e-02 2.42996691e-01
1.53007717e-03 -2.68723391e-03 -1.33408505e-03 2.79190431e-03 4.95929030e-04 3.58385330e-03 -3.09516839e-03 6.55080353e-04 3.30571189e-03 8.26833134e-01 3.90000793e+00 2.57449948e-02 2.72620641e-01
1.29325601e-03 -2.43539169e-03 -1.53834704e-03 2.76670579e-03 9.62820674e-04 2.68960173e-03 -2.95758406e-03 6.20806338e-04 3.05741622e-03 8.36914615e-01 3.71628897e+00 -8.47399221e-03 2.55840096e-01
7.27577973e-04 -1.88165951e-03 -1.71978453e-03 2.82429361e-03 1.19422097e-03 3.57387202e-03 -3.09578875e-03 1.78701920e-03 3.40535675e-03 8.47827743e-01 4.17023094e+00 8.92958703e-03 2.61074316e-01
1.35721712e-03 -2.40096297e-03 -1.29807618e-03 2.55802186e-03 6.93763154e-04 3.10472055e-03 -2.73510881e-03 4.97037631e-04 2.90042183e-03 8.21413548e-01 3.58806995e+00 2.71469140e-03 2.69758278e-01
9.52482240e-04 -1.82504740e-03 -1.71649052e-03 2.95752072e-03 1.49218930e-03 2.98821554e-03 -3.29352364e-03 1.77335190e-03 3.43988926e-03 8.61995617e-01 4.30277021e+00 -2.62686679e-03 2.45902836e-01
1.00840861e-03 -2.05960006e-03 -1.42168337e-03 2.49388759e-03 9.76237825e-04 2.64829569e-03 -2.69861265e-03 9.55346413e-04 2.84255756e-03 8.13056604e-01 3.87286791e+00 3.87139864e-03 2.59544190e-01
1.08884036e-03 -2.48740174e-03 -1.80782483e-03 3.09436389e-03 1.15021153e-03 3.60883459e-03 -3.34936454e-03 1.40692461e-03 3.60505294e-03 8.69422012e-01 3.98598720e+00 -3.72248382e-03 2.57822686e-01
1.75305809e-03 -2.64101927e-03 -1.35471354e-03 2.83613512e-03 6.68930540e-04 3.17147866e-03 -2.92343452e-03 -1.52172417e-04 2.99549368e-03 8.32135899e-01 3.55224271e+00 1.38509719e-02 2.72803885e-01
9.84564429e-04 -1.01842280e-03 -1.34430511e-03 2.73724973e-03 1.76855919e-03 2.93034539e-03 -3.04966934e-03 2.01185766e-03 3.19634268e-03 8.51161724e-01 4.33719454e+00 -1.27599610e-02 2.42059641e-01
5.53522228e-04 -1.44147743e-03 -1.34791421e-03 2.28982346e-03 8.37717117e-04 2.69613407e-03 -2.55271328e-03 1.49117914e-03 2.77331216e-03 8.31592754e-01 3.57876905e+00 -2.49712878e-02 2.52615869e-01
1.76358665e-03 -3.01834386e-03 -1.85184598e-03 3.51017030e-03 1.52438304e-03 3.77052374e-03 -3.59641689e-03 7.14823211e-04 3.74260850e-03 8.55143144e-01 4.36611979e+00 2.91773213e-02 2.64082156e-01
1.62407032e-03 -2.76215686e-03 -1.65753016e-03 3.07463779e-03 1.14378950e-03 2.96866748e-03 -3.23023199e-03 3.87883212e-04 3.30621695e-03 8.44483521e-01 3.88705222e+00 2.62638461e-03 2.58494138e-01
6.14437884e-04 -1.43442208e-03 -1.49327149e-03 2.53656459e-03 1.13553029e-03 3.27868260e-03 -2.81289688e-03 1.80839463e-03 3.11214437e-03 8.39961235e-01 3.98176009e+00 -2.56305691e-03 2.58440847e-01
1.28306040e-03 -2.62079504e-03 -1.82563544e-03 3.03031572e-03 1.16799868e-03 2.78420024e-03 -3.31057844e-03 8.94076181e-04 3.41025560e-03 8.47305355e-01 3.98706594e+00 -1.00076119e-02 2.50223379e-01
7.62133613e-04 -1.83364935e-03 -1.44587075e-03 2.52239068e-03 9.31423900e-04 3.40929534e-03 -2.74321238e-03 1.46998968e-03 3.03737540e-03 8.36626582e-01 3.87639244e+00 1.06709070e-02 2.66367538e-01
8.49560274e-04 -1.95460803e-03 -1.57691347e-03 2.73808045e-03 1.11343154e-03 3.16392393e-03 -2.96190459e-03 1.47753076e-03 3.18650856e-03 8.33837356e-01 3.79323142e+00 -2.83275800e-02 2.53731360e-01
1.37765257e-03 -2.49596533e-03 -1.54406645e-03 2.94583609e-03 1.15749822e-03 3.21137485e-03 -3.09573932e-03 8.59320750e-04 3.25073791e-03 8.52785485e-01 4.12060592e+00 3.38914266e-02 2.63476102e-01
8.97514565e-04 -2.14193140e-03 -1.89374636e-03 2.99603877e-03 1.26276502e-03 2.82729276e-03 -3.38492242e-03 1.61244576e-03 3.52748000e-03 8.79527650e-01 4.26485808e+00 8.58186998e-03 2.45746191e-01
1.18505717e-03 -2.27423024e-03 -1.33274935e-03 2.51894482e-03 7.74235251e-04 3.24124742e-03 -2.69538115e-03 7.68702350e-04 2.90457209e-03 8.05453240e-01 3.63451581e+00 -8.20060377e-03 2.69789642e-01
9.97800654e-04 -2.18990080e-03 -1.39406821e-03 2.51575169e-03 6.70642037e-04 3.30203174e-03 -2.76248597e-03 1.04626797e-03 3.01408571e-03 8.04561098e-01 3.78362838e+00 1.90560458e-03 2.69505470e-01
1.11653618e-03 -2.33410780e-03 -1.81657278e-03 2.96177622e-03 1.34877922e-03 2.81360112e-03 -3.27587251e-03 1.28327063e-03 3.39366460e-03 8.77486889e-01 4.06994303e+00 -1.82100928e-03 2.46539718e-01
7.93790020e-04 -1.04185014e-03 -1.34692262e-03 2.51486798e-03 1.30423612e-03 2.36342768e-03 -2.94130356e-03 1.84059202e-03 3.03656502e-03 8.52625410e-01 4.09323250e+00 -2.27149201e-02 2.33963764e-01
1.95557882e-03 -2.84145582e-03 -1.41501058e-03 3.06297775e-03 8.95092332e-04 3.91442703e-03 -3.09214778e-03 -8.22211720e-05 3.20842997e-03 8.29372851e-01 3.80826930e+00 2.63058602e-02 2.78206248e-01
1.10257563e-03 -2.39026195e-03 -1.39875785e-03 2.61430469e-03 4.04273241e-04 3.41518095e-03 -2.96768828e-03 1.03118262e-03 3.22742663e-03 8.39244489e-01 3.84402793e+00 2.69264826e-02 2.70220685e-01
1.16532476e-03 -2.19305047e-03 -1.73438495e-03 2.83963279e-03 1.57141590e-03 2.75412797e-03 -3.09888689e-03 1.22187558e-03 3.19393426e-03 8.44633462e-01 4.02339495e+00 -2.32291408e-02 2.46209688e-01
8.88508158e-04 -1.80024282e-03 -1.81243518e-03 2.86871444e-03 1.40357412e-03 2.46170379e-03 -3.32187350e-03 1.69196867e-03 3.37865611e-03 8.62898676e-01 4.27448635e+00 -1.40003560e-02 2.36540257e-01
1.56259403e-03 -2.48155373e-03 -1.15623524e-03 2.51904887e-03 5.67114202e-04 3.47816786e-03 -2.72873061e-03 3.79885365e-04 2.90993066e-03 8.18242009e-01 3.60786785e+00 1.53739510e-02 2.76950766e-01
1.01345611e-03 -2.24246623e-03 -1.73579846e-03 3.08544271e-03 1.19572044e-03 3.40876546e-03 -3.35069769e-03 1.58476309e-03 3.57196673e-03 8.59713316e-01 4.15665186e+00 3.08961675e-03 2.54664942e-01
1.02052688e-03 -2.08829942e-03 -1.41576790e-03 2.52634460e-03 9.95730010e-04 2.89495926e-03 -2.67543670e-03 9.40897227e-04 2.85157420e-03 8.24686390e-01 3.72214062e+00 -3.01759921e-03 2.61972800e-01
1.06466232e-03 -2.00459744e-03 -1.49668845e-03 2.61901341e-03 1.28824863e-03 2.57046116e-03 -2.81407878e-03 1.07916030e-03 2.91183181e-03 8.38174591e-01 3.75934192e+00 -2.50921984e-02 2.47500384e-01
1.10552344e-03 -2.54372623e-03 -1.66592340e-03 2.95845550e-03 7.48837740e-04 3.84216855e-03 -3.27350667e-03 1.30803584e-03 3.57577398e-03 8.47187298e-01 4.14468631e+00 2.93974888e-02 2.68980226e-01
7.96739053e-04 -1.42165585e-03 -1.54890579e-03 2.76733300e-03 1.48493856e-03 3.25252585e-03 -3.04978057e-03 1.93525962e-03 3.28877632e-03 8.72497653e-01 4.21594700e+00 8.00179385e-03 2.51748177e-01
1.59255230e-03 -2.58194110e-03 -1.40876292e-03 2.83008417e-03 8.70502783e-04 2.96369653e-03 -2.95146490e-03 2.29332628e-04 3.04089907e-03 8.12538169e-01 3.66379243e+00 -7.66286549e-03 2.64683654e-01
1.53059051e-03 -2.95802199e-03 -1.73224959e-03 3.35328036e-03 8.93025821e-04 3.85215324e-03 -3.66534982e-03 1.09297789e-03 3.89435894e-03 8.54499497e-01 4.40803305e+00 4.07095934e-02 2.65823186e-01
8.60304539e-04 -1.73658960e-03 -1.37562641e-03 2.38362347e-03 1.20452807e-03 2.63887579e-03 -2.52975143e-03 1.15507775e-03 2.68164011e-03 8.32897312e-01 3.54852208e+00 -3.29421101e-02 2.51459406e-01
1.79721132e-03 -2.88075166e-03 -1.51746281e-03 3.08157128e-03 9.55175860e-04 3.77414153e-03 -3.17432124e-03 2.28951988e-04 3.32619708e-03 8.25319604e-01 3.91815805e+00 1.87326675e-02 2.73894863e-01
7.21137017e-04 -1.20907705e-03 -1.36453951e-03 2.53617303e-03 1.25586352e-03 2.56415835e-03 -2.84056780e-03 1.76231831e-03 2.97138258e-03 8.56569965e-01 3.95923773e+00 -1.67951618e-02 2.40358542e-01
6.58224801e-04 -1.39905179e-03 -1.62564084e-03 2.80552312e-03 1.34221852e-03 3.63400208e-03 -3.12157964e-03 2.12232273e-03 3.46606436e-03 8.67076165e-01 4.10978437e+00 -4.53989748e-03 2.54551392e-01
1.46067442e-03 -2.49538953e-03 -1.53708787e-03 2.80012963e-03 1.00644753e-03 2.67878299e-03 -2.89235183e-03 1.93854708e-04 2.95102027e-03 8.15467557e-01 3.75699268e+00 4.73226240e-03 2.62231192e-01
8.39293538e-04 -2.28035702e-03 -2.02228617e-03 3.27052822e-03 1.25947522e-03 3.76984310e-03 -3.61348095e-03 1.93569682e-03 3.91294745e-03 8.88662295e-01 4.19503468e+00 -5.41348389e-04 2.52765117e-01
1.09216724e-03 -2.08770498e-03 -1.31492787e-03 2.35532672e-03 8.42890440e-04 2.50323141e-03 -2.49113848e-03 5.50807612e-04 2.60711984e-03 7.92356183e-01 3.65242335e+00 6.13280831e-04 2.64253044e-01
1.41501386e-03 -2.56596936e-03 -1.75003708e-03 3.14964633e-03 1.61433146e-03 3.49003696e-03 -3.23513762e-03 1.01378089e-03 3.40001536e-03 8.64481960e-01 3.95722833e+00 -9.01638171e-03 2.56785753e-01
6.08445163e-04 -1.89370132e-03 -1.51380317e-03 2.47487072e-03 5.44678373e-04 2.84694219e-03 -2.80321521e-03 1.37936018e-03 3.04320566e-03 8.17450294e-01 3.89172989e+00 9.61083994e-03 2.60959449e-01
1.33815825e-03 -2.48840268e-03 -1.36104891e-03 2.66404664e-03 6.62762788e-04 3.41598646e-03 -2.90159553e-03 7.34482074e-04 3.11679523e-03 8.22021378e-01 3.71213206e+00 2.46155882e-03 2.70418403e-01
9.22365089e-04 -1.97595662e-03 -1.75539112e-03 2.78992272e-03 1.35596395e-03 2.63258685e-03 -3.14136165e-03 1.48677054e-03 3.25476769e-03 8.61468073e-01 4.16914058e+00 -2.38303482e-03 2.45261051e-01
6.91242115e-04 -1.87445044e-03 -1.72702591e-03 2.80105327e-03 1.10264898e-03 3.33020661e-03 -3.10585726e-03 1.75449927e-03 3.38442465e-03 8.39440432e-01 4.02825476e+00 -1.25792622e-02 2.55570696e-01
1.31209587e-03 -2.46255025e-03 -1.53434883e-03 2.76742620e-03 1.01253376e-03 2.88056878e-03 -2.93914264e-03 6.48748964e-04 3.06795884e-03 8.45249332e-01 3.84440733e+00 1.35949004e-02 2.61184601e-01
1.71358441e-03 -2.22577669e-05 -3.35134902e-04 2.52718005e-03 2.40895250e-03 3.62397421e-03 -2.67256081e-03 2.16027071e-03 2.95520321e-03 8.88198692e-01 4.22872062e+00 4.93914212e-03 2.45636954e-01
1.52226685e-03 -2.44143791e-03 -1.74346252e-03 3.17950849e-03 1.25474124e-03 3.24068633e-03 -2.93426030e-03 -2.61495907e-04 2.96713864e-03 7.95044212e-01 3.63751967e+00 -4.79755583e-03 2.69718444e-01
8.94277754e-04 -2.36707704e-03 -1.86661119e-03 3.11317519e-03 9.26229897e-04 3.39913899e-03 -3.48658963e-03 1.64810631e-03 3.73746597e-03 8.50139338e-01 4.38525406e+00 2.38392170e-02 2.58105767e-01
1.13659096e-03 -2.10412326e-03 -1.38351957e-03 2.53124532e-03 1.16909838e-03 2.91645254e-03 -2.62598153e-03 8.33046471e-04 2.78261359e-03 8.35503139e-01 3.54322410e+00 -2.09386425e-02 2.59387413e-01
2.27186056e-03 -3.05933753e-03 -1.37766915e-03 3.18365433e-03 6.53742762e-04 4.18545320e-03 -3.28488286e-03 -3.95680203e-04 3.36990370e-03 8.36697478e-01 3.78979310e+00 3.09837875e-02 2.81427039e-01
8.89267369e-04 -8.72759868e-04 -1.22871568e-03 2.34654409e-03 1.39953920e-03 2.01577805e-03 -2.80296329e-03 1.70694739e-03 2.82165622e-03 8.46596134e-01 4.12697889e+00 -2.61813937e-02 2.29109036e-01
6.17005757e-04 -1.40932957e-03 -1.66294779e-03 2.80779680e-03 1.30616099e-03 3.45518300e-03 -3.13374304e-03 2.09308499e-03 3.44565223e-03 8.76457122e-01 4.15994964e+00 5.04948043e-03 2.53044676e-01
1.52634430e-03 -2.51307622e-03 -1.46776087e-03 2.79754183e-03 1.00570951e-03 2.82128879e-03 -2.88701214e-03 2.15088574e-04 2.96029489e-03 8.07679815e-01 3.71338321e+00 -4.90284181e-03 2.63461126e-01
8.15409805e-04 -1.64852225e-03 -1.74430403e-03 3.02409076e-03 1.51392877e-03 3.62416452e-03 -3.34152245e-03 2.10084014e-03 3.62975904e-03 8.76466465e-01 4.18239086e+00 -1.03709245e-02 2.49896337e-01
1.38425172e-03 -2.37492985e-03 -1.36072492e-03 2.55751998e-03 7.63644365e-04 2.61110356e-03 -2.68455927e-03 1.81756221e-04 2.76710307e-03 8.02969204e-01 3.66248256e+00 1.11960019e-02 2.66662343e-01
1.33139586e-03 -2.45877211e-03 -1.41200421e-03 2.78056614e-03 8.26561895e-04 3.23092329e-03 -2.99460298e-03 8.25514001e-04 3.17817209e-03 8.21742400e-01 3.96003622e+00 1.72816680e-02 2.66397826e-01
9.31663310e-04 -2.01887788e-03 -1.66224084e-03 2.77221636e-03 1.30277938e-03 3.00662194e-03 -3.02160420e-03 1.43278405e-03 3.20473497e-03 8.59717500e-01 3.89997511e+00 -1.55977547e-02 2.50444440e-01
8.59177670e-04 -2.14228396e-03 -1.66278701e-03 2.77775178e-03 9.06527838e-04 2.98845866e-03 -3.09595315e-03 1.40422347e-03 3.30394073e-03 8.35973735e-01 3.95149005e+00 -9.20566338e-03 2.54193775e-01
1.14178942e-03 -2.31489856e-03 -1.58028724e-03 2.78162914e-03 1.17907699e-03 3.22855250e-03 -2.94061363e-03 1.04383745e-03 3.13948425e-03 8.48849848e-01 3.92540924e+00 9.74077922e-03 2.62421288e-01
1.41658421e-03 -2.67675374e-03 -1.86136545e-03 3.19664035e-03 1.54934199e-03 3.29096099e-03 -3.38173938e-03 1.02512989e-03 3.52288472e-03 8.61522730e-01 4.08121849e+00 -6.29948719e-03 2.53803168e-01
6.48895840e-04 -1.83581145e-03 -1.42096136e-03 2.38075109e-03 5.90855620e-04 2.94528388e-03 -2.67887384e-03 1.33887468e-03 2.93507065e-03 8.21306488e-01 3.77142855e+00 6.60689327e-03 2.63415367e-01
1.36072434e-03 -2.34497635e-03 -1.66338546e-03 2.86016540e-03 1.47622530e-03 2.46844018e-03 -3.08460894e-03 8.32638699e-04 3.10720773e-03 8.37000932e-01 3.97854073e+00 -1.75506357e-02 2.45341812e-01
7.26789135e-04 -2.06268722e-03 -1.57351128e-03 2.59336935e-03 5.79113982e-04 3.82748907e-03 -2.96936287e-03 1.57804808e-03 3.34074585e-03 8.48183155e-01 3.90255996e+00 1.95558588e-02 2.70847430e-01
4.98555668e-04 -1.79507707e-03 -1.53166434e-03 2.49357412e-03 3.93778452e-04 3.26379325e-03 -2.90723969e-03 1.66411811e-03 3.23439948e-03 8.14446443e-01 3.83601395e+00 -3.79046118e-03 2.63212216e-01
1.43335130e-03 -2.50146810e-03 -1.77475740e-03 3.04529046e-03 1.73418251e-03 3.04602606e-03 -3.12821833e-03 8.13616409e-04 3.21757225e-03 8.69748173e-01 4.02011615e+00 3.88809240e-03 2.54087377e-01
1.13317669e-03 -1.10982759e-03 -1.33045025e-03 2.58619448e-03 1.87819387e-03 2.68485893e-03 -2.95378709e-03 1.80385821e-03 3.05373039e-03 8.52039209e-01 4.27202034e+00 -2.17284502e-02 2.39423133e-01
1.95974747e-03 -2.82038872e-03 -1.30007534e-03 2.88380992e-03 3.35449438e-04 3.16732272e-03 -3.08569820e-03 -3.78742660e-04 3.13057514e-03 8.30224006e-01 3.59875705e+00 2.49929961e-02 2.74859546e-01
1.48955068e-03 -2.67052415e-03 -1.39174430e-03 2.82728733e-03 6.26666986e-04 3.53683540e-03 -3.10501663e-03 7.15219957e-04 3.31420650e-03 8.16776057e-01 3.83171785e+00 2.64201630e-03 2.69789601e-01
9.17104489e-04 -1.81487109e-03 -1.60027002e-03 2.59710690e-03 1.37191444e-03 2.54330908e-03 -2.89965813e-03 1.38616511e-03 3.00903580e-03 8.66277485e-01 4.01419867e+00 -2.55057866e-03 2.46087590e-01
1.48788426e-03 -2.52486829e-03 -1.47121908e-03 2.76678816e-03 8.98959836e-04 2.98288973e-03 -2.84263645e-03 1.67129563e-04 2.94134431e-03 8.22885873e-01 3.57022667e+00 -4.31312338e-03 2.66880287e-01
7.95540086e-04 -1.30905647e-03 -1.53655128e-03 2.85176169e-03 1.46479392e-03 3.26401965e-03 -3.17931838e-03 2.08525340e-03 3.41730840e-03 8.61682740e-01 4.33214547e+00 4.43444657e-03 2.49337532e-01
8.07682918e-04 -2.06380850e-03 -1.54219633e-03 2.56473730e-03 7.41794848e-04 2.72427829e-03 -2.85694138e-03 1.19546659e-03 3.04526745e-03 8.30825873e-01 3.64569989e+00 -2.41461632e-02 2.53055292e-01
1.23886130e-03 -2.54440286e-03 -1.79623377e-03 3.10583162e-03 1.40737530e-03 3.58592777e-03 -3.26201287e-03 1.19765560e-03 3.48158118e-03 8.55964343e-01 4.29184630e+00 2.80489796e-02 2.63833792e-01
1.60382865e-03 -2.78781444e-03 -1.90969233e-03 3.31777096e-03 1.73889972e-03 3.28084509e-03 -3.38195035e-03 6.70836077e-04 3.46989054e-03 8.66911930e-01 4.12998997e+00 8.78440472e-03 2.56398899e-01
3.67319959e-04 -1.45307006e-03 -1.46058808e-03 2.34860722e-03 5.44650049e-04 3.08606194e-03 -2.70549859e-03 1.73098863e-03 3.02757114e-03 8.18331300e-01 3.75100671e+00 -8.37177916e-03 2.60820871e-01
1.72629410e-03 -2.83798482e-03 -1.70158279e-03 3.22615278e-03 1.26747362e-03 3.77273065e-03 -3.17746905e-03 1.63001900e-04 3.30832993e-03 8.42669632e-01 3.83307436e+00 1.05325817e-02 2.71336748e-01
5.07810563e-04 -9.83508421e-04 -1.39594051e-03 2.49689468e-03 1.06232801e-03 2.65443196e-03 -2.85982920e-03 1.95842572e-03 3.06506702e-03 8.41779536e-01 4.06035691e+00 -9.89929181e-03 2.43805048e-01
6.21772612e-04 -1.56917305e-03 -1.58203049e-03 2.71262725e-03 1.08086090e-03 3.00006796e-03 -3.00510427e-03 1.80601720e-03 3.22918246e-03 8.56865512e-01 4.04802397e+00 9.02895583e-04 2.50821934e-01
1.42697404e-03 -2.59110724e-03 -1.58120809e-03 2.91400126e-03 1.11256198e-03 3.29471002e-03 -3.01686928e-03 5.87228497e-04 3.17296920e-03 8.27339329e-01 3.83034851e+00 -8.72252163e-04 2.65450781e-01
3.56587347e-04 -1.05833510e-03 -1.30631142e-03 2.32568024e-03 6.75085311e-04 3.29724929e-03 -2.66072194e-03 1.95283293e-03 3.02120220e-03 8.35810961e-01 3.82156845e+00 6.15031619e-03 2.61631080e-01
1.61061193e-03 -2.91168697e-03 -2.07811229e-03 3.34964795e-03 1.73050422e-03 3.17639715e-03 -3.39631526e-03 3.86764465e-04 3.46268695e-03 8.48251684e-01 4.03137560e+00 -5.90348980e-03 2.56121936e-01
1.00640189e-03 -2.13064071e-03 -1.56021527e-03 2.67851823e-03 1.20571847e-03 3.09102452e-03 -2.82491326e-03 1.12249930e-03 3.01999873e-03 8.52383890e-01 3.77265932e+00 -5.32656179e-03 2.58887677e-01
9.72895386e-04 -2.26120842e-03 -1.64032001e-03 2.90901347e-03 9.03822000e-04 3.17394163e-03 -3.18791901e-03 1.36347846e-03 3.39805221e-03 8.31415623e-01 4.09615108e+00 5.54073108e-03 2.58132990e-01
5.02997174e-04 -1.46430474e-03 -1.52885087e-03 2.52740986e-03 9.01990239e-04 3.34380837e-03 -2.84985261e-03 1.85759153e-03 3.18177186e-03 8.41682819e-01 3.89208598e+00 -4.86906631e-03 2.59289147e-01
1.58653998e-03 -2.68522121e-03 -1.70962947e-03 3.08731528e-03 1.38408868e-03 2.96810170e-03 -3.19529233e-03 4.68625652e-04 3.26368889e-03 8.42736401e-01 3.98458937e+00 5.03758432e-03 2.57703325e-01
5.53959114e-04 -1.10959574e-03 -1.35597114e-03 2.32889018e-03 1.11227980e-03 2.55172050e-03 -2.63403436e-03 1.71208463e-03 2.82632910e-03 8.36321346e-01 3.89088501e+00 -1.50135824e-02 2.46828689e-01
1.84206399e-03 -3.11147904e-03 -1.78787055e-03 3.38887147e-03 1.08187922e-03 3.75695387e-03 -3.48232997e-03 2.05141903e-04 3.61414188e-03 8.48815308e-01 3.98901377e+00 1.64588810e-02 2.68922577e-01
1.00598117e-03 -4.70975694e-04 -8.33610874e-04 2.35186384e-03 1.69122904e-03 2.98801883e-03 -2.54794996e-03 1.92813101e-03 2.77016254e-03 8.58916620e-01 3.89320438e+00 -1.98072933e-02 2.43816968e-01
1.81082076e-03 -2.96758357e-03 -1.89630283e-03 3.45830608e-03 1.10857201e-03 3.55288925e-03 -3.38647389e-03 -2.67480764e-04 3.44348348e-03 8.21957073e-01 3.97212402e+00 2.25457466e-02 2.71240583e-01
1.00654033e-03 -1.89403028e-03 -1.45325606e-03 2.50049871e-03 1.34178726e-03 2.61934806e-03 -2.66674037e-03 1.09304604e-03 2.78641248e-03 8.36449926e-01 3.66445242e+00 -3.08286472e-02 2.49283259e-01
1.33802160e-03 -2.77835686e-03 -1.64217348e-03 3.11439901e-03 6.54640109e-04 3.82249538e-03 -3.47978502e-03 1.18123725e-03 3.74878475e-03 8.49704353e-01 4.25751225e+00 3.75674357e-02 2.67782794e-01
1.99517119e-03 -3.02151008e-03 -1.57525127e-03 3.26512440e-03 9.36644159e-04 3.87709954e-03 -3.31887865e-03 -7.01197900e-05 3.42906369e-03 8.59427072e-01 3.86511820e+00 3.23261096e-02 2.74657650e-01
8.51502161e-04 -8.77783661e-04 -1.15007925e-03 2.44997929e-03 1.45753113e-03 2.54473503e-03 -2.73716023e-03 1.81502352e-03 2.85426617e-03 8.28316699e-01 4.05177630e+00 -2.72613155e-02 2.39397788e-01
5.49533542e-04 -1.46341327e-03 -1.63453119e-03 2.69722544e-03 1.12911979e-03 3.36910506e-03 -3.01756575e-03 1.97999150e-03 3.33279836e-03 8.35541727e-01 4.09309362e+00 -8.59646640e-03 2.55930223e-01
1.51489073e-03 -2.62313717e-03 -1.59688133e-03 2.89836160e-03 1.09391337e-03 2.88155704e-03 -3.02387045e-03 3.33251053e-04 3.10893314e-03 8.49278524e-01 3.77900420e+00 9.06277638e-03 2.60888517e-01
8.73000664e-04 -5.16442160e-04 -9.09446182e-04 2.20036444e-03 1.49668811e-03 2.59630460e-03 -2.45650645e-03 1.77826623e-03 2.63778913e-03 8.44135923e-01 3.81481283e+00 -2.87283490e-02 2.40529073e-01
2.02689938e-03 -3.20079629e-03 -1.95482011e-03 3.71270364e-03 1.09832544e-03 3.99066902e-03 -3.63842478e-03 -3.35669298e-04 3.70530571e-03 8.39748371e-01 4.08865160e+00 3.45779601e-02 2.73659874e-01
9.35725095e-04 -1.00271466e-03 -1.23934617e-03 2.35481969e-03 1.47975830e-03 2.19734453e-03 -2.75953419e-03 1.65732118e-03 2.81244661e-03 8.48725971e-01 4.04832186e+00 -2.72595481e-02 2.33310693e-01
2.18521670e-03 -3.11140059e-03 -1.43186607e-03 3.17990267e-03 5.36947726e-04 3.93755192e-03 -3.35032735e-03 -3.23614410e-04 3.43950899e-03 8.33896025e-01 3.84390517e+00 3.25231682e-02 2.78847073e-01
5.69619902e-04 -1.36974092e-03 -1.47743695e-03 2.50787061e-03 1.09155462e-03 3.40082753e-03 -2.79197895e-03 1.86827063e-03 3.12575438e-03 8.19313298e-01 3.98805192e+00 -9.71865785e-03 2.60747583e-01
1.61198692e-03 -2.81059280e-03 -1.75721455e-03 3.09454361e-03 1.18207645e-03 2.84297258e-03 -3.26443046e-03 3.20506918e-04 3.32346883e-03 8.66201429e-01 3.87830801e+00 1.02774197e-02 2.56277380e-01
1.32660142e-03 -2.71173446e-03 -1.77331921e-03 3.17610282e-03 1.18737567e-03 3.80200494e-03 -3.37576625e-03 1.14755875e-03 3.62175169e-03 8.48559398e-01 4.25627626e+00 2.45720467e-02 2.66127468e-01
7.90168631e-04 -1.88557937e-03 -1.48654807e-03 2.46387738e-03 9.13855584e-04 2.55689748e-03 -2.73075755e-03 1.21565460e-03 2.89046832e-03 8.36869881e-01 3.66103056e+00 -2.14939134e-02 2.50374856e-01
1.07830621e-03 -6.83493315e-04 -1.05016282e-03 2.63503341e-03 1.72430644e-03 2.91272193e-03 -2.94870128e-03 2.06016822e-03 3.10444547e-03 8.61648792e-01 4.28154784e+00 -6.78294522e-03 2.40065249e-01
1.69338217e-03 -2.66904427e-03 -1.55563413e-03 3.00201027e-03 9.13934634e-04 3.42431919e-03 -2.97035211e-03 -1.74960247e-04 3.05199466e-03 8.21091727e-01 3.61487671e+00 7.13276194e-03 2.74074474e-01
9.56038416e-04 -2.05333900e-03 -1.32616977e-03 2.43276422e-03 6.74502902e-04 2.78519547e-03 -2.65690459e-03 9.48403926e-04 2.83989873e-03 8.03540067e-01 3.65683398e+00 -9.12644776e-03 2.62372725e-01
1.09947016e-03 -2.34719633e-03 -1.88023043e-03 3.18492767e-03 1.53880515e-03 3.49934924e-03 -3.39647994e-03 1.54150882e-03 3.60527776e-03 8.81664242e-01 4.22809189e+00 9.59705830e-03 2.54382398e-01
1.71893152e-03 -2.78960235e-03 -1.48367949e-03 3.02497024e-03 9.35493268e-04 3.44887304e-03 -3.15382922e-03 3.24758885e-04 3.28648591e-03 8.49851987e-01 3.88908275e+00 2.64498271e-02 2.69317602e-01
6.14706593e-04 -1.45794691e-03 -1.61081655e-03 2.59648243e-03 1.20314272e-03 2.77508822e-03 -2.93266119e-03 1.77065203e-03 3.13082288e-03 8.35856882e-01 4.00363509e+00 -2.29231444e-02 2.46365548e-01
1.00143636e-03 -2.32629408e-03 -1.74572097e-03 3.07635351e-03 1.12199776e-03 4.11945789e-03 -3.33494211e-03 1.67873218e-03 3.67721777e-03 8.62205234e-01 4.12002649e+00 9.57125964e-03 2.65077657e-01
9.99744276e-04 -2.09633986e-03 -1.51188280e-03 2.48549426e-03 9.77253735e-04 2.28529857e-03 -2.73098087e-03 8.38081919e-04 2.81670224e-03 8.23111318e-01 3.76741450e+00 -9.07730787e-03 2.51510841e-01
1.38427798e-03 -2.45985697e-03 -1.33264409e-03 2.70431735e-03 7.46819557e-04 3.33903633e-03 -2.89493684e-03 6.86275226e-04 3.08478671e-03 8.07174825e-01 3.73807654e+00 -3.79321235e-03 2.69076290e-01
9.54093877e-04 -1.83741963e-03 -1.62560341e-03 2.79821765e-03 1.42792166e-03 2.82543510e-03 -3.08466739e-03 1.56509657e-03 3.21704371e-03 8.76629868e-01 4.12622329e+00 3.89149413e-03 2.46731960e-01
7.69602024e-04 -2.03990680e-03 -1.74559957e-03 2.83089856e-03 1.13526202e-03 3.48264768e-03 -3.08784349e-03 1.62891199e-03 3.37528409e-03 8.60440435e-01 3.88220365e+00 -1.29741228e-02 2.57242029e-01
1.22751333e-03 -2.43945853e-03 -1.58433625e-03 2.75918193e-03 9.43569456e-04 2.72104834e-03 -2.97650565e-03 7.05439221e-04 3.09354640e-03 8.21359075e-01 3.98753147e+00 1.41437395e-02 2.60222364e-01
1.51322761e-03 -2.40506357e-03 -1.24597947e-03 2.55286700e-03 7.33418293e-04 3.02489741e-03 -2.65335239e-03 1.46906307e-04 2.76673320e-03 8.06069862e-01 3.48386432e+00 -3.29621600e-03 2.71885244e-01
8.85926597e-04 -1.41331318e-03 -1.63374259e-03 3.02070591e-03 1.61211341e-03 3.10981392e-03 -3.36591366e-03 2.10857050e-03 3.52944614e-03 8.77532679e-01 4.42796121e+00 3.37756715e-03 2.43015714e-01
1.04857786e-03 -1.86126506e-03 -1.56895599e-03 2.69735436e-03 1.49681641e-03 2.57737424e-03 -2.96623500e-03 1.36143061e-03 3.04404965e-03 8.39543683e-01 3.94117072e+00 -3.26232756e-02 2.41619674e-01
1.56523322e-03 -2.67823226e-03 -1.30615474e-03 2.81414165e-03 5.59484856e-04 3.74870430e-03 -3.10511823e-03 7.21031259e-04 3.33131995e-03 8.45771887e-01 3.95419313e+00 4.03077566e-02 2.73772532e-01
1.04493724e-03 -2.35484009e-03 -1.50171906e-03 2.74796346e-03 5.78979828e-04 3.22292262e-03 -3.08708520e-03 1.17380846e-03 3.32022140e-03 8.44293010e-01 4.03203046e+00 3.16596236e-02 2.64602714e-01
1.12090571e-03 -2.19528057e-03 -1.66483538e-03 2.85117952e-03 1.51086819e-03 3.11467034e-03 -2.98292563e-03 1.18537074e-03 3.14391089e-03 8.40562360e-01 3.85301515e+00 -2.67072366e-02 2.52935815e-01
1.86391389e-03 -2.99347688e-03 -1.76330915e-03 3.36276972e-03 1.08348251e-03 3.84374841e-03 -3.33039939e-03 -1.08472013e-04 3.43318033e-03 8.27076824e-01 3.87179057e+00 1.14941524e-02 2.73526467e-01
8.65594318e-04 -6.27473471e-04 -9.73916268e-04 2.38002414e-03 1.47157838e-03 2.64680704e-03 -2.62897990e-03 1.87530255e-03 2.78099327e-03 8.55797591e-01 3.99812847e+00 -1.07064477e-02 2.40769945e-01
8.18733500e-04 -2.08154525e-03 -1.29465761e-03 2.30527062e-03 1.41217126e-04 3.06605399e-03 -2.71925670e-03 1.11588807e-03 2.98610260e-03 7.87670115e-01 3.65431264e+00 -2.67489647e-03 2.69212473e-01
1.42134560e-03 -2.45250449e-03 -1.86667717e-03 3.10206816e-03 1.93094375e-03 3.04164105e-03 -3.30207287e-03 1.14707784e-03 3.38238238e-03 8.94009989e-01 4.16922607e+00 2.75333852e-03 2.47750527e-01
1.34435054e-03 -2.61215221e-04 -6.26795282e-04 2.46942922e-03 1.98925408e-03 3.36690995e-03 -2.69076309e-03 2.10562586e-03 2.97025151e-03 8.75262167e-01 4.10305148e+00 -4.97272347e-03 2.45143211e-01
1.55337270e-03 -2.61354928e-03 -1.84272301e-03 3.24345591e-03 1.24314752e-03 3.32239848e-03 -3.05922239e-03 -2.20366524e-04 3.10956587e-03 8.06123560e-01 3.75771710e+00 5.21332830e-03 2.70102498e-01
1.29546223e-03 -2.29553704e-03 -1.29104320e-03 2.56060683e-03 8.81573944e-04 3.30862258e-03 -2.69739771e-03 7.09194104e-04 2.89475820e-03 8.21418133e-01 3.70026664e+00 8.07417006e-03 2.70901715e-01
7.84530209e-04 -2.05946842e-03 -1.89777785e-03 2.95458413e-03 1.14844955e-03 2.79735049e-03 -3.35781780e-03 1.66152362e-03 3.51141749e-03 8.61205705e-01 4.17620982e+00 -7.64210795e-03 2.44415177e-01
1.50450242e-03 -2.54908133e-03 -1.38155764e-03 2.69288721e-03 6.79717044e-04 2.92141625e-03 -2.85344469e-03 1.91106164e-04 2.95944255e-03 8.27095028e-01 3.53182134e+00 -1.67479924e-03 2.67096994e-01
7.61679220e-04 -1.56030963e-03 -1.74742097e-03 2.86832595e-03 1.50442764e-03 3.10946619e-03 -3.21594399e-03 1.95542414e-03 3.42686459e-03 8.57210256e-01 4.37005573e+00 1.71360667e-03 2.49216823e-01
1.18771840e-03 -2.29236183e-03 -1.72882657e-03 3.05803768e-03 1.37300672e-03 2.88937714e-03 -3.33281612e-03 1.33472620e-03 3.43709497e-03 8.48277862e-01 4.26892900e+00 2.95094318e-03 2.49141245e-01
9.57595975e-04 -2.10088069e-03 -1.40097907e-03 2.49221438e-03 8.20537632e-04 3.28151519e-03 -2.69132322e-03 1.08112731e-03 2.94176983e-03 8.36209342e-01 3.62914189e+00 -2.87932343e-03 2.67177633e-01
1.58339318e-03 -2.53722961e-03 -1.24357037e-03 2.60939377e-03 5.67125411e-04 3.08662679e-03 -2.79287240e-03 1.70449971e-04 2.91487153e-03 7.99106566e-01 3.52967020e+00 -7.09891684e-03 2.71722669e-01
8.26807761e-04 -1.61305019e-03 -1.78459507e-03 2.87240079e-03 1.53791204e-03 2.83536889e-03 -3.27376705e-03 1.88164621e-03 3.41535912e-03 8.85230795e-01 4.36645876e+00 7.38222147e-03 2.43433397e-01
9.00490347e-04 -1.14430828e-03 -1.34416679e-03 2.61182582e-03 1.65315271e-03 3.06425143e-03 -2.86757416e-03 1.88345414e-03 3.07112069e-03 8.38817330e-01 4.11396473e+00 -2.17228534e-02 2.47573677e-01
1.72569995e-03 -2.84927001e-03 -1.54862602e-03 3.00830353e-03 6.70926455e-04 3.08792656e-03 -3.17498336e-03 -2.17603329e-05 3.25358957e-03 8.46267906e-01 3.76391923e+00 2.48862122e-02 2.68339509e-01
7.35788351e-04 -1.71701270e-03 -1.50082589e-03 2.59201619e-03 1.11779905e-03 3.10436053e-03 -2.80961424e-03 1.55531681e-03 3.04863726e-03 8.44532511e-01 3.93997777e+00 2.43378458e-03 2.57964294e-01
1.34869639e-03 -2.64071436e-03 -1.68658782e-03 3.01470417e-03 1.04938769e-03 3.13735865e-03 -3.22060687e-03 8.07168072e-04 3.37063268e-03 8.39904882e-01 3.92741478e+00 -2.37572442e-03 2.58892799e-01
8.60671979e-04 -6.44063248e-04 -9.64215495e-04 2.24740375e-03 1.55903170e-03 2.96956506e-03 -2.44543102e-03 1.81279374e-03 2.69406959e-03 8.31647085e-01 3.89889876e+00 -1.82181563e-02 2.51119357e-01
1.88576308e-03 -3.17121838e-03 -1.99347132e-03 3.58590249e-03 1.06518356e-03 3.40504589e-03 -3.63062984e-03 -1.90256065e-04 3.67590298e-03 8.54329139e-01 3.97373964e+00 2.03576602e-02 2.65320379e-01
1.52268302e-03 -2.62222818e-03 -1.79225222e-03 3.12914287e-03 1.69619764e-03 3.26090917e-03 -3.11703159e-03 5.57566385e-04 3.21748502e-03 8.40035896e-01 3.96766086e+00 -3.63738806e-03 2.59914040e-01
3.72371888e-04 -1.33102330e-03 -1.46945381e-03 2.55109110e-03 6.41213059e-04 3.24688228e-03 -2.90147725e-03 1.97593041e-03 3.22793643e-03 8.44422227e-01 3.90609858e+00 3.74049059e-03 2.57278595e-01
9.74738042e-04 -2.44725645e-03 -1.65406047e-03 2.85276710e-03 5.60281814e-04 4.07979297e-03 -3.25519950e-03 1.48824106e-03 3.61969915e-03 8.35779582e-01 4.11531482e+00 2.43039640e-02 2.71874284e-01
1.09936079e-03 -2.12004460e-03 -1.60522634e-03 2.59379286e-03 1.28861072e-03 2.29659288e-03 -2.83821655e-03 8.96747653e-04 2.88902438e-03 8.47540748e-01 3.76136565e+00 -2.12302782e-02 2.44285184e-01
8.01226441e-04 -7.44327220e-04 -1.11445700e-03 2.46989501e-03 1.45011707e-03 2.72943825e-03 -2.73655858e-03 1.93211855e-03 2.90530611e-03 8.50375564e-01 4.05106548e+00 -1.32394861e-02 2.41745688e-01
1.86731735e-03 -2.88548034e-03 -1.63468364e-03 3.26362949e-03 1.09451030e-03 3.73288437e-03 -3.22989402e-03 -6.00832956e-05 3.32750120e-03 8.32987988e-01 3.83203714e+00 1.44110653e-02 2.72828547e-01
1.16607171e-03 -1.92532151e-03 -1.51253477e-03 2.57617307e-03 1.55535718e-03 2.33712062e-03 -2.81953337e-03 1.08242456e-03 2.84816691e-03 8.59451552e-01 3.85015147e+00 -2.18992859e-02 2.40887432e-01
1.40678411e-03 -2.66031316e-03 -1.34925488e-03 2.76469757e-03 3.17552796e-04 3.96179972e-03 -3.19438675e-03 1.00456607e-03 3.48485426e-03 8.20890240e-01 3.98781657e+00 2.52783403e-02 2.74685428e-01
8.43913585e-04 -1.99751129e-03 -1.68623500e-03 2.80991661e-03 1.17308527e-03 3.19169224e-03 -3.09066442e-03 1.57433623e-03 3.32009202e-03 8.77836488e-01 3.87780488e+00 -8.77713922e-03 2.51705431e-01
1.28454375e-03 -2.45878571e-03 -1.51088060e-03 2.75141018e-03 9.23568164e-04 2.98924201e-03 -2.92607554e-03 6.71268198e-04 3.07561093e-03 8.01883377e-01 3.96410681e+00 9.39345410e-03 2.65378969e-01
1.16737509e-03 -2.34871372e-03 -1.66498258e-03 2.99741349e-03 1.26338360e-03 3.30481117e-03 -3.19856823e-03 1.26986421e-03 3.38968220e-03 8.53375158e-01 3.96759171e+00 -8.72278759e-03 2.55321298e-01
9.33251198e-04 -2.10650338e-03 -1.49706478e-03 2.59018140e-03 9.08459518e-04 2.96349033e-03 -2.81812400e-03 1.14280847e-03 3.02204571e-03 8.30014353e-01 3.89807131e+00 9.24788754e-03 2.61705337e-01
1.79175341e-03 7.91761834e-05 -7.45860999e-05 2.08037652e-03 2.31931960e-03 3.11427846e-03 -2.21790425e-03 1.75538184e-03 2.45895306e-03 8.32914196e-01 3.93549920e+00 -2.80133927e-02 2.44402324e-01
1.77185127e-03 -2.88304073e-03 -2.16162602e-03 3.90734933e-03 1.49034675e-03 3.94024009e-03 -3.53943358e-03 -4.03644385e-04 3.56893647e-03 8.53913863e-01 3.97207701e+00 3.34347791e-02 2.70835807e-01
1.49479676e-03 -2.55861770e-03 -1.59021124e-03 2.96401445e-03 1.21824654e-03 2.83165166e-03 -3.10510111e-03 5.59836325e-04 3.17909956e-03 8.59472613e-01 3.92851483e+00 1.53279604e-02 2.56755496e-01
6.11276462e-04 -1.65729071e-03 -1.59926916e-03 2.63318444e-03 1.03795001e-03 3.46054915e-03 -2.92459633e-03 1.80100180e-03 3.24907467e-03 8.26475795e-01 3.94976492e+00 -1.40961939e-02 2.60085116e-01
1.38810173e-03 -2.48047746e-03 -1.59014785e-03 2.83079457e-03 1.28831404e-03 3.16019863e-03 -2.85382389e-03 4.76734863e-04 2.98778722e-03 8.20643960e-01 3.79412452e+00 -1.67340056e-03 2.65791685e-01
5.38413825e-04 -1.51732579e-03 -1.63131490e-03 2.80044769e-03 9.09698189e-04 3.19259262e-03 -3.18456535e-03 2.02605848e-03 3.45844921e-03 8.63414734e-01 4.09032694e+00 1.71443368e-03 2.50350281e-01
1.30159960e-03 -2.64846631e-03 -1.69110895e-03 3.10503907e-03 1.08729785e-03 3.96850252e-03 -3.30300689e-03 1.17489080e-03 3.57655356e-03 8.65053004e-01 4.02569078e+00 1.51474469e-02 2.67067445e-01
7.85844767e-04 -1.84595934e-03 -1.53019754e-03 2.49419541e-03 9.93166879e-04 2.39602035e-03 -2.77331658e-03 1.23043545e-03 2.89336725e-03 8.21214067e-01 3.86964475e+00 -1.39585382e-02 2.49182009e-01
1.85070309e-03 -2.99377602e-03 -1.46702828e-03 3.14693373e-03 7.42295010e-04 3.86640975e-03 -3.36374785e-03 4.16029109e-04 3.54018983e-03 8.34627365e-01 4.00921941e+00 2.44669452e-02 2.72611177e-01
7.40863225e-04 -1.41485935e-03 -1.43833371e-03 2.43156886e-03 1.29020162e-03 2.41907156e-03 -2.70798000e-03 1.51279409e-03 2.82033890e-03 8.48474598e-01 3.86243557e+00 -2.13485038e-02 2.42484736e-01
1.42448627e-03 -2.74204043e-03 -1.86989022e-03 3.29310276e-03 1.47366497e-03 3.54706919e-03 -3.49313533e-03 1.13653210e-03 3.67152350e-03 8.79409790e-01 4.10624701e+00 2.93558354e-03 2.55652652e-01
6.71836058e-04 -1.80686468e-03 -1.40437943e-03 2.33669161e-03 6.89092459e-04 2.73171226e-03 -2.59095685e-03 1.21894333e-03 2.80655704e-03 8.03917652e-01 3.75023460e+00 -2.86560584e-03 2.61596036e-01
1.40048358e-03 -2.50981417e-03 -1.67227778e-03 3.00043753e-03 1.43133175e-03 3.07704347e-03 -3.14831423e-03 8.74889216e-04 3.26669810e-03 8.44025747e-01 4.00115652e+00 -4.11329719e-03 2.55880124e-01
5.92313139e-04 -1.87109935e-03 -1.59616662e-03 2.57373931e-03 7.02033489e-04 3.18317255e-03 -2.89666741e-03 1.56548523e-03 3.18517668e-03 8.40306193e-01 3.87122621e+00 4.24305209e-03 2.61078153e-01
9.67279385e-04 -2.19291044e-03 -1.66813456e-03 2.81178586e-03 1.11765724e-03 3.07380819e-03 -3.06883277e-03 1.32679765e-03 3.26772759e-03 8.63743449e-01 4.01710083e+00 1.12387280e-02 2.56368712e-01
1.10896893e-03 -2.24386055e-03 -1.50226504e-03 2.74994746e-03 1.02681776e-03 3.16735666e-03 -2.95038682e-03 1.11211511e-03 3.14781627e-03 8.21860815e-01 3.86104011e+00 -1.05691478e-02 2.60354035e-01
9.96416263e-04 -2.06832083e-03 -1.53467214e-03 2.47625966e-03 1.08509302e-03 2.28543571e-03 -2.71465025e-03 8.68869910e-04 2.79732906e-03 8.17447873e-01 3.74981030e+00 -2.01127168e-02 2.49865742e-01
1.01945041e-03 -2.42826833e-03 -1.75011506e-03 3.09034778e-03 9.34454398e-04 4.15927148e-03 -3.40855638e-03 1.65493657e-03 3.75937703e-03 8.70472492e-01 4.16227964e+00 2.26722172e-02 2.66614267e-01
1.27747369e-03 -4.08668630e-04 -6.86300598e-04 2.22169911e-03 1.85813157e-03 2.59288589e-03 -2.49034935e-03 1.74365667e-03 2.62346891e-03 8.36368543e-01 4.01408856e+00 -2.96194438e-02 2.38013544e-01
2.03313515e-03 -3.08887831e-03 -1.84483346e-03 3.60765459e-03 8.77808186e-04 3.90860018e-03 -3.53402854e-03 -5.19360284e-04 3.57511017e-03 8.49730581e-01 3.89395005e+00 3.57876836e-02 2.75501667e-01
9.54552879e-04 -2.22677276e-03 -1.75835444e-03 2.98867050e-03 1.25092670e-03 3.56578906e-03 -3.20598440e-03 1.53402786e-03 3.46784004e-03 8.67001746e-01 3.94973237e+00 -8.25357597e-03 2.56954906e-01
1.09149481e-03 -2.25050553e-03 -1.48266833e-03 2.60596273e-03 8.87519638e-04 2.69418029e-03 -2.82482390e-03 8.49234482e-04 2.96691286e-03 8.14717141e-01 3.90942518e+00 8.76823563e-03 2.60465609e-01
1.78976275e-03 -2.80987080e-03 -1.42362026e-03 2.98375233e-03 8.73185330e-04 3.80108499e-03 -3.08779991e-03 2.30514329e-04 3.24649159e-03 8.26313868e-01 3.90175696e+00 2.68517497e-02 2.75858714e-01
7.72752347e-04 -1.30711323e-03 -1.42103936e-03 2.61427757e-03 1.29529678e-03 2.53526693e-03 -2.93743029e-03 1.75757205e-03 3.04417520e-03 8.55010053e-01 3.98481562e+00 -2.31075709e-02 2.37730090e-01
1.61697897e-03 -2.81822655e-03 -1.63295059e-03 3.21084181e-03 1.18708377e-03 3.73762032e-03 -3.33388479e-03 7.41434841e-04 3.51834336e-03 8.62670257e-01 3.93376075e+00 7.44050240e-03 2.64687654e-01
6.52271759e-04 -1.61409434e-03 -1.49226138e-03 2.43241459e-03 1.00165331e-03 2.57045667e-03 -2.72512571e-03 1.46653863e-03 2.90024161e-03 8.22347935e-01 3.94233250e+00 -7.13553466e-03 2.52093547e-01
9.57306412e-04 -1.81113321e-03 -1.39757324e-03 2.34723543e-03 1.21723610e-03 2.30237333e-03 -2.56194419e-03 1.01240972e-03 2.64940359e-03 8.36540604e-01 3.57153404e+00 -3.38641374e-02 2.45386251e-01
1.50749153e-03 -2.96998731e-03 -1.67646290e-03 3.26815307e-03 7.03577852e-04 4.26993984e-03 -3.63808380e-03 1.18597191e-03 3.93688492e-03 8.49821245e-01 4.36765121e+00 4.21768245e-02 2.71091546e-01
8.63330215e-04 -1.78168845e-03 -1.75850068e-03 3.00837368e-03 1.30995284e-03 2.89390509e-03 -3.42882804e-03 1.89816951e-03 3.56855908e-03 8.80681462e-01 4.30870233e+00 1.85069272e-03 2.41658453e-01
1.41616635e-03 -2.32179528e-03 -1.22893068e-03 2.51787730e-03 8.61430721e-04 3.23005620e-03 -2.61113425e-03 4.29314789e-04 2.77216504e-03 8.02177166e-01 3.58629969e+00 -1.79817415e-03 2.72827242e-01
1.11219511e-03 -2.13330380e-03 -1.32600303e-03 2.52348683e-03 9.52636135e-04 3.31297333e-03 -2.66236821e-03 9.60863709e-04 2.88820711e-03 7.88585212e-01 3.84324453e+00 -7.11003808e-04 2.70277210e-01
1.00784121e-03 -2.33626098e-03 -1.83358583e-03 3.01370889e-03 1.12475837e-03 2.85463415e-03 -3.34854010e-03 1.36197099e-03 3.48765627e-03 8.92446155e-01 3.99326425e+00 7.73321885e-04 2.45562510e-01
1.35978682e-03 -2.35205400e-03 -1.44845700e-03 2.73856841e-03 1.19110329e-03 2.99365859e-03 -2.81168178e-03 6.05850172e-04 2.93678955e-03 8.43561255e-01 3.63713512e+00 -8.86172921e-03 2.60529705e-01
6.42340379e-04 -1.86889531e-03 -1.75688370e-03 2.87340780e-03 9.81975417e-04 3.31363531e-03 -3.22678001e-03 1.85713206e-03 3.50523175e-03 8.40748590e-01 4.25271024e+00 9.37479524e-03 2.56704232e-01
1.33623990e-03 -2.36224181e-03 -1.46518821e-03 2.65484458e-03 1.10194433e-03 2.80531234e-03 -2.75451245e-03 4.75184889e-04 2.86337693e-03 8.05891772e-01 3.74730427e+00 -5.79820449e-03 2.63115537e-01
5.52177852e-04 -1.79335897e-03 -1.84570669e-03 2.94363208e-03 1.01493142e-03 3.46758244e-03 -3.31822952e-03 2.02893636e-03 3.63084264e-03 8.78399403e-01 4.13148767e+00 5.99494626e-03 2.53435376e-01
1.71068701e-03 -2.91380428e-03 -1.74861622e-03 3.20088751e-03 1.07396472e-03 3.23211133e-03 -3.29104130e-03 1.19674071e-04 3.37660449e-03 8.49508405e-01 4.03585299e+00 3.58972154e-02 2.66959943e-01
6.32903243e-04 -1.21984485e-03 -1.43734958e-03 2.53302928e-03 1.23623655e-03 3.09418710e-03 -2.83406600e-03 1.89433381e-03 3.10130659e-03 8.36531315e-01 3.87772855e+00 -2.96932340e-02 2.49401595e-01
9.04093024e-04 -1.79915884e-03 -1.41303348e-03 2.36694493e-03 1.21459936e-03 2.39368519e-03 -2.53594424e-03 1.02317611e-03 2.64096732e-03 8.20600166e-01 3.68129053e+00 -2.34730567e-02 2.50949764e-01
1.27779139e-03 -2.73705612e-03 -1.72616442e-03 3.27152834e-03 8.14001792e-04 4.10446901e-03 -3.60913279e-03 1.44164160e-03 3.91213073e-03 8.67745258e-01 4.23269301e+00 2.70723371e-02 2.65691071e-01
8.79087912e-04 -1.78739585e-03 -1.45332751e-03 2.42637950e-03 1.12801356e-03 2.34024497e-03 -2.69956736e-03 1.18890975e-03 2.79932325e-03 8.34481987e-01 3.82506082e+00 -1.41613182e-02 2.47351054e-01
1.43188891e-03 -2.72303966e-03 -1.59597560e-03 3.12784223e-03 9.64911320e-04 4.03853647e-03 -3.35184903e-03 1.10399451e-03 3.62108437e-03 8.50782576e-01 4.05965503e+00 1.54351244e-02 2.68670235e-01
6.24621202e-04 -1.68158521e-03 -1.59138440e-03 2.53861527e-03 9.70194719e-04 2.57174864e-03 -2.86939467e-03 1.54110367e-03 3.04128821e-03 8.47551858e-01 3.90973257e+00 -8.47338510e-03 2.47691700e-01
1.48090806e-03 -2.73135673e-03 -1.62048337e-03 3.04273730e-03 1.08912437e-03 3.67975263e-03 -3.18510756e-03 7.51973309e-04 3.39163399e-03 8.36422248e-01 3.96836213e+00 8.95533383e-03 2.68174710e-01
1.54013024e-03 -2.64253467e-03 -1.48171687e-03 2.82237627e-03 7.93291516e-04 2.99952190e-03 -2.97072871e-03 2.17569308e-04 3.07696349e-03 8.06348689e-01 3.77382027e+00 5.11704211e-03 2.67586525e-01
7.81798222e-04 -1.39589353e-03 -1.52117244e-03 2.75551445e-03 1.45954803e-03 3.18713847e-03 -3.02395858e-03 1.92187517e-03 3.25088681e-03 8.75080335e-01 4.07680714e+00 -4.88278358e-03 2.48446135e-01
1.75889810e-03 -2.69963022e-03 -1.73467555e-03 3.31911087e-03 8.90710643e-04 3.46399806e-03 -3.16964208e-03 -5.11115292e-04 3.19214433e-03 8.20049019e-01 3.70452440e+00 2.11724206e-02 2.74423664e-01
1.58365028e-03 -2.43656770e-04 -5.39242755e-04 2.37664596e-03 2.23841726e-03 3.00917471e-03 -2.62115195e-03 1.91318998e-03 2.80424529e-03 8.60632747e-01 4.16349063e+00 -1.87229833e-02 2.39400872e-01
1.41525741e-03 -2.53993133e-03 -1.72984058e-03 2.87798517e-03 1.15568571e-03 2.66425756e-03 -2.92713294e-03 9.02966660e-05 2.97359556e-03 8.08032421e-01 3.70445272e+00 -1.06863735e-02 2.60420843e-01
7.10709035e-04 -9.84377741e-04 -1.38125914e-03 2.75985406e-03 1.41092585e-03 3.85377217e-03 -3.05789012e-03 2.30431559e-03 3.44728280e-03 8.77748680e-01 4.17994156e+00 1.13430119e-02 2.56541419e-01
5.55953810e-04 -1.36796710e-03 -1.63740486e-03 2.83985375e-03 1.07404586e-03 3.29252218e-03 -3.23209452e-03 2.16073582e-03 3.52319171e-03 8.59768684e-01 4.11487040e+00 -1.00384605e-02 2.48116999e-01
1.41952474e-03 -2.46651258e-03 -1.55501384e-03 2.79226653e-03 1.18110117e-03 3.04261104e-03 -2.79657304e-03 2.70934674e-04 2.90468001e-03 8.22638406e-01 3.75934767e+00 1.07487669e-02 2.67770900e-01
1.68339286e-03 -2.81692253e-03 -1.71099754e-03 3.24209628e-03 1.42870559e-03 3.62892207e-03 -3.25392460e-03 4.74724901e-04 3.39221013e-03 8.48695938e-01 3.94141531e+00 5.03357553e-03 2.65206547e-01
4.68424856e-04 -1.31996954e-03 -1.46642281e-03 2.44957524e-03 8.67068408e-04 2.77330061e-03 -2.79036065e-03 1.78318876e-03 3.03034061e-03 8.35905636e-01 3.93597235e+00 -4.87223377e-03 2.51316829e-01
1.54543819e-03 -2.81923489e-03 -1.59152803e-03 3.07520812e-03 9.39191849e-04 3.80275333e-03 -3.26640503e-03 7.42218468e-04 3.48460007e-03 8.59078436e-01 3.92694788e+00 1.76500414e-02 2.69125327e-01
7.84475730e-04 -1.66398990e-03 -1.50705327e-03 2.49246869e-03 1.13764757e-03 2.45869372e-03 -2.81292466e-03 1.43199240e-03 2.93795974e-03 8.27106983e-01 3.96757193e+00 -1.60341438e-02 2.46760933e-01
1.31138264e-03 -2.36335299e-03 -1.54141030e-03 2.70412437e-03 1.25706516e-03 2.96089859e-03 -2.73305128e-03 4.67946066e-04 2.85347467e-03 8.18532083e-01 3.60396822e+00 -1.96631651e-02 2.62500356e-01
4.05952320e-04 -1.68746099e-03 -1.87545738e-03 2.97494008e-03 8.08831916e-04 3.43222982e-03 -3.41242092e-03 2.18304411e-03 3.74054390e-03 8.69183411e-01 4.32579802e+00 2.21049323e-02 2.54516054e-01
8.09583333e-04 -1.71603785e-03 -1.80211706e-03 3.03327622e-03 1.48684769e-03 3.46248384e-03 -3.38208733e-03 2.05906433e-03 3.64197086e-03 8.78750837e-01 4.29374950e+00 4.66330996e-04 2.49589266e-01
1.40610533e-03 -2.30599806e-03 -1.25851853e-03 2.54510400e-03 8.03280256e-04 2.75260758e-03 -2.65016536e-03 2.92153993e-04 2.74787192e-03 8.03862666e-01 3.58198094e+00 -4.20548022e-04 2.66561455e-01
7.33432897e-04 -2.03417109e-03 -1.91402984e-03 3.12215580e-03 1.22905315e-03 4.09677688e-03 -3.45130276e-03 2.07896071e-03 3.83395843e-03 8.81104159e-01 4.24483074e+00 1.21577699e-02 2.60337980e-01
1.21076520e-03 -2.21570629e-03 -1.40509110e-03 2.46544294e-03 9.41741394e-04 2.31084782e-03 -2.64604642e-03 4.83152325e-04 2.71632924e-03 8.04859955e-01 3.65072739e+00 -1.14106015e-02 2.56538231e-01
1.47129468e-03 -2.41710748e-03 -1.49236500e-03 2.73637677e-03 1.01651395e-03 2.60330373e-03 -2.78710673e-03 5.72102707e-05 2.82812852e-03 8.18001059e-01 3.64404836e+00 4.25262120e-03 2.62763769e-01
7.37959004e-04 -1.15386367e-03 -1.52986300e-03 2.88521567e-03 1.52693509e-03 3.83075957e-03 -3.18558630e-03 2.30220632e-03 3.54714690e-03 8.64876555e-01 4.22696972e+00 -4.09160544e-03 2.53938225e-01
1.76903226e-03 -2.71944933e-03 -1.18311578e-03 2.73636529e-03 4.00030525e-04 3.28947599e-03 -3.01806541e-03 2.26980225e-04 3.14963754e-03 8.08099341e-01 3.72968341e+00 1.28009192e-02 2.72587812e-01
9.41772066e-04 -1.65135812e-03 -1.62967120e-03 2.66118249e-03 1.60889105e-03 2.65892378e-03 -2.98873253e-03 1.59286269e-03 3.10024214e-03 8.71831643e-01 4.10113762e+00 -1.17795780e-02 2.42754508e-01
8.36560470e-04 -1.96559814e-03 -1.33800468e-03 2.42783370e-03 5.73023870e-04 2.89439720e-03 -2.71402953e-03 1.17208996e-03 2.93264512e-03 7.92965810e-01 3.82112179e+00 1.15156383e-04 2.63786980e-01
1.29094477e-03 -2.55839311e-03 -1.86136690e-03 3.13307635e-03 1.57609045e-03 3.36734687e-03 -3.30085407e-03 1.15454743e-03 3.47222578e-03 8.88310876e-01 4.00650654e+00 -5.24116958e-05 2.53805731e-01
2.37105251e-03 -3.25556481e-03 -1.42804075e-03 3.27767651e-03 4.05757312e-04 3.95089640e-03 -3.49993382e-03 -5.09310062e-04 3.56068212e-03 8.47758244e-01 3.85418183e+00 4.00907491e-02 2.78942376e-01
9.32117473e-04 -9.36563656e-04 -1.23245524e-03 2.29376284e-03 1.53271536e-03 2.13537640e-03 -2.69549044e-03 1.61835935e-03 2.73803802e-03 8.38038541e-01 4.05449975e+00 -3.24925512e-02 2.33372156e-01
1.71509684e-03 -2.85169770e-03 -1.41798388e-03 2.93163351e-03 6.02769504e-04 3.48252321e-03 -3.17028038e-03 3.16073287e-04 3.32634391e-03 8.52438757e-01 3.88762354e+00 3.88075952e-02 2.72187749e-01
8.54415984e-04 -1.58459916e-03 -1.56911583e-03 2.62325974e-03 1.42461860e-03 2.67896538e-03 -2.94948090e-03 1.62365358e-03 3.08370572e-03 8.34375554e-01 4.01106083e+00 -3.16738374e-02 2.43131337e-01
9.35489909e-04 -1.59746881e-03 -1.85608299e-03 3.12340786e-03 1.81981047e-03 3.38567610e-03 -3.51372052e-03 2.16528010e-03 3.72873224e-03 8.97373688e-01 4.42014463e+00 -1.53025600e-03 2.43655141e-01
1.51302289e-03 -2.29933168e-03 -1.10802929e-03 2.38342269e-03 4.75819737e-04 2.61543111e-03 -2.53641218e-03 -4.16881395e-05 2.60424042e-03 7.81734723e-01 3.43503650e+00 1.64825780e-03 2.71544425e-01
7.55091770e-04 -1.77088272e-03 -1.70335721e-03 2.80841508e-03 1.17608681e-03 2.88564472e-03 -3.17706331e-03 1.75083435e-03 3.35927471e-03 8.63416908e-01 4.07708346e+00 -9.66622415e-03 2.45489584e-01
1.41252636e-03 -2.50527183e-03 -1.42474803e-03 2.73532217e-03 9.12411876e-04 3.28147556e-03 -2.86152962e-03 5.28622474e-04 3.03006056e-03 8.18523575e-01 3.79329611e+00 1.03405301e-02 2.70014049e-01
8.43885259e-04 -1.77567297e-03 -1.64500234e-03 2.67683577e-03 1.34161435e-03 2.72962415e-03 -2.99016793e-03 1.55078781e-03 3.13821684e-03 8.73015648e-01 3.94990284e+00 -1.27316456e-02 2.44560340e-01
1.51420866e-03 -2.66002820e-03 -1.39369463e-03 2.79700398e-03 6.42846425e-04 3.36727262e-03 -3.02627387e-03 5.09005879e-04 3.20085920e-03 8.06376521e-01 3.88286819e+00 1.39217212e-02 2.71150072e-01
1.56448089e-03 -2.66951748e-03 -1.81784642e-03 3.16750749e-03 1.21099019e-03 3.14771281e-03 -3.08449724e-03 -1.12285859e-04 3.13805265e-03 7.99206744e-01 3.79518484e+00 -2.73936054e-03 2.67209924e-01
9.21400456e-04 -5.57726403e-04 -1.01450587e-03 2.51620101e-03 1.62007618e-03 3.36043319e-03 -2.77830142e-03 2.13867913e-03 3.08554348e-03 8.83685672e-01 4.05084919e+00 2.80951709e-03 2.48735554e-01
1.61171065e-03 -3.03141077e-03 -1.90614616e-03 3.40514870e-03 1.25096233e-03 3.44171579e-03 -3.62330814e-03 7.70812974e-04 3.76664211e-03 8.57268487e-01 4.31164262e+00 2.52391894e-02 2.60650311e-01
6.12521468e-04 -1.49219192e-03 -1.35233598e-03 2.32769666e-03 9.73276247e-04 2.86422011e-03 -2.53175456e-03 1.46679893e-03 2.76559685e-03 8.29467551e-01 3.61428010e+00 -2.20417614e-02 2.56237344e-01
1.54956853e-03 -2.65349300e-03 -1.53666317e-03 2.98230485e-03 1.08346956e-03 3.33024132e-03 -3.07774214e-03 4.93574261e-04 3.21783331e-03 8.19413364e-01 3.86233157e+00 -6.83891175e-04 2.66003864e-01
5.96417619e-04 -1.53738289e-03 -1.59957348e-03 2.61407374e-03 1.09271155e-03 2.89737640e-03 -2.93706982e-03 1.76746839e-03 3.16460597e-03 8.64418084e-01 4.00082868e+00 7.16892844e-04 2.50166399e-01
1.52121079e-03 -2.63144240e-03 -1.72146289e-03 3.06348278e-03 1.40116991e-03 2.87231374e-03 -3.19794361e-03 5.79502667e-04 3.26414386e-03 8.69011513e-01 3.90643887e+00 3.69037772e-03 2.53206336e-01
4.92433493e-04 -1.60674534e-03 -1.56379781e-03 2.51724016e-03 7.93236522e-04 3.42256897e-03 -2.84152763e-03 1.78248610e-03 3.18608751e-03 8.15184161e-01 3.94982361e+00 -3.60052523e-03 2.63892127e-01
5.92480806e-04 -1.31285149e-03 -1.61805048e-03 2.90075733e-03 1.21359736e-03 4.03981108e-03 -3.24272032e-03 2.34217345e-03 3.65957488e-03 8.72494514e-01 4.22837499e+00 1.24064303e-02 2.59283021e-01
1.37631602e-03 -2.36742674e-03 -1.57449596e-03 2.72944429e-03 1.20741500e-03 2.52800475e-03 -2.78584878e-03 2.38018697e-04 2.82782049e-03 8.13521060e-01 3.66710865e+00 -1.16141413e-02 2.57799125e-01
1.85568692e-03 -3.09055051e-03 -1.96688991e-03 3.59114247e-03 1.46096740e-03 3.82927294e-03 -3.52692614e-03 9.76464023e-05 3.62644193e-03 8.65999559e-01 4.02601924e+00 2.18581818e-02 2.67340024e-01
5.97024732e-04 -7.09143562e-04 -1.08996799e-03 2.29854837e-03 1.17750623e-03 2.81077683e-03 -2.54387160e-03 1.88460084e-03 2.78321985e-03 8.21379343e-01 3.87377198e+00 -1.94554076e-02 2.48815568e-01
7.89279494e-04 -1.91411629e-03 -1.51823893e-03 2.59429204e-03 9.83157193e-04 3.07379312e-03 -2.81178065e-03 1.37500887e-03 3.04297389e-03 8.27398906e-01 3.84837396e+00 -7.22866382e-03 2.59433528e-01
1.26281488e-03 -2.52262103e-03 -1.69387525e-03 3.00003659e-03 1.16099867e-03 3.18011295e-03 -3.23271758e-03 1.05872765e-03 3.39908675e-03 8.57569160e-01 4.03261955e+00 7.54911010e-03 2.57338209e-01
1.88983426e-03 -3.11641565e-03 -2.06590859e-03 3.73889239e-03 1.27210129e-03 3.94239983e-03 -3.59043254e-03 -2.86056440e-04 3.65654250e-03 8.34153367e-01 4.09157496e+00 2.95390619e-02 2.72502762e-01
9.45541450e-04 -3.74239325e-04 -7.77120200e-04 2.19683930e-03 1.56069940e-03 2.75191694e-03 -2.42072732e-03 1.83365503e-03 2.63250020e-03 8.48647529e-01 3.80179658e+00 -2.51255046e-02 2.42074592e-01
1.93582866e-03 -3.19283168e-03 -2.06092909e-03 3.72477787e-03 1.08079038e-03 3.54834696e-03 -3.69720654e-03 -3.51038250e-04 3.72821671e-03 8.40158470e-01 4.06005452e+00 2.61787818e-02 2.68059202e-01
1.01631726e-03 -4.62788265e-04 -7.79963855e-04 2.16066938e-03 1.69493146e-03 2.90972314e-03 -2.34754201e-03 1.76770701e-03 2.58316861e-03 8.43903265e-01 3.80989870e+00 -2.26729945e-02 2.47845651e-01
6.56379869e-04 -1.37016520e-03 -1.57265055e-03 2.70560398e-03 1.15981073e-03 2.78670928e-03 -3.10369508e-03 1.92881822e-03 3.28960939e-03 8.59064417e-01 4.16461165e+00 -4.71687786e-03 2.43767752e-01
1.60296291e-03 -2.62676814e-03 -1.46872005e-03 2.87555593e-03 1.04307972e-03 3.43804640e-03 -2.92338055e-03 2.74075194e-04 3.06340115e-03 8.24263370e-01 3.72526350e+00 4.90369539e-03 2.71247904e-01
1.83178539e-03 -2.89034677e-03 -1.35186032e-03 2.95402394e-03 5.43720302e-04 3.39082238e-03 -3.21428855e-03 2.18731768e-04 3.34267635e-03 8.49314422e-01 3.91609899e+00 4.20396816e-02 2.71426838e-01
8.11414146e-04 -1.58619732e-03 -1.61532117e-03 2.62189851e-03 1.47847320e-03 2.75911006e-03 -2.92290800e-03 1.64254535e-03 3.08046107e-03 8.36910860e-01 3.97970165e+00 -3.37711363e-02 2.44309044e-01
1.63275817e-03 -2.71742814e-03 -1.38321463e-03 2.90892087e-03 7.01736005e-04 3.26374549e-03 -3.13056492e-03 4.54557895e-04 3.26936592e-03 8.45564261e-01 3.87635109e+00 2.71075393e-02 2.67678216e-01
7.50316441e-04 -1.66798084e-03 -1.66591582e-03 2.67001339e-03 1.39353503e-03 2.90519588e-03 -2.94673023e-03 1.65109930e-03 3.13559795e-03 8.39447002e-01 4.00460293e+00 -2.33948235e-02 2.48595715e-01
6.35357240e-04 -1.77030948e-03 -1.59803199e-03 2.59548866e-03 9.99155649e-04 3.32444867e-03 -2.85974407e-03 1.64199879e-03 3.15900484e-03 8.34400350e-01 3.90790673e+00 -5.78995691e-03 2.60940486e-01
1.40181740e-03 -2.63900936e-03 -1.69002736e-03 2.97498930e-03 1.11846128e-03 2.86869298e-03 -3.20392423e-03 7.12890316e-04 3.30874037e-03 8.50282504e-01 3.96956253e+00 6.00833678e-03 2.55850811e-01
1.06647686e-03 -2.08325886e-03 -1.81800839e-03 3.09342610e-03 1.70773340e-03 3.30928617e-03 -3.32304333e-03 1.66573935e-03 3.49749656e-03 8.72812727e-01 4.23314676e+00 -4.71601531e-03 2.49398016e-01
1.17405731e-03 -2.26465166e-03 -1.25745728e-03 2.44191924e-03 4.93568589e-04 2.85030649e-03 -2.69663227e-03 6.64331265e-04 2.86581558e-03 8.08977985e-01 3.62596863e+00 4.93305986e-03 2.67102129e-01
7.29449061e-04 -1.89181768e-03 -1.75114417e-03 2.89101673e-03 1.19182854e-03 3.33612217e-03 -3.17273965e-03 1.77419216e-03 3.43025338e-03 8.41228178e-01 4.17892124e+00 -1.18501120e-03 2.55840959e-01
1.23520578e-03 -2.38589461e-03 -1.49684712e-03 2.69685384e-03 9.34620065e-04 2.88740059e-03 -2.86647221e-03 6.79816758e-04 3.00813616e-03 8.43180783e-01 3.69900768e+00 1.21881515e-03 2.60962261e-01
1.92112554e-03 -4.49182840e-05 -2.98213830e-04 2.57483248e-03 2.49363972e-03 3.13915614e-03 -2.81408734e-03 2.06469734e-03 2.94420657e-03 8.83631673e-01 4.36547339e+00 -5.96641497e-03 2.34765526e-01
1.61353868e-03 -2.39066181e-03 -1.54171379e-03 3.04686331e-03 9.54052120e-04 3.46965469e-03 -2.82070026e-03 -4.16158576e-04 2.85835165e-03 7.96045385e-01 3.52450374e+00 6.31001246e-03 2.77341979e-01
1.60460437e-03 -2.73966510e-03 -1.75379642e-03 3.18072832e-03 1.43825676e-03 3.22202721e-03 -3.22692071e-03 4.51483231e-04 3.32021309e-03 8.48591312e-01 3.89037956e+00 -3.27863215e-03 2.59175824e-01
5.14001782e-04 -1.32787364e-03 -1.43065468e-03 2.49263181e-03 9.10838050e-04 3.18329952e-03 -2.80083193e-03 1.85786037e-03 3.10226548e-03 8.35592505e-01 3.97452672e+00 3.37405291e-03 2.58136499e-01
1.70383431e-03 -2.66810180e-03 -1.50021849e-03 2.97519008e-03 1.05680294e-03 3.46778357e-03 -2.96614979e-03 5.06435636e-05 3.07317993e-03 7.96470319e-01 3.81286348e+00 5.56005841e-03 2.73206043e-01
6.01692698e-04 -1.11298195e-03 -1.48643424e-03 2.62505465e-03 1.20365519e-03 2.78636460e-03 -3.00502323e-03 2.00558377e-03 3.21159048e-03 8.83484679e-01 4.03536619e+00 -5.27301202e-03 2.40977324e-01
1.08180916e-03 -2.39890487e-03 -1.90982521e-03 3.28927906e-03 1.39777790e-03 3.75264100e-03 -3.57166968e-03 1.72492847e-03 3.82779674e-03 8.88566747e-01 4.14458290e+00 -3.23771208e-03 2.52663425e-01
1.06765434e-03 -2.02396637e-03 -1.25781720e-03 2.34396652e-03 8.29000234e-04 2.56758777e-03 -2.48261115e-03 6.64064919e-04 2.61272231e-03 7.91343213e-01 3.68985163e+00 3.40571268e-03 2.64631143e-01
1.56506757e-03 -2.81719685e-03 -1.45615533e-03 2.94833499e-03 5.71980438e-04 3.52591994e-03 -3.24803727e-03 6.44700838e-04 3.44402622e-03 8.26905021e-01 3.91944843e+00 1.35266650e-02 2.69208491e-01
9.05640019e-04 -1.63517612e-03 -1.47382534e-03 2.54853991e-03 1.46018569e-03 2.63821110e-03 -2.76904615e-03 1.42757933e-03 2.88815419e-03 8.55736383e-01 3.92808332e+00 -1.24653019e-02 2.46891753e-01
1.87812531e-03 -2.96669308e-03 -1.85819560e-03 3.49406510e-03 9.16835139e-04 3.56632913e-03 -3.42485539e-03 -4.50693862e-04 3.45846753e-03 8.41559821e-01 3.89088415e+00 3.43156456e-02 2.72713440e-01
1.25565680e-03 -4.38525246e-04 -7.42941814e-04 2.31467137e-03 1.92030378e-03 2.91040686e-03 -2.55298714e-03 1.85631807e-03 2.75019295e-03 8.42734070e-01 4.00324357e+00 -2.85572373e-02 2.41841340e-01
1.59938875e-03 -2.85798154e-03 -1.79271416e-03 3.19612578e-03 1.17374282e-03 3.08361721e-03 -3.34327855e-03 4.03901284e-04 3.43039985e-03 8.62966790e-01 3.98693294e+00 1.81508703e-02 2.59699524e-01
1.56189604e-03 -2.83185416e-03 -1.68459366e-03 3.17604868e-03 1.18969379e-03 3.85343359e-03 -3.29059559e-03 7.36064665e-04 3.49814170e-03 8.65820640e-01 3.91507775e+00 1.02043674e-02 2.67220778e-01
6.42702860e-04 -1.61179142e-03 -1.50343014e-03 2.45125273e-03 9.42295549e-04 2.46171197e-03 -2.78215498e-03 1.48877480e-03 2.93901483e-03 8.19675270e-01 3.97097204e+00 -9.65261485e-03 2.49221848e-01
5.33484987e-04 -1.63474374e-03 -1.46644379e-03 2.39133354e-03 7.11375635e-04 3.23245785e-03 -2.70157202e-03 1.60558101e-03 3.01798318e-03 8.06400670e-01 3.85112424e+00 -4.26758114e-03 2.64806494e-01
1.51380075e-03 -2.80828628e-03 -1.88830742e-03 3.17831778e-03 1.41362781e-03 2.97395710e-03 -3.38263168e-03 6.80445879e-04 3.46840797e-03 8.77500153e-01 4.00205065e+00 4.38377497e-03 2.52304706e-01
9.72614627e-04 -1.08865414e-03 -1.51701322e-03 3.06042547e-03 1.87972833e-03 4.01048392e-03 -3.37956863e-03 2.45036256e-03 3.74172481e-03 8.89523468e-01 4.41983879e+00 4.90229782e-03 2.51139299e-01
1.38931350e-03 -2.29277503e-03 -1.40010447e-03 2.54524128e-03 8.03035942e-04 2.42113916e-03 -2.60245322e-03 -9.41326384e-05 2.63566949e-03 7.93565383e-01 3.46824374e+00 -4.76098783e-03 2.65181414e-01
6.79209067e-04 -1.39798669e-03 -1.46023560e-03 2.41797482e-03 1.18288453e-03 2.47089504e-03 -2.74048148e-03 1.58360513e-03 2.88676320e-03 8.39918664e-01 4.00981357e+00 -7.09679847e-03 2.46824333e-01
1.82951837e-03 -2.93512384e-03 -1.52847378e-03 3.18656357e-03 9.77238739e-04 3.74649539e-03 -3.31600650e-03 3.68756669e-04 3.46824721e-03 8.44622111e-01 3.86221753e+00 7.42556974e-03 2.69173085e-01
1.32975021e-03 -2.31395035e-03 -1.52211393e-03 2.76132928e-03 1.33586279e-03 2.78459292e-03 -2.86487069e-03 6.96548573e-04 2.95697940e-03 8.52909556e-01 3.77419729e+00 -2.02814313e-03 2.55534015e-01
6.59649975e-04 -1.85544639e-03 -1.63145083e-03 2.80960073e-03 8.60945027e-04 3.60280965e-03 -3.12571645e-03 1.83321610e-03 3.45189002e-03 8.31153446e-01 4.08699890e+00 2.08593303e-03 2.61550767e-01
9.29387039e-04 -1.05814682e-03 -1.41809326e-03 2.68957674e-03 1.58216902e-03 2.57463201e-03 -3.12180486e-03 1.97083676e-03 3.22057629e-03 8.71903960e-01 4.31314588e+00 -9.65855670e-03 2.35304395e-01
1.81404650e-03 -2.65665085e-03 -1.30864597e-03 2.79318840e-03 6.40836492e-04 3.41710490e-03 -2.87735981e-03 -2.01749158e-04 2.96459866e-03 8.08642548e-01 3.57492773e+00 1.03646193e-02 2.77383549e-01
1.07184362e-03 -2.35366965e-03 -1.49429852e-03 2.70283049e-03 6.77673331e-04 3.28358974e-03 -2.97546061e-03 1.05285497e-03 3.20872807e-03 8.12927692e-01 3.87075093e+00 1.25568704e-03 2.66023009e-01
1.02322634e-03 -2.13305278e-03 -1.69029294e-03 2.78806729e-03 1.34563188e-03 2.87003972e-03 -3.04200782e-03 1.29428634e-03 3.18995132e-03 8.70077110e-01 3.98038894e+00 -1.19887910e-03 2.50524237e-01
8.05109997e-04 -2.01836913e-03 -1.74101707e-03 2.81522830e-03 1.11405539e-03 2.87736833e-03 -3.12406471e-03 1.51117735e-03 3.30203645e-03 8.80914155e-01 3.89146115e+00 -8.21545422e-03 2.46841399e-01
1.30492200e-03 -2.40292363e-03 -1.41925654e-03 2.73720947e-03 9.47917311e-04 3.32049836e-03 -2.87458365e-03 7.63582998e-04 3.06389042e-03 7.98408396e-01 3.94374989e+00 8.77690202e-03 2.69374680e-01
6.58305005e-04 -1.80338758e-03 -1.71329244e-03 2.86139128e-03 1.03917844e-03 3.72341555e-03 -3.19463125e-03 1.95497820e-03 3.54204664e-03 8.47169099e-01 4.20826815e+00 1.08844147e-02 2.61399942e-01
1.29512929e-03 -2.38563867e-03 -1.56204190e-03 2.72334165e-03 1.11855237e-03 2.63434263e-03 -2.86375693e-03 5.34072572e-04 2.94800225e-03 8.37608147e-01 3.67858450e+00 -1.02219109e-02 2.55706828e-01
1.52857829e-03 -2.62421520e-03 -1.66724471e-03 2.99771225e-03 1.37652934e-03 3.23183230e-03 -3.01579571e-03 3.91816726e-04 3.12714132e-03 8.39757744e-01 3.86479489e+00 7.12987511e-03 2.64586679e-01
4.01176218e-04 -1.34985985e-03 -1.60912639e-03 2.65674324e-03 8.57598801e-04 3.13648178e-03 -3.03051524e-03 2.03302506e-03 3.33088040e-03 8.44504459e-01 4.01648853e+00 -6.81587014e-03 2.51873550e-01
7.95317963e-04 -1.94141200e-03 -1.72279609e-03 2.73170669e-03 1.22867371e-03 2.88842756e-03 -3.01387855e-03 1.49527991e-03 3.19916317e-03 8.56064812e-01 4.03103614e+00 -2.29259821e-03 2.51616442e-01
1.28329884e-03 -2.51447218e-03 -1.49671659e-03 2.80017756e-03 8.05887220e-04 3.25171848e-03 -3.03173894e-03 8.39187379e-04 3.22693930e-03 8.27799350e-01 3.83899321e+00 2.36171868e-03 2.64872495e-01
7.46991198e-04 -1.64126375e-03 -1.41764993e-03 2.37123055e-03 1.05507460e-03 2.48157663e-03 -2.63126776e-03 1.31950600e-03 2.77820689e-03 8.43206190e-01 3.64126228e+00 -2.61102282e-02 2.46990348e-01
1.68409346e-03 -2.93984413e-03 -1.63627383e-03 3.29776546e-03 1.07880701e-03 3.95745212e-03 -3.47704911e-03 8.14401328e-04 3.68726758e-03 8.40968070e-01 4.26960142e+00 3.08508988e-02 2.69200420e-01
1.48094274e-03 -3.33939302e-04 -5.89881108e-04 2.33273011e-03 2.13355553e-03 3.05195496e-03 -2.55927992e-03 1.87634188e-03 2.76437224e-03 8.55226116e-01 4.10865556e+00 -1.67621727e-02 2.43154408e-01
1.76202901e-03 -2.82138711e-03 -1.83004506e-03 3.38566842e-03 9.12462040e-04 3.39250383e-03 -3.28693488e-03 -4.56582821e-04 3.31246356e-03 8.26954661e-01 3.75555608e+00 1.86831486e-02 2.71747608e-01
9.21053849e-04 -1.88253751e-03 -1.45937867e-03 2.53457044e-03 1.13890037e-03 2.53821267e-03 -2.74331714e-03 1.16488458e-03 2.86319010e-03 8.24563797e-01 3.92358693e+00 -3.62714085e-03 2.52789777e-01
1.21982083e-03 -2.60225471e-03 -1.69874276e-03 3.05122337e-03 9.98537995e-04 3.77357173e-03 -3.29238696e-03 1.21326544e-03 3.55953727e-03 8.59926214e-01 3.95281890e+00 3.72024790e-03 2.64071683e-01
1.06898965e-03 -2.23650444e-03 -1.80432145e-03 3.07321263e-03 1.39002722e-03 3.02754520e-03 -3.35347316e-03 1.48067230e-03 3.49363499e-03 8.69659351e-01 4.15767461e+00 -2.91798891e-03 2.47502636e-01
1.04290851e-03 -2.16838969e-03 -1.34997483e-03 2.47223439e-03 7.37584102e-04 3.14885730e-03 -2.67975522e-03 9.29303685e-04 2.90297939e-03 8.12975853e-01 3.71045328e+00 3.02970220e-03 2.68540941e-01
5.50536119e-04 -9.54941074e-04 -1.22715295e-03 2.27978836e-03 1.13036546e-03 2.67725790e-03 -2.52534608e-03 1.74001436e-03 2.74029361e-03 8.40538474e-01 3.70081448e+00 -2.62444895e-02 2.46624312e-01
1.97701421e-03 -3.18470367e-03 -1.85505016e-03 3.58394791e-03 1.28171445e-03 3.83450944e-03 -3.61068458e-03 1.21793848e-04 3.71410829e-03 8.44302659e-01 4.21301983e+00 3.10140004e-02 2.69113624e-01
1.33194876e-03 -2.27962320e-03 -1.84051901e-03 3.03655251e-03 1.89304290e-03 2.90189797e-03 -3.31520232e-03 1.32998233e-03 3.38281742e-03 8.90315891e-01 4.21154907e+00 -3.49430512e-03 2.43900833e-01
1.17694612e-03 -2.26489497e-03 -1.13443106e-03 2.30389282e-03 1.75560045e-04 3.09467928e-03 -2.69090926e-03 7.68389845e-04 2.91140345e-03 7.89159336e-01 3.61002461e+00 3.68215818e-03 2.72241181e-01
1.26788434e-03 -2.68085534e-03 -1.51417361e-03 2.86670550e-03 3.84285105e-04 3.92043759e-03 -3.29984844e-03 1.15715425e-03 3.60670150e-03 8.39493832e-01 4.05431120e+00 2.98689280e-02 2.72009316e-01
1.00857376e-03 -2.00586597e-03 -1.64058373e-03 2.56149299e-03 1.39569851e-03 2.36646259e-03 -2.81987797e-03 1.07340995e-03 2.88950508e-03 8.44390977e-01 3.82304731e+00 -2.53941233e-02 2.44183205e-01
1.37576534e-03 -2.50281747e-03 -1.68237569e-03 2.93039073e-03 1.47529003e-03 3.16680876e-03 -3.01855160e-03 7.61724692e-04 3.15525852e-03 8.20271850e-01 4.00294529e+00 -5.54285083e-03 2.61131838e-01
4.95297461e-04 -1.82218941e-03 -1.66446333e-03 2.65276083e-03 6.16879478e-04 3.08991256e-03 -3.03114821e-03 1.71686395e-03 3.31560519e-03 8.64442490e-01 3.87115536e+00 5.73107127e-03 2.55617643e-01
9.41119276e-04 -1.28895714e-03 -1.46972615e-03 2.57460736e-03 1.57117892e-03 2.44967215e-03 -2.98110633e-03 1.73240239e-03 3.06075159e-03 8.77483455e-01 4.15800604e+00 -1.15891308e-02 2.36533461e-01
1.96665698e-03 -2.78674739e-03 -1.20793336e-03 2.82099895e-03 4.71722037e-04 3.45999246e-03 -3.01551923e-03 -1.48055247e-04 3.10663273e-03 8.01313230e-01 3.68014978e+00 1.26073372e-02 2.76748860e-01
1.70499624e-03 -2.85944368e-03 -1.99720045e-03 3.23711084e-03 1.71678916e-03 2.56734117e-03 -3.58233877e-03 7.01141651e-04 3.55661832e-03 8.79656789e-01 4.18622980e+00 -4.65548308e-03 2.41242241e-01
6.18841841e-04 -1.71605600e-03 -1.29752971e-03 2.12737263e-03 3.72649652e-04 3.46813066e-03 -2.52611824e-03 1.41478680e-03 2.88298445e-03 8.01174365e-01 3.65494398e+00 4.88498880e-03 2.74535709e-01
1.65894520e-03 -2.68963676e-03 -1.60091318e-03 3.02469670e-03 1.07033790e-03 3.01042311e-03 -3.07503644e-03 6.10479241e-05 3.13614581e-03 8.16285225e-01 3.76647568e+00 -1.58661443e-03 2.64368233e-01
7.79621876e-04 -1.03145863e-03 -1.31103744e-03 2.61856151e-03 1.46579204e-03 3.33665763e-03 -2.88485029e-03 2.03680994e-03 3.16794168e-03 8.67547747e-01 4.09724113e+00 1.62747266e-03 2.52079410e-01
8.59526481e-04 -2.24773072e-03 -1.72365688e-03 3.04443590e-03 7.83177156e-04 3.60399703e-03 -3.39769055e-03 1.70463754e-03 3.68690695e-03 8.79000311e-01 4.08945090e+00 1.82868641e-02 2.58477746e-01
1.08449690e-03 -2.13239332e-03 -1.52982429e-03 2.57070562e-03 1.28987398e-03 2.74730531e-03 -2.69345012e-03 8.71548130e-04 2.82842680e-03 8.08562769e-01 3.80691657e+00 -1.66193922e-02 2.58360163e-01
1.95920767e-03 -2.83644527e-03 -1.43108686e-03 3.04877595e-03 5.10076170e-04 3.28012517e-03 -3.15712981e-03 -4.40196882e-04 3.19073526e-03 8.09563753e-01 3.68954528e+00 1.73525865e-02 2.74654835e-01
1.20450253e-03 -7.60440752e-04 -1.02139801e-03 2.51731665e-03 1.95872608e-03 2.81536789e-03 -2.77758820e-03 1.86146501e-03 2.89676712e-03 8.69716783e-01 4.15065707e+00 -1.56061809e-02 2.39334970e-01
9.42139409e-04 -2.21919193e-03 -1.37019918e-03 2.47164513e-03 3.40977726e-04 3.27638001e-03 -2.83936958e-03 1.10984700e-03 3.10915936e-03 7.93735700e-01 3.73961470e+00 -4.49285702e-03 2.69288818e-01
1.16493095e-03 -2.30065229e-03 -1.84921635e-03 2.92684724e-03 1.60832684e-03 2.78482808e-03 -3.18058422e-03 1.18963140e-03 3.27419161e-03 8.89266885e-01 4.09061179e+00 4.62252794e-03 2.47170514e-01
1.14143662e-03 -2.16235273e-03 -1.71279317e-03 2.75564651e-03 1.40844116e-03 2.40671184e-03 -3.10364281e-03 1.17262519e-03 3.15208519e-03 8.51748289e-01 3.97498071e+00 -2.46866115e-02 2.40181021e-01
1.29844368e-03 -2.48473502e-03 -1.33395120e-03 2.62363137e-03 5.07813576e-04 3.77422612e-03 -2.96061415e-03 9.54291187e-04 3.23936852e-03 8.30258656e-01 3.89457052e+00 2.89635097e-02 2.74930513e-01
1.51139568e-03 -2.30571696e-03 -1.09573242e-03 2.40744175e-03 5.69456900e-04 2.89475616e-03 -2.54637322e-03 1.22438348e-04 2.65102197e-03 7.92316006e-01 3.45333189e+00 9.51007966e-04 2.73242150e-01
8.79182439e-04 -1.65765927e-03 -1.86887543e-03 3.09632406e-03 1.64317682e-03 3.08874940e-03 -3.51199415e-03 2.06966043e-03 3.67007436e-03 8.88573018e-01 4.42852483e+00 -8.71542846e-04 2.41314239e-01
5.99872769e-04 -1.78599971e-03 -1.62428942e-03 2.58812249e-03 8.97488406e-04 2.91461111e-03 -2.88844864e-03 1.56136518e-03 3.12296317e-03 8.18461500e-01 4.02480306e+00 -1.74487351e-03 2.57085544e-01
1.38062250e-03 -2.63616421e-03 -1.69023864e-03 3.02674164e-03 1.18377234e-03 3.31136939e-03 -3.17498733e-03 7.86504128e-04 3.33784686e-03 8.65522898e-01 3.84208701e+00 1.78648613e-03 2.60155650e-01
1.86704781e-03 -2.78135095e-03 -1.30208797e-03 2.84673878e-03 5.71882253e-04 3.51643395e-03 -3.01184826e-03 -5.79763632e-05 3.12331616e-03 8.32531980e-01 3.64108280e+00 1.96276831e-02 2.76340591e-01
9.80417293e-04 -1.17026735e-03 -1.36644713e-03 2.65316689e-03 1.64096901e-03 2.54217622e-03 -2.99636294e-03 1.81533507e-03 3.06395697e-03 8.50464505e-01 4.25169060e+00 -1.75467228e-02 2.37325022e-01
8.45092101e-04 -6.52357577e-04 -9.85732878e-04 2.37323454e-03 1.48579780e-03 2.99957092e-03 -2.59441889e-03 1.92348243e-03 2.83217244e-03 8.40246347e-01 3.87240953e+00 -2.52962655e-02 2.46363646e-01
1.81427960e-03 -3.04505322e-03 -1.92926149e-03 3.46700850e-03 1.19485403e-03 3.54839959e-03 -3.44556539e-03 -1.12029664e-04 3.51886324e-03 8.44646194e-01 4.03291046e+00 2.96976182e-02 2.69248510e-01
1.00360164e-03 -2.47799693e-03 -1.88820178e-03 3.13007869e-03 1.07571987e-03 3.43533752e-03 -3.43581213e-03 1.46745506e-03 3.67246671e-03 8.66881924e-01 4.27536475e+00 2.36423682e-02 2.58642170e-01
9.50204817e-04 -2.06410667e-03 -1.46405563e-03 2.51276826e-03 9.84751117e-04 2.83844822e-03 -2.70181585e-03 1.03123638e-03 2.88344108e-03 8.20843391e-01 3.65187926e+00 -2.08556327e-02 2.58261123e-01
6.49753552e-04 -1.39751101e-03 -1.55734876e-03 2.55413702e-03 1.29287792e-03 2.78883435e-03 -2.85673509e-03 1.74089862e-03 3.05068906e-03 8.23102989e-01 4.04804953e+00 -2.26988158e-02 2.48512851e-01
1.73512279e-03 -2.88910265e-03 -1.54149522e-03 3.06908838e-03 8.38920043e-04 3.37256134e-03 -3.24452209e-03 2.78525879e-04 3.37110372e-03 8.64723165e-01 3.84352790e+00 2.60615680e-02 2.67568078e-01
7.55110033e-04 -1.77140662e-03 -1.53586136e-03 2.47215508e-03 1.16136109e-03 2.68676168e-03 -2.69192541e-03 1.31500800e-03 2.86356881e-03 8.32780744e-01 3.85249770e+00 -9.52704448e-03 2.54125026e-01
1.43294035e-03 -2.73935334e-03 -1.61864484e-03 3.11540641e-03 9.03788610e-04 3.54486376e-03 -3.38000567e-03 9.82251206e-04 3.58344554e-03 8.52245938e-01 4.01950358e+00 1.00921711e-02 2.62593444e-01
1.59929360e-03 -2.52597311e-03 -1.23449244e-03 2.64248451e-03 5.88926518e-04 2.95053321e-03 -2.82903769e-03 1.79701755e-04 2.93132172e-03 8.10201337e-01 3.56715335e+00 -2.19723310e-04 2.68924901e-01
9.59233288e-04 -1.52550426e-03 -1.60466923e-03 2.88966157e-03 1.73694398e-03 3.13301246e-03 -3.16610389e-03 1.89792672e-03 3.33669934e-03 8.72918244e-01 4.31357795e+00 2.59778031e-04 2.46932303e-01
2.07431883e-03 -3.24275416e-03 -1.82552804e-03 3.60546073e-03 1.25655742e-03 4.32616156e-03 -3.57355664e-03 -2.73790250e-06 3.70954747e-03 8.58037427e-01 4.02974761e+00 2.54820691e-02 2.74323688e-01
7.18597306e-04 -7.26644825e-04 -1.02594586e-03 2.23951757e-03 1.22056613e-03 2.34788186e-03 -2.51858220e-03 1.72177363e-03 2.64330376e-03 8.28841812e-01 3.88443637e+00 -2.22299946e-02 2.39824377e-01
5.62883383e-04 -1.24933701e-03 -1.34957960e-03 2.41849178e-03 9.89693226e-04 2.50955318e-03 -2.69863476e-03 1.67081102e-03 2.85991648e-03 8.47329541e-01 3.76490669e+00 -2.02987139e-02 2.43144238e-01
1.76285701e-03 -2.96125784e-03 -1.70485410e-03 3.32110162e-03 1.28571766e-03 4.01823858e-03 -3.35554246e-03 4.77886869e-04 3.53520032e-03 8.36078922e-01 4.13542677e+00 2.30947256e-02 2.71773887e-01
8.76809811e-04 -1.75964612e-03 -1.66577785e-03 2.69275470e-03 1.46576048e-03 2.76709640e-03 -2.99968906e-03 1.57387575e-03 3.14505555e-03 8.48621519e-01 3.99370490e+00 -2.70396067e-02 2.44360780e-01
1.64517116e-03 -2.74621765e-03 -1.33140333e-03 2.81661149e-03 5.33707633e-04 3.35353319e-03 -3.08506858e-03 4.05342007e-04 3.24422273e-03 8.34040093e-01 3.87750193e+00 3.22098480e-02 2.71461026e-01
1.72309863e-03 -2.64658676e-03 -1.31692522e-03 2.80119048e-03 6.35484314e-04 3.11437931e-03 -2.94023788e-03 -1.00272327e-06 3.02703044e-03 8.02544661e-01 3.63146359e+00 1.16851503e-03 2.71124425e-01
8.45300494e-04 -1.27077465e-03 -1.53136649e-03 2.73028005e-03 1.62073631e-03 2.93130290e-03 -3.05160568e-03 1.92511968e-03 3.22099946e-03 8.79492343e-01 4.22628046e+00 -1.10028759e-03 2.44072963e-01
1.61289677e-03 -2.70946377e-03 -1.48681021e-03 3.01163405e-03 9.81736641e-04 3.39077934e-03 -3.15075181e-03 5.23918974e-04 3.29633975e-03 8.28050773e-01 4.07258943e+00 2.93822258e-02 2.68470235e-01
7.25762859e-04 -1.67671184e-03 -1.57371483e-03 2.65552607e-03 1.21338930e-03 2.94217757e-03 -2.90352223e-03 1.62065107e-03 3.10448899e-03 8.53449469e-01 3.81221186e+00 -2.49797772e-02 2.48114414e-01
9.75908308e-04 -2.18410354e-03 -1.48752444e-03 2.71212759e-03 8.20150138e-04 3.36699498e-03 -2.94962346e-03 1.25810383e-03 3.20083326e-03 8.45160597e-01 3.81525865e+00 3.77134310e-03 2.63613595e-01
1.13139898e-03 -2.25391623e-03 -1.67248146e-03 2.82823330e-03 1.31884725e-03 2.85944867e-03 -3.07164498e-03 1.15885689e-03 3.20316839e-03 8.39310454e-01 4.06520359e+00 -3.66717833e-03 2.53112434e-01
5.47076852e-04 -1.34037142e-03 -1.62665551e-03 2.85936466e-03 1.06746994e-03 3.86178587e-03 -3.24640803e-03 2.30569181e-03 3.64880586e-03 8.64687837e-01 4.28293059e+00 1.81123042e-02 2.59054525e-01
1.42711198e-03 -2.39010208e-03 -1.57118708e-03 2.78672571e-03 1.31274559e-03 2.71287377e-03 -2.80219883e-03 2.63214718e-04 2.85753596e-03 8.22018723e-01 3.62470056e+00 -1.64341333e-02 2.58315766e-01
1.52180914e-03 -2.62342787e-03 -1.29199198e-03 2.74131402e-03 5.39178275e-04 3.50787126e-03 -3.03047556e-03 6.55518452e-04 3.23360086e-03 8.25665290e-01 3.81916960e+00 1.69717231e-02 2.71665484e-01
8.95340611e-04 -1.86440580e-03 -1.71384806e-03 2.69849330e-03 1.43197642e-03 2.59141497e-03 -3.01146331e-03 1.44771904e-03 3.11769815e-03 8.56456023e-01 4.04138683e+00 -1.53569783e-02 2.44008503e-01
8.67759944e-04 -1.72870573e-03 -1.75729911e-03 2.94955288e-03 1.57691198e-03 3.38134388e-03 -3.26156216e-03 1.92904629e-03 3.50033446e-03 8.76657695e-01 4.30133060e+00 5.44863639e-03 2.51402490e-01
1.46137745e-03 -2.42567577e-03 -1.28126395e-03 2.60014329e-03 6.96147080e-04 2.76278201e-03 -2.77500823e-03 3.05887129e-04 2.87498535e-03 8.07578572e-01 3.58485696e+00 -5.28199870e-03 2.64988674e-01
8.35913859e-04 -1.94467755e-03 -1.61822715e-03 2.75741978e-03 1.12888074e-03 2.98319754e-03 -3.00838204e-03 1.48425563e-03 3.20126572e-03 8.42271330e-01 3.84358159e+00 -2.44976606e-02 2.50080456e-01
1.35622303e-03 -2.52129887e-03 -1.52745426e-03 2.87682130e-03 1.04406829e-03 3.34021808e-03 -3.04796914e-03 8.34922088e-04 3.23289856e-03 8.42140090e-01 4.05176828e+00 2.86200947e-02 2.66622561e-01
1.66997111e-03 -2.74267001e-03 -1.85970908e-03 3.27295475e-03 1.25998108e-03 2.97591927e-03 -3.22379256e-03 -1.68030873e-04 3.23717910e-03 8.40094336e-01 3.82590285e+00 1.34153732e-02 2.62442563e-01
1.05983083e-03 -5.39840376e-04 -9.03262837e-04 2.43470580e-03 1.77587963e-03 3.59490328e-03 -2.65647746e-03 2.08343317e-03 3.00740465e-03 8.44111264e-01 4.04412184e+00 -1.24107186e-02 2.54447890e-01
1.21554255e-03 -2.36632982e-03 -1.56114792e-03 2.80719703e-03 1.19246579e-03 3.29596273e-03 -2.95279408e-03 9.81008335e-04 3.14860642e-03 8.10194616e-01 4.00021708e+00 -1.35913282e-03 2.64568842e-01
7.78270681e-04 -2.08945272e-03 -1.68656124e-03 2.74378903e-03 8.77760383e-04 2.89947071e-03 -3.06288235e-03 1.41894080e-03 3.26769138e-03 8.73193804e-01 3.85928397e+00 1.40118796e-03 2.51931753e-01
1.27029021e-03 -2.49907401e-03 -1.94643525e-03 3.07369047e-03 1.63371581e-03 2.83586759e-03 -3.34664875e-03 1.13037539e-03 3.42857477e-03 8.66550495e-01 4.09759819e+00 -1.45656582e-02 2.45269397e-01
9.20005289e-04 -2.05847225e-03 -1.26226396e-03 2.37147240e-03 3.88377154e-04 3.30446963e-03 -2.70626425e-03 1.14406948e-03 2.98056922e-03 8.13724339e-01 3.73867626e+00 1.60704335e-02 2.71288959e-01
7.85610581e-04 -1.05829500e-03 -1.32082563e-03 2.42173226e-03 1.30180456e-03 2.28836198e-03 -2.82428796e-03 1.74146833e-03 2.91553517e-03 8.43572758e-01 4.07915694e+00 -2.06217653e-02 2.36299721e-01
1.98281317e-03 -2.97799644e-03 -1.50045640e-03 3.17041762e-03 8.55905645e-04 3.96803350e-03 -3.24316266e-03 -4.46896258e-05 3.36942230e-03 8.40587724e-01 3.82443312e+00 2.34857901e-02 2.76859144e-01
4.71436042e-04 -1.55809807e-03 -1.52128995e-03 2.50185317e-03 5.62602300e-04 3.89795350e-03 -2.92963632e-03 1.96341208e-03 3.36135560e-03 8.19761902e-01 3.97955734e+00 7.84699125e-03 2.69518644e-01
1.49215596e-03 -2.60503033e-03 -1.83559234e-03 2.92930992e-03 1.53009149e-03 2.48274797e-03 -3.11602550e-03 4.34283273e-04 3.12541639e-03 8.62727110e-01 3.86128519e+00 -7.43318461e-03 2.47732603e-01
1.22311390e-03 -2.19356654e-03 -1.48575854e-03 2.61726211e-03 1.19112601e-03 2.40099746e-03 -2.78984724e-03 6.98929582e-04 2.84752774e-03 8.23646977e-01 3.72164103e+00 -2.02304534e-02 2.50166986e-01
7.25028302e-04 -2.12980978e-03 -1.80872630e-03 2.96307486e-03 9.07465104e-04 4.08191266e-03 -3.30611613e-03 1.87371526e-03 3.69265242e-03 8.63613997e-01 4.18917780e+00 2.28559983e-02 2.66477393e-01
1.82038932e-03 -2.87490447e-03 -1.42785731e-03 2.96094021e-03 6.06736720e-04 3.35829354e-03 -3.15119212e-03 1.87495557e-05 3.25879488e-03 8.14029141e-01 3.75629094e+00 8.81934641e-03 2.72084486e-01
9.04287533e-04 -1.20413707e-03 -1.34961240e-03 2.55932016e-03 1.58097732e-03 2.71119979e-03 -2.84363829e-03 1.75426496e-03 2.97403140e-03 8.67588486e-01 4.09009271e+00 -8.29695932e-03 2.42947083e-01
6.70200363e-04 -1.17756255e-03 -1.30801542e-03 2.34965611e-03 1.26799163e-03 2.86008255e-03 -2.58856248e-03 1.68168502e-03 2.81377384e-03 8.35787993e-01 3.88462341e+00 -1.19113811e-02 2.53031136e-01
1.82151552e-03 -3.04677407e-03 -1.73499871e-03 3.34886107e-03 1.02572556e-03 3.37861382e-03 -3.49288441e-03 2.41490091e-04 3.58846690e-03 8.49217941e-01 3.97997032e+00 1.28080562e-02 2.63570485e-01
7.56592168e-04 -7.90324089e-04 -1.16162651e-03 2.54858015e-03 1.36555196e-03 3.31211443e-03 -2.83018328e-03 2.10647977e-03 3.12933166e-03 8.78129502e-01 3.98682348e+00 4.17347901e-04 2.49678186e-01
1.60984090e-03 -2.70756345e-03 -1.76933116e-03 3.12242935e-03 1.29084614e-03 3.16608689e-03 -3.08612332e-03 2.36393646e-05 3.15326734e-03 8.04535076e-01 3.86651207e+00 -3.72169761e-04 2.66439056e-01
4.84088492e-04 -9.87898946e-04 -1.47358097e-03 2.85894304e-03 9.75321387e-04 4.03355589e-03 -3.25782915e-03 2.52599864e-03 3.70455764e-03 8.72789945e-01 4.27731213e+00 2.41789891e-02 2.58752809e-01
1.34466608e-03 -2.40948460e-03 -1.74846307e-03 2.82717113e-03 1.49351327e-03 2.77656664e-03 -2.78820550e-03 2.28559580e-04 2.84961329e-03 8.15642381e-01 3.64002849e+00 -2.12958943e-02 2.58970350e-01
1.20033710e-03 -2.48346696e-03 -1.52287695e-03 2.82295859e-03 7.70912646e-04 3.46035722e-03 -3.09010135e-03 1.04802870e-03 3.32882365e-03 8.48400549e-01 3.90973542e+00 1.61875740e-02 2.66174463e-01
9.14079430e-04 -2.04263479e-03 -1.68138700e-03 2.70264567e-03 1.25384394e-03 2.73368898e-03 -2.96882523e-03 1.30840992e-03 3.11641636e-03 8.36672272e-01 3.97263071e+00 -1.47855423e-02 2.50273220e-01
9.57997186e-04 -2.31910269e-03 -2.07402109e-03 3.29662176e-03 1.49876075e-03 3.45478891e-03 -3.63546021e-03 1.81132598e-03 3.85171896e-03 8.83534479e-01 4.39212492e+00 7.55903971e-03 2.50237979e-01
1.11057265e-03 -2.06152892e-03 -1.17851030e-03 2.29722001e-03 6.69658627e-04 2.71354020e-03 -2.47940761e-03 6.62386434e-04 2.63638116e-03 8.00952388e-01 3.50455346e+00 -7.26151406e-03 2.66066253e-01
6.14463677e-04 -1.66066634e-03 -1.60010494e-03 2.61008483e-03 9.39819037e-04 2.69506616e-03 -2.96426801e-03 1.65759118e-03 3.15521390e-03 8.55283709e-01 3.96086493e+00 -4.24771979e-03 2.47690895e-01
1.45483573e-03 -2.63404302e-03 -1.59337728e-03 2.98224056e-03 1.17166483e-03 3.57383453e-03 -3.07020711e-03 6.82044771e-04 3.25739563e-03 8.28407978e-01 3.91655361e+00 4.40043023e-03 2.68089651e-01
1.31129140e-03 -2.34182215e-03 -1.32143328e-03 2.59673506e-03 7.70586372e-04 2.84170080e-03 -2.79131363e-03 6.06864637e-04 2.92608214e-03 8.03567493e-01 3.72676426e+00 -2.78442247e-03 2.63970104e-01
7.97409750e-04 -1.98679066e-03 -1.85103489e-03 2.95902356e-03 1.37150281e-03 3.34281001e-03 -3.24274561e-03 1.75476484e-03 3.48444826e-03 8.79697920e-01 4.13569377e+00 2.85347515e-03 2.52652866e-01
6.56856336e-04 -1.29513593e-03 -1.47721820e-03 2.61997029e-03 1.33962262e-03 3.23893212e-03 -2.86589584e-03 1.90710836e-03 3.13778322e-03 8.48624724e-01 4.10823324e+00 1.54227924e-03 2.55169589e-01
1.66267380e-03 -2.74502123e-03 -1.57505611e-03 3.02446993e-03 1.01040212e-03 3.01785222e-03 -3.15235831e-03 2.29914610e-04 3.23026975e-03 8.35808770e-01 3.76249169e+00 -1.50571379e-03 2.61711535e-01
5.13389575e-04 -1.46202988e-03 -1.61146891e-03 2.57219629e-03 9.79845551e-04 2.62857158e-03 -2.93639355e-03 1.75920087e-03 3.12449019e-03 8.36401615e-01 3.85721056e+00 -3.24784218e-02 2.42487133e-01
1.76316072e-03 -2.84382540e-03 -1.56585870e-03 3.15642080e-03 1.16861104e-03 3.78949325e-03 -3.20315035e-03 3.67599712e-04 3.35835242e-03 8.49886701e-01 4.07367825e+00 4.00477172e-02 2.72484364e-01
8.13004859e-04 -2.00773261e-03 -1.69965750e-03 2.83078479e-03 1.04059252e-03 3.01007827e-03 -3.16546660e-03 1.59150920e-03 3.37104392e-03 8.83468617e-01 4.03589519e+00 1.13248536e-02 2.51043795e-01
1.20001520e-03 -2.36150446e-03 -1.51321721e-03 2.72110420e-03 1.04490216e-03 3.18966416e-03 -2.86173268e-03 8.35990584e-04 3.04891076e-03 8.02207794e-01 3.83305478e+00 -1.06778706e-02 2.65173590e-01
1.71018672e-03 -2.85290446e-03 -1.54140544e-03 2.99339947e-03 6.72108650e-04 3.09651630e-03 -3.17773080e-03 4.59314767e-05 3.26627820e-03 8.18005244e-01 3.69536133e+00 -3.65115346e-03 2.66826502e-01
7.88521704e-04 -1.22573766e-03 -1.44132520e-03 2.58897457e-03 1.55241479e-03 2.94886908e-03 -2.85019950e-03 1.83216895e-03 3.04668107e-03 8.66318025e-01 4.16200415e+00 3.74270480e-03 2.49457337e-01
9.29869808e-04 -1.86344143e-03 -1.56138368e-03 2.39329833e-03 1.19885756e-03 1.95944268e-03 -2.74182302e-03 1.05458903e-03 2.76419553e-03 8.42944257e-01 3.77193417e+00 -2.81480505e-02 2.37613141e-01
1.57121424e-03 -2.91007943e-03 -1.49375322e-03 2.98236012e-03 5.22892598e-04 4.46171680e-03 -3.39657467e-03 1.03247051e-03 3.72295165e-03 8.41282848e-01 4.12562128e+00 3.37286736e-02 2.76745504e-01
1.38187798e-03 -2.37824411e-03 -1.19914588e-03 2.53368252e-03 6.16223207e-04 3.48830158e-03 -2.76328281e-03 7.04339355e-04 2.98190519e-03 7.95616348e-01 3.74697643e+00 6.42363157e-03 2.74289086e-01
1.08268416e-03 -2.05516977e-03 -1.72198809e-03 2.85270949e-03 1.42953313e-03 2.59301069e-03 -3.21855397e-03 1.42079695e-03 3.29124122e-03 8.83945568e-01 4.08969737e+00 -6.06949036e-03 2.40447625e-01
9.58779839e-04 -2.06983752e-03 -1.55013984e-03 2.71833404e-03 1.07277712e-03 2.97517282e-03 -2.95875442e-03 1.29848282e-03 3.14321370e-03 8.55957769e-01 3.86749297e+00 -2.56331850e-03 2.54478634e-01
1.09557620e-03 -2.37351819e-03 -1.63686439e-03 2.84460033e-03 1.04791280e-03 3.26617585e-03 -3.05762529e-03 1.12752677e-03 3.27094364e-03 8.27881532e-01 4.00318718e+00 2.64113099e-03 2.62235558e-01
1.33813568e-03 -2.65665992e-03 -1.89672910e-03 3.10488333e-03 1.31841630e-03 2.71628092e-03 -3.43554549e-03 9.92060506e-04 3.51088976e-03 8.80137202e-01 4.13383583e+00 6.95004429e-03 2.46750600e-01
7.66482666e-04 -1.89760554e-03 -1.40067017e-03 2.38970864e-03 7.40202656e-04 3.37797312e-03 -2.65014793e-03 1.32961253e-03 2.95108616e-03 8.04345927e-01 3.74117578e+00 -6.69408420e-03 2.69239548e-01
5.89217472e-04 -1.67301704e-03 -1.47294069e-03 2.46308825e-03 6.75549086e-04 3.75888178e-03 -2.82533028e-03 1.76178307e-03 3.21396655e-03 8.44276317e-01 3.92767782e+00 2.19191260e-02 2.70043381e-01
1.50050711e-03 -2.68917663e-03 -1.85521664e-03 3.01034169e-03 1.43337705e-03 2.52629001e-03 -3.25353206e-03 5.46376809e-04 3.27481873e-03 8.40453672e-01 3.93568649e+00 -1.94180027e-02 2.46744403e-01
1.03216534e-03 -2.06719473e-03 -1.46435582e-03 2.57472452e-03 1.15634219e-03 2.91660590e-03 -2.73343967e-03 1.04688332e-03 2.90480196e-03 8.04839478e-01 3.92561260e+00 -4.07929764e-03 2.61539968e-01
1.02387189e-03 -2.45797702e-03 -1.77412313e-03 3.01155255e-03 9.32887020e-04 3.29058191e-03 -3.31671752e-03 1.33123767e-03 3.53920846e-03 8.78904877e-01 3.93804971e+00 4.18820229e-03 2.55470862e-01
9.45469991e-04 -2.06264186e-03 -1.45920812e-03 2.59940570e-03 8.67529150e-04 2.68890254e-03 -2.83685211e-03 1.10195010e-03 2.98973076e-03 8.00900578e-01 3.97130695e+00 1.91391466e-04 2.57983654e-01
1.14149022e-03 -2.43896883e-03 -1.73970838e-03 2.99054737e-03 1.29235373e-03 3.58817833e-03 -3.16378192e-03 1.24796252e-03 3.40637618e-03 8.81255218e-01 3.87805785e+00 -1.38611984e-04 2.59679262e-01
1.16627479e-03 -2.35602744e-03 -1.57534172e-03 2.86845273e-03 1.00133973e-03 3.00941130e-03 -3.12311876e-03 1.10524244e-03 3.28449583e-03 8.32337755e-01 4.03179627e+00 3.66371875e-03 2.57310173e-01
9.01738711e-04 -2.06618122e-03 -1.59250898e-03 2.70465655e-03 1.14555292e-03 3.23659484e-03 -2.88993359e-03 1.32504981e-03 3.12386210e-03 8.51656432e-01 3.84119665e+00 -3.55154218e-03 2.59581645e-01
9.27046554e-04 -2.09203434e-03 -1.52736273e-03 2.61962779e-03 9.62465522e-04 2.89197260e-03 -2.85623328e-03 1.18051661e-03 3.04589090e-03 8.32037248e-01 3.88284547e+00 6.00388947e-04 2.58369455e-01
1.11439426e-03 -2.33554266e-03 -1.66060041e-03 2.96930069e-03 1.19275359e-03 3.38279666e-03 -3.16400280e-03 1.28171207e-03 3.37706881e-03 8.52174884e-01 3.99123966e+00 -5.69385146e-04 2.58486038e-01
1.32586615e-03 -2.52701513e-03 -1.60607456e-03 3.03056635e-03 1.20953010e-03 3.69302088e-03 -3.16466988e-03 1.06587620e-03 3.39045529e-03 8.64162554e-01 3.99582494e+00 1.65897466e-02 2.65136376e-01
8.33594347e-04 -1.85979376e-03 -1.49580300e-03 2.58604300e-03 1.00188114e-03 2.67805252e-03 -2.86159622e-03 1.35559169e-03 3.01872693e-03 8.22267944e-01 3.89683020e+00 -1.51698210e-02 2.51233170e-01
1.52456968e-03 -2.61245386e-03 -1.73112537e-03 3.05016770e-03 1.38523507e-03 3.11914741e-03 -3.02252786e-03 2.29042020e-04 3.10265960e-03 8.45784639e-01 3.76826305e+00 3.45782684e-03 2.62797809e-01
5.23885289e-04 -9.97112417e-04 -1.38698484e-03 2.65178076e-03 1.10842789e-03 3.41236454e-03 -2.95822678e-03 2.18333400e-03 3.28900504e-03 8.38704057e-01 4.10616410e+00 -3.36753857e-03 2.54172652e-01
7.93616449e-04 -1.88532807e-03 -1.71707698e-03 2.71974026e-03 1.29769495e-03 2.90120035e-03 -2.99962016e-03 1.53617042e-03 3.18631934e-03 8.37265015e-01 4.01371884e+00 -1.84108595e-02 2.50414074e-01
1.41366860e-03 -2.57554495e-03 -1.43152602e-03 2.82813061e-03 7.66800456e-04 3.26585153e-03 -3.06242893e-03 7.29205679e-04 3.24001577e-03 8.47924170e-01 3.86652365e+00 2.06304452e-02 2.66023137e-01
5.32184613e-04 -1.36956758e-03 -1.35792076e-03 2.32958312e-03 9.34954455e-04 2.84547101e-03 -2.56161955e-03 1.58475485e-03 2.80476179e-03 8.34266358e-01 3.63162024e+00 -2.18981626e-02 2.54139797e-01
1.65939150e-03 -3.07532789e-03 -1.94940801e-03 3.42731759e-03 1.30928512e-03 3.48894662e-03 -3.59524439e-03 6.03094305e-04 3.72868474e-03 8.51650609e-01 4.29034327e+00 2.50837603e-02 2.62654329e-01
1.72595875e-03 -2.87558621e-03 -1.71799438e-03 3.18159773e-03 1.00717078e-03 3.34577368e-03 -3.21988224e-03 -3.48984129e-05 3.30472778e-03 8.50299376e-01 3.89574699e+00 3.29333174e-02 2.69867716e-01
6.87338994e-04 -9.72937386e-04 -1.35114546e-03 2.54269902e-03 1.37103697e-03 2.98970026e-03 -2.85618659e-03 1.99082064e-03 3.10115137e-03 8.35781415e-01 4.00488314e+00 -2.76407425e-02 2.45597634e-01
3.48973876e-04 -9.14103105e-04 -1.23375834e-03 2.23984166e-03 7.59675016e-04 2.91139509e-03 -2.53456562e-03 1.86060648e-03 2.83336194e-03 8.18869049e-01 3.77927050e+00 -7.38216652e-03 2.56229570e-01
1.76736015e-03 -3.09841294e-03 -2.10329371e-03 3.57794059e-03 1.75345326e-03 3.65843949e-03 -3.55700895e-03 3.38712773e-04 3.66035295e-03 8.66193181e-01 4.08854138e+00 7.70349722e-03 2.61172527e-01
8.31137295e-04 -2.16592750e-03 -1.84249773e-03 2.98915340e-03 1.15388300e-03 3.32584236e-03 -3.28860370e-03 1.63707833e-03 3.53083683e-03 8.77809197e-01 3.97452668e+00 -7.76983763e-03 2.51702229e-01
1.23245889e-03 -2.24144483e-03 -1.36582341e-03 2.61309465e-03 9.82613213e-04 2.91673612e-03 -2.73787488e-03 7.17721137e-04 2.88232982e-03 8.02263339e-01 3.87131150e+00 8.26903101e-03 2.65348245e-01
1.22157153e-03 -2.24878846e-03 -1.42632077e-03 2.60741144e-03 1.03169367e-03 2.69217472e-03 -2.77930472e-03 7.27818242e-04 2.89478875e-03 7.95933947e-01 3.88044061e+00 -4.36247597e-03 2.60427271e-01
9.10013901e-04 -2.13873300e-03 -1.71976237e-03 2.96368996e-03 1.16797915e-03 3.58992246e-03 -3.22753253e-03 1.64842205e-03 3.50471623e-03 8.87219688e-01 3.97456363e+00 4.48551696e-03 2.56772688e-01
1.25600109e-03 -2.27581999e-03 -1.72188539e-03 2.96119982e-03 1.52171182e-03 2.68731691e-03 -3.21898948e-03 1.16788074e-03 3.27897830e-03 8.49265975e-01 4.08993919e+00 -1.55968458e-02 2.44520474e-01
9.51147879e-04 -2.18822826e-03 -1.40442555e-03 2.49946847e-03 5.58293687e-04 3.49653223e-03 -2.80946163e-03 1.17067922e-03 3.10153356e-03 8.34080053e-01 3.77827238e+00 1.72240109e-02 2.71374075e-01
1.65878401e-03 -2.73731470e-03 -1.66009062e-03 3.10854462e-03 1.28182633e-03 3.27900048e-03 -3.13595001e-03 2.64172395e-04 3.23240604e-03 8.33416025e-01 3.79984378e+00 -4.65935239e-03 2.63701691e-01
4.72292962e-04 -1.21380333e-03 -1.51656302e-03 2.56817145e-03 1.03976042e-03 3.07047488e-03 -2.89876783e-03 1.97456717e-03 3.18162295e-03 8.51221631e-01 4.07429810e+00 4.80550607e-03 2.53104164e-01
8.25716975e-04 -1.90767668e-03 -1.39045044e-03 2.42168135e-03 8.58550597e-04 2.89962188e-03 -2.61654890e-03 1.14389182e-03 2.82772316e-03 8.18417404e-01 3.59242053e+00 -2.01573357e-02 2.60267018e-01
1.22010007e-03 -2.63754055e-03 -1.91846704e-03 3.24453513e-03 1.30186673e-03 3.36540320e-03 -3.52019112e-03 1.31864181e-03 3.70765152e-03 8.69416457e-01 4.34519233e+00 2.27339027e-02 2.56579984e-01
1.22991260e-03 -2.23897411e-03 -1.38997931e-03 2.65308790e-03 1.08953380e-03 3.10037422e-03 -2.75798132e-03 8.14384345e-04 2.92546238e-03 8.14701148e-01 3.81757064e+00 9.50304263e-04 2.65104391e-01
7.45523284e-04 -2.11587230e-03 -1.84514044e-03 2.93277712e-03 1.00896422e-03 3.12850938e-03 -3.28334845e-03 1.65231007e-03 3.51329284e-03 8.68510696e-01 4.05318876e+00 -9.01373578e-04 2.51285753e-01
1.01067753e-03 -2.10965856e-03 -1.36362881e-03 2.48189879e-03 7.90516747e-04 2.94567371e-03 -2.69832317e-03 9.76075843e-04 2.89654401e-03 8.07853220e-01 3.76818972e+00 -1.44916434e-04 2.64530997e-01
1.02708771e-03 -2.38403472e-03 -1.88780939e-03 3.08143855e-03 1.29916662e-03 3.24695412e-03 -3.35567766e-03 1.43498251e-03 3.55153258e-03 8.75049317e-01 4.09318695e+00 1.87721887e-04 2.52206787e-01
6.96481367e-04 -1.03373081e-03 -1.34460765e-03 2.50652701e-03 1.39871083e-03 3.15248215e-03 -2.78363697e-03 1.95008793e-03 3.06182431e-03 8.32235723e-01 3.98327170e+00 -2.40198609e-02 2.50733184e-01
1.72966059e-03 -2.91861584e-03 -1.75102683e-03 3.19653125e-03 9.97301295e-04 3.12913288e-03 -3.29443904e-03 2.63690987e-06 3.35996088e-03 8.54269176e-01 3.90886179e+00 2.78914598e-02 2.65587042e-01
1.69795729e-03 -2.51091721e-03 -1.57251523e-03 3.11378124e-03 8.31016206e-04 3.45615804e-03 -2.94446971e-03 -5.01243250e-04 2.97213345e-03 8.01718864e-01 3.56142700e+00 1.08435621e-02 2.77104061e-01
1.67533176e-03 -2.08365359e-04 -5.49943645e-04 2.49165308e-03 2.30599039e-03 2.94523339e-03 -2.78847272e-03 1.99142747e-03 2.92909557e-03 8.77609607e-01 4.31436013e+00 -1.00585522e-02 2.35277582e-01
1.38139927e-03 -2.49930542e-03 -1.63658610e-03 2.82483818e-03 1.21826313e-03 2.63738855e-03 -3.01794346e-03 5.96586923e-04 3.08943836e-03 8.22874613e-01 3.78145739e+00 -2.36481663e-02 2.52196773e-01
6.21541226e-04 -1.83249735e-03 -1.66761548e-03 2.75963257e-03 9.13645461e-04 3.72785117e-03 -3.07044342e-03 1.84611896e-03 3.42732212e-03 8.65183736e-01 4.11680876e+00 2.73202318e-02 2.64835384e-01
9.56741070e-04 -8.24861385e-04 -1.16850296e-03 2.54081561e-03 1.65198822e-03 2.99280901e-03 -2.84722735e-03 1.98243382e-03 3.06090380e-03 8.84975893e-01 4.14467268e+00 2.99011782e-03 2.44508743e-01
1.75389743e-03 -2.72526106e-03 -1.55905496e-03 3.05032734e-03 8.92475435e-04 3.22623898e-03 -3.06595862e-03 -1.87610350e-04 3.12445448e-03 7.97856133e-01 3.69871712e+00 -2.91529390e-03 2.70588449e-01
9.40965657e-04 -2.50954377e-03 -1.84658171e-03 3.15196108e-03 7.49863380e-04 3.86614050e-03 -3.54518225e-03 1.66733874e-03 3.86787687e-03 8.60143562e-01 4.22566448e+00 1.91499380e-02 2.62718889e-01
1.01658000e-03 -1.94191343e-03 -1.41688270e-03 2.44762329e-03 1.23920357e-03 2.53519548e-03 -2.57265217e-03 9.02032418e-04 2.68374437e-03 8.26301399e-01 3.67024106e+00 -1.72650768e-02 2.54173535e-01
1.49947303e-03 -2.52529977e-03 -1.49770954e-03 2.75562527e-03 9.01018899e-04 2.75599026e-03 -2.84713558e-03 7.47238887e-05 2.91550120e-03 8.02898950e-01 3.64113990e+00 -5.45495441e-03 2.65043162e-01
6.92049561e-04 -1.25101293e-03 -1.60474613e-03 2.84936258e-03 1.46266122e-03 3.50624216e-03 -3.17503647e-03 2.18982027e-03 3.48435574e-03 8.81126498e-01 4.23694688e+00 5.63044648e-03 2.51247275e-01
1.32562082e-03 -2.57732544e-03 -1.48475865e-03 2.85425870e-03 7.67807397e-04 3.70295925e-03 -3.11408318e-03 9.79520909e-04 3.36814671e-03 8.35568095e-01 4.04228064e+00 2.84720427e-02 2.70896164e-01
9.83988412e-04 -2.03328220e-03 -1.62051791e-03 2.66729017e-03 1.24486525e-03 2.58357743e-03 -2.95472691e-03 1.24275101e-03 3.06857706e-03 8.47564248e-01 3.84322362e+00 -2.43549171e-02 2.45160686e-01
7.96379908e-04 -1.42655758e-03 -1.45170284e-03 2.50985073e-03 1.37993072e-03 2.69751589e-03 -2.79050455e-03 1.61891375e-03 2.94582068e-03 8.42028229e-01 3.96793843e+00 -1.94897736e-02 2.46498432e-01
1.72896771e-03 -2.94360596e-03 -1.54022377e-03 3.07012192e-03 7.10291219e-04 3.46545021e-03 -3.29540631e-03 3.25800366e-04 3.44159320e-03 8.42416442e-01 3.91075568e+00 2.20226520e-02 2.69317322e-01
7.56329986e-04 -1.75360821e-03 -1.87185061e-03 3.15979431e-03 1.46023111e-03 3.55868102e-03 -3.49327429e-03 2.15030964e-03 3.76022368e-03 8.88938400e-01 4.31682571e+00 3.85696365e-03 2.48835781e-01
1.34861466e-03 -2.22914321e-03 -1.23299436e-03 2.46076133e-03 8.22726161e-04 2.71234206e-03 -2.55805929e-03 3.16919438e-04 2.65967167e-03 7.93798399e-01 3.56038527e+00 -3.75499239e-03 2.67194550e-01
7.69836206e-04 -1.25483530e-03 -1.29812089e-03 2.32386614e-03 1.22340227e-03 2.08397363e-03 -2.63398761e-03 1.46244936e-03 2.67886274e-03 8.48588523e-01 3.80502549e+00 -2.73484457e-02 2.34813420e-01
2.13126822e-03 -3.16914989e-03 -1.42093569e-03 3.24364000e-03 7.92745730e-04 4.41954301e-03 -3.44565546e-03 2.72438514e-04 3.63907906e-03 8.34059168e-01 4.08833019e+00 3.26476661e-02 2.78016109e-01
1.12050352e-03 -2.20822404e-03 -1.57157982e-03 2.77209250e-03 1.16139139e-03 2.77178672e-03 -3.01603914e-03 1.11335364e-03 3.14208825e-03 8.38049126e-01 4.06864806e+00 7.49261353e-03 2.54506343e-01
1.05680456e-03 -2.23762028e-03 -1.54113583e-03 2.79355143e-03 1.03935247e-03 3.49619658e-03 -2.99577149e-03 1.27013149e-03 3.24750521e-03 8.46098571e-01 3.81745485e+00 -7.14670850e-03 2.62477408e-01
6.86168016e-04 -1.98590700e-03 -1.66769900e-03 2.76256023e-03 7.17645898e-04 4.05573958e-03 -3.16127364e-03 1.85931582e-03 3.56854986e-03 8.58194592e-01 4.08190899e+00 2.35481107e-02 2.68741137e-01
1.37298487e-03 -2.30578922e-03 -1.56549303e-03 2.73971727e-03 1.39588375e-03 2.41429362e-03 -2.91100833e-03 6.36321815e-04 2.93565199e-03 8.28509875e-01 3.81524310e+00 -2.07471485e-02 2.47921784e-01
1.75694309e-03 -3.15602188e-03 -2.18271095e-03 3.64245538e-03 1.76281034e-03 3.44849886e-03 -3.73738118e-03 5.22017680e-04 3.81619361e-03 8.72547396e-01 4.27761129e+00 1.41602851e-02 2.56539992e-01
3.84649415e-04 -1.15021424e-03 -1.25786962e-03 2.12974129e-03 6.53272919e-04 2.92634833e-03 -2.44088899e-03 1.66526091e-03 2.74801812e-03 8.13848256e-01 3.61705219e+00 -1.31346022e-02 2.60689521e-01
1.53177817e-03 -2.68603066e-03 -1.80882018e-03 3.07116746e-03 1.29637310e-03 2.79442603e-03 -3.14268781e-03 1.94915909e-04 3.18359458e-03 8.18927062e-01 3.86593076e+00 -7.64302570e-03 2.58016913e-01
5.44244816e-04 -1.11382161e-03 -1.43040768e-03 2.55123926e-03 1.12740037e-03 3.59074816e-03 -2.87022370e-03 2.09289151e-03 3.24937621e-03 8.66174153e-01 3.99870628e+00 7.98769170e-03 2.59085352e-01
9.03139541e-04 -1.89665669e-03 -1.76904586e-03 3.03655171e-03 1.28889650e-03 2.90802289e-03 -3.44206379e-03 1.83092495e-03 3.58098934e-03 8.68761254e-01 4.38488609e+00 7.15593403e-03 2.44415087e-01
1.33800562e-03 -2.28027736e-03 -1.25895426e-03 2.51607305e-03 9.11243824e-04 3.23591652e-03 -2.61136995e-03 5.56300413e-04 2.78733753e-03 8.16154790e-01 3.53855502e+00 -6.87801685e-03 2.70855249e-01
1.22802140e-03 -2.24247864e-03 -1.59467815e-03 2.82074463e-03 1.35714172e-03 2.68444253e-03 -3.01929690e-03 1.00058655e-03 3.10293450e-03 8.44854985e-01 4.00253617e+00 -2.52862418e-03 2.50750593e-01
8.82597207e-04 -2.11040617e-03 -1.52858832e-03 2.71879916e-03 8.27661619e-04 3.62288233e-03 -2.98203804e-03 1.45558585e-03 3.28557860e-03 8.39476443e-01 3.87692557e+00 2.59480266e-03 2.65833715e-01
5.74631417e-04 -1.28346047e-03 -1.58446097e-03 2.63363023e-03 1.14531952e-03 2.63939889e-03 -3.02780207e-03 1.90670473e-03 3.20059868e-03 8.55169639e-01 4.18515851e+00 -1.97074730e-03 2.43501045e-01
1.69402508e-03 -2.73085903e-03 -1.49705176e-03 2.96774232e-03 1.01967085e-03 3.55732833e-03 -3.01937203e-03 2.04864322e-04 3.15697553e-03 8.28794588e-01 3.70939309e+00 2.02869065e-03 2.71639608e-01
1.20369724e-03 -2.26987583e-03 -1.45695227e-03 2.62630257e-03 1.11657536e-03 2.98433527e-03 -2.73305469e-03 7.40197910e-04 2.89058432e-03 8.13490183e-01 3.75614574e+00 -6.70142806e-03 2.63750648e-01
6.95066556e-04 -2.06544914e-03 -1.84436357e-03 2.96200936e-03 9.47496995e-04 3.24665865e-03 -3.33890814e-03 1.78420692e-03 3.59745822e-03 8.71326225e-01 4.12905756e+00 6.96400565e-03 2.52656600e-01
7.04846787e-04 -1.93156999e-03 -1.62083678e-03 2.69699301e-03 8.71040195e-04 3.60506002e-03 -3.01002243e-03 1.68138138e-03 3.34183304e-03 8.37164442e-01 3.95758489e+00 -6.01216247e-05 2.63824773e-01
1.31124459e-03 -2.45231094e-03 -1.65163270e-03 2.81854245e-03 1.22942288e-03 2.63920323e-03 -3.03486731e-03 7.39590168e-04 3.11803867e-03 8.47200845e-01 3.91689214e+00 8.63797718e-05 2.52954710e-01
1.58249334e-03 -2.76054293e-03 -1.97626267e-03 3.31827937e-03 1.89219530e-03 3.19366761e-03 -3.50935479e-03 9.77663208e-04 3.58833789e-03 8.75419230e-01 4.22097880e+00 -2.49385479e-03 2.49632864e-01
6.11289321e-04 -1.74290074e-03 -1.28397422e-03 2.20921984e-03 3.25986461e-04 3.02286449e-03 -2.56863174e-03 1.32898365e-03 2.85319890e-03 8.06680393e-01 3.62842902e+00 2.59821761e-03 2.67536843e-01
5.69818597e-04 -1.61615368e-03 -1.64689885e-03 2.71393791e-03 9.09348927e-04 2.86131493e-03 -3.10417750e-03 1.83516442e-03 3.32373988e-03 8.86129257e-01 3.98093425e+00 4.67754417e-03 2.46253454e-01
1.45181644e-03 -2.53755003e-03 -1.53592866e-03 2.85918630e-03 1.21414252e-03 3.37874739e-03 -2.89873977e-03 5.15184244e-04 3.05770881e-03 7.97187436e-01 3.87588284e+00 -4.54664167e-03 2.69137488e-01
1.61253509e-03 -1.56325283e-04 -3.09874106e-04 2.09133108e-03 2.13746784e-03 2.61702375e-03 -2.28715152e-03 1.63106917e-03 2.40095590e-03 8.55234171e-01 3.95370375e+00 -2.23198138e-02 2.37248546e-01
2.08741010e-03 -3.01237718e-03 -1.84841438e-03 3.74049402e-03 9.41503195e-04 3.99329907e-03 -3.56188169e-03 -6.58797304e-04 3.57367125e-03 8.26167906e-01 3.89652456e+00 2.58010029e-02 2.75941487e-01
4.99256643e-04 -1.89697312e-03 -1.90432701e-03 3.04058930e-03 8.13107541e-04 3.74756668e-03 -3.46034950e-03 2.13703358e-03 3.82552657e-03 8.67621452e-01 4.19845551e+00 9.14142085e-03 2.57200250e-01
1.19237870e-03 -2.21918431e-03 -1.51084847e-03 2.57169022e-03 1.21451902e-03 2.62971429e-03 -2.65234893e-03 5.50777559e-04 2.74963457e-03 8.17685076e-01 3.68893068e+00 -8.69689116e-03 2.59678382e-01
1.54603577e-03 -2.77983618e-03 -1.81504115e-03 3.24718093e-03 1.48128142e-03 3.34240082e-03 -3.40166038e-03 8.34194803e-04 3.53025964e-03 8.52025154e-01 4.21116269e+00 1.26825003e-02 2.58903653e-01
5.18035370e-04 -1.64618505e-03 -1.48697796e-03 2.40239258e-03 7.26777288e-04 2.93390396e-03 -2.69107230e-03 1.52335049e-03 2.95560339e-03 8.33165402e-01 3.68722212e+00 -1.18091518e-02 2.57978694e-01
6.05776479e-04 -1.78046773e-03 -1.55947507e-03 2.54563359e-03 8.19048157e-04 3.54830280e-03 -2.84711395e-03 1.67389643e-03 3.19187829e-03 8.07314171e-01 3.91209336e+00 -9.65266489e-03 2.66085798e-01
1.33960682e-03 -2.60434967e-03 -1.80255096e-03 2.96466218e-03 1.23271250e-03 2.63588270e-03 -3.20897945e-03 7.02689017e-04 3.27770819e-03 8.78154101e-01 3.94511797e+00 1.01847625e-02 2.50519717e-01
6.74562461e-04 -1.57850145e-03 -1.52416871e-03 2.42577409e-03 1.21436225e-03 2.68586325e-03 -2.67264393e-03 1.47280948e-03 2.85886325e-03 8.30042310e-01 3.77204886e+00 -2.91973541e-02 2.49857069e-01
1.75876260e-03 -3.02115527e-03 -1.59706067e-03 3.25031721e-03 8.32048180e-04 3.59824439e-03 -3.50603508e-03 5.86878408e-04 3.66708913e-03 8.57600221e-01 4.14667862e+00 3.51073340e-02 2.66629938e-01
1.29024393e-03 -2.54142927e-03 -1.43322968e-03 2.80373110e-03 6.09564832e-04 3.76429825e-03 -3.10705555e-03 1.02904732e-03 3.37683434e-03 8.21559629e-01 4.02103123e+00 2.37270354e-02 2.72112755e-01
1.02268729e-03 -2.05969731e-03 -1.64285800e-03 2.65334713e-03 1.32859435e-03 2.49749990e-03 -2.93103468e-03 1.16680841e-03 3.02257169e-03 8.59102750e-01 3.83368531e+00 -2.07200470e-02 2.43922387e-01
1.20539176e-03 -2.54750790e-03 -1.72885876e-03 3.02339831e-03 1.12920123e-03 3.46299952e-03 -3.22845527e-03 1.11608134e-03 3.44611258e-03 8.60282840e-01 4.01599723e+00 1.07152341e-02 2.61577354e-01
8.37340436e-04 -1.92612807e-03 -1.50973746e-03 2.56873298e-03 9.78219242e-04 2.80384050e-03 -2.83048518e-03 1.30801856e-03 3.01416935e-03 8.25140067e-01 3.86853225e+00 -1.00980739e-02 2.55117400e-01
1.42339738e-03 -2.63286801e-03 -1.71328055e-03 3.08898969e-03 1.42965833e-03 3.55763982e-03 -3.18912771e-03 9.01417641e-04 3.37515767e-03 8.40630847e-01 4.11052101e+00 1.02171440e-02 2.64296816e-01
6.47263126e-04 -1.77471326e-03 -1.51026520e-03 2.52915915e-03 7.54166654e-04 2.76532348e-03 -2.85648961e-03 1.49189066e-03 3.06705683e-03 8.43647059e-01 3.77915668e+00 -9.61365888e-03 2.52137916e-01
1.78052809e-03 -3.01466219e-03 -2.15613055e-03 3.67386649e-03 1.56452921e-03 3.36202662e-03 -3.57262845e-03 -1.11530829e-04 3.59437312e-03 8.62518408e-01 4.03447375e+00 2.07604945e-02 2.61465197e-01
9.49596872e-04 -4.17621675e-04 -7.70032756e-04 2.18872795e-03 1.55023051e-03 3.32281715e-03 -2.39982721e-03 1.92586731e-03 2.73821526e-03 8.24369033e-01 3.85206320e+00 -1.85706987e-02 2.55660148e-01
5.03916824e-04 -1.42661379e-03 -1.41505056e-03 2.27078626e-03 8.32769660e-04 2.35007868e-03 -2.57425824e-03 1.46055638e-03 2.74348695e-03 8.18890788e-01 3.76504670e+00 -1.62521170e-02 2.49130141e-01
1.69967006e-03 -3.08950545e-03 -1.85711798e-03 3.45491958e-03 1.31269981e-03 4.08802020e-03 -3.57468718e-03 7.46256304e-04 3.78603599e-03 8.68005085e-01 4.13326717e+00 1.78802872e-02 2.67044573e-01
1.42732507e-03 -2.69324007e-03 -1.82396760e-03 3.07455688e-03 1.39263456e-03 3.06615504e-03 -3.21496987e-03 6.65322001e-04 3.32798491e-03 8.51151310e-01 4.03561445e+00 8.09685613e-03 2.58339707e-01
5.02290676e-04 -1.62775746e-03 -1.55333670e-03 2.52942023e-03 7.44719737e-04 3.19013382e-03 -2.86732589e-03 1.73868332e-03 3.17251686e-03 8.33688793e-01 3.84742454e+00 -7.72176278e-03 2.58612023e-01
1.98954479e-03 -2.90357442e-03 -1.36797212e-03 2.99434296e-03 6.84012054e-04 3.79574280e-03 -3.12263256e-03 -1.14903679e-04 3.23812677e-03 8.45373014e-01 3.74123754e+00 3.09631890e-02 2.77947137e-01
7.78745416e-04 -1.12598973e-03 -1.45795691e-03 2.53576716e-03 1.37559691e-03 2.31576046e-03 -2.96635865e-03 1.79897263e-03 3.04165378e-03 8.39685367e-01 4.16895860e+00 -2.62137196e-02 2.34776668e-01
1.00837955e-03 -2.39850253e-03 -1.83621673e-03 3.03447676e-03 1.14988410e-03 3.28570412e-03 -3.30850028e-03 1.38590367e-03 3.52200209e-03 8.48024073e-01 4.19502534e+00 8.67463250e-03 2.57531811e-01
1.00679439e-03 -2.04643236e-03 -1.39578369e-03 2.56295067e-03 9.82332247e-04 2.96181884e-03 -2.74168066e-03 1.08449865e-03 2.92850970e-03 8.36709878e-01 3.69555008e+00 -8.24270754e-03 2.59315130e-01
8.30499974e-04 -1.91339379e-03 -1.53196084e-03 2.53400069e-03 1.10726061e-03 2.82409756e-03 -2.74779014e-03 1.26604848e-03 2.93639676e-03 8.40286189e-01 3.65856390e+00 -2.70687888e-02 2.52577136e-01
1.37448617e-03 -2.74439466e-03 -1.70052357e-03 3.12833175e-03 9.74962969e-04 3.48923159e-03 -3.38109542e-03 9.99314870e-04 3.58405479e-03 8.44646987e-01 4.26450734e+00 3.21658001e-02 2.64683712e-01
5.88940517e-04 -1.38300910e-03 -1.51255385e-03 2.61877778e-03 1.09368226e-03 3.42578494e-03 -2.93003086e-03 1.95548725e-03 3.25503145e-03 8.36227415e-01 4.01786249e+00 -7.86504544e-03 2.57537713e-01
1.53718541e-03 -2.62692255e-03 -1.65339381e-03 3.00561646e-03 1.24311531e-03 2.92027989e-03 -3.09145495e-03 3.67195857e-04 3.16406519e-03 8.48516168e-01 3.85591631e+00 8.25837087e-03 2.59386399e-01
1.49758311e-03 -2.62339263e-03 -1.63733848e-03 2.97365353e-03 1.20008962e-03 3.11633698e-03 -3.04013738e-03 3.97213811e-04 3.14853291e-03 8.28060463e-01 3.74302635e+00 -1.16905328e-02 2.61892325e-01
4.82880478e-04 -1.45479008e-03 -1.64411882e-03 2.68134921e-03 1.00264956e-03 3.19224345e-03 -3.02391138e-03 1.96350550e-03 3.31809750e-03 8.57466726e-01 4.14273178e+00 1.25293950e-02 2.55123614e-01
1.17569228e-03 -2.61325620e-03 -1.78418648e-03 3.25503793e-03 1.02346001e-03 4.25793780e-03 -3.53742512e-03 1.57411917e-03 3.86979857e-03 8.69265796e-01 4.24715114e+00 2.46211668e-02 2.66567622e-01
8.90449320e-04 -1.90473762e-03 -1.45784795e-03 2.37272523e-03 1.03133637e-03 2.26459378e-03 -2.60056927e-03 9.51394085e-04 2.69712637e-03 8.18868688e-01 3.67245641e+00 -2.16204711e-02 2.49842364e-01
1.00547603e-03 -2.24218633e-03 -1.29813283e-03 2.48145839e-03 2.24576421e-04 3.32745406e-03 -2.88368506e-03 1.11011122e-03 3.15305222e-03 8.07631855e-01 3.79548879e+00 1.36925754e-02 2.70351732e-01
1.21082986e-03 -2.31587671e-03 -1.84946028e-03 2.91628832e-03 1.71797491e-03 2.81601813e-03 -3.14042243e-03 1.14120228e-03 3.22956854e-03 8.72034062e-01 4.02582455e+00 -1.25417740e-02 2.46578708e-01
6.02714512e-04 -1.81843717e-03 -1.46450090e-03 2.50645787e-03 4.94084785e-04 3.08563136e-03 -2.86482976e-03 1.54048126e-03 3.14160153e-03 8.09922549e-01 3.91467032e+00 4.45746199e-03 2.62192354e-01
1.44437191e-03 -2.54537572e-03 -1.74567005e-03 3.06910863e-03 1.67262990e-03 3.27118263e-03 -3.14729963e-03 8.64319089e-04 3.27599557e-03 8.72098294e-01 3.92485271e+00 -4.27181635e-03 2.55562602e-01
1.51209213e-03 -2.64968630e-03 -1.32456492e-03 2.72543607e-03 5.90322194e-04 4.10258199e-03 -3.05304843e-03 8.63986241e-04 3.33767824e-03 8.36870889e-01 3.93364239e+00 3.16731160e-02 2.77392322e-01
9.64908987e-04 -1.99419324e-03 -1.71326878e-03 2.63628166e-03 1.24548507e-03 2.13248024e-03 -3.03739187e-03 1.22391760e-03 3.06300197e-03 8.46431190e-01 3.95917200e+00 -2.66750218e-02 2.36447493e-01
1.91213427e-03 2.16682102e-04 -6.91599459e-05 2.41135937e-03 2.47177032e-03 3.47361758e-03 -2.56996418e-03 2.09467047e-03 2.83853928e-03 8.66450249e-01 4.18084399e+00 -1.01978398e-02 2.41623732e-01
1.52683531e-03 -2.39886767e-03 -1.80820582e-03 3.35171482e-03 1.52442424e-03 3.65173519e-03 -2.94049503e-03 -2.35849371e-04 2.98904828e-03 8.14910523e-01 3.70337156e+00 1.09548692e-02 2.72796674e-01
2.01616961e-03 -2.81036297e-03 -1.36783430e-03 3.01690600e-03 7.01702160e-04 3.86854665e-03 -3.05469370e-03 -3.30362173e-04 3.13689955e-03 8.11181637e-01 3.70238634e+00 1.91978406e-02 2.80430020e-01
1.07412195e-03 -8.22640040e-04 -1.12159075e-03 2.47481381e-03 1.56448748e-03 2.30082567e-03 -2.91124028e-03 1.81779442e-03 2.94990342e-03 8.68069407e-01 4.18180073e+00 -1.71107789e-02 2.30276286e-01
1.52757843e-03 -2.65244372e-03 -1.67459949e-03 3.01721274e-03 1.30375061e-03 3.40815166e-03 -2.99655247e-03 3.05606226e-04 3.12578258e-03 8.44944167e-01 3.73621116e+00 2.58701033e-03 2.67282149e-01
5.60068860e-04 -1.15560757e-03 -1.43400464e-03 2.66362317e-03 1.04116476e-03 3.02278088e-03 -3.01128201e-03 2.04963728e-03 3.25862364e-03 8.39512742e-01 4.15123347e+00 -2.52552773e-03 2.49028679e-01
1.17475585e-03 -2.47072434e-03 -1.50146035e-03 2.88946124e-03 6.37237820e-04 3.53642523e-03 -3.20618919e-03 1.19427871e-03 3.45785278e-03 8.33518014e-01 4.09963949e+00 2.62100007e-02 2.66732510e-01
1.09867323e-03 -2.05465901e-03 -1.54804936e-03 2.67277107e-03 1.43989474e-03 2.82482460e-03 -2.83480579e-03 1.12277539e-03 2.96428470e-03 8.49305655e-01 3.77494941e+00 -2.26650303e-02 2.50501611e-01
1.94566509e-03 -2.96869191e-03 -1.99645758e-03 3.81525045e-03 1.27931269e-03 4.03211143e-03 -3.53921197e-03 -4.86833974e-04 3.57140142e-03 8.47757488e-01 3.97954398e+00 3.71010206e-02 2.73971509e-01
1.61311110e-03 -3.14673288e-06 -2.15195059e-04 2.17526114e-03 2.19563388e-03 2.93309106e-03 -2.29937054e-03 1.78980962e-03 2.47576671e-03 8.37954313e-01 3.93554987e+00 -3.05009613e-02 2.40030170e-01
6.95942021e-04 -1.44185091e-03 -1.41324234e-03 2.47182352e-03 1.17611758e-03 2.67287868e-03 -2.72018044e-03 1.57779986e-03 2.88882299e-03 8.35108343e-01 3.77381070e+00 -3.00385340e-02 2.46170058e-01
1.73050540e-03 -2.98678609e-03 -1.65963724e-03 3.26039482e-03 1.00399509e-03 3.75724056e-03 -3.41733149e-03 5.12747569e-04 3.58717697e-03 8.51344911e-01 4.15301637e+00 3.63871009e-02 2.69690593e-01
9.60558281e-04 -1.00480128e-03 -1.45241982e-03 2.86483015e-03 1.76810369e-03 3.14442485e-03 -3.24473565e-03 2.19499906e-03 3.44417551e-03 8.71426716e-01 4.45033199e+00 -1.44545454e-03 2.42753930e-01
1.58623609e-03 -2.46130127e-03 -1.36232351e-03 2.71086607e-03 7.16383358e-04 2.96775670e-03 -2.74703656e-03 -1.61382085e-04 2.81034927e-03 8.11406378e-01 3.45467315e+00 1.50900044e-03 2.72097508e-01
1.14577991e-03 -6.55709953e-04 -9.82020255e-04 2.53747690e-03 1.87026689e-03 3.30222142e-03 -2.79484276e-03 2.03713648e-03 3.05231774e-03 8.60769599e-01 4.12683299e+00 -1.27439648e-02 2.47070772e-01
1.64459123e-03 -2.72300807e-03 -1.71942956e-03 3.12183768e-03 9.05321831e-04 3.05901986e-03 -3.11800595e-03 -2.45901052e-04 3.15770964e-03 8.21017314e-01 3.73639327e+00 1.38754078e-02 2.68663635e-01
1.25945429e-03 -2.29083527e-03 -1.37607836e-03 2.58662208e-03 9.31946361e-04 2.92498478e-03 -2.70184405e-03 5.77874010e-04 2.84406482e-03 8.16015669e-01 3.64194975e+00 -4.29068488e-03 2.65172256e-01
6.69778883e-04 -1.92192232e-03 -1.89977209e-03 3.01030556e-03 1.16871247e-03 3.27941852e-03 -3.37575669e-03 1.91728714e-03 3.62758294e-03 8.68346481e-01 4.24850164e+00 4.40964257e-03 2.51104045e-01
9.68913557e-04 -8.44273847e-04 -1.17388637e-03 2.48978245e-03 1.61912940e-03 2.42612575e-03 -2.83032649e-03 1.82450983e-03 2.89686160e-03 8.56541587e-01 4.19066788e+00 -1.48045578e-02 2.35529667e-01
2.00898399e-03 -2.92741114e-03 -1.43857020e-03 3.06993417e-03 6.47478205e-04 3.71205361e-03 -3.17334382e-03 -2.83795159e-04 3.25841785e-03 8.25661642e-01 3.69527384e+00 1.63041719e-02 2.77453551e-01
1.60290056e-03 -2.82666144e-03 -1.90300239e-03 3.25129901e-03 1.62767977e-03 3.17199224e-03 -3.38565331e-03 6.54704175e-04 3.47346226e-03 8.55313505e-01 4.01980299e+00 -9.66039670e-03 2.53777298e-01
4.84535472e-04 -1.51526890e-03 -1.39249432e-03 2.35376095e-03 6.02108101e-04 3.15295008e-03 -2.67896814e-03 1.65040485e-03 2.98898391e-03 8.27757432e-01 3.82559197e+00 1.03038074e-02 2.63814292e-01
1.10091475e-03 -2.25638075e-03 -1.57931997e-03 2.84858361e-03 1.11423606e-03 3.14664592e-03 -3.06511505e-03 1.21285796e-03 3.25243508e-03 8.42081418e-01 3.93546594e+00 -4.89450242e-03 2.56932731e-01
9.61093651e-04 -2.13075893e-03 -1.56830518e-03 2.74201237e-03 1.06696546e-03 3.14180534e-03 -2.94219465e-03 1.25811700e-03 3.15148064e-03 8.42320428e-01 3.94046704e+00 5.06505639e-03 2.59867126e-01
9.77273971e-04 -1.06752716e-03 -1.31154699e-03 2.56889508e-03 1.66242482e-03 2.79064817e-03 -2.90906915e-03 1.85435656e-03 3.05787132e-03 8.78631907e-01 4.19772286e+00 -5.45310645e-04 2.42763650e-01
1.82911293e-03 -2.75782664e-03 -1.40409143e-03 2.95344767e-03 6.65030018e-04 3.24779566e-03 -3.05992085e-03 -1.58426354e-04 3.12995554e-03 8.03689651e-01 3.65265463e+00 6.00776334e-04 2.72116095e-01
1.64879561e-03 -2.96112176e-03 -1.76402749e-03 3.29269490e-03 1.19830094e-03 3.66198828e-03 -3.43086591e-03 6.27886930e-04 3.59960807e-03 8.52043984e-01 4.25211534e+00 3.66563260e-02 2.67397722e-01
6.38451412e-04 -1.53079112e-03 -1.43809767e-03 2.47497534e-03 1.02697839e-03 2.77444801e-03 -2.71997526e-03 1.55851516e-03 2.92085458e-03 8.34573824e-01 3.69220973e+00 -3.02261694e-02 2.49058276e-01
1.76497948e-03 -3.12954387e-03 -1.72942797e-03 3.33896091e-03 8.84896540e-04 3.52747707e-03 -3.60255239e-03 5.36569191e-04 3.75276069e-03 8.51163300e-01 4.29697477e+00 4.19840279e-02 2.66208292e-01
7.38543362e-04 -1.54149890e-03 -1.40670368e-03 2.41095758e-03 1.23244383e-03 2.81660870e-03 -2.60771271e-03 1.45480820e-03 2.80464914e-03 8.35512464e-01 3.64887675e+00 -3.37479329e-02 2.50837065e-01
1.27631545e-03 -2.47189289e-03 -1.56434662e-03 2.88371052e-03 1.05166789e-03 3.27162245e-03 -3.05010999e-03 8.94448277e-04 3.23203306e-03 8.55703336e-01 3.74726638e+00 -5.86310685e-03 2.60459548e-01
8.46796560e-04 -2.00277010e-03 -1.63437732e-03 2.70706229e-03 1.09131116e-03 2.93875676e-03 -2.98553129e-03 1.42166870e-03 3.18241239e-03 8.27784806e-01 4.13225019e+00 6.12134482e-03 2.56901629e-01
9.59407007e-04 -2.00889352e-03 -1.30315052e-03 2.33422590e-03 7.63842680e-04 2.70035785e-03 -2.52572346e-03 8.55993366e-04 2.69973285e-03 8.10066255e-01 3.55054483e+00 -1.17804245e-02 2.62575202e-01
1.11374246e-03 -2.46192839e-03 -1.95076194e-03 3.27880436e-03 1.40750438e-03 3.54025032e-03 -3.58977955e-03 1.63563477e-03 3.81014773e-03 8.76022922e-01 4.35940769e+00 1.25895063e-02 2.54012043e-01
1.00347963e-03 -2.10209887e-03 -1.40888496e-03 2.50582613e-03 9.04913397e-04 2.93070472e-03 -2.70010668e-03 9.88366294e-04 2.89148342e-03 8.22971631e-01 3.69790748e+00 -6.90393835e-03 2.62055152e-01
9.96553663e-04 -2.37668342e-03 -1.86264195e-03 3.06904024e-03 1.18607672e-03 3.26862375e-03 -3.37162438e-03 1.48223994e-03 3.58396467e-03 8.61992194e-01 4.19166548e+00 7.19158702e-03 2.54578893e-01
9.45481778e-04 -2.35256595e-03 -1.81683645e-03 3.06149820e-03 1.04880352e-03 3.52628226e-03 -3.36861160e-03 1.57519053e-03 3.63399196e-03 8.58748821e-01 4.29957747e+00 2.53510892e-02 2.60535579e-01
1.04952742e-03 -2.16925512e-03 -1.49343561e-03 2.57949036e-03 1.03922669e-03 2.79218508e-03 -2.75148023e-03 9.08804052e-04 2.90747660e-03 8.28208944e-01 3.62896085e+00 -2.21345692e-02 2.56632577e-01
1.40710884e-03 -2.50142434e-03 -1.61700411e-03 2.80036378e-03 1.19499571e-03 2.61967208e-03 -2.96324958e-03 4.67427642e-04 3.02808762e-03 8.11123947e-01 3.83819899e+00 -1.34923708e-02 2.56087101e-01
5.60810865e-04 -1.65189473e-03 -1.67036959e-03 2.76803888e-03 9.98637352e-04 3.71019334e-03 -3.08633208e-03 1.98615152e-03 3.45060822e-03 8.75429948e-01 4.04191300e+00 1.45700571e-02 2.60841048e-01
