2.73135200e-01 6.79251200e-01 2.08382532e-09 9.62044000e-01 4.78790554e-02 6.41500000e-02
3.57435600e-01 6.68127200e-01 2.11806327e-09 9.67739200e-01 5.06916335e-02 -6.42000000e-02
3.49726800e-01 6.57694400e-01 2.20983508e-09 9.49528000e-01 5.13904957e-02 5.94500000e-02
2.80844000e-01 6.89684000e-01 1.99205350e-09 9.80255200e-01 4.71801931e-02 -5.95000000e-02
3.08379600e-01 6.45814400e-01 2.19712822e-09 9.64984000e-01 5.12740187e-02 7.37000000e-02
3.22191200e-01 7.01564000e-01 2.00476037e-09 9.64799200e-01 4.72966701e-02 -7.37500000e-02
3.38514000e-01 6.57629600e-01 1.92981339e-09 9.72577600e-01 5.41482611e-02 3.35000000e-03
2.92056800e-01 6.89748800e-01 2.27207520e-09 9.57205600e-01 4.44224277e-02 -3.40000000e-03
3.09022000e-01 7.02903200e-01 2.17006729e-09 9.85328800e-01 5.08320911e-02 -5.38500000e-02
3.21548800e-01 6.44475200e-01 2.03182129e-09 9.44454400e-01 4.77385978e-02 5.38000000e-02
3.13986000e-01 6.79488800e-01 2.24736740e-09 9.80759200e-01 5.09931035e-02 1.00000000e-04
3.16584800e-01 6.67889600e-01 1.95452118e-09 9.49024000e-01 4.75775854e-02 -1.50000000e-04
3.20205600e-01 6.82275200e-01 2.15559559e-09 9.69822400e-01 4.48095426e-02 5.06000000e-02
3.10365200e-01 6.65103200e-01 2.04629300e-09 9.59960800e-01 5.37611462e-02 -5.06500000e-02
3.02919200e-01 6.86811200e-01 2.27278114e-09 9.59389600e-01 4.61387513e-02 -6.81000000e-02
3.27651600e-01 6.60567200e-01 1.92910745e-09 9.70393600e-01 5.24319376e-02 6.80500000e-02
3.12730400e-01 6.55404800e-01 2.23301335e-09 9.48436000e-01 5.22914800e-02 -6.74500000e-02
3.17840400e-01 6.91973600e-01 1.96887524e-09 9.81347200e-01 4.62792089e-02 6.74000000e-02
2.95911200e-01 6.70460000e-01 2.07217736e-09 9.65185600e-01 4.44532599e-02 6.15000000e-03
3.34659600e-01 6.76918400e-01 2.12971123e-09 9.64597600e-01 5.41174290e-02 -6.20000000e-03
3.34017200e-01 6.66248000e-01 1.93640213e-09 9.86303200e-01 5.38262363e-02 4.77500000e-02
2.96553600e-01 6.81130400e-01 2.26548645e-09 9.43480000e-01 4.47444525e-02 -4.78000000e-02
3.17869600e-01 6.91001600e-01 2.13418216e-09 9.71334400e-01 4.90712322e-02 2.31000000e-02
3.12701200e-01 6.56376800e-01 2.06770642e-09 9.58448800e-01 4.94994566e-02 -2.31500000e-02
3.06131200e-01 6.56592800e-01 2.06252955e-09 9.83279200e-01 4.43881698e-02 -5.94000000e-02
3.24439600e-01 6.90785600e-01 2.13935903e-09 9.46504000e-01 5.41825191e-02 5.93500000e-02
3.53931600e-01 6.51041600e-01 2.24230819e-09 9.88184800e-01 5.02839638e-02 -8.65000000e-03
2.76639200e-01 6.96336800e-01 1.95958040e-09 9.41598400e-01 4.82867250e-02 8.60000000e-03
3.00787600e-01 6.52445600e-01 2.27136926e-09 9.52417600e-01 4.87868912e-02 5.89000000e-02
3.29783200e-01 6.94932800e-01 1.93051932e-09 9.77365600e-01 4.97837977e-02 -5.89500000e-02
3.11182800e-01 6.52769600e-01 2.18371541e-09 9.60582400e-01 4.97769461e-02 -2.68500000e-02
3.19388000e-01 6.94608800e-01 2.01817317e-09 9.69200800e-01 4.87937428e-02 2.68000000e-02
3.13635600e-01 6.74045600e-01 2.26619239e-09 9.81196000e-01 4.48951875e-02 -2.79500000e-02
3.16935200e-01 6.73332800e-01 1.93569619e-09 9.48587200e-01 5.36755013e-02 2.79000000e-02
3.02364400e-01 6.57284000e-01 2.22124773e-09 9.68780800e-01 4.79167391e-02 6.26000000e-02
3.28206400e-01 6.90094400e-01 1.98064085e-09 9.61002400e-01 5.06539497e-02 -6.26500000e-02
3.30425600e-01 6.80007200e-01 2.18948056e-09 9.72409600e-01 4.89067940e-02 7.45500000e-02
3.00145200e-01 6.67371200e-01 2.01240802e-09 9.57373600e-01 4.96638948e-02 -7.46000000e-02
3.28264800e-01 6.79661600e-01 2.23807256e-09 9.46352800e-01 5.24901761e-02 1.50000000e-04
3.02306000e-01 6.67716800e-01 1.96381602e-09 9.83430400e-01 4.60805127e-02 -2.00000000e-04
2.99502800e-01 6.88668800e-01 2.17371464e-09 9.89260000e-01 5.07944073e-02 7.12500000e-02
3.31068000e-01 6.58709600e-01 2.02817395e-09 9.40523200e-01 4.77762815e-02 -7.13000000e-02
3.07474400e-01 6.93939200e-01 2.20759961e-09 9.68848000e-01 4.78961843e-02 3.80000000e-02
3.23096400e-01 6.53439200e-01 1.99428897e-09 9.60935200e-01 5.06745045e-02 -3.80500000e-02
3.51654000e-01 6.57500000e-01 2.00534865e-09 9.74509600e-01 4.43196539e-02 -5.56500000e-02
2.78916800e-01 6.89878400e-01 2.19653993e-09 9.55273600e-01 5.42510350e-02 5.56000000e-02
3.04758800e-01 6.50674400e-01 2.02558551e-09 9.71267200e-01 5.22709252e-02 -3.36000000e-02
3.25812000e-01 6.96704000e-01 2.17630307e-09 9.58516000e-01 4.62997636e-02 3.35500000e-02
2.99824000e-01 6.81800000e-01 2.05264643e-09 9.51426400e-01 4.89342004e-02 1.05000000e-03
3.30746800e-01 6.65578400e-01 2.14924215e-09 9.78356800e-01 4.96364885e-02 -1.10000000e-03
2.91180800e-01 6.61798400e-01 2.16418449e-09 9.45647200e-01 5.41379837e-02 -6.83000000e-02
3.39390000e-01 6.85580000e-01 2.03770410e-09 9.84136000e-01 4.44327051e-02 6.82500000e-02
3.01926400e-01 6.69120800e-01 2.04770487e-09 9.44034400e-01 5.32918122e-02 -1.82500000e-02
3.28644400e-01 6.78257600e-01 2.15418371e-09 9.85748800e-01 4.52788766e-02 1.82000000e-02
3.43857600e-01 6.87545600e-01 2.13712357e-09 9.48301600e-01 4.66012337e-02 -5.09500000e-02
2.86713200e-01 6.59832800e-01 2.06476502e-09 9.81481600e-01 5.19694552e-02 5.09000000e-02
3.33550000e-01 6.60372800e-01 2.15524262e-09 9.62212000e-01 4.59366293e-02 -6.11000000e-02
2.97020800e-01 6.87005600e-01 2.04664597e-09 9.67571200e-01 5.26340595e-02 6.10500000e-02
3.49055200e-01 6.84845600e-01 2.03582160e-09 9.68075200e-01 4.75878628e-02 -2.34000000e-02
2.81515600e-01 6.62532800e-01 2.16606698e-09 9.61708000e-01 5.09828261e-02 2.33500000e-02
3.04350000e-01 6.78171200e-01 2.07676595e-09 9.69587200e-01 4.93658506e-02 6.79000000e-02
3.26220800e-01 6.69207200e-01 2.12512264e-09 9.60196000e-01 4.92048382e-02 -6.79500000e-02
3.25928800e-01 7.01304800e-01 2.05629377e-09 9.45714400e-01 4.42066026e-02 9.60000000e-03
3.04642000e-01 6.46073600e-01 2.14559481e-09 9.84068800e-01 5.43640862e-02 -9.65000000e-03
2.99794800e-01 6.74110400e-01 2.25089709e-09 9.73871200e-01 4.43265054e-02 -2.30500000e-02
3.30776000e-01 6.73268000e-01 1.95099150e-09 9.55912000e-01 5.42441834e-02 2.30000000e-02
2.89779200e-01 6.90872000e-01 2.16830245e-09 9.67856800e-01 4.82010801e-02 7.38500000e-02
3.40791600e-01 6.56506400e-01 2.03358613e-09 9.61926400e-01 5.03696087e-02 -7.39000000e-02
3.09810400e-01 6.48168800e-01 2.17289104e-09 9.84640000e-01 5.10170840e-02 1.58000000e-02
3.20760400e-01 6.99209600e-01 2.02899754e-09 9.45143200e-01 4.75536048e-02 -1.58500000e-02
3.15562800e-01 6.63180800e-01 2.13865310e-09 9.51140800e-01 4.64504987e-02 3.23000000e-02
3.15008000e-01 6.84197600e-01 2.06323549e-09 9.78642400e-01 5.21201902e-02 -3.23500000e-02
3.02393600e-01 6.84802400e-01 2.05711737e-09 9.89159200e-01 4.63442990e-02 1.81500000e-02
3.28177200e-01 6.62576000e-01 2.14477122e-09 9.40624000e-01 5.22263898e-02 -1.82000000e-02
2.81953600e-01 6.41580800e-01 2.02629145e-09 9.88974400e-01 4.42888217e-02 -3.12500000e-02
3.48617200e-01 7.05797600e-01 2.17559714e-09 9.40808800e-01 5.42818671e-02 3.12000000e-02
3.55128800e-01 6.52337600e-01 2.11100390e-09 9.49158400e-01 5.21715771e-02 2.95500000e-02
2.75442000e-01 6.95040800e-01 2.09088469e-09 9.80624800e-01 4.63991117e-02 -2.96000000e-02
3.41171200e-01 6.61431200e-01 2.14124153e-09 9.64732000e-01 5.19249198e-02 -4.37500000e-02
2.89399600e-01 6.85947200e-01 2.06064705e-09 9.65051200e-01 4.66457690e-02 4.37000000e-02
3.15504400e-01 6.88474400e-01 2.06570627e-09 9.73384000e-01 5.16919658e-02 1.21000000e-02
3.15066400e-01 6.58904000e-01 2.13618232e-09 9.56399200e-01 4.68787231e-02 -1.21500000e-02
3.36382400e-01 6.43028000e-01 1.94981494e-09 9.70544800e-01 4.77728557e-02 -4.16500000e-02
2.94188400e-01 7.04350400e-01 2.25207365e-09 9.59238400e-01 5.07978331e-02 4.16000000e-02
2.90480000e-01 6.62187200e-01 2.05499956e-09 9.46100800e-01 5.20105647e-02 7.35500000e-02
3.40090800e-01 6.85191200e-01 2.14688903e-09 9.83682400e-01 4.65601241e-02 -7.36000000e-02
3.31272400e-01 6.99533600e-01 2.10959202e-09 9.51560800e-01 4.93829796e-02 5.18000000e-02
2.99298400e-01 6.47844800e-01 2.09229656e-09 9.78222400e-01 4.91877092e-02 -5.18500000e-02
3.12263200e-01 7.01218400e-01 2.02805629e-09 9.48419200e-01 4.66766012e-02 3.82000000e-02
3.18307600e-01 6.46160000e-01 2.17383229e-09 9.81364000e-01 5.18940877e-02 -3.82500000e-02
3.04992400e-01 6.84780800e-01 2.07606001e-09 9.49393600e-01 4.42477121e-02 -3.31500000e-02
3.25578400e-01 6.62597600e-01 2.12582857e-09 9.80389600e-01 5.43229767e-02 3.31000000e-02
3.28732000e-01 6.97827200e-01 2.14630075e-09 9.53341600e-01 5.31479288e-02 -6.99500000e-02
3.01838800e-01 6.49551200e-01 2.05558784e-09 9.76441600e-01 4.54227600e-02 6.99000000e-02
3.44178800e-01 6.45339200e-01 2.00087772e-09 9.59070400e-01 5.00030486e-02 -8.95000000e-03
2.86392000e-01 7.02039200e-01 2.20101087e-09 9.70712800e-01 4.85676403e-02 8.90000000e-03
2.76084400e-01 7.03335200e-01 2.15194824e-09 9.55525600e-01 5.12157802e-02 2.98000000e-02
3.54486400e-01 6.44043200e-01 2.04994034e-09 9.74257600e-01 4.73549087e-02 -2.98500000e-02
3.19855200e-01 6.88647200e-01 2.12006342e-09 9.45613600e-01 4.80537709e-02 3.50000000e-04
3.10715600e-01 6.58731200e-01 2.08182516e-09 9.84169600e-01 5.05169179e-02 -4.00000000e-04
3.37258400e-01 6.99663200e-01 1.98652366e-09 9.63606400e-01 5.20139905e-02 7.04500000e-02
2.93312400e-01 6.47715200e-01 2.21536492e-09 9.66176800e-01 4.65566983e-02 -7.05000000e-02
2.91385200e-01 6.99166400e-01 2.00558396e-09 9.66512800e-01 5.40215067e-02 -6.22500000e-02
3.39185600e-01 6.48212000e-01 2.19630462e-09 9.63270400e-01 4.45491822e-02 6.22000000e-02
2.74653600e-01 6.79121600e-01 1.96299243e-09 9.74039200e-01 4.55906240e-02 -1.04000000e-02
3.55917200e-01 6.68256800e-01 2.23889616e-09 9.55744000e-01 5.29800649e-02 1.03500000e-02
2.87414000e-01 6.64628000e-01 2.02146755e-09 9.74996800e-01 5.19112167e-02 2.73000000e-02
3.43156800e-01 6.82750400e-01 2.18042104e-09 9.54786400e-01 4.66594722e-02 -2.73500000e-02
3.07124000e-01 6.97632800e-01 2.25019115e-09 9.59876800e-01 4.89787357e-02 1.88000000e-02
3.23446800e-01 6.49745600e-01 1.95169743e-09 9.69906400e-01 4.95919531e-02 -1.88500000e-02
3.09197200e-01 6.47088800e-01 1.98334695e-09 9.47444800e-01 5.39221586e-02 -4.72500000e-02
3.21373600e-01 7.00289600e-01 2.21854164e-09 9.82338400e-01 4.46485302e-02 4.72000000e-02
3.31126400e-01 6.47175200e-01 2.05335237e-09 9.82086400e-01 5.09725487e-02 3.74000000e-02
2.99444400e-01 7.00203200e-01 2.14853621e-09 9.47696800e-01 4.75981401e-02 -3.74500000e-02
3.27739200e-01 6.94371200e-01 1.94346150e-09 9.82926400e-01 4.56283077e-02 -2.68000000e-02
3.02831600e-01 6.53007200e-01 2.25842708e-09 9.46856800e-01 5.29423811e-02 2.67500000e-02
3.48325200e-01 6.96358400e-01 2.05723502e-09 9.64278400e-01 4.57858943e-02 -3.12000000e-02
2.82245600e-01 6.51020000e-01 2.14465356e-09 9.65504800e-01 5.27847945e-02 3.11500000e-02
3.16000800e-01 6.69250400e-01 2.17218511e-09 9.77584000e-01 4.41757704e-02 -5.55500000e-02
3.14570000e-01 6.78128000e-01 2.02970348e-09 9.52199200e-01 5.43949184e-02 5.55000000e-02
3.36236400e-01 6.92988800e-01 2.24077866e-09 9.78390400e-01 4.96296369e-02 3.33000000e-02
2.94334400e-01 6.54389600e-01 1.96110993e-09 9.51392800e-01 4.89410520e-02 -3.33500000e-02
3.54136000e-01 6.94025600e-01 2.08429594e-09 9.63992800e-01 5.16988173e-02 2.86000000e-02
2.76434800e-01 6.53352800e-01 2.11759264e-09 9.65790400e-01 4.68718715e-02 -2.86500000e-02
3.53318400e-01 6.50480000e-01 2.18359775e-09 9.40052800e-01 5.11027289e-02 -5.62500000e-02
2.77252400e-01 6.96898400e-01 2.01829083e-09 9.89730400e-01 4.74679599e-02 5.62000000e-02
3.38806000e-01 6.42876800e-01 2.26278036e-09 9.89965600e-01 5.08526459e-02 -1.48500000e-02
2.91764800e-01 7.04501600e-01 1.93910822e-09 9.39817600e-01 4.77180430e-02 1.48000000e-02
3.12175600e-01 6.70978400e-01 2.27160457e-09 9.65437600e-01 4.94343665e-02 5.17500000e-02
3.18395200e-01 6.76400000e-01 1.93028401e-09 9.64345600e-01 4.91363223e-02 -5.18000000e-02
3.21169200e-01 6.81173600e-01 2.17171448e-09 9.58616800e-01 4.99619390e-02 -2.46500000e-02
3.09401600e-01 6.66204800e-01 2.03017410e-09 9.71166400e-01 4.86087498e-02 2.46000000e-02
3.19796800e-01 6.77868800e-01 2.07041251e-09 9.63640000e-01 5.18632555e-02 2.83000000e-02
3.10774000e-01 6.69509600e-01 2.13147607e-09 9.66143200e-01 4.67074333e-02 -2.83500000e-02
2.96495200e-01 6.46116800e-01 2.23218976e-09 9.53963200e-01 4.83997763e-02 -3.02500000e-02
3.34075600e-01 7.01261600e-01 1.96969883e-09 9.75820000e-01 5.01709126e-02 3.02000000e-02
3.32090000e-01 6.84154400e-01 2.25160302e-09 9.64715200e-01 4.44052987e-02 5.14000000e-02
2.98480800e-01 6.63224000e-01 1.95028556e-09 9.65068000e-01 5.41653901e-02 -5.14500000e-02
2.81282000e-01 6.42358400e-01 2.08217813e-09 9.72661600e-01 5.07053367e-02 3.58000000e-02
3.49288800e-01 7.05020000e-01 2.11971045e-09 9.57121600e-01 4.78653522e-02 -3.58500000e-02
3.42164000e-01 6.59681600e-01 1.92663667e-09 9.75131200e-01 4.56865463e-02 1.13500000e-02
2.88406800e-01 6.87696800e-01 2.27525192e-09 9.54652000e-01 5.28841426e-02 -1.14000000e-02
3.15971600e-01 6.67695200e-01 2.19230431e-09 9.78239200e-01 5.01983189e-02 -2.24000000e-02
3.14599200e-01 6.79683200e-01 2.00958427e-09 9.51544000e-01 4.83723699e-02 2.23500000e-02
3.30542400e-01 6.81389600e-01 1.93487260e-09 9.48150400e-01 4.63305958e-02 -4.64500000e-02
3.00028400e-01 6.65988800e-01 2.26701598e-09 9.81632800e-01 5.22400930e-02 4.64000000e-02
3.51595600e-01 6.92168000e-01 2.10088546e-09 9.85060000e-01 4.72795412e-02 7.36500000e-02
2.78975200e-01 6.55210400e-01 2.10100312e-09 9.44723200e-01 5.12911477e-02 -7.37000000e-02
2.93400000e-01 6.79359200e-01 1.96934586e-09 9.86807200e-01 5.21989835e-02 2.06000000e-02
3.37170800e-01 6.68019200e-01 2.23254272e-09 9.42976000e-01 4.63717054e-02 -2.06500000e-02
2.73368800e-01 6.46808000e-01 2.01323161e-09 9.40002400e-01 4.87320784e-02 1.38500000e-02
3.57202000e-01 7.00570400e-01 2.18865697e-09 9.89780800e-01 4.98386104e-02 -1.39000000e-02
3.47361600e-01 6.62640800e-01 2.22889538e-09 9.52988800e-01 4.76049917e-02 6.48500000e-02
2.83209200e-01 6.84737600e-01 1.97299320e-09 9.76794400e-01 5.09656971e-02 -6.49000000e-02
3.29432800e-01 6.64152800e-01 2.19395150e-09 9.76912000e-01 5.20859322e-02 -4.15500000e-02
3.01138000e-01 6.83225600e-01 2.00793709e-09 9.52871200e-01 4.64847566e-02 4.15000000e-02
2.99999200e-01 6.50825600e-01 1.93134292e-09 9.49074400e-01 5.02668348e-02 6.55500000e-02
3.30571600e-01 6.96552800e-01 2.27054567e-09 9.80708800e-01 4.83038540e-02 -6.56000000e-02
2.87706000e-01 6.63656000e-01 2.03664519e-09 9.80893600e-01 5.36446692e-02 -2.47000000e-02
3.42864800e-01 6.83722400e-01 2.16524339e-09 9.48889600e-01 4.49260197e-02 2.46500000e-02
3.58048800e-01 6.69293600e-01 2.23277804e-09 9.83480800e-01 5.08081105e-02 -5.86500000e-02
2.72522000e-01 6.78084800e-01 1.96911055e-09 9.46302400e-01 4.77625783e-02 5.86000000e-02
3.04116400e-01 6.78603200e-01 1.96828696e-09 9.79969600e-01 5.17741848e-02 2.50000000e-03
3.26454400e-01 6.68775200e-01 2.23360163e-09 9.49813600e-01 4.67965040e-02 -2.55000000e-03
3.17227200e-01 6.69660800e-01 1.97428742e-09 9.55643200e-01 5.09759745e-02 -2.72000000e-02
3.13343600e-01 6.77717600e-01 2.22760116e-09 9.74140000e-01 4.75947143e-02 2.71500000e-02
3.25140400e-01 7.01866400e-01 2.10747421e-09 9.81263200e-01 4.64299439e-02 -1.00000000e-02
3.05430400e-01 6.45512000e-01 2.09441437e-09 9.48520000e-01 5.21407450e-02 9.95000000e-03
3.50924000e-01 6.89230400e-01 1.96640446e-09 9.79314400e-01 4.93487216e-02 -5.66000000e-02
2.79646800e-01 6.58148000e-01 2.23548413e-09 9.50468800e-01 4.92219672e-02 5.65500000e-02
2.88611200e-01 6.81843200e-01 2.19301025e-09 9.61506400e-01 5.11335611e-02 3.83500000e-02
3.41959600e-01 6.65535200e-01 2.00887834e-09 9.68276800e-01 4.74371278e-02 -3.84000000e-02
3.06102000e-01 6.67846400e-01 2.11782795e-09 9.66899200e-01 4.92973347e-02 4.50000000e-03
3.24468800e-01 6.79532000e-01 2.08406063e-09 9.62884000e-01 4.92733541e-02 -4.55000000e-03
3.14774400e-01 6.59616800e-01 1.93287245e-09 9.75047200e-01 4.76255465e-02 2.37500000e-02
3.15796400e-01 6.87761600e-01 2.26901614e-09 9.54736000e-01 5.09451423e-02 -2.38000000e-02
2.71821200e-01 6.53914400e-01 2.18689213e-09 9.52384000e-01 5.30657097e-02 3.73000000e-02
3.58749600e-01 6.93464000e-01 2.01499646e-09 9.77399200e-01 4.55049791e-02 -3.73500000e-02
3.42310000e-01 6.62208800e-01 2.26854551e-09 9.44824000e-01 4.81702480e-02 1.14500000e-02
2.88260800e-01 6.85169600e-01 1.93334307e-09 9.84959200e-01 5.04004409e-02 -1.15000000e-02
3.19329600e-01 6.98021600e-01 2.14724200e-09 9.53728000e-01 5.37577204e-02 -1.81500000e-02
3.11241200e-01 6.49356800e-01 2.05464659e-09 9.76055200e-01 4.48129684e-02 1.81000000e-02
3.16876800e-01 6.97136000e-01 2.23418991e-09 9.47797600e-01 4.99790680e-02 -3.50000000e-03
3.13694000e-01 6.50242400e-01 1.96769867e-09 9.81985600e-01 4.85916208e-02 3.45000000e-03
3.06948800e-01 6.86919200e-01 2.07370689e-09 9.75030400e-01 4.83175572e-02 -3.45000000e-03
3.23622000e-01 6.60459200e-01 2.12818170e-09 9.54752800e-01 5.02531316e-02 3.40000000e-03
3.50982400e-01 6.48687200e-01 2.14747731e-09 9.75013600e-01 4.86978205e-02 -1.80500000e-02
2.79588400e-01 6.98691200e-01 2.05441128e-09 9.54769600e-01 4.98728683e-02 1.80000000e-02
2.77982400e-01 6.78452000e-01 2.11053327e-09 9.45966400e-01 4.62278219e-02 5.50000000e-02
3.52588400e-01 6.68926400e-01 2.09135531e-09 9.83816800e-01 5.23428669e-02 -5.50500000e-02
3.29228400e-01 6.68796800e-01 1.99099460e-09 9.86336800e-01 4.45149242e-02 -6.90500000e-02
3.01342400e-01 6.78581600e-01 2.21089399e-09 9.43446400e-01 5.40557646e-02 6.90000000e-02
3.17490000e-01 6.96293600e-01 2.04841081e-09 9.75551200e-01 4.86190272e-02 -3.55500000e-02
3.13080800e-01 6.51084800e-01 2.15347777e-09 9.54232000e-01 4.99516616e-02 3.55000000e-02
3.53055600e-01 6.48579200e-01 1.98534710e-09 9.40019200e-01 5.21064870e-02 3.62500000e-02
2.77515200e-01 6.98799200e-01 2.21654148e-09 9.89764000e-01 4.64642018e-02 -3.63000000e-02
2.99590400e-01 6.41948000e-01 2.17136151e-09 9.80154400e-01 5.05717306e-02 1.45500000e-02
3.30980400e-01 7.05430400e-01 2.03052707e-09 9.49628800e-01 4.79989582e-02 -1.46000000e-02
2.90421600e-01 6.81929600e-01 2.18253885e-09 9.51040000e-01 5.28327557e-02 -9.75000000e-03
3.40149200e-01 6.65448800e-01 2.01934974e-09 9.78743200e-01 4.57379332e-02 9.70000000e-03
2.92611600e-01 6.81821600e-01 2.04794019e-09 9.74980000e-01 4.51623995e-02 6.66000000e-02
3.37959200e-01 6.65556800e-01 2.15394840e-09 9.54803200e-01 5.34082893e-02 -6.66500000e-02
3.15212400e-01 7.02320000e-01 2.08794328e-09 9.49763200e-01 4.55529402e-02 -4.79000000e-02
3.15358400e-01 6.45058400e-01 2.11394530e-09 9.80020000e-01 5.30177486e-02 4.78500000e-02
2.81457200e-01 6.73462400e-01 1.94769712e-09 9.67033600e-01 4.74337020e-02 -1.18500000e-02
3.49113600e-01 6.73916000e-01 2.25419146e-09 9.62749600e-01 5.11369869e-02 1.18000000e-02
3.49172000e-01 6.99058400e-01 2.04758722e-09 9.77080000e-01 5.24456408e-02 7.14500000e-02
2.81398800e-01 6.48320000e-01 2.15430137e-09 9.52703200e-01 4.61250481e-02 -7.15000000e-02
3.39652800e-01 6.92729600e-01 2.23748428e-09 9.66395200e-01 4.46827882e-02 6.00000000e-03
2.90918000e-01 6.54648800e-01 1.96440430e-09 9.63388000e-01 5.38879007e-02 -6.05000000e-03
3.13723200e-01 6.69401600e-01 2.04817550e-09 9.85177600e-01 5.18289976e-02 -1.87000000e-02
3.16847600e-01 6.77976800e-01 2.15371309e-09 9.44605600e-01 4.67416913e-02 1.86500000e-02
3.34951600e-01 6.69552800e-01 2.04617534e-09 9.58028800e-01 4.93110379e-02 6.18500000e-02
2.95619200e-01 6.77825600e-01 2.15571324e-09 9.71754400e-01 4.92596510e-02 -6.19000000e-02
3.17986400e-01 6.54972800e-01 2.03970425e-09 9.52081600e-01 4.97495397e-02 -7.41000000e-02
3.12584400e-01 6.92405600e-01 2.16218433e-09 9.77701600e-01 4.88211491e-02 7.40500000e-02
3.44558400e-01 6.62230400e-01 2.17112620e-09 9.64648000e-01 4.91294707e-02 2.27500000e-02
2.86012400e-01 6.85148000e-01 2.03076238e-09 9.65135200e-01 4.94412181e-02 -2.28000000e-02
3.16760000e-01 6.73851200e-01 1.92710729e-09 9.44286400e-01 4.87012463e-02 -6.76000000e-02
3.13810800e-01 6.73527200e-01 2.27478129e-09 9.85496800e-01 4.98694426e-02 6.75500000e-02
3.13139200e-01 6.43805600e-01 2.24101397e-09 9.61036000e-01 5.29012716e-02 6.23500000e-02
3.17431600e-01 7.03572800e-01 1.96087462e-09 9.68747200e-01 4.56694173e-02 -6.24000000e-02
2.97750800e-01 6.85688000e-01 2.11547483e-09 9.66227200e-01 4.99893454e-02 1.92500000e-02
3.32820000e-01 6.61690400e-01 2.08641375e-09 9.63556000e-01 4.85813434e-02 -1.93000000e-02
3.14891200e-01 6.83484800e-01 2.25066177e-09 9.66294400e-01 5.08355169e-02 2.04000000e-02
3.15679600e-01 6.63893600e-01 1.95122681e-09 9.63488800e-01 4.77351720e-02 -2.04500000e-02
3.49843600e-01 7.03162400e-01 2.02758567e-09 9.76660000e-01 5.17639075e-02 -4.02000000e-02
2.80727200e-01 6.44216000e-01 2.17430292e-09 9.53123200e-01 4.68067814e-02 4.01500000e-02
2.90830400e-01 6.94112000e-01 2.17689135e-09 9.69133600e-01 4.46108465e-02 1.34500000e-02
3.39740400e-01 6.53266400e-01 2.02499723e-09 9.60649600e-01 5.39598424e-02 -1.35000000e-02
3.56209200e-01 6.85299200e-01 2.04782253e-09 9.51745600e-01 4.78893328e-02 -5.16500000e-02
2.74361600e-01 6.62079200e-01 2.15406606e-09 9.78037600e-01 5.06813561e-02 5.16000000e-02
3.46310400e-01 6.50048000e-01 2.07711892e-09 9.82573600e-01 5.03182218e-02 6.34000000e-02
2.84260400e-01 6.97330400e-01 2.12476967e-09 9.47209600e-01 4.82524671e-02 -6.34500000e-02
2.78391200e-01 6.64908800e-01 2.08994344e-09 9.87076000e-01 4.98077782e-02 -5.40000000e-02
3.52179600e-01 6.82469600e-01 2.11194514e-09 9.42707200e-01 4.87629106e-02 5.39500000e-02
2.74069600e-01 6.80352800e-01 1.98417054e-09 9.67604800e-01 4.91534513e-02 -6.00000000e-03
3.56501200e-01 6.67025600e-01 2.21771805e-09 9.62178400e-01 4.94172375e-02 5.95000000e-03
3.38922800e-01 6.70200800e-01 2.04441050e-09 9.48217600e-01 5.35795791e-02 -2.07000000e-02
2.91648000e-01 6.77177600e-01 2.15747808e-09 9.81565600e-01 4.49911098e-02 2.06500000e-02
3.10511200e-01 7.02989600e-01 2.22383617e-09 9.49864000e-01 4.48677811e-02 2.60500000e-02
3.20059600e-01 6.44388800e-01 1.97805242e-09 9.79919200e-01 5.37029077e-02 -2.61000000e-02
2.71938000e-01 6.46635200e-01 2.02311473e-09 9.68629600e-01 5.38022558e-02 3.57500000e-02
3.58632800e-01 7.00743200e-01 2.17877385e-09 9.61153600e-01 4.47684331e-02 -3.58000000e-02
2.92436400e-01 7.03119200e-01 2.23077788e-09 9.57827200e-01 5.04997889e-02 5.99500000e-02
3.38134400e-01 6.44259200e-01 1.97111070e-09 9.71956000e-01 4.80708999e-02 -6.00000000e-02
2.72492800e-01 6.55707200e-01 2.22077711e-09 9.55256800e-01 5.24079570e-02 -5.54500000e-02
3.58078000e-01 6.91671200e-01 1.98111148e-09 9.74526400e-01 4.61627318e-02 5.54000000e-02
2.92524000e-01 6.48255200e-01 1.99381835e-09 9.58045600e-01 4.53371151e-02 -8.20000000e-03
3.38046800e-01 6.99123200e-01 2.20807024e-09 9.71737600e-01 5.32335737e-02 8.15000000e-03
3.19738400e-01 7.00527200e-01 2.25995661e-09 9.61271200e-01 5.32198705e-02 4.20000000e-02
3.10832400e-01 6.46851200e-01 1.94193197e-09 9.68512000e-01 4.53508183e-02 -4.20500000e-02
3.26542000e-01 6.90742400e-01 2.13041716e-09 9.44168800e-01 5.13973473e-02 6.99500000e-02
3.04028800e-01 6.56636000e-01 2.07147142e-09 9.85614400e-01 4.71733415e-02 -7.00000000e-02
3.20147200e-01 7.04782400e-01 2.08323704e-09 9.72896800e-01 5.02976670e-02 5.24500000e-02
3.10423600e-01 6.42596000e-01 2.11865155e-09 9.56886400e-01 4.82730219e-02 -5.25000000e-02
3.10540400e-01 6.71885600e-01 2.04182206e-09 9.89696800e-01 5.08457943e-02 4.98000000e-02
3.20030400e-01 6.75492800e-01 2.16006652e-09 9.40086400e-01 4.77248946e-02 -4.98500000e-02
3.07211600e-01 6.44885600e-01 1.94146135e-09 9.73787200e-01 4.68924263e-02 1.83000000e-02
3.23359200e-01 7.02492800e-01 2.26042724e-09 9.55996000e-01 5.16782626e-02 -1.83500000e-02
2.75792400e-01 6.46419200e-01 2.15006575e-09 9.57407200e-01 4.43915956e-02 -6.36000000e-02
3.54778400e-01 7.00959200e-01 2.05182284e-09 9.72376000e-01 5.41790933e-02 6.35500000e-02
3.13022400e-01 6.51538400e-01 2.06664752e-09 9.85127200e-01 4.50493483e-02 -3.21500000e-02
3.17548400e-01 6.95840000e-01 2.13524107e-09 9.44656000e-01 5.35213405e-02 3.21000000e-02
3.13314400e-01 6.50177600e-01 1.94463806e-09 9.65152000e-01 5.43024219e-02 1.62500000e-02
3.17256400e-01 6.97200800e-01 2.25725052e-09 9.64631200e-01 4.42682669e-02 -1.63000000e-02
3.04145600e-01 6.75276800e-01 2.21842398e-09 9.61993600e-01 4.99413843e-02 5.40000000e-02
3.26425200e-01 6.72101600e-01 1.98346460e-09 9.67789600e-01 4.86293046e-02 -5.40500000e-02
3.37229200e-01 6.86184800e-01 2.16265496e-09 9.70578400e-01 4.86841173e-02 7.27000000e-02
2.93341600e-01 6.61193600e-01 2.03923363e-09 9.59204800e-01 4.98865715e-02 -7.27500000e-02
3.48179200e-01 6.94738400e-01 2.17712667e-09 9.86034400e-01 4.73446313e-02 5.35000000e-03
2.82391600e-01 6.52640000e-01 2.02476192e-09 9.43748800e-01 5.12260576e-02 -5.40000000e-03
2.84990400e-01 6.85342400e-01 2.27231051e-09 9.62279200e-01 5.11917996e-02 -4.04000000e-02
3.45580400e-01 6.62036000e-01 1.92957807e-09 9.67504000e-01 4.73788892e-02 4.03500000e-02
3.36616000e-01 6.41688800e-01 2.26183911e-09 9.83380000e-01 4.55700692e-02 -5.98000000e-02
2.93954800e-01 7.05689600e-01 1.94004947e-09 9.46403200e-01 5.30006196e-02 5.97500000e-02
3.08408800e-01 6.73484000e-01 2.01676130e-09 9.49040800e-01 4.76495271e-02 -1.14500000e-02
3.22162000e-01 6.73894400e-01 2.18512729e-09 9.80742400e-01 5.09211618e-02 1.14000000e-02
2.97955200e-01 6.45620000e-01 2.13335857e-09 9.52283200e-01 5.06025628e-02 4.85500000e-02
3.32615600e-01 7.01758400e-01 2.06853002e-09 9.77500000e-01 4.79681261e-02 -4.86000000e-02
2.88027200e-01 6.55145600e-01 2.27348707e-09 9.57642400e-01 4.71013998e-02 3.37000000e-02
3.42543600e-01 6.92232800e-01 1.92840151e-09 9.72140800e-01 5.14692890e-02 -3.37500000e-02
2.94772400e-01 6.82534400e-01 2.15230121e-09 9.45277600e-01 5.26785949e-02 -6.77000000e-02
3.35798400e-01 6.64844000e-01 2.04958737e-09 9.84505600e-01 4.58920940e-02 6.76500000e-02
2.96670400e-01 6.73289600e-01 2.07535407e-09 9.69604000e-01 4.49088907e-02 -4.14000000e-02
3.33900400e-01 6.74088800e-01 2.12653451e-09 9.60179200e-01 5.36617982e-02 4.13500000e-02
2.80960800e-01 6.82016000e-01 2.04029253e-09 9.44941600e-01 5.14795664e-02 2.80000000e-03
3.49610000e-01 6.65362400e-01 2.16159605e-09 9.84841600e-01 4.70911224e-02 -2.85000000e-03
2.82187200e-01 6.41796800e-01 2.15912527e-09 9.61388800e-01 5.02360027e-02 8.85000000e-03
3.48383600e-01 7.05581600e-01 2.04276331e-09 9.68394400e-01 4.83346862e-02 -8.90000000e-03
3.10160800e-01 6.79229600e-01 2.21348242e-09 9.76844800e-01 5.23360153e-02 4.75500000e-02
3.20410000e-01 6.68148800e-01 1.98840616e-09 9.52938400e-01 4.62346735e-02 -4.76000000e-02
3.26629600e-01 6.41300000e-01 2.26419223e-09 9.71720800e-01 5.11061547e-02 -6.44000000e-02
3.03941200e-01 7.06078400e-01 1.93769635e-09 9.58062400e-01 4.74645341e-02 6.43500000e-02
3.47653600e-01 6.91822400e-01 2.17677370e-09 9.55172800e-01 5.27676655e-02 7.19500000e-02
2.82917200e-01 6.55556000e-01 2.02511489e-09 9.74610400e-01 4.58030233e-02 -7.20000000e-02
2.93604400e-01 6.99555200e-01 2.08511954e-09 9.53694400e-01 4.98351846e-02 -1.79500000e-02
3.36966400e-01 6.47823200e-01 2.11676905e-09 9.76088800e-01 4.87355042e-02 1.79000000e-02
3.51128400e-01 6.93442400e-01 1.96122758e-09 9.81296800e-01 5.33329218e-02 1.22500000e-02
2.79442400e-01 6.53936000e-01 2.24066100e-09 9.48486400e-01 4.52377670e-02 -1.23000000e-02
3.07854000e-01 6.76097600e-01 2.00064240e-09 9.41833600e-01 5.39735456e-02 -3.98500000e-02
3.22716800e-01 6.71280800e-01 2.20124618e-09 9.87949600e-01 4.45971433e-02 3.98000000e-02
2.94538800e-01 6.71021600e-01 2.24995584e-09 9.82439200e-01 5.10239356e-02 7.27500000e-02
3.36032000e-01 6.76356800e-01 1.95193275e-09 9.47344000e-01 4.75467532e-02 -7.28000000e-02
3.58924800e-01 6.78711200e-01 1.93381370e-09 9.83296000e-01 4.57139526e-02 6.10000000e-02
2.71646000e-01 6.68667200e-01 2.26807489e-09 9.46487200e-01 5.28567362e-02 -6.10500000e-02
2.84640000e-01 6.92124800e-01 2.04299863e-09 9.74845600e-01 4.55871982e-02 5.32500000e-02
3.45930800e-01 6.55253600e-01 2.15888996e-09 9.54937600e-01 5.29834907e-02 -5.33000000e-02
3.45142400e-01 6.93680000e-01 2.07700126e-09 9.58952800e-01 4.72247284e-02 1.03000000e-02
2.85428400e-01 6.53698400e-01 2.12488732e-09 9.70830400e-01 5.13459604e-02 -1.03500000e-02
3.38017600e-01 6.43200800e-01 1.95346228e-09 9.58684000e-01 5.31376515e-02 5.08000000e-02
2.92553200e-01 7.04177600e-01 2.24842631e-09 9.71099200e-01 4.54330374e-02 -5.08500000e-02
3.11474800e-01 6.47520800e-01 2.27466363e-09 9.84589600e-01 5.12500381e-02 4.89500000e-02
3.19096000e-01 6.99857600e-01 1.92722495e-09 9.45193600e-01 4.73206507e-02 -4.90000000e-02
3.47420000e-01 6.59184800e-01 2.12594623e-09 9.60330400e-01 5.29081232e-02 -1.85000000e-02
2.83150800e-01 6.88193600e-01 2.07594236e-09 9.69452800e-01 4.56625657e-02 1.84500000e-02
2.97488000e-01 6.86033600e-01 1.97569929e-09 9.57356800e-01 5.11472643e-02 -4.45500000e-02
3.33082800e-01 6.61344800e-01 2.22618929e-09 9.72426400e-01 4.74234246e-02 4.45000000e-02
2.81720000e-01 6.45706400e-01 2.23866084e-09 9.40405600e-01 5.00886935e-02 -6.98500000e-02
3.48850800e-01 7.01672000e-01 1.96322774e-09 9.89377600e-01 4.84819954e-02 6.98000000e-02
2.95998800e-01 6.44583200e-01 2.20748196e-09 9.39716800e-01 5.16714110e-02 1.19000000e-02
3.34572000e-01 7.02795200e-01 1.99440663e-09 9.90066400e-01 4.68992779e-02 -1.19500000e-02
3.32031600e-01 6.89100800e-01 1.93546088e-09 9.54920800e-01 4.93350185e-02 -3.24000000e-02
2.98539200e-01 6.58277600e-01 2.26642770e-09 9.74862400e-01 4.92356704e-02 3.23500000e-02
3.03328000e-01 6.42142400e-01 2.05570549e-09 9.75215200e-01 4.55015533e-02 3.68000000e-02
3.27242800e-01 7.05236000e-01 2.14618309e-09 9.54568000e-01 5.30691355e-02 -3.68500000e-02
3.48412800e-01 6.84089600e-01 2.00923130e-09 9.76273600e-01 4.56317335e-02 -7.07500000e-02
2.82158000e-01 6.63288800e-01 2.19265728e-09 9.53509600e-01 5.29389553e-02 7.07000000e-02
3.52705200e-01 6.68321600e-01 2.03852769e-09 9.62161600e-01 4.90129937e-02 2.64500000e-02
2.77865600e-01 6.79056800e-01 2.16336089e-09 9.67621600e-01 4.95576952e-02 -2.65000000e-02
2.93546000e-01 6.65146400e-01 2.25289724e-09 9.83783200e-01 4.52891540e-02 4.60000000e-02
3.37024800e-01 6.82232000e-01 1.94899134e-09 9.46000000e-01 5.32815349e-02 -4.60500000e-02
3.54223600e-01 6.48406400e-01 2.17700901e-09 9.67235200e-01 4.63922601e-02 -1.44500000e-02
2.76347200e-01 6.98972000e-01 2.02487958e-09 9.62548000e-01 5.21784287e-02 1.44000000e-02
3.29462000e-01 6.80223200e-01 2.13088779e-09 9.78004000e-01 4.76221207e-02 6.69500000e-02
3.01108800e-01 6.67155200e-01 2.07100080e-09 9.51779200e-01 5.09485681e-02 -6.70000000e-02
3.47974800e-01 6.74477600e-01 2.09653219e-09 9.57239200e-01 4.46930656e-02 -6.72000000e-02
2.82596000e-01 6.72900800e-01 2.10535640e-09 9.72544000e-01 5.38776233e-02 6.71500000e-02
3.52763600e-01 6.80590400e-01 2.09559094e-09 9.78104800e-01 4.73720376e-02 -7.29500000e-02
2.77807200e-01 6.66788000e-01 2.10629765e-09 9.51678400e-01 5.11986512e-02 7.29000000e-02
3.09752000e-01 6.68991200e-01 2.12912295e-09 9.52132000e-01 4.48403748e-02 1.29000000e-02
3.20818800e-01 6.78387200e-01 2.07276564e-09 9.77651200e-01 5.37303141e-02 -1.29500000e-02
3.00232800e-01 6.93485600e-01 2.12123998e-09 9.70124800e-01 4.58852424e-02 -7.05500000e-02
3.30338000e-01 6.53892800e-01 2.08064860e-09 9.59658400e-01 5.26854464e-02 7.05000000e-02
2.99853200e-01 6.77415200e-01 2.11900452e-09 9.40220800e-01 5.17090947e-02 -2.33500000e-02
3.30717600e-01 6.69963200e-01 2.08288407e-09 9.89562400e-01 4.68615941e-02 2.33000000e-02
3.36470000e-01 7.03659200e-01 1.95016790e-09 9.52820800e-01 4.71151030e-02 -7.20500000e-02
2.94100800e-01 6.43719200e-01 2.25172068e-09 9.76962400e-01 5.14555859e-02 7.20000000e-02
3.11650000e-01 6.45317600e-01 2.02440895e-09 9.68444800e-01 4.76803592e-02 4.21500000e-02
3.18920800e-01 7.02060800e-01 2.17747963e-09 9.61338400e-01 5.08903296e-02 -4.22000000e-02
3.03474000e-01 6.89489600e-01 2.05041097e-09 9.87445600e-01 4.70705676e-02 5.50500000e-02
3.27096800e-01 6.57888800e-01 2.15147762e-09 9.42337600e-01 5.15001212e-02 -5.51000000e-02
3.34104800e-01 6.95645600e-01 2.06382377e-09 9.81448000e-01 4.60496806e-02 1.69000000e-02
2.96466000e-01 6.51732800e-01 2.13806482e-09 9.48335200e-01 5.25210083e-02 -1.69500000e-02
3.20848000e-01 6.66831200e-01 1.93581385e-09 9.62783200e-01 5.14453085e-02 -2.14500000e-02
3.09722800e-01 6.80547200e-01 2.26607473e-09 9.67000000e-01 4.71253804e-02 2.14000000e-02
3.54048400e-01 6.79877600e-01 2.02370301e-09 9.86840800e-01 5.16097467e-02 3.63000000e-02
2.76522400e-01 6.67500800e-01 2.17818557e-09 9.42942400e-01 4.69609422e-02 -3.63500000e-02
2.80114000e-01 6.57413600e-01 1.96311008e-09 9.83951200e-01 5.33294960e-02 -2.94000000e-02
3.50456800e-01 6.89964800e-01 2.23877850e-09 9.45832000e-01 4.52411928e-02 2.93500000e-02
3.40733200e-01 6.55512800e-01 2.25030881e-09 9.59675200e-01 5.39392876e-02 2.73500000e-02
2.89837600e-01 6.91865600e-01 1.95157978e-09 9.70108000e-01 4.46314012e-02 -2.74000000e-02
3.07007200e-01 6.97697600e-01 2.10017953e-09 9.76172800e-01 4.56762689e-02 -3.64000000e-02
3.23563600e-01 6.49680800e-01 2.10170906e-09 9.53610400e-01 5.28944200e-02 3.63500000e-02
2.80435200e-01 6.51171200e-01 2.04464581e-09 9.45546400e-01 5.13767926e-02 5.67500000e-02
3.50135600e-01 6.96207200e-01 2.15724277e-09 9.84236800e-01 4.71938963e-02 -5.68000000e-02
3.22629200e-01 7.00894400e-01 2.20348165e-09 9.40472800e-01 5.27162786e-02 -7.85000000e-03
3.07941600e-01 6.46484000e-01 1.99840694e-09 9.89310400e-01 4.58544102e-02 7.80000000e-03
3.29403600e-01 6.95580800e-01 2.18277416e-09 9.77550400e-01 5.37679978e-02 7.35000000e-03
3.01167200e-01 6.51797600e-01 2.01911442e-09 9.52232800e-01 4.48026910e-02 -7.40000000e-03
3.56442800e-01 6.99900800e-01 1.96181587e-09 9.45798400e-01 5.35453211e-02 5.03500000e-02
2.74128000e-01 6.47477600e-01 2.24007272e-09 9.83984800e-01 4.50253677e-02 -5.04000000e-02
3.30308800e-01 6.59400800e-01 2.00146600e-09 9.87244000e-01 5.27916461e-02 -6.55500000e-02
3.00262000e-01 6.87977600e-01 2.20042259e-09 9.42539200e-01 4.57790427e-02 6.55000000e-02
2.81924400e-01 6.63008000e-01 2.03440973e-09 9.54030400e-01 5.41242806e-02 6.77000000e-02
3.48646400e-01 6.84370400e-01 2.16747886e-09 9.75752800e-01 4.44464083e-02 -6.77500000e-02
3.38309600e-01 6.73786400e-01 2.18795103e-09 9.68243200e-01 4.75741596e-02 1.51000000e-02
2.92261200e-01 6.73592000e-01 2.01393755e-09 9.61540000e-01 5.09965293e-02 -1.51500000e-02
3.18891600e-01 6.47045600e-01 2.17865620e-09 9.75450400e-01 4.66560464e-02 -1.98500000e-02
3.11679200e-01 7.00332800e-01 2.02323239e-09 9.54332800e-01 5.19146425e-02 1.98000000e-02
3.06744400e-01 6.99101600e-01 2.14394762e-09 9.62632000e-01 4.50801805e-02 4.69000000e-02
3.23826400e-01 6.48276800e-01 2.05794096e-09 9.67151200e-01 5.34905084e-02 -4.69500000e-02
3.02627200e-01 6.69574400e-01 2.03935128e-09 9.49410400e-01 5.04963631e-02 -5.97000000e-02
3.27943600e-01 6.77804000e-01 2.16253730e-09 9.80372800e-01 4.80743257e-02 5.96500000e-02
3.07883200e-01 6.90288800e-01 2.18442135e-09 9.63959200e-01 5.25758210e-02 3.66500000e-02
3.22687600e-01 6.57089600e-01 2.01746724e-09 9.65824000e-01 4.59948679e-02 -3.67000000e-02
3.07678800e-01 6.97784000e-01 2.10159140e-09 9.43312000e-01 5.43264025e-02 2.10000000e-02
3.22892000e-01 6.49594400e-01 2.10029718e-09 9.86471200e-01 4.42442864e-02 -2.10500000e-02
2.96582800e-01 6.80072000e-01 2.04417519e-09 9.72980800e-01 4.48917617e-02 6.84500000e-02
3.33988000e-01 6.67306400e-01 2.15771340e-09 9.56802400e-01 5.36789271e-02 -6.85000000e-02
3.52296400e-01 6.82966400e-01 2.12371076e-09 9.81599200e-01 5.14624375e-02 5.49500000e-02
2.78274400e-01 6.64412000e-01 2.07817782e-09 9.48184000e-01 4.71082514e-02 -5.50000000e-02
3.35331200e-01 6.76529600e-01 2.07958970e-09 9.41648800e-01 4.47581557e-02 4.21000000e-02
2.95239600e-01 6.70848800e-01 2.12229889e-09 9.88134400e-01 5.38125332e-02 -4.21500000e-02
3.38251200e-01 6.99944000e-01 2.08806094e-09 9.69570400e-01 5.14487343e-02 1.43500000e-02
2.92319600e-01 6.47434400e-01 2.11382764e-09 9.60212800e-01 4.71219546e-02 -1.44000000e-02
2.91151600e-01 6.60740000e-01 2.00628990e-09 9.51728800e-01 5.31445030e-02 -4.12000000e-02
3.39419200e-01 6.86638400e-01 2.19559868e-09 9.78054400e-01 4.54261858e-02 4.11500000e-02
3.55771200e-01 6.67479200e-01 2.27654613e-09 9.41396800e-01 5.30725613e-02 -3.13500000e-02
2.74799600e-01 6.79899200e-01 1.92534245e-09 9.88386400e-01 4.54981275e-02 3.13000000e-02
2.85486800e-01 6.59141600e-01 2.22030648e-09 9.62312800e-01 4.94651987e-02 -4.68500000e-02
3.45084000e-01 6.88236800e-01 1.98158210e-09 9.67470400e-01 4.91054902e-02 4.68000000e-02
3.36557600e-01 6.64757600e-01 1.98781788e-09 9.42690400e-01 4.82798734e-02 3.78500000e-02
2.94013200e-01 6.82620800e-01 2.21407070e-09 9.87092800e-01 5.02908154e-02 -3.79000000e-02
3.41667600e-01 6.68062400e-01 2.11135686e-09 9.47108800e-01 5.05580274e-02 -2.26000000e-02
2.88903200e-01 6.79316000e-01 2.09053172e-09 9.82674400e-01 4.80126614e-02 2.25500000e-02
3.49902000e-01 6.93809600e-01 2.02193817e-09 9.70091200e-01 5.00578613e-02 3.34000000e-02
2.80668800e-01 6.53568800e-01 2.17995041e-09 9.59692000e-01 4.85128275e-02 -3.34500000e-02
3.22979600e-01 6.84305600e-01 2.12347545e-09 9.77298400e-01 5.13939215e-02 -2.41500000e-02
3.07591200e-01 6.63072800e-01 2.07841313e-09 9.52484800e-01 4.71767673e-02 2.41000000e-02
3.27155200e-01 6.72188000e-01 2.00676052e-09 9.55223200e-01 5.26135047e-02 -5.90000000e-03
3.03415600e-01 6.75190400e-01 2.19512806e-09 9.74560000e-01 4.59571841e-02 5.85000000e-03
2.87034400e-01 6.88020800e-01 1.99228881e-09 9.55794400e-01 5.16440046e-02 -5.03000000e-02
3.43536400e-01 6.59357600e-01 2.20959977e-09 9.73988800e-01 4.69266842e-02 5.02500000e-02
3.37608800e-01 6.48428000e-01 2.03205660e-09 9.86404000e-01 4.58818166e-02 4.81500000e-02
2.92962000e-01 6.98950400e-01 2.16983198e-09 9.43379200e-01 5.26888722e-02 -4.82000000e-02
3.29549600e-01 6.53806400e-01 2.05605846e-09 9.73938400e-01 5.40831710e-02 -6.15000000e-03
3.01021200e-01 6.93572000e-01 2.14583012e-09 9.55844800e-01 4.44875178e-02 6.10000000e-03
2.96524400e-01 6.91476800e-01 2.25936833e-09 9.61086400e-01 4.93589990e-02 5.13000000e-02
3.34046400e-01 6.55901600e-01 1.94252025e-09 9.68696800e-01 4.92116898e-02 -5.13500000e-02
2.92728400e-01 6.47348000e-01 1.97240492e-09 9.61775200e-01 4.66628980e-02 -7.08500000e-02
3.37842400e-01 7.00030400e-01 2.22948366e-09 9.68008000e-01 5.19077909e-02 7.08000000e-02
3.41901200e-01 6.53136800e-01 2.06076471e-09 9.51594400e-01 5.31307999e-02 5.15500000e-02
2.88669600e-01 6.94241600e-01 2.14112388e-09 9.78188800e-01 4.54398890e-02 -5.16000000e-02
3.46047600e-01 6.55836800e-01 2.09806172e-09 9.68898400e-01 4.59606099e-02 7.50000000e-03
2.84523200e-01 6.91541600e-01 2.10382687e-09 9.60884800e-01 5.26100789e-02 -7.55000000e-03
3.33491600e-01 6.57672800e-01 2.11335702e-09 9.67823200e-01 4.72487090e-02 -6.59000000e-02
2.97079200e-01 6.89705600e-01 2.08853157e-09 9.61960000e-01 5.13219798e-02 6.58500000e-02
3.13664800e-01 6.60696800e-01 2.01687896e-09 9.43849600e-01 5.00612871e-02 2.70500000e-02
3.16906000e-01 6.86681600e-01 2.18500963e-09 9.85933600e-01 4.85094017e-02 -2.71000000e-02
2.82771200e-01 6.96056000e-01 2.27325176e-09 9.70964800e-01 5.34562504e-02 -1.39500000e-02
3.47799600e-01 6.51322400e-01 1.92863682e-09 9.58818400e-01 4.51144384e-02 1.39000000e-02
3.56559600e-01 6.90396800e-01 1.96546321e-09 9.49645600e-01 5.42647382e-02 -4.32000000e-02
2.74011200e-01 6.56981600e-01 2.23642538e-09 9.80137600e-01 4.43059507e-02 4.31500000e-02
2.92699200e-01 6.70308800e-01 1.97346383e-09 9.66277600e-01 4.71870447e-02 3.14500000e-02
3.37871600e-01 6.77069600e-01 2.22842476e-09 9.63505600e-01 5.13836442e-02 -3.15000000e-02
2.81807600e-01 6.51992000e-01 2.07453048e-09 9.88554400e-01 5.09862519e-02 2.75000000e-02
3.48763200e-01 6.95386400e-01 2.12735810e-09 9.41228800e-01 4.75844370e-02 -2.75500000e-02
3.14015200e-01 6.49184000e-01 2.02335004e-09 9.65975200e-01 4.54433148e-02 -2.22500000e-02
3.16555600e-01 6.98194400e-01 2.17853854e-09 9.63808000e-01 5.31273741e-02 2.22000000e-02
3.15767200e-01 6.68213600e-01 2.21242352e-09 9.71821600e-01 4.93521474e-02 3.70000000e-02
3.14803600e-01 6.79164800e-01 1.98946507e-09 9.57961600e-01 4.92185414e-02 -3.70500000e-02
2.92786800e-01 6.74888000e-01 2.15241887e-09 9.62296000e-01 4.65018856e-02 1.25500000e-02
3.37784000e-01 6.72490400e-01 2.04946972e-09 9.67487200e-01 5.20688033e-02 -1.26000000e-02
2.97634000e-01 6.74672000e-01 2.19971665e-09 9.42068800e-01 4.41517899e-02 4.65000000e-02
3.32936800e-01 6.72706400e-01 2.00217193e-09 9.87714400e-01 5.44188990e-02 -4.65500000e-02
3.35010000e-01 6.97028000e-01 2.22489507e-09 9.56012800e-01 4.84408858e-02 3.38000000e-02
2.95560800e-01 6.50350400e-01 1.97699351e-09 9.73770400e-01 5.01298030e-02 -3.38500000e-02
3.05372000e-01 6.66615200e-01 2.08441360e-09 9.74929600e-01 4.84956986e-02 -3.95000000e-03
3.25198800e-01 6.80763200e-01 2.11747498e-09 9.54853600e-01 5.00749903e-02 3.90000000e-03
3.26980000e-01 6.58882400e-01 2.21312945e-09 9.67940800e-01 4.78002621e-02 4.29000000e-02
3.03590800e-01 6.88496000e-01 1.98875913e-09 9.61842400e-01 5.07704268e-02 -4.29500000e-02
3.02335200e-01 6.44453600e-01 2.14594778e-09 9.58213600e-01 5.05203437e-02 -2.80000000e-03
3.28235600e-01 7.02924800e-01 2.05594081e-09 9.71569600e-01 4.80503451e-02 2.75000000e-03
2.76113600e-01 6.93507200e-01 2.12876998e-09 9.41161600e-01 5.00852677e-02 -3.16500000e-02
3.54457200e-01 6.53871200e-01 2.07311861e-09 9.88621600e-01 4.84854212e-02 3.16000000e-02
3.03649200e-01 6.95062400e-01 2.05370534e-09 9.40993600e-01 4.69438132e-02 1.80000000e-03
3.26921600e-01 6.52316000e-01 2.14818325e-09 9.88789600e-01 5.16268756e-02 -1.85000000e-03
3.39623600e-01 7.02255200e-01 2.01899677e-09 9.59423200e-01 5.19900100e-02 -3.66500000e-02
2.90947200e-01 6.45123200e-01 2.18289182e-09 9.70360000e-01 4.65806789e-02 3.66000000e-02
2.77369200e-01 6.44064800e-01 2.12112233e-09 9.50687200e-01 5.03593313e-02 -2.63500000e-02
3.53201600e-01 7.03313600e-01 2.08076626e-09 9.79096000e-01 4.82113575e-02 2.63000000e-02
3.03970400e-01 6.83117600e-01 2.05299940e-09 9.83867200e-01 4.65361435e-02 4.65500000e-02
3.26600400e-01 6.64260800e-01 2.14888918e-09 9.45916000e-01 5.20345453e-02 -4.66000000e-02
3.35915200e-01 6.89165600e-01 2.27736973e-09 9.85446400e-01 4.56831205e-02 1.35000000e-03
2.94655600e-01 6.58212800e-01 1.92451886e-09 9.44336800e-01 5.28875684e-02 -1.40000000e-03
3.36820400e-01 6.93226400e-01 2.20595243e-09 9.69301600e-01 5.01948931e-02 5.61000000e-02
2.93750400e-01 6.54152000e-01 1.99593616e-09 9.60481600e-01 4.83757957e-02 -5.61500000e-02
2.82858800e-01 6.88388000e-01 2.08547251e-09 9.47478400e-01 4.93727022e-02 6.88000000e-02
3.47712000e-01 6.58990400e-01 2.11641608e-09 9.82304800e-01 4.91979866e-02 -6.88500000e-02
2.96349200e-01 6.83700800e-01 1.94169666e-09 9.42892000e-01 5.04209956e-02 3.80000000e-03
3.34221600e-01 6.63677600e-01 2.26019192e-09 9.86891200e-01 4.81496932e-02 -3.85000000e-03
3.46368800e-01 6.65708000e-01 2.14712434e-09 9.50082400e-01 5.26272079e-02 -5.11500000e-02
2.84202000e-01 6.81670400e-01 2.05476424e-09 9.79700800e-01 4.59434809e-02 5.11000000e-02
2.99561200e-01 6.76270400e-01 1.96816930e-09 9.41497600e-01 5.12192060e-02 -4.05500000e-02
3.31009600e-01 6.71108000e-01 2.23371929e-09 9.88285600e-01 4.73514829e-02 4.05000000e-02
3.55712800e-01 6.63159200e-01 2.04370456e-09 9.80826400e-01 4.76872108e-02 -7.25500000e-02
2.74858000e-01 6.84219200e-01 2.15818402e-09 9.48956800e-01 5.08834780e-02 7.25000000e-02
3.55596000e-01 7.00829600e-01 2.12465201e-09 9.77953600e-01 4.57721911e-02 -3.43500000e-02
2.74974800e-01 6.46548800e-01 2.07723657e-09 9.51829600e-01 5.27984977e-02 3.43000000e-02
3.15154000e-01 6.61928000e-01 1.93463729e-09 9.57474400e-01 5.11575417e-02 -6.04500000e-02
3.15416800e-01 6.85450400e-01 2.26725130e-09 9.72308800e-01 4.74131472e-02 6.04000000e-02
3.43711600e-01 6.91995200e-01 2.19465744e-09 9.66109600e-01 5.16645594e-02 -2.71500000e-02
2.86859200e-01 6.55383200e-01 2.00723115e-09 9.63673600e-01 4.69061295e-02 2.71000000e-02
2.99882400e-01 6.79553600e-01 2.10912140e-09 9.77785600e-01 5.14932696e-02 -2.19500000e-02
3.30688400e-01 6.67824800e-01 2.09276719e-09 9.51997600e-01 4.70774192e-02 2.19000000e-02
3.45405200e-01 6.66572000e-01 2.25042646e-09 9.73518400e-01 4.49534260e-02 7.13500000e-02
2.85165600e-01 6.80806400e-01 1.95146212e-09 9.56264800e-01 5.36172628e-02 -7.14000000e-02
3.33053600e-01 6.78776000e-01 2.04288097e-09 9.61136800e-01 5.37988300e-02 3.76500000e-02
2.97517200e-01 6.68602400e-01 2.15900761e-09 9.68646400e-01 4.47718589e-02 -3.77000000e-02
3.44675200e-01 6.78214400e-01 1.94228494e-09 9.55492000e-01 5.23942538e-02 -5.73000000e-02
2.85895600e-01 6.69164000e-01 2.25960364e-09 9.74291200e-01 4.61764350e-02 5.72500000e-02
3.15475200e-01 6.47736800e-01 2.03288020e-09 9.76357600e-01 4.77214688e-02 5.10000000e-02
3.15095600e-01 6.99641600e-01 2.16900839e-09 9.53425600e-01 5.08492201e-02 -5.10500000e-02
3.22512400e-01 6.59249600e-01 2.08476657e-09 9.58801600e-01 5.15069728e-02 2.72000000e-02
3.08058400e-01 6.88128800e-01 2.11712202e-09 9.70981600e-01 4.70637160e-02 -2.72500000e-02
3.29987600e-01 6.64779200e-01 1.93922588e-09 9.76710400e-01 5.08218137e-02 -5.45000000e-02
3.00583200e-01 6.82599200e-01 2.26266270e-09 9.53072800e-01 4.77488751e-02 5.44500000e-02
2.75938400e-01 6.69596000e-01 2.23442522e-09 9.77432800e-01 4.93692764e-02 -4.81000000e-02
3.54632400e-01 6.77782400e-01 1.96746336e-09 9.52350400e-01 4.92014124e-02 4.80500000e-02
3.47478400e-01 6.80979200e-01 2.14077091e-09 9.67991200e-01 4.49739808e-02 3.51500000e-02
2.83092400e-01 6.66399200e-01 2.06111768e-09 9.61792000e-01 5.35967080e-02 -3.52000000e-02
3.44441600e-01 6.83247200e-01 2.13429982e-09 9.49192000e-01 5.40043777e-02 8.05000000e-03
2.86129200e-01 6.64131200e-01 2.06758877e-09 9.80591200e-01 4.45663111e-02 -8.10000000e-03
2.86304400e-01 6.68386400e-01 2.00523099e-09 9.81229600e-01 5.19454746e-02 -2.36500000e-02
3.44266400e-01 6.78992000e-01 2.19665759e-09 9.48553600e-01 4.66252142e-02 2.36000000e-02
2.98802000e-01 6.75579200e-01 2.10194437e-09 9.60028000e-01 4.98591652e-02 -4.73500000e-02
3.31768800e-01 6.71799200e-01 2.09994421e-09 9.69755200e-01 4.87115237e-02 4.73000000e-02
3.41872000e-01 6.65751200e-01 2.12524029e-09 9.68495200e-01 4.52137865e-02 7.65000000e-03
2.88698800e-01 6.81627200e-01 2.07664829e-09 9.61288000e-01 5.33569024e-02 -7.70000000e-03
3.26571200e-01 6.63764000e-01 1.93510791e-09 9.65706400e-01 5.41722417e-02 -4.23000000e-02
3.03999600e-01 6.83614400e-01 2.26678067e-09 9.64076800e-01 4.43984472e-02 4.22500000e-02
2.98860400e-01 6.89338400e-01 2.03135066e-09 9.61321600e-01 5.10444904e-02 -3.57500000e-02
3.31710400e-01 6.58040000e-01 2.17053792e-09 9.68461600e-01 4.75261984e-02 3.57000000e-02
3.05956000e-01 6.56960000e-01 1.95816852e-09 9.76408000e-01 4.85162533e-02 5.58000000e-02
3.24614800e-01 6.90418400e-01 2.24372006e-09 9.53375200e-01 5.00544355e-02 -5.58500000e-02
2.94889200e-01 6.99792800e-01 2.17018495e-09 9.72997600e-01 4.89102198e-02 3.13500000e-02
3.35681600e-01 6.47585600e-01 2.03170363e-09 9.56785600e-01 4.96604690e-02 -3.14000000e-02
3.41025200e-01 6.59984000e-01 1.96193352e-09 9.65773600e-01 5.10718968e-02 7.49000000e-02
2.89545600e-01 6.87394400e-01 2.23995506e-09 9.64009600e-01 4.74987921e-02 -7.49500000e-02
3.35827600e-01 6.85623200e-01 2.00017178e-09 9.49964800e-01 4.96570432e-02 -9.40000000e-03
2.94743200e-01 6.61755200e-01 2.20171681e-09 9.79818400e-01 4.89136456e-02 9.35000000e-03
3.21286000e-01 7.02017600e-01 2.17100854e-09 9.70007200e-01 4.69403874e-02 1.30500000e-02
3.09284800e-01 6.45360800e-01 2.03088004e-09 9.59776000e-01 5.16303014e-02 -1.31000000e-02
2.86917600e-01 6.50264000e-01 2.09912062e-09 9.69116800e-01 5.34493988e-02 1.71500000e-02
3.43653200e-01 6.97114400e-01 2.10276796e-09 9.60666400e-01 4.51212900e-02 -1.72000000e-02
2.94422000e-01 6.70762400e-01 2.07747189e-09 9.79465600e-01 4.73960182e-02 -3.59000000e-02
3.36148800e-01 6.76616000e-01 2.12441670e-09 9.50317600e-01 5.11746706e-02 3.58500000e-02
2.95794400e-01 6.94803200e-01 2.15336012e-09 9.56819200e-01 5.15446565e-02 5.73500000e-02
3.34776400e-01 6.52575200e-01 2.04852847e-09 9.72964000e-01 4.70260323e-02 -5.74000000e-02
3.17752800e-01 6.63785600e-01 1.95993337e-09 9.41716000e-01 4.92151156e-02 1.25000000e-02
3.12818000e-01 6.83592800e-01 2.24195522e-09 9.88067200e-01 4.93555732e-02 -1.25500000e-02
2.80347600e-01 6.61388000e-01 2.01405521e-09 9.82808800e-01 4.45217758e-02 1.69500000e-02
3.50223200e-01 6.85990400e-01 2.18783338e-09 9.46974400e-01 5.40489131e-02 -1.70000000e-02
3.17139600e-01 6.97589600e-01 2.26654536e-09 9.79667200e-01 4.52720250e-02 -3.53000000e-02
3.13431200e-01 6.49788800e-01 1.93534323e-09 9.50116000e-01 5.32986638e-02 3.52500000e-02
3.56384400e-01 6.48363200e-01 2.22795413e-09 9.48284800e-01 5.02497059e-02 5.65000000e-02
2.74186400e-01 6.99015200e-01 1.97393445e-09 9.81498400e-01 4.83209830e-02 -5.65500000e-02
3.58837200e-01 7.02276800e-01 1.97781711e-09 9.57088000e-01 5.32712575e-02 -3.80000000e-03
2.71733600e-01 6.45101600e-01 2.22407148e-09 9.72695200e-01 4.52994314e-02 3.75000000e-03
3.29170000e-01 6.44302400e-01 2.23160147e-09 9.43278400e-01 5.03833119e-02 -5.00000000e-03
3.01400800e-01 7.03076000e-01 1.97028711e-09 9.86504800e-01 4.81873770e-02 4.95000000e-03
3.43186000e-01 6.53676800e-01 1.93122526e-09 9.79264000e-01 5.39084554e-02 -3.48000000e-02
2.87384800e-01 6.93701600e-01 2.27066332e-09 9.50519200e-01 4.46622334e-02 3.47500000e-02
2.77310800e-01 6.93874400e-01 2.02240880e-09 9.76374400e-01 4.66046594e-02 2.58500000e-02
3.53260000e-01 6.53504000e-01 2.17947979e-09 9.53408800e-01 5.19660294e-02 -2.59000000e-02
3.47682800e-01 6.60437600e-01 2.26219208e-09 9.56315200e-01 4.91191933e-02 -2.20500000e-02
2.82888000e-01 6.86940800e-01 1.93969650e-09 9.73468000e-01 4.94514955e-02 2.20000000e-02
3.47332400e-01 6.79035200e-01 2.15206590e-09 9.50216800e-01 4.70842708e-02 -4.97000000e-02
2.83238400e-01 6.68343200e-01 2.04982268e-09 9.79566400e-01 5.14864180e-02 4.96500000e-02
3.54369600e-01 6.52877600e-01 2.24395537e-09 9.68478400e-01 5.29526585e-02 -2.85500000e-02
2.76201200e-01 6.94500800e-01 1.95793321e-09 9.61304800e-01 4.56180303e-02 2.85000000e-02
3.38222000e-01 6.93723200e-01 2.18712744e-09 9.72930400e-01 5.09588455e-02 -5.00500000e-02
2.92348800e-01 6.53655200e-01 2.01476114e-09 9.56852800e-01 4.76118433e-02 5.00000000e-02
3.01809600e-01 6.98518400e-01 2.00323084e-09 9.54097600e-01 5.08012589e-02 4.90500000e-02
3.28761200e-01 6.48860000e-01 2.19865775e-09 9.75685600e-01 4.77694299e-02 -4.91000000e-02
2.79734400e-01 6.95213600e-01 2.21054102e-09 9.71536000e-01 4.81770996e-02 -7.06500000e-02
3.50836400e-01 6.52164800e-01 1.99134757e-09 9.58247200e-01 5.03935893e-02 7.06000000e-02
2.94042400e-01 6.69747200e-01 2.07758954e-09 9.52804000e-01 4.65087372e-02 -9.35000000e-03
3.36528400e-01 6.77631200e-01 2.12429904e-09 9.76979200e-01 5.20619517e-02 9.30000000e-03
3.27505600e-01 6.64368800e-01 2.14182981e-09 9.59053600e-01 5.43366799e-02 -4.95500000e-02
3.03065200e-01 6.83009600e-01 2.06005877e-09 9.70729600e-01 4.42340090e-02 4.95000000e-02
3.26834000e-01 6.58169600e-01 2.18877463e-09 9.85295200e-01 4.49876840e-02 -5.56000000e-02
3.03736800e-01 6.89208800e-01 2.01311396e-09 9.44488000e-01 5.35830049e-02 5.55500000e-02
3.35856800e-01 6.57975200e-01 2.13112310e-09 9.59944000e-01 4.58612618e-02 5.33000000e-02
2.94714000e-01 6.89403200e-01 2.07076548e-09 9.69839200e-01 5.27094270e-02 -5.33500000e-02
3.33754400e-01 6.66744800e-01 2.09900297e-09 9.46688800e-01 5.15994693e-02 -4.09500000e-02
2.96816400e-01 6.80633600e-01 2.10288562e-09 9.83094400e-01 4.69712196e-02 4.09000000e-02
2.98597600e-01 6.47758400e-01 2.18583322e-09 9.56281600e-01 4.68581683e-02 -6.84500000e-02
3.31973200e-01 6.99620000e-01 2.01605536e-09 9.73501600e-01 5.17125205e-02 6.84000000e-02
2.73076800e-01 6.54562400e-01 2.10723890e-09 9.60683200e-01 4.62004156e-02 8.50000000e-04
3.57494000e-01 6.92816000e-01 2.09464969e-09 9.69100000e-01 5.23702733e-02 -9.00000000e-04
3.20789600e-01 6.88085600e-01 1.95546243e-09 9.45412000e-01 5.21647255e-02 -6.20000000e-02
3.09781200e-01 6.59292800e-01 2.24642615e-09 9.84371200e-01 4.64059633e-02 6.19500000e-02
3.32644800e-01 6.99879200e-01 2.21560023e-09 9.52686400e-01 4.65224404e-02 -4.04500000e-02
2.97926000e-01 6.47499200e-01 1.98628835e-09 9.77096800e-01 5.20482485e-02 4.04000000e-02
3.44704400e-01 6.55750400e-01 2.22830710e-09 9.53039200e-01 4.54296116e-02 6.87500000e-02
2.85866400e-01 6.91628000e-01 1.97358148e-09 9.76744000e-01 5.31410772e-02 -6.88000000e-02
3.21052400e-01 6.93399200e-01 2.11582780e-09 9.73266400e-01 5.33431992e-02 -1.13000000e-02
3.09518400e-01 6.53979200e-01 2.08606079e-09 9.56516800e-01 4.52274897e-02 1.12500000e-02
2.76931200e-01 6.87480800e-01 1.95369759e-09 9.82019200e-01 4.65738273e-02 2.49000000e-02
3.53639600e-01 6.59897600e-01 2.24819099e-09 9.47764000e-01 5.19968616e-02 -2.49500000e-02
3.11620800e-01 6.49097600e-01 2.05017565e-09 9.43228000e-01 4.58270039e-02 -6.35000000e-03
3.18950000e-01 6.98280800e-01 2.15171293e-09 9.86555200e-01 5.27436850e-02 6.30000000e-03
3.43799200e-01 6.56268800e-01 2.27548723e-09 9.82002400e-01 5.34836568e-02 -1.95000000e-02
2.86771600e-01 6.91109600e-01 1.92640136e-09 9.47780800e-01 4.50870320e-02 1.94500000e-02
3.25782800e-01 6.47974400e-01 2.07417751e-09 9.48721600e-01 4.45902917e-02 -6.30000000e-03
3.04788000e-01 6.99404000e-01 2.12771107e-09 9.81061600e-01 5.39803971e-02 6.25000000e-03
3.46222800e-01 6.98928800e-01 2.23960209e-09 9.64866400e-01 4.82182091e-02 -9.85000000e-03
2.84348000e-01 6.48449600e-01 1.96228649e-09 9.64916800e-01 5.03524797e-02 9.80000000e-03
3.40616400e-01 7.05646400e-01 2.20536415e-09 9.47176000e-01 4.66937301e-02 -1.60500000e-02
2.89954400e-01 6.41732000e-01 1.99652444e-09 9.82607200e-01 5.18769587e-02 1.60000000e-02
2.96174000e-01 6.59012000e-01 1.92651901e-09 9.56920000e-01 5.19797326e-02 -3.65500000e-02
3.34396800e-01 6.88366400e-01 2.27536957e-09 9.72863200e-01 4.65909563e-02 3.65000000e-02
3.39302400e-01 7.03529600e-01 1.96358071e-09 9.59725600e-01 4.47410267e-02 -2.85000000e-02
2.91268400e-01 6.43848800e-01 2.23830788e-09 9.70057600e-01 5.38296621e-02 2.84500000e-02
3.29140800e-01 6.63267200e-01 1.94404978e-09 9.55122400e-01 4.58783908e-02 -3.08500000e-02
3.01430000e-01 6.84111200e-01 2.25783880e-09 9.74660800e-01 5.26922980e-02 3.08000000e-02
2.87151200e-01 6.79078400e-01 2.04088081e-09 9.40758400e-01 5.17844622e-02 -5.35000000e-03
3.43419600e-01 6.68300000e-01 2.16100777e-09 9.89024800e-01 4.67862266e-02 5.30000000e-03
3.49989600e-01 6.42250400e-01 2.16736120e-09 9.85345600e-01 4.79304423e-02 -6.41500000e-02
2.80581200e-01 7.05128000e-01 2.03452738e-09 9.44437600e-01 5.06402465e-02 6.41000000e-02
3.29257600e-01 6.92513600e-01 2.26148614e-09 9.71015200e-01 4.91089160e-02 -5.09000000e-02
3.01313200e-01 6.54864800e-01 1.94040244e-09 9.58768000e-01 4.94617729e-02 5.08500000e-02
3.36645200e-01 6.90828800e-01 2.17147917e-09 9.74694400e-01 4.79201649e-02 3.50500000e-02
2.93925600e-01 6.56549600e-01 2.03040942e-09 9.55088800e-01 5.06505239e-02 -3.51000000e-02
3.46894400e-01 6.58191200e-01 2.27372238e-09 9.42102400e-01 5.02771122e-02 7.15000000e-03
2.83676400e-01 6.89187200e-01 1.92816620e-09 9.87680800e-01 4.82935766e-02 -7.20000000e-03
3.50106400e-01 7.04912000e-01 2.22654226e-09 9.87277600e-01 4.43539118e-02 -3.16000000e-02
2.80464400e-01 6.42466400e-01 1.97534633e-09 9.42505600e-01 5.42167770e-02 3.15500000e-02
3.16526400e-01 6.49810400e-01 2.18336244e-09 9.73199200e-01 4.64265181e-02 2.65500000e-02
3.14044400e-01 6.97568000e-01 2.01852614e-09 9.56584000e-01 5.21441708e-02 -2.66000000e-02
3.57844400e-01 6.71475200e-01 2.22736585e-09 9.78256000e-01 4.50048130e-02 -4.44000000e-02
2.72726400e-01 6.75903200e-01 1.97452273e-09 9.51527200e-01 5.35658759e-02 4.43500000e-02
3.29900000e-01 6.83312000e-01 2.04899909e-09 9.83665600e-01 5.01195256e-02 -6.79000000e-02
3.00670800e-01 6.64066400e-01 2.15288949e-09 9.46117600e-01 4.84511632e-02 6.78500000e-02
3.30454800e-01 6.82880000e-01 1.98970038e-09 9.58969600e-01 5.27710913e-02 5.89500000e-02
3.00116000e-01 6.64498400e-01 2.21218821e-09 9.70813600e-01 4.57995975e-02 -5.90000000e-02
3.47274000e-01 7.04825600e-01 1.98146445e-09 9.49242400e-01 5.09280134e-02 4.40500000e-02
2.83296800e-01 6.42552800e-01 2.22042414e-09 9.80540800e-01 4.76426755e-02 -4.41000000e-02
3.00378800e-01 6.46829600e-01 1.98664132e-09 9.48688000e-01 4.45560337e-02 7.30000000e-02
3.30192000e-01 7.00548800e-01 2.21524727e-09 9.81095200e-01 5.40146551e-02 -7.30500000e-02
3.35097600e-01 6.59768000e-01 1.94087307e-09 9.46554400e-01 4.50013872e-02 -8.05000000e-03
2.95473200e-01 6.87610400e-01 2.26101552e-09 9.83228800e-01 5.35693017e-02 8.00000000e-03
2.97283600e-01 7.04523200e-01 2.19959899e-09 9.79146400e-01 5.02428543e-02 -2.02500000e-02
3.33287200e-01 6.42855200e-01 2.00228959e-09 9.50636800e-01 4.83278346e-02 2.02000000e-02
3.46719200e-01 6.41818400e-01 1.94593228e-09 9.41212000e-01 4.85607887e-02 1.91000000e-02
2.83851600e-01 7.05560000e-01 2.25595630e-09 9.88571200e-01 5.00099002e-02 -1.91500000e-02
3.55537600e-01 6.92664800e-01 2.16724355e-09 9.65958400e-01 5.16508562e-02 -5.47500000e-02
2.75033200e-01 6.54713600e-01 2.03464504e-09 9.63824800e-01 4.69198326e-02 5.47000000e-02
2.86450400e-01 6.66183200e-01 1.95405056e-09 9.87412000e-01 4.99961970e-02 1.40000000e-02
3.44120400e-01 6.81195200e-01 2.24783803e-09 9.42371200e-01 4.85744919e-02 -1.40500000e-02
3.19826000e-01 6.67954400e-01 2.18065635e-09 9.45815200e-01 4.49157423e-02 5.31500000e-02
3.10744800e-01 6.79424000e-01 2.02123223e-09 9.83968000e-01 5.36549466e-02 -5.32000000e-02
3.11504000e-01 6.50912000e-01 2.21454133e-09 9.56416000e-01 4.69506648e-02 6.86000000e-02
3.19066800e-01 6.96466400e-01 1.98734726e-09 9.73367200e-01 5.16200240e-02 -6.86500000e-02
3.16117600e-01 6.77480000e-01 2.24772037e-09 9.87512800e-01 5.25141567e-02 6.54500000e-02
3.14453200e-01 6.69898400e-01 1.95416821e-09 9.42270400e-01 4.60565322e-02 -6.55000000e-02
3.08992800e-01 6.78149600e-01 1.93169588e-09 9.55660000e-01 5.33706055e-02 3.95000000e-02
3.21578000e-01 6.69228800e-01 2.27019270e-09 9.74123200e-01 4.52000833e-02 -3.95500000e-02
2.89691600e-01 6.64433600e-01 2.01699661e-09 9.73720000e-01 5.43332541e-02 -7.24500000e-02
3.40879200e-01 6.82944800e-01 2.18489197e-09 9.56063200e-01 4.42374348e-02 7.24000000e-02
3.42339200e-01 6.90332000e-01 2.08570782e-09 9.52014400e-01 5.39050296e-02 -2.70500000e-02
2.88231600e-01 6.57046400e-01 2.11618077e-09 9.77768800e-01 4.46656592e-02 2.70000000e-02
2.73222800e-01 6.77760800e-01 2.27313410e-09 9.80876800e-01 5.22332414e-02 -2.54500000e-02
3.57348000e-01 6.69617600e-01 1.92875448e-09 9.48906400e-01 4.63374474e-02 2.54000000e-02
2.76843600e-01 6.82361600e-01 1.96958117e-09 9.87664000e-01 4.98523136e-02 6.13000000e-02
3.53727200e-01 6.65016800e-01 2.23230741e-09 9.42119200e-01 4.87183753e-02 -6.13500000e-02
3.35535600e-01 6.73052000e-01 2.12265186e-09 9.53677600e-01 4.57071010e-02 -7.48500000e-02
2.95035200e-01 6.74326400e-01 2.07923673e-09 9.76105600e-01 5.28635878e-02 7.48000000e-02
3.55304000e-01 6.64649600e-01 2.07405986e-09 9.79448800e-01 4.53268377e-02 1.09500000e-02
2.75266800e-01 6.82728800e-01 2.12782873e-09 9.50334400e-01 5.32438511e-02 -1.10000000e-02
3.18074000e-01 6.67133600e-01 2.10300328e-09 9.61808800e-01 5.01229514e-02 3.12500000e-02
3.12496800e-01 6.80244800e-01 2.09888531e-09 9.67974400e-01 4.84477374e-02 -3.13000000e-02
3.54398800e-01 6.46592000e-01 2.22207132e-09 9.59104000e-01 5.04244214e-02 -6.16000000e-02
2.76172000e-01 7.00786400e-01 1.97981726e-09 9.70679200e-01 4.81462674e-02 6.15500000e-02
2.78741600e-01 6.89360000e-01 2.04746956e-09 9.40036000e-01 4.69540906e-02 -5.69000000e-02
3.51829200e-01 6.58018400e-01 2.15441902e-09 9.89747200e-01 5.16165983e-02 5.68500000e-02
2.75383600e-01 6.79769600e-01 2.14794793e-09 9.40909600e-01 4.51418448e-02 6.12000000e-02
3.55187200e-01 6.67608800e-01 2.05394065e-09 9.88873600e-01 5.34288441e-02 -6.12500000e-02
3.45025600e-01 6.66636800e-01 2.27407535e-09 9.43513600e-01 5.43777894e-02 -6.65500000e-02
2.85545200e-01 6.80741600e-01 1.92781323e-09 9.86269600e-01 4.41928994e-02 6.65000000e-02
3.12672000e-01 6.65686400e-01 2.09735578e-09 9.86320000e-01 5.10376388e-02 5.05500000e-02
3.17898800e-01 6.81692000e-01 2.10453281e-09 9.43463200e-01 4.75330500e-02 -5.06000000e-02
3.32440400e-01 6.90202400e-01 1.98593538e-09 9.63102400e-01 5.19763068e-02 -7.04500000e-02
2.98130400e-01 6.57176000e-01 2.21595320e-09 9.66680800e-01 4.65943821e-02 7.04000000e-02
3.51858400e-01 6.46721600e-01 2.00829005e-09 9.43261600e-01 4.49808324e-02 6.15000000e-02
2.78712400e-01 7.00656800e-01 2.19359853e-09 9.86521600e-01 5.35898565e-02 -6.15500000e-02
2.96290800e-01 6.77264000e-01 2.18430369e-09 9.75332800e-01 4.62655057e-02 8.45000000e-03
3.34280000e-01 6.70114400e-01 2.01758489e-09 9.54450400e-01 5.23051831e-02 -8.50000000e-03
3.50281600e-01 6.82340000e-01 2.15877230e-09 9.83447200e-01 5.19934358e-02 4.17000000e-02
2.80289200e-01 6.65038400e-01 2.04311628e-09 9.46336000e-01 4.65772531e-02 -4.17500000e-02
3.30863600e-01 6.88928000e-01 2.18100932e-09 9.86572000e-01 5.35521727e-02 3.81000000e-02
2.99707200e-01 6.58450400e-01 2.02087927e-09 9.43211200e-01 4.50185161e-02 -3.81500000e-02
3.19358800e-01 6.67457600e-01 2.20395227e-09 9.55072000e-01 4.66903043e-02 4.40000000e-02
3.11212000e-01 6.79920800e-01 1.99793631e-09 9.74711200e-01 5.18803845e-02 -4.40500000e-02
3.17285600e-01 6.89014400e-01 2.15783105e-09 9.62245600e-01 4.90917870e-02 -3.27000000e-02
3.13285200e-01 6.58364000e-01 2.04405753e-09 9.67537600e-01 4.94789019e-02 3.26500000e-02
2.82829600e-01 7.02665600e-01 2.24830865e-09 9.64950400e-01 5.26032274e-02 3.42500000e-02
3.47741200e-01 6.44712800e-01 1.95357993e-09 9.64832800e-01 4.59674615e-02 -3.43000000e-02
2.82683600e-01 7.02406400e-01 2.06629455e-09 9.69251200e-01 5.03147960e-02 1.99000000e-02
3.47887200e-01 6.44972000e-01 2.13559404e-09 9.60532000e-01 4.82558929e-02 -1.99500000e-02
2.83647200e-01 6.84996800e-01 2.17077323e-09 9.59624800e-01 5.25826726e-02 -3.50000000e-02
3.46923600e-01 6.62381600e-01 2.03111535e-09 9.70158400e-01 4.59880163e-02 3.49500000e-02
3.23943200e-01 6.97222400e-01 2.25348552e-09 9.87176800e-01 5.01092482e-02 6.38500000e-02
3.06627600e-01 6.50156000e-01 1.94840306e-09 9.42606400e-01 4.84614406e-02 -6.39000000e-02
3.06364800e-01 6.98777600e-01 2.03629222e-09 9.53812000e-01 4.71048256e-02 -3.67500000e-02
3.24206000e-01 6.48600800e-01 2.16559636e-09 9.75971200e-01 5.14658633e-02 3.67000000e-02
3.28031200e-01 6.54346400e-01 2.16489042e-09 9.62060800e-01 5.24250860e-02 -7.04000000e-02
3.02539600e-01 6.93032000e-01 2.03699816e-09 9.67722400e-01 4.61456029e-02 7.03500000e-02
2.89195200e-01 6.71172800e-01 2.19877540e-09 9.58549600e-01 4.63477248e-02 3.05500000e-02
3.41375600e-01 6.76205600e-01 2.00311318e-09 9.71233600e-01 5.22229641e-02 -3.06000000e-02
2.76464000e-01 6.69358400e-01 2.03217426e-09 9.63942400e-01 5.14384569e-02 -4.51500000e-02
3.54106800e-01 6.78020000e-01 2.16971433e-09 9.65840800e-01 4.71322320e-02 4.51000000e-02
2.81603200e-01 6.49853600e-01 2.00605459e-09 9.50032000e-01 4.79235907e-02 2.49500000e-02
3.48967600e-01 6.97524800e-01 2.19583400e-09 9.79751200e-01 5.06470981e-02 -2.50000000e-02
2.90684400e-01 6.82664000e-01 1.94969728e-09 9.89142400e-01 4.86395820e-02 -4.70000000e-02
3.39886400e-01 6.64714400e-01 2.25219130e-09 9.40640800e-01 4.99311069e-02 4.69500000e-02
2.72551200e-01 6.75536000e-01 2.24689678e-09 9.76458400e-01 4.53885020e-02 5.14500000e-02
3.58019600e-01 6.71842400e-01 1.95499181e-09 9.53324800e-01 5.31821868e-02 -5.15000000e-02
3.16322000e-01 6.81994400e-01 1.99617147e-09 9.87210400e-01 4.47650073e-02 2.15000000e-03
3.14248800e-01 6.65384000e-01 2.20571712e-09 9.42572800e-01 5.38056816e-02 -2.20000000e-03
3.23797200e-01 6.92384000e-01 2.10970968e-09 9.40590400e-01 4.58304297e-02 2.12500000e-02
3.06773600e-01 6.54994400e-01 2.09217891e-09 9.89192800e-01 5.27402592e-02 -2.13000000e-02
3.33608400e-01 6.67436000e-01 2.23819022e-09 9.87865600e-01 4.83655183e-02 3.70000000e-03
2.96962400e-01 6.79942400e-01 1.96369836e-09 9.41917600e-01 5.02051705e-02 -3.75000000e-03
3.27622400e-01 6.85515200e-01 2.15477199e-09 9.66126400e-01 4.91260449e-02 -4.38500000e-02
3.02948400e-01 6.61863200e-01 2.04711659e-09 9.63656800e-01 4.94446439e-02 4.38000000e-02
3.58866400e-01 6.66118400e-01 2.10770952e-09 9.41094400e-01 4.94206633e-02 2.61500000e-02
2.71704400e-01 6.81260000e-01 2.09417906e-09 9.88688800e-01 4.91500255e-02 -2.62000000e-02
3.48033200e-01 6.43416800e-01 2.02535020e-09 9.75248800e-01 4.92459478e-02 -2.15000000e-02
2.82537600e-01 7.03961600e-01 2.17653838e-09 9.54534400e-01 4.93247411e-02 2.14500000e-02
3.35710800e-01 6.46959200e-01 2.21207055e-09 9.60229600e-01 5.14076247e-02 -5.99500000e-02
2.94860000e-01 7.00419200e-01 1.98981804e-09 9.69553600e-01 4.71630641e-02 5.99000000e-02
2.89224400e-01 6.90072800e-01 1.96428665e-09 9.59473600e-01 5.23188863e-02 -3.29000000e-02
3.41346400e-01 6.57305600e-01 2.23760194e-09 9.70309600e-01 4.62518025e-02 3.28500000e-02
3.35418800e-01 6.74866400e-01 2.10253265e-09 9.89831200e-01 4.62723573e-02 -5.07000000e-02
2.95152000e-01 6.72512000e-01 2.09935593e-09 9.39952000e-01 5.22983316e-02 5.06500000e-02
3.39156400e-01 6.77890400e-01 1.97099305e-09 9.46151200e-01 4.90609548e-02 2.64000000e-02
2.91414400e-01 6.69488000e-01 2.23089554e-09 9.83632000e-01 4.95097340e-02 -2.64500000e-02
2.90801200e-01 6.58126400e-01 2.19948134e-09 9.45361600e-01 4.82284865e-02 -5.84000000e-02
3.39769600e-01 6.89252000e-01 2.00240725e-09 9.84421600e-01 5.03422023e-02 5.83500000e-02
3.40908400e-01 6.86228000e-01 2.02570317e-09 9.85832800e-01 4.81736738e-02 -7.43500000e-02
2.89662400e-01 6.61150400e-01 2.17618542e-09 9.43950400e-01 5.03970151e-02 7.43000000e-02
2.96057200e-01 6.44194400e-01 2.07358923e-09 9.83917600e-01 5.17365011e-02 2.07500000e-02
3.34513600e-01 7.03184000e-01 2.12829935e-09 9.45865600e-01 4.68341877e-02 -2.08000000e-02
3.34192400e-01 6.83398400e-01 1.99770100e-09 9.40960000e-01 4.58989456e-02 5.28000000e-02
2.96378400e-01 6.63980000e-01 2.20418759e-09 9.88823200e-01 5.26717433e-02 -5.28500000e-02
2.73427200e-01 6.74024000e-01 2.08123688e-09 9.88890400e-01 4.93384443e-02 4.10500000e-02
3.57143600e-01 6.73354400e-01 2.12065170e-09 9.40892800e-01 4.92322446e-02 -4.11000000e-02
3.27067600e-01 6.81908000e-01 2.08700204e-09 9.73535200e-01 5.25621178e-02 5.22000000e-02
3.03503200e-01 6.65470400e-01 2.11488655e-09 9.56248000e-01 4.60085710e-02 -5.22500000e-02
3.16468000e-01 6.56441600e-01 2.01734958e-09 9.61758400e-01 4.53850763e-02 4.10000000e-03
3.14102800e-01 6.90936800e-01 2.18453900e-09 9.68024800e-01 5.31856126e-02 -4.15000000e-03
2.76142800e-01 6.47067200e-01 1.98546476e-09 9.81414400e-01 5.29937680e-02 -4.05000000e-02
3.54428000e-01 7.00311200e-01 2.21642383e-09 9.48368800e-01 4.55769208e-02 4.04500000e-02
3.44996400e-01 6.43071200e-01 2.13747653e-09 9.69436000e-01 4.75022179e-02 -5.41500000e-02
2.85574400e-01 7.04307200e-01 2.06441205e-09 9.60347200e-01 5.10684710e-02 5.41000000e-02
3.20614400e-01 6.88258400e-01 2.03640988e-09 9.68864800e-01 5.05648790e-02 -6.70500000e-02
3.09956400e-01 6.59120000e-01 2.16547870e-09 9.60918400e-01 4.80058098e-02 6.70000000e-02
3.51332800e-01 6.59336000e-01 2.23313100e-09 9.74677600e-01 5.08869038e-02 -2.62500000e-02
2.79238000e-01 6.88042400e-01 1.96875758e-09 9.55105600e-01 4.76837850e-02 2.62000000e-02
3.55975600e-01 6.73700000e-01 2.11994576e-09 9.60985600e-01 4.77111914e-02 -4.05000000e-03
2.74595200e-01 6.73678400e-01 2.08194282e-09 9.68797600e-01 5.08594974e-02 4.00000000e-03
3.44879600e-01 6.66917600e-01 2.14653606e-09 9.82237600e-01 5.32575543e-02 1.75000000e-03
2.85691200e-01 6.80460800e-01 2.05535252e-09 9.47545600e-01 4.53131345e-02 -1.80000000e-03
3.05459600e-01 6.86832800e-01 2.11476889e-09 9.65286400e-01 4.52172123e-02 5.37500000e-02
3.25111200e-01 6.60545600e-01 2.08711969e-09 9.64496800e-01 5.33534766e-02 -5.38000000e-02
3.33112000e-01 6.55340000e-01 2.09100235e-09 9.69217600e-01 4.49637034e-02 1.57500000e-02
2.97458800e-01 6.92038400e-01 2.11088624e-09 9.60565600e-01 5.36069854e-02 -1.58000000e-02
3.15533600e-01 6.66680000e-01 2.05911752e-09 9.58499200e-01 5.36857787e-02 6.23000000e-02
3.15037200e-01 6.80698400e-01 2.14277106e-09 9.71284000e-01 4.48849101e-02 -6.23500000e-02
2.90042000e-01 7.00376000e-01 2.24301412e-09 9.64110400e-01 5.24730471e-02 5.04500000e-02
3.40528800e-01 6.47002400e-01 1.95887446e-09 9.65672800e-01 4.60976417e-02 -5.05000000e-02
3.11708400e-01 6.48492800e-01 2.20454055e-09 9.51006400e-01 5.38639201e-02 4.90000000e-03
3.18862400e-01 6.98885600e-01 1.99734803e-09 9.78776800e-01 4.47067687e-02 -4.95000000e-03
3.10394400e-01 6.91044800e-01 2.15135996e-09 9.53442400e-01 5.25860984e-02 -4.46000000e-02
3.20176400e-01 6.56333600e-01 2.05052862e-09 9.76340800e-01 4.59845905e-02 4.45500000e-02
2.88114800e-01 7.03464800e-01 2.10853312e-09 9.44756800e-01 5.23531443e-02 -3.10500000e-02
3.42456000e-01 6.43913600e-01 2.09335547e-09 9.85026400e-01 4.62175446e-02 3.10000000e-02
3.19475600e-01 6.94436000e-01 1.95534478e-09 9.64681600e-01 5.35247663e-02 -3.76500000e-02
3.11095200e-01 6.52942400e-01 2.24654381e-09 9.65101600e-01 4.50459225e-02 3.76000000e-02
2.92670000e-01 6.82383200e-01 2.27572254e-09 9.40338400e-01 4.71699157e-02 3.29500000e-02
3.37900800e-01 6.64995200e-01 1.92616604e-09 9.89444800e-01 5.14007731e-02 -3.30000000e-02
3.20556000e-01 7.03400000e-01 2.22477742e-09 9.89680000e-01 4.54707211e-02 -1.62500000e-02
3.10014800e-01 6.43978400e-01 1.97711117e-09 9.40103200e-01 5.30999677e-02 1.62000000e-02
3.05255200e-01 6.68688800e-01 2.05805862e-09 9.67252000e-01 5.05340469e-02 -1.57500000e-02
3.25315600e-01 6.78689600e-01 2.14382997e-09 9.62531200e-01 4.80366420e-02 1.57000000e-02
3.39214800e-01 7.04372000e-01 1.99534788e-09 9.50502400e-01 4.60359774e-02 -2.50000000e-03
2.91356000e-01 6.43006400e-01 2.20654071e-09 9.79280800e-01 5.25347114e-02 2.45000000e-03
3.40266000e-01 6.77501600e-01 2.18595088e-09 9.71132800e-01 4.61798608e-02 5.19000000e-02
2.90304800e-01 6.69876800e-01 2.01593771e-09 9.58650400e-01 5.23908280e-02 -5.19500000e-02
3.42631200e-01 6.51948800e-01 2.26407458e-09 9.41884000e-01 5.02291511e-02 7.28000000e-02
2.87939600e-01 6.95429600e-01 1.93781401e-09 9.87899200e-01 4.83415378e-02 -7.28500000e-02
3.01634400e-01 6.57564800e-01 2.24113162e-09 9.51023200e-01 4.83792215e-02 6.31000000e-02
3.28936400e-01 6.89813600e-01 1.96075696e-09 9.78760000e-01 5.01914673e-02 -6.31500000e-02
3.43273600e-01 6.79337600e-01 2.01017255e-09 9.85765600e-01 5.34528246e-02 -4.34500000e-02
2.87297200e-01 6.68040800e-01 2.19171603e-09 9.44017600e-01 4.51178642e-02 4.34000000e-02
2.79676000e-01 6.52510400e-01 1.93204885e-09 9.56668000e-01 4.67245623e-02 4.54500000e-02
3.50894800e-01 6.94868000e-01 2.26983973e-09 9.73115200e-01 5.18461266e-02 -4.55000000e-02
3.31389200e-01 6.50004800e-01 2.14335934e-09 9.69486400e-01 4.75570306e-02 -4.83000000e-02
2.99181600e-01 6.97373600e-01 2.05852924e-09 9.60296800e-01 5.10136582e-02 4.82500000e-02
2.82712800e-01 7.00224800e-01 2.24924990e-09 9.71788000e-01 4.62929121e-02 1.02000000e-02
3.47858000e-01 6.47153600e-01 1.95263868e-09 9.57995200e-01 5.22777768e-02 -1.02500000e-02
3.21432000e-01 6.81951200e-01 2.06970658e-09 9.59456800e-01 4.71493609e-02 -5.67500000e-02
3.09138800e-01 6.65427200e-01 2.13218201e-09 9.70326400e-01 5.14213279e-02 5.67000000e-02
3.05780800e-01 6.98734400e-01 2.04111613e-09 9.86538400e-01 4.99208295e-02 -4.67000000e-02
3.24790000e-01 6.48644000e-01 2.16077246e-09 9.43244800e-01 4.86498594e-02 4.66500000e-02
3.20351600e-01 6.60286400e-01 2.23195444e-09 9.54954400e-01 4.46999172e-02 6.50000000e-02
3.10219200e-01 6.87092000e-01 1.96993414e-09 9.74828800e-01 5.38707717e-02 -6.50500000e-02
3.55654400e-01 6.84348800e-01 1.93475495e-09 9.53240800e-01 5.19557520e-02 3.35000000e-02
2.74916400e-01 6.63029600e-01 2.26713364e-09 9.76542400e-01 4.66149368e-02 -3.35500000e-02
3.08905200e-01 6.76572800e-01 2.23171913e-09 9.63119200e-01 5.27368334e-02 2.76000000e-02
3.21665600e-01 6.70805600e-01 1.97016945e-09 9.66664000e-01 4.58338555e-02 -2.76500000e-02
3.12847200e-01 6.94047200e-01 2.13512341e-09 9.79348000e-01 4.84580148e-02 3.46000000e-02
3.17723600e-01 6.53331200e-01 2.06676517e-09 9.50435200e-01 5.01126740e-02 -3.46500000e-02
2.86246000e-01 6.92794400e-01 2.23571944e-09 9.58230400e-01 4.61524544e-02 -4.42500000e-02
3.44324800e-01 6.54584000e-01 1.96616914e-09 9.71552800e-01 5.24182344e-02 4.42000000e-02
3.59070800e-01 6.92081600e-01 2.08829625e-09 9.44152000e-01 4.85231049e-02 -4.50000000e-04
2.71500000e-01 6.55296800e-01 2.11359233e-09 9.85631200e-01 5.00475839e-02 4.00000000e-04
3.05868400e-01 6.72879200e-01 2.05064628e-09 9.80776000e-01 5.07601494e-02 -4.42000000e-02
3.24702400e-01 6.74499200e-01 2.15124231e-09 9.49007200e-01 4.78105395e-02 4.41500000e-02
3.31330800e-01 6.87891200e-01 2.16324324e-09 9.56432800e-01 5.25073051e-02 3.43500000e-02
2.99240000e-01 6.59487200e-01 2.03864535e-09 9.73350400e-01 4.60633838e-02 -3.44000000e-02
3.13168400e-01 6.71496800e-01 2.01005490e-09 9.59272000e-01 5.43914926e-02 -5.49500000e-02
3.17402400e-01 6.75881600e-01 2.19183369e-09 9.70511200e-01 4.41791962e-02 5.49000000e-02
3.19125200e-01 7.05171200e-01 2.25807411e-09 9.73686400e-01 4.72041737e-02 -6.73000000e-02
3.11445600e-01 6.42207200e-01 1.94381447e-09 9.56096800e-01 5.13665152e-02 6.72500000e-02
3.08642400e-01 6.63915200e-01 2.02464426e-09 9.67705600e-01 4.48061168e-02 1.93500000e-02
3.21928400e-01 6.83463200e-01 2.17724432e-09 9.62077600e-01 5.37645720e-02 -1.94000000e-02
3.14073600e-01 6.87048800e-01 1.94122603e-09 9.67672000e-01 4.88142975e-02 5.63500000e-02
3.16497200e-01 6.60329600e-01 2.26066255e-09 9.62111200e-01 4.97563913e-02 -5.64000000e-02
3.45989200e-01 6.61992800e-01 2.02252645e-09 9.75265600e-01 4.96844496e-02 -4.18000000e-02
2.84581600e-01 6.85385600e-01 2.17936213e-09 9.54517600e-01 4.88862392e-02 4.17500000e-02
2.83180000e-01 6.63548000e-01 2.08911985e-09 9.84085600e-01 5.14898438e-02 5.51000000e-02
3.47390800e-01 6.83830400e-01 2.11276874e-09 9.45697600e-01 4.70808450e-02 -5.51500000e-02
3.55420800e-01 7.05452000e-01 2.25383849e-09 9.48083200e-01 5.37542946e-02 -2.30000000e-03
2.75150000e-01 6.41926400e-01 1.94805009e-09 9.81700000e-01 4.48163942e-02 2.25000000e-03
2.86684000e-01 6.92924000e-01 2.00746646e-09 9.84337600e-01 4.92288188e-02 6.82000000e-02
3.43886800e-01 6.54454400e-01 2.19442212e-09 9.45445600e-01 4.93418700e-02 -6.82500000e-02
3.02685600e-01 6.75039200e-01 2.22524804e-09 9.52048000e-01 4.59023714e-02 2.30000000e-03
3.27885200e-01 6.72339200e-01 1.97664054e-09 9.77735200e-01 5.26683175e-02 -2.35000000e-03
3.11066000e-01 6.61582400e-01 2.10782718e-09 9.60750400e-01 4.75090695e-02 -7.24000000e-02
3.19504800e-01 6.85796000e-01 2.09406141e-09 9.69032800e-01 5.10616194e-02 7.23500000e-02
2.74215600e-01 7.01823200e-01 1.94369681e-09 9.52216000e-01 4.91671545e-02 4.37500000e-02
3.56355200e-01 6.45555200e-01 2.25819177e-09 9.77567200e-01 4.94035344e-02 -4.38000000e-02
3.54866000e-01 6.72252800e-01 2.12712279e-09 9.52972000e-01 4.87286527e-02 6.30000000e-02
2.75704800e-01 6.75125600e-01 2.07476579e-09 9.76811200e-01 4.98420362e-02 -6.30500000e-02
3.21870000e-01 6.71194400e-01 2.22960132e-09 9.42908800e-01 4.93281669e-02 -7.09000000e-02
3.08700800e-01 6.76184000e-01 1.97228727e-09 9.86874400e-01 4.92425220e-02 7.08500000e-02
3.31535200e-01 6.45490400e-01 2.18818635e-09 9.64933600e-01 4.57756169e-02 -2.95000000e-02
2.99035600e-01 7.01888000e-01 2.01370224e-09 9.64849600e-01 5.27950719e-02 2.94500000e-02
3.24001600e-01 6.83441600e-01 2.09323781e-09 9.82943200e-01 4.46176981e-02 -6.89000000e-02
3.06569200e-01 6.63936800e-01 2.10865077e-09 9.46840000e-01 5.39529908e-02 6.88500000e-02
3.47244800e-01 6.90656000e-01 1.96758102e-09 9.51208000e-01 5.25963758e-02 -2.84000000e-02
2.83326000e-01 6.56722400e-01 2.23430757e-09 9.78575200e-01 4.59743131e-02 2.83500000e-02
2.73018400e-01 6.72447200e-01 2.23924913e-09 9.44084800e-01 4.69643680e-02 5.93000000e-02
3.57552400e-01 6.74931200e-01 1.96263946e-09 9.85698400e-01 5.16063209e-02 -5.93500000e-02
2.89487200e-01 6.89835200e-01 2.04888143e-09 9.65034400e-01 5.31890384e-02 1.12000000e-02
3.41083600e-01 6.57543200e-01 2.15300715e-09 9.64748800e-01 4.53816505e-02 -1.12500000e-02
2.93662800e-01 6.84694400e-01 1.96134524e-09 9.54971200e-01 5.17776106e-02 5.76500000e-02
3.36908000e-01 6.62684000e-01 2.24054334e-09 9.74812000e-01 4.67930782e-02 -5.77000000e-02
3.13577200e-01 6.87783200e-01 2.10947436e-09 9.46436800e-01 5.29869164e-02 -6.20500000e-02
3.16993600e-01 6.59595200e-01 2.09241422e-09 9.83346400e-01 4.55837724e-02 6.20000000e-02
3.44938000e-01 6.87956000e-01 2.01158443e-09 9.66496000e-01 5.20790806e-02 -5.35500000e-02
2.85632800e-01 6.59422400e-01 2.19030416e-09 9.63287200e-01 4.64916082e-02 5.35000000e-02
3.50310800e-01 6.73376000e-01 2.14171216e-09 9.62968000e-01 4.53713731e-02 2.55000000e-03
2.80260000e-01 6.74002400e-01 2.06017643e-09 9.66815200e-01 5.31993158e-02 -2.60000000e-03
3.50661200e-01 6.86400800e-01 2.16312558e-09 9.74627200e-01 4.96878754e-02 -5.45500000e-02
2.79909600e-01 6.60977600e-01 2.03876300e-09 9.55156000e-01 4.88828134e-02 5.45000000e-02
3.12058800e-01 6.62770400e-01 1.94616759e-09 9.63186400e-01 4.96022305e-02 -5.11000000e-02
3.18512000e-01 6.84608000e-01 2.25572099e-09 9.66596800e-01 4.89684583e-02 5.10500000e-02
2.89312000e-01 6.87156800e-01 1.94934431e-09 9.64244800e-01 4.89958647e-02 5.70000000e-03
3.41258800e-01 6.60221600e-01 2.25254427e-09 9.65538400e-01 4.95748241e-02 -5.75000000e-03
3.26396000e-01 6.99274400e-01 2.04735190e-09 9.45630400e-01 5.08286653e-02 5.87500000e-02
3.04174800e-01 6.48104000e-01 2.15453668e-09 9.84152800e-01 4.77420236e-02 -5.88000000e-02
3.26512800e-01 6.70265600e-01 2.12947591e-09 9.58919200e-01 4.80434936e-02 -3.82000000e-02
3.04058000e-01 6.77112800e-01 2.07241267e-09 9.70864000e-01 5.05271953e-02 3.81500000e-02
3.12000400e-01 6.86055200e-01 2.04594003e-09 9.59020000e-01 4.73891666e-02 9.65000000e-03
3.18570400e-01 6.61323200e-01 2.15594855e-09 9.70763200e-01 5.11815222e-02 -9.70000000e-03
3.33842000e-01 6.55361600e-01 2.19606931e-09 9.45680800e-01 5.39906745e-02 5.47500000e-02
2.96728800e-01 6.92016800e-01 2.00581927e-09 9.84102400e-01 4.45800143e-02 -5.48000000e-02
3.04291600e-01 6.87912800e-01 1.95240337e-09 9.56634400e-01 5.11095805e-02 -2.77000000e-02
3.26279200e-01 6.59465600e-01 2.24948521e-09 9.73148800e-01 4.74611083e-02 2.76500000e-02
2.99123200e-01 6.92427200e-01 1.92757792e-09 9.85664800e-01 4.53336893e-02 5.50000000e-03
3.31447600e-01 6.54951200e-01 2.27431067e-09 9.44118400e-01 5.32369995e-02 -5.55000000e-03
3.58165600e-01 6.96660800e-01 2.27689910e-09 9.77836000e-01 5.11849480e-02 -2.21500000e-02
2.72405200e-01 6.50717600e-01 1.92498948e-09 9.51947200e-01 4.73857408e-02 2.21000000e-02
3.56034000e-01 6.79510400e-01 2.14159450e-09 9.44740000e-01 4.96913012e-02 1.42500000e-02
2.74536800e-01 6.67868000e-01 2.06029408e-09 9.85043200e-01 4.88793877e-02 -1.43000000e-02
2.92582400e-01 7.05732800e-01 2.23324866e-09 9.63018400e-01 5.03730345e-02 3.20500000e-02
3.37988400e-01 6.41645600e-01 1.96863992e-09 9.66764800e-01 4.81976544e-02 -3.21000000e-02
3.40236800e-01 6.96941600e-01 2.06100002e-09 9.82187200e-01 4.96399143e-02 -1.83000000e-02
2.90334000e-01 6.50436800e-01 2.14088856e-09 9.47596000e-01 4.89307746e-02 1.82500000e-02
3.05488800e-01 6.42336800e-01 1.97216961e-09 9.72594400e-01 5.27471108e-02 -3.68000000e-02
3.25082000e-01 7.05041600e-01 2.22971898e-09 9.57188800e-01 4.58235781e-02 3.67500000e-02
3.02452000e-01 6.83355200e-01 2.21007039e-09 9.61405600e-01 5.41893707e-02 -6.80500000e-02
3.28118800e-01 6.64023200e-01 1.99181819e-09 9.68377600e-01 4.43813182e-02 6.80000000e-02
2.85311600e-01 6.83031200e-01 2.02887989e-09 9.44101600e-01 4.74062956e-02 -5.85000000e-02
3.45259200e-01 6.64347200e-01 2.17300870e-09 9.85681600e-01 5.11643932e-02 5.84500000e-02
3.16292800e-01 6.83938400e-01 2.20277571e-09 9.52669600e-01 4.83586667e-02 -6.45500000e-02
3.14278000e-01 6.63440000e-01 1.99911287e-09 9.77113600e-01 5.02120221e-02 6.45000000e-02
3.06043600e-01 6.62727200e-01 2.16230199e-09 9.47512000e-01 4.91808577e-02 -2.07500000e-02
3.24527200e-01 6.84651200e-01 2.03958660e-09 9.82271200e-01 4.93898312e-02 2.07000000e-02
2.98948000e-01 6.77048000e-01 2.15383074e-09 9.42253600e-01 5.37097593e-02 9.40000000e-03
3.31622800e-01 6.70330400e-01 2.04805784e-09 9.87529600e-01 4.48609295e-02 -9.45000000e-03
2.95823600e-01 6.91779200e-01 2.13277029e-09 9.45160000e-01 5.41619643e-02 -2.87500000e-02
3.34747200e-01 6.55599200e-01 2.06911830e-09 9.84623200e-01 4.44087245e-02 2.87000000e-02
3.42689600e-01 6.96185600e-01 2.21171758e-09 9.45529600e-01 5.00064744e-02 3.11000000e-02
2.87881200e-01 6.51192800e-01 1.99017100e-09 9.84253600e-01 4.85642145e-02 -3.11500000e-02
2.74887200e-01 6.88452800e-01 2.25266193e-09 9.58852000e-01 4.81291384e-02 6.61000000e-02
3.55683600e-01 6.58925600e-01 1.94922665e-09 9.70931200e-01 5.04415504e-02 -6.61500000e-02
3.53172400e-01 6.56657600e-01 2.12135764e-09 9.55727200e-01 4.69814970e-02 -3.92500000e-02
2.77398400e-01 6.90720800e-01 2.08053095e-09 9.74056000e-01 5.15891919e-02 3.92000000e-02
3.06014400e-01 6.76119200e-01 2.20971743e-09 9.85648000e-01 4.71973221e-02 8.55000000e-03
3.24556400e-01 6.71259200e-01 1.99217116e-09 9.44135200e-01 5.13733668e-02 -8.60000000e-03
3.15592000e-01 6.50631200e-01 1.93157823e-09 9.53744800e-01 4.74439793e-02 3.44500000e-02
3.14978800e-01 6.96747200e-01 2.27031036e-09 9.76038400e-01 5.11267095e-02 -3.45000000e-02
3.19650800e-01 6.41883200e-01 2.16689058e-09 9.54719200e-01 4.93932570e-02 3.60500000e-02
3.10920000e-01 7.05495200e-01 2.03499801e-09 9.75064000e-01 4.91774319e-02 -3.61000000e-02
2.76318000e-01 6.71972000e-01 2.24677912e-09 9.49746400e-01 5.42236286e-02 -5.71500000e-02
3.54252800e-01 6.75406400e-01 1.95510946e-09 9.80036800e-01 4.43470602e-02 5.71000000e-02
3.37054000e-01 6.73764800e-01 1.98522944e-09 9.42740800e-01 4.66526206e-02 6.58000000e-02
2.93516800e-01 6.73613600e-01 2.21665914e-09 9.87042400e-01 5.19180683e-02 -6.58500000e-02
2.83939200e-01 6.98259200e-01 2.11559249e-09 9.42220000e-01 5.27813687e-02 3.10000000e-03
3.46631600e-01 6.49119200e-01 2.08629610e-09 9.87563200e-01 4.57893201e-02 -3.15000000e-03
2.91239200e-01 6.55664000e-01 1.99828928e-09 9.66630400e-01 4.71459351e-02 1.10000000e-02
3.39331600e-01 6.91714400e-01 2.20359930e-09 9.63152800e-01 5.14247537e-02 -1.10500000e-02
3.35068400e-01 6.85083200e-01 2.17230276e-09 9.62027200e-01 4.61010675e-02 4.60500000e-02
2.95502400e-01 6.62295200e-01 2.02958582e-09 9.67756000e-01 5.24696213e-02 -4.61000000e-02
3.41988800e-01 6.66291200e-01 2.24724975e-09 9.40422400e-01 5.06573755e-02 -7.15500000e-02
2.88582000e-01 6.81087200e-01 1.95463884e-09 9.89360800e-01 4.79133133e-02 7.15000000e-02
3.20264000e-01 6.50112800e-01 2.07617767e-09 9.83749600e-01 5.03353507e-02 2.88500000e-02
3.10306800e-01 6.97265600e-01 2.12571092e-09 9.46033600e-01 4.82353381e-02 -2.89000000e-02
2.90596800e-01 6.91066400e-01 2.11912217e-09 9.62413600e-01 5.20174163e-02 5.05000000e-02
3.39974000e-01 6.56312000e-01 2.08276641e-09 9.67369600e-01 4.65532725e-02 -5.05500000e-02
3.40996000e-01 6.86487200e-01 2.00370146e-09 9.84287200e-01 4.46005691e-02 7.33000000e-02
2.89574800e-01 6.60891200e-01 2.19818712e-09 9.45496000e-01 5.39701198e-02 -7.33500000e-02
2.97721600e-01 6.56139200e-01 2.09359078e-09 9.52585600e-01 5.42544608e-02 -7.44000000e-02
3.32849200e-01 6.91239200e-01 2.10829780e-09 9.77197600e-01 4.43162281e-02 7.43500000e-02
2.78800000e-01 6.67652000e-01 2.26736895e-09 9.52636000e-01 4.84717180e-02 -7.44500000e-02
3.51770800e-01 6.79726400e-01 1.93451963e-09 9.77147200e-01 5.00989708e-02 7.44000000e-02
3.43302800e-01 6.43697600e-01 2.07253033e-09 9.47159200e-01 4.98660168e-02 3.60000000e-03
2.87268000e-01 7.03680800e-01 2.12935826e-09 9.82624000e-01 4.87046721e-02 -3.65000000e-03
2.77836400e-01 6.65924000e-01 1.93275479e-09 9.87193600e-01 4.88005944e-02 -3.01500000e-02
3.52734400e-01 6.81454400e-01 2.26913379e-09 9.42589600e-01 4.97700945e-02 3.01000000e-02
2.96203200e-01 6.79294400e-01 2.23701366e-09 9.61456000e-01 4.50767547e-02 5.63000000e-02
3.34367600e-01 6.68084000e-01 1.96487493e-09 9.68327200e-01 5.34939342e-02 -5.63500000e-02
2.97137600e-01 6.60783200e-01 2.11453358e-09 9.66025600e-01 4.54022052e-02 -6.25500000e-02
3.33433200e-01 6.86595200e-01 2.08735500e-09 9.63757600e-01 5.31684836e-02 6.25000000e-02
3.06802800e-01 6.78236000e-01 2.26430989e-09 9.61976800e-01 4.86943947e-02 5.00000000e-04
3.23768000e-01 6.69142400e-01 1.93757869e-09 9.67806400e-01 4.98762941e-02 -5.50000000e-04
3.28848800e-01 7.03832000e-01 2.17159683e-09 9.66832000e-01 5.20242679e-02 -7.10000000e-02
3.01722000e-01 6.43546400e-01 2.03029176e-09 9.62951200e-01 4.65464209e-02 7.09500000e-02
3.08788400e-01 7.03032800e-01 2.27301645e-09 9.64664800e-01 4.68513167e-02 2.50000000e-02
3.21782400e-01 6.44345600e-01 1.92887214e-09 9.65118400e-01 5.17193721e-02 -2.50500000e-02
2.74040400e-01 6.57780800e-01 2.26478052e-09 9.45244000e-01 4.79441455e-02 -1.16500000e-02
3.56530400e-01 6.89597600e-01 1.93710807e-09 9.84539200e-01 5.06265434e-02 1.16000000e-02
2.91794000e-01 6.46397600e-01 1.98052320e-09 9.85194400e-01 5.43709378e-02 8.40000000e-03
3.38776800e-01 7.00980800e-01 2.22136539e-09 9.44588800e-01 4.41997510e-02 -8.45000000e-03
2.95882000e-01 6.52812800e-01 2.16806714e-09 9.66714400e-01 4.61181965e-02 -2.28500000e-02
3.34688800e-01 6.94565600e-01 2.03382144e-09 9.63068800e-01 5.24524924e-02 2.28000000e-02
3.22833600e-01 6.45468800e-01 2.16124308e-09 9.44639200e-01 4.52446186e-02 -1.50000000e-03
3.07737200e-01 7.01909600e-01 2.04064550e-09 9.85144000e-01 5.33260702e-02 1.45000000e-03
3.25461600e-01 7.01283200e-01 1.95934509e-09 9.89008000e-01 4.75193468e-02 1.37500000e-02
3.05109200e-01 6.46095200e-01 2.24254350e-09 9.40775200e-01 5.10513420e-02 -1.38000000e-02
3.02977600e-01 6.57478400e-01 2.20877618e-09 9.43631200e-01 4.74919405e-02 -3.60500000e-02
3.27593200e-01 6.89900000e-01 1.99311241e-09 9.86152000e-01 5.10787484e-02 3.60000000e-02
2.85048800e-01 6.59854400e-01 2.22560101e-09 9.45008800e-01 4.87560590e-02 7.26500000e-02
3.45522000e-01 6.87524000e-01 1.97628758e-09 9.84774400e-01 4.98146298e-02 -7.27000000e-02
2.88348400e-01 6.79985600e-01 2.05158753e-09 9.57793600e-01 4.98009266e-02 -3.49000000e-02
3.42222400e-01 6.67392800e-01 2.15030106e-09 9.71989600e-01 4.87697622e-02 3.48500000e-02
2.90567600e-01 6.89727200e-01 1.93110760e-09 9.54282400e-01 4.72350058e-02 -5.57000000e-02
3.40003200e-01 6.57651200e-01 2.27078098e-09 9.75500800e-01 5.13356830e-02 5.56500000e-02
3.51624800e-01 6.44000000e-01 2.18524494e-09 9.54988000e-01 5.22024093e-02 4.73500000e-02
2.78946000e-01 7.03378400e-01 2.01664364e-09 9.74795200e-01 4.63682796e-02 -4.74000000e-02
2.89282800e-01 6.53784800e-01 2.06347080e-09 9.67302400e-01 5.03216476e-02 2.54500000e-02
3.41288000e-01 6.93593600e-01 2.13841778e-09 9.62480800e-01 4.82490413e-02 -2.55000000e-02
2.93195600e-01 6.47672000e-01 2.19430447e-09 9.63337600e-01 4.78996101e-02 -3.22500000e-02
3.37375200e-01 6.99706400e-01 2.00758412e-09 9.66445600e-01 5.06710787e-02 3.22000000e-02
3.02481200e-01 6.74844800e-01 2.13535872e-09 9.86236000e-01 4.57550622e-02 4.35000000e-03
3.28089600e-01 6.72533600e-01 2.06652986e-09 9.43547200e-01 5.28156267e-02 -4.40000000e-03
3.47595200e-01 6.53460800e-01 1.94393213e-09 9.68209600e-01 4.47273235e-02 7.75000000e-03
2.82975600e-01 6.93917600e-01 2.25795646e-09 9.61573600e-01 5.38433653e-02 -7.80000000e-03
3.07503600e-01 6.68516000e-01 2.01346693e-09 9.76391200e-01 4.97118560e-02 3.27000000e-02
3.23067200e-01 6.78862400e-01 2.18842166e-09 9.53392000e-01 4.88588329e-02 -3.27500000e-02
2.80873200e-01 7.02428000e-01 1.95605071e-09 9.77600800e-01 5.21750029e-02 6.68000000e-02
3.49697600e-01 6.44950400e-01 2.24583787e-09 9.52182400e-01 4.63956859e-02 -6.68500000e-02
3.34309200e-01 6.43935200e-01 2.22877773e-09 9.76559200e-01 5.28053493e-02 -2.60000000e-02
2.96261600e-01 7.03443200e-01 1.97311086e-09 9.53224000e-01 4.57653396e-02 2.59500000e-02
3.01459200e-01 6.58104800e-01 1.99193585e-09 9.80960800e-01 4.89033682e-02 -4.06000000e-02
3.29111600e-01 6.89273600e-01 2.20995274e-09 9.48822400e-01 4.96673206e-02 4.05500000e-02
2.91560400e-01 6.78884000e-01 2.22783648e-09 9.84707200e-01 4.82695961e-02 -2.52500000e-02
3.39010400e-01 6.68494400e-01 1.97405211e-09 9.45076000e-01 5.03010928e-02 2.52000000e-02
3.25958000e-01 6.49378400e-01 2.17959745e-09 9.60246400e-01 5.14281795e-02 5.54500000e-02
3.04612800e-01 6.98000000e-01 2.02229114e-09 9.69536800e-01 4.71425093e-02 -5.55000000e-02
3.36995600e-01 6.71907200e-01 2.03099770e-09 9.58314400e-01 5.20276937e-02 -1.54500000e-02
2.93575200e-01 6.75471200e-01 2.17089089e-09 9.71468800e-01 4.65429951e-02 1.54000000e-02
3.32966000e-01 7.00808000e-01 2.09076703e-09 9.60548800e-01 5.00407323e-02 2.56000000e-02
2.97604800e-01 6.46570400e-01 2.11112155e-09 9.69234400e-01 4.85299565e-02 -2.56500000e-02
3.20439200e-01 6.81152000e-01 2.19136306e-09 9.54013600e-01 4.72075995e-02 -2.61500000e-02
3.10131600e-01 6.66226400e-01 2.01052552e-09 9.75769600e-01 5.13630894e-02 2.61000000e-02
3.49785200e-01 6.70028000e-01 1.92946042e-09 9.69016000e-01 5.04107182e-02 -7.19500000e-02
2.80785600e-01 6.77350400e-01 2.27242817e-09 9.60767200e-01 4.81599706e-02 7.19000000e-02
2.87852000e-01 6.64476800e-01 1.98852382e-09 9.59742400e-01 5.38673459e-02 2.75500000e-02
3.42718800e-01 6.82901600e-01 2.21336477e-09 9.70040800e-01 4.47033430e-02 -2.76000000e-02
3.15270800e-01 6.74780000e-01 1.96711039e-09 9.65202400e-01 5.00201776e-02 -6.62500000e-02
3.15300000e-01 6.72598400e-01 2.23477819e-09 9.64580800e-01 4.85505113e-02 6.62000000e-02
3.53230800e-01 6.98388800e-01 2.08359001e-09 9.67319200e-01 4.94583471e-02 1.33000000e-02
2.77340000e-01 6.48989600e-01 2.11829858e-09 9.62464000e-01 4.91123417e-02 -1.33500000e-02
3.40382800e-01 6.50976800e-01 2.09606156e-09 9.84976000e-01 5.40900226e-02 3.95000000e-03
2.90188000e-01 6.96401600e-01 2.10582702e-09 9.44807200e-01 4.44806662e-02 -4.00000000e-03
2.99094000e-01 6.98237600e-01 2.11288639e-09 9.48116800e-01 4.71596383e-02 9.50000000e-03
3.31476800e-01 6.49140800e-01 2.08900219e-09 9.81666400e-01 5.14110505e-02 -9.55000000e-03
2.78128400e-01 6.54065600e-01 2.18971588e-09 9.60817600e-01 4.98454620e-02 8.10000000e-03
3.52442400e-01 6.93312800e-01 2.01217271e-09 9.68965600e-01 4.87252269e-02 -8.15000000e-03
3.36207200e-01 6.57521600e-01 1.96346305e-09 9.57743200e-01 5.34151409e-02 -6.71000000e-02
2.94363600e-01 6.89856800e-01 2.23842553e-09 9.72040000e-01 4.51555480e-02 6.70500000e-02
2.92991200e-01 6.79640000e-01 1.94993259e-09 9.56500000e-01 5.40694678e-02 1.24000000e-02
3.37579600e-01 6.67738400e-01 2.25195599e-09 9.73283200e-01 4.45012210e-02 -1.24500000e-02
3.28294000e-01 6.96380000e-01 2.13912372e-09 9.72712000e-01 5.04826599e-02 6.27500000e-02
3.02276800e-01 6.50998400e-01 2.06276486e-09 9.57071200e-01 4.80880289e-02 -6.28000000e-02
3.37667200e-01 6.69336800e-01 2.24160225e-09 9.54702400e-01 5.10856000e-02 1.06000000e-02
2.92903600e-01 6.78041600e-01 1.96028634e-09 9.75080800e-01 4.74850889e-02 -1.06500000e-02
3.51683200e-01 6.72576800e-01 2.18006807e-09 9.81733600e-01 4.83860731e-02 -5.31500000e-02
2.78887600e-01 6.74801600e-01 2.02182051e-09 9.48049600e-01 5.01846157e-02 5.31000000e-02
3.22600000e-01 6.59703200e-01 2.14053559e-09 9.73333600e-01 5.12774445e-02 5.92500000e-02
3.07970800e-01 6.87675200e-01 2.06135299e-09 9.56449600e-01 4.72932443e-02 -5.93000000e-02
3.20526800e-01 6.83096000e-01 2.22595398e-09 9.48940000e-01 5.05511759e-02 -1.32500000e-02
3.10044000e-01 6.64282400e-01 1.97593461e-09 9.80843200e-01 4.80195130e-02 1.32000000e-02
3.11270400e-01 6.54432800e-01 2.04229269e-09 9.63169600e-01 5.26648917e-02 -4.25000000e-03
3.19300400e-01 6.92945600e-01 2.15959590e-09 9.66613600e-01 4.59057972e-02 4.20000000e-03
3.57902800e-01 6.86292800e-01 1.94016713e-09 9.79616800e-01 5.21887061e-02 1.99500000e-02
2.72668000e-01 6.61085600e-01 2.26172145e-09 9.50166400e-01 4.63819827e-02 -2.00000000e-02
3.01780400e-01 6.91088000e-01 2.05970580e-09 9.83077600e-01 5.27060012e-02 7.18000000e-02
3.28790400e-01 6.56290400e-01 2.14218278e-09 9.46705600e-01 4.58646876e-02 -7.18500000e-02
2.78770800e-01 6.99447200e-01 2.12324014e-09 9.41279200e-01 4.95851015e-02 7.70000000e-03
3.51800000e-01 6.47931200e-01 2.07864845e-09 9.88504000e-01 4.89855873e-02 -7.75000000e-03
2.76610000e-01 6.48838400e-01 2.20030493e-09 9.80641600e-01 5.29321037e-02 1.95500000e-02
3.53960800e-01 6.98540000e-01 2.00158365e-09 9.49141600e-01 4.56385851e-02 -1.96000000e-02
3.10949200e-01 6.98172800e-01 2.25336787e-09 9.85278400e-01 4.96433400e-02 -1.65000000e-02
3.19621600e-01 6.49205600e-01 1.94852072e-09 9.44504800e-01 4.89273488e-02 1.64500000e-02
2.95677600e-01 7.03011200e-01 2.23466053e-09 9.81044800e-01 4.68204846e-02 6.72000000e-02
3.34893200e-01 6.44367200e-01 1.96722805e-09 9.48738400e-01 5.17502043e-02 -6.72500000e-02
3.57786000e-01 6.54087200e-01 2.05311706e-09 9.84438400e-01 4.42751185e-02 4.71500000e-02
2.72784800e-01 6.93291200e-01 2.14877153e-09 9.45344800e-01 5.42955703e-02 -4.72000000e-02
3.04904800e-01 6.95775200e-01 2.08723735e-09 9.63858400e-01 5.02805380e-02 2.72500000e-02
3.25666000e-01 6.51603200e-01 2.11465124e-09 9.65924800e-01 4.82901508e-02 -2.73000000e-02
2.81866000e-01 7.03810400e-01 2.16865542e-09 9.55475200e-01 5.03250734e-02 6.51500000e-02
3.48704800e-01 6.43568000e-01 2.03323316e-09 9.74308000e-01 4.82456155e-02 -6.52000000e-02
2.95210400e-01 6.75514400e-01 2.18348010e-09 9.73182400e-01 4.99687906e-02 -1.59500000e-02
3.35360400e-01 6.71864000e-01 2.01840849e-09 9.56600800e-01 4.86018982e-02 1.59000000e-02
3.55391600e-01 6.72663200e-01 2.02687973e-09 9.87361600e-01 4.61593060e-02 1.00000000e-03
2.75179200e-01 6.74715200e-01 2.17500885e-09 9.42421600e-01 5.24113828e-02 -1.05000000e-03
2.86742400e-01 6.69423200e-01 2.23913147e-09 9.78995200e-01 4.90575290e-02 3.18500000e-02
3.43828400e-01 6.77955200e-01 1.96275711e-09 9.50788000e-01 4.95131598e-02 -3.19000000e-02
2.98714400e-01 6.63245600e-01 1.94157900e-09 9.67100800e-01 5.44120474e-02 -4.31500000e-02
3.31856400e-01 6.84132800e-01 2.26030958e-09 9.62682400e-01 4.41586415e-02 4.31000000e-02
3.53610400e-01 6.69833600e-01 2.26760426e-09 9.73736800e-01 4.49979614e-02 -6.54000000e-02
2.76960400e-01 6.77544800e-01 1.93428432e-09 9.56046400e-01 5.35727275e-02 6.53500000e-02
3.24118400e-01 6.67414400e-01 2.00264256e-09 9.47612800e-01 5.32781091e-02 2.92500000e-02
3.06452400e-01 6.79964000e-01 2.19924603e-09 9.82170400e-01 4.52925798e-02 -2.93000000e-02
3.01254800e-01 6.85277600e-01 2.20642305e-09 9.75097600e-01 4.83381120e-02 1.73000000e-02
3.29316000e-01 6.62100800e-01 1.99546553e-09 9.54685600e-01 5.02325769e-02 -1.73500000e-02
3.01663600e-01 6.45749600e-01 2.11665139e-09 9.87378400e-01 4.47855620e-02 -5.90500000e-02
3.28907200e-01 7.01628800e-01 2.08523719e-09 9.42404800e-01 5.37851268e-02 5.90000000e-02
2.94451200e-01 6.70827200e-01 2.25536802e-09 9.54047200e-01 5.03284991e-02 3.65500000e-02
3.36119600e-01 6.76551200e-01 1.94652056e-09 9.75736000e-01 4.82421897e-02 -3.66000000e-02
3.09372400e-01 6.45015200e-01 2.17889151e-09 9.63539200e-01 5.33637540e-02 6.85000000e-03
3.21198400e-01 7.02363200e-01 2.02299708e-09 9.66244000e-01 4.52069349e-02 -6.90000000e-03
3.18190800e-01 7.01736800e-01 2.11300405e-09 9.64446400e-01 4.61318997e-02 5.25000000e-03
3.12380000e-01 6.45641600e-01 2.08888453e-09 9.65336800e-01 5.24387892e-02 -5.30000000e-03
3.19884400e-01 7.04868800e-01 2.22218898e-09 9.82288000e-01 4.49294455e-02 -1.76000000e-02
3.10686400e-01 6.42509600e-01 1.97969960e-09 9.47495200e-01 5.36412434e-02 1.75500000e-02
2.74712000e-01 6.65060000e-01 2.25407380e-09 9.76492000e-01 4.99756422e-02 3.50000000e-03
3.55858800e-01 6.82318400e-01 1.94781478e-09 9.53291200e-01 4.85950466e-02 -3.55000000e-03
3.25987200e-01 6.84456800e-01 2.00123068e-09 9.60464800e-01 5.42339060e-02 6.09500000e-02
3.04583600e-01 6.62921600e-01 2.20065790e-09 9.69318400e-01 4.43367828e-02 -6.10000000e-02
3.22862800e-01 6.77436800e-01 2.08876688e-09 9.83800000e-01 5.32232963e-02 1.09000000e-02
3.07708000e-01 6.69941600e-01 2.11312171e-09 9.45983200e-01 4.53473925e-02 -1.09500000e-02
2.94130000e-01 6.83333600e-01 2.22913069e-09 9.63572800e-01 4.62689315e-02 4.58000000e-02
3.36440800e-01 6.64044800e-01 1.97275789e-09 9.66210400e-01 5.23017574e-02 -4.58500000e-02
3.19271200e-01 6.70136000e-01 2.22018883e-09 9.41800000e-01 4.85436597e-02 -7.35500000e-02
3.11299600e-01 6.77242400e-01 1.98169976e-09 9.87983200e-01 5.00270291e-02 7.35000000e-02
3.40499600e-01 6.92362400e-01 1.92698964e-09 9.77449600e-01 4.83826473e-02 -2.66500000e-02
2.90071200e-01 6.55016000e-01 2.27489895e-09 9.52333600e-01 5.01880415e-02 2.66000000e-02
3.08350400e-01 6.95710400e-01 2.12959357e-09 9.50418400e-01 5.32883865e-02 3.29000000e-02
3.22220400e-01 6.51668000e-01 2.07229501e-09 9.79364800e-01 4.52823024e-02 -3.29500000e-02
3.04087200e-01 6.48557600e-01 2.24242584e-09 9.39985600e-01 4.45697369e-02 3.62000000e-02
3.26483600e-01 6.98820800e-01 1.95946274e-09 9.89797600e-01 5.40009519e-02 -3.62500000e-02
2.95765200e-01 7.05927200e-01 2.19065713e-09 9.41010400e-01 4.76666561e-02 -1.90500000e-02
3.34805600e-01 6.41451200e-01 2.01123146e-09 9.88772800e-01 5.09040328e-02 1.90000000e-02
3.11358000e-01 6.58817600e-01 2.08135454e-09 9.43580800e-01 5.38810491e-02 -9.20000000e-03
3.19212800e-01 6.88560800e-01 2.12053405e-09 9.86202400e-01 4.46896398e-02 9.15000000e-03
2.77077200e-01 6.74067200e-01 1.97322851e-09 9.57709600e-01 5.21373192e-02 -2.21000000e-02
3.53493600e-01 6.73311200e-01 2.22866007e-09 9.72073600e-01 4.64333697e-02 2.20500000e-02
2.94918400e-01 6.55426400e-01 2.06688283e-09 9.56903200e-01 4.94926050e-02 -1.16000000e-02
3.35652400e-01 6.91952000e-01 2.13500575e-09 9.72880000e-01 4.90780838e-02 1.15500000e-02
2.77573600e-01 6.67284800e-01 2.11159218e-09 9.69856000e-01 4.63100410e-02 -6.84000000e-02
3.52997200e-01 6.80093600e-01 2.09029641e-09 9.59927200e-01 5.22606478e-02 6.83500000e-02
2.77048000e-01 6.76421600e-01 1.94910900e-09 9.81750400e-01 4.97015786e-02 -2.57000000e-02
3.53522800e-01 6.70956800e-01 2.25277959e-09 9.48032800e-01 4.88691103e-02 2.56500000e-02
3.50632000e-01 6.51279200e-01 1.93310776e-09 9.84304000e-01 5.31787610e-02 2.74500000e-02
2.79938800e-01 6.96099200e-01 2.26878083e-09 9.45479200e-01 4.53919278e-02 -2.75000000e-02
3.28498400e-01 6.81584000e-01 2.17924448e-09 9.50603200e-01 5.43743636e-02 -4.77500000e-02
3.02072400e-01 6.65794400e-01 2.02264411e-09 9.79180000e-01 4.41963252e-02 4.77000000e-02
3.34426000e-01 6.65492000e-01 2.27595785e-09 9.82036000e-01 5.12603155e-02 -4.70000000e-03
2.96144800e-01 6.81886400e-01 1.92593073e-09 9.47747200e-01 4.73103733e-02 4.65000000e-03
3.34718000e-01 6.83420000e-01 2.20630540e-09 9.47881600e-01 5.31719094e-02 2.10000000e-03
2.95852800e-01 6.63958400e-01 1.99558319e-09 9.81901600e-01 4.53987794e-02 -2.15000000e-03
3.09109600e-01 6.42833600e-01 2.10641530e-09 9.63875200e-01 5.31136709e-02 -1.52000000e-02
3.21461200e-01 7.04544800e-01 2.09547328e-09 9.65908000e-01 4.54570180e-02 1.51500000e-02
3.47507600e-01 6.85709600e-01 2.01640833e-09 9.46604800e-01 4.51315674e-02 -1.85500000e-02
2.83063200e-01 6.61668800e-01 2.18548025e-09 9.83178400e-01 5.34391215e-02 1.85000000e-02
2.81895200e-01 6.51495200e-01 2.10523874e-09 9.74492800e-01 5.40283583e-02 -3.87500000e-02
3.48675600e-01 6.95883200e-01 2.09664984e-09 9.55290400e-01 4.45423306e-02 3.87000000e-02
3.14716000e-01 7.05279200e-01 2.04676362e-09 9.78726400e-01 4.56728431e-02 5.17000000e-02
3.15854800e-01 6.42099200e-01 2.15512496e-09 9.51056800e-01 5.28978458e-02 -5.17500000e-02
3.51186800e-01 6.51905600e-01 2.21983586e-09 9.50838400e-01 5.36823529e-02 2.81000000e-02
2.79384000e-01 6.95472800e-01 1.98205273e-09 9.78944800e-01 4.48883359e-02 -2.81500000e-02
3.06306400e-01 6.92470400e-01 1.99781866e-09 9.68713600e-01 4.86806915e-02 -1.73000000e-02
3.24264400e-01 6.54908000e-01 2.20406993e-09 9.61069600e-01 4.98899973e-02 1.72500000e-02
3.00408000e-01 6.58320800e-01 2.06358846e-09 9.71317600e-01 5.36343918e-02 3.20000000e-02
3.30162800e-01 6.89057600e-01 2.13830013e-09 9.58465600e-01 4.49362970e-02 -3.20500000e-02
2.72376000e-01 6.50782400e-01 2.14441825e-09 9.81683200e-01 5.20551001e-02 1.67000000e-02
3.58194800e-01 6.96596000e-01 2.05747034e-09 9.48100000e-01 4.65155888e-02 -1.67500000e-02
3.48208400e-01 6.95148800e-01 1.96146290e-09 9.61523200e-01 4.52103607e-02 -1.97000000e-02
2.82362400e-01 6.52229600e-01 2.24042569e-09 9.68260000e-01 5.33603282e-02 1.96500000e-02
3.09547600e-01 6.67803200e-01 1.96158055e-09 9.60145600e-01 4.83689441e-02 -2.31000000e-02
3.21023200e-01 6.79575200e-01 2.24030803e-09 9.69637600e-01 5.02017447e-02 2.30500000e-02
3.37725600e-01 6.83571200e-01 1.96558086e-09 9.71519200e-01 4.53542441e-02 6.89500000e-02
2.92845200e-01 6.63807200e-01 2.23630772e-09 9.58264000e-01 5.32164447e-02 -6.90000000e-02
3.11737600e-01 6.69790400e-01 2.06241189e-09 9.58280800e-01 5.13185540e-02 5.29500000e-02
3.18833200e-01 6.77588000e-01 2.13947669e-09 9.71502400e-01 4.72521348e-02 -5.30000000e-02
3.11328800e-01 6.43589600e-01 1.99475959e-09 9.86168800e-01 4.60428290e-02 -3.35000000e-03
3.19242000e-01 7.03788800e-01 2.20712899e-09 9.43614400e-01 5.25278599e-02 3.30000000e-03
2.87238800e-01 6.41408000e-01 2.24760271e-09 9.85597600e-01 5.27128528e-02 -4.44500000e-02
3.43332000e-01 7.05970400e-01 1.95428587e-09 9.44185600e-01 4.58578360e-02 4.44000000e-02
3.17606800e-01 6.72792800e-01 2.09347313e-09 9.42959200e-01 5.25381372e-02 -3.50000000e-04
3.12964000e-01 6.74585600e-01 2.10841546e-09 9.86824000e-01 4.60325516e-02 3.00000000e-04
3.53084800e-01 6.56787200e-01 2.06394143e-09 9.80994400e-01 4.83929247e-02 -5.05000000e-03
2.77486000e-01 6.90591200e-01 2.13794716e-09 9.48788800e-01 5.01777641e-02 5.00000000e-03
3.27680800e-01 7.02816800e-01 1.97828773e-09 9.40388800e-01 4.90986386e-02 -1.93500000e-02
3.02890000e-01 6.44561600e-01 2.22360085e-09 9.89394400e-01 4.94720503e-02 1.93000000e-02
2.91005600e-01 6.77458400e-01 2.01770255e-09 9.61691200e-01 4.52514702e-02 8.20000000e-03
3.39565200e-01 6.69920000e-01 2.18418604e-09 9.68092000e-01 5.33192186e-02 -8.25000000e-03
2.82800400e-01 6.73030400e-01 1.97934664e-09 9.73300000e-01 5.21338934e-02 -3.41500000e-02
3.47770400e-01 6.74348000e-01 2.22254195e-09 9.56483200e-01 4.64367955e-02 3.41000000e-02
3.52822000e-01 6.45404000e-01 2.13182904e-09 9.52031200e-01 5.42681640e-02 -3.70000000e-02
2.77748800e-01 7.01974400e-01 2.07005955e-09 9.77752000e-01 4.43025249e-02 3.69500000e-02
2.73631600e-01 6.86876000e-01 1.95252103e-09 9.66580000e-01 4.54878501e-02 4.06000000e-02
3.56939200e-01 6.60502400e-01 2.24936756e-09 9.63203200e-01 5.30828387e-02 -4.06500000e-02
3.29286800e-01 7.04847200e-01 2.14935981e-09 9.43900000e-01 4.68102072e-02 -3.04000000e-02
3.01284000e-01 6.42531200e-01 2.05252878e-09 9.85883200e-01 5.17604817e-02 3.03500000e-02
3.41404800e-01 6.57867200e-01 2.11688670e-09 9.78138400e-01 4.82319123e-02 1.10000000e-03
2.89166000e-01 6.89511200e-01 2.08500188e-09 9.51644800e-01 5.03387765e-02 -1.15000000e-03
3.09606000e-01 6.60480800e-01 2.04429284e-09 9.44236000e-01 5.24593439e-02 -6.21000000e-02
3.20964800e-01 6.86897600e-01 2.15759574e-09 9.85547200e-01 4.61113449e-02 6.20500000e-02
3.07445200e-01 6.93248000e-01 2.09970890e-09 9.71905600e-01 4.98831457e-02 -1.37500000e-02
3.23125600e-01 6.54130400e-01 2.10217968e-09 9.57877600e-01 4.86875431e-02 1.37000000e-02
3.56326000e-01 6.74153600e-01 2.11253343e-09 9.86387200e-01 5.06333949e-02 2.42000000e-02
2.74244800e-01 6.73224800e-01 2.08935516e-09 9.43396000e-01 4.79372939e-02 -2.42500000e-02
2.84289600e-01 6.78905600e-01 2.20583477e-09 9.69973600e-01 4.78585006e-02 -1.61000000e-02
3.46281200e-01 6.68472800e-01 1.99605381e-09 9.59809600e-01 5.07121882e-02 1.60500000e-02
3.22483200e-01 6.47456000e-01 1.93193120e-09 9.82758400e-01 5.41756675e-02 -2.52000000e-02
3.08087600e-01 6.99922400e-01 2.26995739e-09 9.47024800e-01 4.43950214e-02 2.51500000e-02
3.49960400e-01 6.43222400e-01 2.05146987e-09 9.74173600e-01 5.10342130e-02 5.90000000e-03
2.80610400e-01 7.04156000e-01 2.15041871e-09 9.55609600e-01 4.75364758e-02 -5.95000000e-03
2.79179600e-01 6.93183200e-01 2.15618387e-09 9.53660800e-01 4.52960056e-02 4.39000000e-02
3.51391200e-01 6.54195200e-01 2.04570472e-09 9.76122400e-01 5.32746833e-02 -4.39500000e-02
3.43010800e-01 6.88539200e-01 2.18018573e-09 9.73585600e-01 4.88074459e-02 1.35000000e-02
2.87560000e-01 6.58839200e-01 2.02170286e-09 9.56197600e-01 4.97632429e-02 -1.35500000e-02
3.37492000e-01 6.90850400e-01 2.27254582e-09 9.51460000e-01 4.73823150e-02 2.53000000e-02
2.93078800e-01 6.56528000e-01 1.92934276e-09 9.78323200e-01 5.11883738e-02 -2.53500000e-02
2.77719600e-01 6.45965600e-01 1.94534400e-09 9.40170400e-01 4.90849354e-02 -4.45000000e-02
3.52851200e-01 7.01412800e-01 2.25654458e-09 9.89612800e-01 4.94857535e-02 4.44500000e-02
2.72346800e-01 6.60912800e-01 1.95569774e-09 9.88016800e-01 4.64744792e-02 -9.60000000e-03
3.58224000e-01 6.86465600e-01 2.24619084e-09 9.41766400e-01 5.20962096e-02 9.55000000e-03
3.23914000e-01 6.58083200e-01 1.99664209e-09 9.55777600e-01 4.80777515e-02 -1.60000000e-02
3.06656800e-01 6.89295200e-01 2.20524649e-09 9.74005600e-01 5.04929373e-02 1.59500000e-02
3.55158000e-01 6.41472800e-01 2.05452893e-09 9.88638400e-01 5.33911603e-02 6.40000000e-03
2.75412800e-01 7.05905600e-01 2.14735965e-09 9.41144800e-01 4.51795285e-02 -6.45000000e-03
2.98013600e-01 6.74542400e-01 2.09676750e-09 9.55307200e-01 5.32644059e-02 4.20500000e-02
3.32557200e-01 6.72836000e-01 2.10512109e-09 9.74476000e-01 4.53062830e-02 -4.21000000e-02
3.09927200e-01 6.83895200e-01 1.95769790e-09 9.43496800e-01 4.91945608e-02 5.65000000e-03
3.20643600e-01 6.63483200e-01 2.24419068e-09 9.86286400e-01 4.93761280e-02 -5.70000000e-03
3.51478800e-01 6.49335200e-01 1.93322542e-09 9.64396000e-01 4.95268630e-02 1.08500000e-02
2.79092000e-01 6.98043200e-01 2.26866317e-09 9.65387200e-01 4.90438258e-02 -1.09000000e-02
3.18716400e-01 7.04609600e-01 2.01111380e-09 9.43698400e-01 5.43401057e-02 -4.80000000e-02
3.11854400e-01 6.42768800e-01 2.19077478e-09 9.86084800e-01 4.42305832e-02 4.79500000e-02
2.98247200e-01 6.57435200e-01 1.96628680e-09 9.62228800e-01 4.49774066e-02 2.17000000e-02
3.32323600e-01 6.89943200e-01 2.23560178e-09 9.67554400e-01 5.35932823e-02 -2.17500000e-02
3.14745200e-01 6.51149600e-01 2.07629532e-09 9.57104800e-01 4.66320658e-02 -3.97000000e-02
3.15825600e-01 6.96228800e-01 2.12559326e-09 9.72678400e-01 5.19386230e-02 3.96500000e-02
2.83734800e-01 6.62252000e-01 1.95969805e-09 9.80221600e-01 5.14316053e-02 -2.46000000e-02
3.46836000e-01 6.85126400e-01 2.24219053e-09 9.49561600e-01 4.71390835e-02 2.45500000e-02
3.48734000e-01 6.74693600e-01 2.24489662e-09 9.50905600e-01 4.72692638e-02 2.93000000e-02
2.81836800e-01 6.72684800e-01 1.95699196e-09 9.78877600e-01 5.13014251e-02 -2.93500000e-02
3.16263600e-01 6.51408800e-01 2.14971278e-09 9.59994400e-01 5.36720755e-02 -4.90000000e-03
3.14307200e-01 6.95969600e-01 2.05217581e-09 9.69788800e-01 4.48986133e-02 4.85000000e-03
3.50427600e-01 6.64736000e-01 2.21324711e-09 9.81397600e-01 5.15754887e-02 3.85500000e-02
2.80143200e-01 6.82642400e-01 1.98864147e-09 9.48385600e-01 4.69952001e-02 -3.86000000e-02
3.43740800e-01 6.79143200e-01 2.16842011e-09 9.61372000e-01 5.18495523e-02 -1.41000000e-02
2.86830000e-01 6.68235200e-01 2.03346848e-09 9.68411200e-01 4.67211365e-02 1.40500000e-02
3.29374400e-01 6.94997600e-01 2.08311938e-09 9.83128000e-01 5.07395946e-02 -5.10000000e-03
3.01196400e-01 6.52380800e-01 2.11876920e-09 9.46655200e-01 4.78310942e-02 5.05000000e-03
2.88815600e-01 6.74650400e-01 2.14524184e-09 9.76072000e-01 4.96193595e-02 3.50000000e-02
3.41755200e-01 6.72728000e-01 2.05664674e-09 9.53711200e-01 4.89513294e-02 -3.50500000e-02
3.57464800e-01 6.71302400e-01 2.20242274e-09 9.42304000e-01 4.75912885e-02 -6.38500000e-02
2.73106000e-01 6.76076000e-01 1.99946584e-09 9.87479200e-01 5.09794003e-02 6.38000000e-02
2.84786000e-01 6.66593600e-01 2.11653374e-09 9.57340000e-01 4.84032021e-02 1.78000000e-02
3.45784800e-01 6.80784800e-01 2.08535485e-09 9.72443200e-01 5.01674868e-02 -1.78500000e-02
3.57932000e-01 6.75168800e-01 2.15500730e-09 9.73316800e-01 4.88485555e-02 1.11000000e-02
2.72638800e-01 6.72209600e-01 2.04688128e-09 9.56466400e-01 4.97221333e-02 -1.11500000e-02
3.05226000e-01 6.83765600e-01 2.01511411e-09 9.66076000e-01 5.27334076e-02 -4.11500000e-02
3.25344800e-01 6.63612800e-01 2.18677447e-09 9.63707200e-01 4.58372813e-02 4.11000000e-02
3.57873600e-01 6.71777600e-01 2.03229191e-09 9.85110400e-01 5.16542820e-02 5.98000000e-02
2.72697200e-01 6.75600800e-01 2.16959667e-09 9.44672800e-01 4.69164068e-02 -5.98500000e-02
2.93779600e-01 6.49292000e-01 2.17665604e-09 9.49729600e-01 4.69095552e-02 5.26000000e-02
3.36791200e-01 6.98086400e-01 2.02523254e-09 9.80053600e-01 5.16611336e-02 -5.26500000e-02
3.17373200e-01 6.93766400e-01 2.00699584e-09 9.68108800e-01 4.72863928e-02 -7.16500000e-02
3.13197600e-01 6.53612000e-01 2.19489275e-09 9.61674400e-01 5.12842961e-02 7.16000000e-02
2.79354800e-01 6.70697600e-01 2.16089011e-09 9.43967200e-01 5.09896777e-02 6.67500000e-02
3.51216000e-01 6.76680800e-01 2.04099847e-09 9.85816000e-01 4.75810112e-02 -6.68000000e-02
2.94830800e-01 6.74456000e-01 2.00358381e-09 9.39733600e-01 4.96467658e-02 6.46500000e-02
3.35740000e-01 6.72922400e-01 2.19830478e-09 9.90049600e-01 4.89239230e-02 -6.47000000e-02
3.03182000e-01 6.86552000e-01 1.99981881e-09 9.56298400e-01 5.40249325e-02 -4.73000000e-02
3.27388800e-01 6.60826400e-01 2.20206977e-09 9.73484800e-01 4.45457564e-02 4.72500000e-02
3.29841600e-01 7.00138400e-01 1.99170053e-09 9.57222400e-01 4.56009014e-02 7.00000000e-03
3.00729200e-01 6.47240000e-01 2.21018805e-09 9.72560800e-01 5.29697875e-02 -7.05000000e-03
3.48266800e-01 6.52359200e-01 1.95981571e-09 9.73132000e-01 4.46793624e-02 -3.98000000e-02
2.82304000e-01 6.95019200e-01 2.24207287e-09 9.56651200e-01 5.38913265e-02 3.97500000e-02
3.21607200e-01 6.68818400e-01 2.07570704e-09 9.87613600e-01 4.55221081e-02 5.71500000e-02
3.08963600e-01 6.78560000e-01 2.12618154e-09 9.42169600e-01 5.30485808e-02 -5.72000000e-02
3.56764000e-01 6.80871200e-01 2.25501505e-09 9.64144000e-01 5.25484146e-02 4.18000000e-02
2.73806800e-01 6.66507200e-01 1.94687353e-09 9.65639200e-01 4.60222742e-02 -4.18500000e-02
3.49639200e-01 6.57024800e-01 1.99334772e-09 9.59188000e-01 5.28464588e-02 6.48000000e-02
2.80931600e-01 6.90353600e-01 2.20854086e-09 9.70595200e-01 4.57242300e-02 -6.48500000e-02
3.29812400e-01 6.70654400e-01 2.15100699e-09 9.40792000e-01 5.39255844e-02 -6.14500000e-02
3.00758400e-01 6.76724000e-01 2.05088159e-09 9.88991200e-01 4.46451044e-02 6.14000000e-02
2.86041600e-01 6.60200000e-01 2.08770797e-09 9.60095200e-01 5.36960561e-02 -5.79000000e-02
3.44529200e-01 6.87178400e-01 2.11418061e-09 9.69688000e-01 4.48746327e-02 5.78500000e-02
2.94568000e-01 6.56182400e-01 2.20548180e-09 9.66344800e-01 5.09314392e-02 5.09500000e-02
3.36002800e-01 6.91196000e-01 1.99640678e-09 9.63438400e-01 4.76392497e-02 -5.10000000e-02
3.24760800e-01 6.74218400e-01 2.18959822e-09 9.73888000e-01 4.76323981e-02 -1.71000000e-02
3.05810000e-01 6.73160000e-01 2.01229036e-09 9.55895200e-01 5.09382907e-02 1.70500000e-02
3.20935600e-01 6.65729600e-01 2.15924293e-09 9.75517600e-01 4.94001086e-02 -1.29000000e-02
3.09635200e-01 6.81648800e-01 2.04264566e-09 9.54265600e-01 4.91705803e-02 1.28500000e-02
2.93429200e-01 6.67781600e-01 2.27113395e-09 9.59120800e-01 5.16234498e-02 -5.60000000e-03
3.37141600e-01 6.79596800e-01 1.93075464e-09 9.70662400e-01 4.69472390e-02 5.55000000e-03
3.21490400e-01 6.72404000e-01 1.93004870e-09 9.51812800e-01 5.01160998e-02 -7.60000000e-03
3.09080400e-01 6.74974400e-01 2.27183989e-09 9.77970400e-01 4.84545890e-02 7.55000000e-03
2.88202400e-01 6.87113600e-01 2.00405443e-09 9.47058400e-01 5.31616320e-02 1.63500000e-02
3.42368400e-01 6.60264800e-01 2.19783415e-09 9.82724800e-01 4.54090568e-02 -1.64000000e-02
3.25549200e-01 6.46764800e-01 1.96699274e-09 9.66260800e-01 5.37817010e-02 3.96000000e-02
3.05021600e-01 7.00613600e-01 2.23489585e-09 9.63522400e-01 4.47889878e-02 -3.96500000e-02
2.86946800e-01 6.76896800e-01 2.16171371e-09 9.43076800e-01 4.90061421e-02 6.39000000e-02
3.43624000e-01 6.70481600e-01 2.04017488e-09 9.86706400e-01 4.95645468e-02 -6.39500000e-02
2.87735200e-01 6.67976000e-01 1.93604916e-09 9.80087200e-01 5.38159590e-02 4.32500000e-02
3.42835600e-01 6.79402400e-01 2.26583942e-09 9.49696000e-01 4.47547299e-02 -4.33000000e-02
3.15241600e-01 6.45166400e-01 1.94957962e-09 9.80070400e-01 5.23154605e-02 -7.01000000e-02
3.15329200e-01 7.02212000e-01 2.25230896e-09 9.49712800e-01 4.62552283e-02 7.00500000e-02
2.98568400e-01 6.62424800e-01 2.07394220e-09 9.81128800e-01 5.08149621e-02 -4.61500000e-02
3.32002400e-01 6.84953600e-01 2.12794638e-09 9.48654400e-01 4.77557267e-02 4.61000000e-02
2.79267200e-01 6.77372000e-01 2.25760349e-09 9.66798400e-01 5.39461392e-02 4.98500000e-02
3.51303600e-01 6.70006400e-01 1.94428510e-09 9.62984800e-01 4.46245497e-02 -4.99000000e-02
2.74303200e-01 6.48514400e-01 2.26536880e-09 9.85480000e-01 4.68444651e-02 5.07500000e-02
3.56267600e-01 6.98864000e-01 1.93651979e-09 9.44303200e-01 5.17262237e-02 -5.08000000e-02
3.51362000e-01 6.49918400e-01 2.14665372e-09 9.42152800e-01 4.61935640e-02 -3.85500000e-02
2.79208800e-01 6.97460000e-01 2.05523487e-09 9.87630400e-01 5.23771249e-02 3.85000000e-02
3.16380400e-01 7.02579200e-01 1.92569542e-09 9.70192000e-01 5.19317714e-02 9.45000000e-03
3.14190400e-01 6.44799200e-01 2.27619316e-09 9.59591200e-01 4.66389174e-02 -9.50000000e-03
3.21140000e-01 6.74283200e-01 2.19501040e-09 9.80658400e-01 5.04381246e-02 4.76000000e-02
3.09430800e-01 6.73095200e-01 2.00687818e-09 9.49124800e-01 4.81325642e-02 -4.76500000e-02
3.18249200e-01 6.85968800e-01 2.03535097e-09 9.57676000e-01 4.90027163e-02 -3.10000000e-02
3.12321600e-01 6.61409600e-01 2.16653761e-09 9.72107200e-01 4.95679725e-02 3.09500000e-02
3.38864400e-01 6.81238400e-01 1.95781556e-09 9.53459200e-01 4.44498341e-02 7.25500000e-02
2.91706400e-01 6.66140000e-01 2.24407303e-09 9.76324000e-01 5.41208548e-02 -7.26000000e-02
2.95414800e-01 6.70352000e-01 1.94216728e-09 9.49830400e-01 4.86361562e-02 -3.47500000e-02
3.35156000e-01 6.77026400e-01 2.25972130e-09 9.79952800e-01 4.99345327e-02 3.47000000e-02
2.83530400e-01 6.58623200e-01 2.21960054e-09 9.84673600e-01 5.25723952e-02 8.50000000e-03
3.47040400e-01 6.88755200e-01 1.98228804e-09 9.45109600e-01 4.59982936e-02 -8.55000000e-03
3.31301600e-01 6.69812000e-01 1.99111225e-09 9.61724800e-01 4.56077530e-02 5.92000000e-02
2.99269200e-01 6.77566400e-01 2.21077633e-09 9.68058400e-01 5.29629359e-02 -5.92500000e-02
2.96787200e-01 6.73808000e-01 2.21512961e-09 9.85950400e-01 5.22949058e-02 -6.13000000e-02
3.33783600e-01 6.73570400e-01 1.98675897e-09 9.43832800e-01 4.62757831e-02 6.12500000e-02
2.78858400e-01 6.68624000e-01 2.04829315e-09 9.62396800e-01 4.77523009e-02 5.44000000e-02
3.51712400e-01 6.78754400e-01 2.15359543e-09 9.67386400e-01 5.08183879e-02 -5.44500000e-02
3.47069600e-01 7.00095200e-01 2.21912992e-09 9.54618400e-01 4.76289723e-02 5.94000000e-02
2.83501200e-01 6.47283200e-01 1.98275866e-09 9.75164800e-01 5.09417165e-02 -5.94500000e-02
3.37433600e-01 6.59271200e-01 2.07970735e-09 9.58398400e-01 4.58955198e-02 6.29000000e-02
2.93137200e-01 6.88107200e-01 2.12218123e-09 9.71384800e-01 5.26751691e-02 -6.29500000e-02
3.50602800e-01 6.94284800e-01 2.01287865e-09 9.63623200e-01 4.44258535e-02 -5.52500000e-02
2.79968000e-01 6.53093600e-01 2.18900994e-09 9.66160000e-01 5.41448353e-02 5.52000000e-02
2.90246400e-01 6.77933600e-01 1.99370069e-09 9.64177600e-01 5.29971938e-02 -5.25000000e-03
3.40324400e-01 6.69444800e-01 2.20818790e-09 9.65605600e-01 4.55734950e-02 5.20000000e-03
2.93254000e-01 6.66312800e-01 2.17453823e-09 9.73602400e-01 4.94754761e-02 -6.03000000e-02
3.37316800e-01 6.81065600e-01 2.02735035e-09 9.56180800e-01 4.90952128e-02 6.02500000e-02
3.12876400e-01 6.51257600e-01 2.15865465e-09 9.89663200e-01 4.98112040e-02 -3.93000000e-02
3.17694400e-01 6.96120800e-01 2.04323394e-09 9.40120000e-01 4.87594848e-02 3.92500000e-02
3.08759200e-01 7.00484000e-01 1.99005335e-09 9.72745600e-01 5.33157928e-02 -7.34000000e-02
3.21811600e-01 6.46894400e-01 2.21183524e-09 9.57037600e-01 4.52548960e-02 7.33500000e-02
2.75296000e-01 6.62813600e-01 2.05994112e-09 9.55676800e-01 4.68684457e-02 -4.60000000e-02
3.55274800e-01 6.84564800e-01 2.14194747e-09 9.74106400e-01 5.17022431e-02 4.59500000e-02
3.42426800e-01 6.91606400e-01 2.11700436e-09 9.89327200e-01 4.67999298e-02 -5.85000000e-03
2.88144000e-01 6.55772000e-01 2.08488422e-09 9.40456000e-01 5.17707590e-02 5.80000000e-03
2.83442800e-01 6.55793600e-01 2.06229424e-09 9.76945600e-01 4.99927712e-02 7.01000000e-02
3.47128000e-01 6.91584800e-01 2.13959435e-09 9.52837600e-01 4.85779177e-02 -7.01500000e-02
3.56910000e-01 6.93658400e-01 2.25136771e-09 9.45311200e-01 5.39564166e-02 3.79000000e-02
2.73660800e-01 6.53720000e-01 1.95052087e-09 9.84472000e-01 4.46142723e-02 -3.79500000e-02
3.15446000e-01 6.77912000e-01 1.99087694e-09 9.60061600e-01 5.25038793e-02 6.42000000e-02
3.15124800e-01 6.69466400e-01 2.21101164e-09 9.69721600e-01 4.60668096e-02 -6.42500000e-02
3.27972800e-01 6.72080000e-01 1.92734261e-09 9.55004800e-01 4.70397355e-02 -1.00000000e-04
3.02598000e-01 6.75298400e-01 2.27454598e-09 9.74778400e-01 5.15309534e-02 5.00000000e-05
3.33462400e-01 7.01348000e-01 2.05782330e-09 9.60448000e-01 4.89718841e-02 -4.71500000e-02
2.97108400e-01 6.46030400e-01 2.14406528e-09 9.69335200e-01 4.95988047e-02 4.71000000e-02
3.57406400e-01 7.05624800e-01 2.22983663e-09 9.79331200e-01 4.81154353e-02 -2.94500000e-02
2.73164400e-01 6.41753600e-01 1.97205195e-09 9.50452000e-01 5.04552536e-02 2.94000000e-02
3.28994800e-01 6.68408000e-01 2.19418681e-09 9.81246400e-01 4.76632303e-02 -3.25500000e-02
3.01576000e-01 6.78970400e-01 2.00770177e-09 9.48536800e-01 5.09074586e-02 3.25000000e-02
3.18658000e-01 6.91520000e-01 2.18536260e-09 9.68932000e-01 4.70602902e-02 4.68500000e-02
3.11912800e-01 6.55858400e-01 2.01652599e-09 9.60851200e-01 5.15103986e-02 -4.69000000e-02
2.90217200e-01 6.61301600e-01 2.01970270e-09 9.40859200e-01 4.78859070e-02 6.59000000e-02
3.40353600e-01 6.86076800e-01 2.18218588e-09 9.88924000e-01 5.06847819e-02 -6.59500000e-02
2.81048400e-01 6.43395200e-01 2.10794483e-09 9.70444000e-01 4.63648538e-02 -2.01500000e-02
3.49522400e-01 7.03983200e-01 2.09394375e-09 9.59339200e-01 5.22058351e-02 2.01000000e-02
3.55362400e-01 6.88733600e-01 2.04005722e-09 9.47528800e-01 4.63340216e-02 -4.93000000e-02
2.75208400e-01 6.58644800e-01 2.16183136e-09 9.82254400e-01 5.22366672e-02 4.92500000e-02
3.56793200e-01 6.47801600e-01 1.97369914e-09 9.58633600e-01 4.51932317e-02 -3.00000000e-04
2.73777600e-01 6.99576800e-01 2.22818945e-09 9.71149600e-01 5.33774571e-02 2.50000000e-04
3.23388400e-01 6.92772800e-01 1.93946119e-09 9.68663200e-01 4.92939089e-02 4.30000000e-03
3.07182400e-01 6.54605600e-01 2.26242739e-09 9.61120000e-01 4.92767799e-02 -4.35000000e-03
2.90392400e-01 7.06056800e-01 2.05323471e-09 9.49057600e-01 4.90643806e-02 -3.28000000e-02
3.40178400e-01 6.41321600e-01 2.14865387e-09 9.80725600e-01 4.95063082e-02 3.27500000e-02
3.44762800e-01 6.96531200e-01 1.97287555e-09 9.57692800e-01 5.24970277e-02 2.24500000e-02
2.85808000e-01 6.50847200e-01 2.22901304e-09 9.72090400e-01 4.60736611e-02 -2.25000000e-02
3.14628400e-01 6.56463200e-01 2.17465589e-09 9.62430400e-01 4.81188611e-02 1.90500000e-02
3.15942400e-01 6.90915200e-01 2.02723270e-09 9.67352800e-01 5.04518278e-02 -1.91000000e-02
2.87501600e-01 6.69682400e-01 2.20159915e-09 9.61355200e-01 4.95405662e-02 -8.00000000e-03
3.43069200e-01 6.77696000e-01 2.00028943e-09 9.68428000e-01 4.90301227e-02 7.95000000e-03
3.28148000e-01 6.50566400e-01 1.93404901e-09 9.86420800e-01 4.87457816e-02 -2.67500000e-02
3.02422800e-01 6.96812000e-01 2.26783958e-09 9.43362400e-01 4.98249072e-02 2.67000000e-02
3.30951200e-01 6.59876000e-01 1.99723037e-09 9.70746400e-01 4.44601115e-02 7.26000000e-02
2.99619600e-01 6.87502400e-01 2.20465821e-09 9.59036800e-01 5.41105774e-02 -7.26500000e-02
3.33725200e-01 6.66528800e-01 2.09723812e-09 9.41346400e-01 4.42785443e-02 -4.20000000e-03
2.96845600e-01 6.80849600e-01 2.10465046e-09 9.88436800e-01 5.42921445e-02 4.15000000e-03
3.48442000e-01 6.91368800e-01 2.25125006e-09 9.40204000e-01 5.29595101e-02 -7.41500000e-02
2.82128800e-01 6.56009600e-01 1.95063853e-09 9.89579200e-01 4.56111788e-02 7.41000000e-02
3.56618000e-01 6.94306400e-01 1.99628912e-09 9.85580800e-01 4.87526332e-02 -1.19000000e-02
2.73952800e-01 6.53072000e-01 2.20559946e-09 9.44202400e-01 4.98180556e-02 1.18500000e-02
3.39682000e-01 6.88323200e-01 2.11323936e-09 9.53089600e-01 4.97084302e-02 -5.77500000e-02
2.90888800e-01 6.59055200e-01 2.08864922e-09 9.76693600e-01 4.88622587e-02 5.77000000e-02
2.81982800e-01 6.47866400e-01 2.24348475e-09 9.75232000e-01 4.83620925e-02 6.47500000e-02
3.48588000e-01 6.99512000e-01 1.95840384e-09 9.54551200e-01 5.02085963e-02 -6.48000000e-02
3.27184400e-01 6.79704800e-01 1.97640523e-09 9.64295200e-01 5.20071389e-02 -6.24500000e-02
3.03386400e-01 6.67673600e-01 2.22548335e-09 9.65488000e-01 4.65635499e-02 6.24000000e-02
2.89341200e-01 6.48946400e-01 2.13006420e-09 9.47008000e-01 4.53953536e-02 2.35000000e-03
3.41229600e-01 6.98432000e-01 2.07182439e-09 9.82775200e-01 5.31753352e-02 -2.40000000e-03
3.52909600e-01 6.92902400e-01 2.24713209e-09 9.79868800e-01 5.34048635e-02 3.98500000e-02
2.77661200e-01 6.54476000e-01 1.95475650e-09 9.49914400e-01 4.51658253e-02 -3.99000000e-02
2.90129600e-01 6.52704800e-01 1.95005025e-09 9.69990400e-01 4.58681134e-02 3.65000000e-03
3.40441200e-01 6.94673600e-01 2.25183834e-09 9.59792800e-01 5.27025754e-02 -3.70000000e-03
2.88377600e-01 6.89619200e-01 1.94946197e-09 9.53576800e-01 4.67690976e-02 7.02500000e-02
3.42193200e-01 6.57759200e-01 2.25242662e-09 9.76206400e-01 5.18015912e-02 -7.03000000e-02
3.42572800e-01 6.63504800e-01 2.07017720e-09 9.57172000e-01 5.38399395e-02 -5.69500000e-02
2.87998000e-01 6.83873600e-01 2.13171138e-09 9.72611200e-01 4.47307493e-02 5.69000000e-02
3.51508000e-01 6.55815200e-01 2.12888763e-09 9.78155200e-01 5.29903422e-02 -1.08000000e-02
2.79062800e-01 6.91563200e-01 2.07300095e-09 9.51628000e-01 4.55803466e-02 1.07500000e-02
3.08262800e-01 7.04739200e-01 1.92793089e-09 9.53106400e-01 5.00236033e-02 1.56000000e-02
3.22308000e-01 6.42639200e-01 2.27395770e-09 9.76676800e-01 4.85470855e-02 -1.56500000e-02
3.03561600e-01 6.62360000e-01 2.16947901e-09 9.60599200e-01 4.90678064e-02 -1.38500000e-02
3.27009200e-01 6.85018400e-01 2.03240957e-09 9.69184000e-01 4.95028824e-02 1.38000000e-02
3.37287600e-01 6.62014400e-01 2.09253188e-09 9.77718400e-01 5.17056689e-02 3.52000000e-02
2.93283200e-01 6.85364000e-01 2.10935671e-09 9.52064800e-01 4.68650199e-02 -3.52500000e-02
3.19767600e-01 6.44108000e-01 2.06288252e-09 9.52434400e-01 5.06676529e-02 -3.04500000e-02
3.10803200e-01 7.03270400e-01 2.13900606e-09 9.77348800e-01 4.79030359e-02 3.04000000e-02
2.91969200e-01 6.59530400e-01 2.07547173e-09 9.70376800e-01 5.42373318e-02 6.44500000e-02
3.38601600e-01 6.87848000e-01 2.12641685e-09 9.59406400e-01 4.43333570e-02 -6.45000000e-02
3.35448000e-01 6.45857600e-01 2.12747576e-09 9.61741600e-01 5.22161125e-02 -5.31000000e-02
2.95122800e-01 7.01520800e-01 2.07441282e-09 9.68041600e-01 4.63545764e-02 5.30500000e-02
3.39857200e-01 6.95278400e-01 2.24266115e-09 9.79936000e-01 4.76598045e-02 1.66500000e-02
2.90713600e-01 6.52100000e-01 1.95922743e-09 9.49847200e-01 5.09108844e-02 -1.67000000e-02
3.38455600e-01 6.90526400e-01 1.99346538e-09 9.78558400e-01 4.79921066e-02 7.30000000e-03
2.92115200e-01 6.56852000e-01 2.20842321e-09 9.51224800e-01 5.05785822e-02 -7.35000000e-03
3.00904400e-01 6.52856000e-01 2.23113085e-09 9.79684000e-01 4.96536174e-02 4.62000000e-02
3.29666400e-01 6.94522400e-01 1.97075773e-09 9.50099200e-01 4.89170714e-02 -4.62500000e-02
3.24644000e-01 6.99188000e-01 2.18806869e-09 9.66412000e-01 5.43298283e-02 -5.75000000e-02
3.05926800e-01 6.48190400e-01 2.01381989e-09 9.63371200e-01 4.42408606e-02 5.74500000e-02
2.85837200e-01 6.46440800e-01 2.11500421e-09 9.76223200e-01 4.90369742e-02 3.89500000e-02
3.44733600e-01 7.00937600e-01 2.08688438e-09 9.53560000e-01 4.95337146e-02 -3.90000000e-02
3.28673600e-01 7.01326400e-01 1.92557776e-09 9.71216800e-01 4.87800396e-02 6.46000000e-02
3.01897200e-01 6.46052000e-01 2.27631082e-09 9.58566400e-01 4.97906493e-02 -6.46500000e-02
2.73982000e-01 6.87243200e-01 2.22454210e-09 9.87496000e-01 5.17159463e-02 -2.51500000e-02
3.56588800e-01 6.60135200e-01 1.97734648e-09 9.42287200e-01 4.68547425e-02 2.51000000e-02
3.44500000e-01 6.74909600e-01 2.02099692e-09 9.75618400e-01 4.79784034e-02 7.28500000e-02
2.86070800e-01 6.72468800e-01 2.18089166e-09 9.54164800e-01 5.05922854e-02 -7.29000000e-02
3.24965200e-01 6.83981600e-01 2.10112078e-09 9.71200000e-01 5.01469320e-02 5.98500000e-02
3.05605600e-01 6.63396800e-01 2.10076781e-09 9.58583200e-01 4.84237569e-02 -5.99000000e-02
2.85983200e-01 6.68710400e-01 2.25301490e-09 9.77130400e-01 5.39975261e-02 3.16500000e-02
3.44587600e-01 6.78668000e-01 1.94887369e-09 9.52652800e-01 4.45731627e-02 -3.17000000e-02
3.45551200e-01 6.49832000e-01 2.15971355e-09 9.43295200e-01 5.18564039e-02 2.03500000e-02
2.85019600e-01 6.97546400e-01 2.04217503e-09 9.86488000e-01 4.67142849e-02 -2.04000000e-02
3.49931200e-01 6.86530400e-01 2.11888686e-09 9.75484000e-01 4.69232584e-02 -6.04000000e-02
2.80639600e-01 6.60848000e-01 2.08300173e-09 9.54299200e-01 5.16474304e-02 6.03500000e-02
3.32995200e-01 6.64520000e-01 1.92522480e-09 9.79532800e-01 5.01743384e-02 3.06500000e-02
2.97575600e-01 6.82858400e-01 2.27666379e-09 9.50250400e-01 4.83963505e-02 -3.07000000e-02
3.33258000e-01 6.71604800e-01 2.03064473e-09 9.59608000e-01 5.28738652e-02 -1.07000000e-02
2.97312800e-01 6.75773600e-01 2.17124386e-09 9.70175200e-01 4.56968236e-02 1.06500000e-02
3.43361200e-01 6.62489600e-01 2.17242042e-09 9.45378400e-01 5.08629232e-02 2.74000000e-02
2.87209600e-01 6.84888800e-01 2.02946817e-09 9.84404800e-01 4.77077656e-02 -2.74500000e-02
2.93867200e-01 6.97978400e-01 2.02840926e-09 9.40724800e-01 4.52035091e-02 -6.93000000e-02
3.36703600e-01 6.49400000e-01 2.17347932e-09 9.89058400e-01 5.33671797e-02 6.92500000e-02
2.74624400e-01 6.78732800e-01 1.95875681e-09 9.42824800e-01 4.70739934e-02 -2.39500000e-02
3.55946400e-01 6.68645600e-01 2.24313178e-09 9.86958400e-01 5.14966954e-02 2.39000000e-02
3.10861600e-01 6.70071200e-01 2.18183291e-09 9.66378400e-01 5.01023966e-02 7.21500000e-02
3.19709200e-01 6.77307200e-01 2.02005567e-09 9.63404800e-01 4.84682922e-02 -7.22000000e-02
3.52617600e-01 6.70611200e-01 2.27678145e-09 9.64261600e-01 5.41414095e-02 -6.32500000e-02
2.77953200e-01 6.76767200e-01 1.92510714e-09 9.65521600e-01 4.44292793e-02 6.32000000e-02
2.75471200e-01 7.01067200e-01 2.00876068e-09 9.50569600e-01 4.72144510e-02 -1.00500000e-02
3.55099600e-01 6.46311200e-01 2.19312791e-09 9.79213600e-01 5.13562378e-02 1.00000000e-02
3.23534400e-01 6.69185600e-01 1.98758257e-09 9.86639200e-01 4.76735076e-02 5.84000000e-02
3.07036400e-01 6.78192800e-01 2.21430602e-09 9.43144000e-01 5.08971812e-02 -5.84500000e-02
3.42105600e-01 6.93075200e-01 1.94746181e-09 9.60263200e-01 4.76974882e-02 -2.67000000e-02
2.88465200e-01 6.54303200e-01 2.25442677e-09 9.69520000e-01 5.08732006e-02 2.66500000e-02
2.92086000e-01 6.84262400e-01 2.21795336e-09 9.71939200e-01 5.10033809e-02 -1.92500000e-02
3.38484800e-01 6.63116000e-01 1.98393523e-09 9.57844000e-01 4.75673080e-02 1.92000000e-02
3.48120800e-01 6.54800000e-01 2.10359156e-09 9.84354400e-01 5.30348776e-02 -3.69500000e-02
2.82450000e-01 6.92578400e-01 2.09829703e-09 9.45428800e-01 4.55358113e-02 3.69000000e-02
3.12905600e-01 6.86660000e-01 2.18853931e-09 9.70343200e-01 5.19831584e-02 5.13500000e-02
3.17665200e-01 6.60718400e-01 2.01334927e-09 9.59440000e-01 4.65875305e-02 -5.14000000e-02
2.84085200e-01 6.71000000e-01 2.26301567e-09 9.53308000e-01 5.38228105e-02 3.24000000e-02
3.46485600e-01 6.76378400e-01 1.93887291e-09 9.76475200e-01 4.47478783e-02 -3.24500000e-02
3.05167600e-01 6.78646400e-01 1.93687276e-09 9.79986400e-01 5.32301479e-02 -9.50000000e-04
3.25403200e-01 6.68732000e-01 2.26501583e-09 9.49796800e-01 4.53405409e-02 9.00000000e-04
3.22775200e-01 6.70438400e-01 2.25489740e-09 9.69872800e-01 4.91740061e-02 -3.05000000e-03
3.07795600e-01 6.76940000e-01 1.94699119e-09 9.59910400e-01 4.93966828e-02 3.00000000e-03
2.84815200e-01 6.56204000e-01 2.18477432e-09 9.46268800e-01 5.12534639e-02 -4.55500000e-02
3.45755600e-01 6.91174400e-01 2.01711427e-09 9.83514400e-01 4.73172249e-02 4.55000000e-02
3.52938800e-01 6.80050400e-01 2.06947127e-09 9.55408000e-01 4.54638695e-02 -1.20000000e-03
2.77632000e-01 6.67328000e-01 2.13241732e-09 9.74375200e-01 5.31068193e-02 1.15000000e-03
3.42485200e-01 6.64088000e-01 2.16594933e-09 9.46235200e-01 4.64436471e-02 8.00000000e-04
2.88085600e-01 6.83290400e-01 2.03593926e-09 9.83548000e-01 5.21270418e-02 -8.50000000e-04
3.52121200e-01 6.62856800e-01 2.20018728e-09 9.41867200e-01 5.20825064e-02 5.80000000e-02
2.78449600e-01 6.84521600e-01 2.00170131e-09 9.87916000e-01 4.64881824e-02 -5.80500000e-02
3.08496400e-01 6.94155200e-01 2.14983043e-09 9.71653600e-01 4.52206381e-02 7.11000000e-02
3.22074400e-01 6.53223200e-01 2.05205815e-09 9.58129600e-01 5.33500508e-02 -7.11500000e-02
3.08554800e-01 6.92556800e-01 2.23018960e-09 9.76508800e-01 4.90541032e-02 -2.48000000e-02
3.22016000e-01 6.54821600e-01 1.97169898e-09 9.53274400e-01 4.95165856e-02 2.47500000e-02
3.49872800e-01 6.94630400e-01 2.18406838e-09 9.66882400e-01 4.83483894e-02 -6.34000000e-02
2.80698000e-01 6.52748000e-01 2.01782020e-09 9.62900800e-01 5.02222995e-02 6.33500000e-02
2.97196000e-01 6.41559200e-01 2.19371619e-09 9.70208800e-01 4.81531190e-02 -1.34000000e-02
3.33374800e-01 7.05819200e-01 2.00817240e-09 9.59574400e-01 5.04175698e-02 1.33500000e-02
2.93020400e-01 6.52143200e-01 2.03711582e-09 9.42085600e-01 4.80606225e-02 -2.59500000e-02
3.37550400e-01 6.95235200e-01 2.16477277e-09 9.87697600e-01 5.05100663e-02 2.59000000e-02
2.75909200e-01 6.47391200e-01 2.22924835e-09 9.78205600e-01 4.74199988e-02 -5.07500000e-02
3.54661600e-01 6.99987200e-01 1.97264023e-09 9.51577600e-01 5.11506901e-02 5.07000000e-02
3.20672800e-01 6.52488800e-01 1.97793476e-09 9.75114400e-01 5.09554197e-02 4.96000000e-02
3.09898000e-01 6.94889600e-01 2.22395382e-09 9.54668800e-01 4.76152691e-02 -4.96500000e-02
3.45872400e-01 6.58407200e-01 2.20936446e-09 9.63841600e-01 5.11678190e-02 -3.44500000e-02
2.84698400e-01 6.88971200e-01 1.99252413e-09 9.65941600e-01 4.74028698e-02 3.44000000e-02
3.17636000e-01 6.71043200e-01 2.03311551e-09 9.50754400e-01 4.90472516e-02 5.29000000e-02
3.12934800e-01 6.76335200e-01 2.16877308e-09 9.79028800e-01 4.95234372e-02 -5.29500000e-02
3.02014000e-01 6.79812800e-01 2.20901149e-09 9.62497600e-01 4.91637287e-02 -1.31500000e-02
3.28556800e-01 6.67565600e-01 1.99287710e-09 9.67285600e-01 4.94069602e-02 1.31000000e-02
3.57231200e-01 7.03421600e-01 2.11512186e-09 9.47965600e-01 4.59229261e-02 -3.40000000e-02
2.73339600e-01 6.43956800e-01 2.08676672e-09 9.81817600e-01 5.26477627e-02 3.39500000e-02
2.84844400e-01 6.82448000e-01 1.92487183e-09 9.58902400e-01 5.00373065e-02 -4.30500000e-02
3.45726400e-01 6.64930400e-01 2.27701676e-09 9.70880800e-01 4.85333823e-02 4.30000000e-02
3.15650400e-01 6.97503200e-01 2.11523952e-09 9.80692000e-01 5.15549339e-02 2.47000000e-02
3.14920400e-01 6.49875200e-01 2.08664907e-09 9.49091200e-01 4.70157549e-02 -2.47500000e-02
3.30104400e-01 6.83506400e-01 2.10229734e-09 9.83934400e-01 5.12568897e-02 -1.52500000e-02
3.00466400e-01 6.63872000e-01 2.09959125e-09 9.45848800e-01 4.73137991e-02 1.52000000e-02
3.01955600e-01 6.70092800e-01 2.13018185e-09 9.73081600e-01 4.78276684e-02 3.05000000e-03
3.28615200e-01 6.77285600e-01 2.07170673e-09 9.56701600e-01 5.07430204e-02 -3.10000000e-03
2.76756000e-01 6.80568800e-01 2.06817705e-09 9.57541600e-01 5.12397607e-02 1.44500000e-02
3.53814800e-01 6.66809600e-01 2.13371154e-09 9.72241600e-01 4.73309281e-02 -1.45000000e-02
2.99327600e-01 6.46138400e-01 2.24289647e-09 9.88957600e-01 4.42716927e-02 -6.37500000e-02
3.31243200e-01 7.01240000e-01 1.95899212e-09 9.40825600e-01 5.42989961e-02 6.37000000e-02
3.42514400e-01 6.99965600e-01 2.20889383e-09 9.78491200e-01 4.47376009e-02 5.18500000e-02
2.88056400e-01 6.47412800e-01 1.99299475e-09 9.51292000e-01 5.38330879e-02 -5.19000000e-02
3.24293600e-01 6.87588800e-01 2.09264953e-09 9.84572800e-01 4.43607634e-02 -7.18000000e-02
3.06277200e-01 6.59789600e-01 2.10923905e-09 9.45210400e-01 5.42099254e-02 7.17500000e-02
3.05751600e-01 7.05516800e-01 1.96511024e-09 9.59221600e-01 5.11952254e-02 1.67500000e-02
3.24819200e-01 6.41861600e-01 2.23677835e-09 9.70561600e-01 4.73754634e-02 -1.68000000e-02
3.14336400e-01 6.63418400e-01 2.27148692e-09 9.79902400e-01 4.57208042e-02 1.25000000e-03
3.16234400e-01 6.83960000e-01 1.93040167e-09 9.49880800e-01 5.28498846e-02 -1.30000000e-03
3.11036800e-01 6.88776800e-01 2.24630850e-09 9.41564800e-01 5.12877219e-02 7.42500000e-02
3.19534000e-01 6.58601600e-01 1.95558009e-09 9.88218400e-01 4.72829670e-02 -7.43000000e-02
3.34455200e-01 6.59508800e-01 2.13135841e-09 9.39700000e-01 5.14041989e-02 3.61000000e-02
2.96115600e-01 6.87869600e-01 2.07053017e-09 9.90083200e-01 4.71664899e-02 -3.61500000e-02
3.25286400e-01 6.50739200e-01 2.00452506e-09 9.41044000e-01 4.63785569e-02 5.41500000e-02
3.05284400e-01 6.96639200e-01 2.19736353e-09 9.88739200e-01 5.21921319e-02 -5.42000000e-02
2.98218000e-01 6.74132000e-01 1.99711272e-09 9.40607200e-01 4.49431486e-02 5.28500000e-02
3.32352800e-01 6.73246400e-01 2.20477587e-09 9.89176000e-01 5.36275402e-02 -5.29000000e-02
3.38368000e-01 6.76659200e-01 2.00181896e-09 9.86857600e-01 5.11780964e-02 -4.24000000e-02
2.92202800e-01 6.70719200e-01 2.20006962e-09 9.42925600e-01 4.73925924e-02 4.23500000e-02
3.31097200e-01 6.98626400e-01 2.00734881e-09 9.76626400e-01 4.88348523e-02 1.74500000e-02
2.99473600e-01 6.48752000e-01 2.19453978e-09 9.53156800e-01 4.97358365e-02 -1.75000000e-02
3.21110800e-01 6.80914400e-01 2.14041794e-09 9.83111200e-01 4.80674741e-02 4.84000000e-02
3.09460000e-01 6.66464000e-01 2.06147065e-09 9.46672000e-01 5.05032147e-02 -4.84500000e-02
2.95969600e-01 6.57197600e-01 2.25430912e-09 9.40573600e-01 5.34631020e-02 1.95000000e-02
3.34601200e-01 6.90180800e-01 1.94757947e-09 9.89209600e-01 4.51075868e-02 -1.95500000e-02
2.87793600e-01 6.83549600e-01 2.22677757e-09 9.50485600e-01 5.36104112e-02 7.45000000e-03
3.42777200e-01 6.63828800e-01 1.97511101e-09 9.79297600e-01 4.49602776e-02 -7.50000000e-03
3.33170400e-01 6.91692800e-01 2.25054412e-09 9.77214400e-01 5.42750156e-02 1.20000000e-03
2.97400400e-01 6.55685600e-01 1.95134447e-09 9.52568800e-01 4.42956733e-02 -1.25000000e-03
3.05664000e-01 6.58385600e-01 2.05170518e-09 9.75568000e-01 5.07772784e-02 -5.81000000e-02
3.24906800e-01 6.88992800e-01 2.15018340e-09 9.54215200e-01 4.77934105e-02 5.80500000e-02
2.94509600e-01 6.65902400e-01 2.24524959e-09 9.40691200e-01 5.25552662e-02 -6.00000000e-04
3.36061200e-01 6.81476000e-01 1.95663899e-09 9.89092000e-01 4.60154226e-02 5.50000000e-04
3.20906400e-01 6.86249600e-01 2.06594158e-09 9.71250400e-01 5.16748368e-02 2.70000000e-03
3.09664400e-01 6.61128800e-01 2.13594700e-09 9.58532800e-01 4.68958521e-02 -2.75000000e-03
3.32907600e-01 6.58256000e-01 2.10806249e-09 9.53778400e-01 4.93144637e-02 6.95500000e-02
2.97663200e-01 6.89122400e-01 2.09382609e-09 9.76004800e-01 4.92562252e-02 -6.96000000e-02
2.71529200e-01 6.80288000e-01 2.05005800e-09 9.78373600e-01 4.88965166e-02 1.34000000e-02
3.59041600e-01 6.67090400e-01 2.15183059e-09 9.51409600e-01 4.96741722e-02 -1.34500000e-02
3.53435200e-01 6.85904000e-01 2.06841236e-09 9.43345600e-01 4.63134668e-02 3.80500000e-02
2.77135600e-01 6.61474400e-01 2.13347622e-09 9.86437600e-01 5.22572220e-02 -3.81000000e-02
2.82625200e-01 6.54324800e-01 2.07900142e-09 9.80204800e-01 4.97187075e-02 5.77500000e-02
3.47945600e-01 6.93053600e-01 2.12288717e-09 9.49578400e-01 4.88519813e-02 -5.78000000e-02
3.48062400e-01 6.47024000e-01 2.15853699e-09 9.44689600e-01 5.42613124e-02 5.60000000e-03
2.82508400e-01 7.00354400e-01 2.04335159e-09 9.85093600e-01 4.43093765e-02 -5.65000000e-03
3.22337200e-01 6.78430400e-01 1.96452196e-09 9.56533600e-01 5.03113702e-02 -6.65000000e-02
3.08233600e-01 6.68948000e-01 2.23736663e-09 9.73249600e-01 4.82593187e-02 6.64500000e-02
3.52238000e-01 6.51387200e-01 2.12241654e-09 9.61422400e-01 5.39118812e-02 -4.49000000e-02
2.78332800e-01 6.95991200e-01 2.07947204e-09 9.68360800e-01 4.46588076e-02 4.48500000e-02
3.57698400e-01 6.63526400e-01 1.98746491e-09 9.57390400e-01 4.68821489e-02 -4.67500000e-02
2.72872400e-01 6.83852000e-01 2.21442367e-09 9.72392800e-01 5.16885400e-02 4.67000000e-02
2.80493600e-01 6.55318400e-01 2.01181974e-09 9.40069600e-01 4.63511506e-02 -6.53500000e-02
3.50077200e-01 6.92060000e-01 2.19006884e-09 9.89713600e-01 5.22195383e-02 6.53000000e-02
2.97254400e-01 6.55966400e-01 2.22183601e-09 9.63136000e-01 5.34802310e-02 5.64500000e-02
3.33316400e-01 6.91412000e-01 1.98005257e-09 9.66647200e-01 4.50904578e-02 -5.65000000e-02
2.90626000e-01 6.63742400e-01 2.12359311e-09 9.48839200e-01 4.45183500e-02 6.02000000e-02
3.39944800e-01 6.83636000e-01 2.07829548e-09 9.80944000e-01 5.40523388e-02 -6.02500000e-02
2.92378000e-01 7.02125600e-01 2.06711814e-09 9.69503200e-01 5.07532978e-02 -1.95000000e-03
3.38192800e-01 6.45252800e-01 2.13477044e-09 9.60280000e-01 4.78173911e-02 1.90000000e-03
3.24994400e-01 6.75449600e-01 2.03888066e-09 9.40321600e-01 4.91226191e-02 -1.74000000e-02
3.05576400e-01 6.71928800e-01 2.16300792e-09 9.89461600e-01 4.94480697e-02 1.73500000e-02
3.24176800e-01 6.91757600e-01 2.26442755e-09 9.68293600e-01 5.27299818e-02 -5.61000000e-02
3.06394000e-01 6.55620800e-01 1.93746104e-09 9.61489600e-01 4.58407071e-02 5.60500000e-02
3.52646800e-01 6.62900000e-01 2.14253575e-09 9.44924800e-01 5.35418953e-02 5.33500000e-02
2.77924000e-01 6.84478400e-01 2.05935283e-09 9.84858400e-01 4.50287935e-02 -5.34000000e-02
2.85516000e-01 6.66356000e-01 2.02405598e-09 9.88033600e-01 5.08560717e-02 -3.17500000e-02
3.45054800e-01 6.81022400e-01 2.17783260e-09 9.41749600e-01 4.77146172e-02 3.17000000e-02
2.92757600e-01 6.43524800e-01 2.01793786e-09 9.89596000e-01 4.91465997e-02 -4.30000000e-02
3.37813200e-01 7.03853600e-01 2.18395072e-09 9.40187200e-01 4.94240891e-02 4.29500000e-02
3.32236000e-01 6.49940000e-01 1.96287477e-09 9.45882400e-01 5.43983442e-02 3.85000000e-03
2.98334800e-01 6.97438400e-01 2.23901381e-09 9.83900800e-01 4.41723446e-02 -3.90000000e-03
3.51537200e-01 6.64887200e-01 2.21936523e-09 9.88470400e-01 4.64470729e-02 5.46500000e-02
2.79033600e-01 6.82491200e-01 1.98252335e-09 9.41312800e-01 5.21236160e-02 -5.47000000e-02
3.08029200e-01 6.60869600e-01 2.09759109e-09 9.86017600e-01 5.17467785e-02 -5.97500000e-02
3.22541600e-01 6.86508800e-01 2.10429749e-09 9.43765600e-01 4.68239104e-02 5.97000000e-02
3.50369200e-01 6.95170400e-01 2.22701288e-09 9.44891200e-01 4.60770869e-02 3.71500000e-02
2.80201600e-01 6.52208000e-01 1.97487570e-09 9.84892000e-01 5.24936019e-02 -3.72000000e-02
2.91852400e-01 6.62964800e-01 1.96534555e-09 9.42791200e-01 5.00167518e-02 -1.37000000e-02
3.38718400e-01 6.84413600e-01 2.23654303e-09 9.86992000e-01 4.85539371e-02 1.36500000e-02
2.80172400e-01 6.42920000e-01 2.10876843e-09 9.47360800e-01 5.07670010e-02 -6.73500000e-02
3.50398400e-01 7.04458400e-01 2.09312016e-09 9.82422400e-01 4.78036879e-02 6.73000000e-02
3.04496000e-01 6.46268000e-01 2.17394995e-09 9.44572000e-01 5.36001338e-02 3.32000000e-02
3.26074800e-01 7.01110400e-01 2.02793864e-09 9.85211200e-01 4.49705550e-02 -3.32500000e-02
3.01079600e-01 6.97762400e-01 2.09700281e-09 9.54500800e-01 4.88759619e-02 -4.53000000e-02
3.29491200e-01 6.49616000e-01 2.10488577e-09 9.75282400e-01 4.96947270e-02 4.52500000e-02
3.30221200e-01 6.43244000e-01 1.93228417e-09 9.53845600e-01 4.45252016e-02 4.58500000e-02
3.00349600e-01 7.04134400e-01 2.26960442e-09 9.75937600e-01 5.40454873e-02 -4.59000000e-02
3.50719600e-01 6.89662400e-01 2.14147684e-09 9.77483200e-01 4.64196665e-02 4.56500000e-02
2.79851200e-01 6.57716000e-01 2.06041174e-09 9.52300000e-01 5.21510223e-02 -4.57000000e-02
2.85340800e-01 6.61733600e-01 2.22807179e-09 9.55542400e-01 4.53165603e-02 -1.98000000e-02
3.45230000e-01 6.85644800e-01 1.97381680e-09 9.74240800e-01 5.32541285e-02 1.97500000e-02
2.73514800e-01 6.99144800e-01 2.11935748e-09 9.74392000e-01 5.06779303e-02 -6.26000000e-02
3.57056000e-01 6.48233600e-01 2.08253110e-09 9.55391200e-01 4.78927586e-02 6.25500000e-02
3.34163200e-01 6.45425600e-01 2.13677060e-09 9.74963200e-01 4.46725108e-02 5.74000000e-02
2.96407600e-01 7.01952800e-01 2.06511799e-09 9.54820000e-01 5.38981780e-02 -5.74500000e-02
3.22921200e-01 6.87826400e-01 2.12382842e-09 9.78440800e-01 4.48198200e-02 5.12500000e-02
3.07649600e-01 6.59552000e-01 2.07806017e-09 9.51342400e-01 5.37508688e-02 -5.13000000e-02
2.84494000e-01 7.04998400e-01 2.05288174e-09 9.68982400e-01 4.74302762e-02 -2.55500000e-02
3.46076800e-01 6.42380000e-01 2.14900684e-09 9.60800800e-01 5.11404127e-02 2.55000000e-02
2.76259600e-01 6.91887200e-01 2.18136229e-09 9.76895200e-01 4.68410393e-02 2.91000000e-02
3.54311200e-01 6.55491200e-01 2.02052630e-09 9.52888000e-01 5.17296495e-02 -2.91500000e-02
3.45434400e-01 6.88517600e-01 2.13194669e-09 9.43984000e-01 4.97152818e-02 -1.02000000e-02
2.85136400e-01 6.58860800e-01 2.06994189e-09 9.85799200e-01 4.88554071e-02 1.01500000e-02
2.81106800e-01 6.89640800e-01 2.20618774e-09 9.66949600e-01 4.67108591e-02 6.00000000e-04
3.49464000e-01 6.57737600e-01 1.99570084e-09 9.62833600e-01 5.18598297e-02 -6.50000000e-04
2.86158400e-01 6.52121600e-01 2.06170596e-09 9.41480800e-01 5.27573882e-02 -2.65500000e-02
3.44412400e-01 6.95256800e-01 2.14018263e-09 9.88302400e-01 4.58133007e-02 2.65000000e-02
3.50690400e-01 6.47650400e-01 2.23607241e-09 9.43093600e-01 4.67553944e-02 -1.22000000e-02
2.79880400e-01 6.99728000e-01 1.96581618e-09 9.86689600e-01 5.18152944e-02 1.21500000e-02
3.12029600e-01 6.50091200e-01 2.25866239e-09 9.55828000e-01 5.23120347e-02 -1.56000000e-02
3.18541200e-01 6.97287200e-01 1.94322619e-09 9.73955200e-01 4.62586541e-02 1.55500000e-02
2.89866800e-01 6.42963200e-01 1.94710884e-09 9.87596800e-01 4.81085837e-02 -4.35500000e-02
3.40704000e-01 7.04415200e-01 2.25477974e-09 9.42186400e-01 5.04621052e-02 4.35000000e-02
2.71587600e-01 6.71950400e-01 2.23289569e-09 9.46218400e-01 4.74748115e-02 3.25500000e-02
3.58983200e-01 6.75428000e-01 1.96899289e-09 9.83564800e-01 5.10958773e-02 -3.26000000e-02
2.96436800e-01 6.42056000e-01 2.25701521e-09 9.47730400e-01 4.65841047e-02 -6.37000000e-02
3.34134000e-01 7.05322400e-01 1.94487338e-09 9.82052800e-01 5.19865842e-02 6.36500000e-02
3.19913600e-01 6.66874400e-01 2.00570162e-09 9.66042400e-01 4.98488878e-02 -4.47000000e-02
3.10657200e-01 6.80504000e-01 2.19618697e-09 9.63740800e-01 4.87218011e-02 4.46500000e-02
2.73719200e-01 6.90504800e-01 1.94052010e-09 9.46184800e-01 5.38604943e-02 -2.17000000e-02
3.56851600e-01 6.56873600e-01 2.26136849e-09 9.83598400e-01 4.47101945e-02 2.16500000e-02
3.07299200e-01 6.43892000e-01 2.03911597e-09 9.86723200e-01 4.94686245e-02 -3.56500000e-02
3.23271600e-01 7.03486400e-01 2.16277261e-09 9.43060000e-01 4.91020644e-02 3.56000000e-02
2.79150400e-01 6.76292000e-01 2.27125161e-09 9.80322400e-01 4.77831331e-02 -5.54000000e-02
3.51420400e-01 6.71086400e-01 1.93063698e-09 9.49460800e-01 5.07875557e-02 5.53500000e-02
3.27710000e-01 6.90980000e-01 2.19018650e-09 9.86252800e-01 5.26957238e-02 -5.86000000e-02
3.02860800e-01 6.56398400e-01 2.01170208e-09 9.43530400e-01 4.58749650e-02 5.85500000e-02
3.44908800e-01 6.63137600e-01 2.25689755e-09 9.60700000e-01 4.52685992e-02 2.78000000e-02
2.85662000e-01 6.84240800e-01 1.94499103e-09 9.69083200e-01 5.33020896e-02 -2.78500000e-02
3.45609600e-01 6.95818400e-01 2.08041329e-09 9.57491200e-01 4.44121503e-02 -2.56000000e-02
2.84961200e-01 6.51560000e-01 2.12147529e-09 9.72292000e-01 5.41585385e-02 2.55500000e-02
2.87443200e-01 7.02881600e-01 2.26395692e-09 9.81968800e-01 4.88280007e-02 -7.31000000e-02
3.43127600e-01 6.44496800e-01 1.93793166e-09 9.47814400e-01 4.97426881e-02 7.30500000e-02
3.03532400e-01 6.97244000e-01 2.18700978e-09 9.74744800e-01 4.50664773e-02 -3.11000000e-02
3.27038400e-01 6.50134400e-01 2.01487880e-09 9.55038400e-01 5.35042116e-02 3.10500000e-02
2.92932800e-01 6.80957600e-01 2.03252723e-09 9.39918400e-01 5.16028951e-02 -3.36500000e-02
3.37638000e-01 6.66420800e-01 2.16936136e-09 9.89864800e-01 4.69677938e-02 3.36000000e-02
2.97867600e-01 6.86962400e-01 2.09488500e-09 9.64614400e-01 4.82627445e-02 1.30000000e-02
3.32703200e-01 6.60416000e-01 2.10700359e-09 9.65168800e-01 5.03079444e-02 -1.30500000e-02
3.17022800e-01 6.68278400e-01 2.08464891e-09 9.50720800e-01 4.43710408e-02 -4.08000000e-02
3.13548000e-01 6.79100000e-01 2.11723967e-09 9.79062400e-01 5.41996481e-02 4.07500000e-02
3.54807600e-01 6.85558400e-01 2.02593848e-09 9.84203200e-01 4.46211239e-02 6.07000000e-02
2.75763200e-01 6.61820000e-01 2.17595010e-09 9.45580000e-01 5.39495650e-02 -6.07500000e-02
3.54953600e-01 6.66053600e-01 2.25925068e-09 9.82960000e-01 5.32061674e-02 3.07000000e-02
2.75617200e-01 6.81324800e-01 1.94263791e-09 9.46823200e-01 4.53645215e-02 -3.07500000e-02
2.98889600e-01 6.60653600e-01 2.18265651e-09 9.89428000e-01 5.07841299e-02 -4.19000000e-02
3.31681200e-01 6.86724800e-01 2.01923208e-09 9.40355200e-01 4.77865589e-02 4.18500000e-02
3.18482800e-01 6.79467200e-01 2.21136461e-09 9.79717600e-01 4.73617603e-02 -3.05500000e-02
3.12088000e-01 6.67911200e-01 1.99052397e-09 9.50065600e-01 5.12089286e-02 3.05000000e-02
3.00641600e-01 6.55944800e-01 2.14783028e-09 9.48200800e-01 5.04792341e-02 -6.98000000e-02
3.29929200e-01 6.91433600e-01 2.05405831e-09 9.81582400e-01 4.80914547e-02 6.97500000e-02
3.15738000e-01 6.52272800e-01 1.99028866e-09 9.60498400e-01 5.33877345e-02 -2.37000000e-02
3.14832800e-01 6.95105600e-01 2.21159992e-09 9.69284800e-01 4.51829543e-02 2.36500000e-02
3.48792400e-01 6.56052800e-01 2.14265341e-09 9.89948800e-01 5.39016038e-02 -7.50000000e-02
2.81778400e-01 6.91325600e-01 2.05923518e-09 9.39834400e-01 4.46690850e-02 7.49500000e-02
3.05634800e-01 6.94457600e-01 2.12982888e-09 9.86790400e-01 4.74576825e-02 -2.35000000e-02
3.24936000e-01 6.52920800e-01 2.07205970e-09 9.42992800e-01 5.11130063e-02 2.34500000e-02
3.16672400e-01 6.49637600e-01 2.25395615e-09 9.87832000e-01 4.79886808e-02 1.52500000e-02
3.13898400e-01 6.97740800e-01 1.94793244e-09 9.41951200e-01 5.05820080e-02 -1.53000000e-02
3.25257200e-01 6.58342400e-01 2.13100544e-09 9.60901600e-01 4.63031894e-02 6.54000000e-02
3.05313600e-01 6.89036000e-01 2.07088314e-09 9.68881600e-01 5.22674994e-02 -6.54500000e-02
2.88757200e-01 6.66075200e-01 2.26089786e-09 9.48604000e-01 4.78687780e-02 -7.40000000e-02
3.41813600e-01 6.81303200e-01 1.94099072e-09 9.81179200e-01 5.07019109e-02 7.39500000e-02
3.48529600e-01 6.50220800e-01 2.12535795e-09 9.47377600e-01 4.84785696e-02 -4.03000000e-02
2.82041200e-01 6.97157600e-01 2.07653064e-09 9.82405600e-01 5.00921193e-02 4.02500000e-02
3.33345600e-01 6.46743200e-01 2.03723347e-09 9.78709600e-01 4.55632176e-02 2.97000000e-02
2.97225200e-01 7.00635200e-01 2.16465511e-09 9.51073600e-01 5.30074712e-02 -2.97500000e-02
3.19972000e-01 6.45728000e-01 2.11018030e-09 9.48133600e-01 5.26546143e-02 1.65500000e-02
3.10598800e-01 7.01650400e-01 2.09170828e-09 9.81649600e-01 4.59160746e-02 -1.66000000e-02
3.45668000e-01 6.82404800e-01 2.09947359e-09 9.47428000e-01 4.88382781e-02 -2.30000000e-02
2.84902800e-01 6.64973600e-01 2.10241499e-09 9.82355200e-01 4.97324107e-02 2.29500000e-02
3.22658400e-01 6.63720800e-01 2.23207210e-09 9.82993600e-01 5.02702606e-02 -3.75000000e-02
3.07912400e-01 6.83657600e-01 1.96981649e-09 9.46789600e-01 4.83004282e-02 3.74500000e-02
3.54165200e-01 6.54497600e-01 2.26007427e-09 9.75836800e-01 4.58441328e-02 1.36000000e-02
2.76405600e-01 6.92880800e-01 1.94181432e-09 9.53946400e-01 5.27265560e-02 -1.36500000e-02
2.77778000e-01 7.04588000e-01 2.23619007e-09 9.59322400e-01 5.29218263e-02 -5.36000000e-02
3.52792800e-01 6.42790400e-01 1.96569852e-09 9.70460800e-01 4.56488625e-02 5.35500000e-02
2.99415200e-01 6.69768800e-01 2.10206203e-09 9.54198400e-01 4.71116772e-02 4.03000000e-02
3.31155600e-01 6.77609600e-01 2.09982656e-09 9.75584800e-01 5.14590117e-02 -4.03500000e-02
2.86100000e-01 7.00246400e-01 2.12994654e-09 9.72056800e-01 4.90404000e-02 7.09000000e-02
3.44470800e-01 6.47132000e-01 2.07194205e-09 9.57726400e-01 4.95302888e-02 -7.09500000e-02
3.02744000e-01 6.62943200e-01 1.92604839e-09 9.89411200e-01 5.10307872e-02 -4.32500000e-02
3.27826800e-01 6.84435200e-01 2.27584020e-09 9.40372000e-01 4.75399016e-02 4.32000000e-02
3.16818400e-01 6.98583200e-01 2.23724897e-09 9.41245600e-01 4.89650325e-02 1.49000000e-02
3.13752400e-01 6.48795200e-01 1.96463961e-09 9.88537600e-01 4.96056563e-02 -1.49500000e-02
2.81136000e-01 6.82772000e-01 2.26842786e-09 9.53627200e-01 5.32404253e-02 -2.13500000e-02
3.49434800e-01 6.64606400e-01 1.93346073e-09 9.76156000e-01 4.53302635e-02 2.13000000e-02
3.42602000e-01 6.57003200e-01 2.16030183e-09 9.48167200e-01 4.99002747e-02 -1.79000000e-02
2.87968800e-01 6.90375200e-01 2.04158675e-09 9.81616000e-01 4.86704141e-02 1.78500000e-02
2.85078000e-01 6.46700000e-01 2.19677525e-09 9.40506400e-01 4.70534387e-02 5.15000000e-02
3.45492800e-01 7.00678400e-01 2.00511334e-09 9.89276800e-01 5.15172502e-02 -5.15500000e-02
3.50953200e-01 6.69380000e-01 1.93628448e-09 9.84320800e-01 5.13322572e-02 1.07000000e-02
2.79617600e-01 6.77998400e-01 2.26560411e-09 9.45462400e-01 4.72384316e-02 -1.07500000e-02
3.40762400e-01 6.59940800e-01 2.10441515e-09 9.81280000e-01 4.79338681e-02 1.83500000e-02
2.89808400e-01 6.87437600e-01 2.09747344e-09 9.48503200e-01 5.06368207e-02 -1.84000000e-02
2.78683200e-01 6.70784000e-01 2.03276254e-09 9.56735200e-01 4.58886682e-02 -2.95500000e-02
3.51887600e-01 6.76594400e-01 2.16912605e-09 9.73048000e-01 5.26820207e-02 2.95000000e-02
3.46660800e-01 6.42617600e-01 2.15830168e-09 9.78961600e-01 4.86327304e-02 4.41000000e-02
2.83910000e-01 7.04760800e-01 2.04358691e-09 9.50821600e-01 4.99379585e-02 -4.41500000e-02
2.88786400e-01 6.44691200e-01 2.20830555e-09 9.47982400e-01 5.42715898e-02 3.59000000e-02
3.41784400e-01 7.02687200e-01 1.99358303e-09 9.81800800e-01 4.42990991e-02 -3.59500000e-02
3.06189600e-01 6.52899200e-01 2.12300482e-09 9.54904000e-01 4.89581810e-02 1.46500000e-02
3.24381200e-01 6.94479200e-01 2.07888376e-09 9.74879200e-01 4.96125079e-02 -1.47000000e-02
3.34864000e-01 6.57996800e-01 1.94334385e-09 9.84791200e-01 4.67828008e-02 6.91500000e-02
2.95706800e-01 6.89381600e-01 2.25854474e-09 9.44992000e-01 5.17878880e-02 -6.92000000e-02
2.98305600e-01 6.44842400e-01 2.17759729e-09 9.57911200e-01 5.26066531e-02 -3.96000000e-02
3.32265200e-01 7.02536000e-01 2.02429129e-09 9.71872000e-01 4.59640357e-02 3.95500000e-02
2.81252800e-01 6.80892800e-01 2.16041949e-09 9.72208000e-01 4.62209704e-02 -4.43000000e-02
3.49318000e-01 6.66485600e-01 2.04146910e-09 9.57575200e-01 5.23497185e-02 4.42500000e-02
3.03036000e-01 6.53417600e-01 2.02076161e-09 9.44908000e-01 4.90232711e-02 -5.92000000e-02
3.27534800e-01 6.93960800e-01 2.18112698e-09 9.84875200e-01 4.95474178e-02 5.91500000e-02
3.37083200e-01 6.64671200e-01 2.22630695e-09 9.60952000e-01 4.57824685e-02 -1.88000000e-02
2.93487600e-01 6.82707200e-01 1.97558164e-09 9.68831200e-01 5.27882203e-02 1.87500000e-02
3.22570800e-01 6.96444800e-01 2.11347467e-09 9.54416800e-01 5.08800522e-02 2.38000000e-02
3.08000000e-01 6.50933600e-01 2.08841391e-09 9.75366400e-01 4.76906366e-02 -2.38500000e-02
3.00057600e-01 6.95602400e-01 2.14241809e-09 9.42052000e-01 5.32267221e-02 -3.34000000e-02
3.30513200e-01 6.51776000e-01 2.05947049e-09 9.87731200e-01 4.53439667e-02 3.33500000e-02
2.73894400e-01 6.61647200e-01 2.00099537e-09 9.87025600e-01 4.77660041e-02 -4.10500000e-02
3.56676400e-01 6.85731200e-01 2.20089321e-09 9.42757600e-01 5.08046847e-02 4.10000000e-02
3.16409600e-01 6.79748000e-01 2.18206822e-09 9.69620800e-01 5.09006070e-02 4.19000000e-02
3.14161200e-01 6.67630400e-01 2.01982036e-09 9.60162400e-01 4.76700818e-02 -4.19500000e-02
2.71908800e-01 7.02557600e-01 1.93357838e-09 9.82153600e-01 4.51281416e-02 1.04500000e-02
3.58662000e-01 6.44820800e-01 2.26831020e-09 9.47629600e-01 5.34425472e-02 -1.05000000e-02
3.56413600e-01 6.46224800e-01 2.27089864e-09 9.66731200e-01 4.51966575e-02 -6.30000000e-02
2.74157200e-01 7.01153600e-01 1.93098995e-09 9.63052000e-01 5.33740313e-02 6.29500000e-02
3.42981600e-01 6.54843200e-01 2.06782408e-09 9.49662400e-01 5.12329092e-02 -6.14000000e-02
2.87589200e-01 6.92535200e-01 2.13406451e-09 9.80120800e-01 4.73377797e-02 6.13500000e-02
3.33666800e-01 6.50307200e-01 2.01523177e-09 9.54870400e-01 4.72418574e-02 -7.17500000e-02
2.96904000e-01 6.97071200e-01 2.18665682e-09 9.74912800e-01 5.13288314e-02 7.17000000e-02
3.58778800e-01 6.62878400e-01 2.07523642e-09 9.87160000e-01 4.71527867e-02 7.40000000e-02
2.71792000e-01 6.84500000e-01 2.12665217e-09 9.42623200e-01 5.14179021e-02 -7.40500000e-02
3.22366400e-01 6.72296000e-01 2.19595165e-09 9.48318400e-01 4.85368081e-02 4.94500000e-02
3.08204400e-01 6.75082400e-01 2.00593693e-09 9.81464800e-01 5.00338807e-02 -4.95000000e-02
3.52354800e-01 6.90224000e-01 1.99275944e-09 9.52535200e-01 4.89376262e-02 2.69500000e-02
2.78216000e-01 6.57154400e-01 2.20912914e-09 9.77248000e-01 4.96330627e-02 -2.70000000e-02
2.88874000e-01 6.49421600e-01 2.22771882e-09 9.88806400e-01 4.75638822e-02 7.00000000e-02
3.41696800e-01 6.97956800e-01 1.97416976e-09 9.40976800e-01 5.10068067e-02 -7.00500000e-02
3.14132000e-01 6.51430400e-01 2.02287942e-09 9.54131200e-01 4.99139779e-02 6.06500000e-02
3.16438800e-01 6.95948000e-01 2.17900916e-09 9.75652000e-01 4.86567109e-02 -6.07000000e-02
2.94071600e-01 6.63094400e-01 1.96416899e-09 9.74576800e-01 4.81394158e-02 -3.20000000e-02
3.36499200e-01 6.84284000e-01 2.23771960e-09 9.55206400e-01 5.04312730e-02 3.19500000e-02
3.23417600e-01 6.99317600e-01 2.23971975e-09 9.42858400e-01 4.70191807e-02 6.77500000e-02
3.07153200e-01 6.48060800e-01 1.96216883e-09 9.86924800e-01 5.15515081e-02 -6.78000000e-02
3.41317200e-01 6.92276000e-01 2.27607551e-09 9.72157600e-01 5.41071516e-02 -3.03000000e-02
2.89253600e-01 6.55102400e-01 1.92581308e-09 9.57625600e-01 4.44635373e-02 3.02500000e-02
3.22132800e-01 6.77004800e-01 2.05735268e-09 9.87260800e-01 4.88725361e-02 -6.16500000e-02
3.08438000e-01 6.70373600e-01 2.14453590e-09 9.42522400e-01 4.96981528e-02 6.16000000e-02
3.50340000e-01 6.61172000e-01 2.05429362e-09 9.42724000e-01 5.44086216e-02 -4.96000000e-02
2.80230800e-01 6.86206400e-01 2.14759497e-09 9.87059200e-01 4.41620673e-02 4.95500000e-02
3.32586400e-01 6.75687200e-01 2.05676440e-09 9.42438400e-01 5.24764729e-02 -1.20000000e-02
2.97984400e-01 6.71691200e-01 2.14512419e-09 9.87344800e-01 4.60942159e-02 1.19500000e-02
2.73573200e-01 6.84910400e-01 2.04723425e-09 9.71704000e-01 4.68033556e-02 -4.88000000e-02
3.56997600e-01 6.62468000e-01 2.15465434e-09 9.58079200e-01 5.17673333e-02 4.87500000e-02
2.91093200e-01 6.49724000e-01 2.17489120e-09 9.58348000e-01 5.34768052e-02 -4.23500000e-02
3.39477600e-01 6.97654400e-01 2.02699739e-09 9.71435200e-01 4.50938836e-02 4.23000000e-02
2.99152400e-01 6.92967200e-01 2.13771185e-09 9.78928000e-01 4.86738399e-02 2.98500000e-02
3.31418400e-01 6.54411200e-01 2.06417674e-09 9.50855200e-01 4.98968489e-02 -2.99000000e-02
2.98364000e-01 7.04652800e-01 2.21148227e-09 9.49360000e-01 4.49123165e-02 7.45000000e-02
3.32206800e-01 6.42725600e-01 1.99040632e-09 9.80423200e-01 5.36583724e-02 -7.45500000e-02
2.97692400e-01 6.62986400e-01 2.13629997e-09 9.89545600e-01 5.22469446e-02 5.51500000e-02
3.32878400e-01 6.84392000e-01 2.06558861e-09 9.40237600e-01 4.63237442e-02 -5.52000000e-02
3.58136400e-01 6.58947200e-01 2.07288329e-09 9.50922400e-01 4.93007605e-02 7.13000000e-02
2.72434400e-01 6.88431200e-01 2.12900529e-09 9.78860800e-01 4.92699283e-02 -7.13500000e-02
3.26892400e-01 7.03248800e-01 1.94063775e-09 9.78340000e-01 4.86669883e-02 -1.87500000e-02
3.03678400e-01 6.44129600e-01 2.26125083e-09 9.51443200e-01 4.99037005e-02 1.87000000e-02
2.77544400e-01 6.61776800e-01 1.96605149e-09 9.61220800e-01 4.72761154e-02 5.43500000e-02
3.53026400e-01 6.85601600e-01 2.23583710e-09 9.68562400e-01 5.12945735e-02 -5.44000000e-02
3.45814000e-01 6.72036800e-01 1.97946429e-09 9.76240000e-01 5.41516869e-02 -2.58500000e-02
2.84756800e-01 6.75341600e-01 2.22242429e-09 9.53543200e-01 4.44190019e-02 2.58000000e-02
2.73281200e-01 6.57392000e-01 2.06405908e-09 9.62665600e-01 4.44703889e-02 -4.60000000e-03
3.57289600e-01 6.89986400e-01 2.13782950e-09 9.67117600e-01 5.41003000e-02 4.55000000e-03
3.06335600e-01 6.65621600e-01 2.07323626e-09 9.78692800e-01 5.39358618e-02 -6.83500000e-02
3.24235200e-01 6.81756800e-01 2.12865232e-09 9.51090400e-01 4.46348270e-02 6.83000000e-02
2.90742800e-01 7.05192800e-01 2.09194359e-09 9.82876000e-01 4.45765885e-02 -4.80500000e-02
3.39828000e-01 6.42185600e-01 2.10994499e-09 9.46907200e-01 5.39941003e-02 4.80000000e-02
3.51070000e-01 6.56744000e-01 2.02158520e-09 9.80574400e-01 4.41483641e-02 -6.05500000e-02
2.79500800e-01 6.90634400e-01 2.18030338e-09 9.49208800e-01 5.44223248e-02 6.05000000e-02
2.96028000e-01 7.00052000e-01 2.01193740e-09 9.42236800e-01 5.25518404e-02 -6.96500000e-02
3.34542800e-01 6.47326400e-01 2.18995119e-09 9.87546400e-01 4.60188484e-02 6.96000000e-02
3.18132400e-01 6.95904800e-01 2.21477664e-09 9.73098400e-01 4.56454367e-02 1.97000000e-02
3.12438400e-01 6.51473600e-01 1.98711194e-09 9.56684800e-01 5.29252521e-02 -1.97500000e-02
2.81194400e-01 6.66701600e-01 2.19795181e-09 9.85362400e-01 4.84374600e-02 1.94000000e-02
3.49376400e-01 6.80676800e-01 2.00393678e-09 9.44420800e-01 5.01332288e-02 -1.94500000e-02
2.74566000e-01 6.53763200e-01 2.09617922e-09 9.58835200e-01 4.74405535e-02 2.42500000e-02
3.56004800e-01 6.93615200e-01 2.10570937e-09 9.70948000e-01 5.11301353e-02 -2.43000000e-02
3.06481600e-01 7.00116800e-01 1.99746569e-09 9.82892800e-01 5.21955577e-02 7.12000000e-02
3.24089200e-01 6.47261600e-01 2.20442290e-09 9.46890400e-01 4.63751311e-02 -7.12500000e-02
3.44616800e-01 6.63461600e-01 2.19889306e-09 9.46420000e-01 5.23599959e-02 1.61500000e-02
2.85954000e-01 6.83916800e-01 2.00299553e-09 9.83363200e-01 4.62106930e-02 -1.62000000e-02
3.49551600e-01 6.76011200e-01 1.95205040e-09 9.59137600e-01 4.50322193e-02 -1.78000000e-02
2.81019200e-01 6.71367200e-01 2.24983818e-09 9.70645600e-01 5.35384695e-02 1.77500000e-02
3.52530000e-01 6.71820800e-01 2.12171061e-09 9.87798400e-01 5.25586920e-02 -5.58000000e-02
2.78040800e-01 6.75557600e-01 2.08017798e-09 9.41984800e-01 4.60119968e-02 5.57500000e-02
2.76989600e-01 6.60027200e-01 2.06735345e-09 9.53140000e-01 4.72658380e-02 -2.11000000e-02
3.53581200e-01 6.87351200e-01 2.13453513e-09 9.76643200e-01 5.13048509e-02 2.10500000e-02
2.92640800e-01 7.04480000e-01 2.12100467e-09 9.46453600e-01 4.90746580e-02 -3.00500000e-02
3.37930000e-01 6.42898400e-01 2.08088391e-09 9.83329600e-01 4.94960308e-02 3.00000000e-02
2.95006000e-01 7.02773600e-01 2.20948211e-09 9.46470400e-01 4.61421771e-02 3.00500000e-02
3.35564800e-01 6.44604800e-01 1.99240647e-09 9.83312800e-01 5.24285118e-02 -3.01000000e-02
2.95064400e-01 6.88712000e-01 1.93699041e-09 9.49494400e-01 4.42579895e-02 1.68000000e-02
3.35506400e-01 6.58666400e-01 2.26489817e-09 9.80288800e-01 5.43126993e-02 -1.68500000e-02
2.74828800e-01 6.64584800e-01 1.99993647e-09 9.64530400e-01 4.43128023e-02 6.68500000e-02
3.55742000e-01 6.82793600e-01 2.20195212e-09 9.65252800e-01 5.42578866e-02 -6.69000000e-02
2.79004400e-01 6.55232000e-01 2.04452816e-09 9.87428800e-01 5.38365137e-02 -5.76500000e-02
3.51566400e-01 6.92146400e-01 2.15736043e-09 9.42354400e-01 4.47341751e-02 5.76000000e-02
3.04320800e-01 6.49443200e-01 2.02017333e-09 9.55811200e-01 4.90164195e-02 -2.05500000e-02
3.26250000e-01 6.97935200e-01 2.18171526e-09 9.73972000e-01 4.95542694e-02 2.05000000e-02
3.16730800e-01 6.89921600e-01 2.22642460e-09 9.88268800e-01 5.09999551e-02 3.04500000e-02
3.13840000e-01 6.57456800e-01 1.97546398e-09 9.41514400e-01 4.75707338e-02 -3.05000000e-02
2.85194800e-01 6.95408000e-01 1.97064008e-09 9.67420000e-01 5.08389427e-02 1.28000000e-02
3.45376000e-01 6.51970400e-01 2.23124851e-09 9.62363200e-01 4.77317462e-02 -1.28500000e-02
2.91472800e-01 6.98561600e-01 2.20289337e-09 9.44857600e-01 5.33226444e-02 -1.00000000e-03
3.39098000e-01 6.48816800e-01 1.99899522e-09 9.84925600e-01 4.52480444e-02 9.50000000e-04
3.00962800e-01 7.00268000e-01 2.25583865e-09 9.71082400e-01 5.35624501e-02 -6.47500000e-02
3.29608000e-01 6.47110400e-01 1.94604994e-09 9.58700800e-01 4.50082387e-02 6.47000000e-02
3.12993200e-01 7.03227200e-01 2.22513038e-09 9.49780000e-01 4.95782499e-02 -2.08500000e-02
3.17577600e-01 6.44151200e-01 1.97675820e-09 9.80003200e-01 4.89924389e-02 2.08000000e-02
3.10628000e-01 6.88344800e-01 2.09641453e-09 9.82691200e-01 4.64779050e-02 -7.23000000e-02
3.19942800e-01 6.59033600e-01 2.10547405e-09 9.47092000e-01 5.20927838e-02 7.22500000e-02
2.94597200e-01 6.54627200e-01 2.18936291e-09 9.64480000e-01 5.23874022e-02 -3.42500000e-02
3.35973600e-01 6.92751200e-01 2.01252568e-09 9.65303200e-01 4.61832866e-02 3.42000000e-02
3.05050800e-01 6.65837600e-01 2.23936678e-09 9.43816000e-01 4.69849227e-02 -3.91000000e-02
3.25520000e-01 6.81540800e-01 1.96252180e-09 9.85967200e-01 5.15857661e-02 3.90500000e-02
2.76055200e-01 6.97092800e-01 2.13877075e-09 9.82792000e-01 4.67622460e-02 -4.85500000e-02
3.54515600e-01 6.50285600e-01 2.06311783e-09 9.46991200e-01 5.18084428e-02 4.85000000e-02
3.43945200e-01 6.86336000e-01 2.00652521e-09 9.85715200e-01 4.78345200e-02 -5.88500000e-02
2.86625600e-01 6.61042400e-01 2.19536337e-09 9.44068000e-01 5.07361688e-02 5.88000000e-02
3.52004400e-01 6.90051200e-01 2.02276176e-09 9.57608800e-01 5.03798861e-02 6.07500000e-02
2.78566400e-01 6.57327200e-01 2.17912682e-09 9.72174400e-01 4.81908028e-02 -6.08000000e-02
3.05518000e-01 6.93377600e-01 2.13053482e-09 9.56029600e-01 5.00441581e-02 2.87500000e-02
3.25052800e-01 6.54000800e-01 2.07135376e-09 9.73753600e-01 4.85265307e-02 -2.88000000e-02
3.33404000e-01 6.43179200e-01 2.11441592e-09 9.51308800e-01 5.37714236e-02 1.77000000e-02
2.97166800e-01 7.04199200e-01 2.08747266e-09 9.78474400e-01 4.47992652e-02 -1.77500000e-02
2.83355200e-01 6.95300000e-01 2.27442832e-09 9.83716000e-01 5.01366546e-02 4.49500000e-02
3.47215600e-01 6.52078400e-01 1.92746026e-09 9.46067200e-01 4.84340342e-02 -4.50000000e-02
3.01225600e-01 6.66982400e-01 2.27219285e-09 9.81834400e-01 4.80571967e-02 3.84000000e-02
3.29345200e-01 6.80396000e-01 1.92969573e-09 9.47948800e-01 5.05134921e-02 -3.84500000e-02
3.52208800e-01 6.57348800e-01 2.20430524e-09 9.42472000e-01 4.67451171e-02 6.90000000e-03
2.78362000e-01 6.90029600e-01 1.99758334e-09 9.87311200e-01 5.18255718e-02 -6.95000000e-03
3.26658800e-01 6.98604800e-01 2.00428974e-09 9.70242400e-01 4.64162407e-02 2.82000000e-02
3.03912000e-01 6.48773600e-01 2.19759884e-09 9.59540800e-01 5.21544481e-02 -2.82500000e-02
3.04846400e-01 6.41991200e-01 1.94510869e-09 9.48671200e-01 4.82250607e-02 -4.50500000e-02
3.25724400e-01 7.05387200e-01 2.25677990e-09 9.81112000e-01 5.03456281e-02 4.50000000e-02
3.32382000e-01 6.67522400e-01 2.07064783e-09 9.42455200e-01 5.20756548e-02 3.25000000e-03
2.98188800e-01 6.79856000e-01 2.13124076e-09 9.87328000e-01 4.64950340e-02 -3.30000000e-03
2.83384400e-01 6.50955200e-01 2.22289492e-09 9.50888800e-01 4.64607760e-02 -6.19500000e-02
3.47186400e-01 6.96423200e-01 1.97899367e-09 9.78894400e-01 5.21099128e-02 6.19000000e-02
3.30279600e-01 6.84759200e-01 2.11147452e-09 9.45126400e-01 4.56933978e-02 2.95000000e-03
3.00291200e-01 6.62619200e-01 2.09041406e-09 9.84656800e-01 5.28772910e-02 -3.00000000e-03
2.83968400e-01 6.53288000e-01 2.00864302e-09 9.74761600e-01 5.31924642e-02 -6.38000000e-02
3.46602400e-01 6.94090400e-01 2.19324556e-09 9.55021600e-01 4.53782247e-02 6.37500000e-02
3.11591600e-01 6.46656800e-01 2.13077013e-09 9.59490400e-01 5.42270544e-02 -5.22000000e-02
3.18979200e-01 7.00721600e-01 2.07111845e-09 9.70292800e-01 4.43436344e-02 5.21500000e-02
3.56968400e-01 6.72317600e-01 2.16289027e-09 9.81078400e-01 5.40797452e-02 5.40000000e-03
2.73602400e-01 6.75060800e-01 2.03899832e-09 9.48704800e-01 4.44909436e-02 -5.45000000e-03
2.76785200e-01 6.80309600e-01 2.08100157e-09 9.74425600e-01 4.92802057e-02 -5.63000000e-02
3.53785600e-01 6.67068800e-01 2.12088701e-09 9.55357600e-01 4.92904831e-02 5.62500000e-02
2.71675200e-01 6.60394400e-01 2.10147374e-09 9.86135200e-01 4.83141314e-02 -2.92500000e-02
3.58895600e-01 6.86984000e-01 2.10041484e-09 9.43648000e-01 5.02565574e-02 2.92000000e-02
2.78157600e-01 6.44648000e-01 1.99464194e-09 9.73031200e-01 4.47238977e-02 -6.28500000e-02
3.52413200e-01 7.02730400e-01 2.20724665e-09 9.56752000e-01 5.38467911e-02 6.28000000e-02
3.32732400e-01 6.73116800e-01 2.18230354e-09 9.61859200e-01 5.22880542e-02 1.60000000e-03
2.97838400e-01 6.74261600e-01 2.01958505e-09 9.67924000e-01 4.62826347e-02 -1.65000000e-03
3.38543200e-01 6.49529600e-01 2.20371696e-09 9.72275200e-01 4.70328839e-02 -4.66500000e-02
2.92027600e-01 6.97848800e-01 1.99817162e-09 9.57508000e-01 5.15378050e-02 4.66000000e-02
3.18044800e-01 6.78516800e-01 1.97911132e-09 9.77516800e-01 4.62072672e-02 -5.91000000e-02
3.12526000e-01 6.68861600e-01 2.22277726e-09 9.52266400e-01 5.23634217e-02 5.90500000e-02
2.89896000e-01 6.51689600e-01 1.98581773e-09 9.54836800e-01 4.80846031e-02 -4.56000000e-02
3.40674800e-01 6.95688800e-01 2.21607086e-09 9.74946400e-01 5.04860857e-02 4.55500000e-02
3.18453600e-01 6.87740000e-01 1.99393600e-09 9.61204000e-01 4.83107056e-02 -1.77000000e-02
3.12117200e-01 6.59638400e-01 2.20795258e-09 9.68579200e-01 5.02599832e-02 1.76500000e-02
3.11153600e-01 6.50804000e-01 2.16536105e-09 9.55324000e-01 5.15926177e-02 6.98500000e-02
3.19417200e-01 6.96574400e-01 2.03652754e-09 9.74459200e-01 4.69780712e-02 -6.99000000e-02
2.72960000e-01 6.65772800e-01 2.00499568e-09 9.54181600e-01 4.70054775e-02 4.24000000e-02
3.57610800e-01 6.81605600e-01 2.19689290e-09 9.75601600e-01 5.15652113e-02 -4.24500000e-02
2.83472000e-01 6.83160800e-01 2.14994809e-09 9.51493600e-01 4.44018729e-02 4.86500000e-02
3.47098800e-01 6.64217600e-01 2.05194050e-09 9.78289600e-01 5.41688159e-02 -4.87000000e-02
3.53844000e-01 7.02471200e-01 2.23795491e-09 9.50132800e-01 5.01058224e-02 -1.18000000e-02
2.76726800e-01 6.44907200e-01 1.96393368e-09 9.79650400e-01 4.84648664e-02 1.17500000e-02
3.35594000e-01 6.94133600e-01 1.97522867e-09 9.65000800e-01 4.66971559e-02 2.45000000e-02
2.94976800e-01 6.53244800e-01 2.22665991e-09 9.64782400e-01 5.18735329e-02 -2.45500000e-02
3.25490800e-01 6.73743200e-01 1.97440508e-09 9.79112800e-01 4.66286400e-02 2.60000000e-02
3.05080000e-01 6.73635200e-01 2.22748351e-09 9.50670400e-01 5.19420488e-02 -2.60500000e-02
3.30659200e-01 6.92448800e-01 2.07735423e-09 9.72359200e-01 4.74713857e-02 -4.46500000e-02
2.99911600e-01 6.54929600e-01 2.12453436e-09 9.57424000e-01 5.10993031e-02 4.46000000e-02
2.98772800e-01 6.54022400e-01 2.08347235e-09 9.73703200e-01 5.26237821e-02 5.79500000e-02
3.31798000e-01 6.93356000e-01 2.11841623e-09 9.56080000e-01 4.59469067e-02 -5.80000000e-02
2.76872800e-01 6.78495200e-01 2.01582005e-09 9.81716800e-01 4.43230797e-02 3.15000000e-02
3.53698000e-01 6.68883200e-01 2.18606853e-09 9.48066400e-01 5.42476092e-02 -3.15500000e-02
3.30046000e-01 6.75255200e-01 1.98640601e-09 9.79196800e-01 4.64230923e-02 -1.17000000e-02
3.00524800e-01 6.72123200e-01 2.21548258e-09 9.50586400e-01 5.21475966e-02 1.16500000e-02
3.50048000e-01 6.96833600e-01 2.24901459e-09 9.80792800e-01 5.13151282e-02 -5.28000000e-02
2.80522800e-01 6.50544800e-01 1.95287400e-09 9.48990400e-01 4.72555606e-02 5.27500000e-02
3.14365600e-01 6.69272000e-01 2.20771727e-09 9.69923200e-01 4.75056437e-02 -1.25000000e-02
3.16205200e-01 6.78106400e-01 1.99417131e-09 9.59860000e-01 5.10650452e-02 1.24500000e-02
3.12234000e-01 6.69639200e-01 1.97087539e-09 9.75870400e-01 4.74165730e-02 -6.95500000e-02
3.18336800e-01 6.77739200e-01 2.23101319e-09 9.53912800e-01 5.11541159e-02 6.95000000e-02
3.29578800e-01 6.63332000e-01 2.22065945e-09 9.72342400e-01 4.54159084e-02 -5.70000000e-02
3.00992000e-01 6.84046400e-01 1.98122913e-09 9.57440800e-01 5.31547804e-02 5.69500000e-02
2.92407200e-01 6.52467200e-01 1.92628370e-09 9.56953600e-01 4.48575037e-02 -2.44000000e-02
3.38163600e-01 6.94911200e-01 2.27560488e-09 9.72829600e-01 5.37131851e-02 2.43500000e-02
3.52471600e-01 6.41904800e-01 2.19854009e-09 9.39868000e-01 5.31239483e-02 -2.87000000e-02
2.78099200e-01 7.05473600e-01 2.00334850e-09 9.89915200e-01 4.54467406e-02 2.86500000e-02
3.57523200e-01 6.51128000e-01 2.04546941e-09 9.50015200e-01 4.78756296e-02 -4.58000000e-02
2.73047600e-01 6.96250400e-01 2.15641918e-09 9.79768000e-01 5.06950593e-02 4.57500000e-02
3.27359600e-01 6.53741600e-01 2.18724510e-09 9.84455200e-01 5.04141440e-02 -3.41000000e-02
3.03211200e-01 6.93636800e-01 2.01464349e-09 9.45328000e-01 4.81565448e-02 3.40500000e-02
2.94801600e-01 6.82188800e-01 2.08653141e-09 9.78592000e-01 4.59537583e-02 -7.39500000e-02
3.35769200e-01 6.65189600e-01 2.11535717e-09 9.51191200e-01 5.26169305e-02 7.39000000e-02
3.17081200e-01 6.72231200e-01 2.07335392e-09 9.41699200e-01 5.02154479e-02 6.26500000e-02
3.13489600e-01 6.75147200e-01 2.12853467e-09 9.88084000e-01 4.83552409e-02 -6.27000000e-02
3.12759600e-01 6.41667200e-01 2.24701443e-09 9.56836000e-01 4.86430078e-02 4.28000000e-02
3.17811200e-01 7.05711200e-01 1.95487415e-09 9.72947200e-01 4.99276811e-02 -4.28500000e-02
3.57669200e-01 6.81432800e-01 2.17606776e-09 9.47310400e-01 4.61079191e-02 -3.32000000e-02
2.72901600e-01 6.65945600e-01 2.02582082e-09 9.82472800e-01 5.24627697e-02 3.31500000e-02
3.44792000e-01 6.89446400e-01 2.15712512e-09 9.87748000e-01 5.30759871e-02 3.45000000e-02
2.85778800e-01 6.57932000e-01 2.04476347e-09 9.42035200e-01 4.54947017e-02 -3.45500000e-02
3.02043200e-01 6.52056800e-01 2.10135609e-09 9.42640000e-01 4.97050044e-02 3.21500000e-02
3.28527600e-01 6.95321600e-01 2.10053250e-09 9.87143200e-01 4.88656845e-02 -3.22000000e-02
3.57961200e-01 6.62446400e-01 2.20783493e-09 9.51325600e-01 4.47204719e-02 4.88500000e-02
2.72609600e-01 6.84932000e-01 1.99405366e-09 9.78457600e-01 5.38502169e-02 -4.89000000e-02
2.77602800e-01 6.59573600e-01 2.09147297e-09 9.64379200e-01 4.55597918e-02 5.00500000e-02
3.52968000e-01 6.87804800e-01 2.11041561e-09 9.65404000e-01 5.30108970e-02 -5.01000000e-02
3.16964400e-01 6.52424000e-01 2.00193662e-09 9.72006400e-01 4.51486964e-02 -1.17500000e-02
3.13606400e-01 6.94954400e-01 2.19995196e-09 9.57776800e-01 5.34219925e-02 1.17000000e-02
2.83997600e-01 6.62554400e-01 1.95322696e-09 9.72258400e-01 4.47615815e-02 -3.92000000e-02
3.46573200e-01 6.84824000e-01 2.24866162e-09 9.57524800e-01 5.38091074e-02 3.91500000e-02
2.74478400e-01 6.49659200e-01 2.17736198e-09 9.44958400e-01 4.41552157e-02 -5.50000000e-03
3.56092400e-01 6.97719200e-01 2.02452661e-09 9.84824800e-01 5.44154732e-02 5.45000000e-03
3.54690800e-01 6.86314400e-01 2.17418526e-09 9.87966400e-01 4.98283330e-02 -4.45000000e-03
2.75880000e-01 6.61064000e-01 2.02770332e-09 9.41816800e-01 4.87423558e-02 4.40000000e-03
3.18278400e-01 6.90116000e-01 2.02876223e-09 9.45025600e-01 5.15583597e-02 6.57000000e-02
3.12292400e-01 6.57262400e-01 2.17312636e-09 9.84757600e-01 4.70123291e-02 -6.57500000e-02
3.35477200e-01 6.99296000e-01 2.23689600e-09 9.59557600e-01 4.42853959e-02 -2.06000000e-02
2.95093600e-01 6.48082400e-01 1.96499258e-09 9.70225600e-01 5.42852929e-02 2.05500000e-02
3.14424000e-01 6.44518400e-01 1.97993492e-09 9.75198400e-01 5.17810364e-02 -5.43500000e-02
3.16146800e-01 7.02860000e-01 2.22195367e-09 9.54584800e-01 4.67896524e-02 5.43000000e-02
3.29024000e-01 6.81368000e-01 2.16712589e-09 9.44790400e-01 5.12637413e-02 5.72000000e-02
3.01546800e-01 6.66010400e-01 2.03476269e-09 9.84992800e-01 4.73069475e-02 -5.72500000e-02
2.88961600e-01 6.94976000e-01 2.21383539e-09 9.74728000e-01 4.65292919e-02 2.96000000e-02
3.41609200e-01 6.52402400e-01 1.98805319e-09 9.55055200e-01 5.20413969e-02 -2.96500000e-02
2.91618800e-01 6.64001600e-01 2.15488965e-09 9.46386400e-01 5.04586794e-02 2.85000000e-03
3.38952000e-01 6.83376800e-01 2.04699894e-09 9.83396800e-01 4.81120095e-02 -2.90000000e-03
3.12788800e-01 6.86163200e-01 2.12606389e-09 9.52770400e-01 5.18050170e-02 -4.27000000e-02
3.17782000e-01 6.61215200e-01 2.07582470e-09 9.77012800e-01 4.67656718e-02 4.26500000e-02
3.27447200e-01 6.63591200e-01 2.06182361e-09 9.62329600e-01 4.67793750e-02 3.01500000e-02
3.03123600e-01 6.83787200e-01 2.14006497e-09 9.67453600e-01 5.17913138e-02 -3.02000000e-02
2.99386000e-01 7.03508000e-01 2.11947514e-09 9.65891200e-01 4.88108717e-02 3.94000000e-02
3.31184800e-01 6.43870400e-01 2.08241344e-09 9.63892000e-01 4.97598171e-02 -3.94500000e-02
3.36732800e-01 6.80158400e-01 2.20183446e-09 9.51980800e-01 4.42922475e-02 -3.88000000e-02
2.93838000e-01 6.67220000e-01 2.00005412e-09 9.77802400e-01 5.42784413e-02 3.87500000e-02
3.14511600e-01 6.49054400e-01 2.03123301e-09 9.58751200e-01 4.66183626e-02 7.18500000e-02
3.16059200e-01 6.98324000e-01 2.17065558e-09 9.71032000e-01 5.19523262e-02 -7.19000000e-02
3.46865200e-01 6.69315200e-01 2.04864612e-09 9.65588800e-01 5.31102451e-02 -1.71500000e-02
2.83705600e-01 6.78063200e-01 2.15324246e-09 9.64194400e-01 4.54604438e-02 1.71000000e-02
2.71996400e-01 6.72360800e-01 2.12500498e-09 9.51896800e-01 4.68307620e-02 5.75000000e-02
3.58574400e-01 6.75017600e-01 2.07688360e-09 9.77886400e-01 5.17399269e-02 -5.75500000e-02
3.01751200e-01 6.41624000e-01 2.00711349e-09 9.47646400e-01 4.69369616e-02 -5.21000000e-02
3.28819600e-01 7.05754400e-01 2.19477509e-09 9.82136800e-01 5.16337272e-02 5.20500000e-02
2.83880800e-01 6.95796800e-01 2.13465279e-09 9.73400800e-01 5.12671671e-02 4.36000000e-02
3.46690000e-01 6.51581600e-01 2.06723580e-09 9.56382400e-01 4.73035217e-02 -4.36500000e-02
2.92232000e-01 6.53547200e-01 2.18912760e-09 9.54887200e-01 5.22503704e-02 -4.07000000e-02
3.38338800e-01 6.93831200e-01 2.01276099e-09 9.74896000e-01 4.63203184e-02 4.06500000e-02
2.95356400e-01 6.87653600e-01 2.18312713e-09 9.85900000e-01 4.78413716e-02 -3.77500000e-02
3.35214400e-01 6.59724800e-01 2.01876145e-09 9.43883200e-01 5.07293172e-02 3.77000000e-02
3.36324000e-01 6.88820000e-01 2.01440818e-09 9.48856000e-01 5.41277063e-02 4.60000000e-03
2.94246800e-01 6.58558400e-01 2.18748041e-09 9.80927200e-01 4.44429825e-02 -4.65000000e-03
2.81574000e-01 6.42401600e-01 2.21995351e-09 9.59759200e-01 4.63168926e-02 -7.07000000e-02
3.48996800e-01 7.04976800e-01 1.98193507e-09 9.70024000e-01 5.22537962e-02 7.06500000e-02
3.21315200e-01 6.55188800e-01 1.99264178e-09 9.41531200e-01 4.50733289e-02 6.20000000e-03
3.09255600e-01 6.92189600e-01 2.20924680e-09 9.88252000e-01 5.34973600e-02 -6.25000000e-03
3.29082400e-01 6.76508000e-01 2.22324789e-09 9.47864800e-01 4.64573502e-02 6.81500000e-02
3.01488400e-01 6.70870400e-01 1.97864070e-09 9.81918400e-01 5.21133386e-02 -6.82000000e-02
3.07532800e-01 7.02600800e-01 2.26513348e-09 9.48637600e-01 4.51110126e-02 -5.87000000e-02
3.23038000e-01 6.44777600e-01 1.93675510e-09 9.81145600e-01 5.34596762e-02 5.86500000e-02
2.80376800e-01 6.82253600e-01 2.27007504e-09 9.83010400e-01 4.82045059e-02 -5.66500000e-02
3.50194000e-01 6.65124800e-01 1.93181354e-09 9.46772800e-01 5.03661829e-02 5.66000000e-02
3.04437600e-01 6.71345600e-01 1.94875603e-09 9.58415200e-01 4.59332035e-02 7.24500000e-02
3.26133200e-01 6.76032800e-01 2.25313255e-09 9.71368000e-01 5.26374853e-02 -7.25000000e-02
3.48296000e-01 6.66032000e-01 2.22536570e-09 9.83044000e-01 5.00715645e-02 7.32000000e-02
2.82274800e-01 6.81346400e-01 1.97652289e-09 9.46739200e-01 4.84991244e-02 -7.32500000e-02
3.43098400e-01 7.05408800e-01 2.20865852e-09 9.43681600e-01 4.42134542e-02 3.14000000e-02
2.87472400e-01 6.41969600e-01 1.99323006e-09 9.86101600e-01 5.43572346e-02 -3.14500000e-02
3.58691200e-01 6.49464800e-01 2.02993879e-09 9.81851200e-01 5.39187328e-02 1.68500000e-02
2.71879600e-01 6.97913600e-01 2.17194979e-09 9.47932000e-01 4.46519560e-02 -1.69000000e-02
3.32528000e-01 6.96142400e-01 1.94275557e-09 9.60414400e-01 4.74097214e-02 -1.24000000e-02
2.98042800e-01 6.51236000e-01 2.25913302e-09 9.69368800e-01 5.11609675e-02 1.23500000e-02
2.85603600e-01 6.94760000e-01 2.11606311e-09 9.50989600e-01 4.61867124e-02 7.85000000e-03
3.44967200e-01 6.52618400e-01 2.08582547e-09 9.78793600e-01 5.23839764e-02 -7.90000000e-03
3.57990400e-01 6.64109600e-01 2.23454288e-09 9.47125600e-01 4.48266716e-02 -1.89000000e-02
2.72580400e-01 6.83268800e-01 1.96734571e-09 9.82657600e-01 5.37440173e-02 1.88500000e-02
3.38076000e-01 6.68537600e-01 2.24572022e-09 9.51124000e-01 4.86464336e-02 -6.55000000e-03
2.92494800e-01 6.78840800e-01 1.95616837e-09 9.78659200e-01 4.99242553e-02 6.50000000e-03
2.80026400e-01 6.98108000e-01 2.01264333e-09 9.83060800e-01 5.00133260e-02 -6.91000000e-02
3.50544400e-01 6.49270400e-01 2.18924525e-09 9.46722400e-01 4.85573629e-02 6.90500000e-02
3.28002000e-01 6.45922400e-01 2.10617999e-09 9.53173600e-01 4.57927459e-02 7.50000000e-04
3.02568800e-01 7.01456000e-01 2.09570859e-09 9.76609600e-01 5.27779429e-02 -8.00000000e-04
3.58399200e-01 6.71583200e-01 2.19242197e-09 9.74442400e-01 4.94309407e-02 -2.05000000e-03
2.72171600e-01 6.75795200e-01 2.00946662e-09 9.55340800e-01 4.91397481e-02 2.00000000e-03
3.06160400e-01 6.95926400e-01 2.11241577e-09 9.88151200e-01 4.55186823e-02 6.60000000e-02
3.24410400e-01 6.51452000e-01 2.08947282e-09 9.41632000e-01 5.30520066e-02 -6.60500000e-02
3.02802400e-01 6.84975200e-01 2.09182594e-09 9.82120000e-01 4.67279881e-02 -2.29000000e-02
3.27768400e-01 6.62403200e-01 2.11006265e-09 9.47663200e-01 5.18427008e-02 2.28500000e-02
3.13781600e-01 6.81778400e-01 2.17536182e-09 9.64127200e-01 4.61490286e-02 3.86500000e-02
3.16789200e-01 6.65600000e-01 2.02652676e-09 9.65656000e-01 5.24216602e-02 -3.87000000e-02
3.11533200e-01 6.41840000e-01 2.12076936e-09 9.46084000e-01 4.52240639e-02 -5.00000000e-02
3.19037600e-01 7.05538400e-01 2.08111923e-09 9.83699200e-01 5.33466250e-02 4.99500000e-02
3.18687200e-01 6.87999200e-01 1.96016868e-09 9.50267200e-01 5.11712448e-02 3.32500000e-02
3.11883600e-01 6.59379200e-01 2.24171991e-09 9.79516000e-01 4.73994440e-02 -3.33000000e-02
3.52150400e-01 6.94695200e-01 2.13653529e-09 9.52098400e-01 4.61558802e-02 4.79000000e-02
2.78420400e-01 6.52683200e-01 2.06535330e-09 9.77684800e-01 5.24148086e-02 -4.79500000e-02
2.89983600e-01 6.86012000e-01 2.27501660e-09 9.67588000e-01 4.71185288e-02 2.22500000e-02
3.40587200e-01 6.61366400e-01 1.92687198e-09 9.62195200e-01 5.14521601e-02 -2.23000000e-02
2.74098800e-01 6.85061600e-01 1.97475804e-09 9.42556000e-01 4.51726769e-02 -1.66500000e-02
3.56472000e-01 6.62316800e-01 2.22713054e-09 9.87227200e-01 5.33980119e-02 1.66000000e-02
2.80055600e-01 6.99598400e-01 2.19571634e-09 9.63774400e-01 5.37200367e-02 3.17500000e-02
3.50515200e-01 6.47780000e-01 2.00617224e-09 9.66008800e-01 4.48506522e-02 -3.18000000e-02
2.83267600e-01 6.97308800e-01 2.21030571e-09 9.88907200e-01 5.12979993e-02 1.63000000e-02
3.47303200e-01 6.50069600e-01 1.99158288e-09 9.40876000e-01 4.72726896e-02 -1.63500000e-02
3.30892800e-01 6.83808800e-01 1.94581463e-09 9.73216000e-01 4.75227726e-02 -7.95000000e-03
2.99678000e-01 6.63569600e-01 2.25607396e-09 9.56567200e-01 5.10479162e-02 7.90000000e-03
3.41842800e-01 6.82145600e-01 2.24595553e-09 9.39935200e-01 4.53576699e-02 -7.38000000e-02
2.88728000e-01 6.65232800e-01 1.95593306e-09 9.89848000e-01 5.32130190e-02 7.37500000e-02
3.24585600e-01 7.03875200e-01 2.01558474e-09 9.53022400e-01 5.30314518e-02 5.59500000e-02
3.05985200e-01 6.43503200e-01 2.18630385e-09 9.76760800e-01 4.55392371e-02 -5.60000000e-02
2.75354400e-01 6.58796000e-01 2.02911520e-09 9.77920000e-01 5.11438385e-02 -7.33000000e-02
3.55216400e-01 6.88582400e-01 2.17277339e-09 9.51863200e-01 4.74268504e-02 7.32500000e-02
3.07094800e-01 6.61539200e-01 2.19901071e-09 9.66462400e-01 5.14727148e-02 -1.42500000e-02
3.23476000e-01 6.85839200e-01 2.00287787e-09 9.63320800e-01 4.70979740e-02 1.42000000e-02
3.58428400e-01 6.48903200e-01 2.14418294e-09 9.47276800e-01 5.05683048e-02 -1.92000000e-02
2.72142400e-01 6.98475200e-01 2.05770565e-09 9.82506400e-01 4.80023840e-02 1.91500000e-02
2.80084800e-01 6.74391200e-01 1.94204963e-09 9.51913600e-01 5.35007858e-02 3.56500000e-02
3.50486000e-01 6.72987200e-01 2.25983896e-09 9.77869600e-01 4.50699031e-02 -3.57000000e-02
3.13110000e-01 6.46872800e-01 2.22442445e-09 9.81330400e-01 4.73686118e-02 -5.39500000e-02
3.17460800e-01 7.00505600e-01 1.97746414e-09 9.48452800e-01 5.12020770e-02 5.39000000e-02
3.39506800e-01 6.57068000e-01 1.96005102e-09 9.67134400e-01 4.50527741e-02 -2.10000000e-03
2.91064000e-01 6.90310400e-01 2.24183756e-09 9.62648800e-01 5.35179148e-02 2.05000000e-03
2.76697600e-01 6.53158400e-01 2.16994964e-09 9.57256000e-01 5.13391088e-02 -4.13500000e-02
3.53873200e-01 6.94220000e-01 2.03193895e-09 9.72527200e-01 4.72315800e-02 4.13000000e-02
3.18804000e-01 7.00592000e-01 2.10688593e-09 9.59154400e-01 4.94823277e-02 3.30000000e-02
3.11766800e-01 6.46786400e-01 2.09500266e-09 9.70628800e-01 4.90883612e-02 -3.30500000e-02
3.33929600e-01 6.89576000e-01 2.13265263e-09 9.51359200e-01 5.17947396e-02 1.13000000e-02
2.96641200e-01 6.57802400e-01 2.06923595e-09 9.78424000e-01 4.67759492e-02 -1.13500000e-02
3.09839600e-01 6.91455200e-01 2.10123843e-09 9.80456800e-01 4.48540780e-02 -5.36500000e-02
3.20731200e-01 6.55923200e-01 2.10065015e-09 9.49326400e-01 5.37166109e-02 5.36000000e-02
3.07357600e-01 6.96855200e-01 1.97040477e-09 9.52753600e-01 5.28122009e-02 -7.45000000e-02
3.23213200e-01 6.50523200e-01 2.23148382e-09 9.77029600e-01 4.57584880e-02 7.44500000e-02
3.40937600e-01 7.00872800e-01 2.21783570e-09 9.73636000e-01 4.82661703e-02 -2.77500000e-02
2.89633200e-01 6.46505600e-01 1.98405288e-09 9.56147200e-01 5.03045186e-02 2.77000000e-02
2.86508800e-01 6.46980800e-01 1.99887756e-09 9.58112800e-01 5.06882077e-02 5.70500000e-02
3.44062000e-01 7.00397600e-01 2.20301102e-09 9.71670400e-01 4.78824812e-02 -5.71000000e-02
3.55566800e-01 6.72555200e-01 2.23183679e-09 9.58885600e-01 5.41311321e-02 7.22000000e-02
2.75004000e-01 6.74823200e-01 1.97005180e-09 9.70897600e-01 4.44395567e-02 -7.22500000e-02
3.27272000e-01 6.70740800e-01 1.98075851e-09 9.84556000e-01 4.96775980e-02 -3.60000000e-02
3.03298800e-01 6.76637600e-01 2.22113007e-09 9.45227200e-01 4.88930908e-02 3.59500000e-02
3.57318800e-01 6.72425600e-01 2.02546786e-09 9.61909600e-01 4.45628853e-02 1.45000000e-02
2.73252000e-01 6.74952800e-01 2.17642073e-09 9.67873600e-01 5.40078035e-02 -1.45500000e-02
3.54194400e-01 7.06035200e-01 1.98817085e-09 9.82388800e-01 4.45114984e-02 -2.69500000e-02
2.76376400e-01 6.41343200e-01 2.21371774e-09 9.47394400e-01 5.40591904e-02 2.69000000e-02
3.49084400e-01 6.72641600e-01 2.08982578e-09 9.41363200e-01 5.36206886e-02 -6.18500000e-02
2.81486400e-01 6.74736800e-01 2.11206280e-09 9.88420000e-01 4.49500002e-02 6.18000000e-02
3.39273200e-01 6.76313600e-01 2.06300018e-09 9.89999200e-01 5.14418827e-02 -2.03500000e-02
2.91297600e-01 6.71064800e-01 2.13888841e-09 9.39784000e-01 4.71288062e-02 2.03000000e-02
3.14686800e-01 7.01196800e-01 2.26348630e-09 9.70696000e-01 5.17981654e-02 -6.80000000e-02
3.15884000e-01 6.46181600e-01 1.93840229e-09 9.59087200e-01 4.67725234e-02 6.79500000e-02
3.43040000e-01 7.04091200e-01 1.94816775e-09 9.66781600e-01 4.94103860e-02 9.10000000e-03
2.87530800e-01 6.43287200e-01 2.25372084e-09 9.63001600e-01 4.91603029e-02 -9.15000000e-03
2.86888400e-01 6.47369600e-01 1.95087384e-09 9.55508800e-01 5.28807168e-02 4.30500000e-02
3.43682400e-01 7.00008800e-01 2.25101474e-09 9.74274400e-01 4.56899721e-02 -4.31000000e-02
3.47449200e-01 6.61604000e-01 2.27195754e-09 9.76189600e-01 4.75124953e-02 -2.18000000e-02
2.83121600e-01 6.85774400e-01 1.92993104e-09 9.53593600e-01 5.10581936e-02 2.17500000e-02
2.95940400e-01 6.79186400e-01 2.22583632e-09 9.51476800e-01 4.48300974e-02 -4.07500000e-02
3.34630400e-01 6.68192000e-01 1.97605226e-09 9.78306400e-01 5.37405915e-02 4.07000000e-02
3.13051600e-01 7.01585600e-01 2.05617612e-09 9.71804800e-01 5.04072924e-02 -2.57500000e-02
3.17519200e-01 6.45792800e-01 2.14571247e-09 9.57978400e-01 4.81633964e-02 2.57000000e-02
2.78595600e-01 6.47996000e-01 2.26572176e-09 9.58734400e-01 4.79407197e-02 -5.83500000e-02
3.51975200e-01 6.99382400e-01 1.93616682e-09 9.71048800e-01 5.06299692e-02 5.83000000e-02
3.22424800e-01 7.03745600e-01 2.04393988e-09 9.53358400e-01 4.48780585e-02 6.81000000e-02
3.08146000e-01 6.43632800e-01 2.15794871e-09 9.76424800e-01 5.36926303e-02 -6.81500000e-02
3.45638800e-01 6.59206400e-01 2.19089244e-09 9.42001600e-01 4.98043524e-02 -7.21500000e-02
2.84932000e-01 6.88172000e-01 2.01099615e-09 9.87781600e-01 4.87663364e-02 7.21000000e-02
3.04934000e-01 6.80180000e-01 2.20136384e-09 9.63690400e-01 5.03559055e-02 6.75000000e-02
3.25636800e-01 6.67198400e-01 2.00052475e-09 9.66092800e-01 4.82147833e-02 -6.75500000e-02
2.79559200e-01 7.02104000e-01 2.19842243e-09 9.83245600e-01 4.49328712e-02 -6.78500000e-02
3.51011600e-01 6.45274400e-01 2.00346615e-09 9.46537600e-01 5.36378176e-02 6.78000000e-02
3.03620000e-01 6.59962400e-01 2.09594390e-09 9.89932000e-01 5.05854338e-02 5.30000000e-02
3.26950800e-01 6.87416000e-01 2.10594468e-09 9.39851200e-01 4.79852550e-02 -5.30500000e-02
2.96874800e-01 6.53115200e-01 2.18053869e-09 9.56718400e-01 4.61044933e-02 -2.41000000e-02
3.33696000e-01 6.94263200e-01 2.02134989e-09 9.73064800e-01 5.24661955e-02 2.40500000e-02
3.45200800e-01 7.04285600e-01 2.24089631e-09 9.73568800e-01 4.44566857e-02 -2.18500000e-02
2.85370000e-01 6.43092800e-01 1.96099227e-09 9.56214400e-01 5.41140032e-02 2.18000000e-02
2.79763600e-01 6.75924800e-01 1.92475417e-09 9.81162400e-01 4.80948805e-02 -5.02000000e-02
3.50807200e-01 6.71453600e-01 2.27713441e-09 9.48620800e-01 5.04758084e-02 5.01500000e-02
3.46427200e-01 6.89792000e-01 2.19148072e-09 9.42656800e-01 4.92630767e-02 2.41500000e-02
2.84143600e-01 6.57586400e-01 2.01040787e-09 9.87126400e-01 4.93076121e-02 -2.42000000e-02
3.05693200e-01 7.02838400e-01 2.22936601e-09 9.73014400e-01 4.57516364e-02 -4.82500000e-02
3.24877600e-01 6.44540000e-01 1.97252258e-09 9.56768800e-01 5.28190525e-02 4.82000000e-02
3.52062800e-01 6.86271200e-01 2.12159295e-09 9.59893600e-01 5.05957112e-02 2.00000000e-02
2.78508000e-01 6.61107200e-01 2.08029563e-09 9.69889600e-01 4.79749776e-02 -2.00500000e-02
2.84318800e-01 6.75730400e-01 2.15630152e-09 9.55626400e-01 4.87080979e-02 -2.27000000e-02
3.46252000e-01 6.71648000e-01 2.04558706e-09 9.74156800e-01 4.98625910e-02 2.26500000e-02
3.32294400e-01 6.59660000e-01 2.16641995e-09 9.75668800e-01 5.35281921e-02 3.53000000e-02
2.98276400e-01 6.87718400e-01 2.03546863e-09 9.54114400e-01 4.50424967e-02 -3.53500000e-02
3.26016400e-01 6.51214400e-01 2.11076858e-09 9.73451200e-01 5.21612997e-02 -5.21500000e-02
3.04554400e-01 6.96164000e-01 2.09112000e-09 9.56332000e-01 4.64093891e-02 5.21000000e-02
2.81544800e-01 6.81519200e-01 2.12206358e-09 9.55693600e-01 4.87903170e-02 -1.46500000e-02
3.49026000e-01 6.65859200e-01 2.07982501e-09 9.74089600e-01 4.97803719e-02 1.46000000e-02
3.58808000e-01 6.51711200e-01 2.25077943e-09 9.46621600e-01 5.30280260e-02 5.60000000e-02
2.71762800e-01 6.95667200e-01 1.95110915e-09 9.83161600e-01 4.55426628e-02 -5.60500000e-02
2.72463600e-01 6.79445600e-01 2.22230664e-09 9.46638400e-01 4.72589864e-02 -3.73000000e-02
3.58107200e-01 6.67932800e-01 1.97958195e-09 9.83144800e-01 5.13117025e-02 3.72500000e-02
3.28878000e-01 7.03702400e-01 2.03805707e-09 9.74072800e-01 5.15720629e-02 1.65000000e-03
3.01692800e-01 6.43676000e-01 2.16383152e-09 9.55710400e-01 4.69986259e-02 -1.70000000e-03
3.53376800e-01 6.90461600e-01 2.24324944e-09 9.78911200e-01 5.17536301e-02 1.50500000e-02
2.77194000e-01 6.56916800e-01 1.95863915e-09 9.50872000e-01 4.68170588e-02 -1.51000000e-02
3.24322800e-01 6.72382400e-01 1.98464116e-09 9.80557600e-01 4.68478909e-02 8.70000000e-03
3.06248000e-01 6.74996000e-01 2.21724742e-09 9.49225600e-01 5.17227979e-02 -8.75000000e-03
2.98831200e-01 6.55124000e-01 2.04241035e-09 9.59641600e-01 4.53234119e-02 -1.47500000e-02
3.31739600e-01 6.92254400e-01 2.15947824e-09 9.70141600e-01 5.32472769e-02 1.47000000e-02
3.30630000e-01 6.42164000e-01 2.02040864e-09 9.82489600e-01 5.27197044e-02 5.37000000e-02
2.99940800e-01 7.05214400e-01 2.18147994e-09 9.47293600e-01 4.58509844e-02 -5.37500000e-02
3.20001200e-01 6.73959200e-01 1.94310853e-09 9.40489600e-01 4.60839385e-02 -4.25500000e-02
3.10569600e-01 6.73419200e-01 2.25878005e-09 9.89293600e-01 5.24867503e-02 4.25000000e-02
3.14482400e-01 6.60610400e-01 2.22171836e-09 9.86118400e-01 4.97872235e-02 -4.70500000e-02
3.16088400e-01 6.86768000e-01 1.98017023e-09 9.43664800e-01 4.87834654e-02 4.70000000e-02
3.12146400e-01 6.41537600e-01 2.13441747e-09 9.59524000e-01 5.08766264e-02 -5.59000000e-02
3.18424400e-01 7.05840800e-01 2.06747111e-09 9.70259200e-01 4.76940624e-02 5.58500000e-02
3.21344400e-01 6.62748800e-01 1.94452041e-09 9.43110400e-01 5.37919784e-02 -4.83500000e-02
3.09226400e-01 6.84629600e-01 2.25736818e-09 9.86672800e-01 4.47787105e-02 4.83000000e-02
3.35243600e-01 6.78279200e-01 2.25454443e-09 9.66916000e-01 5.40352099e-02 -3.18500000e-02
2.95327200e-01 6.69099200e-01 1.94734416e-09 9.62867200e-01 4.45354790e-02 3.18000000e-02
2.73865200e-01 6.84024800e-01 2.20607008e-09 9.63472000e-01 4.67177107e-02 6.62500000e-02
3.56705600e-01 6.63353600e-01 1.99581850e-09 9.66311200e-01 5.18529781e-02 -6.63000000e-02
2.90538400e-01 6.82988000e-01 2.20254040e-09 9.49511200e-01 4.93041863e-02 -2.64000000e-02
3.40032400e-01 6.64390400e-01 1.99934819e-09 9.80272000e-01 4.92665025e-02 2.63500000e-02
3.10073200e-01 6.61560800e-01 2.18771572e-09 9.52955200e-01 4.49945356e-02 -9.00000000e-03
3.20497600e-01 6.85817600e-01 2.01417286e-09 9.76828000e-01 5.35761533e-02 8.95000000e-03
3.01050400e-01 6.82037600e-01 2.26372161e-09 9.52451200e-01 5.34665278e-02 -4.39000000e-02
3.29520400e-01 6.65340800e-01 1.93816697e-09 9.77332000e-01 4.51041610e-02 4.38500000e-02
3.42018000e-01 6.80525600e-01 2.13700591e-09 9.43564000e-01 5.02873896e-02 2.32500000e-02
2.88552800e-01 6.66852800e-01 2.06488267e-09 9.86219200e-01 4.82832992e-02 -2.33000000e-02
3.34250800e-01 6.94781600e-01 2.03393910e-09 9.44051200e-01 5.33055154e-02 6.61500000e-02
2.96320000e-01 6.52596800e-01 2.16794948e-09 9.85732000e-01 4.52651734e-02 -6.62000000e-02
3.46018400e-01 7.02968000e-01 2.06500033e-09 9.52552000e-01 5.20311195e-02 1.98500000e-02
2.84552400e-01 6.44410400e-01 2.13688825e-09 9.77231200e-01 4.65395693e-02 -1.99000000e-02
2.74332400e-01 6.42120800e-01 2.02711504e-09 9.47075200e-01 4.96501916e-02 -2.19000000e-02
3.56238400e-01 7.05257600e-01 2.17477354e-09 9.82708000e-01 4.89204972e-02 2.18500000e-02
3.45960000e-01 6.89316800e-01 2.17324401e-09 9.60431200e-01 4.59297777e-02 -6.05000000e-02
2.84610800e-01 6.58061600e-01 2.02864457e-09 9.69352000e-01 5.26409111e-02 6.04500000e-02
3.22103600e-01 6.53525600e-01 2.19348087e-09 9.71485600e-01 4.70671418e-02 4.27500000e-02
3.08467200e-01 6.93852800e-01 2.00840771e-09 9.58297600e-01 5.15035470e-02 -4.28000000e-02
3.33812800e-01 7.00764800e-01 1.96781633e-09 9.49679200e-01 5.09691229e-02 7.31000000e-02
2.96758000e-01 6.46613600e-01 2.23407225e-09 9.80104000e-01 4.76015659e-02 -7.31500000e-02
3.50018800e-01 7.05344000e-01 1.93522557e-09 9.64816000e-01 4.60599580e-02 -1.55500000e-02
2.80552000e-01 6.42034400e-01 2.26666301e-09 9.64967200e-01 5.25107309e-02 1.55000000e-02
2.96232400e-01 6.96077600e-01 2.14100622e-09 9.82321600e-01 4.75604564e-02 6.31500000e-02
3.34338400e-01 6.51300800e-01 2.06088236e-09 9.47461600e-01 5.10102325e-02 -6.32000000e-02
3.38572400e-01 6.66960800e-01 2.16618464e-09 9.60515200e-01 4.64710534e-02 6.67000000e-02
2.91998400e-01 6.80417600e-01 2.03570394e-09 9.69268000e-01 5.20996354e-02 -6.67500000e-02
3.00554000e-01 6.66766400e-01 2.21289414e-09 9.67184800e-01 5.04484020e-02 -6.52500000e-02
3.30016800e-01 6.80612000e-01 1.98899444e-09 9.62598400e-01 4.81222869e-02 6.52000000e-02
3.52384000e-01 6.76745600e-01 2.26230974e-09 9.69940000e-01 5.25792468e-02 -1.81000000e-02
2.78186800e-01 6.70632800e-01 1.93957885e-09 9.59843200e-01 4.59914421e-02 1.80500000e-02
3.57172800e-01 6.60178400e-01 2.21760039e-09 9.88672000e-01 4.95885273e-02 5.75000000e-03
2.73398000e-01 6.87200000e-01 1.98428819e-09 9.41111200e-01 4.89821615e-02 -5.80000000e-03
3.12467600e-01 7.01477600e-01 2.16053714e-09 9.45781600e-01 5.22846284e-02 6.49500000e-02
3.18103200e-01 6.45900800e-01 2.04135144e-09 9.84001600e-01 4.62860605e-02 -6.50000000e-02
3.51040800e-01 7.00440800e-01 2.00276021e-09 9.57860800e-01 5.23462927e-02 5.22500000e-02
2.79530000e-01 6.46937600e-01 2.19912837e-09 9.71922400e-01 4.62243961e-02 -5.23000000e-02
3.37112400e-01 6.98669600e-01 2.05758799e-09 9.84808000e-01 5.09519939e-02 -7.25000000e-03
2.93458400e-01 6.48708800e-01 2.14430059e-09 9.44975200e-01 4.76186949e-02 7.20000000e-03
3.04729600e-01 7.03356800e-01 2.01887911e-09 9.40708000e-01 4.43641892e-02 1.74000000e-02
3.25841200e-01 6.44021600e-01 2.18300947e-09 9.89075200e-01 5.42064996e-02 -1.74500000e-02
3.19446400e-01 7.03140800e-01 2.05382299e-09 9.83262400e-01 4.53028572e-02 1.95000000e-03
3.11124400e-01 6.44237600e-01 2.14806559e-09 9.46520800e-01 5.32678317e-02 -2.00000000e-03
3.41142000e-01 6.66161600e-01 2.06158830e-09 9.52854400e-01 5.18187202e-02 3.91000000e-02
2.89428800e-01 6.81216800e-01 2.14030028e-09 9.76928800e-01 4.67519687e-02 -3.91500000e-02
3.15387600e-01 6.46289600e-01 2.09064938e-09 9.88336000e-01 4.54741469e-02 -2.89500000e-02
3.15183200e-01 7.01088800e-01 2.11123921e-09 9.41447200e-01 5.30965419e-02 2.89000000e-02
3.24673200e-01 6.50652800e-01 2.15265418e-09 9.47260000e-01 4.59195003e-02 -1.75000000e-03
3.05897600e-01 6.96725600e-01 2.04923440e-09 9.82523200e-01 5.26511885e-02 1.70000000e-03
2.93108000e-01 6.80201600e-01 2.01946739e-09 9.51611200e-01 5.18975135e-02 7.42000000e-02
3.37462800e-01 6.67176800e-01 2.18242119e-09 9.78172000e-01 4.66731754e-02 -7.42500000e-02
3.44295600e-01 6.76788800e-01 2.01723192e-09 9.56970400e-01 4.81805254e-02 1.75000000e-02
2.86275200e-01 6.70589600e-01 2.18465666e-09 9.72812800e-01 5.03901635e-02 -1.75500000e-02
3.10978400e-01 6.94652000e-01 2.11735733e-09 9.44874400e-01 4.44155761e-02 4.00000000e-02
3.19592400e-01 6.52726400e-01 2.08453126e-09 9.84908800e-01 5.41551127e-02 -4.00500000e-02
2.96612000e-01 6.79013600e-01 2.01570239e-09 9.47226400e-01 5.26991496e-02 4.51500000e-02
3.33958800e-01 6.68364800e-01 2.18618619e-09 9.82556800e-01 4.58715392e-02 -4.52000000e-02
2.73456400e-01 7.00181600e-01 2.18759806e-09 9.77046400e-01 4.85847692e-02 -4.27500000e-02
3.57114400e-01 6.47196800e-01 2.01429052e-09 9.52736800e-01 4.99859196e-02 4.27000000e-02
3.10482000e-01 7.01024000e-01 2.09770875e-09 9.83648800e-01 5.33945861e-02 1.58500000e-02
3.20088800e-01 6.46354400e-01 2.10417984e-09 9.46134400e-01 4.51761027e-02 -1.59000000e-02
2.85749600e-01 6.42012800e-01 1.94828541e-09 9.54366400e-01 5.33089412e-02 -1.50000000e-02
3.44821200e-01 7.05365600e-01 2.25360318e-09 9.75416800e-01 4.52617476e-02 1.49500000e-02
2.91940000e-01 6.52532000e-01 2.13488810e-09 9.64328800e-01 4.49671292e-02 -1.80000000e-02
3.38630800e-01 6.94846400e-01 2.06700049e-09 9.65454400e-01 5.36035596e-02 1.79500000e-02
2.85107200e-01 7.03292000e-01 2.20701133e-09 9.67067200e-01 5.35144890e-02 -7.49000000e-02
3.45463600e-01 6.44086400e-01 1.99487725e-09 9.62716000e-01 4.50561999e-02 7.48500000e-02
3.39536000e-01 6.43114400e-01 1.99864225e-09 9.41783200e-01 4.57173784e-02 -2.50000000e-04
2.91034800e-01 7.04264000e-01 2.20324634e-09 9.88000000e-01 5.28533104e-02 2.00000000e-04
3.01868000e-01 6.98842400e-01 2.12018108e-09 9.76139200e-01 4.64984598e-02 4.14500000e-02
3.28702800e-01 6.48536000e-01 2.08170751e-09 9.53644000e-01 5.20722291e-02 -4.15000000e-02
3.39039600e-01 7.02298400e-01 1.99875990e-09 9.87395200e-01 5.30451550e-02 2.44500000e-02
2.91531200e-01 6.45080000e-01 2.20312868e-09 9.42388000e-01 4.55255339e-02 -2.45000000e-02
3.48821600e-01 6.56096000e-01 1.97581695e-09 9.39800800e-01 4.71356577e-02 -6.56500000e-02
2.81749200e-01 6.91282400e-01 2.22607163e-09 9.89982400e-01 5.14350311e-02 6.56000000e-02
2.87326400e-01 6.64541600e-01 2.05029331e-09 9.82741600e-01 5.41962223e-02 -4.09000000e-02
3.43244400e-01 6.82836800e-01 2.15159528e-09 9.47041600e-01 4.43744666e-02 4.08500000e-02
2.90100400e-01 6.47888000e-01 2.01076083e-09 9.74593600e-01 4.53097088e-02 -4.93500000e-02
3.40470400e-01 6.99490400e-01 2.19112775e-09 9.55189600e-01 5.32609801e-02 4.93000000e-02
3.31360000e-01 6.82167200e-01 2.05899987e-09 9.79432000e-01 5.36241144e-02 -2.86000000e-02
2.99210800e-01 6.65211200e-01 2.14288872e-09 9.50351200e-01 4.49465744e-02 2.85500000e-02
2.85224000e-01 7.00160000e-01 2.05276409e-09 9.47999200e-01 5.18221460e-02 6.01500000e-02
3.45346800e-01 6.47218400e-01 2.14912450e-09 9.81784000e-01 4.67485429e-02 -6.02000000e-02
3.22045200e-01 6.75212000e-01 2.01087849e-09 9.85412800e-01 4.66697496e-02 -7.35000000e-02
3.08525600e-01 6.72166400e-01 2.19101009e-09 9.44370400e-01 5.19009393e-02 7.34500000e-02
3.57756800e-01 6.71540000e-01 1.97499336e-09 9.54601600e-01 4.70500129e-02 7.46500000e-02
2.72814000e-01 6.75838400e-01 2.22689523e-09 9.75181600e-01 5.15206760e-02 -7.47000000e-02
3.29695600e-01 6.75816800e-01 1.93851994e-09 9.77281600e-01 4.86601367e-02 3.88000000e-02
3.00875200e-01 6.71561600e-01 2.26336864e-09 9.52501600e-01 4.99105521e-02 -3.88500000e-02
3.07065600e-01 6.60005600e-01 1.99064163e-09 9.63791200e-01 4.66423432e-02 2.31500000e-02
3.23505200e-01 6.87372800e-01 2.21124696e-09 9.65992000e-01 5.19283456e-02 -2.32000000e-02
2.75646400e-01 7.05300800e-01 2.14535950e-09 9.45294400e-01 5.19214941e-02 5.11500000e-02
3.54924400e-01 6.42077600e-01 2.05652909e-09 9.84488800e-01 4.66491948e-02 -5.12000000e-02
3.04408400e-01 7.00462400e-01 2.13982966e-09 9.40943200e-01 5.08697748e-02 5.82500000e-02
3.26162400e-01 6.46916000e-01 2.06205893e-09 9.88840000e-01 4.77009140e-02 -5.83000000e-02
3.20994000e-01 6.99080000e-01 2.24477897e-09 9.42808000e-01 4.48643553e-02 -6.09000000e-02
3.09576800e-01 6.48298400e-01 1.95710962e-09 9.86975200e-01 5.37063335e-02 6.08500000e-02
3.30834400e-01 6.56700800e-01 2.07158908e-09 9.49292800e-01 5.13596636e-02 4.67500000e-02
2.99736400e-01 6.90677600e-01 2.13029951e-09 9.80490400e-01 4.72110252e-02 -4.68000000e-02
2.74682800e-01 6.92492000e-01 2.17253807e-09 9.45899200e-01 5.42133512e-02 -5.96500000e-02
3.55888000e-01 6.54886400e-01 2.02935051e-09 9.83884000e-01 4.43573376e-02 5.96000000e-02
2.83618000e-01 7.01693600e-01 2.13324091e-09 9.69150400e-01 4.55460886e-02 6.11000000e-02
3.46952800e-01 6.45684800e-01 2.06864767e-09 9.60632800e-01 5.30246002e-02 -6.11500000e-02
3.47566000e-01 6.72620000e-01 2.25007349e-09 9.67201600e-01 5.18118686e-02 -2.70000000e-03
2.83004800e-01 6.74758400e-01 1.95181509e-09 9.62581600e-01 4.67588202e-02 2.65000000e-03
3.29199200e-01 6.64952000e-01 2.20218743e-09 9.55878400e-01 5.30622839e-02 4.80000000e-03
3.01371600e-01 6.82426400e-01 1.99970115e-09 9.73904800e-01 4.55084049e-02 -4.85000000e-03
3.51157600e-01 6.77674400e-01 1.99511256e-09 9.43597600e-01 5.05614532e-02 -7.36500000e-02
2.79413200e-01 6.69704000e-01 2.20677602e-09 9.86185600e-01 4.80092356e-02 7.36000000e-02
3.24498000e-01 7.01391200e-01 2.23348397e-09 9.53862400e-01 5.06162660e-02 6.96500000e-02
3.06072800e-01 6.45987200e-01 1.96840461e-09 9.75920800e-01 4.79544229e-02 -6.97000000e-02
3.32411200e-01 6.88150400e-01 1.93981416e-09 9.74341600e-01 4.64676276e-02 2.80500000e-02
2.98159600e-01 6.59228000e-01 2.26207442e-09 9.55441600e-01 5.21030612e-02 -2.81000000e-02
2.89020000e-01 6.65816000e-01 2.09582625e-09 9.62144800e-01 4.60394032e-02 -7.06000000e-02
3.41550800e-01 6.81562400e-01 2.10606234e-09 9.67638400e-01 5.25312856e-02 7.05500000e-02
2.72084000e-01 6.65297600e-01 2.06264721e-09 9.77180800e-01 5.28670136e-02 2.57500000e-02
3.58486800e-01 6.82080800e-01 2.13924138e-09 9.52602400e-01 4.57036752e-02 -2.58000000e-02
3.18628800e-01 6.64174400e-01 2.20148149e-09 9.63220000e-01 5.01435062e-02 -5.82500000e-02
3.11942000e-01 6.83204000e-01 2.00040709e-09 9.66563200e-01 4.84271826e-02 5.82000000e-02
2.89750000e-01 6.55448000e-01 2.26383927e-09 9.64900000e-01 4.54364632e-02 4.36500000e-02
3.40820800e-01 6.91930400e-01 1.93804932e-09 9.64883200e-01 5.31342257e-02 -4.37000000e-02
2.85720400e-01 6.97352000e-01 2.18736275e-09 9.82372000e-01 4.95200114e-02 1.76000000e-02
3.44850400e-01 6.50026400e-01 2.01452583e-09 9.47411200e-01 4.90506774e-02 -1.76500000e-02
3.10248400e-01 6.64865600e-01 2.22265960e-09 9.85160800e-01 5.27231302e-02 3.78000000e-02
3.20322400e-01 6.82512800e-01 1.97922898e-09 9.44622400e-01 4.58475586e-02 -3.78500000e-02
3.25023600e-01 6.74304800e-01 1.95640368e-09 9.81952000e-01 5.29560843e-02 6.40000000e-02
3.05547200e-01 6.73073600e-01 2.24548490e-09 9.47831200e-01 4.56146046e-02 -6.40500000e-02
3.43916000e-01 6.45296000e-01 2.17795026e-09 9.71586400e-01 4.99174037e-02 -9.80000000e-03
2.86654800e-01 7.02082400e-01 2.02393833e-09 9.58196800e-01 4.86532852e-02 9.75000000e-03
3.06890400e-01 6.54281600e-01 2.17183214e-09 9.40153600e-01 4.93452958e-02 -3.60000000e-03
3.23680400e-01 6.93096800e-01 2.03005645e-09 9.89629600e-01 4.92253930e-02 3.55000000e-03
3.03707600e-01 6.74520800e-01 2.08817860e-09 9.87462400e-01 4.57310816e-02 6.60000000e-03
3.26863200e-01 6.72857600e-01 2.11370999e-09 9.42320800e-01 5.28396072e-02 -6.65000000e-03
3.48500400e-01 6.53633600e-01 1.94863837e-09 9.89814400e-01 4.77797073e-02 -4.48500000e-02
2.82070400e-01 6.93744800e-01 2.25325021e-09 9.39968800e-01 5.07909815e-02 4.48000000e-02
3.43478000e-01 6.45382400e-01 2.22301257e-09 9.49998400e-01 4.63854085e-02 3.45500000e-02
2.87092800e-01 7.01996000e-01 1.97887601e-09 9.79784800e-01 5.21852803e-02 -3.46000000e-02
3.28469200e-01 7.02168800e-01 2.19383384e-09 9.65236000e-01 5.16679852e-02 -2.36000000e-02
3.02101600e-01 6.45209600e-01 2.00805474e-09 9.64547200e-01 4.69027037e-02 2.35500000e-02
2.93692000e-01 6.95494400e-01 2.17571479e-09 9.85009600e-01 4.90266969e-02 2.48000000e-02
3.36878800e-01 6.51884000e-01 2.02617379e-09 9.44773600e-01 4.95439920e-02 -2.48500000e-02
3.52559200e-01 6.88064000e-01 2.12676982e-09 9.56130400e-01 5.23223121e-02 -2.10000000e-02
2.78011600e-01 6.59314400e-01 2.07511876e-09 9.73652800e-01 4.62483767e-02 2.09500000e-02
2.98685200e-01 6.49032800e-01 2.09159063e-09 9.67403200e-01 4.66868785e-02 6.06000000e-02
3.31885600e-01 6.98345600e-01 2.11029796e-09 9.62380000e-01 5.18838103e-02 -6.06500000e-02
3.57260400e-01 6.68429600e-01 2.00487803e-09 9.73165600e-01 4.59811647e-02 6.49000000e-02
2.73310400e-01 6.78948800e-01 2.19701056e-09 9.56617600e-01 5.25895242e-02 -6.49500000e-02
2.84026800e-01 6.98907200e-01 2.15053637e-09 9.89125600e-01 4.62449509e-02 1.26000000e-02
3.46544000e-01 6.48471200e-01 2.05135221e-09 9.40657600e-01 5.23257379e-02 -1.26500000e-02
2.74507600e-01 6.56571200e-01 2.01993802e-09 9.89528800e-01 5.16577078e-02 -6.50000000e-03
3.56063200e-01 6.90807200e-01 2.18195057e-09 9.40254400e-01 4.69129810e-02 6.45000000e-03
2.78245200e-01 6.74628800e-01 1.95675665e-09 9.85849600e-01 5.42304802e-02 4.26000000e-02
3.52325600e-01 6.72749600e-01 2.24513193e-09 9.43933600e-01 4.43402086e-02 -4.26500000e-02
3.59012400e-01 6.90159200e-01 2.19548103e-09 9.69167200e-01 5.39290102e-02 5.95000000e-02
2.71558400e-01 6.57219200e-01 2.00640756e-09 9.60616000e-01 4.46416786e-02 -5.95500000e-02
3.25870400e-01 6.54756800e-01 1.96040399e-09 9.74408800e-01 4.59708873e-02 -4.64000000e-02
3.04700400e-01 6.92621600e-01 2.24148459e-09 9.55374400e-01 5.25998016e-02 4.63500000e-02
3.04875600e-01 6.61258400e-01 2.22501273e-09 9.67050400e-01 4.98934231e-02 -2.54000000e-02
3.25695200e-01 6.86120000e-01 1.97687586e-09 9.62732800e-01 4.86772657e-02 2.53500000e-02
2.97896800e-01 6.79834400e-01 2.02605614e-09 9.82640800e-01 4.59263519e-02 1.89500000e-02
3.32674000e-01 6.67544000e-01 2.17583245e-09 9.47142400e-01 5.26443369e-02 -1.90000000e-02
3.43215200e-01 6.44864000e-01 2.18571557e-09 9.60968800e-01 5.30211744e-02 -5.39000000e-02
2.87355600e-01 7.02514400e-01 2.01617302e-09 9.68814400e-01 4.55495144e-02 5.38500000e-02
3.03006800e-01 6.87264800e-01 2.27172223e-09 9.89646400e-01 4.55152565e-02 5.52500000e-02
3.27564000e-01 6.60113600e-01 1.93016635e-09 9.40136800e-01 5.30554324e-02 -5.53000000e-02
3.48150000e-01 6.77134400e-01 1.98217038e-09 9.44538400e-01 5.40934484e-02 -6.91500000e-02
2.82420800e-01 6.70244000e-01 2.21971820e-09 9.85244800e-01 4.44772404e-02 6.91000000e-02
2.86333600e-01 6.99036800e-01 2.14841856e-09 9.87008800e-01 5.40865968e-02 2.25000000e-02
3.44237200e-01 6.48341600e-01 2.05347003e-09 9.42774400e-01 4.44840920e-02 -2.25500000e-02
3.07328400e-01 6.89424800e-01 2.11218046e-09 9.52249600e-01 4.57105268e-02 4.47500000e-02
3.23242400e-01 6.57953600e-01 2.08970813e-09 9.77533600e-01 5.28601620e-02 -4.48000000e-02
2.77106400e-01 6.51927200e-01 2.00546631e-09 9.45764800e-01 4.72898185e-02 -7.12000000e-02
3.53464400e-01 6.95451200e-01 2.19642228e-09 9.84018400e-01 5.12808703e-02 7.11500000e-02
3.06540000e-01 6.61949600e-01 1.96946352e-09 9.79163200e-01 5.36515208e-02 2.90000000e-02
3.24030800e-01 6.85428800e-01 2.23242507e-09 9.50620000e-01 4.49191681e-02 -2.90500000e-02
3.05138400e-01 6.89144000e-01 2.04523409e-09 9.69671200e-01 5.42030738e-02 -4.10000000e-03
3.25432400e-01 6.58234400e-01 2.15665449e-09 9.60112000e-01 4.43676150e-02 4.05000000e-03
3.09168000e-01 6.69984800e-01 1.92769557e-09 9.61590400e-01 5.44051958e-02 -2.69000000e-02
3.21402800e-01 6.77393600e-01 2.27419301e-09 9.68192800e-01 4.41654931e-02 2.68500000e-02
2.72317600e-01 6.90569600e-01 2.04041019e-09 9.85866400e-01 4.66354916e-02 1.89000000e-02
3.58253200e-01 6.56808800e-01 2.16147839e-09 9.43916800e-01 5.19351972e-02 -1.89500000e-02
3.39915600e-01 6.56117600e-01 2.06582392e-09 9.82220800e-01 4.43299312e-02 -5.17000000e-02
2.90655200e-01 6.91260800e-01 2.13606466e-09 9.47562400e-01 5.42407576e-02 5.16500000e-02
3.33024400e-01 6.42272000e-01 1.94628525e-09 9.49343200e-01 4.64402213e-02 -7.23500000e-02
2.97546400e-01 7.05106400e-01 2.25560333e-09 9.80440000e-01 5.21304676e-02 7.23000000e-02
2.90012800e-01 6.96876800e-01 2.06452971e-09 9.88403200e-01 4.76461013e-02 -6.35000000e-02
3.40558000e-01 6.50501600e-01 2.13735888e-09 9.41380000e-01 5.09245876e-02 6.34500000e-02
3.46982000e-01 6.96617600e-01 2.13571169e-09 9.68612800e-01 4.60257000e-02 6.60500000e-02
2.83588800e-01 6.50760800e-01 2.06617689e-09 9.61170400e-01 5.25449888e-02 -6.61000000e-02
2.88990800e-01 6.97049600e-01 2.13547638e-09 9.72628000e-01 5.21578739e-02 -1.15500000e-02
3.41580000e-01 6.50328800e-01 2.06641220e-09 9.57155200e-01 4.64128149e-02 1.15000000e-02
2.93896400e-01 6.42228800e-01 2.14347700e-09 9.70528000e-01 4.43847440e-02 -3.56000000e-02
3.36674400e-01 7.05149600e-01 2.05841159e-09 9.59255200e-01 5.41859449e-02 3.55500000e-02
3.54077600e-01 6.95537600e-01 1.96922820e-09 9.52720000e-01 5.31582062e-02 -6.43500000e-02
2.76493200e-01 6.51840800e-01 2.23266038e-09 9.77063200e-01 4.54124826e-02 6.43000000e-02
2.98510000e-01 6.45598400e-01 2.26289802e-09 9.67772800e-01 4.91842835e-02 -6.00500000e-02
3.32060800e-01 7.01780000e-01 1.93899057e-09 9.62010400e-01 4.93864054e-02 6.00000000e-02
2.74420000e-01 6.43784000e-01 2.04641066e-09 9.50939200e-01 4.79612745e-02 3.53500000e-02
3.56150800e-01 7.03594400e-01 2.15547793e-09 9.78844000e-01 5.06094144e-02 -3.54000000e-02
2.73690000e-01 6.60632000e-01 2.26360395e-09 9.72779200e-01 4.50596257e-02 2.26000000e-02
3.56880800e-01 6.86746400e-01 1.93828463e-09 9.57004000e-01 5.35110632e-02 -2.26500000e-02
3.54282000e-01 6.58299200e-01 2.02982113e-09 9.65572000e-01 5.30931161e-02 6.36000000e-02
2.76288800e-01 6.89079200e-01 2.17206745e-09 9.64211200e-01 4.54775727e-02 -6.36500000e-02
3.18599600e-01 6.41710400e-01 2.20489352e-09 9.64463200e-01 4.63580022e-02 4.12500000e-02
3.11971200e-01 7.05668000e-01 1.99699506e-09 9.65320000e-01 5.22126867e-02 -4.13000000e-02
3.29958400e-01 6.72058400e-01 2.18983353e-09 9.70477600e-01 4.78242426e-02 -4.56500000e-02
3.00612400e-01 6.75320000e-01 2.01205505e-09 9.59305600e-01 5.07464462e-02 4.56000000e-02
3.44003600e-01 6.43308800e-01 2.11170983e-09 9.41900800e-01 4.69301100e-02 3.99500000e-02
2.86567200e-01 7.04069600e-01 2.09017875e-09 9.87882400e-01 5.16405788e-02 -4.00000000e-02
3.14949600e-01 6.99749600e-01 1.93216651e-09 9.89478400e-01 4.42100284e-02 -1.60000000e-03
3.15621200e-01 6.47628800e-01 2.26972207e-09 9.40304800e-01 5.43606604e-02 1.55000000e-03
3.49142800e-01 6.86357600e-01 2.12924060e-09 9.54433600e-01 5.20037131e-02 -7.11000000e-02
2.81428000e-01 6.61020800e-01 2.07264798e-09 9.75349600e-01 4.65669757e-02 7.10500000e-02
3.53114000e-01 6.47304800e-01 2.25901536e-09 9.42875200e-01 4.68855747e-02 5.27000000e-02
2.77456800e-01 7.00073600e-01 1.94287322e-09 9.86908000e-01 5.16851142e-02 -5.27500000e-02
2.82479200e-01 7.01715200e-01 2.09370844e-09 9.72023200e-01 4.49054649e-02 4.02000000e-02
3.48091600e-01 6.45663200e-01 2.10818015e-09 9.57760000e-01 5.36652240e-02 -4.02500000e-02
3.21724000e-01 7.04220800e-01 2.20501118e-09 9.84220000e-01 5.12226318e-02 3.08500000e-02
3.08846800e-01 6.43157600e-01 1.99687741e-09 9.45563200e-01 4.73480571e-02 -3.09000000e-02
3.04233200e-01 6.68170400e-01 2.22313023e-09 9.40439200e-01 5.23668475e-02 2.24000000e-02
3.26337600e-01 6.79208000e-01 1.97875835e-09 9.89344000e-01 4.62038414e-02 -2.24500000e-02
3.32148400e-01 6.69725600e-01 2.05111690e-09 9.53005600e-01 4.67382655e-02 5.48000000e-02
2.98422400e-01 6.77652800e-01 2.15077168e-09 9.76777600e-01 5.18324234e-02 -5.48500000e-02
3.31914800e-01 7.02622400e-01 2.03146832e-09 9.48872800e-01 4.53679473e-02 2.35000000e-02
2.98656000e-01 6.44756000e-01 2.17042026e-09 9.80910400e-01 5.32027416e-02 -2.35500000e-02
2.94684800e-01 6.74196800e-01 2.17524417e-09 9.80977600e-01 4.84169053e-02 4.53000000e-02
3.35886000e-01 6.73181600e-01 2.02664442e-09 9.48805600e-01 5.01537836e-02 -4.53500000e-02
3.34922400e-01 6.55469600e-01 2.16194902e-09 9.77382400e-01 4.45389048e-02 -5.27000000e-02
2.95648400e-01 6.91908800e-01 2.03993957e-09 9.52400800e-01 5.40317841e-02 5.26500000e-02
3.04466800e-01 6.70395200e-01 2.08923750e-09 9.50183200e-01 4.50219419e-02 -3.85000000e-02
3.26104000e-01 6.76983200e-01 2.11265108e-09 9.79600000e-01 5.35487469e-02 3.84500000e-02
3.31944000e-01 6.63202400e-01 1.97334617e-09 9.45731200e-01 4.72624122e-02 4.78000000e-02
2.98626800e-01 6.84176000e-01 2.22854241e-09 9.84052000e-01 5.13082767e-02 -4.78500000e-02
3.36762000e-01 6.86098400e-01 2.26748661e-09 9.43127200e-01 4.95713983e-02 -4.49500000e-02
2.93808800e-01 6.61280000e-01 1.93440198e-09 9.86656000e-01 4.89992905e-02 4.49000000e-02
3.49347200e-01 6.41494400e-01 2.21877695e-09 9.70427200e-01 5.37782752e-02 -1.61500000e-02
2.81223600e-01 7.05884000e-01 1.98311163e-09 9.59356000e-01 4.47924136e-02 1.61000000e-02
2.83034000e-01 6.95559200e-01 2.24748506e-09 9.83413600e-01 4.56043272e-02 -2.32500000e-02
3.47536800e-01 6.51819200e-01 1.95440353e-09 9.46369600e-01 5.29663617e-02 2.32000000e-02
3.57085200e-01 6.70676000e-01 2.11959280e-09 9.40271200e-01 4.82764476e-02 -6.51500000e-02
2.73485600e-01 6.76702400e-01 2.08229579e-09 9.89512000e-01 5.02942412e-02 6.51000000e-02
2.77281600e-01 6.86141600e-01 2.04252800e-09 9.50653600e-01 5.28430330e-02 -4.75000000e-03
3.53289200e-01 6.61236800e-01 2.15936058e-09 9.79129600e-01 4.57276558e-02 4.70000000e-03
3.12642800e-01 6.64822400e-01 2.16406683e-09 9.81767200e-01 4.57482106e-02 2.60000000e-03
3.17928000e-01 6.82556000e-01 2.03782175e-09 9.48016000e-01 5.28224783e-02 -2.65000000e-03
3.45843200e-01 6.85925600e-01 2.23395460e-09 9.84724000e-01 4.79475713e-02 -7.17000000e-02
2.84727600e-01 6.61452800e-01 1.96793399e-09 9.45059200e-01 5.06231176e-02 7.16500000e-02
3.40645600e-01 6.54778400e-01 1.96593383e-09 9.84388000e-01 4.63408732e-02 -3.86500000e-02
2.89925200e-01 6.92600000e-01 2.23595475e-09 9.45395200e-01 5.22298156e-02 3.86000000e-02
3.31652000e-01 6.58428800e-01 2.14830090e-09 9.59288800e-01 4.77283204e-02 6.44000000e-02
2.98918800e-01 6.88949600e-01 2.05358768e-09 9.70494400e-01 5.08423685e-02 -6.44500000e-02
2.87122000e-01 6.97611200e-01 2.03558629e-09 9.72493600e-01 5.32507027e-02 4.24500000e-02
3.43448800e-01 6.49767200e-01 2.16630230e-09 9.57289600e-01 4.53199861e-02 -4.25000000e-02
3.21840800e-01 6.87567200e-01 1.98887679e-09 9.47327200e-01 4.56351593e-02 -6.60000000e-03
3.08730000e-01 6.59811200e-01 2.21301180e-09 9.82456000e-01 5.29355295e-02 6.55000000e-03
2.82566800e-01 6.45231200e-01 2.14700668e-09 9.41968000e-01 5.04895115e-02 -1.45000000e-03
3.48004000e-01 7.02147200e-01 2.05488190e-09 9.87815200e-01 4.80811773e-02 1.40000000e-03
3.22804400e-01 6.99814400e-01 1.99146522e-09 9.76592800e-01 5.02736864e-02 -6.64000000e-02
3.07766400e-01 6.47564000e-01 2.21042336e-09 9.53190400e-01 4.82970024e-02 6.63500000e-02
3.54720000e-01 6.97870400e-01 2.25666224e-09 9.78827200e-01 5.40420615e-02 4.89000000e-02
2.75850800e-01 6.49508000e-01 1.94522634e-09 9.50956000e-01 4.45286274e-02 -4.89500000e-02
3.44091200e-01 6.73721600e-01 1.93663744e-09 9.85076800e-01 4.62312477e-02 2.77500000e-02
2.86479600e-01 6.73656800e-01 2.26525114e-09 9.44706400e-01 5.23394411e-02 -2.78000000e-02
2.98451600e-01 6.86379200e-01 2.08394297e-09 9.49544800e-01 4.61695834e-02 -1.27500000e-02
3.32119200e-01 6.60999200e-01 2.11794561e-09 9.80238400e-01 5.24011054e-02 1.27000000e-02
2.79705200e-01 6.60675200e-01 2.04193972e-09 9.65555200e-01 5.43469573e-02 -5.62000000e-02
3.50865600e-01 6.86703200e-01 2.15994886e-09 9.64228000e-01 4.42237316e-02 5.61500000e-02
3.20702000e-01 6.90008000e-01 1.97817007e-09 9.77936800e-01 4.68273362e-02 -2.29500000e-02
3.09868800e-01 6.57370400e-01 2.22371851e-09 9.51846400e-01 5.17433527e-02 2.29000000e-02
2.90772000e-01 6.72771200e-01 2.26454520e-09 9.89898400e-01 4.92836315e-02 9.05000000e-03
3.39798800e-01 6.74607200e-01 1.93734338e-09 9.39884800e-01 4.92870573e-02 -9.10000000e-03
3.19680000e-01 6.94004000e-01 1.98381757e-09 9.65269600e-01 4.57002494e-02 -6.63500000e-02
3.10890800e-01 6.53374400e-01 2.21807101e-09 9.64513600e-01 5.28704394e-02 6.63000000e-02
3.52500800e-01 6.55534400e-01 2.12759342e-09 9.79012000e-01 5.10205098e-02 1.85500000e-02
2.78070000e-01 6.91844000e-01 2.07429517e-09 9.50771200e-01 4.75501790e-02 -1.86000000e-02
2.94480400e-01 6.53849600e-01 2.13582935e-09 9.49175200e-01 5.21818545e-02 -5.78500000e-02
3.36090400e-01 6.93528800e-01 2.06605924e-09 9.80608000e-01 4.63888343e-02 5.78000000e-02
2.99006400e-01 6.80266400e-01 2.05864690e-09 9.53879200e-01 4.84100537e-02 6.75000000e-03
3.31564400e-01 6.67112000e-01 2.14324169e-09 9.75904000e-01 5.01606352e-02 -6.80000000e-03
3.42280800e-01 6.50393600e-01 2.16241964e-09 9.73417600e-01 5.34356957e-02 -1.40000000e-02
2.88290000e-01 6.96984800e-01 2.03946894e-09 9.56365600e-01 4.51349932e-02 1.39500000e-02
2.87822800e-01 6.62338400e-01 1.96169821e-09 9.55592800e-01 5.42887187e-02 4.91500000e-02
3.24848400e-01 6.95343200e-01 2.21736508e-09 9.46285600e-01 5.10924515e-02 4.88000000e-02
3.05722400e-01 6.52035200e-01 1.98452351e-09 9.83497600e-01 4.74782373e-02 -4.88500000e-02
3.43565600e-01 6.56031200e-01 2.12724045e-09 9.44555200e-01 4.65053114e-02 1.20500000e-02
2.87005200e-01 6.91347200e-01 2.07464814e-09 9.85228000e-01 5.20653775e-02 -1.21000000e-02
3.36411600e-01 7.00851200e-01 2.23501350e-09 9.50972800e-01 4.76769334e-02 -8.85000000e-03
2.94159200e-01 6.46527200e-01 1.96687508e-09 9.78810400e-01 5.08937554e-02 8.80000000e-03
2.93049600e-01 6.92103200e-01 2.15700746e-09 9.41934400e-01 4.58167265e-02 7.34000000e-02
3.37521200e-01 6.55275200e-01 2.04488112e-09 9.87848800e-01 5.27539624e-02 -7.34500000e-02
2.75734000e-01 6.58472000e-01 2.26819254e-09 9.50552800e-01 4.90335485e-02 -5.76000000e-02
3.54836800e-01 6.88906400e-01 1.93369604e-09 9.79230400e-01 4.95371404e-02 5.75500000e-02
2.95444000e-01 6.46332800e-01 2.00981958e-09 9.39767200e-01 4.50973094e-02 -5.59500000e-02
3.35126800e-01 7.01045600e-01 2.19206900e-09 9.90016000e-01 5.34733794e-02 5.59000000e-02
3.00437200e-01 6.82685600e-01 2.26325099e-09 9.52619200e-01 4.48232458e-02 -3.76000000e-02
3.30133600e-01 6.64692800e-01 1.93863760e-09 9.77164000e-01 5.37474430e-02 3.75500000e-02
3.53902400e-01 6.80828000e-01 2.20230509e-09 9.78088000e-01 4.96090821e-02 -5.32500000e-02
2.76668400e-01 6.66550400e-01 1.99958350e-09 9.51695200e-01 4.89616067e-02 5.32000000e-02
3.42923200e-01 7.04696000e-01 2.16371386e-09 9.53980000e-01 5.43195509e-02 3.48000000e-02
2.87647600e-01 6.42682400e-01 2.03817472e-09 9.75803200e-01 4.42511379e-02 -3.48500000e-02
3.38747600e-01 6.50868800e-01 2.16924370e-09 9.48923200e-01 4.54193342e-02 -4.97500000e-02
2.91823200e-01 6.96509600e-01 2.03264488e-09 9.80860000e-01 5.31513546e-02 4.97000000e-02
2.92465600e-01 6.91498400e-01 2.19253962e-09 9.65353600e-01 4.63614280e-02 -7.46500000e-02
3.38105200e-01 6.55880000e-01 2.00934896e-09 9.64429600e-01 5.22092609e-02 7.46000000e-02
3.38280400e-01 6.60048800e-01 2.17830323e-09 9.74358400e-01 5.07738526e-02 -2.79000000e-02
2.92290400e-01 6.87329600e-01 2.02358536e-09 9.55424800e-01 4.77968363e-02 2.78500000e-02
3.56296800e-01 6.93982400e-01 2.10323859e-09 9.48570400e-01 5.29184005e-02 1.26500000e-02
2.74274000e-01 6.53396000e-01 2.09865000e-09 9.81212800e-01 4.56522883e-02 -1.27000000e-02
3.23008800e-01 7.03767200e-01 2.16441980e-09 9.61657600e-01 4.82216349e-02 3.97000000e-02
3.07562000e-01 6.43611200e-01 2.03746879e-09 9.68125600e-01 5.03490539e-02 -3.97500000e-02
3.26045600e-01 6.61517600e-01 2.15218356e-09 9.61876000e-01 4.48814843e-02 -9.90000000e-03
3.04525200e-01 6.85860800e-01 2.04970503e-09 9.67907200e-01 5.36892045e-02 9.85000000e-03
3.01517600e-01 6.88841600e-01 1.93934354e-09 9.69956800e-01 4.73343539e-02 5.48500000e-02
3.29053200e-01 6.58536800e-01 2.26254505e-09 9.59826400e-01 5.12363350e-02 -5.49000000e-02
3.45697200e-01 6.91131200e-01 1.97122836e-09 9.51157600e-01 5.04278472e-02 -6.57000000e-02
2.84873600e-01 6.56247200e-01 2.23066022e-09 9.78625600e-01 4.81428416e-02 6.56500000e-02
2.85399200e-01 6.82296800e-01 2.20265806e-09 9.65740000e-01 4.76563787e-02 -4.22500000e-02
3.45171600e-01 6.65081600e-01 1.99923053e-09 9.64043200e-01 5.09143102e-02 4.22000000e-02
3.17314800e-01 6.92859200e-01 2.18324479e-09 9.41178400e-01 4.61730092e-02 1.02500000e-02
3.13256000e-01 6.54519200e-01 2.01864380e-09 9.88604800e-01 5.23976796e-02 -1.03000000e-02
2.93633600e-01 6.45036800e-01 2.11182749e-09 9.63304000e-01 5.27745171e-02 -6.74000000e-02
3.36937200e-01 7.02341600e-01 2.09006110e-09 9.66479200e-01 4.57961717e-02 6.73500000e-02
2.82216400e-01 6.75946400e-01 2.23854319e-09 9.51712000e-01 4.85710661e-02 -6.41000000e-02
3.48354400e-01 6.71432000e-01 1.96334540e-09 9.78071200e-01 4.99996228e-02 6.40500000e-02
2.83559600e-01 6.87308000e-01 2.06464736e-09 9.48402400e-01 4.69335358e-02 3.93500000e-02
3.47011200e-01 6.60070400e-01 2.13724122e-09 9.81380800e-01 5.16371530e-02 -3.94000000e-02
3.46193600e-01 6.49961600e-01 2.04382222e-09 9.54316000e-01 5.01503578e-02 -7.30000000e-02
2.84377200e-01 6.97416800e-01 2.15806637e-09 9.75467200e-01 4.84203311e-02 7.29500000e-02
3.45901600e-01 6.75644000e-01 2.21395305e-09 9.72644800e-01 5.00304549e-02 -2.43500000e-02
2.84669200e-01 6.71734400e-01 1.98793554e-09 9.57138400e-01 4.85402339e-02 2.43000000e-02
3.49405600e-01 6.48622400e-01 2.19195134e-09 9.71888800e-01 4.93795538e-02 5.81500000e-02
2.81165200e-01 6.98756000e-01 2.00993724e-09 9.57894400e-01 4.91911350e-02 -5.82000000e-02
3.49756000e-01 6.68969600e-01 2.05876455e-09 9.43043200e-01 5.34322699e-02 2.90500000e-02
2.80814800e-01 6.78408800e-01 2.14312403e-09 9.86740000e-01 4.51384190e-02 -2.91000000e-02
3.41463200e-01 6.98367200e-01 2.14359466e-09 9.80473600e-01 4.70089033e-02 -5.24500000e-02
2.89107600e-01 6.49011200e-01 2.05829393e-09 9.49309600e-01 5.15617855e-02 5.24000000e-02
2.89720800e-01 6.64196000e-01 2.21254117e-09 9.60011200e-01 4.96262111e-02 -2.09000000e-02
3.40850000e-01 6.83182400e-01 1.98934741e-09 9.69772000e-01 4.89444778e-02 2.08500000e-02
3.26688000e-01 6.95084000e-01 1.95805087e-09 9.59003200e-01 4.54535922e-02 -1.35000000e-03
3.03882800e-01 6.52294400e-01 2.24383772e-09 9.70780000e-01 5.31170967e-02 1.30000000e-03
3.58340800e-01 6.99684800e-01 2.03511566e-09 9.71452000e-01 4.67005817e-02 -5.00000000e-05
2.72230000e-01 6.47693600e-01 2.16677292e-09 9.58331200e-01 5.18701071e-02 0.00000000e+00
3.55508400e-01 6.64455200e-01 2.10347390e-09 9.56231200e-01 4.65498467e-02 2.11500000e-02
2.75062400e-01 6.82923200e-01 2.09841468e-09 9.73552000e-01 5.20208421e-02 -2.12000000e-02
3.22395600e-01 6.49227200e-01 2.06370611e-09 9.88940800e-01 5.01572094e-02 2.15500000e-02
3.08175200e-01 6.98151200e-01 2.13818247e-09 9.40842400e-01 4.84134795e-02 -2.16000000e-02
2.97371200e-01 6.60308000e-01 1.96475727e-09 9.63354400e-01 5.26306337e-02 2.23000000e-02
3.33199600e-01 6.87070400e-01 2.23713131e-09 9.66428800e-01 4.59400551e-02 -2.23500000e-02
2.90450800e-01 6.99771200e-01 1.99452428e-09 9.71418400e-01 4.44977952e-02 3.06000000e-02
3.40120000e-01 6.47607200e-01 2.20736430e-09 9.58364800e-01 5.40728936e-02 -3.06500000e-02
2.91502000e-01 6.43762400e-01 1.92804854e-09 9.72476800e-01 5.29286779e-02 -9.25000000e-03
3.39068800e-01 7.03616000e-01 2.27384004e-09 9.57306400e-01 4.56420109e-02 9.20000000e-03
3.41200400e-01 6.63850400e-01 1.95334462e-09 9.68226400e-01 5.39632682e-02 5.95500000e-02
2.89370400e-01 6.83528000e-01 2.24854396e-09 9.61556800e-01 4.46074207e-02 -5.96000000e-02
3.13518800e-01 6.50696000e-01 2.14547715e-09 9.85984000e-01 4.86156014e-02 -7.15000000e-03
3.17052000e-01 6.96682400e-01 2.05641143e-09 9.43799200e-01 4.99550874e-02 7.10000000e-03
3.32177600e-01 6.52251200e-01 2.25772115e-09 9.88168000e-01 4.85059759e-02 1.00500000e-02
2.98393200e-01 6.95127200e-01 1.94416744e-09 9.41615200e-01 5.00647129e-02 -1.01000000e-02
3.47828800e-01 6.50199200e-01 2.25948599e-09 9.59977600e-01 5.38844749e-02 6.30500000e-02
2.82742000e-01 6.97179200e-01 1.94240260e-09 9.69805600e-01 4.46862140e-02 -6.31000000e-02
3.31038800e-01 6.80136800e-01 2.10676827e-09 9.79835200e-01 4.62894863e-02 -6.25000000e-02
2.99532000e-01 6.67241600e-01 2.09512031e-09 9.49948000e-01 5.22812026e-02 6.24500000e-02
2.86976000e-01 6.88301600e-01 2.11771030e-09 9.55979200e-01 5.07807042e-02 4.47000000e-02
3.43594800e-01 6.59076800e-01 2.08417829e-09 9.73804000e-01 4.77899847e-02 -4.47500000e-02
3.54574000e-01 6.85320800e-01 2.16700823e-09 9.90032800e-01 4.80160872e-02 2.48500000e-02
2.75996800e-01 6.62057600e-01 2.03488035e-09 9.39750400e-01 5.05546016e-02 -2.49000000e-02
2.81661600e-01 6.86444000e-01 1.95687431e-09 9.76021600e-01 5.27608139e-02 -3.75500000e-02
3.48909200e-01 6.60934400e-01 2.24501428e-09 9.53761600e-01 4.58098749e-02 3.75000000e-02
3.49814400e-01 6.78322400e-01 2.26313333e-09 9.81884800e-01 4.50116645e-02 -5.15000000e-03
2.80756400e-01 6.69056000e-01 1.93875526e-09 9.47898400e-01 5.35590243e-02 5.10000000e-03
3.23884800e-01 6.71712800e-01 2.24277881e-09 9.72191200e-01 5.01400804e-02 -2.80500000e-02
3.06686000e-01 6.75665600e-01 1.95910977e-09 9.57592000e-01 4.84306084e-02 2.80000000e-02
3.46514800e-01 6.53482400e-01 2.08147220e-09 9.69419200e-01 4.83449636e-02 5.04000000e-02
2.84056000e-01 6.93896000e-01 2.12041639e-09 9.60364000e-01 5.02257253e-02 -5.04500000e-02
3.26775600e-01 6.98129600e-01 2.02640911e-09 9.46873600e-01 4.74816631e-02 -5.24000000e-02
3.03795200e-01 6.49248800e-01 2.17547948e-09 9.82909600e-01 5.10890257e-02 5.23500000e-02
2.76580800e-01 6.98216000e-01 2.24972053e-09 9.82590400e-01 4.76529529e-02 -7.38500000e-02
3.53990000e-01 6.49162400e-01 1.95216806e-09 9.47192800e-01 5.09177360e-02 7.38000000e-02
2.81632400e-01 6.68451200e-01 2.16112543e-09 9.49595200e-01 4.96159337e-02 -8.70000000e-03
3.48938400e-01 6.78927200e-01 2.04076316e-09 9.80188000e-01 4.89547552e-02 8.65000000e-03
3.39594400e-01 6.79380800e-01 2.16583167e-09 9.44269600e-01 5.30794129e-02 -2.63000000e-02
2.90976400e-01 6.67997600e-01 2.03605691e-09 9.85513600e-01 4.54912759e-02 2.62500000e-02
3.50252400e-01 6.52964000e-01 2.27642848e-09 9.59171200e-01 5.40660420e-02 -6.21500000e-02
2.80318400e-01 6.94414400e-01 1.92546011e-09 9.70612000e-01 4.45046468e-02 6.21000000e-02
3.43770000e-01 6.42660800e-01 2.17806791e-09 9.43429600e-01 5.00681387e-02 -1.54000000e-02
2.86800800e-01 7.04717600e-01 2.02382067e-09 9.86353600e-01 4.85025502e-02 1.53500000e-02
2.98101200e-01 6.63310400e-01 2.10394452e-09 9.61019200e-01 5.38947523e-02 2.19500000e-02
3.32469600e-01 6.84068000e-01 2.09794406e-09 9.68764000e-01 4.46759366e-02 -2.20000000e-02
3.29870800e-01 6.75384800e-01 2.26948676e-09 9.55139200e-01 5.12705929e-02 2.52500000e-02
3.00700000e-01 6.71993600e-01 1.93240182e-09 9.74644000e-01 4.73000959e-02 -2.53000000e-02
3.42397600e-01 7.04566400e-01 2.00781943e-09 9.61640800e-01 5.26203563e-02 -6.93500000e-02
2.88173200e-01 6.42812000e-01 2.19406915e-09 9.68142400e-01 4.59503325e-02 6.93000000e-02
2.92173600e-01 7.03918400e-01 2.25642693e-09 9.83615200e-01 4.68136330e-02 -4.63500000e-02
3.38397200e-01 6.43460000e-01 1.94546166e-09 9.46168000e-01 5.17570559e-02 4.63000000e-02
2.75588000e-01 6.49896800e-01 2.07500111e-09 9.41581600e-01 5.39153070e-02 -4.01000000e-02
3.54982800e-01 6.97481600e-01 2.12688748e-09 9.88201600e-01 4.46553818e-02 4.00500000e-02
3.33520800e-01 6.87027200e-01 2.06794174e-09 9.50368000e-01 5.10753226e-02 -5.34500000e-02
2.97050000e-01 6.60351200e-01 2.13394685e-09 9.79415200e-01 4.74953663e-02 5.34000000e-02
3.55070400e-01 6.65405600e-01 2.27042801e-09 9.46924000e-01 5.28019235e-02 -3.03500000e-02
2.75500400e-01 6.81972800e-01 1.93146057e-09 9.82859200e-01 4.57687653e-02 3.03000000e-02
2.80990000e-01 6.91217600e-01 2.10406218e-09 9.75383200e-01 4.80469193e-02 -2.25000000e-03
3.49580800e-01 6.56160800e-01 2.09782640e-09 9.54400000e-01 5.05237695e-02 2.20000000e-03
3.22746000e-01 6.70503200e-01 2.22348320e-09 9.80524000e-01 5.07224656e-02 2.40000000e-02
3.07824800e-01 6.76875200e-01 1.97840539e-09 9.49259200e-01 4.78482232e-02 -2.40500000e-02
3.37754800e-01 6.51106400e-01 2.25466208e-09 9.57272800e-01 4.83072798e-02 -1.57000000e-02
2.92816000e-01 6.96272000e-01 1.94722650e-09 9.72510400e-01 5.02634090e-02 1.56500000e-02
3.34834800e-01 6.60092000e-01 2.21360008e-09 9.82825600e-01 4.42168800e-02 3.77500000e-02
2.95736000e-01 6.87286400e-01 1.98828850e-09 9.46957600e-01 5.43538089e-02 -3.78000000e-02
3.00495600e-01 6.87934400e-01 2.20112852e-09 9.82204000e-01 5.43675120e-02 4.25500000e-02
3.30075200e-01 6.59444000e-01 2.00076006e-09 9.47579200e-01 4.42031768e-02 -4.26000000e-02
3.52676000e-01 6.98064800e-01 2.23536647e-09 9.41329600e-01 4.45320532e-02 2.38500000e-02
2.77894800e-01 6.49313600e-01 1.96652211e-09 9.88453600e-01 5.40386357e-02 -2.39000000e-02
2.94305200e-01 6.65168000e-01 2.27360473e-09 9.71636800e-01 5.38193848e-02 2.82500000e-02
3.36265600e-01 6.82210400e-01 1.92828386e-09 9.58146400e-01 4.47513041e-02 -2.83000000e-02
3.06919600e-01 6.43740800e-01 2.01299630e-09 9.67655200e-01 5.10821742e-02 3.28000000e-02
3.23651200e-01 7.03637600e-01 2.18889228e-09 9.62128000e-01 4.74885147e-02 -3.28500000e-02
3.39360800e-01 6.48017600e-01 2.12547560e-09 9.86051200e-01 5.43503831e-02 5.91000000e-02
2.91210000e-01 6.99360800e-01 2.07641298e-09 9.43732000e-01 4.42203058e-02 -5.91500000e-02
3.21636400e-01 6.57824000e-01 2.13206435e-09 9.56348800e-01 4.45868659e-02 -4.59500000e-02
3.08934400e-01 6.89554400e-01 2.06982423e-09 9.73434400e-01 5.39838229e-02 4.59000000e-02
3.02510400e-01 6.46203200e-01 2.09476734e-09 9.41027200e-01 4.97289849e-02 -1.72500000e-02
3.28060400e-01 7.01175200e-01 2.10712124e-09 9.88756000e-01 4.88417039e-02 1.72000000e-02
3.24731600e-01 6.87221600e-01 2.05582315e-09 9.73854400e-01 4.93178895e-02 -2.09500000e-02
3.05839200e-01 6.60156800e-01 2.14606544e-09 9.55928800e-01 4.92527994e-02 2.09000000e-02
3.03269600e-01 7.03097600e-01 1.94299088e-09 9.72224800e-01 5.40968742e-02 -1.90000000e-03
3.27301200e-01 6.44280800e-01 2.25889771e-09 9.57558400e-01 4.44738147e-02 1.85000000e-03
3.29637200e-01 6.60243200e-01 1.95040322e-09 9.45176800e-01 4.99585132e-02 -4.80000000e-03
3.00933600e-01 6.87135200e-01 2.25148537e-09 9.84606400e-01 4.86121756e-02 4.75000000e-03
3.21256800e-01 6.85407200e-01 2.06900064e-09 9.54484000e-01 5.32849607e-02 8.75000000e-03
3.09314000e-01 6.61971200e-01 2.13288794e-09 9.75299200e-01 4.52857282e-02 -8.80000000e-03
3.30922000e-01 6.96963200e-01 1.98511179e-09 9.66697600e-01 4.80640483e-02 3.38500000e-02
2.99648800e-01 6.50415200e-01 2.21677680e-09 9.63085600e-01 5.05066405e-02 -3.39000000e-02
3.55245600e-01 6.85536800e-01 1.98922975e-09 9.59372800e-01 5.27505366e-02 1.05000000e-02
2.75325200e-01 6.61841600e-01 2.21265883e-09 9.70410400e-01 4.58201523e-02 -1.05500000e-02
3.53668800e-01 6.50609600e-01 2.01805552e-09 9.49477600e-01 4.88314265e-02 6.42500000e-02
2.76902000e-01 6.96768800e-01 2.18383307e-09 9.80305600e-01 4.97392623e-02 -6.43000000e-02
2.88523600e-01 6.50458400e-01 1.98722960e-09 9.54383200e-01 5.15686371e-02 -6.87000000e-02
3.42047200e-01 6.96920000e-01 2.21465899e-09 9.75400000e-01 4.70020517e-02 6.86500000e-02
3.21694800e-01 6.93550400e-01 2.24607318e-09 9.52518400e-01 5.05374727e-02 2.34000000e-02
3.08876000e-01 6.53828000e-01 1.95581540e-09 9.77264800e-01 4.80332162e-02 -2.34500000e-02
3.56822400e-01 6.87459200e-01 1.98240570e-09 9.64564000e-01 5.13425346e-02 4.86000000e-02
2.73748400e-01 6.59919200e-01 2.21948289e-09 9.65219200e-01 4.72281542e-02 -4.86500000e-02
3.58311600e-01 6.90137600e-01 2.09206125e-09 9.71116000e-01 4.55940498e-02 3.90000000e-02
2.72259200e-01 6.57240800e-01 2.10982733e-09 9.58667200e-01 5.29766391e-02 -3.90500000e-02
3.11387200e-01 7.01844800e-01 2.19524572e-09 9.41060800e-01 5.04655310e-02 4.70500000e-02
3.19183600e-01 6.45533600e-01 2.00664287e-09 9.88722400e-01 4.81051579e-02 -4.71000000e-02
2.90275600e-01 6.90483200e-01 2.19771650e-09 9.52316800e-01 4.71562125e-02 -4.54000000e-02
3.40295200e-01 6.56895200e-01 2.00417209e-09 9.77466400e-01 5.14144763e-02 4.53500000e-02
3.38689200e-01 7.04674400e-01 2.16394917e-09 9.76525600e-01 4.77591525e-02 -1.53500000e-02
2.91881600e-01 6.42704000e-01 2.03793941e-09 9.53257600e-01 5.08115363e-02 1.53000000e-02
2.99356800e-01 6.77328800e-01 2.07123611e-09 9.80171200e-01 5.06128402e-02 6.66500000e-02
3.31214000e-01 6.70049600e-01 2.13065248e-09 9.49612000e-01 4.79578487e-02 -6.67000000e-02
2.88932400e-01 6.65643200e-01 1.98687663e-09 9.67890400e-01 4.97529655e-02 -4.94500000e-02
3.41638400e-01 6.81735200e-01 2.21501195e-09 9.61892800e-01 4.88177233e-02 4.94000000e-02
3.17344000e-01 6.70892000e-01 2.21830633e-09 9.42488800e-01 5.33123670e-02 -4.10000000e-02
3.13226800e-01 6.76486400e-01 1.98358226e-09 9.87294400e-01 4.52583218e-02 4.09500000e-02
2.95385600e-01 6.66442400e-01 2.21065868e-09 9.65689600e-01 5.24559181e-02 5.19500000e-02
3.35185200e-01 6.80936000e-01 1.99122991e-09 9.64093600e-01 4.61147707e-02 -5.20000000e-02
3.46339600e-01 6.53050400e-01 2.14065325e-09 9.44252800e-01 5.43846410e-02 -3.25000000e-03
2.84231200e-01 6.94328000e-01 2.06123533e-09 9.85530400e-01 4.41860478e-02 3.20000000e-03
2.93984000e-01 6.53028800e-01 1.98040554e-09 9.59708800e-01 5.20379711e-02 5.25000000e-02
3.36586800e-01 6.94349600e-01 2.22148304e-09 9.70074400e-01 4.65327177e-02 -5.25500000e-02
3.58954000e-01 6.58968800e-01 2.24124928e-09 9.62850400e-01 4.70363097e-02 6.32500000e-02
2.71616800e-01 6.88409600e-01 1.96063930e-09 9.66932800e-01 5.15343792e-02 -6.33000000e-02
2.79792800e-01 6.99339200e-01 1.98570007e-09 9.88588000e-01 4.91157675e-02 -5.01500000e-02
3.50778000e-01 6.48039200e-01 2.21618852e-09 9.41195200e-01 4.94549213e-02 5.01000000e-02
2.90859600e-01 6.47542400e-01 2.23783725e-09 9.51107200e-01 4.99071263e-02 7.00000000e-04
3.39711200e-01 6.99836000e-01 1.96405133e-09 9.78676000e-01 4.86635625e-02 -7.50000000e-04
2.80902400e-01 6.88884800e-01 2.17971510e-09 9.89226400e-01 5.44017700e-02 7.41500000e-02
3.49668400e-01 6.58493600e-01 2.02217348e-09 9.40556800e-01 4.41689189e-02 -7.42000000e-02
3.46456400e-01 6.96012800e-01 2.03429207e-09 9.65807200e-01 5.34014377e-02 -3.71000000e-02
2.84114400e-01 6.51365600e-01 2.16759652e-09 9.63976000e-01 4.51692511e-02 3.70500000e-02
2.91122400e-01 6.75860000e-01 1.95275634e-09 9.45932800e-01 5.03627571e-02 1.31500000e-02
3.39448400e-01 6.71518400e-01 2.24913224e-09 9.83850400e-01 4.82079317e-02 -1.32000000e-02
3.06598400e-01 6.42315200e-01 1.98958272e-09 9.79499200e-01 5.34699536e-02 2.27000000e-02
3.23972400e-01 7.05063200e-01 2.21230586e-09 9.50284000e-01 4.51007352e-02 -2.27500000e-02
3.15913200e-01 6.84867200e-01 2.26936911e-09 9.84740800e-01 4.47136203e-02 -1.28000000e-02
3.14657600e-01 6.62511200e-01 1.93251948e-09 9.45042400e-01 5.38570685e-02 1.27500000e-02
2.93721200e-01 6.51516800e-01 2.13665294e-09 9.71838400e-01 5.39769713e-02 6.85500000e-02
3.36849600e-01 6.95861600e-01 2.06523564e-09 9.57944800e-01 4.45937175e-02 -6.86000000e-02
3.42251600e-01 6.92319200e-01 2.23948444e-09 9.40926400e-01 4.79064617e-02 4.28500000e-02
2.88319200e-01 6.55059200e-01 1.96240415e-09 9.88856800e-01 5.06642271e-02 -4.29000000e-02
3.13927600e-01 6.90699200e-01 1.98134679e-09 9.52115200e-01 4.84751438e-02 -7.10000000e-03
3.16643200e-01 6.56679200e-01 2.22054179e-09 9.77668000e-01 5.00955451e-02 7.05000000e-03
3.31827200e-01 7.05603200e-01 2.00970193e-09 9.41128000e-01 4.95953789e-02 4.62500000e-02
2.98743600e-01 6.41775200e-01 2.19218666e-09 9.88655200e-01 4.89753099e-02 -4.63000000e-02
3.18366000e-01 6.56938400e-01 2.15653683e-09 9.43412800e-01 4.44943694e-02 9.00000000e-03
3.12204800e-01 6.90440000e-01 2.04535175e-09 9.86370400e-01 5.40763194e-02 -9.05000000e-03
2.82333200e-01 6.95516000e-01 2.20689368e-09 9.54635200e-01 5.24422150e-02 -2.97000000e-02
3.48237600e-01 6.51862400e-01 1.99499491e-09 9.75148000e-01 4.61284739e-02 2.96500000e-02
3.39127200e-01 6.98453600e-01 2.06052940e-09 9.75887200e-01 4.86053240e-02 1.11500000e-02
2.91443600e-01 6.48924800e-01 2.14135919e-09 9.53896000e-01 4.99653648e-02 -1.12000000e-02
3.58720400e-01 6.57111200e-01 1.97158133e-09 9.60044800e-01 4.47170461e-02 1.35500000e-02
2.71850400e-01 6.90267200e-01 2.23030726e-09 9.69738400e-01 5.38536427e-02 -1.36000000e-02
3.53756400e-01 6.49983200e-01 2.03158598e-09 9.58012000e-01 5.36138370e-02 -3.47000000e-02
2.76814400e-01 6.97395200e-01 2.17030261e-09 9.71771200e-01 4.49568518e-02 3.46500000e-02
3.34980800e-01 6.54692000e-01 2.21748273e-09 9.64060000e-01 5.12294834e-02 -5.00000000e-04
2.95590000e-01 6.92686400e-01 1.98440585e-09 9.65723200e-01 4.73412055e-02 4.50000000e-04
3.46806800e-01 7.06013600e-01 2.11065093e-09 9.57054400e-01 5.28293299e-02 6.35000000e-02
2.83764000e-01 6.41364800e-01 2.09123766e-09 9.72728800e-01 4.57413590e-02 -6.35500000e-02
3.08292000e-01 6.64325600e-01 1.95758024e-09 9.85564000e-01 4.63271700e-02 -4.57500000e-02
3.22278800e-01 6.83052800e-01 2.24430834e-09 9.44219200e-01 5.22435188e-02 4.57000000e-02
3.02160000e-01 6.65513600e-01 2.06335314e-09 9.43026400e-01 4.61216223e-02 3.09000000e-02
3.28410800e-01 6.81864800e-01 2.13853544e-09 9.86756800e-01 5.24490666e-02 -3.09500000e-02
3.12350800e-01 6.62273600e-01 2.12312248e-09 9.46588000e-01 5.27642397e-02 -5.26000000e-02
3.18220000e-01 6.85104800e-01 2.07876610e-09 9.83195200e-01 4.58064491e-02 5.25500000e-02
2.81340400e-01 6.70546400e-01 2.22430679e-09 9.67840000e-01 5.16953915e-02 -2.84500000e-02
3.49230400e-01 6.76832000e-01 1.97758179e-09 9.61943200e-01 4.68752973e-02 2.84000000e-02
3.38426400e-01 6.47909600e-01 2.20077556e-09 9.58432000e-01 5.05408985e-02 -5.42500000e-02
2.92144400e-01 6.99468800e-01 2.00111303e-09 9.71351200e-01 4.80297904e-02 5.42000000e-02
3.21899200e-01 6.62792000e-01 2.18124463e-09 9.62564800e-01 4.66834527e-02 4.45000000e-03
3.08671600e-01 6.84586400e-01 2.02064395e-09 9.67218400e-01 5.18872361e-02 -4.50000000e-03
3.16351200e-01 6.78538400e-01 1.98369991e-09 9.65084800e-01 4.81839512e-02 -4.54500000e-02
3.14219600e-01 6.68840000e-01 2.21818867e-09 9.64698400e-01 5.03867377e-02 4.54000000e-02
3.23592800e-01 6.70524800e-01 2.05229346e-09 9.77903200e-01 4.52343413e-02 6.97000000e-02
3.06978000e-01 6.76853600e-01 2.14959512e-09 9.51880000e-01 5.33363476e-02 -6.97500000e-02
3.51946000e-01 7.02449600e-01 2.12029873e-09 9.61607200e-01 4.83244088e-02 6.17000000e-02
2.78624800e-01 6.44928800e-01 2.08158985e-09 9.68176000e-01 5.02462801e-02 -6.17500000e-02
3.44646000e-01 6.50588000e-01 2.16500808e-09 9.48234400e-01 5.35555985e-02 -2.02000000e-02
2.85924800e-01 6.96790400e-01 2.03688051e-09 9.81548800e-01 4.50150903e-02 2.01500000e-02
2.73544000e-01 6.76162400e-01 2.06829470e-09 9.46050400e-01 4.94275149e-02 -2.22000000e-02
3.57026800e-01 6.71216000e-01 2.13359388e-09 9.83732800e-01 4.91431739e-02 2.21500000e-02
3.20293200e-01 6.45188000e-01 2.16018418e-09 9.59507200e-01 5.29458069e-02 -3.83500000e-02
3.10277600e-01 7.02190400e-01 2.04170441e-09 9.70276000e-01 4.56248819e-02 3.83000000e-02
3.58370000e-01 6.48384800e-01 1.93299010e-09 9.61254400e-01 4.86258788e-02 7.03000000e-02
2.72200800e-01 6.98993600e-01 2.26889848e-09 9.68528800e-01 4.99448101e-02 -7.03500000e-02
3.40966800e-01 6.79272800e-01 2.19277494e-09 9.86773600e-01 4.79715518e-02 -5.46000000e-02
2.89604000e-01 6.68105600e-01 2.00911365e-09 9.43009600e-01 5.05991370e-02 5.45500000e-02
2.79325600e-01 7.00700000e-01 2.16430214e-09 9.40674400e-01 4.71904705e-02 6.92000000e-02
3.51245200e-01 6.46678400e-01 2.03758644e-09 9.89108800e-01 5.13802184e-02 -6.92500000e-02
3.27797600e-01 6.43373600e-01 1.96522789e-09 9.58600000e-01 5.07156140e-02 1.32500000e-02
3.02773200e-01 7.04004800e-01 2.23666069e-09 9.71183200e-01 4.78550748e-02 -1.33000000e-02
2.96933200e-01 6.73138400e-01 2.08006032e-09 9.62699200e-01 4.57447848e-02 5.73000000e-02
3.33637600e-01 6.74240000e-01 2.12182826e-09 9.67084000e-01 5.28259041e-02 -5.73500000e-02
2.78478800e-01 6.76464800e-01 1.98287632e-09 9.76576000e-01 4.50630515e-02 -6.18000000e-02
3.52092000e-01 6.70913600e-01 2.21901226e-09 9.53207200e-01 5.35076374e-02 6.17500000e-02
3.30600800e-01 6.72274400e-01 1.95734493e-09 9.55962400e-01 4.54844243e-02 7.20500000e-02
2.99970000e-01 6.75104000e-01 2.24454365e-09 9.73820800e-01 5.30862645e-02 -7.21000000e-02
3.28323200e-01 6.80028800e-01 1.97146367e-09 9.74022400e-01 4.55974756e-02 3.49000000e-02
3.02247600e-01 6.67349600e-01 2.23042491e-09 9.55760800e-01 5.29732133e-02 -3.49500000e-02
3.30367200e-01 6.80720000e-01 2.01029021e-09 9.79482400e-01 4.84443116e-02 6.95000000e-03
3.00203600e-01 6.66658400e-01 2.19159837e-09 9.50300800e-01 5.01263772e-02 -7.00000000e-03
2.84435600e-01 6.69531200e-01 2.15277184e-09 9.78407200e-01 4.83518151e-02 3.68500000e-02
3.46135200e-01 6.77847200e-01 2.04911675e-09 9.51376000e-01 5.02188737e-02 -3.69000000e-02
2.75529600e-01 6.45944000e-01 2.07029486e-09 9.73619200e-01 4.86224530e-02 -6.10000000e-03
3.55041200e-01 7.01434400e-01 2.13159373e-09 9.56164000e-01 4.99482358e-02 6.05000000e-03
3.04379200e-01 6.52013600e-01 2.13994731e-09 9.78272800e-01 4.51452706e-02 6.39500000e-02
3.26191600e-01 6.95364800e-01 2.06194127e-09 9.51510400e-01 5.34254183e-02 -6.40000000e-02
3.41726000e-01 6.75708800e-01 2.26631005e-09 9.79398400e-01 5.36309660e-02 -7.30000000e-03
2.88844800e-01 6.71669600e-01 1.93557854e-09 9.50384800e-01 4.49397228e-02 7.25000000e-03
3.13460400e-01 6.49486400e-01 2.16771417e-09 9.49427200e-01 4.89890131e-02 -1.64500000e-02
3.17110400e-01 6.97892000e-01 2.03417441e-09 9.80356000e-01 4.95816757e-02 1.64000000e-02
3.05196800e-01 6.56830400e-01 2.08617844e-09 9.55861600e-01 5.30588582e-02 -4.85000000e-02
3.25374000e-01 6.90548000e-01 2.11571014e-09 9.73921600e-01 4.55118307e-02 4.84500000e-02
3.23709600e-01 6.44993600e-01 2.05688205e-09 9.44471200e-01 4.85984724e-02 6.74500000e-02
3.06861200e-01 7.02384800e-01 2.14500653e-09 9.85312000e-01 4.99722164e-02 -6.75000000e-02
3.41434000e-01 6.79618400e-01 2.21889461e-09 9.52148800e-01 4.97735203e-02 -4.99500000e-02
2.89136800e-01 6.67760000e-01 1.98299398e-09 9.77634400e-01 4.87971686e-02 4.99000000e-02
3.27476400e-01 6.75968000e-01 2.19336322e-09 9.41850400e-01 5.30040454e-02 -6.94500000e-02
3.03094400e-01 6.71410400e-01 2.00852537e-09 9.87932800e-01 4.55666434e-02 6.94000000e-02
2.93224800e-01 6.60588800e-01 1.94075541e-09 9.84522400e-01 4.56796947e-02 2.39500000e-02
3.37346000e-01 6.86789600e-01 2.26113317e-09 9.45260800e-01 5.28909942e-02 -2.40000000e-02
2.77018800e-01 6.68753600e-01 2.17359698e-09 9.86588800e-01 5.33808829e-02 2.15000000e-02
3.53552000e-01 6.78624800e-01 2.02829160e-09 9.43194400e-01 4.51898059e-02 -2.15500000e-02
2.81311200e-01 7.02946400e-01 2.14677137e-09 9.84270400e-01 4.87766138e-02 6.22500000e-02
3.49259600e-01 6.44432000e-01 2.05511721e-09 9.45512800e-01 4.97940751e-02 -6.23000000e-02
2.72930800e-01 6.51344000e-01 2.07558939e-09 9.68344000e-01 5.43058477e-02 -6.51000000e-02
3.57640000e-01 6.96034400e-01 2.12629920e-09 9.61439200e-01 4.42648411e-02 6.50500000e-02
2.77223200e-01 6.73829600e-01 1.92463651e-09 9.74543200e-01 5.10410646e-02 -6.89500000e-02
3.53347600e-01 6.73548800e-01 2.27725207e-09 9.55240000e-01 4.75296242e-02 6.89000000e-02
3.58457600e-01 6.76810400e-01 2.23513116e-09 9.44000800e-01 4.85881950e-02 -7.32000000e-02
2.72113200e-01 6.70568000e-01 1.96675742e-09 9.85782400e-01 4.99824938e-02 7.31500000e-02
3.43974400e-01 6.71237600e-01 2.16206667e-09 9.75719200e-01 4.98557394e-02 -1.30000000e-02
2.86596400e-01 6.76140800e-01 2.03982191e-09 9.54064000e-01 4.87149495e-02 1.29500000e-02
3.55829600e-01 6.63375200e-01 2.00464271e-09 9.58381600e-01 4.88896650e-02 -2.16500000e-02
2.74741200e-01 6.84003200e-01 2.19724587e-09 9.71401600e-01 4.96810238e-02 2.16000000e-02
2.88640400e-01 6.54670400e-01 2.26595708e-09 9.69402400e-01 4.51247158e-02 6.01000000e-02
3.41930400e-01 6.92708000e-01 1.93593151e-09 9.60380800e-01 5.34459730e-02 -6.01500000e-02
2.95181200e-01 6.78797600e-01 2.24889693e-09 9.78608800e-01 4.59092230e-02 -5.68500000e-02
3.35389600e-01 6.68580800e-01 1.95299165e-09 9.51174400e-01 5.26614659e-02 5.68000000e-02
3.00086800e-01 6.61712000e-01 2.23054257e-09 9.63908800e-01 4.92493736e-02 3.07500000e-02
3.30484000e-01 6.85666400e-01 1.97134602e-09 9.65874400e-01 4.93213153e-02 -3.08000000e-02
3.29754000e-01 6.46376000e-01 2.01534943e-09 9.78524800e-01 4.73651860e-02 -4.12500000e-02
3.00816800e-01 7.01002400e-01 2.18653916e-09 9.51258400e-01 5.12055028e-02 4.12000000e-02
3.21081600e-01 6.92297600e-01 2.15983121e-09 9.51796000e-01 5.37337399e-02 -5.85500000e-02
3.09489200e-01 6.55080800e-01 2.04205738e-09 9.77987200e-01 4.48369490e-02 5.85000000e-02
3.04817200e-01 6.44626400e-01 2.11982811e-09 9.55945600e-01 4.80229388e-02 -6.29000000e-02
3.25753600e-01 7.02752000e-01 2.08206048e-09 9.73837600e-01 5.05477501e-02 6.28500000e-02
3.13956800e-01 6.80331200e-01 2.08594313e-09 9.57928000e-01 4.97666687e-02 3.19000000e-02
3.16614000e-01 6.67047200e-01 2.11594545e-09 9.71855200e-01 4.88040202e-02 -3.19500000e-02
2.75558800e-01 6.59746400e-01 2.24360240e-09 9.62262400e-01 4.56214561e-02 -3.51500000e-02
3.55012000e-01 6.87632000e-01 1.95828618e-09 9.67520800e-01 5.29492327e-02 3.51000000e-02
2.82946400e-01 6.52186400e-01 2.26795723e-09 9.88487200e-01 4.69917743e-02 -3.74000000e-02
3.47624400e-01 6.95192000e-01 1.93393135e-09 9.41296000e-01 5.15789145e-02 3.73500000e-02
3.33871200e-01 6.90893600e-01 2.14206513e-09 9.83581600e-01 4.85196791e-02 -1.50500000e-02
2.96699600e-01 6.56484800e-01 2.05982346e-09 9.46201600e-01 5.00510097e-02 1.50000000e-02
2.71967200e-01 6.77523200e-01 1.94475572e-09 9.86454400e-01 5.05888596e-02 -6.95000000e-02
3.58603600e-01 6.69855200e-01 2.25713286e-09 9.43328800e-01 4.79818292e-02 6.94500000e-02
2.85457600e-01 6.71388800e-01 1.99523022e-09 9.86068000e-01 5.07190398e-02 -4.52500000e-02
3.45113200e-01 6.75989600e-01 2.20665837e-09 9.43715200e-01 4.78516490e-02 4.52000000e-02
3.17168800e-01 6.84327200e-01 2.09876765e-09 9.44404000e-01 5.10273614e-02 2.00500000e-02
3.13402000e-01 6.63051200e-01 2.10312093e-09 9.85379200e-01 4.75433274e-02 -2.01000000e-02
3.44149600e-01 6.70222400e-01 2.21195289e-09 9.44320000e-01 4.70945482e-02 -3.39500000e-02
2.86421200e-01 6.77156000e-01 1.98993569e-09 9.85463200e-01 5.14761406e-02 3.39000000e-02
3.16176000e-01 6.91023200e-01 2.25513271e-09 9.57323200e-01 4.81942286e-02 3.15000000e-03
3.14394800e-01 6.56355200e-01 1.94675588e-09 9.72460000e-01 5.03764603e-02 -3.20000000e-03
3.54340400e-01 7.03551200e-01 2.14641840e-09 9.77819200e-01 4.96707464e-02 -4.74500000e-02
2.76230400e-01 6.43827200e-01 2.05547018e-09 9.51964000e-01 4.88999424e-02 4.74000000e-02
3.24060000e-01 6.43049600e-01 2.16512574e-09 9.64312000e-01 4.82387639e-02 -2.95000000e-03
3.06510800e-01 7.04328800e-01 2.03676285e-09 9.65471200e-01 5.03319249e-02 2.90000000e-03
2.77427600e-01 6.70157600e-01 2.21701211e-09 9.49108000e-01 4.70431613e-02 4.81000000e-02
3.53143200e-01 6.77220800e-01 1.98487648e-09 9.80675200e-01 5.15275276e-02 -4.81500000e-02
3.54019200e-01 6.45836000e-01 2.26772192e-09 9.57810400e-01 5.39427134e-02 -5.81500000e-02
2.76551600e-01 7.01542400e-01 1.93416666e-09 9.71972800e-01 4.46279754e-02 5.81000000e-02
2.88494400e-01 6.69034400e-01 2.24536725e-09 9.81431200e-01 5.29149747e-02 -2.45000000e-03
3.42076400e-01 6.78344000e-01 1.95652134e-09 9.48352000e-01 4.56557141e-02 2.40000000e-03
2.75120800e-01 6.52985600e-01 2.05699971e-09 9.78020800e-01 4.79270165e-02 -5.03500000e-02
3.55450000e-01 6.94392800e-01 2.14488887e-09 9.51762400e-01 5.06436723e-02 5.03000000e-02
3.07240800e-01 6.56765600e-01 2.04605769e-09 9.82842400e-01 4.74508309e-02 -5.41000000e-02
3.19008400e-01 6.45879200e-01 2.10182671e-09 9.46252000e-01 5.29115489e-02 -4.65000000e-02
3.11562400e-01 7.01499200e-01 2.10006187e-09 9.83531200e-01 4.56591399e-02 4.64500000e-02
2.95531600e-01 7.02708800e-01 2.12253420e-09 9.54148000e-01 5.07258914e-02 5.36500000e-02
3.35039200e-01 6.44669600e-01 2.07935438e-09 9.75635200e-01 4.78447974e-02 -5.37000000e-02
3.43390400e-01 6.88798400e-01 2.25748583e-09 9.41665600e-01 5.20585259e-02 -7.10500000e-02
2.87180400e-01 6.58580000e-01 1.94440275e-09 9.88117600e-01 4.65121630e-02 7.10000000e-02
3.22950400e-01 7.03054400e-01 1.98617069e-09 9.65756800e-01 4.48712069e-02 1.48500000e-02
3.07620400e-01 6.44324000e-01 2.21571789e-09 9.64026400e-01 5.36994819e-02 -1.49000000e-02
3.25607600e-01 6.55577600e-01 1.92675433e-09 9.64412800e-01 4.69883485e-02 -1.08500000e-02
3.04963200e-01 6.91800800e-01 2.27513426e-09 9.65370400e-01 5.15823403e-02 1.08000000e-02
3.50573600e-01 6.94824800e-01 2.16347855e-09 9.76256800e-01 4.61661576e-02 -2.51000000e-02
2.79997200e-01 6.52553600e-01 2.03841004e-09 9.53526400e-01 5.24045312e-02 2.50500000e-02
2.93370800e-01 6.80655200e-01 2.21489430e-09 9.71687200e-01 5.11232837e-02 3.54500000e-02
3.37200000e-01 6.66723200e-01 1.98699429e-09 9.58096000e-01 4.74474051e-02 -3.55000000e-02
3.55333200e-01 6.49702400e-01 2.01064318e-09 9.74224000e-01 5.21681513e-02 -3.99500000e-02
2.75237600e-01 6.97676000e-01 2.19124541e-09 9.55559200e-01 4.64025375e-02 3.99000000e-02
3.05342800e-01 6.99425600e-01 2.20512883e-09 9.52787200e-01 5.01811899e-02 -2.37500000e-02
3.25228000e-01 6.47952800e-01 1.99675975e-09 9.76996000e-01 4.83894989e-02 2.37000000e-02
3.04671200e-01 6.60524000e-01 2.02676207e-09 9.49444000e-01 4.60017194e-02 -8.30000000e-03
3.25899600e-01 6.86854400e-01 2.17512651e-09 9.80339200e-01 5.25689694e-02 8.25000000e-03
3.28352400e-01 6.80482400e-01 2.04582237e-09 9.57457600e-01 4.70568645e-02 -1.48000000e-02
3.02218400e-01 6.66896000e-01 2.15606621e-09 9.72325600e-01 5.15138244e-02 1.47500000e-02
3.52033600e-01 6.57608000e-01 1.94028479e-09 9.66983200e-01 5.08663490e-02 4.50500000e-02
2.78537200e-01 6.89770400e-01 2.26160380e-09 9.62800000e-01 4.77043398e-02 -4.51000000e-02
3.47916400e-01 7.04436800e-01 2.08759032e-09 9.49376800e-01 4.97975008e-02 1.04000000e-02
2.82654400e-01 6.42941600e-01 2.11429827e-09 9.80406400e-01 4.87731880e-02 -1.04500000e-02
3.07416000e-01 6.94176800e-01 2.01629067e-09 9.73669600e-01 4.41894736e-02 2.91500000e-02
3.23154800e-01 6.53201600e-01 2.18559791e-09 9.56113600e-01 5.43812152e-02 -2.92000000e-02
3.39244000e-01 6.64563200e-01 2.20054024e-09 9.74324800e-01 4.81017321e-02 -3.23000000e-02
2.91326800e-01 6.82815200e-01 2.00134834e-09 9.55458400e-01 5.04689568e-02 3.22500000e-02
3.50164800e-01 6.75752000e-01 1.95393290e-09 9.63421600e-01 5.25415630e-02 4.91000000e-02
2.80406000e-01 6.71626400e-01 2.24795568e-09 9.66361600e-01 4.60291258e-02 -4.91500000e-02
3.55800400e-01 6.62144000e-01 2.08370766e-09 9.44521600e-01 4.42614153e-02 -6.03500000e-02
2.74770400e-01 6.85234400e-01 2.11818092e-09 9.85261600e-01 5.43092735e-02 6.03000000e-02
2.78654000e-01 6.88280000e-01 2.16818480e-09 9.72762400e-01 5.34117151e-02 -4.20000000e-02
3.51916800e-01 6.59098400e-01 2.03370379e-09 9.57020800e-01 4.51589738e-02 4.19500000e-02
3.06715200e-01 6.75622400e-01 2.22418914e-09 9.44387200e-01 4.43778924e-02 3.82500000e-02
3.23855600e-01 6.71756000e-01 1.97769945e-09 9.85396000e-01 5.41927965e-02 -3.83000000e-02
3.57727600e-01 6.85493600e-01 2.02205583e-09 9.60834400e-01 4.55323855e-02 -3.00000000e-02
2.72843200e-01 6.61884800e-01 2.17983276e-09 9.68948800e-01 5.30383034e-02 2.99500000e-02
3.49201200e-01 6.45447200e-01 2.22089476e-09 9.87580000e-01 4.41826220e-02 -4.35000000e-02
2.81369600e-01 7.01931200e-01 1.98099382e-09 9.42203200e-01 5.43880668e-02 4.34500000e-02
2.98977200e-01 6.51646400e-01 2.18642150e-09 9.79734400e-01 4.79955324e-02 3.64000000e-02
3.31593600e-01 6.95732000e-01 2.01546708e-09 9.50048800e-01 5.05751564e-02 -3.64500000e-02
3.18161600e-01 6.69077600e-01 2.09853234e-09 9.84119200e-01 5.40180809e-02 -7.48000000e-02
3.12409200e-01 6.78300800e-01 2.10335624e-09 9.45664000e-01 4.45526079e-02 7.47500000e-02
2.72989200e-01 6.54044000e-01 2.14771262e-09 9.83464000e-01 5.14829922e-02 1.23000000e-02
3.57581600e-01 6.93334400e-01 2.05417596e-09 9.46319200e-01 4.70876966e-02 -1.23500000e-02
2.87063600e-01 6.83074400e-01 2.25619161e-09 9.76878400e-01 5.39666940e-02 7.01500000e-02
3.43507200e-01 6.64304000e-01 1.94569697e-09 9.52904800e-01 4.46039949e-02 -7.02000000e-02
3.56734800e-01 6.55037600e-01 2.19289259e-09 9.75786400e-01 4.62963379e-02 2.99000000e-02
2.73836000e-01 6.92340800e-01 2.00899599e-09 9.53996800e-01 5.22743510e-02 -2.99500000e-02
2.79822000e-01 6.65967200e-01 1.95746259e-09 9.68159200e-01 5.15412308e-02 6.16500000e-02
3.50748800e-01 6.81411200e-01 2.24442600e-09 9.61624000e-01 4.70294581e-02 -6.17000000e-02
3.00846000e-01 7.04026400e-01 2.15253652e-09 9.68310400e-01 4.68376135e-02 3.36500000e-02
3.29724800e-01 6.43352000e-01 2.04935206e-09 9.61472800e-01 5.17330753e-02 -3.37000000e-02
2.85253200e-01 6.51063200e-01 1.98322929e-09 9.60868000e-01 5.41345579e-02 -1.86500000e-02
3.45317600e-01 6.96315200e-01 2.21865930e-09 9.68915200e-01 4.44361309e-02 1.86000000e-02
3.48558800e-01 6.85212800e-01 2.09429672e-09 9.61052800e-01 5.28087751e-02 4.76500000e-02
2.82012000e-01 6.62165600e-01 2.10759187e-09 9.68730400e-01 4.57619138e-02 -4.77000000e-02
3.03444800e-01 6.88215200e-01 2.13312326e-09 9.70914400e-01 4.76084175e-02 -6.66000000e-02
3.27126000e-01 6.59163200e-01 2.06876533e-09 9.58868800e-01 5.09622713e-02 6.65500000e-02
3.31506000e-01 6.94587200e-01 2.24336709e-09 9.52468000e-01 4.67348397e-02 6.69000000e-02
2.99064800e-01 6.52791200e-01 1.95852149e-09 9.77315200e-01 5.18358492e-02 -6.69500000e-02
3.20877200e-01 6.86616800e-01 1.97052242e-09 9.50233600e-01 4.60531064e-02 2.88000000e-02
3.09693600e-01 6.60761600e-01 2.23136616e-09 9.79549600e-01 5.25175825e-02 -2.88500000e-02
2.93166400e-01 6.54216800e-01 2.06888298e-09 9.84942400e-01 5.30143228e-02 4.16500000e-02
3.37404400e-01 6.93161600e-01 2.13300560e-09 9.44840800e-01 4.55563660e-02 -4.17000000e-02
2.95298000e-01 6.46246400e-01 2.18830400e-09 9.41732800e-01 5.07635752e-02 -5.79500000e-02
3.35272800e-01 7.01132000e-01 2.01358458e-09 9.88050400e-01 4.78071137e-02 5.79000000e-02
3.46777600e-01 6.71129600e-01 1.97722882e-09 9.87764800e-01 5.13528120e-02 2.81500000e-02
2.83793200e-01 6.76248800e-01 2.22465976e-09 9.42018400e-01 4.72178768e-02 -2.82000000e-02
3.57815200e-01 6.65664800e-01 2.20336399e-09 9.48772000e-01 4.79509971e-02 3.88500000e-02
2.72755600e-01 6.81713600e-01 1.99852459e-09 9.81011200e-01 5.06196918e-02 -3.89000000e-02
2.86362800e-01 6.55167200e-01 2.16665527e-09 9.79633600e-01 5.19626036e-02 4.87000000e-02
3.44208000e-01 6.92211200e-01 2.03523332e-09 9.50149600e-01 4.66080852e-02 -4.87500000e-02
2.72025600e-01 6.93420800e-01 2.09712047e-09 9.71620000e-01 4.59777389e-02 -2.80000000e-02
3.58545200e-01 6.53957600e-01 2.10476812e-09 9.58163200e-01 5.25929500e-02 2.79500000e-02
3.12613600e-01 6.67263200e-01 2.04052785e-09 9.64765600e-01 5.32952380e-02 -9.95000000e-03
3.17957200e-01 6.80115200e-01 2.16136074e-09 9.65017600e-01 4.52754508e-02 9.90000000e-03
3.08613200e-01 7.04955200e-01 2.15677215e-09 9.62766400e-01 5.19043651e-02 -5.64500000e-02
3.21957600e-01 6.42423200e-01 2.04511644e-09 9.67016800e-01 4.66663238e-02 5.64000000e-02
2.83822400e-01 6.73872800e-01 2.10665062e-09 9.73232800e-01 5.31958900e-02 -6.40000000e-03
3.46748400e-01 6.73505600e-01 2.09523797e-09 9.56550400e-01 4.53747989e-02 6.35000000e-03
3.33141200e-01 6.89532800e-01 2.13229966e-09 9.41464000e-01 4.73583345e-02 -5.43000000e-02
2.97429600e-01 6.57845600e-01 2.06958892e-09 9.88319200e-01 5.12123544e-02 5.42500000e-02
3.48880000e-01 6.52834400e-01 2.21689445e-09 9.68680000e-01 5.24353634e-02 4.33500000e-02
2.81690800e-01 6.94544000e-01 1.98499413e-09 9.61103200e-01 4.61353255e-02 -4.34000000e-02
2.97342000e-01 6.46462400e-01 2.05099925e-09 9.89243200e-01 4.54056310e-02 -1.84500000e-02
3.33228800e-01 7.00916000e-01 2.15088934e-09 9.40540000e-01 5.31650578e-02 1.84000000e-02
2.94626400e-01 6.88690400e-01 2.24136694e-09 9.47915200e-01 4.61969898e-02 4.35500000e-02
3.35944400e-01 6.58688000e-01 1.96052165e-09 9.81868000e-01 5.23736991e-02 -4.36000000e-02
3.53406000e-01 6.50890400e-01 2.22724820e-09 9.60128800e-01 4.60462548e-02 -9.30000000e-03
2.77164800e-01 6.96488000e-01 1.97464039e-09 9.69654400e-01 5.25244341e-02 9.25000000e-03
3.44383200e-01 6.95753600e-01 2.11923983e-09 9.83212000e-01 4.60873643e-02 3.40000000e-02
2.86187600e-01 6.51624800e-01 2.08264876e-09 9.46571200e-01 5.24833245e-02 -3.40500000e-02
2.90363200e-01 7.05084800e-01 2.19748118e-09 9.53476000e-01 5.43435315e-02 1.54500000e-02
3.40207600e-01 6.42293600e-01 2.00440740e-09 9.76307200e-01 4.42271574e-02 -1.55000000e-02
3.28381600e-01 6.56614400e-01 2.07770720e-09 9.83766400e-01 4.64813308e-02 6.14500000e-02
3.02189200e-01 6.90764000e-01 2.12418139e-09 9.46016800e-01 5.20893580e-02 -6.15000000e-02
2.85282400e-01 6.56420000e-01 2.21418836e-09 9.76861600e-01 5.23565701e-02 2.11000000e-02
3.45288400e-01 6.90958400e-01 1.98770022e-09 9.52921600e-01 4.62141188e-02 -2.11500000e-02
3.26308400e-01 6.98302400e-01 1.96805164e-09 9.43177600e-01 4.81668222e-02 2.89500000e-02
3.04262400e-01 6.49076000e-01 2.23383694e-09 9.86605600e-01 5.04038666e-02 -2.90000000e-02
3.41054400e-01 6.85472000e-01 1.95381525e-09 9.66546400e-01 5.41037258e-02 -4.90500000e-02
2.89516400e-01 6.61906400e-01 2.24807334e-09 9.63236800e-01 4.44669631e-02 4.90000000e-02
3.06832000e-01 7.05862400e-01 2.12806404e-09 9.79801600e-01 5.43161251e-02 -7.47500000e-02
3.23738800e-01 6.41516000e-01 2.07382454e-09 9.49981600e-01 4.42545637e-02 7.47000000e-02
2.99765600e-01 6.72814400e-01 2.04499878e-09 9.67957600e-01 5.20516743e-02 -3.31000000e-02
3.30805200e-01 6.74564000e-01 2.15688980e-09 9.61825600e-01 4.65190146e-02 3.30500000e-02
3.35302000e-01 6.74412800e-01 2.26689833e-09 9.58180000e-01 4.77454493e-02 -6.64500000e-02
2.95268800e-01 6.72965600e-01 1.93499026e-09 9.71603200e-01 5.08252395e-02 6.64000000e-02
3.30396400e-01 6.80374400e-01 2.02746801e-09 9.84690400e-01 4.95611210e-02 -1.06000000e-02
3.00174400e-01 6.67004000e-01 2.17442057e-09 9.45092800e-01 4.90095679e-02 1.05500000e-02
2.91735600e-01 6.75363200e-01 2.12276951e-09 9.83027200e-01 4.91568771e-02 5.46000000e-02
3.38835200e-01 6.72015200e-01 2.07911907e-09 9.46756000e-01 4.94138118e-02 -5.46500000e-02
3.18015600e-01 7.04393600e-01 2.05241112e-09 9.44353600e-01 4.79098875e-02 -1.11000000e-02
3.12555200e-01 6.42984800e-01 2.14947746e-09 9.85429600e-01 5.06608013e-02 1.10500000e-02
3.56180000e-01 6.62835200e-01 2.23007194e-09 9.82069600e-01 5.22640736e-02 6.76000000e-02
2.74390800e-01 6.84543200e-01 1.97181664e-09 9.47713600e-01 4.63066152e-02 -6.76500000e-02
3.30250400e-01 6.72144800e-01 1.95722727e-09 9.77852800e-01 5.02394285e-02 -7.14500000e-02
3.00320400e-01 6.75233600e-01 2.24466131e-09 9.51930400e-01 4.83312604e-02 7.14000000e-02
3.02656400e-01 6.41602400e-01 2.24960287e-09 9.88705600e-01 5.31205225e-02 3.79500000e-02
3.27914400e-01 7.05776000e-01 1.95228572e-09 9.41077600e-01 4.54501664e-02 -3.80000000e-02
3.54895200e-01 6.60956000e-01 1.98028789e-09 9.80809600e-01 4.47958394e-02 4.93500000e-02
2.75675600e-01 6.86422400e-01 2.22160070e-09 9.48973600e-01 5.37748494e-02 -4.94000000e-02
2.75967600e-01 6.85882400e-01 2.15112465e-09 9.53929600e-01 5.16131725e-02 4.75000000e-02
3.54603200e-01 6.61496000e-01 2.05076393e-09 9.75853600e-01 4.69575164e-02 -4.75500000e-02
3.28586000e-01 6.65319200e-01 2.01146677e-09 9.69704800e-01 5.04449762e-02 -1.41500000e-02
3.01984800e-01 6.82059200e-01 2.19042181e-09 9.60078400e-01 4.81257126e-02 1.41000000e-02
3.33579200e-01 6.58515200e-01 2.09923828e-09 9.89881600e-01 4.65704015e-02 -6.09500000e-02
2.96991600e-01 6.88863200e-01 2.10265031e-09 9.39901600e-01 5.20002873e-02 6.09000000e-02
2.90509200e-01 7.03896800e-01 1.93087229e-09 9.43866400e-01 5.29046974e-02 -3.65000000e-02
3.40061600e-01 6.43481600e-01 2.27101629e-09 9.85916800e-01 4.56659915e-02 3.64500000e-02
2.94217600e-01 6.98648000e-01 2.12194592e-09 9.51241600e-01 4.45080726e-02 5.53000000e-02
3.36353200e-01 6.48730400e-01 2.07994267e-09 9.78541600e-01 5.40626162e-02 -5.53500000e-02
2.86538000e-01 7.04048000e-01 2.18159760e-09 9.88520800e-01 4.50390709e-02 5.23000000e-02
3.44032800e-01 6.43330400e-01 2.02029098e-09 9.41262400e-01 5.35316179e-02 -5.23500000e-02
3.03824400e-01 6.81108800e-01 2.19806946e-09 9.84186400e-01 4.78379458e-02 6.70000000e-03
3.26746400e-01 6.66269600e-01 2.00381912e-09 9.45596800e-01 5.07327430e-02 -6.75000000e-03
3.07386800e-01 6.83139200e-01 2.03617457e-09 9.69049600e-01 4.80400678e-02 1.22000000e-02
3.23184000e-01 6.64239200e-01 2.16571402e-09 9.60733600e-01 5.05306211e-02 -1.22500000e-02
3.09985600e-01 6.66939200e-01 2.03335082e-09 9.48755200e-01 5.04346988e-02 -5.35000000e-02
3.20585200e-01 6.80439200e-01 2.16853776e-09 9.81028000e-01 4.81359900e-02 5.34500000e-02
3.13372800e-01 6.45576800e-01 1.99075928e-09 9.57659200e-01 4.66800269e-02 -1.01500000e-02
3.17198000e-01 7.01801600e-01 2.21112930e-09 9.72124000e-01 5.18906619e-02 1.01000000e-02
3.36294800e-01 6.76227200e-01 2.21277649e-09 9.51661600e-01 4.75159210e-02 3.89000000e-02
2.94276000e-01 6.71151200e-01 1.98911210e-09 9.78121600e-01 5.10547678e-02 -3.89500000e-02
3.38893600e-01 6.68904800e-01 1.95522712e-09 9.58482400e-01 5.34870826e-02 4.97500000e-02
2.91677200e-01 6.78473600e-01 2.24666146e-09 9.71300800e-01 4.50836062e-02 -4.98000000e-02
2.82099600e-01 6.63634400e-01 1.93993182e-09 9.68999200e-01 4.70465871e-02 -5.87500000e-02
3.48471200e-01 6.83744000e-01 2.26195677e-09 9.60784000e-01 5.15241018e-02 5.87000000e-02
3.08116800e-01 7.05948800e-01 1.98605304e-09 9.79247200e-01 5.21167644e-02 4.33000000e-02
3.22454000e-01 6.41429600e-01 2.21583555e-09 9.50536000e-01 4.64539244e-02 -4.33500000e-02
3.52267200e-01 6.48665600e-01 2.14230044e-09 9.62934400e-01 5.37268883e-02 -3.62000000e-02
2.78303600e-01 6.98712800e-01 2.05958815e-09 9.66848800e-01 4.48438006e-02 3.61500000e-02
2.88436000e-01 6.92837600e-01 2.16889073e-09 9.75534400e-01 4.43504860e-02 6.71000000e-02
3.42134800e-01 6.54540800e-01 2.03299785e-09 9.54248800e-01 5.42202028e-02 -6.71500000e-02
3.41492400e-01 6.62122400e-01 2.26078021e-09 9.76290400e-01 4.55289597e-02 1.70000000e-02
2.89078400e-01 6.85256000e-01 1.94110838e-09 9.53492800e-01 5.30417292e-02 -1.70500000e-02
3.14862000e-01 6.42747200e-01 2.18077401e-09 9.62346400e-01 4.92390962e-02 1.96000000e-02
3.15708800e-01 7.04631200e-01 2.02111458e-09 9.67436800e-01 4.93315927e-02 -1.96500000e-02
3.24352000e-01 6.61625600e-01 2.02923285e-09 9.58986400e-01 5.26580401e-02 6.85000000e-02
3.06218800e-01 6.85752800e-01 2.17265573e-09 9.70796800e-01 4.59126488e-02 -6.85500000e-02
2.94947600e-01 6.82102400e-01 2.05888221e-09 9.54080800e-01 4.71836189e-02 3.37500000e-02
3.35623200e-01 6.65276000e-01 2.14300637e-09 9.75702400e-01 5.13870700e-02 -3.38000000e-02
2.91589600e-01 6.88604000e-01 2.05123456e-09 9.66865600e-01 4.86909689e-02 4.43000000e-02
3.38981200e-01 6.58774400e-01 2.15065403e-09 9.62917600e-01 4.98797199e-02 -4.43500000e-02
3.40412000e-01 6.88625600e-01 2.22101242e-09 9.45949600e-01 5.12431865e-02 5.66500000e-02
2.90158800e-01 6.58752800e-01 1.98087617e-09 9.83833600e-01 4.73275023e-02 -5.67000000e-02
2.74945600e-01 6.43265600e-01 2.07488345e-09 9.61237600e-01 4.97255591e-02 3.26000000e-02
3.55625200e-01 7.04112800e-01 2.12700513e-09 9.68545600e-01 4.88451297e-02 -3.26500000e-02
3.32498800e-01 6.46008800e-01 2.24560256e-09 9.80507200e-01 4.80983063e-02 6.93500000e-02
2.98072000e-01 7.01369600e-01 1.95628603e-09 9.49276000e-01 5.04723826e-02 -6.94000000e-02
3.42660400e-01 6.97805600e-01 1.92898979e-09 9.56987200e-01 4.90815096e-02 -6.22000000e-02
2.87910400e-01 6.49572800e-01 2.27289879e-09 9.72796000e-01 4.94891793e-02 6.21500000e-02
3.04204000e-01 6.79791200e-01 2.27336942e-09 9.75433600e-01 5.25655436e-02 -5.20500000e-02
3.26366800e-01 6.67587200e-01 1.92851917e-09 9.54349600e-01 4.60051452e-02 5.20000000e-02
2.94392800e-01 6.57132800e-01 2.10735655e-09 9.79852000e-01 4.78139653e-02 6.05500000e-02
3.36178000e-01 6.90245600e-01 2.09453203e-09 9.49931200e-01 5.07567236e-02 -6.06000000e-02
2.77690400e-01 6.93788000e-01 2.07794251e-09 9.58936000e-01 4.95508436e-02 -3.54500000e-02
3.52880400e-01 6.53590400e-01 2.12394607e-09 9.70847200e-01 4.90198453e-02 3.54000000e-02
3.41521600e-01 6.84716000e-01 2.08335469e-09 9.51275200e-01 4.70226065e-02 3.41500000e-02
2.89049200e-01 6.62662400e-01 2.11853389e-09 9.78508000e-01 5.15480823e-02 -3.42000000e-02
3.44354000e-01 6.74175200e-01 2.21712976e-09 9.58717600e-01 5.06984851e-02 -6.87500000e-02
2.86216800e-01 6.73203200e-01 1.98475882e-09 9.71065600e-01 4.78722038e-02 6.87000000e-02
3.58282400e-01 6.72944000e-01 1.94663822e-09 9.84035200e-01 4.67314139e-02 3.94500000e-02
2.72288400e-01 6.74434400e-01 2.25525037e-09 9.45748000e-01 5.18392750e-02 -3.95000000e-02
3.03152800e-01 6.91390400e-01 2.07853079e-09 9.78978400e-01 4.46964914e-02 -6.85000000e-03
3.27418000e-01 6.55988000e-01 2.12335779e-09 9.50804800e-01 5.38741975e-02 6.80000000e-03
2.97780000e-01 6.93010400e-01 2.06429439e-09 9.48251200e-01 5.37234625e-02 -5.57500000e-02
3.32790800e-01 6.54368000e-01 2.13759419e-09 9.81532000e-01 4.48472264e-02 5.57000000e-02
3.18774800e-01 6.54108800e-01 2.26054489e-09 9.65420800e-01 4.45834401e-02 -6.08500000e-02
3.11796000e-01 6.93269600e-01 1.94134369e-09 9.64362400e-01 5.39872487e-02 6.08000000e-02
3.08321200e-01 6.53309600e-01 2.23524882e-09 9.81515200e-01 4.49225939e-02 4.39500000e-02
3.22249600e-01 6.94068800e-01 1.96663977e-09 9.48268000e-01 5.36480950e-02 -4.40000000e-02
3.25169600e-01 6.91304000e-01 2.23336632e-09 9.89041600e-01 4.60907901e-02 -4.62000000e-02
3.05401200e-01 6.56074400e-01 1.96852227e-09 9.40741600e-01 5.24798987e-02 4.61500000e-02
3.20468400e-01 6.73937600e-01 2.08559016e-09 9.75988000e-01 4.48335232e-02 6.50000000e-04
3.10102400e-01 6.73440800e-01 2.11629842e-09 9.53795200e-01 5.37371657e-02 -7.00000000e-04
3.27330400e-01 7.01607200e-01 2.09300250e-09 9.82103200e-01 4.66115110e-02 -1.42000000e-02
3.03240400e-01 6.45771200e-01 2.10888608e-09 9.47680000e-01 5.19591778e-02 1.41500000e-02
3.03357200e-01 6.73397600e-01 2.06217658e-09 9.50737600e-01 4.72452832e-02 4.92000000e-02
3.27213600e-01 6.73980800e-01 2.13971200e-09 9.79045600e-01 5.13254056e-02 -4.92500000e-02
3.11825200e-01 6.82124000e-01 2.16453745e-09 9.50200000e-01 5.28361814e-02 6.65000000e-03
3.18745600e-01 6.65254400e-01 2.03735113e-09 9.79583200e-01 4.57345074e-02 -6.70000000e-03
3.42952400e-01 6.53180000e-01 2.23983741e-09 9.53056000e-01 4.49842582e-02 -4.08500000e-02
2.87618400e-01 6.94198400e-01 1.96205118e-09 9.76727200e-01 5.35864307e-02 4.08000000e-02
3.41112800e-01 6.70416800e-01 1.94357916e-09 9.89495200e-01 5.23086089e-02 -6.60000000e-02
2.89458000e-01 6.76961600e-01 2.25830943e-09 9.40288000e-01 4.62620799e-02 6.59500000e-02
3.56121600e-01 7.04242400e-01 1.92922511e-09 9.56936800e-01 4.87492074e-02 2.02500000e-02
2.74449200e-01 6.43136000e-01 2.27266348e-09 9.72846400e-01 4.98214814e-02 -2.03000000e-02
3.21753200e-01 6.78819200e-01 2.24877928e-09 9.74207200e-01 5.39324360e-02 -4.75000000e-02
3.08817600e-01 6.68559200e-01 1.95310931e-09 9.55576000e-01 4.46382528e-02 4.74500000e-02
3.06423200e-01 6.74369600e-01 2.21924758e-09 9.63589600e-01 4.51863801e-02 -3.25000000e-02
3.24147600e-01 6.73008800e-01 1.98264101e-09 9.66193600e-01 5.33843087e-02 3.24500000e-02
3.02714800e-01 6.93118400e-01 2.26466286e-09 9.43160800e-01 5.19728810e-02 6.27000000e-02
3.27856000e-01 6.54260000e-01 1.93722573e-09 9.86622400e-01 4.65978079e-02 -6.27500000e-02
3.46164400e-01 6.70935200e-01 2.06805939e-09 9.43782400e-01 4.89479036e-02 7.02000000e-02
2.84406400e-01 6.76443200e-01 2.13382919e-09 9.86000800e-01 4.96227853e-02 -7.02500000e-02
2.73923600e-01 6.95624000e-01 2.17406760e-09 9.63253600e-01 5.07087624e-02 -1.20500000e-02
3.56647200e-01 6.51754400e-01 2.02782098e-09 9.66529600e-01 4.78619264e-02 1.20000000e-02
3.14540800e-01 6.66096800e-01 2.09535562e-09 9.58784800e-01 5.00818419e-02 -4.01500000e-02
3.16030000e-01 6.81281600e-01 2.10653296e-09 9.70998400e-01 4.84888470e-02 4.01000000e-02
3.01605200e-01 6.78365600e-01 2.17771495e-09 9.42673600e-01 4.60702354e-02 -1.43500000e-02
3.28965600e-01 6.69012800e-01 2.02417364e-09 9.87109600e-01 5.25004535e-02 1.43000000e-02
3.03766000e-01 6.42574400e-01 2.12406373e-09 9.81935200e-01 4.47752847e-02 -5.70500000e-02
3.26804800e-01 7.04804000e-01 2.07782485e-09 9.47848000e-01 5.37954042e-02 5.70000000e-02
3.19563200e-01 6.93204800e-01 1.97616992e-09 9.81313600e-01 4.76358239e-02 6.00500000e-02
3.11007600e-01 6.54173600e-01 2.22571867e-09 9.48469600e-01 5.09348649e-02 -6.01000000e-02
3.11416400e-01 6.66334400e-01 2.09629687e-09 9.62514400e-01 4.51521222e-02 -2.44500000e-02
3.19154400e-01 6.81044000e-01 2.10559171e-09 9.67268800e-01 5.34185667e-02 2.44000000e-02
2.81077600e-01 6.54238400e-01 1.94557931e-09 9.50401600e-01 5.31033935e-02 -5.02500000e-02
3.49493200e-01 6.93140000e-01 2.25630927e-09 9.79381600e-01 4.54672953e-02 5.02000000e-02
3.08584000e-01 6.84672800e-01 2.22007117e-09 9.66328000e-01 4.72007479e-02 -2.14000000e-02
3.21986800e-01 6.62705600e-01 1.98181742e-09 9.63455200e-01 5.13699410e-02 2.13500000e-02
3.51099200e-01 6.48881600e-01 2.04123378e-09 9.53828800e-01 5.23325895e-02 5.12000000e-02
2.79471600e-01 6.98496800e-01 2.16065480e-09 9.75954400e-01 4.62380993e-02 -5.12500000e-02
3.21227600e-01 6.91649600e-01 2.19053947e-09 9.52367200e-01 5.18666813e-02 2.12000000e-02
3.09343200e-01 6.55728800e-01 2.01134912e-09 9.77416000e-01 4.67040075e-02 -2.12500000e-02
3.20118000e-01 6.42488000e-01 2.17842088e-09 9.63724000e-01 4.97461139e-02 3.93000000e-02
3.10452800e-01 7.04890400e-01 2.02346770e-09 9.66059200e-01 4.88245749e-02 -3.93500000e-02
3.03853600e-01 6.77091200e-01 2.22336554e-09 9.54467200e-01 5.23805506e-02 -7.08000000e-02
3.26717200e-01 6.70287200e-01 1.97852304e-09 9.75316000e-01 4.61901382e-02 7.07500000e-02
2.75821600e-01 6.92643200e-01 2.12841701e-09 9.86941600e-01 5.35350437e-02 2.04500000e-02
3.54749200e-01 6.54735200e-01 2.07347158e-09 9.42841600e-01 4.50356451e-02 -2.05000000e-02
2.87676800e-01 7.03205600e-01 2.15536027e-09 9.87647200e-01 5.05443243e-02 3.34500000e-02
3.42894000e-01 6.44172800e-01 2.04652831e-09 9.42136000e-01 4.80263646e-02 -3.35000000e-02
2.75091600e-01 6.86573600e-01 2.03405676e-09 9.41548000e-01 5.30896903e-02 -4.14500000e-02
3.55479200e-01 6.60804800e-01 2.16783183e-09 9.88235200e-01 4.54809985e-02 4.14000000e-02
3.47157200e-01 7.02644000e-01 2.15312481e-09 9.79079200e-01 5.40112293e-02 -1.65500000e-02
2.83413600e-01 6.44734400e-01 2.04876378e-09 9.50704000e-01 4.45594595e-02 1.65000000e-02
2.72054800e-01 6.55642400e-01 2.10900374e-09 9.41413600e-01 5.19489004e-02 7.40000000e-03
3.58516000e-01 6.91736000e-01 2.09288484e-09 9.88369600e-01 4.66217884e-02 -7.45000000e-03
3.13869200e-01 6.43654400e-01 2.00252490e-09 9.41682400e-01 4.91328965e-02 -7.65000000e-03
3.16701600e-01 7.03724000e-01 2.19936368e-09 9.88100800e-01 4.94377923e-02 7.60000000e-03
2.78829200e-01 6.97006400e-01 2.15841933e-09 9.82540000e-01 4.98317588e-02 -2.98000000e-02
3.51741600e-01 6.50372000e-01 2.04346925e-09 9.47243200e-01 4.87389300e-02 2.97500000e-02
2.76026000e-01 6.48147200e-01 2.10370921e-09 9.66748000e-01 4.68890005e-02 -6.12000000e-02
3.54544800e-01 6.99231200e-01 2.09817937e-09 9.63035200e-01 5.16816884e-02 6.11500000e-02
3.51449600e-01 6.65880800e-01 2.09688515e-09 9.64160800e-01 5.07498720e-02 6.45500000e-02
2.79121200e-01 6.81497600e-01 2.10500343e-09 9.65622400e-01 4.78208168e-02 -6.46000000e-02
3.38660000e-01 7.03940000e-01 2.25113240e-09 9.60313600e-01 4.69746454e-02 -3.71500000e-02
2.91910800e-01 6.43438400e-01 1.95075619e-09 9.69469600e-01 5.15960435e-02 3.71000000e-02
3.46398000e-01 6.94716800e-01 2.13253498e-09 9.46806400e-01 5.11164321e-02 -4.30000000e-03
2.84172800e-01 6.52661600e-01 2.06935361e-09 9.82976800e-01 4.74542567e-02 4.25000000e-03
3.02130800e-01 6.64800800e-01 1.99805397e-09 9.62094400e-01 4.93624248e-02 4.15500000e-02
3.28440000e-01 6.82577600e-01 2.20383462e-09 9.67688800e-01 4.92082640e-02 -4.16000000e-02
3.46106000e-01 7.02233600e-01 2.08782563e-09 9.72913600e-01 4.49020391e-02 5.15000000e-03
2.84464800e-01 6.45144800e-01 2.11406296e-09 9.56869600e-01 5.36686498e-02 -5.20000000e-03
3.37696400e-01 6.42444800e-01 2.26925145e-09 9.61187200e-01 4.72213026e-02 -1.55000000e-03
2.92874400e-01 7.04933600e-01 1.93263713e-09 9.68596000e-01 5.13493862e-02 1.50000000e-03
3.21519600e-01 6.66377600e-01 2.16359621e-09 9.69066400e-01 5.00784161e-02 8.35000000e-03
3.09051200e-01 6.81000800e-01 2.03829238e-09 9.60716800e-01 4.84922728e-02 -8.40000000e-03
3.42806400e-01 6.99252800e-01 1.97193430e-09 9.52165600e-01 4.62415251e-02 -4.84000000e-02
2.87764400e-01 6.48125600e-01 2.22995429e-09 9.77617600e-01 5.23291637e-02 4.83500000e-02
2.79296400e-01 6.89468000e-01 2.11229811e-09 9.62447200e-01 4.53610957e-02 -6.58000000e-02
3.51274400e-01 6.57910400e-01 2.08959047e-09 9.67336000e-01 5.32095932e-02 6.57500000e-02
2.73193600e-01 6.91152800e-01 2.17336167e-09 9.88352800e-01 4.65258662e-02 -7.16000000e-02
3.57377200e-01 6.56225600e-01 2.02852692e-09 9.41430400e-01 5.20448227e-02 7.15500000e-02
3.32761600e-01 6.41386400e-01 2.06547096e-09 9.63925600e-01 5.37885526e-02 -8.35000000e-03
2.97809200e-01 7.05992000e-01 2.13641763e-09 9.65857600e-01 4.47821362e-02 8.30000000e-03
3.07270000e-01 6.70179200e-01 1.94640291e-09 9.66966400e-01 5.06059886e-02 6.33000000e-02
3.23300800e-01 6.77199200e-01 2.25548568e-09 9.62816800e-01 4.79647003e-02 -6.33500000e-02
3.10336000e-01 6.71324000e-01 2.00205428e-09 9.60397600e-01 5.01640610e-02 3.72000000e-02
3.20234800e-01 6.76054400e-01 2.19983431e-09 9.69385600e-01 4.84066279e-02 -3.72500000e-02
2.96086400e-01 6.98410400e-01 2.14371231e-09 9.67168000e-01 4.73240765e-02 -5.89000000e-02
3.34484400e-01 6.48968000e-01 2.05817627e-09 9.62615200e-01 5.12466123e-02 5.88500000e-02
3.10190000e-01 6.63699200e-01 2.21630617e-09 9.79885600e-01 4.52309155e-02 6.52500000e-02
3.20380800e-01 6.83679200e-01 1.98558241e-09 9.49897600e-01 5.33397734e-02 -6.53000000e-02
