3.503558046512946e-01 2.831639590513814e-01 4.060258805816821e-02 3.065352925116683e-04 2.924440269241656e-04 2.785686187750766e-04 2.649357712830742e-04 2.515699823884809e-04 2.384934956284756e-04 2.257262674546831e-04 2.132859508124073e-04 2.011878946739450e-04 1.894451590964025e-04 1.780685452582485e-04 1.670666398194485e-04 1.564458728482872e-04 1.462105884647165e-04 1.363631272659671e-04 1.269039195258331e-04 1.178315880950136e-04 1.091430598765579e-04 1.008336847081338e-04 9.289736045169944e-05 8.532666307130446e-05 7.811298047114661e-05 7.124664886853481e-05 6.471709048984006e-05 5.851295140149528e-05 5.262223832222720e-05 4.703245330644179e-05 4.173072524143225e-05 3.670393716216901e-05 3.193884845610696e-05 -8.887259325203032e-05 -9.170265450662167e-05 -9.438702366743347e-05 -9.691825855231986e-05 -9.928994714356611e-05 -1.014967168667338e-04 -1.035342360566995e-04 -1.053992077675361e-04 -1.070893561451982e-04 -1.086034056414564e-04 -1.099410534035871e-04 -1.111029352265169e-04 -1.120905855020136e-04 -1.129063916426958e-04 -1.135535434967937e-04 -1.140359783024099e-04 -1.143583217573047e-04 -1.145258258017620e-04 -1.145443037277805e-04 -1.144200632376044e-04 -1.141598380784776e-04 -1.137707188785010e-04 -1.132600838007490e-04 -1.126355296194697e-04 -1.119048038035395e-04 -1.110757381685684e-04 -1.101561846305256e-04 -1.091539535608009e-04 -1.080767552056484e-04 -1.069321445923934e-04 1.216482679787781e-06 1.338921259425392e-06 1.467598539781066e-06 1.602316414940394e-06 1.742837503916902e-06 1.888886507461746e-06 2.040151900490308e-06 2.196287942872093e-06 2.356916988318736e-06 2.521632068329367e-06 2.689999725616393e-06 2.861563069176531e-06 3.035845021199444e-06 3.212351724356134e-06 3.390576076676885e-06 3.570001360239034e-06 3.750104929239044e-06 3.930361922728177e-06 4.110248967347502e-06 4.289247835797139e-06 4.466849027520625e-06 4.642555239154175e-06 4.815884693684043e-06 4.986374298936729e-06 5.153582608002071e-06 5.317092556407943e-06 5.476513953325497e-06 5.631485706742136e-06 5.781677765377936e-06 5.926792763099829e-06
2.831639590513814e-01 2.214302661984401e+00 7.843337154066641e-01 2.499840374528892e-04 2.390699224786912e-04 2.282958748052194e-04 2.176822896089820e-04 2.072480369678049e-04 1.970104225186671e-04 1.869851594142807e-04 1.771863514802325e-04 1.676264873881286e-04 1.583164455769185e-04 1.492655095750995e-04 1.404813933014734e-04 1.319702758521316e-04 1.237368452169292e-04 1.157843503103601e-04 1.081146606498762e-04 1.007283329696635e-04 9.362468401998487e-05 8.680186877162556e-05 8.025696322189450e-05 7.398605098309423e-05 6.798431282638715e-05 6.224611835347237e-05 5.676511897531823e-05 5.153434139114122e-05 4.654628078163081e-05 4.179299295774543e-05 3.726618473985860e-05 3.295730188118324e-05 2.885761389374620e-05 -7.251224944181221e-04 -7.473535575400487e-04 -7.683168960459656e-04 -7.879539451589139e-04 -8.062151636459714e-04 -8.230600908165087e-04 -8.384573344514477e-04 -8.523844911881101e-04 -8.648280014406693e-04 -8.757829414653374e-04 -8.852527556771010e-04 -8.932489327869200e-04 -8.997906297510287e-04 -9.049042479037109e-04 -9.086229659787912e-04 -9.109862350103978e-04 -9.120392403384440e-04 -9.118323361271050e-04 -9.104204579344077e-04 -9.078625189473542e-04 -9.042207955199976e-04 -8.995603076219175e-04 -8.939481997229954e-04 -8.874531275085202e-04 -8.801446556388958e-04 -8.720926715427319e-04 -8.633668199640581e-04 -8.540359626769663e-04 -8.441676674378933e-04 -8.338277298708894e-04 2.740638235634673e-05 3.012389398211620e-05 3.297247016386239e-05 3.594662410991824e-05 3.903996677508116e-05 4.224524568962808e-05 4.555439182957854e-05 4.895857406013636e-05 5.244826061028962e-05 5.601328696875172e-05 5.964292953001042e-05 6.332598426509272e-05 6.705084964502054e-05 7.080561300661182e-05 7.457813952026991e-05 7.835616289821694e-05 8.212737696930969e-05 8.587952724325552e-05 8.960050159271030e-05 9.327841919617457e-05 9.690171690780105e-05 1.004592322516374e-04 1.039402822773581e-04 1.073347375613510e-04 1.106330906910689e-04 1.138265186306846e-04 1.169069384320795e-04 1.198670558260149e-04 1.227004063034102e-04 1.254013883750144e-04
4.060258805816821e-02 7.843337154066641e-01 3.877373254293421e+00 3.625997534725617e-05 3.478687734058542e-05 3.332745548392799e-05 3.188440256066081e-05 3.046024039340467e-05 2.905731432149825e-05 2.767778893106041e-05 2.632364503207460e-05 2.499667786751158e-05 2.369849653039402e-05 2.243052455596902e-05 2.119400164786724e-05 1.998998648934963e-05 1.881936058353756e-05 1.768283305994096e-05 1.658094637868848e-05 1.551408285866409e-05 1.448247195129782e-05 1.348619817807050e-05 1.252520964689043e-05 1.159932706039471e-05 1.070825312792202e-05 9.851582292391516e-06 9.028810683593999e-06 8.239346210434570e-06 7.482518706437435e-06 6.757590045299618e-06 6.063764146422179e-06 5.400196794112875e-06 4.766005198492064e-06 -2.446742615333934e-04 -2.525063631184026e-04 -2.599411312047910e-04 -2.669579807477601e-04 -2.735391338020537e-04 -2.796696458993716e-04 -2.853374111643244e-04 -2.905331465890682e-04 -2.952503560561353e-04 -2.994852748607034e-04 -3.032367956360268e-04 -3.065063767277499e-04 -3.092979341931827e-04 -3.116177187192220e-04 -3.134741788565901e-04 -3.148778120575841e-04 -3.158410050790165e-04 -3.163778653709626e-04 -3.165040451149997e-04 -3.162365596026485e-04 -3.155936016557500e-04 -3.145943537855906e-04 -3.132587997671409e-04 -3.116075372691170e-04 -3.096615931304434e-04 -3.074422428096795e-04 -3.049708354570261e-04 -3.022686259695528e-04 -2.993566152903962e-04 -2.962554001029957e-04 1.498262627153154e-04 1.645485679288225e-04 1.799563864251010e-04 1.960163910197883e-04 2.126902681606605e-04 2.299349574664271e-04 2.477029367826345e-04 2.659425499322085e-04 2.845983739139147e-04 3.036116219141882e-04 3.229205781481239e-04 3.424610602387489e-04 3.621669045817666e-04 3.819704699299939e-04 4.018031542679436e-04 4.215959199351527e-04 4.412798218972098e-04 4.607865340566056e-04 4.800488685413416e-04 4.990012830064551e-04 5.175803711318603e-04 5.357253316961797e-04 5.533784118495173e-04 5.704853204938605e-04 5.869956080070236e-04 6.028630089085636e-04 6.180457444619976e-04 6.325067826311023e-04 6.462140532554839e-04 6.591406167762898e-04
3.065352925116683e-04 2.499840374528892e-04 3.625997534725617e-05 4.332905266264332e-07 3.979253328802444e-07 3.823649829584451e-07 3.652309219846650e-07 3.469888110827663e-07 3.280703437170841e-07 3.088814925124270e-07 2.897284445259777e-07 2.709073317724573e-07 2.525711711526065e-07 2.348974923946781e-07 2.179536806600402e-07 2.017936794624663e-07 1.865022451202228e-07 1.720458900802223e-07 1.584468090764527e-07 1.456926245232134e-07 1.337566881995483e-07 1.226159509196603e-07 1.122204668939967e-07 1.025719922221333e-07 9.358595418437298e-08 8.525815587987018e-08 7.753665572689949e-08 7.038508242803527e-08 6.376175087327231e-08 5.763714674056659e-08 5.197259096545361e-08 4.673104328403639e-08 4.190741815079153e-08 3.526232737165725e-08 4.124506430646797e-08 4.713117504972948e-08 5.303023381257718e-08 5.904797867773029e-08 6.523697806829909e-08 7.157702652673684e-08 7.798521748844173e-08 8.434236465547224e-08 9.052071600355355e-08 9.640391205277400e-08 1.018972418015015e-07 1.069304397456395e-07 1.114562648445528e-07 1.154473596354469e-07 1.188927834379639e-07 1.217948053199753e-07 1.241661061138371e-07 1.260273731633848e-07 1.274052343447492e-07 1.283304868141938e-07 1.288365949234353e-07 1.289584372710957e-07 1.287312904519916e-07 1.281900288772006e-07 1.273685197424360e-07 1.262991869180730e-07 1.250127169870959e-07 1.235378801615390e-07 1.219014408725496e-07 -9.124506022711220e-10 -1.018235217573696e-09 -1.150533157948948e-09 -1.245030215491548e-09 -1.255817565578541e-09 -1.172329357818017e-09 -1.015695266141316e-09 -8.221439358718445e-10 -6.254546767192233e-10 -4.467208962101074e-10 -2.927263814482976e-10 -1.596962169672089e-10 -3.843086916516315e-11 8.160713846824136e-11 2.099239280063032e-10 3.540222308338734e-10 5.192185893632131e-10 7.088043708325581e-10 9.243035973385687e-10 1.165736263088142e-09 1.431875863842386e-09 1.720495861564310e-09 2.028622558309262e-09 2.352770629649384e-09 2.689166298945721e-09 3.033940435838157e-09 3.383289145391442e-09 3.733597445341979e-09 4.081529661915626e-09 4.424090092831539e-09
2.924440269241656e-04 2.390699224786912e-04 3.478687734058542e-05 3.979253328802444e-07 4.079119992009799e-07 3.747144156361911e-07 3.601791378786031e-07 3.441462812220619e-07 3.270465125615542e-07 3.092739905238850e-07 2.912461948329863e-07 2.732350556613832e-07 2.555192493613033e-07 2.382550320546664e-07 2.215709138349236e-07 2.056011173128733e-07 1.903607907157815e-07 1.759116022264235e-07 1.622575184246583e-07 1.494108578161481e-07 1.373557216805842e-07 1.260547854788562e-07 1.155321312116052e-07 1.056979334281247e-07 9.655364301363758e-08 8.805946558028220e-08 8.017493948850397e-08 7.286131408295129e-08 6.608887901628989e-08 5.981404813745799e-08 5.400932036282087e-08 4.866019154373898e-08 4.367705635599382e-08 2.611070820089240e-08 3.200484353059222e-08 3.776358913406266e-08 4.343450793631648e-08 4.912005406581550e-08 5.491993931857824e-08 6.088422053690031e-08 6.699432568984535e-08 7.317219079176978e-08 7.930503100141171e-08 8.527151732992750e-08 9.096073795034247e-08 9.628202760398175e-08 1.011677399148038e-07 1.055720026284308e-07 1.094678174958169e-07 1.128438278193092e-07 1.157013118862990e-07 1.180515493238360e-07 1.199135478607221e-07 1.213120841842186e-07 1.222760165709628e-07 1.228368491189082e-07 1.230275302649777e-07 1.228814735483847e-07 1.224317844262244e-07 1.217106730710814e-07 1.207490289461087e-07 1.195761319704740e-07 1.182194749090725e-07 -1.066430249938781e-09 -1.092878173191772e-09 -1.197597874204282e-09 -1.327834003351854e-09 -1.422701689310326e-09 -1.438205643003571e-09 -1.363608505960938e-09 -1.218333131460924e-09 -1.036445844795607e-09 -8.500319683428607e-10 -6.793722474479470e-10 -5.312560273646166e-10 -4.024219879513979e-10 -2.843796319700781e-10 -1.672724938690901e-10 -4.213915636707512e-11 9.813933256141181e-11 2.586461563929324e-10 4.425636269472376e-10 6.514064319118785e-10 8.852572030628265e-10 1.143007822319129e-09 1.422588616410809e-09 1.721202155603199e-09 2.035549593467138e-09 2.362041385372044e-09 2.696982107077045e-09 3.036725656567775e-09 3.377795932293115e-09 3.716972502359532e-09
2.785686187750766e-04 2.282958748052194e-04 3.332745548392799e-05 3.823649829584451e-07 3.747144156361911e-07 3.843054357972177e-07 3.531365008680161e-07 3.395600158969032e-07 3.245363571411715e-07 3.085045347096687e-07 2.918183497062042e-07 2.748703460490464e-07 2.579286549437865e-07 2.412174502006272e-07 2.249545708560718e-07 2.092259986866479e-07 1.941405100334861e-07 1.797480454727650e-07 1.660985903273105e-07 1.531919261944891e-07 1.410280399766956e-07 1.296375336933785e-07 1.189431008208673e-07 1.089676346289914e-07 9.966602135414855e-08 9.100367952825955e-08 8.295343878563750e-08 7.548173402067277e-08 6.854790942145529e-08 6.212435748289715e-08 5.619167567679068e-08 5.067010835488534e-08 4.559988495688083e-08 1.760458568125221e-08 2.333284350811091e-08 2.898363657516596e-08 3.451244168744079e-08 3.996286814655248e-08 4.543110357492594e-08 5.101144156099636e-08 5.675163824486466e-08 6.263456839559542e-08 6.858654177046026e-08 7.450058012008580e-08 8.026118689243576e-08 8.576239161810599e-08 9.091718415612630e-08 9.566026088586725e-08 9.994694238310255e-08 1.037504945884439e-07 1.070591113534163e-07 1.098730917725325e-07 1.122023577762249e-07 1.140643014313522e-07 1.154819230275515e-07 1.164822221612438e-07 1.170948229950218e-07 1.173508210859473e-07 1.172818405796997e-07 1.169192874757883e-07 1.162937804750293e-07 1.154347372221646e-07 1.143700900566880e-07 -1.280595499574342e-09 -1.224480650694058e-09 -1.254255652648762e-09 -1.357841741700110e-09 -1.485883302366609e-09 -1.580732799689370e-09 -1.600260351260146e-09 -1.533667294761356e-09 -1.398868140327756e-09 -1.227957532441460e-09 -1.051448805679352e-09 -8.888412024985060e-10 -7.468932251827159e-10 -6.227866575128463e-10 -5.086552217675991e-10 -3.952480032835216e-10 -2.740889374199905e-10 -1.383978908408465e-10 1.670752006843960e-11 1.943190659589471e-10 3.959506173372803e-10 6.217524556244956e-10 8.707303741686825e-10 1.140962867908583e-09 1.429819507578547e-09 1.734175525399663e-09 2.050613427210141e-09 2.375601081726681e-09 2.705638773592497e-09 3.037382119963308e-09
2.649357712830742e-04 2.176822896089820e-04 3.188440256066081e-05 3.652309219846650e-07 3.601791378786032e-07 3.531365008680161e-07 3.623806162413513e-07 3.330701673801779e-07 3.203910839679876e-07 3.063261759524859e-07 2.912868373022295e-07 2.756174676159700e-07 2.596494415814339e-07 2.437057715207061e-07 2.279629667442041e-07 2.126091054604007e-07 1.977611061482542e-07 1.835137603126232e-07 1.699106309490827e-07 1.569877283569918e-07 1.447903069562550e-07 1.332770294928517e-07 1.224771643394787e-07 1.123572521392742e-07 1.029036176402864e-07 9.408403364800196e-08 8.587059348476502e-08 7.823383089897460e-08 7.114254641896249e-08 6.457995968703506e-08 5.846689750977994e-08 5.283837237248349e-08 4.761313495760807e-08 9.866923074810069e-09 1.527505304592628e-08 2.074551858438820e-08 2.615109833598592e-08 3.144835805790179e-08 3.667749972969672e-08 4.192904054961412e-08 4.729227049204768e-08 5.281273765038666e-08 5.847452818628738e-08 6.420785861518070e-08 6.991099433379816e-08 7.547372767142614e-08 8.079457364111924e-08 8.578983619831176e-08 9.039632533614091e-08 9.457041983412703e-08 9.828558890987590e-08 1.015295709937435e-07 1.043017183745904e-07 1.066106523513593e-07 1.084722224577833e-07 1.099077339796843e-07 1.109424122792960e-07 1.116040867639803e-07 1.119220840309756e-07 1.119263205137010e-07 1.116465822115511e-07 1.111119723164398e-07 1.103505089302790e-07 -1.514479703712613e-09 -1.410715238755470e-09 -1.363156110905311e-09 -1.395815135339169e-09 -1.498151172665891e-09 -1.623955910747870e-09 -1.718618235737081e-09 -1.741798954958829e-09 -1.682703211866002e-09 -1.557888424691543e-09 -1.397628604645465e-09 -1.230961468420105e-09 -1.076630078931893e-09 -9.413230258103762e-10 -8.225959692228465e-10 -7.131318674768885e-10 -6.042173393722932e-10 -4.878068597251805e-10 -3.574223302507651e-10 -2.083598252651104e-10 -3.760315317666239e-11 1.563631854251293e-10 3.737529137852712e-10 6.136789695944425e-10 8.743565393482509e-10 1.153309658823428e-09 1.447575897030113e-09 1.753896427697521e-09 2.068892833095564e-09 2.389204394027880e-09
2.515699823884809e-04 2.072480369678049e-04 3.046024039340467e-05 3.469888110827662e-07 3.441462812220619e-07 3.395600158969032e-07 3.330701673801779e-07 3.420089209134014e-07 3.144368339359278e-07 3.025914985063702e-07 2.894242195644710e-07 2.752829742096655e-07 2.605617876971605e-07 2.455381854146324e-07 2.304996670911976e-07 2.156486398767147e-07 2.011551122165976e-07 1.871262796398047e-07 1.736408582022690e-07 1.607855031595874e-07 1.485535353107764e-07 1.369883017598500e-07 1.260903988398557e-07 1.158526345999195e-07 1.062539163668447e-07 9.728635744996145e-08 8.891579753805758e-08 8.111652675469283e-08 7.388231583605141e-08 6.713118589868629e-08 6.090019040023645e-08 5.510871395019146e-08 4.973667665576118e-08 3.038345394579318e-09 7.947621340507157e-09 1.309313446787696e-08 1.830790296155816e-08 2.347058801977245e-08 2.853893084920307e-08 3.355007541608813e-08 3.858929981885936e-08 4.374119263405086e-08 4.904913344930905e-08 5.449818442333024e-08 6.002204117257085e-08 6.552370954513779e-08 7.089779413309778e-08 7.604690521753438e-08 8.089037700107538e-08 8.536695012480847e-08 8.943396286392468e-08 9.306505312773978e-08 9.624751484918303e-08 9.897979680713798e-08 1.012692839045690e-07 1.031303602549288e-07 1.045827215237079e-07 1.056499086181023e-07 1.063580478039016e-07 1.067347888449623e-07 1.068084307395970e-07 1.066072268406342e-07 1.061588488402500e-07 -1.711909874250755e-09 -1.613364949523953e-09 -1.521969077608645e-09 -1.482074590090207e-09 -1.517272274902626e-09 -1.618406466278576e-09 -1.742166025537004e-09 -1.836764884698933e-09 -1.863558558441612e-09 -1.811790067403497e-09 -1.696778533336483e-09 -1.547108378260662e-09 -1.390421941950685e-09 -1.244724238416727e-09 -1.116601666567624e-09 -1.003922747050609e-09 -8.998517917389518e-10 -7.961559571420334e-10 -6.851780568437930e-10 -5.607106023616436e-10 -4.182130501106613e-10 -2.547397383267034e-10 -6.877379760427954e-11 1.399547860736594e-10 3.706560836496377e-10 6.216712644102119e-10 8.906653090611499e-10 1.174827467681419e-09 1.471048456204405e-09 1.776090862909105e-09
2.384934956284756e-04 1.970104225186671e-04 2.905731432149825e-05 3.280703437170840e-07 3.270465125615542e-07 3.245363571411715e-07 3.203910839679876e-07 3.144368339359278e-07 3.230989492611733e-07 2.971418368273861e-07 2.860466575609003e-07 2.737160913823679e-07 2.604422135293882e-07 2.465790389278571e-07 2.324241061287532e-07 2.182414665310241e-07 2.042193263782906e-07 1.905078728069565e-07 1.772540097740198e-07 1.644919453180324e-07 1.523045408528289e-07 1.407252157048825e-07 1.297605275931387e-07 1.194219038422613e-07 1.097077046121093e-07 1.005945211921394e-07 9.207586843153198e-08 8.414091605911355e-08 7.671349829069449e-08 6.984036095401263e-08 6.343828448413149e-08 5.748978785206955e-08 5.199334161453900e-08 -2.777793188279401e-09 1.483474363225922e-09 6.136685772796350e-09 1.102500401760078e-08 1.599000620889427e-08 2.091587636772447e-08 2.576149770227698e-08 3.056119146974877e-08 3.539533484064535e-08 4.034406140109825e-08 4.544861218945209e-08 5.069482069542221e-08 5.601949309375305e-08 6.132994544388300e-08 6.652518971831640e-08 7.151160320584371e-08 7.621131612169861e-08 8.056485362473387e-08 8.453043910347534e-08 8.808186038328857e-08 9.120598796627348e-08 9.390041595926365e-08 9.617136160405357e-08 9.803182577608846e-08 9.949998551902031e-08 1.005977940586431e-07 1.013497732699455e-07 1.017819945205479e-07 1.019212360619144e-07 1.017943096984599e-07 -1.829050278724461e-09 -1.779707656529442e-09 -1.694616386529373e-09 -1.614354358695306e-09 -1.581464886236511e-09 -1.619096952203187e-09 -1.719322113198709e-09 -1.841479948892806e-09 -1.936397559398939e-09 -1.967020069800402e-09 -1.922650588493705e-09 -1.817467081192579e-09 -1.678475999423392e-09 -1.531999414112367e-09 -1.395322951711202e-09 -1.274902730047500e-09 -1.168870563690235e-09 -1.070818866877421e-09 -9.729460850717226e-10 -8.679504815989405e-10 -7.498751518917526e-10 -6.143316071363961e-10 -4.584432612063854e-10 -2.806957358502141e-10 -8.076929669986227e-11 1.406322438924560e-10 3.819664874678219e-10 6.410302109137315e-10 9.151508038959346e-10 1.201361315397463e-09
2.257262674546831e-04 1.869851594142807e-04 2.767778893106041e-05 3.088814925124270e-07 3.092739905238850e-07 3.085045347096687e-07 3.063261759524859e-07 3.025914985063702e-07 2.971418368273861e-07 3.055268901684195e-07 2.810680385273356e-07 2.707020457545666e-07 2.591251390040199e-07 2.466474750168127e-07 2.335954514142849e-07 2.202471197438907e-07 2.068417812129874e-07 1.936029876450747e-07 1.806330479544276e-07 1.680722027785735e-07 1.559926020208540e-07 1.444387302336084e-07 1.334533393484128e-07 1.230479446309332e-07 1.132303103559811e-07 1.040000039100997e-07 9.535637204677736e-08 8.724215377057076e-08 7.969934842587703e-08 7.265037468954165e-08 6.608762367867800e-08 6.000642203477156e-08 5.434891810918425e-08 -7.546553836653435e-09 -4.019625685506224e-09 2.227884838421320e-12 4.407216930526303e-09 9.047141919951324e-09 1.377149587835313e-08 1.846958140109107e-08 2.310133735437536e-08 2.769844115393969e-08 3.233666279349494e-08 3.709190870358318e-08 4.200332674475414e-08 4.705736359902246e-08 5.219363145273150e-08 5.732339405418877e-08 6.234972788713081e-08 6.718249949642271e-08 7.174643720103505e-08 7.598372964060188e-08 7.985342768062671e-08 8.332946021612723e-08 8.639830255634310e-08 8.905674943079845e-08 9.130992521213197e-08 9.316953645813723e-08 9.465233897448261e-08 9.577880030511934e-08 9.657194179203725e-08 9.705635718974682e-08 9.725740021615893e-08 -1.848957685142210e-09 -1.868976023595430e-09 -1.831575675331778e-09 -1.758582285940577e-09 -1.688552723877148e-09 -1.662310810218602e-09 -1.702531157698286e-09 -1.802356794773552e-09 -1.923543773900843e-09 -2.019335342091187e-09 -2.054160287098667e-09 -2.017392205289639e-09 -1.922155362318878e-09 -1.793979703714540e-09 -1.657935745825321e-09 -1.530612850360543e-09 -1.418320549145392e-09 -1.319412316515424e-09 -1.227866379008981e-09 -1.136276587265212e-09 -1.037669279727151e-09 -9.263230381699586e-10 -7.979946166044228e-10 -6.498750866230249e-10 -4.804577879615619e-10 -2.893788747091695e-10 -7.726278313184844e-11 1.544521571740032e-10 4.036873935078193e-10 6.678992847570905e-10
2.132859508124073e-04 1.771863514802325e-04 2.632364503207460e-05 2.897284445259777e-07 2.912461948329863e-07 2.918183497062042e-07 2.912868373022295e-07 2.894242195644710e-07 2.860466575609003e-07 2.810680385273356e-07 2.892301078981626e-07 2.661363120865887e-07 2.564373540653799e-07 2.455737137366167e-07 2.338344221443379e-07 2.215173477094426e-07 2.089308544418644e-07 1.962618811188685e-07 1.837234949909003e-07 1.714524471953797e-07 1.595480663382657e-07 1.480900059239739e-07 1.371259882154756e-07 1.266937750657379e-07 1.168055571174913e-07 1.074904053124028e-07 9.869729821424949e-08 9.047767219637855e-08 8.277212594382962e-08 7.556903898106285e-08 6.886856476705181e-08 6.262272124620553e-08 5.682085482314084e-08 -1.130336666451177e-08 -8.528603160416667e-09 -5.217501333083773e-09 -1.425708350183377e-09 2.741792120382348e-09 7.144719274373636e-09 1.163985038611838e-08 1.612120718646117e-08 2.054968934438056e-08 2.495449065974002e-08 2.940705260558114e-08 3.397928512049828e-08 3.870831315565460e-08 4.358108217430299e-08 4.853976040089003e-08 5.349925190581278e-08 5.836640184520817e-08 6.305432535017862e-08 6.749017828420286e-08 7.161770992058962e-08 7.539675404208615e-08 7.880138214985518e-08 8.181771105117734e-08 8.444179937529134e-08 8.667776020274313e-08 8.853609970983395e-08 9.003225430101818e-08 9.118530924616304e-08 9.201688763075383e-08 9.255020371815718e-08 -1.780068387313526e-09 -1.865980179386716e-09 -1.894885893678982e-09 -1.868179568628160e-09 -1.806314287071760e-09 -1.745952030576467e-09 -1.726266717788688e-09 -1.769423004773835e-09 -1.869496195399635e-09 -1.990441800925088e-09 -2.087733712890308e-09 -2.127187242377198e-09 -2.098253734151430e-09 -2.013081054625975e-09 -1.895819197090809e-09 -1.770358150030388e-09 -1.652615719720300e-09 -1.548746815713245e-09 -1.457298270547574e-09 -1.372598709137447e-09 -1.287608146903922e-09 -1.195659671076810e-09 -1.091253495143952e-09 -9.702870160455941e-10 -8.300171618882231e-10 -6.689463356491330e-10 -4.866751755886848e-10 -2.837535470020978e-10 -6.152372446335869e-11 1.780485986665733e-10
2.011878946739450e-04 1.676264873881286e-04 2.499667786751158e-05 2.709073317724573e-07 2.732350556613832e-07 2.748703460490464e-07 2.756174676159700e-07 2.752829742096655e-07 2.737160913823679e-07 2.707020457545665e-07 2.661363120865887e-07 2.740811831872822e-07 2.522668174275030e-07 2.431852828502662e-07 2.329647304167864e-07 2.219229421841575e-07 2.103020036196716e-07 1.983953177942294e-07 1.864198345032403e-07 1.745442618543566e-07 1.629097477616579e-07 1.516163038800383e-07 1.407369466714714e-07 1.303184885097729e-07 1.204185942556898e-07 1.109986863524456e-07 1.021383954274715e-07 9.378435988721339e-08 8.593446827356051e-08 7.860580347806679e-08 7.174690543151084e-08 6.535187717175681e-08 5.940011417430961e-08 -1.413617142909294e-08 -1.207699611766473e-08 -9.491090514572705e-09 -6.385689926350908e-09 -2.812193732232334e-09 1.130585442037433e-09 5.309609873507971e-09 9.588356878410163e-09 1.386520315753546e-08 1.810193120412710e-08 2.232541455026107e-08 2.660304290624175e-08 3.100296534908187e-08 3.556037381559282e-08 4.026263161229040e-08 4.505425307282869e-08 4.985351614570969e-08 5.457077550565932e-08 5.912218297520929e-08 6.343717390312862e-08 6.746097309804441e-08 7.115416643942444e-08 7.449098108141640e-08 7.745722097226683e-08 8.004827808648678e-08 8.226734063915438e-08 8.412380963185400e-08 8.563190181120490e-08 8.680942014077711e-08 8.767668502920888e-08 -1.645295170556034e-09 -1.779523022139632e-09 -1.870921092705094e-09 -1.907726067162507e-09 -1.890856122545022e-09 -1.839484952621079e-09 -1.788485445046668e-09 -1.775447614353522e-09 -1.821993548589367e-09 -1.923003729988242e-09 -2.044440224650417e-09 -2.143839281785076e-09 -2.188311889609093e-09 -2.167395927255320e-09 -2.092339312509039e-09 -1.986001991490438e-09 -1.871164273431643e-09 -1.763104662174300e-09 -1.667819764360996e-09 -1.584028002610741e-09 -1.506380168262364e-09 -1.428175956467560e-09 -1.343037465445978e-09 -1.245673395465435e-09 -1.132114122785340e-09 -9.996841354043527e-10 -8.468946676700688e-10 -6.733153255884601e-10 -4.794309384939754e-10 -2.664942266677721e-10
1.894451590964025e-04 1.583164455769185e-04 2.369849653039402e-05 2.525711711526065e-07 2.555192493613033e-07 2.579286549437865e-07 2.596494415814339e-07 2.605617876971605e-07 2.604422135293882e-07 2.591251390040199e-07 2.564373540653800e-07 2.522668174275030e-07 2.600065037753332e-07 2.393605412072626e-07 2.308631078203734e-07 2.212523130181897e-07 2.108297054535919e-07 1.998640523362744e-07 1.886003224875802e-07 1.772558682220205e-07 1.659967285273420e-07 1.549545665922721e-07 1.442261189967051e-07 1.339026306570855e-07 1.239789325816268e-07 1.145617898235173e-07 1.056097914188816e-07 9.714824961981291e-08 8.919960247375701e-08 8.172182662656255e-08 7.472539070721468e-08 6.818621758987838e-08 6.208429071541304e-08 -1.616149711831702e-08 -1.474810890055942e-08 -1.285033746613478e-08 -1.044290847208025e-08 -7.531132414024583e-09 -4.162638296015230e-09 -4.306465067272644e-10 3.538440598302826e-09 7.614281819324641e-09 1.169929531083157e-08 1.575609503655210e-08 1.980940318821773e-08 2.392283059214341e-08 2.816100020943589e-08 3.255726971516072e-08 3.709936072327399e-08 4.173395396242465e-08 4.638246681481340e-08 5.095853501757167e-08 5.538116231357386e-08 5.958193760950619e-08 6.350749425188496e-08 6.711915310453783e-08 7.039131939819375e-08 7.330953671045218e-08 7.586860217783040e-08 7.807086392739199e-08 7.992470950656513e-08 8.144322866845057e-08 8.264303341202757e-08 -1.470522991040485e-09 -1.631966933309549e-09 -1.768751029678754e-09 -1.864967076851079e-09 -1.909040575263627e-09 -1.901452880956819e-09 -1.860182100509435e-09 -1.818405513701240e-09 -1.812189093901254e-09 -1.862590507343062e-09 -1.965185223562327e-09 -2.087768203568896e-09 -2.189789082392283e-09 -2.239577448209670e-09 -2.226765755889934e-09 -2.161775621108539e-09 -2.066267125091846e-09 -1.961978572195125e-09 -1.863582742971967e-09 -1.776919103484970e-09 -1.700858501723962e-09 -1.630350236139090e-09 -1.559009245721741e-09 -1.480727107209183e-09 -1.390412338750827e-09 -1.284219790067115e-09 -1.159539636746575e-09 -1.014896736483851e-09 -8.498328357598241e-10 -6.647751897958041e-10
1.780685452582485e-04 1.492655095750995e-04 2.243052455596902e-05 2.348974923946781e-07 2.382550320546664e-07 2.412174502006272e-07 2.437057715207061e-07 2.455381854146324e-07 2.465790389278571e-07 2.466474750168127e-07 2.455737137366167e-07 2.431852828502662e-07 2.393605412072626e-07 2.469177612379051e-07 2.273698315424706e-07 2.193851690108423e-07 2.103483665210231e-07 2.005114357506484e-07 1.901405687871805e-07 1.794741857807267e-07 1.687164758979391e-07 1.580270975976850e-07 1.475531755161119e-07 1.373374771532668e-07 1.275186643577307e-07 1.180873213216280e-07 1.090950925732786e-07 1.005754797406911e-07 9.251303470080129e-08 8.492347137498948e-08 7.779164736917702e-08 7.111341461088462e-08 6.486075572160705e-08 -1.750428978772458e-08 -1.665238633842857e-08 -1.537431679032139e-08 -1.362763441545509e-08 -1.138678082204673e-08 -8.655460291194421e-09 -5.477952263379890e-09 -1.942391456064262e-09 1.830925930839493e-09 5.717390863113361e-09 9.623197059608416e-09 1.351176030764587e-08 1.740582045145485e-08 2.136547060190614e-08 2.545203332328403e-08 2.969713317795464e-08 3.408880499947825e-08 3.857574094249775e-08 4.308229322228239e-08 4.752517953315200e-08 5.182609719979250e-08 5.591868397243820e-08 5.975093005285286e-08 6.328488533992554e-08 6.649516088819713e-08 6.936709263384790e-08 7.189495228567005e-08 7.408032607231511e-08 7.593067123156071e-08 7.745803488048276e-08 -1.277526649352435e-09 -1.448295134171906e-09 -1.610157335807502e-09 -1.749133216210241e-09 -1.849799525484572e-09 -1.900765510672745e-09 -1.902105704738197e-09 -1.870675381103419e-09 -1.838046902166538e-09 -1.838822433307871e-09 -1.893480116711452e-09 -1.998198548325773e-09 -2.122456654969991e-09 -2.227483325635872e-09 -2.282759916789471e-09 -2.278027190864475e-09 -2.222948769912927e-09 -2.138070016448884e-09 -2.044153040940385e-09 -1.955296410223408e-09 -1.877186054144564e-09 -1.808827954158022e-09 -1.745445346048626e-09 -1.680949625592123e-09 -1.609482599156333e-09 -1.526141285300917e-09 -1.427202157887567e-09 -1.310118368462417e-09 -1.173431441356408e-09 -1.016661404165251e-09
1.670666398194485e-04 1.404813933014734e-04 2.119400164786724e-05 2.179536806600402e-07 2.215709138349236e-07 2.249545708560718e-07 2.279629667442041e-07 2.304996670911976e-07 2.324241061287532e-07 2.335954514142849e-07 2.338344221443379e-07 2.329647304167864e-07 2.308631078203734e-07 2.273698315424706e-07 2.347243342422220e-07 2.162050503406725e-07 2.087060434340348e-07 2.001874718376619e-07 1.908937547630376e-07 1.810751966964128e-07 1.709602494953704e-07 1.607650542739628e-07 1.505925806504310e-07 1.406346957507939e-07 1.309278296396525e-07 1.215544193308778e-07 1.125782822731163e-07 1.040094389933094e-07 9.587429379840590e-08 8.818310713879279e-08 8.093689944870523e-08 7.411631741704735e-08 6.774639704289824e-08 -1.828502322894070e-08 -1.790830540115875e-08 -1.716793583294305e-08 -1.601512796297411e-08 -1.440810059714494e-08 -1.232120781052040e-08 -9.756813034510641e-09 -6.756199748247712e-09 -3.402849638832689e-09 1.885895142170598e-10 3.898850651929926e-09 7.637674634576662e-09 1.136926082218458e-08 1.511452797419785e-08 1.893029708442302e-08 2.287480352709383e-08 2.697803981451839e-08 3.122832295830009e-08 3.557622544730037e-08 3.994885846599812e-08 4.426585015869623e-08 4.845145585509784e-08 5.244127535095256e-08 5.618461473367336e-08 5.964425120104106e-08 6.279502972281406e-08 6.562212653721648e-08 6.811934983498685e-08 7.028759434562663e-08 7.213346160128383e-08 -1.081774748497584e-09 -1.249412568503747e-09 -1.419219653664606e-09 -1.581387978800074e-09 -1.722429837240637e-09 -1.827372240126053e-09 -1.884998767211461e-09 -1.895007437784740e-09 -1.873199627541888e-09 -1.849628150188270e-09 -1.857494920227323e-09 -1.916696527855898e-09 -2.023936193016961e-09 -2.150247444040068e-09 -2.258523680151443e-09 -2.319337546379083e-09 -2.322551826718077e-09 -2.277136838237812e-09 -2.202600738566176e-09 -2.118791747055959e-09 -2.039263406609581e-09 -1.969548887244733e-09 -1.908777455252267e-09 -1.852422755585653e-09 -1.794672286280075e-09 -1.729905466453786e-09 -1.653396474725046e-09 -1.561539429085629e-09 -1.451851120697681e-09 -1.322890938036953e-09
1.564458728482872e-04 1.319702758521316e-04 1.998998648934963e-05 2.017936794624663e-07 2.056011173128733e-07 2.092259986866479e-07 2.126091054604007e-07 2.156486398767147e-07 2.182414665310241e-07 2.202471197438907e-07 2.215173477094426e-07 2.219229421841575e-07 2.212523130181897e-07 2.193851690108423e-07 2.162050503406725e-07 2.233763589749659e-07 2.057993711632370e-07 1.987494718207500e-07 1.907110197800988e-07 1.819175427004400e-07 1.726287193634499e-07 1.630131081648078e-07 1.533282584979437e-07 1.436680769436115e-07 1.341660844817126e-07 1.249297004659866e-07 1.159986063591398e-07 1.074283345504353e-07 9.925348531569361e-08 9.148543988451349e-08 8.412931980642081e-08 7.721499653895836e-08 7.070034178605822e-08 -1.861330255833510e-08 -1.863015031885846e-08 -1.834379702251432e-08 -1.770527800686768e-08 -1.666692144008495e-08 -1.518772557733300e-08 -1.324210374063457e-08 -1.083128785778242e-08 -7.993858640625176e-09 -4.809015002124002e-09 -1.386155985909706e-09 2.160447593875290e-09 5.743881038931999e-09 9.329114447727237e-09 1.293539585091442e-08 1.661650394081566e-08 2.042779022458204e-08 2.439771789289900e-08 2.851486958987044e-08 3.273158961777902e-08 3.697759700331189e-08 4.117528243566359e-08 4.525134108388055e-08 4.914325833600146e-08 5.280162046972467e-08 5.618992913451937e-08 5.928328639165201e-08 6.206675064450915e-08 6.453372097551516e-08 6.668446389456844e-08 -8.931669672240812e-10 -1.050094507674484e-09 -1.215978145787725e-09 -1.384906191050155e-09 -1.547441722779511e-09 -1.690551253876956e-09 -1.799683400117049e-09 -1.863788857552482e-09 -1.882217019578719e-09 -1.869784043298625e-09 -1.855110880448379e-09 -1.870062485005508e-09 -1.933960600310623e-09 -2.043972144488009e-09 -2.172570195698389e-09 -2.284210016131687e-09 -2.350501961411495e-09 -2.361441591731712e-09 -2.325365711848384e-09 -2.260815604068567e-09 -2.186779802117726e-09 -2.116297680010394e-09 -2.054749705237833e-09 -2.001374829506913e-09 -1.951880839415545e-09 -1.900711897480280e-09 -1.842472195869727e-09 -1.772605821812490e-09 -1.687619273800395e-09 -1.585092833395935e-09
1.462105884647165e-04 1.237368452169292e-04 1.881936058353756e-05 1.865022451202228e-07 1.903607907157815e-07 1.941405100334861e-07 1.977611061482542e-07 2.011551122165976e-07 2.042193263782906e-07 2.068417812129874e-07 2.089308544418644e-07 2.103020036196716e-07 2.108297054535919e-07 2.103483665210231e-07 2.087060434340348e-07 2.057993711632370e-07 2.127936240520815e-07 1.960929143273944e-07 1.894546203561982e-07 1.818777335213722e-07 1.735351476858403e-07 1.647255288507529e-07 1.556052466608716e-07 1.463706825772896e-07 1.371839653954573e-07 1.281337912262868e-07 1.193175094277648e-07 1.107980584343140e-07 1.026148470925618e-07 9.479642486559083e-08 8.738248942076713e-08 8.035459258791469e-08 7.372204457400944e-08 -1.858565351789679e-08 -1.892193322257758e-08 -1.901057774785267e-08 -1.880535661723041e-08 -1.825857662982951e-08 -1.732374311932151e-08 -1.596070384992368e-08 -1.414403409557820e-08 -1.187399797347771e-08 -9.186719196681439e-09 -6.157437458039032e-09 -2.890659102322816e-09 5.040303718054553e-10 3.942877155158585e-09 7.391612597619419e-09 1.086795631653702e-08 1.442286244096612e-08 1.810899514042778e-08 2.195339367727795e-08 2.594490167383703e-08 3.003754572820979e-08 3.416352071391143e-08 3.824784741800498e-08 4.221955402373698e-08 4.601793954179367e-08 4.959483436791518e-08 5.291445907581585e-08 5.595219090600276e-08 5.869300678241714e-08 6.112994610995190e-08 -7.176785991931133e-10 -8.597308369169134e-10 -1.014517055422547e-09 -1.178865193609303e-09 -1.347104171297614e-09 -1.510136663291059e-09 -1.655350560287702e-09 -1.768589989296349e-09 -1.838970692867099e-09 -1.865526376571542e-09 -1.862153324747106e-09 -1.856127464464036e-09 -1.878045318579277e-09 -1.946664778957848e-09 -2.059565633726323e-09 -2.190559211926476e-09 -2.305567799379110e-09 -2.377190505020122e-09 -2.395563596039897e-09 -2.368440993371909e-09 -2.313464828662293e-09 -2.248812733136943e-09 -2.187035638641233e-09 -2.133366991419536e-09 -2.087142532404747e-09 -2.044288270116260e-09 -1.999490495059344e-09 -1.947564861645805e-09 -1.884117972868109e-09 -1.805765923254160e-09
1.363631272659671e-04 1.157843503103601e-04 1.768283305994096e-05 1.720458900802223e-07 1.759116022264235e-07 1.797480454727650e-07 1.835137603126232e-07 1.871262796398047e-07 1.905078728069565e-07 1.936029876450747e-07 1.962618811188685e-07 1.983953177942294e-07 1.998640523362744e-07 2.005114357506484e-07 2.001874718376619e-07 1.987494718207500e-07 1.960929143273944e-07 2.029117488560661e-07 1.870432433002228e-07 1.807722756730347e-07 1.736102092180620e-07 1.657169893629273e-07 1.573280731674932e-07 1.486649854300693e-07 1.398765756977495e-07 1.311125643446203e-07 1.224827583873644e-07 1.140667180820681e-07 1.059202139707265e-07 9.810974654169733e-08 9.063950257575191e-08 8.352837338960143e-08 7.681390622611983e-08 -1.828544156253231e-08 -1.887528434147993e-08 -1.926723787644918e-08 -1.941895269439866e-08 -1.928548191215153e-08 -1.882043473305342e-08 -1.797851899351833e-08 -1.672046778483834e-08 -1.502108872073916e-08 -1.287981057674454e-08 -1.033051221079768e-08 -7.444761306231888e-09 -4.322492673038963e-09 -1.068887851235202e-09 2.235295726701185e-09 5.556546562329665e-09 8.911193386396765e-09 1.234757410664351e-08 1.591585500132029e-08 1.964175793951660e-08 2.351439041157715e-08 2.748938307377224e-08 3.150128752180575e-08 3.547763130396916e-08 3.934967394165927e-08 4.305845853157477e-08 4.655702259472356e-08 4.981029773496734e-08 5.279395171558825e-08 5.549291226240102e-08 -5.587803157327263e-10 -6.839137167273933e-10 -8.237071411136798e-10 -9.766591633414178e-10 -1.139741384956862e-09 -1.307498602845435e-09 -1.471144991397996e-09 -1.618464707227048e-09 -1.735680739133824e-09 -1.812073325057480e-09 -1.846395146402413e-09 -1.851690624249310e-09 -1.853973269888376e-09 -1.882638653149260e-09 -1.955896342354771e-09 -2.071693894072221e-09 -2.205090148353682e-09 -2.323386359182346e-09 -2.400120903547042e-09 -2.425580142274645e-09 -2.406979492343984e-09 -2.361120797345936e-09 -2.305420970173426e-09 -2.251965862316685e-09 -2.205846446692502e-09 -2.166487019217225e-09 -2.130015911185475e-09 -2.091347606852562e-09 -2.045499106485287e-09 -1.988229186491926e-09
1.269039195258331e-04 1.081146606498762e-04 1.658094637868848e-05 1.584468090764527e-07 1.622575184246583e-07 1.660985903273105e-07 1.699106309490827e-07 1.736408582022690e-07 1.772540097740198e-07 1.806330479544276e-07 1.837234949909003e-07 1.864198345032403e-07 1.886003224875802e-07 1.901405687871805e-07 1.908937547630376e-07 1.907110197800988e-07 1.894546203561982e-07 1.870432433002228e-07 1.936783305156362e-07 1.785719392339083e-07 1.726714253533413e-07 1.658692047807736e-07 1.583896088781466e-07 1.504186126996757e-07 1.421626550697834e-07 1.337890111422433e-07 1.254274254021272e-07 1.171786245022760e-07 1.091475394196692e-07 1.013645800311935e-07 9.387450801981882e-08 8.673641018064133e-08 7.992999946957483e-08 -1.778365657318341e-08 -1.856936314268440e-08 -1.920099644331033e-08 -1.964044240386450e-08 -1.984658283809379e-08 -1.977576532248925e-08 -1.938290162600930e-08 -1.862390173582046e-08 -1.746039920610111e-08 -1.586748459129292e-08 -1.384386164437982e-08 -1.142135098292137e-08 -8.668104880736137e-09 -5.679774874349092e-09 -2.557391046112821e-09 6.211406931082881e-10 3.823068461974977e-09 7.063462660123463e-09 1.038824385981445e-08 1.384526050682083e-08 1.745901886012537e-08 2.121889559223565e-08 2.508205250780458e-08 2.898528533441411e-08 3.285851167577860e-08 3.663512482616412e-08 4.025784473861800e-08 4.368088014173267e-08 4.686986459678366e-08 4.980077009408933e-08 -4.183178335294988e-10 -5.258059572534512e-10 -6.487465793248713e-10 -7.866383320759126e-10 -9.380651726070918e-10 -1.100123314776889e-09 -1.267556169150526e-09 -1.431871367179179e-09 -1.581227899666557e-09 -1.702216573228383e-09 -1.784288663183739e-09 -1.825948716731387e-09 -1.839454112388126e-09 -1.849635554379782e-09 -1.884750817667057e-09 -1.962478782345306e-09 -2.081094358867001e-09 -2.216817802836788e-09 -2.338251327193843e-09 -2.419824674931102e-09 -2.451978617946707e-09 -2.441435207725867e-09 -2.404209190247052e-09 -2.357002041150607e-09 -2.311459760702505e-09 -2.272534052302371e-09 -2.239729911998976e-09 -2.209365703049019e-09 -2.176567896926724e-09 -2.136544129940357e-09
1.178315880950136e-04 1.007283329696635e-04 1.551408285866409e-05 1.456926245232134e-07 1.494108578161481e-07 1.531919261944891e-07 1.569877283569918e-07 1.607855031595874e-07 1.644919453180324e-07 1.680722027785735e-07 1.714524471953797e-07 1.745442618543566e-07 1.772558682220205e-07 1.794741857807267e-07 1.810751966964128e-07 1.819175427004400e-07 1.818777335213722e-07 1.807722756730347e-07 1.785719392339083e-07 1.850594796007855e-07 1.706388092647639e-07 1.650773681669166e-07 1.586354197433455e-07 1.515216371572111e-07 1.439385108142517e-07 1.360700003587809e-07 1.280718633060370e-07 1.200970408638201e-07 1.122191413920712e-07 1.045199223411209e-07 9.708346516016152e-08 8.991451730951294e-08 8.306877796391137e-08 -1.713995914503005e-08 -1.807159205399921e-08 -1.888723180565178e-08 -1.955304547524700e-08 -2.003207042597552e-08 -2.028441680614173e-08 -2.026771342484038e-08 -1.993815746374889e-08 -1.925284705139329e-08 -1.817431879340071e-08 -1.667798384212184e-08 -1.476191359854692e-08 -1.245603281596229e-08 -9.825305454100975e-09 -6.961356129938715e-09 -3.961288359501901e-09 -9.002842483362386e-10 2.189671561948145e-09 5.322516493872562e-09 8.541938607818155e-09 1.189363588164275e-08 1.540099167469717e-08 1.905365427386971e-08 2.281024692805850e-08 2.660970226606209e-08 3.038421735774586e-08 3.406922735617586e-08 3.760906493156459e-08 4.095907596707609e-08 4.408558840451860e-08 -2.969875769831446e-10 -3.869945559632169e-10 -4.924812306810764e-10 -6.136033292465867e-10 -7.499095174788290e-10 -9.000580521262222e-10 -1.061260219903345e-09 -1.228444054751159e-09 -1.393398615822423e-09 -1.544645274639677e-09 -1.669133305785803e-09 -1.756492435358968e-09 -1.805011356282255e-09 -1.826219178691033e-09 -1.843838871788989e-09 -1.885049220367362e-09 -1.967012957857030e-09 -2.088299901271164e-09 -2.226211714251005e-09 -2.350576191265260e-09 -2.436674399961511e-09 -2.475103679326561e-09 -2.472132478215887e-09 -2.443040564453652e-09 -2.403854524013671e-09 -2.365803593717544e-09 -2.333705754137322e-09 -2.307136363579958e-09 -2.282591311941002e-09 -2.255397539382363e-09
1.091430598765579e-04 9.362468401998487e-05 1.448247195129782e-05 1.337566881995483e-07 1.373557216805842e-07 1.410280399766956e-07 1.447903069562550e-07 1.485535353107764e-07 1.523045408528289e-07 1.559926020208540e-07 1.595480663382657e-07 1.629097477616579e-07 1.659967285273420e-07 1.687164758979391e-07 1.709602494953704e-07 1.726287193634499e-07 1.735351476858403e-07 1.736102092180620e-07 1.726714253533413e-07 1.706388092647639e-07 1.769779184370809e-07 1.632236767699434e-07 1.579575569132670e-07 1.518488639439694e-07 1.450832740127384e-07 1.378500387546864e-07 1.303538824628273e-07 1.227211847053703e-07 1.150798198203167e-07 1.075551829534331e-07 1.001876969247542e-07 9.305711682749712e-08 8.619784751507464e-08 -1.640377227498729e-08 -1.743864144634430e-08 -1.839016690532387e-08 -1.922871572926303e-08 -1.992151263862559e-08 -2.043273477016759e-08 -2.072370113952601e-08 -2.075329649490031e-08 -2.047897683537715e-08 -1.985900703645838e-08 -1.885682038236768e-08 -1.744817345538021e-08 -1.563058030192975e-08 -1.343220831254426e-08 -1.091503228423153e-08 -8.166878280673243e-09 -5.281124068993084e-09 -2.330342822069589e-09 6.542550314482401e-10 3.685588838821910e-09 6.805281721108723e-09 1.005703215979158e-08 1.346318357545914e-08 1.701365515183201e-08 2.066846488169186e-08 2.436858183242032e-08 2.804837849539979e-08 3.164524600011729e-08 3.510507098550467e-08 3.838430509682491e-08 -1.945996700092803e-10 -2.679525966095020e-10 -3.562317009044737e-10 -4.600799999682883e-10 -5.796845134976488e-10 -7.146376693654806e-10 -8.636637235808445e-10 -1.024084897405560e-09 -1.191008411347642e-09 -1.356494700092840e-09 -1.509417584515448e-09 -1.637078015918930e-09 -1.729289307881347e-09 -1.784154379931087e-09 -1.812527137453222e-09 -1.837088931771736e-09 -1.883998189552867e-09 -1.969915033583494e-09 -2.093672327956437e-09 -2.233584921326881e-09 -2.360635545633854e-09 -2.450917634841651e-09 -2.495189428723542e-09 -2.499300456441816e-09 -2.477842892126469e-09 -2.446208265078191e-09 -2.415227373370570e-09 -2.389588658791894e-09 -2.368931958973091e-09 -2.349916080818771e-09
1.008336847081338e-04 8.680186877162556e-05 1.348619817807050e-05 1.226159509196603e-07 1.260547854788562e-07 1.296375336933785e-07 1.332770294928517e-07 1.369883017598500e-07 1.407252157048825e-07 1.444387302336084e-07 1.480900059239739e-07 1.516163038800383e-07 1.549545665922721e-07 1.580270975976850e-07 1.607650542739628e-07 1.630131081648078e-07 1.647255288507529e-07 1.657169893629273e-07 1.658692047807736e-07 1.650773681669166e-07 1.632236767699434e-07 1.693987545724729e-07 1.562657878760955e-07 1.512811205934692e-07 1.454705457532012e-07 1.390399838770812e-07 1.321477196543635e-07 1.249712455475317e-07 1.176864310512493e-07 1.103780542316214e-07 1.031655870113170e-07 9.611764966975674e-08 8.928219983083913e-08 -1.561536412078939e-08 -1.671745985951315e-08 -1.776379748201657e-08 -1.872878205060706e-08 -1.958373840165795e-08 -2.029693299239263e-08 -2.083365950758884e-08 -2.115641769871084e-08 -2.122531702260398e-08 -2.099903952506671e-08 -2.043698760251923e-08 -1.950347502085181e-08 -1.817461511591063e-08 -1.644742244948399e-08 -1.434842501493334e-08 -1.193678343471001e-08 -9.296731100971546e-09 -6.518104445131132e-09 -3.670974807427731e-09 -7.857763387099961e-10 2.149493020594433e-09 5.174542083794162e-09 8.331205554265187e-09 1.164086119428560e-08 1.509369741960005e-08 1.865106396797224e-08 2.225587291144023e-08 2.584457663623931e-08 2.935644282129362e-08 3.273885823777600e-08 -1.102721928563110e-10 -1.682992338137503e-10 -2.402422679375697e-10 -3.271255954286913e-10 -4.296060396765027e-10 -5.478951389288953e-10 -6.816279039435430e-10 -8.295943729004235e-10 -9.892249215612770e-10 -1.155802602691627e-09 -1.321651984890154e-09 -1.475988627067997e-09 -1.606459086999534e-09 -1.703063219533570e-09 -1.763741572171568e-09 -1.798724694874092e-09 -1.829712254073066e-09 -1.881894185551670e-09 -1.971446811217735e-09 -2.097436908215763e-09 -2.239128793138687e-09 -2.368597853733046e-09 -2.462711725644346e-09 -2.512392171728724e-09 -2.523103525093138e-09 -2.508790692198224e-09 -2.484245873467786e-09 -2.459922114557129e-09 -2.440379344405305e-09 -2.425315352116363e-09
9.289736045169944e-05 8.025696322189450e-05 1.252520964689043e-05 1.122204668939967e-07 1.155321312116052e-07 1.189431008208673e-07 1.224771643394787e-07 1.260903988398557e-07 1.297605275931386e-07 1.334533393484128e-07 1.371259882154756e-07 1.407369466714714e-07 1.442261189967051e-07 1.475531755161119e-07 1.505925806504310e-07 1.533282584979437e-07 1.556052466608716e-07 1.573280731674932e-07 1.583896088781466e-07 1.586354197433455e-07 1.579575569132670e-07 1.562657878760955e-07 1.622889933227132e-07 1.497254405170602e-07 1.450125546907166e-07 1.394937920546217e-07 1.333474532356143e-07 1.267797123555944e-07 1.199229415323101e-07 1.129450655425243e-07 1.059572341948847e-07 9.904567715354989e-08 9.227864231424663e-08 -1.480691439785227e-08 -1.594629862806075e-08 -1.705286561130809e-08 -1.810482589295669e-08 -1.907744003114698e-08 -1.994297204755302e-08 -2.067070594265666e-08 -2.122702323600892e-08 -2.157557077776435e-08 -2.167764492944786e-08 -2.149311366720674e-08 -2.098247866774704e-08 -2.011090796309283e-08 -1.885487186634281e-08 -1.721092905853979e-08 -1.520407052024593e-08 -1.289080137529978e-08 -1.035195184686335e-08 -7.673990928504113e-09 -4.924592730482051e-09 -2.133418624457630e-09 7.107039786954977e-10 3.645705193196565e-09 6.711679839505094e-09 9.929107434915961e-09 1.328844397771051e-08 1.675231385876984e-08 2.026548606159313e-08 2.376640509229176e-08 2.719614254549181e-08 -4.261705156183649e-11 -8.699081454468227e-11 -1.439421180676532e-10 -2.147632730803887e-10 -3.004774312066558e-10 -4.017549430008063e-10 -5.188329976140082e-10 -6.513890339904975e-10 -7.982802729378360e-10 -9.570447340476785e-10 -1.123136774103902e-09 -1.289138819024075e-09 -1.444596660620469e-09 -1.577492405957056e-09 -1.678017499391555e-09 -1.743969539899713e-09 -1.785000002790761e-09 -1.821887491719925e-09 -1.878901385095705e-09 -1.971751528803498e-09 -2.099715885373803e-09 -2.242948304130900e-09 -2.374558404736727e-09 -2.472154251396546e-09 -2.526819507327809e-09 -2.543662781804480e-09 -2.536022345077993e-09 -2.518121164408999e-09 -2.500052682537590e-09 -2.486252022221160e-09
8.532666307130446e-05 7.398605098309423e-05 1.159932706039471e-05 1.025719922221333e-07 1.056979334281247e-07 1.089676346289914e-07 1.123572521392743e-07 1.158526345999195e-07 1.194219038422613e-07 1.230479446309332e-07 1.266937750657379e-07 1.303184885097729e-07 1.339026306570855e-07 1.373374771532668e-07 1.406346957507939e-07 1.436680769436115e-07 1.463706825772896e-07 1.486649854300693e-07 1.504186126996757e-07 1.515216371572111e-07 1.518488639439694e-07 1.512811205934692e-07 1.497254405170602e-07 1.556112054151845e-07 1.435952915603698e-07 1.391066717282536e-07 1.338657356673606e-07 1.280053126937852e-07 1.217222361365591e-07 1.151732286290601e-07 1.084911127896114e-07 1.017850257891684e-07 9.516023209205196e-08 -1.400355822802928e-08 -1.515572220563923e-08 -1.629383214618660e-08 -1.739960446897651e-08 -1.845200382581942e-08 -1.942712750867667e-08 -2.029815496184787e-08 -2.103535831958949e-08 -2.160617198615191e-08 -2.197534947642492e-08 -2.210532833379754e-08 -2.195711454572127e-08 -2.149226378974133e-08 -2.067676433027201e-08 -1.948743669218257e-08 -1.792042002435372e-08 -1.599926067639304e-08 -1.377795664646409e-08 -1.133411427909220e-08 -8.751000605107695e-09 -6.093994912484198e-09 -3.391993824721691e-09 -6.345759763037180e-10 2.214533173157158e-09 5.193802671768646e-09 8.322877524896583e-09 1.159248061110110e-08 1.496645923440027e-08 1.839136077555416e-08 2.180754012425879e-08 1.008054526405701e-11 -2.250924896582119e-11 -6.613130327216979e-11 -1.222396145214561e-10 -1.921168283252507e-10 -2.767868719778382e-10 -3.769341843889145e-10 -4.928241566324876e-10 -6.241785034977317e-10 -7.699214550728636e-10 -9.276986715960622e-10 -1.093130170182161e-09 -1.259046202015502e-09 -1.415314682314522e-09 -1.550241724593634e-09 -1.654210909245197e-09 -1.724899128154765e-09 -1.771418520409540e-09 -1.813681677487916e-09 -1.875085723585743e-09 -1.970889621315230e-09 -2.100561760191944e-09 -2.245092596082240e-09 -2.378568335920238e-09 -2.479304339605458e-09 -2.538547457009813e-09 -2.561074339171153e-09 -2.559652893575261e-09 -2.547967378256079e-09 -2.535766361916354e-09
7.811298047114661e-05 6.798431282638715e-05 1.070825312792202e-05 9.358595418437298e-08 9.655364301363758e-08 9.966602135414858e-08 1.029036176402864e-07 1.062539163668447e-07 1.097077046121092e-07 1.132303103559811e-07 1.168055571174913e-07 1.204185942556898e-07 1.239789325816268e-07 1.275186643577307e-07 1.309278296396525e-07 1.341660844817126e-07 1.371839653954573e-07 1.398765756977495e-07 1.421626550697834e-07 1.439385108142517e-07 1.450832740127384e-07 1.454705457532012e-07 1.450125546907166e-07 1.435952915603698e-07 1.493184571085804e-07 1.378218951650562e-07 1.335622606668287e-07 1.285616191855919e-07 1.229767639842703e-07 1.169681464887192e-07 1.106886380694543e-07 1.042882382416746e-07 9.786428380401792e-08 -1.322438940676080e-08 -1.436960039980886e-08 -1.551583715348539e-08 -1.664797470650911e-08 -1.774838778658147e-08 -1.879677735509913e-08 -1.977005365924794e-08 -2.064228174539751e-08 -2.138468586230654e-08 -2.196571067769266e-08 -2.235116859167817e-08 -2.250458653722548e-08 -2.238805476167971e-08 -2.196413434274497e-08 -2.119959833858027e-08 -2.007160853201477e-08 -1.857591885974643e-08 -1.673471908887685e-08 -1.459964033370235e-08 -1.224523522207504e-08 -9.751726131356376e-09 -7.182295650654928e-09 -4.565086500433582e-09 -1.890357879912065e-09 8.766236291318835e-10 3.772807504451851e-09 6.817064610322008e-09 1.000038574204444e-08 1.328779320831193e-08 1.662753936966670e-08 4.969233843628484e-11 2.696542862942952e-11 -5.166600944122311e-12 -4.821223456562829e-11 -1.036064192396837e-10 -1.726234998114524e-10 -2.562913610240001e-10 -3.553109690978165e-10 -4.699767403203267e-10 -6.000568221547366e-10 -7.445408549423214e-10 -9.011779864208716e-10 -1.065751398956688e-09 -1.231327882684226e-09 -1.388086038424093e-09 -1.524649570475609e-09 -1.631593046100210e-09 -1.706491333368185e-09 -1.757956899814895e-09 -1.805086001206884e-09 -1.870448300265629e-09 -1.968869407312705e-09 -2.099986345754146e-09 -2.245576194111708e-09 -2.380651543406871e-09 -2.484200680318589e-09 -2.547632997005794e-09 -2.575417351489885e-09 -2.579782512838369e-09 -2.573902226841608e-09
7.124664886853481e-05 6.224611835347237e-05 9.851582292391516e-06 8.525815587987017e-08 8.805946558028220e-08 9.100367952825956e-08 9.408403364800196e-08 9.728635744996145e-08 1.005945211921394e-07 1.040000039100997e-07 1.074904053124028e-07 1.109986863524456e-07 1.145617898235173e-07 1.180873213216280e-07 1.215544193308778e-07 1.249297004659866e-07 1.281337912262868e-07 1.311125643446203e-07 1.337890111422433e-07 1.360700003587809e-07 1.378500387546864e-07 1.390399838770812e-07 1.394937920546217e-07 1.391066717282536e-07 1.378218951650562e-07 1.434079328646941e-07 1.323799456489413e-07 1.283417897022324e-07 1.235733838234728e-07 1.182273659920241e-07 1.124800949121691e-07 1.064709096483315e-07 1.003306005816596e-07 -1.248340410626543e-08 -1.360606282993245e-08 -1.474164413691977e-08 -1.587780853244009e-08 -1.700000074813843e-08 -1.809123623572427e-08 -1.913192850944306e-08 -2.009977047081362e-08 -2.096967536629347e-08 -2.171377631196689e-08 -2.230147974157195e-08 -2.269960371220998e-08 -2.287271028504325e-08 -2.278392058987546e-08 -2.239675361296865e-08 -2.167873503008904e-08 -2.060736169684709e-08 -1.917803607967825e-08 -1.741167570031298e-08 -1.535767722278541e-08 -1.308769920227326e-08 -1.067906795040314e-08 -8.192862404985461e-09 -5.656481991349282e-09 -3.060801601337851e-09 -3.725223017617979e-10 2.443885734871926e-09 5.406575500485621e-09 8.506806503652604e-09 1.171073108488160e-08 7.811617645718693e-11 6.338922862200094e-11 4.086573571282763e-11 9.071451251290832e-12 -3.347848187903284e-11 -8.820394217872628e-11 -1.563740747676695e-10 -2.390220577425165e-10 -3.368680661511054e-10 -4.502348580405339e-10 -5.789348660151997e-10 -7.220244699356617e-10 -8.773505737776902e-10 -1.040853461191568e-09 -1.205830534857827e-09 -1.362759016772614e-09 -1.500572324876393e-09 -1.610037437105089e-09 -1.688642419183048e-09 -1.744535908784308e-09 -1.796046200440272e-09 -1.864954275179398e-09 -1.965668197935919e-09 -2.097977536311051e-09 -2.244396793552805e-09 -2.380816915688029e-09 -2.486869230751009e-09 -2.554122232839216e-09 -2.586758844995055e-09 -2.596500477850330e-09
6.471709048984006e-05 5.676511897531823e-05 9.028810683593999e-06 7.753665572689949e-08 8.017493948850397e-08 8.295343878563750e-08 8.587059348476501e-08 8.891579753805758e-08 9.207586843153198e-08 9.535637204677736e-08 9.869729821424949e-08 1.021383954274715e-07 1.056097914188816e-07 1.090950925732786e-07 1.125782822731163e-07 1.159986063591398e-07 1.193175094277648e-07 1.224827583873644e-07 1.254274254021272e-07 1.280718633060370e-07 1.303538824628272e-07 1.321477196543635e-07 1.333474532356143e-07 1.338657356673606e-07 1.335622606668287e-07 1.323799456489413e-07 1.378406494742694e-07 1.272608722629434e-07 1.234101430564152e-07 1.188628813556230e-07 1.137579138747094e-07 1.082512530107847e-07 1.024846322634351e-07 -1.179036178083456e-08 -1.287839704546198e-08 -1.398855036116318e-08 -1.511089266144220e-08 -1.623357438461276e-08 -1.734259230277095e-08 -1.842157850334598e-08 -1.945162771882629e-08 -2.041117799306467e-08 -2.127594753706597e-08 -2.201892970745833e-08 -2.261044188085384e-08 -2.301825523787196e-08 -2.320791454507020e-08 -2.314352326852809e-08 -2.278951653397803e-08 -2.211414465453160e-08 -2.109523611643966e-08 -1.972787475917797e-08 -1.803178468329262e-08 -1.605425223449228e-08 -1.386419086166310e-08 -1.153616867449699e-08 -9.129248211913586e-09 -6.670095812851278e-09 -4.150141433255602e-09 -1.537422068272443e-09 1.202264866764738e-09 4.086406463244664e-09 7.106530314765542e-09 9.717207050909099e-11 8.872330510338326e-11 7.399246461497578e-11 5.160433188653733e-11 2.011011157196797e-11 -2.195521800331357e-11 -7.599845232862832e-11 -1.432868016678117e-10 -2.248585211396312e-10 -3.214513343477479e-10 -4.334185808000565e-10 -5.606131554424278e-10 -7.021557250600463e-10 -8.559903200665860e-10 -1.018207417265042e-09 -1.182327820637111e-09 -1.339118861691005e-09 -1.477814254499047e-09 -1.589373437880825e-09 -1.671213421262633e-09 -1.731048639951202e-09 -1.786483186120487e-09 -1.858549318280120e-09 -1.961249846190232e-09 -2.094511306851937e-09 -2.241542690010791e-09 -2.379066187169121e-09 -2.487327716755707e-09 -2.558054072042252e-09 -2.595161723742441e-09
5.851295140149528e-05 5.153434139114122e-05 8.239346210434570e-06 7.038508242803527e-08 7.286131408295127e-08 7.548173402067277e-08 7.823383089897459e-08 8.111652675469283e-08 8.414091605911355e-08 8.724215377057077e-08 9.047767219637855e-08 9.378435988721339e-08 9.714824961981291e-08 1.005754797406911e-07 1.040094389933094e-07 1.074283345504353e-07 1.107980584343140e-07 1.140667180820681e-07 1.171786245022760e-07 1.200970408638201e-07 1.227211847053703e-07 1.249712455475317e-07 1.267797123555944e-07 1.280053126937852e-07 1.285616191855919e-07 1.283417897022324e-07 1.272608722629434e-07 1.325801642507913e-07 1.224260766382326e-07 1.187674654811115e-07 1.144225118385367e-07 1.095321833507033e-07 1.042536544204963e-07 -1.115155139540200e-08 -1.219586937769418e-08 -1.326924284807262e-08 -1.436379657965617e-08 -1.547002101013559e-08 -1.657653815423717e-08 -1.766987155195879e-08 -1.873423857381714e-08 -1.975137796220212e-08 -2.070042998438309e-08 -2.155787225754125e-08 -2.229751048049402e-08 -2.289052407014938e-08 -2.330558986691942e-08 -2.350918925125210e-08 -2.346636503870957e-08 -2.314243210555801e-08 -2.250634084272980e-08 -2.153624829464695e-08 -2.022695055794889e-08 -1.859705110156978e-08 -1.669183983651728e-08 -1.457762324398589e-08 -1.232633915655300e-08 -9.995114607055983e-09 -7.609893559861945e-09 -5.162605963819716e-09 -2.622534041550190e-09 4.328192696395952e-11 2.851709568832301e-09 1.085386911576726e-10 1.048372790601460e-10 9.622533725772374e-11 8.146734657853623e-11 5.921379967085882e-11 2.803884561300420e-11 -1.350655864372020e-11 -6.681648932046501e-11 -1.331550939215393e-10 -2.135684429130642e-10 -3.088084841724211e-10 -4.192575739713464e-10 -5.448103057736638e-10 -6.846481534830861e-10 -8.368100895397025e-10 -9.975332370741211e-10 -1.160553199519922e-09 -1.316918413481561e-09 -1.456155774847823e-09 -1.569413291096076e-09 -1.654049776823197e-09 -1.717376173205702e-09 -1.776310024247504e-09 -1.851171217123774e-09 -1.955571888235023e-09 -2.089559302677359e-09 -2.236996995971971e-09 -2.375397295024861e-09 -2.485593307055717e-09 -2.559467366495844e-09
5.262223832222720e-05 4.654628078163081e-05 7.482518706437435e-06 6.376175087327231e-08 6.608887901628989e-08 6.854790942145529e-08 7.114254641896249e-08 7.388231583605141e-08 7.671349829069448e-08 7.969934842587703e-08 8.277212594382962e-08 8.593446827356051e-08 8.919960247375701e-08 9.251303470080131e-08 9.587429379840590e-08 9.925348531569361e-08 1.026148470925618e-07 1.059202139707265e-07 1.091475394196692e-07 1.122191413920712e-07 1.150798198203167e-07 1.176864310512493e-07 1.199229415323101e-07 1.217222361365591e-07 1.229767639842703e-07 1.235733838234728e-07 1.234101430564152e-07 1.224260766382326e-07 1.276253972588537e-07 1.178675269480169e-07 1.143769678952465e-07 1.102236251590178e-07 1.055464341979108e-07 -1.057045487056648e-08 -1.156445455745003e-08 -1.259258075627419e-08 -1.364868874456627e-08 -1.472526136728845e-08 -1.581318844069237e-08 -1.690153786746100e-08 -1.797732872614472e-08 -1.902532681822048e-08 -2.002787529135006e-08 -2.096477439186997e-08 -2.181321745721588e-08 -2.254777967447078e-08 -2.314045994665604e-08 -2.356079901542112e-08 -2.377617465330798e-08 -2.375253064960569e-08 -2.345602797695367e-08 -2.285629451310352e-08 -2.193181213920793e-08 -2.067711568300551e-08 -1.910975426450061e-08 -1.727312583187210e-08 -1.523105715290739e-08 -1.305297552125977e-08 -1.079414919240658e-08 -8.479811323401335e-09 -6.102342940909757e-09 -3.632189516600728e-09 -1.037557761334933e-09 1.137161272168833e-10 1.134468463633186e-10 1.094685558194276e-10 1.007071941602267e-10 8.595249898153469e-11 6.387643855642438e-11 3.307529863081053e-11 -7.883378830215255e-12 -6.038428461990088e-11 -1.256857126395378e-10 -2.048404853811748e-10 -2.986165699842891e-10 -4.074227400418441e-10 -5.311948931743767e-10 -6.691750413503250e-10 -8.194932725402789e-10 -9.785291239209595e-10 -1.140226845257717e-09 -1.295903828826871e-09 -1.435371785456736e-09 -1.549966604908040e-09 -1.636997299166931e-09 -1.703398386792925e-09 -1.765438496779502e-09 -1.842757064131192e-09 -1.948589463910508e-09 -2.083091931560418e-09 -2.230745028047810e-09 -2.369811204707063e-09 -2.481685431248811e-09
4.703245330644179e-05 4.179299295774543e-05 6.757590045299618e-06 5.763714674056659e-08 5.981404813745799e-08 6.212435748289715e-08 6.457995968703506e-08 6.713118589868629e-08 6.984036095401263e-08 7.265037468954164e-08 7.556903898106286e-08 7.860580347806677e-08 8.172182662656255e-08 8.492347137498948e-08 8.818310713879279e-08 9.148543988451349e-08 9.479642486559083e-08 9.810974654169733e-08 1.013645800311934e-07 1.045199223411209e-07 1.075551829534331e-07 1.103780542316214e-07 1.129450655425243e-07 1.151732286290601e-07 1.169681464887192e-07 1.182273659920240e-07 1.188628813556230e-07 1.187674654811115e-07 1.178675269480169e-07 1.229384478900767e-07 1.135561888031752e-07 1.102343631474829e-07 1.062618475058490e-07 -1.004830881267349e-08 -1.098746715032440e-08 -1.196429043198544e-08 -1.297408244129562e-08 -1.401100270590962e-08 -1.506787090693417e-08 -1.613595009136897e-08 -1.720472275742658e-08 -1.826166978612162e-08 -1.929206912237382e-08 -2.027883046940920e-08 -2.120237674685331e-08 -2.204057957219000e-08 -2.276874637319383e-08 -2.335965880000676e-08 -2.378368442213275e-08 -2.400906031242989e-08 -2.400259588017339e-08 -2.373126603350513e-08 -2.316535272121998e-08 -2.228365738118845e-08 -2.108047602716124e-08 -1.957236285652889e-08 -1.780092070754970e-08 -1.582761565066687e-08 -1.371947710353365e-08 -1.152998850191747e-08 -9.283686009453473e-09 -6.973358968031618e-09 -4.570542493740701e-09 1.140112741927027e-10 1.160788688424555e-10 1.154603887289737e-10 1.112490595809758e-10 1.023920170160613e-10 8.770322999411713e-11 6.587644233254706e-11 3.552628350603572e-11 -4.760836893222761e-12 -5.635973720555779e-11 -1.205252414384358e-10 -1.983148414320730e-10 -2.905126976905218e-10 -3.975546251337717e-10 -5.194157172033986e-10 -6.553974165310350e-10 -8.037193364119689e-10 -9.608958640187106e-10 -1.121072609818932e-09 -1.275827724319961e-09 -1.415246393862841e-09 -1.530850033282496e-09 -1.619907778748793e-09 -1.689000392844114e-09 -1.753782473448080e-09 -1.833245963462906e-09 -1.940262412314902e-09 -2.075084923159455e-09 -2.222776846010027e-09 -2.362314559696656e-09
4.173072524143225e-05 3.726618473985860e-05 6.063764146422179e-06 5.197259096545362e-08 5.400932036282087e-08 5.619167567679068e-08 5.846689750977994e-08 6.090019040023645e-08 6.343828448413149e-08 6.608762367867800e-08 6.886856476705181e-08 7.174690543151084e-08 7.472539070721468e-08 7.779164736917702e-08 8.093689944870523e-08 8.412931980642081e-08 8.738248942076715e-08 9.063950257575191e-08 9.387450801981882e-08 9.708346516016152e-08 1.001876969247542e-07 1.031655870113170e-07 1.059572341948847e-07 1.084911127896114e-07 1.106886380694543e-07 1.124800949121691e-07 1.137579138747094e-07 1.144225118385367e-07 1.143769678952465e-07 1.135561888031752e-07 1.185139996847293e-07 1.094873209167082e-07 1.063076193546970e-07 -9.584570220851782e-09 -1.046609552927761e-08 -1.138756644687312e-08 -1.234549767013088e-08 -1.333545139086381e-08 -1.435186896107962e-08 -1.538787999634500e-08 -1.643509202929490e-08 -1.748337131076704e-08 -1.852062839456173e-08 -1.953262186478545e-08 -2.050279621123768e-08 -2.141216515231422e-08 -2.223924679320942e-08 -2.296004808748456e-08 -2.354809971757590e-08 -2.397456205924506e-08 -2.420849622195305e-08 -2.421754199792792e-08 -2.396945646610114e-08 -2.343515150370043e-08 -2.259374052563724e-08 -2.143930055749969e-08 -1.998744582121789e-08 -1.827807441497731e-08 -1.637040427964393e-08 -1.432917461638193e-08 -1.220615594142324e-08 -1.002520361611303e-08 -7.779479111272682e-09 1.105365966573350e-10 1.140591470483738e-10 1.157417900731047e-10 1.148392015920598e-10 1.104669334307434e-10 1.015935028945133e-10 8.705307273376136e-11 6.556314876973262e-11 3.575675888217002e-11 -3.763759204859279e-12 -5.436184118250638e-11 -1.172896007225988e-10 -1.936103748491062e-10 -2.841229822461054e-10 -3.892900579193942e-10 -5.091259765528834e-10 -6.429870251722218e-10 -7.891794146046098e-10 -9.443486193341949e-10 -1.102831449120964e-09 -1.256457612405017e-09 -1.395577356548980e-09 -1.511892680250899e-09 -1.602641483515359e-09 -1.674074557331394e-09 -1.741264500362121e-09 -1.822585223652048e-09 -1.930557528036590e-09 -2.065521722173951e-09 -2.213092388716526e-09
3.670393716216901e-05 3.295730188118324e-05 5.400196794112875e-06 4.673104328403640e-08 4.866019154373899e-08 5.067010835488534e-08 5.283837237248349e-08 5.510871395019145e-08 5.748978785206955e-08 6.000642203477156e-08 6.262272124620553e-08 6.535187717175681e-08 6.818621758987838e-08 7.111341461088462e-08 7.411631741704735e-08 7.721499653895836e-08 8.035459258791469e-08 8.352837338960143e-08 8.673641018064131e-08 8.991451730951294e-08 9.305711682749713e-08 9.611764966975674e-08 9.904567715354989e-08 1.017850257891684e-07 1.042882382416746e-07 1.064709096483315e-07 1.082512530107847e-07 1.095321833507033e-07 1.102236251590178e-07 1.102343631474829e-07 1.094873209167082e-07 1.143190822520217e-07 1.056306840884390e-07 -9.177296401320207e-09 -9.999843836883525e-09 -1.086357885626633e-08 -1.176603475876754e-08 -1.270394399093567e-08 -1.367310326501707e-08 -1.466821070545961e-08 -1.568267934041321e-08 -1.670843392321294e-08 -1.773569824130811e-08 -1.875278628224848e-08 -1.974591097552647e-08 -2.069902525053183e-08 -2.159370605847827e-08 -2.240908901200115e-08 -2.312185074790680e-08 -2.370623896894759e-08 -2.413417295328940e-08 -2.437550327397584e-08 -2.439866500143809e-08 -2.417216511165765e-08 -2.366752166919195e-08 -2.286415221171702e-08 -2.175593273660509e-08 -2.035758949557795e-08 -1.870740181988693e-08 -1.686244670497772e-08 -1.488527653408438e-08 -1.282601982056886e-08 -1.070787058268684e-08 1.042190087887093e-10 1.085134564695597e-10 1.116435415293817e-10 1.130220786392439e-10 1.119221882685190e-10 1.074776007397827e-10 9.868008979070656e-11 8.438384595176583e-11 6.332684560307090e-11 3.416160228789551e-11 -4.494915353869226e-12 -5.399652863923735e-11 -1.155916826844837e-10 -1.903498991244142e-10 -2.790853431412997e-10 -3.822837545656000e-10 -4.999974873537203e-10 -6.316367833639708e-10 -7.755884494831243e-10 -9.286241237562341e-10 -1.085264676777431e-09 -1.237580192406546e-09 -1.376177548330592e-09 -1.492937199414255e-09 -1.585072969292214e-09 -1.658526069489933e-09 -1.727817585322703e-09 -1.810732406112843e-09 -1.919453428590224e-09 -2.054398094692499e-09
3.193884845610696e-05 2.885761389374620e-05 4.766005198492064e-06 4.190741815079155e-08 4.367705635599382e-08 4.559988495688082e-08 4.761313495760807e-08 4.973667665576118e-08 5.199334161453900e-08 5.434891810918425e-08 5.682085482314084e-08 5.940011417430961e-08 6.208429071541304e-08 6.486075572160705e-08 6.774639704289824e-08 7.070034178605822e-08 7.372204457400943e-08 7.681390622611982e-08 7.992999946957483e-08 8.306877796391137e-08 8.619784751507464e-08 8.928219983083913e-08 9.227864231424660e-08 9.516023209205196e-08 9.786428380401792e-08 1.003306005816596e-07 1.024846322634351e-07 1.042536544204963e-07 1.055464341979108e-07 1.062618475058490e-07 1.063076193546970e-07 1.056306840884390e-07 1.103565142759199e-07 -8.823451043120668e-09 -9.586891298156787e-09 -1.039189405671075e-08 -1.123685694288892e-08 -1.211949539874510e-08 -1.303673697286394e-08 -1.398458939287957e-08 -1.495798391822420e-08 -1.595059498388923e-08 -1.695464302425361e-08 -1.796068813697361e-08 -1.895742667782295e-08 -1.993150367061128e-08 -2.086735668240014e-08 -2.174710095806699e-08 -2.255046211724815e-08 -2.325475656281626e-08 -2.383491756893184e-08 -2.426358954086697e-08 -2.451137769706296e-08 -2.454747847214413e-08 -2.434111783815626e-08 -2.386439722783397e-08 -2.309703138507463e-08 -2.203271311836280e-08 -2.068533060109106e-08 -1.909162672207221e-08 -1.730664071902869e-08 -1.539083873736994e-08 -1.339277740977415e-08 9.581487998937156e-11 1.003748679987682e-10 1.042946439952789e-10 1.071249269960079e-10 1.082931067391765e-10 1.070926060233362e-10 1.026750804019011e-10 9.405208962817162e-11 8.009872443469507e-11 5.957180139328895e-11 3.114111063374307e-11 -6.561305082727197e-12 -5.488057565151484e-11 -1.150627632343651e-10 -1.881804158838705e-10 -2.750623591523468e-10 -3.762174409101609e-10 -4.917315640234189e-10 -6.210667589782913e-10 -7.626872858136348e-10 -9.134838823347726e-10 -1.068154396473455e-09 -1.219001472972197e-09 -1.356879871880376e-09 -1.473844549213124e-09 -1.567092161533115e-09 -1.642274423243359e-09 -1.713389636197089e-09 -1.797659614170710e-09 -1.906941885175807e-09
-8.887259325203032e-05 -7.251224944181221e-04 -2.446742615333934e-04 3.526232737165726e-08 2.611070820089240e-08 1.760458568125221e-08 9.866923074810066e-09 3.038345394579318e-09 -2.777793188279394e-09 -7.546553836653435e-09 -1.130336666451177e-08 -1.413617142909294e-08 -1.616149711831702e-08 -1.750428978772458e-08 -1.828502322894070e-08 -1.861330255833510e-08 -1.858565351789679e-08 -1.828544156253230e-08 -1.778365657318342e-08 -1.713995914503006e-08 -1.640377227498729e-08 -1.561536412078939e-08 -1.480691439785228e-08 -1.400355822802928e-08 -1.322438940676079e-08 -1.248340410626543e-08 -1.179036178083456e-08 -1.115155139540200e-08 -1.057045487056648e-08 -1.004830881267349e-08 -9.584570220851782e-09 -9.177296401320197e-09 -8.823451043120666e-09 1.219124593783611e-06 1.089972238113559e-06 1.060361526372509e-06 1.022898831432924e-06 9.793996432632019e-07 9.315589260069948e-07 8.810327447819943e-07 8.290887811406087e-07 7.770468910396016e-07 7.255957364825376e-07 6.756064630187955e-07 6.274384139863916e-07 5.814053807611551e-07 5.379890645117139e-07 4.970852482579968e-07 4.588721989169031e-07 4.233560119191741e-07 3.904712231530743e-07 3.601691065316987e-07 3.322639173651869e-07 3.068267543893786e-07 2.834928059952985e-07 2.622976176270751e-07 2.430336295983533e-07 2.255692089172930e-07 2.097431029820439e-07 1.954524485191164e-07 1.825462367199137e-07 1.708790748596047e-07 1.604640862516958e-07 9.602942524304569e-08 1.025557091859528e-07 1.086259573468460e-07 1.145671159028919e-07 1.206551165415293e-07 1.270247952042550e-07 1.336443314976976e-07 1.403505928529038e-07 1.469125096349586e-07 1.530908126659480e-07 1.586777422668994e-07 1.635155255698603e-07 1.674996380483008e-07 1.705738858988772e-07 1.727223037699700e-07 1.739605058659695e-07 1.743278378730367e-07 1.738806701128653e-07 1.726868813561665e-07 1.708214143012289e-07 1.683627060391928e-07 1.653899071622147e-07 1.619806677377049e-07 1.582095165420738e-07 1.541466636808917e-07 1.498572153345571e-07 1.454007134384729e-07 1.408309539578431e-07 1.361960104277686e-07 1.315384094572661e-07
-9.170265450662167e-05 -7.473535575400487e-04 -2.525063631184026e-04 4.124506430646797e-08 3.200484353059223e-08 2.333284350811091e-08 1.527505304592627e-08 7.947621340507157e-09 1.483474363225922e-09 -4.019625685506224e-09 -8.528603160416667e-09 -1.207699611766473e-08 -1.474810890055942e-08 -1.665238633842857e-08 -1.790830540115874e-08 -1.863015031885846e-08 -1.892193322257759e-08 -1.887528434147993e-08 -1.856936314268442e-08 -1.807159205399921e-08 -1.743864144634430e-08 -1.671745985951315e-08 -1.594629862806075e-08 -1.515572220563923e-08 -1.436960039980886e-08 -1.360606282993245e-08 -1.287839704546198e-08 -1.219586937769418e-08 -1.156445455745003e-08 -1.098746715032441e-08 -1.046609552927761e-08 -9.999843836883525e-09 -9.586891298156787e-09 1.089972238113558e-06 1.183106716988571e-06 1.061137001919904e-06 1.032910973804103e-06 9.971716363680981e-07 9.556019441183706e-07 9.097481677959833e-07 8.613564586620979e-07 8.115465824589770e-07 7.615680729339674e-07 7.121365668717846e-07 6.638832398445188e-07 6.175043107940559e-07 5.731197707680766e-07 5.310940396536067e-07 4.915080642962977e-07 4.544870156337059e-07 4.200156076408842e-07 3.879703367026612e-07 3.585341278461791e-07 3.313168427721583e-07 3.063835693310893e-07 2.835889600021077e-07 2.627823319229894e-07 2.438184008841153e-07 2.265944603311629e-07 2.109359646240788e-07 1.967461596772964e-07 1.839919366898876e-07 1.722615738401633e-07 8.680184623220622e-08 9.392979487117580e-08 1.004090175254562e-07 1.064474782681635e-07 1.123530664543337e-07 1.183880298156170e-07 1.246824634105437e-07 1.312086727391593e-07 1.378135982036396e-07 1.442783734052407e-07 1.503749968588781e-07 1.559043519663841e-07 1.607141511953064e-07 1.647024822969337e-07 1.678134289523744e-07 1.700295795541472e-07 1.713639531780896e-07 1.718525875342962e-07 1.715481738908241e-07 1.705147749406907e-07 1.688235825916567e-07 1.665494422017948e-07 1.637681482581626e-07 1.605543024394955e-07 1.569796924414895e-07 1.531121146479595e-07 1.490145863085810e-07 1.447448713608618e-07 1.403552773943574e-07 1.358926766836222e-07
-9.438702366743347e-05 -7.683168960459656e-04 -2.599411312047910e-04 4.713117504972948e-08 3.776358913406266e-08 2.898363657516597e-08 2.074551858438820e-08 1.309313446787697e-08 6.136685772796350e-09 2.227884838421320e-12 -5.217501333083772e-09 -9.491090514572705e-09 -1.285033746613477e-08 -1.537431679032139e-08 -1.716793583294305e-08 -1.834379702251432e-08 -1.901057774785267e-08 -1.926723787644918e-08 -1.920099644331033e-08 -1.888723180565178e-08 -1.839016690532387e-08 -1.776379748201657e-08 -1.705286561130809e-08 -1.629383214618659e-08 -1.551583715348539e-08 -1.474164413691977e-08 -1.398855036116318e-08 -1.326924284807263e-08 -1.259258075627419e-08 -1.196429043198544e-08 -1.138756644687312e-08 -1.086357885626633e-08 -1.039189405671075e-08 1.060361526372509e-06 1.061137001919904e-06 1.149065017326903e-06 1.033886190865501e-06 1.007013289439394e-06 9.728313752690067e-07 9.331062713286128e-07 8.892185435440272e-07 8.428204661981187e-07 7.950363395679323e-07 7.468588369900559e-07 6.993222782635040e-07 6.528513744134465e-07 6.080177305773321e-07 5.651165590044747e-07 5.244527796738599e-07 4.860847097804535e-07 4.500728468767558e-07 4.166316649655330e-07 3.854337211341506e-07 3.566522075430215e-07 3.301165973870532e-07 3.057072354971797e-07 2.833383801665644e-07 2.628895350635387e-07 2.442020940731156e-07 2.271798464613082e-07 2.117660617241247e-07 1.975990567452206e-07 1.849159483287952e-07 7.675622528453933e-08 8.445415980742900e-08 9.149777336706371e-08 9.792832860938678e-08 1.039383830930319e-07 1.098176168043315e-07 1.158147495521627e-07 1.220545025004642e-07 1.285120338211602e-07 1.350427447788369e-07 1.414383750606310e-07 1.474808028951046e-07 1.529785060270568e-07 1.577839888105387e-07 1.617975171980198e-07 1.649632608897019e-07 1.672623506994934e-07 1.687053089120420e-07 1.693250285998940e-07 1.691707441119141e-07 1.683029479266980e-07 1.667893048501153e-07 1.647013092834218e-07 1.621116273905243e-07 1.590920112347777e-07 1.557117036753936e-07 1.520362690881774e-07 1.481268006664227e-07 1.440394551504012e-07 1.398251964732518e-07
-9.691825855231986e-05 -7.879539451589139e-04 -2.669579807477601e-04 5.303023381257718e-08 4.343450793631648e-08 3.451244168744079e-08 2.615109833598592e-08 1.830790296155817e-08 1.102500401760078e-08 4.407216930526303e-09 -1.425708350183377e-09 -6.385689926350908e-09 -1.044290847208025e-08 -1.362763441545509e-08 -1.601512796297411e-08 -1.770527800686767e-08 -1.880535661723041e-08 -1.941895269439866e-08 -1.964044240386450e-08 -1.955304547524700e-08 -1.922871572926303e-08 -1.872878205060706e-08 -1.810482589295669e-08 -1.739960446897651e-08 -1.664797470650911e-08 -1.587780853244009e-08 -1.511089266144220e-08 -1.436379657965616e-08 -1.364868874456627e-08 -1.297408244129562e-08 -1.234549767013088e-08 -1.176603475876754e-08 -1.123685694288891e-08 1.022898831432924e-06 1.032910973804103e-06 1.033886190865501e-06 1.117092664858084e-06 1.008099903722714e-06 9.825229743749819e-07 9.498964445687163e-07 9.118863082491629e-07 8.698608541131980e-07 8.251944406488604e-07 7.793078522362462e-07 7.329709206440630e-07 6.870788981343548e-07 6.422176808872502e-07 5.988917351177317e-07 5.573655935639009e-07 5.178735543137592e-07 4.807003375332486e-07 4.456972128231210e-07 4.130692993590525e-07 3.827052787760487e-07 3.545915429361718e-07 3.286189030900141e-07 3.046970715146524e-07 2.827251974389912e-07 2.625906807940097e-07 2.442511897256142e-07 2.273489904458836e-07 2.120959049128132e-07 1.981196963914262e-07 6.626231568214413e-08 7.427580446498121e-08 8.184664925045363e-08 8.880950108785504e-08 9.519720222882571e-08 1.011876269790376e-07 1.070529504081367e-07 1.130285592209085e-07 1.192333325668996e-07 1.256442837626860e-07 1.321239832263136e-07 1.384735016178661e-07 1.444835457087031e-07 1.499693971958644e-07 1.547878698394573e-07 1.588411868813626e-07 1.620735662058329e-07 1.644647652437699e-07 1.660229926561086e-07 1.667782303253458e-07 1.667764835715062e-07 1.660749286890118e-07 1.647379489730934e-07 1.628339061090300e-07 1.604325530895547e-07 1.576029913514366e-07 1.544120987194730e-07 1.509233902875830e-07 1.471961890328867e-07 1.432851812551009e-07
-9.928994714356611e-05 -8.062151636459714e-04 -2.735391338020537e-04 5.904797867773029e-08 4.912005406581550e-08 3.996286814655248e-08 3.144835805790178e-08 2.347058801977245e-08 1.599000620889427e-08 9.047141919951330e-09 2.741792120382348e-09 -2.812193732232334e-09 -7.531132414024583e-09 -1.138678082204673e-08 -1.440810059714493e-08 -1.666692144008495e-08 -1.825857662982950e-08 -1.928548191215153e-08 -1.984658283809379e-08 -2.003207042597551e-08 -1.992151263862559e-08 -1.958373840165795e-08 -1.907744003114698e-08 -1.845200382581942e-08 -1.774838778658148e-08 -1.700000074813843e-08 -1.623357438461276e-08 -1.547002101013559e-08 -1.472526136728845e-08 -1.401100270590962e-08 -1.333545139086381e-08 -1.270394399093566e-08 -1.211949539874510e-08 9.793996432632019e-07 9.971716363680983e-07 1.007013289439394e-06 1.008099903722714e-06 1.086991682405691e-06 9.837928508070739e-07 9.594088856893349e-07 9.282523927617464e-07 8.917066901362810e-07 8.514201882194974e-07 8.085243992467307e-07 7.642823545792616e-07 7.196081340504766e-07 6.753157136354568e-07 6.319481842167350e-07 5.899322590271081e-07 5.497494890757932e-07 5.114200779229833e-07 4.752180691574709e-07 4.412025149429894e-07 4.093932447145339e-07 3.797384027031495e-07 3.522498633827898e-07 3.268055251301811e-07 3.033224152666494e-07 2.818129144659951e-07 2.619069185411473e-07 2.438277697265187e-07 2.272074122079026e-07 2.119791949673844e-07 5.578340079326682e-08 6.375054929393051e-08 7.160162255169939e-08 7.905444442538815e-08 8.594566697685515e-08 9.230008505901451e-08 9.828156725768277e-08 1.041455070178592e-07 1.101142865430419e-07 1.163006963827604e-07 1.226828871230717e-07 1.291296467244825e-07 1.354503886091461e-07 1.414438429718129e-07 1.469315483120723e-07 1.517743202582479e-07 1.558762267784500e-07 1.591815869838983e-07 1.616689407770613e-07 1.633443715276543e-07 1.642351896932736e-07 1.643844189653928e-07 1.638461491012029e-07 1.626817133201879e-07 1.609565578684125e-07 1.587377207766813e-07 1.560918526498539e-07 1.530836353712601e-07 1.497746844111079e-07 1.462227168613589e-07
-1.014967168667338e-04 -8.230600908165087e-04 -2.796696458993716e-04 6.523697806829909e-08 5.491993931857824e-08 4.543110357492594e-08 3.667749972969672e-08 2.853893084920307e-08 2.091587636772447e-08 1.377149587835314e-08 7.144719274373636e-09 1.130585442037433e-09 -4.162638296015230e-09 -8.655460291194421e-09 -1.232120781052040e-08 -1.518772557733300e-08 -1.732374311932150e-08 -1.882043473305342e-08 -1.977576532248925e-08 -2.028441680614173e-08 -2.043273477016759e-08 -2.029693299239263e-08 -1.994297204755302e-08 -1.942712750867668e-08 -1.879677735509913e-08 -1.809123623572427e-08 -1.734259230277095e-08 -1.657653815423717e-08 -1.581318844069237e-08 -1.506787090693417e-08 -1.435186896107962e-08 -1.367310326501707e-08 -1.303673697286395e-08 9.315589260069948e-07 9.556019441183706e-07 9.728313752690067e-07 9.825229743749819e-07 9.837928508070739e-07 1.058684870716640e-06 9.608469901740858e-07 9.374311049932739e-07 9.076391952585026e-07 8.726071222877928e-07 8.338118701502057e-07 7.925095265936016e-07 7.498639543432331e-07 7.067313989704863e-07 6.638349271180802e-07 6.219217727756626e-07 5.811984044020547e-07 5.421284528872090e-07 5.049324188267680e-07 4.696987576460569e-07 4.365393631927113e-07 4.054992070821995e-07 3.765122471121107e-07 3.495941782223145e-07 3.247369295321927e-07 3.016018790886449e-07 2.804629408663545e-07 2.609407782104473e-07 2.429830805577120e-07 2.266141286505564e-07 4.575686613293177e-08 5.331990233594323e-08 6.110405080892888e-08 6.880647810431319e-08 7.615390436969311e-08 8.298468675564333e-08 8.931596224797747e-08 9.529832838063573e-08 1.011712093290219e-07 1.071444609311301e-07 1.133247860299386e-07 1.196909994657478e-07 1.261174009727963e-07 1.324210249640656e-07 1.384080251180884e-07 1.439057850591193e-07 1.487789253830803e-07 1.529333301644656e-07 1.563134847037112e-07 1.588968762498196e-07 1.606876708390152e-07 1.617107220929460e-07 1.620063039872931e-07 1.616256469520546e-07 1.606272475392049e-07 1.590738537474200e-07 1.570299757356921e-07 1.545599802245710e-07 1.517265328602362e-07 1.485894725411857e-07
-1.035342360566995e-04 -8.384573344514477e-04 -2.853374111643244e-04 7.157702652673684e-08 6.088422053690030e-08 5.101144156099636e-08 4.192904054961411e-08 3.355007541608813e-08 2.576149770227698e-08 1.846958140109106e-08 1.163985038611838e-08 5.309609873507977e-09 -4.306465067272643e-10 -5.477952263379890e-09 -9.756813034510641e-09 -1.324210374063457e-08 -1.596070384992368e-08 -1.797851899351833e-08 -1.938290162600930e-08 -2.026771342484038e-08 -2.072370113952601e-08 -2.083365950758884e-08 -2.067070594265667e-08 -2.029815496184787e-08 -1.977005365924794e-08 -1.913192850944305e-08 -1.842157850334598e-08 -1.766987155195879e-08 -1.690153786746099e-08 -1.613595009136897e-08 -1.538787999634500e-08 -1.466821070545961e-08 -1.398458939287957e-08 8.810327447819943e-07 9.097481677959835e-07 9.331062713286130e-07 9.498964445687164e-07 9.594088856893349e-07 9.608469901740860e-07 1.031891958842276e-06 9.389988692289482e-07 9.166241663384561e-07 8.879664456755743e-07 8.542814425219323e-07 8.169339949386093e-07 7.771046716238600e-07 7.358498545809230e-07 6.942146981561287e-07 6.526901287976783e-07 6.119946847877268e-07 5.725269173826299e-07 5.345588409463503e-07 4.983577638222145e-07 4.640354747382861e-07 4.316838700272636e-07 4.013515037209646e-07 3.730840467870722e-07 3.466403686943509e-07 3.222735124347195e-07 2.996349586811514e-07 2.787240046310060e-07 2.595510364143725e-07 2.418585648668500e-07 3.651040504821425e-08 4.339806516722027e-08 5.077386442081039e-08 5.839204156520234e-08 6.596124508731100e-08 7.321631546296043e-08 7.999714130738780e-08 8.631367774402451e-08 9.230406670118560e-08 9.819270370531190e-08 1.041775230632263e-07 1.103593014746975e-07 1.167172712309785e-07 1.231307410025267e-07 1.294237997769040e-07 1.354095623370368e-07 1.409209542970234e-07 1.458262349849659e-07 1.500330972091097e-07 1.534862838461086e-07 1.561623725722757e-07 1.580638055737841e-07 1.592131914116553e-07 1.596482674215361e-07 1.594176307551705e-07 1.585771427154543e-07 1.571870370044849e-07 1.553094931164630e-07 1.530067343638751e-07 1.503395411856615e-07
-1.053992077675361e-04 -8.523844911881101e-04 -2.905331465890682e-04 7.798521748844173e-08 6.699432568984535e-08 5.675163824486465e-08 4.729227049204768e-08 3.858929981885936e-08 3.056119146974877e-08 2.310133735437536e-08 1.612120718646118e-08 9.588356878410163e-09 3.538440598302826e-09 -1.942391456064262e-09 -6.756199748247706e-09 -1.083128785778242e-08 -1.414403409557820e-08 -1.672046778483834e-08 -1.862390173582047e-08 -1.993815746374889e-08 -2.075329649490031e-08 -2.115641769871084e-08 -2.122702323600892e-08 -2.103535831958949e-08 -2.064228174539751e-08 -2.009977047081362e-08 -1.945162771882629e-08 -1.873423857381714e-08 -1.797732872614472e-08 -1.720472275742658e-08 -1.643509202929490e-08 -1.568267934041320e-08 -1.495798391822420e-08 8.290887811406088e-07 8.613564586620979e-07 8.892185435440272e-07 9.118863082491629e-07 9.282523927617464e-07 9.374311049932739e-07 9.389988692289482e-07 1.006611706276650e-06 9.181544290857463e-07 8.966774398274642e-07 8.691265982646224e-07 8.366782986752320e-07 8.005780557743530e-07 7.621780518550936e-07 7.222873742377567e-07 6.819092830363889e-07 6.417137062839790e-07 6.022180558188829e-07 5.638607936087124e-07 5.269303268311589e-07 4.916685994091912e-07 4.581893313603067e-07 4.266896848693425e-07 3.969629613433835e-07 3.693127404285685e-07 3.434847383596234e-07 3.194613247383136e-07 2.972798377424363e-07 2.767345201545795e-07 2.578034439847163e-07 2.823573914497213e-08 3.429290969284417e-08 4.100259559577677e-08 4.820980133460309e-08 5.567900147494004e-08 6.312937444808407e-08 7.030328761864733e-08 7.704212559663638e-08 8.334926417392538e-08 8.935127119209938e-08 9.525850870683391e-08 1.012577142329560e-07 1.074440253098414e-07 1.137969630355749e-07 1.202004768182663e-07 1.264852696781596e-07 1.324710102747716e-07 1.379959071664091e-07 1.429317360271221e-07 1.471879811218285e-07 1.507097268659622e-07 1.534727851373883e-07 1.554780503259978e-07 1.567460965593354e-07 1.573123250873753e-07 1.572228920621927e-07 1.565312342343312e-07 1.552952281136613e-07 1.535748711770476e-07 1.514303877123994e-07
-1.070893561451982e-04 -8.648280014406693e-04 -2.952503560561353e-04 8.434236465547224e-08 7.317219079176978e-08 6.263456839559542e-08 5.281273765038666e-08 4.374119263405086e-08 3.539533484064535e-08 2.769844115393970e-08 2.054968934438057e-08 1.386520315753546e-08 7.614281819324641e-09 1.830925930839493e-09 -3.402849638832689e-09 -7.993858640625176e-09 -1.187399797347771e-08 -1.502108872073916e-08 -1.746039920610111e-08 -1.925284705139329e-08 -2.047897683537715e-08 -2.122531702260398e-08 -2.157557077776435e-08 -2.160617198615191e-08 -2.138468586230654e-08 -2.096967536629347e-08 -2.041117799306467e-08 -1.975137796220212e-08 -1.902532681822048e-08 -1.826166978612162e-08 -1.748337131076704e-08 -1.670843392321294e-08 -1.595059498388923e-08 7.770468910396016e-07 8.115465824589770e-07 8.428204661981187e-07 8.698608541131980e-07 8.917066901362810e-07 9.076391952585026e-07 9.166241663384561e-07 9.181544290857464e-07 9.825020356633928e-07 8.982025900257670e-07 8.775347097945292e-07 8.509058487896354e-07 8.196600806112891e-07 7.847848697590343e-07 7.475752354459930e-07 7.090036711113297e-07 6.698603984901851e-07 6.308436716185195e-07 5.924773285369731e-07 5.551682106680965e-07 5.192001747059384e-07 4.849145066610366e-07 4.521696487502738e-07 4.214137205885613e-07 3.924264217640113e-07 3.652414464657815e-07 3.399844412267931e-07 3.164356359963423e-07 2.945998703555614e-07 2.744054500546966e-07 2.100597690172327e-08 2.618160134541897e-08 3.207878888739755e-08 3.862927010945256e-08 4.568511627800711e-08 5.302014566537300e-08 6.036332367093378e-08 6.746416177464611e-08 7.416562293989544e-08 8.046516085859051e-08 8.647871826973548e-08 9.240365062292064e-08 9.841624681460455e-08 1.046063571555821e-07 1.109537548229263e-07 1.173467140182401e-07 1.236221709832161e-07 1.296060069865835e-07 1.351414656782770e-07 1.401037257014714e-07 1.444040573652639e-07 1.479879600494816e-07 1.508306260568308e-07 1.529315670803205e-07 1.543095001769213e-07 1.549976999059862e-07 1.550400464235954e-07 1.544877138555694e-07 1.533963819955319e-07 1.518239745605215e-07
-1.086034056414564e-04 -8.757829414653374e-04 -2.994852748607034e-04 9.052071600355355e-08 7.930503100141171e-08 6.858654177046026e-08 5.847452818628738e-08 4.904913344930905e-08 4.034406140109825e-08 3.233666279349494e-08 2.495449065974002e-08 1.810193120412710e-08 1.169929531083156e-08 5.717390863113368e-09 1.885895142170664e-10 -4.809015002124009e-09 -9.186719196681439e-09 -1.287981057674454e-08 -1.586748459129293e-08 -1.817431879340071e-08 -1.985900703645838e-08 -2.099903952506671e-08 -2.167764492944786e-08 -2.197534947642492e-08 -2.196571067769266e-08 -2.171377631196689e-08 -2.127594753706597e-08 -2.070042998438309e-08 -2.002787529135006e-08 -1.929206912237382e-08 -1.852062839456173e-08 -1.773569824130811e-08 -1.695464302425361e-08 7.255957364825376e-07 7.615680729339674e-07 7.950363395679323e-07 8.251944406488604e-07 8.514201882194974e-07 8.726071222877928e-07 8.879664456755743e-07 8.966774398274642e-07 8.982025900257670e-07 9.594786688438644e-07 8.789262508815706e-07 8.590538279547873e-07 8.333393205877951e-07 8.030667284822154e-07 7.693760090761224e-07 7.333352200896543e-07 6.959311528697513e-07 6.579485013149958e-07 6.200432086542022e-07 5.827252327957226e-07 5.464941217609814e-07 5.113736464644291e-07 4.779497074377355e-07 4.460654291662755e-07 4.158957941140864e-07 3.875974892684690e-07 3.610020880048797e-07 3.362001990510021e-07 3.131063578602274e-07 2.916522667332477e-07 1.481129813549357e-08 1.912757167000131e-08 2.416536732690564e-08 2.992034893492649e-08 3.632794056210974e-08 4.324662538761918e-08 5.045891709028711e-08 5.770300405878363e-08 6.473528881848850e-08 7.140051041899721e-08 7.769089191937399e-08 8.371267889363580e-08 8.965122992507655e-08 9.567314135451334e-08 1.018633182223663e-07 1.082017782640141e-07 1.145808675907579e-07 1.208434001352101e-07 1.268211577203161e-07 1.323622023235734e-07 1.373450068662440e-07 1.416826352244113e-07 1.453210707757996e-07 1.482350029863839e-07 1.504227363495628e-07 1.519012815318637e-07 1.527019471915174e-07 1.528665053639240e-07 1.524439888547778e-07 1.514879972633499e-07
-1.099410534035871e-04 -8.852527556771010e-04 -3.032367956360268e-04 9.640391205277400e-08 8.527151732992750e-08 7.450058012008580e-08 6.420785861518070e-08 5.449818442333024e-08 4.544861218945209e-08 3.709190870358318e-08 2.940705260558114e-08 2.232541455026107e-08 1.575609503655209e-08 9.623197059608416e-09 3.898850651929926e-09 -1.386155985909706e-09 -6.157437458039032e-09 -1.033051221079768e-08 -1.384386164437982e-08 -1.667798384212184e-08 -1.885682038236768e-08 -2.043698760251922e-08 -2.149311366720674e-08 -2.210532833379754e-08 -2.235116859167817e-08 -2.230147974157195e-08 -2.201892970745834e-08 -2.155787225754125e-08 -2.096477439186997e-08 -2.027883046940919e-08 -1.953262186478545e-08 -1.875278628224848e-08 -1.796068813697361e-08 6.756064630187956e-07 7.121365668717846e-07 7.468588369900559e-07 7.793078522362462e-07 8.085243992467307e-07 8.338118701502057e-07 8.542814425219323e-07 8.691265982646224e-07 8.775347097945292e-07 8.789262508815706e-07 9.373745357504896e-07 8.603570995954592e-07 8.410704077461988e-07 8.162436156921379e-07 7.869313401302889e-07 7.542781468677385e-07 7.193330365491463e-07 6.830275032935580e-07 6.461211885183381e-07 6.093520976489973e-07 5.729623886538995e-07 5.376893439841575e-07 5.035354433092798e-07 4.708102622690337e-07 4.397301268294047e-07 4.102641818193542e-07 3.825339380794109e-07 3.565030927967581e-07 3.321868823271590e-07 3.094776767134595e-07 9.593327760201873e-09 1.311483029118648e-08 1.731626021837541e-08 2.223225552601857e-08 2.785962075839691e-08 3.413709341558487e-08 4.092909183913019e-08 4.802633391449630e-08 5.517583657036553e-08 6.214074256875759e-08 6.876778890818700e-08 7.504464758839714e-08 8.106876569873270e-08 8.701443321650295e-08 9.303926497874958e-08 9.922357015473233e-08 1.055476013118102e-07 1.119075501030218e-07 1.181517962123608e-07 1.241177329079151e-07 1.296580541858951e-07 1.346544281391022e-07 1.390217001968434e-07 1.427064232898013e-07 1.456828777239450e-07 1.479482896696485e-07 1.495181174754693e-07 1.504218242409966e-07 1.506991977470120e-07 1.503972436234244e-07
-1.111029352265169e-04 -8.932489327869200e-04 -3.065063767277499e-04 1.018972418015015e-07 9.096073795034247e-08 8.026118689243576e-08 6.991099433379818e-08 6.002204117257085e-08 5.069482069542221e-08 4.200332674475415e-08 3.397928512049829e-08 2.660304290624175e-08 1.980940318821773e-08 1.351176030764587e-08 7.637674634576662e-09 2.160447593875290e-09 -2.890659102322816e-09 -7.444761306231888e-09 -1.142135098292137e-08 -1.476191359854692e-08 -1.744817345538021e-08 -1.950347502085181e-08 -2.098247866774704e-08 -2.195711454572127e-08 -2.250458653722548e-08 -2.269960371220998e-08 -2.261044188085384e-08 -2.229751048049402e-08 -2.181321745721588e-08 -2.120237674685331e-08 -2.050279621123769e-08 -1.974591097552647e-08 -1.895742667782295e-08 6.274384139863916e-07 6.638832398445188e-07 6.993222782635040e-07 7.329709206440630e-07 7.642823545792616e-07 7.925095265936016e-07 8.169339949386093e-07 8.366782986752320e-07 8.509058487896354e-07 8.590538279547873e-07 8.603570995954592e-07 9.160030228843195e-07 8.423087163278592e-07 8.236131407766417e-07 7.995404437179256e-07 7.711237463161822e-07 7.394434289136808e-07 7.055108566951724e-07 6.703269653799159e-07 6.343739534636303e-07 5.986170724352788e-07 5.632687209346321e-07 5.287856876324447e-07 4.955362113553648e-07 4.636204287205272e-07 4.332181789547042e-07 4.044253195557703e-07 3.772879648679056e-07 3.517465779130162e-07 3.279602023870865e-07 5.270036413985207e-09 8.080963291406447e-09 1.150939320559428e-08 1.560983262363375e-08 2.041645211218549e-08 2.592699861859020e-08 3.208328120068696e-08 3.875534379838583e-08 4.574174334041436e-08 5.279800380285332e-08 5.969390807822769e-08 6.627842688685467e-08 7.253528697162257e-08 7.855396001738044e-08 8.449854079805392e-08 9.051830582053474e-08 9.668929461583640e-08 1.029920035023896e-07 1.093262635623349e-07 1.155457498313828e-07 1.214932039134642e-07 1.270257620502656e-07 1.320282176700333e-07 1.364171718701468e-07 1.401397921647301e-07 1.431700501147486e-07 1.455041838970185e-07 1.471562104951717e-07 1.481538606507437e-07 1.485350294268937e-07
-1.120905855020136e-04 -8.997906297510287e-04 -3.092979341931827e-04 1.069304397456395e-07 9.628202760398175e-08 8.576239161810599e-08 7.547372767142614e-08 6.552370954513779e-08 5.601949309375304e-08 4.705736359902246e-08 3.870831315565460e-08 3.100296534908187e-08 2.392283059214341e-08 1.740582045145485e-08 1.136926082218458e-08 5.743881038931993e-09 5.040303718054553e-10 -4.322492673038963e-09 -8.668104880736139e-09 -1.245603281596228e-08 -1.563058030192975e-08 -1.817461511591063e-08 -2.011090796309283e-08 -2.149226378974133e-08 -2.238805476167971e-08 -2.287271028504325e-08 -2.301825523787196e-08 -2.289052407014938e-08 -2.254777967447078e-08 -2.204057957219000e-08 -2.141216515231422e-08 -2.069902525053183e-08 -1.993150367061127e-08 5.814053807611550e-07 6.175043107940559e-07 6.528513744134465e-07 6.870788981343548e-07 7.196081340504766e-07 7.498639543432331e-07 7.771046716238600e-07 8.005780557743530e-07 8.196600806112891e-07 8.333393205877952e-07 8.410704077461988e-07 8.423087163278592e-07 8.953728476087462e-07 8.246998397289087e-07 8.065479445439640e-07 7.831772126189495e-07 7.555810262913185e-07 7.249006415566650e-07 6.918588591391462e-07 6.576716984036226e-07 6.227815726150011e-07 5.878652398293476e-07 5.534914160396452e-07 5.199029923837472e-07 4.874266105016162e-07 4.562840921663407e-07 4.265787134390691e-07 3.983788450681975e-07 3.718730524358929e-07 3.468861728325430e-07 1.750827849770636e-09 3.941015271416975e-09 6.678422672416796e-09 1.002528850426780e-08 1.403480542329214e-08 1.874064218783465e-08 2.414143458630339e-08 3.018192952623520e-08 3.673755722215553e-08 4.361442068376928e-08 5.057628820129531e-08 5.739946695447283e-08 6.393536296281174e-08 7.016431837056305e-08 7.616855955346513e-08 8.210278198819241e-08 8.810852732084993e-08 9.425786730566480e-08 1.005315697495004e-07 1.068329222928757e-07 1.130206313672940e-07 1.189425677798486e-07 1.244601209399180e-07 1.294611112130725e-07 1.338638846213596e-07 1.376162354096829e-07 1.406918871507115e-07 1.430861748829889e-07 1.448117536368307e-07 1.458947151506712e-07
-1.129063916426958e-04 -9.049042479037109e-04 -3.116177187192220e-04 1.114562648445528e-07 1.011677399148038e-07 9.091718415612630e-08 8.079457364111924e-08 7.089779413309778e-08 6.132994544388300e-08 5.219363145273150e-08 4.358108217430299e-08 3.556037381559282e-08 2.816100020943589e-08 2.136547060190615e-08 1.511452797419785e-08 9.329114447727237e-09 3.942877155158585e-09 -1.068887851235208e-09 -5.679774874349092e-09 -9.825305454100975e-09 -1.343220831254427e-08 -1.644742244948400e-08 -1.885487186634282e-08 -2.067676433027201e-08 -2.196413434274497e-08 -2.278392058987546e-08 -2.320791454507020e-08 -2.330558986691942e-08 -2.314045994665604e-08 -2.276874637319383e-08 -2.223924679320942e-08 -2.159370605847827e-08 -2.086735668240014e-08 5.379890645117138e-07 5.731197707680766e-07 6.080177305773321e-07 6.422176808872503e-07 6.753157136354568e-07 7.067313989704864e-07 7.358498545809230e-07 7.621780518550936e-07 7.847848697590343e-07 8.030667284822154e-07 8.162436156921379e-07 8.236131407766417e-07 8.246998397289087e-07 8.753321028452026e-07 8.074750620918779e-07 7.898081168389817e-07 7.671781113819411e-07 7.402884417753777e-07 7.104873050567399e-07 6.784465861815283e-07 6.450838341249347e-07 6.111872348351244e-07 5.772116702194841e-07 5.436769266916811e-07 5.109420252671219e-07 4.792522668178231e-07 4.487979578124595e-07 4.198225639288171e-07 3.922751839532173e-07 3.662392693859090e-07 -1.055305406736489e-09 6.020614957217715e-10 2.735661891495601e-09 5.408681684513643e-09 8.681712629913758e-09 1.260670527518003e-08 1.721688173936055e-08 2.251176282202737e-08 2.843895577373598e-08 3.487909441150207e-08 4.164553899229528e-08 4.851004666772874e-08 5.525534192577957e-08 6.173541420261593e-08 6.792771532764916e-08 7.390789612034665e-08 7.982197666221769e-08 8.580433399564074e-08 9.192335694667858e-08 9.816009830574541e-08 1.044211605393140e-07 1.105700269364251e-07 1.164594632715545e-07 1.219549513407323e-07 1.269472180891146e-07 1.313563120612059e-07 1.351306660432513e-07 1.382437880111370e-07 1.406901765197299e-07 1.424812096140185e-07
-1.135535434967937e-04 -9.086229659787912e-04 -3.134741788565901e-04 1.154473596354469e-07 1.055720026284308e-07 9.566026088586726e-08 8.578983619831176e-08 7.604690521753438e-08 6.652518971831640e-08 5.732339405418877e-08 4.853976040089003e-08 4.026263161229040e-08 3.255726971516072e-08 2.545203332328403e-08 1.893029708442302e-08 1.293539585091442e-08 7.391612597619419e-09 2.235295726701185e-09 -2.557391046112821e-09 -6.961356129938715e-09 -1.091503228423153e-08 -1.434842501493334e-08 -1.721092905853979e-08 -1.948743669218257e-08 -2.119959833858028e-08 -2.239675361296865e-08 -2.314352326852810e-08 -2.350918925125211e-08 -2.356079901542112e-08 -2.335965880000676e-08 -2.296004808748456e-08 -2.240908901200115e-08 -2.174710095806699e-08 4.970852482579968e-07 5.310940396536067e-07 5.651165590044747e-07 5.988917351177317e-07 6.319481842167350e-07 6.638349271180801e-07 6.942146981561287e-07 7.222873742377567e-07 7.475752354459930e-07 7.693760090761224e-07 7.869313401302889e-07 7.995404437179256e-07 8.065479445439640e-07 8.074750620918779e-07 8.557980410510396e-07 7.906558653430122e-07 7.733753041135741e-07 7.513766841440294e-07 7.253107640857236e-07 6.962207058149224e-07 6.651129717365033e-07 6.326735003281196e-07 5.996328668665119e-07 5.665535039496606e-07 5.338669633438225e-07 5.018961022089921e-07 4.710209170939809e-07 4.413089301764062e-07 4.128976237315081e-07 3.860148529046028e-07 -3.235688888303521e-09 -2.028921324336346e-09 -4.138919485527552e-10 1.669975818808367e-09 4.284153145797912e-09 7.487703353928643e-09 1.133144339303618e-08 1.584824386076933e-08 2.103854559836120e-08 2.685272885372645e-08 3.317645426036479e-08 3.983007799856624e-08 4.659307550121446e-08 5.325446531195158e-08 5.967094554582254e-08 6.581751191552038e-08 7.176385919097427e-08 7.764799699866421e-08 8.359764730506939e-08 8.967780557916109e-08 9.586981353691564e-08 1.020834289668309e-07 1.081866934241765e-07 1.140370235505901e-07 1.195038132372266e-07 1.244805851955260e-07 1.288890270245774e-07 1.326782084700722e-07 1.358214626051930e-07 1.383124908913080e-07
-1.140359783024099e-04 -9.109862350103978e-04 -3.148778120575841e-04 1.188927834379638e-07 1.094678174958169e-07 9.994694238310254e-08 9.039632533614091e-08 8.089037700107541e-08 7.151160320584371e-08 6.234972788713081e-08 5.349925190581277e-08 4.505425307282869e-08 3.709936072327399e-08 2.969713317795463e-08 2.287480352709383e-08 1.661650394081566e-08 1.086795631653702e-08 5.556546562329651e-09 6.211406931082815e-10 -3.961288359501901e-09 -8.166878280673243e-09 -1.193678343471001e-08 -1.520407052024593e-08 -1.792042002435372e-08 -2.007160853201477e-08 -2.167873503008904e-08 -2.278951653397803e-08 -2.346636503870957e-08 -2.377617465330798e-08 -2.378368442213275e-08 -2.354809971757590e-08 -2.312185074790679e-08 -2.255046211724815e-08 4.588721989169030e-07 4.915080642962977e-07 5.244527796738600e-07 5.573655935639009e-07 5.899322590271081e-07 6.219217727756626e-07 6.526901287976783e-07 6.819092830363889e-07 7.090036711113297e-07 7.333352200896543e-07 7.542781468677385e-07 7.711237463161822e-07 7.831772126189495e-07 7.898081168389817e-07 7.906558653430122e-07 8.367378397895244e-07 7.740734311530722e-07 7.573108049573776e-07 7.357861757837733e-07 7.104829331540690e-07 6.822062347059028e-07 6.518953628977990e-07 6.203338812819580e-07 5.881559622902876e-07 5.558802723034104e-07 5.240657448072610e-07 4.929082894357842e-07 4.626778087936871e-07 4.337154898628788e-07 4.059613508825001e-07 -4.872119024917303e-09 -4.041066326190058e-09 -2.864927919053163e-09 -1.287467775191729e-09 7.502509140117919e-10 3.308118217419252e-09 6.443819244181578e-09 1.020717414410932e-08 1.463077340666153e-08 1.971600353178029e-08 2.541594607389565e-08 3.162109572853056e-08 3.815854426419088e-08 4.481522729172272e-08 5.138632034707214e-08 5.773134051504383e-08 6.382321490767530e-08 6.972622696281303e-08 7.557100845703527e-08 8.147908455761054e-08 8.751229632437326e-08 9.365229685635759e-08 9.981182721031714e-08 1.058632560210235e-07 1.116684270458934e-07 1.171004558844663e-07 1.220555458667779e-07 1.264569749964704e-07 1.302544255602408e-07 1.334210867225707e-07
-1.143583217573047e-04 -9.120392403384440e-04 -3.158410050790165e-04 1.217948053199753e-07 1.128438278193092e-07 1.037504945884439e-07 9.457041983412703e-08 8.536695012480847e-08 7.621131612169861e-08 6.718249949642271e-08 5.836640184520817e-08 4.985351614570969e-08 4.173395396242465e-08 3.408880499947825e-08 2.697803981451838e-08 2.042779022458204e-08 1.442286244096612e-08 8.911193386396765e-09 3.823068461974977e-09 -9.002842483362386e-10 -5.281124068993084e-09 -9.296731100971549e-09 -1.289080137529978e-08 -1.599926067639304e-08 -1.857591885974644e-08 -2.060736169684708e-08 -2.211414465453160e-08 -2.314243210555801e-08 -2.375253064960569e-08 -2.400906031242989e-08 -2.397456205924506e-08 -2.370623896894759e-08 -2.325475656281626e-08 4.233560119191741e-07 4.544870156337059e-07 4.860847097804535e-07 5.178735543137592e-07 5.497494890757932e-07 5.811984044020545e-07 6.119946847877268e-07 6.417137062839790e-07 6.698603984901851e-07 6.959311528697513e-07 7.193330365491463e-07 7.394434289136806e-07 7.555810262913185e-07 7.671781113819411e-07 7.733753041135741e-07 7.740734311530722e-07 8.181997133273442e-07 7.577386408200047e-07 7.414466013976705e-07 7.205080725830339e-07 6.958381455842504e-07 6.683331523848775e-07 6.388269892859335e-07 6.080505004645157e-07 5.767569138610687e-07 5.453309473524165e-07 5.142154344092303e-07 4.838745384165309e-07 4.543769940220476e-07 4.260459192568728e-07 -6.040061067529924e-09 -5.517766513423567e-09 -4.707953372694083e-09 -3.559525757625098e-09 -2.017761345986577e-09 -2.520791328973923e-11 2.476600764223416e-09 5.544091898712751e-09 9.226207705783171e-09 1.355533422632828e-08 1.853380007477471e-08 2.411730705860540e-08 3.020100318147285e-08 3.661845743878197e-08 4.316382488476054e-08 4.963829690445271e-08 5.590427809510507e-08 6.193299453112963e-08 6.778380015622471e-08 7.358049815664159e-08 7.943885622319802e-08 8.541775759111622e-08 9.149916071334209e-08 9.759863547595992e-08 1.035926423608138e-07 1.093472338955531e-07 1.147390816059251e-07 1.196669396995401e-07 1.240556242466218e-07 1.278554335417265e-07
-1.145258258017620e-04 -9.118323361271050e-04 -3.163778653709626e-04 1.241661061138371e-07 1.157013118862990e-07 1.070591113534163e-07 9.828558890987590e-08 8.943396286392468e-08 8.056485362473387e-08 7.174643720103505e-08 6.305432535017862e-08 5.457077550565932e-08 4.638246681481340e-08 3.857574094249776e-08 3.122832295830009e-08 2.439771789289900e-08 1.810899514042779e-08 1.234757410664351e-08 7.063462660123463e-09 2.189671561948145e-09 -2.330342822069602e-09 -6.518104445131132e-09 -1.035195184686335e-08 -1.377795664646409e-08 -1.673471908887685e-08 -1.917803607967825e-08 -2.109523611643966e-08 -2.250634084272980e-08 -2.345602797695367e-08 -2.400259588017339e-08 -2.420849622195305e-08 -2.413417295328940e-08 -2.383491756893185e-08 3.904712231530743e-07 4.200156076408843e-07 4.500728468767558e-07 4.807003375332486e-07 5.114200779229833e-07 5.421284528872090e-07 5.725269173826299e-07 6.022180558188829e-07 6.308436716185195e-07 6.579485013149958e-07 6.830275032935580e-07 7.055108566951724e-07 7.249006415566650e-07 7.402884417753777e-07 7.513766841440294e-07 7.573108049573776e-07 7.577386408200047e-07 8.000039092882635e-07 7.417507137880497e-07 7.258128841630170e-07 7.054283298493181e-07 6.814057726358086e-07 6.545830915541264e-07 6.259043528350803e-07 5.959581443556511e-07 5.653744749561089e-07 5.347985265335089e-07 5.044664145319985e-07 4.748201889432928e-07 4.460759632900122e-07 -6.808408254939626e-09 -6.535873571076946e-09 -6.027480350788439e-09 -5.237584011275274e-09 -4.116423008531821e-09 -2.610636285354638e-09 -6.641337840109924e-10 1.780263148395451e-09 4.777844148997832e-09 8.376756366345445e-09 1.260923797096797e-08 1.747855670184205e-08 2.294294629024382e-08 2.890204419928379e-08 3.519564849431102e-08 4.162488066862868e-08 4.799682605110190e-08 5.417681328554591e-08 6.013466396021432e-08 6.592525583971473e-08 7.166604138578170e-08 7.746740800114116e-08 8.338546815577746e-08 8.940246090622174e-08 9.543663322800047e-08 1.013683320039134e-07 1.070675943213661e-07 1.124144870561201e-07 1.173102207197164e-07 1.216810853654628e-07
-1.145443037277805e-04 -9.104204579344077e-04 -3.165040451149997e-04 1.260273731633848e-07 1.180515493238360e-07 1.098730917725325e-07 1.015295709937435e-07 9.306505312773978e-08 8.453043910347534e-08 7.598372964060188e-08 6.749017828420286e-08 5.912218297520930e-08 5.095853501757167e-08 4.308229322228239e-08 3.557622544730037e-08 2.851486958987044e-08 2.195339367727795e-08 1.591585500132029e-08 1.038824385981445e-08 5.322516493872562e-09 6.542550314482335e-10 -3.670974807427731e-09 -7.673990928504113e-09 -1.133411427909220e-08 -1.459964033370235e-08 -1.741167570031298e-08 -1.972787475917797e-08 -2.153624829464695e-08 -2.285629451310352e-08 -2.373126603350513e-08 -2.421754199792793e-08 -2.437550327397583e-08 -2.426358954086696e-08 3.601691065316986e-07 3.879703367026612e-07 4.166316649655330e-07 4.456972128231210e-07 4.752180691574709e-07 5.049324188267680e-07 5.345588409463503e-07 5.638607936087124e-07 5.924773285369731e-07 6.200432086542023e-07 6.461211885183381e-07 6.703269653799160e-07 6.918588591391461e-07 7.104873050567399e-07 7.253107640857236e-07 7.357861757837733e-07 7.414466013976704e-07 7.417507137880497e-07 7.821699096091443e-07 7.259936632315510e-07 7.104362347334747e-07 6.905253508123123e-07 6.671787852101086e-07 6.410868807328080e-07 6.130627035873853e-07 5.839465941877523e-07 5.541552014079176e-07 5.243051085076495e-07 4.947734599145330e-07 4.658423895077861e-07 -7.239516478220089e-09 -7.165440318789620e-09 -6.901250679649459e-09 -6.406753287796223e-09 -5.637478545312868e-09 -4.544886118564479e-09 -3.076846160109596e-09 -1.178509423371279e-09 1.206113663775372e-09 4.131273295596483e-09 7.644399497361066e-09 1.177762339633598e-08 1.653515550966133e-08 2.187767492020541e-08 2.770913179469498e-08 3.387533724443634e-08 4.018412105974567e-08 4.644830560593614e-08 5.253618043463469e-08 5.841639993068372e-08 6.413974904300571e-08 6.981777201905475e-08 7.555580404007068e-08 8.140735183305055e-08 8.735492643235551e-08 9.331929157448439e-08 9.918448485186551e-08 1.048243465154970e-07 1.101221744897794e-07 1.149815443153989e-07
-1.144200632376044e-04 -9.078625189473542e-04 -3.162365596026485e-04 1.274052343447492e-07 1.199135478607221e-07 1.122023577762249e-07 1.043017183745904e-07 9.624751484918303e-08 8.808186038328857e-08 7.985342768062671e-08 7.161770992058962e-08 6.343717390312862e-08 5.538116231357386e-08 4.752517953315200e-08 3.994885846599812e-08 3.273158961777902e-08 2.594490167383703e-08 1.964175793951660e-08 1.384526050682083e-08 8.541938607818155e-09 3.685588838821910e-09 -7.857763387099960e-10 -4.924592730482051e-09 -8.751000605107695e-09 -1.224523522207504e-08 -1.535767722278541e-08 -1.803178468329262e-08 -2.022695055794889e-08 -2.193181213920792e-08 -2.316535272121998e-08 -2.396945646610114e-08 -2.439866500143809e-08 -2.451137769706296e-08 3.322639173651869e-07 3.585341278461791e-07 3.854337211341506e-07 4.130692993590525e-07 4.412025149429894e-07 4.696987576460569e-07 4.983577638222145e-07 5.269303268311589e-07 5.551682106680965e-07 5.827252327957228e-07 6.093520976489973e-07 6.343739534636303e-07 6.576716984036226e-07 6.784465861815284e-07 6.962207058149224e-07 7.104829331540690e-07 7.205080725830339e-07 7.258128841630170e-07 7.259936632315510e-07 7.647145816577822e-07 7.104440115284487e-07 6.953070676881789e-07 6.759267391425974e-07 6.530892347486114e-07 6.277311267278215e-07 6.004448323309160e-07 5.720345631430820e-07 5.430508717066202e-07 5.139445796009648e-07 4.850914368736554e-07 -7.389393815439376e-09 -7.469759507260155e-09 -7.399957097268438e-09 -7.145149290117203e-09 -6.666163123620171e-09 -5.919584662405301e-09 -4.857983056223571e-09 -3.430367645949059e-09 -1.583031030397127e-09 7.389200518474597e-10 3.588776353958016e-09 7.013330662853525e-09 1.104464207460221e-08 1.568784519292090e-08 2.090600225000932e-08 2.660719345073457e-08 3.264300345016735e-08 3.882773707798695e-08 4.497977067072613e-08 5.097034850032316e-08 5.676717149409941e-08 6.241725958507609e-08 6.802664622210836e-08 7.369593095926813e-08 7.947614857440337e-08 8.535007056286242e-08 9.124085704997046e-08 9.703604085372641e-08 1.026130942148463e-07 1.078584128192027e-07
-1.141598380784776e-04 -9.042207955199976e-04 -3.155936016557500e-04 1.283304868141938e-07 1.213120841842186e-07 1.140643014313522e-07 1.066106523513593e-07 9.897979680713799e-08 9.120598796627348e-08 8.332946021612723e-08 7.539675404208615e-08 6.746097309804441e-08 5.958193760950619e-08 5.182609719979252e-08 4.426585015869623e-08 3.697759700331189e-08 3.003754572820979e-08 2.351439041157715e-08 1.745901886012537e-08 1.189363588164275e-08 6.805281721108723e-09 2.149493020594440e-09 -2.133418624457630e-09 -6.093994912484198e-09 -9.751726131356376e-09 -1.308769920227326e-08 -1.605425223449228e-08 -1.859705110156978e-08 -2.067711568300551e-08 -2.228365738118845e-08 -2.343515150370043e-08 -2.417216511165765e-08 -2.454747847214412e-08 3.068267543893787e-07 3.313168427721583e-07 3.566522075430215e-07 3.827052787760487e-07 4.093932447145340e-07 4.365393631927113e-07 4.640354747382861e-07 4.916685994091912e-07 5.192001747059384e-07 5.464941217609815e-07 5.729623886538995e-07 5.986170724352788e-07 6.227815726150011e-07 6.450838341249347e-07 6.651129717365033e-07 6.822062347059028e-07 6.958381455842504e-07 7.054283298493183e-07 7.104362347334747e-07 7.104440115284487e-07 7.476195230825622e-07 6.952275050616938e-07 6.803551113473244e-07 6.615164422417234e-07 6.392765792859317e-07 6.145312974763939e-07 5.879994506337261e-07 5.603125896617374e-07 5.320135257745342e-07 5.036486345892878e-07 -7.308031774020125e-09 -7.505523526699448e-09 -7.587315849934487e-09 -7.523635775767008e-09 -7.280498134279262e-09 -6.819650703423986e-09 -6.098653939065710e-09 -5.071096676116505e-09 -3.687040492922561e-09 -1.893838713797501e-09 3.623999148205064e-10 3.134078939755013e-09 6.467407153930096e-09 1.039442420130030e-08 1.492115551529950e-08 2.001295346228562e-08 2.558186968617640e-08 3.148500708349380e-08 3.754289157475015e-08 4.357927732974733e-08 4.946832660642622e-08 5.517696691070373e-08 6.074876413378225e-08 6.628458642939856e-08 7.188058637436137e-08 7.758547969480937e-08 8.338227526628726e-08 8.919641667809004e-08 9.491877082121862e-08 1.004302678170246e-07
-1.137707188785010e-04 -8.995603076219175e-04 -3.145943537855906e-04 1.288365949234353e-07 1.222760165709628e-07 1.154819230275515e-07 1.084722224577833e-07 1.012692839045690e-07 9.390041595926365e-08 8.639830255634311e-08 7.880138214985518e-08 7.115416643942444e-08 6.350749425188496e-08 5.591868397243820e-08 4.845145585509784e-08 4.117528243566359e-08 3.416352071391143e-08 2.748938307377224e-08 2.121889559223565e-08 1.540099167469717e-08 1.005703215979158e-08 5.174542083794162e-09 7.107039786954977e-10 -3.391993824721698e-09 -7.182295650654934e-09 -1.067906795040314e-08 -1.386419086166310e-08 -1.669183983651727e-08 -1.910975426450061e-08 -2.108047602716123e-08 -2.259374052563724e-08 -2.366752166919194e-08 -2.434111783815626e-08 2.834928059952985e-07 3.063835693310893e-07 3.301165973870532e-07 3.545915429361718e-07 3.797384027031495e-07 4.054992070821995e-07 4.316838700272636e-07 4.581893313603069e-07 4.849145066610367e-07 5.113736464644291e-07 5.376893439841575e-07 5.632687209346321e-07 5.878652398293476e-07 6.111872348351244e-07 6.326735003281196e-07 6.518953628977990e-07 6.683331523848774e-07 6.814057726358086e-07 6.905253508123123e-07 6.953070676881789e-07 6.952275050616938e-07 7.308064523354007e-07 6.802265353848205e-07 6.657174516008772e-07 6.473072627801702e-07 6.256867419316428e-07 6.015747651104009e-07 5.756757146550963e-07 5.487096432280331e-07 5.211619011639323e-07 -7.039789581151571e-09 -7.323185184624662e-09 -7.520240273597868e-09 -7.605891650157912e-09 -7.551086392014096e-09 -7.322621404360440e-09 -6.883086027676759e-09 -6.190938011324648e-09 -5.200713041608531e-09 -3.863435545786504e-09 -2.127445736531117e-09 6.021290566654520e-11 2.751144918009349e-09 5.991009917623416e-09 9.811843488560496e-09 1.422054483631834e-08 1.918464081921559e-08 2.461997421459461e-08 3.038892711696366e-08 3.631798238980813e-08 4.223609012699534e-08 4.802030021612395e-08 5.363690572482228e-08 5.912629709823784e-08 6.458452314774785e-08 7.010354372806787e-08 7.572989674707451e-08 8.144682869674310e-08 8.718194804906038e-08 9.282930200747946e-08
-1.132600838007490e-04 -8.939481997229954e-04 -3.132587997671409e-04 1.289584372710957e-07 1.228368491189082e-07 1.164822221612438e-07 1.099077339796843e-07 1.031303602549288e-07 9.617136160405356e-08 8.905674943079845e-08 8.181771105117734e-08 7.449098108141641e-08 6.711915310453785e-08 5.975093005285286e-08 5.244127535095255e-08 4.525134108388055e-08 3.824784741800498e-08 3.150128752180575e-08 2.508205250780458e-08 1.905365427386971e-08 1.346318357545914e-08 8.331205554265187e-09 3.645705193196565e-09 -6.345759763037180e-10 -4.565086500433582e-09 -8.192862404985461e-09 -1.153616867449699e-08 -1.457762324398589e-08 -1.727312583187210e-08 -1.957236285652890e-08 -2.143930055749969e-08 -2.286415221171702e-08 -2.386439722783397e-08 2.622976176270751e-07 2.835889600021077e-07 3.057072354971797e-07 3.286189030900141e-07 3.522498633827898e-07 3.765122471121107e-07 4.013515037209647e-07 4.266896848693425e-07 4.521696487502738e-07 4.779497074377355e-07 5.035354433092798e-07 5.287856876324447e-07 5.534914160396452e-07 5.772116702194842e-07 5.996328668665119e-07 6.203338812819580e-07 6.388269892859336e-07 6.545830915541264e-07 6.671787852101086e-07 6.759267391425974e-07 6.803551113473244e-07 6.802265353848205e-07 7.144050798457985e-07 6.654523640176807e-07 6.513379936101936e-07 6.333839976525666e-07 6.122662645235975e-07 5.887878445028868e-07 5.635893053929025e-07 5.372973881644927e-07 -6.623907341744391e-09 -6.967351577799850e-09 -7.249191273676687e-09 -7.448628626476404e-09 -7.541190213175515e-09 -7.498474804377595e-09 -7.287994554426310e-09 -6.873117220533141e-09 -6.213117196910741e-09 -5.263410451749206e-09 -3.975921132465789e-09 -2.299885901500861e-09 -1.832343914909241e-10 2.424888312055215e-09 5.569640297114806e-09 9.283040033345744e-09 1.357281435097702e-08 1.840855888909378e-08 2.370971589171028e-08 2.934371010331139e-08 3.514274205062029e-08 4.094076036491198e-08 4.661766131512267e-08 5.213925326734220e-08 5.754299172048899e-08 6.292042364242834e-08 6.835957287769265e-08 7.390491753153891e-08 7.953993915916457e-08 8.519431601090132e-08
-1.126355296194697e-04 -8.874531275085202e-04 -3.116075372691170e-04 1.287312904519916e-07 1.230275302649777e-07 1.170948229950218e-07 1.109424122792960e-07 1.045827215237079e-07 9.803182577608846e-08 9.130992521213197e-08 8.444179937529134e-08 7.745722097226683e-08 7.039131939819375e-08 6.328488533992554e-08 5.618461473367337e-08 4.914325833600146e-08 4.221955402373699e-08 3.547763130396916e-08 2.898528533441411e-08 2.281024692805849e-08 1.701365515183202e-08 1.164086119428560e-08 6.711679839505094e-09 2.214533173157158e-09 -1.890357879912065e-09 -5.656481991349289e-09 -9.129248211913593e-09 -1.232633915655300e-08 -1.523105715290739e-08 -1.780092070754970e-08 -1.998744582121790e-08 -2.175593273660509e-08 -2.309703138507463e-08 2.430336295983533e-07 2.627823319229894e-07 2.833383801665644e-07 3.046970715146524e-07 3.268055251301811e-07 3.495941782223145e-07 3.730840467870722e-07 3.969629613433835e-07 4.214137205885613e-07 4.460654291662755e-07 4.708102622690337e-07 4.955362113553648e-07 5.199029923837472e-07 5.436769266916811e-07 5.665535039496606e-07 5.881559622902876e-07 6.080505004645157e-07 6.259043528350803e-07 6.410868807328080e-07 6.530892347486114e-07 6.615164422417234e-07 6.657174516008772e-07 6.654523640176807e-07 6.983526349711075e-07 6.509883076600781e-07 6.371613915447967e-07 6.196707609492879e-07 5.991281309359715e-07 5.762394468083771e-07 5.516608846832931e-07 -6.094995800437077e-09 -6.477283144126201e-09 -6.818611191789360e-09 -7.101947849937588e-09 -7.306967993962168e-09 -7.409731521263566e-09 -7.382435592167963e-09 -7.193236101542817e-09 -6.806221295970932e-09 -6.181426917801306e-09 -5.275064912590475e-09 -4.039913916988429e-09 -2.426055028356865e-09 -3.822426540500574e-10 2.141648021842527e-09 5.190288892077478e-09 8.795672918316397e-09 1.296629016651988e-08 1.767369578495522e-08 2.284076337930163e-08 2.833971557573927e-08 3.400823713273120e-08 3.968511202990598e-08 4.525302343688358e-08 5.067742607404996e-08 5.599308037517979e-08 6.128731059645960e-08 6.664443949888841e-08 7.210701069821078e-08 7.765873172924048e-08
-1.119048038035395e-04 -8.801446556388958e-04 -3.096615931304434e-04 1.281900288772006e-07 1.228814735483847e-07 1.173508210859473e-07 1.116040867639803e-07 1.056499086181023e-07 9.949998551902031e-08 9.316953645813723e-08 8.667776020274313e-08 8.004827808648678e-08 7.330953671045218e-08 6.649516088819712e-08 5.964425120104106e-08 5.280162046972467e-08 4.601793954179367e-08 3.934967394165927e-08 3.285851167577860e-08 2.660970226606209e-08 2.066846488169187e-08 1.509369741960005e-08 9.929107434915961e-09 5.193802671768646e-09 8.766236291318835e-10 -3.060801601337851e-09 -6.670095812851278e-09 -9.995114607055983e-09 -1.305297552125977e-08 -1.582761565066687e-08 -1.827807441497731e-08 -2.035758949557795e-08 -2.203271311836280e-08 2.255692089172930e-07 2.438184008841153e-07 2.628895350635389e-07 2.827251974389912e-07 3.033224152666494e-07 3.247369295321927e-07 3.466403686943510e-07 3.693127404285685e-07 3.924264217640114e-07 4.158957941140864e-07 4.397301268294046e-07 4.636204287205272e-07 4.874266105016162e-07 5.109420252671219e-07 5.338669633438225e-07 5.558802723034104e-07 5.767569138610687e-07 5.959581443556511e-07 6.130627035873853e-07 6.277311267278215e-07 6.392765792859317e-07 6.473072627801702e-07 6.513379936101936e-07 6.509883076600781e-07 6.825876606104651e-07 6.367572017038945e-07 6.232987158575947e-07 6.062342291137468e-07 5.861907671682578e-07 5.638842046149307e-07 -5.483561497001444e-09 -5.887420586429459e-09 -6.267425394659660e-09 -6.609788256617706e-09 -6.897849507716688e-09 -7.111713181183724e-09 -7.227910136374101e-09 -7.219186779134226e-09 -7.054295724426487e-09 -6.697968886556255e-09 -6.110965041375989e-09 -5.250245448728202e-09 -4.069384242108630e-09 -2.519284359545879e-09 -5.494960980878865e-10 1.889398280608950e-09 4.841578579850403e-09 8.338995299277370e-09 1.239085448142699e-08 1.697054743536751e-08 2.200421533732403e-08 2.736867454356914e-08 3.290685751775520e-08 3.846222318764570e-08 4.392019992905788e-08 4.924599076139389e-08 5.447187666021911e-08 5.968123191102182e-08 6.495488924232882e-08 7.033356130283828e-08
-1.110757381685684e-04 -8.720926715427319e-04 -3.074422428096795e-04 1.273685197424360e-07 1.224317844262244e-07 1.172818405796997e-07 1.119220840309755e-07 1.063580478039016e-07 1.005977940586431e-07 9.465233897448261e-08 8.853609970983396e-08 8.226734063915438e-08 7.586860217783040e-08 6.936709263384790e-08 6.279502972281406e-08 5.618992913451936e-08 4.959483436791517e-08 4.305845853157477e-08 3.663512482616412e-08 3.038421735774586e-08 2.436858183242032e-08 1.865106396797224e-08 1.328844397771051e-08 8.322877524896583e-09 3.772807504451851e-09 -3.725223017617979e-10 -4.150141433255602e-09 -7.609893559861942e-09 -1.079414919240657e-08 -1.371947710353365e-08 -1.637040427964393e-08 -1.870740181988693e-08 -2.068533060109106e-08 2.097431029820439e-07 2.265944603311629e-07 2.442020940731156e-07 2.625906807940097e-07 2.818129144659951e-07 3.016018790886449e-07 3.222735124347195e-07 3.434847383596234e-07 3.652414464657815e-07 3.875974892684690e-07 4.102641818193542e-07 4.332181789547042e-07 4.562840921663407e-07 4.792522668178231e-07 5.018961022089921e-07 5.240657448072610e-07 5.453309473524167e-07 5.653744749561089e-07 5.839465941877523e-07 6.004448323309160e-07 6.145312974763939e-07 6.256867419316428e-07 6.333839976525666e-07 6.371613915447967e-07 6.367572017038945e-07 6.672155751748837e-07 6.228244403330025e-07 6.096667770074800e-07 5.930270814096707e-07 5.735265450446617e-07 -4.816478573699833e-09 -5.227910956536678e-09 -5.629580648479345e-09 -6.010443316238493e-09 -6.357001628185270e-09 -6.652914780441420e-09 -6.878675455392222e-09 -7.011246734124976e-09 -7.023855064782652e-09 -6.885818878460994e-09 -6.562473832543552e-09 -6.015248557708185e-09 -5.201835570544878e-09 -4.076577298729821e-09 -2.591171851590517e-09 -6.959579242809331e-10 1.657788399367123e-09 4.513763300627556e-09 7.903838978404553e-09 1.183788833687250e-08 1.629105055416184e-08 2.119256575109002e-08 2.642364823855819e-08 3.183227320703651e-08 3.726640471508674e-08 4.261416745745885e-08 4.784061709164549e-08 5.297574486491225e-08 5.809921371156290e-08 6.328856302519889e-08
-1.101561846305256e-04 -8.633668199640581e-04 -3.049708354570261e-04 1.262991869180730e-07 1.217106730710814e-07 1.169192874757883e-07 1.119263205137010e-07 1.067347888449623e-07 1.013497732699455e-07 9.577880030511934e-08 9.003225430101818e-08 8.412380963185400e-08 7.807086392739199e-08 7.189495228567006e-08 6.562212653721648e-08 5.928328639165201e-08 5.291445907581585e-08 4.655702259472356e-08 4.025784473861800e-08 3.406922735617586e-08 2.804837849539979e-08 2.225587291144023e-08 1.675231385876984e-08 1.159248061110110e-08 6.817064610322008e-09 2.443885734871926e-09 -1.537422068272446e-09 -5.162605963819716e-09 -8.479811323401335e-09 -1.152998850191747e-08 -1.432917461638193e-08 -1.686244670497772e-08 -1.909162672207221e-08 1.954524485191164e-07 2.109359646240788e-07 2.271798464613082e-07 2.442511897256142e-07 2.619069185411473e-07 2.804629408663545e-07 2.996349586811514e-07 3.194613247383136e-07 3.399844412267931e-07 3.610020880048797e-07 3.825339380794108e-07 4.044253195557704e-07 4.265787134390692e-07 4.487979578124595e-07 4.710209170939809e-07 4.929082894357842e-07 5.142154344092303e-07 5.347985265335089e-07 5.541552014079176e-07 5.720345631430820e-07 5.879994506337261e-07 6.015747651104009e-07 6.122662645235975e-07 6.196707609492879e-07 6.232987158575947e-07 6.228244403330025e-07 6.521480569658606e-07 6.091415732043843e-07 5.963363039833759e-07 5.801152750528307e-07 -4.117405856428676e-09 -4.525092096114559e-09 -4.934584914105550e-09 -5.337113810000561e-09 -5.721838382333973e-09 -6.075519009183035e-09 -6.382102871865118e-09 -6.622409508000889e-09 -6.773810743607940e-09 -6.809980082156117e-09 -6.700754923046289e-09 -6.412062559300127e-09 -5.905979297549648e-09 -5.140905826648767e-09 -4.071946400865573e-09 -2.651577005400287e-09 -8.309030131577999e-10 1.438098745704468e-09 4.198644683236230e-09 7.482523433535130e-09 1.130021488425704e-08 1.562852074825623e-08 2.039964120485385e-08 2.549898821152187e-08 3.077938002296285e-08 3.609313654378908e-08 4.133101988838599e-08 4.645801692157363e-08 5.150200297666834e-08 5.653915443476746e-08
-1.091539535608009e-04 -8.540359626769663e-04 -3.022686259695528e-04 1.250127169870959e-07 1.207490289461087e-07 1.162937804750293e-07 1.116465822115511e-07 1.068084307395970e-07 1.017819945205479e-07 9.657194179203725e-08 9.118530924616304e-08 8.563190181120490e-08 7.992470950656513e-08 7.408032607231511e-08 6.811934983498685e-08 6.206675064450915e-08 5.595219090600276e-08 4.981029773496734e-08 4.368088014173267e-08 3.760906493156459e-08 3.164524600011729e-08 2.584457663623931e-08 2.026548606159313e-08 1.496645923440027e-08 1.000038574204444e-08 5.406575500485621e-09 1.202264866764738e-09 -2.622534041550187e-09 -6.102342940909754e-09 -9.283686009453473e-09 -1.220615594142324e-08 -1.488527653408438e-08 -1.730664071902869e-08 1.825462367199137e-07 1.967461596772963e-07 2.117660617241246e-07 2.273489904458836e-07 2.438277697265187e-07 2.609407782104473e-07 2.787240046310060e-07 2.972798377424363e-07 3.164356359963423e-07 3.362001990510021e-07 3.565030927967581e-07 3.772879648679056e-07 3.983788450681975e-07 4.198225639288171e-07 4.413089301764062e-07 4.626778087936871e-07 4.838745384165309e-07 5.044664145319983e-07 5.243051085076495e-07 5.430508717066202e-07 5.603125896617374e-07 5.756757146550963e-07 5.887878445028868e-07 5.991281309359715e-07 6.062342291137468e-07 6.096667770074801e-07 6.091415732043843e-07 6.374510727884347e-07 5.957734357496544e-07 5.832315981602426e-07 -3.407118565670191e-09 -3.801926587396037e-09 -4.208007301657988e-09 -4.618439276685694e-09 -5.024619680473925e-09 -5.415887873082602e-09 -5.779206731404962e-09 -6.098794934953179e-09 -6.355772641512595e-09 -6.527879914275343e-09 -6.589231407679300e-09 -6.510166913841520e-09 -6.257187269180765e-09 -5.793014263163322e-09 -5.076742321590943e-09 -4.064216174532087e-09 -2.708692394168012e-09 -9.620262582210984e-10 1.223127124459961e-09 3.889494744623216e-09 7.068774990673290e-09 1.077201902897742e-08 1.497759601632955e-08 1.962053071562484e-08 2.459025730518640e-08 2.974423882756377e-08 3.493899268817037e-08 4.006785838260260e-08 4.509582665545438e-08 5.004881230766146e-08
-1.080767552056484e-04 -8.441676674378933e-04 -2.993566152903962e-04 1.235378801615390e-07 1.195761319704740e-07 1.154347372221646e-07 1.111119723164398e-07 1.066072268406342e-07 1.019212360619144e-07 9.705635718974682e-08 9.201688763075381e-08 8.680942014077711e-08 8.144322866845057e-08 7.593067123156071e-08 7.028759434562663e-08 6.453372097551516e-08 5.869300678241715e-08 5.279395171558825e-08 4.686986459678366e-08 4.095907596707609e-08 3.510507098550467e-08 2.935644282129361e-08 2.376640509229176e-08 1.839136077555416e-08 1.328779320831193e-08 8.506806503652604e-09 4.086406463244671e-09 4.328192696395952e-11 -3.632189516600728e-09 -6.973358968031618e-09 -1.002520361611303e-08 -1.282601982056886e-08 -1.539083873736994e-08 1.708790748596047e-07 1.839919366898876e-07 1.975990567452206e-07 2.120959049128132e-07 2.272074122079026e-07 2.429830805577120e-07 2.595510364143725e-07 2.767345201545795e-07 2.945998703555614e-07 3.131063578602274e-07 3.321868823271590e-07 3.517465779130162e-07 3.718730524358929e-07 3.922751839532173e-07 4.128976237315081e-07 4.337154898628788e-07 4.543769940220476e-07 4.748201889432928e-07 4.947734599145328e-07 5.139445796009648e-07 5.320135257745342e-07 5.487096432280332e-07 5.635893053929024e-07 5.762394468083771e-07 5.861907671682578e-07 5.930270814096707e-07 5.963363039833759e-07 5.957734357496544e-07 6.230445789805296e-07 5.826495162392773e-07 -2.703763686766420e-09 -3.078354099155899e-09 -3.471906333750003e-09 -3.879045228625629e-09 -4.292962595300344e-09 -4.705173081629181e-09 -5.105185153432528e-09 -5.480143898703390e-09 -5.814504857347309e-09 -6.089688942327564e-09 -6.283793531949877e-09 -6.371361605070347e-09 -6.323238055549890e-09 -6.106487102213443e-09 -5.684458174913823e-09 -5.016944534895024e-09 -4.060514603622106e-09 -2.769178646802387e-09 -1.095539075510019e-09 1.007090447435433e-09 3.580959457501316e-09 6.657655461124659e-09 1.024876329569338e-08 1.433414443728058e-08 1.885151220245665e-08 2.369414233397084e-08 2.872395368420424e-08 3.380151234520021e-08 3.882267047596774e-08 4.375247161072427e-08
-1.069321445923934e-04 -8.338277298708894e-04 -2.962554001029957e-04 1.219014408725496e-07 1.182194749090725e-07 1.143700900566880e-07 1.103505089302790e-07 1.061588488402500e-07 1.017943096984599e-07 9.725740021615892e-08 9.255020371815718e-08 8.767668502920888e-08 8.264303341202757e-08 7.745803488048275e-08 7.213346160128383e-08 6.668446389456844e-08 6.112994610995190e-08 5.549291226240102e-08 4.980077009408933e-08 4.408558840451860e-08 3.838430509682491e-08 3.273885823777601e-08 2.719614254549180e-08 2.180754012425879e-08 1.662753936966670e-08 1.171073108488160e-08 7.106530314765546e-09 2.851709568832301e-09 -1.037557761334933e-09 -4.570542493740701e-09 -7.779479111272685e-09 -1.070787058268684e-08 -1.339277740977415e-08 1.604640862516959e-07 1.722615738401633e-07 1.849159483287952e-07 1.981196963914262e-07 2.119791949673844e-07 2.266141286505564e-07 2.418585648668500e-07 2.578034439847163e-07 2.744054500546966e-07 2.916522667332477e-07 3.094776767134595e-07 3.279602023870865e-07 3.468861728325430e-07 3.662392693859090e-07 3.860148529046027e-07 4.059613508825001e-07 4.260459192568728e-07 4.460759632900122e-07 4.658423895077860e-07 4.850914368736554e-07 5.036486345892878e-07 5.211619011639323e-07 5.372973881644927e-07 5.516608846832931e-07 5.638842046149307e-07 5.735265450446617e-07 5.801152750528307e-07 5.832315981602426e-07 5.826495162392773e-07 6.090199412254911e-07 -2.023040904556605e-09 -2.371547335234562e-09 -2.745234625533941e-09 -3.139953590827315e-09 -3.550401022636179e-09 -3.969875338512448e-09 -4.389992835765505e-09 -4.800401151225832e-09 -5.188432979625595e-09 -5.538775007524813e-09 -5.833141173524576e-09 -6.049993864496101e-09 -6.164298805216926e-09 -6.147392302226619e-09 -5.966910871949654e-09 -5.586817838422148e-09 -4.967580263587319e-09 -4.066487316566665e-09 -2.838278857994464e-09 -1.236280485529268e-09 7.855399893099483e-10 3.268962206391742e-09 6.245458234780176e-09 9.727103397097865e-09 1.369516642643692e-08 1.808992054999159e-08 2.280831536765309e-08 2.771654142839530e-08 3.267905518250528e-08 3.759415280581028e-08
1.216482679787781e-06 2.740638235634673e-05 1.498262627153154e-04 -9.124506022711220e-10 -1.066430249938781e-09 -1.280595499574342e-09 -1.514479703712613e-09 -1.711909874250755e-09 -1.829050278724461e-09 -1.848957685142210e-09 -1.780068387313526e-09 -1.645295170556034e-09 -1.470522991040485e-09 -1.277526649352435e-09 -1.081774748497584e-09 -8.931669672240812e-10 -7.176785991931133e-10 -5.587803157327262e-10 -4.183178335294988e-10 -2.969875769831448e-10 -1.945996700092803e-10 -1.102721928563110e-10 -4.261705156183649e-11 1.008054526405689e-11 4.969233843628485e-11 7.811617645718681e-11 9.717207050909100e-11 1.085386911576726e-10 1.137161272168833e-10 1.140112741927027e-10 1.105365966573350e-10 1.042190087887092e-10 9.581487998937156e-11 9.602942524304569e-08 8.680184623220622e-08 7.675622528453933e-08 6.626231568214413e-08 5.578340079326682e-08 4.575686613293177e-08 3.651040504821425e-08 2.823573914497213e-08 2.100597690172328e-08 1.481129813549358e-08 9.593327760201873e-09 5.270036413985207e-09 1.750827849770636e-09 -1.055305406736496e-09 -3.235688888303521e-09 -4.872119024917303e-09 -6.040061067529924e-09 -6.808408254939626e-09 -7.239516478220096e-09 -7.389393815439369e-09 -7.308031774020125e-09 -7.039789581151571e-09 -6.623907341744392e-09 -6.094995800437074e-09 -5.483561497001444e-09 -4.816478573699830e-09 -4.117405856428676e-09 -3.407118565670189e-09 -2.703763686766419e-09 -2.023040904556605e-09 9.822430471973736e-07 7.845600009667643e-07 7.717925386188688e-07 7.494727182564353e-07 7.196810513892733e-07 6.843377049058968e-07 6.453935464353423e-07 6.042359542578406e-07 5.624706128104892e-07 5.206908851954366e-07 4.799339803466001e-07 4.404276632281100e-07 4.024172369425712e-07 3.665512216152452e-07 3.325029672568234e-07 3.005310684504580e-07 2.706434965945629e-07 2.427696687892825e-07 2.169093219929568e-07 1.928448088114284e-07 1.708482751247554e-07 1.504184273974518e-07 1.317921586409709e-07 1.147693941942556e-07 9.929319088768014e-08 8.525106220628983e-08 7.263250053031408e-08 6.133503578940183e-08 5.125770394287405e-08 4.258007499235921e-08
1.338921259425392e-06 3.012389398211620e-05 1.645485679288225e-04 -1.018235217573696e-09 -1.092878173191772e-09 -1.224480650694058e-09 -1.410715238755470e-09 -1.613364949523953e-09 -1.779707656529442e-09 -1.868976023595430e-09 -1.865980179386716e-09 -1.779523022139632e-09 -1.631966933309549e-09 -1.448295134171906e-09 -1.249412568503747e-09 -1.050094507674484e-09 -8.597308369169134e-10 -6.839137167273933e-10 -5.258059572534510e-10 -3.869945559632171e-10 -2.679525966095020e-10 -1.682992338137503e-10 -8.699081454468235e-11 -2.250924896582119e-11 2.696542862942952e-11 6.338922862200095e-11 8.872330510338326e-11 1.048372790601461e-10 1.134468463633185e-10 1.160788688424554e-10 1.140591470483738e-10 1.085134564695597e-10 1.003748679987682e-10 1.025557091859528e-07 9.392979487117580e-08 8.445415980742899e-08 7.427580446498121e-08 6.375054929393051e-08 5.331990233594323e-08 4.339806516722026e-08 3.429290969284418e-08 2.618160134541897e-08 1.912757167000132e-08 1.311483029118648e-08 8.080963291406447e-09 3.941015271416975e-09 6.020614957217682e-10 -2.028921324336346e-09 -4.041066326190060e-09 -5.517766513423573e-09 -6.535873571076946e-09 -7.165440318789620e-09 -7.469759507260155e-09 -7.505523526699448e-09 -7.323185184624661e-09 -6.967351577799854e-09 -6.477283144126198e-09 -5.887420586429459e-09 -5.227910956536678e-09 -4.525092096114559e-09 -3.801926587396035e-09 -3.078354099155900e-09 -2.371547335234562e-09 7.845600009667643e-07 9.782179916189854e-07 7.907463464331418e-07 7.771970963215439e-07 7.542758736522039e-07 7.239483108957839e-07 6.879858775966306e-07 6.486100646350651e-07 6.070306390905091e-07 5.648051475057273e-07 5.226400807149286e-07 4.811882253818309e-07 4.413230733317781e-07 4.029687711313361e-07 3.665791230267678e-07 3.321725281053345e-07 2.999134201040772e-07 2.697690690147516e-07 2.415554265067108e-07 2.156802082286867e-07 1.915422665208325e-07 1.693873492611264e-07 1.490920345759353e-07 1.305372985442184e-07 1.136183428676209e-07 9.830953324105577e-08 8.445541408398879e-08 7.203616330424699e-08 6.114498097215191e-08 5.118253035945731e-08
1.467598539781066e-06 3.297247016386239e-05 1.799563864251010e-04 -1.150533157948948e-09 -1.197597874204282e-09 -1.254255652648762e-09 -1.363156110905311e-09 -1.521969077608645e-09 -1.694616386529373e-09 -1.831575675331778e-09 -1.894885893678982e-09 -1.870921092705094e-09 -1.768751029678755e-09 -1.610157335807502e-09 -1.419219653664606e-09 -1.215978145787725e-09 -1.014517055422547e-09 -8.237071411136798e-10 -6.487465793248714e-10 -4.924812306810764e-10 -3.562317009044737e-10 -2.402422679375695e-10 -1.439421180676531e-10 -6.613130327216981e-11 -5.166600944122336e-12 4.086573571282743e-11 7.399246461497580e-11 9.622533725772385e-11 1.094685558194278e-10 1.154603887289737e-10 1.157417900731047e-10 1.116435415293817e-10 1.042946439952790e-10 1.086259573468460e-07 1.004090175254562e-07 9.149777336706371e-08 8.184664925045363e-08 7.160162255169939e-08 6.110405080892888e-08 5.077386442081039e-08 4.100259559577677e-08 3.207878888739755e-08 2.416536732690564e-08 1.731626021837541e-08 1.150939320559428e-08 6.678422672416802e-09 2.735661891495602e-09 -4.138919485527622e-10 -2.864927919053164e-09 -4.707953372694083e-09 -6.027480350788436e-09 -6.901250679649458e-09 -7.399957097268445e-09 -7.587315849934487e-09 -7.520240273597868e-09 -7.249191273676687e-09 -6.818611191789365e-09 -6.267425394659660e-09 -5.629580648479344e-09 -4.934584914105547e-09 -4.208007301657989e-09 -3.471906333750002e-09 -2.745234625533941e-09 7.717925386188688e-07 7.907463464331418e-07 9.727336487209202e-07 7.946481950748876e-07 7.802581533657328e-07 7.565361786749065e-07 7.257089983262198e-07 6.893490206568595e-07 6.496008403804235e-07 6.077613132397249e-07 5.649872792872476e-07 5.226117037251031e-07 4.809561629601275e-07 4.406980374810356e-07 4.020991928271191e-07 3.655170543414389e-07 3.309350294273318e-07 2.983988984564098e-07 2.682860890734484e-07 2.400345617848936e-07 2.140227703527699e-07 1.900308436726442e-07 1.679538985365442e-07 1.477610023319492e-07 1.293684041147463e-07 1.126295943268433e-07 9.751138316570642e-08 8.405458048980965e-08 7.174411908572333e-08 6.114202906756692e-08
1.602316414940394e-06 3.594662410991824e-05 1.960163910197883e-04 -1.245030215491548e-09 -1.327834003351854e-09 -1.357841741700110e-09 -1.395815135339169e-09 -1.482074590090207e-09 -1.614354358695306e-09 -1.758582285940577e-09 -1.868179568628160e-09 -1.907726067162507e-09 -1.864967076851079e-09 -1.749133216210241e-09 -1.581387978800074e-09 -1.384906191050155e-09 -1.178865193609303e-09 -9.766591633414178e-10 -7.866383320759122e-10 -6.136033292465867e-10 -4.600799999682883e-10 -3.271255954286913e-10 -2.147632730803885e-10 -1.222396145214561e-10 -4.821223456562829e-11 9.071451251290612e-12 5.160433188653743e-11 8.146734657853623e-11 1.007071941602267e-10 1.112490595809759e-10 1.148392015920598e-10 1.130220786392439e-10 1.071249269960079e-10 1.145671159028919e-07 1.064474782681635e-07 9.792832860938678e-08 8.880950108785504e-08 7.905444442538816e-08 6.880647810431319e-08 5.839204156520234e-08 4.820980133460309e-08 3.862927010945256e-08 2.992034893492650e-08 2.223225552601857e-08 1.560983262363375e-08 1.002528850426780e-08 5.408681684513643e-09 1.669975818808360e-09 -1.287467775191729e-09 -3.559525757625098e-09 -5.237584011275274e-09 -6.406753287796223e-09 -7.145149290117203e-09 -7.523635775767006e-09 -7.605891650157905e-09 -7.448628626476404e-09 -7.101947849937587e-09 -6.609788256617706e-09 -6.010443316238495e-09 -5.337113810000563e-09 -4.618439276685696e-09 -3.879045228625624e-09 -3.139953590827315e-09 7.494727182564353e-07 7.771970963215439e-07 7.946481950748876e-07 9.657658108245537e-07 7.960149217278375e-07 7.808177853069058e-07 7.565084922375049e-07 7.252292957750701e-07 6.886189821563835e-07 6.483959788419677e-07 6.064567934557986e-07 5.636105423626661e-07 5.209805909678855e-07 4.792128251496067e-07 4.388855501011826e-07 4.002211145765359e-07 3.634563807961259e-07 3.289863913463921e-07 2.964758307364430e-07 2.662788866690069e-07 2.382129457247347e-07 2.123058181958054e-07 1.884361762610820e-07 1.665353733979734e-07 1.465294714627751e-07 1.283312413715621e-07 1.119888096560913e-07 9.698079829173584e-08 8.381452854082705e-08 7.194085131180963e-08
1.742837503916902e-06 3.903996677508116e-05 2.126902681606605e-04 -1.255817565578541e-09 -1.422701689310326e-09 -1.485883302366609e-09 -1.498151172665891e-09 -1.517272274902626e-09 -1.581464886236511e-09 -1.688552723877148e-09 -1.806314287071761e-09 -1.890856122545022e-09 -1.909040575263627e-09 -1.849799525484572e-09 -1.722429837240637e-09 -1.547441722779511e-09 -1.347104171297614e-09 -1.139741384956862e-09 -9.380651726070920e-10 -7.499095174788290e-10 -5.796845134976488e-10 -4.296060396765027e-10 -3.004774312066558e-10 -1.921168283252508e-10 -1.036064192396839e-10 -3.347848187903284e-11 2.011011157196796e-11 5.921379967085882e-11 8.595249898153467e-11 1.023920170160613e-10 1.104669334307433e-10 1.119221882685190e-10 1.082931067391765e-10 1.206551165415293e-07 1.123530664543337e-07 1.039383830930319e-07 9.519720222882571e-08 8.594566697685515e-08 7.615390436969311e-08 6.596124508731100e-08 5.567900147494004e-08 4.568511627800711e-08 3.632794056210974e-08 2.785962075839691e-08 2.041645211218549e-08 1.403480542329214e-08 8.681712629913758e-09 4.284153145797912e-09 7.502509140117919e-10 -2.017761345986577e-09 -4.116423008531820e-09 -5.637478545312869e-09 -6.666163123620171e-09 -7.280498134279255e-09 -7.551086392014096e-09 -7.541190213175525e-09 -7.306967993962168e-09 -6.897849507716694e-09 -6.357001628185270e-09 -5.721838382333976e-09 -5.024619680473925e-09 -4.292962595300344e-09 -3.550401022636179e-09 7.196810513892733e-07 7.542758736522039e-07 7.802581533657328e-07 7.960149217278376e-07 9.570657292138241e-07 7.951015676834159e-07 7.791428732895656e-07 7.543865137719560e-07 7.225429099805489e-07 6.858297556461840e-07 6.455930711035574e-07 6.034981720582469e-07 5.606599033779636e-07 5.180886838117001e-07 4.763800842394049e-07 4.359893263709312e-07 3.975428157845741e-07 3.608958227977404e-07 3.264248786878965e-07 2.941650993309508e-07 2.641278331773824e-07 2.362297827989461e-07 2.105314651362550e-07 1.868752957918605e-07 1.651903804479305e-07 1.455936897967466e-07 1.275184588912484e-07 1.114752311635982e-07 9.690974537494314e-08 8.381417179620221e-08
1.888886507461746e-06 4.224524568962808e-05 2.299349574664271e-04 -1.172329357818017e-09 -1.438205643003571e-09 -1.580732799689370e-09 -1.623955910747870e-09 -1.618406466278576e-09 -1.619096952203187e-09 -1.662310810218602e-09 -1.745952030576467e-09 -1.839484952621080e-09 -1.901452880956820e-09 -1.900765510672745e-09 -1.827372240126053e-09 -1.690551253876956e-09 -1.510136663291059e-09 -1.307498602845435e-09 -1.100123314776889e-09 -9.000580521262219e-10 -7.146376693654806e-10 -5.478951389288953e-10 -4.017549430008063e-10 -2.767868719778379e-10 -1.726234998114524e-10 -8.820394217872628e-11 -2.195521800331356e-11 2.803884561300422e-11 6.387643855642438e-11 8.770322999411713e-11 1.015935028945132e-10 1.074776007397827e-10 1.070926060233364e-10 1.270247952042550e-07 1.183880298156170e-07 1.098176168043315e-07 1.011876269790376e-07 9.230008505901451e-08 8.298468675564333e-08 7.321631546296043e-08 6.312937444808407e-08 5.302014566537300e-08 4.324662538761918e-08 3.413709341558487e-08 2.592699861859020e-08 1.874064218783465e-08 1.260670527518003e-08 7.487703353928643e-09 3.308118217419245e-09 -2.520791328974006e-11 -2.610636285354638e-09 -4.544886118564479e-09 -5.919584662405301e-09 -6.819650703423990e-09 -7.322621404360440e-09 -7.498474804377595e-09 -7.409731521263566e-09 -7.111713181183723e-09 -6.652914780441421e-09 -6.075519009183035e-09 -5.415887873082602e-09 -4.705173081629178e-09 -3.969875338512448e-09 6.843377049058968e-07 7.239483108957838e-07 7.565361786749065e-07 7.808177853069057e-07 7.951015676834160e-07 9.468210180298183e-07 7.921023183754148e-07 7.752686669393521e-07 7.502070151260183e-07 7.182497627287894e-07 6.813667655417148e-07 6.411846863126694e-07 5.992346969954800e-07 5.565652150631340e-07 5.140505687691380e-07 4.726774073713969e-07 4.325178779505100e-07 3.941755434873114e-07 3.578703329669148e-07 3.236420969473205e-07 2.916189744655383e-07 2.618491695826813e-07 2.342147635679940e-07 2.087709810805359e-07 1.855551715867938e-07 1.640223561170145e-07 1.447461374117700e-07 1.271300979666604e-07 1.111756573270708e-07 9.702133812228787e-08
2.040151900490308e-06 4.555439182957854e-05 2.477029367826345e-04 -1.015695266141316e-09 -1.363608505960938e-09 -1.600260351260146e-09 -1.718618235737081e-09 -1.742166025537004e-09 -1.719322113198709e-09 -1.702531157698286e-09 -1.726266717788687e-09 -1.788485445046669e-09 -1.860182100509435e-09 -1.902105704738197e-09 -1.884998767211461e-09 -1.799683400117049e-09 -1.655350560287702e-09 -1.471144991397996e-09 -1.267556169150526e-09 -1.061260219903345e-09 -8.636637235808445e-10 -6.816279039435430e-10 -5.188329976140082e-10 -3.769341843889145e-10 -2.562913610240004e-10 -1.563740747676697e-10 -7.599845232862855e-11 -1.350655864372020e-11 3.307529863081074e-11 6.587644233254717e-11 8.705307273376136e-11 9.868008979070645e-11 1.026750804019010e-10 1.336443314976976e-07 1.246824634105437e-07 1.158147495521627e-07 1.070529504081367e-07 9.828156725768277e-08 8.931596224797746e-08 7.999714130738781e-08 7.030328761864735e-08 6.036332367093379e-08 5.045891709028711e-08 4.092909183913019e-08 3.208328120068697e-08 2.414143458630339e-08 1.721688173936056e-08 1.133144339303618e-08 6.443819244181578e-09 2.476600764223422e-09 -6.641337840109924e-10 -3.076846160109595e-09 -4.857983056223571e-09 -6.098653939065700e-09 -6.883086027676759e-09 -7.287994554426317e-09 -7.382435592167966e-09 -7.227910136374101e-09 -6.878675455392217e-09 -6.382102871865118e-09 -5.779206731404962e-09 -5.105185153432527e-09 -4.389992835765505e-09 6.453935464353423e-07 6.879858775966306e-07 7.257089983262197e-07 7.565084922375049e-07 7.791428732895656e-07 7.921023183754148e-07 9.349979778703857e-07 7.870548952697192e-07 7.697958637927739e-07 7.443576124230987e-07 7.123472125474681e-07 6.755842891316224e-07 6.356066692665289e-07 5.937896621644495e-07 5.515553509596827e-07 5.093833923211978e-07 4.682276278988456e-07 4.285189400545364e-07 3.905214817199691e-07 3.545444977376340e-07 3.206676767221742e-07 2.889793620049541e-07 2.595264904717583e-07 2.323855550460432e-07 2.071386056155637e-07 1.842813253682093e-07 1.632398237765757e-07 1.440819603889732e-07 1.269005701773907e-07 1.113141219386231e-07
2.196287942872093e-06 4.895857406013636e-05 2.659425499322085e-04 -8.221439358718445e-10 -1.218333131460924e-09 -1.533667294761356e-09 -1.741798954958829e-09 -1.836764884698933e-09 -1.841479948892806e-09 -1.802356794773552e-09 -1.769423004773835e-09 -1.775447614353521e-09 -1.818405513701240e-09 -1.870675381103419e-09 -1.895007437784740e-09 -1.863788857552482e-09 -1.768589989296349e-09 -1.618464707227048e-09 -1.431871367179179e-09 -1.228444054751159e-09 -1.024084897405560e-09 -8.295943729004235e-10 -6.513890339904977e-10 -4.928241566324876e-10 -3.553109690978165e-10 -2.390220577425165e-10 -1.432868016678119e-10 -6.681648932046504e-11 -7.883378830215255e-12 3.552628350603571e-11 6.556314876973262e-11 8.438384595176593e-11 9.405208962817159e-11 1.403505928529038e-07 1.312086727391593e-07 1.220545025004642e-07 1.130285592209085e-07 1.041455070178592e-07 9.529832838063573e-08 8.631367774402452e-08 7.704212559663638e-08 6.746416177464610e-08 5.770300405878363e-08 4.802633391449630e-08 3.875534379838582e-08 3.018192952623520e-08 2.251176282202737e-08 1.584824386076933e-08 1.020717414410932e-08 5.544091898712751e-09 1.780263148395451e-09 -1.178509423371279e-09 -3.430367645949059e-09 -5.071096676116505e-09 -6.190938011324648e-09 -6.873117220533141e-09 -7.193236101542817e-09 -7.219186779134233e-09 -7.011246734124976e-09 -6.622409508000889e-09 -6.098794934953181e-09 -5.480143898703392e-09 -4.800401151225828e-09 6.042359542578406e-07 6.486100646350651e-07 6.893490206568595e-07 7.252292957750701e-07 7.543865137719560e-07 7.752686669393521e-07 7.870548952697192e-07 9.221366561883363e-07 7.803475808225769e-07 7.627240693250628e-07 7.371952265151821e-07 7.052747221451388e-07 6.686116367823023e-07 6.290949067726452e-07 5.876870582415047e-07 5.457627711976315e-07 5.041458784569340e-07 4.634424031210385e-07 4.241683013113470e-07 3.866225889379782e-07 3.510717243921738e-07 3.175969637714021e-07 2.864743625134199e-07 2.572846630451560e-07 2.305603669400369e-07 2.058515531914938e-07 1.831575245515796e-07 1.625884942629518e-07 1.438310327845991e-07 1.269107829946838e-07
2.356916988318736e-06 5.244826061028962e-05 2.845983739139147e-04 -6.254546767192233e-10 -1.036445844795607e-09 -1.398868140327756e-09 -1.682703211866002e-09 -1.863558558441612e-09 -1.936397559398939e-09 -1.923543773900843e-09 -1.869496195399635e-09 -1.821993548589367e-09 -1.812189093901254e-09 -1.838046902166538e-09 -1.873199627541888e-09 -1.882217019578719e-09 -1.838970692867099e-09 -1.735680739133824e-09 -1.581227899666557e-09 -1.393398615822423e-09 -1.191008411347642e-09 -9.892249215612770e-10 -7.982802729378361e-10 -6.241785034977317e-10 -4.699767403203267e-10 -3.368680661511054e-10 -2.248585211396313e-10 -1.331550939215393e-10 -6.038428461990088e-11 -4.760836893222761e-12 3.575675888217002e-11 6.332684560307080e-11 8.009872443469504e-11 1.469125096349586e-07 1.378135982036396e-07 1.285120338211602e-07 1.192333325668996e-07 1.101142865430419e-07 1.011712093290219e-07 9.230406670118560e-08 8.334926417392538e-08 7.416562293989544e-08 6.473528881848850e-08 5.517583657036551e-08 4.574174334041436e-08 3.673755722215553e-08 2.843895577373598e-08 2.103854559836120e-08 1.463077340666153e-08 9.226207705783171e-09 4.777844148997825e-09 1.206113663775372e-09 -1.583031030397121e-09 -3.687040492922542e-09 -5.200713041608531e-09 -6.213117196910741e-09 -6.806221295970932e-09 -7.054295724426487e-09 -7.023855064782647e-09 -6.773810743607941e-09 -6.355772641512601e-09 -5.814504857347312e-09 -5.188432979625592e-09 5.624706128104892e-07 6.070306390905091e-07 6.496008403804235e-07 6.886189821563835e-07 7.225429099805489e-07 7.502070151260183e-07 7.697958637927739e-07 7.803475808225769e-07 9.081838176999644e-07 7.723382003434980e-07 7.544943063402314e-07 7.288524690433589e-07 6.972725068449726e-07 6.609773947893130e-07 6.217889881632053e-07 5.809942461920943e-07 5.396069655142855e-07 4.985234142235563e-07 4.583745343244648e-07 4.196297904916231e-07 3.825850528865832e-07 3.476899954116736e-07 3.145650236123870e-07 2.839342866639238e-07 2.553495939071722e-07 2.288516736209746e-07 2.046666570348711e-07 1.824199445521676e-07 1.621558751716728e-07 1.437923634942347e-07
2.521632068329367e-06 5.601328696875172e-05 3.036116219141882e-04 -4.467208962101075e-10 -8.500319683428607e-10 -1.227957532441460e-09 -1.557888424691543e-09 -1.811790067403497e-09 -1.967020069800402e-09 -2.019335342091187e-09 -1.990441800925088e-09 -1.923003729988242e-09 -1.862590507343062e-09 -1.838822433307871e-09 -1.849628150188270e-09 -1.869784043298625e-09 -1.865526376571542e-09 -1.812073325057480e-09 -1.702216573228383e-09 -1.544645274639677e-09 -1.356494700092840e-09 -1.155802602691627e-09 -9.570447340476785e-10 -7.699214550728636e-10 -6.000568221547364e-10 -4.502348580405339e-10 -3.214513343477479e-10 -2.135684429130642e-10 -1.256857126395380e-10 -5.635973720555797e-11 -3.763759204859279e-12 3.416160228789550e-11 5.957180139328895e-11 1.530908126659480e-07 1.442783734052408e-07 1.350427447788369e-07 1.256442837626860e-07 1.163006963827604e-07 1.071444609311301e-07 9.819270370531190e-08 8.935127119209938e-08 8.046516085859051e-08 7.140051041899721e-08 6.214074256875757e-08 5.279800380285332e-08 4.361442068376928e-08 3.487909441150206e-08 2.685272885372645e-08 1.971600353178029e-08 1.355533422632828e-08 8.376756366345447e-09 4.131273295596496e-09 7.389200518474597e-10 -1.893838713797501e-09 -3.863435545786504e-09 -5.263410451749199e-09 -6.181426917801306e-09 -6.697968886556256e-09 -6.885818878460991e-09 -6.809980082156117e-09 -6.527879914275343e-09 -6.089688942327564e-09 -5.538775007524814e-09 5.206908851954366e-07 5.648051475057273e-07 6.077613132397249e-07 6.483959788419677e-07 6.858297556461842e-07 7.182497627287894e-07 7.443576124230987e-07 7.627240693250628e-07 7.723382003434980e-07 8.935337052876442e-07 7.631606137571579e-07 7.453487925170482e-07 7.198602980643260e-07 6.884845658573800e-07 6.527548332290093e-07 6.141141092135846e-07 5.739040939388354e-07 5.331496072817714e-07 4.926887054371710e-07 4.531397283455139e-07 4.151503552729439e-07 3.785533698302542e-07 3.442408599490079e-07 3.118061934481887e-07 2.814801474182813e-07 2.534888699186526e-07 2.275022178551139e-07 2.036782885211430e-07 1.818762382436453e-07 1.620007942535517e-07
2.689999725616393e-06 5.964292953001042e-05 3.229205781481239e-04 -2.927263814482975e-10 -6.793722474479470e-10 -1.051448805679352e-09 -1.397628604645465e-09 -1.696778533336483e-09 -1.922650588493705e-09 -2.054160287098667e-09 -2.087733712890308e-09 -2.044440224650417e-09 -1.965185223562327e-09 -1.893480116711452e-09 -1.857494920227323e-09 -1.855110880448379e-09 -1.862153324747107e-09 -1.846395146402413e-09 -1.784288663183739e-09 -1.669133305785803e-09 -1.509417584515448e-09 -1.321651984890154e-09 -1.123136774103902e-09 -9.276986715960622e-10 -7.445408549423214e-10 -5.789348660151997e-10 -4.334185808000565e-10 -3.088084841724211e-10 -2.048404853811748e-10 -1.205252414384358e-10 -5.436184118250637e-11 -4.494915353869238e-12 3.114111063374307e-11 1.586777422668994e-07 1.503749968588782e-07 1.414383750606309e-07 1.321239832263135e-07 1.226828871230717e-07 1.133247860299386e-07 1.041775230632263e-07 9.525850870683391e-08 8.647871826973548e-08 7.769089191937399e-08 6.876778890818700e-08 5.969390807822769e-08 5.057628820129531e-08 4.164553899229528e-08 3.317645426036479e-08 2.541594607389565e-08 1.853380007477471e-08 1.260923797096797e-08 7.644399497361066e-09 3.588776353958016e-09 3.623999148205064e-10 -2.127445736531117e-09 -3.975921132465789e-09 -5.275064912590475e-09 -6.110965041375989e-09 -6.562473832543552e-09 -6.700754923046289e-09 -6.589231407679300e-09 -6.283793531949873e-09 -5.833141173524579e-09 4.799339803466000e-07 5.226400807149286e-07 5.649872792872476e-07 6.064567934557986e-07 6.455930711035574e-07 6.813667655417148e-07 7.123472125474681e-07 7.371952265151821e-07 7.544943063402312e-07 7.631606137571579e-07 8.783873274391197e-07 7.533465820222312e-07 7.354335998362715e-07 7.102952441567973e-07 6.793395013544034e-07 6.441418587918669e-07 6.061384231439621e-07 5.665961722497619e-07 5.265141454254845e-07 4.868963072101422e-07 4.478907455689546e-07 4.105815794825481e-07 3.747697119998551e-07 3.408534136480050e-07 3.090982016616059e-07 2.793612662557054e-07 2.518037817654535e-07 2.263282084224279e-07 2.029512753491998e-07 1.814854451458504e-07
2.861563069176531e-06 6.332598426509272e-05 3.424610602387489e-04 -1.596962169672089e-10 -5.312560273646166e-10 -8.888412024985060e-10 -1.230961468420105e-09 -1.547108378260662e-09 -1.817467081192580e-09 -2.017392205289639e-09 -2.127187242377198e-09 -2.143839281785076e-09 -2.087768203568896e-09 -1.998198548325773e-09 -1.916696527855898e-09 -1.870062485005508e-09 -1.856127464464036e-09 -1.851690624249310e-09 -1.825948716731387e-09 -1.756492435358968e-09 -1.637078015918930e-09 -1.475988627067997e-09 -1.289138819024075e-09 -1.093130170182161e-09 -9.011779864208718e-10 -7.220244699356617e-10 -5.606131554424280e-10 -4.192575739713462e-10 -2.986165699842891e-10 -1.983148414320730e-10 -1.172896007225990e-10 -5.399652863923756e-11 -6.561305082727197e-12 1.635155255698603e-07 1.559043519663841e-07 1.474808028951046e-07 1.384735016178661e-07 1.291296467244825e-07 1.196909994657478e-07 1.103593014746975e-07 1.012577142329560e-07 9.240365062292064e-08 8.371267889363581e-08 7.504464758839714e-08 6.627842688685467e-08 5.739946695447283e-08 4.851004666772874e-08 3.983007799856624e-08 3.162109572853056e-08 2.411730705860540e-08 1.747855670184205e-08 1.177762339633599e-08 7.013330662853525e-09 3.134078939755020e-09 6.021290566654520e-11 -2.299885901500861e-09 -4.039913916988429e-09 -5.250245448728204e-09 -6.015248557708182e-09 -6.412062559300127e-09 -6.510166913841520e-09 -6.371361605070350e-09 -6.049993864496101e-09 4.404276632281100e-07 4.811882253818309e-07 5.226117037251031e-07 5.636105423626661e-07 6.034981720582469e-07 6.411846863126694e-07 6.755842891316224e-07 7.052747221451388e-07 7.288524690433587e-07 7.453487925170482e-07 7.533465820222312e-07 8.628542643981924e-07 7.429739000110844e-07 7.251788272555037e-07 7.003579192536706e-07 6.699094342637299e-07 6.353226191288068e-07 5.979909673417438e-07 5.593308586038815e-07 5.198600158259227e-07 4.810062324275660e-07 4.428766167506260e-07 4.060598459637334e-07 3.710210301747112e-07 3.377832850960296e-07 3.065490616595322e-07 2.774020900063863e-07 2.503652279441434e-07 2.252948972168711e-07 2.024622632522112e-07
3.035845021199444e-06 6.705084964502054e-05 3.621669045817666e-04 -3.843086916516273e-11 -4.024219879513977e-10 -7.468932251827159e-10 -1.076630078931893e-09 -1.390421941950685e-09 -1.678475999423392e-09 -1.922155362318878e-09 -2.098253734151430e-09 -2.188311889609093e-09 -2.189789082392283e-09 -2.122456654969991e-09 -2.023936193016960e-09 -1.933960600310623e-09 -1.878045318579277e-09 -1.853973269888376e-09 -1.839454112388126e-09 -1.805011356282255e-09 -1.729289307881347e-09 -1.606459086999534e-09 -1.444596660620469e-09 -1.259046202015502e-09 -1.065751398956688e-09 -8.773505737776904e-10 -7.021557250600463e-10 -5.448103057736638e-10 -4.074227400418441e-10 -2.905126976905218e-10 -1.936103748491062e-10 -1.155916826844837e-10 -5.488057565151484e-11 1.674996380483008e-07 1.607141511953064e-07 1.529785060270568e-07 1.444835457087031e-07 1.354503886091461e-07 1.261174009727963e-07 1.167172712309785e-07 1.074440253098414e-07 9.841624681460455e-08 8.965122992507655e-08 8.106876569873268e-08 7.253528697162257e-08 6.393536296281174e-08 5.525534192577957e-08 4.659307550121446e-08 3.815854426419088e-08 3.020100318147285e-08 2.294294629024381e-08 1.653515550966133e-08 1.104464207460221e-08 6.467407153930090e-09 2.751144918009349e-09 -1.832343914909241e-10 -2.426055028356867e-09 -4.069384242108630e-09 -5.201835570544878e-09 -5.905979297549645e-09 -6.257187269180765e-09 -6.323238055549887e-09 -6.164298805216928e-09 4.024172369425712e-07 4.413230733317782e-07 4.809561629601275e-07 5.209805909678855e-07 5.606599033779636e-07 5.992346969954800e-07 6.356066692665289e-07 6.686116367823023e-07 6.972725068449726e-07 7.198602980643260e-07 7.354335998362714e-07 7.429739000110844e-07 8.473320081060734e-07 7.322441859421183e-07 7.146584523254999e-07 6.902348935241494e-07 6.603267524859704e-07 6.265612935908516e-07 5.898359293341105e-07 5.519746115828237e-07 5.134417411381115e-07 4.751609720520796e-07 4.378922504242006e-07 4.018464936440169e-07 3.674215589243149e-07 3.348625845509229e-07 3.042355737033098e-07 2.755739735470273e-07 2.491555088042812e-07 2.246265322827090e-07
3.212351724356134e-06 7.080561300661182e-05 3.819704699299939e-04 8.160713846824144e-11 -2.843796319700785e-10 -6.227866575128466e-10 -9.413230258103762e-10 -1.244724238416727e-09 -1.531999414112367e-09 -1.793979703714540e-09 -2.013081054625975e-09 -2.167395927255320e-09 -2.239577448209670e-09 -2.227483325635872e-09 -2.150247444040068e-09 -2.043972144488009e-09 -1.946664778957848e-09 -1.882638653149260e-09 -1.849635554379782e-09 -1.826219178691033e-09 -1.784154379931087e-09 -1.703063219533570e-09 -1.577492405957056e-09 -1.415314682314522e-09 -1.231327882684226e-09 -1.040853461191568e-09 -8.559903200665862e-10 -6.846481534830861e-10 -5.311948931743767e-10 -3.975546251337720e-10 -2.841229822461054e-10 -1.903498991244140e-10 -1.150627632343651e-10 1.705738858988772e-07 1.647024822969337e-07 1.577839888105387e-07 1.499693971958644e-07 1.414438429718129e-07 1.324210249640657e-07 1.231307410025267e-07 1.137969630355749e-07 1.046063571555821e-07 9.567314135451334e-08 8.701443321650295e-08 7.855396001738044e-08 7.016431837056305e-08 6.173541420261593e-08 5.325446531195158e-08 4.481522729172272e-08 3.661845743878199e-08 2.890204419928379e-08 2.187767492020542e-08 1.568784519292090e-08 1.039442420130029e-08 5.991009917623417e-09 2.424888312055215e-09 -3.822426540500590e-10 -2.519284359545882e-09 -4.076577298729821e-09 -5.140905826648767e-09 -5.793014263163319e-09 -6.106487102213443e-09 -6.147392302226612e-09 3.665512216152452e-07 4.029687711313360e-07 4.406980374810356e-07 4.792128251496067e-07 5.180886838117001e-07 5.565652150631340e-07 5.937896621644495e-07 6.290949067726452e-07 6.609773947893130e-07 6.884845658573798e-07 7.102952441567972e-07 7.251788272555037e-07 7.322441859421183e-07 8.318656001973044e-07 7.213448936980384e-07 7.040063753696302e-07 6.801922792068918e-07 6.507584175626387e-07 6.177286126371501e-07 5.819316598584771e-07 5.446745029467062e-07 5.070605764775270e-07 4.696266214379196e-07 4.330572681071239e-07 3.977804280495114e-07 3.640535453008753e-07 3.320684117438479e-07 3.021454997029559e-07 2.741047714137295e-07 2.480314865534893e-07
3.390576076676885e-06 7.457813952026991e-05 4.018031542679436e-04 2.099239280063032e-10 -1.672724938690899e-10 -5.086552217675990e-10 -8.225959692228465e-10 -1.116601666567624e-09 -1.395322951711202e-09 -1.657935745825321e-09 -1.895819197090809e-09 -2.092339312509039e-09 -2.226765755889934e-09 -2.282759916789471e-09 -2.258523680151443e-09 -2.172570195698389e-09 -2.059565633726322e-09 -1.955896342354771e-09 -1.884750817667057e-09 -1.843838871788988e-09 -1.812527137453222e-09 -1.763741572171568e-09 -1.678017499391555e-09 -1.550241724593634e-09 -1.388086038424093e-09 -1.205830534857827e-09 -1.018207417265042e-09 -8.368100895397021e-10 -6.691750413503251e-10 -5.194157172033984e-10 -3.892900579193942e-10 -2.790853431412997e-10 -1.881804158838705e-10 1.727223037699700e-07 1.678134289523744e-07 1.617975171980198e-07 1.547878698394573e-07 1.469315483120723e-07 1.384080251180884e-07 1.294237997769040e-07 1.202004768182663e-07 1.109537548229263e-07 1.018633182223663e-07 9.303926497874958e-08 8.449854079805392e-08 7.616855955346513e-08 6.792771532764916e-08 5.967094554582254e-08 5.138632034707214e-08 4.316382488476053e-08 3.519564849431102e-08 2.770913179469498e-08 2.090600225000931e-08 1.492115551529950e-08 9.811843488560496e-09 5.569640297114806e-09 2.141648021842526e-09 -5.494960980878832e-10 -2.591171851590515e-09 -4.071946400865573e-09 -5.076742321590943e-09 -5.684458174913818e-09 -5.966910871949654e-09 3.325029672568234e-07 3.665791230267678e-07 4.020991928271191e-07 4.388855501011825e-07 4.763800842394049e-07 5.140505687691380e-07 5.515553509596828e-07 5.876870582415047e-07 6.217889881632053e-07 6.527548332290093e-07 6.793395013544035e-07 7.003579192536706e-07 7.146584523254999e-07 7.213448936980384e-07 8.165629942695295e-07 7.105427929021011e-07 6.933907500125326e-07 6.701030765253570e-07 6.414649168618205e-07 6.089745380627389e-07 5.740838970924466e-07 5.377001160190302e-07 5.008403724113818e-07 4.642476949967108e-07 4.284586018101691e-07 3.938438573330977e-07 3.609097552281452e-07 3.296321368833290e-07 3.001408691218999e-07 2.727600673794992e-07
3.570001360239034e-06 7.835616289821694e-05 4.215959199351527e-04 3.540222308338732e-10 -4.213915636707492e-11 -3.952480032835216e-10 -7.131318674768885e-10 -1.003922747050609e-09 -1.274902730047500e-09 -1.530612850360543e-09 -1.770358150030388e-09 -1.986001991490438e-09 -2.161775621108539e-09 -2.278027190864475e-09 -2.319337546379083e-09 -2.284210016131687e-09 -2.190559211926477e-09 -2.071693894072221e-09 -1.962478782345306e-09 -1.885049220367362e-09 -1.837088931771736e-09 -1.798724694874092e-09 -1.743969539899713e-09 -1.654210909245197e-09 -1.524649570475609e-09 -1.362759016772614e-09 -1.182327820637111e-09 -9.975332370741211e-10 -8.194932725402790e-10 -6.553974165310350e-10 -5.091259765528836e-10 -3.822837545656002e-10 -2.750623591523468e-10 1.739605058659695e-07 1.700295795541472e-07 1.649632608897019e-07 1.588411868813626e-07 1.517743202582479e-07 1.439057850591193e-07 1.354095623370368e-07 1.264852696781596e-07 1.173467140182401e-07 1.082017782640141e-07 9.922357015473233e-08 9.051830582053472e-08 8.210278198819241e-08 7.390789612034665e-08 6.581751191552038e-08 5.773134051504384e-08 4.963829690445271e-08 4.162488066862868e-08 3.387533724443634e-08 2.660719345073457e-08 2.001295346228562e-08 1.422054483631834e-08 9.283040033345742e-09 5.190288892077479e-09 1.889398280608957e-09 -6.959579242809331e-10 -2.651577005400285e-09 -4.064216174532085e-09 -5.016944534895024e-09 -5.586817838422150e-09 3.005310684504580e-07 3.321725281053345e-07 3.655170543414389e-07 4.002211145765359e-07 4.359893263709311e-07 4.726774073713969e-07 5.093833923211977e-07 5.457627711976315e-07 5.809942461920943e-07 6.141141092135846e-07 6.441418587918669e-07 6.699094342637299e-07 6.902348935241494e-07 7.040063753696302e-07 7.105427929021011e-07 8.015690111069622e-07 6.997117262389920e-07 6.830728980717492e-07 6.601186247149528e-07 6.322546104930174e-07 6.005707377867709e-07 5.664193365172368e-07 5.309001149783766e-07 4.948716920898197e-07 4.590105782615161e-07 4.240932837757050e-07 3.902713130227688e-07 3.578569108344723e-07 3.273244683011712e-07 2.984504261026289e-07
3.750104929239044e-06 8.212737696930969e-05 4.412798218972098e-04 5.192185893632131e-10 9.813933256141182e-11 -2.740889374199905e-10 -6.042173393722932e-10 -8.998517917389518e-10 -1.168870563690235e-09 -1.418320549145392e-09 -1.652615719720300e-09 -1.871164273431642e-09 -2.066267125091846e-09 -2.222948769912927e-09 -2.322551826718077e-09 -2.350501961411495e-09 -2.305567799379110e-09 -2.205090148353682e-09 -2.081094358867001e-09 -1.967012957857030e-09 -1.883998189552867e-09 -1.829712254073066e-09 -1.785000002790761e-09 -1.724899128154765e-09 -1.631593046100210e-09 -1.500572324876393e-09 -1.339118861691004e-09 -1.160553199519922e-09 -9.785291239209595e-10 -8.037193364119689e-10 -6.429870251722214e-10 -4.999974873537203e-10 -3.762174409101610e-10 1.743278378730367e-07 1.713639531780896e-07 1.672623506994934e-07 1.620735662058329e-07 1.558762267784500e-07 1.487789253830803e-07 1.409209542970234e-07 1.324710102747715e-07 1.236221709832161e-07 1.145808675907579e-07 1.055476013118102e-07 9.668929461583640e-08 8.810852732084993e-08 7.982197666221768e-08 7.176385919097427e-08 6.382321490767530e-08 5.590427809510507e-08 4.799682605110190e-08 4.018412105974567e-08 3.264300345016735e-08 2.558186968617640e-08 1.918464081921559e-08 1.357281435097702e-08 8.795672918316397e-09 4.841578579850405e-09 1.657788399367120e-09 -8.309030131577999e-10 -2.708692394168016e-09 -4.060514603622106e-09 -4.967580263587325e-09 2.706434965945629e-07 2.999134201040772e-07 3.309350294273317e-07 3.634563807961259e-07 3.975428157845741e-07 4.325178779505100e-07 4.682276278988456e-07 5.041458784569340e-07 5.396069655142855e-07 5.739040939388354e-07 6.061384231439621e-07 6.353226191288068e-07 6.603267524859704e-07 6.801922792068918e-07 6.933907500125326e-07 6.997117262389920e-07 7.871239119920535e-07 6.890034467322989e-07 6.728623270192087e-07 6.505114584675646e-07 6.232556718326303e-07 5.923684652387209e-07 5.590309238169034e-07 5.242638865764797e-07 4.891548353218149e-07 4.541523369298871e-07 4.198319998378244e-07 3.868379808408036e-07 3.551260681630797e-07 3.251430066751395e-07
3.930361922728177e-06 8.587952724325552e-05 4.607865340566056e-04 7.088043708325583e-10 2.586461563929322e-10 -1.383978908408465e-10 -4.878068597251805e-10 -7.961559571420334e-10 -1.070818866877421e-09 -1.319412316515424e-09 -1.548746815713245e-09 -1.763104662174301e-09 -1.961978572195125e-09 -2.138070016448884e-09 -2.277136838237812e-09 -2.361441591731711e-09 -2.377190505020122e-09 -2.323386359182346e-09 -2.216817802836787e-09 -2.088299901271164e-09 -1.969915033583495e-09 -1.881894185551670e-09 -1.821887491719925e-09 -1.771418520409540e-09 -1.706491333368185e-09 -1.610037437105089e-09 -1.477814254499047e-09 -1.316918413481562e-09 -1.140226845257717e-09 -9.608958640187106e-10 -7.891794146046098e-10 -6.316367833639708e-10 -4.917315640234188e-10 1.738806701128653e-07 1.718525875342962e-07 1.687053089120420e-07 1.644647652437699e-07 1.591815869838983e-07 1.529333301644656e-07 1.458262349849659e-07 1.379959071664091e-07 1.296060069865835e-07 1.208434001352101e-07 1.119075501030218e-07 1.029920035023896e-07 9.425786730566480e-08 8.580433399564074e-08 7.764799699866421e-08 6.972622696281303e-08 6.193299453112963e-08 5.417681328554590e-08 4.644830560593614e-08 3.882773707798695e-08 3.148500708349381e-08 2.461997421459461e-08 1.840855888909378e-08 1.296629016651987e-08 8.338995299277363e-09 4.513763300627556e-09 1.438098745704468e-09 -9.620262582210984e-10 -2.769178646802387e-09 -4.066487316566669e-09 2.427696687892825e-07 2.697690690147516e-07 2.983988984564098e-07 3.289863913463922e-07 3.608958227977404e-07 3.941755434873114e-07 4.285189400545364e-07 4.634424031210386e-07 4.985234142235563e-07 5.331496072817714e-07 5.665961722497619e-07 5.979909673417438e-07 6.265612935908516e-07 6.507584175626387e-07 6.701030765253570e-07 6.830728980717492e-07 6.890034467322989e-07 7.730183557250617e-07 6.786906635405974e-07 6.628876952510375e-07 6.411340566229913e-07 6.145622157339674e-07 5.843588521214254e-07 5.519210622469919e-07 5.180301830983641e-07 4.835634905048695e-07 4.494517492130946e-07 4.159077347144554e-07 3.835442195100866e-07 3.525888202042441e-07
4.110248967347502e-06 8.960050159271030e-05 4.800488685413416e-04 9.243035973385687e-10 4.425636269472378e-10 1.670752006843960e-11 -3.574223302507651e-10 -6.851780568437930e-10 -9.729460850717226e-10 -1.227866379008981e-09 -1.457298270547574e-09 -1.667819764360996e-09 -1.863582742971967e-09 -2.044153040940385e-09 -2.202600738566176e-09 -2.325365711848384e-09 -2.395563596039897e-09 -2.400120903547042e-09 -2.338251327193843e-09 -2.226211714251005e-09 -2.093672327956437e-09 -1.971446811217735e-09 -1.878901385095705e-09 -1.813681677487916e-09 -1.757956899814895e-09 -1.688642419183048e-09 -1.589373437880825e-09 -1.456155774847823e-09 -1.295903828826871e-09 -1.121072609818932e-09 -9.443486193341949e-10 -7.755884494831243e-10 -6.210667589782913e-10 1.726868813561665e-07 1.715481738908241e-07 1.693250285998940e-07 1.660229926561086e-07 1.616689407770613e-07 1.563134847037112e-07 1.500330972091097e-07 1.429317360271221e-07 1.351414656782770e-07 1.268211577203161e-07 1.181517962123608e-07 1.093262635623349e-07 1.005315697495004e-07 9.192335694667858e-08 8.359764730506939e-08 7.557100845703527e-08 6.778380015622471e-08 6.013466396021432e-08 5.253618043463469e-08 4.497977067072613e-08 3.754289157475016e-08 3.038892711696366e-08 2.370971589171028e-08 1.767369578495522e-08 1.239085448142699e-08 7.903838978404555e-09 4.198644683236230e-09 1.223127124459965e-09 -1.095539075510019e-09 -2.838278857994467e-09 2.169093219929567e-07 2.415554265067108e-07 2.682860890734484e-07 2.964758307364430e-07 3.264248786878965e-07 3.578703329669148e-07 3.905214817199690e-07 4.241683013113470e-07 4.583745343244648e-07 4.926887054371710e-07 5.265141454254845e-07 5.593308586038815e-07 5.898359293341105e-07 6.177286126371501e-07 6.414649168618205e-07 6.601186247149528e-07 6.728623270192087e-07 6.786906635405974e-07 7.593637942489166e-07 6.686262234337140e-07 6.532434386763024e-07 6.319782385387709e-07 6.061776361366201e-07 5.767814277621881e-07 5.449653428660411e-07 5.119803042085222e-07 4.783319752540610e-07 4.449113200685192e-07 4.121948176622507e-07 3.805140028345384e-07
4.289247835797139e-06 9.327841919617457e-05 4.990012830064551e-04 1.165736263088142e-09 6.514064319118785e-10 1.943190659589471e-10 -2.083598252651100e-10 -5.607106023616436e-10 -8.679504815989405e-10 -1.136276587265212e-09 -1.372598709137447e-09 -1.584028002610741e-09 -1.776919103484970e-09 -1.955296410223408e-09 -2.118791747055959e-09 -2.260815604068568e-09 -2.368440993371909e-09 -2.425580142274645e-09 -2.419824674931102e-09 -2.350576191265260e-09 -2.233584921326881e-09 -2.097436908215763e-09 -1.971751528803498e-09 -1.875085723585744e-09 -1.805086001206884e-09 -1.744535908784308e-09 -1.671213421262633e-09 -1.569413291096076e-09 -1.435371785456736e-09 -1.275827724319961e-09 -1.102831449120964e-09 -9.286241237562342e-10 -7.626872858136348e-10 1.708214143012289e-07 1.705147749406907e-07 1.691707441119141e-07 1.667782303253458e-07 1.633443715276543e-07 1.588968762498196e-07 1.534862838461086e-07 1.471879811218286e-07 1.401037257014714e-07 1.323622023235734e-07 1.241177329079151e-07 1.155457498313828e-07 1.068329222928757e-07 9.816009830574542e-08 8.967780557916109e-08 8.147908455761052e-08 7.358049815664159e-08 6.592525583971473e-08 5.841639993068372e-08 5.097034850032317e-08 4.357927732974733e-08 3.631798238980813e-08 2.934371010331139e-08 2.284076337930163e-08 1.697054743536751e-08 1.183788833687250e-08 7.482523433535123e-09 3.889494744623215e-09 1.007090447435433e-09 -1.236280485529268e-09 1.928448088114284e-07 2.156802082286867e-07 2.400345617848936e-07 2.662788866690069e-07 2.941650993309508e-07 3.236420969473205e-07 3.545444977376340e-07 3.866225889379782e-07 4.196297904916231e-07 4.531397283455139e-07 4.868963072101422e-07 5.198600158259227e-07 5.519746115828237e-07 5.819316598584771e-07 6.089745380627389e-07 6.322546104930174e-07 6.505114584675646e-07 6.628876952510375e-07 6.686262234337140e-07 7.462390525855839e-07 6.588020592377808e-07 6.439331852543032e-07 6.232836003026202e-07 5.979783919074291e-07 5.694189053439114e-07 5.383986998645683e-07 5.061181233477955e-07 4.733365948486848e-07 4.406562982244596e-07 4.085629161719402e-07
4.466849027520625e-06 9.690171690780105e-05 5.175803711318603e-04 1.431875863842386e-09 8.852572030628261e-10 3.959506173372801e-10 -3.760315317666239e-11 -4.182130501106613e-10 -7.498751518917526e-10 -1.037669279727151e-09 -1.287608146903922e-09 -1.506380168262364e-09 -1.700858501723962e-09 -1.877186054144564e-09 -2.039263406609580e-09 -2.186779802117726e-09 -2.313464828662293e-09 -2.406979492343984e-09 -2.451978617946707e-09 -2.436674399961511e-09 -2.360635545633853e-09 -2.239128793138687e-09 -2.099715885373803e-09 -1.970889621315230e-09 -1.870448300265629e-09 -1.796046200440272e-09 -1.731048639951202e-09 -1.654049776823197e-09 -1.549966604908040e-09 -1.415246393862841e-09 -1.256457612405017e-09 -1.085264676777431e-09 -9.134838823347726e-10 1.683627060391928e-07 1.688235825916567e-07 1.683029479266980e-07 1.667764835715062e-07 1.642351896932736e-07 1.606876708390152e-07 1.561623725722757e-07 1.507097268659622e-07 1.444040573652639e-07 1.373450068662440e-07 1.296580541858951e-07 1.214932039134642e-07 1.130206313672940e-07 1.044211605393140e-07 9.586981353691564e-08 8.751229632437328e-08 7.943885622319803e-08 7.166604138578170e-08 6.413974904300571e-08 5.676717149409941e-08 4.946832660642621e-08 4.223609012699534e-08 3.514274205062029e-08 2.833971557573927e-08 2.200421533732403e-08 1.629105055416184e-08 1.130021488425703e-08 7.068774990673293e-09 3.580959457501316e-09 7.855399893099498e-10 1.708482751247554e-07 1.915422665208325e-07 2.140227703527699e-07 2.382129457247347e-07 2.641278331773824e-07 2.916189744655382e-07 3.206676767221742e-07 3.510717243921738e-07 3.825850528865832e-07 4.151503552729438e-07 4.478907455689546e-07 4.810062324275661e-07 5.134417411381116e-07 5.446745029467062e-07 5.740838970924466e-07 6.005707377867709e-07 6.232556718326303e-07 6.411340566229913e-07 6.532434386763024e-07 6.588020592377809e-07 7.336335842614786e-07 6.494575837098616e-07 6.348335731933448e-07 6.148333657776152e-07 5.901993896544993e-07 5.622757256248107e-07 5.320985591506076e-07 5.005695631151340e-07 4.684485382062964e-07 4.365191105921008e-07
4.642555239154175e-06 1.004592322516374e-04 5.357253316961797e-04 1.720495861564309e-09 1.143007822319129e-09 6.217524556244956e-10 1.563631854251293e-10 -2.547397383267032e-10 -6.143316071363963e-10 -9.263230381699586e-10 -1.195659671076810e-09 -1.428175956467560e-09 -1.630350236139090e-09 -1.808827954158022e-09 -1.969548887244733e-09 -2.116297680010395e-09 -2.248812733136943e-09 -2.361120797345936e-09 -2.441435207725867e-09 -2.475103679326561e-09 -2.450917634841651e-09 -2.368597853733047e-09 -2.242948304130900e-09 -2.100561760191944e-09 -1.968869407312705e-09 -1.864954275179398e-09 -1.786483186120487e-09 -1.717376173205703e-09 -1.636997299166931e-09 -1.530850033282496e-09 -1.395577356548981e-09 -1.237580192406546e-09 -1.068154396473455e-09 1.653899071622147e-07 1.665494422017947e-07 1.667893048501153e-07 1.660749286890118e-07 1.643844189653928e-07 1.617107220929460e-07 1.580638055737841e-07 1.534727851373883e-07 1.479879600494816e-07 1.416826352244113e-07 1.346544281391022e-07 1.270257620502656e-07 1.189425677798486e-07 1.105700269364251e-07 1.020834289668309e-07 9.365229685635759e-08 8.541775759111622e-08 7.746740800114116e-08 6.981777201905476e-08 6.241725958507609e-08 5.517696691070373e-08 4.802030021612395e-08 4.094076036491198e-08 3.400823713273120e-08 2.736867454356914e-08 2.119256575109003e-08 1.562852074825623e-08 1.077201902897742e-08 6.657655461124655e-09 3.268962206391742e-09 1.504184273974518e-07 1.693873492611264e-07 1.900308436726442e-07 2.123058181958054e-07 2.362297827989461e-07 2.618491695826813e-07 2.889793620049541e-07 3.175969637714021e-07 3.476899954116736e-07 3.785533698302542e-07 4.105815794825481e-07 4.428766167506261e-07 4.751609720520795e-07 5.070605764775271e-07 5.377001160190302e-07 5.664193365172368e-07 5.923684652387209e-07 6.145622157339674e-07 6.319782385387709e-07 6.439331852543032e-07 6.494575837098616e-07 7.214111392603190e-07 6.403760710578203e-07 6.261791705132276e-07 6.066319447032716e-07 5.827184052727774e-07 5.554778742389726e-07 5.259368865238334e-07 4.951681457293812e-07 4.638393316034980e-07
4.815884693684043e-06 1.039402822773581e-04 5.533784118495173e-04 2.028622558309262e-09 1.422588616410809e-09 8.707303741686827e-10 3.737529137852712e-10 -6.877379760427954e-11 -4.584432612063853e-10 -7.979946166044229e-10 -1.091253495143952e-09 -1.343037465445978e-09 -1.559009245721741e-09 -1.745445346048626e-09 -1.908777455252267e-09 -2.054749705237833e-09 -2.187035638641233e-09 -2.305420970173426e-09 -2.404209190247052e-09 -2.472132478215887e-09 -2.495189428723542e-09 -2.462711725644346e-09 -2.374558404736727e-09 -2.245092596082240e-09 -2.099986345754146e-09 -1.965668197935919e-09 -1.858549318280120e-09 -1.776310024247504e-09 -1.703398386792925e-09 -1.619907778748793e-09 -1.511892680250899e-09 -1.376177548330591e-09 -1.219001472972197e-09 1.619806677377049e-07 1.637681482581626e-07 1.647013092834218e-07 1.647379489730934e-07 1.638461491012029e-07 1.620063039872931e-07 1.592131914116553e-07 1.554780503259978e-07 1.508306260568308e-07 1.453210707757996e-07 1.390217001968434e-07 1.320282176700332e-07 1.244601209399180e-07 1.164594632715545e-07 1.081866934241765e-07 9.981182721031716e-08 9.149916071334209e-08 8.338546815577746e-08 7.555580404007068e-08 6.802664622210836e-08 6.074876413378226e-08 5.363690572482228e-08 4.661766131512267e-08 3.968511202990600e-08 3.290685751775520e-08 2.642364823855820e-08 2.039964120485386e-08 1.497759601632955e-08 1.024876329569338e-08 6.245458234780176e-09 1.317921586409709e-07 1.490920345759353e-07 1.679538985365442e-07 1.884361762610820e-07 2.105314651362550e-07 2.342147635679940e-07 2.595264904717583e-07 2.864743625134199e-07 3.145650236123870e-07 3.442408599490079e-07 3.747697119998551e-07 4.060598459637334e-07 4.378922504242006e-07 4.696266214379195e-07 5.008403724113817e-07 5.309001149783766e-07 5.590309238169034e-07 5.843588521214254e-07 6.061776361366201e-07 6.232836003026202e-07 6.348335731933447e-07 6.403760710578203e-07 7.097943886226965e-07 6.315617226134078e-07 6.178476573374587e-07 5.988049760916871e-07 5.754075287024393e-07 5.488592656200816e-07 5.200850562744055e-07 4.900022825208422e-07
4.986374298936729e-06 1.073347375613510e-04 5.704853204938605e-04 2.352770629649384e-09 1.721202155603199e-09 1.140962867908583e-09 6.136789695944425e-10 1.399547860736595e-10 -2.806957358502139e-10 -6.498750866230247e-10 -9.702870160455939e-10 -1.245673395465435e-09 -1.480727107209183e-09 -1.680949625592123e-09 -1.852422755585653e-09 -2.001374829506913e-09 -2.133366991419537e-09 -2.251965862316685e-09 -2.357002041150607e-09 -2.443040564453652e-09 -2.499300456441816e-09 -2.512392171728724e-09 -2.472154251396546e-09 -2.378568335920238e-09 -2.245576194111708e-09 -2.097977536311051e-09 -1.961249846190231e-09 -1.851171217123774e-09 -1.765438496779502e-09 -1.689000392844114e-09 -1.602641483515359e-09 -1.492937199414255e-09 -1.356879871880376e-09 1.582095165420739e-07 1.605543024394955e-07 1.621116273905243e-07 1.628339061090300e-07 1.626817133201879e-07 1.616256469520546e-07 1.596482674215361e-07 1.567460965593354e-07 1.529315670803205e-07 1.482350029863838e-07 1.427064232898013e-07 1.364171718701468e-07 1.294611112130726e-07 1.219549513407323e-07 1.140370235505901e-07 1.058632560210235e-07 9.759863547595992e-08 8.940246090622174e-08 8.140735183305055e-08 7.369593095926813e-08 6.628458642939854e-08 5.912629709823784e-08 5.213925326734220e-08 4.525302343688358e-08 3.846222318764570e-08 3.183227320703652e-08 2.549898821152187e-08 1.962053071562484e-08 1.433414443728058e-08 9.727103397097865e-09 1.147693941942556e-07 1.305372985442184e-07 1.477610023319492e-07 1.665353733979734e-07 1.868752957918605e-07 2.087709810805359e-07 2.323855550460432e-07 2.572846630451559e-07 2.839342866639238e-07 3.118061934481887e-07 3.408534136480050e-07 3.710210301747112e-07 4.018464936440169e-07 4.330572681071239e-07 4.642476949967108e-07 4.948716920898197e-07 5.242638865764797e-07 5.519210622469919e-07 5.767814277621880e-07 5.979783919074291e-07 6.148333657776152e-07 6.261791705132276e-07 6.315617226134078e-07 6.986502366354259e-07 6.231398222973161e-07 6.097109087598763e-07 5.911862651898572e-07 5.684376155262924e-07 5.425080064562137e-07 5.143632906355077e-07
5.153582608002071e-06 1.106330906910689e-04 5.869956080070236e-04 2.689166298945721e-09 2.035549593467138e-09 1.429819507578547e-09 8.743565393482509e-10 3.706560836496376e-10 -8.076929669986227e-11 -4.804577879615619e-10 -8.300171618882231e-10 -1.132114122785340e-09 -1.390412338750827e-09 -1.609482599156333e-09 -1.794672286280075e-09 -1.951880839415545e-09 -2.087142532404748e-09 -2.205846446692502e-09 -2.311459760702505e-09 -2.403854524013671e-09 -2.477842892126469e-09 -2.523103525093138e-09 -2.526819507327809e-09 -2.479304339605457e-09 -2.380651543406870e-09 -2.244396793552805e-09 -2.094511306851937e-09 -1.955571888235023e-09 -1.842757064131192e-09 -1.753782473448080e-09 -1.674074557331394e-09 -1.585072969292214e-09 -1.473844549213124e-09 1.541466636808917e-07 1.569796924414895e-07 1.590920112347777e-07 1.604325530895547e-07 1.609565578684125e-07 1.606272475392049e-07 1.594176307551705e-07 1.573123250873753e-07 1.543095001769213e-07 1.504227363495628e-07 1.456828777239450e-07 1.401397921647301e-07 1.338638846213596e-07 1.269472180891146e-07 1.195038132372266e-07 1.116684270458934e-07 1.035926423608138e-07 9.543663322800047e-08 8.735492643235551e-08 7.947614857440337e-08 7.188058637436137e-08 6.458452314774785e-08 5.754299172048899e-08 5.067742607404996e-08 4.392019992905788e-08 3.726640471508675e-08 3.077938002296285e-08 2.459025730518640e-08 1.885151220245665e-08 1.369516642643693e-08 9.929319088768017e-08 1.136183428676209e-07 1.293684041147463e-07 1.465294714627751e-07 1.651903804479305e-07 1.855551715867938e-07 2.071386056155637e-07 2.305603669400369e-07 2.553495939071722e-07 2.814801474182813e-07 3.090982016616059e-07 3.377832850960296e-07 3.674215589243149e-07 3.977804280495114e-07 4.284586018101691e-07 4.590105782615161e-07 4.891548353218149e-07 5.180301830983641e-07 5.449653428660411e-07 5.694189053439114e-07 5.901993896544992e-07 6.066319447032716e-07 6.178476573374587e-07 6.231398222973161e-07 6.878406748985984e-07 6.149439489320349e-07 6.019391959706391e-07 5.838633643045170e-07 5.616287643630339e-07 5.363087336961566e-07
5.317092556407943e-06 1.138265186306846e-04 6.028630089085636e-04 3.033940435838157e-09 2.362041385372044e-09 1.734175525399663e-09 1.153309658823428e-09 6.216712644102119e-10 1.406322438924564e-10 -2.893788747091693e-10 -6.689463356491326e-10 -9.996841354043527e-10 -1.284219790067115e-09 -1.526141285300917e-09 -1.729905466453786e-09 -1.900711897480280e-09 -2.044288270116259e-09 -2.166487019217225e-09 -2.272534052302371e-09 -2.365803593717544e-09 -2.446208265078191e-09 -2.508790692198224e-09 -2.543662781804480e-09 -2.538547457009812e-09 -2.484200680318589e-09 -2.380816915688029e-09 -2.241542690010791e-09 -2.089559302677359e-09 -1.948589463910508e-09 -1.833245963462906e-09 -1.741264500362121e-09 -1.658526069489933e-09 -1.567092161533115e-09 1.498572153345570e-07 1.531121146479595e-07 1.557117036753936e-07 1.576029913514366e-07 1.587377207766813e-07 1.590738537474199e-07 1.585771427154543e-07 1.572228920621927e-07 1.549976999059862e-07 1.519012815318637e-07 1.479482896696485e-07 1.431700501147486e-07 1.376162354096829e-07 1.313563120612059e-07 1.244805851955260e-07 1.171004558844663e-07 1.093472338955531e-07 1.013683320039134e-07 9.331929157448439e-08 8.535007056286242e-08 7.758547969480937e-08 7.010354372806787e-08 6.292042364242834e-08 5.599308037517979e-08 4.924599076139389e-08 4.261416745745885e-08 3.609313654378909e-08 2.974423882756377e-08 2.369414233397083e-08 1.808992054999160e-08 8.525106220628983e-08 9.830953324105577e-08 1.126295943268433e-07 1.283312413715621e-07 1.455936897967466e-07 1.640223561170145e-07 1.842813253682093e-07 2.058515531914938e-07 2.288516736209746e-07 2.534888699186526e-07 2.793612662557055e-07 3.065490616595322e-07 3.348625845509229e-07 3.640535453008752e-07 3.938438573330977e-07 4.240932837757049e-07 4.541523369298871e-07 4.835634905048695e-07 5.119803042085222e-07 5.383986998645683e-07 5.622757256248107e-07 5.827184052727774e-07 5.988049760916871e-07 6.097109087598763e-07 6.149439489320349e-07 6.775268046594664e-07 6.070612158101511e-07 5.943522840618474e-07 5.767205134161497e-07 5.550802184622889e-07
5.476513953325497e-06 1.169069384320795e-04 6.180457444619976e-04 3.383289145391442e-09 2.696982107077045e-09 2.050613427210141e-09 1.447575897030113e-09 8.906653090611499e-10 3.819664874678219e-10 -7.726278313184823e-11 -4.866751755886848e-10 -8.468946676700688e-10 -1.159539636746575e-09 -1.427202157887567e-09 -1.653396474725046e-09 -1.842472195869727e-09 -1.999490495059344e-09 -2.130015911185475e-09 -2.239729911998976e-09 -2.333705754137322e-09 -2.415227373370570e-09 -2.484245873467786e-09 -2.536022345077993e-09 -2.561074339171153e-09 -2.547632997005795e-09 -2.486869230751009e-09 -2.379066187169121e-09 -2.236996995971971e-09 -2.083091931560418e-09 -1.940262412314902e-09 -1.822585223652048e-09 -1.727817585322703e-09 -1.642274423243359e-09 1.454007134384729e-07 1.490145863085810e-07 1.520362690881774e-07 1.544120987194730e-07 1.560918526498539e-07 1.570299757356921e-07 1.571870370044849e-07 1.565312342343312e-07 1.550400464235954e-07 1.527019471915174e-07 1.495181174754693e-07 1.455041838970185e-07 1.406918871507115e-07 1.351306660432513e-07 1.288890270245774e-07 1.220555458667779e-07 1.147390816059251e-07 1.070675943213661e-07 9.918448485186551e-08 9.124085704997046e-08 8.338227526628726e-08 7.572989674707451e-08 6.835957287769265e-08 6.128731059645960e-08 5.447187666021912e-08 4.784061709164548e-08 4.133101988838599e-08 3.493899268817037e-08 2.872395368420425e-08 2.280831536765309e-08 7.263250053031408e-08 8.445541408398877e-08 9.751138316570644e-08 1.119888096560913e-07 1.275184588912484e-07 1.447461374117700e-07 1.632398237765757e-07 1.831575245515796e-07 2.046666570348711e-07 2.275022178551139e-07 2.518037817654535e-07 2.774020900063863e-07 3.042355737033098e-07 3.320684117438479e-07 3.609097552281452e-07 3.902713130227688e-07 4.198319998378244e-07 4.494517492130946e-07 4.783319752540610e-07 5.061181233477955e-07 5.320985591506076e-07 5.554778742389726e-07 5.754075287024393e-07 5.911862651898572e-07 6.019391959706391e-07 6.070612158101510e-07 6.675200569744785e-07 5.993755114719355e-07 5.870487780019458e-07 5.698486115312130e-07
5.631485706742136e-06 1.198670558260149e-04 6.325067826311023e-04 3.733597445341979e-09 3.036725656567775e-09 2.375601081726681e-09 1.753896427697521e-09 1.174827467681419e-09 6.410302109137313e-10 1.544521571740033e-10 -2.837535470020974e-10 -6.733153255884601e-10 -1.014896736483851e-09 -1.310118368462417e-09 -1.561539429085629e-09 -1.772605821812490e-09 -1.947564861645805e-09 -2.091347606852562e-09 -2.209365703049019e-09 -2.307136363579958e-09 -2.389588658791894e-09 -2.459922114557129e-09 -2.518121164408999e-09 -2.559652893575261e-09 -2.575417351489885e-09 -2.554122232839216e-09 -2.487327716755707e-09 -2.375397295024861e-09 -2.230745028047810e-09 -2.075084923159455e-09 -1.930557528036590e-09 -1.810732406112843e-09 -1.713389636197089e-09 1.408309539578431e-07 1.447448713608618e-07 1.481268006664227e-07 1.509233902875830e-07 1.530836353712601e-07 1.545599802245710e-07 1.553094931164630e-07 1.552952281136613e-07 1.544877138555694e-07 1.528665053639240e-07 1.504218242409966e-07 1.471562104951717e-07 1.430861748829889e-07 1.382437880111370e-07 1.326782084700722e-07 1.264569749964704e-07 1.196669396995401e-07 1.124144870561201e-07 1.048243465154970e-07 9.703604085372641e-08 8.919641667809003e-08 8.144682869674310e-08 7.390491753153891e-08 6.664443949888841e-08 5.968123191102182e-08 5.297574486491225e-08 4.645801692157363e-08 4.006785838260259e-08 3.380151234520021e-08 2.771654142839530e-08 6.133503578940183e-08 7.203616330424699e-08 8.405458048980965e-08 9.698079829173584e-08 1.114752311635982e-07 1.271300979666605e-07 1.440819603889732e-07 1.625884942629518e-07 1.824199445521676e-07 2.036782885211430e-07 2.263282084224279e-07 2.503652279441434e-07 2.755739735470273e-07 3.021454997029558e-07 3.296321368833290e-07 3.578569108344723e-07 3.868379808408036e-07 4.159077347144554e-07 4.449113200685192e-07 4.733365948486848e-07 5.005695631151340e-07 5.259368865238334e-07 5.488592656200816e-07 5.684376155262924e-07 5.838633643045171e-07 5.943522840618474e-07 5.993755114719355e-07 6.579112792359762e-07 5.919772317368017e-07 5.798671628178187e-07
5.781677765377936e-06 1.227004063034102e-04 6.462140532554839e-04 4.081529661915626e-09 3.377795932293115e-09 2.705638773592497e-09 2.068892833095564e-09 1.471048456204405e-09 9.151508038959346e-10 4.036873935078191e-10 -6.152372446335866e-11 -4.794309384939754e-10 -8.498328357598241e-10 -1.173431441356408e-09 -1.451851120697681e-09 -1.687619273800395e-09 -1.884117972868109e-09 -2.045499106485287e-09 -2.176567896926724e-09 -2.282591311941002e-09 -2.368931958973091e-09 -2.440379344405306e-09 -2.500052682537590e-09 -2.547967378256079e-09 -2.579782512838369e-09 -2.586758844995055e-09 -2.558054072042252e-09 -2.485593307055717e-09 -2.369811204707063e-09 -2.222776846010027e-09 -2.065521722173951e-09 -1.919453428590224e-09 -1.797659614170710e-09 1.361960104277686e-07 1.403552773943574e-07 1.440394551504012e-07 1.471961890328867e-07 1.497746844111079e-07 1.517265328602362e-07 1.530067343638751e-07 1.535748711770476e-07 1.533963819955319e-07 1.524439888547778e-07 1.506991977470120e-07 1.481538606507437e-07 1.448117536368307e-07 1.406901765197299e-07 1.358214626051930e-07 1.302544255602408e-07 1.240556242466218e-07 1.173102207197164e-07 1.101221744897794e-07 1.026130942148463e-07 9.491877082121862e-08 8.718194804906038e-08 7.953993915916457e-08 7.210701069821078e-08 6.495488924232882e-08 5.809921371156290e-08 5.150200297666834e-08 4.509582665545438e-08 3.882267047596774e-08 3.267905518250528e-08 5.125770394287405e-08 6.114498097215189e-08 7.174411908572333e-08 8.381452854082705e-08 9.690974537494314e-08 1.111756573270708e-07 1.269005701773907e-07 1.438310327845991e-07 1.621558751716728e-07 1.818762382436453e-07 2.029512753491998e-07 2.252948972168711e-07 2.491555088042812e-07 2.741047714137295e-07 3.001408691218999e-07 3.273244683011712e-07 3.551260681630797e-07 3.835442195100866e-07 4.121948176622507e-07 4.406562982244596e-07 4.684485382062964e-07 4.951681457293812e-07 5.200850562744055e-07 5.425080064562137e-07 5.616287643630339e-07 5.767205134161497e-07 5.870487780019458e-07 5.919772317368017e-07 6.485318699758062e-07 5.847148552311880e-07
5.926792763099829e-06 1.254013883750144e-04 6.591406167762898e-04 4.424090092831539e-09 3.716972502359533e-09 3.037382119963308e-09 2.389204394027880e-09 1.776090862909105e-09 1.201361315397463e-09 6.678992847570903e-10 1.780485986665733e-10 -2.664942266677721e-10 -6.647751897958041e-10 -1.016661404165251e-09 -1.322890938036953e-09 -1.585092833395935e-09 -1.805765923254160e-09 -1.988229186491926e-09 -2.136544129940357e-09 -2.255397539382363e-09 -2.349916080818771e-09 -2.425315352116363e-09 -2.486252022221160e-09 -2.535766361916354e-09 -2.573902226841608e-09 -2.596500477850330e-09 -2.595161723742441e-09 -2.559467366495844e-09 -2.481685431248811e-09 -2.362314559696656e-09 -2.213092388716526e-09 -2.054398094692499e-09 -1.906941885175807e-09 1.315384094572661e-07 1.358926766836222e-07 1.398251964732518e-07 1.432851812551009e-07 1.462227168613589e-07 1.485894725411857e-07 1.503395411856615e-07 1.514303877123994e-07 1.518239745605215e-07 1.514879972633499e-07 1.503972436234244e-07 1.485350294268937e-07 1.458947151506712e-07 1.424812096140185e-07 1.383124908913080e-07 1.334210867225707e-07 1.278554335417265e-07 1.216810853654628e-07 1.149815443153989e-07 1.078584128192027e-07 1.004302678170246e-07 9.282930200747946e-08 8.519431601090132e-08 7.765873172924048e-08 7.033356130283828e-08 6.328856302519889e-08 5.653915443476744e-08 5.004881230766146e-08 4.375247161072427e-08 3.759415280581028e-08 4.258007499235921e-08 5.118253035945728e-08 6.114202906756692e-08 7.194085131180962e-08 8.381417179620219e-08 9.702133812228787e-08 1.113141219386231e-07 1.269107829946838e-07 1.437923634942347e-07 1.620007942535517e-07 1.814854451458505e-07 2.024622632522112e-07 2.246265322827090e-07 2.480314865534893e-07 2.727600673794992e-07 2.984504261026289e-07 3.251430066751395e-07 3.525888202042441e-07 3.805140028345384e-07 4.085629161719402e-07 4.365191105921009e-07 4.638393316034980e-07 4.900022825208422e-07 5.143632906355077e-07 5.363087336961566e-07 5.550802184622889e-07 5.698486115312130e-07 5.798671628178187e-07 5.847148552311880e-07 6.395236339461344e-07
