4.467146791071575e-07 4.101578686295224e-07 3.940706104469920e-07 3.763695767906926e-07 3.575163076659102e-07 3.379924726008218e-07 3.181872587854996e-07 2.984563374402799e-07 2.790288334344593e-07 2.601532057460685e-07 2.419242469472455e-07 2.244847931535470e-07 2.078593572168458e-07 1.920923814486835e-07 1.772284154525067e-07 1.632325594018818e-07 1.501116371887085e-07 1.378283708494572e-07 1.263732629584264e-07 1.156937784646709e-07 1.057454517201037e-07 9.653090340721511e-08 8.795855593533329e-08 8.001869156223952e-08 7.266922781868718e-08 6.586113998101765e-08 5.956534276597901e-08 5.374514885599447e-08 4.835914758858080e-08 4.338236567846250e-08 3.880519731547818e-08 3.699730385697689e-08 4.308863577454877e-08 4.907900478662393e-08 5.508197110839989e-08 6.120660011490118e-08 6.750685489072629e-08 7.396167776708467e-08 8.048557953278193e-08 8.695595218699901e-08 9.324160539828877e-08 9.922325858439356e-08 1.048040213075706e-07 1.099122050154129e-07 1.144998078111256e-07 1.185392456746667e-07 1.220197636587131e-07 1.249441218447485e-07 1.273257109372436e-07 1.291860764306625e-07 1.305527962854794e-07 1.314576646970826e-07 1.319351537218705e-07 1.320211348684690e-07 1.317518415421375e-07 1.311630560446375e-07 1.302894954942166e-07 1.291643706385229e-07 1.278190897120114e-07 1.262830792273804e-07 1.245836959028244e-07 1.227462067455685e-07 -8.153399411401460e-10 -9.217373043406242e-10 -1.055059978197760e-09 -1.149208754564351e-09 -1.157309570927653e-09 -1.068937910590979e-09 -9.061690725318506e-10 -7.063999041074304e-10 -5.043159042561117e-10 -3.214326568459315e-10 -1.645231272108817e-10 -2.952477218821410e-11 9.314698830968854e-11 2.143979001009900e-10 3.440332534302541e-10 4.897639840626553e-10 6.570370379139681e-10 8.492068868442793e-10 1.067808996168823e-09 1.312834234868841e-09 1.582996107176836e-09 1.875991746743189e-09 2.188753564426683e-09 2.517700971541174e-09 2.858964010696299e-09 3.208582422577584e-09 3.562669735471445e-09 3.917538761399716e-09 4.269792728678276e-09 4.616385843310419e-09 4.954657425159968e-09
4.101578686295224e-07 4.203754003039486e-07 3.861147644470475e-07 3.710654108805773e-07 3.544992954204439e-07 3.368320711205748e-07 3.185105273648464e-07 2.998894942170369e-07 2.813396217681192e-07 2.630603782624464e-07 2.452856040380873e-07 2.281166329509488e-07 2.116490452205133e-07 1.959766833962214e-07 1.811055569202339e-07 1.670590383447057e-07 1.538398426884148e-07 1.414455883162442e-07 1.298366118136809e-07 1.189917569003823e-07 1.089072231096113e-07 9.949811316879237e-08 9.076661495552598e-08 8.266644678684503e-08 7.515161589998226e-08 6.819277619882194e-08 6.174813943001482e-08 5.578606810392708e-08 5.027218677673235e-08 4.518950054761846e-08 4.045952826037001e-08 2.758681352540827e-08 3.360066434460384e-08 3.947240239405773e-08 4.525186037329249e-08 5.104492577155253e-08 5.695423187409026e-08 6.303105419414162e-08 6.925602199340680e-08 7.554870632871681e-08 8.179319694489095e-08 8.786502839191049e-08 9.365063071435956e-08 9.905736705061539e-08 1.040163181036140e-07 1.084809519763973e-07 1.124241048079861e-07 1.158346341721830e-07 1.187143138596626e-07 1.210751199885219e-07 1.229368931541338e-07 1.243253265230149e-07 1.252702386547894e-07 1.258041037477745e-07 1.259608260859102e-07 1.257747419740996e-07 1.252798332090994e-07 1.245091309381775e-07 1.234942847916262e-07 1.222652713895976e-07 1.208502156351494e-07 1.192753007308597e-07 -9.803311205411468e-10 -1.004991613743982e-09 -1.110237226244144e-09 -1.241517439799877e-09 -1.336255612663200e-09 -1.349504701570173e-09 -1.270595285189999e-09 -1.119777164282873e-09 -9.321683746609120e-10 -7.406866693256836e-10 -5.660115732547392e-10 -4.149354404190518e-10 -2.839496075327837e-10 -1.642178593347236e-10 -4.555493187131186e-11 8.126622236377430e-11 2.235500438403281e-10 3.864924929300102e-10 5.733273551938029e-10 7.855716760482986e-10 1.023278061149695e-09 1.285276645242443e-09 1.569421919592380e-09 1.872828674946322e-09 2.192106160396746e-09 2.523574273028783e-09 2.863452163440413e-09 3.208015995458866e-09 3.553721042089261e-09 3.897291482420307e-09 4.235777593276611e-09
3.940706104469920e-07 3.861147644470475e-07 3.958868696696560e-07 3.637312997521960e-07 3.496774412034891e-07 3.341718891530406e-07 3.175927079782186e-07 3.003951036669190e-07 2.828964215583336e-07 2.654454529086973e-07 2.482421309496384e-07 2.314682904974874e-07 2.152900404793847e-07 1.997621107475157e-07 1.849548877513849e-07 1.709097510799166e-07 1.576402269910425e-07 1.451448393101774e-07 1.334094796741797e-07 1.224422695332872e-07 1.121810493994553e-07 1.026220729018385e-07 9.372506805138150e-08 8.545591243039845e-08 7.778125056207691e-08 7.066221621694926e-08 6.406705974556997e-08 5.795660664603079e-08 5.232296148352667e-08 4.707944389473510e-08 4.226419358541881e-08 1.883828445886469e-08 2.469497518300078e-08 3.046793440979687e-08 3.611218827438793e-08 4.167323862786609e-08 4.725031786606325e-08 5.294036721111598e-08 5.879227559981712e-08 6.478822266320122e-08 7.085239042029851e-08 7.687497078024423e-08 8.273762256582328e-08 8.833196498560968e-08 9.356920681054900e-08 9.838290462906891e-08 1.027278020899400e-07 1.065770425908306e-07 1.099190470065427e-07 1.127546011475644e-07 1.150942989351282e-07 1.169563319721114e-07 1.183645785319560e-07 1.193469573359541e-07 1.199340222087092e-07 1.201577850921876e-07 1.200507551561004e-07 1.196451788635675e-07 1.189724617951193e-07 1.180627487714041e-07 1.169446383342440e-07 1.156450042310331e-07 -1.208586211072930e-09 -1.147838814055763e-09 -1.176002611672371e-09 -1.280173467121358e-09 -1.409328418967881e-09 -1.504224671891768e-09 -1.521809044632681e-09 -1.451300318214592e-09 -1.311348452675541e-09 -1.135010437417653e-09 -9.535738747216236e-10 -7.869256677390048e-10 -6.418426423590152e-10 -5.152960087930183e-10 -3.991162438888532e-10 -2.837591372700240e-10 -1.605128055921370e-10 -2.243316495805047e-11 1.354584563044584e-10 3.162990759137184e-10 5.215995540780947e-10 7.514783553797637e-10 1.004884367146345e-09 1.279823230345217e-09 1.573582631601589e-09 1.882952374575396e-09 2.204430372349031e-09 2.534403986059650e-09 2.869302865305454e-09 3.205714728545515e-09 3.540478989665942e-09
3.763695767906926e-07 3.710654108805773e-07 3.637312997521960e-07 3.731373105584779e-07 3.429295167473672e-07 3.297868436405866e-07 3.152731531273123e-07 2.997261609668726e-07 2.835734104708452e-07 2.671254715754828e-07 2.506726888962927e-07 2.344739004791408e-07 2.186656143301914e-07 2.033868713829901e-07 1.887250776552369e-07 1.747385336096412e-07 1.614626462150594e-07 1.488986533078293e-07 1.370907440175294e-07 1.259839542798531e-07 1.155860519379578e-07 1.058781476402100e-07 9.682094423414930e-08 8.838681925604064e-08 8.054827885257071e-08 7.326988674412217e-08 6.651533560022692e-08 6.027643531712144e-08 5.446262721872384e-08 4.912017854816230e-08 4.416118682260377e-08 1.087853789910205e-08 1.641882362068028e-08 2.201817596632887e-08 2.754633115593169e-08 3.295928866577734e-08 3.829890066597649e-08 4.365845694259800e-08 4.912970656001760e-08 5.475929417228270e-08 6.053073083246791e-08 6.637233629579602e-08 7.217982093890655e-08 7.784039707975693e-08 8.325038979425640e-08 8.832448506371796e-08 9.299846159637926e-08 9.722818346079335e-08 1.009870240549385e-07 1.042629486321076e-07 1.070557784180737e-07 1.093747769944102e-07 1.112365558457331e-07 1.126632573753156e-07 1.136809831958388e-07 1.143184490816688e-07 1.146058551545073e-07 1.145739609487043e-07 1.142533517409432e-07 1.136738788866097e-07 1.128642500710453e-07 1.118517498833250e-07 -1.458477238233866e-09 -1.347992532355396e-09 -1.296274874182638e-09 -1.327546359328928e-09 -1.430514676034896e-09 -1.557430897316798e-09 -1.652189121650163e-09 -1.673568548126279e-09 -1.610764080602109e-09 -1.480996757072475e-09 -1.315433761384077e-09 -1.143837815813493e-09 -9.853296118012012e-10 -8.466360403959629e-10 -7.251344648067211e-10 -6.132418662749715e-10 -5.019842453693262e-10 -3.831075355481375e-10 -2.499848257521721e-10 -9.782800527313045e-11 7.641769926206968e-11 2.742661903326568e-10 4.959001505202621e-10 7.403802445249124e-10 1.005854799686986e-09 1.289772083133582e-09 1.589089784905547e-09 1.900472517686527e-09 2.220463284941912e-09 2.545636739697993e-09 2.872706903480013e-09
3.575163076659102e-07 3.544992954204439e-07 3.496774412034891e-07 3.429295167473672e-07 3.519938982858320e-07 3.235914198731725e-07 3.113164281363652e-07 2.977243179392183e-07 2.831434531471552e-07 2.679378067879548e-07 2.524700253321079e-07 2.369791257181437e-07 2.216919426940771e-07 2.067731734382305e-07 1.923463235132849e-07 1.784905791919945e-07 1.652499088716603e-07 1.527033521826581e-07 1.408109471080225e-07 1.296149711408657e-07 1.191031491914169e-07 1.092475840985948e-07 1.000410789502309e-07 9.145125968435829e-08 8.344829326409393e-08 7.600682144790102e-08 6.911497875889981e-08 6.268559594821313e-08 5.676416485239343e-08 5.125914209172936e-08 4.616087025353811e-08 3.852474049428073e-09 8.891633871121110e-09 1.416801167849955e-08 1.951011645952667e-08 2.479370798194973e-08 2.997593789410120e-08 3.509544474451459e-08 4.024007902285405e-08 4.549674704313778e-08 5.090990913645456e-08 5.646416720072203e-08 6.209152773075358e-08 6.769268457133260e-08 7.315989123901696e-08 7.839375499613707e-08 8.331212706484650e-08 8.785280314829620e-08 9.197265199531277e-08 9.564523075225801e-08 9.885805314463382e-08 1.016100140175504e-07 1.039091081985835e-07 1.057704425780043e-07 1.072145066479165e-07 1.082656719330309e-07 1.089509043674972e-07 1.092986799311381e-07 1.093380950609422e-07 1.090981574721492e-07 1.086072444176068e-07 1.078927030304448e-07 -1.672012985423300e-09 -1.566122948287173e-09 -1.468714814692174e-09 -1.425087691823763e-09 -1.459046536128858e-09 -1.560759969339104e-09 -1.685502278906384e-09 -1.780099100459785e-09 -1.805073049442283e-09 -1.749645163440067e-09 -1.629738484724176e-09 -1.474769349677681e-09 -1.313067001595122e-09 -1.163003695745631e-09 -1.031220415467311e-09 -9.154364889200373e-10 -8.085837718416872e-10 -7.021937388242662e-10 -5.884224043946368e-10 -4.609281579705017e-10 -3.150910526104897e-10 -1.479305954211149e-10 4.206990447342827e-11 2.551532722579664e-10 4.904821628804432e-10 7.463359104455117e-10 1.020311790681395e-09 1.309521642866506e-09 1.610786439737481e-09 1.920796405907228e-09 2.236259427149008e-09
3.379924726008218e-07 3.368320711205748e-07 3.341718891530406e-07 3.297868436405866e-07 3.235914198731725e-07 3.323681366213057e-07 3.056348634501626e-07 2.941727443643928e-07 2.814125774186989e-07 2.677323997097146e-07 2.534401230029825e-07 2.388604789613685e-07 2.242548953132485e-07 2.098300292128018e-07 1.957384081810116e-07 1.820860442921627e-07 1.689933580229124e-07 1.564613665060625e-07 1.445656611193059e-07 1.333080340670867e-07 1.226938719235246e-07 1.127223152369519e-07 1.033719226664266e-07 9.463250401164371e-08 8.647412974997395e-08 7.889015736753895e-08 7.180448244239665e-08 6.525865366043212e-08 5.916444342637995e-08 5.351213183558345e-08 4.829008455235218e-08 -2.133451195793127e-09 2.250056878235032e-09 7.030530252448536e-09 1.204654147879809e-08 1.713546693418742e-08 2.217877888805176e-08 2.713479786392820e-08 3.203923193191295e-08 3.697487017532383e-08 4.202404441073080e-08 4.722906102248019e-08 5.257539045188421e-08 5.799832562913239e-08 6.340307673605718e-08 6.868649850753992e-08 7.375312237744673e-08 7.852370693348408e-08 8.293790199263957e-08 8.695349616583917e-08 9.054420410436635e-08 9.369710497441616e-08 9.641021372962525e-08 9.869032251091111e-08 1.005511131685469e-07 1.020115102803457e-07 1.030942482043371e-07 1.038246387534868e-07 1.042295292460179e-07 1.043364466206717e-07 1.041729118606703e-07 1.037659127683935e-07 -1.803724672558104e-09 -1.747814407037086e-09 -1.656188919562793e-09 -1.570495500332253e-09 -1.534166514257948e-09 -1.570578128804275e-09 -1.671205656695220e-09 -1.794095167177341e-09 -1.888793119476268e-09 -1.917461239722276e-09 -1.869372821104634e-09 -1.759263818293247e-09 -1.614916898583579e-09 -1.463305024531671e-09 -1.322071245140011e-09 -1.197740242037526e-09 -1.088315836836213e-09 -9.871850160942206e-10 -8.863338739559582e-10 -7.782873426860476e-10 -6.569654437398603e-10 -5.179045452767609e-10 -3.581936036638730e-10 -1.763165889873306e-10 2.802202508075790e-11 2.540778149279658e-10 5.002484821527398e-10 7.642698893751898e-10 1.043398623257451e-09 1.334598686254488e-09 1.634700916639238e-09
3.181872587854996e-07 3.185105273648463e-07 3.175927079782186e-07 3.152731531273123e-07 3.113164281363652e-07 3.056348634501627e-07 3.141567171770115e-07 2.889441173047571e-07 2.782397124546720e-07 2.662850493206273e-07 2.534183485059334e-07 2.399654560404483e-07 2.262254227396721e-07 2.124423293042236e-07 1.988010840265080e-07 1.854915389263252e-07 1.725739381589961e-07 1.601633246901937e-07 1.483003261687367e-07 1.370223983881084e-07 1.263421073612891e-07 1.162698405708197e-07 1.068015798078393e-07 9.791792195401136e-08 8.963090502401266e-08 8.186059336153889e-08 7.465315637844811e-08 6.793103463577297e-08 6.168135560392095e-08 5.589496244336259e-08 5.052122219214269e-08 -7.043226528153973e-09 -3.405437015293859e-09 7.351382843150708e-10 5.263058610895442e-09 1.002589730018018e-08 1.486926970983028e-08 1.967997053995179e-08 2.441742299887964e-08 2.911460561542990e-08 3.384955706818423e-08 3.870026877403438e-08 4.370692802338129e-08 4.885569167270839e-08 5.408480328727343e-08 5.930359438975665e-08 6.441314846378204e-08 6.932162000857425e-08 7.395246082041491e-08 7.824704182600853e-08 8.216400655422196e-08 8.567721383126518e-08 8.877333253775766e-08 9.144954972775921e-08 9.371152643190124e-08 9.557160465642433e-08 9.704723877870413e-08 9.815962555914788e-08 9.893252409285159e-08 9.939125421612708e-08 9.956186997479497e-08 9.947049665717542e-08 -1.835724061664654e-09 -1.850796928599313e-09 -1.807608290428167e-09 -1.728710347273623e-09 -1.653655751738198e-09 -1.624115925150663e-09 -1.663008755833917e-09 -1.762960327556334e-09 -1.884544807599597e-09 -1.979823466742920e-09 -2.012494853500373e-09 -1.971896749919839e-09 -1.871669737668067e-09 -1.738070006671104e-09 -1.596785787078281e-09 -1.464749561603290e-09 -1.348348318241538e-09 -1.245827052122385e-09 -1.150976558053974e-09 -1.056197070711037e-09 -9.543536825588664e-10 -8.396089402895572e-10 -7.076478487172692e-10 -5.556279589975562e-10 -3.820370150075524e-10 -1.865353659020041e-10 3.021751676212160e-11 2.667294177673397e-10 5.208615416353787e-10 7.900078100807759e-10 1.071266247083941e-09
2.984563374402799e-07 2.998894942170369e-07 3.003951036669190e-07 2.997261609668726e-07 2.977243179392183e-07 2.941727443643928e-07 2.889441173047571e-07 2.972349391523805e-07 2.734636413782260e-07 2.634391597680453e-07 2.522228202500417e-07 2.401254218739800e-07 2.274514746808651e-07 2.144732489882959e-07 2.014671764105314e-07 1.885685453598357e-07 1.759584499928014e-07 1.637337095528109e-07 1.519695872827463e-07 1.407156830502656e-07 1.300130287066803e-07 1.198705112437947e-07 1.102992228759336e-07 1.013170147972048e-07 9.285449432553108e-08 8.497539374445723e-08 7.759856340279986e-08 7.071611461602184e-08 6.432849982290397e-08 5.838249436784481e-08 5.286307619226602e-08 -1.091324449605269e-08 -8.040876635690168e-09 -4.622970667281180e-09 -7.174875654935682e-10 3.567267264100489e-09 8.087141823907135e-09 1.269534792058097e-08 1.728359566744010e-08 2.181231591925695e-08 2.631192413269378e-08 3.085599147760862e-08 3.551839684064913e-08 4.033726643716919e-08 4.529930835201967e-08 5.034544088383826e-08 5.538878396816633e-08 6.033433258439554e-08 6.509360585969672e-08 6.959256578756710e-08 7.377419306082765e-08 7.759793473441108e-08 8.103779013284914e-08 8.408005016023460e-08 8.672113291893128e-08 8.896564703594689e-08 9.082468627774473e-08 9.231433451974790e-08 9.345435516979429e-08 9.426705780836519e-08 9.477633488677083e-08 9.500686206752548e-08 -1.776231308519799e-09 -1.859028903091997e-09 -1.883639337395514e-09 -1.851716846293019e-09 -1.784385289649031e-09 -1.719241484566572e-09 -1.696276231198549e-09 -1.737911594856159e-09 -1.837775551024186e-09 -1.958748341140116e-09 -2.055211114733615e-09 -2.092297389032858e-09 -2.059418985316505e-09 -1.969203041222968e-09 -1.846475882936061e-09 -1.715711549181809e-09 -1.593158065244280e-09 -1.485049003533182e-09 -1.389837660868091e-09 -1.301681185626524e-09 -1.213359888400833e-09 -1.118056077874892e-09 -1.010160943042080e-09 -8.855010082337878e-10 -7.413032824177038e-10 -5.760616669077941e-10 -3.893968400164495e-10 -1.818941545422332e-10 4.505798108921785e-11 2.894372513886805e-10 5.487627652781759e-10
2.790288334344593e-07 2.813396217681192e-07 2.828964215583336e-07 2.835734104708452e-07 2.831434531471552e-07 2.814125774186989e-07 2.782397124546720e-07 2.734636413782260e-07 2.815170257074253e-07 2.590722495385011e-07 2.496920913800025e-07 2.391598698578039e-07 2.277580914713738e-07 2.158198313765523e-07 2.035631569708618e-07 1.912513353235826e-07 1.790523340539909e-07 1.671044429406317e-07 1.555107914834349e-07 1.443484705487650e-07 1.336617852602308e-07 1.234911629131155e-07 1.138666972889044e-07 1.047485871935934e-07 9.620585344965783e-08 8.816750565735087e-08 8.064298845536915e-08 7.362878060043941e-08 6.707681880754545e-08 6.098142995303968e-08 5.531705786493558e-08 -1.383389461887361e-08 -1.169073415906568e-08 -9.011567582373201e-09 -5.804725003122825e-09 -2.123667007975767e-09 1.929784737289691e-09 6.219051281143665e-09 1.060432947096431e-08 1.498186081087267e-08 1.931299454036392e-08 2.362574341132969e-08 2.798948855562246e-08 3.247422998266983e-08 3.711611377980788e-08 4.190230332179808e-08 4.677616372624769e-08 5.165431729880296e-08 5.644539439435074e-08 6.106405324489027e-08 6.543860657782252e-08 6.951355096105039e-08 7.324909920176442e-08 7.661939812358072e-08 7.961040236509595e-08 8.221782762403839e-08 8.444531421464691e-08 8.630280375821997e-08 8.780511054183935e-08 8.897066693356347e-08 8.982043308109000e-08 9.037696786457684e-08 -1.648430789111196e-09 -1.781138933440567e-09 -1.869901077194784e-09 -1.902854931396894e-09 -1.881152555792136e-09 -1.824596705321880e-09 -1.768940568447621e-09 -1.752560456184633e-09 -1.797352003874355e-09 -1.897808385453553e-09 -2.018910968326317e-09 -2.117184949001430e-09 -2.159104611968382e-09 -2.134161521359166e-09 -2.054046845405747e-09 -1.942252327814421e-09 -1.822105097562522e-09 -1.709199221458113e-09 -1.609610365507913e-09 -1.521973610029658e-09 -1.440782056487920e-09 -1.359168842148176e-09 -1.270612577062671e-09 -1.169722062071088e-09 -1.052458319536764e-09 -9.161151448059106e-10 -7.591981754281720e-10 -5.812910765321427e-10 -3.829116532005339e-10 -1.653554643292457e-10 6.946432896629800e-11
2.601532057460685e-07 2.630603782624465e-07 2.654454529086973e-07 2.671254715754828e-07 2.679378067879548e-07 2.677323997097146e-07 2.662850493206273e-07 2.634391597680453e-07 2.590722495385011e-07 2.669172766940767e-07 2.457018392985515e-07 2.369002378211450e-07 2.270146018147292e-07 2.162719189831342e-07 2.049887712964608e-07 1.934114374700177e-07 1.817563775765671e-07 1.701943830019435e-07 1.588625858642208e-07 1.478563917554710e-07 1.372506745568959e-07 1.271092868681828e-07 1.174208309021864e-07 1.082657903513082e-07 9.960156998334757e-08 9.144312450526842e-08 8.379619887728572e-08 7.662969994649181e-08 6.993427085474793e-08 6.368915685465412e-08 5.787447556157580e-08 -1.592494873845858e-08 -1.444058323274960e-08 -1.246329646818137e-08 -9.968042265476700e-09 -6.961050800902925e-09 -3.491780026903126e-09 3.438219648810613e-10 4.416106022798973e-09 8.591700640013068e-09 1.277103919205168e-08 1.691632479936900e-08 2.105333411199998e-08 2.524753351958363e-08 2.956528055817591e-08 3.404083710087366e-08 3.866175218099323e-08 4.337364422282149e-08 4.809638828495885e-08 5.274200627187217e-08 5.722809740882758e-08 6.148518819970658e-08 6.545921483964747e-08 6.911113252365724e-08 7.241525353198610e-08 7.535724541281965e-08 7.793219361106753e-08 8.014285585167767e-08 8.199811568808394e-08 8.351161515607059e-08 8.470055092175971e-08 8.558462540139523e-08 -1.478660345295572e-09 -1.639770230283865e-09 -1.775340513721158e-09 -1.869209734672920e-09 -1.909709911234599e-09 -1.897534694435012e-09 -1.851252434428312e-09 -1.804875597786501e-09 -1.795225161114807e-09 -1.843642999619382e-09 -1.945370001228071e-09 -2.067305437586639e-09 -2.167957904105410e-09 -2.215059301396452e-09 -2.198191458704389e-09 -2.128180917294630e-09 -2.027276778277795e-09 -1.917729775487871e-09 -1.814511389796631e-09 -1.723539513649138e-09 -1.643611159261321e-09 -1.569528078345951e-09 -1.494753249518052e-09 -1.413042079715874e-09 -1.319207482963140e-09 -1.209341889619031e-09 -1.080801945826728e-09 -9.321067163785899e-10 -7.628103515960252e-10 -5.733682393397704e-10 -3.649918961853067e-10
2.419242469472455e-07 2.452856040380873e-07 2.482421309496384e-07 2.506726888962927e-07 2.524700253321079e-07 2.534401230029825e-07 2.534183485059334e-07 2.522228202500417e-07 2.496920913800025e-07 2.457018392985515e-07 2.533315008168533e-07 2.332689781727345e-07 2.250166316942858e-07 2.157023626650392e-07 2.055800556166346e-07 1.949164736535911e-07 1.839566846235006e-07 1.729121487562175e-07 1.619427296668926e-07 1.511805767210633e-07 1.407382516930587e-07 1.306375418450618e-07 1.209910058639090e-07 1.117832777006973e-07 1.030406585083789e-07 9.479570592980849e-08 8.702291170828931e-08 7.972191833699293e-08 7.288813524882092e-08 6.649830493281675e-08 6.052755177635212e-08 -1.731481568066478e-08 -1.640384286832445e-08 -1.505929402175328e-08 -1.323844544726479e-08 -1.091585371252340e-08 -8.095989101712926e-09 -4.824757604381048e-09 -1.192778169327858e-09 2.676661260215677e-09 6.656137754892139e-09 1.064998795399249e-08 1.462122917273163e-08 1.859357209171777e-08 2.262883662502753e-08 2.678996821248814e-08 3.110944537544214e-08 3.557515108739827e-08 4.013478965555665e-08 4.471126964702218e-08 4.921979088386267e-08 5.358072195157783e-08 5.772668851172030e-08 6.160500734436053e-08 6.517736466247521e-08 6.841826483148810e-08 7.131314105473902e-08 7.385651975326406e-08 7.605035866922076e-08 7.790257039904618e-08 7.942571335946779e-08 8.063583560823926e-08 -1.289138043890466e-09 -1.460353790386380e-09 -1.622035811967703e-09 -1.759944421599653e-09 -1.858416242238820e-09 -1.905971778719439e-09 -1.902884091595045e-09 -1.866561520461286e-09 -1.829367603196441e-09 -1.826628990358093e-09 -1.879115272158347e-09 -1.982712079685793e-09 -2.106076331478670e-09 -2.209560828687558e-09 -2.262079617327098e-09 -2.253317626966819e-09 -2.193308943745526e-09 -2.103146047850706e-09 -2.004071309549864e-09 -1.910466717297430e-09 -1.828093398038475e-09 -1.755894533233814e-09 -1.688955558870232e-09 -1.621045125319752e-09 -1.546181025170296e-09 -1.459366475112841e-09 -1.356819061207679e-09 -1.235959636500580e-09 -1.095321269779160e-09 -9.344341525549658e-10 -7.536992459404639e-10
2.244847931535470e-07 2.281166329509488e-07 2.314682904974874e-07 2.344739004791408e-07 2.369791257181437e-07 2.388604789613685e-07 2.399654560404483e-07 2.401254218739800e-07 2.391598698578039e-07 2.369002378211450e-07 2.332689781727345e-07 2.407074480299445e-07 2.216873742356399e-07 2.139522301453889e-07 2.051786557294679e-07 1.956182205801188e-07 1.855298319309050e-07 1.751439154061809e-07 1.646633894083825e-07 1.542621903865990e-07 1.440169981379911e-07 1.340867415449328e-07 1.244878050033099e-07 1.152775056545458e-07 1.065141396253782e-07 9.818331811132526e-08 9.031050620391901e-08 8.289636376480434e-08 7.592641186859756e-08 6.939139579267944e-08 6.329805991275273e-08 -1.812729623887915e-08 -1.770214812310745e-08 -1.690716876396245e-08 -1.569305157747523e-08 -1.401766521393485e-08 -1.185538620193804e-08 -9.209218797802946e-09 -6.121904378484006e-09 -2.679201274909382e-09 1.001471851368169e-09 4.798222301302802e-09 8.619044527991334e-09 1.242774762016774e-08 1.624614152002937e-08 2.013265365667189e-08 2.414703702411314e-08 2.832008746697138e-08 3.263998390567042e-08 3.705637359095454e-08 4.149500833564430e-08 4.587408136910257e-08 5.011658407930229e-08 5.415714577807059e-08 5.794441910507823e-08 6.144081762804493e-08 6.462106635539118e-08 6.747041561111654e-08 6.998289813693930e-08 7.215974610551361e-08 7.400798009691325e-08 7.553915485444585e-08 -1.095677032058948e-09 -1.264229973752081e-09 -1.434519073315431e-09 -1.596534305972546e-09 -1.736548742171658e-09 -1.839367083268057e-09 -1.893687273556563e-09 -1.899391667060835e-09 -1.872800319201142e-09 -1.844715646778757e-09 -1.849029742204240e-09 -1.905932280901902e-09 -2.011870863220397e-09 -2.137117580971838e-09 -2.243747166942790e-09 -2.301793505171038e-09 -2.301056756782195e-09 -2.250846288660827e-09 -2.171179743922098e-09 -2.082353727807639e-09 -1.998193485591393e-09 -1.924304697567333e-09 -1.859759601218307e-09 -1.799908234863100e-09 -1.738801567425426e-09 -1.670703289425920e-09 -1.590799226472314e-09 -1.495425393189882e-09 -1.382066724093711e-09 -1.249274005172198e-09 -1.096557000211934e-09
2.078593572168458e-07 2.116490452205133e-07 2.152900404793847e-07 2.186656143301914e-07 2.216919426940771e-07 2.242548953132485e-07 2.262254227396721e-07 2.274514746808651e-07 2.277580914713738e-07 2.270146018147292e-07 2.250166316942858e-07 2.216873742356399e-07 2.289513971844928e-07 2.109110236198663e-07 2.036407493483889e-07 1.953680340386565e-07 1.863288327102685e-07 1.767708869408645e-07 1.669351713298540e-07 1.569659727244094e-07 1.470806413652831e-07 1.373480183275813e-07 1.278700272210050e-07 1.187350507078933e-07 1.099586191570577e-07 1.015909599811753e-07 9.364329349552064e-08 8.612605622089129e-08 7.903511699389568e-08 7.238551237368332e-08 6.614474074950151e-08 -1.847501231314087e-08 -1.845280192031439e-08 -1.812238885885307e-08 -1.743419658326890e-08 -1.633998557181965e-08 -1.479835290970472e-08 -1.278366701711739e-08 -1.029770253960311e-08 -7.380358135261633e-09 -4.112931408566769e-09 -6.073983757531032e-10 3.019512560270732e-09 6.679238663768122e-09 1.033636610812576e-08 1.401096005891972e-08 1.775829247368417e-08 2.163513188367431e-08 2.567069313666998e-08 2.985342709311494e-08 3.413480488118650e-08 3.844325850052658e-08 4.269981521149604e-08 4.682996401584937e-08 5.077025650389866e-08 5.447064353410259e-08 5.789426489768333e-08 6.101609158883369e-08 6.382123608573823e-08 6.630329568083359e-08 6.846284322904925e-08 7.030607874212682e-08 -9.084306522837943e-10 -1.066520838795881e-09 -1.233260638543517e-09 -1.402609031286136e-09 -1.564946781628028e-09 -1.707018208356532e-09 -1.814064245245866e-09 -1.874952929769463e-09 -1.889204808477557e-09 -1.872118259661481e-09 -1.853021890077679e-09 -1.864438899822652e-09 -1.925977957480430e-09 -2.034581115165092e-09 -2.162014929420382e-09 -2.271965962130911e-09 -2.335532277110150e-09 -2.342641994478309e-09 -2.301940506031850e-09 -2.232446850721588e-09 -2.153569175832246e-09 -2.078603424203842e-09 -2.013005172594035e-09 -1.955959225321016e-09 -1.903059787593358e-09 -1.848623880254198e-09 -1.787145081737709e-09 -1.713983434171764e-09 -1.625590347341923e-09 -1.519513110286643e-09 -1.394322892922740e-09
1.920923814486835e-07 1.959766833962214e-07 1.997621107475157e-07 2.033868713829901e-07 2.067731734382305e-07 2.098300292128018e-07 2.124423293042236e-07 2.144732489882959e-07 2.158198313765523e-07 2.162719189831342e-07 2.157023626650392e-07 2.139522301453889e-07 2.109110236198663e-07 2.179928784102109e-07 2.008631571517257e-07 1.940227993969897e-07 1.862104036391615e-07 1.776715546312093e-07 1.685930453563861e-07 1.592559362908074e-07 1.497935620128879e-07 1.403638431527864e-07 1.311050871905926e-07 1.220756884583639e-07 1.133547538235039e-07 1.049821038716844e-07 9.699203790028514e-08 8.939062203224636e-08 8.221671174152247e-08 7.544289570582707e-08 6.906413207997991e-08 -1.845713974040700e-08 -1.876254163648178e-08 -1.881636550026435e-08 -1.857175408005111e-08 -1.798037210192382e-08 -1.699513113996032e-08 -1.557544784794126e-08 -1.369580592351804e-08 -1.135693551749764e-08 -8.596160043496824e-09 -5.490661153566150e-09 -2.147349221145801e-09 1.321884595435019e-09 4.831727793511673e-09 8.347531995960261e-09 1.188776362096407e-08 1.550476248966966e-08 1.925251207577191e-08 2.315875075963560e-08 2.721219101330047e-08 3.136602910158289e-08 3.555123735660405e-08 3.969153721508101e-08 4.371480356188671e-08 4.755943727454277e-08 5.117665130550926e-08 5.453030764525768e-08 5.759564399658912e-08 6.035767352851524e-08 6.280960983762776e-08 6.495142711124041e-08 -7.335624403585790e-10 -8.768703621679438e-10 -1.032692348517005e-09 -1.197775526079197e-09 -1.366332404269967e-09 -1.529099275092303e-09 -1.673257272427503e-09 -1.784456069644791e-09 -1.851727020935128e-09 -1.874260086326769e-09 -1.866401162571587e-09 -1.856088732412607e-09 -1.874545058963787e-09 -1.940808051933705e-09 -2.052256947508852e-09 -2.182046087082934e-09 -2.295375765903404e-09 -2.364355583854251e-09 -2.379053306686862e-09 -2.347504581035131e-09 -2.287796226217853e-09 -2.218504268704641e-09 -2.152419843644234e-09 -2.094850743413405e-09 -2.045084705693596e-09 -1.998940753027702e-09 -1.950985883419243e-09 -1.895932077949191e-09 -1.829304307616662e-09 -1.747665833919596e-09 -1.648626771958893e-09
1.772284154525067e-07 1.811055569202339e-07 1.849548877513849e-07 1.887250776552369e-07 1.923463235132849e-07 1.957384081810116e-07 1.988010840265080e-07 2.014671764105314e-07 2.035631569708618e-07 2.049887712964608e-07 2.055800556166346e-07 2.051786557294679e-07 2.036407493483889e-07 2.008631571517257e-07 2.077687544265140e-07 1.914824768538293e-07 1.850563906523026e-07 1.776572249275231e-07 1.695698026580306e-07 1.609676992249556e-07 1.520696911952987e-07 1.430754855974700e-07 1.340971296352763e-07 1.252615679615106e-07 1.166496168823101e-07 1.083233346187848e-07 1.003162853419717e-07 9.269013356566783e-08 8.542739610673476e-08 7.854609402767538e-08 7.207528080847524e-08 -1.815932924174008e-08 -1.872537993114195e-08 -1.909052162612447e-08 -1.921179696760075e-08 -1.904361400260410e-08 -1.853892904978543e-08 -1.765184733991002e-08 -1.634265673431378e-08 -1.458604090412643e-08 -1.238183161466614e-08 -9.765005216728295e-09 -6.808931440196884e-09 -3.615792816836368e-09 -2.929395108173096e-10 3.077392218710211e-09 6.461312406652663e-09 9.875828108026529e-09 1.337056032029869e-08 1.699690044785645e-08 2.078121640605721e-08 2.471248295119497e-08 2.874553787873557e-08 3.281376907888331e-08 3.684346554692371e-08 4.076478362576863e-08 4.451790294709060e-08 4.805526215928502e-08 5.134143820229478e-08 5.435195205726676e-08 5.707175207540527e-08 5.949371493372558e-08 -5.746884809180212e-10 -7.010658810879687e-10 -8.419440945249625e-10 -9.957729746514557e-10 -1.159454541581405e-09 -1.327428586493224e-09 -1.490757045354533e-09 -1.637026805411696e-09 -1.752275790460306e-09 -1.825699610916008e-09 -1.856187872148575e-09 -1.857202660105464e-09 -1.855378326877311e-09 -1.880702666372265e-09 -1.951657488811165e-09 -2.066011901615272e-09 -2.198210741058806e-09 -2.314879064573423e-09 -2.389087911598440e-09 -2.411050752005698e-09 -2.388245794527561e-09 -2.337887086222595e-09 -2.277767412369010e-09 -2.220201207669845e-09 -2.170350335882727e-09 -2.127595813187098e-09 -2.087967160865056e-09 -2.046265172832325e-09 -1.997409007209429e-09 -1.937082098085409e-09 -1.861952724462245e-09
1.632325594018818e-07 1.670590383447057e-07 1.709097510799166e-07 1.747385336096412e-07 1.784905791919945e-07 1.820860442921627e-07 1.854915389263252e-07 1.885685453598357e-07 1.912513353235826e-07 1.934114374700177e-07 1.949164736535911e-07 1.956182205801187e-07 1.953680340386565e-07 1.940227993969897e-07 1.914824768538293e-07 1.982336676105310e-07 1.827193468628359e-07 1.766634957270024e-07 1.696781030727249e-07 1.619851052374366e-07 1.538222293995620e-07 1.453596526377823e-07 1.367830442000244e-07 1.282244987768390e-07 1.197919619764337e-07 1.115583525121369e-07 1.036118680971222e-07 9.596154540889094e-08 8.864746116831515e-08 8.170796573438901e-08 7.512184892982420e-08 -1.765451429426325e-08 -1.842252176205278e-08 -1.903422583564394e-08 -1.945093934075018e-08 -1.963092719929559e-08 -1.952989011440588e-08 -1.910209024949956e-08 -1.830283718791765e-08 -1.709331361720522e-08 -1.544846306382167e-08 -1.336733910721161e-08 -1.088276970129400e-08 -8.064584612786890e-09 -5.010542985454716e-09 -1.823720839646346e-09 1.416566898374800e-09 4.677188309013784e-09 7.973826114611173e-09 1.135358597069305e-08 1.486545327812925e-08 1.853452970309584e-08 2.235005703841392e-08 2.626844026106643e-08 3.022536680633506e-08 3.414957347749875e-08 3.797339864745789e-08 4.163873183426867e-08 4.509920082245147e-08 4.832008921885028e-08 5.127721503146043e-08 5.395549344237165e-08 -4.337804402119872e-10 -5.424246858185625e-10 -6.664124625199426e-10 -8.052114036036987e-10 -9.573649110946255e-10 -1.119909308575045e-09 -1.287488595108175e-09 -1.451468197717613e-09 -1.599819787449959e-09 -1.718952165499103e-09 -1.798230243908699e-09 -1.836278333573932e-09 -1.845739531236663e-09 -1.852026449795797e-09 -1.883958251555700e-09 -1.959475865227950e-09 -2.076697986322792e-09 -2.211270741775872e-09 -2.331158441714315e-09 -2.410349761555586e-09 -2.439206921822780e-09 -2.424694830169513e-09 -2.383214289911213e-09 -2.331819277914245e-09 -2.282372698286812e-09 -2.239895932004936e-09 -2.203853290784376e-09 -2.170471193354226e-09 -2.134771558422036e-09 -2.091866913098649e-09 -2.037591750082272e-09
1.501116371887085e-07 1.538398426884148e-07 1.576402269910425e-07 1.614626462150594e-07 1.652499088716603e-07 1.689933580229124e-07 1.725739381589961e-07 1.759584499928014e-07 1.790523340539909e-07 1.817563775765671e-07 1.839566846235006e-07 1.855298319309050e-07 1.863288327102685e-07 1.862104036391615e-07 1.850563906523026e-07 1.827193468628359e-07 1.893065792743732e-07 1.745423677467368e-07 1.688042880817904e-07 1.621988734251885e-07 1.548988729556118e-07 1.471260670037506e-07 1.390680083217050e-07 1.308888644424539e-07 1.227106960338007e-07 1.146656176637399e-07 1.068005232624243e-07 9.918107192136009e-08 9.187089406260417e-08 8.487017377141535e-08 7.821462983794546e-08 -1.700398972885112e-08 -1.792312284310877e-08 -1.872469847959941e-08 -1.937435337682917e-08 -1.983454937057005e-08 -2.006478446203455e-08 -2.002204902058102e-08 -1.966190072295912e-08 -1.894084578396935e-08 -1.782096950123426e-08 -1.627751882473390e-08 -1.430887084621699e-08 -1.194587944099535e-08 -9.255076138183324e-09 -6.330069040461643e-09 -3.269897985800028e-09 -1.510925896277955e-10 2.993978345201052e-09 6.179803467681305e-09 9.451164852437893e-09 1.285481604574365e-08 1.641469074243256e-08 2.012030136971036e-08 2.392954900771807e-08 2.778031093480989e-08 3.160365767786417e-08 3.533401484934106e-08 3.891491641687977e-08 4.230114358077850e-08 4.545867826692092e-08 4.836364924782764e-08 -3.116414832820865e-10 -4.026650805889880e-10 -5.091022538878747e-10 -6.310903184284718e-10 -7.681549186711855e-10 -9.189163006652258e-10 -1.080531729877209e-09 -1.247836110453823e-09 -1.412479798826348e-09 -1.562804398667200e-09 -1.685580722074336e-09 -1.770348400930655e-09 -1.815500329648813e-09 -1.832922883313604e-09 -1.846882805983383e-09 -1.885093967220231e-09 -1.964971630008759e-09 -2.084945168198112e-09 -2.221783911741821e-09 -2.344711033258991e-09 -2.428588338733033e-09 -2.463933564050423e-09 -2.457237456055806e-09 -2.424141058094610e-09 -2.381003972605353e-09 -2.339259768447345e-09 -2.303794198268749e-09 -2.274148161950307e-09 -2.246729202617096e-09 -2.216767389029063e-09 -2.179559235602983e-09
1.378283708494572e-07 1.414455883162441e-07 1.451448393101774e-07 1.488986533078293e-07 1.527033521826581e-07 1.564613665060625e-07 1.601633246901937e-07 1.637337095528109e-07 1.671044429406317e-07 1.701943830019435e-07 1.729121487562175e-07 1.751439154061809e-07 1.767708869408645e-07 1.776715546312093e-07 1.776572249275231e-07 1.766634957270024e-07 1.745423677467368e-07 1.809449339489565e-07 1.668765014233633e-07 1.614589285097381e-07 1.551874968099983e-07 1.482517334198923e-07 1.408501392023346e-07 1.331578011920901e-07 1.253606039325882e-07 1.175526106303285e-07 1.098417110466860e-07 1.023277233426362e-07 9.503555541056351e-08 8.802527663782861e-08 8.132696816251975e-08 -1.625853487552563e-08 -1.728530531370823e-08 -1.822772042041178e-08 -1.905566438315979e-08 -1.973583470350301e-08 -2.023184057768360e-08 -2.050440002999307e-08 -2.051177331096738e-08 -2.021079069482660e-08 -1.955913683708495e-08 -1.851979806883310e-08 -1.706835596922724e-08 -1.520259498800413e-08 -1.295154547599066e-08 -1.037865307770922e-08 -7.573616788901548e-09 -4.631652843681930e-09 -1.626625294272165e-09 1.409867518793178e-09 4.491240730665151e-09 7.660129930991760e-09 1.096121551677170e-08 1.441735110631269e-08 1.801832072036095e-08 2.172345286791236e-08 2.547271078869631e-08 2.919939170494982e-08 3.283991888633288e-08 3.633940932692569e-08 3.965376526269339e-08 4.274965948437935e-08 -2.081745354946063e-10 -2.823725862216431e-10 -3.714678772335592e-10 -4.760957735063394e-10 -5.964265682761872e-10 -7.320339529705022e-10 -8.816076704757994e-10 -1.042415543820473e-09 -1.209475774003901e-09 -1.374713950177332e-09 -1.526828871342826e-09 -1.652946621434053e-09 -1.742788329978090e-09 -1.794545188534738e-09 -1.819405088003201e-09 -1.840558532099836e-09 -1.884670231317169e-09 -1.968648709772258e-09 -2.091198164423726e-09 -2.230136548991347e-09 -2.355876505722557e-09 -2.444110242280329e-09 -2.485515113598698e-09 -2.486146429604471e-09 -2.460933228017421e-09 -2.425581365412238e-09 -2.391118135099506e-09 -2.362295150907123e-09 -2.338722675787684e-09 -2.316978362309056e-09 -2.292485274938401e-09
1.263732629584264e-07 1.298366118136809e-07 1.334094796741797e-07 1.370907440175294e-07 1.408109471080225e-07 1.445656611193059e-07 1.483003261687367e-07 1.519695872827462e-07 1.555107914834349e-07 1.588625858642207e-07 1.619427296668926e-07 1.646633894083825e-07 1.669351713298540e-07 1.685930453563861e-07 1.695698026580306e-07 1.696781030727249e-07 1.688042880817905e-07 1.668765014233633e-07 1.731264216305210e-07 1.596888823799370e-07 1.545669575706288e-07 1.486135639672462e-07 1.420052707699681e-07 1.349605681960667e-07 1.276242889565426e-07 1.201559226885126e-07 1.127003998230107e-07 1.053232967025467e-07 9.811949562334838e-08 9.114275292041727e-08 8.442202597690447e-08 -1.545952763709790e-08 -1.655721788464513e-08 -1.759858895415153e-08 -1.855761375750401e-08 -1.940513963486586e-08 -2.010891514995794e-08 -2.063367889557589e-08 -2.094134408610926e-08 -2.099141212435762e-08 -2.074195655707651e-08 -2.015181519748103e-08 -1.918486423535257e-08 -1.781703819601998e-08 -1.604559466969753e-08 -1.389786836109060e-08 -1.143440579796759e-08 -8.741212305741406e-09 -5.909872865519796e-09 -3.011696307185878e-09 -7.750496581787214e-11 2.905150159335680e-09 5.976917219716063e-09 9.180546745157427e-09 1.253789027810400e-08 1.603900211346113e-08 1.964457359578007e-08 2.329655630987298e-08 2.693037444656506e-08 3.048436666322753e-08 3.390517617828448e-08 3.714979692176327e-08 -1.225756775677338e-10 -1.812627104199222e-10 -2.538685156569422e-10 -3.414138184654196e-10 -4.445515838428743e-10 -5.634793809570889e-10 -6.978116552366173e-10 -8.463055056253232e-10 -1.006337198468395e-09 -1.173102277179035e-09 -1.338794256245990e-09 -1.492459327336870e-09 -1.621570972631367e-09 -1.716038217962332e-09 -1.773876332311869e-09 -1.805624556620543e-09 -1.833464993457757e-09 -1.883064646041109e-09 -1.970840941575375e-09 -2.095746014511943e-09 -2.236577303185083e-09 -2.364871398308593e-09 -2.457113914670181e-09 -2.504143337508058e-09 -2.511614168677499e-09 -2.493789608600137e-09 -2.465756145777821e-09 -2.438155162929889e-09 -2.415609262531217e-09 -2.397788459142301e-09 -2.381429129644796e-09
1.156937784646709e-07 1.189917569003823e-07 1.224422695332872e-07 1.259839542798531e-07 1.296149711408657e-07 1.333080340670867e-07 1.370223983881084e-07 1.407156830502656e-07 1.443484705487650e-07 1.478563917554710e-07 1.511805767210633e-07 1.542621903865990e-07 1.569659727244094e-07 1.592559362908074e-07 1.609676992249556e-07 1.619851052374366e-07 1.621988734251885e-07 1.614589285097382e-07 1.596888823799370e-07 1.657883636503181e-07 1.529483503180800e-07 1.480889469172148e-07 1.424419882746853e-07 1.361533564186585e-07 1.294136330898667e-07 1.224162555822791e-07 1.152763737854102e-07 1.081322047392624e-07 1.010765102266007e-07 9.417183323110704e-08 8.747212430276449e-08 -1.464004042251637e-08 -1.577808887162757e-08 -1.688311946439733e-08 -1.793295995406039e-08 -1.890244546686161e-08 -1.976337301008094e-08 -2.048452113026611e-08 -2.103173139184626e-08 -2.136808169143932e-08 -2.145428011573690e-08 -2.124960718620269e-08 -2.071402043853113e-08 -1.981226414924680e-08 -1.852063131925856e-08 -1.683590322468875e-08 -1.478382747700821e-08 -1.242221803747018e-08 -9.833583488073417e-09 -7.106055497348379e-09 -4.308493799428746e-09 -1.470945380678786e-09 1.418166866333225e-09 4.397646057357071e-09 7.508442390241281e-09 1.077147630337013e-08 1.417706995952878e-08 1.768721752468031e-08 2.124576956234728e-08 2.479018510715942e-08 2.826064259641140e-08 3.160525979452848e-08 -5.352221270433136e-11 -9.837346422024545e-11 -1.558256966226463e-10 -2.271793536928248e-10 -3.134563250731558e-10 -4.153208295683609e-10 -5.329970275657671e-10 -6.661408005155589e-10 -8.135756172078828e-10 -9.727858783965461e-10 -1.139141039818383e-09 -1.305094333080325e-09 -1.460030608333000e-09 -1.591761744212539e-09 -1.690386064717430e-09 -1.753769162372607e-09 -1.791845861361977e-09 -1.825849543007611e-09 -1.880502935007543e-09 -1.971747202362070e-09 -2.098757421322341e-09 -2.241250304008506e-09 -2.371824144259785e-09 -2.467722481940312e-09 -2.519947766717263e-09 -2.533781884078829e-09 -2.522863504797723e-09 -2.501695144866155e-09 -2.480548276143159e-09 -2.463920232092044e-09 -2.451534564259387e-09
1.057454517201037e-07 1.089072231096114e-07 1.121810493994553e-07 1.155860519379578e-07 1.191031491914169e-07 1.226938719235246e-07 1.263421073612891e-07 1.300130287066803e-07 1.336617852602308e-07 1.372506745568959e-07 1.407382516930587e-07 1.440169981379911e-07 1.470806413652831e-07 1.497935620128879e-07 1.520696911952987e-07 1.538222293995620e-07 1.548988729556118e-07 1.551874968099983e-07 1.545669575706289e-07 1.529483503180801e-07 1.588893123278696e-07 1.466191388344366e-07 1.420178113199888e-07 1.366279593190028e-07 1.306435914067456e-07 1.242095383990210e-07 1.175105185328346e-07 1.106868172346453e-07 1.038426896131607e-07 9.706961284615145e-08 9.045008234586917e-08 -1.382591208584760e-08 -1.497926435487373e-08 -1.611864206451469e-08 -1.722542770266530e-08 -1.827821071077248e-08 -1.925267263706732e-08 -2.012153854441439e-08 -2.085459055381554e-08 -2.141874143062448e-08 -2.177819687714238e-08 -2.189483021781109e-08 -2.172908439374376e-08 -2.124199471072065e-08 -2.039914329543085e-08 -1.917717682981238e-08 -1.757244007334144e-08 -1.560919022627920e-08 -1.334266097992025e-08 -1.085204874158185e-08 -8.222201323772832e-09 -5.519632759617791e-09 -2.773621062501743e-09 2.662174789277195e-11 2.918183159081843e-09 5.940331165654887e-09 9.113120590907119e-09 1.242714061285702e-08 1.584563330529347e-08 1.931426633991610e-08 2.277244930003301e-08 2.616212984501809e-08 6.455005184753661e-13 -3.224940905365461e-11 -7.621910469084043e-11 -1.327265764079439e-10 -2.030598284950576e-10 -2.882421093303159e-10 -3.889503883291144e-10 -5.054356621075678e-10 -6.373974310654299e-10 -7.837266490546499e-10 -9.420141267082915e-10 -1.107800521876767e-09 -1.273789686866483e-09 -1.429692729066265e-09 -1.563653996315275e-09 -1.665960094659715e-09 -1.734347187825601e-09 -1.778191207545955e-09 -1.817831354614727e-09 -1.877095062887721e-09 -1.971465251503298e-09 -2.100316294043503e-09 -2.244228275629532e-09 -2.376805554836947e-09 -2.476012796567900e-09 -2.533017099359562e-09 -2.552756821633607e-09 -2.548281120152312e-09 -2.533540194163806e-09 -2.518453180418662e-09 -2.507393513339781e-09
9.653090340721511e-08 9.949811316879237e-08 1.026220729018385e-07 1.058781476402099e-07 1.092475840985948e-07 1.127223152369519e-07 1.162698405708197e-07 1.198705112437947e-07 1.234911629131155e-07 1.271092868681828e-07 1.306375418450618e-07 1.340867415449328e-07 1.373480183275813e-07 1.403638431527864e-07 1.430754855974700e-07 1.453596526377824e-07 1.471260670037506e-07 1.482517334198924e-07 1.486135639672462e-07 1.480889469172148e-07 1.466191388344366e-07 1.524203373293660e-07 1.406558240530771e-07 1.363003280028953e-07 1.311706285230436e-07 1.254516632816520e-07 1.193119835409813e-07 1.129004948171353e-07 1.063543385141713e-07 9.979606997483418e-08 9.330605030684907e-08 -1.303677847903749e-08 -1.418522432820233e-08 -1.533498786554388e-08 -1.647065450324443e-08 -1.757427166898234e-08 -1.862517474481106e-08 -1.959987084246138e-08 -2.047198636213904e-08 -2.121227445466354e-08 -2.178868062823493e-08 -2.216649375423548e-08 -2.230870346065069e-08 -2.217686418977989e-08 -2.173304059783337e-08 -2.094361782110284e-08 -1.978558775498262e-08 -1.825489284144906e-08 -1.637439031867380e-08 -1.419687767646832e-08 -1.179841367088557e-08 -9.260724108989603e-09 -6.648077698045266e-09 -3.988992777568905e-09 -1.273396907001857e-09 1.534200404921404e-09 4.471495317665371e-09 7.557738491704907e-09 1.078378665437377e-08 1.411408039979223e-08 1.749602843306507e-08 2.087091192368866e-08 4.175789621335028e-11 1.887500686255715e-11 -1.346468437866701e-11 -5.678299923579108e-11 -1.125240075313000e-10 -1.819656872808282e-10 -2.661335808925865e-10 -3.657202475265366e-10 -4.810057018745489e-10 -6.117335797020022e-10 -7.568638116801549e-10 -9.140905840127206e-10 -1.079119077494657e-09 -1.244897998685649e-09 -1.401451125562263e-09 -1.537245735971599e-09 -1.642759966790437e-09 -1.715617725844057e-09 -1.764676601366534e-09 -1.809435482995286e-09 -1.872871089536811e-09 -1.970025133882568e-09 -2.100452396472938e-09 -2.245541572079199e-09 -2.379850070352147e-09 -2.482032446964940e-09 -2.543417360735322e-09 -2.568624946676570e-09 -2.570149707530925e-09 -2.561416675516409e-09 -2.552008935081587e-09
8.795855593533329e-08 9.076661495552598e-08 9.372506805138150e-08 9.682094423414930e-08 1.000410789502309e-07 1.033719226664266e-07 1.068015798078393e-07 1.102992228759336e-07 1.138666972889044e-07 1.174208309021864e-07 1.209910058639090e-07 1.244878050033099e-07 1.278700272210050e-07 1.311050871905926e-07 1.340971296352763e-07 1.367830442000244e-07 1.390680083217050e-07 1.408501392023346e-07 1.420052707699681e-07 1.424419882746853e-07 1.420178113199888e-07 1.406558240530771e-07 1.463265536626387e-07 1.350569681908464e-07 1.309114024261283e-07 1.260327805001176e-07 1.205699294039189e-07 1.146869853528722e-07 1.085493242277975e-07 1.022812201590379e-07 9.598704473435207e-08 -1.228703879558463e-08 -1.341456247159409e-08 -1.455545550080226e-08 -1.569712863523494e-08 -1.682474357333378e-08 -1.792099796927864e-08 -1.896595245572813e-08 -1.993691284926498e-08 -2.080837361388440e-08 -2.155201877114451e-08 -2.213678084321327e-08 -2.252898129377644e-08 -2.269267155844506e-08 -2.259046394075699e-08 -2.218540383808643e-08 -2.144464451928124e-08 -2.034551584480200e-08 -1.888359181624310e-08 -1.708041575403427e-08 -1.498648573520649e-08 -1.267488779381993e-08 -1.022437840295011e-08 -7.697077253321332e-09 -5.120753802448875e-09 -2.485983162416715e-09 2.412380439484989e-10 3.097137470266257e-09 6.100220277826016e-09 9.241611491708435e-09 1.248690405514061e-08 1.578517636844971e-08 7.167434092861836e-11 5.691679261575157e-11 3.430542900163951e-11 2.351444272078370e-12 -4.044121784382236e-11 -9.549951740597544e-11 -1.640949812651070e-10 -2.472581928164688e-10 -3.456983568118654e-10 -4.597269605753906e-10 -5.891308107932817e-10 -7.329360507873424e-10 -8.889402094706601e-10 -1.053004878711783e-09 -1.218314456071251e-09 -1.375197213850662e-09 -1.512432937767671e-09 -1.620692308243824e-09 -1.697505449520378e-09 -1.751247371770882e-09 -1.800626111013600e-09 -1.867811783706424e-09 -1.967418208243519e-09 -2.099162532027124e-09 -2.245195015753972e-09 -2.380973648147655e-09 -2.485812131380208e-09 -2.551199772032738e-09 -2.581459281992589e-09 -2.588562531869854e-09 -2.585437576578718e-09
8.001869156223951e-08 8.266644678684503e-08 8.545591243039845e-08 8.838681925604063e-08 9.145125968435829e-08 9.463250401164368e-08 9.791792195401136e-08 1.013170147972048e-07 1.047485871935934e-07 1.082657903513082e-07 1.117832777006973e-07 1.152775056545458e-07 1.187350507078933e-07 1.220756884583638e-07 1.252615679615106e-07 1.282244987768390e-07 1.308888644424539e-07 1.331578011920901e-07 1.349605681960667e-07 1.361533564186585e-07 1.366279593190028e-07 1.363003280028953e-07 1.350569681908464e-07 1.405813422944865e-07 1.297848411154938e-07 1.258426608926090e-07 1.211795904496623e-07 1.159606062424615e-07 1.103357827698006e-07 1.044506523908297e-07 9.843251405789848e-08 -1.158673969620103e-08 -1.268090535940435e-08 -1.379774368015375e-08 -1.492711076813897e-08 -1.605691394119803e-08 -1.717287658374595e-08 -1.825832593315767e-08 -1.929402067525795e-08 -2.025803090247403e-08 -2.112567866040119e-08 -2.186953283892137e-08 -2.245946184634615e-08 -2.286276679471136e-08 -2.304450703754220e-08 -2.296830073180511e-08 -2.259812975087158e-08 -2.190188532458092e-08 -2.085723039197736e-08 -1.945940433423913e-08 -1.772871820890299e-08 -1.571349867808355e-08 -1.348401400851546e-08 -1.111619450558369e-08 -8.670100643210168e-09 -6.172763984059152e-09 -3.615344163746271e-09 -9.652220344057528e-10 1.812457459517074e-09 4.735508286648862e-09 7.795324150094652e-09 1.095860590444424e-08 9.218700020595792e-11 8.380620998334238e-11 6.908450194407460e-11 4.663235565430980e-11 1.498877674107180e-11 -2.732087938091451e-11 -8.170992727897993e-11 -1.494451004535108e-10 -2.315649770295944e-10 -3.287949364158864e-10 -4.414760676040573e-10 -5.694402956462760e-10 -7.117755590548057e-10 -8.663789877465227e-10 -1.029265686653787e-09 -1.193845891344565e-09 -1.350742971473934e-09 -1.489042116893437e-09 -1.599605318871667e-09 -1.679884846663180e-09 -1.737808182782182e-09 -1.791335174908632e-09 -1.861869556410238e-09 -1.963613803138876e-09 -2.096428231993287e-09 -2.243180013211575e-09 -2.380181319566506e-09 -2.487373663956632e-09 -2.556405418556563e-09 -2.591323741614452e-09 -2.603607015981216e-09
7.266922781868718e-08 7.515161589998226e-08 7.778125056207691e-08 8.054827885257071e-08 8.344829326409393e-08 8.647412974997393e-08 8.963090502401265e-08 9.285449432553108e-08 9.620585344965783e-08 9.960156998334757e-08 1.030406585083789e-07 1.065141396253782e-07 1.099586191570576e-07 1.133547538235039e-07 1.166496168823101e-07 1.197919619764337e-07 1.227106960338007e-07 1.253606039325882e-07 1.276242889565426e-07 1.294136330898667e-07 1.306435914067456e-07 1.311706285230436e-07 1.309114024261283e-07 1.297848411154938e-07 1.351749328270554e-07 1.248041447014552e-07 1.210556784818136e-07 1.166114831685124e-07 1.116164449913499e-07 1.062225346323172e-07 1.005769311207174e-07 -1.094235975154896e-08 -1.199375353332979e-08 -1.307482786663396e-08 -1.417752283587268e-08 -1.529212111228688e-08 -1.640701167678738e-08 -1.750845849644960e-08 -1.858039015130611e-08 -1.960422895103138e-08 -2.055876899002651e-08 -2.142011403032698e-08 -2.216166951428811e-08 -2.275418933413307e-08 -2.316590321370938e-08 -2.336282955092085e-08 -2.330954651972473e-08 -2.297093335375895e-08 -2.231559355525374e-08 -2.132152002487828e-08 -1.998364916813117e-08 -1.832113627962374e-08 -1.638025554771408e-08 -1.422860060649095e-08 -1.193940895495852e-08 -9.570765527716801e-09 -7.148974089433842e-09 -4.665721194929680e-09 -2.089677159949396e-09 6.127290827469285e-10 3.458669441195839e-09 6.439804721439403e-09 1.049508619950444e-10 1.013897674782007e-10 9.286103143672069e-11 7.811567974952221e-11 5.579169442818245e-11 2.445183239857171e-11 -1.735941502492153e-11 -7.104529661979956e-11 -1.378678258746937e-10 -2.188721655856864e-10 -3.148023396335710e-10 -4.260254956709335e-10 -5.524168198379004e-10 -6.931266837007225e-10 -8.461471096498146e-10 -1.007642382445708e-09 -1.171242219857365e-09 -1.327854365295252e-09 -1.466861611506882e-09 -1.579317680226206e-09 -1.662607893832820e-09 -1.724243216398334e-09 -1.781478482870574e-09 -1.854985783773660e-09 -1.958571061740649e-09 -2.092223059509920e-09 -2.239482276134348e-09 -2.377471539676473e-09 -2.486733482287932e-09 -2.559073091104004e-09 -2.598280436692402e-09
6.586113998101765e-08 6.819277619882194e-08 7.066221621694924e-08 7.326988674412217e-08 7.600682144790102e-08 7.889015736753895e-08 8.186059336153889e-08 8.497539374445723e-08 8.816750565735087e-08 9.144312450526842e-08 9.479570592980849e-08 9.818331811132526e-08 1.015909599811753e-07 1.049821038716845e-07 1.083233346187848e-07 1.115583525121369e-07 1.146656176637399e-07 1.175526106303285e-07 1.201559226885126e-07 1.224162555822791e-07 1.242095383990210e-07 1.254516632816520e-07 1.260327805001176e-07 1.258426608926090e-07 1.248041447014552e-07 1.300676328417158e-07 1.201148485619335e-07 1.165425895821568e-07 1.122919132207850e-07 1.075091071726622e-07 1.023438737181227e-07 -1.035748974695833e-08 -1.135922908025114e-08 -1.239576163779779e-08 -1.346078389193489e-08 -1.454660184677060e-08 -1.564390880243415e-08 -1.674155286223067e-08 -1.782631017222692e-08 -1.888267650088705e-08 -1.989269790453218e-08 -2.083584985401753e-08 -2.168897267330199e-08 -2.242626194790047e-08 -2.301931172177597e-08 -2.343723565949767e-08 -2.364696802250308e-08 -2.361400692259005e-08 -2.330409410274987e-08 -2.268652158788857e-08 -2.173960959605184e-08 -2.045802022809078e-08 -1.885982217162408e-08 -1.698934678092282e-08 -1.491164529850450e-08 -1.269738578470423e-08 -1.040275658672457e-08 -8.053344605098358e-09 -5.641311093690646e-09 -3.136529607729840e-09 -5.066327108615623e-10 2.264953218757441e-09 1.114471087823841e-10 1.113665491670458e-10 1.075238293646725e-10 9.883244986794585e-11 8.406962870226359e-11 6.189817406287092e-11 3.090051872402162e-11 -1.036032519046709e-11 -6.327669339449269e-11 -1.291089165589693e-10 -2.089056714193124e-10 -3.034282957711988e-10 -4.130715394099580e-10 -5.377509507606290e-10 -6.766783578906912e-10 -8.279392240304347e-10 -9.878411492490562e-10 -1.150226424701014e-09 -1.306278946170463e-09 -1.445667981776099e-09 -1.559637557824428e-09 -1.645519160420378e-09 -1.710432697306607e-09 -1.770966978295625e-09 -1.847097708255441e-09 -1.952246366159499e-09 -2.086516694052488e-09 -2.234085045259541e-09 -2.372843709111111e-09 -2.483909624198103e-09 -2.559242264680609e-09
5.956534276597901e-08 6.174813943001482e-08 6.406705974556997e-08 6.651533560022692e-08 6.911497875889981e-08 7.180448244239665e-08 7.465315637844811e-08 7.759856340279986e-08 8.064298845536916e-08 8.379619887728572e-08 8.702291170828931e-08 9.031050620391901e-08 9.364329349552064e-08 9.699203790028514e-08 1.003162853419717e-07 1.036118680971222e-07 1.068005232624243e-07 1.098417110466860e-07 1.127003998230107e-07 1.152763737854102e-07 1.175105185328346e-07 1.193119835409813e-07 1.205699294039189e-07 1.211795904496623e-07 1.210556784818136e-07 1.201148485619335e-07 1.252504066694784e-07 1.156800108935892e-07 1.122745078234336e-07 1.082168289808492e-07 1.036345178856041e-07 -9.833408827165694e-09 -1.078072286139978e-08 -1.176638881167804e-08 -1.278557396299501e-08 -1.383228842731018e-08 -1.489918605403166e-08 -1.597734748787278e-08 -1.705605141867114e-08 -1.812255221375752e-08 -1.916187622532254e-08 -2.015665400297319e-08 -2.108700158919257e-08 -2.193045571513472e-08 -2.266196200639177e-08 -2.325391499456224e-08 -2.367627348016741e-08 -2.389684911103227e-08 -2.388202291152082e-08 -2.359836700655399e-08 -2.301583897122819e-08 -2.211308151064062e-08 -2.088450740129524e-08 -1.934716115729610e-08 -1.754353149317451e-08 -1.553625048379023e-08 -1.339353265583511e-08 -1.116974479107559e-08 -8.889769669416204e-09 -6.546197443280885e-09 -4.110027058901293e-09 -1.550022331958683e-09 1.129680704584270e-10 1.152518243962920e-10 1.148015299144254e-10 1.106988198397278e-10 1.018818404332650e-10 8.714965765756424e-11 6.518896508313928e-11 3.460229511217243e-11 -6.032410902683888e-12 -5.809405923164944e-11 -1.228405258905336e-10 -2.013260796675566e-10 -2.943270170466018e-10 -4.022656064226307e-10 -5.250980670159948e-10 -6.620950089448306e-10 -8.114330962227982e-10 -9.695597074524341e-10 -1.130519592338555e-09 -1.285763500737598e-09 -1.425239827513937e-09 -1.540377965337813e-09 -1.628466081656488e-09 -1.696259013406225e-09 -1.759713597198019e-09 -1.838142128037183e-09 -1.944596268235308e-09 -2.079282186203513e-09 -2.226975781691519e-09 -2.366300844662968e-09 -2.478924522180390e-09
5.374514885599448e-08 5.578606810392709e-08 5.795660664603079e-08 6.027643531712144e-08 6.268559594821315e-08 6.525865366043212e-08 6.793103463577297e-08 7.071611461602182e-08 7.362878060043941e-08 7.662969994649181e-08 7.972191833699293e-08 8.289636376480434e-08 8.612605622089129e-08 8.939062203224636e-08 9.269013356566784e-08 9.596154540889095e-08 9.918107192136009e-08 1.023277233426362e-07 1.053232967025467e-07 1.081322047392624e-07 1.106868172346453e-07 1.129004948171353e-07 1.146869853528722e-07 1.159606062424616e-07 1.166114831685124e-07 1.165425895821568e-07 1.156800108935892e-07 1.206933011624593e-07 1.114951972244054e-07 1.082468333229933e-07 1.043544060013328e-07 -9.369562533825276e-09 -1.025944220147547e-08 -1.118995945946320e-08 -1.215751251570644e-08 -1.315753656206568e-08 -1.418433579458652e-08 -1.523088780067390e-08 -1.628863164248711e-08 -1.734724550280517e-08 -1.839442851663431e-08 -1.941570269633512e-08 -2.039424869587150e-08 -2.131078849386203e-08 -2.214352060049966e-08 -2.286810631861999e-08 -2.345770562387221e-08 -2.388308674732960e-08 -2.411290333407816e-08 -2.411438406784404e-08 -2.385489918357974e-08 -2.330504857931518e-08 -2.244379064179547e-08 -2.126530954345351e-08 -1.978568293354899e-08 -1.804565020016873e-08 -1.610553967452741e-08 -1.403122248337390e-08 -1.187531672499197e-08 -9.662015946978964e-09 -7.384299627010690e-09 -5.014222903296858e-09 1.106151569251331e-10 1.143635152347444e-10 1.162293783889481e-10 1.154599134640774e-10 1.111566981323059e-10 1.022814522996103e-10 8.765531356651963e-11 6.598492296913843e-11 3.589501862638168e-11 -4.021286115828985e-12 -5.513214976923790e-11 -1.186912024635457e-10 -1.957587633932053e-10 -2.871269754212726e-10 -3.932438294088357e-10 -5.141056737391906e-10 -6.490414226110577e-10 -7.963132711324760e-10 -9.525035907784922e-10 -1.111853379882789e-09 -1.266068125785481e-09 -1.405366849746905e-09 -1.521361796835020e-09 -1.611304900360832e-09 -1.681609684831107e-09 -1.747635670938888e-09 -1.828062275961669e-09 -1.935583892284177e-09 -2.070498367035195e-09 -2.218148687283483e-09 -2.357854842388873e-09
4.835914758858080e-08 5.027218677673235e-08 5.232296148352666e-08 5.446262721872383e-08 5.676416485239343e-08 5.916444342637995e-08 6.168135560392095e-08 6.432849982290399e-08 6.707681880754545e-08 6.993427085474793e-08 7.288813524882092e-08 7.592641186859756e-08 7.903511699389568e-08 8.221671174152247e-08 8.542739610673476e-08 8.864746116831515e-08 9.187089406260417e-08 9.503555541056351e-08 9.811949562334838e-08 1.010765102266007e-07 1.038426896131608e-07 1.063543385141713e-07 1.085493242277975e-07 1.103357827698006e-07 1.116164449913500e-07 1.122919132207850e-07 1.122745078234336e-07 1.114951972244054e-07 1.163907297284890e-07 1.075282456770735e-07 1.044294518616121e-07 -8.963953252777920e-09 -9.794864543809513e-09 -1.066765056437669e-08 -1.157974447945158e-08 -1.252777332663423e-08 -1.350741911363450e-08 -1.451325489442337e-08 -1.553855526611717e-08 -1.657508918784214e-08 -1.761290477926242e-08 -1.864011719135925e-08 -1.964271515872120e-08 -2.060440037476202e-08 -2.150647165933245e-08 -2.232775910134224e-08 -2.304460824442316e-08 -2.363091243755817e-08 -2.405821542296220e-08 -2.429597761816092e-08 -2.431224075867260e-08 -2.407514081272085e-08 -2.355589567015145e-08 -2.273377184743567e-08 -2.160274355205729e-08 -2.017797470706998e-08 -1.849854351710728e-08 -1.662258435735375e-08 -1.461373029685596e-08 -1.252292198266215e-08 -1.037368149511261e-08 -8.159344888040971e-09 1.053068915624602e-10 1.098220217349638e-10 1.131384513051735e-10 1.146567636110563e-10 1.136447989602826e-10 1.092242467736050e-10 1.003762982690907e-10 8.594607544216794e-11 6.466008884344942e-11 3.516213991124478e-11 -3.938215129164846e-12 -5.399943623984671e-11 -1.162723862727133e-10 -1.918221822748457e-10 -2.814568626684384e-10 -3.856505521423819e-10 -5.044356929005703e-10 -6.371976461279392e-10 -7.822821941956509e-10 -9.363989279587238e-10 -1.093977828144542e-09 -1.246970073391288e-09 -1.385854699119082e-09 -1.502423819277445e-09 -1.593902244039520e-09 -1.666383590443163e-09 -1.734660840356931e-09 -1.816809872324792e-09 -1.925181179309592e-09 -2.060154859622918e-09 -2.207609431424759e-09
4.338236567846250e-08 4.518950054761846e-08 4.707944389473510e-08 4.912017854816230e-08 5.125914209172937e-08 5.351213183558345e-08 5.589496244336260e-08 5.838249436784481e-08 6.098142995303968e-08 6.368915685465412e-08 6.649830493281675e-08 6.939139579267944e-08 7.238551237368332e-08 7.544289570582707e-08 7.854609402767538e-08 8.170796573438902e-08 8.487017377141536e-08 8.802527663782861e-08 9.114275292041727e-08 9.417183323110704e-08 9.706961284615144e-08 9.979606997483418e-08 1.022812201590379e-07 1.044506523908297e-07 1.062225346323172e-07 1.075091071726622e-07 1.082168289808492e-07 1.082468333229933e-07 1.075282456770735e-07 1.123116776910807e-07 1.037827212144227e-07 -8.613455211449796e-09 -9.385107151158484e-09 -1.019899615829502e-08 -1.105343667862796e-08 -1.194605540037542e-08 -1.287368533692083e-08 -1.383223160920813e-08 -1.481651127444317e-08 -1.582007064954301e-08 -1.683498463381122e-08 -1.785164752987776e-08 -1.885856684995087e-08 -1.984217441049328e-08 -2.078666805788184e-08 -2.167389704208573e-08 -2.248329558655503e-08 -2.319186363815576e-08 -2.377419588010699e-08 -2.420257829209103e-08 -2.444724301279481e-08 -2.447700993875139e-08 -2.426074936765864e-08 -2.377027367589897e-08 -2.298514982531470e-08 -2.189915997081219e-08 -2.052660519785204e-08 -1.890498648921731e-08 -1.709034923689806e-08 -1.514419031602202e-08 -1.311584372098965e-08 -1.102818058620734e-08 9.779306392293531e-11 1.025601043866520e-10 1.066543591909658e-10 1.096233203180157e-10 1.108841028748537e-10 1.097210435875516e-10 1.052778011479922e-10 9.655481845984482e-11 8.241780446511264e-11 6.161409722312650e-11 3.280507109005932e-11 -5.385290741910107e-12 -5.430507052113687e-11 -1.152030032456451e-10 -1.891499869263091e-10 -2.769665113382245e-10 -3.791518648568010e-10 -4.957742485426700e-10 -6.262704973453720e-10 -7.690667971673871e-10 -9.209951124732945e-10 -1.076665102045035e-09 -1.228264697708383e-09 -1.366525585585398e-09 -1.483416036841955e-09 -1.576140300424767e-09 -1.650492424030590e-09 -1.720728849158592e-09 -1.804349805151267e-09 -1.913373354737269e-09 -2.048253543138557e-09
3.880519731547817e-08 4.045952826037002e-08 4.226419358541881e-08 4.416118682260377e-08 4.616087025353811e-08 4.829008455235218e-08 5.052122219214267e-08 5.286307619226602e-08 5.531705786493558e-08 5.787447556157580e-08 6.052755177635212e-08 6.329805991275273e-08 6.614474074950152e-08 6.906413207997991e-08 7.207528080847524e-08 7.512184892982420e-08 7.821462983794544e-08 8.132696816251975e-08 8.442202597690447e-08 8.747212430276449e-08 9.045008234586917e-08 9.330605030684908e-08 9.598704473435207e-08 9.843251405789848e-08 1.005769311207174e-07 1.023438737181227e-07 1.036345178856041e-07 1.043544060013328e-07 1.044294518616121e-07 1.037827212144227e-07 1.084428732005797e-07 -8.314066868270282e-09 -9.027224049040469e-09 -9.782238769723450e-09 -1.057818632495082e-08 -1.141354304050688e-08 -1.228610728439705e-08 -1.319289560500589e-08 -1.413001394326054e-08 -1.509250299131630e-08 -1.607416115970110e-08 -1.706735022448426e-08 -1.806279197298151e-08 -1.904936653136583e-08 -2.001392755870252e-08 -2.094114665565861e-08 -2.181339843946528e-08 -2.261069362848059e-08 -2.331065719661303e-08 -2.388855316966648e-08 -2.431737620131727e-08 -2.456809632889669e-08 -2.461027829955832e-08 -2.441349678136350e-08 -2.395013708108209e-08 -2.320006039883319e-08 -2.215687468297440e-08 -2.083406741429129e-08 -1.926764345006851e-08 -1.751166086884772e-08 -1.562557914082652e-08 -1.365719473595458e-08 8.867173055481048e-11 9.333515694913590e-11 9.771410956418534e-11 1.014821077709843e-10 1.041991160299161e-10 1.053006536065904e-10 1.040872833556100e-10 9.972110882688935e-11 9.122264531898215e-11 7.747646103302738e-11 5.724837191684601e-11 2.921758734475614e-11 -7.978645802729924e-12 -5.567960237421646e-11 -1.151290221052087e-10 -1.874031953628351e-10 -2.733353576556992e-10 -3.734458627059012e-10 -4.878370512862366e-10 -6.159950895867917e-10 -7.564211659005327e-10 -9.060647311154839e-10 -1.059709135481396e-09 -1.209769914799700e-09 -1.347222607030545e-09 -1.464208374484727e-09 -1.557917945697911e-09 -1.633864838743719e-09 -1.705795603405077e-09 -1.790661289896026e-09 -1.900161098052054e-09
3.699730385697689e-08 2.758681352540827e-08 1.883828445886469e-08 1.087853789910205e-08 3.852474049428073e-09 -2.133451195793127e-09 -7.043226528153973e-09 -1.091324449605269e-08 -1.383389461887361e-08 -1.592494873845857e-08 -1.731481568066477e-08 -1.812729623887914e-08 -1.847501231314087e-08 -1.845713974040700e-08 -1.815932924174008e-08 -1.765451429426325e-08 -1.700398972885112e-08 -1.625853487552564e-08 -1.545952763709790e-08 -1.464004042251637e-08 -1.382591208584760e-08 -1.303677847903749e-08 -1.228703879558463e-08 -1.158673969620103e-08 -1.094235975154896e-08 -1.035748974695834e-08 -9.833408827165692e-09 -9.369562533825276e-09 -8.963953252777920e-09 -8.613455211449800e-09 -8.314066868270276e-09 1.238018985904573e-06 1.104873687262077e-06 1.074632893997271e-06 1.036356138229072e-06 9.918166877581659e-07 9.429382991188764e-07 8.912782497272739e-07 8.383377698107789e-07 7.850945502729786e-07 7.327090991327425e-07 6.816363995106073e-07 6.326118329177837e-07 5.858034428430940e-07 5.414912032316475e-07 4.999640637669064e-07 4.611159956517108e-07 4.250518629385083e-07 3.916554540060166e-07 3.609482967331256e-07 3.327347203697287e-07 3.068563026187334e-07 2.833880541547030e-07 2.619295057400657e-07 2.424879273213276e-07 2.249043848351843e-07 2.089833428729466e-07 1.946259873676213e-07 1.816930464464719e-07 1.700193226123588e-07 1.595192441441917e-07 1.501827389361473e-07 9.693365813756510e-08 1.034796540154881e-07 1.095643941831652e-07 1.155247989484333e-07 1.216437569947429e-07 1.280582173224143e-07 1.347337564313397e-07 1.415015060222566e-07 1.481236062575489e-07 1.543545189464695e-07 1.599816988663603e-07 1.648442598606896e-07 1.688361504604432e-07 1.719009141126554e-07 1.740232289298095e-07 1.752200126420775e-07 1.755322938241778e-07 1.750183436604833e-07 1.737480157227266e-07 1.717982147269276e-07 1.692492676261907e-07 1.661820651823498e-07 1.626758824234691e-07 1.588066843267207e-07 1.546459589748095e-07 1.502599250049922e-07 1.457090760788025e-07 1.410480097648478e-07 1.363254638198381e-07 1.315845058092240e-07 1.268628331625517e-07
4.308863577454877e-08 3.360066434460384e-08 2.469497518300078e-08 1.641882362068029e-08 8.891633871121110e-09 2.250056878235025e-09 -3.405437015293859e-09 -8.040876635690174e-09 -1.169073415906568e-08 -1.444058323274960e-08 -1.640384286832445e-08 -1.770214812310745e-08 -1.845280192031439e-08 -1.876254163648178e-08 -1.872537993114195e-08 -1.842252176205278e-08 -1.792312284310877e-08 -1.728530531370823e-08 -1.655721788464512e-08 -1.577808887162757e-08 -1.497926435487373e-08 -1.418522432820234e-08 -1.341456247159409e-08 -1.268090535940435e-08 -1.199375353332979e-08 -1.135922908025114e-08 -1.078072286139977e-08 -1.025944220147547e-08 -9.794864543809513e-09 -9.385107151158484e-09 -9.027224049040469e-09 1.104873687262077e-06 1.200885872527555e-06 1.075386188408227e-06 1.046418891480859e-06 1.009863987323039e-06 9.673096915488356e-07 9.205445710697375e-07 8.709867970177503e-07 8.202373830233911e-07 7.691415699559099e-07 7.187972506278409e-07 6.696977871496900e-07 6.223435710688178e-07 5.772491432760787e-07 5.345003547638698e-07 4.942767781698239e-07 4.566570576210899e-07 4.216952831853039e-07 3.892587370883179e-07 3.593053766452945e-07 3.318787504855275e-07 3.066129596953241e-07 2.835761541401947e-07 2.625897919831779e-07 2.434747961956345e-07 2.261322317188093e-07 2.103983940420252e-07 1.961579801403970e-07 1.832794015759225e-07 1.717166756047958e-07 1.611133013161426e-07 8.785683315020731e-08 9.502555208203534e-08 1.015291068944771e-07 1.075835214958257e-07 1.135060836713380e-07 1.195658629817262e-07 1.258954035237590e-07 1.324651335240216e-07 1.391171612855290e-07 1.456267574514701e-07 1.517604634149981e-07 1.573150002536142e-07 1.621354439522502e-07 1.661186309214939e-07 1.692085548763192e-07 1.713885319933086e-07 1.726728770655263e-07 1.730992632952099e-07 1.727221995170943e-07 1.716076332914073e-07 1.698285898047945e-07 1.674616981562812e-07 1.645843901128635e-07 1.612727698258445e-07 1.575999708718296e-07 1.536349726617004e-07 1.494418149774659e-07 1.450791307119458e-07 1.405999535595468e-07 1.360517286409837e-07 1.314764973330755e-07
4.907900478662393e-08 3.947240239405772e-08 3.046793440979687e-08 2.201817596632887e-08 1.416801167849956e-08 7.030530252448542e-09 7.351382843150710e-10 -4.622970667281180e-09 -9.011567582373207e-09 -1.246329646818137e-08 -1.505929402175328e-08 -1.690716876396245e-08 -1.812238885885307e-08 -1.881636550026435e-08 -1.909052162612447e-08 -1.903422583564394e-08 -1.872469847959941e-08 -1.822772042041178e-08 -1.759858895415153e-08 -1.688311946439733e-08 -1.611864206451469e-08 -1.533498786554388e-08 -1.455545550080226e-08 -1.379774368015375e-08 -1.307482786663396e-08 -1.239576163779779e-08 -1.176638881167805e-08 -1.118995945946321e-08 -1.066765056437669e-08 -1.019899615829502e-08 -9.782238769723450e-09 1.074632893997271e-06 1.075386188408227e-06 1.165800395761515e-06 1.047330424793575e-06 1.019757633532147e-06 9.848765131527894e-07 9.441292749223084e-07 8.993850080029930e-07 8.519050290165959e-07 8.032050947308229e-07 7.541496366219279e-07 7.055864422598809e-07 6.583390217531102e-07 6.127063373471159e-07 5.690857959869394e-07 5.277395176180771e-07 4.887953361374726e-07 4.523081178301319e-07 4.182694130468219e-07 3.867819921577125e-07 3.575942289487574e-07 3.307457569666780e-07 3.060895760851087e-07 2.835075071598966e-07 2.628820146574062e-07 2.440652939052362e-07 2.269425792261527e-07 2.113592311867691e-07 1.973156020387534e-07 1.844149850040437e-07 1.728837074408641e-07 7.790217215505075e-08 8.566493483010816e-08 9.275076416665810e-08 9.920530295040607e-08 1.052287153262937e-07 1.111196877202641e-07 1.171336967131018e-07 1.233982054694618e-07 1.298871068468622e-07 1.364517368689981e-07 1.428787216909459e-07 1.489451529760482e-07 1.544558127697926e-07 1.592608959662218e-07 1.632596111311364e-07 1.663961004651133e-07 1.686522150607321e-07 1.700397083926162e-07 1.705930240103097e-07 1.703630820475817e-07 1.694121459749919e-07 1.678096011488334e-07 1.656285931740533e-07 1.629433253029665e-07 1.598269484082224e-07 1.563499539959864e-07 1.525790009346219e-07 1.485761252784681e-07 1.443982590248210e-07 1.400970395462180e-07 1.357187622603730e-07
5.508197110839989e-08 4.525186037329249e-08 3.611218827438793e-08 2.754633115593170e-08 1.951011645952667e-08 1.204654147879809e-08 5.263058610895435e-09 -7.174875654935748e-10 -5.804725003122825e-09 -9.968042265476700e-09 -1.323844544726479e-08 -1.569305157747523e-08 -1.743419658326890e-08 -1.857175408005111e-08 -1.921179696760075e-08 -1.945093934075017e-08 -1.937435337682917e-08 -1.905566438315978e-08 -1.855761375750401e-08 -1.793295995406039e-08 -1.722542770266530e-08 -1.647065450324443e-08 -1.569712863523494e-08 -1.492711076813897e-08 -1.417752283587268e-08 -1.346078389193489e-08 -1.278557396299501e-08 -1.215751251570644e-08 -1.157974447945158e-08 -1.105343667862797e-08 -1.057818632495082e-08 1.036356138229072e-06 1.046418891480859e-06 1.047330424793575e-06 1.132813243505531e-06 1.020858506672878e-06 9.945305713849089e-07 9.612501971118402e-07 9.222964288419783e-07 8.794360051388037e-07 8.339262589368150e-07 7.870126474020378e-07 7.398702850947110e-07 6.931307266976996e-07 6.474879043556310e-07 6.034077206630720e-07 5.612277852832466e-07 5.211799672204535e-07 4.833286842792848e-07 4.479552068742355e-07 4.148434294213012e-07 3.840910636606825e-07 3.556592576624127e-07 3.294055802685847e-07 3.052429398096815e-07 2.830821190538890e-07 2.627914419070954e-07 2.442319034156636e-07 2.274034146938891e-07 2.118907263983483e-07 1.979615079617695e-07 1.852099070250118e-07 6.744626337226970e-08 7.554467779051757e-08 8.317829746047217e-08 9.018064978433977e-08 9.658873029622073e-08 1.025876822897236e-07 1.084583306483373e-07 1.144427152396287e-07 1.206626647776198e-07 1.270943821641061e-07 1.335969941674972e-07 1.399670338649744e-07 1.459909225562217e-07 1.514806142910815e-07 1.562908186200652e-07 1.603227970336859e-07 1.635207427627902e-07 1.658650878731422e-07 1.673651602154107e-07 1.680523846919512e-07 1.679743379020322e-07 1.671898283928795e-07 1.657648510156816e-07 1.637693054751967e-07 1.612743752542383e-07 1.583504634339375e-07 1.550656092932947e-07 1.514843227796964e-07 1.476668121576226e-07 1.436684569129225e-07 1.395396308339444e-07
6.120660011490118e-08 5.104492577155253e-08 4.167323862786609e-08 3.295928866577734e-08 2.479370798194973e-08 1.713546693418742e-08 1.002589730018018e-08 3.567267264100489e-09 -2.123667007975767e-09 -6.961050800902925e-09 -1.091585371252339e-08 -1.401766521393485e-08 -1.633998557181966e-08 -1.798037210192382e-08 -1.904361400260410e-08 -1.963092719929559e-08 -1.983454937057005e-08 -1.973583470350300e-08 -1.940513963486586e-08 -1.890244546686161e-08 -1.827821071077248e-08 -1.757427166898234e-08 -1.682474357333378e-08 -1.605691394119803e-08 -1.529212111228688e-08 -1.454660184677060e-08 -1.383228842731018e-08 -1.315753656206569e-08 -1.252777332663423e-08 -1.194605540037542e-08 -1.141354304050688e-08 9.918166877581657e-07 1.009863987323039e-06 1.019757633532147e-06 1.020858506672878e-06 1.101749679943131e-06 9.958235691368717e-07 9.707539027739653e-07 9.389560984916532e-07 9.016992751471131e-07 8.604647918281402e-07 8.167980932741452e-07 7.717090662197071e-07 7.262273386441790e-07 6.811356488867238e-07 6.370558016185629e-07 5.944158177412476e-07 5.534823896830035e-07 5.147057236662998e-07 4.779425303161105e-07 4.434625487400967e-07 4.112605693713823e-07 3.812524613158653e-07 3.534550615284582e-07 3.277567855985028e-07 3.040560211469465e-07 2.822704033546494e-07 2.623830616843241e-07 2.439970141032634e-07 2.273770575521252e-07 2.120999093228847e-07 1.981506235190978e-07 5.696339457534252e-08 6.502762271768298e-08 7.295841569387620e-08 8.046880764072551e-08 8.739450359895269e-08 9.376426104257827e-08 9.974888263999011e-08 1.056120409008756e-07 1.115825800613505e-07 1.177763511982918e-07 1.241709972172857e-07 1.306323135551697e-07 1.369656397939968e-07 1.429657832462837e-07 1.484512099403453e-07 1.532807664467312e-07 1.573576101053130e-07 1.606259877445714e-07 1.630650448719797e-07 1.646818893263819e-07 1.655051432540916e-07 1.655792918261473e-07 1.649599384172236e-07 1.637099132321789e-07 1.618960943306374e-07 1.595868538799792e-07 1.568500360631272e-07 1.537514187828756e-07 1.503535239140463e-07 1.467148744082751e-07 1.428894558037213e-07
6.750685489072629e-08 5.695423187409026e-08 4.725031786606325e-08 3.829890066597649e-08 2.997593789410120e-08 2.217877888805176e-08 1.486926970983028e-08 8.087141823907141e-09 1.929784737289691e-09 -3.491780026903126e-09 -8.095989101712919e-09 -1.185538620193804e-08 -1.479835290970472e-08 -1.699513113996032e-08 -1.853892904978543e-08 -1.952989011440588e-08 -2.006478446203455e-08 -2.023184057768360e-08 -2.010891514995794e-08 -1.976337301008093e-08 -1.925267263706732e-08 -1.862517474481106e-08 -1.792099796927863e-08 -1.717287658374595e-08 -1.640701167678738e-08 -1.564390880243415e-08 -1.489918605403166e-08 -1.418433579458652e-08 -1.350741911363450e-08 -1.287368533692083e-08 -1.228610728439705e-08 9.429382991188764e-07 9.673096915488356e-07 9.848765131527894e-07 9.945305713849089e-07 9.958235691368717e-07 1.072576687151625e-06 9.721929885820317e-07 9.483110266115270e-07 9.177563689546920e-07 8.820802757295810e-07 8.425142101495176e-07 8.004388914137025e-07 7.569960085113979e-07 7.131276491975030e-07 6.695648323884319e-07 6.268469579164267e-07 5.856115301628823e-07 5.459111324757932e-07 5.081785740870988e-07 4.724782256368456e-07 4.388930058555965e-07 4.074728981788959e-07 3.781629734325100e-07 3.509621409485812e-07 3.257675807463315e-07 3.025908214709259e-07 2.810922575602821e-07 2.615186538089309e-07 2.434646522331722e-07 2.269159824501034e-07 2.118458068500470e-07 4.690273600339657e-08 5.456614351976861e-08 6.243976866670996e-08 7.021462509510273e-08 7.761307596042608e-08 8.447267449651891e-08 9.081431676738402e-08 9.679514933591636e-08 1.026624726244105e-07 1.086323248045060e-07 1.148144552204147e-07 1.211873823231826e-07 1.276227264743080e-07 1.339337880514190e-07 1.399230756605297e-07 1.454150978769589e-07 1.502725812718362e-07 1.544005208843001e-07 1.577432958299034e-07 1.602789047910855e-07 1.620124480085854e-07 1.629699797965120e-07 1.631931209388015e-07 1.627345044454467e-07 1.616540200095925e-07 1.600157308546023e-07 1.578854067140433e-07 1.553285109344032e-07 1.524087180260330e-07 1.491867332746994e-07 1.457195098783456e-07
7.396167776708467e-08 6.303105419414161e-08 5.294036721111598e-08 4.365845694259800e-08 3.509544474451459e-08 2.713479786392820e-08 1.967997053995179e-08 1.269534792058097e-08 6.219051281143665e-09 3.438219648810613e-10 -4.824757604381048e-09 -9.209218797802946e-09 -1.278366701711739e-08 -1.557544784794126e-08 -1.765184733991002e-08 -1.910209024949956e-08 -2.002204902058102e-08 -2.050440002999307e-08 -2.063367889557589e-08 -2.048452113026611e-08 -2.012153854441439e-08 -1.959987084246138e-08 -1.896595245572813e-08 -1.825832593315767e-08 -1.750845849644960e-08 -1.674155286223068e-08 -1.597734748787277e-08 -1.523088780067390e-08 -1.451325489442337e-08 -1.383223160920812e-08 -1.319289560500589e-08 8.912782497272738e-07 9.205445710697375e-07 9.441292749223084e-07 9.612501971118402e-07 9.707539027739653e-07 9.721929885820317e-07 1.045134562287579e-06 9.497254612177197e-07 9.269398608382776e-07 8.976878530207107e-07 8.633517570632226e-07 8.252807746681433e-07 7.847498027380165e-07 7.428314404546210e-07 7.003710561655442e-07 6.582948489041272e-07 6.169178316653194e-07 5.768532123178688e-07 5.383525550637592e-07 5.016572061398119e-07 4.668847591088255e-07 4.341410569755780e-07 4.034581085570066e-07 3.747883229248688e-07 3.482393792686411e-07 3.234552432391723e-07 3.007082937776206e-07 2.796487075950760e-07 2.602482172832851e-07 2.424937560520087e-07 2.261631276511313e-07 3.760204955300190e-08 4.458596576836756e-08 5.205305900614204e-08 5.975202870713066e-08 6.738593324006408e-08 7.468562240745730e-08 8.149024239880547e-08 8.781327306088027e-08 9.379896510875391e-08 9.967912048726049e-08 1.056575422084699e-07 1.118379431642276e-07 1.181993664183621e-07 1.246186708753072e-07 1.309164839400420e-07 1.369024799689675e-07 1.424068653529246e-07 1.472960848184115e-07 1.514769326654737e-07 1.548940126438662e-07 1.575243382213998e-07 1.593711901840598e-07 1.604582744659551e-07 1.608245716042351e-07 1.605199604975891e-07 1.596016138059841e-07 1.581309751956250e-07 1.561713878622217e-07 1.537861228089209e-07 1.510368826759024e-07 1.479826786965890e-07
8.048557953278193e-08 6.925602199340680e-08 5.879227559981712e-08 4.912970656001760e-08 4.024007902285405e-08 3.203923193191295e-08 2.441742299887964e-08 1.728359566744011e-08 1.060432947096431e-08 4.416106022798973e-09 -1.192778169327864e-09 -6.121904378484013e-09 -1.029770253960311e-08 -1.369580592351803e-08 -1.634265673431378e-08 -1.830283718791765e-08 -1.966190072295912e-08 -2.051177331096738e-08 -2.094134408610926e-08 -2.103173139184626e-08 -2.085459055381554e-08 -2.047198636213904e-08 -1.993691284926498e-08 -1.929402067525795e-08 -1.858039015130611e-08 -1.782631017222692e-08 -1.705605141867113e-08 -1.628863164248711e-08 -1.553855526611717e-08 -1.481651127444317e-08 -1.413001394326055e-08 8.383377698107789e-07 8.709867970177503e-07 8.993850080029930e-07 9.222964288419783e-07 9.389560984916532e-07 9.483110266115270e-07 9.497254612177197e-07 1.019123359914186e-06 9.284540058620283e-07 9.065477928432527e-07 8.784419236699284e-07 8.454088462082398e-07 8.087161698866085e-07 7.695252110057724e-07 7.290865307620362e-07 6.880080878525444e-07 6.471795583044393e-07 6.071031167068378e-07 5.681946991054755e-07 5.307518530890203e-07 4.950330918845522e-07 4.611365117158918e-07 4.291694919443047e-07 3.992716913995001e-07 3.711429164502767e-07 3.451465059691567e-07 3.209176980348045e-07 2.984558543701461e-07 2.777982833572306e-07 2.587116880507751e-07 2.411512145828456e-07 2.926039294169630e-08 3.540483048109286e-08 4.220106770394595e-08 4.949028298448713e-08 5.703194212120883e-08 6.454007450756997e-08 7.175334603036810e-08 7.851237730572807e-08 8.482376818853266e-08 9.081975038844921e-08 9.671757775422584e-08 1.027094904405029e-07 1.088934060734366e-07 1.152487145177558e-07 1.216570734002315e-07 1.279459465856805e-07 1.339317593081660e-07 1.394501145925012e-07 1.443710452626427e-07 1.486031401977749e-07 1.520913029742747e-07 1.548117114796581e-07 1.567660134104345e-07 1.579757671857562e-07 1.584775358203648e-07 1.583186479760163e-07 1.575537492168121e-07 1.562418686402290e-07 1.544440721867650e-07 1.522215784563682e-07 1.496342537807445e-07
8.695595218699901e-08 7.554870632871681e-08 6.478822266320122e-08 5.475929417228270e-08 4.549674704313778e-08 3.697487017532384e-08 2.911460561542990e-08 2.181231591925695e-08 1.498186081087267e-08 8.591700640013068e-09 2.676661260215677e-09 -2.679201274909382e-09 -7.380358135261633e-09 -1.135693551749765e-08 -1.458604090412643e-08 -1.709331361720522e-08 -1.894084578396934e-08 -2.021079069482659e-08 -2.099141212435762e-08 -2.136808169143932e-08 -2.141874143062448e-08 -2.121227445466354e-08 -2.080837361388440e-08 -2.025803090247403e-08 -1.960422895103138e-08 -1.888267650088705e-08 -1.812255221375752e-08 -1.734724550280516e-08 -1.657508918784214e-08 -1.582007064954301e-08 -1.509250299131630e-08 7.850945502729786e-07 8.202373830233910e-07 8.519050290165961e-07 8.794360051388037e-07 9.016992751471131e-07 9.177563689546920e-07 9.269398608382776e-07 9.284540058620283e-07 9.944168952945203e-07 9.080666742976398e-07 8.870251373525733e-07 8.599645196454769e-07 8.280402430822654e-07 7.926856330989994e-07 7.548091633309695e-07 7.156097391518186e-07 6.758686042934458e-07 6.362672222130003e-07 5.973434122683441e-07 5.595236498075220e-07 5.230794503452802e-07 4.882655016381069e-07 4.552851660154311e-07 4.239894508108230e-07 3.947716464625244e-07 3.673213710320297e-07 3.417281437236244e-07 3.180126725279587e-07 2.959703660166841e-07 2.756055619939021e-07 2.568204097808807e-07 2.195571487262078e-08 2.720713826132971e-08 3.318194894888638e-08 3.980980016539855e-08 4.693933480424186e-08 5.433979634961781e-08 6.173532512457408e-08 6.887191325612827e-08 7.559170817423806e-08 8.189504182465789e-08 8.790304867461315e-08 9.381946088728280e-08 9.982570071824817e-08 1.060142047552280e-07 1.123646394523676e-07 1.187631389423526e-07 1.250435730851130e-07 1.310287582141976e-07 1.365594483608782e-07 1.415091343030382e-07 1.457881944075330e-07 1.493419123857737e-07 1.521457652729238e-07 1.541999540379551e-07 1.555240782919148e-07 1.561524724914885e-07 1.561301278710368e-07 1.555093257333208e-07 1.543468369418010e-07 1.527016031358595e-07 1.506328901114718e-07
9.324160539828877e-08 8.179319694489093e-08 7.085239042029851e-08 6.053073083246791e-08 5.090990913645456e-08 4.202404441073080e-08 3.384955706818423e-08 2.631192413269378e-08 1.931299454036392e-08 1.277103919205168e-08 6.656137754892139e-09 1.001471851368169e-09 -4.112931408566768e-09 -8.596160043496817e-09 -1.238183161466614e-08 -1.544846306382167e-08 -1.782096950123426e-08 -1.955913683708495e-08 -2.074195655707651e-08 -2.145428011573690e-08 -2.177819687714238e-08 -2.178868062823493e-08 -2.155201877114451e-08 -2.112567866040119e-08 -2.055876899002651e-08 -1.989269790453218e-08 -1.916187622532253e-08 -1.839442851663431e-08 -1.761290477926242e-08 -1.683498463381122e-08 -1.607416115970109e-08 7.327090991327425e-07 7.691415699559099e-07 8.032050947308229e-07 8.339262589368150e-07 8.604647918281402e-07 8.820802757295810e-07 8.976878530207107e-07 9.065477928432527e-07 9.080666742976398e-07 9.708757452500641e-07 8.885058529281299e-07 8.681560922207010e-07 8.421154998643494e-07 8.112837316343023e-07 7.770318427679388e-07 7.404260219767639e-07 7.024431963803492e-07 6.638878718986870e-07 6.254408716060089e-07 5.876044799482957e-07 5.507951436667402e-07 5.153826887139899e-07 4.813617978861764e-07 4.491863775252062e-07 4.186919110643385e-07 3.899994902031527e-07 3.631801393113034e-07 3.381179193591860e-07 3.148022379918003e-07 2.931623168605888e-07 2.731288193357948e-07 1.568121250108767e-08 2.006117126791004e-08 2.516567771361679e-08 3.098971476275221e-08 3.746692209800427e-08 4.445263429860158e-08 5.172510145397116e-08 5.901795134982181e-08 6.608416758990700e-08 7.276757138764704e-08 7.906291618932171e-08 8.508118520984400e-08 9.101360062495085e-08 9.703153009272460e-08 1.032222950290218e-07 1.095657962324790e-07 1.159523743472644e-07 1.222219450354870e-07 1.282033771129452e-07 1.337423497526620e-07 1.387157024091737e-07 1.430355938676657e-07 1.466477749401378e-07 1.495271480322012e-07 1.516726217810842e-07 1.531020349250059e-07 1.538476551179794e-07 1.539523001743636e-07 1.534660530419981e-07 1.524435421802154e-07 1.509416940034741e-07
9.922325858439356e-08 8.786502839191049e-08 7.687497078024423e-08 6.637233629579602e-08 5.646416720072203e-08 4.722906102248020e-08 3.870026877403438e-08 3.085599147760861e-08 2.362574341132969e-08 1.691632479936900e-08 1.064998795399249e-08 4.798222301302802e-09 -6.073983757531098e-10 -5.490661153566150e-09 -9.765005216728289e-09 -1.336733910721161e-08 -1.627751882473390e-08 -1.851979806883310e-08 -2.015181519748103e-08 -2.124960718620269e-08 -2.189483021781109e-08 -2.216649375423547e-08 -2.213678084321328e-08 -2.186953283892137e-08 -2.142011403032698e-08 -2.083584985401753e-08 -2.015665400297319e-08 -1.941570269633512e-08 -1.864011719135925e-08 -1.785164752987776e-08 -1.706735022448426e-08 6.816363995106073e-07 7.187972506278409e-07 7.541496366219279e-07 7.870126474020378e-07 8.167980932741452e-07 8.425142101495176e-07 8.633517570632226e-07 8.784419236699283e-07 8.870251373525731e-07 8.885058529281300e-07 9.482577370005210e-07 8.696280937107143e-07 8.499736904200612e-07 8.247323863863698e-07 7.949582433009667e-07 7.617907396727345e-07 7.263052993784915e-07 6.894646676059342e-07 6.520263672020333e-07 6.146507315677627e-07 5.779287491842356e-07 5.420121901402842e-07 5.075141798636508e-07 4.744088909076236e-07 4.428781461307291e-07 4.131314833182339e-07 3.850853620008937e-07 3.587785165012133e-07 3.342250606038702e-07 3.113424714271117e-07 2.900367965589860e-07 1.038050579641063e-08 1.395401365018453e-08 1.821090743808804e-08 2.318601531041744e-08 2.887559248145598e-08 3.521677156523543e-08 4.207104341038160e-08 4.922507862087726e-08 5.642152092501008e-08 6.342015929776104e-08 7.006670633845747e-08 7.635101558476231e-08 8.237484262105958e-08 8.831788628743847e-08 9.434217197990469e-08 1.005302652353905e-07 1.068623001726043e-07 1.132325724014345e-07 1.194867162572233e-07 1.254593544394730e-07 1.310008798565616e-07 1.359913925504078e-07 1.403448243277307e-07 1.440074546371426e-07 1.469537501847436e-07 1.491814562590036e-07 1.507068006926925e-07 1.515601490040409e-07 1.517822689461227e-07 1.514211669896151e-07 1.505294380694337e-07
1.048040213075705e-07 9.365063071435956e-08 8.273762256582328e-08 7.217982093890653e-08 6.209152773075356e-08 5.257539045188421e-08 4.370692802338130e-08 3.551839684064913e-08 2.798948855562246e-08 2.105333411199998e-08 1.462122917273163e-08 8.619044527991334e-09 3.019512560270732e-09 -2.147349221145801e-09 -6.808931440196883e-09 -1.088276970129400e-08 -1.430887084621699e-08 -1.706835596922723e-08 -1.918486423535257e-08 -2.071402043853113e-08 -2.172908439374376e-08 -2.230870346065069e-08 -2.252898129377644e-08 -2.245946184634615e-08 -2.216166951428811e-08 -2.168897267330198e-08 -2.108700158919257e-08 -2.039424869587150e-08 -1.964271515872120e-08 -1.885856684995086e-08 -1.806279197298151e-08 6.326118329177838e-07 6.696977871496900e-07 7.055864422598807e-07 7.398702850947110e-07 7.717090662197071e-07 8.004388914137025e-07 8.252807746681433e-07 8.454088462082398e-07 8.599645196454769e-07 8.681560922207010e-07 8.696280937107142e-07 9.265722700210378e-07 8.512677782953404e-07 8.322926969298357e-07 8.078458030719906e-07 7.789878006573890e-07 7.468346671538539e-07 7.124018734957009e-07 6.766190419815877e-07 6.403211274488646e-07 6.038949063256393e-07 5.681650738876149e-07 5.332571568855093e-07 4.995079231484613e-07 4.672589127645707e-07 4.364867887382038e-07 4.073643276684545e-07 3.799367581912528e-07 3.541700846450138e-07 3.300527655729243e-07 3.076500547863056e-07 5.972991073324817e-09 8.825283989556053e-09 1.229857798237505e-08 1.644800963654129e-08 2.130800795373543e-08 2.687585536748541e-08 3.309184997638853e-08 3.982325355051990e-08 4.686474524097623e-08 5.396763511015201e-08 6.089838571916033e-08 6.750484042071516e-08 7.377261288472225e-08 7.979506998808290e-08 8.574130060200409e-08 9.176467156106809e-08 9.794331776815476e-08 1.042576125510791e-07 1.106055922248705e-07 1.168383089665370e-07 1.227958792164957e-07 1.283332166304334e-07 1.333335818307750e-07 1.377126943308998e-07 1.414174044639192e-07 1.444218379204475e-07 1.467227101913336e-07 1.483347483445212e-07 1.492865366624613e-07 1.496169089304091e-07 1.493718847076938e-07
1.099122050154129e-07 9.905736705061539e-08 8.833196498560968e-08 7.784039707975693e-08 6.769268457133260e-08 5.799832562913239e-08 4.885569167270839e-08 4.033726643716920e-08 3.247422998266983e-08 2.524753351958363e-08 1.859357209171777e-08 1.242774762016774e-08 6.679238663768115e-09 1.321884595435019e-09 -3.615792816836368e-09 -8.064584612786890e-09 -1.194587944099534e-08 -1.520259498800413e-08 -1.781703819601998e-08 -1.981226414924679e-08 -2.124199471072066e-08 -2.217686418977988e-08 -2.269267155844507e-08 -2.286276679471135e-08 -2.275418933413307e-08 -2.242626194790047e-08 -2.193045571513472e-08 -2.131078849386203e-08 -2.060440037476202e-08 -1.984217441049328e-08 -1.904936653136583e-08 5.858034428430940e-07 6.223435710688178e-07 6.583390217531102e-07 6.931307266976996e-07 7.262273386441790e-07 7.569960085113979e-07 7.847498027380165e-07 8.087161698866085e-07 8.280402430822654e-07 8.421154998643494e-07 8.499736904200612e-07 8.512677782953404e-07 9.056131149190336e-07 8.334523602751547e-07 8.150330114408083e-07 7.913233859357483e-07 7.633220137798366e-07 7.321031543794443e-07 6.987472099684099e-07 6.638991489242443e-07 6.286166410539775e-07 5.932507801270770e-07 5.583429628159125e-07 5.243790360714237e-07 4.914860184461290e-07 4.599644665268404e-07 4.299175379592060e-07 4.014411604597414e-07 3.745546082697719e-07 3.493694929616463e-07 3.257561566509253e-07 2.369271077745134e-09 4.591484613188249e-09 7.364269025568170e-09 1.075072038992743e-08 1.480467838037312e-08 1.956006276903525e-08 2.501506488413423e-08 3.111297657628864e-08 3.772656441764338e-08 4.465818092176483e-08 5.166752138727797e-08 5.852763187127894e-08 6.508868341091695e-08 7.133264536683807e-08 7.734527845086785e-08 8.328588275387579e-08 8.929979530561270e-08 9.546103580892101e-08 1.017502252365937e-07 1.080689620437569e-07 1.142734442860915e-07 1.202090257521298e-07 1.257349850846138e-07 1.307376365453368e-07 1.351344667851381e-07 1.388729494707779e-07 1.419269276356395e-07 1.442921786854173e-07 1.459820324469202e-07 1.470233807395556e-07 1.474532194651127e-07
1.144998078111256e-07 1.040163181036140e-07 9.356920681054900e-08 8.325038979425640e-08 7.315989123901696e-08 6.340307673605718e-08 5.408480328727343e-08 4.529930835201967e-08 3.711611377980789e-08 2.956528055817591e-08 2.262883662502754e-08 1.624614152002937e-08 1.033636610812577e-08 4.831727793511673e-09 -2.929395108173097e-10 -5.010542985454716e-09 -9.255076138183331e-09 -1.295154547599067e-08 -1.604559466969752e-08 -1.852063131925856e-08 -2.039914329543085e-08 -2.173304059783337e-08 -2.259046394075700e-08 -2.304450703754220e-08 -2.316590321370938e-08 -2.301931172177597e-08 -2.266196200639177e-08 -2.214352060049967e-08 -2.150647165933246e-08 -2.078666805788184e-08 -2.001392755870252e-08 5.414912032316475e-07 5.772491432760788e-07 6.127063373471158e-07 6.474879043556311e-07 6.811356488867238e-07 7.131276491975030e-07 7.428314404546210e-07 7.695252110057724e-07 7.926856330989994e-07 8.112837316343023e-07 8.247323863863698e-07 8.322926969298357e-07 8.334523602751547e-07 8.852813180413972e-07 8.160466543523440e-07 7.981403248744811e-07 7.751000887417919e-07 7.479872013654916e-07 7.175838209405431e-07 6.851811198699185e-07 6.513771301614746e-07 6.169375426684867e-07 5.825635948462630e-07 5.485799082899055e-07 5.154264323105546e-07 4.833508631835177e-07 4.525729822759035e-07 4.231686236424272e-07 3.953741963110406e-07 3.690909754016926e-07 3.443277279431354e-07 -5.205741769342519e-10 1.160823985622805e-09 3.321635877632768e-09 6.025942133019604e-09 9.335149520277132e-09 1.330181478827048e-08 1.795937471795960e-08 2.330690884762938e-08 2.929059075357812e-08 3.578849175843368e-08 4.261036491535938e-08 4.952401028435926e-08 5.630895884827421e-08 6.281789036962429e-08 6.902964377213586e-08 7.502307846052427e-08 8.094846626229454e-08 8.694369065871221e-08 9.307896488956424e-08 9.933517317902379e-08 1.056172986056547e-07 1.117864595436348e-07 1.176929978682843e-07 1.232003802041678e-07 1.281978889409225e-07 1.326047292473538e-07 1.363690142565299e-07 1.394643592403527e-07 1.418856648653751e-07 1.436449479332763e-07 1.447675016910668e-07
1.185392456746667e-07 1.084809519763973e-07 9.838290462906891e-08 8.832448506371796e-08 7.839375499613707e-08 6.868649850753992e-08 5.930359438975665e-08 5.034544088383826e-08 4.190230332179808e-08 3.404083710087367e-08 2.678996821248813e-08 2.013265365667189e-08 1.401096005891972e-08 8.347531995960261e-09 3.077392218710211e-09 -1.823720839646353e-09 -6.330069040461643e-09 -1.037865307770921e-08 -1.389786836109059e-08 -1.683590322468876e-08 -1.917717682981238e-08 -2.094361782110284e-08 -2.218540383808642e-08 -2.296830073180511e-08 -2.336282955092085e-08 -2.343723565949767e-08 -2.325391499456224e-08 -2.286810631861999e-08 -2.232775910134224e-08 -2.167389704208573e-08 -2.094114665565861e-08 4.999640637669064e-07 5.345003547638698e-07 5.690857959869393e-07 6.034077206630720e-07 6.370558016185629e-07 6.695648323884319e-07 7.003710561655442e-07 7.290865307620362e-07 7.548091633309695e-07 7.770318427679388e-07 7.949582433009667e-07 8.078458030719904e-07 8.150330114408083e-07 8.160466543523440e-07 8.655056403557975e-07 7.989828993938738e-07 7.816371733047298e-07 7.591591378083737e-07 7.328187557770016e-07 7.033437185925869e-07 6.717232617980185e-07 6.388940522152545e-07 6.053964352701961e-07 5.718775676748752e-07 5.387749204507152e-07 5.064430599786058e-07 4.750975248300310e-07 4.450937997331956e-07 4.163887519117866e-07 3.891124758307507e-07 3.634472021365778e-07 -2.782875401681623e-09 -1.558732766177505e-09 7.666163550459103e-11 2.184758261552843e-09 4.827867262903274e-09 8.065800189721053e-09 1.194992872246679e-08 1.651327501001431e-08 2.175583304378944e-08 2.762659354642125e-08 3.400873132778610e-08 4.071913793626882e-08 4.753346175498284e-08 5.423759044860472e-08 6.068685440378445e-08 6.685742688908232e-08 7.282189962994818e-08 7.872222531791801e-08 8.468936812884463e-08 9.079000641867951e-08 9.700532977821831e-08 1.032435327663746e-07 1.093704155719786e-07 1.152410929207305e-07 1.207230270629555e-07 1.257083571852668e-07 1.301179623989335e-07 1.339005861281239e-07 1.370296544782646e-07 1.394992592702302e-07 1.413201602002658e-07
1.220197636587131e-07 1.124241048079861e-07 1.027278020899400e-07 9.299846159637926e-08 8.331212706484650e-08 7.375312237744673e-08 6.441314846378204e-08 5.538878396816633e-08 4.677616372624769e-08 3.866175218099324e-08 3.110944537544214e-08 2.414703702411314e-08 1.775829247368417e-08 1.188776362096407e-08 6.461312406652663e-09 1.416566898374794e-09 -3.269897985800028e-09 -7.573616788901541e-09 -1.143440579796760e-08 -1.478382747700821e-08 -1.757244007334144e-08 -1.978558775498261e-08 -2.144464451928124e-08 -2.259812975087158e-08 -2.330954651972473e-08 -2.364696802250308e-08 -2.367627348016741e-08 -2.345770562387221e-08 -2.304460824442316e-08 -2.248329558655504e-08 -2.181339843946528e-08 4.611159956517109e-07 4.942767781698239e-07 5.277395176180771e-07 5.612277852832466e-07 5.944158177412475e-07 6.268469579164267e-07 6.582948489041272e-07 6.880080878525444e-07 7.156097391518186e-07 7.404260219767639e-07 7.617907396727345e-07 7.789878006573890e-07 7.913233859357483e-07 7.981403248744811e-07 7.989828993938737e-07 8.462933575533891e-07 7.822417342843768e-07 7.653556599995712e-07 7.435633460076976e-07 7.178317896627336e-07 6.892197076679506e-07 6.584813373071689e-07 6.264895334228003e-07 5.938885050921539e-07 5.612323262316206e-07 5.289194653317542e-07 4.974349437909260e-07 4.668710279395559e-07 4.374735463120766e-07 4.094774850740148e-07 3.828150500429928e-07 -4.498474425512294e-09 -3.655467158663417e-09 -2.464561016962230e-09 -8.687156750464356e-10 1.191808730863335e-09 3.777677966633651e-09 6.947235514063799e-09 1.075080103659197e-08 1.522108290940783e-08 2.035899797739327e-08 2.611628744565319e-08 3.238105137138834e-08 3.897704599136511e-08 4.568750927026769e-08 5.230455640632197e-08 5.868627546622072e-08 6.480659959721888e-08 7.073242897118415e-08 7.659802974087164e-08 8.252796345793072e-08 8.858561495753606e-08 9.475249028601090e-08 1.009398535619706e-07 1.070179402496333e-07 1.128464083896103e-07 1.182965389803066e-07 1.232632008999309e-07 1.276688932684159e-07 1.314629916494853e-07 1.346187460694120e-07 1.371294960469783e-07
1.249441218447485e-07 1.158346341721830e-07 1.065770425908306e-07 9.722818346079335e-08 8.785280314829620e-08 7.852370693348407e-08 6.932162000857425e-08 6.033433258439554e-08 5.165431729880296e-08 4.337364422282149e-08 3.557515108739827e-08 2.832008746697139e-08 2.163513188367432e-08 1.550476248966966e-08 9.875828108026529e-09 4.677188309013784e-09 -1.510925896277956e-10 -4.631652843681930e-09 -8.741212305741406e-09 -1.242221803747018e-08 -1.560919022627919e-08 -1.825489284144906e-08 -2.034551584480200e-08 -2.190188532458092e-08 -2.297093335375895e-08 -2.361400692259005e-08 -2.389684911103227e-08 -2.388308674732961e-08 -2.363091243755817e-08 -2.319186363815576e-08 -2.261069362848059e-08 4.250518629385084e-07 4.566570576210899e-07 4.887953361374726e-07 5.211799672204535e-07 5.534823896830035e-07 5.856115301628823e-07 6.169178316653194e-07 6.471795583044393e-07 6.758686042934458e-07 7.024431963803492e-07 7.263052993784915e-07 7.468346671538539e-07 7.633220137798367e-07 7.751000887417920e-07 7.816371733047297e-07 7.822417342843768e-07 8.274629024194039e-07 7.658834945194741e-07 7.493075852059997e-07 7.281459896536493e-07 7.031295890473232e-07 6.752469656792421e-07 6.453465345873606e-07 6.141989174234302e-07 5.824012910572343e-07 5.506302031146860e-07 5.191545872667477e-07 4.883458381591856e-07 4.585686489959846e-07 4.298680122965395e-07 4.024644421149764e-07 -5.741977234647231e-09 -5.212025155278130e-09 -4.391914798327767e-09 -3.229825173577218e-09 -1.670291472077779e-09 3.448496029241684e-10 2.874775086897507e-09 5.976513086928485e-09 9.699436792310909e-09 1.407602699682538e-08 1.910814074304488e-08 2.475018016364297e-08 3.089498941159981e-08 3.737293126210900e-08 4.397457347956314e-08 5.049813482510733e-08 5.680454474494958e-08 6.286585764016562e-08 6.874382788169173e-08 7.456560263786504e-08 8.044978704004354e-08 8.645671361624700e-08 9.256819130974725e-08 9.869839493723158e-08 1.047217705619740e-07 1.105022845457058e-07 1.159148608000694e-07 1.208569903386417e-07 1.252527192028901e-07 1.290520497688131e-07 1.322280946312151e-07
1.273257109372436e-07 1.187143138596626e-07 1.099190470065427e-07 1.009870240549385e-07 9.197265199531277e-08 8.293790199263957e-08 7.395246082041491e-08 6.509360585969672e-08 5.644539439435075e-08 4.809638828495885e-08 4.013478965555665e-08 3.263998390567042e-08 2.567069313666998e-08 1.925251207577191e-08 1.337056032029869e-08 7.973826114611173e-09 2.993978345201052e-09 -1.626625294272165e-09 -5.909872865519803e-09 -9.833583488073417e-09 -1.334266097992025e-08 -1.637439031867380e-08 -1.888359181624310e-08 -2.085723039197736e-08 -2.231559355525374e-08 -2.330409410274987e-08 -2.388202291152082e-08 -2.411290333407816e-08 -2.405821542296220e-08 -2.377419588010699e-08 -2.331065719661303e-08 3.916554540060166e-07 4.216952831853039e-07 4.523081178301319e-07 4.833286842792848e-07 5.147057236662998e-07 5.459111324757932e-07 5.768532123178688e-07 6.071031167068378e-07 6.362672222130003e-07 6.638878718986870e-07 6.894646676059342e-07 7.124018734957009e-07 7.321031543794443e-07 7.479872013654916e-07 7.591591378083737e-07 7.653556599995712e-07 7.658834945194741e-07 8.090136519288882e-07 7.497393355718348e-07 7.335930482960459e-07 7.129385686189544e-07 6.885996396188039e-07 6.614567045372911e-07 6.323023888864617e-07 6.020206371706674e-07 5.710716684273838e-07 5.400116861016534e-07 5.093748068317887e-07 4.793279878186459e-07 4.502172433777682e-07 4.222359032305162e-07 -6.581508473968310e-09 -6.304628078860730e-09 -5.789414535552337e-09 -4.989577592347093e-09 -3.854718790677645e-09 -2.330796700576671e-09 -3.610684886108980e-10 2.112278282695734e-09 5.145089202497493e-09 8.785897996908309e-09 1.306701057304056e-08 1.799122635884563e-08 2.351552480770327e-08 2.953731149610041e-08 3.589331782071565e-08 4.238118908850195e-08 4.880510034369195e-08 5.502890769334682e-08 6.102309548512844e-08 6.684473704579468e-08 7.261439710774321e-08 7.844511045362086e-08 8.439435319192015e-08 9.044423014010703e-08 9.651165981554587e-08 1.024750808817257e-07 1.082025617040612e-07 1.135724835256435e-07 1.184848525680574e-07 1.228652198392688e-07 1.266641942854201e-07
1.291860764306625e-07 1.210751199885219e-07 1.127546011475644e-07 1.042629486321076e-07 9.564523075225801e-08 8.695349616583917e-08 7.824704182600853e-08 6.959256578756710e-08 6.106405324489027e-08 5.274200627187217e-08 4.471126964702218e-08 3.705637359095454e-08 2.985342709311493e-08 2.315875075963560e-08 1.699690044785645e-08 1.135358597069304e-08 6.179803467681298e-09 1.409867518793185e-09 -3.011696307185878e-09 -7.106055497348379e-09 -1.085204874158185e-08 -1.419687767646831e-08 -1.708041575403427e-08 -1.945940433423913e-08 -2.132152002487828e-08 -2.268652158788857e-08 -2.359836700655399e-08 -2.411438406784405e-08 -2.429597761816091e-08 -2.420257829209103e-08 -2.388855316966648e-08 3.609482967331256e-07 3.892587370883179e-07 4.182694130468220e-07 4.479552068742355e-07 4.779425303161105e-07 5.081785740870988e-07 5.383525550637592e-07 5.681946991054756e-07 5.973434122683441e-07 6.254408716060089e-07 6.520263672020335e-07 6.766190419815877e-07 6.987472099684099e-07 7.175838209405431e-07 7.328187557770016e-07 7.435633460076976e-07 7.493075852059997e-07 7.497393355718348e-07 7.910344316320545e-07 7.338386169134683e-07 7.180968181717342e-07 6.979688789208739e-07 6.742218350626527e-07 6.478435804911212e-07 6.194816529340576e-07 5.898916848565285e-07 5.597910444100369e-07 5.295252532409731e-07 4.996038738771438e-07 4.703375682906869e-07 4.419155100789399e-07 -7.078769893473527e-09 -7.002811469432621e-09 -6.734417491124321e-09 -6.232861024737607e-09 -5.453083787117315e-09 -4.345962039539970e-09 -2.858759477422330e-09 -9.360193814182090e-10 1.478829509207428e-09 4.440545878020129e-09 7.996909759096751e-09 1.218010183335353e-08 1.699385372096778e-08 2.239765003990142e-08 2.829328210249985e-08 3.452360223420533e-08 4.089311079818868e-08 4.721177670539929e-08 5.334641685909053e-08 5.926623547887769e-08 6.502402081748474e-08 7.073421905488610e-08 7.650465522417460e-08 8.239011089280464e-08 8.837297227789733e-08 9.437276048816032e-08 1.002716839565280e-07 1.059417155813655e-07 1.112645477986684e-07 1.161425872709512e-07 1.205028476124844e-07
1.305527962854794e-07 1.229368931541338e-07 1.150942989351282e-07 1.070557784180737e-07 9.885805314463382e-08 9.054420410436635e-08 8.216400655422196e-08 7.377419306082765e-08 6.543860657782252e-08 5.722809740882758e-08 4.921979088386267e-08 4.149500833564430e-08 3.413480488118650e-08 2.721219101330047e-08 2.078121640605721e-08 1.486545327812925e-08 9.451164852437887e-09 4.491240730665151e-09 -7.750496581787208e-11 -4.308493799428742e-09 -8.222201323772832e-09 -1.179841367088557e-08 -1.498648573520649e-08 -1.772871820890300e-08 -1.998364916813117e-08 -2.173960959605184e-08 -2.301583897122819e-08 -2.385489918357974e-08 -2.431224075867261e-08 -2.444724301279481e-08 -2.431737620131726e-08 3.327347203697287e-07 3.593053766452945e-07 3.867819921577125e-07 4.148434294213012e-07 4.434625487400967e-07 4.724782256368456e-07 5.016572061398118e-07 5.307518530890202e-07 5.595236498075220e-07 5.876044799482957e-07 6.146507315677627e-07 6.403211274488645e-07 6.638991489242443e-07 6.851811198699185e-07 7.033437185925869e-07 7.178317896627336e-07 7.281459896536493e-07 7.335930482960459e-07 7.338386169134683e-07 7.733998730473319e-07 7.182071492840875e-07 7.027961477082233e-07 6.832284482633262e-07 6.601252613448183e-07 6.343411734298478e-07 6.067724907268312e-07 5.779567063180329e-07 5.485798289515243e-07 5.191242058297567e-07 4.899373284355019e-07 4.613307706121129e-07 -7.289230455612800e-09 -7.369460051221568e-09 -7.297372863680473e-09 -7.037648757518626e-09 -6.550630026808550e-09 -5.792382643880266e-09 -4.714932756023065e-09 -3.266732190743383e-09 -1.393513972137388e-09 9.601529470744486e-10 3.848030306941251e-09 7.317212725493166e-09 1.139980882852139e-08 1.610046940161476e-08 2.138109413345432e-08 2.714771352764025e-08 3.324905017669415e-08 3.949621152515445e-08 4.570481373048595e-08 5.174462768865833e-08 5.758380675388063e-08 6.327121749555977e-08 6.891559303585684e-08 7.461987287110189e-08 8.043630808622573e-08 8.634753389207276e-08 9.227553896836906e-08 9.810612225463406e-08 1.037149632130991e-07 1.089869265254427e-07 1.138267318903098e-07
1.314576646970826e-07 1.243253265230149e-07 1.169563319721114e-07 1.093747769944102e-07 1.016100140175504e-07 9.369710497441616e-08 8.567721383126518e-08 7.759793473441108e-08 6.951355096105039e-08 6.148518819970658e-08 5.358072195157783e-08 4.587408136910257e-08 3.844325850052658e-08 3.136602910158288e-08 2.471248295119497e-08 1.853452970309584e-08 1.285481604574364e-08 7.660129930991760e-09 2.905150159335680e-09 -1.470945380678786e-09 -5.519632759617791e-09 -9.260724108989606e-09 -1.267488779381993e-08 -1.571349867808355e-08 -1.832113627962374e-08 -2.045802022809078e-08 -2.211308151064062e-08 -2.330504857931518e-08 -2.407514081272085e-08 -2.447700993875139e-08 -2.456809632889669e-08 3.068563026187334e-07 3.318787504855274e-07 3.575942289487574e-07 3.840910636606825e-07 4.112605693713823e-07 4.388930058555965e-07 4.668847591088255e-07 4.950330918845522e-07 5.230794503452802e-07 5.507951436667403e-07 5.779287491842356e-07 6.038949063256393e-07 6.286166410539775e-07 6.513771301614746e-07 6.717232617980186e-07 6.892197076679505e-07 7.031295890473231e-07 7.129385686189544e-07 7.180968181717342e-07 7.182071492840875e-07 7.560779862954863e-07 7.028346407628127e-07 6.878175029067597e-07 6.686480171642302e-07 6.461950953916492e-07 6.210905233471879e-07 5.941919521704882e-07 5.661659366870237e-07 5.375302319066747e-07 5.087620191039552e-07 4.803081708995474e-07 -7.262455971122412e-09 -7.461000242644967e-09 -7.541828848189062e-09 -7.474788832813030e-09 -7.225475226934897e-09 -6.755185797357132e-09 -6.021004596436638e-09 -4.976020869343528e-09 -3.569779765123736e-09 -1.749113144458829e-09 5.403526483493211e-10 3.351473808774132e-09 6.730720515327062e-09 1.071015730149179e-08 1.529536131161934e-08 2.045054667058164e-08 2.608581018347372e-08 3.205552084433050e-08 3.817712766746330e-08 4.427171853674624e-08 5.021200491951489e-08 5.596527179034007e-08 6.157678518426532e-08 6.714995098185904e-08 7.278310316133581e-08 7.852611077916378e-08 8.436185692504150e-08 9.021465956151934e-08 9.597373970497659e-08 1.015183192456196e-07 1.067362905228438e-07
1.319351537218705e-07 1.252702386547894e-07 1.183645785319560e-07 1.112365558457331e-07 1.039091081985835e-07 9.641021372962525e-08 8.877333253775766e-08 8.103779013284914e-08 7.324909920176442e-08 6.545921483964747e-08 5.772668851172030e-08 5.011658407930229e-08 4.269981521149604e-08 3.555123735660406e-08 2.874553787873557e-08 2.235005703841392e-08 1.641469074243256e-08 1.096121551677170e-08 5.976917219716063e-09 1.418166866333225e-09 -2.773621062501743e-09 -6.648077698045266e-09 -1.022437840295011e-08 -1.348401400851546e-08 -1.638025554771408e-08 -1.885982217162408e-08 -2.088450740129524e-08 -2.244379064179547e-08 -2.355589567015145e-08 -2.426074936765865e-08 -2.461027829955831e-08 2.833880541547030e-07 3.066129596953241e-07 3.307457569666780e-07 3.556592576624127e-07 3.812524613158653e-07 4.074728981788959e-07 4.341410569755780e-07 4.611365117158917e-07 4.882655016381069e-07 5.153826887139899e-07 5.420121901402841e-07 5.681650738876150e-07 5.932507801270770e-07 6.169375426684867e-07 6.388940522152545e-07 6.584813373071689e-07 6.752469656792421e-07 6.885996396188039e-07 6.979688789208739e-07 7.027961477082233e-07 7.028346407628125e-07 7.391867744905650e-07 6.876501768018231e-07 6.730438800937442e-07 6.543657006525098e-07 6.324453668569035e-07 6.080388843924548e-07 5.818289482396709e-07 5.544699635836110e-07 5.265725955700182e-07 4.985589933992193e-07 -7.042528816097204e-09 -7.327697050462509e-09 -7.524657257637688e-09 -7.608026802635467e-09 -7.548401687734402e-09 -7.312197230380950e-09 -6.861590969986171e-09 -6.154600527088853e-09 -5.145296085556733e-09 -3.784238730580121e-09 -2.019266328167854e-09 2.030125435674019e-10 2.934612829812223e-09 6.221457542198804e-09 1.009557792925350e-08 1.456344999880983e-08 1.959152151336117e-08 2.509376418905057e-08 3.092995047520885e-08 3.692362019662601e-08 4.290113983097143e-08 4.873812986097318e-08 5.440118080859516e-08 5.993223026447664e-08 6.542970746421921e-08 7.098762821684095e-08 7.665360480680486e-08 8.241076655717107e-08 8.818565343582420e-08 9.387073764071205e-08 9.934862634397513e-08
1.320211348684690e-07 1.258041037477745e-07 1.193469573359541e-07 1.126632573753156e-07 1.057704425780043e-07 9.869032251091111e-08 9.144954972775921e-08 8.408005016023462e-08 7.661939812358072e-08 6.911113252365724e-08 6.160500734436053e-08 5.415714577807059e-08 4.682996401584937e-08 3.969153721508101e-08 3.281376907888331e-08 2.626844026106643e-08 2.012030136971036e-08 1.441735110631269e-08 9.180546745157427e-09 4.397646057357074e-09 2.662174789277195e-11 -3.988992777568905e-09 -7.697077253321332e-09 -1.111619450558369e-08 -1.422860060649095e-08 -1.698934678092282e-08 -1.934716115729610e-08 -2.126530954345351e-08 -2.273377184743567e-08 -2.377027367589897e-08 -2.441349678136350e-08 2.619295057400657e-07 2.835761541401947e-07 3.060895760851087e-07 3.294055802685847e-07 3.534550615284582e-07 3.781629734325100e-07 4.034581085570066e-07 4.291694919443047e-07 4.552851660154311e-07 4.813617978861764e-07 5.075141798636508e-07 5.332571568855093e-07 5.583429628159125e-07 5.825635948462630e-07 6.053964352701961e-07 6.264895334228003e-07 6.453465345873607e-07 6.614567045372911e-07 6.742218350626527e-07 6.832284482633262e-07 6.878175029067597e-07 6.876501768018231e-07 7.226016060862983e-07 6.727901930948885e-07 6.584871383644617e-07 6.403262823719455e-07 6.189620556125417e-07 5.951340454556747e-07 5.696110919562643e-07 5.429859730115239e-07 5.157800393227082e-07 -6.668498370149944e-09 -7.014101721382766e-09 -7.296361655577436e-09 -7.494222823475956e-09 -7.582925003003218e-09 -7.533748804734718e-09 -7.313856053225292e-09 -6.886232071136327e-09 -6.209760033034532e-09 -5.239405911462003e-09 -3.926676132210331e-09 -2.220348429447372e-09 -6.792230396793227e-11 2.581821426796413e-09 5.774297457523288e-09 9.541528460749028e-09 1.389083563428153e-08 1.879079389932449e-08 2.415907222079723e-08 2.986059470729950e-08 3.572474250394732e-08 4.158298573765014e-08 4.731379561198060e-08 5.288321749961545e-08 5.833013589311849e-08 6.374831310063481e-08 6.922771177757892e-08 7.481382533452626e-08 8.049001465950550e-08 8.618493874023547e-08 9.179417656544425e-08
1.317518415421375e-07 1.259608260859102e-07 1.199340222087092e-07 1.136809831958388e-07 1.072145066479165e-07 1.005511131685469e-07 9.371152643190124e-08 8.672113291893128e-08 7.961040236509595e-08 7.241525353198609e-08 6.517736466247521e-08 5.794441910507824e-08 5.077025650389866e-08 4.371480356188671e-08 3.684346554692372e-08 3.022536680633506e-08 2.392954900771807e-08 1.801832072036095e-08 1.253789027810400e-08 7.508442390241281e-09 2.918183159081843e-09 -1.273396907001857e-09 -5.120753802448875e-09 -8.670100643210168e-09 -1.193940895495852e-08 -1.491164529850450e-08 -1.754353149317451e-08 -1.978568293354899e-08 -2.160274355205729e-08 -2.298514982531470e-08 -2.395013708108209e-08 2.424879273213277e-07 2.625897919831779e-07 2.835075071598966e-07 3.052429398096815e-07 3.277567855985028e-07 3.509621409485812e-07 3.747883229248688e-07 3.992716913995001e-07 4.239894508108230e-07 4.491863775252062e-07 4.744088909076236e-07 4.995079231484613e-07 5.243790360714237e-07 5.485799082899055e-07 5.718775676748751e-07 5.938885050921539e-07 6.141989174234302e-07 6.323023888864617e-07 6.478435804911212e-07 6.601252613448183e-07 6.686480171642302e-07 6.730438800937442e-07 6.727901930948885e-07 7.063273307689492e-07 6.581980375114369e-07 6.442311676120650e-07 6.264752378360129e-07 6.056702907745534e-07 5.824902694832817e-07 5.576086318561642e-07 5.316358491935517e-07 -6.174926848331762e-09 -6.559509850781656e-09 -6.901512913398832e-09 -7.183701328098016e-09 -7.385520023866157e-09 -7.482768302709169e-09 -7.447349736110472e-09 -7.247114428517348e-09 -6.845779385813808e-09 -6.203031060385450e-09 -5.274671865481173e-09 -4.013065819074436e-09 -2.367882726211213e-09 -2.874604268906825e-10 2.278682567707550e-09 5.375461938392903e-09 9.034885228148646e-09 1.326507184695683e-08 1.803660232125319e-08 2.327066523739862e-08 2.883711054178765e-08 3.457090203828152e-08 4.030843842576843e-08 4.593100725436807e-08 5.140422720338555e-08 5.676417931569189e-08 6.210026535482324e-08 6.749862692873983e-08 7.300276392447858e-08 7.859627078018374e-08 8.420982252860219e-08
1.311630560446375e-07 1.257747419740996e-07 1.201577850921876e-07 1.143184490816688e-07 1.082656719330309e-07 1.020115102803457e-07 9.557160465642433e-08 8.896564703594692e-08 8.221782762403839e-08 7.535724541281965e-08 6.841826483148811e-08 6.144081762804493e-08 5.447064353410259e-08 4.755943727454277e-08 4.076478362576863e-08 3.414957347749875e-08 2.778031093480989e-08 2.172345286791236e-08 1.603900211346113e-08 1.077147630337012e-08 5.940331165654887e-09 1.534200404921404e-09 -2.485983162416715e-09 -6.172763984059152e-09 -9.570765527716801e-09 -1.269738578470423e-08 -1.553625048379023e-08 -1.804565020016873e-08 -2.017797470706998e-08 -2.189915997081219e-08 -2.320006039883319e-08 2.249043848351843e-07 2.434747961956345e-07 2.628820146574062e-07 2.830821190538890e-07 3.040560211469465e-07 3.257675807463315e-07 3.482393792686411e-07 3.711429164502767e-07 3.947716464625244e-07 4.186919110643386e-07 4.428781461307291e-07 4.672589127645707e-07 4.914860184461289e-07 5.154264323105546e-07 5.387749204507152e-07 5.612323262316206e-07 5.824012910572343e-07 6.020206371706674e-07 6.194816529340576e-07 6.343411734298477e-07 6.461950953916492e-07 6.543657006525099e-07 6.584871383644617e-07 6.581980375114369e-07 6.904414063284225e-07 6.438178435322328e-07 6.301992994946436e-07 6.129244669347438e-07 5.926377747595881e-07 5.700270493678699e-07 5.457773585746755e-07 -5.592373892660537e-09 -5.998491633595885e-09 -6.379245614759306e-09 -6.720690987104331e-09 -7.005986741774095e-09 -7.215026784911795e-09 -7.324121561104501e-09 -7.305730679300953e-09 -7.128338991291435e-09 -6.756344003392766e-09 -6.150154851553179e-09 -5.266368477376118e-09 -4.058156781879586e-09 -2.476020609695593e-09 -4.691133012503262e-10 2.012334396882257e-09 5.012752168326511e-09 8.564105617410591e-09 1.267525877066385e-08 1.731869628618123e-08 2.241893810472393e-08 2.785054088048975e-08 3.345383228497115e-08 3.906995607342228e-08 4.458297519470888e-08 4.995820625785551e-08 5.522914082594370e-08 6.048109956612880e-08 6.579663362372049e-08 7.121735923738257e-08 7.672709314548174e-08
1.302894954942166e-07 1.252798332090994e-07 1.200507551561004e-07 1.146058551545073e-07 1.089509043674972e-07 1.030942482043371e-07 9.704723877870413e-08 9.082468627774476e-08 8.444531421464690e-08 7.793219361106751e-08 7.131314105473902e-08 6.462106635539118e-08 5.789426489768333e-08 5.117665130550926e-08 4.451790294709058e-08 3.797339864745790e-08 3.160365767786417e-08 2.547271078869631e-08 1.964457359578007e-08 1.417706995952878e-08 9.113120590907119e-09 4.471495317665370e-09 2.412380439484989e-10 -3.615344163746271e-09 -7.148974089433849e-09 -1.040275658672457e-08 -1.339353265583511e-08 -1.610553967452740e-08 -1.849854351710728e-08 -2.052660519785203e-08 -2.215687468297440e-08 2.089833428729467e-07 2.261322317188093e-07 2.440652939052362e-07 2.627914419070955e-07 2.822704033546494e-07 3.025908214709259e-07 3.234552432391723e-07 3.451465059691566e-07 3.673213710320297e-07 3.899994902031527e-07 4.131314833182339e-07 4.364867887382038e-07 4.599644665268405e-07 4.833508631835177e-07 5.064430599786058e-07 5.289194653317542e-07 5.506302031146860e-07 5.710716684273838e-07 5.898916848565285e-07 6.067724907268312e-07 6.210905233471879e-07 6.324453668569035e-07 6.403262823719455e-07 6.442311676120650e-07 6.438178435322328e-07 6.748613233411418e-07 6.297601582009172e-07 6.164574245234073e-07 5.995914831092978e-07 5.798180862290904e-07 5.578178549391198e-07 -4.947871182409192e-09 -5.361413517924465e-09 -5.763789537297299e-09 -6.143833799031478e-09 -6.487907189986742e-09 -6.779523588056163e-09 -6.998968000984614e-09 -7.123017234524239e-09 -7.124644070043961e-09 -6.972895101429990e-09 -6.632813697630025e-09 -6.065488342016088e-09 -5.228254278511657e-09 -4.075070602332948e-09 -2.557240343691026e-09 -6.247058172468232e-10 1.771593949597724e-09 4.675606160922918e-09 8.119242933622504e-09 1.211204231597902e-08 1.662829259986684e-08 2.159569510153281e-08 2.689329156269805e-08 3.236656258880073e-08 3.786124021309298e-08 4.326410387246023e-08 4.854027481999025e-08 5.372086533985028e-08 5.888736598405301e-08 6.411893822575069e-08 6.945541781657105e-08
1.291643706385229e-07 1.245091309381775e-07 1.196451788635675e-07 1.145739609487043e-07 1.092986799311381e-07 1.038246387534868e-07 9.815962555914788e-08 9.231433451974790e-08 8.630280375821998e-08 8.014285585167767e-08 7.385651975326406e-08 6.747041561111654e-08 6.101609158883369e-08 5.453030764525768e-08 4.805526215928502e-08 4.163873183426867e-08 3.533401484934106e-08 2.919939170494982e-08 2.329655630987298e-08 1.768721752468031e-08 1.242714061285701e-08 7.557738491704904e-09 3.097137470266257e-09 -9.652220344057493e-10 -4.665721194929680e-09 -8.053344605098358e-09 -1.116974479107558e-08 -1.403122248337390e-08 -1.662258435735376e-08 -1.890498648921731e-08 -2.083406741429129e-08 1.946259873676213e-07 2.103983940420252e-07 2.269425792261527e-07 2.442319034156637e-07 2.623830616843240e-07 2.810922575602821e-07 3.007082937776206e-07 3.209176980348045e-07 3.417281437236244e-07 3.631801393113034e-07 3.850853620008937e-07 4.073643276684545e-07 4.299175379592061e-07 4.525729822759035e-07 4.750975248300310e-07 4.974349437909260e-07 5.191545872667476e-07 5.400116861016534e-07 5.597910444100369e-07 5.779567063180329e-07 5.941919521704882e-07 6.080388843924548e-07 6.189620556125417e-07 6.264752378360129e-07 6.301992994946436e-07 6.297601582009172e-07 6.596475699585810e-07 6.159413463389208e-07 6.029575302977923e-07 5.865477274987164e-07 5.672780814848137e-07 -4.265333437695067e-09 -4.674915164478901e-09 -5.085002511961434e-09 -5.486730517602184e-09 -5.869170126325674e-09 -6.218938413060451e-09 -6.519867722754988e-09 -6.752599452218384e-09 -6.894311325056363e-09 -6.918462121771952e-09 -6.794623724131593e-09 -6.488435320722976e-09 -5.961649608252262e-09 -5.172315295913281e-09 -4.075153443729002e-09 -2.622261512449718e-09 -7.643539240330324e-10 1.546940081523678e-09 4.355068904589012e-09 7.691875942270268e-09 1.156753499757717e-08 1.595802945688559e-08 2.079409810695603e-08 2.595907814880068e-08 3.130338731446689e-08 3.667719012942270e-08 4.196993630074893e-08 4.714663853269989e-08 5.223620847139046e-08 5.731653909396162e-08 6.246359303303839e-08
1.278190897120114e-07 1.234942847916262e-07 1.189724617951193e-07 1.142533517409432e-07 1.093380950609422e-07 1.042295292460179e-07 9.893252409285159e-08 9.345435516979429e-08 8.780511054183935e-08 8.199811568808394e-08 7.605035866922074e-08 6.998289813693929e-08 6.382123608573823e-08 5.759564399658912e-08 5.134143820229477e-08 4.509920082245147e-08 3.891491641687977e-08 3.283991888633288e-08 2.693037444656506e-08 2.124576956234729e-08 1.584563330529347e-08 1.078378665437377e-08 6.100220277826019e-09 1.812457459517070e-09 -2.089677159949396e-09 -5.641311093690646e-09 -8.889769669416204e-09 -1.187531672499197e-08 -1.461373029685596e-08 -1.709034923689806e-08 -1.926764345006851e-08 1.816930464464719e-07 1.961579801403970e-07 2.113592311867691e-07 2.274034146938891e-07 2.439970141032634e-07 2.615186538089309e-07 2.796487075950760e-07 2.984558543701461e-07 3.180126725279587e-07 3.381179193591860e-07 3.587785165012133e-07 3.799367581912528e-07 4.014411604597414e-07 4.231686236424272e-07 4.450937997331956e-07 4.668710279395559e-07 4.883458381591856e-07 5.093748068317887e-07 5.295252532409731e-07 5.485798289515243e-07 5.661659366870237e-07 5.818289482396710e-07 5.951340454556747e-07 6.056702907745534e-07 6.129244669347438e-07 6.164574245234073e-07 6.159413463389208e-07 6.447472041983986e-07 6.024316875767689e-07 5.897648861975928e-07 5.737181177983791e-07 -3.565879937422762e-09 -3.962334910818586e-09 -4.368862481333570e-09 -4.778487682827597e-09 -5.182508473666992e-09 -5.570202985333430e-09 -5.928417144788514e-09 -6.241243415775323e-09 -6.489659700185311e-09 -6.651215082406480e-09 -6.699810684982263e-09 -6.605534668435246e-09 -6.334602627351801e-09 -5.849410827033534e-09 -5.108716961277237e-09 -4.067987845299580e-09 -2.680093094817718e-09 -8.965225468530582e-10 1.330417467158864e-09 4.043689911578259e-09 7.275041681661239e-09 1.103524438547603e-08 1.530189468573996e-08 2.000861815594966e-08 2.504286342970965e-08 3.025979420488735e-08 3.551384920106053e-08 4.069708592802890e-08 4.577448504659380e-08 5.077292486979224e-08 5.576691245966598e-08
1.262830792273804e-07 1.222652713895976e-07 1.180627487714041e-07 1.136738788866097e-07 1.090981574721492e-07 1.043364466206717e-07 9.939125421612708e-08 9.426705780836519e-08 8.897066693356347e-08 8.351161515607059e-08 7.790257039904618e-08 7.215974610551361e-08 6.630329568083359e-08 6.035767352851524e-08 5.435195205726675e-08 4.832008921885028e-08 4.230114358077850e-08 3.633940932692569e-08 3.048436666322753e-08 2.479018510715942e-08 1.931426633991610e-08 1.411408039979223e-08 9.241611491708442e-09 4.735508286648862e-09 6.127290827469285e-10 -3.136529607729840e-09 -6.546197443280882e-09 -9.662015946978964e-09 -1.252292198266215e-08 -1.514419031602202e-08 -1.751166086884772e-08 1.700193226123588e-07 1.832794015759224e-07 1.973156020387534e-07 2.118907263983482e-07 2.273770575521252e-07 2.434646522331722e-07 2.602482172832851e-07 2.777982833572306e-07 2.959703660166842e-07 3.148022379918002e-07 3.342250606038702e-07 3.541700846450138e-07 3.745546082697719e-07 3.953741963110406e-07 4.163887519117866e-07 4.374735463120766e-07 4.585686489959846e-07 4.793279878186459e-07 4.996038738771438e-07 5.191242058297567e-07 5.375302319066747e-07 5.544699635836111e-07 5.696110919562643e-07 5.824902694832817e-07 5.926377747595881e-07 5.995914831092978e-07 6.029575302977923e-07 6.024316875767689e-07 6.302209272874903e-07 5.891550930201568e-07 5.768093581924888e-07 -2.868077902109084e-09 -3.244051707189186e-09 -3.637910187000455e-09 -4.044202488199962e-09 -4.456092211975120e-09 -4.865018746097739e-09 -5.260414953258314e-09 -5.629342224970474e-09 -5.956130031485654e-09 -6.222055308581642e-09 -6.405035669014451e-09 -6.479400846152322e-09 -6.415739815626811e-09 -6.180844794389700e-09 -5.737743255712139e-09 -5.045882130827385e-09 -4.061477557270611e-09 -2.738153818131700e-09 -1.028150055329210e-09 1.115549522935823e-09 3.735433465215504e-09 6.863146888776443e-09 1.051000897840624e-08 1.465514838513610e-08 1.923494953490295e-08 2.414079001931393e-08 2.923238299111568e-08 3.436828882442882e-08 3.944311328255964e-08 4.442186832663899e-08 4.932953736683535e-08
1.245836959028244e-07 1.208502156351494e-07 1.169446383342440e-07 1.128642500710453e-07 1.086072444176068e-07 1.041729118606703e-07 9.956186997479497e-08 9.477633488677083e-08 8.982043308109000e-08 8.470055092175971e-08 7.942571335946778e-08 7.400798009691325e-08 6.846284322904925e-08 6.280960983762776e-08 5.707175207540527e-08 5.127721503146043e-08 4.545867826692093e-08 3.965376526269339e-08 3.390517617828448e-08 2.826064259641140e-08 2.277244930003301e-08 1.749602843306507e-08 1.248690405514061e-08 7.795324150094652e-09 3.458669441195846e-09 -5.066327108615623e-10 -4.110027058901290e-09 -7.384299627010690e-09 -1.037368149511261e-08 -1.311584372098965e-08 -1.562557914082652e-08 1.595192441441917e-07 1.717166756047958e-07 1.844149850040437e-07 1.979615079617696e-07 2.120999093228847e-07 2.269159824501034e-07 2.424937560520086e-07 2.587116880507752e-07 2.756055619939021e-07 2.931623168605888e-07 3.113424714271116e-07 3.300527655729243e-07 3.493694929616462e-07 3.690909754016926e-07 3.891124758307507e-07 4.094774850740148e-07 4.298680122965394e-07 4.502172433777682e-07 4.703375682906869e-07 4.899373284355020e-07 5.087620191039552e-07 5.265725955700182e-07 5.429859730115237e-07 5.576086318561642e-07 5.700270493678699e-07 5.798180862290904e-07 5.865477274987164e-07 5.897648861975928e-07 5.891550930201568e-07 6.159944336884934e-07 5.762065802225676e-07 -2.188109394988944e-09 -2.537752583966930e-09 -2.911588545938490e-09 -3.305454478399691e-09 -3.713994091413632e-09 -4.130461096883908e-09 -4.546427919772062e-09 -4.951464325075418e-09 -5.332815064832811e-09 -5.675049524710874e-09 -5.959735454084066e-09 -6.165148769693683e-09 -6.266053032142799e-09 -6.233530154968793e-09 -6.034933168604769e-09 -5.633927691831339e-09 -4.990634475395489e-09 -4.061992688393001e-09 -2.802377743100893e-09 -1.164754817040719e-09 8.972344704279000e-10 3.425600386639488e-09 6.451877478769972e-09 9.987899904911887e-09 1.401424373509042e-08 1.846991702280386e-08 2.325005322911628e-08 2.821873135140346e-08 3.323848253877323e-08 3.820638566312223e-08 4.308753553389890e-08
1.227462067455686e-07 1.192753007308597e-07 1.156450042310331e-07 1.118517498833250e-07 1.078927030304448e-07 1.037659127683935e-07 9.947049665717542e-08 9.500686206752549e-08 9.037696786457684e-08 8.558462540139523e-08 8.063583560823926e-08 7.553915485444585e-08 7.030607874212682e-08 6.495142711124041e-08 5.949371493372558e-08 5.395549344237165e-08 4.836364924782765e-08 4.274965948437935e-08 3.714979692176327e-08 3.160525979452848e-08 2.616212984501809e-08 2.087091192368867e-08 1.578517636844971e-08 1.095860590444424e-08 6.439804721439402e-09 2.264953218757441e-09 -1.550022331958680e-09 -5.014222903296861e-09 -8.159344888040970e-09 -1.102818058620733e-08 -1.365719473595458e-08 1.501827389361473e-07 1.611133013161426e-07 1.728837074408641e-07 1.852099070250118e-07 1.981506235190978e-07 2.118458068500470e-07 2.261631276511313e-07 2.411512145828456e-07 2.568204097808806e-07 2.731288193357948e-07 2.900367965589860e-07 3.076500547863056e-07 3.257561566509253e-07 3.443277279431354e-07 3.634472021365778e-07 3.828150500429928e-07 4.024644421149764e-07 4.222359032305162e-07 4.419155100789399e-07 4.613307706121129e-07 4.803081708995474e-07 4.985589933992193e-07 5.157800393227082e-07 5.316358491935516e-07 5.457773585746755e-07 5.578178549391198e-07 5.672780814848136e-07 5.737181177983791e-07 5.768093581924888e-07 5.762065802225676e-07 6.020756841654697e-07 -1.539865124681648e-09 -1.858603738093070e-09 -2.206565784769309e-09 -2.580629924169716e-09 -2.976695180427641e-09 -3.389494379242525e-09 -3.812357015444213e-09 -4.236960332079776e-09 -4.653018529670662e-09 -5.047956227254781e-09 -5.406577297302783e-09 -5.710750370615219e-09 -5.939106356434570e-09 -6.066831089749741e-09 -6.065510409354676e-09 -5.903046223845428e-09 -5.543718823322982e-09 -4.948321078430984e-09 -4.074491590817274e-09 -2.877332120241573e-09 -1.310526088296092e-09 6.716431244714204e-10 3.110718877107873e-09 6.038109247968469e-09 9.466118600230538e-09 1.337669068766124e-08 1.771133296354805e-08 2.236876654185690e-08 2.721724619105330e-08 3.212312486742036e-08 3.698589382582455e-08
-8.153399411401460e-10 -9.803311205411466e-10 -1.208586211072930e-09 -1.458477238233866e-09 -1.672012985423300e-09 -1.803724672558104e-09 -1.835724061664654e-09 -1.776231308519799e-09 -1.648430789111196e-09 -1.478660345295572e-09 -1.289138043890466e-09 -1.095677032058948e-09 -9.084306522837943e-10 -7.335624403585788e-10 -5.746884809180212e-10 -4.337804402119872e-10 -3.116414832820865e-10 -2.081745354946063e-10 -1.225756775677338e-10 -5.352221270433136e-11 6.455005184754695e-13 4.175789621335028e-11 7.167434092861836e-11 9.218700020595792e-11 1.049508619950444e-10 1.114471087823840e-10 1.129680704584271e-10 1.106151569251331e-10 1.053068915624601e-10 9.779306392293532e-11 8.867173055481044e-11 9.693365813756510e-08 8.785683315020731e-08 7.790217215505074e-08 6.744626337226970e-08 5.696339457534252e-08 4.690273600339657e-08 3.760204955300190e-08 2.926039294169630e-08 2.195571487262077e-08 1.568121250108767e-08 1.038050579641063e-08 5.972991073324817e-09 2.369271077745130e-09 -5.205741769342519e-10 -2.782875401681619e-09 -4.498474425512294e-09 -5.741977234647231e-09 -6.581508473968310e-09 -7.078769893473527e-09 -7.289230455612800e-09 -7.262455971122412e-09 -7.042528816097204e-09 -6.668498370149945e-09 -6.174926848331758e-09 -5.592373892660537e-09 -4.947871182409192e-09 -4.265333437695067e-09 -3.565879937422762e-09 -2.868077902109084e-09 -2.188109394988942e-09 -1.539865124681648e-09 9.841305003686810e-07 7.805124529747909e-07 7.681936729077643e-07 7.462505348052034e-07 7.166214651606315e-07 6.815688927658112e-07 6.428133369899419e-07 6.021040878106722e-07 5.603918587598759e-07 5.190814262144361e-07 4.784317865912502e-07 4.393229899286650e-07 4.017253466105338e-07 3.659069719407748e-07 3.322470732343092e-07 3.004853995815377e-07 2.708094523963377e-07 2.430595440334760e-07 2.173663328710656e-07 1.935026039555226e-07 1.713310781780492e-07 1.511566365507373e-07 1.324344345562166e-07 1.153669214873683e-07 9.985424757722021e-08 8.573390461852280e-08 7.301265093707994e-08 6.161891540700043e-08 5.142721037804235e-08 4.244522555501350e-08 3.481010293345490e-08
-9.217373043406242e-10 -1.004991613743982e-09 -1.147838814055763e-09 -1.347992532355395e-09 -1.566122948287173e-09 -1.747814407037086e-09 -1.850796928599313e-09 -1.859028903091997e-09 -1.781138933440567e-09 -1.639770230283865e-09 -1.460353790386380e-09 -1.264229973752081e-09 -1.066520838795881e-09 -8.768703621679438e-10 -7.010658810879687e-10 -5.424246858185625e-10 -4.026650805889880e-10 -2.823725862216431e-10 -1.812627104199221e-10 -9.837346422024545e-11 -3.224940905365448e-11 1.887500686255735e-11 5.691679261575157e-11 8.380620998334248e-11 1.013897674782007e-10 1.113665491670457e-10 1.152518243962919e-10 1.143635152347444e-10 1.098220217349638e-10 1.025601043866521e-10 9.333515694913594e-11 1.034796540154881e-07 9.502555208203534e-08 8.566493483010814e-08 7.554467779051757e-08 6.502762271768298e-08 5.456614351976861e-08 4.458596576836756e-08 3.540483048109286e-08 2.720713826132971e-08 2.006117126791004e-08 1.395401365018452e-08 8.825283989556053e-09 4.591484613188249e-09 1.160823985622805e-09 -1.558732766177502e-09 -3.655467158663414e-09 -5.212025155278130e-09 -6.304628078860730e-09 -7.002811469432622e-09 -7.369460051221568e-09 -7.461000242644967e-09 -7.327697050462516e-09 -7.014101721382766e-09 -6.559509850781660e-09 -5.998491633595885e-09 -5.361413517924465e-09 -4.674915164478901e-09 -3.962334910818589e-09 -3.244051707189186e-09 -2.537752583966931e-09 -1.858603738093070e-09 7.805124529747909e-07 9.804182709750657e-07 7.879773307095914e-07 7.747421551256887e-07 7.521995197048380e-07 7.220900446849935e-07 6.865572009602831e-07 6.471856624784689e-07 6.060058567551691e-07 5.638109823080821e-07 5.219638875484168e-07 4.808498828886401e-07 4.409665868439002e-07 4.029408865771681e-07 3.667132847999459e-07 3.324772972648091e-07 3.003123810900908e-07 2.703122538966646e-07 2.422821385347846e-07 2.162266215025366e-07 1.923379315789599e-07 1.700879328610527e-07 1.497521083734404e-07 1.311667289076307e-07 1.141771113038355e-07 9.877382204393141e-08 8.483024570032925e-08 7.230391381518328e-08 6.111636594031714e-08 5.133987942551140e-08 4.247525285672774e-08
-1.055059978197760e-09 -1.110237226244144e-09 -1.176002611672371e-09 -1.296274874182638e-09 -1.468714814692174e-09 -1.656188919562793e-09 -1.807608290428167e-09 -1.883639337395514e-09 -1.869901077194784e-09 -1.775340513721158e-09 -1.622035811967703e-09 -1.434519073315431e-09 -1.233260638543517e-09 -1.032692348517005e-09 -8.419440945249625e-10 -6.664124625199426e-10 -5.091022538878747e-10 -3.714678772335592e-10 -2.538685156569422e-10 -1.558256966226463e-10 -7.621910469084046e-11 -1.346468437866701e-11 3.430542900163961e-11 6.908450194407470e-11 9.286103143672070e-11 1.075238293646723e-10 1.148015299144255e-10 1.162293783889481e-10 1.131384513051735e-10 1.066543591909658e-10 9.771410956418529e-11 1.095643941831652e-07 1.015291068944771e-07 9.275076416665810e-08 8.317829746047217e-08 7.295841569387620e-08 6.243976866670996e-08 5.205305900614204e-08 4.220106770394595e-08 3.318194894888638e-08 2.516567771361679e-08 1.821090743808804e-08 1.229857798237505e-08 7.364269025568170e-09 3.321635877632762e-09 7.666163550459765e-11 -2.464561016962224e-09 -4.391914798327763e-09 -5.789414535552344e-09 -6.734417491124321e-09 -7.297372863680467e-09 -7.541828848189062e-09 -7.524657257637688e-09 -7.296361655577436e-09 -6.901512913398832e-09 -6.379245614759304e-09 -5.763789537297300e-09 -5.085002511961430e-09 -4.368862481333570e-09 -3.637910187000451e-09 -2.911588545938489e-09 -2.206565784769314e-09 7.681936729077643e-07 7.879773307095914e-07 9.756094915194100e-07 7.930215496616554e-07 7.790025040436766e-07 7.558016027788941e-07 7.250149085442898e-07 6.890434534518781e-07 6.492848251233402e-07 6.077017928019918e-07 5.651940023478689e-07 5.227287154338063e-07 4.813315683709146e-07 4.411715594587623e-07 4.026868486960243e-07 3.661520167830276e-07 3.316732429990544e-07 2.992886722316723e-07 2.689735762605624e-07 2.409506282630606e-07 2.148337232364592e-07 1.907942151389789e-07 1.686822549789180e-07 1.484184158960004e-07 1.299328757334618e-07 1.131072559636144e-07 9.788517585803082e-08 8.413651468174187e-08 7.201076533579781e-08 6.093354735393418e-08 5.144947944001271e-08
-1.149208754564351e-09 -1.241517439799877e-09 -1.280173467121359e-09 -1.327546359328928e-09 -1.425087691823763e-09 -1.570495500332253e-09 -1.728710347273623e-09 -1.851716846293019e-09 -1.902854931396894e-09 -1.869209734672920e-09 -1.759944421599653e-09 -1.596534305972546e-09 -1.402609031286136e-09 -1.197775526079197e-09 -9.957729746514562e-10 -8.052114036036987e-10 -6.310903184284718e-10 -4.760957735063394e-10 -3.414138184654196e-10 -2.271793536928248e-10 -1.327265764079439e-10 -5.678299923579108e-11 2.351444272078370e-12 4.663235565431000e-11 7.811567974952223e-11 9.883244986794597e-11 1.106988198397278e-10 1.154599134640774e-10 1.146567636110565e-10 1.096233203180157e-10 1.014821077709843e-10 1.155247989484333e-07 1.075835214958257e-07 9.920530295040607e-08 9.018064978433977e-08 8.046880764072551e-08 7.021462509510273e-08 5.975202870713066e-08 4.949028298448713e-08 3.980980016539853e-08 3.098971476275221e-08 2.318601531041744e-08 1.644800963654130e-08 1.075072038992742e-08 6.025942133019603e-09 2.184758261552843e-09 -8.687156750464354e-10 -3.229825173577218e-09 -4.989577592347087e-09 -6.232861024737607e-09 -7.037648757518626e-09 -7.474788832813034e-09 -7.608026802635467e-09 -7.494222823475956e-09 -7.183701328098016e-09 -6.720690987104331e-09 -6.143833799031478e-09 -5.486730517602184e-09 -4.778487682827597e-09 -4.044202488199962e-09 -3.305454478399690e-09 -2.580629924169716e-09 7.462505348052034e-07 7.747421551256887e-07 7.930215496616554e-07 9.694231067478500e-07 7.957260179108563e-07 7.807237930321908e-07 7.568983060451640e-07 7.256504829287604e-07 6.892929572758657e-07 6.493010513088224e-07 6.072193598966926e-07 5.645663296215207e-07 5.219669507815944e-07 4.802480655722792e-07 4.399073391115689e-07 4.012913968159817e-07 3.646308801190956e-07 3.299197334608541e-07 2.976037293336522e-07 2.672764315544600e-07 2.391421275226642e-07 2.131857126405624e-07 1.892344200286134e-07 1.672327718956698e-07 1.471355158225070e-07 1.288305153484678e-07 1.121966876539839e-07 9.736877483977843e-08 8.372960378249508e-08 7.189256614603585e-08 6.125147600429226e-08
-1.157309570927653e-09 -1.336255612663200e-09 -1.409328418967881e-09 -1.430514676034896e-09 -1.459046536128858e-09 -1.534166514257948e-09 -1.653655751738198e-09 -1.784385289649031e-09 -1.881152555792136e-09 -1.909709911234599e-09 -1.858416242238820e-09 -1.736548742171658e-09 -1.564946781628028e-09 -1.366332404269967e-09 -1.159454541581405e-09 -9.573649110946255e-10 -7.681549186711855e-10 -5.964265682761874e-10 -4.445515838428743e-10 -3.134563250731558e-10 -2.030598284950576e-10 -1.125240075313000e-10 -4.044121784382224e-11 1.498877674107178e-11 5.579169442818254e-11 8.406962870226359e-11 1.018818404332650e-10 1.111566981323059e-10 1.136447989602826e-10 1.108841028748537e-10 1.041991160299161e-10 1.216437569947429e-07 1.135060836713380e-07 1.052287153262937e-07 9.658873029622071e-08 8.739450359895269e-08 7.761307596042608e-08 6.738593324006408e-08 5.703194212120883e-08 4.693933480424185e-08 3.746692209800426e-08 2.887559248145598e-08 2.130800795373543e-08 1.480467838037312e-08 9.335149520277132e-09 4.827867262903274e-09 1.191808730863335e-09 -1.670291472077779e-09 -3.854718790677651e-09 -5.453083787117315e-09 -6.550630026808550e-09 -7.225475226934897e-09 -7.548401687734405e-09 -7.582925003003230e-09 -7.385520023866157e-09 -7.005986741774095e-09 -6.487907189986736e-09 -5.869170126325674e-09 -5.182508473666992e-09 -4.456092211975122e-09 -3.713994091413632e-09 -2.976695180427642e-09 7.166214651606315e-07 7.521995197048380e-07 7.790025040436766e-07 7.957260179108563e-07 9.615107401677388e-07 7.959330525343537e-07 7.801610508620346e-07 7.557563015754830e-07 7.241897669658498e-07 6.873379006270195e-07 6.472660514519787e-07 6.051543041916100e-07 5.623061310858685e-07 5.196588353992877e-07 4.779370008908154e-07 4.375912752105946e-07 3.988522250475899e-07 3.623520805837972e-07 3.277103422166290e-07 2.953489531258983e-07 2.652342872950157e-07 2.372312636303179e-07 2.114150564644481e-07 1.876533829980991e-07 1.658500935208950e-07 1.459556086484382e-07 1.280505709470632e-07 1.115327286541365e-07 9.699721485457703e-08 8.379765598492222e-08 7.202451542322814e-08
-1.068937910590979e-09 -1.349504701570173e-09 -1.504224671891768e-09 -1.557430897316798e-09 -1.560759969339104e-09 -1.570578128804275e-09 -1.624115925150663e-09 -1.719241484566572e-09 -1.824596705321880e-09 -1.897534694435012e-09 -1.905971778719439e-09 -1.839367083268057e-09 -1.707018208356532e-09 -1.529099275092302e-09 -1.327428586493224e-09 -1.119909308575045e-09 -9.189163006652258e-10 -7.320339529705022e-10 -5.634793809570889e-10 -4.153208295683609e-10 -2.882421093303157e-10 -1.819656872808283e-10 -9.549951740597547e-11 -2.732087938091471e-11 2.445183239857171e-11 6.189817406287093e-11 8.714965765756434e-11 1.022814522996103e-10 1.092242467736051e-10 1.097210435875517e-10 1.053006536065905e-10 1.280582173224143e-07 1.195658629817262e-07 1.111196877202641e-07 1.025876822897236e-07 9.376426104257827e-08 8.447267449651891e-08 7.468562240745730e-08 6.454007450756997e-08 5.433979634961781e-08 4.445263429860158e-08 3.521677156523543e-08 2.687585536748542e-08 1.956006276903525e-08 1.330181478827048e-08 8.065800189721065e-09 3.777677966633651e-09 3.448496029241682e-10 -2.330796700576671e-09 -4.345962039539969e-09 -5.792382643880259e-09 -6.755185797357132e-09 -7.312197230380950e-09 -7.533748804734718e-09 -7.482768302709169e-09 -7.215026784911792e-09 -6.779523588056167e-09 -6.218938413060456e-09 -5.570202985333430e-09 -4.865018746097739e-09 -4.130461096883910e-09 -3.389494379242528e-09 6.815688927658112e-07 7.220900446849935e-07 7.558016027788941e-07 7.807237930321908e-07 7.959330525343537e-07 9.520424524777113e-07 7.939095718070456e-07 7.775083351595011e-07 7.524102792130286e-07 7.206684291799916e-07 6.837772639646399e-07 6.435633626751658e-07 6.014957232962819e-07 5.587592561499009e-07 5.162304376835015e-07 4.745077553732115e-07 4.344374166765055e-07 3.958730636361198e-07 3.594205104701586e-07 3.250731236593429e-07 2.929103958274509e-07 2.629929466546979e-07 2.352273000048022e-07 2.096451533056932e-07 1.861160702879466e-07 1.647358234310459e-07 1.449767248845751e-07 1.273789145849315e-07 1.113113243066756e-07 9.685327913971043e-08 8.405818898050302e-08
-9.061690725318506e-10 -1.270595285189999e-09 -1.521809044632681e-09 -1.652189121650163e-09 -1.685502278906384e-09 -1.671205656695220e-09 -1.663008755833917e-09 -1.696276231198549e-09 -1.768940568447622e-09 -1.851252434428312e-09 -1.902884091595046e-09 -1.893687273556563e-09 -1.814064245245866e-09 -1.673257272427503e-09 -1.490757045354533e-09 -1.287488595108175e-09 -1.080531729877209e-09 -8.816076704757994e-10 -6.978116552366173e-10 -5.329970275657672e-10 -3.889503883291143e-10 -2.661335808925865e-10 -1.640949812651070e-10 -8.170992727897993e-11 -1.735941502492153e-11 3.090051872402162e-11 6.518896508313928e-11 8.765531356651964e-11 1.003762982690907e-10 1.052778011479922e-10 1.040872833556101e-10 1.347337564313397e-07 1.258954035237590e-07 1.171336967131018e-07 1.084583306483373e-07 9.974888263999011e-08 9.081431676738402e-08 8.149024239880547e-08 7.175334603036810e-08 6.173532512457409e-08 5.172510145397115e-08 4.207104341038160e-08 3.309184997638853e-08 2.501506488413423e-08 1.795937471795960e-08 1.194992872246679e-08 6.947235514063794e-09 2.874775086897500e-09 -3.610684886108980e-10 -2.858759477422330e-09 -4.714932756023065e-09 -6.021004596436639e-09 -6.861590969986161e-09 -7.313856053225292e-09 -7.447349736110469e-09 -7.324121561104501e-09 -6.998968000984617e-09 -6.519867722754990e-09 -5.928417144788515e-09 -5.260414953258311e-09 -4.546427919772063e-09 -3.812357015444215e-09 6.428133369899419e-07 6.865572009602831e-07 7.250149085442898e-07 7.568983060451640e-07 7.801610508620346e-07 7.939095718070456e-07 9.411383756901697e-07 7.896910755011455e-07 7.728030638435769e-07 7.474606949536263e-07 7.154732381278080e-07 6.786063630247877e-07 6.385450617351606e-07 5.966767468977618e-07 5.540449580565482e-07 5.119061911017408e-07 4.704733452938916e-07 4.305630060933962e-07 3.923954532574568e-07 3.562331657848316e-07 3.221666207794105e-07 2.903111079338176e-07 2.606882693155162e-07 2.332077319294931e-07 2.080883352730917e-07 1.847313261664321e-07 1.636889985045160e-07 1.444031094049383e-07 1.269064691650120e-07 1.112612303725391e-07 9.715831201724474e-08
-7.063999041074305e-10 -1.119777164282873e-09 -1.451300318214592e-09 -1.673568548126280e-09 -1.780099100459785e-09 -1.794095167177341e-09 -1.762960327556334e-09 -1.737911594856159e-09 -1.752560456184633e-09 -1.804875597786501e-09 -1.866561520461286e-09 -1.899391667060835e-09 -1.874952929769463e-09 -1.784456069644791e-09 -1.637026805411696e-09 -1.451468197717613e-09 -1.247836110453823e-09 -1.042415543820473e-09 -8.463055056253232e-10 -6.661408005155591e-10 -5.054356621075678e-10 -3.657202475265366e-10 -2.472581928164688e-10 -1.494451004535106e-10 -7.104529661979958e-11 -1.036032519046709e-11 3.460229511217241e-11 6.598492296913840e-11 8.594607544216794e-11 9.655481845984482e-11 9.972110882688944e-11 1.415015060222566e-07 1.324651335240216e-07 1.233982054694618e-07 1.144427152396287e-07 1.056120409008756e-07 9.679514933591636e-08 8.781327306088027e-08 7.851237730572807e-08 6.887191325612827e-08 5.901795134982182e-08 4.922507862087726e-08 3.982325355051990e-08 3.111297657628864e-08 2.330690884762938e-08 1.651327501001431e-08 1.075080103659197e-08 5.976513086928485e-09 2.112278282695727e-09 -9.360193814182090e-10 -3.266732190743383e-09 -4.976020869343527e-09 -6.154600527088853e-09 -6.886232071136327e-09 -7.247114428517348e-09 -7.305730679300953e-09 -7.123017234524239e-09 -6.752599452218387e-09 -6.241243415775323e-09 -5.629342224970474e-09 -4.951464325075423e-09 -4.236960332079776e-09 6.021040878106721e-07 6.471856624784689e-07 6.890434534518781e-07 7.256504829287603e-07 7.557563015754830e-07 7.775083351595012e-07 7.896910755011455e-07 9.287714929122633e-07 7.838783241468291e-07 7.664333195953638e-07 7.409062983533809e-07 7.089600676588805e-07 6.722631444024326e-07 6.323378094730009e-07 5.909300806847169e-07 5.486840672525566e-07 5.068140236593565e-07 4.658872625542828e-07 4.263751298268766e-07 3.885897554448539e-07 3.528259926584800e-07 3.191386008984710e-07 2.876406544597786e-07 2.585431805102423e-07 2.312921560538872e-07 2.065565232242369e-07 1.837120030705439e-07 1.628090544890582e-07 1.439748351920962e-07 1.268601158226080e-07 1.114602184117869e-07
-5.043159042561116e-10 -9.321683746609120e-10 -1.311348452675541e-09 -1.610764080602109e-09 -1.805073049442284e-09 -1.888793119476268e-09 -1.884544807599597e-09 -1.837775551024186e-09 -1.797352003874355e-09 -1.795225161114807e-09 -1.829367603196441e-09 -1.872800319201142e-09 -1.889204808477557e-09 -1.851727020935128e-09 -1.752275790460305e-09 -1.599819787449959e-09 -1.412479798826348e-09 -1.209475774003901e-09 -1.006337198468395e-09 -8.135756172078830e-10 -6.373974310654298e-10 -4.810057018745491e-10 -3.456983568118654e-10 -2.315649770295944e-10 -1.378678258746937e-10 -6.327669339449269e-11 -6.032410902683888e-12 3.589501862638191e-11 6.466008884344943e-11 8.241780446511263e-11 9.122264531898215e-11 1.481236062575489e-07 1.391171612855290e-07 1.298871068468622e-07 1.206626647776198e-07 1.115825800613505e-07 1.026624726244105e-07 9.379896510875391e-08 8.482376818853266e-08 7.559170817423806e-08 6.608416758990700e-08 5.642152092501008e-08 4.686474524097623e-08 3.772656441764338e-08 2.929059075357811e-08 2.175583304378944e-08 1.522108290940783e-08 9.699436792310909e-09 5.145089202497486e-09 1.478829509207428e-09 -1.393513972137395e-09 -3.569779765123736e-09 -5.145296085556733e-09 -6.209760033034538e-09 -6.845779385813808e-09 -7.128338991291435e-09 -7.124644070043961e-09 -6.894311325056363e-09 -6.489659700185312e-09 -5.956130031485654e-09 -5.332815064832811e-09 -4.653018529670662e-09 5.603918587598759e-07 6.060058567551693e-07 6.492848251233402e-07 6.892929572758657e-07 7.241897669658498e-07 7.524102792130286e-07 7.728030638435769e-07 7.838783241468291e-07 9.152732164423465e-07 7.764713583022775e-07 7.587566361919723e-07 7.331875393743476e-07 7.012601918478296e-07 6.649859868452670e-07 6.254681931585831e-07 5.843920834471766e-07 5.427399527109676e-07 5.013697474268540e-07 4.609303310050159e-07 4.219213788516190e-07 3.846147562949708e-07 3.492998909058068e-07 3.162221963193084e-07 2.850290786693598e-07 2.563820225460911e-07 2.297021541144442e-07 2.051578400320165e-07 1.828094040532668e-07 1.623289719431597e-07 1.437760652719619e-07 1.270345599045440e-07
-3.214326568459315e-10 -7.406866693256840e-10 -1.135010437417653e-09 -1.480996757072475e-09 -1.749645163440067e-09 -1.917461239722276e-09 -1.979823466742920e-09 -1.958748341140116e-09 -1.897808385453553e-09 -1.843642999619383e-09 -1.826628990358093e-09 -1.844715646778757e-09 -1.872118259661481e-09 -1.874260086326769e-09 -1.825699610916008e-09 -1.718952165499103e-09 -1.562804398667200e-09 -1.374713950177332e-09 -1.173102277179035e-09 -9.727858783965461e-10 -7.837266490546499e-10 -6.117335797020022e-10 -4.597269605753906e-10 -3.287949364158864e-10 -2.188721655856866e-10 -1.291089165589697e-10 -5.809405923164946e-11 -4.021286115828985e-12 3.516213991124477e-11 6.161409722312668e-11 7.747646103302738e-11 1.543545189464695e-07 1.456267574514701e-07 1.364517368689981e-07 1.270943821641061e-07 1.177763511982917e-07 1.086323248045060e-07 9.967912048726049e-08 9.081975038844921e-08 8.189504182465789e-08 7.276757138764704e-08 6.342015929776104e-08 5.396763511015201e-08 4.465818092176483e-08 3.578849175843368e-08 2.762659354642125e-08 2.035899797739327e-08 1.407602699682538e-08 8.785897996908302e-09 4.440545878020129e-09 9.601529470744420e-10 -1.749113144458829e-09 -3.784238730580121e-09 -5.239405911462003e-09 -6.203031060385449e-09 -6.756344003392766e-09 -6.972895101429990e-09 -6.918462121771952e-09 -6.651215082406478e-09 -6.222055308581642e-09 -5.675049524710874e-09 -5.047956227254773e-09 5.190814262144361e-07 5.638109823080821e-07 6.077017928019918e-07 6.493010513088224e-07 6.873379006270195e-07 7.206684291799917e-07 7.474606949536262e-07 7.664333195953638e-07 7.764713583022775e-07 9.009513064791844e-07 7.679114703774334e-07 7.499064505664270e-07 7.245458755728281e-07 6.929036334320863e-07 6.569170139731610e-07 6.180068820097429e-07 5.774853824245462e-07 5.364020356052455e-07 4.956308757063678e-07 4.557710437718655e-07 4.173128902647561e-07 3.807130669846353e-07 3.457947568077662e-07 3.132534653347523e-07 2.827065580487695e-07 2.543215706499339e-07 2.282000018417836e-07 2.041317246068642e-07 1.821144459182383e-07 1.620520829970030e-07 1.438627177807900e-07
-1.645231272108817e-10 -5.660115732547392e-10 -9.535738747216236e-10 -1.315433761384077e-09 -1.629738484724176e-09 -1.869372821104634e-09 -2.012494853500373e-09 -2.055211114733615e-09 -2.018910968326317e-09 -1.945370001228071e-09 -1.879115272158347e-09 -1.849029742204240e-09 -1.853021890077679e-09 -1.866401162571588e-09 -1.856187872148575e-09 -1.798230243908699e-09 -1.685580722074336e-09 -1.526828871342826e-09 -1.338794256245990e-09 -1.139141039818383e-09 -9.420141267082915e-10 -7.568638116801549e-10 -5.891308107932815e-10 -4.414760676040573e-10 -3.148023396335710e-10 -2.089056714193126e-10 -1.228405258905335e-10 -5.513214976923767e-11 -3.938215129164859e-12 3.280507109005932e-11 5.724837191684603e-11 1.599816988663603e-07 1.517604634149981e-07 1.428787216909459e-07 1.335969941674972e-07 1.241709972172857e-07 1.148144552204147e-07 1.056575422084699e-07 9.671757775422584e-08 8.790304867461316e-08 7.906291618932169e-08 7.006670633845747e-08 6.089838571916033e-08 5.166752138727797e-08 4.261036491535938e-08 3.400873132778608e-08 2.611628744565319e-08 1.910814074304487e-08 1.306701057304056e-08 7.996909759096749e-09 3.848030306941258e-09 5.403526483493285e-10 -2.019266328167856e-09 -3.926676132210331e-09 -5.274671865481160e-09 -6.150154851553179e-09 -6.632813697630025e-09 -6.794623724131593e-09 -6.699810684982269e-09 -6.405035669014451e-09 -5.959735454084066e-09 -5.406577297302783e-09 4.784317865912502e-07 5.219638875484168e-07 5.651940023478689e-07 6.072193598966926e-07 6.472660514519787e-07 6.837772639646399e-07 7.154732381278080e-07 7.409062983533810e-07 7.587566361919723e-07 7.679114703774334e-07 8.858954313887734e-07 7.584412640789003e-07 7.404142649719987e-07 7.151265860417634e-07 6.839655950602070e-07 6.484834001371755e-07 6.101495781323336e-07 5.702752049901818e-07 5.298467313336585e-07 4.897172355007558e-07 4.506603522905970e-07 4.126984614344905e-07 3.767314333443443e-07 3.425489386335623e-07 3.103575399729038e-07 2.804458477696917e-07 2.526078665933272e-07 2.268835430883485e-07 2.032901305270960e-07 1.816889325598809e-07 1.619343546694022e-07
-2.952477218821431e-11 -4.149354404190516e-10 -7.869256677390048e-10 -1.143837815813493e-09 -1.474769349677681e-09 -1.759263818293247e-09 -1.971896749919838e-09 -2.092297389032858e-09 -2.117184949001430e-09 -2.067305437586640e-09 -1.982712079685793e-09 -1.905932280901902e-09 -1.864438899822652e-09 -1.856088732412607e-09 -1.857202660105465e-09 -1.836278333573932e-09 -1.770348400930655e-09 -1.652946621434053e-09 -1.492459327336870e-09 -1.305094333080325e-09 -1.107800521876767e-09 -9.140905840127206e-10 -7.329360507873424e-10 -5.694402956462758e-10 -4.260254956709337e-10 -3.034282957711986e-10 -2.013260796675568e-10 -1.186912024635457e-10 -5.399943623984671e-11 -5.385290741910119e-12 2.921758734475614e-11 1.648442598606896e-07 1.573150002536142e-07 1.489451529760482e-07 1.399670338649744e-07 1.306323135551697e-07 1.211873823231826e-07 1.118379431642276e-07 1.027094904405029e-07 9.381946088728280e-08 8.508118520984400e-08 7.635101558476229e-08 6.750484042071516e-08 5.852763187127894e-08 4.952401028435926e-08 4.071913793626882e-08 3.238105137138834e-08 2.475018016364297e-08 1.799122635884563e-08 1.218010183335353e-08 7.317212725493166e-09 3.351473808774132e-09 2.030125435674028e-10 -2.220348429447372e-09 -4.013065819074436e-09 -5.266368477376119e-09 -6.065488342016088e-09 -6.488435320722973e-09 -6.605534668435246e-09 -6.479400846152322e-09 -6.165148769693683e-09 -5.710750370615216e-09 4.393229899286650e-07 4.808498828886401e-07 5.227287154338063e-07 5.645663296215206e-07 6.051543041916100e-07 6.435633626751657e-07 6.786063630247877e-07 7.089600676588806e-07 7.331875393743476e-07 7.499064505664270e-07 7.584412640789002e-07 8.705981410747322e-07 7.482072212017035e-07 7.303574401264877e-07 7.053592131062995e-07 6.746455988805796e-07 6.397555826262160e-07 6.020784334443506e-07 5.628880760601243e-07 5.233317520149928e-07 4.837851480194098e-07 4.454542827917590e-07 4.083238377801938e-07 3.728027216733124e-07 3.393449083554741e-07 3.077869492421499e-07 2.783516453031830e-07 2.510612880075577e-07 2.258206506990787e-07 2.025952007118603e-07 1.815066800170087e-07
9.314698830968844e-11 -2.839496075327837e-10 -6.418426423590152e-10 -9.853296118012012e-10 -1.313067001595122e-09 -1.614916898583579e-09 -1.871669737668067e-09 -2.059418985316505e-09 -2.159104611968382e-09 -2.167957904105410e-09 -2.106076331478670e-09 -2.011870863220397e-09 -1.925977957480430e-09 -1.874545058963787e-09 -1.855378326877311e-09 -1.845739531236663e-09 -1.815500329648813e-09 -1.742788329978090e-09 -1.621570972631367e-09 -1.460030608333000e-09 -1.273789686866483e-09 -1.079119077494657e-09 -8.889402094706601e-10 -7.117755590548055e-10 -5.524168198379004e-10 -4.130715394099580e-10 -2.943270170466018e-10 -1.957587633932051e-10 -1.162723862727131e-10 -5.430507052113707e-11 -7.978645802730053e-12 1.688361504604432e-07 1.621354439522502e-07 1.544558127697926e-07 1.459909225562217e-07 1.369656397939968e-07 1.276227264743080e-07 1.181993664183621e-07 1.088934060734366e-07 9.982570071824817e-08 9.101360062495085e-08 8.237484262105958e-08 7.377261288472225e-08 6.508868341091695e-08 5.630895884827420e-08 4.753346175498284e-08 3.897704599136511e-08 3.089498941159982e-08 2.351552480770327e-08 1.699385372096778e-08 1.139980882852139e-08 6.730720515327056e-09 2.934612829812223e-09 -6.792230396793268e-11 -2.367882726211213e-09 -4.058156781879586e-09 -5.228254278511651e-09 -5.961649608252261e-09 -6.334602627351801e-09 -6.415739815626817e-09 -6.266053032142799e-09 -5.939106356434570e-09 4.017253466105338e-07 4.409665868439002e-07 4.813315683709146e-07 5.219669507815945e-07 5.623061310858684e-07 6.014957232962819e-07 6.385450617351606e-07 6.722631444024326e-07 7.012601918478296e-07 7.245458755728281e-07 7.404142649719987e-07 7.482072212017035e-07 8.551024420326219e-07 7.376397129170682e-07 7.199372543252712e-07 6.953170243863895e-07 6.651292443317894e-07 6.308645392108509e-07 5.940559833534234e-07 5.554860581659538e-07 5.167206007417543e-07 4.780865829439947e-07 4.402924448910170e-07 4.039801266453736e-07 3.691855161398459e-07 3.362938699607361e-07 3.053700616522527e-07 2.764978407052051e-07 2.496501621899455e-07 2.249908111057299e-07 2.022694200652515e-07
2.143979001009902e-10 -1.642178593347236e-10 -5.152960087930183e-10 -8.466360403959626e-10 -1.163003695745631e-09 -1.463305024531671e-09 -1.738070006671104e-09 -1.969203041222968e-09 -2.134161521359166e-09 -2.215059301396452e-09 -2.209560828687558e-09 -2.137117580971838e-09 -2.034581115165092e-09 -1.940808051933705e-09 -1.880702666372265e-09 -1.852026449795797e-09 -1.832922883313604e-09 -1.794545188534738e-09 -1.716038217962332e-09 -1.591761744212539e-09 -1.429692729066265e-09 -1.244897998685649e-09 -1.053004878711783e-09 -8.663789877465227e-10 -6.931266837007228e-10 -5.377509507606292e-10 -4.022656064226305e-10 -2.871269754212728e-10 -1.918221822748455e-10 -1.152030032456451e-10 -5.567960237421625e-11 1.719009141126554e-07 1.661186309214939e-07 1.592608959662218e-07 1.514806142910815e-07 1.429657832462837e-07 1.339337880514190e-07 1.246186708753072e-07 1.152487145177558e-07 1.060142047552280e-07 9.703153009272457e-08 8.831788628743847e-08 7.979506998808289e-08 7.133264536683807e-08 6.281789036962429e-08 5.423759044860472e-08 4.568750927026769e-08 3.737293126210900e-08 2.953731149610041e-08 2.239765003990142e-08 1.610046940161476e-08 1.071015730149179e-08 6.221457542198804e-09 2.581821426796413e-09 -2.874604268906841e-10 -2.476020609695593e-09 -4.075070602332952e-09 -5.172315295913278e-09 -5.849410827033534e-09 -6.180844794389694e-09 -6.233530154968793e-09 -6.066831089749738e-09 3.659069719407748e-07 4.029408865771681e-07 4.411715594587623e-07 4.802480655722793e-07 5.196588353992877e-07 5.587592561499010e-07 5.966767468977618e-07 6.323378094730009e-07 6.649859868452671e-07 6.929036334320863e-07 7.151265860417635e-07 7.303574401264877e-07 7.376397129170682e-07 8.395789279841988e-07 7.268130846998594e-07 7.093408651326623e-07 6.851333501384976e-07 6.556818824746842e-07 6.219760764465334e-07 5.859510961529513e-07 5.483258043718868e-07 5.101582671839011e-07 4.724198427632054e-07 4.354386981227831e-07 3.997843789991185e-07 3.657154563247629e-07 3.334754201392003e-07 3.030811665898608e-07 2.748695073302447e-07 2.486005320320228e-07 2.242482060293912e-07
3.440332534302543e-10 -4.555493187131181e-11 -3.991162438888532e-10 -7.251344648067211e-10 -1.031220415467311e-09 -1.322071245140011e-09 -1.596785787078281e-09 -1.846475882936061e-09 -2.054046845405748e-09 -2.198191458704389e-09 -2.262079617327098e-09 -2.243747166942790e-09 -2.162014929420382e-09 -2.052256947508852e-09 -1.951657488811165e-09 -1.883958251555700e-09 -1.846882805983383e-09 -1.819405088003201e-09 -1.773876332311869e-09 -1.690386064717430e-09 -1.563653996315275e-09 -1.401451125562263e-09 -1.218314456071251e-09 -1.029265686653787e-09 -8.461471096498146e-10 -6.766783578906911e-10 -5.250980670159948e-10 -3.932438294088357e-10 -2.814568626684384e-10 -1.891499869263090e-10 -1.151290221052087e-10 1.740232289298095e-07 1.692085548763192e-07 1.632596111311364e-07 1.562908186200652e-07 1.484512099403453e-07 1.399230756605297e-07 1.309164839400420e-07 1.216570734002315e-07 1.123646394523676e-07 1.032222950290218e-07 9.434217197990467e-08 8.574130060200411e-08 7.734527845086785e-08 6.902964377213586e-08 6.068685440378445e-08 5.230455640632197e-08 4.397457347956314e-08 3.589331782071565e-08 2.829328210249984e-08 2.138109413345432e-08 1.529536131161934e-08 1.009557792925350e-08 5.774297457523289e-09 2.278682567707550e-09 -4.691133012503262e-10 -2.557240343691026e-09 -4.075153443728997e-09 -5.108716961277235e-09 -5.737743255712139e-09 -6.034933168604769e-09 -6.065510409354677e-09 3.322470732343092e-07 3.667132847999459e-07 4.026868486960243e-07 4.399073391115689e-07 4.779370008908154e-07 5.162304376835015e-07 5.540449580565482e-07 5.909300806847169e-07 6.254681931585831e-07 6.569170139731610e-07 6.839655950602070e-07 7.053592131062995e-07 7.199372543252712e-07 7.268130846998595e-07 8.241873247953151e-07 7.158615245915439e-07 6.988348284773163e-07 6.749759039800929e-07 6.461756008042102e-07 6.133498092719992e-07 5.779125006499974e-07 5.412110503932166e-07 5.039127644608208e-07 4.669068258676000e-07 4.307349211509104e-07 3.958212966139953e-07 3.623722972685821e-07 3.308798948880577e-07 3.011499042833340e-07 2.733261366054449e-07 2.476752456830364e-07
4.897639840626553e-10 8.126622236377409e-11 -2.837591372700238e-10 -6.132418662749713e-10 -9.154364889200373e-10 -1.197740242037526e-09 -1.464749561603289e-09 -1.715711549181810e-09 -1.942252327814420e-09 -2.128180917294630e-09 -2.253317626966819e-09 -2.301793505171038e-09 -2.271965962130911e-09 -2.182046087082934e-09 -2.066011901615272e-09 -1.959475865227950e-09 -1.885093967220232e-09 -1.840558532099836e-09 -1.805624556620543e-09 -1.753769162372607e-09 -1.665960094659715e-09 -1.537245735971598e-09 -1.375197213850662e-09 -1.193845891344565e-09 -1.007642382445708e-09 -8.279392240304345e-10 -6.620950089448308e-10 -5.141056737391909e-10 -3.856505521423819e-10 -2.769665113382243e-10 -1.874031953628351e-10 1.752200126420775e-07 1.713885319933086e-07 1.663961004651133e-07 1.603227970336859e-07 1.532807664467312e-07 1.454150978769589e-07 1.369024799689675e-07 1.279459465856805e-07 1.187631389423526e-07 1.095657962324790e-07 1.005302652353905e-07 9.176467156106809e-08 8.328588275387579e-08 7.502307846052427e-08 6.685742688908232e-08 5.868627546622072e-08 5.049813482510733e-08 4.238118908850195e-08 3.452360223420534e-08 2.714771352764025e-08 2.045054667058164e-08 1.456344999880983e-08 9.541528460749028e-09 5.375461938392909e-09 2.012334396882257e-09 -6.247058172468232e-10 -2.622261512449716e-09 -4.067987845299577e-09 -5.045882130827378e-09 -5.633927691831343e-09 -5.903046223845431e-09 3.004853995815377e-07 3.324772972648091e-07 3.661520167830276e-07 4.012913968159816e-07 4.375912752105946e-07 4.745077553732115e-07 5.119061911017407e-07 5.486840672525566e-07 5.843920834471766e-07 6.180068820097429e-07 6.484834001371755e-07 6.746455988805796e-07 6.953170243863895e-07 7.093408651326623e-07 7.158615245915439e-07 8.091695438707599e-07 7.049533993868696e-07 6.882927019176212e-07 6.651057134721750e-07 6.367612116665942e-07 6.047930033377761e-07 5.702109971986361e-07 5.342672471756489e-07 4.978308769547472e-07 4.616364271126120e-07 4.261655457704442e-07 3.920858861416786e-07 3.593890541711220e-07 3.283717429408622e-07 2.993444872686053e-07 2.720952493003911e-07
6.570370379139681e-10 2.235500438403283e-10 -1.605128055921370e-10 -5.019842453693263e-10 -8.085837718416872e-10 -1.088315836836213e-09 -1.348348318241538e-09 -1.593158065244281e-09 -1.822105097562522e-09 -2.027276778277795e-09 -2.193308943745526e-09 -2.301056756782195e-09 -2.335532277110150e-09 -2.295375765903404e-09 -2.198210741058806e-09 -2.076697986322792e-09 -1.964971630008759e-09 -1.884670231317169e-09 -1.833464993457757e-09 -1.791845861361977e-09 -1.734347187825601e-09 -1.642759966790437e-09 -1.512432937767671e-09 -1.350742971473934e-09 -1.171242219857365e-09 -9.878411492490562e-10 -8.114330962227982e-10 -6.490414226110577e-10 -5.044356929005700e-10 -3.791518648568010e-10 -2.733353576556992e-10 1.755322938241778e-07 1.726728770655262e-07 1.686522150607321e-07 1.635207427627902e-07 1.573576101053130e-07 1.502725812718362e-07 1.424068653529246e-07 1.339317593081660e-07 1.250435730851130e-07 1.159523743472644e-07 1.068623001726043e-07 9.794331776815477e-08 8.929979530561270e-08 8.094846626229454e-08 7.282189962994818e-08 6.480659959721888e-08 5.680454474494957e-08 4.880510034369195e-08 4.089311079818869e-08 3.324905017669415e-08 2.608581018347372e-08 1.959152151336117e-08 1.389083563428153e-08 9.034885228148646e-09 5.012752168326504e-09 1.771593949597717e-09 -7.643539240330291e-10 -2.680093094817718e-09 -4.061477557270610e-09 -4.990634475395485e-09 -5.543718823322984e-09 2.708094523963377e-07 3.003123810900907e-07 3.316732429990544e-07 3.646308801190956e-07 3.988522250475899e-07 4.344374166765055e-07 4.704733452938916e-07 5.068140236593565e-07 5.427399527109676e-07 5.774853824245462e-07 6.101495781323335e-07 6.397555826262160e-07 6.651292443317895e-07 6.851333501384976e-07 6.988348284773162e-07 7.049533993868696e-07 7.943771361905001e-07 6.943501598917213e-07 6.778661120784768e-07 6.553318585421555e-07 6.277109421171052e-07 5.964332479700422e-07 5.626967373938080e-07 5.275863086386312e-07 4.919006488328609e-07 4.566074509567791e-07 4.219664659095731e-07 3.884469564633861e-07 3.565387725973592e-07 3.261808954352381e-07 2.976609763304195e-07
8.492068868442793e-10 3.864924929300106e-10 -2.243316495805047e-11 -3.831075355481375e-10 -7.021937388242662e-10 -9.871850160942206e-10 -1.245827052122385e-09 -1.485049003533182e-09 -1.709199221458113e-09 -1.917729775487872e-09 -2.103146047850706e-09 -2.250846288660827e-09 -2.342641994478309e-09 -2.364355583854251e-09 -2.314879064573423e-09 -2.211270741775872e-09 -2.084945168198112e-09 -1.968648709772258e-09 -1.883064646041109e-09 -1.825849543007611e-09 -1.778191207545955e-09 -1.715617725844057e-09 -1.620692308243824e-09 -1.489042116893437e-09 -1.327854365295252e-09 -1.150226424701014e-09 -9.695597074524341e-10 -7.963132711324760e-10 -6.371976461279390e-10 -4.957742485426698e-10 -3.734458627059013e-10 1.750183436604833e-07 1.730992632952099e-07 1.700397083926162e-07 1.658650878731422e-07 1.606259877445714e-07 1.544005208843001e-07 1.472960848184115e-07 1.394501145925011e-07 1.310287582141976e-07 1.222219450354870e-07 1.132325724014345e-07 1.042576125510791e-07 9.546103580892102e-08 8.694369065871221e-08 7.872222531791801e-08 7.073242897118415e-08 6.286585764016562e-08 5.502890769334682e-08 4.721177670539929e-08 3.949621152515445e-08 3.205552084433050e-08 2.509376418905057e-08 1.879079389932450e-08 1.326507184695683e-08 8.564105617410591e-09 4.675606160922924e-09 1.546940081523681e-09 -8.965225468530582e-10 -2.738153818131700e-09 -4.061992688393001e-09 -4.948321078430982e-09 2.430595440334760e-07 2.703122538966646e-07 2.992886722316723e-07 3.299197334608542e-07 3.623520805837972e-07 3.958730636361198e-07 4.305630060933963e-07 4.658872625542828e-07 5.013697474268540e-07 5.364020356052455e-07 5.702752049901818e-07 6.020784334443506e-07 6.308645392108509e-07 6.556818824746841e-07 6.749759039800929e-07 6.882927019176212e-07 6.943501598917211e-07 7.799417479105438e-07 6.838615254616625e-07 6.678277296178452e-07 6.457828429690136e-07 6.188768028144743e-07 5.883642090711396e-07 5.553601343121771e-07 5.211697339072974e-07 4.863601045594308e-07 4.516922164533518e-07 4.179147887513424e-07 3.851365886363353e-07 3.538204977049129e-07 3.241773459524761e-07
1.067808996168823e-09 5.733273551938029e-10 1.354584563044584e-10 -2.499848257521721e-10 -5.884224043946368e-10 -8.863338739559585e-10 -1.150976558053974e-09 -1.389837660868091e-09 -1.609610365507913e-09 -1.814511389796631e-09 -2.004071309549864e-09 -2.171179743922098e-09 -2.301940506031850e-09 -2.379053306686862e-09 -2.389087911598440e-09 -2.331158441714315e-09 -2.221783911741821e-09 -2.091198164423727e-09 -1.970840941575375e-09 -1.880502935007543e-09 -1.817831354614727e-09 -1.764676601366534e-09 -1.697505449520378e-09 -1.599605318871667e-09 -1.466861611506882e-09 -1.306278946170463e-09 -1.130519592338555e-09 -9.525035907784922e-10 -7.822821941956508e-10 -6.262704973453720e-10 -4.878370512862366e-10 1.737480157227266e-07 1.727221995170943e-07 1.705930240103097e-07 1.673651602154107e-07 1.630650448719797e-07 1.577432958299034e-07 1.514769326654737e-07 1.443710452626427e-07 1.365594483608782e-07 1.282033771129452e-07 1.194867162572233e-07 1.106055922248705e-07 1.017502252365937e-07 9.307896488956424e-08 8.468936812884463e-08 7.659802974087163e-08 6.874382788169173e-08 6.102309548512844e-08 5.334641685909053e-08 4.570481373048595e-08 3.817712766746330e-08 3.092995047520885e-08 2.415907222079722e-08 1.803660232125319e-08 1.267525877066385e-08 8.119242933622504e-09 4.355068904589012e-09 1.330417467158865e-09 -1.028150055329210e-09 -2.802377743100887e-09 -4.074491590817270e-09 2.173663328710656e-07 2.422821385347846e-07 2.689735762605624e-07 2.976037293336522e-07 3.277103422166290e-07 3.594205104701585e-07 3.923954532574568e-07 4.263751298268767e-07 4.609303310050158e-07 4.956308757063678e-07 5.298467313336585e-07 5.628880760601243e-07 5.940559833534234e-07 6.219760764465334e-07 6.461756008042102e-07 6.651057134721750e-07 6.778661120784768e-07 6.838615254616625e-07 7.661179266066606e-07 6.736162055480570e-07 6.580302886101497e-07 6.365530136364145e-07 6.102503763909829e-07 5.805889083012439e-07 5.484404385486076e-07 5.148923010898334e-07 4.809894245227052e-07 4.471244597912860e-07 4.140120358370930e-07 3.820278269946147e-07 3.513573849943093e-07
1.312834234868841e-09 7.855716760482986e-10 3.162990759137183e-10 -9.782800527313045e-11 -4.609281579705017e-10 -7.782873426860472e-10 -1.056197070711037e-09 -1.301681185626524e-09 -1.521973610029658e-09 -1.723539513649138e-09 -1.910466717297431e-09 -2.082353727807639e-09 -2.232446850721588e-09 -2.347504581035131e-09 -2.411050752005698e-09 -2.410349761555586e-09 -2.344711033258992e-09 -2.230136548991347e-09 -2.095746014511943e-09 -1.971747202362070e-09 -1.877095062887721e-09 -1.809435482995285e-09 -1.751247371770882e-09 -1.679884846663180e-09 -1.579317680226206e-09 -1.445667981776099e-09 -1.285763500737598e-09 -1.111853379882789e-09 -9.363989279587238e-10 -7.690667971673872e-10 -6.159950895867916e-10 1.717982147269276e-07 1.716076332914073e-07 1.703630820475817e-07 1.680523846919512e-07 1.646818893263819e-07 1.602789047910855e-07 1.548940126438662e-07 1.486031401977749e-07 1.415091343030382e-07 1.337423497526620e-07 1.254593544394730e-07 1.168383089665370e-07 1.080689620437569e-07 9.933517317902379e-08 9.079000641867951e-08 8.252796345793072e-08 7.456560263786504e-08 6.684473704579468e-08 5.926623547887769e-08 5.174462768865833e-08 4.427171853674624e-08 3.692362019662601e-08 2.986059470729950e-08 2.327066523739862e-08 1.731869628618122e-08 1.211204231597902e-08 7.691875942270270e-09 4.043689911578259e-09 1.115549522935819e-09 -1.164754817040719e-09 -2.877332120241574e-09 1.935026039555226e-07 2.162266215025366e-07 2.409506282630606e-07 2.672764315544600e-07 2.953489531258983e-07 3.250731236593429e-07 3.562331657848316e-07 3.885897554448539e-07 4.219213788516190e-07 4.557710437718656e-07 4.897172355007558e-07 5.233317520149928e-07 5.554860581659538e-07 5.859510961529514e-07 6.133498092719992e-07 6.367612116665942e-07 6.553318585421555e-07 6.678277296178452e-07 6.736162055480568e-07 7.527421290194975e-07 6.637086503864615e-07 6.484657029920064e-07 6.276459431893384e-07 6.020712902150322e-07 5.729834840325386e-07 5.417197900492258e-07 5.089887257917282e-07 4.757919015558425e-07 4.427796020694169e-07 4.103828872184761e-07 3.789893176416965e-07
1.582996107176836e-09 1.023278061149695e-09 5.215995540780947e-10 7.641769926206988e-11 -3.150910526104894e-10 -6.569654437398603e-10 -9.543536825588664e-10 -1.213359888400833e-09 -1.440782056487920e-09 -1.643611159261321e-09 -1.828093398038475e-09 -1.998193485591394e-09 -2.153569175832245e-09 -2.287796226217853e-09 -2.388245794527561e-09 -2.439206921822780e-09 -2.428588338733034e-09 -2.355876505722557e-09 -2.236577303185083e-09 -2.098757421322341e-09 -1.971465251503298e-09 -1.872871089536811e-09 -1.800626111013600e-09 -1.737808182782182e-09 -1.662607893832820e-09 -1.559637557824428e-09 -1.425239827513936e-09 -1.266068125785481e-09 -1.093977828144542e-09 -9.209951124732945e-10 -7.564211659005327e-10 1.692492676261907e-07 1.698285898047945e-07 1.694121459749919e-07 1.679743379020322e-07 1.655051432540916e-07 1.620124480085854e-07 1.575243382213998e-07 1.520913029742747e-07 1.457881944075330e-07 1.387157024091737e-07 1.310008798565616e-07 1.227958792164957e-07 1.142734442860915e-07 1.056172986056547e-07 9.700532977821831e-08 8.858561495753606e-08 8.044978704004354e-08 7.261439710774321e-08 6.502402081748474e-08 5.758380675388063e-08 5.021200491951490e-08 4.290113983097143e-08 3.572474250394731e-08 2.883711054178765e-08 2.241893810472393e-08 1.662829259986684e-08 1.156753499757717e-08 7.275041681661239e-09 3.735433465215502e-09 8.972344704278966e-10 -1.310526088296092e-09 1.713310781780492e-07 1.923379315789599e-07 2.148337232364592e-07 2.391421275226642e-07 2.652342872950157e-07 2.929103958274510e-07 3.221666207794105e-07 3.528259926584800e-07 3.846147562949708e-07 4.173128902647561e-07 4.506603522905970e-07 4.837851480194098e-07 5.167206007417543e-07 5.483258043718868e-07 5.779125006499974e-07 6.047930033377761e-07 6.277109421171052e-07 6.457828429690136e-07 6.580302886101497e-07 6.637086503864615e-07 7.397914158475555e-07 6.541424844717209e-07 6.393734764184289e-07 6.189382348993851e-07 5.941226021459051e-07 5.657829216157968e-07 5.352024406404575e-07 5.033359795848326e-07 4.708932017080662e-07 4.385281624633078e-07 4.068589512180052e-07
1.875991746743189e-09 1.285276645242443e-09 7.514783553797635e-10 2.742661903326568e-10 -1.479305954211151e-10 -5.179045452767609e-10 -8.396089402895569e-10 -1.118056077874892e-09 -1.359168842148176e-09 -1.569528078345951e-09 -1.755894533233814e-09 -1.924304697567333e-09 -2.078603424203842e-09 -2.218504268704641e-09 -2.337887086222595e-09 -2.424694830169513e-09 -2.463933564050423e-09 -2.444110242280329e-09 -2.364871398308593e-09 -2.241250304008506e-09 -2.100316294043503e-09 -1.970025133882568e-09 -1.867811783706424e-09 -1.791335174908632e-09 -1.724243216398334e-09 -1.645519160420378e-09 -1.540377965337813e-09 -1.405366849746905e-09 -1.246970073391288e-09 -1.076665102045035e-09 -9.060647311154840e-10 1.661820651823498e-07 1.674616981562812e-07 1.678096011488334e-07 1.671898283928795e-07 1.655792918261473e-07 1.629699797965120e-07 1.593711901840598e-07 1.548117114796581e-07 1.493419123857737e-07 1.430355938676657e-07 1.359913925504078e-07 1.283332166304334e-07 1.202090257521298e-07 1.117864595436348e-07 1.032435327663746e-07 9.475249028601090e-08 8.645671361624700e-08 7.844511045362086e-08 7.073421905488611e-08 6.327121749555977e-08 5.596527179034007e-08 4.873812986097318e-08 4.158298573765016e-08 3.457090203828152e-08 2.785054088048975e-08 2.159569510153281e-08 1.595802945688559e-08 1.103524438547603e-08 6.863146888776445e-09 3.425600386639484e-09 6.716431244714204e-10 1.511566365507373e-07 1.700879328610527e-07 1.907942151389789e-07 2.131857126405624e-07 2.372312636303179e-07 2.629929466546979e-07 2.903111079338176e-07 3.191386008984710e-07 3.492998909058069e-07 3.807130669846353e-07 4.126984614344905e-07 4.454542827917589e-07 4.780865829439947e-07 5.101582671839011e-07 5.412110503932166e-07 5.702109971986361e-07 5.964332479700422e-07 6.188768028144743e-07 6.365530136364145e-07 6.484657029920064e-07 6.541424844717209e-07 7.274916682345042e-07 6.447943325902008e-07 6.305368850457937e-07 6.106646352780908e-07 5.864087896543687e-07 5.588649027729940e-07 5.290144149228355e-07 4.978057312298994e-07 4.661263921354131e-07 4.345415686375750e-07
2.188753564426683e-09 1.569421919592380e-09 1.004884367146345e-09 4.959001505202621e-10 4.206990447342847e-11 -3.581936036638730e-10 -7.076478487172692e-10 -1.010160943042080e-09 -1.270612577062671e-09 -1.494753249518052e-09 -1.688955558870232e-09 -1.859759601218307e-09 -2.013005172594035e-09 -2.152419843644234e-09 -2.277767412369010e-09 -2.383214289911213e-09 -2.457237456055806e-09 -2.485515113598699e-09 -2.457113914670181e-09 -2.371824144259785e-09 -2.244228275629532e-09 -2.100452396472938e-09 -1.967418208243519e-09 -1.861869556410238e-09 -1.781478482870574e-09 -1.710432697306607e-09 -1.628466081656488e-09 -1.521361796835020e-09 -1.385854699119082e-09 -1.228264697708382e-09 -1.059709135481396e-09 1.626758824234691e-07 1.645843901128635e-07 1.656285931740532e-07 1.657648510156816e-07 1.649599384172236e-07 1.631931209388015e-07 1.604582744659551e-07 1.567660134104345e-07 1.521457652729238e-07 1.466477749401378e-07 1.403448243277307e-07 1.333335818307750e-07 1.257349850846138e-07 1.176929978682843e-07 1.093704155719786e-07 1.009398535619706e-07 9.256819130974725e-08 8.439435319192015e-08 7.650465522417460e-08 6.891559303585684e-08 6.157678518426532e-08 5.440118080859516e-08 4.731379561198060e-08 4.030843842576843e-08 3.345383228497115e-08 2.689329156269805e-08 2.079409810695603e-08 1.530189468573996e-08 1.051000897840624e-08 6.451877478769966e-09 3.110718877107876e-09 1.324344345562166e-07 1.497521083734404e-07 1.686822549789180e-07 1.892344200286134e-07 2.114150564644481e-07 2.352273000048022e-07 2.606882693155162e-07 2.876406544597786e-07 3.162221963193084e-07 3.457947568077662e-07 3.767314333443443e-07 4.083238377801938e-07 4.402924448910170e-07 4.724198427632054e-07 5.039127644608208e-07 5.342672471756489e-07 5.626967373938080e-07 5.883642090711396e-07 6.102503763909829e-07 6.276459431893384e-07 6.393734764184289e-07 6.447943325902008e-07 7.156138853395526e-07 6.358986234738918e-07 6.219602278720785e-07 6.027028997154373e-07 5.790556945657530e-07 5.521015217573139e-07 5.229895126734069e-07 4.925694866230931e-07 4.615798738243099e-07
2.517700971541174e-09 1.872828674946321e-09 1.279823230345217e-09 7.403802445249124e-10 2.551532722579662e-10 -1.763165889873306e-10 -5.556279589975562e-10 -8.855010082337878e-10 -1.169722062071087e-09 -1.413042079715874e-09 -1.621045125319752e-09 -1.799908234863100e-09 -1.955959225321016e-09 -2.094850743413405e-09 -2.220201207669845e-09 -2.331819277914245e-09 -2.424141058094609e-09 -2.486146429604471e-09 -2.504143337508058e-09 -2.467722481940312e-09 -2.376805554836947e-09 -2.245541572079199e-09 -2.099162532027124e-09 -1.963613803138876e-09 -1.854985783773660e-09 -1.770966978295625e-09 -1.696259013406225e-09 -1.611304900360832e-09 -1.502423819277445e-09 -1.366525585585398e-09 -1.209769914799700e-09 1.588066843267207e-07 1.612727698258445e-07 1.629433253029665e-07 1.637693054751967e-07 1.637099132321789e-07 1.627345044454467e-07 1.608245716042351e-07 1.579757671857562e-07 1.541999540379551e-07 1.495271480322012e-07 1.440074546371426e-07 1.377126943308998e-07 1.307376365453368e-07 1.232003802041678e-07 1.152410929207305e-07 1.070179402496333e-07 9.869839493723158e-08 9.044423014010704e-08 8.239011089280464e-08 7.461987287110189e-08 6.714995098185904e-08 5.993223026447664e-08 5.288321749961545e-08 4.593100725436807e-08 3.906995607342228e-08 3.236656258880073e-08 2.595907814880068e-08 2.000861815594966e-08 1.465514838513610e-08 9.987899904911887e-09 6.038109247968477e-09 1.153669214873683e-07 1.311667289076307e-07 1.484184158960004e-07 1.672327718956698e-07 1.876533829980992e-07 2.096451533056932e-07 2.332077319294931e-07 2.585431805102422e-07 2.850290786693598e-07 3.132534653347523e-07 3.425489386335623e-07 3.728027216733124e-07 4.039801266453736e-07 4.354386981227831e-07 4.669068258676000e-07 4.978308769547472e-07 5.275863086386312e-07 5.553601343121771e-07 5.805889083012439e-07 6.020712902150322e-07 6.189382348993851e-07 6.305368850457938e-07 6.358986234738918e-07 7.041510570710497e-07 6.273329618111697e-07 6.137689402851670e-07 5.949250261650352e-07 5.718972183989482e-07 5.456639245843721e-07 5.172160421616928e-07 4.874473515032945e-07
2.858964010696298e-09 2.192106160396746e-09 1.573582631601589e-09 1.005854799686986e-09 4.904821628804432e-10 2.802202508075811e-11 -3.820370150075524e-10 -7.413032824177038e-10 -1.052458319536764e-09 -1.319207482963140e-09 -1.546181025170296e-09 -1.738801567425426e-09 -1.903059787593358e-09 -2.045084705693596e-09 -2.170350335882727e-09 -2.282372698286812e-09 -2.381003972605354e-09 -2.460933228017421e-09 -2.511614168677499e-09 -2.519947766717263e-09 -2.476012796567900e-09 -2.379850070352147e-09 -2.245195015753972e-09 -2.096428231993287e-09 -1.958571061740649e-09 -1.847097708255441e-09 -1.759713597198019e-09 -1.681609684831107e-09 -1.593902244039520e-09 -1.483416036841955e-09 -1.347222607030545e-09 1.546459589748095e-07 1.575999708718296e-07 1.598269484082224e-07 1.612743752542383e-07 1.618960943306374e-07 1.616540200095925e-07 1.605199604975891e-07 1.584775358203648e-07 1.555240782919148e-07 1.516726217810842e-07 1.469537501847436e-07 1.414174044639192e-07 1.351344667851381e-07 1.281978889409225e-07 1.207230270629555e-07 1.128464083896103e-07 1.047217705619740e-07 9.651165981554587e-08 8.837297227789733e-08 8.043630808622573e-08 7.278310316133578e-08 6.542970746421921e-08 5.833013589311849e-08 5.140422720338553e-08 4.458297519470888e-08 3.786124021309298e-08 3.130338731446689e-08 2.504286342970965e-08 1.923494953490295e-08 1.401424373509042e-08 9.466118600230535e-09 9.985424757722021e-08 1.141771113038355e-07 1.299328757334617e-07 1.471355158225071e-07 1.658500935208950e-07 1.861160702879466e-07 2.080883352730917e-07 2.312921560538872e-07 2.563820225460911e-07 2.827065580487695e-07 3.103575399729038e-07 3.393449083554741e-07 3.691855161398459e-07 3.997843789991185e-07 4.307349211509104e-07 4.616364271126120e-07 4.919006488328609e-07 5.211697339072974e-07 5.484404385486076e-07 5.729834840325386e-07 5.941226021459051e-07 6.106646352780908e-07 6.219602278720785e-07 6.273329618111697e-07 6.932182182425268e-07 6.189691205551155e-07 6.057967032399363e-07 5.875015606988003e-07 5.650212017743138e-07 5.393723198801206e-07 5.115787425172854e-07
3.208582422577584e-09 2.523574273028783e-09 1.882952374575396e-09 1.289772083133582e-09 7.463359104455115e-10 2.540778149279658e-10 -1.865353659020041e-10 -5.760616669077941e-10 -9.161151448059104e-10 -1.209341889619031e-09 -1.459366475112842e-09 -1.670703289425920e-09 -1.848623880254198e-09 -1.998940753027702e-09 -2.127595813187098e-09 -2.239895932004936e-09 -2.339259768447345e-09 -2.425581365412239e-09 -2.493789608600137e-09 -2.533781884078829e-09 -2.533017099359562e-09 -2.482032446964940e-09 -2.380973648147655e-09 -2.243180013211575e-09 -2.092223059509920e-09 -1.952246366159499e-09 -1.838142128037183e-09 -1.747635670938888e-09 -1.666383590443163e-09 -1.576140300424767e-09 -1.464208374484727e-09 1.502599250049922e-07 1.536349726617004e-07 1.563499539959864e-07 1.583504634339374e-07 1.595868538799792e-07 1.600157308546023e-07 1.596016138059841e-07 1.583186479760163e-07 1.561524724914885e-07 1.531020349250059e-07 1.491814562590036e-07 1.444218379204475e-07 1.388729494707779e-07 1.326047292473538e-07 1.257083571852668e-07 1.182965389803066e-07 1.105022845457058e-07 1.024750808817257e-07 9.437276048816032e-08 8.634753389207276e-08 7.852611077916378e-08 7.098762821684095e-08 6.374831310063483e-08 5.676417931569189e-08 4.995820625785551e-08 4.326410387246023e-08 3.667719012942270e-08 3.025979420488734e-08 2.414079001931393e-08 1.846991702280386e-08 1.337669068766125e-08 8.573390461852280e-08 9.877382204393141e-08 1.131072559636144e-07 1.288305153484678e-07 1.459556086484382e-07 1.647358234310459e-07 1.847313261664321e-07 2.065565232242369e-07 2.297021541144442e-07 2.543215706499339e-07 2.804458477696917e-07 3.077869492421499e-07 3.362938699607361e-07 3.657154563247629e-07 3.958212966139953e-07 4.261655457704442e-07 4.566074509567791e-07 4.863601045594309e-07 5.148923010898335e-07 5.417197900492258e-07 5.657829216157968e-07 5.864087896543687e-07 6.027028997154373e-07 6.137689402851670e-07 6.189691205551155e-07 6.826395938855249e-07 6.109771793057127e-07 5.981308108198537e-07 5.802524370589879e-07 5.583121017172459e-07 5.333262974031501e-07
3.562669735471445e-09 2.863452163440413e-09 2.204430372349030e-09 1.589089784905547e-09 1.020311790681395e-09 5.002484821527399e-10 3.021751676212160e-11 -3.893968400164499e-10 -7.591981754281720e-10 -1.080801945826728e-09 -1.356819061207679e-09 -1.590799226472314e-09 -1.787145081737709e-09 -1.950985883419243e-09 -2.087967160865056e-09 -2.203853290784376e-09 -2.303794198268749e-09 -2.391118135099506e-09 -2.465756145777821e-09 -2.522863504797722e-09 -2.552756821633607e-09 -2.543417360735322e-09 -2.485812131380208e-09 -2.380181319566506e-09 -2.239482276134348e-09 -2.086516694052488e-09 -1.944596268235308e-09 -1.828062275961669e-09 -1.734660840356931e-09 -1.650492424030590e-09 -1.557917945697911e-09 1.457090760788025e-07 1.494418149774659e-07 1.525790009346219e-07 1.550656092932947e-07 1.568500360631272e-07 1.578854067140433e-07 1.581309751956250e-07 1.575537492168122e-07 1.561301278710368e-07 1.538476551179794e-07 1.507068006926925e-07 1.467227101913336e-07 1.419269276356395e-07 1.363690142565299e-07 1.301179623989335e-07 1.232632008999309e-07 1.159148608000694e-07 1.082025617040612e-07 1.002716839565280e-07 9.227553896836906e-08 8.436185692504148e-08 7.665360480680486e-08 6.922771177757892e-08 6.210026535482324e-08 5.522914082594371e-08 4.854027481999025e-08 4.196993630074893e-08 3.551384920106054e-08 2.923238299111568e-08 2.325005322911628e-08 1.771133296354805e-08 7.301265093707996e-08 8.483024570032918e-08 9.788517585803082e-08 1.121966876539839e-07 1.280505709470633e-07 1.449767248845751e-07 1.636889985045160e-07 1.837120030705440e-07 2.051578400320165e-07 2.282000018417836e-07 2.526078665933272e-07 2.783516453031830e-07 3.053700616522527e-07 3.334754201392003e-07 3.623722972685821e-07 3.920858861416786e-07 4.219664659095731e-07 4.516922164533518e-07 4.809894245227052e-07 5.089887257917284e-07 5.352024406404575e-07 5.588649027729940e-07 5.790556945657530e-07 5.949250261650352e-07 6.057967032399363e-07 6.109771793057127e-07 6.724937068219186e-07 6.031767768578754e-07 5.906552985662290e-07 5.732765541231024e-07 5.518611723228845e-07
3.917538761399716e-09 3.208015995458866e-09 2.534403986059650e-09 1.900472517686527e-09 1.309521642866506e-09 7.642698893751898e-10 2.667294177673393e-10 -1.818941545422327e-10 -5.812910765321427e-10 -9.321067163785899e-10 -1.235959636500580e-09 -1.495425393189882e-09 -1.713983434171764e-09 -1.895932077949191e-09 -2.046265172832325e-09 -2.170471193354226e-09 -2.274148161950307e-09 -2.362295150907123e-09 -2.438155162929889e-09 -2.501695144866155e-09 -2.548281120152312e-09 -2.568624946676570e-09 -2.551199772032738e-09 -2.487373663956632e-09 -2.377471539676473e-09 -2.234085045259541e-09 -2.079282186203513e-09 -1.935583892284177e-09 -1.816809872324791e-09 -1.720728849158592e-09 -1.633864838743719e-09 1.410480097648478e-07 1.450791307119458e-07 1.485761252784681e-07 1.514843227796964e-07 1.537514187828756e-07 1.553285109344032e-07 1.561713878622217e-07 1.562418686402290e-07 1.555093257333208e-07 1.539523001743636e-07 1.515601490040409e-07 1.483347483445212e-07 1.442921786854173e-07 1.394643592403527e-07 1.339005861281239e-07 1.276688932684159e-07 1.208569903386417e-07 1.135724835256435e-07 1.059417155813655e-07 9.810612225463406e-08 9.021465956151934e-08 8.241076655717107e-08 7.481382533452626e-08 6.749862692873983e-08 6.048109956612880e-08 5.372086533985029e-08 4.714663853269989e-08 4.069708592802890e-08 3.436828882442882e-08 2.821873135140346e-08 2.236876654185691e-08 6.161891540700044e-08 7.230391381518329e-08 8.413651468174182e-08 9.736877483977846e-08 1.115327286541365e-07 1.273789145849315e-07 1.444031094049383e-07 1.628090544890582e-07 1.828094040532668e-07 2.041317246068642e-07 2.268835430883485e-07 2.510612880075577e-07 2.764978407052051e-07 3.030811665898608e-07 3.308798948880576e-07 3.593890541711219e-07 3.884469564633861e-07 4.179147887513424e-07 4.471244597912860e-07 4.757919015558426e-07 5.033359795848326e-07 5.290144149228355e-07 5.521015217573139e-07 5.718972183989482e-07 5.875015606988003e-07 5.981308108198537e-07 6.031767768578754e-07 6.626565769870300e-07 5.956663182602183e-07 5.834607652842660e-07 5.664126152732565e-07
4.269792728678276e-09 3.553721042089261e-09 2.869302865305454e-09 2.220463284941912e-09 1.610786439737481e-09 1.043398623257451e-09 5.208615416353783e-10 4.505798108921806e-11 -3.829116532005339e-10 -7.628103515960252e-10 -1.095321269779160e-09 -1.382066724093711e-09 -1.625590347341923e-09 -1.829304307616662e-09 -1.997409007209430e-09 -2.134771558422036e-09 -2.246729202617096e-09 -2.338722675787684e-09 -2.415609262531217e-09 -2.480548276143159e-09 -2.533540194163806e-09 -2.570149707530925e-09 -2.581459281992589e-09 -2.556405418556563e-09 -2.486733482287932e-09 -2.372843709111111e-09 -2.226975781691519e-09 -2.070498367035196e-09 -1.925181179309592e-09 -1.804349805151267e-09 -1.705795603405077e-09 1.363254638198381e-07 1.405999535595468e-07 1.443982590248210e-07 1.476668121576227e-07 1.503535239140463e-07 1.524087180260330e-07 1.537861228089209e-07 1.544440721867650e-07 1.543468369418010e-07 1.534660530419981e-07 1.517822689461227e-07 1.492865366624613e-07 1.459820324469202e-07 1.418856648653751e-07 1.370296544782646e-07 1.314629916494853e-07 1.252527192028901e-07 1.184848525680574e-07 1.112645477986684e-07 1.037149632130991e-07 9.597373970497659e-08 8.818565343582420e-08 8.049001465950550e-08 7.300276392447859e-08 6.579663362372049e-08 5.888736598405302e-08 5.223620847139046e-08 4.577448504659380e-08 3.944311328255963e-08 3.323848253877322e-08 2.721724619105330e-08 5.142721037804236e-08 6.111636594031714e-08 7.201076533579784e-08 8.372960378249503e-08 9.699721485457703e-08 1.113113243066756e-07 1.269064691650120e-07 1.439748351920962e-07 1.623289719431597e-07 1.821144459182383e-07 2.032901305270960e-07 2.258206506990787e-07 2.496501621899455e-07 2.748695073302447e-07 3.011499042833340e-07 3.283717429408622e-07 3.565387725973592e-07 3.851365886363353e-07 4.140120358370930e-07 4.427796020694169e-07 4.708932017080662e-07 4.978057312298994e-07 5.229895126734071e-07 5.456639245843721e-07 5.650212017743138e-07 5.802524370589879e-07 5.906552985662290e-07 5.956663182602183e-07 6.532113536738356e-07 5.882841353171960e-07 5.763958466910090e-07
4.616385843310419e-09 3.897291482420307e-09 3.205714728545515e-09 2.545636739697993e-09 1.920796405907229e-09 1.334598686254488e-09 7.900078100807759e-10 2.894372513886806e-10 -1.653554643292455e-10 -5.733682393397704e-10 -9.344341525549658e-10 -1.249274005172198e-09 -1.519513110286643e-09 -1.747665833919596e-09 -1.937082098085409e-09 -2.091866913098649e-09 -2.216767389029063e-09 -2.316978362309056e-09 -2.397788459142302e-09 -2.463920232092044e-09 -2.518453180418662e-09 -2.561416675516409e-09 -2.588562531869854e-09 -2.591323741614452e-09 -2.559073091104003e-09 -2.483909624198103e-09 -2.366300844662968e-09 -2.218148687283483e-09 -2.060154859622918e-09 -1.913373354737269e-09 -1.790661289896026e-09 1.315845058092240e-07 1.360517286409837e-07 1.400970395462180e-07 1.436684569129225e-07 1.467148744082751e-07 1.491867332746994e-07 1.510368826759024e-07 1.522215784563682e-07 1.527016031358595e-07 1.524435421802154e-07 1.514211669896151e-07 1.496169089304090e-07 1.470233807395556e-07 1.436449479332763e-07 1.394992592702302e-07 1.346187460694120e-07 1.290520497688131e-07 1.228652198392688e-07 1.161425872709512e-07 1.089869265254427e-07 1.015183192456196e-07 9.387073764071205e-08 8.618493874023546e-08 7.859627078018374e-08 7.121735923738257e-08 6.411893822575069e-08 5.731653909396162e-08 5.077292486979224e-08 4.442186832663899e-08 3.820638566312223e-08 3.212312486742036e-08 4.244522555501350e-08 5.133987942551140e-08 6.093354735393415e-08 7.189256614603585e-08 8.379765598492222e-08 9.685327913971043e-08 1.112612303725391e-07 1.268601158226080e-07 1.437760652719619e-07 1.620520829970030e-07 1.816889325598809e-07 2.025952007118603e-07 2.249908111057299e-07 2.486005320320228e-07 2.733261366054449e-07 2.993444872686053e-07 3.261808954352380e-07 3.538204977049129e-07 3.820278269946147e-07 4.103828872184761e-07 4.385281624633078e-07 4.661263921354131e-07 4.925694866230930e-07 5.172160421616928e-07 5.393723198801206e-07 5.583121017172459e-07 5.732765541231024e-07 5.834607652842660e-07 5.882841353171960e-07 6.439998630254205e-07 5.811784383923187e-07
4.954657425159968e-09 4.235777593276611e-09 3.540478989665942e-09 2.872706903480013e-09 2.236259427149008e-09 1.634700916639238e-09 1.071266247083941e-09 5.487627652781757e-10 6.946432896629779e-11 -3.649918961853065e-10 -7.536992459404639e-10 -1.096557000211934e-09 -1.394322892922740e-09 -1.648626771958893e-09 -1.861952724462245e-09 -2.037591750082272e-09 -2.179559235602983e-09 -2.292485274938401e-09 -2.381429129644796e-09 -2.451534564259387e-09 -2.507393513339781e-09 -2.552008935081587e-09 -2.585437576578718e-09 -2.603607015981216e-09 -2.598280436692402e-09 -2.559242264680609e-09 -2.478924522180391e-09 -2.357854842388873e-09 -2.207609431424759e-09 -2.048253543138557e-09 -1.900161098052054e-09 1.268628331625517e-07 1.314764973330755e-07 1.357187622603730e-07 1.395396308339444e-07 1.428894558037212e-07 1.457195098783456e-07 1.479826786965890e-07 1.496342537807445e-07 1.506328901114718e-07 1.509416940034741e-07 1.505294380694337e-07 1.493718847076938e-07 1.474532194651127e-07 1.447675016910668e-07 1.413201602002658e-07 1.371294960469783e-07 1.322280946312151e-07 1.266641942854201e-07 1.205028476124844e-07 1.138267318903098e-07 1.067362905228438e-07 9.934862634397513e-08 9.179417656544425e-08 8.420982252860219e-08 7.672709314548172e-08 6.945541781657105e-08 6.246359303303839e-08 5.576691245966598e-08 4.932953736683535e-08 4.308753553389891e-08 3.698589382582455e-08 3.481010293345490e-08 4.247525285672772e-08 5.144947944001271e-08 6.125147600429229e-08 7.202451542322814e-08 8.405818898050302e-08 9.715831201724475e-08 1.114602184117869e-07 1.270345599045440e-07 1.438627177807899e-07 1.619343546694022e-07 1.815066800170087e-07 2.022694200652515e-07 2.242482060293913e-07 2.476752456830364e-07 2.720952493003911e-07 2.976609763304195e-07 3.241773459524761e-07 3.513573849943094e-07 3.789893176416965e-07 4.068589512180052e-07 4.345415686375750e-07 4.615798738243099e-07 4.874473515032945e-07 5.115787425172853e-07 5.333262974031501e-07 5.518611723228845e-07 5.664126152732565e-07 5.763958466910090e-07 5.811784383923187e-07 6.350171983666767e-07
