3.397240141771938e-01 2.470310462055154e-01 3.243674863774559e-02 2.985388101043570e-04 2.851634127568724e-04 2.719773184951853e-04 2.590056942194350e-04 2.462717174727908e-04 2.337965291801463e-04 2.215992011825813e-04 2.096967184189536e-04 1.981039754922766e-04 1.868337872490498e-04 1.758969128953529e-04 1.653020930751577e-04 1.550560992447130e-04 1.451637945927644e-04 1.356282056803894e-04 1.264506039069267e-04 1.176305958503140e-04 1.091662214814831e-04 1.010540592135848e-04 9.328933671789343e-05 8.586604641936615e-05 7.877706457598510e-05 7.201427284708515e-05 6.556868126667338e-05 5.943055155797564e-05 5.358951975473960e-05 4.803471713272561e-05 4.275488850078767e-05 3.773850695440862e-05 3.297388425482759e-05 -6.641218852622261e-05 -6.883223354724177e-05 -7.117162208590438e-05 -7.342406022086912e-05 -7.558380570111691e-05 -7.764568124585369e-05 -7.960508387361719e-05 -8.145799029282351e-05 -8.320095841612666e-05 -8.483112509008217e-05 -8.634620015941323e-05 -8.774445701145416e-05 -8.902471977090976e-05 -9.018634733769594e-05 -9.122921448118003e-05 -9.215369022244183e-05 -9.296061375212896e-05 -9.365126814496644e-05 -9.422735214293018e-05 -9.469095028744783e-05 -9.504450168674189e-05 -9.529076770754137e-05 -9.543279888093007e-05 -9.547390131006160e-05 -9.541760286298497e-05 -9.526761942692534e-05 -9.502782149120547e-05 -9.470220131468660e-05 -9.429484092031116e-05 -9.380988114420774e-05 5.529112144317639e-07 6.122437924829342e-07 6.752720036132215e-07 7.420004404584174e-07 8.124178829518788e-07 8.864972086333855e-07 9.641954101414819e-07 1.045453718565429e-06 1.130197830510340e-06 1.218338235948185e-06 1.309770643174063e-06 1.404376496479176e-06 1.502023581484167e-06 1.602566712469041e-06 1.705848495477359e-06 1.811700160478498e-06 1.919942455439696e-06 2.030386594795139e-06 2.142835254504756e-06 2.257083605667396e-06 2.372920378502214e-06 2.490128948426171e-06 2.608488435948450e-06 2.727774812154853e-06 2.847762001688773e-06 2.968222975322402e-06 3.088930824470863e-06 3.209659810314796e-06 3.330186380570015e-06 3.450290147363706e-06
2.470310462055154e-01 2.097859777804914e+00 6.799398074723667e-01 2.228615415734815e-04 2.143871768224344e-04 2.059618914936651e-04 1.976008452975548e-04 1.893184124784282e-04 1.811281487514654e-04 1.730427638951539e-04 1.650741000117538e-04 1.572331154268539e-04 1.495298741587807e-04 1.419735408496999e-04 1.345723810130319e-04 1.273337664165624e-04 1.202641853876318e-04 1.133692577962663e-04 1.066537544442838e-04 1.001216205634442e-04 9.377600310378000e-05 8.761928147445884e-05 8.165310138398690e-05 7.587841141433139e-05 7.029550195464891e-05 6.490404611475267e-05 5.970314223622199e-05 5.469135762007249e-05 4.986677309409618e-05 4.522702805022841e-05 4.076936559245641e-05 3.649067744870344e-05 3.238754831560344e-05 -6.538661455296350e-04 -6.747680360060014e-04 -6.946061461534988e-04 -7.133256685226768e-04 -7.308793230834269e-04 -7.472274259613204e-04 -7.623379010894282e-04 -7.761862359177426e-04 -7.887553827775551e-04 -8.000356079326894e-04 -8.100242907590963e-04 -8.187256758756020e-04 -8.261505813985147e-04 -8.323160668082946e-04 -8.372450641952828e-04 -8.409659768912919e-04 -8.435122496931434e-04 -8.449219150416241e-04 -8.452371196339809e-04 -8.445036360195208e-04 -8.427703637562342e-04 -8.400888246917938e-04 -8.365126568759434e-04 -8.320971115140132e-04 -8.268985572350927e-04 -8.209739957748657e-04 -8.143805929647944e-04 -8.071752286787432e-04 -7.994140691181814e-04 -7.911521645209068e-04 1.676894348585557e-05 1.849366766776659e-05 2.031295694406812e-05 2.222500573773131e-05 2.422748309176813e-05 2.631754394392455e-05 2.849184459376213e-05 3.074656219554434e-05 3.307741807432695e-05 3.547970462914112e-05 3.794831555605997e-05 4.047777909577691e-05 4.306229398512763e-05 4.569576777028414e-05 4.837185712099945e-05 5.108400977066737e-05 5.382550769607326e-05 5.658951114367186e-05 5.936910310607743e-05 6.215733385308341e-05 6.494726512608940e-05 6.773201361297564e-05 7.050479333238277e-05 7.325895657152050e-05 7.598803304030509e-05 7.868576692609966e-05 8.134615155776691e-05 8.396346141457500e-05 8.653228124463236e-05 8.904753208848145e-05
3.243674863774559e-02 6.799398074723667e-01 3.684589061480722e+00 2.971263857033623e-05 2.873311726549804e-05 2.775258001649305e-05 2.677266308558257e-05 2.579495331137617e-05 2.482098434360545e-05 2.385223322171645e-05 2.289011730519493e-05 2.193599156122357e-05 2.099114621297013e-05 2.005680474953787e-05 1.913412229638956e-05 1.822418434289941e-05 1.732800582160807e-05 1.644653053176791e-05 1.558063089788085e-05 1.473110805216293e-05 1.389869222822559e-05 1.308404345175566e-05 1.228775251261017e-05 1.151034220152570e-05 1.075226879358021e-05 1.001392375964150e-05 9.295635686294887e-06 8.597672384161255e-06 7.920243164099164e-06 7.263501260526361e-06 6.627546380995678e-06 6.012427361214126e-06 5.418144904895575e-06 -1.808715330715169e-04 -1.875120700547657e-04 -1.939377548646966e-04 -2.001313706577089e-04 -2.060771691187816e-04 -2.117609073176930e-04 -2.171698740255479e-04 -2.222929055696831e-04 -2.271203913847759e-04 -2.316442694950977e-04 -2.358580122365437e-04 -2.397566025967708e-04 -2.433365016169877e-04 -2.465956073590882e-04 -2.495332059965256e-04 -2.521499156361306e-04 -2.544476235207085e-04 -2.564294172984118e-04 -2.580995110743655e-04 -2.594631669826885e-04 -2.605266130328611e-04 -2.612969579932523e-04 -2.617821040767017e-04 -2.619906581883445e-04 -2.619318424846877e-04 -2.616154049754055e-04 -2.610515308757998e-04 -2.602507553886788e-04 -2.592238785599348e-04 -2.579818828127994e-04 1.300177550722251e-04 1.428924076403961e-04 1.563848482548340e-04 1.704686294017993e-04 1.851130190822860e-04 2.002831887964529e-04 2.159404398671377e-04 2.320424658439485e-04 2.485436483759674e-04 2.653953836172588e-04 2.825464359362683e-04 2.999433154420098e-04 3.175306756179545e-04 3.352517271725117e-04 3.530486640729055e-04 3.708630976295620e-04 3.886364944410374e-04 4.063106139956160e-04 4.238279417549372e-04 4.411321136163250e-04 4.581683277638012e-04 4.748837400704890e-04 4.912278394066872e-04 5.071527994344004e-04 5.226138037301561e-04 5.375693413681394e-04 5.519814704138438e-04 5.658160471196329e-04 5.790429189750966e-04 5.916360801421540e-04
2.985388101043570e-04 2.228615415734815e-04 2.971263857033623e-05 4.129152453429866e-07 3.783796917664842e-07 3.638986398209740e-07 3.480854989980708e-07 3.313890535232064e-07 3.142017253522716e-07 2.968663829508787e-07 2.796123036123367e-07 2.626595755078840e-07 2.460980431579296e-07 2.300606339990921e-07 2.145885664833470e-07 1.997246293103285e-07 1.855531736793346e-07 1.720473397045459e-07 1.592402214477669e-07 1.471327146916701e-07 1.357125569750379e-07 1.249713681440390e-07 1.148736107652673e-07 1.054348297638898e-07 9.658338319060516e-08 8.832699001062519e-08 8.062451359318463e-08 7.344923080053767e-08 6.676794559472001e-08 6.055850894235452e-08 5.478854939525806e-08 4.942636596155929e-08 4.447134881144934e-08 6.806450366444452e-08 6.789921383881938e-08 6.671227809763537e-08 6.504095848059818e-08 6.343093632063138e-08 6.230994060097111e-08 6.192802499753702e-08 6.236593308996598e-08 6.358279688486060e-08 6.546998212817163e-08 6.789146028712098e-08 7.070707181544303e-08 7.378372270133924e-08 7.700055230771957e-08 8.025162917250002e-08 8.344737371355228e-08 8.651487493466585e-08 8.939717052444280e-08 9.205174941785835e-08 9.444864082258082e-08 9.656841706166553e-08 9.840033003362072e-08 9.994068223678882e-08 1.011914551702934e-07 1.021591662352578e-07 1.028539125643348e-07 1.032885597113450e-07 1.034780434979359e-07 1.034387630419339e-07 1.031880516054371e-07 4.454630460518973e-09 2.355994316093626e-09 3.872311034133602e-11 -2.071585624396588e-09 -3.632255412246727e-09 -4.471720873365271e-09 -4.599416047681795e-09 -4.153728927075822e-09 -3.327903557333752e-09 -2.309073916719676e-09 -1.245227228379284e-09 -2.368374436071532e-10 6.574854768388781e-10 1.410620641593046e-09 2.016857501839458e-09 2.483820869207041e-09 2.826526181408833e-09 3.063283206312169e-09 3.213087508311416e-09 3.294131405140075e-09 3.323079222110145e-09 3.314784917225879e-09 3.282240005666781e-09 3.236598256310946e-09 3.187231156159717e-09 3.141791417497204e-09 3.106294373477817e-09 3.085224363747754e-09 3.081672678140936e-09 3.097504138604130e-09
2.851634127568724e-04 2.143871768224344e-04 2.873311726549804e-05 3.783796917664842e-07 3.888829368300515e-07 3.564521272436499e-07 3.429186736336497e-07 3.281159345386535e-07 3.124593941721707e-07 2.963067453503176e-07 2.800162858427698e-07 2.637874803767765e-07 2.478271355866195e-07 2.322316383119427e-07 2.170870879117221e-07 2.025026883943700e-07 1.884827649962115e-07 1.750883504963548e-07 1.623294587634885e-07 1.502285302758525e-07 1.387820680421855e-07 1.279662337551620e-07 1.178188930298872e-07 1.082637834889234e-07 9.931535538748323e-08 9.094602048087354e-08 8.312657773370418e-08 7.582849692537051e-08 6.903120110563166e-08 6.269914534925798e-08 5.681180866538339e-08 5.136066665654457e-08 4.626117672490772e-08 6.254699095302282e-08 6.389329208997407e-08 6.390602861557070e-08 6.293645870458802e-08 6.148903528887832e-08 6.007941514937357e-08 5.911428413745483e-08 5.883374060206928e-08 5.931811303923311e-08 6.053233143440491e-08 6.237651241825855e-08 6.472408279338417e-08 6.744385787757798e-08 7.041075278436865e-08 7.351079412016581e-08 7.664378669030860e-08 7.972476534170576e-08 8.268438464855039e-08 8.546830996750631e-08 8.803585345533576e-08 9.035820258687979e-08 9.241655166981809e-08 9.420035008818041e-08 9.570576621290064e-08 9.693438977423303e-08 9.789214975840748e-08 9.858840883427063e-08 9.903519532411464e-08 9.924654278274934e-08 9.923791660120665e-08 5.831543670989685e-09 4.449344802570074e-09 2.482681042468505e-09 2.856463276719193e-10 -1.736748808812735e-09 -3.254462844072299e-09 -4.097706767192546e-09 -4.268302400056684e-09 -3.891823402168007e-09 -3.147964534607999e-09 -2.212622302216618e-09 -1.226064169584125e-09 -2.844092298142406e-10 5.554848869331809e-10 1.266511043134173e-09 1.841946665931949e-09 2.287888814003387e-09 2.617652637800682e-09 2.847884465405406e-09 2.996068855924868e-09 3.079082837653020e-09 3.112481922268997e-09 3.110203659233945e-09 3.084489599397142e-09 3.045891404549315e-09 3.003305078533261e-09 2.964018546879262e-09 2.933780502722736e-09 2.916896241186196e-09 2.916352304231642e-09
2.719773184951853e-04 2.059618914936651e-04 2.775258001649305e-05 3.638986398209740e-07 3.564521272436499e-07 3.665129557902708e-07 3.360495512061167e-07 3.234008728124007e-07 3.095216709499528e-07 2.948372607434493e-07 2.796674751922765e-07 2.643492017697184e-07 2.490821217792245e-07 2.340223191117613e-07 2.193307534526246e-07 2.050529716348603e-07 1.912737532583777e-07 1.780324916946817e-07 1.653783001978198e-07 1.533164536079823e-07 1.418563300421558e-07 1.310401197339041e-07 1.208031664503820e-07 1.111813264936715e-07 1.021422670383324e-07 9.366367597344734e-08 8.572991889252342e-08 7.831808479664979e-08 7.139719670863301e-08 6.494830302461537e-08 5.895962662761969e-08 5.335803407694045e-08 4.818942983951970e-08 5.574035688187552e-08 5.853873646327495e-08 5.997616260504121e-08 6.014020132983271e-08 5.935806843718165e-08 5.810467886070689e-08 5.686839415292814e-08 5.603662794332583e-08 5.584027121146571e-08 5.635917352988356e-08 5.756350607999083e-08 5.936136609990186e-08 6.163483347193925e-08 6.426095406054758e-08 6.712199852519983e-08 7.011032778919108e-08 7.313102923381468e-08 7.610339053083349e-08 7.896135155820935e-08 8.165299373294505e-08 8.413929504340576e-08 8.639248418666865e-08 8.839429133791325e-08 9.013430009389464e-08 9.160849977921560e-08 9.281806104201460e-08 9.376831455465856e-08 9.446789640441424e-08 9.492802371641219e-08 9.516186978853515e-08 6.223048977404933e-09 5.686518675664186e-09 4.408820081074969e-09 2.559154515230370e-09 4.710886581382005e-10 -1.469767380830545e-09 -2.945684418799694e-09 -3.789238493676307e-09 -3.995864853748550e-09 -3.679769214674988e-09 -3.008410099178283e-09 -2.147424005249335e-09 -1.229966542512838e-09 -3.481002118216698e-10 4.429986429307091e-10 1.116302679140029e-09 1.664217674313537e-09 2.091486936619782e-09 2.409904976970401e-09 2.634618713963836e-09 2.781742676142578e-09 2.866957507922766e-09 2.904799385312407e-09 2.908356120296172e-09 2.889169874045769e-09 2.857226011760778e-09 2.820973358953676e-09 2.787360648947657e-09 2.761892228760219e-09 2.748719566929658e-09
2.590056942194350e-04 1.976008452975548e-04 2.677266308558257e-05 3.480854989980708e-07 3.429186736336497e-07 3.360495512061167e-07 3.457177464292015e-07 3.170544531810886e-07 3.052336357617689e-07 2.922334238944384e-07 2.784527863184079e-07 2.642043590946105e-07 2.497670246758216e-07 2.353989784258621e-07 2.212120726300551e-07 2.073402253750889e-07 1.938617153821196e-07 1.808482610500776e-07 1.683331198106744e-07 1.563512035165241e-07 1.449527441821443e-07 1.341051195742574e-07 1.238484352733902e-07 1.141611112085796e-07 1.050416783065214e-07 9.646996840373392e-08 8.842966959129500e-08 8.090223143001201e-08 7.386654660053878e-08 6.731501119589073e-08 6.117666462498655e-08 5.549375853276859e-08 5.019133328265761e-08 4.804856857524808e-08 5.198548246391799e-08 5.478660138083530e-08 5.629281969827671e-08 5.658132521309078e-08 5.595790737658811e-08 5.487068733702895e-08 5.378302043121175e-08 5.306450594137637e-08 5.293738897268385e-08 5.348088642709722e-08 5.466982436925466e-08 5.641951448386554e-08 5.861990734941236e-08 6.115556363567937e-08 6.391548935066005e-08 6.679785860080750e-08 6.971261366943950e-08 7.258295226538213e-08 7.534583016418209e-08 7.795153592836904e-08 8.036255452543140e-08 8.255203665610465e-08 8.450216136617672e-08 8.620258804249384e-08 8.764909441714351e-08 8.884242375191890e-08 8.978732319655806e-08 9.049173687007080e-08 9.096612199196969e-08 5.779133021360129e-09 5.989031275100614e-09 5.516564656621726e-09 4.330399513193346e-09 2.586400962674996e-09 5.990252103712466e-10 -1.264485459510760e-09 -2.698411008110711e-09 -3.538182005549919e-09 -3.773908568386753e-09 -3.509696932594178e-09 -2.901928132768322e-09 -2.106845967919098e-09 -1.251020955585753e-09 -4.227013183165956e-10 3.245779744350177e-10 9.639559168377901e-10 1.487119232817879e-09 1.897630411102132e-09 2.205932030930190e-09 2.425825729029373e-09 2.572181411947130e-09 2.659583054009301e-09 2.701626840175196e-09 2.710611083014623e-09 2.697427351185127e-09 2.671537406452696e-09 2.640979403040795e-09 2.612399725557477e-09 2.591093877614377e-09
2.462717174727908e-04 1.893184124784282e-04 2.579495331137617e-05 3.313890535232064e-07 3.281159345386535e-07 3.234008728124007e-07 3.170544531810886e-07 3.263738685846579e-07 2.993944161320991e-07 2.883429756721188e-07 2.761669362701765e-07 2.632029204494294e-07 2.498151356436714e-07 2.362314637986294e-07 2.226778888452210e-07 2.092952959537187e-07 1.962020245982675e-07 1.834682791895716e-07 1.711505534178350e-07 1.593254219949846e-07 1.479849022223729e-07 1.371768474227288e-07 1.269099491794056e-07 1.171871630751771e-07 1.079985663336800e-07 9.934778071794716e-08 9.121203818593502e-08 8.357659952225638e-08 7.644557672845545e-08 6.974656186242882e-08 6.352531849176218e-08 5.770903211129793e-08 5.228450313909741e-08 3.998139191439220e-08 4.461269866644111e-08 4.847741819507822e-08 5.126453470406882e-08 5.281803762246781e-08 5.320626174732306e-08 5.271572068322594e-08 5.177004664532323e-08 5.080952223953451e-08 5.018714741840776e-08 5.011695057842881e-08 5.067731795735805e-08 5.184715582018644e-08 5.354826616829288e-08 5.567774277154543e-08 5.812699962901542e-08 6.079120478771175e-08 6.357386186423298e-08 6.638936752581538e-08 6.916450329992974e-08 7.183898140805478e-08 7.436509552058058e-08 7.670668477871061e-08 7.883771261701281e-08 8.074073592921673e-08 8.240545290986928e-08 8.382742337717222e-08 8.500698251677840e-08 8.594833443393140e-08 8.665878838732839e-08 4.794304218834939e-09 5.504997960690878e-09 5.738258931218990e-09 5.320355332755363e-09 4.216232941757578e-09 2.569485750126631e-09 6.767160447947226e-10 -1.112237569110199e-09 -2.503330182971061e-09 -3.335219788915312e-09 -3.593587309473869e-09 -3.373539720194996e-09 -2.821385235738357e-09 -2.084721771196085e-09 -1.283984314062902e-09 -5.038013057112098e-10 2.039188405642550e-10 8.125703906563787e-10 1.313260722963693e-09 1.708529847868211e-09 2.007615937257088e-09 2.223104769890106e-09 2.368731912058190e-09 2.458073711990912e-09 2.503860435592204e-09 2.517665109388259e-09 2.509783333071662e-09 2.489205234303475e-09 2.463606362727589e-09 2.439368920874208e-09
2.337965291801463e-04 1.811281487514654e-04 2.482098434360545e-05 3.142017253522716e-07 3.124593941721707e-07 3.095216709499528e-07 3.052336357617689e-07 2.993944161320991e-07 3.083969937032911e-07 2.829824505560049e-07 2.726222827951365e-07 2.612158618197588e-07 2.490448109255023e-07 2.364350541659666e-07 2.236370674384924e-07 2.108564054383405e-07 1.982226357353914e-07 1.858365776547755e-07 1.738096743406165e-07 1.621547080036077e-07 1.509446786492824e-07 1.402115230144455e-07 1.299658781373140e-07 1.202267004380967e-07 1.110018646595596e-07 1.022784788187276e-07 9.406092219140330e-08 8.634914013865337e-08 7.907735947947727e-08 7.230213453796405e-08 6.594933296336104e-08 6.000975075635616e-08 5.448927679046507e-08 3.201691497629458e-08 3.690011511617592e-08 4.140584099922189e-08 4.518705327024241e-08 4.794480294176583e-08 4.952657447597720e-08 4.999302857673293e-08 4.961318178749424e-08 4.878813262862562e-08 4.793674561456904e-08 4.739645781751489e-08 4.737343018848692e-08 4.794501810134605e-08 4.909367921976436e-08 5.074704634163741e-08 5.280869359640830e-08 5.517628327718094e-08 5.775061715859077e-08 6.044007736044347e-08 6.316313853102861e-08 6.584985876035606e-08 6.844246325536915e-08 7.089506654793283e-08 7.317273104887039e-08 7.525014939967661e-08 7.711021453634985e-08 7.874265609278645e-08 8.014283662179139e-08 8.131072580783376e-08 8.225004031927680e-08 3.582767115758145e-09 4.517368252097932e-09 5.219749341672345e-09 5.470734147465390e-09 5.100885710787298e-09 4.071871270724336e-09 2.515966067982566e-09 7.130828663327859e-10 -1.003412618495717e-09 -2.350773484766043e-09 -3.171149810382108e-09 -3.446530900949204e-09 -3.263957288918910e-09 -2.760530148725173e-09 -2.075844801402535e-09 -1.324584790741109e-09 -5.879263967050997e-10 8.383289014776368e-11 6.644207400676586e-10 1.144482669545776e-09 1.525666348230529e-09 1.816133395702847e-09 2.027367846045994e-09 2.172071668821218e-09 2.262902863175285e-09 2.311802537174069e-09 2.329689310425972e-09 2.326326828120149e-09 2.310285201829316e-09 2.288925930771246e-09
2.215992011825813e-04 1.730427638951539e-04 2.385223322171645e-05 2.968663829508787e-07 2.963067453503176e-07 2.948372607434493e-07 2.922334238944384e-07 2.883429756721188e-07 2.829824505560049e-07 2.916714908652379e-07 2.677098312417212e-07 2.580254453290041e-07 2.473117332083442e-07 2.358691684459783e-07 2.239976059922328e-07 2.119303919513607e-07 1.998511120157024e-07 1.879273496290569e-07 1.762141869725766e-07 1.648178360244349e-07 1.537897746307076e-07 1.431648437445175e-07 1.329841592794023e-07 1.232629300654457e-07 1.140159320361218e-07 1.052516655272820e-07 9.697939179355505e-08 8.915211908708373e-08 8.182205154192000e-08 7.492146461570853e-08 6.845206357612329e-08 6.241781303346177e-08 5.676873577520895e-08 2.451482181376855e-08 2.929809935104955e-08 3.402470881477657e-08 3.839799221935148e-08 4.208608259371311e-08 4.480168562667647e-08 4.639596629614701e-08 4.692282714744071e-08 4.663527764590581e-08 4.591356823020857e-08 4.515659221748591e-08 4.468713937259215e-08 4.470381638025592e-08 4.528277151895910e-08 4.640954024441947e-08 4.801699094725825e-08 5.001457505258092e-08 5.230564689709163e-08 5.479615311251085e-08 5.739893618731900e-08 6.003620062213268e-08 6.264100208437844e-08 6.515786578837231e-08 6.754257535667699e-08 6.976131984323758e-08 7.178947085094564e-08 7.361024510220708e-08 7.521342132808436e-08 7.659420179746261e-08 7.775223988084388e-08 2.388107378288827e-09 3.325686849967410e-09 4.232846827439176e-09 4.924673090129766e-09 5.190091650003609e-09 4.863807936933437e-09 3.904606356370622e-09 2.434326014745329e-09 7.172899691971116e-10 -9.287040162159036e-10 -2.231783509050882e-09 -3.037745834749587e-09 -3.325488144130800e-09 -3.174775754037891e-09 -2.714250581061372e-09 -2.076073255634470e-09 -1.369524932721330e-09 -6.724859530271673e-10 -3.366935358567844e-11 5.210399785390728e-10 9.819231717503889e-10 1.349847673916615e-09 1.632013126279768e-09 1.838912166924475e-09 1.982312856959661e-09 2.074047488535532e-09 2.125351356598587e-09 2.146556973265942e-09 2.146958726876454e-09 2.134755020269542e-09
2.096967184189536e-04 1.650741000117538e-04 2.289011730519493e-05 2.796123036123367e-07 2.800162858427698e-07 2.796674751922765e-07 2.784527863184079e-07 2.761669362701765e-07 2.726222827951365e-07 2.677098312417212e-07 2.761432931560764e-07 2.535059353032116e-07 2.444404078708250e-07 2.343847511184383e-07 2.236189803433385e-07 2.124158261486577e-07 2.010411178014261e-07 1.896286569968513e-07 1.783380293056248e-07 1.672607614769975e-07 1.564635004075393e-07 1.460059443247559e-07 1.359263889536384e-07 1.262608297409491e-07 1.170248020470947e-07 1.082539149457711e-07 9.990554482454078e-08 9.204048672919473e-08 8.460905808457961e-08 7.760931435683853e-08 7.105076870986422e-08 6.489429403980842e-08 5.913745684967903e-08 1.769426657817675e-08 2.214550000496804e-08 2.675949518693732e-08 3.132589445935640e-08 3.556176885022228e-08 3.914963704848507e-08 4.181333724466821e-08 4.340775315677876e-08 4.398075532201983e-08 4.377062269554073e-08 4.313824405716666e-08 4.246384013425962e-08 4.205638760402873e-08 4.210723364499673e-08 4.269117020776069e-08 4.379638704445128e-08 4.536044767082252e-08 4.729812949762829e-08 4.951796923294759e-08 5.193061092169817e-08 5.445297954487016e-08 5.701070239742300e-08 5.953959524947877e-08 6.198631201974901e-08 6.430819274847387e-08 6.647249046721929e-08 6.845523375960247e-08 7.023996956123583e-08 7.181655167469036e-08 7.318005891598014e-08 1.351130371264821e-09 2.160949852880094e-09 3.063203727144803e-09 3.943181273997321e-09 4.623893729970189e-09 4.901871188781974e-09 4.615828982275046e-09 3.722042644550053e-09 2.332742169504390e-09 6.977129145946566e-10 -8.799206603126060e-10 -2.138701004700809e-09 -2.928141330668813e-09 -3.224532340685069e-09 -3.101048805525805e-09 -2.678540940196298e-09 -2.082248599725163e-09 -1.416378435618055e-09 -7.556748940485309e-10 -1.473023323947924e-10 3.832819741990903e-10 8.260790698084536e-10 1.181282377742335e-09 1.455239903292684e-09 1.657563152400814e-09 1.799189262316331e-09 1.891212069655007e-09 1.944240729557721e-09 1.968084735811485e-09 1.971613900998323e-09
1.981039754922766e-04 1.572331154268539e-04 2.193599156122357e-05 2.626595755078840e-07 2.637874803767765e-07 2.643492017697184e-07 2.642043590946105e-07 2.632029204494294e-07 2.612158618197588e-07 2.580254453290041e-07 2.535059353032116e-07 2.616933810093516e-07 2.402990546253702e-07 2.318076052105299e-07 2.223450655386062e-07 2.122207944008154e-07 2.016530282039611e-07 1.908946472909268e-07 1.801118659629456e-07 1.694222348544147e-07 1.589235556779554e-07 1.486844281786755e-07 1.387585961386654e-07 1.291836609819808e-07 1.200154110606487e-07 1.112182978531235e-07 1.028780563944090e-07 9.494923017205987e-08 8.743855299085984e-08 8.037231684403742e-08 7.370824708732132e-08 6.744934460186396e-08 6.158343247108176e-08 1.165684413726021e-08 1.564851641745398e-08 1.993037483934637e-08 2.437366703685042e-08 2.877825614998090e-08 3.287413368023539e-08 3.635737078767670e-08 3.896236238783769e-08 4.054766279080532e-08 4.115571054065258e-08 4.101117963883765e-08 4.045693447683979e-08 3.985570451202512e-08 3.950342083640800e-08 3.958444979654129e-08 4.017209831259539e-08 4.125682908409654e-08 4.278041127174335e-08 4.466244863130525e-08 4.681620245360939e-08 4.915661905524220e-08 5.160437982836409e-08 5.408827860074381e-08 5.654670069179872e-08 5.892829784489959e-08 6.119188724225372e-08 6.330574587515212e-08 6.524654864907554e-08 6.699818123532064e-08 6.855059050591351e-08 5.239849027591550e-10 1.155706380353630e-09 1.929941671401473e-09 2.798700613338294e-09 3.652834752564597e-09 4.322720764970909e-09 4.612058095459136e-09 4.363464139981517e-09 3.531071917297695e-09 2.218295050127503e-09 6.613869164126757e-10 -8.503269841225244e-10 -2.065323316339573e-09 -2.836844948597559e-09 -3.138987992850279e-09 -3.038941566024959e-09 -2.650371425817075e-09 -2.092076771104024e-09 -1.463498302488953e-09 -8.364000980005027e-10 -2.564368368729475e-10 2.514000901783408e-10 6.769120694235656e-10 1.019722894498021e-09 1.285439874913168e-09 1.482895368146079e-09 1.622292156541466e-09 1.714065277299738e-09 1.768257543829921e-09 1.794202658777524e-09
1.868337872490498e-04 1.495298741587807e-04 2.099114621297013e-05 2.460980431579296e-07 2.478271355866195e-07 2.490821217792245e-07 2.497670246758216e-07 2.498151356436714e-07 2.490448109255023e-07 2.473117332083442e-07 2.444404078708250e-07 2.402990546253702e-07 2.482560063502551e-07 2.279976624374189e-07 2.200513393327613e-07 2.111533043478993e-07 2.015972186544955e-07 1.916291918624773e-07 1.814555429933072e-07 1.712451321799938e-07 1.611150179260764e-07 1.511552818827105e-07 1.414324473154677e-07 1.320191369808061e-07 1.229011844624813e-07 1.141833862334410e-07 1.058270746919063e-07 9.786326900380186e-08 9.032185819702229e-08 8.316918938002311e-08 7.642446771524939e-08 7.007234568776534e-08 6.410127472845208e-08 6.424897782751292e-09 9.902269763259024e-09 1.373203118906282e-08 1.784456334985245e-08 2.211781481773868e-08 2.636121709588831e-08 3.031685839343084e-08 3.369353176394501e-08 3.623560797448157e-08 3.780522660104604e-08 3.843991163154461e-08 3.835173976320867e-08 3.786676263793396e-08 3.733129634088783e-08 3.702893087803385e-08 3.713731300363779e-08 3.772815554645335e-08 3.879385502375732e-08 4.027995177896559e-08 4.211043702796875e-08 4.420290046386414e-08 4.647625591106269e-08 4.885467086514124e-08 5.126989778319300e-08 5.366274125405042e-08 5.598374837399358e-08 5.819315018147205e-08 6.026021337539435e-08 6.216224339364164e-08 6.388346112308558e-08 -9.668953982565103e-11 3.579751090986734e-10 9.578203164827756e-10 1.699130795173707e-09 2.536802164218436e-09 3.366800134330059e-09 4.026381862283999e-09 4.326048475650651e-09 4.112249485529564e-09 3.337333344911888e-09 2.096650803687676e-09 6.138783472974629e-10 -8.346232555631194e-10 -2.006794114260286e-09 -2.759588765909149e-09 -3.065267966310246e-09 -2.985584784079935e-09 -2.627574415664416e-09 -2.104037808026227e-09 -1.509935913932714e-09 -9.141932757944765e-10 -3.609886559533451e-10 1.251927595412127e-10 5.340342525015925e-10 8.646848249558589e-10 1.122113453210145e-09 1.314465331960502e-09 1.451283402962856e-09 1.542405801793991e-09 1.597351733706035e-09
1.758969128953529e-04 1.419735408496999e-04 2.005680474953787e-05 2.300606339990921e-07 2.322316383119426e-07 2.340223191117613e-07 2.353989784258621e-07 2.362314637986294e-07 2.364350541659666e-07 2.358691684459783e-07 2.343847511184383e-07 2.318076052105299e-07 2.279976624374189e-07 2.357500027294434e-07 2.165608352332405e-07 2.090922148642343e-07 2.007271359700176e-07 1.917102128498548e-07 1.822860863242381e-07 1.726562744565411e-07 1.629785734156337e-07 1.533657033080428e-07 1.439248674584824e-07 1.346697528184001e-07 1.257210196227227e-07 1.170604657846206e-07 1.087376913168705e-07 1.007886826911621e-07 9.320333400663899e-08 8.600439097652576e-08 7.918464173118724e-08 7.274823579600660e-08 6.667546145535905e-08 1.974413292225991e-09 4.926963428216634e-09 8.253957032647874e-09 1.192287612427766e-08 1.586821204770442e-08 1.997414552918964e-08 2.405902051715365e-08 2.787622623029984e-08 3.114648819804319e-08 3.362359710400629e-08 3.517317655736331e-08 3.582828842811252e-08 3.578931732141836e-08 3.536659946575507e-08 3.489102073682864e-08 3.463447959503586e-08 3.476815293884618e-08 3.536207670038761e-08 3.641029358319276e-08 3.786174432057220e-08 3.964443602283072e-08 4.167995467759318e-08 4.389090344967375e-08 4.620471361582632e-08 4.855592377903599e-08 5.088762968494840e-08 5.315218231849486e-08 5.531116246892001e-08 5.733478368461986e-08 5.920095431116745e-08 -5.393863468964621e-10 -2.369646166527983e-10 1.909290325286547e-10 7.618842751887805e-10 1.473106340233397e-09 2.282093072995643e-09 3.089557029658833e-09 3.739231647932823e-09 4.048109539048586e-09 3.866428427715626e-09 3.145095469195793e-09 1.972097526581760e-09 5.594172335819208e-10 -8.287676156868918e-10 -1.959412665756223e-09 -2.693155201610016e-09 -3.000735019301759e-09 -2.938963185238461e-09 -2.608746333879679e-09 -2.117285612584695e-09 -1.555320409654691e-09 -9.890595641289680e-10 -4.612302083772788e-10 4.223170870369412e-12 3.969395022235313e-10 7.156769381490478e-10 9.648448141784663e-10 1.151973515307221e-09 1.286001801199921e-09 1.376211278694513e-09
1.653020930751577e-04 1.345723810130319e-04 1.913412229638956e-05 2.145885664833470e-07 2.170870879117221e-07 2.193307534526246e-07 2.212120726300551e-07 2.226778888452210e-07 2.236370674384924e-07 2.239976059922328e-07 2.236189803433385e-07 2.223450655386062e-07 2.200513393327613e-07 2.165608352332405e-07 2.240911169001653e-07 2.059048993450381e-07 1.988903376519346e-07 1.910062094314296e-07 1.824899871062559e-07 1.735714534778389e-07 1.644437918641344e-07 1.552787176122065e-07 1.461341803442091e-07 1.371636900012275e-07 1.283756680623026e-07 1.198351425222958e-07 1.115973530223450e-07 1.036702138677122e-07 9.608237992813836e-08 8.884911859734499e-08 8.197809446164706e-08 7.545747672131181e-08 6.932019136666224e-08 -1.744018684492007e-09 6.989786928508335e-10 3.514648449972782e-09 6.693083690868776e-09 1.020424473185699e-08 1.398640244775233e-08 1.792950476202959e-08 2.186018690393790e-08 2.554239673695206e-08 2.870805586420945e-08 3.111984958017416e-08 3.264677341896048e-08 3.331782056835384e-08 3.332249625703368e-08 3.295641891800223e-08 3.253594729339935e-08 3.232189730850524e-08 3.247922867407077e-08 3.307625483984931e-08 3.410843536786724e-08 3.552780587393303e-08 3.726608012539503e-08 3.924856337719073e-08 4.140131257111821e-08 4.365482945527503e-08 4.594628360616316e-08 4.822093861510368e-08 5.043285410366655e-08 5.254488863538284e-08 5.452814939511177e-08 -8.387233467392163e-10 -6.575727164213185e-10 -3.767919197383448e-10 2.733381376346826e-11 5.722529748988991e-10 1.255955478310352e-09 2.038329709199051e-09 2.824535286225762e-09 3.464440603209677e-09 3.781263500767340e-09 3.628991032247755e-09 2.957394669608512e-09 1.847733558542353e-09 5.011029659117987e-10 -8.297842354493979e-10 -1.920474507708266e-09 -2.635244369817400e-09 -2.943584244154248e-09 -2.897798571262145e-09 -2.593113779972769e-09 -2.131486869107321e-09 -1.599664063345411e-09 -1.061254605902574e-09 -5.575583376805082e-10 -1.119518297148768e-10 2.652106284868716e-10 5.723601689021412e-10 8.134050890093707e-10 9.953103276261473e-10 1.126451805332710e-09
1.550560992447130e-04 1.273337664165624e-04 1.822418434289941e-05 1.997246293103285e-07 2.025026883943700e-07 2.050529716348603e-07 2.073402253750889e-07 2.092952959537187e-07 2.108564054383405e-07 2.119303919513607e-07 2.124158261486577e-07 2.122207944008154e-07 2.111533043478993e-07 2.090922148642343e-07 2.059048993450381e-07 2.132351066977835e-07 1.959682768324552e-07 1.893742999025313e-07 1.819363496732733e-07 1.738814222152612e-07 1.654496344220927e-07 1.567758053865662e-07 1.480749050777066e-07 1.393976247778739e-07 1.308406039136596e-07 1.224842689191590e-07 1.143514585030353e-07 1.064893324435712e-07 9.893033531264203e-08 9.168788624067481e-08 8.477180524839155e-08 7.821824962213441e-08 7.199223570963419e-08 -4.793655787715185e-09 -2.829296244465734e-09 -5.089457496313329e-10 2.172242297495337e-09 5.205834533011120e-09 8.564027225511413e-09 1.218855155364305e-08 1.597468852357670e-08 1.975678967769760e-08 2.330867402901769e-08 2.637277274504849e-08 2.872016669785069e-08 3.022310113487022e-08 3.090684479569892e-08 3.095075934350941e-08 3.063666333653013e-08 3.026723335748312e-08 3.009278906765347e-08 3.027233995929604e-08 3.087247236782836e-08 3.188988703707565e-08 3.327946464376927e-08 3.497636378536780e-08 3.690936714878646e-08 3.900777356929221e-08 4.120497291042331e-08 4.344061248485134e-08 4.566199765997723e-08 4.782479547020877e-08 4.989306430945571e-08 -1.026664426852910e-09 -9.379390680665178e-10 -7.738386078462006e-10 -5.118648370460071e-10 -1.288577798955806e-10 3.924464046758373e-10 1.050738160098369e-09 1.808137959113277e-09 2.574004204101527e-09 3.204036048721583e-09 3.527425319802781e-09 3.401861368882600e-09 2.776242052887810e-09 1.725664361132879e-09 4.410731088601240e-10 -8.356173777307092e-10 -1.888138295305832e-09 -2.584341110495112e-09 -2.892694312084534e-09 -2.861376212838781e-09 -2.580329360424423e-09 -2.146591682486651e-09 -1.643126458489447e-09 -1.131054396298232e-09 -6.502877175616961e-10 -2.236243844902502e-10 1.386203491084903e-10 4.345912636164357e-10 6.677389619024705e-10 8.445003876441788e-10
1.451637945927644e-04 1.202641853876318e-04 1.732800582160807e-05 1.855531736793346e-07 1.884827649962115e-07 1.912737532583777e-07 1.938617153821196e-07 1.962020245982675e-07 1.982226357353914e-07 1.998511120157024e-07 2.010411178014261e-07 2.016530282039611e-07 2.015972186544955e-07 2.007271359700176e-07 1.988903376519346e-07 1.959682768324552e-07 2.031066956383564e-07 1.866956843950853e-07 1.804875051347230e-07 1.734801402365333e-07 1.658403354011197e-07 1.578480911003805e-07 1.496274715735605e-07 1.413340143275766e-07 1.330883329551385e-07 1.249436357846535e-07 1.169712423445850e-07 1.092177894325758e-07 1.017145146855620e-07 9.448777325559448e-08 8.757910811370852e-08 8.097448641909955e-08 7.468917382571904e-08 -7.244904153587202e-09 -5.718538341215061e-09 -3.862629091220822e-09 -1.662074574606899e-09 8.887669569030190e-10 3.782749010157251e-09 6.994076806261216e-09 1.046764707642889e-08 1.410367366865924e-08 1.774369228259149e-08 2.117075261227156e-08 2.413715253530979e-08 2.642189652252701e-08 2.790035471759125e-08 2.859438212983404e-08 2.867387840451072e-08 2.840772300540918e-08 2.808571516158053e-08 2.794825155302519e-08 2.814867217547683e-08 2.875186496847615e-08 2.975563535907406e-08 3.111749468117118e-08 3.277581233438773e-08 3.466262301602182e-08 3.671026321404889e-08 3.885483133261252e-08 4.103829837569603e-08 4.320988406344874e-08 4.532676137570954e-08 -1.129734628684688e-09 -1.109452722422781e-09 -1.033868028212970e-09 -8.842558922688930e-10 -6.387490308150894e-10 -2.747341310780344e-10 2.248641686931095e-10 8.593889927479706e-10 1.593061939434977e-09 2.339212860562102e-09 2.959087764651543e-09 3.287605332023380e-09 3.186089943119460e-09 2.602789935483422e-09 1.607149859033411e-09 3.806421700923194e-10 -8.449892404745958e-10 -1.861265722611366e-09 -2.539529604898920e-09 -2.847412553310815e-09 -2.829306748632610e-09 -2.570229552261867e-09 -2.162599534275157e-09 -1.685806093915561e-09 -1.198597666636705e-09 -7.395506141741937e-10 -3.308932508144697e-10 1.711649071007866e-11 3.023657524259903e-10 5.278794530511169e-10
1.356282056803894e-04 1.133692577962663e-04 1.644653053176791e-05 1.720473397045459e-07 1.750883504963548e-07 1.780324916946817e-07 1.808482610500776e-07 1.834682791895716e-07 1.858365776547755e-07 1.879273496290569e-07 1.896286569968513e-07 1.908946472909267e-07 1.916291918624774e-07 1.917102128498548e-07 1.910062094314296e-07 1.893742999025313e-07 1.866956843950853e-07 1.936458155797814e-07 1.780486921146630e-07 1.721844226061467e-07 1.655635202036165e-07 1.583401371603745e-07 1.507319036649295e-07 1.429293856538956e-07 1.350422220903165e-07 1.271802214401867e-07 1.194190205398642e-07 1.118130637091384e-07 1.044023373551979e-07 9.724536870873218e-08 9.034412217227160e-08 8.371916107736644e-08 7.741218910994509e-08 -9.170553129532583e-09 -8.036147164198596e-09 -6.604590460099365e-09 -4.853925976467287e-09 -2.768759437459018e-09 -3.428007606717196e-10 2.417919939886950e-09 5.489409148134415e-09 8.819457065482621e-09 1.231283761333576e-08 1.581777500348673e-08 1.912595405228146e-08 2.199894158797474e-08 2.422322852178535e-08 2.567719790818720e-08 2.637958682143800e-08 2.649147853355187e-08 2.626963090550467e-08 2.599173567293867e-08 2.588882459472504e-08 2.610885190938608e-08 2.671505087312534e-08 2.770621519690971e-08 2.904228887938673e-08 3.066462932531246e-08 3.250830544444618e-08 3.450849142576997e-08 3.660381824606863e-08 3.873843093256758e-08 4.086334049884942e-08 -1.168868685192986e-09 -1.198172335149905e-09 -1.187771065099424e-09 -1.123091745575581e-09 -9.859739246671130e-10 -7.551453868637171e-10 -4.085039177168621e-10 7.084841734032179e-11 6.828664546127704e-10 1.393753143636506e-09 2.120591459919434e-09 2.729895499635040e-09 3.062068934900169e-09 2.981994449844605e-09 2.437466158943657e-09 1.492745542726579e-09 3.204643189274536e-10 -8.572088765081137e-10 -1.839199100583129e-09 -2.500247365408912e-09 -2.807305649831611e-09 -2.801286443092660e-09 -2.562622341592935e-09 -2.179399278941847e-09 -1.727639018969691e-09 -1.263843254695813e-09 -8.253119083393208e-10 -4.337212714221889e-10 -9.926371680472196e-11 1.757171395411414e-10
1.264506039069267e-04 1.066537544442838e-04 1.558063089788085e-05 1.592402214477669e-07 1.623294587634885e-07 1.653783001978198e-07 1.683331198106744e-07 1.711505534178350e-07 1.738096743406165e-07 1.762141869725766e-07 1.783380293056248e-07 1.801118659629456e-07 1.814555429933072e-07 1.822860863242381e-07 1.824899871062559e-07 1.819363496732733e-07 1.804875051347229e-07 1.780486921146630e-07 1.848038140927604e-07 1.699523561482055e-07 1.644372237017227e-07 1.581501265045693e-07 1.513099321807292e-07 1.440855747546031e-07 1.366538001813228e-07 1.291442118941334e-07 1.216481560071323e-07 1.142334360233507e-07 1.069807355468885e-07 9.990517647783059e-08 9.304374271118412e-08 8.645328110123666e-08 8.011502187106180e-08 -1.064201161926147e-08 -9.851728932442878e-09 -8.799379907314530e-09 -7.459147929679606e-09 -5.809153999776184e-09 -3.833826465628742e-09 -1.526358723543600e-09 1.108179586226379e-09 4.047402366717117e-09 7.241739106595968e-09 1.060017781082334e-08 1.397717358579273e-08 1.717250102919367e-08 1.995645339727830e-08 2.212261728845426e-08 2.355230143696993e-08 2.426141610327351e-08 2.440284344405159e-08 2.422199527693287e-08 2.398518515520795e-08 2.391460923692506e-08 2.415310710380276e-08 2.476229883003385e-08 2.574185410445217e-08 2.705395905773472e-08 2.864274370509250e-08 3.044610125264376e-08 3.240185253305002e-08 3.445099390465640e-08 3.653970501333608e-08 -1.160190730028074e-09 -1.224703555368312e-09 -1.261190564350815e-09 -1.258782419295612e-09 -1.203358416750604e-09 -1.077274457982743e-09 -8.598078225262291e-10 -5.293329019752245e-10 -6.911820014461278e-11 5.213581826114969e-10 1.210157480346850e-09 1.917906840045247e-09 2.516122895353111e-09 2.850462825076519e-09 2.789293148015841e-09 2.280130909270579e-09 1.382490460815111e-09 2.607557727467370e-10 -8.719236405094825e-10 -1.821507855014431e-09 -2.466040705680685e-09 -2.771942756384720e-09 -2.776933419136521e-09 -2.557183028785412e-09 -2.196724557308197e-09 -1.768412566497581e-09 -1.326626765452912e-09 -9.074543074959433e-10 -5.320358873968450e-10 -2.104899772544450e-10
1.176305958503140e-04 1.001216205634442e-04 1.473110805216293e-05 1.471327146916701e-07 1.502285302758525e-07 1.533164536079823e-07 1.563512035165241e-07 1.593254219949846e-07 1.621547080036077e-07 1.648178360244349e-07 1.672607614769975e-07 1.694222348544147e-07 1.712451321799938e-07 1.726562744565411e-07 1.735714534778389e-07 1.738814222152612e-07 1.734801402365333e-07 1.721844226061467e-07 1.699523561482055e-07 1.765500468725447e-07 1.623694821585526e-07 1.571739454136825e-07 1.512231245503925e-07 1.447205350585695e-07 1.378523633949600e-07 1.307740678866600e-07 1.236051859746255e-07 1.164616914379351e-07 1.093854518846927e-07 1.024348047782189e-07 9.567902073403286e-08 8.911526321347050e-08 8.279698406205396e-08 -1.172654905267254e-08 -1.123352550771348e-08 -1.051361512311125e-08 -9.539619745679892e-09 -8.286050805534025e-09 -6.731197087909813e-09 -4.859412758630820e-09 -2.663497103094441e-09 -1.477050247936244e-10 2.667005086953454e-09 5.733468709525209e-09 8.964575367256103e-09 1.222060174598882e-08 1.530892655412683e-08 1.800808944728413e-08 2.011843240629616e-08 2.152412716085684e-08 2.223854173715932e-08 2.240693668006082e-08 2.226410106640536e-08 2.206564796738028e-08 2.202542567269365e-08 2.228140467269749e-08 2.289362384357344e-08 2.386251732235021e-08 2.515233040918517e-08 2.670976189832886e-08 2.847533189934033e-08 3.038933108158262e-08 3.239497028593157e-08 -1.116080228405579e-09 -1.204962356221010e-09 -1.274424941736218e-09 -1.316551482947744e-09 -1.320806848709926e-09 -1.273477018693567e-09 -1.157390459730610e-09 -9.523327125843526e-10 -6.371307556776649e-10 -1.952217493705676e-10 3.744366053619316e-10 1.041646172601198e-09 1.730383009638297e-09 2.316923146273150e-09 2.651963051287910e-09 2.607284235699173e-09 2.130291846477482e-09 1.276150776958014e-09 2.015459217635733e-10 -8.888746481616942e-10 -1.807769882185192e-09 -2.436398197971243e-09 -2.740788194332322e-09 -2.755740086547980e-09 -2.553465324503680e-09 -2.214208260852671e-09 -1.807848804666248e-09 -1.386759713933058e-09 -9.858736890676538e-10 -6.258129136569308e-10
1.091662214814831e-04 9.377600310378000e-05 1.389869222822559e-05 1.357125569750379e-07 1.387820680421855e-07 1.418563300421558e-07 1.449527441821443e-07 1.479849022223729e-07 1.509446786492824e-07 1.537897746307076e-07 1.564635004075393e-07 1.589235556779554e-07 1.611150179260764e-07 1.629785734156337e-07 1.644437918641344e-07 1.654496344220927e-07 1.658403354011197e-07 1.655635202036166e-07 1.644372237017227e-07 1.623694821585526e-07 1.688100300169758e-07 1.552824677243761e-07 1.503643826337311e-07 1.447246227561817e-07 1.385439911755477e-07 1.319961279608408e-07 1.252583794893509e-07 1.184222771303998e-07 1.115800832619070e-07 1.048265756896911e-07 9.817954714590074e-08 9.170440183860530e-08 8.542815302339371e-08 -1.248562872796237e-08 -1.224579588606480e-08 -1.181258384649481e-08 -1.115917446425282e-08 -1.025884350311385e-08 -9.086502577146670e-09 -7.620690674143773e-09 -5.845783719947876e-09 -3.754299548140193e-09 -1.349810466607211e-09 1.347994855472340e-09 4.294157090864740e-09 7.405198803737930e-09 1.054686463995333e-08 1.353371360845599e-08 1.615210993440018e-08 1.820885380104064e-08 1.959093138017959e-08 2.030943332871391e-08 2.050253148371934e-08 2.039505322308307e-08 2.023252843086812e-08 2.022090025540769e-08 2.049348957799541e-08 2.110877811635382e-08 2.206785830615621e-08 2.333686372037469e-08 2.486487461556293e-08 2.659486016088048e-08 2.846942346030706e-08 -1.046219246742515e-09 -1.151201952394999e-09 -1.243176706087776e-09 -1.316368079342288e-09 -1.363095353234150e-09 -1.373118658067648e-09 -1.333090992279519e-09 -1.226282233622334e-09 -1.032961559830364e-09 -7.323922689234474e-10 -3.081857296991379e-10 2.411774183717997e-10 8.871370494735418e-10 1.556842663681501e-09 2.131110010059509e-09 2.465480657574681e-09 2.435079830246161e-09 1.987346711141601e-09 1.173457799715940e-09 1.428919657988015e-10 -9.077317457873034e-10 -1.797463697322735e-09 -2.410701144227126e-09 -2.713209811817624e-09 -2.737124624015140e-09 -2.550981933388715e-09 -2.231479125969288e-09 -1.845697779524558e-09 -1.444111678520707e-09 -1.060546688356848e-09
1.010540592135848e-04 8.761928147445884e-05 1.308404345175566e-05 1.249713681440390e-07 1.279662337551620e-07 1.310401197339041e-07 1.341051195742574e-07 1.371768474227288e-07 1.402115230144455e-07 1.431648437445175e-07 1.460059443247559e-07 1.486844281786755e-07 1.511552818827105e-07 1.533657033080428e-07 1.552787176122065e-07 1.567758053865662e-07 1.578480911003805e-07 1.583401371603745e-07 1.581501265045693e-07 1.571739454136825e-07 1.552824677243761e-07 1.615512635736362e-07 1.486327559054120e-07 1.439796538527411e-07 1.386174010662582e-07 1.327473106177519e-07 1.265127078121947e-07 1.200647687503012e-07 1.135458138246173e-07 1.070062955087271e-07 1.005361376394343e-07 9.418208574065937e-08 8.797819037730180e-08 -1.297420560976379e-08 -1.294723505116927e-08 -1.275775269248247e-08 -1.238036059039318e-08 -1.178878558459682e-08 -1.095683923083513e-08 -9.859899776671420e-09 -8.476831319886211e-09 -6.792116836487195e-09 -4.798087873652048e-09 -2.497740621199857e-09 9.038121507130440e-11 2.923363793443484e-09 5.921141592939742e-09 8.954625164020315e-09 1.184518297680858e-08 1.438662624327667e-08 1.639194135622180e-08 1.775087923150131e-08 1.847248579041309e-08 1.868832185694900e-08 1.861385097694386e-08 1.848507980369736e-08 1.850044907164790e-08 1.878883049824535e-08 1.940717052150817e-08 2.035712444704366e-08 2.160656217458435e-08 2.310677940894754e-08 2.480303882703887e-08 -9.584454306779469e-10 -1.073020530107252e-09 -1.179547680906639e-09 -1.273690645942432e-09 -1.349832584864291e-09 -1.400495473844139e-09 -1.415709379071682e-09 -1.382472290086601e-09 -1.284473520112754e-09 -1.102447263662208e-09 -8.160785278063888e-10 -4.091512963155576e-10 1.202977267216663e-10 7.452601990747940e-10 1.395905448551427e-09 1.957382639116597e-09 2.289894028581652e-09 2.271833649471079e-09 1.850788687657588e-09 1.074265814801300e-09 8.498220591372164e-11 -9.280458711443807e-10 -1.789976417013587e-09 -2.388273079424549e-09 -2.688556689175305e-09 -2.720524384056863e-09 -2.549294740671366e-09 -2.248241222265858e-09 -1.881802952752521e-09 -1.498649254624250e-09
9.328933671789343e-05 8.165310138398690e-05 1.228775251261017e-05 1.148736107652673e-07 1.178188930298872e-07 1.208031664503820e-07 1.238484352733902e-07 1.269099491794056e-07 1.299658781373141e-07 1.329841592794023e-07 1.359263889536384e-07 1.387585961386654e-07 1.414324473154677e-07 1.439248674584824e-07 1.461341803442091e-07 1.480749050777066e-07 1.496274715735605e-07 1.507319036649295e-07 1.513099321807292e-07 1.512231245503925e-07 1.503643826337311e-07 1.486327559054120e-07 1.547427881654846e-07 1.423825056626050e-07 1.379859311694558e-07 1.328962705092610e-07 1.272874663038933e-07 1.213513495634363e-07 1.151949813570572e-07 1.089539697112955e-07 1.027063614571396e-07 9.650985707539391e-08 9.041155236771903e-08 -1.324070627013579e-08 -1.339031088935131e-08 -1.340526313049795e-08 -1.326206900646966e-08 -1.293590069467369e-08 -1.240108476794532e-08 -1.163202393407980e-08 -1.060462057261622e-08 -9.298123580970061e-09 -7.697185509987091e-09 -5.794017634300280e-09 -3.591111879154989e-09 -1.105954499324155e-09 1.620464457425674e-09 4.511309740533454e-09 7.442393600665334e-09 1.024155688239300e-08 1.270970614268935e-08 1.466575050740949e-08 1.600214227625745e-08 1.672607987099168e-08 1.696293876395141e-08 1.691936053033677e-08 1.682234141777868e-08 1.686319127842831e-08 1.716652157415364e-08 1.778777120248169e-08 1.872907876366139e-08 1.995992011824529e-08 2.143366362475922e-08 -8.593253137430317e-10 -9.781796138598784e-10 -1.093019768871184e-09 -1.200435266472834e-09 -1.296197685610256e-09 -1.374829957676629e-09 -1.429041751906512e-09 -1.449117232944250e-09 -1.422383812264854e-09 -1.332930917157829e-09 -1.161934235430403e-09 -8.894801417989190e-10 -4.995145039197941e-10 1.034972389633751e-11 6.145763593328042e-10 1.246212003691855e-09 1.794543423411853e-09 2.124243593794239e-09 2.116888394306836e-09 1.720300585569951e-09 9.785928724438114e-10 2.812394454374971e-11 -9.492999945527287e-10 -1.784680700695865e-09 -2.368470907178716e-09 -2.666246282070652e-09 -2.705472156041682e-09 -2.548077253851148e-09 -2.264310422434284e-09 -1.916110708337242e-09
8.586604641936615e-05 7.587841141433139e-05 1.151034220152570e-05 1.054348297638898e-07 1.082637834889234e-07 1.111813264936715e-07 1.141611112085797e-07 1.171871630751771e-07 1.202267004380967e-07 1.232629300654457e-07 1.262608297409491e-07 1.291836609819808e-07 1.320191369808061e-07 1.346697528184001e-07 1.371636900012275e-07 1.393976247778739e-07 1.413340143275766e-07 1.429293856538956e-07 1.440855747546031e-07 1.447205350585695e-07 1.447246227561817e-07 1.439796538527411e-07 1.423825056626050e-07 1.483488928476198e-07 1.365259394926321e-07 1.323394328922398e-07 1.275096047771148e-07 1.221651621546137e-07 1.164891791637891e-07 1.106140210947467e-07 1.046413643121508e-07 9.864840597195317e-08 9.271285248686898e-08 -1.332739228468392e-08 -1.362124990561928e-08 -1.380530407291929e-08 -1.385810058036922e-08 -1.375671708381669e-08 -1.347694567906895e-08 -1.299375896354247e-08 -1.228219206748454e-08 -1.131870797812940e-08 -1.008297321459409e-08 -8.559840676319585e-09 -6.741434093544408e-09 -4.629781079101143e-09 -2.241367878637270e-09 3.846428890936127e-10 3.174485860293116e-09 6.008630658884661e-09 8.721069479480263e-09 1.111946339782512e-08 1.302838249053738e-08 1.434290309786266e-08 1.506854308026234e-08 1.532487640852329e-08 1.531021919881165e-08 1.524303325366623e-08 1.530784856109014e-08 1.562520074588490e-08 1.624905841776937e-08 1.718198198917483e-08 1.839494267226448e-08 -7.544552486870151e-10 -8.731618377557408e-10 -9.912445411711599e-10 -1.105930631877735e-09 -1.213892317133068e-09 -1.310999327437727e-09 -1.391905043958664e-09 -1.449498185309273e-09 -1.474303792712546e-09 -1.453958425755741e-09 -1.372927381885846e-09 -1.212797204236637e-09 -9.540264458472452e-10 -5.807122219587701e-10 -9.006112472375744e-11 4.937873233720000e-10 1.106609787402076e-09 1.641635456220984e-09 1.967815778968544e-09 1.969806930042925e-09 1.595734708814067e-09 8.865641065940991e-10 -2.733660804371343e-11 -9.710009754696220e-10 -1.781020704720207e-09 -2.350758742615431e-09 -2.645823876625443e-09 -2.691629651221995e-09 -2.547121503226719e-09 -2.279601557541730e-09
7.877706457598510e-05 7.029550195464891e-05 1.075226879358021e-05 9.658338319060515e-08 9.931535538748323e-08 1.021422670383324e-07 1.050416783065214e-07 1.079985663336800e-07 1.110018646595596e-07 1.140159320361218e-07 1.170248020470947e-07 1.200154110606487e-07 1.229011844624813e-07 1.257210196227227e-07 1.283756680623026e-07 1.308406039136596e-07 1.330883329551385e-07 1.350422220903165e-07 1.366538001813228e-07 1.378523633949600e-07 1.385439911755477e-07 1.386174010662582e-07 1.379859311694558e-07 1.365259394926321e-07 1.423240876952533e-07 1.310109267589003e-07 1.270401302191899e-07 1.224336929128995e-07 1.173445094627657e-07 1.119198262950056e-07 1.062890629676122e-07 1.005721849412763e-07 9.483569520917968e-08 -1.327087588526163e-08 -1.368039004382067e-08 -1.400210258023994e-08 -1.421656918850582e-08 -1.430290014037452e-08 -1.423878886882978e-08 -1.400068324487601e-08 -1.356422779105788e-08 -1.290510568134004e-08 -1.200034703429286e-08 -1.083003783806862e-08 -9.379233068573619e-09 -7.639975387800548e-09 -5.613848468496574e-09 -3.316383434145648e-09 -7.850034699135628e-10 1.909440139166338e-09 4.651835213987894e-09 7.282012687659075e-09 9.614055535878614e-09 1.147793652301612e-08 1.277127174998064e-08 1.349804388519955e-08 1.377237763580996e-08 1.378472708914505e-08 1.374546817347252e-08 1.383268753500012e-08 1.416302884652326e-08 1.478903631025657e-08 1.571364496242598e-08 -6.485791818256899e-10 -7.634612687594845e-10 -8.805864497081414e-10 -9.976902407646742e-10 -1.112067778254523e-09 -1.220468458047368e-09 -1.318856639045801e-09 -1.402009133063116e-09 -1.462980053822018e-09 -1.492517040106762e-09 -1.478538567362845e-09 -1.405853425335184e-09 -1.256430326267110e-09 -1.011071737948176e-09 -6.540173452335528e-10 -1.820970159535903e-10 3.818655939518921e-10 9.762283966866916e-10 1.497964657764260e-09 1.820113970271776e-09 1.830307565982191e-09 1.477026285242784e-09 7.983154663375405e-10 -8.110247619101437e-11 -9.927535722086741e-10 -1.778570162382783e-09 -2.334739109733449e-09 -2.626966881378802e-09 -2.678772174195460e-09 -2.546303967979711e-09
7.201427284708515e-05 6.490404611475267e-05 1.001392375964150e-05 8.832699001062518e-08 9.094602048087355e-08 9.366367597344734e-08 9.646996840373391e-08 9.934778071794716e-08 1.022784788187276e-07 1.052516655272820e-07 1.082539149457711e-07 1.112182978531235e-07 1.141833862334410e-07 1.170604657846206e-07 1.198351425222958e-07 1.224842689191590e-07 1.249436357846535e-07 1.271802214401867e-07 1.291442118941334e-07 1.307740678866600e-07 1.319961279608408e-07 1.327473106177519e-07 1.328962705092610e-07 1.323394328922398e-07 1.310109267589003e-07 1.366667741298480e-07 1.258132761235346e-07 1.220515004364328e-07 1.176613780939324e-07 1.127918608437143e-07 1.076066283231022e-07 1.022224274181543e-07 9.674107102079691e-08 -1.310265341031625e-08 -1.360267811577018e-08 -1.403426387147814e-08 -1.437989499917424e-08 -1.462068036333116e-08 -1.473632976035950e-08 -1.470517614579211e-08 -1.450433369276616e-08 -1.411011557330568e-08 -1.349883897691675e-08 -1.264808049369717e-08 -1.153832348460442e-08 -1.015480992746900e-08 -8.489498953981962e-09 -6.543547612257307e-09 -4.331580181316242e-09 -1.889373764047386e-09 7.149765309385654e-10 3.370540497446306e-09 5.922684711990706e-09 8.191594630153347e-09 1.001239672211701e-08 1.128516293217633e-08 1.201247501060220e-08 1.230333837210262e-08 1.234078281284107e-08 1.232752567347345e-08 1.243553351937897e-08 1.277773918754673e-08 1.340531431285502e-08 -5.456044423107030e-10 -6.537040070684027e-10 -7.664131471201524e-10 -8.819387405871499e-10 -9.980776302934606e-10 -1.112191782258652e-09 -1.221104240859606e-09 -1.320865060075160e-09 -1.406362040306156e-09 -1.470793793246969e-09 -1.505104005053425e-09 -1.497467945789864e-09 -1.433007067184791e-09 -1.294047115079535e-09 -1.061721783292583e-09 -7.204154146454129e-10 -2.666192966609311e-10 2.780693119947168e-10 8.544430931831936e-10 1.363027605174970e-09 1.680764837931872e-09 1.698161497223408e-09 1.364100344352901e-09 7.139163986688132e-10 -1.329855271636020e-10 -1.014291587552021e-09 -1.777035462616949e-09 -2.320135738248423e-09 -2.609448694333297e-09 -2.666742012681155e-09
6.556868126667338e-05 5.970314223622199e-05 9.295635686294887e-06 8.062451359318463e-08 8.312657773370418e-08 8.572991889252342e-08 8.842966959129501e-08 9.121203818593502e-08 9.406092219140330e-08 9.697939179355505e-08 9.990554482454078e-08 1.028780563944090e-07 1.058270746919063e-07 1.087376913168705e-07 1.115973530223450e-07 1.143514585030353e-07 1.169712423445850e-07 1.194190205398642e-07 1.216481560071323e-07 1.236051859746255e-07 1.252583794893509e-07 1.265127078121947e-07 1.272874663038933e-07 1.275096047771148e-07 1.270401302191899e-07 1.258132761235346e-07 1.313390097727098e-07 1.209253808918940e-07 1.173393125532136e-07 1.131553149000438e-07 1.085087293985709e-07 1.035433878023682e-07 9.837924704216237e-08 -1.284959312451985e-08 -1.341818321201128e-08 -1.393524958776592e-08 -1.438512893822777e-08 -1.475084379003415e-08 -1.501407928396456e-08 -1.515515448626951e-08 -1.515303664143976e-08 -1.498548760490726e-08 -1.462945966495201e-08 -1.406186745532795e-08 -1.326079843653907e-08 -1.220710454149332e-08 -1.088619922103964e-08 -9.289962326215920e-09 -7.419151781365372e-09 -5.287542616671936e-09 -2.929365811924789e-09 -4.101183018136598e-10 2.163223763484658e-09 4.641274124274981e-09 6.850019925967535e-09 8.629509422119310e-09 9.882193541948092e-09 1.060938202221583e-08 1.091527463360556e-08 1.097589136350165e-08 1.098669665865701e-08 1.111384625065913e-08 1.146673767319391e-08 -4.486106728979842e-10 -5.476756868957543e-10 -6.532155285624981e-10 -7.638991796674584e-10 -8.779895455109608e-10 -9.933428952026956e-10 -1.107381218817263e-09 -1.216991905495036e-09 -1.318294188366456e-09 -1.406265819001568e-09 -1.474230904891386e-09 -1.513304037980372e-09 -1.511895749781318e-09 -1.455425374264784e-09 -1.326562633298958e-09 -1.106771134567417e-09 -7.805955687317997e-10 -3.442307671910318e-10 1.818643279597824e-10 7.407754134673396e-10 1.236403339365382e-09 1.549419835462638e-09 1.573110679246979e-09 1.256808247270022e-09 6.333360818321742e-10 -1.829108316862742e-10 -1.035460733276992e-09 -1.776218684474926e-09 -2.306745602986562e-09 -2.593090674738379e-09
5.943055155797564e-05 5.469135762007249e-05 8.597672384161255e-06 7.344923080053765e-08 7.582849692537052e-08 7.831808479664979e-08 8.090223143001201e-08 8.357659952225638e-08 8.634914013865337e-08 8.915211908708373e-08 9.204048672919473e-08 9.494923017205987e-08 9.786326900380186e-08 1.007886826911621e-07 1.036702138677122e-07 1.064893324435712e-07 1.092177894325758e-07 1.118130637091384e-07 1.142334360233507e-07 1.164616914379351e-07 1.184222771303998e-07 1.200647687503012e-07 1.213513495634363e-07 1.221651621546137e-07 1.224336929128995e-07 1.220515004364328e-07 1.209253808918940e-07 1.263052657725326e-07 1.163095023500278e-07 1.129045126693735e-07 1.089086414947661e-07 1.044595604075716e-07 9.970273488516236e-08 -1.253436795059725e-08 -1.315256666204563e-08 -1.373386882186011e-08 -1.426440767781560e-08 -1.472903750443328e-08 -1.511132785417170e-08 -1.539353442438433e-08 -1.555656638272209e-08 -1.557999417147602e-08 -1.544218681663532e-08 -1.512069225281905e-08 -1.459298068115097e-08 -1.383761613110338e-08 -1.283579906490333e-08 -1.157311140943076e-08 -1.004137027005338e-08 -8.240972897618673e-09 -6.184909317015090e-09 -3.905964759764305e-09 -1.467190215719613e-09 1.028178343009093e-09 3.435735121506296e-09 5.586991792841897e-09 7.326706810203994e-09 8.559643822663102e-09 9.285965002305440e-09 9.605361326017451e-09 9.687234517142879e-09 9.720179146635322e-09 9.864832778714392e-09 -3.598796082067287e-10 -4.483348985705703e-10 -5.446430314382085e-10 -6.479139321247943e-10 -7.568652333515772e-10 -8.698102975445486e-10 -9.846568369046887e-10 -1.098872204090186e-09 -1.209389960105200e-09 -1.312383664297112e-09 -1.402901109396793e-09 -1.474376191958741e-09 -1.518085115034920e-09 -1.522664106656371e-09 -1.473827217034836e-09 -1.354589752279066e-09 -1.146750426016387e-09 -8.350330585898251e-10 -4.153793132589134e-10 9.281195235209284e-11 6.347906388020828e-10 1.117667151811944e-09 1.425687658625906e-09 1.454830248144835e-09 1.154920095585750e-09 5.564582067232596e-10 -2.308810315112280e-10 -1.056171025414509e-09 -1.775969148813932e-09 -2.294389717829526e-09
5.358951975473960e-05 4.986677309409618e-05 7.920243164099164e-06 6.676794559472001e-08 6.903120110563166e-08 7.139719670863301e-08 7.386654660053881e-08 7.644557672845545e-08 7.907735947947727e-08 8.182205154192002e-08 8.460905808457961e-08 8.743855299085983e-08 9.032185819702229e-08 9.320333400663899e-08 9.608237992813836e-08 9.893033531264203e-08 1.017145146855620e-07 1.044023373551979e-07 1.069807355468885e-07 1.093854518846927e-07 1.115800832619070e-07 1.135458138246173e-07 1.151949813570572e-07 1.164891791637891e-07 1.173445094627657e-07 1.176613780939324e-07 1.173393125532136e-07 1.163095023500278e-07 1.215652901569390e-07 1.119583988915756e-07 1.087110577575030e-07 1.048934026023893e-07 1.006412501587439e-07 -1.217584284404351e-08 -1.282749668581975e-08 -1.345472592664640e-08 -1.404541923653578e-08 -1.458619899519110e-08 -1.506243013594878e-08 -1.545820947577752e-08 -1.575633204730900e-08 -1.593825646512877e-08 -1.598411186938805e-08 -1.587282935737699e-08 -1.558251130728487e-08 -1.509115164176846e-08 -1.437777074476872e-08 -1.342391163353610e-08 -1.221533471787770e-08 -1.074382017820775e-08 -9.009447373948355e-09 -7.024485767265198e-09 -4.820369185542169e-09 -2.457841294353497e-09 -3.659247978979362e-11 2.303709722123224e-09 4.399849978665904e-09 6.101104403470595e-09 7.314491042281367e-09 8.039143430609408e-09 8.370522558073774e-09 8.471778880639458e-09 8.524996258374332e-09 -2.809653472039286e-10 -3.578507343741504e-10 -4.435225842655969e-10 -5.374827899831748e-10 -6.388797608985607e-10 -7.464729479704816e-10 -8.586124482309862e-10 -9.732403392240884e-10 -1.087856200896276e-09 -1.199422515412244e-09 -1.304155321487000e-09 -1.397168081598427e-09 -1.472000346812260e-09 -1.520091865516734e-09 -1.530309425542930e-09 -1.488665224062639e-09 -1.378525742173043e-09 -1.182033473376178e-09 -8.841044638145130e-10 -4.804630878267176e-10 1.048014907200364e-11 5.360274854183889e-10 1.006349948770685e-09 1.309123360686231e-09 1.342939996956313e-09 1.058157383429369e-09 4.831262497359390e-10 -2.769293738760538e-10 -1.076348202030915e-09 -1.776134066866626e-09
4.803471713272561e-05 4.522702805022841e-05 7.263501260526361e-06 6.055850894235452e-08 6.269914534925798e-08 6.494830302461537e-08 6.731501119589073e-08 6.974656186242881e-08 7.230213453796405e-08 7.492146461570853e-08 7.760931435683853e-08 8.037231684403742e-08 8.316918938002311e-08 8.600439097652574e-08 8.884911859734502e-08 9.168788624067481e-08 9.448777325559446e-08 9.724536870873218e-08 9.990517647783059e-08 1.024348047782189e-07 1.048265756896911e-07 1.070062955087271e-07 1.089539697112955e-07 1.106140210947467e-07 1.119198262950056e-07 1.127918608437143e-07 1.131553149000438e-07 1.129045126693735e-07 1.119583988915756e-07 1.170819527870259e-07 1.078437787980780e-07 1.047553674218861e-07 1.011058868190869e-07 -1.178943426080969e-08 -1.246101776343767e-08 -1.311861368236984e-08 -1.375182614403882e-08 -1.434899490083952e-08 -1.489721044226125e-08 -1.538231644108452e-08 -1.578889621947361e-08 -1.610024000148967e-08 -1.629831110349741e-08 -1.636375566271493e-08 -1.627603242635931e-08 -1.601377192677784e-08 -1.555547508730925e-08 -1.488061274318703e-08 -1.397107531030456e-08 -1.281281782416209e-08 -1.139761193527068e-08 -9.725259440134900e-09 -7.807365560296187e-09 -5.674095173591073e-09 -3.384006343112973e-09 -1.033416956695349e-09 1.242524195595497e-09 3.285644848207445e-09 4.949562238195501e-09 6.143495221660848e-09 6.865659240885671e-09 7.207544725602006e-09 7.326392139862159e-09 -2.127926372282834e-10 -2.776756699607106e-10 -3.518987953937533e-10 -4.352845811801721e-10 -5.273647926687033e-10 -6.273137176790737e-10 -7.339164089111810e-10 -8.455473810325765e-10 -9.601667893809119e-10 -1.075296124952093e-09 -1.187924865407711e-09 -1.294310879901721e-09 -1.389639684531030e-09 -1.467566291100476e-09 -1.519702051154797e-09 -1.535152850184487e-09 -1.500236021369471e-09 -1.398669953059993e-09 -1.212944361316019e-09 -9.281780580997560e-10 -5.399022984645100e-10 -6.559875277422664e-11 4.439851710017510e-10 9.019471831427240e-10 1.199258051943245e-09 1.237046544439161e-09 9.662370660199956e-10 4.131897024663159e-10 -3.210719599931097e-10 -1.095892655702466e-09
4.275488850078767e-05 4.076936559245641e-05 6.627546380995678e-06 5.478854939525806e-08 5.681180866538339e-08 5.895962662761969e-08 6.117666462498653e-08 6.352531849176218e-08 6.594933296336104e-08 6.845206357612330e-08 7.105076870986422e-08 7.370824708732132e-08 7.642446771524939e-08 7.918464173118724e-08 8.197809446164706e-08 8.477180524839155e-08 8.757910811370852e-08 9.034412217227160e-08 9.304374271118412e-08 9.567902073403286e-08 9.817954714590074e-08 1.005361376394343e-07 1.027063614571396e-07 1.046413643121508e-07 1.062890629676122e-07 1.076066283231022e-07 1.085087293985709e-07 1.089086414947661e-07 1.087110577575030e-07 1.078437787980780e-07 1.128506663865298e-07 1.039616071538340e-07 1.010060841087563e-07 -1.138745492867175e-08 -1.206789129653279e-08 -1.274286184978158e-08 -1.340363540107262e-08 -1.404022112103937e-08 -1.464137689403665e-08 -1.519461994367548e-08 -1.568622845867623e-08 -1.610122798455561e-08 -1.642336308208987e-08 -1.663506814284997e-08 -1.671747993635234e-08 -1.665056603525147e-08 -1.641347377177063e-08 -1.598520601370653e-08 -1.534568537744764e-08 -1.447715843847472e-08 -1.336579017380090e-08 -1.200336615326777e-08 -1.038944235744574e-08 -8.535004277121498e-09 -6.469015652031637e-09 -4.247955048637253e-09 -1.964923256629645e-09 2.492493843449042e-10 2.241220935363823e-09 3.868784585995922e-09 5.043308051024743e-09 5.762188525589609e-09 6.113183641637296e-09 -1.557683365013686e-10 -2.086428973465949e-10 -2.711067279794819e-10 -3.432223561071323e-10 -4.248282779483576e-10 -5.154709608528980e-10 -6.143391794664935e-10 -7.202280053866317e-10 -8.315267159761005e-10 -9.462124580198888e-10 -1.061829250252656e-09 -1.175402014032359e-09 -1.283243288149636e-09 -1.380622605925678e-09 -1.461323389846599e-09 -1.517139778411371e-09 -1.537420161152584e-09 -1.508788871421248e-09 -1.415315231539599e-09 -1.239829992373876e-09 -9.676567796054999e-10 -5.941529884811099e-10 -1.359203726383858e-10 3.581513214136401e-10 8.039586515750147e-10 1.095640146493781e-09 1.136786569280032e-09 8.789164897792968e-10 3.465428183610556e-10 -3.632816384000805e-10
3.773850695440862e-05 3.649067744870344e-05 6.012427361214126e-06 4.942636596155929e-08 5.136066665654457e-08 5.335803407694045e-08 5.549375853276860e-08 5.770903211129795e-08 6.000975075635615e-08 6.241781303346177e-08 6.489429403980842e-08 6.744934460186396e-08 7.007234568776534e-08 7.274823579600663e-08 7.545747672131181e-08 7.821824962213441e-08 8.097448641909952e-08 8.371916107736644e-08 8.645328110123666e-08 8.911526321347053e-08 9.170440183860530e-08 9.418208574065937e-08 9.650985707539389e-08 9.864840597195317e-08 1.005721849412763e-07 1.022224274181543e-07 1.035433878023682e-07 1.044595604075716e-07 1.048934026023893e-07 1.047553674218861e-07 1.039616071538340e-07 1.088391555240303e-07 1.002823181008880e-07 -1.097945186451047e-08 -1.165992065654528e-08 -1.234165710857968e-08 -1.301752756407490e-08 -1.367915160772719e-08 -1.431690151923653e-08 -1.491990881016336e-08 -1.547607324012259e-08 -1.597206717948564e-08 -1.639332573037471e-08 -1.672402264705196e-08 -1.694704563780221e-08 -1.704401091586236e-08 -1.699538801653817e-08 -1.678083740466674e-08 -1.637986345086700e-08 -1.577284201649677e-08 -1.494237986288179e-08 -1.387486014923926e-08 -1.256209503608127e-08 -1.100341487844688e-08 -9.209219065452546e-09 -7.207326700334342e-09 -5.052230332494646e-09 -2.833955575693765e-09 -6.792004018275671e-10 1.263323842735721e-09 2.855428592143675e-09 4.010576220104108e-09 4.725432010749638e-09 -1.098865352621432e-10 -1.510747001025036e-10 -2.018709342589501e-10 -2.624915840627482e-10 -3.330078194319082e-10 -4.132635718321231e-10 -5.028052520129281e-10 -6.008271902062780e-10 -7.061339737754779e-10 -8.171306975047967e-10 -9.318204896518148e-10 -1.047783660438095e-09 -1.162094152708506e-09 -1.271134666757934e-09 -1.370273361082564e-09 -1.453429419457790e-09 -1.512585471422248e-09 -1.537333959175502e-09 -1.514598615614610e-09 -1.428791077009166e-09 -1.263074039988872e-09 -1.002970900226093e-09 -6.436798323826855e-10 -2.009696737481821e-10 2.780414517436945e-10 7.119294148905667e-10 9.978775756617746e-10 1.041862697882469e-09 7.960168292810229e-10 2.831357127393025e-10
3.297388425482759e-05 3.238754831560344e-05 5.418144904895575e-06 4.447134881144935e-08 4.626117672490772e-08 4.818942983951970e-08 5.019133328265761e-08 5.228450313909740e-08 5.448927679046507e-08 5.676873577520895e-08 5.913745684967903e-08 6.158343247108176e-08 6.410127472845208e-08 6.667546145535905e-08 6.932019136666224e-08 7.199223570963419e-08 7.468917382571905e-08 7.741218910994509e-08 8.011502187106180e-08 8.279698406205396e-08 8.542815302339370e-08 8.797819037730180e-08 9.041155236771903e-08 9.271285248686898e-08 9.483569520917968e-08 9.674107102079691e-08 9.837924704216237e-08 9.970273488516235e-08 1.006412501587439e-07 1.011058868190869e-07 1.010060841087563e-07 1.002823181008880e-07 1.050508996645891e-07 -1.057253989094464e-08 -1.124626839940965e-08 -1.192634969498387e-08 -1.260715786477499e-08 -1.328185081302160e-08 -1.394235450719305e-08 -1.457936037319183e-08 -1.518233363753177e-08 -1.573952461453005e-08 -1.623797569530176e-08 -1.666351504558309e-08 -1.700073582838433e-08 -1.723297337158141e-08 -1.734231992079434e-08 -1.730974490776258e-08 -1.711541875576014e-08 -1.673934276611718e-08 -1.616234131563979e-08 -1.536737673846471e-08 -1.434104848293353e-08 -1.307519901328732e-08 -1.156894483134120e-08 -9.832124630421885e-09 -7.891461822014515e-09 -5.799548337895432e-09 -3.643467027716972e-09 -1.545959580662900e-09 3.487016795864294e-10 1.906191943105078e-09 3.042010110555566e-09 -7.481453750918550e-11 -1.048875579135769e-10 -1.444064845750686e-10 -1.936843396719697e-10 -2.529418165022172e-10 -3.222444448131579e-10 -4.014333193086907e-10 -4.900549636967944e-10 -5.873107951525971e-10 -6.920241964182165e-10 -8.026299883889383e-10 -9.171710331374037e-10 -1.033279964746176e-09 -1.148095588338566e-09 -1.258080238023085e-09 -1.358709436197202e-09 -1.444043306456084e-09 -1.506248957534414e-09 -1.535156708754068e-09 -1.517979435272356e-09 -1.439456205305580e-09 -1.283069837088592e-09 -1.034539818692451e-09 -6.889174524591721e-10 -2.611813040540256e-10 2.032394193110435e-10 6.254834575079539e-10 9.056586718483359e-10 9.520519774417154e-10 7.174208376551330e-10
-6.641218852622261e-05 -6.538661455296350e-04 -1.808715330715169e-04 6.806450366444452e-08 6.254699095302282e-08 5.574035688187552e-08 4.804856857524808e-08 3.998139191439220e-08 3.201691497629458e-08 2.451482181376855e-08 1.769426657817675e-08 1.165684413726021e-08 6.424897782751290e-09 1.974413292225991e-09 -1.744018684492007e-09 -4.793655787715185e-09 -7.244904153587202e-09 -9.170553129532583e-09 -1.064201161926147e-08 -1.172654905267254e-08 -1.248562872796237e-08 -1.297420560976379e-08 -1.324070627013580e-08 -1.332739228468392e-08 -1.327087588526163e-08 -1.310265341031625e-08 -1.284959312451985e-08 -1.253436795059725e-08 -1.217584284404351e-08 -1.178943426080969e-08 -1.138745492867175e-08 -1.097945186451047e-08 -1.057253989094464e-08 1.004249971565025e-06 8.824811651149770e-07 8.622289582157782e-07 8.360650365559479e-07 8.057063521394716e-07 7.725876238919511e-07 7.379239355143272e-07 7.024212431721600e-07 6.668151758828546e-07 6.312766681117627e-07 5.962779382000512e-07 5.619115114670510e-07 5.283432482403394e-07 4.960007558250507e-07 4.647929896327329e-07 4.349557004809712e-07 4.065791195763049e-07 3.796961099599490e-07 3.543623145708861e-07 3.304973964492436e-07 3.082759206255799e-07 2.874327601341100e-07 2.680980960695397e-07 2.501529789437807e-07 2.335475884018195e-07 2.181951308853029e-07 2.040595452111719e-07 1.910489377948899e-07 1.790695791858969e-07 1.681792686594325e-07 5.411953654194555e-08 4.800702041947272e-08 4.076151213462077e-08 3.358276104031120e-08 2.754961255461315e-08 2.337848740746953e-08 2.135076186117958e-08 2.139202403008600e-08 2.321813508883201e-08 2.646715427957111e-08 3.077958511352485e-08 3.583090846283831e-08 4.133761742291153e-08 4.705521403169538e-08 5.277666249428103e-08 5.833222483552659e-08 6.358914460192256e-08 6.844976372126152e-08 7.284786714792305e-08 7.674382630689990e-08 8.011932244715148e-08 8.297240692047137e-08 8.531321890626472e-08 8.716063141843798e-08 8.853968589604526e-08 8.947972025797403e-08 9.001298662633936e-08 9.017361268778262e-08 8.999677098441746e-08 8.951797821415954e-08
-6.883223354724177e-05 -6.747680360060014e-04 -1.875120700547657e-04 6.789921383881938e-08 6.389329208997407e-08 5.853873646327496e-08 5.198548246391799e-08 4.461269866644111e-08 3.690011511617592e-08 2.929809935104955e-08 2.214550000496804e-08 1.564851641745398e-08 9.902269763259024e-09 4.926963428216631e-09 6.989786928508335e-10 -2.829296244465734e-09 -5.718538341215061e-09 -8.036147164198598e-09 -9.851728932442883e-09 -1.123352550771348e-08 -1.224579588606480e-08 -1.294723505116927e-08 -1.339031088935131e-08 -1.362124990561928e-08 -1.368039004382067e-08 -1.360267811577018e-08 -1.341818321201128e-08 -1.315256666204563e-08 -1.282749668581975e-08 -1.246101776343767e-08 -1.206789129653279e-08 -1.165992065654528e-08 -1.124626839940965e-08 8.824811651149770e-07 9.804336287517263e-07 8.652537578344936e-07 8.457053650351545e-07 8.205019977893794e-07 7.912357095976883e-07 7.592078002705872e-07 7.257471364270594e-07 6.914405350894322e-07 6.569820554742257e-07 6.225939727154185e-07 5.885262001635045e-07 5.552188065270706e-07 5.226485055392703e-07 4.911257404815274e-07 4.607416687340903e-07 4.316741072250594e-07 4.039860820774208e-07 3.776462103244097e-07 3.529355703322020e-07 3.295634177698929e-07 3.076926038865831e-07 2.872721265866061e-07 2.682409891407067e-07 2.505379720014317e-07 2.341380476378802e-07 2.189374096974069e-07 2.049027948420540e-07 1.920572926283468e-07 1.800382996539375e-07 6.091803562331876e-08 5.740686748946757e-08 5.183434867583820e-08 4.510660194090804e-08 3.836446074257233e-08 3.264237420614908e-08 2.863630881857664e-08 2.663099617794170e-08 2.657193721579596e-08 2.820220256282946e-08 3.118721355165099e-08 3.519133889147204e-08 3.990946665274349e-08 4.507348060751062e-08 5.045091410167296e-08 5.584393143191371e-08 6.108955357279522e-08 6.605963337317460e-08 7.065928549853356e-08 7.482355344270001e-08 7.851292088128189e-08 8.170832417717157e-08 8.440647782398913e-08 8.661582610256107e-08 8.835331830376310e-08 8.964196448277860e-08 9.050904098657284e-08 9.098476057220033e-08 9.110127016523648e-08 9.089186968898321e-08
-7.117162208590438e-05 -6.946061461534988e-04 -1.939377548646966e-04 6.671227809763537e-08 6.390602861557070e-08 5.997616260504121e-08 5.478660138083530e-08 4.847741819507822e-08 4.140584099922189e-08 3.402470881477657e-08 2.675949518693732e-08 1.993037483934636e-08 1.373203118906282e-08 8.253957032647871e-09 3.514648449972782e-09 -5.089457496313329e-10 -3.862629091220822e-09 -6.604590460099369e-09 -8.799379907314530e-09 -1.051361512311125e-08 -1.181258384649481e-08 -1.275775269248246e-08 -1.340526313049796e-08 -1.380530407291929e-08 -1.400210258023994e-08 -1.403426387147814e-08 -1.393524958776592e-08 -1.373386882186011e-08 -1.345472592664640e-08 -1.311861368236984e-08 -1.274286184978158e-08 -1.234165710857968e-08 -1.192634969498387e-08 8.622289582157781e-07 8.652537578344936e-07 9.575104140611634e-07 8.485523828968639e-07 8.297162788483223e-07 8.053612734201429e-07 7.771680346717839e-07 7.462849816971693e-07 7.139678013266922e-07 6.808333789821923e-07 6.473445891504963e-07 6.140641709742134e-07 5.810513016836539e-07 5.486308178389095e-07 5.169585820076058e-07 4.862853650952483e-07 4.566767589758126e-07 4.282413089570353e-07 4.012663513345647e-07 3.755108067664297e-07 3.512402892894693e-07 3.283781438305942e-07 3.068972565846715e-07 2.868013509774842e-07 2.680550977895482e-07 2.505798089795207e-07 2.343531856781349e-07 2.193858511535986e-07 2.053766046527002e-07 1.926161175171938e-07 6.397534337364639e-08 6.333598993137482e-08 6.025146130041569e-08 5.514476270204453e-08 4.887138407565488e-08 4.251729106685944e-08 3.707474894637951e-08 3.321930642459740e-08 3.123726475738344e-08 3.109119552928383e-08 3.254830006954817e-08 3.529854266281981e-08 3.902784374851032e-08 4.344870658344175e-08 4.830700355112020e-08 5.338124497578847e-08 5.848201905999617e-08 6.345253880488247e-08 6.816886413100974e-08 7.253863294971098e-08 7.649800462708874e-08 8.000748035121160e-08 8.304723198509792e-08 8.561265356440628e-08 8.771052556519600e-08 8.935594349094228e-08 9.056998176658139e-08 9.137797296655098e-08 9.180825004667745e-08 9.189114351615229e-08
-7.342406022086912e-05 -7.133256685226768e-04 -2.001313706577089e-04 6.504095848059818e-08 6.293645870458802e-08 6.014020132983271e-08 5.629281969827672e-08 5.126453470406882e-08 4.518705327024241e-08 3.839799221935149e-08 3.132589445935641e-08 2.437366703685042e-08 1.784456334985245e-08 1.192287612427766e-08 6.693083690868776e-09 2.172242297495337e-09 -1.662074574606900e-09 -4.853925976467287e-09 -7.459147929679606e-09 -9.539619745679892e-09 -1.115917446425281e-08 -1.238036059039318e-08 -1.326206900646966e-08 -1.385810058036921e-08 -1.421656918850582e-08 -1.437989499917424e-08 -1.438512893822777e-08 -1.426440767781560e-08 -1.404541923653578e-08 -1.375182614403882e-08 -1.340363540107262e-08 -1.301752756407490e-08 -1.260715786477499e-08 8.360650365559478e-07 8.457053650351545e-07 8.485523828968639e-07 9.356292071398518e-07 8.323319045172461e-07 8.142053591006205e-07 7.907602857200499e-07 7.635816796300147e-07 7.338165134305750e-07 7.024608293207667e-07 6.704509168566227e-07 6.380500308152564e-07 6.057016115928930e-07 5.736403134581112e-07 5.421323504105987e-07 5.113064501150744e-07 4.813425690748155e-07 4.525299944012700e-07 4.247638266847667e-07 3.983170611255254e-07 3.731594819095088e-07 3.493646677807035e-07 3.269122575570447e-07 3.057997329724707e-07 2.860112465554121e-07 2.675152324887802e-07 2.503454848668873e-07 2.342147382669698e-07 2.193990767042896e-07 2.055840024162953e-07 6.378986245380548e-08 6.569355708745280e-08 6.534157547043296e-08 6.262033883612590e-08 5.792225408126031e-08 5.205581176832237e-08 4.605534942591478e-08 4.087271624966695e-08 3.716294754893298e-08 3.521225130430053e-08 3.499767866744157e-08 3.630777025403753e-08 3.885452657501311e-08 4.234334646413178e-08 4.650275907167469e-08 5.109144040429377e-08 5.589799125373468e-08 6.074076379492932e-08 6.546870544191754e-08 6.996177847066211e-08 7.412993138064735e-08 7.791034126450576e-08 8.126349759098125e-08 8.416881821195854e-08 8.662044283784515e-08 8.862359021852047e-08 9.019163117602303e-08 9.134387664139356e-08 9.210389195150455e-08 9.249831535292811e-08
-7.558380570111691e-05 -7.308793230834269e-04 -2.060771691187816e-04 6.343093632063138e-08 6.148903528887832e-08 5.935806843718165e-08 5.658132521309078e-08 5.281803762246781e-08 4.794480294176583e-08 4.208608259371311e-08 3.556176885022228e-08 2.877825614998090e-08 2.211781481773868e-08 1.586821204770442e-08 1.020424473185699e-08 5.205834533011115e-09 8.887669569030190e-10 -2.768759437459018e-09 -5.809153999776184e-09 -8.286050805534025e-09 -1.025884350311385e-08 -1.178878558459682e-08 -1.293590069467369e-08 -1.375671708381669e-08 -1.430290014037452e-08 -1.462068036333117e-08 -1.475084379003415e-08 -1.472903750443328e-08 -1.458619899519110e-08 -1.434899490083952e-08 -1.404022112103937e-08 -1.367915160772719e-08 -1.328185081302160e-08 8.057063521394716e-07 8.205019977893794e-07 8.297162788483224e-07 8.323319045172461e-07 9.146812665297117e-07 8.167064569331247e-07 7.992471037614365e-07 7.766928306367839e-07 7.503489491291338e-07 7.216518866042714e-07 6.913712311534835e-07 6.603063866842204e-07 6.288861580333667e-07 5.974909397135770e-07 5.663258306950881e-07 5.355872526854533e-07 5.056243414391061e-07 4.764029025054978e-07 4.481991625598947e-07 4.211122168846751e-07 3.952252587109674e-07 3.705627537740275e-07 3.472189916911028e-07 3.251560899354749e-07 3.043744778667803e-07 2.849674507714437e-07 2.666421486874675e-07 2.496945613168643e-07 2.338239430941486e-07 2.190250711973015e-07 6.119997118754503e-08 6.496902493207675e-08 6.702719558967162e-08 6.691314814515149e-08 6.450838358264117e-08 6.017706268805584e-08 5.468367821997600e-08 4.901372628181768e-08 4.408022003675067e-08 4.051763481962313e-08 3.861064577148196e-08 3.834854738277310e-08 3.953876203120740e-08 4.191312113423898e-08 4.519472526074289e-08 4.912676425604086e-08 5.347968672315489e-08 5.805143179340367e-08 6.266757008599453e-08 6.718237421047599e-08 7.147945554383129e-08 7.547092893554387e-08 7.909492134822505e-08 8.231192879514856e-08 8.510069265745588e-08 8.745421905738749e-08 8.937633854764165e-08 9.087888056004870e-08 9.197958650190559e-08 9.270048325301195e-08
-7.764568124585369e-05 -7.472274259613204e-04 -2.117609073176930e-04 6.230994060097111e-08 6.007941514937357e-08 5.810467886070689e-08 5.595790737658811e-08 5.320626174732306e-08 4.952657447597720e-08 4.480168562667647e-08 3.914963704848507e-08 3.287413368023539e-08 2.636121709588831e-08 1.997414552918964e-08 1.398640244775233e-08 8.564027225511413e-09 3.782749010157251e-09 -3.428007606717229e-10 -3.833826465628742e-09 -6.731197087909816e-09 -9.086502577146670e-09 -1.095683923083513e-08 -1.240108476794532e-08 -1.347694567906894e-08 -1.423878886882978e-08 -1.473632976035950e-08 -1.501407928396456e-08 -1.511132785417170e-08 -1.506243013594878e-08 -1.489721044226125e-08 -1.464137689403665e-08 -1.431690151923653e-08 -1.394235450719306e-08 7.725876238919511e-07 7.912357095976885e-07 8.053612734201429e-07 8.142053591006205e-07 8.167064569331247e-07 8.946952147446801e-07 8.016668097643523e-07 7.847104184887385e-07 7.630051521002370e-07 7.376111096873683e-07 7.098015716519120e-07 6.804856827763675e-07 6.503829583352986e-07 6.198841777805673e-07 5.892958771475451e-07 5.590397829679051e-07 5.290996710674658e-07 4.998101131686420e-07 4.713373535201128e-07 4.437699879070029e-07 4.172565801335203e-07 3.919013934848476e-07 3.677103620354674e-07 3.447772398493860e-07 3.231739554602176e-07 3.026412815085999e-07 2.835302893700966e-07 2.655354005065895e-07 2.486737505088043e-07 2.330340231109652e-07 5.708658339226765e-08 6.197134352277933e-08 6.578875272177121e-08 6.796614384816025e-08 6.805566214104495e-08 6.593442242263143e-08 6.194026227863799e-08 5.679632467186667e-08 5.144181039169017e-08 4.675241476975373e-08 4.334216966276817e-08 4.149304241409153e-08 4.120466333216909e-08 4.230125103266044e-08 4.453256915543101e-08 4.763786560503353e-08 5.137380915291472e-08 5.552173772470435e-08 5.988824816945663e-08 6.430565158744482e-08 6.863321586173224e-08 7.275798558711945e-08 7.659414871605197e-08 8.008078175418437e-08 8.317845860240929e-08 8.586539009122546e-08 8.813362001907367e-08 8.998578258829616e-08 9.143239770831733e-08 9.248982779422796e-08
-7.960508387361719e-05 -7.623379010894282e-04 -2.171698740255479e-04 6.192802499753702e-08 5.911428413745483e-08 5.686839415292814e-08 5.487068733702895e-08 5.271572068322594e-08 4.999302857673293e-08 4.639596629614701e-08 4.181333724466820e-08 3.635737078767669e-08 3.031685839343084e-08 2.405902051715365e-08 1.792950476202959e-08 1.218855155364305e-08 6.994076806261219e-09 2.417919939886950e-09 -1.526358723543606e-09 -4.859412758630820e-09 -7.620690674143773e-09 -9.859899776671420e-09 -1.163202393407980e-08 -1.299375896354247e-08 -1.400068324487601e-08 -1.470517614579211e-08 -1.515515448626951e-08 -1.539353442438433e-08 -1.545820947577752e-08 -1.538231644108452e-08 -1.519461994367549e-08 -1.491990881016336e-08 -1.457936037319183e-08 7.379239355143273e-07 7.592078002705872e-07 7.771680346717839e-07 7.907602857200499e-07 7.992471037614365e-07 8.016668097643523e-07 8.754998671888474e-07 7.870564677790120e-07 7.707326803761378e-07 7.497039542360786e-07 7.251521117535874e-07 6.982458756848787e-07 6.698328118730628e-07 6.405430006763806e-07 6.109747530235308e-07 5.812185758830385e-07 5.516793849901362e-07 5.225403736476453e-07 4.939478609264712e-07 4.661152387948318e-07 4.391527079619493e-07 4.131858345795436e-07 3.883187846422644e-07 3.646652477790234e-07 3.420581661970289e-07 3.208267083282889e-07 3.006980619321636e-07 2.817452185217408e-07 2.640491049204225e-07 2.474187203357747e-07 5.216783400101911e-08 5.754680751971722e-08 6.240699285072785e-08 6.625004072905316e-08 6.852446423936437e-08 6.879501604958839e-08 6.693479285702942e-08 6.325701354561765e-08 5.844590925995366e-08 5.339683284609135e-08 4.894968305743044e-08 4.569831303060985e-08 4.392110759661453e-08 4.362644781408195e-08 4.465354656613140e-08 4.676845442887098e-08 4.972521895166788e-08 5.329292097563807e-08 5.726300221403465e-08 6.145013686705574e-08 6.569295109680047e-08 6.985543974837178e-08 7.382793905353793e-08 7.752667362108483e-08 8.089173854708166e-08 8.388390666420233e-08 8.648102068770119e-08 8.867437915326912e-08 9.046560578090522e-08 9.186409964169785e-08
-8.145799029282351e-05 -7.761862359177426e-04 -2.222929055696831e-04 6.236593308996598e-08 5.883374060206928e-08 5.603662794332583e-08 5.378302043121176e-08 5.177004664532323e-08 4.961318178749424e-08 4.692282714744071e-08 4.340775315677876e-08 3.896236238783769e-08 3.369353176394501e-08 2.787622623029985e-08 2.186018690393790e-08 1.597468852357671e-08 1.046764707642889e-08 5.489409148134414e-09 1.108179586226379e-09 -2.663497103094441e-09 -5.845783719947876e-09 -8.476831319886211e-09 -1.060462057261623e-08 -1.228219206748454e-08 -1.356422779105788e-08 -1.450433369276616e-08 -1.515303664143976e-08 -1.555656638272209e-08 -1.575633204730900e-08 -1.578889621947361e-08 -1.568622845867623e-08 -1.547607324012259e-08 -1.518233363753177e-08 7.024212431721600e-07 7.257471364270594e-07 7.462849816971693e-07 7.635816796300144e-07 7.766928306367839e-07 7.847104184887385e-07 7.870564677790120e-07 8.571971483663214e-07 7.728792567371139e-07 7.570947297063164e-07 7.367659077622783e-07 7.129969954402736e-07 6.868445530363799e-07 6.593409172058861e-07 6.308859219332103e-07 6.020536156828127e-07 5.731288188877773e-07 5.443266896139449e-07 5.158774358942469e-07 4.879471374563941e-07 4.607243323175600e-07 4.343196978815299e-07 4.089613935252840e-07 3.844949994159081e-07 3.612884997763636e-07 3.391580254510137e-07 3.181585046011099e-07 2.983995786284958e-07 2.797459811699212e-07 2.622433434027122e-07 4.693372614209017e-08 5.238462613380071e-08 5.769510609161273e-08 6.251806212118425e-08 6.637489484510612e-08 6.873376583517012e-08 6.917118865387322e-08 6.755656612194470e-08 6.418012469583994e-08 5.968949246180022e-08 5.493853386870595e-08 5.073293354236782e-08 4.764678454080250e-08 4.595422653326718e-08 4.567106750339679e-08 4.664996950188626e-08 4.867179967566588e-08 5.150420688085212e-08 5.492775570208118e-08 5.874328590079391e-08 6.277304964773636e-08 6.686165101451855e-08 7.087761040818442e-08 7.471449018484874e-08 7.829056882589352e-08 8.154704747001637e-08 8.444506458252166e-08 8.696225029873619e-08 8.908933056835455e-08 9.082709912030200e-08
-8.320095841612666e-05 -7.887553827775551e-04 -2.271203913847759e-04 6.358279688486060e-08 5.931811303923311e-08 5.584027121146569e-08 5.306450594137637e-08 5.080952223953452e-08 4.878813262862562e-08 4.663527764590581e-08 4.398075532201983e-08 4.054766279080532e-08 3.623560797448157e-08 3.114648819804319e-08 2.554239673695206e-08 1.975678967769760e-08 1.410367366865924e-08 8.819457065482621e-09 4.047402366717120e-09 -1.477050247936211e-10 -3.754299548140196e-09 -6.792116836487195e-09 -9.298123580970064e-09 -1.131870797812940e-08 -1.290510568134004e-08 -1.411011557330568e-08 -1.498548760490726e-08 -1.557999417147602e-08 -1.593825646512877e-08 -1.610024000148967e-08 -1.610122798455561e-08 -1.597206717948564e-08 -1.573952461453005e-08 6.668151758828546e-07 6.914405350894322e-07 7.139678013266922e-07 7.338165134305751e-07 7.503489491291338e-07 7.630051521002370e-07 7.707326803761378e-07 7.728792567371139e-07 8.395368128846767e-07 7.591091378952063e-07 7.438181321192403e-07 7.240474655116446e-07 7.010707884683407e-07 6.756935030024230e-07 6.489033105304623e-07 6.212796414194503e-07 5.932002578046231e-07 5.649928922197209e-07 5.368900166134216e-07 5.090970950256709e-07 4.817790094415447e-07 4.552242885462229e-07 4.292871120969694e-07 4.044442104623052e-07 3.805245342871272e-07 3.576228723964725e-07 3.359319186191082e-07 3.153011660371913e-07 2.958046034582200e-07 2.774380524636654e-07 4.168209090376249e-08 4.695538329954948e-08 5.231443575880636e-08 5.755137380254489e-08 6.233313896692030e-08 6.619932405461492e-08 6.863634697471140e-08 6.923177190892724e-08 6.785165090035972e-08 6.476477614118012e-08 6.058442523557455e-08 5.612527537323021e-08 5.216037423007609e-08 4.924457865122478e-08 4.764730773991468e-08 4.739064985935526e-08 4.833936209613604e-08 5.028784782133732e-08 5.301628391307330e-08 5.631590547571138e-08 5.999635723243987e-08 6.388705458722911e-08 6.783833148298654e-08 7.172309583344483e-08 7.543809601042869e-08 7.890373147493227e-08 8.206239243181084e-08 8.487570648059786e-08 8.732124106205634e-08 8.938926264961514e-08
-8.483112509008217e-05 -8.000356079326894e-04 -2.316442694950977e-04 6.546998212817163e-08 6.053233143440491e-08 5.635917352988354e-08 5.293738897268385e-08 5.018714741840776e-08 4.793674561456904e-08 4.591356823020857e-08 4.377062269554073e-08 4.115571054065258e-08 3.780522660104603e-08 3.362359710400629e-08 2.870805586420945e-08 2.330867402901769e-08 1.774369228259149e-08 1.231283761333576e-08 7.241739106595968e-09 2.667005086953454e-09 -1.349810466607211e-09 -4.798087873652048e-09 -7.697185509987091e-09 -1.008297321459409e-08 -1.200034703429286e-08 -1.349883897691675e-08 -1.462945966495201e-08 -1.544218681663532e-08 -1.598411186938805e-08 -1.629831110349741e-08 -1.642336308208987e-08 -1.639332573037471e-08 -1.623797569530176e-08 6.312766681117627e-07 6.569820554742257e-07 6.808333789821923e-07 7.024608293207667e-07 7.216518866042714e-07 7.376111096873683e-07 7.497039542360786e-07 7.570947297063164e-07 7.591091378952063e-07 8.225127485028571e-07 7.456001129862039e-07 7.308247620677237e-07 7.116407829606685e-07 6.892636380711992e-07 6.646579165557306e-07 6.385963322797661e-07 6.116880197478881e-07 5.843211468770259e-07 5.567950358666985e-07 5.293387019261781e-07 5.022569610642076e-07 4.754579280654881e-07 4.494755038187911e-07 4.241475308171993e-07 3.996754653911464e-07 3.762624864531299e-07 3.537982199883975e-07 3.324372107531322e-07 3.121602011434104e-07 2.929651102997056e-07 3.658855817558177e-08 4.154553813903190e-08 4.671649159990638e-08 5.198425600519077e-08 5.714926854432254e-08 6.189131249864572e-08 6.576683606295143e-08 6.827929805980673e-08 6.902672404966655e-08 6.787223529791053e-08 6.506470927793095e-08 6.118521720133130e-08 5.701146540459027e-08 5.328543217253375e-08 5.054329583526421e-08 4.904940397237251e-08 4.883116702551959e-08 4.976424259207106e-08 5.165544955086589e-08 5.429657173649722e-08 5.748881650172031e-08 6.105015156473267e-08 6.481682047720023e-08 6.864467698143281e-08 7.241093769400493e-08 7.601549955505401e-08 7.938091202366163e-08 8.245083461950664e-08 8.518744975487289e-08 8.756834513649317e-08
-8.634620015941323e-05 -8.100242907590963e-04 -2.358580122365437e-04 6.789146028712098e-08 6.237651241825855e-08 5.756350607999083e-08 5.348088642709722e-08 5.011695057842881e-08 4.739645781751490e-08 4.515659221748591e-08 4.313824405716665e-08 4.101117963883765e-08 3.843991163154461e-08 3.517317655736331e-08 3.111984958017416e-08 2.637277274504849e-08 2.117075261227156e-08 1.581777500348673e-08 1.060017781082334e-08 5.733468709525209e-09 1.347994855472340e-09 -2.497740621199857e-09 -5.794017634300277e-09 -8.559840676319585e-09 -1.083003783806862e-08 -1.264808049369717e-08 -1.406186745532795e-08 -1.512069225281905e-08 -1.587282935737699e-08 -1.636375566271493e-08 -1.663506814284998e-08 -1.672402264705196e-08 -1.666351504558309e-08 5.962779382000512e-07 6.225939727154185e-07 6.473445891504963e-07 6.704509168566227e-07 6.913712311534835e-07 7.098015716519120e-07 7.251521117535874e-07 7.367659077622783e-07 7.438181321192403e-07 7.456001129862039e-07 8.060223015884906e-07 7.324417464922895e-07 7.180017940071396e-07 6.994079581435951e-07 6.776483310930458e-07 6.536986211659654e-07 6.283239357274996e-07 6.020927760336340e-07 5.753834140747588e-07 5.485904794653260e-07 5.216851605337303e-07 4.952164193319882e-07 4.690743478877827e-07 4.435173638492188e-07 4.187556612747698e-07 3.947829380015515e-07 3.717646720810731e-07 3.497198065308476e-07 3.287246293823636e-07 3.087348765404721e-07 3.176272124957579e-08 3.632412017505927e-08 4.117615298098407e-08 4.624939099686738e-08 5.143124596525420e-08 5.652967621350971e-08 6.123628169471040e-08 6.512321944334495e-08 6.770998797451447e-08 6.860461460929358e-08 6.766772222544133e-08 6.512972920057306e-08 6.154154491101473e-08 5.764598572153695e-08 5.415547481424888e-08 5.158812635500376e-08 5.020296195304288e-08 5.003191080139437e-08 5.096051723853740e-08 5.280704834688430e-08 5.537411974980092e-08 5.847231946832929e-08 6.192751443912543e-08 6.558251565421631e-08 6.929850124215828e-08 7.295688926919408e-08 7.646069210223246e-08 7.973458573712917e-08 8.272351596347780e-08 8.539025769352795e-08
-8.774445701145416e-05 -8.187256758756020e-04 -2.397566025967708e-04 7.070707181544303e-08 6.472408279338417e-08 5.936136609990186e-08 5.466982436925466e-08 5.067731795735805e-08 4.737343018848692e-08 4.468713937259215e-08 4.246384013425962e-08 4.045693447683979e-08 3.835173976320867e-08 3.582828842811252e-08 3.264677341896048e-08 2.872016669785069e-08 2.413715253530979e-08 1.912595405228146e-08 1.397717358579274e-08 8.964575367256103e-09 4.294157090864744e-09 9.038121507130440e-11 -3.591111879154989e-09 -6.741434093544408e-09 -9.379233068573626e-09 -1.153832348460442e-08 -1.326079843653906e-08 -1.459298068115097e-08 -1.558251130728487e-08 -1.627603242635930e-08 -1.671747993635233e-08 -1.694704563780221e-08 -1.700073582838434e-08 5.619115114670510e-07 5.885262001635045e-07 6.140641709742134e-07 6.380500308152564e-07 6.603063866842204e-07 6.804856827763675e-07 6.982458756848788e-07 7.129969954402736e-07 7.240474655116445e-07 7.308247620677237e-07 7.324417464922895e-07 7.899308119509889e-07 7.194939408370118e-07 7.054189128890334e-07 6.873066422389739e-07 6.661258359823819e-07 6.427943336335380e-07 6.180505490190357e-07 5.925463793990079e-07 5.663970701290091e-07 5.402371156304609e-07 5.140174820344457e-07 4.880128146807637e-07 4.624821695766875e-07 4.374754281714425e-07 4.131655892213415e-07 3.896713283610192e-07 3.670804083755108e-07 3.453859420833335e-07 3.248053477767938e-07 2.727696612543956e-08 3.139625841235349e-08 3.585532251951050e-08 4.060989814135644e-08 4.559325805308017e-08 5.069685666645363e-08 5.573553626231508e-08 6.041189883659972e-08 6.431285099661776e-08 6.697306282944868e-08 6.801019104040718e-08 6.728280400864311e-08 6.500420335720913e-08 6.169705022828639e-08 5.807125771479793e-08 5.481114429854186e-08 5.241740884666675e-08 5.114361363275021e-08 5.102554979287085e-08 5.195780416199964e-08 5.376926475753087e-08 5.627269294659370e-08 5.928756451538409e-08 6.264725508426902e-08 6.620086852390793e-08 6.981472768212578e-08 7.337430175714783e-08 7.678562951794600e-08 7.997546726008554e-08 8.289001741252776e-08
-8.902471977090976e-05 -8.261505813985147e-04 -2.433365016169877e-04 7.378372270133924e-08 6.744385787757798e-08 6.163483347193925e-08 5.641951448386554e-08 5.184715582018644e-08 4.794501810134605e-08 4.470381638025592e-08 4.205638760402872e-08 3.985570451202512e-08 3.786676263793396e-08 3.578931732141836e-08 3.331782056835384e-08 3.022310113487022e-08 2.642189652252701e-08 2.199894158797474e-08 1.717250102919367e-08 1.222060174598883e-08 7.405198803737930e-09 2.923363793443487e-09 -1.105954499324155e-09 -4.629781079101147e-09 -7.639975387800551e-09 -1.015480992746900e-08 -1.220710454149332e-08 -1.383761613110338e-08 -1.509115164176846e-08 -1.601377192677784e-08 -1.665056603525147e-08 -1.704401091586236e-08 -1.723297337158141e-08 5.283432482403394e-07 5.552188065270707e-07 5.810513016836539e-07 6.057016115928931e-07 6.288861580333669e-07 6.503829583352986e-07 6.698328118730628e-07 6.868445530363798e-07 7.010707884683407e-07 7.116407829606685e-07 7.180017940071396e-07 7.194939408370118e-07 7.742883736558714e-07 7.067121729508616e-07 6.929744168536687e-07 6.753125019037411e-07 6.546575663673032e-07 6.319944342642208e-07 6.077834017476503e-07 5.829047260368375e-07 5.574475788414100e-07 5.317699814374219e-07 5.061883327988951e-07 4.807693228694684e-07 4.557335391907250e-07 4.312534923005168e-07 4.074250276320133e-07 3.843377631834458e-07 3.622197809664966e-07 3.409461670021113e-07 2.317602492947541e-08 2.683068575757383e-08 3.085406702369451e-08 3.522018099304472e-08 3.988661254663993e-08 4.478898926979407e-08 4.982244827829954e-08 5.480822881152694e-08 5.945924637484461e-08 6.337633440927403e-08 6.610858556025944e-08 6.728293720757381e-08 6.675631892992082e-08 6.472618736072227e-08 6.168873818206855e-08 5.832286810488118e-08 5.528621747366165e-08 5.306275489926650e-08 5.190056330984351e-08 5.183877055755235e-08 5.278027065643728e-08 5.456387307888182e-08 5.701185972590725e-08 5.995210976864237e-08 6.322514985418968e-08 6.668607284567537e-08 7.020612199577318e-08 7.367465345416278e-08 7.700060386765140e-08 8.011273841279623e-08
-9.018634733769594e-05 -8.323160668082946e-04 -2.465956073590882e-04 7.700055230771957e-08 7.041075278436865e-08 6.426095406054758e-08 5.861990734941237e-08 5.354826616829288e-08 4.909367921976436e-08 4.528277151895910e-08 4.210723364499673e-08 3.950342083640799e-08 3.733129634088783e-08 3.536659946575507e-08 3.332249625703368e-08 3.090684479569892e-08 2.790035471759125e-08 2.422322852178535e-08 1.995645339727830e-08 1.530892655412683e-08 1.054686463995333e-08 5.921141592939742e-09 1.620464457425674e-09 -2.241367878637270e-09 -5.613848468496574e-09 -8.489498953981962e-09 -1.088619922103964e-08 -1.283579906490333e-08 -1.437777074476872e-08 -1.555547508730925e-08 -1.641347377177063e-08 -1.699538801653816e-08 -1.734231992079434e-08 4.960007558250507e-07 5.226485055392703e-07 5.486308178389095e-07 5.736403134581113e-07 5.974909397135770e-07 6.198841777805674e-07 6.405430006763806e-07 6.593409172058861e-07 6.756935030024229e-07 6.892636380711992e-07 6.994079581435951e-07 7.054189128890334e-07 7.067121729508616e-07 7.589758296611777e-07 6.940700538824310e-07 6.806271131602741e-07 6.634719043224640e-07 6.432477755552589e-07 6.211523832540948e-07 5.976050745611458e-07 5.732002654651639e-07 5.483859410828979e-07 5.233096944431823e-07 4.982477019381651e-07 4.733884911520880e-07 4.488743531414741e-07 4.248472554253118e-07 4.015427474667344e-07 3.789297549809514e-07 3.571292882645255e-07 1.947977658739467e-08 2.266901937664507e-08 2.623692229233490e-08 3.017481376995642e-08 3.445801477631691e-08 3.904571819225427e-08 4.387568473033509e-08 4.884646278676263e-08 5.378530263755620e-08 5.841485584932919e-08 6.234912672234700e-08 6.515095008375592e-08 6.645624952684986e-08 6.612069607907433e-08 6.432709792191875e-08 6.154688653706223e-08 5.842974548927645e-08 5.560804588708746e-08 5.354974169003260e-08 5.249747290321721e-08 5.249329727007465e-08 5.344775816704771e-08 5.520892148401811e-08 5.760802206522311e-08 6.048084917067292e-08 6.367469427902298e-08 6.705033421861685e-08 7.048367933174864e-08 7.386779183203050e-08 7.711438742289740e-08
-9.122921448118003e-05 -8.372450641952828e-04 -2.495332059965256e-04 8.025162917250002e-08 7.351079412016581e-08 6.712199852519982e-08 6.115556363567937e-08 5.567774277154543e-08 5.074704634163741e-08 4.640954024441947e-08 4.269117020776069e-08 3.958444979654129e-08 3.702893087803385e-08 3.489102073682864e-08 3.295641891800223e-08 3.095075934350941e-08 2.859438212983404e-08 2.567719790818720e-08 2.212261728845426e-08 1.800808944728413e-08 1.353371360845599e-08 8.954625164020315e-09 4.511309740533454e-09 3.846428890936127e-10 -3.316383434145648e-09 -6.543547612257310e-09 -9.289962326215920e-09 -1.157311140943076e-08 -1.342391163353610e-08 -1.488061274318704e-08 -1.598520601370653e-08 -1.678083740466674e-08 -1.730974490776258e-08 4.647929896327329e-07 4.911257404815274e-07 5.169585820076057e-07 5.421323504105987e-07 5.663258306950881e-07 5.892958771475450e-07 6.109747530235308e-07 6.308859219332103e-07 6.489033105304624e-07 6.646579165557306e-07 6.776483310930458e-07 6.873066422389739e-07 6.929744168536687e-07 6.940700538824312e-07 7.439362942365203e-07 6.816119632407412e-07 6.683787444350398e-07 6.516358143892255e-07 6.319760795908221e-07 6.102978292812552e-07 5.873644905290774e-07 5.635508799029581e-07 5.392597729027396e-07 5.147572136076006e-07 4.902394574144375e-07 4.658643476387313e-07 4.419118304853445e-07 4.184020849580130e-07 3.954642879289355e-07 3.733448408447840e-07 1.618668073970082e-08 1.892857627716777e-08 2.204188638760802e-08 2.553378125006193e-08 2.939634926464706e-08 3.360604385427496e-08 3.812350485023145e-08 4.288848145381756e-08 4.780273842854834e-08 5.269918512580203e-08 5.730969234071397e-08 6.126077194686373e-08 6.412837268324949e-08 6.555714866837227e-08 6.540189969312085e-08 6.383192344112457e-08 6.129552110701448e-08 5.841488993203766e-08 5.579847875907380e-08 5.389896856907335e-08 5.295362149023224e-08 5.300704318531864e-08 5.397684033473718e-08 5.571968427922271e-08 5.807518916856758e-08 6.088657838648929e-08 6.400750777149759e-08 6.730412818084499e-08 7.065678295770665e-08 7.396204537736319e-08
-9.215369022244183e-05 -8.409659768912919e-04 -2.521499156361306e-04 8.344737371355228e-08 7.664378669030860e-08 7.011032778919108e-08 6.391548935066005e-08 5.812699962901542e-08 5.280869359640830e-08 4.801699094725825e-08 4.379638704445128e-08 4.017209831259539e-08 3.713731300363779e-08 3.463447959503586e-08 3.253594729339935e-08 3.063666333653013e-08 2.867387840451072e-08 2.637958682143800e-08 2.355230143696993e-08 2.011843240629616e-08 1.615210993440018e-08 1.184518297680858e-08 7.442393600665334e-09 3.174485860293116e-09 -7.850034699135628e-10 -4.331580181316242e-09 -7.419151781365372e-09 -1.004137027005337e-08 -1.221533471787770e-08 -1.397107531030456e-08 -1.534568537744764e-08 -1.637986345086701e-08 -1.711541875576014e-08 4.349557004809712e-07 4.607416687340902e-07 4.862853650952483e-07 5.113064501150744e-07 5.355872526854533e-07 5.590397829679051e-07 5.812185758830385e-07 6.020536156828129e-07 6.212796414194503e-07 6.385963322797661e-07 6.536986211659654e-07 6.661258359823818e-07 6.753125019037412e-07 6.806271131602741e-07 6.816119632407412e-07 7.291573747492410e-07 6.691871807463127e-07 6.563064880553249e-07 6.398312192848896e-07 6.206890853054921e-07 5.995458119617374e-07 5.771066996826174e-07 5.538556109467662e-07 5.301107115579873e-07 5.061046606698853e-07 4.821690368744457e-07 4.583399999264772e-07 4.347902809893316e-07 4.118147402046748e-07 3.893447890531532e-07 1.327928315383269e-08 1.560581136917047e-08 1.828329724019502e-08 2.133120007142607e-08 2.475690203441033e-08 2.855312290843073e-08 3.269734341058607e-08 3.715155425614979e-08 4.185736061692520e-08 4.671957815234684e-08 5.157648643291720e-08 5.616870312084258e-08 6.013465752644424e-08 6.306287047555313e-08 6.460651653444400e-08 6.461992646868935e-08 6.325997427430619e-08 6.095336020742832e-08 5.829645263815198e-08 5.587504683002468e-08 5.412723321746900e-08 5.328498754058162e-08 5.339508578091528e-08 5.438161804664680e-08 5.610924779555438e-08 5.842540069190846e-08 6.118027009741924e-08 6.423350817010319e-08 6.745632652762072e-08 7.073327891937168e-08
-9.296061375212896e-05 -8.435122496931434e-04 -2.544476235207085e-04 8.651487493466585e-08 7.972476534170576e-08 7.313102923381466e-08 6.679785860080750e-08 6.079120478771175e-08 5.517628327718094e-08 5.001457505258092e-08 4.536044767082252e-08 4.125682908409654e-08 3.772815554645335e-08 3.476815293884618e-08 3.232189730850524e-08 3.026723335748312e-08 2.840772300540918e-08 2.649147853355187e-08 2.426141610327351e-08 2.152412716085684e-08 1.820885380104064e-08 1.438662624327668e-08 1.024155688239300e-08 6.008630658884662e-09 1.909440139166338e-09 -1.889373764047385e-09 -5.287542616671936e-09 -8.240972897618667e-09 -1.074382017820775e-08 -1.281281782416209e-08 -1.447715843847472e-08 -1.577284201649677e-08 -1.673934276611717e-08 4.065791195763049e-07 4.316741072250594e-07 4.566767589758126e-07 4.813425690748155e-07 5.056243414391061e-07 5.290996710674657e-07 5.516793849901362e-07 5.731288188877773e-07 5.932002578046231e-07 6.116880197478881e-07 6.283239357274997e-07 6.427943336335380e-07 6.546575663673032e-07 6.634719043224640e-07 6.683787444350398e-07 6.691871807463127e-07 7.147034785002355e-07 6.568209650280840e-07 6.442549581906652e-07 6.281705375073692e-07 6.094292483093990e-07 5.887932027144666e-07 5.668709365215395e-07 5.441044548120948e-07 5.209422005856743e-07 4.974927797008453e-07 4.739792640525403e-07 4.507111285926781e-07 4.276627377735556e-07 4.051119144093196e-07 1.073056701270838e-08 1.268173614675485e-08 1.495526756041589e-08 1.757822574531384e-08 2.056981034742629e-08 2.393755148439797e-08 2.767473190549676e-08 3.175976111786500e-08 3.615590402200693e-08 4.080653331787938e-08 4.561936670166731e-08 5.043781147945060e-08 5.501083911614530e-08 5.898828259002210e-08 6.197077988133576e-08 6.361986016705708e-08 6.378975933066822e-08 6.262597050215289e-08 6.053500767029300e-08 5.808892357937033e-08 5.585205854493957e-08 5.424852259697101e-08 5.350506094868951e-08 5.367027017284219e-08 5.467416007566724e-08 5.638880264002633e-08 5.866891747167499e-08 6.137121543996175e-08 6.436100045080716e-08 6.751428743196634e-08
-9.365126814496644e-05 -8.449219150416241e-04 -2.564294172984118e-04 8.939717052444280e-08 8.268438464855038e-08 7.610339053083346e-08 6.971261366943950e-08 6.357386186423298e-08 5.775061715859077e-08 5.230564689709163e-08 4.729812949762830e-08 4.278041127174335e-08 3.879385502375732e-08 3.536207670038761e-08 3.247922867407077e-08 3.009278906765347e-08 2.808571516158053e-08 2.626963090550467e-08 2.440284344405159e-08 2.223854173715932e-08 1.959093138017959e-08 1.639194135622180e-08 1.270970614268935e-08 8.721069479480263e-09 4.651835213987894e-09 7.149765309385654e-10 -2.929365811924789e-09 -6.184909317015090e-09 -9.009447373948355e-09 -1.139761193527068e-08 -1.336579017380090e-08 -1.494237986288179e-08 -1.616234131563979e-08 3.796961099599490e-07 4.039860820774208e-07 4.282413089570353e-07 4.525299944012700e-07 4.764029025054978e-07 4.998101131686420e-07 5.225403736476453e-07 5.443266896139449e-07 5.649928922197209e-07 5.843211468770259e-07 6.020927760336340e-07 6.180505490190357e-07 6.319944342642208e-07 6.432477755552589e-07 6.516358143892255e-07 6.563064880553249e-07 6.568209650280840e-07 7.004077801267016e-07 6.446240614695892e-07 6.322645038079925e-07 6.165485272589272e-07 5.982333867989773e-07 5.780277292863627e-07 5.566584737235821e-07 5.344357077780002e-07 5.116953436363688e-07 4.888158921655671e-07 4.658209734958572e-07 4.430028176309434e-07 4.204858907430626e-07 8.509437903585700e-09 1.012808281354337e-08 1.203699486915011e-08 1.426646454273017e-08 1.684300530840011e-08 1.978553397158763e-08 2.310166533934362e-08 2.678519214689684e-08 3.081539417694218e-08 3.515674189840983e-08 3.975431671857973e-08 4.451864396985129e-08 4.929806824355775e-08 5.384960181477684e-08 5.783403939010719e-08 6.086371857580754e-08 6.260840094821157e-08 6.292255833846015e-08 6.194122709266096e-08 6.005204871791047e-08 5.780412559095921e-08 5.574141901408588e-08 5.427462662122854e-08 5.362529628176977e-08 5.384351540648688e-08 5.486470842478367e-08 5.656779961366275e-08 5.881432423379347e-08 6.146712720654681e-08 6.439684080974770e-08
-9.422735214293018e-05 -8.452371196339809e-04 -2.580995110743655e-04 9.205174941785835e-08 8.546830996750631e-08 7.896135155820935e-08 7.258295226538213e-08 6.638936752581538e-08 6.044007736044347e-08 5.479615311251085e-08 4.951796923294759e-08 4.466244863130523e-08 4.027995177896559e-08 3.641029358319276e-08 3.307625483984931e-08 3.027233995929603e-08 2.794825155302519e-08 2.599173567293867e-08 2.422199527693287e-08 2.240693668006082e-08 2.030943332871391e-08 1.775087923150131e-08 1.466575050740948e-08 1.111946339782512e-08 7.282012687659072e-09 3.370540497446302e-09 -4.101183018136600e-10 -3.905964759764305e-09 -7.024485767265195e-09 -9.725259440134900e-09 -1.200336615326777e-08 -1.387486014923926e-08 -1.536737673846471e-08 3.543623145708861e-07 3.776462103244098e-07 4.012663513345647e-07 4.247638266847667e-07 4.481991625598946e-07 4.713373535201128e-07 4.939478609264712e-07 5.158774358942470e-07 5.368900166134217e-07 5.567950358666985e-07 5.753834140747588e-07 5.925463793990079e-07 6.077834017476503e-07 6.211523832540949e-07 6.319760795908221e-07 6.398312192848896e-07 6.442549581906651e-07 6.446240614695892e-07 6.863001957586804e-07 6.324898401782394e-07 6.203699900060719e-07 6.049507932837844e-07 5.871005783328719e-07 5.673852308235534e-07 5.464085011579323e-07 5.247420798378982e-07 5.025187079968704e-07 4.800973114027058e-07 4.576494943803231e-07 4.353122508678927e-07 6.584506866396338e-09 7.912622796005389e-09 9.498733998952964e-09 1.137319106940870e-08 1.356557311431448e-08 1.610181774132258e-08 1.900054495607009e-08 2.226942674563533e-08 2.590271798446569e-08 2.988053664077465e-08 3.416853748065811e-08 3.871348897474429e-08 4.342868737645684e-08 4.816727378650609e-08 5.269401923098319e-08 5.668030681769288e-08 5.974977278671774e-08 6.158025089289306e-08 6.202674565999745e-08 6.121463815168706e-08 5.951386251034488e-08 5.745182630795856e-08 5.555308622650915e-08 5.421545139854187e-08 5.365532792835813e-08 5.392398183922136e-08 5.496179329633996e-08 5.665406515178148e-08 5.886870520325423e-08 6.147434809445335e-08
-9.469095028744783e-05 -8.445036360195208e-04 -2.594631669826885e-04 9.444864082258082e-08 8.803585345533576e-08 8.165299373294505e-08 7.534583016418209e-08 6.916450329992974e-08 6.316313853102861e-08 5.739893618731900e-08 5.193061092169817e-08 4.681620245360939e-08 4.211043702796875e-08 3.786174432057220e-08 3.410843536786724e-08 3.087247236782836e-08 2.814867217547683e-08 2.588882459472504e-08 2.398518515520795e-08 2.226410106640536e-08 2.050253148371934e-08 1.847248579041309e-08 1.600214227625745e-08 1.302838249053738e-08 9.614055535878614e-09 5.922684711990707e-09 2.163223763484662e-09 -1.467190215719613e-09 -4.820369185542171e-09 -7.807365560296187e-09 -1.038944235744573e-08 -1.256209503608127e-08 -1.434104848293353e-08 3.304973964492436e-07 3.529355703322020e-07 3.755108067664297e-07 3.983170611255254e-07 4.211122168846751e-07 4.437699879070028e-07 4.661152387948317e-07 4.879471374563940e-07 5.090970950256709e-07 5.293387019261781e-07 5.485904794653260e-07 5.663970701290091e-07 5.829047260368375e-07 5.976050745611458e-07 6.102978292812551e-07 6.206890853054921e-07 6.281705375073692e-07 6.322645038079925e-07 6.324898401782394e-07 6.724061341683289e-07 6.204025414093401e-07 6.085687159248635e-07 5.935109764784674e-07 5.759680516687189e-07 5.567566315091819e-07 5.362672904971797e-07 5.150449812887023e-07 4.933660661375037e-07 4.714323157064104e-07 4.494205939751623e-07 4.926130095863677e-09 6.002820411175162e-09 7.306973161622351e-09 8.867115346292354e-09 1.071284551671008e-08 1.287304260495047e-08 1.537307374456077e-08 1.823124854184920e-08 2.145529181222865e-08 2.503991804718854e-08 2.896608591971229e-08 3.320066472536118e-08 3.769212479005637e-08 4.235650725937311e-08 4.705165757239870e-08 5.154983410289400e-08 5.553261979617072e-08 5.863456947285542e-08 6.054138087185154e-08 6.110880184376720e-08 6.045327509565643e-08 5.892806900749080e-08 5.704004727708289e-08 5.529528703376147e-08 5.407919144124891e-08 5.360309274728073e-08 5.391919587701493e-08 5.497241851035934e-08 5.665401929053287e-08 5.883790277971752e-08
-9.504450168674189e-05 -8.427703637562342e-04 -2.605266130328611e-04 9.656841706166552e-08 9.035820258687979e-08 8.413929504340576e-08 7.795153592836904e-08 7.183898140805478e-08 6.584985876035606e-08 6.003620062213268e-08 5.445297954487014e-08 4.915661905524220e-08 4.420290046386414e-08 3.964443602283072e-08 3.552780587393303e-08 3.188988703707564e-08 2.875186496847615e-08 2.610885190938608e-08 2.391460923692506e-08 2.206564796738028e-08 2.039505322308307e-08 1.868832185694900e-08 1.672607987099168e-08 1.434290309786266e-08 1.147793652301612e-08 8.191594630153347e-09 4.641274124274981e-09 1.028178343009093e-09 -2.457841294353497e-09 -5.674095173591073e-09 -8.535004277121501e-09 -1.100341487844688e-08 -1.307519901328732e-08 3.082759206255799e-07 3.295634177698929e-07 3.512402892894693e-07 3.731594819095089e-07 3.952252587109674e-07 4.172565801335203e-07 4.391527079619493e-07 4.607243323175600e-07 4.817790094415447e-07 5.022569610642076e-07 5.216851605337303e-07 5.402371156304609e-07 5.574475788414100e-07 5.732002654651638e-07 5.873644905290774e-07 5.995458119617374e-07 6.094292483093988e-07 6.165485272589272e-07 6.203699900060719e-07 6.204025414093401e-07 6.587143180919340e-07 6.084944296487349e-07 5.967963101665700e-07 5.821182940209016e-07 5.649798921926426e-07 5.461613815841288e-07 5.261869062921090e-07 5.054377128112738e-07 4.841916889140927e-07 4.627543727553124e-07 3.507088487616710e-09 4.367847060975826e-09 5.427943442340347e-09 6.713388180865929e-09 8.252013176089614e-09 1.007268102905303e-08 1.220357751514360e-08 1.466952363882324e-08 1.748854681698336e-08 2.066845235045984e-08 2.420446172617361e-08 2.807841116900798e-08 3.225841995216645e-08 3.669471202167467e-08 4.130603996811313e-08 4.595482810262000e-08 5.042056659380588e-08 5.439462267739582e-08 5.752205421481501e-08 5.949619917149667e-08 6.017369430072014e-08 5.966268074054063e-08 5.830073465358408e-08 5.657523097420446e-08 5.497463932012280e-08 5.387245760371592e-08 5.347502107874284e-08 5.383527490632462e-08 5.490232764334542e-08 5.657300211592406e-08
-9.529076770754137e-05 -8.400888246917938e-04 -2.612969579932523e-04 9.840033003362072e-08 9.241655166981809e-08 8.639248418666865e-08 8.036255452543140e-08 7.436509552058059e-08 6.844246325536915e-08 6.264100208437844e-08 5.701070239742300e-08 5.160437982836409e-08 4.647625591106269e-08 4.167995467759318e-08 3.726608012539503e-08 3.327946464376927e-08 2.975563535907406e-08 2.671505087312534e-08 2.415310710380276e-08 2.202542567269365e-08 2.023252843086812e-08 1.861385097694386e-08 1.696293876395141e-08 1.506854308026234e-08 1.277127174998064e-08 1.001239672211702e-08 6.850019925967532e-09 3.435735121506296e-09 -3.659247978979031e-11 -3.384006343112973e-09 -6.469015652031637e-09 -9.209219065452539e-09 -1.156894483134120e-08 2.874327601341100e-07 3.076926038865831e-07 3.283781438305942e-07 3.493646677807035e-07 3.705627537740275e-07 3.919013934848476e-07 4.131858345795436e-07 4.343196978815299e-07 4.552242885462229e-07 4.754579280654881e-07 4.952164193319882e-07 5.140174820344457e-07 5.317699814374218e-07 5.483859410828979e-07 5.635508799029581e-07 5.771066996826173e-07 5.887932027144666e-07 5.982333867989773e-07 6.049507932837844e-07 6.085687159248634e-07 6.084944296487349e-07 6.451525905153640e-07 5.966536138536845e-07 5.851951577814425e-07 5.707904145484402e-07 5.540864384801015e-07 5.356908054797252e-07 5.161199933342777e-07 4.958522844256887e-07 4.751169370635562e-07 2.302518363922756e-09 2.979232523240058e-09 3.829573327895764e-09 4.877017486225905e-09 6.146942905685496e-09 7.666492342820873e-09 9.463824601406675e-09 1.156647804983732e-08 1.399878059895362e-08 1.677855269346919e-08 1.991373996073786e-08 2.340012207629505e-08 2.722048510165895e-08 3.134422176075458e-08 3.572331782645130e-08 4.027920385720877e-08 4.487871451544874e-08 4.930827625040250e-08 5.326862887304593e-08 5.641489922776338e-08 5.844782528043042e-08 5.922506465099283e-08 5.884702146962423e-08 5.763648416209664e-08 5.606236298343812e-08 5.459634130511204e-08 5.360050348009236e-08 5.327630646753849e-08 5.367725844474069e-08 5.475634802723610e-08
-9.543279888093007e-05 -8.365126568759434e-04 -2.617821040767017e-04 9.994068223678882e-08 9.420035008818041e-08 8.839429133791325e-08 8.255203665610465e-08 7.670668477871061e-08 7.089506654793283e-08 6.515786578837231e-08 5.953959524947877e-08 5.408827860074381e-08 4.885467086514124e-08 4.389090344967374e-08 3.924856337719073e-08 3.497636378536780e-08 3.111749468117118e-08 2.770621519690971e-08 2.476229883003385e-08 2.228140467269749e-08 2.022090025540769e-08 1.848507980369735e-08 1.691936053033677e-08 1.532487640852329e-08 1.349804388519955e-08 1.128516293217633e-08 8.629509422119310e-09 5.586991792841897e-09 2.303709722123224e-09 -1.033416956695349e-09 -4.247955048637253e-09 -7.207326700334339e-09 -9.832124630421888e-09 2.680980960695397e-07 2.872721265866061e-07 3.068972565846716e-07 3.269122575570447e-07 3.472189916911028e-07 3.677103620354674e-07 3.883187846422645e-07 4.089613935252841e-07 4.292871120969694e-07 4.494755038187911e-07 4.690743478877827e-07 4.880128146807637e-07 5.061883327988951e-07 5.233096944431823e-07 5.392597729027396e-07 5.538556109467662e-07 5.668709365215395e-07 5.780277292863627e-07 5.871005783328719e-07 5.935109764784673e-07 5.967963101665700e-07 5.966536138536845e-07 6.318561700108387e-07 5.848966381085536e-07 5.737142037185111e-07 5.596169074050558e-07 5.432387061702794e-07 5.252753613545298e-07 5.061860207794656e-07 4.863637818406150e-07 1.289465401237372e-09 1.810822006655836e-09 2.482156553994337e-09 3.324740281722384e-09 4.361494018751145e-09 5.617186862549075e-09 7.118315736704327e-09 8.892394466787828e-09 1.096640437025798e-08 1.336426276451245e-08 1.610365957726171e-08 1.919277446700284e-08 2.262798360936154e-08 2.639305047534862e-08 3.045866120490216e-08 3.477851978904437e-08 3.927664721720379e-08 4.382410953748212e-08 4.821395145848267e-08 5.215587485999405e-08 5.531467055218980e-08 5.739822264847920e-08 5.826532311885165e-08 5.800919517603611e-08 5.693867940072125e-08 5.550519192841730e-08 5.416443830708877e-08 5.326755628141768e-08 5.301125130018295e-08 5.344945918213091e-08
-9.547390131006160e-05 -8.320971115140132e-04 -2.619906581883445e-04 1.011914551702934e-07 9.570576621290064e-08 9.013430009389464e-08 8.450216136617672e-08 7.883771261701281e-08 7.317273104887039e-08 6.754257535667699e-08 6.198631201974901e-08 5.654670069179872e-08 5.126989778319300e-08 4.620471361582632e-08 4.140131257111821e-08 3.690936714878646e-08 3.277581233438773e-08 2.904228887938674e-08 2.574185410445216e-08 2.289362384357344e-08 2.049348957799541e-08 1.850044907164790e-08 1.682234141777868e-08 1.531021919881165e-08 1.377237763580995e-08 1.201247501060220e-08 9.882193541948092e-09 7.326706810203994e-09 4.399849978665908e-09 1.242524195595498e-09 -1.964923256629647e-09 -5.052230332494644e-09 -7.891461822014515e-09 2.501529789437807e-07 2.682409891407067e-07 2.868013509774842e-07 3.057997329724707e-07 3.251560899354749e-07 3.447772398493860e-07 3.646652477790234e-07 3.844949994159081e-07 4.044442104623052e-07 4.241475308171993e-07 4.435173638492188e-07 4.624821695766875e-07 4.807693228694684e-07 4.982477019381651e-07 5.147572136076006e-07 5.301107115579873e-07 5.441044548120948e-07 5.566584737235821e-07 5.673852308235534e-07 5.759680516687189e-07 5.821182940209016e-07 5.851951577814425e-07 5.848966381085536e-07 6.187675204406607e-07 5.733119793055981e-07 5.623031563218821e-07 5.485267915816010e-07 5.325543814576136e-07 5.149884045436575e-07 4.963097884833558e-07 4.464972944041840e-10 8.383945640120741e-10 1.358306932023940e-09 2.025694024428859e-09 2.861338037522508e-09 3.887635588806505e-09 5.128797005890588e-09 6.610760458997431e-09 8.360481579804850e-09 1.040447411728885e-08 1.276635912459677e-08 1.546375763267676e-08 1.850513106320555e-08 2.188748672226637e-08 2.559554077384930e-08 2.960123591891578e-08 3.385993290901189e-08 3.829812057239531e-08 4.279090558173201e-08 4.713765818781103e-08 5.105663413196411e-08 5.422190363474120e-08 5.634828854516234e-08 5.729581099916522e-08 5.715103735994885e-08 5.620967552164416e-08 5.490655303194248e-08 5.368216413363636e-08 5.287716613176986e-08 5.268363712489913e-08
-9.541760286298497e-05 -8.268985572350927e-04 -2.619318424846877e-04 1.021591662352578e-07 9.693438977423303e-08 9.160849977921560e-08 8.620258804249385e-08 8.074073592921673e-08 7.525014939967661e-08 6.976131984323758e-08 6.430819274847387e-08 5.892829784489959e-08 5.366274125405042e-08 4.855592377903599e-08 4.365482945527501e-08 3.900777356929220e-08 3.466262301602182e-08 3.066462932531246e-08 2.705395905773471e-08 2.386251732235021e-08 2.110877811635382e-08 1.878883049824535e-08 1.686319127842831e-08 1.524303325366623e-08 1.378472708914506e-08 1.230333837210262e-08 1.060938202221583e-08 8.559643822663099e-09 6.101104403470595e-09 3.285644848207445e-09 2.492493843449042e-10 -2.833955575693764e-09 -5.799548337895432e-09 2.335475884018195e-07 2.505379720014317e-07 2.680550977895482e-07 2.860112465554121e-07 3.043744778667803e-07 3.231739554602176e-07 3.420581661970289e-07 3.612884997763636e-07 3.805245342871272e-07 3.996754653911464e-07 4.187556612747698e-07 4.374754281714425e-07 4.557335391907250e-07 4.733884911520880e-07 4.902394574144375e-07 5.061046606698853e-07 5.209422005856742e-07 5.344357077780002e-07 5.464085011579323e-07 5.567566315091819e-07 5.649798921926426e-07 5.707904145484402e-07 5.737142037185111e-07 5.733119793055981e-07 6.058304203212891e-07 5.618277387410812e-07 5.510783281849372e-07 5.375918955058668e-07 5.219568774432331e-07 5.047893160221906e-07 -2.465638998909532e-10 3.928966194478528e-11 4.326245452880788e-10 9.513946834031159e-10 1.614621010767644e-09 2.442634760548225e-09 3.457384170173474e-09 4.682598684803876e-09 6.143743189181148e-09 7.867332844658999e-09 9.879486991122455e-09 1.220359707976453e-08 1.485727210097665e-08 1.784925010436349e-08 2.117714751679910e-08 2.482659079843833e-08 2.877070516944851e-08 3.296642830090236e-08 3.734260821632742e-08 4.177819166886891e-08 4.607859845159651e-08 4.997028972135172e-08 5.313624838321018e-08 5.529804315666014e-08 5.631704099807809e-08 5.627363094354999e-08 5.545115131756374e-08 5.426870934665794e-08 5.315230611722864e-08 5.243254998099423e-08
-9.526761942692534e-05 -8.209739957748657e-04 -2.616154049754055e-04 1.028539125643348e-07 9.789214975840748e-08 9.281806104201460e-08 8.764909441714351e-08 8.240545290986929e-08 7.711021453634985e-08 7.178947085094564e-08 6.647249046721929e-08 6.119188724225372e-08 5.598374837399357e-08 5.088762968494839e-08 4.594628360616316e-08 4.120497291042331e-08 3.671026321404889e-08 3.250830544444618e-08 2.864274370509251e-08 2.515233040918518e-08 2.206785830615621e-08 1.940717052150817e-08 1.716652157415364e-08 1.530784856109014e-08 1.374546817347252e-08 1.234078281284107e-08 1.091527463360556e-08 9.285965002305440e-09 7.314491042281367e-09 4.949562238195501e-09 2.241220935363820e-09 -6.792004018275654e-10 -3.643467027716975e-09 2.181951308853029e-07 2.341380476378803e-07 2.505798089795207e-07 2.675152324887802e-07 2.849674507714437e-07 3.026412815085999e-07 3.208267083282889e-07 3.391580254510137e-07 3.576228723964725e-07 3.762624864531299e-07 3.947829380015515e-07 4.131655892213415e-07 4.312534923005169e-07 4.488743531414741e-07 4.658643476387313e-07 4.821690368744457e-07 4.974927797008453e-07 5.116953436363688e-07 5.247420798378982e-07 5.362672904971797e-07 5.461613815841288e-07 5.540864384801015e-07 5.596169074050558e-07 5.623031563218821e-07 5.618277387410812e-07 5.931556993409559e-07 5.505147988889135e-07 5.399620193643620e-07 5.267703052526300e-07 5.115238020121934e-07 -8.086993690515789e-10 -6.078166958056321e-10 -3.186396257327056e-10 7.543496745446884e-11 5.919573001067410e-10 1.249575266123845e-09 2.068235750184399e-09 3.069513080663727e-09 4.276764977792143e-09 5.715051935250947e-09 7.410518008812362e-09 9.388955926150478e-09 1.167354040197625e-08 1.428186793276837e-08 1.722293047036618e-08 2.049489489509172e-08 2.408423748249038e-08 2.796520411197551e-08 3.209621365033831e-08 3.640837080682293e-08 4.078431038145382e-08 4.503523971171869e-08 4.889550722304841e-08 5.205669305631949e-08 5.424692303938021e-08 5.532901210048216e-08 5.537763376241831e-08 5.466446293234579e-08 5.359368710222273e-08 5.257749017740295e-08
-9.502782149120547e-05 -8.143805929647944e-04 -2.610515308757998e-04 1.032885597113450e-07 9.858840883427063e-08 9.376831455465856e-08 8.884242375191890e-08 8.382742337717222e-08 7.874265609278645e-08 7.361024510220708e-08 6.845523375960247e-08 6.330574587515212e-08 5.819315018147205e-08 5.315218231849485e-08 4.822093861510368e-08 4.344061248485133e-08 3.885483133261252e-08 3.450849142576997e-08 3.044610125264376e-08 2.670976189832886e-08 2.333686372037469e-08 2.035712444704366e-08 1.778777120248169e-08 1.562520074588490e-08 1.383268753500012e-08 1.232752567347345e-08 1.097589136350164e-08 9.605361326017451e-09 8.039143430609408e-09 6.143495221660848e-09 3.868784585995919e-09 1.263323842735721e-09 -1.545959580662900e-09 2.040595452111719e-07 2.189374096974069e-07 2.343531856781349e-07 2.503454848668873e-07 2.666421486874675e-07 2.835302893700966e-07 3.006980619321636e-07 3.181585046011099e-07 3.359319186191082e-07 3.537982199883975e-07 3.717646720810731e-07 3.896713283610192e-07 4.074250276320132e-07 4.248472554253118e-07 4.419118304853445e-07 4.583399999264772e-07 4.739792640525403e-07 4.888158921655670e-07 5.025187079968705e-07 5.150449812887023e-07 5.261869062921090e-07 5.356908054797252e-07 5.432387061702794e-07 5.485267915816010e-07 5.510783281849372e-07 5.505147988889135e-07 5.806606831645394e-07 5.393304297642051e-07 5.290306631033742e-07 5.161335728225957e-07 -1.257600996565591e-09 -1.122945972923488e-09 -9.177799544699017e-10 -6.268220124837556e-10 -2.338267120345990e-10 2.784113153253571e-10 9.282318740887489e-10 1.735296352962443e-09 2.720863644397755e-09 3.907980861507378e-09 5.321368184682147e-09 6.986814140246016e-09 8.929795095189141e-09 1.117326413098517e-08 1.373476791303816e-08 1.662351168350484e-08 1.983816694336651e-08 2.336598358525221e-08 2.718227062966069e-08 3.124687528975892e-08 3.549306047884938e-08 3.980701662686018e-08 4.400552409062364e-08 4.783051291744694e-08 5.098186322438783e-08 5.319409265385292e-08 5.433154807377886e-08 5.446360032662505e-08 5.385091766571758e-08 5.288351832564553e-08
-9.470220131468660e-05 -8.071752286787432e-04 -2.602507553886788e-04 1.034780434979359e-07 9.903519532411464e-08 9.446789640441424e-08 8.978732319655806e-08 8.500698251677839e-08 8.014283662179139e-08 7.521342132808436e-08 7.023996956123583e-08 6.524654864907554e-08 6.026021337539434e-08 5.531116246892001e-08 5.043285410366655e-08 4.566199765997723e-08 4.103829837569602e-08 3.660381824606863e-08 3.240185253305002e-08 2.847533189934032e-08 2.486487461556292e-08 2.160656217458435e-08 1.872907876366140e-08 1.624905841776937e-08 1.416302884652327e-08 1.243553351937897e-08 1.098669665865701e-08 9.687234517142879e-09 8.370522558073774e-09 6.865659240885671e-09 5.043308051024743e-09 2.855428592143674e-09 3.487016795864311e-10 1.910489377948898e-07 2.049027948420540e-07 2.193858511535986e-07 2.342147382669698e-07 2.496945613168644e-07 2.655354005065895e-07 2.817452185217408e-07 2.983995786284958e-07 3.153011660371913e-07 3.324372107531322e-07 3.497198065308476e-07 3.670804083755108e-07 3.843377631834458e-07 4.015427474667344e-07 4.184020849580130e-07 4.347902809893316e-07 4.507111285926781e-07 4.658209734958572e-07 4.800973114027058e-07 4.933660661375037e-07 5.054377128112738e-07 5.161199933342777e-07 5.252753613545299e-07 5.325543814576136e-07 5.375918955058668e-07 5.399620193643620e-07 5.393304297642051e-07 5.684171901300115e-07 5.283453541805582e-07 5.182143885670829e-07 -1.609477213982294e-09 -1.524713076675807e-09 -1.385655110649390e-09 -1.178397898645543e-09 -8.880122922749479e-10 -4.985505176733431e-10 6.940175121848081e-12 6.465412873429642e-10 1.439680274980296e-09 2.407355518270413e-09 3.572311758585512e-09 4.958936155899500e-09 6.592660247511188e-09 8.498617608969261e-09 1.069951686970745e-08 1.321283034912220e-08 1.604792028782886e-08 1.920392168248644e-08 2.266882482805171e-08 2.641894649545419e-08 3.041552354414684e-08 3.459391677180854e-08 3.884374222438813e-08 4.298715315811612e-08 4.677339038137962e-08 4.991034481062118e-08 5.213875065405681e-08 5.332455658467369e-08 5.353221135579775e-08 5.301197897616364e-08
-9.429484092031116e-05 -7.994140691181814e-04 -2.592238785599348e-04 1.034387630419339e-07 9.924654278274934e-08 9.492802371641220e-08 9.049173687007080e-08 8.594833443393140e-08 8.131072580783376e-08 7.659420179746261e-08 7.181655167469036e-08 6.699818123532064e-08 6.216224339364164e-08 5.733478368461986e-08 5.254488863538284e-08 4.782479547020877e-08 4.320988406344873e-08 3.873843093256758e-08 3.445099390465640e-08 3.038933108158262e-08 2.659486016088048e-08 2.310677940894754e-08 1.995992011824529e-08 1.718198198917484e-08 1.478903631025657e-08 1.277773918754673e-08 1.111384625065913e-08 9.720179146635324e-09 8.471778880639458e-09 7.207544725602006e-09 5.762188525589609e-09 4.010576220104108e-09 1.906191943105078e-09 1.790695791858969e-07 1.920572926283468e-07 2.053766046527002e-07 2.193990767042896e-07 2.338239430941485e-07 2.486737505088043e-07 2.640491049204225e-07 2.797459811699212e-07 2.958046034582200e-07 3.121602011434104e-07 3.287246293823637e-07 3.453859420833335e-07 3.622197809664966e-07 3.789297549809514e-07 3.954642879289355e-07 4.118147402046748e-07 4.276627377735556e-07 4.430028176309434e-07 4.576494943803231e-07 4.714323157064104e-07 4.841916889140927e-07 4.958522844256887e-07 5.061860207794656e-07 5.149884045436575e-07 5.219568774432330e-07 5.267703052526300e-07 5.290306631033742e-07 5.283453541805582e-07 5.563511419779352e-07 5.174950048806863e-07 -1.878835660160110e-09 -1.830130775550642e-09 -1.741558051233965e-09 -1.600745116586394e-09 -1.394102573137044e-09 -1.106962633322876e-09 -7.236295979354277e-10 -2.273576769659516e-10 3.997240086471662e-10 1.176808905032762e-09 2.124634348564022e-09 3.265635458004317e-09 4.623838093478117e-09 6.224298195731472e-09 8.091793353792107e-09 1.024874906598545e-08 1.271254323210881e-08 1.549268178303912e-08 1.858872424635085e-08 2.198938200775232e-08 2.567196050233350e-08 2.959904470205435e-08 3.370803861586622e-08 3.789187928484538e-08 4.197789715702844e-08 4.572237232365729e-08 4.884092835112141e-08 5.108034470491662e-08 5.230822034719720e-08 5.258441071446309e-08
-9.380988114420774e-05 -7.911521645209068e-04 -2.579818828127994e-04 1.031880516054371e-07 9.923791660120665e-08 9.516186978853515e-08 9.096612199196969e-08 8.665878838732839e-08 8.225004031927680e-08 7.775223988084388e-08 7.318005891598014e-08 6.855059050591351e-08 6.388346112308558e-08 5.920095431116745e-08 5.452814939511177e-08 4.989306430945571e-08 4.532676137570954e-08 4.086334049884942e-08 3.653970501333608e-08 3.239497028593158e-08 2.846942346030706e-08 2.480303882703887e-08 2.143366362475922e-08 1.839494267226448e-08 1.571364496242598e-08 1.340531431285502e-08 1.146673767319391e-08 9.864832778714394e-09 8.524996258374332e-09 7.326392139862159e-09 6.113183641637299e-09 4.725432010749639e-09 3.042010110555566e-09 1.681792686594325e-07 1.800382996539375e-07 1.926161175171938e-07 2.055840024162953e-07 2.190250711973014e-07 2.330340231109652e-07 2.474187203357747e-07 2.622433434027122e-07 2.774380524636655e-07 2.929651102997057e-07 3.087348765404721e-07 3.248053477767938e-07 3.409461670021113e-07 3.571292882645255e-07 3.733448408447840e-07 3.893447890531532e-07 4.051119144093196e-07 4.204858907430626e-07 4.353122508678927e-07 4.494205939751623e-07 4.627543727553125e-07 4.751169370635562e-07 4.863637818406150e-07 4.963097884833557e-07 5.047893160221906e-07 5.115238020121934e-07 5.161335728225957e-07 5.182143885670830e-07 5.174950048806863e-07 5.445598601970585e-07 -2.078292150620255e-09 -2.054375399732786e-09 -2.003060730806102e-09 -1.913590149405153e-09 -1.773872990976111e-09 -1.570590019003608e-09 -1.289290546816611e-09 -9.144861865181656e-10 -4.296429452022093e-10 1.828930414861463e-10 9.420674805145814e-10 1.868322156462884e-09 2.983759646684851e-09 4.312030718679661e-09 5.877781791016209e-09 7.705425819396444e-09 9.817109312225445e-09 1.223009727363925e-08 1.495403952680287e-08 1.798891737716777e-08 2.132414068617291e-08 2.493798820924444e-08 2.879437206103599e-08 3.283268104747487e-08 3.694905917513855e-08 4.097582592199515e-08 4.467604164822092e-08 4.777278621613312e-08 5.001869479887081e-08 5.128304431004399e-08
5.529112144317639e-07 1.676894348585557e-05 1.300177550722251e-04 4.454630460518973e-09 5.831543670989686e-09 6.223048977404933e-09 5.779133021360129e-09 4.794304218834938e-09 3.582767115758145e-09 2.388107378288827e-09 1.351130371264821e-09 5.239849027591548e-10 -9.668953982565103e-11 -5.393863468964620e-10 -8.387233467392163e-10 -1.026664426852910e-09 -1.129734628684688e-09 -1.168868685192986e-09 -1.160190730028074e-09 -1.116080228405579e-09 -1.046219246742515e-09 -9.584454306779469e-10 -8.593253137430316e-10 -7.544552486870152e-10 -6.485791818256899e-10 -5.456044423107031e-10 -4.486106728979843e-10 -3.598796082067287e-10 -2.809653472039286e-10 -2.127926372282835e-10 -1.557683365013687e-10 -1.098865352621432e-10 -7.481453750918550e-11 5.411953654194555e-08 6.091803562331876e-08 6.397534337364641e-08 6.378986245380549e-08 6.119997118754503e-08 5.708658339226765e-08 5.216783400101911e-08 4.693372614209016e-08 4.168209090376249e-08 3.658855817558177e-08 3.176272124957580e-08 2.727696612543956e-08 2.317602492947541e-08 1.947977658739467e-08 1.618668073970082e-08 1.327928315383269e-08 1.073056701270838e-08 8.509437903585698e-09 6.584506866396343e-09 4.926130095863680e-09 3.507088487616712e-09 2.302518363922755e-09 1.289465401237372e-09 4.464972944041832e-10 -2.465638998909532e-10 -8.086993690515797e-10 -1.257600996565591e-09 -1.609477213982294e-09 -1.878835660160107e-09 -2.078292150620255e-09 7.359183775802075e-07 5.409727046050713e-07 5.341716384863562e-07 5.209717367070779e-07 5.032318551284526e-07 4.824243121156021e-07 4.598407403721656e-07 4.360978961338366e-07 4.120489513999674e-07 3.876548772586471e-07 3.634884154584301e-07 3.394799237623698e-07 3.157158039486014e-07 2.927875970022323e-07 2.703802612038466e-07 2.488064173135648e-07 2.281515744612650e-07 2.084334007983189e-07 1.897425463842971e-07 1.719503243485064e-07 1.554135321222041e-07 1.397101632551486e-07 1.251506071703870e-07 1.116023101704697e-07 9.906976640107501e-08 8.749578512617190e-08 7.691904167145014e-08 6.728029830520331e-08 5.851619959186601e-08 5.083879961347429e-08
6.122437924829342e-07 1.849366766776659e-05 1.428924076403961e-04 2.355994316093627e-09 4.449344802570074e-09 5.686518675664186e-09 5.989031275100614e-09 5.504997960690878e-09 4.517368252097932e-09 3.325686849967410e-09 2.160949852880094e-09 1.155706380353630e-09 3.579751090986732e-10 -2.369646166527985e-10 -6.575727164213185e-10 -9.379390680665182e-10 -1.109452722422782e-09 -1.198172335149905e-09 -1.224703555368312e-09 -1.204962356221010e-09 -1.151201952394999e-09 -1.073020530107252e-09 -9.781796138598784e-10 -8.731618377557405e-10 -7.634612687594843e-10 -6.537040070684025e-10 -5.476756868957542e-10 -4.483348985705704e-10 -3.578507343741503e-10 -2.776756699607106e-10 -2.086428973465949e-10 -1.510747001025036e-10 -1.048875579135768e-10 4.800702041947272e-08 5.740686748946757e-08 6.333598993137482e-08 6.569355708745280e-08 6.496902493207675e-08 6.197134352277933e-08 5.754680751971722e-08 5.238462613380071e-08 4.695538329954948e-08 4.154553813903190e-08 3.632412017505927e-08 3.139625841235349e-08 2.683068575757383e-08 2.266901937664506e-08 1.892857627716777e-08 1.560581136917047e-08 1.268173614675485e-08 1.012808281354337e-08 7.912622796005393e-09 6.002820411175162e-09 4.367847060975826e-09 2.979232523240058e-09 1.810822006655837e-09 8.383945640120737e-10 3.928966194478569e-11 -6.078166958056321e-10 -1.122945972923488e-09 -1.524713076675807e-09 -1.830130775550642e-09 -2.054375399732786e-09 5.409727046050713e-07 7.344515799554729e-07 5.500434115707266e-07 5.427371685157778e-07 5.291461947755299e-07 5.110033340347448e-07 4.896320757752412e-07 4.666057220682102e-07 4.423813550479010e-07 4.177830196209476e-07 3.929003814352725e-07 3.679318951108220e-07 3.434585392954576e-07 3.192465395314177e-07 2.956913370819054e-07 2.728204823050952e-07 2.508498085418853e-07 2.298218812491398e-07 2.096393295537365e-07 1.907999692057370e-07 1.727915265705777e-07 1.559449365054725e-07 1.402170894758739e-07 1.255638424154803e-07 1.119495482994987e-07 9.941179584563104e-08 8.785229756739326e-08 7.730232158752160e-08 6.790020265175532e-08 5.908607724405867e-08
6.752720036132215e-07 2.031295694406812e-05 1.563848482548340e-04 3.872311034133618e-11 2.482681042468505e-09 4.408820081074969e-09 5.516564656621727e-09 5.738258931218990e-09 5.219749341672345e-09 4.232846827439176e-09 3.063203727144803e-09 1.929941671401474e-09 9.578203164827756e-10 1.909290325286547e-10 -3.767919197383448e-10 -7.738386078462006e-10 -1.033868028212970e-09 -1.187771065099424e-09 -1.261190564350815e-09 -1.274424941736218e-09 -1.243176706087776e-09 -1.179547680906639e-09 -1.093019768871184e-09 -9.912445411711599e-10 -8.805864497081413e-10 -7.664131471201523e-10 -6.532155285624981e-10 -5.446430314382085e-10 -4.435225842655969e-10 -3.518987953937532e-10 -2.711067279794817e-10 -2.018709342589501e-10 -1.444064845750684e-10 4.076151213462077e-08 5.183434867583820e-08 6.025146130041569e-08 6.534157547043298e-08 6.702719558967162e-08 6.578875272177121e-08 6.240699285072785e-08 5.769510609161273e-08 5.231443575880636e-08 4.671649159990638e-08 4.117615298098407e-08 3.585532251951050e-08 3.085406702369451e-08 2.623692229233491e-08 2.204188638760802e-08 1.828329724019502e-08 1.495526756041589e-08 1.203699486915011e-08 9.498733998952964e-09 7.306973161622351e-09 5.427943442340349e-09 3.829573327895764e-09 2.482156553994337e-09 1.358306932023941e-09 4.326245452880762e-10 -3.186396257327060e-10 -9.177799544699026e-10 -1.385655110649390e-09 -1.741558051233966e-09 -2.003060730806102e-09 5.341716384863562e-07 5.500434115707266e-07 7.322457566640698e-07 5.575669270366369e-07 5.496980165369393e-07 5.355043795950181e-07 5.169709390229333e-07 4.952238591211990e-07 4.717720121909764e-07 4.471786208055480e-07 4.218871131972073e-07 3.966304418104134e-07 3.712874526017619e-07 3.462495273079101e-07 3.216232456007549e-07 2.977078589395832e-07 2.744948725214108e-07 2.520800192768853e-07 2.309147092087128e-07 2.105226809486877e-07 1.913721060751235e-07 1.733321101012242e-07 1.563835478021416e-07 1.405766772195336e-07 1.259037347117731e-07 1.122886132502414e-07 9.976267871823112e-08 8.842527768528892e-08 7.781380566554458e-08 6.853678034377218e-08
7.420004404584174e-07 2.222500573773131e-05 1.704686294017993e-04 -2.071585624396588e-09 2.856463276719195e-10 2.559154515230370e-09 4.330399513193346e-09 5.320355332755363e-09 5.470734147465390e-09 4.924673090129766e-09 3.943181273997321e-09 2.798700613338294e-09 1.699130795173707e-09 7.618842751887805e-10 2.733381376346826e-11 -5.118648370460072e-10 -8.842558922688930e-10 -1.123091745575581e-09 -1.258782419295612e-09 -1.316551482947743e-09 -1.316368079342288e-09 -1.273690645942431e-09 -1.200435266472834e-09 -1.105930631877735e-09 -9.976902407646742e-10 -8.819387405871499e-10 -7.638991796674586e-10 -6.479139321247942e-10 -5.374827899831747e-10 -4.352845811801722e-10 -3.432223561071323e-10 -2.624915840627482e-10 -1.936843396719700e-10 3.358276104031120e-08 4.510660194090804e-08 5.514476270204453e-08 6.262033883612589e-08 6.691314814515149e-08 6.796614384816023e-08 6.625004072905316e-08 6.251806212118425e-08 5.755137380254489e-08 5.198425600519077e-08 4.624939099686738e-08 4.060989814135644e-08 3.522018099304472e-08 3.017481376995642e-08 2.553378125006193e-08 2.133120007142607e-08 1.757822574531384e-08 1.426646454273017e-08 1.137319106940870e-08 8.867115346292354e-09 6.713388180865928e-09 4.877017486225905e-09 3.324740281722384e-09 2.025694024428859e-09 9.513946834031175e-10 7.543496745446957e-11 -6.268220124837543e-10 -1.178397898645545e-09 -1.600745116586398e-09 -1.913590149405154e-09 5.209717367070779e-07 5.427371685157778e-07 5.575669270366369e-07 7.293004247792270e-07 5.632896064134438e-07 5.548676497960561e-07 5.402491169886093e-07 5.213282783400142e-07 4.993017689458472e-07 4.752664745215685e-07 4.504055500705849e-07 4.248358153731641e-07 3.990984812760269e-07 3.734094566373182e-07 3.480687879534058e-07 3.231473845389814e-07 2.988252303084974e-07 2.755053478305619e-07 2.529016555288265e-07 2.314415197864207e-07 2.110275026223738e-07 1.917768519786656e-07 1.736572926858557e-07 1.566862617408465e-07 1.408715760568239e-07 1.262027064724780e-07 1.127989845045880e-07 1.002044375509870e-07 8.898579221569276e-08 7.864723143379892e-08
8.124178829518788e-07 2.422748309176813e-05 1.851130190822860e-04 -3.632255412246728e-09 -1.736748808812735e-09 4.710886581382006e-10 2.586400962674996e-09 4.216232941757578e-09 5.100885710787298e-09 5.190091650003609e-09 4.623893729970189e-09 3.652834752564597e-09 2.536802164218436e-09 1.473106340233397e-09 5.722529748988989e-10 -1.288577798955804e-10 -6.387490308150894e-10 -9.859739246671132e-10 -1.203358416750604e-09 -1.320806848709926e-09 -1.363095353234150e-09 -1.349832584864291e-09 -1.296197685610256e-09 -1.213892317133068e-09 -1.112067778254523e-09 -9.980776302934604e-10 -8.779895455109609e-10 -7.568652333515772e-10 -6.388797608985609e-10 -5.273647926687033e-10 -4.248282779483577e-10 -3.330078194319085e-10 -2.529418165022172e-10 2.754961255461316e-08 3.836446074257234e-08 4.887138407565488e-08 5.792225408126031e-08 6.450838358264117e-08 6.805566214104495e-08 6.852446423936437e-08 6.637489484510612e-08 6.233313896692030e-08 5.714926854432254e-08 5.143124596525422e-08 4.559325805308017e-08 3.988661254663993e-08 3.445801477631691e-08 2.939634926464706e-08 2.475690203441033e-08 2.056981034742629e-08 1.684300530840012e-08 1.356557311431448e-08 1.071284551671008e-08 8.252013176089614e-09 6.146942905685496e-09 4.361494018751145e-09 2.861338037522511e-09 1.614621010767644e-09 5.919573001067411e-10 -2.338267120345990e-10 -8.880122922749452e-10 -1.394102573137044e-09 -1.773872990976113e-09 5.032318551284526e-07 5.291461947755300e-07 5.496980165369393e-07 5.632896064134438e-07 7.253370177009568e-07 5.674124355201079e-07 5.584379390022549e-07 5.434818116609056e-07 5.240032920469090e-07 5.017843475000003e-07 4.775652133920054e-07 4.523191384127037e-07 4.264905151362995e-07 4.005261528154620e-07 3.746051428528860e-07 3.489129756399575e-07 3.239292266995995e-07 2.994542516621763e-07 2.758729677398071e-07 2.532693612695482e-07 2.317273384632078e-07 2.112481956998145e-07 1.919814870732123e-07 1.738585007088354e-07 1.568944463131524e-07 1.412882256085700e-07 1.265500567153611e-07 1.132620387149518e-07 1.009357065990869e-07 8.962305036193194e-08
8.864972086333855e-07 2.631754394392455e-05 2.002831887964529e-04 -4.471720873365271e-09 -3.254462844072299e-09 -1.469767380830545e-09 5.990252103712464e-10 2.569485750126631e-09 4.071871270724336e-09 4.863807936933435e-09 4.901871188781974e-09 4.322720764970909e-09 3.366800134330059e-09 2.282093072995643e-09 1.255955478310352e-09 3.924464046758371e-10 -2.747341310780339e-10 -7.551453868637171e-10 -1.077274457982743e-09 -1.273477018693567e-09 -1.373118658067648e-09 -1.400495473844139e-09 -1.374829957676629e-09 -1.310999327437727e-09 -1.220468458047368e-09 -1.112191782258652e-09 -9.933428952026956e-10 -8.698102975445487e-10 -7.464729479704817e-10 -6.273137176790737e-10 -5.154709608528979e-10 -4.132635718321231e-10 -3.222444448131580e-10 2.337848740746953e-08 3.264237420614908e-08 4.251729106685944e-08 5.205581176832237e-08 6.017706268805584e-08 6.593442242263143e-08 6.879501604958839e-08 6.873376583517012e-08 6.619932405461492e-08 6.189131249864572e-08 5.652967621350970e-08 5.069685666645363e-08 4.478898926979407e-08 3.904571819225427e-08 3.360604385427496e-08 2.855312290843073e-08 2.393755148439797e-08 1.978553397158762e-08 1.610181774132258e-08 1.287304260495047e-08 1.007268102905303e-08 7.666492342820873e-09 5.617186862549075e-09 3.887635588806507e-09 2.442634760548224e-09 1.249575266123843e-09 2.784113153253572e-10 -4.985505176733431e-10 -1.106962633322877e-09 -1.570590019003609e-09 4.824243121156021e-07 5.110033340347448e-07 5.355043795950181e-07 5.548676497960561e-07 5.674124355201079e-07 7.204671224206170e-07 5.700355701258661e-07 5.603362260959269e-07 5.451214721197034e-07 5.254720443430712e-07 5.029304929432387e-07 4.785346670414201e-07 4.531455900955038e-07 4.271634148987827e-07 4.009176891649128e-07 3.749924091516074e-07 3.491988912610208e-07 3.239988440545293e-07 2.995595483190547e-07 2.759298466706375e-07 2.532864645320223e-07 2.317495007240251e-07 2.112848963562428e-07 1.920362681900815e-07 1.741293421951382e-07 1.571048976539635e-07 1.416182469624678e-07 1.271498270974072e-07 1.137725512868359e-07 1.016907257519953e-07
9.641954101414819e-07 2.849184459376213e-05 2.159404398671377e-04 -4.599416047681795e-09 -4.097706767192546e-09 -2.945684418799693e-09 -1.264485459510760e-09 6.767160447947226e-10 2.515966067982566e-09 3.904606356370622e-09 4.615828982275045e-09 4.612058095459136e-09 4.026381862283999e-09 3.089557029658833e-09 2.038329709199051e-09 1.050738160098369e-09 2.248641686931095e-10 -4.085039177168621e-10 -8.598078225262291e-10 -1.157390459730610e-09 -1.333090992279519e-09 -1.415709379071682e-09 -1.429041751906512e-09 -1.391905043958664e-09 -1.318856639045801e-09 -1.221104240859606e-09 -1.107381218817263e-09 -9.846568369046887e-10 -8.586124482309862e-10 -7.339164089111810e-10 -6.143391794664935e-10 -5.028052520129281e-10 -4.014333193086906e-10 2.135076186117958e-08 2.863630881857664e-08 3.707474894637951e-08 4.605534942591478e-08 5.468367821997600e-08 6.194026227863799e-08 6.693479285702942e-08 6.917118865387322e-08 6.863634697471140e-08 6.576683606295143e-08 6.123628169471040e-08 5.573553626231508e-08 4.982244827829954e-08 4.387568473033509e-08 3.812350485023144e-08 3.269734341058607e-08 2.767473190549676e-08 2.310166533934362e-08 1.900054495607009e-08 1.537307374456077e-08 1.220357751514360e-08 9.463824601406675e-09 7.118315736704328e-09 5.128797005890589e-09 3.457384170173474e-09 2.068235750184398e-09 9.282318740887480e-10 6.940175121848184e-12 -7.236295979354275e-10 -1.289290546816614e-09 4.598407403721656e-07 4.896320757752412e-07 5.169709390229333e-07 5.402491169886093e-07 5.584379390022548e-07 5.700355701258661e-07 7.145482435921378e-07 5.710774242181552e-07 5.610374057393169e-07 5.454270374459699e-07 5.256035013667625e-07 5.029690689430713e-07 4.784905017123379e-07 4.528951016442140e-07 4.269788255704214e-07 4.006952813045112e-07 3.746094456103299e-07 3.489002992072138e-07 3.236951700674489e-07 2.992529525557941e-07 2.756629082671181e-07 2.530615853429606e-07 2.315669809059374e-07 2.113384755941981e-07 1.920455741311732e-07 1.742715089620361e-07 1.575274472270875e-07 1.419623724422511e-07 1.277454832201852e-07 1.145663285059934e-07
1.045453718565429e-06 3.074656219554434e-05 2.320424658439485e-04 -4.153728927075822e-09 -4.268302400056684e-09 -3.789238493676308e-09 -2.698411008110711e-09 -1.112237569110199e-09 7.130828663327859e-10 2.434326014745329e-09 3.722042644550053e-09 4.363464139981517e-09 4.326048475650651e-09 3.739231647932823e-09 2.824535286225762e-09 1.808137959113277e-09 8.593889927479706e-10 7.084841734032180e-11 -5.293329019752245e-10 -9.523327125843526e-10 -1.226282233622334e-09 -1.382472290086601e-09 -1.449117232944250e-09 -1.449498185309273e-09 -1.402009133063116e-09 -1.320865060075160e-09 -1.216991905495036e-09 -1.098872204090186e-09 -9.732403392240886e-10 -8.455473810325766e-10 -7.202280053866317e-10 -6.008271902062780e-10 -4.900549636967944e-10 2.139202403008600e-08 2.663099617794171e-08 3.321930642459740e-08 4.087271624966695e-08 4.901372628181768e-08 5.679632467186667e-08 6.325701354561765e-08 6.755656612194470e-08 6.923177190892724e-08 6.827929805980673e-08 6.512321944334495e-08 6.041189883659972e-08 5.480822881152694e-08 4.884646278676263e-08 4.288848145381757e-08 3.715155425614979e-08 3.175976111786500e-08 2.678519214689684e-08 2.226942674563533e-08 1.823124854184920e-08 1.466952363882324e-08 1.156647804983732e-08 8.892394466787828e-09 6.610760458997431e-09 4.682598684803876e-09 3.069513080663729e-09 1.735296352962443e-09 6.465412873429642e-10 -2.273576769659507e-10 -9.144861865181656e-10 4.360978961338366e-07 4.666057220682102e-07 4.952238591211990e-07 5.213282783400142e-07 5.434818116609054e-07 5.603362260959268e-07 5.710774242181552e-07 7.079938280556739e-07 5.707961985146489e-07 5.604108969774267e-07 5.446280022928335e-07 5.247148018710224e-07 5.019140173666398e-07 4.775616084893321e-07 4.519940727679499e-07 4.259817072099104e-07 3.998406149076801e-07 3.738014168891085e-07 3.481368699840695e-07 3.230140308852749e-07 2.986511608589001e-07 2.751395122729505e-07 2.528027749775862e-07 2.312916911633499e-07 2.112204172999356e-07 1.922252620960038e-07 1.743919454026082e-07 1.579147259717184e-07 1.425604035241795e-07 1.284301947282138e-07
1.130197830510340e-06 3.307741807432695e-05 2.485436483759674e-04 -3.327903557333752e-09 -3.891823402168007e-09 -3.995864853748550e-09 -3.538182005549919e-09 -2.503330182971060e-09 -1.003412618495717e-09 7.172899691971116e-10 2.332742169504390e-09 3.531071917297695e-09 4.112249485529564e-09 4.048109539048586e-09 3.464440603209677e-09 2.574004204101528e-09 1.593061939434977e-09 6.828664546127704e-10 -6.911820014461279e-11 -6.371307556776648e-10 -1.032961559830364e-09 -1.284473520112754e-09 -1.422383812264854e-09 -1.474303792712546e-09 -1.462980053822018e-09 -1.406362040306155e-09 -1.318294188366456e-09 -1.209389960105200e-09 -1.087856200896276e-09 -9.601667893809122e-10 -8.315267159761005e-10 -7.061339737754779e-10 -5.873107951525971e-10 2.321813508883200e-08 2.657193721579595e-08 3.123726475738344e-08 3.716294754893298e-08 4.408022003675067e-08 5.144181039169017e-08 5.844590925995366e-08 6.418012469583994e-08 6.785165090035974e-08 6.902672404966655e-08 6.770998797451447e-08 6.431285099661776e-08 5.945924637484461e-08 5.378530263755620e-08 4.780273842854834e-08 4.185736061692520e-08 3.615590402200693e-08 3.081539417694218e-08 2.590271798446569e-08 2.145529181222865e-08 1.748854681698336e-08 1.399878059895362e-08 1.096640437025798e-08 8.360481579804850e-09 6.143743189181146e-09 4.276764977792143e-09 2.720863644397758e-09 1.439680274980294e-09 3.997240086471658e-10 -4.296429452022106e-10 4.120489513999674e-07 4.423813550479010e-07 4.717720121909764e-07 4.993017689458472e-07 5.240032920469090e-07 5.451214721197034e-07 5.610374057393169e-07 5.707961985146489e-07 7.006197281175382e-07 5.694210058852537e-07 5.587737454494930e-07 5.427397438970156e-07 5.229371672157921e-07 5.001942146944131e-07 4.757978113959548e-07 4.504303857680707e-07 4.245224321874642e-07 3.984801666539425e-07 3.725720709585142e-07 3.470327239858732e-07 3.220306116005375e-07 2.979691275949569e-07 2.744788805970077e-07 2.523308659508352e-07 2.311456033195122e-07 2.110440011965545e-07 1.923369436881698e-07 1.747348600447069e-07 1.583648685018326e-07 1.432239723069110e-07
1.218338235948185e-06 3.547970462914112e-05 2.653953836172588e-04 -2.309073916719676e-09 -3.147964534607999e-09 -3.679769214674988e-09 -3.773908568386753e-09 -3.335219788915312e-09 -2.350773484766043e-09 -9.287040162159036e-10 6.977129145946566e-10 2.218295050127503e-09 3.337333344911889e-09 3.866428427715625e-09 3.781263500767340e-09 3.204036048721583e-09 2.339212860562102e-09 1.393753143636506e-09 5.213581826114969e-10 -1.952217493705676e-10 -7.323922689234474e-10 -1.102447263662208e-09 -1.332930917157829e-09 -1.453958425755741e-09 -1.492517040106762e-09 -1.470793793246969e-09 -1.406265819001568e-09 -1.312383664297113e-09 -1.199422515412244e-09 -1.075296124952093e-09 -9.462124580198888e-10 -8.171306975047968e-10 -6.920241964182165e-10 2.646715427957111e-08 2.820220256282945e-08 3.109119552928383e-08 3.521225130430053e-08 4.051763481962313e-08 4.675241476975372e-08 5.339683284609135e-08 5.968949246180022e-08 6.476477614118012e-08 6.787223529791053e-08 6.860461460929358e-08 6.697306282944868e-08 6.337633440927403e-08 5.841485584932919e-08 5.269918512580203e-08 4.671957815234684e-08 4.080653331787938e-08 3.515674189840983e-08 2.988053664077465e-08 2.503991804718854e-08 2.066845235045984e-08 1.677855269346919e-08 1.336426276451245e-08 1.040447411728885e-08 7.867332844658999e-09 5.715051935250947e-09 3.907980861507382e-09 2.407355518270413e-09 1.176808905032764e-09 1.828930414861463e-10 3.876548772586471e-07 4.177830196209476e-07 4.471786208055480e-07 4.752664745215685e-07 5.017843475000003e-07 5.254720443430712e-07 5.454270374459699e-07 5.604108969774267e-07 5.694210058852537e-07 6.926955484983113e-07 5.669673004206022e-07 5.562576692456200e-07 5.401918125444631e-07 5.203230169648131e-07 4.978015362250693e-07 4.735531520332902e-07 4.483358191413063e-07 4.226112949366709e-07 3.967444804395507e-07 3.710035680482950e-07 3.458091949725774e-07 3.208709894284302e-07 2.970364091623242e-07 2.739090073517454e-07 2.517654132399250e-07 2.308989955678890e-07 2.110581164828917e-07 1.924839483637628e-07 1.751190892047144e-07 1.589495865130101e-07
1.309770643174063e-06 3.794831555605997e-05 2.825464359362683e-04 -1.245227228379284e-09 -2.212622302216618e-09 -3.008410099178283e-09 -3.509696932594178e-09 -3.593587309473869e-09 -3.171149810382108e-09 -2.231783509050882e-09 -8.799206603126060e-10 6.613869164126756e-10 2.096650803687676e-09 3.145095469195794e-09 3.628991032247755e-09 3.527425319802781e-09 2.959087764651543e-09 2.120591459919434e-09 1.210157480346850e-09 3.744366053619312e-10 -3.081857296991379e-10 -8.160785278063886e-10 -1.161934235430403e-09 -1.372927381885846e-09 -1.478538567362845e-09 -1.505104005053425e-09 -1.474230904891386e-09 -1.402901109396793e-09 -1.304155321487000e-09 -1.187924865407711e-09 -1.061829250252656e-09 -9.318204896518148e-10 -8.026299883889383e-10 3.077958511352485e-08 3.118721355165099e-08 3.254830006954817e-08 3.499767866744157e-08 3.861064577148196e-08 4.334216966276817e-08 4.894968305743044e-08 5.493853386870595e-08 6.058442523557455e-08 6.506470927793095e-08 6.766772222544134e-08 6.801019104040718e-08 6.610858556025942e-08 6.234912672234700e-08 5.730969234071397e-08 5.157648643291720e-08 4.561936670166731e-08 3.975431671857973e-08 3.416853748065811e-08 2.896608591971229e-08 2.420446172617361e-08 1.991373996073786e-08 1.610365957726171e-08 1.276635912459677e-08 9.879486991122451e-09 7.410518008812362e-09 5.321368184682150e-09 3.572311758585512e-09 2.124634348564022e-09 9.420674805145797e-10 3.634884154584301e-07 3.929003814352725e-07 4.218871131972073e-07 4.504055500705849e-07 4.775652133920054e-07 5.029304929432387e-07 5.256035013667625e-07 5.446280022928335e-07 5.587737454494930e-07 5.669673004206023e-07 6.843112015758740e-07 5.638643828045555e-07 5.529158149495079e-07 5.369778360361271e-07 5.172281998447529e-07 4.948711238964125e-07 4.708426379249329e-07 4.458459054694368e-07 4.203362091299378e-07 3.948604138460411e-07 3.692281048304921e-07 3.443037115950108e-07 3.197688592793790e-07 2.959785809496990e-07 2.732083606041107e-07 2.513600758478920e-07 2.306604756606882e-07 2.110887006963999e-07 1.927427317491109e-07 1.755167451522270e-07
1.404376496479176e-06 4.047777909577691e-05 2.999433154420098e-04 -2.368374436071532e-10 -1.226064169584125e-09 -2.147424005249335e-09 -2.901928132768322e-09 -3.373539720194996e-09 -3.446530900949204e-09 -3.037745834749587e-09 -2.138701004700809e-09 -8.503269841225244e-10 6.138783472974628e-10 1.972097526581760e-09 2.957394669608512e-09 3.401861368882600e-09 3.287605332023380e-09 2.729895499635040e-09 1.917906840045247e-09 1.041646172601198e-09 2.411774183717999e-10 -4.091512963155576e-10 -8.894801417989190e-10 -1.212797204236637e-09 -1.405853425335184e-09 -1.497467945789864e-09 -1.513304037980372e-09 -1.474376191958741e-09 -1.397168081598427e-09 -1.294310879901721e-09 -1.175402014032359e-09 -1.047783660438095e-09 -9.171710331374037e-10 3.583090846283831e-08 3.519133889147204e-08 3.529854266281981e-08 3.630777025403753e-08 3.834854738277309e-08 4.149304241409153e-08 4.569831303060985e-08 5.073293354236782e-08 5.612527537323020e-08 6.118521720133130e-08 6.512972920057306e-08 6.728280400864311e-08 6.728293720757381e-08 6.515095008375592e-08 6.126077194686373e-08 5.616870312084258e-08 5.043781147945060e-08 4.451864396985130e-08 3.871348897474429e-08 3.320066472536118e-08 2.807841116900798e-08 2.340012207629505e-08 1.919277446700284e-08 1.546375763267676e-08 1.220359707976453e-08 9.388955926150478e-09 6.986814140246016e-09 4.958936155899500e-09 3.265635458004313e-09 1.868322156462886e-09 3.394799237623699e-07 3.679318951108220e-07 3.966304418104133e-07 4.248358153731641e-07 4.523191384127037e-07 4.785346670414201e-07 5.029690689430713e-07 5.247148018710224e-07 5.427397438970156e-07 5.562576692456200e-07 5.638643828045555e-07 6.754828119523362e-07 5.601062171596508e-07 5.491043529029198e-07 5.332343594594705e-07 5.136703269533300e-07 4.915416746695152e-07 4.677582958136730e-07 4.431917691264556e-07 4.178344074186959e-07 3.926721155379327e-07 3.674844853285969e-07 3.426473840898111e-07 3.185101959258841e-07 2.950539674373571e-07 2.724907358490271e-07 2.509476275750794e-07 2.305113215991464e-07 2.111129975265463e-07 1.931031561627920e-07
1.502023581484167e-06 4.306229398512763e-05 3.175306756179545e-04 6.574854768388781e-10 -2.844092298142410e-10 -1.229966542512838e-09 -2.106845967919098e-09 -2.821385235738358e-09 -3.263957288918910e-09 -3.325488144130800e-09 -2.928141330668813e-09 -2.065323316339573e-09 -8.346232555631194e-10 5.594172335819209e-10 1.847733558542353e-09 2.776242052887810e-09 3.186089943119460e-09 3.062068934900169e-09 2.516122895353111e-09 1.730383009638297e-09 8.871370494735418e-10 1.202977267216663e-10 -4.995145039197939e-10 -9.540264458472450e-10 -1.256430326267110e-09 -1.433007067184791e-09 -1.511895749781318e-09 -1.518085115034920e-09 -1.472000346812260e-09 -1.389639684531030e-09 -1.283243288149636e-09 -1.162094152708506e-09 -1.033279964746176e-09 4.133761742291153e-08 3.990946665274349e-08 3.902784374851031e-08 3.885452657501311e-08 3.953876203120740e-08 4.120466333216909e-08 4.392110759661453e-08 4.764678454080250e-08 5.216037423007609e-08 5.701146540459027e-08 6.154154491101474e-08 6.500420335720913e-08 6.675631892992082e-08 6.645624952684986e-08 6.412837268324949e-08 6.013465752644424e-08 5.501083911614530e-08 4.929806824355775e-08 4.342868737645684e-08 3.769212479005637e-08 3.225841995216645e-08 2.722048510165895e-08 2.262798360936154e-08 1.850513106320555e-08 1.485727210097665e-08 1.167354040197625e-08 8.929795095189141e-09 6.592660247511188e-09 4.623838093478115e-09 2.983759646684853e-09 3.157158039486015e-07 3.434585392954576e-07 3.712874526017619e-07 3.990984812760270e-07 4.264905151362995e-07 4.531455900955038e-07 4.784905017123379e-07 5.019140173666398e-07 5.229371672157921e-07 5.401918125444631e-07 5.529158149495079e-07 5.601062171596508e-07 6.665334806402906e-07 5.558295549241075e-07 5.448417517110197e-07 5.291014131476050e-07 5.097436540334415e-07 4.880469713466607e-07 4.644409290638278e-07 4.402227677979781e-07 4.153488873254649e-07 3.903154543233439e-07 3.655652654242927e-07 3.411028751721492e-07 3.172136821333798e-07 2.941017418998526e-07 2.718421462463567e-07 2.505103678095943e-07 2.304461386510689e-07 2.113685938754349e-07
1.602566712469041e-06 4.569576777028414e-05 3.352517271725117e-04 1.410620641593046e-09 5.554848869331809e-10 -3.481002118216696e-10 -1.251020955585753e-09 -2.084721771196085e-09 -2.760530148725173e-09 -3.174775754037891e-09 -3.224532340685069e-09 -2.836844948597559e-09 -2.006794114260286e-09 -8.287676156868918e-10 5.011029659117987e-10 1.725664361132879e-09 2.602789935483422e-09 2.981994449844605e-09 2.850462825076519e-09 2.316923146273150e-09 1.556842663681501e-09 7.452601990747937e-10 1.034972389633746e-11 -5.807122219587700e-10 -1.011071737948176e-09 -1.294047115079535e-09 -1.455425374264784e-09 -1.522664106656371e-09 -1.520091865516734e-09 -1.467566291100476e-09 -1.380622605925679e-09 -1.271134666757934e-09 -1.148095588338566e-09 4.705521403169538e-08 4.507348060751064e-08 4.344870658344175e-08 4.234334646413178e-08 4.191312113423898e-08 4.230125103266044e-08 4.362644781408195e-08 4.595422653326718e-08 4.924457865122478e-08 5.328543217253374e-08 5.764598572153695e-08 6.169705022828639e-08 6.472618736072227e-08 6.612069607907433e-08 6.555714866837229e-08 6.306287047555314e-08 5.898828259002211e-08 5.384960181477684e-08 4.816727378650609e-08 4.235650725937311e-08 3.669471202167467e-08 3.134422176075458e-08 2.639305047534862e-08 2.188748672226637e-08 1.784925010436348e-08 1.428186793276837e-08 1.117326413098517e-08 8.498617608969263e-09 6.224298195731473e-09 4.312030718679661e-09 2.927875970022324e-07 3.192465395314176e-07 3.462495273079101e-07 3.734094566373182e-07 4.005261528154620e-07 4.271634148987827e-07 4.528951016442140e-07 4.775616084893321e-07 5.001942146944131e-07 5.203230169648131e-07 5.369778360361271e-07 5.491043529029198e-07 5.558295549241075e-07 6.574523461750288e-07 5.511746380503593e-07 5.402229555476668e-07 5.248138344937028e-07 5.055908755207489e-07 4.842397620177208e-07 4.611364655268787e-07 4.370784168892324e-07 4.126775718552918e-07 3.880568311655922e-07 3.635934770387182e-07 3.395151222814338e-07 3.159697818470159e-07 2.931090145244868e-07 2.712618096393526e-07 2.502887444025182e-07 2.303352463416478e-07
1.705848495477359e-06 4.837185712099945e-05 3.530486640729055e-04 2.016857501839458e-09 1.266511043134173e-09 4.429986429307091e-10 -4.227013183165955e-10 -1.283984314062903e-09 -2.075844801402535e-09 -2.714250581061372e-09 -3.101048805525805e-09 -3.138987992850279e-09 -2.759588765909149e-09 -1.959412665756223e-09 -8.297842354493980e-10 4.410731088601240e-10 1.607149859033411e-09 2.437466158943657e-09 2.789293148015841e-09 2.651963051287910e-09 2.131110010059509e-09 1.395905448551427e-09 6.145763593328044e-10 -9.006112472375744e-11 -6.540173452335528e-10 -1.061721783292583e-09 -1.326562633298958e-09 -1.473827217034836e-09 -1.530309425542930e-09 -1.519702051154797e-09 -1.461323389846599e-09 -1.370273361082564e-09 -1.258080238023085e-09 5.277666249428103e-08 5.045091410167296e-08 4.830700355112020e-08 4.650275907167470e-08 4.519472526074289e-08 4.453256915543101e-08 4.465354656613140e-08 4.567106750339679e-08 4.764730773991468e-08 5.054329583526421e-08 5.415547481424888e-08 5.807125771479793e-08 6.168873818206856e-08 6.432709792191875e-08 6.540189969312085e-08 6.460651653444400e-08 6.197077988133576e-08 5.783403939010719e-08 5.269401923098319e-08 4.705165757239870e-08 4.130603996811312e-08 3.572331782645129e-08 3.045866120490216e-08 2.559554077384930e-08 2.117714751679910e-08 1.722293047036618e-08 1.373476791303816e-08 1.069951686970745e-08 8.091793353792107e-09 5.877781791016209e-09 2.703802612038466e-07 2.956913370819053e-07 3.216232456007550e-07 3.480687879534058e-07 3.746051428528860e-07 4.009176891649128e-07 4.269788255704214e-07 4.519940727679499e-07 4.757978113959548e-07 4.978015362250694e-07 5.172281998447529e-07 5.332343594594705e-07 5.448417517110197e-07 5.511746380503593e-07 6.483080783600075e-07 5.463764129093618e-07 5.353911951326037e-07 5.202259640273356e-07 5.014593983641920e-07 4.802618156569312e-07 4.576466753865376e-07 4.340279475700452e-07 4.099470305996573e-07 3.857460700923517e-07 3.616635304694136e-07 3.378756107007726e-07 3.147820127615815e-07 2.923190966326201e-07 2.706246322584061e-07 2.500619240995451e-07
1.811700160478498e-06 5.108400977066737e-05 3.708630976295620e-04 2.483820869207041e-09 1.841946665931949e-09 1.116302679140029e-09 3.245779744350177e-10 -5.038013057112099e-10 -1.324584790741109e-09 -2.076073255634470e-09 -2.678540940196298e-09 -3.038941566024959e-09 -3.065267966310246e-09 -2.693155201610016e-09 -1.920474507708266e-09 -8.356173777307094e-10 3.806421700923193e-10 1.492745542726578e-09 2.280130909270579e-09 2.607284235699173e-09 2.465480657574681e-09 1.957382639116597e-09 1.246212003691855e-09 4.937873233720000e-10 -1.820970159535903e-10 -7.204154146454129e-10 -1.106771134567417e-09 -1.354589752279066e-09 -1.488665224062639e-09 -1.535152850184487e-09 -1.517139778411371e-09 -1.453429419457790e-09 -1.358709436197202e-09 5.833222483552658e-08 5.584393143191371e-08 5.338124497578846e-08 5.109144040429375e-08 4.912676425604086e-08 4.763786560503353e-08 4.676845442887097e-08 4.664996950188626e-08 4.739064985935526e-08 4.904940397237251e-08 5.158812635500376e-08 5.481114429854186e-08 5.832286810488118e-08 6.154688653706223e-08 6.383192344112457e-08 6.461992646868935e-08 6.361986016705708e-08 6.086371857580754e-08 5.668030681769288e-08 5.154983410289399e-08 4.595482810262000e-08 4.027920385720877e-08 3.477851978904437e-08 2.960123591891578e-08 2.482659079843833e-08 2.049489489509172e-08 1.662351168350484e-08 1.321283034912220e-08 1.024874906598545e-08 7.705425819396444e-09 2.488064173135648e-07 2.728204823050952e-07 2.977078589395832e-07 3.231473845389814e-07 3.489129756399575e-07 3.749924091516074e-07 4.006952813045112e-07 4.259817072099104e-07 4.504303857680707e-07 4.735531520332902e-07 4.948711238964125e-07 5.136703269533300e-07 5.291014131476050e-07 5.402229555476668e-07 5.463764129093618e-07 6.392203104993739e-07 5.412896302252153e-07 5.305942125992832e-07 5.154804562259568e-07 4.971531631298988e-07 4.763840332418073e-07 4.541005718077976e-07 4.309249210013600e-07 4.072548666134732e-07 3.833783689051703e-07 3.597827290730272e-07 3.364303341855205e-07 3.135295167747607e-07 2.915158639332584e-07 2.701730785336198e-07
1.919942455439696e-06 5.382550769607326e-05 3.886364944410374e-04 2.826526181408833e-09 2.287888814003387e-09 1.664217674313537e-09 9.639559168377903e-10 2.039188405642550e-10 -5.879263967050997e-10 -1.369524932721330e-09 -2.082248599725163e-09 -2.650371425817075e-09 -2.985584784079935e-09 -3.000735019301759e-09 -2.635244369817400e-09 -1.888138295305832e-09 -8.449892404745960e-10 3.204643189274536e-10 1.382490460815111e-09 2.130291846477483e-09 2.435079830246161e-09 2.289894028581652e-09 1.794543423411853e-09 1.106609787402076e-09 3.818655939518920e-10 -2.666192966609311e-10 -7.805955687317997e-10 -1.146750426016387e-09 -1.378525742173043e-09 -1.500236021369471e-09 -1.537420161152584e-09 -1.512585471422248e-09 -1.444043306456084e-09 6.358914460192256e-08 6.108955357279522e-08 5.848201905999617e-08 5.589799125373470e-08 5.347968672315489e-08 5.137380915291472e-08 4.972521895166787e-08 4.867179967566588e-08 4.833936209613604e-08 4.883116702551961e-08 5.020296195304288e-08 5.241740884666675e-08 5.528621747366165e-08 5.842974548927645e-08 6.129552110701448e-08 6.325997427430619e-08 6.378975933066822e-08 6.260840094821157e-08 5.974977278671774e-08 5.553261979617072e-08 5.042056659380588e-08 4.487871451544874e-08 3.927664721720379e-08 3.385993290901189e-08 2.877070516944851e-08 2.408423748249038e-08 1.983816694336651e-08 1.604792028782886e-08 1.271254323210881e-08 9.817109312225445e-09 2.281515744612650e-07 2.508498085418853e-07 2.744948725214108e-07 2.988252303084974e-07 3.239292266995994e-07 3.491988912610209e-07 3.746094456103299e-07 3.998406149076802e-07 4.245224321874642e-07 4.483358191413063e-07 4.708426379249329e-07 4.915416746695152e-07 5.097436540334415e-07 5.248138344937028e-07 5.353911951326038e-07 5.412896302252153e-07 6.304155178429734e-07 5.360570321400112e-07 5.256367383238814e-07 5.108487531608575e-07 4.928023923000044e-07 4.724623454498096e-07 4.505979435458060e-07 4.277673354988738e-07 4.046114294468339e-07 3.812020098463236e-07 3.578339158580056e-07 3.349673805650660e-07 3.124568193060612e-07 2.907107852714142e-07
2.030386594795139e-06 5.658951114367186e-05 4.063106139956160e-04 3.063283206312169e-09 2.617652637800682e-09 2.091486936619782e-09 1.487119232817879e-09 8.125703906563786e-10 8.383289014776368e-11 -6.724859530271673e-10 -1.416378435618055e-09 -2.092076771104024e-09 -2.627574415664416e-09 -2.938963185238461e-09 -2.943584244154248e-09 -2.584341110495112e-09 -1.861265722611366e-09 -8.572088765081135e-10 2.607557727467370e-10 1.276150776958013e-09 1.987346711141601e-09 2.271833649471079e-09 2.124243593794238e-09 1.641635456220984e-09 9.762283966866916e-10 2.780693119947166e-10 -3.442307671910318e-10 -8.350330585898251e-10 -1.182033473376178e-09 -1.398669953059992e-09 -1.508788871421248e-09 -1.537333959175502e-09 -1.506248957534414e-09 6.844976372126152e-08 6.605963337317458e-08 6.345253880488247e-08 6.074076379492932e-08 5.805143179340367e-08 5.552173772470435e-08 5.329292097563807e-08 5.150420688085212e-08 5.028784782133732e-08 4.976424259207106e-08 5.003191080139437e-08 5.114361363275021e-08 5.306275489926650e-08 5.560804588708746e-08 5.841488993203766e-08 6.095336020742832e-08 6.262597050215289e-08 6.292255833846015e-08 6.158025089289305e-08 5.863456947285542e-08 5.439462267739582e-08 4.930827625040250e-08 4.382410953748212e-08 3.829812057239531e-08 3.296642830090236e-08 2.796520411197551e-08 2.336598358525221e-08 1.920392168248644e-08 1.549268178303912e-08 1.223009727363924e-08 2.084334007983189e-07 2.298218812491398e-07 2.520800192768853e-07 2.755053478305618e-07 2.994542516621762e-07 3.239988440545293e-07 3.489002992072138e-07 3.738014168891085e-07 3.984801666539426e-07 4.226112949366709e-07 4.458459054694369e-07 4.677582958136730e-07 4.880469713466607e-07 5.055908755207489e-07 5.202259640273356e-07 5.305942125992832e-07 5.360570321400112e-07 6.216794282182244e-07 5.309500037732122e-07 5.206492474812141e-07 5.061878307387254e-07 4.885079338149641e-07 4.684964433478159e-07 4.471512209826746e-07 4.248051384475723e-07 4.019025257295698e-07 3.790086108083173e-07 3.560634637246489e-07 3.335008882616972e-07 3.114495342780606e-07
2.142835254504756e-06 5.936910310607743e-05 4.238279417549372e-04 3.213087508311416e-09 2.847884465405406e-09 2.409904976970401e-09 1.897630411102132e-09 1.313260722963693e-09 6.644207400676588e-10 -3.366935358567829e-11 -7.556748940485309e-10 -1.463498302488953e-09 -2.104037808026227e-09 -2.608746333879679e-09 -2.897798571262145e-09 -2.892694312084534e-09 -2.539529604898920e-09 -1.839199100583129e-09 -8.719236405094825e-10 2.015459217635734e-10 1.173457799715940e-09 1.850788687657588e-09 2.116888394306836e-09 1.967815778968544e-09 1.497964657764260e-09 8.544430931831938e-10 1.818643279597824e-10 -4.153793132589136e-10 -8.841044638145130e-10 -1.212944361316019e-09 -1.415315231539599e-09 -1.514598615614610e-09 -1.535156708754068e-09 7.284786714792305e-08 7.065928549853356e-08 6.816886413100974e-08 6.546870544191754e-08 6.266757008599455e-08 5.988824816945663e-08 5.726300221403465e-08 5.492775570208118e-08 5.301628391307330e-08 5.165544955086590e-08 5.096051723853740e-08 5.102554979287085e-08 5.190056330984351e-08 5.354974169003260e-08 5.579847875907380e-08 5.829645263815198e-08 6.053500767029302e-08 6.194122709266096e-08 6.202674565999745e-08 6.054138087185154e-08 5.752205421481501e-08 5.326862887304593e-08 4.821395145848267e-08 4.279090558173201e-08 3.734260821632742e-08 3.209621365033831e-08 2.718227062966069e-08 2.266882482805171e-08 1.858872424635085e-08 1.495403952680287e-08 1.897425463842971e-07 2.096393295537365e-07 2.309147092087128e-07 2.529016555288265e-07 2.758729677398071e-07 2.995595483190547e-07 3.236951700674489e-07 3.481368699840694e-07 3.725720709585142e-07 3.967444804395507e-07 4.203362091299378e-07 4.431917691264556e-07 4.644409290638277e-07 4.842397620177208e-07 5.014593983641920e-07 5.154804562259569e-07 5.256367383238814e-07 5.309500037732122e-07 6.131252027482482e-07 5.258257402680950e-07 5.157327850596273e-07 5.014980121041045e-07 4.842832332583456e-07 4.647371400017044e-07 4.436482361932992e-07 4.218325965192107e-07 3.993759730727362e-07 3.768145449170665e-07 3.543597905048039e-07 3.321689999171466e-07
2.257083605667396e-06 6.215733385308341e-05 4.411321136163250e-04 3.294131405140075e-09 2.996068855924868e-09 2.634618713963836e-09 2.205932030930190e-09 1.708529847868211e-09 1.144482669545776e-09 5.210399785390728e-10 -1.473023323947923e-10 -8.364000980005026e-10 -1.509935913932713e-09 -2.117285612584695e-09 -2.593113779972769e-09 -2.861376212838781e-09 -2.847412553310815e-09 -2.500247365408912e-09 -1.821507855014431e-09 -8.888746481616942e-10 1.428919657988015e-10 1.074265814801300e-09 1.720300585569951e-09 1.969806930042925e-09 1.820113970271776e-09 1.363027605174970e-09 7.407754134673396e-10 9.281195235209284e-11 -4.804630878267176e-10 -9.281780580997560e-10 -1.239829992373876e-09 -1.428791077009166e-09 -1.517979435272356e-09 7.674382630689990e-08 7.482355344270001e-08 7.253863294971098e-08 6.996177847066211e-08 6.718237421047599e-08 6.430565158744482e-08 6.145013686705572e-08 5.874328590079391e-08 5.631590547571138e-08 5.429657173649722e-08 5.280704834688430e-08 5.195780416199964e-08 5.183877055755235e-08 5.249747290321721e-08 5.389896856907335e-08 5.587504683002468e-08 5.808892357937033e-08 6.005204871791047e-08 6.121463815168706e-08 6.110880184376720e-08 5.949619917149667e-08 5.641489922776338e-08 5.215587485999405e-08 4.713765818781103e-08 4.177819166886891e-08 3.640837080682293e-08 3.124687528975892e-08 2.641894649545419e-08 2.198938200775232e-08 1.798891737716777e-08 1.719503243485064e-07 1.907999692057370e-07 2.105226809486876e-07 2.314415197864207e-07 2.532693612695482e-07 2.759298466706375e-07 2.992529525557942e-07 3.230140308852749e-07 3.470327239858732e-07 3.710035680482950e-07 3.948604138460411e-07 4.178344074186959e-07 4.402227677979781e-07 4.611364655268787e-07 4.802618156569312e-07 4.971531631298988e-07 5.108487531608575e-07 5.206492474812141e-07 5.258257402680949e-07 6.048382079801372e-07 5.206846004510951e-07 5.109009985711556e-07 4.970302261492128e-07 4.800171268711852e-07 4.609803203701312e-07 4.403376652922090e-07 4.188677000467140e-07 3.969223998085580e-07 3.747594406790475e-07 3.526068619803560e-07
2.372920378502214e-06 6.494726512608940e-05 4.581683277638012e-04 3.323079222110145e-09 3.079082837653020e-09 2.781742676142578e-09 2.425825729029373e-09 2.007615937257088e-09 1.525666348230529e-09 9.819231717503889e-10 3.832819741990903e-10 -2.564368368729478e-10 -9.141932757944765e-10 -1.555320409654690e-09 -2.131486869107321e-09 -2.580329360424423e-09 -2.829306748632610e-09 -2.807305649831611e-09 -2.466040705680685e-09 -1.807769882185192e-09 -9.077317457873036e-10 8.498220591372164e-11 9.785928724438114e-10 1.595734708814067e-09 1.830307565982191e-09 1.680764837931872e-09 1.236403339365382e-09 6.347906388020830e-10 1.048014907200375e-11 -5.399022984645100e-10 -9.676567796054999e-10 -1.263074039988872e-09 -1.439456205305580e-09 8.011932244715148e-08 7.851292088128189e-08 7.649800462708874e-08 7.412993138064735e-08 7.147945554383129e-08 6.863321586173224e-08 6.569295109680047e-08 6.277304964773636e-08 5.999635723243987e-08 5.748881650172031e-08 5.537411974980092e-08 5.376926475753087e-08 5.278027065643728e-08 5.249329727007464e-08 5.295362149023224e-08 5.412723321746900e-08 5.585205854493957e-08 5.780412559095921e-08 5.951386251034488e-08 6.045327509565643e-08 6.017369430072013e-08 5.844782528043044e-08 5.531467055218980e-08 5.105663413196411e-08 4.607859845159651e-08 4.078431038145382e-08 3.549306047884938e-08 3.041552354414684e-08 2.567196050233350e-08 2.132414068617291e-08 1.554135321222041e-07 1.727915265705777e-07 1.913721060751234e-07 2.110275026223738e-07 2.317273384632078e-07 2.532864645320223e-07 2.756629082671181e-07 2.986511608589001e-07 3.220306116005375e-07 3.458091949725774e-07 3.692281048304921e-07 3.926721155379327e-07 4.153488873254649e-07 4.370784168892324e-07 4.576466753865376e-07 4.763840332418073e-07 4.928023923000044e-07 5.061878307387254e-07 5.157327850596273e-07 5.206846004510951e-07 5.968178834995764e-07 5.157773118439246e-07 5.060429481597743e-07 4.925810039072906e-07 4.759584908774190e-07 4.572448409261308e-07 4.371115951087458e-07 4.160510975391458e-07 3.944276258183620e-07 3.726901172758125e-07
2.490128948426171e-06 6.773201361297564e-05 4.748837400704890e-04 3.314784917225879e-09 3.112481922268997e-09 2.866957507922765e-09 2.572181411947130e-09 2.223104769890106e-09 1.816133395702847e-09 1.349847673916615e-09 8.260790698084535e-10 2.514000901783408e-10 -3.609886559533451e-10 -9.890595641289680e-10 -1.599664063345411e-09 -2.146591682486651e-09 -2.570229552261867e-09 -2.801286443092660e-09 -2.771942756384720e-09 -2.436398197971243e-09 -1.797463697322735e-09 -9.280458711443807e-10 2.812394454374971e-11 8.865641065940993e-10 1.477026285242784e-09 1.698161497223408e-09 1.549419835462638e-09 1.117667151811944e-09 5.360274854183893e-10 -6.559875277422664e-11 -5.941529884811099e-10 -1.002970900226093e-09 -1.283069837088592e-09 8.297240692047137e-08 8.170832417717157e-08 8.000748035121160e-08 7.791034126450576e-08 7.547092893554387e-08 7.275798558711945e-08 6.985543974837180e-08 6.686165101451855e-08 6.388705458722911e-08 6.105015156473267e-08 5.847231946832929e-08 5.627269294659370e-08 5.456387307888182e-08 5.344775816704771e-08 5.300704318531864e-08 5.328498754058162e-08 5.424852259697101e-08 5.574141901408588e-08 5.745182630795856e-08 5.892806900749080e-08 5.966268074054064e-08 5.922506465099284e-08 5.739822264847920e-08 5.422190363474120e-08 4.997028972135172e-08 4.503523971171869e-08 3.980701662686018e-08 3.459391677180854e-08 2.959904470205435e-08 2.493798820924444e-08 1.397101632551486e-07 1.559449365054726e-07 1.733321101012242e-07 1.917768519786656e-07 2.112481956998145e-07 2.317495007240251e-07 2.530615853429606e-07 2.751395122729505e-07 2.979691275949569e-07 3.208709894284302e-07 3.443037115950108e-07 3.674844853285969e-07 3.903154543233440e-07 4.126775718552918e-07 4.340279475700452e-07 4.541005718077976e-07 4.724623454498096e-07 4.885079338149641e-07 5.014980121041045e-07 5.109009985711557e-07 5.157773118439246e-07 5.889403962591970e-07 5.109004873578832e-07 5.014072789408404e-07 4.881693762688401e-07 4.720000630646480e-07 4.536717868062469e-07 4.338570360566611e-07 4.132311262556813e-07 3.920776087249811e-07
2.608488435948450e-06 7.050479333238277e-05 4.912278394066872e-04 3.282240005666781e-09 3.110203659233945e-09 2.904799385312407e-09 2.659583054009301e-09 2.368731912058190e-09 2.027367846045994e-09 1.632013126279768e-09 1.181282377742335e-09 6.769120694235654e-10 1.251927595412127e-10 -4.612302083772788e-10 -1.061254605902574e-09 -1.643126458489447e-09 -2.162599534275157e-09 -2.562622341592935e-09 -2.776933419136521e-09 -2.740788194332322e-09 -2.410701144227127e-09 -1.789976417013587e-09 -9.492999945527287e-10 -2.733660804371322e-11 7.983154663375405e-10 1.364100344352901e-09 1.573110679246979e-09 1.425687658625906e-09 1.006349948770684e-09 4.439851710017510e-10 -1.359203726383856e-10 -6.436798323826855e-10 -1.034539818692451e-09 8.531321890626472e-08 8.440647782398913e-08 8.304723198509792e-08 8.126349759098125e-08 7.909492134822505e-08 7.659414871605197e-08 7.382793905353793e-08 7.087761040818442e-08 6.783833148298654e-08 6.481682047720023e-08 6.192751443912545e-08 5.928756451538409e-08 5.701185972590725e-08 5.520892148401811e-08 5.397684033473719e-08 5.339508578091528e-08 5.350506094868951e-08 5.427462662122854e-08 5.555308622650915e-08 5.704004727708288e-08 5.830073465358407e-08 5.884702146962423e-08 5.826532311885165e-08 5.634828854516234e-08 5.313624838321018e-08 4.889550722304841e-08 4.400552409062364e-08 3.884374222438813e-08 3.370803861586623e-08 2.879437206103599e-08 1.251506071703870e-07 1.402170894758739e-07 1.563835478021416e-07 1.736572926858557e-07 1.919814870732123e-07 2.112848963562428e-07 2.315669809059373e-07 2.528027749775862e-07 2.744788805970077e-07 2.970364091623242e-07 3.197688592793790e-07 3.426473840898111e-07 3.655652654242927e-07 3.880568311655922e-07 4.099470305996573e-07 4.309249210013600e-07 4.505979435458060e-07 4.684964433478159e-07 4.842832332583456e-07 4.970302261492128e-07 5.060429481597743e-07 5.109004873578833e-07 5.814425129907837e-07 5.060730215612385e-07 4.968867912672429e-07 4.839363430327810e-07 4.680293365920235e-07 4.501103191934244e-07 4.307602658215015e-07 4.105105929433063e-07
2.727774812154853e-06 7.325895657152050e-05 5.071527994344004e-04 3.236598256310946e-09 3.084489599397142e-09 2.908356120296172e-09 2.701626840175196e-09 2.458073711990912e-09 2.172071668821217e-09 1.838912166924476e-09 1.455239903292684e-09 1.019722894498021e-09 5.340342525015925e-10 4.223170870369619e-12 -5.575583376805079e-10 -1.131054396298232e-09 -1.685806093915561e-09 -2.179399278941847e-09 -2.557183028785412e-09 -2.755740086547980e-09 -2.713209811817624e-09 -2.388273079424549e-09 -1.784680700695865e-09 -9.710009754696218e-10 -8.110247619101437e-11 7.139163986688132e-10 1.256808247270022e-09 1.454830248144835e-09 1.309123360686231e-09 9.019471831427240e-10 3.581513214136399e-10 -2.009696737481821e-10 -6.889174524591719e-10 8.716063141843798e-08 8.661582610256107e-08 8.561265356440628e-08 8.416881821195854e-08 8.231192879514856e-08 8.008078175418437e-08 7.752667362108483e-08 7.471449018484874e-08 7.172309583344484e-08 6.864467698143281e-08 6.558251565421631e-08 6.264725508426902e-08 5.995210976864237e-08 5.760802206522311e-08 5.571968427922271e-08 5.438161804664680e-08 5.367027017284219e-08 5.362529628176977e-08 5.421545139854187e-08 5.529528703376147e-08 5.657523097420446e-08 5.763648416209664e-08 5.800919517603610e-08 5.729581099916522e-08 5.529804315666013e-08 5.205669305631949e-08 4.783051291744694e-08 4.298715315811612e-08 3.789187928484538e-08 3.283268104747487e-08 1.116023101704697e-07 1.255638424154803e-07 1.405766772195336e-07 1.566862617408465e-07 1.738585007088354e-07 1.920362681900815e-07 2.113384755941981e-07 2.312916911633499e-07 2.523308659508352e-07 2.739090073517454e-07 2.959785809496990e-07 3.185101959258841e-07 3.411028751721492e-07 3.635934770387181e-07 3.857460700923517e-07 4.072548666134732e-07 4.277673354988738e-07 4.471512209826746e-07 4.647371400017044e-07 4.800171268711852e-07 4.925810039072906e-07 5.014072789408404e-07 5.060730215612385e-07 5.742062960133361e-07 5.014356639442802e-07 4.923689622026885e-07 4.797312610881991e-07 4.642324732128688e-07 4.466634156878376e-07 4.276557727146590e-07
2.847762001688773e-06 7.598803304030509e-05 5.226138037301561e-04 3.187231156159717e-09 3.045891404549315e-09 2.889169874045769e-09 2.710611083014623e-09 2.503860435592204e-09 2.262902863175285e-09 1.982312856959661e-09 1.657563152400814e-09 1.285439874913168e-09 8.646848249558587e-10 3.969395022235311e-10 -1.119518297148768e-10 -6.502877175616960e-10 -1.198597666636705e-09 -1.727639018969691e-09 -2.196724557308197e-09 -2.553465324503680e-09 -2.737124624015140e-09 -2.688556689175305e-09 -2.368470907178716e-09 -1.781020704720207e-09 -9.927535722086741e-10 -1.329855271636021e-10 6.333360818321742e-10 1.154920095585750e-09 1.342939996956313e-09 1.199258051943245e-09 8.039586515750147e-10 2.780414517436945e-10 -2.611813040540256e-10 8.853968589604526e-08 8.835331830376310e-08 8.771052556519600e-08 8.662044283784515e-08 8.510069265745588e-08 8.317845860240929e-08 8.089173854708166e-08 7.829056882589352e-08 7.543809601042869e-08 7.241093769400493e-08 6.929850124215828e-08 6.620086852390793e-08 6.322514985418968e-08 6.048084917067292e-08 5.807518916856758e-08 5.610924779555438e-08 5.467416007566724e-08 5.384351540648688e-08 5.365532792835814e-08 5.407919144124891e-08 5.497463932012280e-08 5.606236298343812e-08 5.693867940072125e-08 5.715103735994885e-08 5.631704099807809e-08 5.424692303938021e-08 5.098186322438783e-08 4.677339038137962e-08 4.197789715702844e-08 3.694905917513855e-08 9.906976640107500e-08 1.119495482994987e-07 1.259037347117731e-07 1.408715760568239e-07 1.568944463131524e-07 1.741293421951382e-07 1.920455741311732e-07 2.112204172999356e-07 2.311456033195122e-07 2.517654132399250e-07 2.732083606041107e-07 2.950539674373571e-07 3.172136821333798e-07 3.395151222814338e-07 3.616635304694135e-07 3.833783689051703e-07 4.046114294468339e-07 4.248051384475723e-07 4.436482361932992e-07 4.609803203701311e-07 4.759584908774190e-07 4.881693762688401e-07 4.968867912672429e-07 5.014356639442802e-07 5.671093921352762e-07 4.968376756762512e-07 4.880395992887961e-07 4.756568916354702e-07 4.604442729882768e-07 4.432297427019835e-07
2.968222975322402e-06 7.868576692609966e-05 5.375693413681394e-04 3.141791417497204e-09 3.003305078533261e-09 2.857226011760779e-09 2.697427351185127e-09 2.517665109388259e-09 2.311802537174069e-09 2.074047488535532e-09 1.799189262316331e-09 1.482895368146079e-09 1.122113453210145e-09 7.156769381490479e-10 2.652106284868715e-10 -2.236243844902505e-10 -7.395506141741937e-10 -1.263843254695813e-09 -1.768412566497581e-09 -2.214208260852671e-09 -2.550981933388715e-09 -2.720524384056862e-09 -2.666246282070652e-09 -2.350758742615431e-09 -1.778570162382783e-09 -1.014291587552021e-09 -1.829108316862742e-10 5.564582067232596e-10 1.058157383429369e-09 1.237046544439161e-09 1.095640146493781e-09 7.119294148905670e-10 2.032394193110432e-10 8.947972025797403e-08 8.964196448277858e-08 8.935594349094228e-08 8.862359021852047e-08 8.745421905738749e-08 8.586539009122546e-08 8.388390666420233e-08 8.154704747001637e-08 7.890373147493229e-08 7.601549955505401e-08 7.295688926919408e-08 6.981472768212578e-08 6.668607284567537e-08 6.367469427902298e-08 6.088657838648929e-08 5.842540069190846e-08 5.638880264002633e-08 5.486470842478366e-08 5.392398183922136e-08 5.360309274728073e-08 5.387245760371592e-08 5.459634130511204e-08 5.550519192841730e-08 5.620967552164415e-08 5.627363094354999e-08 5.532901210048216e-08 5.319409265385292e-08 4.991034481062118e-08 4.572237232365729e-08 4.097582592199515e-08 8.749578512617190e-08 9.941179584563104e-08 1.122886132502414e-07 1.262027064724780e-07 1.412882256085699e-07 1.571048976539635e-07 1.742715089620361e-07 1.922252620960038e-07 2.110440011965545e-07 2.308989955678889e-07 2.513600758478919e-07 2.724907358490271e-07 2.941017418998526e-07 3.159697818470159e-07 3.378756107007726e-07 3.597827290730271e-07 3.812020098463236e-07 4.019025257295698e-07 4.218325965192106e-07 4.403376652922090e-07 4.572448409261308e-07 4.720000630646480e-07 4.839363430327810e-07 4.923689622026885e-07 4.968376756762512e-07 5.603285043823881e-07 4.923815297432235e-07 4.837334229446995e-07 4.716118661340746e-07 4.567776582492714e-07
3.088930824470863e-06 8.134615155776691e-05 5.519814704138438e-04 3.106294373477817e-09 2.964018546879262e-09 2.820973358953676e-09 2.671537406452696e-09 2.509783333071662e-09 2.329689310425972e-09 2.125351356598587e-09 1.891212069655007e-09 1.622292156541466e-09 1.314465331960502e-09 9.648448141784663e-10 5.723601689021412e-10 1.386203491084901e-10 -3.308932508144695e-10 -8.253119083393208e-10 -1.326626765452912e-09 -1.807848804666248e-09 -2.231479125969288e-09 -2.549294740671366e-09 -2.705472156041682e-09 -2.645823876625443e-09 -2.334739109733449e-09 -1.777035462616949e-09 -1.035460733276992e-09 -2.308810315112279e-10 4.831262497359390e-10 9.662370660199956e-10 1.136786569280032e-09 9.978775756617744e-10 6.254834575079539e-10 9.001298662633936e-08 9.050904098657284e-08 9.056998176658139e-08 9.019163117602303e-08 8.937633854764165e-08 8.813362001907367e-08 8.648102068770119e-08 8.444506458252166e-08 8.206239243181085e-08 7.938091202366163e-08 7.646069210223248e-08 7.337430175714783e-08 7.020612199577318e-08 6.705033421861685e-08 6.400750777149759e-08 6.118027009741927e-08 5.866891747167499e-08 5.656779961366275e-08 5.496179329633996e-08 5.391919587701493e-08 5.347502107874285e-08 5.360050348009236e-08 5.416443830708877e-08 5.490655303194248e-08 5.545115131756375e-08 5.537763376241831e-08 5.433154807377886e-08 5.213875065405681e-08 4.884092835112141e-08 4.467604164822092e-08 7.691904167145014e-08 8.785229756739327e-08 9.976267871823111e-08 1.127989845045880e-07 1.265500567153611e-07 1.416182469624677e-07 1.575274472270875e-07 1.743919454026082e-07 1.923369436881698e-07 2.110581164828918e-07 2.306604756606882e-07 2.509476275750794e-07 2.718421462463567e-07 2.931090145244868e-07 3.147820127615815e-07 3.364303341855205e-07 3.578339158580056e-07 3.790086108083173e-07 3.993759730727361e-07 4.188677000467140e-07 4.371115951087458e-07 4.536717868062469e-07 4.680293365920235e-07 4.797312610881991e-07 4.880395992887961e-07 4.923815297432235e-07 5.536900939591046e-07 4.879656720417401e-07 4.795629881549996e-07 4.677003012476182e-07
3.209659810314796e-06 8.396346141457500e-05 5.658160471196329e-04 3.085224363747754e-09 2.933780502722736e-09 2.787360648947657e-09 2.640979403040795e-09 2.489205234303475e-09 2.326326828120149e-09 2.146556973265942e-09 1.944240729557721e-09 1.714065277299738e-09 1.451283402962856e-09 1.151973515307221e-09 8.134050890093705e-10 4.345912636164358e-10 1.711649071007866e-11 -4.337212714221889e-10 -9.074543074959435e-10 -1.386759713933058e-09 -1.845697779524558e-09 -2.248241222265858e-09 -2.548077253851148e-09 -2.691629651221994e-09 -2.626966881378802e-09 -2.320135738248423e-09 -1.776218684474926e-09 -1.056171025414509e-09 -2.769293738760538e-10 4.131897024663159e-10 8.789164897792966e-10 1.041862697882469e-09 9.056586718483359e-10 9.017361268778261e-08 9.098476057220033e-08 9.137797296655098e-08 9.134387664139356e-08 9.087888056004870e-08 8.998578258829616e-08 8.867437915326912e-08 8.696225029873619e-08 8.487570648059786e-08 8.245083461950664e-08 7.973458573712917e-08 7.678562951794600e-08 7.367465345416279e-08 7.048367933174864e-08 6.730412818084499e-08 6.423350817010319e-08 6.137121543996175e-08 5.881432423379347e-08 5.665406515178146e-08 5.497241851035934e-08 5.383527490632461e-08 5.327630646753849e-08 5.326755628141768e-08 5.368216413363636e-08 5.426870934665794e-08 5.466446293234579e-08 5.446360032662505e-08 5.332455658467368e-08 5.108034470491662e-08 4.777278621613311e-08 6.728029830520334e-08 7.730232158752160e-08 8.842527768528892e-08 1.002044375509870e-07 1.132620387149518e-07 1.271498270974072e-07 1.419623724422511e-07 1.579147259717184e-07 1.747348600447069e-07 1.924839483637628e-07 2.110887006963999e-07 2.305113215991464e-07 2.505103678095943e-07 2.712618096393526e-07 2.923190966326201e-07 3.135295167747607e-07 3.349673805650660e-07 3.560634637246490e-07 3.768145449170665e-07 3.969223998085581e-07 4.160510975391458e-07 4.338570360566611e-07 4.501103191934244e-07 4.642324732128688e-07 4.756568916354702e-07 4.837334229446995e-07 4.879656720417401e-07 5.472990400802264e-07 4.836938926859187e-07 4.753794366954607e-07
3.330186380570015e-06 8.653228124463236e-05 5.790429189750966e-04 3.081672678140936e-09 2.916896241186196e-09 2.761892228760219e-09 2.612399725557477e-09 2.463606362727589e-09 2.310285201829316e-09 2.146958726876454e-09 1.968084735811486e-09 1.768257543829922e-09 1.542405801793991e-09 1.286001801199921e-09 9.953103276261473e-10 6.677389619024707e-10 3.023657524259903e-10 -9.926371680472196e-11 -5.320358873968450e-10 -9.858736890676538e-10 -1.444111678520707e-09 -1.881802952752521e-09 -2.264310422434284e-09 -2.547121503226719e-09 -2.678772174195460e-09 -2.609448694333297e-09 -2.306745602986562e-09 -1.775969148813932e-09 -1.076348202030915e-09 -3.210719599931097e-10 3.465428183610554e-10 7.960168292810229e-10 9.520519774417152e-10 8.999677098441746e-08 9.110127016523648e-08 9.180825004667745e-08 9.210389195150455e-08 9.197958650190559e-08 9.143239770831733e-08 9.046560578090522e-08 8.908933056835455e-08 8.732124106205633e-08 8.518744975487289e-08 8.272351596347780e-08 7.997546726008554e-08 7.700060386765140e-08 7.386779183203050e-08 7.065678295770665e-08 6.745632652762072e-08 6.436100045080716e-08 6.146712720654681e-08 5.886870520325423e-08 5.665401929053287e-08 5.490232764334543e-08 5.367725844474069e-08 5.301125130018295e-08 5.287716613176986e-08 5.315230611722864e-08 5.359368710222273e-08 5.385091766571758e-08 5.353221135579775e-08 5.230822034719720e-08 5.001869479887081e-08 5.851619959186601e-08 6.790020265175532e-08 7.781380566554459e-08 8.898579221569276e-08 1.009357065990869e-07 1.137725512868359e-07 1.277454832201852e-07 1.425604035241795e-07 1.583648685018326e-07 1.751190892047144e-07 1.927427317491110e-07 2.111129975265463e-07 2.304461386510689e-07 2.502887444025182e-07 2.706246322584061e-07 2.915158639332584e-07 3.124568193060612e-07 3.335008882616972e-07 3.543597905048039e-07 3.747594406790475e-07 3.944276258183620e-07 4.132311262556813e-07 4.307602658215015e-07 4.466634156878376e-07 4.604442729882767e-07 4.716118661340746e-07 4.795629881549996e-07 4.836938926859187e-07 5.409994847520633e-07 4.794266839320757e-07
3.450290147363706e-06 8.904753208848145e-05 5.916360801421540e-04 3.097504138604130e-09 2.916352304231642e-09 2.748719566929658e-09 2.591093877614377e-09 2.439368920874208e-09 2.288925930771246e-09 2.134755020269542e-09 1.971613900998323e-09 1.794202658777524e-09 1.597351733706035e-09 1.376211278694513e-09 1.126451805332710e-09 8.445003876441788e-10 5.278794530511169e-10 1.757171395411414e-10 -2.104899772544450e-10 -6.258129136569310e-10 -1.060546688356848e-09 -1.498649254624249e-09 -1.916110708337242e-09 -2.279601557541730e-09 -2.546303967979711e-09 -2.666742012681155e-09 -2.593090674738379e-09 -2.294389717829526e-09 -1.776134066866626e-09 -1.095892655702466e-09 -3.632816384000803e-10 2.831357127393027e-10 7.174208376551330e-10 8.951797821415954e-08 9.089186968898321e-08 9.189114351615229e-08 9.249831535292811e-08 9.270048325301195e-08 9.248982779422796e-08 9.186409964169785e-08 9.082709912030200e-08 8.938926264961514e-08 8.756834513649317e-08 8.539025769352795e-08 8.289001741252776e-08 8.011273841279623e-08 7.711438742289740e-08 7.396204537736319e-08 7.073327891937168e-08 6.751428743196634e-08 6.439684080974770e-08 6.147434809445335e-08 5.883790277971752e-08 5.657300211592406e-08 5.475634802723609e-08 5.344945918213091e-08 5.268363712489913e-08 5.243254998099421e-08 5.257749017740295e-08 5.288351832564553e-08 5.301197897616364e-08 5.258441071446309e-08 5.128304431004399e-08 5.083879961347427e-08 5.908607724405867e-08 6.853678034377218e-08 7.864723143379890e-08 8.962305036193191e-08 1.016907257519953e-07 1.145663285059934e-07 1.284301947282138e-07 1.432239723069110e-07 1.589495865130101e-07 1.755167451522270e-07 1.931031561627920e-07 2.113685938754349e-07 2.303352463416478e-07 2.500619240995451e-07 2.701730785336198e-07 2.907107852714142e-07 3.114495342780606e-07 3.321689999171466e-07 3.526068619803560e-07 3.726901172758125e-07 3.920776087249811e-07 4.105105929433063e-07 4.276557727146590e-07 4.432297427019835e-07 4.567776582492714e-07 4.677003012476181e-07 4.753794366954607e-07 4.794266839320757e-07 5.349445392506907e-07
