2.353410563248830023e-01 1.953262524583596060e-01 2.841803518856629227e-02 2.100148466379752070e-04 2.003181734390792085e-04 1.907675080810104762e-04 1.813819600286744672e-04 1.721790988272749558e-04 1.631749149351942102e-04 1.543837922025707301e-04 1.458184919809201471e-04 1.374901486320828918e-04 1.294082762282353452e-04 1.215807860437541051e-04 1.140140144413870880e-04 1.067127606110034385e-04 9.968033360805835462e-05 9.291860801391153726e-05 8.642808755390395288e-05 8.020797590382382984e-05 7.425625390737029634e-05 6.856976238093395021e-05 6.314428965777383110e-05 5.797466301301397467e-05 5.305484309160633197e-05 4.837802046616276446e-05 4.393671345126321084e-05 3.972286633143205158e-05 3.572794713773599619e-05 3.194304421963233231e-05 2.835896079027427704e-05 2.496630675092482643e-05 -6.518917090647785551e-05 -6.721991688011639437e-05 -6.913245786010752245e-05 -7.092115114687821053e-05 -7.258121474893487735e-05 -7.410873476513419602e-05 -7.550066606267008464e-05 -7.675482637535711796e-05 -7.786988394134614056e-05 -7.884533902219612110e-05 -7.968149950758016695e-05 -8.037945098860741812e-05 -8.094102164516430852e-05 -8.136874237250062852e-05 -8.166580257406956533e-05 -8.183600212770318584e-05 -8.188369998362625348e-05 -8.181375995169106472e-05 -8.163149418370447467e-05 -8.134260494619909953e-05 -8.095312516702218245e-05 -8.046935837071873907e-05 -7.989781851295791671e-05 -7.924517024834945307e-05 -7.851817013985341453e-05 -7.772360929991141572e-05 -7.686825793690967490e-05 -7.595881220164639957e-05 -7.500184377980927011e-05 1.044981910688000577e-06 1.150272750630893286e-06 1.260711636571830377e-06 1.376075498564642008e-06 1.496104008114814777e-06 1.620501125132766422e-06 1.748937021588769461e-06 1.881050324199136900e-06 2.016450616959807435e-06 2.154721255449143045e-06 2.295422400197758073e-06 2.438094273758547100e-06 2.582260596916781486e-06 2.727432172328895008e-06 2.873110581580881874e-06 3.018791975517053911e-06 3.163970889414117661e-06 3.308144079249399588e-06 3.450814313540215799e-06 3.591494137045500552e-06 3.729709500652125792e-06 3.865003296494083998e-06 3.996938731492928922e-06 4.125102515455755842e-06 4.249107822501028780e-06 4.368597012407513212e-06 4.483244065780306853e-06 4.592756692562281981e-06 4.696878118068871730e-06
1.953262524583596060e-01 1.496339978258765413e+00 5.415914014630373030e-01 1.743052262540285933e-04 1.662568913709028316e-04 1.583296284919757154e-04 1.505392980413100459e-04 1.429004831340926595e-04 1.354264570738911199e-04 1.281291605229700986e-04 1.210191883096790763e-04 1.141057856973648005e-04 1.073968539226089467e-04 1.008989646865198029e-04 9.461738325779449777e-05 8.855609974903601387e-05 8.271786809986140545e-05 7.710425221671043364e-05 7.171567870817685921e-05 6.655149558556009131e-05 6.161003628092749597e-05 5.688868830069309485e-05 5.238396581213920425e-05 4.809158544923201217e-05 4.400654461120958276e-05 4.012320152932160038e-05 3.643535637896203896e-05 3.293633273443304180e-05 2.961905865915670020e-05 2.647614678990873154e-05 2.349997275021531486e-05 2.068275130593441314e-05 -4.989871483049422183e-04 -5.145392449289040368e-04 -5.291873162954039041e-04 -5.428881545676912711e-04 -5.556051337796668460e-04 -5.673082666647526542e-04 -5.779742101418222167e-04 -5.875862204279350956e-04 -5.961340591373226515e-04 -6.036138522141882385e-04 -6.100279038319825296e-04 -6.153844678135686605e-04 -6.196974794125914392e-04 -6.229862506127377712e-04 -6.252751323472478589e-04 -6.265931472933812096e-04 -6.269735970489164530e-04 -6.264536476891155708e-04 -6.250738977809500293e-04 -6.228779330440200636e-04 -6.199118718208503293e-04 -6.162239055788759374e-04 -6.118638385698877162e-04 -6.068826307059405935e-04 -6.013319475844062113e-04 -5.952637214400694236e-04 -5.887297266174894511e-04 -5.817811729122925220e-04 -5.744683199254319202e-04 2.108079732126969842e-05 2.319430854746217907e-05 2.540918491410283222e-05 2.772065392280479980e-05 3.012318667007577895e-05 3.261053151518033313e-05 3.517575478896179520e-05 3.781128812298735655e-05 4.050898191304546655e-05 4.326016442737675967e-05 4.605570594262676197e-05 4.888608729146717169e-05 5.174147213950916154e-05 5.461178228086149052e-05 5.748677521329210999e-05 6.035612324124383922e-05 6.320949331844087713e-05 6.603662687046974757e-05 6.882741881005885486e-05 7.157199501066745652e-05 7.426078746118734578e-05 7.688460642430650007e-05 7.943470890080922813e-05 8.190286276395484534e-05 8.428140596549151746e-05 8.656330028093163487e-05 8.874217910210035001e-05 9.081238884935802420e-05 9.276902366373810261e-05
2.841803518856630961e-02 5.415914014630371920e-01 2.618215571440190459e+00 2.548391941804504436e-05 2.434100872666411541e-05 2.321367433674156321e-05 2.210414976023106543e-05 2.101449829204734944e-05 1.994660833632814852e-05 1.890219001771136680e-05 1.788277307318171584e-05 1.688970600385917528e-05 1.592415646189236051e-05 1.498711283311960985e-05 1.407938697133084736e-05 1.320161802835308115e-05 1.235427731935891245e-05 1.153767415281026486e-05 1.075196255165953705e-05 9.997148784203547422e-06 9.273099619989656978e-06 8.579551221768398606e-06 7.916118581596746426e-06 7.282305407499589727e-06 6.677514365411404255e-06 6.101057581115546397e-06 5.552167307109762828e-06 5.030006661509934625e-06 4.533680346129418125e-06 4.062245257919145940e-06 3.614720906523781579e-06 3.190099559300301502e-06 -1.802501786127834894e-04 -1.858789302440085848e-04 -1.911821321722713646e-04 -1.961441482926471348e-04 -2.007517117986318256e-04 -2.049939459459661369e-04 -2.088623663410786818e-04 -2.123508651017159152e-04 -2.154556773855221077e-04 -2.181753309352728960e-04 -2.205105794169529357e-04 -2.224643204609902533e-04 -2.240414994305364152e-04 -2.252490000490410505e-04 -2.260955231121448787e-04 -2.265914545930389928e-04 -2.267487245151175018e-04 -2.265806580241529504e-04 -2.261018201293223194e-04 -2.253278556124136214e-04 -2.242753256105036645e-04 -2.229615423813592081e-04 -2.214044037393466389e-04 -2.196222286211201556e-04 -2.176335951964399398e-04 -2.154571828836587182e-04 -2.131116195620684375e-04 -2.106153351921963345e-04 -2.079864229705637765e-04 1.023709569787681318e-04 1.126302172193830353e-04 1.233807251923996217e-04 1.345991956719035695e-04 1.462586682329491126e-04 1.583286716711047816e-04 1.707754225841076438e-04 1.835620561581454509e-04 1.966488868792684618e-04 2.099936965968147431e-04 2.235520470890614542e-04 2.372776140449133441e-04 2.511225391667370262e-04 2.650377969268084290e-04 2.789735723741073800e-04 2.928796462906716001e-04 3.067057839345295944e-04 3.204021235890599519e-04 3.339195611540540093e-04 3.472101270750091841e-04 3.602273519963589458e-04 3.729266176633493817e-04 3.852654897588722160e-04 3.972040295640443691e-04 4.087050815612462392e-04 4.197345343592208834e-04 4.302615526026390283e-04 4.402587778360047112e-04 4.497024966195118018e-04
2.100148466379752341e-04 1.743052262540285933e-04 2.548391941804504097e-05 3.564754856661096279e-07 3.313006121529993547e-07 3.098859424235554646e-07 2.888277062839606648e-07 2.683834316560663288e-07 2.487754787467383595e-07 2.301455962757762642e-07 2.125834731415865735e-07 1.961093920301004988e-07 1.807099922964299057e-07 1.663354124464628600e-07 1.529241618384914688e-07 1.403994221554379384e-07 1.286922524888559197e-07 1.177311364577422569e-07 1.074545133908091288e-07 9.780500248034207634e-08 8.873504755736522073e-08 8.020596005090396449e-08 7.218432937662353393e-08 6.464468099473812716e-08 5.756445749284880233e-08 5.092483554467480718e-08 4.470282837745873760e-08 3.888739529761251656e-08 3.345314620894151683e-08 2.838575425880576655e-08 2.366949786781427989e-08 1.928525362786506628e-08 -4.527911769880076344e-10 8.170556882037989931e-09 1.676265135644756168e-08 2.518889795054574845e-08 3.333137216946176102e-08 4.108102269288205923e-08 4.834067926808999370e-08 5.503702348635614314e-08 6.111846624361293713e-08 6.656465828955317482e-08 7.138166342582997735e-08 7.559796105892504194e-08 7.925515253465471317e-08 8.239951541171286858e-08 8.507058969112020071e-08 8.729669891958566731e-08 8.908550555859809728e-08 9.042019149032702091e-08 9.125265189147751495e-08 9.150817751229469306e-08 9.108259030231710081e-08 8.985107137200734908e-08 8.767947300178899552e-08 8.443906579327947224e-08 8.002272415737052192e-08 7.436125056701733486e-08 6.744092712829289538e-08 5.930890343406822518e-08 5.007718566369931810e-08 -3.116848574243773292e-09 -3.071361312558421115e-09 -2.987386021491780543e-09 -2.880866171996034276e-09 -2.765812389603125031e-09 -2.647427781258874865e-09 -2.525388186421133705e-09 -2.397873733623128820e-09 -2.256991367707578721e-09 -2.097677949539349224e-09 -1.919779860111208601e-09 -1.731334989559084356e-09 -1.548111578751381360e-09 -1.389715780458815428e-09 -1.273115822736255187e-09 -1.208991636882697323e-09 -1.192448373898063956e-09 -1.198093789874072375e-09 -1.171395259328670437e-09 -1.031570608636224650e-09 -6.657768058574044329e-10 6.424340758370580070e-11 1.312900205218367274e-09 3.236884883664629645e-09 5.980345694252044146e-09 9.655457046840613803e-09 1.432495545571706451e-08 1.999243142327613434e-08 2.659418756979416985e-08
2.003181734390792085e-04 1.662568913709028316e-04 2.434100872666411879e-05 3.313006121529993547e-07 3.178526193137290675e-07 2.970823135866973545e-07 2.796109494432921007e-07 2.621853654627439082e-07 2.450103035302766475e-07 2.282847501937957935e-07 2.121529058182342837e-07 1.967253502783604461e-07 1.820586941934875816e-07 1.681810724137171615e-07 1.550845527670784417e-07 1.427524797480931170e-07 1.311506250037862609e-07 1.202438886299417036e-07 1.099891808541245297e-07 1.003505279780479945e-07 9.129151096046998560e-08 8.277797252860570022e-08 7.478456906138565814e-08 6.728346287205427676e-08 6.025369126201002368e-08 5.367056909737600898e-08 4.752070505744439252e-08 4.177610163715867593e-08 3.642151043796133293e-08 3.143553376245348916e-08 2.679808098392594724e-08 2.250018808360352834e-08 -6.971227689916498572e-09 4.718202908924276676e-10 8.078370879909177929e-09 1.572904669244553624e-08 2.332060394347529147e-08 3.075584435062880957e-08 3.793955929283924408e-08 4.478369332295617018e-08 5.120597909955240300e-08 5.714256020604109819e-08 6.255088700314134324e-08 6.741237371789170827e-08 7.172829817104418323e-08 7.551386286581939631e-08 7.878810685130473742e-08 8.156862719696492973e-08 8.386210624772720058e-08 8.565956644348715607e-08 8.692946621672855340e-08 8.762038661689794391e-08 8.765783489575535096e-08 8.695075311765367001e-08 8.540023440001386256e-08 8.291119150524272391e-08 7.940532662231512621e-08 7.483431361258569297e-08 6.919404515984441650e-08 6.252904884232932601e-08 5.493578836564267119e-08 -3.151332682879193677e-09 -3.183065515743414749e-09 -3.152828324463643727e-09 -3.074409401012746331e-09 -2.964102044049852414e-09 -2.834413497349568784e-09 -2.696124245008923811e-09 -2.559457922819385156e-09 -2.427379208205499018e-09 -2.300347084773728015e-09 -2.177225811246374743e-09 -2.059037636348891558e-09 -1.950759722158019906e-09 -1.860365960504845753e-09 -1.795088061430449320e-09 -1.759118558724707957e-09 -1.746088670756738310e-09 -1.734746204663413158e-09 -1.681508065638642039e-09 -1.522390751942417964e-09 -1.167937804007118407e-09 -5.083215087344254127e-10 5.793703098575462343e-10 2.220045498909668640e-09 4.528684782001231467e-09 7.594629312460935416e-09 1.146741817945697149e-08 1.614889128448745314e-08 2.158654484267693166e-08
1.907675080810104762e-04 1.583296284919756883e-04 2.321367433674155983e-05 3.098859424235554646e-07 2.970823135866973545e-07 2.869216884423786927e-07 2.696500258179120808e-07 2.552356918612061782e-07 2.405809256858200463e-07 2.258752216326014052e-07 2.113125838563800654e-07 1.970555471746243246e-07 1.832368750131816440e-07 1.699439230489717275e-07 1.572391528058644112e-07 1.451533638089828469e-07 1.336978206804888190e-07 1.228660235698073625e-07 1.126472834017952239e-07 1.030199665669856315e-07 9.396243338169927788e-08 8.545275776719246495e-08 7.746460191263151412e-08 6.997914536968181638e-08 6.296890511216832389e-08 5.641958482164198790e-08 5.030447944934174271e-08 4.460333743407154705e-08 3.929555341512498745e-08 3.435786281276880822e-08 2.977558532132468301e-08 2.552597240884560895e-08 -1.222456637189530556e-08 -5.990333014900894066e-09 5.714117982930598143e-10 7.355114323541628449e-09 1.426766623254192082e-08 2.122292183094288689e-08 2.813492693911653571e-08 3.491599306592671920e-08 4.147142943127928146e-08 4.771012744480141816e-08 5.355164393991415058e-08 5.893486053106726419e-08 6.382032670330318528e-08 6.818876499219699736e-08 7.203383678520176129e-08 7.535709561179357235e-08 7.815880399019218797e-08 8.043237964067753679e-08 8.215727177080793892e-08 8.329976963096427287e-08 8.380936148975866427e-08 8.362309570454728265e-08 8.267191826934813368e-08 8.088955974515529861e-08 7.822262310392937494e-08 7.464097160997976603e-08 7.014906606246551958e-08 6.478950051016176268e-08 5.864568588604758592e-08 -3.046240717044377296e-09 -3.166732033523136380e-09 -3.210200220327310908e-09 -3.185754444098314336e-09 -3.107285231160852842e-09 -2.989544347569108229e-09 -2.849098454091066086e-09 -2.704662002231655808e-09 -2.569716175674972467e-09 -2.453471431276954454e-09 -2.359256758454371273e-09 -2.286802175537114297e-09 -2.234730845865748876e-09 -2.201872618959187230e-09 -2.186375344777266624e-09 -2.185315647246974917e-09 -2.189314086556514093e-09 -2.179088620763554939e-09 -2.119178844371379379e-09 -1.959073719004983991e-09 -1.628749674415053114e-09 -1.042408701088474478e-09 -1.040255559125938492e-10 1.283999783438508292e-09 3.211465019993081896e-09 5.747895833750890821e-09 8.931265796426526212e-09 1.276168803494676311e-08 1.719607849288387517e-08
1.813819600286744672e-04 1.505392980413100459e-04 2.210414976023106543e-05 2.888277062839606648e-07 2.796109494432921007e-07 2.696500258179120808e-07 2.620078865177754740e-07 2.474346953481180713e-07 2.353246319358626252e-07 2.227456083984613009e-07 2.098858634288639086e-07 1.969469121400305554e-07 1.841051878575142222e-07 1.715169132846549662e-07 1.592977857761498048e-07 1.475333215953739543e-07 1.362756818660948709e-07 1.255588194175828471e-07 1.153957533726145056e-07 1.057897277268812959e-07 9.673398415533265334e-08 8.821511665395440417e-08 8.021934119329596726e-08 7.272230826739507967e-08 6.571354192285714427e-08 5.916472209375170247e-08 5.305717540845423210e-08 4.736926749015378107e-08 4.207577806277346059e-08 3.716086975002584281e-08 3.259867427011982092e-08 2.836981825684600588e-08 -1.625914243251041419e-08 -1.123126759842804984e-08 -5.747517710016597746e-09 1.059492562730884352e-10 6.245559352601889471e-09 1.259252419115802278e-08 1.906993303119583949e-08 2.559791878268606347e-08 3.208382501276508936e-08 3.842672133141277544e-08 4.452357524871606013e-08 5.028071633782761059e-08 5.562195297218446531e-08 6.049275921575851903e-08 6.485765016425836134e-08 6.869697087723891641e-08 7.199882675823629881e-08 7.475313823172413223e-08 7.694430802494295927e-08 7.855031130732056190e-08 7.953851594292918281e-08 7.986807839016750530e-08 7.949412990719874479e-08 7.837418126853663438e-08 7.647565794167202039e-08 7.378382748632470973e-08 7.031060318122270163e-08 6.609727503295728883e-08 6.121663139202730550e-08 -2.813287641833660216e-09 -3.020925195214174874e-09 -3.148491070405788919e-09 -3.196312272901181396e-09 -3.173473814159567063e-09 -3.092429299327069159e-09 -2.970796043732539043e-09 -2.830945094117851786e-09 -2.693568042928162904e-09 -2.576501507840036879e-09 -2.490744496035540263e-09 -2.440040395917811881e-09 -2.422170971326684483e-09 -2.431009088445787748e-09 -2.457807843107039799e-09 -2.492905002023760943e-09 -2.522852607817265655e-09 -2.528300502897103522e-09 -2.479047807702962039e-09 -2.334631340801425109e-09 -2.040397188443069690e-09 -1.530067069394072053e-09 -7.297906997818978416e-10 4.352904831289327498e-10 2.033846093313718328e-09 4.118658096377838691e-09 6.717806917789183952e-09 9.829736048431657695e-09 1.341904552076727143e-08
1.721790988272749558e-04 1.429004831340926595e-04 2.101449829204734944e-05 2.683834316560662759e-07 2.621853654627438553e-07 2.552356918612061253e-07 2.474346953481180713e-07 2.416537396412689582e-07 2.291225880717837599e-07 2.187260786140009893e-07 2.076940108876956010e-07 1.962180565127637644e-07 1.845097091385663108e-07 1.727639882932298698e-07 1.611503596725444139e-07 1.498003671956125307e-07 1.388156161838754214e-07 1.282650333851894550e-07 1.181940175682958993e-07 1.086292833505658871e-07 9.958193868833445372e-08 9.105341541041676308e-08 8.303314516799260990e-08 7.551678037635485358e-08 6.848051313196857675e-08 6.191024579803827709e-08 5.578470122709444352e-08 5.007854311470210926e-08 4.477712716544286766e-08 3.985133577225108333e-08 3.528070003792617854e-08 3.105100470174308570e-08 -1.914982705822316597e-08 -1.528839681951919109e-08 -1.088757306398981454e-08 -6.003510543132010211e-09 -7.043098215955043728e-10 4.938581687128365164e-09 1.085427848917600772e-08 1.697098758513224533e-08 2.320519204337367202e-08 2.945985916795298345e-08 3.562569019124039689e-08 4.159071981958368465e-08 4.725112954428376655e-08 5.252052994278778823e-08 5.733303778134395714e-08 6.164371281228815220e-08 6.542297446442567805e-08 6.865116145699335857e-08 7.131129154389001244e-08 7.338670861467986552e-08 7.485631472283527850e-08 7.569518747311112014e-08 7.587683888410475344e-08 7.537743077626068298e-08 7.418107165448510050e-08 7.228559544676923814e-08 6.970917668898996214e-08 6.649231295274961165e-08 6.269942199194909080e-08 -2.477934187452680962e-09 -2.757971959555395988e-09 -2.967537161852463160e-09 -3.096713793450851807e-09 -3.145943037306525279e-09 -3.123047448885030740e-09 -3.042495337798913038e-09 -2.926061334048114442e-09 -2.797143472214729427e-09 -2.679256046283063599e-09 -2.591054195679839309e-09 -2.543418321326452617e-09 -2.538346026513127996e-09 -2.569914774761561200e-09 -2.626260222159488718e-09 -2.692813860993488749e-09 -2.751980256686851061e-09 -2.782809025023524115e-09 -2.757705467422190744e-09 -2.642906512954510364e-09 -2.395116087933166043e-09 -1.963130878004874085e-09 -1.290638790516855108e-09 -3.210365599544402249e-10 9.972014823049958584e-10 2.703140245653065700e-09 4.816636314269935199e-09 7.334575069268644000e-09 1.022762810155676176e-08
1.631749149351942102e-04 1.354264570738911199e-04 1.994660833632814513e-05 2.487754787467383595e-07 2.450103035302766475e-07 2.405809256858200463e-07 2.353246319358626252e-07 2.291225880717837599e-07 2.246824790941597462e-07 2.136899966626620799e-07 2.045637199315238925e-07 1.946918357178911188e-07 1.842752404177019608e-07 1.735310808376216366e-07 1.626616424264891120e-07 1.518468059742596555e-07 1.412282929972332759e-07 1.309156870901494604e-07 1.209884481456074072e-07 1.114981042833269261e-07 1.024785371294993885e-07 9.394314767096562165e-08 8.590318932610936126e-08 7.834912204781082914e-08 7.127396757361486059e-08 6.466144944585950868e-08 5.849224127673128802e-08 5.275071691600761684e-08 4.740947398611389086e-08 4.244817340451672677e-08 3.784938459839561089e-08 3.358820910490876261e-08 -2.100473819059524867e-08 -1.822838213520242844e-08 -1.488056641921675406e-08 -1.097845133234501258e-08 -6.564052033410124493e-09 -1.695390450515961986e-09 3.563047926933671762e-09 9.145031924054050314e-09 1.497636975933632055e-08 2.097057264690296952e-08 2.702479704837265891e-08 3.302394786893589389e-08 3.884972775122373650e-08 4.439214126937612443e-08 4.955763797159788997e-08 5.427436443282088277e-08 5.849064764209497416e-08 6.217147019066575878e-08 6.529208924084148878e-08 6.783477196131042520e-08 6.978351342871632121e-08 7.112308028711400022e-08 7.183955701358818970e-08 7.192264359294017934e-08 7.136900469064425825e-08 7.018618284690920342e-08 6.839733040948712607e-08 6.604248190971533204e-08 6.317964421272006221e-08 -2.076118990092336012e-09 -2.402949275693250183e-09 -2.680011795229251831e-09 -2.887739874730688769e-09 -3.016640869765442582e-09 -3.066270708357149468e-09 -3.045875315491488125e-09 -2.972904486973177689e-09 -2.869525052254980159e-09 -2.760835475959776379e-09 -2.670428002331329182e-09 -2.616340941576620448e-09 -2.607719085182015433e-09 -2.643528252459253178e-09 -2.713468082662516824e-09 -2.801406950579064072e-09 -2.886944759154335693e-09 -2.946997405102134655e-09 -2.954513259355213964e-09 -2.879409026658672269e-09 -2.685973440689108039e-09 -2.333859506112914243e-09 -1.779897032472233812e-09 -9.814844974453734397e-10 9.954297523171081985e-11 1.491423750663882505e-09 3.207422964733190772e-09 5.243053154137024488e-09 7.573648329418098711e-09
1.543837922025707301e-04 1.281291605229701257e-04 1.890219001771137019e-05 2.301455962757762642e-07 2.282847501937957935e-07 2.258752216326014052e-07 2.227456083984613009e-07 2.187260786140010157e-07 2.136899966626621064e-07 2.102004638086058433e-07 2.003721489992609112e-07 1.922043539853599938e-07 1.832283810676019215e-07 1.736477794256790942e-07 1.636836169610826068e-07 1.535432513479452771e-07 1.434082932490999889e-07 1.334270711312444865e-07 1.237117000561827027e-07 1.143464005912071650e-07 1.053834909611267521e-07 9.686555959304337188e-08 8.880682836061994336e-08 8.121612726558146470e-08 7.409175094787788982e-08 6.742183994875606355e-08 6.119677612429443199e-08 5.539397555593676217e-08 4.999364832986926983e-08 4.497910943759207701e-08 4.032566235702717788e-08 3.601111551216903722e-08 -2.196312974370076853e-08 -2.015242572673214055e-08 -1.778842427287315258e-08 -1.484739605956068113e-08 -1.133629822316716224e-08 -7.289326674203562661e-09 -2.758512388386191219e-09 2.196080368733640997e-09 7.507086847803080469e-09 1.309857774241508359e-08 1.888012697199027655e-08 2.474522347622476555e-08 3.057509729822818614e-08 3.624825924358349595e-08 4.165090947019738677e-08 4.668651104633406481e-08 5.127931887752373213e-08 5.537436607470154385e-08 5.893320815762679224e-08 6.193069370435070908e-08 6.434950510188207072e-08 6.617792103767778907e-08 6.740887066000204720e-08 6.804055961791247590e-08 6.807812990748125564e-08 6.753595698039467424e-08 6.644076319827874612e-08 6.483220449680500012e-08 6.276345419014682319e-08 -1.648022930618374258e-09 -1.990501008965604289e-09 -2.310383941323169081e-09 -2.582140560719143329e-09 -2.787024066584338702e-09 -2.915149637428642745e-09 -2.967261287627601858e-09 -2.954772097351052078e-09 -2.895189578669383616e-09 -2.811631657703039887e-09 -2.728808114148898760e-09 -2.669340247795993682e-09 -2.649468351855217060e-09 -2.675678275128640933e-09 -2.743447470422702293e-09 -2.839290315234947296e-09 -2.942824939402156102e-09 -3.029725657509482159e-09 -3.072482545839187333e-09 -3.042355911149193760e-09 -2.907909969359293827e-09 -2.635814393826650975e-09 -2.192000460199948849e-09 -1.543950942264624763e-09 -6.633676653364174525e-10 4.698595272880953348e-10 1.863976888604713821e-09 3.513402303468514921e-09 5.396985804319353419e-09
1.458184919809201471e-04 1.210191883096790899e-04 1.788277307318170907e-05 2.125834731415865735e-07 2.121529058182342837e-07 2.113125838563800390e-07 2.098858634288639086e-07 2.076940108876956010e-07 2.045637199315238925e-07 2.003721489992609112e-07 1.975589892437483573e-07 1.886367435164849747e-07 1.812115542165821077e-07 1.729491258029719601e-07 1.640543951268932362e-07 1.547465234132623914e-07 1.452340922046196068e-07 1.356972544426590698e-07 1.262852478856703732e-07 1.171081109464949780e-07 1.082566285106178262e-07 9.978245375965382438e-08 9.172503111158673320e-08 8.410600390497525161e-08 7.692944242286705293e-08 7.020012239251329341e-08 6.390364105880057297e-08 5.802528387475906796e-08 5.255403810359232218e-08 4.746517552057240192e-08 4.273731872577666328e-08 3.835699586408412979e-08 -2.218403482776996839e-08 -2.119318243742400523e-08 -1.970736804546384218e-08 -1.766865829308770445e-08 -1.504680735568498038e-08 -1.184345379935974696e-08 -8.088139558760304265e-09 -3.828872350967484256e-09 8.742237213068195673e-10 5.953205890926343907e-09 1.132971348564480245e-08 1.691110100059022062e-08 2.258886042983974632e-08 2.824296538075815014e-08 3.375051183460178773e-08 3.899704232321249486e-08 4.388453330860825424e-08 4.833589901781203192e-08 5.229431335935441820e-08 5.572140494247469031e-08 5.859237705176912236e-08 6.089299814665234046e-08 6.261745718145151797e-08 6.376755573635410945e-08 6.435290160544492862e-08 6.439180212844671804e-08 6.391298144889804935e-08 6.295549749506034376e-08 6.156880947899759054e-08 -1.230766314041193346e-09 -1.558926159915073541e-09 -1.891872638843341951e-09 -2.203610835583103293e-09 -2.469747746972813210e-09 -2.671678614340189204e-09 -2.800718541532695708e-09 -2.859384293248085548e-09 -2.859014039514883221e-09 -2.817652217829933900e-09 -2.757801375352331123e-09 -2.703033436340925141e-09 -2.674149310260486972e-09 -2.684934816491389477e-09 -2.738904412455980015e-09 -2.828990479699138112e-09 -2.938520577759562287e-09 -3.044299223828555589e-09 -3.118826078766088460e-09 -3.133494787920947848e-09 -3.058631255948981015e-09 -2.864659991029971041e-09 -2.523047863046850581e-09 -2.007861286009169827e-09 -1.297523409643260136e-09 -3.775906269826401851e-10 7.566607069590223791e-10 2.098937432112269097e-09 3.630760600927161692e-09
1.374901486320828918e-04 1.141057856973648141e-04 1.688970600385917190e-05 1.961093920301004988e-07 1.967253502783604461e-07 1.970555471746243246e-07 1.969469121400305819e-07 1.962180565127637644e-07 1.946918357178911717e-07 1.922043539853599938e-07 1.886367435164849747e-07 1.863122951057130659e-07 1.781148133720005257e-07 1.712876893267677368e-07 1.636162477783267930e-07 1.553051965496711748e-07 1.465684572813765987e-07 1.376120166995372540e-07 1.286101476760284719e-07 1.197154614480230575e-07 1.110347788596826465e-07 1.026537553533927586e-07 9.463025104181912000e-08 8.699815236236137448e-08 7.978513855139685633e-08 7.299246280260742353e-08 6.662003005413482852e-08 6.066404254275616029e-08 5.510557543703410445e-08 4.992828207959744567e-08 4.511863439927123847e-08 4.065296800088793854e-08 -2.183133619563460730e-08 -2.150421938363554082e-08 -2.076515440587288697e-08 -1.953448147981463350e-08 -1.775082444934287355e-08 -1.538110301814695327e-08 -1.242401891206520382e-08 -8.905949407746522506e-09 -4.874374605745829603e-09 -3.890697444991427936e-10 4.480876658014353714e-09 9.655984458085655495e-09 1.504265355939592044e-08 2.053220055068687595e-08 2.600462594429061012e-08 3.133793106147916036e-08 3.641801674850136394e-08 4.114720225648099012e-08 4.544802385871067462e-08 4.926438618888102925e-08 5.255846383612568932e-08 5.530779377301635441e-08 5.750242530329880877e-08 5.914297371880290272e-08 6.023955771837898877e-08 6.081146589273560953e-08 6.088765833081033139e-08 6.050602627981148528e-08 5.971292925027561147e-08 -8.525515236884667657e-10 -1.143273594804113613e-09 -1.460828148756573873e-09 -1.783869996151675959e-09 -2.087655050258961174e-09 -2.348357245102462837e-09 -2.548732046709745162e-09 -2.681762921411347795e-09 -2.750022645358692063e-09 -2.765196969122123008e-09 -2.744701953299810866e-09 -2.709898371785423337e-09 -2.682611720762920584e-09 -2.681353508576648991e-09 -2.717233877425791238e-09 -2.791529448595855954e-09 -2.894592364402174774e-09 -3.007617259457307683e-09 -3.105084304155158090e-09 -3.158801714544499119e-09 -3.139531356967498047e-09 -3.019044013318344035e-09 -2.771397443223720476e-09 -2.374218828934125726e-09 -1.809883382890854505e-09 -1.067402247994824393e-09 -1.441592333475679417e-10 9.533322053128608575e-10 2.208731047447572926e-09
1.294082762282353723e-04 1.073968539226089467e-04 1.592415646189236390e-05 1.807099922964298793e-07 1.820586941934875816e-07 1.832368750131816175e-07 1.841051878575142222e-07 1.845097091385663108e-07 1.842752404177019608e-07 1.832283810676019215e-07 1.812115542165821077e-07 1.781148133720005257e-07 1.761555086715699345e-07 1.685594900313441083e-07 1.622323291302082295e-07 1.550685823793409686e-07 1.472687716596893332e-07 1.390386564621346923e-07 1.305842906015001382e-07 1.220735364458515110e-07 1.136510646447825067e-07 1.054274749247035993e-07 9.748118781043657236e-08 8.987486839554993391e-08 8.263877333241412304e-08 7.579506960284058498e-08 6.935551923028616072e-08 6.331480608597255295e-08 5.766426018866925312e-08 5.239549890482316000e-08 4.748975469563242347e-08 4.293034540716726411e-08 -2.105887761760969672e-08 -2.124458721518567955e-08 -2.111010789407724926e-08 -2.056768325609304057e-08 -1.953643394775026285e-08 -1.795426414686126366e-08 -1.578700021217149726e-08 -1.303149804191396884e-08 -9.713716091795300382e-09 -5.880344876928007343e-09 -1.591343465912945837e-09 3.083989643321365354e-09 8.065958284287754728e-09 1.326134583021326138e-08 1.856218988606658962e-08 2.385020808620628383e-08 2.900495293228177941e-08 3.391396014040673795e-08 3.848049277002332141e-08 4.262861759980012136e-08 4.630324879755798516e-08 4.946860883650838942e-08 5.210550810543026260e-08 5.420873842619738097e-08 5.578501664463906140e-08 5.685158854480470902e-08 5.743565928081290829e-08 5.757300492014350758e-08 5.730696525489787330e-08 -5.300393157462016061e-10 -7.698746841281610789e-10 -1.050231327798687238e-09 -1.357339942674536237e-09 -1.670988113303828740e-09 -1.967203518620839237e-09 -2.223664416720735513e-09 -2.424864864140318944e-09 -2.564130952461678138e-09 -2.644459549243509051e-09 -2.677016473530086029e-09 -2.678217003351732695e-09 -2.667837290332245661e-09 -2.665609775696152506e-09 -2.687586502945547502e-09 -2.742765209136468102e-09 -2.830119396491430671e-09 -2.938184772009148742e-09 -3.046317113317323093e-09 -3.128527494842960028e-09 -3.156201970364409669e-09 -3.101257275786202147e-09 -2.938255885761567319e-09 -2.645958192328396619e-09 -2.208337602855890599e-09 -1.615905856211297541e-09 -8.668262114781534176e-10 3.275865460639139578e-11 1.068417975308713207e-09
1.215807860437541051e-04 1.008989646865198164e-04 1.498711283311960646e-05 1.663354124464628600e-07 1.681810724137171615e-07 1.699439230489717275e-07 1.715169132846549927e-07 1.727639882932298962e-07 1.735310808376216630e-07 1.736477794256790942e-07 1.729491258029719601e-07 1.712876893267677633e-07 1.685594900313441347e-07 1.668841273049429368e-07 1.598042598839324083e-07 1.539085552422274999e-07 1.471897445263346343e-07 1.398479334023753960e-07 1.320803425576130110e-07 1.240823365206141237e-07 1.160226673286014580e-07 1.080361449104332790e-07 1.002360495914515327e-07 9.269551457245544723e-08 8.547055850333685790e-08 7.860088597380861656e-08 7.210302401161017627e-08 6.598290480895966179e-08 6.024570485487290610e-08 5.487976286588110055e-08 4.987340585030089900e-08 4.521333420043288009e-08 -2.000069853966165244e-08 -2.056465121258174187e-08 -2.089644836842123659e-08 -2.091124335781332151e-08 -2.052141712259009858e-08 -1.964687102908655463e-08 -1.822603612504891539e-08 -1.622441449507423706e-08 -1.363917939820319978e-08 -1.049571598229374630e-08 -6.840452196821703013e-09 -2.732914301294269602e-09 1.757983710130273447e-09 6.553282426756418237e-09 1.156075377664666408e-08 1.667438981568464090e-08 2.177801622303384676e-08 2.675361915832503296e-08 3.149071648695569047e-08 3.589492979897863603e-08 3.989201325700823734e-08 4.342906797419931007e-08 4.647315768241671530e-08 4.900884119682847834e-08 5.103555860377137725e-08 5.256539098485960711e-08 5.362155241699969805e-08 5.423636322326939800e-08 5.444968702573024441e-08 -2.690367115771899880e-10 -4.539346119079803474e-10 -6.845670897076843055e-10 -9.550038369633900423e-10 -1.252331546545442541e-09 -1.557078206344536312e-09 -1.846778279791683761e-09 -2.100922522038879727e-09 -2.304698996803236657e-09 -2.452087333017093157e-09 -2.545845034866077972e-09 -2.596347146738333741e-09 -2.618672149682284350e-09 -2.630740992819401299e-09 -2.650048204628704815e-09 -2.690616472132036265e-09 -2.759247871684880657e-09 -2.853172024602008052e-09 -2.959278448984293410e-09 -3.056496046118005325e-09 -3.118523868952783321e-09 -3.117709331515468598e-09 -3.028199664658513790e-09 -2.828255607337610423e-09 -2.501595769193864208e-09 -2.038559908456113969e-09 -1.436855420208524175e-09 -7.015749472006927120e-10 1.548084854535883962e-10
1.140140144413870745e-04 9.461738325779449777e-05 1.407938697133084736e-05 1.529241618384914423e-07 1.550845527670784417e-07 1.572391528058643847e-07 1.592977857761498048e-07 1.611503596725444139e-07 1.626616424264891120e-07 1.636836169610826068e-07 1.640543951268932362e-07 1.636162477783267665e-07 1.622323291302082295e-07 1.598042598839324083e-07 1.583582733155667355e-07 1.517298807074550309e-07 1.462158166359577480e-07 1.399001780508578294e-07 1.329719694710294645e-07 1.256275564666138764e-07 1.180499765869546379e-07 1.104079667445754060e-07 1.028286999759956529e-07 9.541680931935903772e-08 8.825323856704193760e-08 8.138711007224105924e-08 7.485153948151997576e-08 6.867230159189112657e-08 6.285220854975287688e-08 5.739239710535324280e-08 5.228639548593150519e-08 4.752194675559913828e-08 -1.876628591003959125e-08 -1.959591510805006876e-08 -2.027014727374510984e-08 -2.071383395211448398e-08 -2.084292345496697441e-08 -2.057142279554023768e-08 -1.982091041846256589e-08 -1.853087697656868256e-08 -1.666821236092782827e-08 -1.423031359779791426e-08 -1.124250194827966389e-08 -7.750568036825313898e-09 -3.813255657516172067e-09 5.015571156040622323e-10 5.116037626479126438e-09 9.939859615889095580e-09 1.486920748237392825e-08 1.979064591682196808e-08 2.458879460074368175e-08 2.915623412862374468e-08 3.340104351269652898e-08 3.725163010188416311e-08 4.065799689766017721e-08 4.359056258447905354e-08 4.603773518356541016e-08 4.800321676099664019e-08 4.950374250215511991e-08 5.056644705246058640e-08 5.122673933412121086e-08 -6.729955697550733629e-11 -2.002821619295671214e-10 -3.776279215643220018e-10 -5.996019695883214785e-10 -8.608076439840075565e-10 -1.148877965491717101e-09 -1.445676558983035716e-09 -1.730500656949144296e-09 -1.983809878305261484e-09 -2.191733903670833834e-09 -2.348373173847241519e-09 -2.456027734841615373e-09 -2.524010526484469096e-09 -2.565835174123645584e-09 -2.597434267126588782e-09 -2.634393763561266314e-09 -2.688619751952659190e-09 -2.765148090123399715e-09 -2.859577750538753352e-09 -2.958274513545223718e-09 -3.039862672750299424e-09 -3.078859463945824743e-09 -3.049495127165806959e-09 -2.928975533791417176e-09 -2.699602159338504253e-09 -2.350240652516851844e-09 -1.877033974458026409e-09 -1.283283537596494784e-09 -5.792194175910925742e-10
1.067127606110034250e-04 8.855609974903601387e-05 1.320161802835308115e-05 1.403994221554379384e-07 1.427524797480930906e-07 1.451533638089828205e-07 1.475333215953739543e-07 1.498003671956125307e-07 1.518468059742596555e-07 1.535432513479452771e-07 1.547465234132623914e-07 1.553051965496711748e-07 1.550685823793409686e-07 1.539085552422274999e-07 1.517298807074550044e-07 1.504758652020938194e-07 1.442551379151726560e-07 1.390819155402571587e-07 1.331326953046625149e-07 1.265839800044785782e-07 1.196305737116840245e-07 1.124455662062909572e-07 1.051866564303903416e-07 9.798653863566846911e-08 9.094104427762961443e-08 8.412291109779788116e-08 7.758939384754867486e-08 7.136912860119616271e-08 6.548339454342362693e-08 5.993939535034055130e-08 5.473720437861007686e-08 4.987191470472859032e-08 -1.744069111585850448e-08 -1.844650684408167043e-08 -1.935925447960140671e-08 -2.011637861954259313e-08 -2.064372630647082535e-08 -2.085918901432855730e-08 -2.067907208931678130e-08 -2.002701314405022682e-08 -1.884492993422903169e-08 -1.710102887910512955e-08 -1.479338934093134900e-08 -1.194704318991445306e-08 -8.606958265345295222e-09 -4.830662068506711378e-09 -6.847574151112183460e-10 3.754742586865627743e-09 8.399575904796578419e-09 1.314861171385382384e-08 1.789129911620653508e-08 2.251576600030095422e-08 2.691774925352702223e-08 3.100861617201500089e-08 3.472009420796695645e-08 3.800562842184357382e-08 4.083922377498912330e-08 4.321298371729708875e-08 4.513444918916613422e-08 4.662346804905568512e-08 4.770952578685641715e-08 8.212916604950045405e-11 -6.092590121961069357e-12 -1.332995318197833837e-10 -3.036135719771501884e-10 -5.175569807562937243e-10 -7.700327325533227503e-10 -1.049719305943304441e-09 -1.340032563039955756e-09 -1.621336377200661690e-09 -1.875242277097978736e-09 -2.088365474825915395e-09 -2.254727194585915189e-09 -2.375928303048869410e-09 -2.460016728974308926e-09 -2.518815557931353911e-09 -2.566526659974458563e-09 -2.616753814529403944e-09 -2.679644417761965561e-09 -2.758579804291066987e-09 -2.848478768372360195e-09 -2.935331825168384813e-09 -2.998447277571424607e-09 -3.014004081407634457e-09 -2.958905970560135390e-09 -2.813832949578045348e-09 -2.565428778349276968e-09 -2.207390876970340119e-09 -1.740480829965721167e-09 -1.172214938079872170e-09
9.968033360805834107e-05 8.271786809986141900e-05 1.235427731935891583e-05 1.286922524888558932e-07 1.311506250037862609e-07 1.336978206804888190e-07 1.362756818660948709e-07 1.388156161838754214e-07 1.412282929972332759e-07 1.434082932490999889e-07 1.452340922046196068e-07 1.465684572813765723e-07 1.472687716596893332e-07 1.471897445263346343e-07 1.462158166359577215e-07 1.442551379151726560e-07 1.431633357419511189e-07 1.373120049225246994e-07 1.324491422803279719e-07 1.268370261795992028e-07 1.206421093064847380e-07 1.140467398505423983e-07 1.072274131364021762e-07 1.003307416550235090e-07 9.347910271020510999e-08 8.677450117832201907e-08 8.028376598387648066e-08 7.405815630433942491e-08 6.812991482403190752e-08 6.251829188998589652e-08 5.723152054534645832e-08 5.227112775515469728e-08 -1.608686912412152636e-08 -1.720070423440954019e-08 -1.826915415873048275e-08 -1.924248925165514784e-08 -2.005911681192241092e-08 -2.064681596360003338e-08 -2.092597107604211708e-08 -2.081549732531614999e-08 -2.024220474228692638e-08 -1.915037427625663545e-08 -1.750990932843300196e-08 -1.531941184294712010e-08 -1.260351736386249728e-08 -9.406070148025142697e-09 -5.783230259180468342e-09 -1.799779324881427749e-09 2.470230352470620331e-09 6.941036544122712162e-09 1.151436078573528252e-08 1.608330869363245625e-08 2.053965745985588822e-08 2.478305705901445231e-08 2.872879938539672941e-08 3.231247536454059464e-08 3.549126398666571758e-08 3.824272037496897594e-08 4.056235740819497854e-08 4.246031149586394745e-08 4.395822671844871517e-08 1.881266469135799281e-10 1.358878657649280956e-10 5.178497169042173176e-11 -7.007448909104630635e-11 -2.338820816074561389e-10 -4.402502256659661345e-10 -6.848092810314473164e-10 -9.574649230715006133e-10 -1.242603306402096335e-09 -1.521776301662007012e-09 -1.777334478166575890e-09 -1.996172640507436757e-09 -2.171998447479233949e-09 -2.305521016783533118e-09 -2.403408064590502624e-09 -2.476003791109038538e-09 -2.535737976202128297e-09 -2.594564759640365331e-09 -2.661028851552969879e-09 -2.737720531542640574e-09 -2.819105827403083871e-09 -2.891730061314333910e-09 -2.936403900725785966e-09 -2.931745114109623810e-09 -2.857793523936582187e-09 -2.699052248417571222e-09 -2.446319088981961281e-09 -2.097179459084809090e-09 -1.655857742372686080e-09
9.291860801391153726e-05 7.710425221671044719e-05 1.153767415281026317e-05 1.177311364577422569e-07 1.202438886299417036e-07 1.228660235698073625e-07 1.255588194175828471e-07 1.282650333851894815e-07 1.309156870901494604e-07 1.334270711312444865e-07 1.356972544426590698e-07 1.376120166995372540e-07 1.390386564621346923e-07 1.398479334023753960e-07 1.399001780508578294e-07 1.390819155402571852e-07 1.373120049225246994e-07 1.363622671681569804e-07 1.308498633158638433e-07 1.262753320000648484e-07 1.209703284730475219e-07 1.151045970075972151e-07 1.088481271858718847e-07 1.023651231562243083e-07 9.580617588287642088e-08 8.928566079434750495e-08 8.289788220837174714e-08 7.671149320492379875e-08 7.077472915724586293e-08 6.511971527063792087e-08 5.976639680552678547e-08 5.471960358598041590e-08 -1.474967664730250286e-08 -1.592153519403013425e-08 -1.708239329286694530e-08 -1.819416689839419685e-08 -1.920798167756635370e-08 -2.006402058081869090e-08 -2.069249123813713436e-08 -2.101657040033600497e-08 -2.095870456794291090e-08 -2.044881671969918334e-08 -1.943383450163170875e-08 -1.788519822441768809e-08 -1.580192392653398408e-08 -1.320799773830001496e-08 -1.014600984821988184e-08 -6.670292192135929405e-09 -2.843647169684843985e-09 1.262261378978581547e-09 5.564408638413621399e-09 9.968104692261821930e-09 1.437033787399756502e-08 1.866725410714663959e-08 2.276302144610488372e-08 2.657736367995824638e-08 3.005000812382982806e-08 3.314183495366849249e-08 3.583366021909215175e-08 3.812328858164429244e-08 4.002222732988865005e-08 2.596576435706067395e-10 2.346738693809854894e-10 1.851484852877671391e-10 1.048514106181828372e-10 -1.208008549314270453e-11 -1.697974562772950098e-10 -3.693674902788170697e-10 -6.072900449849021678e-10 -8.742084829357645737e-10 -1.155543131815443490e-09 -1.433649465219146099e-09 -1.691397163564142108e-09 -1.915723667611399028e-09 -2.099836270889400093e-09 -2.243452927322430591e-09 -2.352050525235783410e-09 -2.434503974241701865e-09 -2.501814273547946665e-09 -2.564518461540208973e-09 -2.630389566442885138e-09 -2.701564684614094198e-09 -2.772974525152642932e-09 -2.832537500853671745e-09 -2.863326483718589111e-09 -2.846864134247872116e-09 -2.766648387999703797e-09 -2.610827412629942600e-09 -2.373499427560513542e-09 -2.055051674421591442e-09
8.642808755390396643e-05 7.171567870817685921e-05 1.075196255165953535e-05 1.074545133908091288e-07 1.099891808541245297e-07 1.126472834017952107e-07 1.153957533726145188e-07 1.181940175682959126e-07 1.209884481456074072e-07 1.237117000561827027e-07 1.262852478856703732e-07 1.286101476760284984e-07 1.305842906015001382e-07 1.320803425576130110e-07 1.329719694710294645e-07 1.331326953046624884e-07 1.324491422803279719e-07 1.308498633158638433e-07 1.300298466107325173e-07 1.248256280089168310e-07 1.205184841113284549e-07 1.155044195738418437e-07 1.099408559569096459e-07 1.040005181732707053e-07 9.783773174183358200e-08 9.159328543835119015e-08 8.538146191873204300e-08 7.929160222263798302e-08 7.339091951408955698e-08 6.772706181708319019e-08 6.232782295380697268e-08 5.721486187845449321e-08 -1.345951779535645908e-08 -1.465414307187986870e-08 -1.586081345600847434e-08 -1.705135613514066495e-08 -1.818845343364796635e-08 -1.922483182731401775e-08 -2.010293613968025688e-08 -2.075572866376208946e-08 -2.110994570185023693e-08 -2.109151585522855891e-08 -2.063365596032710512e-08 -1.968574270692859460e-08 -1.822058678189303175e-08 -1.623734252685983172e-08 -1.375917026552294400e-08 -1.082697425147208950e-08 -7.493048801129431085e-09 -3.817768344765597394e-09 1.299257616322025484e-10 4.270481884521463962e-09 8.513135279042058981e-09 1.275946331880080691e-08 1.691055125792967934e-08 2.087552139512985247e-08 2.457871510186268643e-08 2.796386956601458268e-08 3.099515545107043593e-08 3.365552422376468487e-08 3.594381638437664454e-08 3.047799440524002114e-10 2.992813743833350422e-10 2.759069205078977490e-10 2.288895039397275060e-10 1.520622718642582745e-10 3.965298992167753840e-11 -1.127482074832685927e-10 -3.067533315269128523e-10 -5.393193199512653361e-10 -8.018347837403014582e-10 -1.080395466053149888e-09 -1.357929566650099704e-09 -1.617587282335477743e-09 -1.846171557284715084e-09 -2.036314357426005795e-09 -2.186924161054427863e-09 -2.302367582873415919e-09 -2.390428963943106189e-09 -2.461016696968672599e-09 -2.524080440017132285e-09 -2.587087140405607274e-09 -2.652650154360393659e-09 -2.716989659149039060e-09 -2.770124258699099976e-09 -2.797817336141575399e-09 -2.784722885395605130e-09 -2.717530485849587914e-09 -2.587152518147933676e-09 -2.389852219698319308e-09
8.020797590382382984e-05 6.655149558556009131e-05 9.997148784203542339e-06 9.780500248034207634e-08 1.003505279780479945e-07 1.030199665669856183e-07 1.057897277268812827e-07 1.086292833505658871e-07 1.114981042833269261e-07 1.143464005912071386e-07 1.171081109464949780e-07 1.197154614480230575e-07 1.220735364458515110e-07 1.240823365206141502e-07 1.256275564666138764e-07 1.265839800044786047e-07 1.268370261795992292e-07 1.262753320000648484e-07 1.248256280089168310e-07 1.241235530625282369e-07 1.192109054296735502e-07 1.151477086351291459e-07 1.104047356165403863e-07 1.051294685080499034e-07 9.948367817293224754e-08 9.361976362708651022e-08 8.767161631152990606e-08 8.175004478726302183e-08 7.594222891377910303e-08 7.030956968940422903e-08 6.490032515931932024e-08 5.974326271006562045e-08 -1.223584528986414055e-08 -1.342945787228415327e-08 -1.464889954660726868e-08 -1.587407580636062657e-08 -1.707755547159954582e-08 -1.822349679501845035e-08 -1.926672471159127828e-08 -2.015231758504450774e-08 -2.081661637898048421e-08 -2.118988068520649001e-08 -2.120159680020668336e-08 -2.078802418972112453e-08 -1.990073248748657358e-08 -1.851355741964879276e-08 -1.662551379027508236e-08 -1.425848178668844784e-08 -1.145138285944104235e-08 -8.253982250751249528e-09 -4.723784963581990423e-09 -9.262680091966158992e-10 3.062943431927271632e-09 7.157707268230722012e-09 1.126471505013293747e-08 1.529032360668021519e-08 1.914864988530782725e-08 2.276835233708010863e-08 2.609654949353590348e-08 2.909946954992831785e-08 3.176082343876675472e-08 3.302222689795979610e-10 3.377863991663166301e-10 3.330928699647271052e-10 3.112017768435086018e-10 2.664020855921443895e-10 1.926072725832861987e-10 8.391090724608714770e-11 -6.437980723647885252e-11 -2.540756835019273915e-10 -4.825391290989493900e-10 -7.415731312526922865e-10 -1.017715437517230865e-09 -1.294239248574755023e-09 -1.554419681940161966e-09 -1.784887054685142218e-09 -1.977885644545087492e-09 -2.131677993208088655e-09 -2.249955035501385047e-09 -2.339868015875125298e-09 -2.411073377157144214e-09 -2.473534630898340464e-09 -2.535355084116008773e-09 -2.600442316422829485e-09 -2.666973844748446941e-09 -2.727414415649853888e-09 -2.770284875787439935e-09 -2.782934768238982495e-09 -2.754248064560952838e-09 -2.676630595808335322e-09
7.425625390737029634e-05 6.161003628092750952e-05 9.273099619989653590e-06 8.873504755736522073e-08 9.129151096046998560e-08 9.396243338169927788e-08 9.673398415533265334e-08 9.958193868833445372e-08 1.024785371294993885e-07 1.053834909611267521e-07 1.082566285106178262e-07 1.110347788596826465e-07 1.136510646447825067e-07 1.160226673286014448e-07 1.180499765869546246e-07 1.196305737116840510e-07 1.206421093064847380e-07 1.209703284730475219e-07 1.205184841113284549e-07 1.192109054296735767e-07 1.186119985553437545e-07 1.139708584388673672e-07 1.101411760034091586e-07 1.056504764995717366e-07 1.006442427667553092e-07 9.527622043806905845e-08 8.969364633098201055e-08 8.402627122572091767e-08 7.837736410470410955e-08 7.283306576382725837e-08 6.745441539098061429e-08 6.228633132032427838e-08 -1.109006434774653688e-08 -1.226748609043067774e-08 -1.347723601169253839e-08 -1.470556547560278918e-08 -1.593317918700966980e-08 -1.713407486922484009e-08 -1.827440262575045144e-08 -1.931150771666455074e-08 -2.019357443876722101e-08 -2.086029612441444384e-08 -2.124542092511977732e-08 -2.128168421232142118e-08 -2.090803232786278456e-08 -2.007779263584428987e-08 -1.876541187900451515e-08 -1.696925129780739266e-08 -1.470949050935740995e-08 -1.202251338105094976e-08 -8.954999558550356357e-09 -5.560846256986071247e-09 -1.901505860802575449e-09 1.951997086724842826e-09 5.918603776467219653e-09 9.910318569264838471e-09 1.383862078660203214e-08 1.762208897038275100e-08 2.119278151910577913e-08 2.449979143287193324e-08 2.750985105316040814e-08 3.412855679539292895e-10 3.569274351749209127e-10 3.647618760618798432e-10 3.607875951527506777e-10 3.400908852193416984e-10 2.969931067232915322e-10 2.253476748889109472e-10 1.191707058646268466e-10 -2.622697163802173752e-11 -2.127377659653997554e-10 -4.378286696850821010e-10 -6.934919430261222003e-10 -9.665060255096619367e-10 -1.240373124048507264e-09 -1.498509601892000811e-09 -1.727576794851472314e-09 -1.919691371767408813e-09 -2.072968661660924443e-09 -2.191013811116810956e-09 -2.281198135162806522e-09 -2.353662373511911435e-09 -2.419324645021592090e-09 -2.487712115358394505e-09 -2.564599861949344804e-09 -2.650341905730604668e-09 -2.739701881188746697e-09 -2.823290278635765431e-09 -2.889977854537045251e-09 -2.929381201781197420e-09
6.856976238093395021e-05 5.688868830069309485e-05 8.579551221768398606e-06 8.020596005090396449e-08 8.277797252860570022e-08 8.545275776719245171e-08 8.821511665395440417e-08 9.105341541041677631e-08 9.394314767096562165e-08 9.686555959304337188e-08 9.978245375965382438e-08 1.026537553533927453e-07 1.054274749247035993e-07 1.080361449104332790e-07 1.104079667445754060e-07 1.124455662062909572e-07 1.140467398505423983e-07 1.151045970075972019e-07 1.155044195738418437e-07 1.151477086351291591e-07 1.139708584388673672e-07 1.134728490589833059e-07 1.090843358529752508e-07 1.054721456034027429e-07 1.012194866930164608e-07 9.646659522803393463e-08 9.136201846665013777e-08 8.604381241248731622e-08 8.063891015152628253e-08 7.524850004742962357e-08 6.995388925641644748e-08 6.481280317131844818e-08 -1.002790494801878911e-08 -1.118012650427827125e-08 -1.236567356524907362e-08 -1.357559314054059457e-08 -1.479707942895647701e-08 -1.601230224612824146e-08 -1.719721949087308489e-08 -1.832044063764160429e-08 -1.934213141500070629e-08 -2.021355761957414011e-08 -2.087760964743466035e-08 -2.127115839022629847e-08 -2.132973467568429091e-08 -2.099444695032623536e-08 -2.021981884023263253e-08 -1.898031726951601756e-08 -1.727307882752897166e-08 -1.511594506819487752e-08 -1.254208040251554051e-08 -9.594357460092808219e-09 -6.322415922535940743e-09 -2.783060937877693762e-09 9.576508637202255749e-10 4.823779002121536866e-09 8.732269216920191013e-09 1.259891957492316115e-08 1.634551977737175838e-08 1.990591151649673720e-08 2.322940175890130110e-08 3.419218746430074304e-10 3.620197484211421460e-10 3.776221706506780892e-10 3.856374269850023044e-10 3.820497587257671491e-10 3.619084759464920834e-10 3.195220843593259009e-10 2.488339892226670986e-10 1.440111348766213504e-10 5.593324850032184529e-13 -1.832280658958636527e-10 -4.047131645761861313e-10 -6.559173625416849731e-10 -9.238032433469157713e-10 -1.192191344698463188e-09 -1.444872169561065029e-09 -1.668905737241844236e-09 -1.856846776831014185e-09 -2.007389987265338196e-09 -2.124913281664769212e-09 -2.217871377721678509e-09 -2.297807535416323961e-09 -2.377320555169379197e-09 -2.467800192221778501e-09 -2.576939208409842871e-09 -2.706859264587543997e-09 -2.853677712966047938e-09 -3.008707358847747613e-09 -3.160657306815876937e-09
6.314428965777384465e-05 5.238396581213920425e-05 7.916118581596746426e-06 7.218432937662354716e-08 7.478456906138565814e-08 7.746460191263151412e-08 8.021934119329595402e-08 8.303314516799260990e-08 8.590318932610937449e-08 8.880682836061993013e-08 9.172503111158673320e-08 9.463025104181912000e-08 9.748118781043658559e-08 1.002360495914515195e-07 1.028286999759956529e-07 1.051866564303903416e-07 1.072274131364021894e-07 1.088481271858718582e-07 1.099408559569096459e-07 1.104047356165403863e-07 1.101411760034091586e-07 1.090843358529752641e-07 1.086788529752306252e-07 1.045287208517994524e-07 1.011213011649989238e-07 9.709463212928136692e-08 9.257967907774796251e-08 8.772121268847615822e-08 8.265364062712975863e-08 7.749741245314542938e-08 7.234881185027246199e-08 6.728917426367404794e-08 -9.051334749680115478e-09 -1.017352286616068048e-08 -1.132607914723427155e-08 -1.250351769058831660e-08 -1.369805334489421536e-08 -1.489845944438924103e-08 -1.608890781150423248e-08 -1.724781917105914928e-08 -1.834636354585580219e-08 -1.934749281077084057e-08 -2.020526404482881446e-08 -2.086534072980562991e-08 -2.126717010873387988e-08 -2.134847578529434977e-08 -2.105182578235327249e-08 -2.033227677539767848e-08 -1.916358381182819150e-08 -1.754092733922620136e-08 -1.547899288826075388e-08 -1.300703240181816516e-08 -1.016338855812856031e-08 -6.992907401612640300e-09 -3.547509795109117016e-09 1.115533787752278445e-10 3.912838588122329818e-09 7.777135909956484579e-09 1.162295693622071080e-08 1.537346741827813871e-08 1.896232053340299499e-08 3.349164454641849133e-10 3.570407260676565575e-10 3.769635246751490051e-10 3.923897043386396894e-10 4.001683495798966451e-10 3.961669044341365518e-10 3.754571669108351398e-10 3.325871225868965012e-10 2.617587332585353989e-10 1.575608703277289277e-10 1.592533980345722233e-11 -1.644798804681314088e-10 -3.808047428155774173e-10 -6.251178479717656961e-10 -8.847478445259710038e-10 -1.144108183313846266e-09 -1.387848960917063133e-09 -1.604063587454402544e-09 -1.786607541685145266e-09 -1.935600524487915207e-09 -2.057174213437624258e-09 -2.161734920413040372e-09 -2.262859190079871000e-09 -2.375090753572862464e-09 -2.511522547779359628e-09 -2.681054382043139868e-09 -2.886321662317719512e-09 -3.123177919832376194e-09 -3.381726322718354352e-09
5.797466301301397467e-05 4.809158544923201217e-05 7.282305407499591422e-06 6.464468099473812716e-08 6.728346287205428999e-08 6.997914536968181638e-08 7.272230826739507967e-08 7.551678037635486682e-08 7.834912204781084238e-08 8.121612726558146470e-08 8.410600390497525161e-08 8.699815236236137448e-08 8.987486839554993391e-08 9.269551457245543399e-08 9.541680931935903772e-08 9.798653863566846911e-08 1.003307416550235355e-07 1.023651231562243083e-07 1.040005181732707186e-07 1.051294685080499166e-07 1.056504764995717234e-07 1.054721456034027562e-07 1.045287208517994524e-07 1.042101589066052332e-07 1.002863192433001767e-07 9.707094916265839354e-08 9.325489645604749215e-08 8.896552604779127159e-08 8.434011255900533151e-08 7.950680966187005656e-08 7.458451747003147063e-08 6.966604076021683086e-08 -8.159897325551513464e-09 -9.249854394258592328e-09 -1.036455042494708182e-08 -1.150087976787271160e-08 -1.265482118016379440e-08 -1.382035034628695234e-08 -1.498834932419532619e-08 -1.614551720713848869e-08 -1.727261291643854963e-08 -1.834331201428223718e-08 -1.932291318749152616e-08 -2.016778117064215774e-08 -2.082571891146728629e-08 -2.123808428111703170e-08 -2.134396650594064240e-08 -2.108667782849042834e-08 -2.042092182493097508e-08 -1.931891859032538126e-08 -1.777293288658921175e-08 -1.579383612213224105e-08 -1.340618038205059827e-08 -1.064335748861578576e-08 -7.545347560466195367e-09 -4.159579282833619602e-09 -5.433920619692012595e-10 3.234866341066620706e-09 7.097867894436045884e-09 1.096479794401263696e-08 1.475803227501042295e-08 3.221254209309760332e-10 3.448104030825763835e-10 3.667480907539704458e-10 3.862727064095144764e-10 4.009863990830152503e-10 4.075367772564076009e-10 4.018467479025866847e-10 3.793719888346586757e-10 3.350028124748437814e-10 2.635550499395863901e-10 1.602303367081750802e-10 2.155107488561335750e-11 -1.533913966154258696e-10 -3.616391913881790685e-10 -5.955959564910730464e-10 -8.432810997460560139e-10 -1.090316697197557990e-09 -1.322917088413679013e-09 -1.531203627647070360e-09 -1.711147795366673894e-09 -1.865377806110422213e-09 -2.002570518899194537e-09 -2.135588513845094324e-09 -2.280096770371281154e-09 -2.452182519145320762e-09 -2.665599591570447899e-09 -2.928872952914363006e-09 -3.243301990717501149e-09 -3.602344306514848776e-09
5.305484309160633197e-05 4.400654461120958276e-05 6.677514365411403408e-06 5.756445749284880233e-08 6.025369126201002368e-08 6.296890511216832389e-08 6.571354192285715751e-08 6.848051313196858999e-08 7.127396757361486059e-08 7.409175094787788982e-08 7.692944242286705293e-08 7.978513855139685633e-08 8.263877333241412304e-08 8.547055850333685790e-08 8.825323856704193760e-08 9.094104427762962767e-08 9.347910271020510999e-08 9.580617588287643411e-08 9.783773174183358200e-08 9.948367817293224754e-08 1.006442427667553092e-07 1.012194866930164740e-07 1.011213011649989503e-07 1.002863192433001767e-07 1.000485125155864550e-07 9.633550707579010751e-08 9.330215008156221742e-08 8.968548416066594479e-08 8.560644788182032498e-08 8.120003495296488951e-08 7.658959582758259539e-08 7.188606260888895836e-08 -7.351663181931842193e-09 -8.408700831785630966e-09 -9.483188010578400906e-09 -1.057355687008755784e-08 -1.167852210083686830e-08 -1.279606062208048997e-08 -1.392241727945869453e-08 -1.505111742637325882e-08 -1.617101349003540748e-08 -1.726511817283587908e-08 -1.830901228787356297e-08 -1.926979714611843565e-08 -2.010542837089128060e-08 -2.076513332982969341e-08 -2.119124746748989158e-08 -2.132348447012264558e-08 -2.110488031115313357e-08 -2.048888744795480956e-08 -1.944509475929373418e-08 -1.796223570283499247e-08 -1.604651789247886181e-08 -1.371750554131571649e-08 -1.100375655604066488e-08 -7.941033786097461914e-09 -4.573459769866752425e-09 -9.561729223923138628e-10 2.843263612561420721e-09 6.747186970718863471e-09 1.067312806505758655e-08 3.047338914210346680e-10 3.272271700495385789e-10 3.497931175223473905e-10 3.712027889460600652e-10 3.896480484182226768e-10 4.024451118184964751e-10 4.063323785070110994e-10 3.977608678470064722e-10 3.726011379148303392e-10 3.265272790945379507e-10 2.551145022187081431e-10 1.543162808886495555e-10 2.123105202058785057e-11 -1.448221447018453731e-10 -3.411766705725558166e-10 -5.609524387057828985e-10 -7.936141115023668078e-10 -1.026766891412359986e-09 -1.249314112378265658e-09 -1.454172612554101500e-09 -1.640601357997620482e-09 -1.814425041349197898e-09 -1.987218553269010380e-09 -2.174119440529589486e-09 -2.392214963107426934e-09 -2.657741642236042316e-09 -2.983195484941697255e-09 -3.374652712342892718e-09 -3.829742867646854602e-09
4.837802046616276446e-05 4.012320152932160038e-05 6.101057581115544703e-06 5.092483554467479394e-08 5.367056909737600898e-08 5.641958482164198790e-08 5.916472209375170247e-08 6.191024579803829032e-08 6.466144944585950868e-08 6.742183994875606355e-08 7.020012239251329341e-08 7.299246280260742353e-08 7.579506960284058498e-08 7.860088597380861656e-08 8.138711007224105924e-08 8.412291109779788116e-08 8.677450117832201907e-08 8.928566079434750495e-08 9.159328543835119015e-08 9.361976362708652345e-08 9.527622043806904521e-08 9.646659522803393463e-08 9.709463212928138016e-08 9.707094916265840678e-08 9.633550707579010751e-08 9.617446002602978488e-08 9.266079667429971484e-08 8.979646459407244166e-08 8.636664369530427662e-08 8.248764578949546808e-08 7.828573268626134018e-08 7.388217885412283463e-08 -6.623808239613154633e-09 -7.647991299231238786e-09 -8.681426875760021934e-09 -9.723469664719355179e-09 -1.077477270292346229e-08 -1.183632912674301383e-08 -1.290858765407460573e-08 -1.399059435212944405e-08 -1.507787654795932949e-08 -1.616132062269092860e-08 -1.722542460147624946e-08 -1.824707029961159779e-08 -1.919436591140289537e-08 -2.002610507139310552e-08 -2.069191666258806599e-08 -2.113437216912651468e-08 -2.129267956206444949e-08 -2.110865055523350646e-08 -2.053326942168372496e-08 -1.953293325292391770e-08 -1.809193296703909851e-08 -1.621166368027184514e-08 -1.390701766060481930e-08 -1.120263708704054770e-08 -8.131555946659730062e-09 -4.736610942981701448e-09 -1.073386103586598629e-09 2.788978709093032711e-09 6.770034046469855039e-09 2.834994060105634418e-10 3.055204295689925769e-10 3.280050248195840541e-10 3.499680916822409375e-10 3.700054128711876146e-10 3.859422567434332001e-10 3.952244552736108217e-10 3.952661024016326424e-10 3.829991763872691202e-10 3.552363177074357945e-10 3.085320726402187952e-10 2.393314478695968356e-10 1.442602281066763432e-10 2.070632617750257526e-11 -1.322960658168532574e-10 -3.128091658155410759e-10 -5.155649515848814164e-10 -7.323185483245179207e-10 -9.539119682347905287e-10 -1.172644664146686057e-09 -1.385477266265638836e-09 -1.595519636252115923e-09 -1.811972832046386821e-09 -2.048875183104445333e-09 -2.322694638093063683e-09 -2.650185863624871387e-09 -3.045480468153169912e-09 -3.517532493171372086e-09 -4.067455646617451466e-09
4.393671345126321084e-05 3.643535637896204573e-05 5.552167307109762828e-06 4.470282837745873760e-08 4.752070505744439252e-08 5.030447944934174271e-08 5.305717540845423210e-08 5.578470122709444352e-08 5.849224127673128802e-08 6.119677612429443199e-08 6.390364105880057297e-08 6.662003005413481529e-08 6.935551923028614749e-08 7.210302401161016304e-08 7.485153948151997576e-08 7.758939384754867486e-08 8.028376598387648066e-08 8.289788220837174714e-08 8.538146191873204300e-08 8.767161631152990606e-08 8.969364633098202379e-08 9.136201846665012454e-08 9.257967907774794928e-08 9.325489645604747892e-08 9.330215008156221742e-08 9.266079667429971484e-08 9.256891014132496343e-08 8.924198519521546945e-08 8.653824568739920466e-08 8.328231903389252454e-08 7.958848582171276023e-08 7.557925048614063527e-08 -5.973038397886555800e-09 -6.964708241224310490e-09 -7.957055913968952375e-09 -8.949938351880087340e-09 -9.945362497510658308e-09 -1.094657000224675714e-08 -1.195725924513951804e-08 -1.298086939495416216e-08 -1.401832565635338463e-08 -1.506699946430005608e-08 -1.611887019325518774e-08 -1.715925859242551842e-08 -1.816547700311962306e-08 -1.910585814755457231e-08 -1.993893348325547985e-08 -2.061401201858732310e-08 -2.107268436148705449e-08 -2.125268227907659025e-08 -2.109327940247700102e-08 -2.054250627210708313e-08 -1.956260239860111535e-08 -1.813341019089047436e-08 -1.625202660442941065e-08 -1.392986012610409272e-08 -1.118942820073726044e-08 -8.063362098647171343e-09 -4.596181001586180917e-09 -8.463910396609523060e-10 3.112753855144228801e-09 2.589573222512390975e-10 2.804909737872437041e-10 3.026288639995321095e-10 3.244615098613436326e-10 3.448036417698787768e-10 3.618088501736100216e-10 3.734771022705394812e-10 3.780799973782098976e-10 3.735760354176602251e-10 3.579911095483055191e-10 3.291224181895721509e-10 2.844847539153936669e-10 2.212490472016665664e-10 1.363355860718541708e-10 2.679823282602711015e-11 -1.091024073975988145e-10 -2.711937909592594358e-10 -4.567331799666795974e-10 -6.611462480908980423e-10 -8.791508260933848732e-10 -1.107759272105085699e-09 -1.348399212749052475e-09 -1.608023938637597104e-09 -1.898509403688103573e-09 -2.235128677357488637e-09 -2.633563740530420743e-09 -3.107654955616506358e-09 -3.666950989652677721e-09 -4.314193356549941380e-09
3.972286633143205835e-05 3.293633273443304858e-05 5.030006661509932084e-06 3.888739529761251656e-08 4.177610163715866931e-08 4.460333743407154705e-08 4.736926749015378107e-08 5.007854311470211587e-08 5.275071691600761684e-08 5.539397555593675555e-08 5.802528387475906796e-08 6.066404254275616029e-08 6.331480608597255295e-08 6.598290480895966179e-08 6.867230159189113980e-08 7.136912860119616271e-08 7.405815630433942491e-08 7.671149320492379875e-08 7.929160222263798302e-08 8.175004478726302183e-08 8.402627122572091767e-08 8.604381241248731622e-08 8.772121268847617146e-08 8.896552604779128482e-08 8.968548416066594479e-08 8.979646459407244166e-08 8.924198519521545622e-08 8.921612754506576152e-08 8.606268784340519507e-08 8.350665121724258904e-08 8.041436201068231387e-08 7.689425522290986108e-08 -5.395586017968981287e-09 -6.355152762856077030e-09 -7.306780879662063283e-09 -8.250562672847814721e-09 -9.189457492826048515e-09 -1.012839106427323094e-08 -1.107356573449626476e-08 -1.203188409645770251e-08 -1.300856815160568797e-08 -1.400622691727642084e-08 -1.502296442351120948e-08 -1.605113763513844725e-08 -1.707595084727846517e-08 -1.807434311257481830e-08 -1.901370431227941093e-08 -1.985161628990325457e-08 -2.053578147352217777e-08 -2.100583830516061709e-08 -2.119665389150448619e-08 -2.104457276382985051e-08 -2.049366025114266049e-08 -1.950213450092767616e-08 -1.804609125888312079e-08 -1.611977129687031217e-08 -1.373317620000754177e-08 -1.090931447755664572e-08 -7.683687001341821619e-09 -4.105062895715253626e-09 -2.374644741739068762e-10 2.315676304799135671e-10 2.527065182354657683e-10 2.744807154635173230e-10 2.959241281581392029e-10 3.159086274951740575e-10 3.327384893085292497e-10 3.447921750502431324e-10 3.510487427088650433e-10 3.503873445846357307e-10 3.420069573318934105e-10 3.250130811409930506e-10 2.982375260976282267e-10 2.599466553380477324e-10 2.075710799798033418e-10 1.375972419397792281e-10 4.621065668717985306e-11 -7.027339381081190440e-11 -2.144237674907226280e-10 -3.875275286860526654e-10 -5.892492165982978442e-10 -8.195673440536209606e-10 -1.080487120970024003e-09 -1.377705319900951149e-09 -1.721050220198902315e-09 -2.123564040001396137e-09 -2.599287605105190085e-09 -3.160222552800664042e-09 -3.814642924049931444e-09 -4.564707989991559023e-09
3.572794713773599619e-05 2.961905865915670020e-05 4.533680346129418972e-06 3.345314620894151683e-08 3.642151043796133293e-08 3.929555341512498745e-08 4.207577806277346059e-08 4.477712716544286104e-08 4.740947398611389086e-08 4.999364832986926983e-08 5.255403810359232218e-08 5.510557543703409783e-08 5.766426018866923989e-08 6.024570485487287963e-08 6.285220854975287688e-08 6.548339454342361370e-08 6.812991482403190752e-08 7.077472915724584970e-08 7.339091951408955698e-08 7.594222891377908980e-08 7.837736410470410955e-08 8.063891015152628253e-08 8.265364062712974540e-08 8.434011255900533151e-08 8.560644788182032498e-08 8.636664369530427662e-08 8.653824568739920466e-08 8.606268784340519507e-08 8.609453374836600109e-08 8.310427603387856125e-08 8.068642244871156876e-08 7.774497667222417156e-08 -4.887786155930556752e-09 -5.815555482676138405e-09 -6.726947798105323306e-09 -7.622135767671848345e-09 -8.504772166265548922e-09 -9.381073443574051562e-09 -1.025919155673302860e-08 -1.114875918125658407e-08 -1.205838298800568674e-08 -1.299483093366251431e-08 -1.396111220085859142e-08 -1.495529547689458941e-08 -1.596910959735522974e-08 -1.698682116923550966e-08 -1.798376765855790505e-08 -1.892575186523455394e-08 -1.976806338201110379e-08 -2.045584528241355452e-08 -2.092534554510884190e-08 -2.110829616638884056e-08 -2.093707851395562320e-08 -2.035208632166824620e-08 -1.930840914731114401e-08 -1.778008475658934138e-08 -1.576084718423277177e-08 -1.326218162163724312e-08 -1.031114729869391932e-08 -6.948754351999528143e-09 -3.230649055675071025e-09 2.018194021195531228e-10 2.226570929287926793e-10 2.441470479664763669e-10 2.651764291370560556e-10 2.845493676376893205e-10 3.005657323753358596e-10 3.118110351857771046e-10 3.177995534951582482e-10 3.181805678636226791e-10 3.132172840570843427e-10 3.032768504900541480e-10 2.885616095133377688e-10 2.686637922258907704e-10 2.420490919901647446e-10 2.055775609926461674e-10 1.547274110259273591e-10 8.351631595098459110e-11 -1.471728069266132072e-11 -1.469041570339320282e-10 -3.188524206787880980e-10 -5.359127724443713365e-10 -8.034541713190789879e-10 -1.128079771480142415e-09 -1.518515063654755429e-09 -1.985673150383402350e-09 -2.540947503956655535e-09 -3.193951570184330460e-09 -3.950196776596935941e-09 -4.809468125245000310e-09
3.194304421963233231e-05 2.647614678990873493e-05 4.062245257919146787e-06 2.838575425880576324e-08 3.143553376245348916e-08 3.435786281276880160e-08 3.716086975002584281e-08 3.985133577225108333e-08 4.244817340451672677e-08 4.497910943759207039e-08 4.746517552057240192e-08 4.992828207959743905e-08 5.239549890482315338e-08 5.487976286588109393e-08 5.739239710535323618e-08 5.993939535034055130e-08 6.251829188998589652e-08 6.511971527063792087e-08 6.772706181708317695e-08 7.030956968940422903e-08 7.283306576382725837e-08 7.524850004742962357e-08 7.749741245314545585e-08 7.950680966187005656e-08 8.120003495296487628e-08 8.248764578949546808e-08 8.328231903389252454e-08 8.350665121724258904e-08 8.310427603387856125e-08 8.318890597592056835e-08 8.034913426568593612e-08 7.805908281942280062e-08 -4.445758539454032537e-09 -5.341940031534933912e-09 -6.213602271568421820e-09 -7.060918910237093909e-09 -7.888080433654154286e-09 -8.702335861623799509e-09 -9.513396477923943631e-09 -1.033307607622559675e-08 -1.117264695824365814e-08 -1.204214373669421741e-08 -1.294842964487848478e-08 -1.389409913329503745e-08 -1.487611984493483031e-08 -1.588475984757662221e-08 -1.690206612773399378e-08 -1.790118026639432071e-08 -1.884492879061154121e-08 -1.968538628795192542e-08 -2.036366405841159553e-08 -2.081248517487449196e-08 -2.095940633616516166e-08 -2.073330604891366392e-08 -2.007198838539074195e-08 -1.892933511679682174e-08 -1.727992333332590937e-08 -1.512011605508279044e-08 -1.246669988036518603e-08 -9.353473660206297739e-09 -5.829598377333874909e-09 1.702706766526776597e-10 1.908414979586829575e-10 2.121235470716276363e-10 2.328052598556300472e-10 2.515373401634082188e-10 2.664972772163680714e-10 2.763279448262818997e-10 2.809082698676024653e-10 2.804873813428087578e-10 2.762403222509610523e-10 2.696817282513717696e-10 2.623311480368594564e-10 2.551506653964957482e-10 2.478571909176521519e-10 2.381890149458073013e-10 2.218275831392742919e-10 1.918236652250221868e-10 1.389488941099904552e-10 5.183690728399420414e-11 -8.121597558662184814e-11 -2.720462705072852471e-10 -5.316734149649087218e-10 -8.702720553222319176e-10 -1.297540964193434492e-09 -1.823174257975172677e-09 -2.456023519423438496e-09 -3.202356944183332058e-09 -4.064413635675151216e-09 -5.038195425535668954e-09
2.835896079027427704e-05 2.349997275021531825e-05 3.614720906523782003e-06 2.366949786781427658e-08 2.679808098392594724e-08 2.977558532132467970e-08 3.259867427011982092e-08 3.528070003792617854e-08 3.784938459839561751e-08 4.032566235702717126e-08 4.273731872577665666e-08 4.511863439927123847e-08 4.748975469563242347e-08 4.987340585030089238e-08 5.228639548593149858e-08 5.473720437861007024e-08 5.723152054534645832e-08 5.976639680552678547e-08 6.232782295380697268e-08 6.490032515931930701e-08 6.745441539098061429e-08 6.995388925641644748e-08 7.234881185027246199e-08 7.458451747003147063e-08 7.658959582758259539e-08 7.828573268626134018e-08 7.958848582171276023e-08 8.041436201068230063e-08 8.068642244871156876e-08 8.034913426568593612e-08 8.048055724009760232e-08 7.778020084667969139e-08 -4.065769014396008814e-09 -4.930452877861112847e-09 -5.762843063660354766e-09 -6.563082771963894050e-09 -7.335812796242429690e-09 -8.089151957812884802e-09 -8.834106686835740662e-09 -9.584277411794937837e-09 -1.035305940935028342e-08 -1.115304680897396902e-08 -1.199408672347291672e-08 -1.288227767418595955e-08 -1.381867678952477074e-08 -1.479831000638615274e-08 -1.580865490723044230e-08 -1.682899929069975637e-08 -1.782886195736361992e-08 -1.876721041539096863e-08 -1.959141276838248596e-08 -2.023856493486490385e-08 -2.063683919189446028e-08 -2.071026043281339971e-08 -2.038548579639439208e-08 -1.959988226500961226e-08 -1.830895630261288455e-08 -1.649118264129637389e-08 -1.414960063243698714e-08 -1.130901237720315001e-08 -8.012591565448929715e-09 1.375649308409647797e-10 1.578186976527001957e-10 1.789088828132221401e-10 1.993033311935272178e-10 2.174516771440675800e-10 2.313302686393173396e-10 2.395242859622462582e-10 2.421286475453254582e-10 2.398239191360168229e-10 2.345235002560777591e-10 2.287340477156960642e-10 2.251730055875254825e-10 2.261118869973139818e-10 2.325553702505729363e-10 2.433263921033072712e-10 2.547981600078618469e-10 2.599432728338437185e-10 2.482690551726855753e-10 2.054772043998922850e-10 1.151737407749592419e-10 -4.067587155455737594e-11 -2.797695445692817263e-10 -6.180225276739173513e-10 -1.068656335398263290e-09 -1.642143836907150205e-09 -2.345682814217949470e-09 -3.182320957502924914e-09 -4.150132926915954323e-09 -5.240887386478156366e-09
2.496630675092482643e-05 2.068275130593441314e-05 3.190099559300302349e-06 1.928525362786506628e-08 2.250018808360352834e-08 2.552597240884560564e-08 2.836981825684600919e-08 3.105100470174307908e-08 3.358820910490876261e-08 3.601111551216903722e-08 3.835699586408412979e-08 4.065296800088793854e-08 4.293034540716727073e-08 4.521333420043287347e-08 4.752194675559913828e-08 4.987191470472859032e-08 5.227112775515470390e-08 5.471960358598041590e-08 5.721486187845449983e-08 5.974326271006562045e-08 6.228633132032427838e-08 6.481280317131844818e-08 6.728917426367406118e-08 6.966604076021683086e-08 7.188606260888895836e-08 7.388217885412283463e-08 7.557925048614063527e-08 7.689425522290986108e-08 7.774497667222415832e-08 7.805908281942280062e-08 7.778020084667969139e-08 7.795039611258636240e-08 -3.744273930069104599e-09 -4.577423314740223185e-09 -5.370921931017989687e-09 -6.124881042335206690e-09 -6.844345309497157568e-09 -7.538201282335490898e-09 -8.218573729119171713e-09 -8.900571845416558907e-09 -9.599317589412196475e-09 -1.032942595172277436e-08 -1.110303646201849368e-08 -1.192890565756563642e-08 -1.281119195543526535e-08 -1.374857060475144621e-08 -1.473275534743438608e-08 -1.574795368169243164e-08 -1.676923926515360849e-08 -1.776167469893611772e-08 -1.867887205975318845e-08 -1.946367145963243231e-08 -2.004816006738534544e-08 -2.035680071003491768e-08 -2.031157919629663468e-08 -1.983931923283763004e-08 -1.888001079650498766e-08 -1.739434635844820455e-08 -1.536894444051558333e-08 -1.281623064844104776e-08 -9.771624253120270773e-09 1.044160417185282633e-10 1.242183352682915471e-10 1.450486001769497518e-10 1.651564047406730495e-10 1.827724372783541704e-10 1.956294807762784099e-10 2.021794504288035528e-10 2.026173053366930979e-10 1.979064846978671614e-10 1.905274528159539778e-10 1.838022661853632692e-10 1.814855789562524584e-10 1.870342433325662070e-10 2.026759416653265385e-10 2.283516480297006824e-10 2.613277678122756201e-10 2.949803793385548315e-10 3.184286655257638596e-10 3.157311634065440045e-10 2.672945610965121815e-10 1.501019662291190402e-10 -5.988984107389738663e-11 -3.852783443783385701e-10 -8.448661685670503114e-10 -1.452350210094370512e-09 -2.215210642150278545e-09 -3.134160575791282254e-09 -4.203274315562833534e-09 -5.409281337097912437e-09
-6.518917090647784196e-05 -4.989871483049422183e-04 -1.802501786127835165e-04 -4.527911769880152858e-10 -6.971227689916510153e-09 -1.222456637189530060e-08 -1.625914243251041750e-08 -1.914982705822317589e-08 -2.100473819059524867e-08 -2.196312974370076523e-08 -2.218403482776997832e-08 -2.183133619563462715e-08 -2.105887761760969341e-08 -2.000069853966165575e-08 -1.876628591003959787e-08 -1.744069111585851440e-08 -1.608686912412152636e-08 -1.474967664730250452e-08 -1.345951779535646238e-08 -1.223584528986413724e-08 -1.109006434774653523e-08 -1.002790494801878911e-08 -9.051334749680112170e-09 -8.159897325551511810e-09 -7.351663181931843848e-09 -6.623808239613156288e-09 -5.973038397886547528e-09 -5.395586017968980460e-09 -4.887786155930560061e-09 -4.445758539454033364e-09 -4.065769014396003851e-09 -3.744273930069110390e-09 8.818838455957095146e-07 8.444407525128463000e-07 8.173198234334562024e-07 7.833829210297882155e-07 7.441488087097175975e-07 7.012895758976085916e-07 6.563047448915647754e-07 6.105911891034460580e-07 5.652419079304587907e-07 5.211592393774516804e-07 4.789686574259785921e-07 4.391195564172048686e-07 4.018455118651041141e-07 3.672957994782636749e-07 3.354806143457109794e-07 3.063560696992574411e-07 2.798099437296740117e-07 2.557071721400687728e-07 2.339019092779090878e-07 2.142314701046485569e-07 1.965459126196977384e-07 1.806954070706387214e-07 1.665455574036967983e-07 1.539425716709757162e-07 1.428072549383886380e-07 1.329820400202484339e-07 1.243748682309675391e-07 1.168792540997810028e-07 1.103607545010161492e-07 7.917796238291706327e-08 9.068441259583117095e-08 1.022074228191591101e-07 1.135446833400846185e-07 1.244808320352987886e-07 1.347795008823328395e-07 1.441932335704469886e-07 1.524879909613968729e-07 1.594708554269662957e-07 1.650124995260156451e-07 1.690566375310342664e-07 1.716174070342946847e-07 1.727679594787060294e-07 1.726248603625954493e-07 1.713319913773902446e-07 1.690465904462971732e-07 1.659274264396565120e-07 1.621262244915573306e-07 1.577812403345729838e-07 1.530141428138063943e-07 1.479277017794529267e-07 1.426060628196111422e-07 1.371162403850717579e-07 1.315107244513411587e-07 1.258305513057473910e-07 1.201090124392771868e-07 1.143751449603585802e-07 1.086563226089156212e-07 1.029805131505226990e-07
-6.721991688011639437e-05 -5.145392449289040368e-04 -1.858789302440086119e-04 8.170556882037978351e-09 4.718202908924140192e-10 -5.990333014900889930e-09 -1.123126759842804819e-08 -1.528839681951919440e-08 -1.822838213520242513e-08 -2.015242572673213724e-08 -2.119318243742400523e-08 -2.150421938363555075e-08 -2.124458721518566963e-08 -2.056465121258174187e-08 -1.959591510805006876e-08 -1.844650684408166712e-08 -1.720070423440954350e-08 -1.592153519403013756e-08 -1.465414307187986208e-08 -1.342945787228414665e-08 -1.226748609043067278e-08 -1.118012650427826132e-08 -1.017352286616067883e-08 -9.249854394258585710e-09 -8.408700831785629311e-09 -7.647991299231237132e-09 -6.964708241224304700e-09 -6.355152762856078684e-09 -5.815555482676135924e-09 -5.341940031534933085e-09 -4.930452877861106230e-09 -4.577423314740225666e-09 8.444407525128463000e-07 8.526453394776681717e-07 8.174482403914712840e-07 7.918446895692880821e-07 7.597162899271404673e-07 7.224828078383482784e-07 6.817172314490465826e-07 6.388570365606402413e-07 5.952264799662892069e-07 5.518843991344203289e-07 5.096892720272312750e-07 4.692346855606861288e-07 4.309614362091182570e-07 3.951209710442058907e-07 3.618532094311323270e-07 3.311690786591062578e-07 3.030376359934710104e-07 2.773633677765056767e-07 2.540142904975720154e-07 2.328652579400535168e-07 2.137556940523679974e-07 1.965466796623956929e-07 1.810785708063294721e-07 1.672494226239460019e-07 1.548974287600583913e-07 1.439201184925916520e-07 1.341937082650823655e-07 1.255960347709093016e-07 1.180527342716125028e-07 6.420085765254441956e-08 7.504156206936740974e-08 8.614131735662060602e-08 9.729681233968922996e-08 1.083116997921852386e-07 1.189760759362578893e-07 1.290599511249965725e-07 1.383225484394019036e-07 1.465346997089618403e-07 1.535063587617673814e-07 1.591075829153113899e-07 1.632781124252280598e-07 1.660251067684580882e-07 1.674124964991309623e-07 1.675462770934217610e-07 1.665595923100848450e-07 1.645989880445651693e-07 1.618135034052368601e-07 1.583461074926007703e-07 1.543284398585276690e-07 1.498769162566693785e-07 1.450914425987103634e-07 1.400556076103645277e-07 1.348381632449523348e-07 1.294952217021242614e-07 1.240731788598885640e-07 1.186116612834410120e-07 1.131458776412385933e-07 1.077087533553665776e-07
-6.913245786010752245e-05 -5.291873162954039041e-04 -1.911821321722713375e-04 1.676265135644755175e-08 8.078370879909161385e-09 5.714117982930677759e-10 -5.747517710016591955e-09 -1.088757306398981289e-08 -1.488056641921675075e-08 -1.778842427287314927e-08 -1.970736804546383887e-08 -2.076515440587289027e-08 -2.111010789407724926e-08 -2.089644836842123328e-08 -2.027014727374510653e-08 -1.935925447960139678e-08 -1.826915415873047282e-08 -1.708239329286694861e-08 -1.586081345600846442e-08 -1.464889954660726537e-08 -1.347723601169253508e-08 -1.236567356524907031e-08 -1.132607914723427817e-08 -1.036455042494708017e-08 -9.483188010578395943e-09 -8.681426875760020280e-09 -7.957055913968944103e-09 -7.306780879662061629e-09 -6.726947798105325788e-09 -6.213602271568418512e-09 -5.762843063660352285e-09 -5.370921931017991341e-09 8.173198234334562024e-07 8.174482403914713899e-07 8.254060870106754978e-07 7.923368025920803772e-07 7.681863711551063603e-07 7.377456130493366183e-07 7.023711574291958531e-07 6.635491144519263273e-07 6.226624693265791657e-07 5.809683516889776522e-07 5.394717446883642732e-07 4.990026462644127409e-07 4.601558615094866450e-07 4.233500238626066205e-07 3.888276629529326170e-07 3.567343756469173706e-07 3.270938207907033367e-07 2.998748493430026684e-07 2.750025900807647363e-07 2.523475164233863966e-07 2.317968508411723324e-07 2.131835555772445747e-07 1.964038857368916875e-07 1.812933328629060742e-07 1.677305838009842965e-07 1.555897846006563047e-07 1.447402504277761143e-07 1.350912251122296130e-07 1.265063388839434832e-07 5.033872186165902122e-08 6.028583658713738002e-08 7.073197413228208762e-08 8.147098320696259431e-08 9.230558542648860261e-08 1.030436869045850693e-07 1.134799644379258105e-07 1.233897149660736242e-07 1.325370359467965528e-07 1.406969872534542658e-07 1.476814442484433992e-07 1.533595401930018474e-07 1.576670415684862897e-07 1.606044641528282380e-07 1.622271415706135612e-07 1.626316073832585069e-07 1.619410771550254478e-07 1.602926240521532519e-07 1.578264561351619603e-07 1.546783801749829572e-07 1.509740374657702500e-07 1.468258503067028009e-07 1.423317069957974224e-07 1.375751701893987580e-07 1.326266497767433849e-07 1.275454874986269495e-07 1.223823033362683256e-07 1.171810531232836760e-07 1.119810221123767370e-07
-7.092115114687821053e-05 -5.428881545676912711e-04 -1.961441482926471348e-04 2.518889795054572860e-08 1.572904669244550977e-08 7.355114323541627622e-09 1.059492562730903481e-10 -6.003510543132020137e-09 -1.097845133234500927e-08 -1.484739605956068444e-08 -1.766865829308771768e-08 -1.953448147981464012e-08 -2.056768325609304057e-08 -2.091124335781332151e-08 -2.071383395211449722e-08 -2.011637861954259313e-08 -1.924248925165514453e-08 -1.819416689839419685e-08 -1.705135613514066826e-08 -1.587407580636061995e-08 -1.470556547560278918e-08 -1.357559314054059788e-08 -1.250351769058831495e-08 -1.150087976787271326e-08 -1.057355687008755619e-08 -9.723469664719356833e-09 -8.949938351880085685e-09 -8.250562672847814721e-09 -7.622135767671848345e-09 -7.060918910237094736e-09 -6.563082771963893222e-09 -6.124881042335210826e-09 7.833829210297882155e-07 7.918446895692880821e-07 7.923368025920803772e-07 8.001130126466758300e-07 7.690080419955673904e-07 7.462009030852380288e-07 7.173202425897238706e-07 6.836662401739341387e-07 6.466457674065680664e-07 6.075686750910198227e-07 5.676424439717455130e-07 5.278525525649838911e-07 4.889885079807082166e-07 4.516206332274543232e-07 4.161615969080532088e-07 3.828571547622090309e-07 3.518463676157872028e-07 3.231696201206626484e-07 2.967959661103351357e-07 2.726624664219842502e-07 2.506343939676120734e-07 2.306353001786650334e-07 2.124964432609418580e-07 1.960976685688182525e-07 1.813125907298199179e-07 1.679949979152279194e-07 1.560527941671648059e-07 1.453420821602322814e-07 1.357476524156841326e-07 3.784460204857058105e-08 4.669013861276564450e-08 5.626587087367675305e-08 6.636631288604345366e-08 7.679202028180341142e-08 8.735028341153167761e-08 9.785265479042206769e-08 1.080977461307425907e-07 1.178649575244633918e-07 1.269229431535045875e-07 1.350503951390170178e-07 1.420609856751364408e-07 1.478230450498887491e-07 1.522687599409769457e-07 1.553926267939876020e-07 1.572423835985459448e-07 1.579058451989085400e-07 1.574973051794362192e-07 1.561450469120910145e-07 1.539815998665487021e-07 1.511359303332380826e-07 1.477284355158428803e-07 1.438679581498710531e-07 1.396505532379010657e-07 1.351595125223124946e-07 1.304665126152973088e-07 1.256332845106721623e-07 1.207132888091436443e-07 1.157534921906515942e-07
-7.258121474893489090e-05 -5.556051337796668460e-04 -2.007517117986318527e-04 3.333137216946175440e-08 2.332060394347527823e-08 1.426766623254193405e-08 6.245559352601876236e-09 -7.043098215955064408e-10 -6.564052033410119530e-09 -1.133629822316714569e-08 -1.504680735568498369e-08 -1.775082444934288017e-08 -1.953643394775024962e-08 -2.052141712259009527e-08 -2.084292345496698103e-08 -2.064372630647082204e-08 -2.005911681192240761e-08 -1.920798167756635039e-08 -1.818845343364795973e-08 -1.707755547159953590e-08 -1.593317918700966649e-08 -1.479707942895647370e-08 -1.369805334489421206e-08 -1.265482118016379109e-08 -1.167852210083686499e-08 -1.077477270292346395e-08 -9.945362497510653345e-09 -9.189457492826046860e-09 -8.504772166265550577e-09 -7.888080433654152632e-09 -7.335812796242426381e-09 -6.844345309497159222e-09 7.441488087097175975e-07 7.597162899271403614e-07 7.681863711551062544e-07 7.690080419955673904e-07 7.766100572037700400e-07 7.473054316694683012e-07 7.257325458927427575e-07 6.982899952147892083e-07 6.662040840010531413e-07 6.308204664494771629e-07 5.934119105324914027e-07 5.551257223201418345e-07 5.169038988992015293e-07 4.795126801292457574e-07 4.435113445018051718e-07 4.092948975571248139e-07 3.771171916414741505e-07 3.471114051760913773e-07 3.193268913755246849e-07 2.937250756173091404e-07 2.702793783695479042e-07 2.488545552225666562e-07 2.293593673893756365e-07 2.116656153631517878e-07 1.956307466371335425e-07 1.811638462902105780e-07 1.681072998823089682e-07 1.563453531195443785e-07 1.457911647576648015e-07 2.690491638451500509e-08 3.449137071407613082e-08 4.299981972434095254e-08 5.225350412621885436e-08 6.205464397883624767e-08 7.220922579077450504e-08 8.252869118333648448e-08 9.282799020336235948e-08 1.029090248406842033e-07 1.125553377016490552e-07 1.215398826361790874e-07 1.296450216526713814e-07 1.366863937920437338e-07 1.425318718990041135e-07 1.471105675072153102e-07 1.504117636807306254e-07 1.524761681763358175e-07 1.533836168506689443e-07 1.532398940741494234e-07 1.521652560231572077e-07 1.502845895003109854e-07 1.477203898560687343e-07 1.445879412696944915e-07 1.409925229032511167e-07 1.370281372853736273e-07 1.327776166352941487e-07 1.283135234109604379e-07 1.236992997983299829e-07 1.189907329571204600e-07
-7.410873476513419602e-05 -5.673082666647527627e-04 -2.049939459459661369e-04 4.108102269288207908e-08 3.075584435062880957e-08 2.122292183094290674e-08 1.259252419115802444e-08 4.938581687128361855e-09 -1.695390450515959298e-09 -7.289326674203546117e-09 -1.184345379935973869e-08 -1.538110301814694996e-08 -1.795426414686126035e-08 -1.964687102908654801e-08 -2.057142279554023437e-08 -2.085918901432855068e-08 -2.064681596360002676e-08 -2.006402058081868759e-08 -1.922483182731401113e-08 -1.822349679501844373e-08 -1.713407486922483347e-08 -1.601230224612823815e-08 -1.489845944438923276e-08 -1.382035034628694904e-08 -1.279606062208048666e-08 -1.183632912674301383e-08 -1.094657000224675714e-08 -1.012839106427322929e-08 -9.381073443574051562e-09 -8.702335861623799509e-09 -8.089151957812883148e-09 -7.538201282335490898e-09 7.012895758976085916e-07 7.224828078383482784e-07 7.377456130493366183e-07 7.462009030852380288e-07 7.473054316694683012e-07 7.547306944855741427e-07 7.270731023163079778e-07 7.066087155201908814e-07 6.804581183592813020e-07 6.498095822129431688e-07 6.159383404178185445e-07 5.800574926389412269e-07 5.432728951902335281e-07 5.064976230639378544e-07 4.704644672001663229e-07 4.357271626489488663e-07 4.026646373346430434e-07 3.715315192630070621e-07 3.424482466375095963e-07 3.154971898322651463e-07 2.906374417671733000e-07 2.678281252067797060e-07 2.469753427439083762e-07 2.279668814772320317e-07 2.107120379059134529e-07 1.950587682818112550e-07 1.808937101177614672e-07 1.681168422242558954e-07 1.565883024432533564e-07 1.761380481932309337e-08 2.386036378230809901e-08 3.115351342351677391e-08 3.937233994303254036e-08 4.834764107662660257e-08 5.788818323586608891e-08 6.780511698266214042e-08 7.791405520931730597e-08 8.803307755765705108e-08 9.796774012904665140e-08 1.075057726836300116e-07 1.164246207000806420e-07 1.245105044296892491e-07 1.315812704505160646e-07 1.375046391885041386e-07 1.422071948090642584e-07 1.456733082732670852e-07 1.479370930612989304e-07 1.490705113916950057e-07 1.491712719713120663e-07 1.483513795344965314e-07 1.467281868650653805e-07 1.444177028335418771e-07 1.415301171376669662e-07 1.381671046123087644e-07 1.344207872495550750e-07 1.303737292098905519e-07 1.260994207164297160e-07 1.216632914781479736e-07
-7.550066606267009819e-05 -5.779742101418223251e-04 -2.088623663410786818e-04 4.834067926808998046e-08 3.793955929283924408e-08 2.813492693911655557e-08 1.906993303119583949e-08 1.085427848917599945e-08 3.563047926933680447e-09 -2.758512388386176743e-09 -8.088139558760312537e-09 -1.242401891206520547e-08 -1.578700021217148402e-08 -1.822603612504891209e-08 -1.982091041846256920e-08 -2.067907208931677469e-08 -2.092597107604211377e-08 -2.069249123813713767e-08 -2.010293613968026019e-08 -1.926672471159127497e-08 -1.827440262575045144e-08 -1.719721949087308489e-08 -1.608890781150423909e-08 -1.498834932419532288e-08 -1.392241727945869453e-08 -1.290858765407460573e-08 -1.195725924513951639e-08 -1.107356573449626311e-08 -1.025919155673303025e-08 -9.513396477923943631e-09 -8.834106686835739007e-09 -8.218573729119171713e-09 6.563047448915648813e-07 6.817172314490465826e-07 7.023711574291958531e-07 7.173202425897239765e-07 7.257325458927427575e-07 7.270731023163080837e-07 7.342927057047681635e-07 7.081081816731140794e-07 6.886461372773481588e-07 6.636796739181650299e-07 6.343371354894859781e-07 6.018428796331338437e-07 5.673662096493896577e-07 5.319625544455092146e-07 4.965230579873743690e-07 4.617493898215931292e-07 4.281835351340759173e-07 3.961819720834651423e-07 3.660249910782252834e-07 3.378254174753261966e-07 3.116490068731530699e-07 2.874942315667670935e-07 2.652997607575157554e-07 2.450098656241245622e-07 2.265038355421445611e-07 2.096707290924965222e-07 1.944164004098108523e-07 1.806040794790147233e-07 1.681069967946337651e-07 9.963266097430681130e-09 1.487823108026247317e-08 2.088156459357370809e-08 2.792499016409042906e-08 3.589366400570240027e-08 4.462493049185911696e-08 5.393394418995591358e-08 6.363722357743493755e-08 7.355445318572704844e-08 8.350743804515438203e-08 9.330564740011223049e-08 1.027413224299645748e-07 1.115966031913829180e-07 1.196616906844843768e-07 1.267567103119150736e-07 1.327494962352122010e-07 1.375640868191985127e-07 1.411800556158525744e-07 1.436247015689530808e-07 1.449622892063802534e-07 1.452820054935659215e-07 1.446875691957582112e-07 1.432887775245964541e-07 1.411953187235837750e-07 1.385125517663322307e-07 1.353391994225405848e-07 1.317663184916000875e-07 1.278769473753234162e-07 1.237464990772362877e-07
-7.675482637535711796e-05 -5.875862204279350956e-04 -2.123508651017159152e-04 5.503702348635618285e-08 4.478369332295617018e-08 3.491599306592674567e-08 2.559791878268606347e-08 1.697098758513224202e-08 9.145031924054060240e-09 2.196080368733646374e-09 -3.828872350967475157e-09 -8.905949407746519198e-09 -1.303149804191396223e-08 -1.622441449507422383e-08 -1.853087697656867595e-08 -2.002701314405021690e-08 -2.081549732531614668e-08 -2.101657040033599835e-08 -2.075572866376208615e-08 -2.015231758504450113e-08 -1.931150771666454412e-08 -1.832044063764160098e-08 -1.724781917105914266e-08 -1.614551720713848538e-08 -1.505111742637325882e-08 -1.399059435212944239e-08 -1.298086939495416051e-08 -1.203188409645769920e-08 -1.114875918125658407e-08 -1.033307607622559510e-08 -9.584277411794937837e-09 -8.900571845416558907e-09 6.105911891034460580e-07 6.388570365606402413e-07 6.635491144519263273e-07 6.836662401739341387e-07 6.982899952147893142e-07 7.066087155201908814e-07 7.081081816731140794e-07 7.151033203822908677e-07 6.902596473431728888e-07 6.716907737466396903e-07 6.477883442452321656e-07 6.196368266167179482e-07 5.884017133376526592e-07 5.552164511049193854e-07 5.210898531562702853e-07 4.868857198325266836e-07 4.532694208222274769e-07 4.207964703051269589e-07 3.898070437603705066e-07 3.605577021726295194e-07 3.331958931840985052e-07 3.077647694110627989e-07 2.842991817070956581e-07 2.627295933999345768e-07 2.429809571250051752e-07 2.249907416860856953e-07 2.086257924466976392e-07 1.937659336291694670e-07 1.803266372410980063e-07 3.854068478978704872e-09 7.527750478603194541e-09 1.225173120996009149e-08 1.804999667224718396e-08 2.487782546732819068e-08 3.262563576491140555e-08 4.113731864735240284e-08 5.023472719064304398e-08 5.973967503256241137e-08 6.947660547094185216e-08 7.927139157037522914e-08 8.893781554925114543e-08 9.827283540609145041e-08 1.070632992893472322e-07 1.151032393060343689e-07 1.222150626581955802e-07 1.282663649113463479e-07 1.331784419751541067e-07 1.369255355332939540e-07 1.395281276080471949e-07 1.410421647138822127e-07 1.415482640167196324e-07 1.411419567605232820e-07 1.399259253395874441e-07 1.380042080888958262e-07 1.354785327133057560e-07 1.324461267063254759e-07 1.289983507510409273e-07 1.252203006953493661e-07
-7.786988394134614056e-05 -5.961340591373226515e-04 -2.154556773855221077e-04 6.111846624361292389e-08 5.120597909955237653e-08 4.147142943127928146e-08 3.208382501276508936e-08 2.320519204337366540e-08 1.497636975933631393e-08 7.507086847803083777e-09 8.742237213068143974e-10 -4.874374605745841184e-09 -9.713716091795300382e-09 -1.363917939820320309e-08 -1.666821236092783489e-08 -1.884492993422903500e-08 -2.024220474228692307e-08 -2.095870456794291090e-08 -2.110994570185024355e-08 -2.081661637898048090e-08 -2.019357443876722432e-08 -1.934213141500070298e-08 -1.834636354585580219e-08 -1.727261291643854963e-08 -1.617101349003540748e-08 -1.507787654795932949e-08 -1.401832565635338629e-08 -1.300856815160568631e-08 -1.205838298800568839e-08 -1.117264695824365814e-08 -1.035305940935028507e-08 -9.599317589412196475e-09 5.652419079304587907e-07 5.952264799662892069e-07 6.226624693265791657e-07 6.466457674065680664e-07 6.662040840010531413e-07 6.804581183592813020e-07 6.886461372773481588e-07 6.902596473431728888e-07 6.970007179988509121e-07 6.733560010880655273e-07 6.555857937396533580e-07 6.326436030868228618e-07 6.055783356337568760e-07 5.755009560738653083e-07 5.435050245127682059e-07 5.105482525754085800e-07 4.774934825506590317e-07 4.449764204940292552e-07 4.135182478449984338e-07 3.834847862519129855e-07 3.551038398815320694e-07 3.285548028007264660e-07 3.038705846947359285e-07 2.810654108123432828e-07 2.601276370539924660e-07 2.409608230124147793e-07 2.234764968430138104e-07 2.075940557796518868e-07 1.931767529799805225e-07 -8.780668280277318530e-10 1.704389631347293119e-09 5.237405392056335796e-09 9.802175362688918671e-09 1.542342510475517022e-08 2.205941973289471209e-08 2.960606173406355110e-08 3.791422158025372546e-08 4.681228895535272663e-08 5.612806595587355980e-08 6.569103272940147105e-08 7.533151771766500707e-08 8.486778626323905369e-08 9.410143393905758358e-08 1.028236909601752096e-07 1.108322184755766202e-07 1.179510499836154624e-07 1.240470756444538275e-07 1.290380292769689408e-07 1.328926996591567954e-07 1.356240034461584402e-07 1.372795899664946497e-07 1.379318000711797616e-07 1.376687589887324363e-07 1.365871330098989400e-07 1.347870622401364754e-07 1.323686817215457770e-07 1.294295864772998583e-07 1.260634673437470220e-07
-7.884533902219612110e-05 -6.036138522141882385e-04 -2.181753309352728960e-04 6.656465828955314835e-08 5.714256020604109819e-08 4.771012744480141816e-08 3.842672133141276221e-08 2.945985916795297022e-08 2.097057264690296952e-08 1.309857774241508690e-08 5.953205890926333981e-09 -3.890697444991471880e-10 -5.880344876928007343e-09 -1.049571598229374134e-08 -1.423031359779791426e-08 -1.710102887910512955e-08 -1.915037427625662883e-08 -2.044881671969918665e-08 -2.109151585522856553e-08 -2.118988068520649001e-08 -2.086029612441444384e-08 -2.021355761957414011e-08 -1.934749281077084388e-08 -1.834331201428224048e-08 -1.726511817283588239e-08 -1.616132062269093191e-08 -1.506699946430005277e-08 -1.400622691727641753e-08 -1.299483093366251597e-08 -1.204214373669421741e-08 -1.115304680897396902e-08 -1.032942595172277270e-08 5.211592393774516804e-07 5.518843991344203289e-07 5.809683516889775463e-07 6.075686750910198227e-07 6.308204664494770571e-07 6.498095822129431688e-07 6.636796739181649240e-07 6.716907737466395844e-07 6.733560010880655273e-07 6.798205837110795594e-07 6.572517174054269407e-07 6.401941897213277712e-07 6.181238473448631755e-07 5.920499655274272890e-07 5.630255700984646722e-07 5.321310598748548738e-07 5.002808336453718010e-07 4.682896244062214165e-07 4.368067067502259428e-07 4.063138372811387441e-07 3.772009628526680044e-07 3.496798147017595495e-07 3.239054635092391722e-07 2.999664220153956672e-07 2.778542249084375814e-07 2.575316813976863763e-07 2.389542934694870305e-07 2.220168454591362363e-07 2.066169464398601787e-07 -4.431108096618522702e-09 -2.758220809786298823e-09 -2.712561298617501288e-10 3.146094507111164221e-09 7.573348621429766144e-09 1.303564226546437251e-08 1.949472324231206972e-08 2.685256582498911592e-08 3.496675933614845690e-08 4.367286609172830178e-08 5.280480481840343787e-08 6.219735487736560543e-08 7.168537118052359793e-08 8.109142111214541507e-08 9.022127799571625028e-08 9.887022068042818586e-08 1.068386514536958465e-07 1.139515642198500023e-07 1.200740889364261264e-07 1.251202297436995681e-07 1.290524904964727586e-07 1.318763787653403291e-07 1.336317904195370807e-07 1.343839364380445183e-07 1.342150672568889390e-07 1.332180980277269952e-07 1.314917893782126247e-07 1.291369068494007253e-07 1.262537153082599447e-07
-7.968149950758016695e-05 -6.100279038319825296e-04 -2.205105794169529628e-04 7.138166342582999058e-08 6.255088700314135647e-08 5.355164393991417705e-08 4.452357524871605351e-08 3.562569019124039689e-08 2.702479704837265560e-08 1.888012697199029640e-08 1.132971348564480576e-08 4.480876658014368603e-09 -1.591343465912937565e-09 -6.840452196821698050e-09 -1.124250194827965562e-08 -1.479338934093134900e-08 -1.750990932843299865e-08 -1.943383450163170544e-08 -2.063365596032710512e-08 -2.120159680020668336e-08 -2.124542092511978063e-08 -2.087760964743466035e-08 -2.020526404482882108e-08 -1.932291318749152616e-08 -1.830901228787356959e-08 -1.722542460147625608e-08 -1.611887019325519436e-08 -1.502296442351120948e-08 -1.396111220085859638e-08 -1.294842964487849140e-08 -1.199408672347291838e-08 -1.110303646201849533e-08 4.789686574259785921e-07 5.096892720272312750e-07 5.394717446883642732e-07 5.676424439717455130e-07 5.934119105324915086e-07 6.159383404178186504e-07 6.343371354894858722e-07 6.477883442452321656e-07 6.555857937396534639e-07 6.572517174054269407e-07 6.634196557040865156e-07 6.418210352817829882e-07 6.253987616093313955e-07 6.041073739038635913e-07 5.789437959051468422e-07 5.509108555357710823e-07 5.210298738104301292e-07 4.902154655980435545e-07 4.592307592115597834e-07 4.287369980414904554e-07 3.991904984320888405e-07 3.709498886216196795e-07 3.442768788099086186e-07 3.193004214206219493e-07 2.960818517002019359e-07 2.746631660932660525e-07 2.549897768075443940e-07 2.369952498879218107e-07 2.205948012296310725e-07 -7.009079109001471737e-09 -6.058075487804563187e-09 -4.442620743212925523e-09 -2.032810746082288535e-09 1.284358597333820145e-09 5.586597733450561738e-09 1.090022583041752473e-08 1.719123914552647574e-08 2.436735621339301710e-08 3.229348503985009683e-08 4.081228187606927177e-08 4.976386868569435894e-08 5.898821802109800439e-08 6.832439735164262551e-08 7.759870398503249488e-08 8.662069359144651586e-08 9.518866232398644721e-08 1.031049738874554279e-07 1.101943763115116408e-07 1.163200852129104292e-07 1.213915000676595811e-07 1.253651678622927834e-07 1.282399817542578515e-07 1.300495829834806863e-07 1.308539634566726384e-07 1.307321777013750333e-07 1.297762668478100427e-07 1.280860380630325707e-07 1.257652886092740290e-07
-8.037945098860741812e-05 -6.153844678135686605e-04 -2.224643204609902533e-04 7.559796105892501547e-08 6.741237371789170827e-08 5.893486053106726419e-08 5.028071633782761059e-08 4.159071981958367803e-08 3.302394786893588727e-08 2.474522347622477216e-08 1.691110100059021731e-08 9.655984458085652186e-09 3.083989643321368663e-09 -2.732914301294262984e-09 -7.750568036825317207e-09 -1.194704318991445140e-08 -1.531941184294711679e-08 -1.788519822441769140e-08 -1.968574270692859460e-08 -2.078802418972112453e-08 -2.128168421232142449e-08 -2.127115839022629847e-08 -2.086534072980562991e-08 -2.016778117064216105e-08 -1.926979714611843234e-08 -1.824707029961160110e-08 -1.715925859242551842e-08 -1.605113763513844063e-08 -1.495529547689458941e-08 -1.389409913329503414e-08 -1.288227767418596120e-08 -1.192890565756563312e-08 4.391195564172049215e-07 4.692346855606861288e-07 4.990026462644127409e-07 5.278525525649839970e-07 5.551257223201419403e-07 5.800574926389412269e-07 6.018428796331338437e-07 6.196368266167181600e-07 6.326436030868229677e-07 6.401941897213277712e-07 6.418210352817829882e-07 6.476750014134164641e-07 6.269384948080769134e-07 6.110862435604517687e-07 5.905233390073872510e-07 5.661879797931458665e-07 5.390770697151334953e-07 5.101495774070891692e-07 4.803204336123915708e-07 4.503149235929906450e-07 4.207526444562883518e-07 3.921309241411806143e-07 3.647759112645064244e-07 3.389174029076254152e-07 3.147312876750785057e-07 2.922601313095535341e-07 2.715220452613106623e-07 2.524820176733848993e-07 2.350630587006381954e-07 -8.802664373693810291e-09 -8.398227293021768518e-09 -7.474477571767387341e-09 -5.904300451309331070e-09 -3.561880670229335406e-09 -3.375147446318696777e-10 3.845706490533200030e-09 9.016222441258032758e-09 1.514392322313476454e-08 2.214287463956759388e-08 2.988505145016592907e-08 3.822008775485245469e-08 4.699400053879486896e-08 5.605146139026448946e-08 6.523506548251235715e-08 7.437442100453040204e-08 8.328176549015705422e-08 9.175761910105263315e-08 9.960504261123945345e-08 1.066484607473338913e-07 1.127483063954569155e-07 1.178098808627764531e-07 1.217848093639230970e-07 1.246671709880062240e-07 1.264865517760420295e-07 1.273007094496991482e-07 1.271885937635808733e-07 1.262438386316793699e-07 1.245696465099310092e-07
-8.094102164516432207e-05 -6.196974794125914392e-04 -2.240414994305363881e-04 7.925515253465471317e-08 7.172829817104415676e-08 6.382032670330318528e-08 5.562195297218443884e-08 4.725112954428375331e-08 3.884972775122374311e-08 3.057509729822818614e-08 2.258886042983974632e-08 1.504265355939591713e-08 8.065958284287753074e-09 1.757983710130274067e-09 -3.813255657516175376e-09 -8.606958265345298531e-09 -1.260351736386249728e-08 -1.580192392653399070e-08 -1.822058678189303506e-08 -1.990073248748657689e-08 -2.090803232786278787e-08 -2.132973467568429422e-08 -2.126717010873388319e-08 -2.082571891146728960e-08 -2.010542837089128060e-08 -1.919436591140289537e-08 -1.816547700311962637e-08 -1.707595084727846186e-08 -1.596910959735522974e-08 -1.487611984493482866e-08 -1.381867678952477240e-08 -1.281119195543526535e-08 4.018455118651041141e-07 4.309614362091182570e-07 4.601558615094866450e-07 4.889885079807082166e-07 5.169038988992016351e-07 5.432728951902335281e-07 5.673662096493896577e-07 5.884017133376526592e-07 6.055783356337569819e-07 6.181238473448631755e-07 6.253987616093313955e-07 6.269384948080769134e-07 6.324684041273820348e-07 6.125295936013094823e-07 5.971801163758785484e-07 5.772859623724728584e-07 5.537237664221061776e-07 5.274845178259314339e-07 4.994802178831682888e-07 4.705724264377832846e-07 4.415165771669033653e-07 4.128902005682772342e-07 3.851509353337691851e-07 3.586657508169133656e-07 3.336412492469503841e-07 3.102267948347454205e-07 2.884819875867401009e-07 2.684124787173391751e-07 2.499829495780982092e-07 -9.978473341098568402e-09 -9.968182322445946806e-09 -9.568541509358988410e-09 -8.665341986627416058e-09 -7.135671091366412753e-09 -4.857732234605287263e-09 -1.723951219426149120e-09 2.342844268674402479e-09 7.372850644697134964e-09 1.334049585736400758e-08 2.016582868702514274e-08 2.772762147740308861e-08 3.588197290430647061e-08 4.448012380829123000e-08 5.337062887787380974e-08 6.239916833313513562e-08 7.139754891672503475e-08 8.017995674676345659e-08 8.854790744847848164e-08 9.630522054598071395e-08 1.032751778156859223e-07 1.093161197565805678e-07 1.143304846527826970e-07 1.182669891379233502e-07 1.211172882448576881e-07 1.229100666116341082e-07 1.237039927262806495e-07 1.235802808445933158e-07 1.226363188073708438e-07
-8.136874237250062852e-05 -6.229862506127378796e-04 -2.252490000490410505e-04 8.239951541171286858e-08 7.551386286581939631e-08 6.818876499219699736e-08 6.049275921575850580e-08 5.252052994278778823e-08 4.439214126937611781e-08 3.624825924358350257e-08 2.824296538075815014e-08 2.053220055068686933e-08 1.326134583021325972e-08 6.553282426756424854e-09 5.015571156040602678e-10 -4.830662068506714687e-09 -9.406070148025141043e-09 -1.320799773830001661e-08 -1.623734252685982841e-08 -1.851355741964879276e-08 -2.007779263584429317e-08 -2.099444695032622874e-08 -2.134847578529434977e-08 -2.123808428111703170e-08 -2.076513332982969341e-08 -2.002610507139310552e-08 -1.910585814755457562e-08 -1.807434311257481499e-08 -1.698682116923550966e-08 -1.588475984757661890e-08 -1.479831000638615440e-08 -1.374857060475144455e-08 3.672957994782637279e-07 3.951209710442059437e-07 4.233500238626066735e-07 4.516206332274543232e-07 4.795126801292457574e-07 5.064976230639378544e-07 5.319625544455092146e-07 5.552164511049194912e-07 5.755009560738653083e-07 5.920499655274272890e-07 6.041073739038635913e-07 6.110862435604517687e-07 6.125295936013094823e-07 6.177184586671039520e-07 5.985053063406776537e-07 5.836166623894571685e-07 5.643495331318247379e-07 5.415338298801846775e-07 5.161025848546750627e-07 4.889882455835720572e-07 4.610003867143615243e-07 4.328450176220676581e-07 4.051315924647049661e-07 3.782873810196505392e-07 3.526475202795086186e-07 3.284316678593047561e-07 3.057730373048084288e-07 2.847286486222801679e-07 2.653030618793018979e-07 -1.067509434617971342e-08 -1.093361013179516371e-08 -1.091263290073450193e-08 -1.051567013907538221e-08 -9.632393392311345779e-09 -8.144004979887976849e-09 -5.931465755987587273e-09 -2.888205686873044211e-09 1.062836327012242250e-09 5.954308420686991986e-09 1.176476245382618945e-08 1.841987707367404828e-08 2.580457221977492159e-08 3.378058266732767691e-08 4.220343855844304984e-08 5.092509780224432213e-08 5.979322041678371523e-08 6.864117668531393838e-08 7.728398401697618197e-08 8.552439114629045908e-08 9.316626298368789547e-08 1.000326036309106071e-07 1.059810367417036850e-07 1.109132801580897977e-07 1.147776067908887421e-07 1.175664195562668850e-07 1.193105595477114789e-07 1.200717554228795605e-07 1.199353508646590087e-07
-8.166580257406956533e-05 -6.252751323472478589e-04 -2.260955231121448787e-04 8.507058969112018747e-08 7.878810685130473742e-08 7.203383678520176129e-08 6.485765016425836134e-08 5.733303778134395714e-08 4.955763797159786350e-08 4.165090947019739338e-08 3.375051183460179434e-08 2.600462594429059358e-08 1.856218988606657639e-08 1.156075377664666904e-08 5.116037626479119821e-09 -6.847574151112184494e-10 -5.783230259180471650e-09 -1.014600984821988184e-08 -1.375917026552295227e-08 -1.662551379027507574e-08 -1.876541187900451846e-08 -2.021981884023263253e-08 -2.105182578235327911e-08 -2.134396650594064571e-08 -2.119124746748989489e-08 -2.069191666258806599e-08 -1.993893348325548316e-08 -1.901370431227941093e-08 -1.798376765855790505e-08 -1.690206612773399378e-08 -1.580865490723044230e-08 -1.473275534743438608e-08 3.354806143457109794e-07 3.618532094311323270e-07 3.888276629529326170e-07 4.161615969080532088e-07 4.435113445018051718e-07 4.704644672001663229e-07 4.965230579873742631e-07 5.210898531562702853e-07 5.435050245127682059e-07 5.630255700984646722e-07 5.789437959051468422e-07 5.905233390073871452e-07 5.971801163758785484e-07 5.985053063406775478e-07 6.033575930205677877e-07 5.848166896225145546e-07 5.703740614822823544e-07 5.516774688906784913e-07 5.295786516115605787e-07 5.049533568272137821e-07 4.786769498875632545e-07 4.515816866483477103e-07 4.243344104850952377e-07 3.975048754646219318e-07 3.715266966669047450e-07 3.467141588184120822e-07 3.232794806322101849e-07 3.013512717476138183e-07 2.809610321419683143e-07 -1.100352735501445111e-08 -1.143258508609297529e-08 -1.167086262953701656e-08 -1.164075408144797752e-08 -1.124910132440253734e-08 -1.038938569556538559e-08 -8.945644051585516000e-09 -6.800473906069475993e-09 -3.848710037627090770e-09 -1.267532145162130529e-11 4.742308410661213528e-09 1.039855121069709659e-08 1.688666009483391639e-08 2.409678892137044061e-08 3.189529011307462543e-08 4.014147296561695784e-08 4.868959453944009007e-08 5.738875999901432646e-08 6.607291926766718526e-08 7.455835023068342519e-08 8.264845944593093481e-08 9.014816310608968879e-08 9.688165012392112650e-08 1.027079974711312508e-07 1.075306117126873447e-07 1.113003736983780832e-07 1.140132714280438584e-07 1.157041339881313327e-07 1.164392529524787973e-07
-8.183600212770318584e-05 -6.265931472933813180e-04 -2.265914545930389928e-04 8.729669891958566731e-08 8.156862719696492973e-08 7.535709561179355912e-08 6.869697087723891641e-08 6.164371281228813897e-08 5.427436443282088277e-08 4.668651104633406481e-08 3.899704232321248824e-08 3.133793106147917360e-08 2.385020808620627722e-08 1.667438981568463759e-08 9.939859615889092272e-09 3.754742586865637670e-09 -1.799779324881428162e-09 -6.670292192135936849e-09 -1.082697425147209115e-08 -1.425848178668845446e-08 -1.696925129780739266e-08 -1.898031726951602418e-08 -2.033227677539768179e-08 -2.108667782849042834e-08 -2.132348447012264558e-08 -2.113437216912651468e-08 -2.061401201858732310e-08 -1.985161628990325126e-08 -1.892575186523456056e-08 -1.790118026639432402e-08 -1.682899929069975968e-08 -1.574795368169243495e-08 3.063560696992574411e-07 3.311690786591062578e-07 3.567343756469173706e-07 3.828571547622090838e-07 4.092948975571248139e-07 4.357271626489489192e-07 4.617493898215930763e-07 4.868857198325265777e-07 5.105482525754085800e-07 5.321310598748548738e-07 5.509108555357710823e-07 5.661879797931458665e-07 5.772859623724728584e-07 5.836166623894571685e-07 5.848166896225145546e-07 5.893596759414464857e-07 5.714237824270671551e-07 5.574078118604104696e-07 5.392867200774534011e-07 5.178556952336802507e-07 4.940094218228469060e-07 4.685771708048204074e-07 4.423434705867891847e-07 4.159734304540404044e-07 3.900086748138338520e-07 3.648694763271635800e-07 3.408598069631844914e-07 3.181618845336163471e-07 2.969043214126613454e-07 -1.104999475664795016e-08 -1.157602422300391103e-08 -1.198007833246360201e-08 -1.220245190517045369e-08 -1.216825102962680121e-08 -1.178761821526154529e-08 -1.095659786529752600e-08 -9.560996535501146899e-09 -7.485488905166008479e-09 -4.625588136532016264e-09 -9.034098239591722133e-10 3.717422669606015812e-09 9.222296166936614759e-09 1.554583837928477081e-08 2.258240726074276495e-08 3.020244291682453465e-08 3.826794744857317258e-08 4.663500163633873340e-08 5.515330005197362462e-08 6.365795946003797683e-08 7.196607492010567339e-08 7.988282816673439849e-08 8.721567779918974494e-08 9.379209846340286651e-08 9.947487581040906132e-08 1.041719192092733320e-07 1.078392321652086130e-07 1.104778489325875990e-07 1.121277004824422200e-07
-8.188369998362625348e-05 -6.269735970489165615e-04 -2.267487245151175018e-04 8.908550555859807081e-08 8.386210624772717411e-08 7.815880399019218797e-08 7.199882675823627234e-08 6.542297446442567805e-08 5.849064764209496092e-08 5.127931887752371890e-08 4.388453330860825424e-08 3.641801674850135732e-08 2.900495293228179265e-08 2.177801622303385338e-08 1.486920748237392825e-08 8.399575904796578419e-09 2.470230352470622813e-09 -2.843647169684848535e-09 -7.493048801129429431e-09 -1.145138285944104897e-08 -1.470949050935740995e-08 -1.727307882752897166e-08 -1.916358381182819150e-08 -2.042092182493097508e-08 -2.110488031115313688e-08 -2.129267956206444288e-08 -2.107268436148705779e-08 -2.053578147352217447e-08 -1.976806338201110379e-08 -1.884492879061154121e-08 -1.782886195736362323e-08 -1.676923926515360188e-08 2.798099437296740647e-07 3.030376359934710104e-07 3.270938207907033367e-07 3.518463676157872028e-07 3.771171916414740975e-07 4.026646373346429904e-07 4.281835351340758644e-07 4.532694208222274769e-07 4.774934825506590317e-07 5.002808336453718010e-07 5.210298738104301292e-07 5.390770697151334953e-07 5.537237664221061776e-07 5.643495331318247379e-07 5.703740614822823544e-07 5.714237824270671551e-07 5.756767463780167015e-07 5.583403725287326117e-07 5.447121113509469720e-07 5.271459426816007445e-07 5.063928614772653453e-07 4.832968476121412785e-07 4.586794075540165052e-07 4.332896849371636082e-07 4.077720927367088346e-07 3.826513944265917620e-07 3.583111314276865329e-07 3.350498535952471845e-07 3.130464235294283702e-07 -1.087981126826841191e-08 -1.145043638170416785e-08 -1.195035768468846269e-08 -1.233568760825176529e-08 -1.254882740714722759e-08 -1.251760745248468323e-08 -1.215429602727863575e-08 -1.135652410301342812e-08 -1.001235185287835468e-08 -8.007832198753145088e-09 -5.239544832036562604e-09 -1.629678943762857360e-09 2.859238374202870489e-09 8.214843397709097635e-09 1.437481962819424942e-08 2.123723107030239892e-08 2.867553732967372927e-08 3.655399930919705634e-08 4.472973956474256514e-08 5.305369662940400004e-08 6.136180187316598816e-08 6.947312211423457761e-08 7.719604987820234781e-08 8.434253392107158395e-08 9.074534578560299820e-08 9.627346149379366826e-08 1.008414247080548111e-07 1.044114383191498070e-07 1.069903354364359542e-07
-8.181375995169107827e-05 -6.264536476891155708e-04 -2.265806580241529775e-04 9.042019149032702091e-08 8.565956644348712960e-08 8.043237964067753679e-08 7.475313823172414547e-08 6.865116145699335857e-08 6.217147019066575878e-08 5.537436607470154385e-08 4.833589901781203854e-08 4.114720225648100997e-08 3.391396014040673795e-08 2.675361915832503296e-08 1.979064591682197138e-08 1.314861171385382384e-08 6.941036544122715471e-09 1.262261378978584856e-09 -3.817768344765601530e-09 -8.253982250751252837e-09 -1.202251338105095638e-08 -1.511594506819487752e-08 -1.754092733922620798e-08 -1.931891859032538126e-08 -2.048888744795481286e-08 -2.110865055523350646e-08 -2.125268227907659356e-08 -2.100583830516061047e-08 -2.045584528241355452e-08 -1.968538628795192542e-08 -1.876721041539096863e-08 -1.776167469893611772e-08 2.557071721400687728e-07 2.773633677765056767e-07 2.998748493430026684e-07 3.231696201206625955e-07 3.471114051760913773e-07 3.715315192630070091e-07 3.961819720834651423e-07 4.207964703051269589e-07 4.449764204940293081e-07 4.682896244062214694e-07 4.902154655980435545e-07 5.101495774070890633e-07 5.274845178259314339e-07 5.415338298801846775e-07 5.516774688906785972e-07 5.574078118604104696e-07 5.583403725287326117e-07 5.622994270051409988e-07 5.455332556538733741e-07 5.323122595273452119e-07 5.152798043812894156e-07 4.951813896344563447e-07 4.728234089131692227e-07 4.490014310617311921e-07 4.244411141224392200e-07 3.997436130682511968e-07 3.754208466247192053e-07 3.518464648257600342e-07 3.292941247888920071e-07 -1.054150559576471839e-08 -1.112167231164972888e-08 -1.166770734111839882e-08 -1.214900517939610732e-08 -1.252324337453576154e-08 -1.273499345952745301e-08 -1.271373027295966822e-08 -1.237297094372656713e-08 -1.161244788252395058e-08 -1.032181520437490403e-08 -8.388871240095780429e-09 -5.711479084692327449e-09 -2.212400021530940105e-09 2.146233862584436665e-09 7.353468864441914530e-09 1.334961463525802436e-08 2.003542842915750909e-08 2.728695957206579485e-08 3.496995242077954413e-08 4.294318384335616738e-08 5.105847733227980485e-08 5.915365012236336136e-08 6.705103140594099257e-08 7.456393821600366382e-08 8.151051213462728204e-08 8.773092892654151806e-08 9.310209645472965061e-08 9.754593355103983875e-08 1.010313265745492686e-07
-8.163149418370446112e-05 -6.250738977809499209e-04 -2.261018201293222923e-04 9.125265189147752818e-08 8.692946621672855340e-08 8.215727177080796539e-08 7.694430802494295927e-08 7.131129154389001244e-08 6.529208924084148878e-08 5.893320815762681871e-08 5.229431335935444467e-08 4.544802385871067462e-08 3.848049277002332803e-08 3.149071648695571032e-08 2.458879460074368175e-08 1.789129911620653508e-08 1.151436078573528748e-08 5.564408638413625535e-09 1.299257616322119059e-10 -4.723784963581982979e-09 -8.954999558550354703e-09 -1.254208040251553389e-08 -1.547899288826075058e-08 -1.777293288658921175e-08 -1.944509475929373087e-08 -2.053326942168371835e-08 -2.109327940247699771e-08 -2.119665389150448288e-08 -2.092534554510883859e-08 -2.036366405841159884e-08 -1.959141276838248596e-08 -1.867887205975318514e-08 2.339019092779090878e-07 2.540142904975720154e-07 2.750025900807646834e-07 2.967959661103351357e-07 3.193268913755246849e-07 3.424482466375095963e-07 3.660249910782252834e-07 3.898070437603705066e-07 4.135182478449984338e-07 4.368067067502259428e-07 4.592307592115597834e-07 4.803204336123915708e-07 4.994802178831683947e-07 5.161025848546749569e-07 5.295786516115605787e-07 5.392867200774532952e-07 5.447121113509469720e-07 5.455332556538733741e-07 5.492511515392810136e-07 5.330262367605811718e-07 5.201999689029516297e-07 5.036988289232999270e-07 4.842452737488909094e-07 4.626206102137690254e-07 4.395725563247122696e-07 4.158080266700857017e-07 3.919108192653384439e-07 3.683608365261075287e-07 3.455072387219342422e-07 -1.007077250040500410e-08 -1.063893481873330747e-08 -1.119773629953299110e-08 -1.172724291127963772e-08 -1.219796604985792945e-08 -1.256927080918151642e-08 -1.278692386748269253e-08 -1.278125373511731125e-08 -1.246755066851406010e-08 -1.174702449541794262e-08 -1.051124877077908437e-08 -8.649914159329624177e-09 -6.062552557148949703e-09 -2.673053998831977983e-09 1.556144691376916339e-09 6.615169014473372851e-09 1.244600939527085865e-08 1.895165705995753132e-08 2.600990421147643472e-08 3.348842946324973992e-08 4.124713972235866405e-08 4.913957954918830034e-08 5.700646874619050978e-08 6.467478645193571913e-08 7.196412644272912857e-08 7.870055614497419062e-08 8.473306770947953468e-08 8.994702521003807441e-08 9.427210056168961400e-08
-8.134260494619911309e-05 -6.228779330440200636e-04 -2.253278556124136214e-04 9.150817751229469306e-08 8.762038661689794391e-08 8.329976963096427287e-08 7.855031130732056190e-08 7.338670861467987876e-08 6.783477196131045167e-08 6.193069370435070908e-08 5.572140494247470354e-08 4.926438618888102925e-08 4.262861759980011474e-08 3.589492979897864926e-08 2.915623412862374468e-08 2.251576600030095422e-08 1.608330869363246286e-08 9.968104692261821930e-09 4.270481884521463135e-09 -9.262680091966147618e-10 -5.560846256986072902e-09 -9.594357460092804911e-09 -1.300703240181816847e-08 -1.579383612213224436e-08 -1.796223570283499578e-08 -1.953293325292392101e-08 -2.054250627210708643e-08 -2.104457276382985051e-08 -2.110829616638884387e-08 -2.081248517487449527e-08 -2.023856493486490385e-08 -1.946367145963243231e-08 2.142314701046485569e-07 2.328652579400534903e-07 2.523475164233863966e-07 2.726624664219842502e-07 2.937250756173091404e-07 3.154971898322651463e-07 3.378254174753261966e-07 3.605577021726295194e-07 3.834847862519129855e-07 4.063138372811387441e-07 4.287369980414904024e-07 4.503149235929906450e-07 4.705724264377833376e-07 4.889882455835720572e-07 5.049533568272138880e-07 5.178556952336802507e-07 5.271459426816008504e-07 5.323122595273453178e-07 5.330262367605812777e-07 5.365215438105728126e-07 5.208306073418408095e-07 5.084024119211059096e-07 4.924413908013906239e-07 4.736255020112948424e-07 4.527161681665377578e-07 4.304397178490405353e-07 4.074642876372753068e-07 3.843419241497665461e-07 3.615449443344363822e-07 -9.493988441462664898e-09 -1.003860157388711259e-08 -1.058955559367451990e-08 -1.113513074649004397e-08 -1.165616401199871432e-08 -1.212447498955133817e-08 -1.250023517866692428e-08 -1.272966664353391852e-08 -1.274446657330852409e-08 -1.246107301518089670e-08 -1.178243563724367550e-08 -1.060211299423918751e-08 -8.811958046312890848e-09 -6.313603735836703928e-09 -3.032642339800173911e-09 1.067938446508020087e-09 5.978431700989276711e-09 1.164198499234846797e-08 1.796282182842548228e-08 2.482063366387088670e-08 3.208419511007266992e-08 3.961497450405180313e-08 4.726884506976232655e-08 5.489041939936336394e-08 6.231232148544259792e-08 6.936185540278805482e-08 7.587424903832530103e-08 8.170781710221787546e-08 8.675689431068240726e-08
-8.095312516702218245e-05 -6.199118718208504377e-04 -2.242753256105036374e-04 9.108259030231710081e-08 8.765783489575535096e-08 8.380936148975865104e-08 7.953851594292918281e-08 7.485631472283526526e-08 6.978351342871630797e-08 6.434950510188207072e-08 5.859237705176912236e-08 5.255846383612568932e-08 4.630324879755797854e-08 3.989201325700823734e-08 3.340104351269652898e-08 2.691774925352701562e-08 2.053965745985589153e-08 1.437033787399755509e-08 8.513135279042057327e-09 3.062943431927263774e-09 -1.901505860802580826e-09 -6.322415922535942397e-09 -1.016338855812856196e-08 -1.340618038205060654e-08 -1.604651789247886512e-08 -1.809193296703909520e-08 -1.956260239860112197e-08 -2.049366025114266049e-08 -2.093707851395562651e-08 -2.095940633616516497e-08 -2.063683919189446028e-08 -2.004816006738534544e-08 1.965459126196977649e-07 2.137556940523679974e-07 2.317968508411723589e-07 2.506343939676120734e-07 2.702793783695479042e-07 2.906374417671733000e-07 3.116490068731531228e-07 3.331958931840985052e-07 3.551038398815321223e-07 3.772009628526680573e-07 3.991904984320888405e-07 4.207526444562882988e-07 4.415165771669033653e-07 4.610003867143615243e-07 4.786769498875632545e-07 4.940094218228469060e-07 5.063928614772653453e-07 5.152798043812894156e-07 5.201999689029516297e-07 5.208306073418408095e-07 5.241378052406787065e-07 5.089887020881889512e-07 4.969685576398743533e-07 4.815485371246213710e-07 4.633887932586257722e-07 4.432113103142360384e-07 4.217056526877431466e-07 3.995255700080497798e-07 3.771978360045170690e-07 -8.831209610639721911e-09 -9.347659952021826641e-09 -9.879521961257955043e-09 -1.042111332286697048e-08 -1.096124911670252325e-08 -1.148181084115421649e-08 -1.195511219372515631e-08 -1.234139322917736582e-08 -1.258780873203264882e-08 -1.262674619110199135e-08 -1.237596054829794448e-08 -1.174010144260509928e-08 -1.061487594304653986e-08 -8.894627340406338479e-09 -6.483588835527910207e-09 -3.309275345056613292e-09 6.638308053676006567e-10 5.425526139859749613e-09 1.091883305627388429e-08 1.704896420049019170e-08 2.369617390402025336e-08 3.073019594648811204e-08 3.801411665685995151e-08 4.540665703907084133e-08 5.275697198704100292e-08 5.990459083935177562e-08 6.668580315791931965e-08 7.294575751468740967e-08 7.855306814525465979e-08
-8.046935837071873907e-05 -6.162239055788759374e-04 -2.229615423813592081e-04 8.985107137200734908e-08 8.695075311765367001e-08 8.362309570454728265e-08 7.986807839016750530e-08 7.569518747311112014e-08 7.112308028711400022e-08 6.617792103767778907e-08 6.089299814665236693e-08 5.530779377301635441e-08 4.946860883650837618e-08 4.342906797419931007e-08 3.725163010188416311e-08 3.100861617201500089e-08 2.478305705901447216e-08 1.866725410714663297e-08 1.275946331880081518e-08 7.157707268230717049e-09 1.951997086724843654e-09 -2.783060937877695416e-09 -6.992907401612636991e-09 -1.064335748861579072e-08 -1.371750554131571979e-08 -1.621166368027184514e-08 -1.813341019089047436e-08 -1.950213450092767616e-08 -2.035208632166824951e-08 -2.073330604891366392e-08 -2.071026043281339971e-08 -2.035680071003491768e-08 1.806954070706387214e-07 1.965466796623956664e-07 2.131835555772445482e-07 2.306353001786650334e-07 2.488545552225666032e-07 2.678281252067796531e-07 2.874942315667670406e-07 3.077647694110627459e-07 3.285548028007264660e-07 3.496798147017595495e-07 3.709498886216196795e-07 3.921309241411806143e-07 4.128902005682772342e-07 4.328450176220676581e-07 4.515816866483477632e-07 4.685771708048204074e-07 4.832968476121413843e-07 4.951813896344563447e-07 5.036988289232999270e-07 5.084024119211059096e-07 5.089887020881889512e-07 5.121503290090281726e-07 4.975484461615255627e-07 4.859776187930199886e-07 4.711408342510330139e-07 4.536653430304404646e-07 4.342567863561547624e-07 4.135742106726892564e-07 3.922233762847083324e-07 -8.098551434946735979e-09 -8.586607987226617599e-09 -9.094574954178089981e-09 -9.621003066112102636e-09 -1.016061067051957491e-08 -1.070312333509430337e-08 -1.123067934779354135e-08 -1.171526741085864993e-08 -1.211762114677089754e-08 -1.238502396811298720e-08 -1.245059549101448777e-08 -1.223324605545291615e-08 -1.163938088707236133e-08 -1.056712040244917915e-08 -8.913811529998608935e-09 -6.586552572560153609e-09 -3.515881622518928996e-09 3.312947995228574387e-10 4.942561308869535048e-09 1.026006505888043961e-08 1.618799715193096779e-08 2.260633358011765307e-08 2.938517635646989959e-08 3.638924922034204795e-08 4.348049002431639050e-08 5.051387669542756093e-08 5.733746094285106149e-08 6.379788257906765087e-08 6.975204852180784798e-08
-7.989781851295791671e-05 -6.118638385698877162e-04 -2.214044037393465847e-04 8.767947300178899552e-08 8.540023440001382286e-08 8.267191826934812044e-08 7.949412990719873156e-08 7.587683888410475344e-08 7.183955701358817646e-08 6.740887066000204720e-08 6.261745718145151797e-08 5.750242530329879553e-08 5.210550810543024936e-08 4.647315768241670207e-08 4.065799689766016398e-08 3.472009420796695645e-08 2.872879938539672941e-08 2.276302144610487711e-08 1.691055125792967934e-08 1.126471505013293085e-08 5.918603776467211381e-09 9.576508637202220594e-10 -3.547509795109115361e-09 -7.545347560466200330e-09 -1.100375655604066488e-08 -1.390701766060481765e-08 -1.625202660442941065e-08 -1.804609125888312079e-08 -1.930840914731114732e-08 -2.007198838539074195e-08 -2.038548579639438877e-08 -2.031157919629663137e-08 1.665455574036967983e-07 1.810785708063294457e-07 1.964038857368916610e-07 2.124964432609418845e-07 2.293593673893756365e-07 2.469753427439083232e-07 2.652997607575157554e-07 2.842991817070956581e-07 3.038705846947359285e-07 3.239054635092391722e-07 3.442768788099086186e-07 3.647759112645063714e-07 3.851509353337691851e-07 4.051315924647049131e-07 4.243344104850952377e-07 4.423434705867891318e-07 4.586794075540165052e-07 4.728234089131692227e-07 4.842452737488909094e-07 4.924413908013906239e-07 4.969685576398742474e-07 4.975484461615255627e-07 5.006415174305596176e-07 4.866405349105432661e-07 4.755770970582243354e-07 4.613948260498782902e-07 4.446926575520012572e-07 4.261258319643587458e-07 4.063336547570145006e-07 -7.309970062158147301e-09 -7.771775297158271845e-09 -8.255073703569134263e-09 -8.761239063100187511e-09 -9.289187550835886583e-09 -9.834549325592698806e-09 -1.038712462029776714e-08 -1.092831111079640790e-08 -1.143014041685208167e-08 -1.185281731035025622e-08 -1.214365164738548396e-08 -1.223618341612308032e-08 -1.205043945182754042e-08 -1.149484593923662766e-08 -1.047055447982129145e-08 -8.878319369486022941e-09 -6.629533474646059579e-09 -3.659098768152547120e-09 6.130683764901854493e-11 4.515693088139725043e-09 9.642470995949687803e-09 1.534318205286647177e-08 2.149624294729530790e-08 2.797169954307000651e-08 3.463612462468121322e-08 4.135624197885261240e-08 4.799518544540753396e-08 5.441189882953644778e-08 6.046651240506620149e-08
-7.924517024834946662e-05 -6.068826307059405935e-04 -2.196222286211201827e-04 8.443906579327947224e-08 8.291119150524269744e-08 8.088955974515528537e-08 7.837418126853660791e-08 7.537743077626068298e-08 7.192264359294016610e-08 6.804055961791247590e-08 6.376755573635410945e-08 5.914297371880289611e-08 5.420873842619738097e-08 4.900884119682846511e-08 4.359056258447905354e-08 3.800562842184357382e-08 3.231247536454061449e-08 2.657736367995823315e-08 2.087552139512984586e-08 1.529032360668021188e-08 9.910318569264838471e-09 4.823779002121531903e-09 1.115533787752298737e-10 -4.159579282833627047e-09 -7.941033786097466877e-09 -1.120263708704054604e-08 -1.392986012610409437e-08 -1.611977129687031217e-08 -1.778008475658934469e-08 -1.892933511679682174e-08 -1.959988226500961226e-08 -1.983931923283763335e-08 1.539425716709757427e-07 1.672494226239459755e-07 1.812933328629060477e-07 1.960976685688182525e-07 2.116656153631517614e-07 2.279668814772320317e-07 2.450098656241245622e-07 2.627295933999345768e-07 2.810654108123432828e-07 2.999664220153956672e-07 3.193004214206219493e-07 3.389174029076254152e-07 3.586657508169133656e-07 3.782873810196505392e-07 3.975048754646219318e-07 4.159734304540403515e-07 4.332896849371636082e-07 4.490014310617311921e-07 4.626206102137690254e-07 4.736255020112947894e-07 4.815485371246213710e-07 4.859776187930199886e-07 4.866405349105432661e-07 4.897637637829118166e-07 4.764547365343369530e-07 4.660263917442145650e-07 4.526135301177013372e-07 4.367966928331346832e-07 4.192008111917032747e-07 -6.478483762431676440e-09 -6.917069105903404090e-09 -7.377064305863716568e-09 -7.861661292125027903e-09 -8.372653140210292018e-09 -8.909995396484294032e-09 -9.469256222428677291e-09 -1.003901744831211599e-08 -1.060025402073892229e-08 -1.112370602699815922e-08 -1.156878404251825795e-08 -1.188234888198669178e-08 -1.199826345204110595e-08 -1.183799792785987566e-08 -1.131283634879727449e-08 -1.032761292532616659e-08 -8.788431436003348059e-09 -6.612898296191564569e-09 -3.743487940755882803e-09 -1.587165134845383038e-10 4.117960553197973600e-09 9.018775733427269382e-09 1.444069683924164285e-08 2.025984667277116294e-08 2.634648753501149611e-08 3.257124791647316846e-08 3.880911788391852015e-08 4.493518308871851591e-08 5.082418162036313925e-08
-7.851817013985342808e-05 -6.013319475844062113e-04 -2.176335951964399398e-04 8.002272415737053515e-08 7.940532662231511298e-08 7.822262310392934847e-08 7.647565794167199392e-08 7.418107165448510050e-08 7.136900469064425825e-08 6.807812990748125564e-08 6.435290160544492862e-08 6.023955771837897554e-08 5.578501664463903493e-08 5.103555860377136402e-08 4.603773518356541016e-08 4.083922377498912330e-08 3.549126398666571758e-08 3.005000812382982806e-08 2.457871510186268643e-08 1.914864988530783056e-08 1.383862078660203214e-08 8.732269216920192667e-09 3.912838588122333127e-09 -5.433920619692051886e-10 -4.573459769866759869e-09 -8.131555946659730062e-09 -1.118942820073726540e-08 -1.373317620000754508e-08 -1.576084718423277177e-08 -1.727992333332590937e-08 -1.830895630261288786e-08 -1.888001079650499097e-08 1.428072549383886645e-07 1.548974287600584178e-07 1.677305838009842965e-07 1.813125907298199444e-07 1.956307466371335689e-07 2.107120379059134529e-07 2.265038355421445611e-07 2.429809571250051752e-07 2.601276370539925189e-07 2.778542249084375814e-07 2.960818517002019359e-07 3.147312876750785057e-07 3.336412492469503841e-07 3.526475202795085657e-07 3.715266966669047450e-07 3.900086748138338520e-07 4.077720927367088346e-07 4.244411141224392200e-07 4.395725563247122696e-07 4.527161681665377578e-07 4.633887932586257722e-07 4.711408342510330139e-07 4.755770970582243354e-07 4.764547365343369530e-07 4.797828790278328542e-07 4.673102254462609387e-07 4.576752901377124895e-07 4.452105509643821467e-07 4.304522892831987276e-07 -5.616922993756777608e-09 -6.035178441564097536e-09 -6.473997498640028020e-09 -6.937733952319307945e-09 -7.430119839305462443e-09 -7.954243244999231867e-09 -8.509874282791800473e-09 -9.090795193568084472e-09 -9.684674188529892500e-09 -1.027030154773965749e-08 -1.081670252346038368e-08 -1.128186331483942578e-08 -1.161207409262457855e-08 -1.174199393517923696e-08 -1.159572804681032728e-08 -1.108841232940767913e-08 -1.013121660530365321e-08 -8.638257684470179066e-09 -6.537655936652901386e-09 -3.782299330869752467e-09 -3.626284223091955629e-10 3.687212500613562149e-09 8.290827694159515189e-09 1.333980566078627547e-08 1.870861183729516604e-08 2.427100649778048235e-08 2.990677124982620118e-08 3.550480840831787456e-08 4.095925342526033673e-08
-7.772360929991141572e-05 -5.952637214400695320e-04 -2.154571828836586911e-04 7.436125056701733486e-08 7.483431361258567974e-08 7.464097160997976603e-08 7.378382748632470973e-08 7.228559544676923814e-08 7.018618284690920342e-08 6.753595698039468747e-08 6.439180212844671804e-08 6.081146589273560953e-08 5.685158854480469579e-08 5.256539098485960711e-08 4.800321676099664019e-08 4.321298371729708875e-08 3.824272037496898917e-08 3.314183495366849249e-08 2.796386956601458268e-08 2.276835233708011194e-08 1.762208897038274439e-08 1.259891957492316777e-08 7.777135909956482925e-09 3.234866341066616984e-09 -9.561729223923175851e-10 -4.736610942981701448e-09 -8.063362098647176306e-09 -1.090931447755664737e-08 -1.326218162163724146e-08 -1.512011605508279044e-08 -1.649118264129637058e-08 -1.739434635844820786e-08 1.329820400202484339e-07 1.439201184925916785e-07 1.555897846006563047e-07 1.679949979152278930e-07 1.811638462902105515e-07 1.950587682818112550e-07 2.096707290924965222e-07 2.249907416860856953e-07 2.409608230124147793e-07 2.575316813976863763e-07 2.746631660932660525e-07 2.922601313095535341e-07 3.102267948347454205e-07 3.284316678593047561e-07 3.467141588184120822e-07 3.648694763271635800e-07 3.826513944265918149e-07 3.997436130682511968e-07 4.158080266700857546e-07 4.304397178490405353e-07 4.432113103142359855e-07 4.536653430304404117e-07 4.613948260498782902e-07 4.660263917442145650e-07 4.673102254462609387e-07 4.710567300713486894e-07 4.596367807702080360e-07 4.510215684939700221e-07 4.397117801906378504e-07 -4.738294118807600052e-09 -5.138330718405320973e-09 -5.557924726728821987e-09 -6.002228355036427045e-09 -6.476315714296987330e-09 -6.985575994479737546e-09 -7.532781522354420581e-09 -8.115230626881405448e-09 -8.725253951018000688e-09 -9.347307843459505016e-09 -9.957452496013146354e-09 -1.052222042243224218e-08 -1.099808788888810416e-08 -1.133150240787398555e-08 -1.145959776407712315e-08 -1.131054392908638815e-08 -1.080688972792432708e-08 -9.869688689310211007e-09 -8.426679096166382051e-09 -6.420132709318176231e-09 -3.819768723952077908e-09 -6.318668050561444143e-10 3.095955334620207187e-09 7.278121614260217995e-09 1.180223123268477101e-08 1.654594065051809283e-08 2.139373241455445820e-08 2.624243166381937607e-08 3.100451422974223120e-08
-7.686825793690967490e-05 -5.887297266174895596e-04 -2.131116195620684375e-04 6.744092712829289538e-08 6.919404515984441650e-08 7.014906606246551958e-08 7.031060318122270163e-08 6.970917668898994890e-08 6.839733040948711284e-08 6.644076319827874612e-08 6.391298144889804935e-08 6.088765833081031816e-08 5.743565928081290829e-08 5.362155241699968482e-08 4.950374250215510667e-08 4.513444918916613422e-08 4.056235740819497854e-08 3.583366021909215175e-08 3.099515545107043593e-08 2.609654949353590348e-08 2.119278151910577251e-08 1.634551977737175176e-08 1.162295693622071411e-08 7.097867894436040921e-09 2.843263612561416585e-09 -1.073386103586598836e-09 -4.596181001586181744e-09 -7.683687001341824928e-09 -1.031114729869392263e-08 -1.246669988036518603e-08 -1.414960063243698714e-08 -1.536894444051558664e-08 1.243748682309675656e-07 1.341937082650823920e-07 1.447402504277761143e-07 1.560527941671648059e-07 1.681072998823089682e-07 1.808937101177614408e-07 1.944164004098108523e-07 2.086257924466976392e-07 2.234764968430137839e-07 2.389542934694870305e-07 2.549897768075443940e-07 2.715220452613106623e-07 2.884819875867401009e-07 3.057730373048084288e-07 3.232794806322101849e-07 3.408598069631844914e-07 3.583111314276865329e-07 3.754208466247191523e-07 3.919108192653384439e-07 4.074642876372752538e-07 4.217056526877431466e-07 4.342567863561547094e-07 4.446926575520012572e-07 4.526135301177013372e-07 4.576752901377124895e-07 4.596367807702079831e-07 4.640888233175162698e-07 4.539725735526276917e-07 4.466305954915807168e-07 -3.855874830263813594e-09 -4.238675362177653566e-09 -4.640252493839206721e-09 -5.066407654205443887e-09 -5.523225484337778445e-09 -6.017893452595820616e-09 -6.555324338741528203e-09 -7.134979841925484783e-09 -7.752121596908761116e-09 -8.394702557399157421e-09 -9.043341000361977367e-09 -9.670475215194413678e-09 -1.024018224562265490e-08 -1.070851979683795579e-08 -1.102439917205625388e-08 -1.112937823267109447e-08 -1.096033660771858108e-08 -1.045177643739736298e-08 -9.541720531660234303e-09 -8.175914841964909849e-09 -6.318616185215309848e-09 -3.960814471755402115e-09 -1.127481472412837097e-09 2.120387539498777928e-09 5.690622525053767070e-09 9.473796235782857772e-09 1.336061157284273398e-08 1.725675372340084309e-08 2.108858688868932432e-08
-7.595881220164638601e-05 -5.817811729122925220e-04 -2.106153351921963345e-04 5.930890343406822518e-08 6.252904884232932601e-08 6.478950051016173621e-08 6.609727503295728883e-08 6.649231295274961165e-08 6.604248190971533204e-08 6.483220449680500012e-08 6.295549749506034376e-08 6.050602627981148528e-08 5.757300492014350758e-08 5.423636322326939800e-08 5.056644705246059302e-08 4.662346804905567850e-08 4.246031149586396069e-08 3.812328858164429906e-08 3.365552422376468487e-08 2.909946954992832447e-08 2.449979143287193655e-08 1.990591151649674382e-08 1.537346741827815194e-08 1.096479794401263862e-08 6.747186970718866780e-09 2.788978709093033539e-09 -8.463910396609477565e-10 -4.105062895715251971e-09 -6.948754351999525661e-09 -9.353473660206294431e-09 -1.130901237720314836e-08 -1.281623064844104610e-08 1.168792540997810160e-07 1.255960347709092751e-07 1.350912251122295865e-07 1.453420821602322814e-07 1.563453531195443520e-07 1.681168422242558954e-07 1.806040794790146704e-07 1.937659336291694670e-07 2.075940557796518868e-07 2.220168454591362363e-07 2.369952498879217577e-07 2.524820176733848993e-07 2.684124787173391751e-07 2.847286486222801150e-07 3.013512717476138183e-07 3.181618845336163471e-07 3.350498535952471845e-07 3.518464648257599813e-07 3.683608365261075287e-07 3.843419241497665461e-07 3.995255700080497269e-07 4.135742106726892564e-07 4.261258319643587458e-07 4.367966928331346832e-07 4.452105509643821467e-07 4.510215684939700221e-07 4.539725735526276917e-07 4.594494938780645438e-07 4.509134661861996848e-07 -2.983138266945704291e-09 -3.348424343561044591e-09 -3.732160348671849621e-09 -4.140783474217898783e-09 -4.581259693895583957e-09 -5.062319013051144078e-09 -5.590449826948145804e-09 -6.166256971869039523e-09 -6.786528204083098312e-09 -7.440838063519218165e-09 -8.112124967538757915e-09 -8.776220652875981585e-09 -9.402186814407637097e-09 -9.953217136879633775e-09 -1.038802143919843518e-08 -1.066050336054822369e-08 -1.072252605151642531e-08 -1.052527192249291915e-08 -1.002387035368723218e-08 -9.178338995697896562e-09 -7.961705023736431434e-09 -6.364943366538675200e-09 -4.402927802680845977e-09 -2.118164284810039642e-09 4.192075244455852239e-10 3.120027450977304425e-09 5.890783418742989597e-09 8.648547380674183832e-09 1.133570101678492437e-08
-7.500184377980927011e-05 -5.744683199254318117e-04 -2.079864229705637494e-04 5.007718566369933133e-08 5.493578836564267119e-08 5.864568588604755945e-08 6.121663139202730550e-08 6.269942199194907757e-08 6.317964421272004897e-08 6.276345419014682319e-08 6.156880947899759054e-08 5.971292925027561147e-08 5.730696525489787330e-08 5.444968702573023118e-08 5.122673933412119762e-08 4.770952578685641053e-08 4.395822671844872840e-08 4.002222732988865005e-08 3.594381638437664454e-08 3.176082343876675472e-08 2.750985105316040814e-08 2.322940175890130771e-08 1.896232053340299830e-08 1.475803227501042295e-08 1.067312806505757828e-08 6.770034046469855039e-09 3.112753855144229215e-09 -2.374644741739044463e-10 -3.230649055675070198e-09 -5.829598377333872427e-09 -8.012591565448923098e-09 -9.771624253120270773e-09 1.103607545010161492e-07 1.180527342716125028e-07 1.265063388839434832e-07 1.357476524156841591e-07 1.457911647576648015e-07 1.565883024432533564e-07 1.681069967946337386e-07 1.803266372410980063e-07 1.931767529799805490e-07 2.066169464398602051e-07 2.205948012296310725e-07 2.350630587006381954e-07 2.499829495780982092e-07 2.653030618793018449e-07 2.809610321419683143e-07 2.969043214126613454e-07 3.130464235294284232e-07 3.292941247888920601e-07 3.455072387219342422e-07 3.615449443344363822e-07 3.771978360045170161e-07 3.922233762847082795e-07 4.063336547570145006e-07 4.192008111917032747e-07 4.304522892831987276e-07 4.397117801906377975e-07 4.466305954915807168e-07 4.509134661861996848e-07 4.577228065317648090e-07 -2.133562218937856032e-09 -2.479813326250109546e-09 -2.844756525643411413e-09 -3.235539983857704531e-09 -3.660003396488565799e-09 -4.128333404976782820e-09 -4.648269275626551981e-09 -5.220832569447412047e-09 -5.843256042819628423e-09 -6.505209913122759768e-09 -7.190030805728550909e-09 -7.874695653549881136e-09 -8.530801192435909671e-09 -9.126203559324495689e-09 -9.627165046377032909e-09 -9.998197296200949322e-09 -1.020542658663855626e-08 -1.021767546308572186e-08 -1.001074166625088856e-08 -9.565869870271869259e-09 -8.875734458592947509e-09 -7.945378498189067605e-09 -6.794525375088463121e-09 -5.459285976415477289e-09 -3.993392262968010620e-09 -2.463416728794275349e-09 -9.391138924058045975e-10 5.182384618888836031e-10 1.870599369941637877e-09
1.044981910688000577e-06 2.108079732126969503e-05 1.023709569787681318e-04 -3.116848574243752613e-09 -3.151332682879203603e-09 -3.046240717044382259e-09 -2.813287641833661043e-09 -2.477934187452669381e-09 -2.076118990092343456e-09 -1.648022930618375085e-09 -1.230766314041186522e-09 -8.525515236884644910e-10 -5.300393157461984008e-10 -2.690367115771860072e-10 -6.729955697550237320e-11 8.212916604950439608e-11 1.881266469135735691e-10 2.596576435706105135e-10 3.047799440524032617e-10 3.302222689795946006e-10 3.412855679539293412e-10 3.419218746430098602e-10 3.349164454641813461e-10 3.221254209309823404e-10 3.047338914210307389e-10 2.834994060105678879e-10 2.589573222512372364e-10 2.315676304799134120e-10 2.018194021195531487e-10 1.702706766526796501e-10 1.375649308409614969e-10 1.044160417185279790e-10 7.917796238291707651e-08 6.420085765254437985e-08 5.033872186165899475e-08 3.784460204857056120e-08 2.690491638451499186e-08 1.761380481932309337e-08 9.963266097430654661e-09 3.854068478978699082e-09 -8.780668280277341278e-10 -4.431108096618538418e-09 -7.009079109001457675e-09 -8.802664373693813599e-09 -9.978473341098583292e-09 -1.067509434617971839e-08 -1.100352735501446434e-08 -1.104999475664796174e-08 -1.087981126826842845e-08 -1.054150559576471343e-08 -1.007077250040499748e-08 -9.493988441462663243e-09 -8.831209610639730183e-09 -8.098551434946732671e-09 -7.309970062158158055e-09 -6.478483762431674786e-09 -5.616922993756770163e-09 -4.738294118807583508e-09 -3.855874830263811940e-09 -2.983138266945697674e-09 -2.133562218937852724e-09 7.018253546451714036e-07 6.648840823419628109e-07 6.510785161948513476e-07 6.285534294021600712e-07 5.990145190619314985e-07 5.644742176755328322e-07 5.267087234456144608e-07 4.874131977677221802e-07 4.478568931039903875e-07 4.090950842970821272e-07 3.718143101850520387e-07 3.365084587131278960e-07 3.033949909530895866e-07 2.726354503500564795e-07 2.442199989716051218e-07 2.181011624416775820e-07 1.941532812177545337e-07 1.722397760017089358e-07 1.522231424648701953e-07 1.339463065225404737e-07 1.172784111233414124e-07 1.020894965048354692e-07 8.827453310659622579e-08 7.569297241236763332e-08 6.433696648446579946e-08 5.405896838649385887e-08 4.483264241641878772e-08 3.660938950943061721e-08 2.929434354657505235e-08
1.150272750630893074e-06 2.319430854746217568e-05 1.126302172193830353e-04 -3.071361312558404571e-09 -3.183065515743409372e-09 -3.166732033523133899e-09 -3.020925195214174461e-09 -2.757971959555386062e-09 -2.402949275693245633e-09 -1.990501008965600153e-09 -1.558926159915058858e-09 -1.143273594804105548e-09 -7.698746841281587008e-10 -4.539346119079768319e-10 -2.002821619295580742e-10 -6.092590121957795370e-12 1.358878657649345321e-10 2.346738693809896770e-10 2.992813743833409876e-10 3.377863991663153376e-10 3.569274351749241697e-10 3.620197484211464370e-10 3.570407260676627614e-10 3.448104030825788650e-10 3.272271700495371313e-10 3.055204295689959373e-10 2.804909737872431871e-10 2.527065182354659234e-10 2.226570929287945921e-10 1.908414979586867316e-10 1.578186976527002732e-10 1.242183352682927879e-10 9.068441259583121066e-08 7.504156206936740974e-08 6.028583658713741973e-08 4.669013861276565112e-08 3.449137071407615068e-08 2.386036378230814202e-08 1.487823108026251453e-08 7.527750478603199504e-09 1.704389631347301184e-09 -2.758220809786279798e-09 -6.058075487804540026e-09 -8.398227293021737085e-09 -9.968182322445953424e-09 -1.093361013179513393e-08 -1.143258508609296867e-08 -1.157602422300388787e-08 -1.145043638170416620e-08 -1.112167231164969248e-08 -1.063893481873329589e-08 -1.003860157388709274e-08 -9.347659952021805135e-09 -8.586607987226599401e-09 -7.771775297158260265e-09 -6.917069105903394164e-09 -6.035178441564083474e-09 -5.138330718405312701e-09 -4.238675362177651911e-09 -3.348424343561039628e-09 -2.479813326250104169e-09 6.648840823419627050e-07 7.025125738915699645e-07 6.668684115784960752e-07 6.525495393456316075e-07 6.296647091371718743e-07 5.998675213597366841e-07 5.651096204598788111e-07 5.271613229590766604e-07 4.876757166808575843e-07 4.479322988933707708e-07 4.089626054130701260e-07 3.714360100948125020e-07 3.358567167338103608e-07 3.024897787055596973e-07 2.714849465755553818e-07 2.428316663071021906e-07 2.164986415099799888e-07 1.923788505057145528e-07 1.703272193624574824e-07 1.502291180257695937e-07 1.319168485969514795e-07 1.152656372981273423e-07 1.001164237726281112e-07 8.641359968129985695e-08 7.399440548792879708e-08 6.280360886652794510e-08 5.274962476813886102e-08 4.374579889378016148e-08 3.579359314758572576e-08
1.260711636571830589e-06 2.540918491410282544e-05 1.233807251923996217e-04 -2.987386021491775167e-09 -3.152828324463656135e-09 -3.210200220327317939e-09 -3.148491070405791815e-09 -2.967537161852463574e-09 -2.680011795229258034e-09 -2.310383941323170322e-09 -1.891872638843342779e-09 -1.460828148756571391e-09 -1.050231327798691787e-09 -6.845670897076875108e-10 -3.776279215643180210e-10 -1.332995318197859945e-10 5.178497169041812577e-11 1.851484852877705770e-10 2.759069205078982143e-10 3.330928699647170239e-10 3.647618760618780855e-10 3.776221706506790715e-10 3.769635246751493670e-10 3.667480907539700839e-10 3.497931175223467184e-10 3.280050248195882934e-10 3.026288639995277151e-10 2.744807154635155136e-10 2.441470479664776077e-10 2.121235470716246636e-10 1.789088828132199429e-10 1.450486001769490538e-10 1.022074228191591101e-07 8.614131735662059279e-08 7.073197413228203468e-08 5.626587087367675305e-08 4.299981972434088637e-08 3.115351342351676729e-08 2.088156459357372463e-08 1.225173120996007329e-08 5.237405392056321734e-09 -2.712561298617780462e-10 -4.442620743212921387e-09 -7.474477571767402230e-09 -9.568541509359013226e-09 -1.091263290073451351e-08 -1.167086262953704965e-08 -1.198007833246361855e-08 -1.195035768468848585e-08 -1.166770734111841205e-08 -1.119773629953300268e-08 -1.058955559367452155e-08 -9.879521961257958352e-09 -9.094574954178098252e-09 -8.255073703569142535e-09 -7.377064305863722358e-09 -6.473997498640024711e-09 -5.557924726728821160e-09 -4.640252493839212511e-09 -3.732160348671843003e-09 -2.844756525643406863e-09 6.510785161948513476e-07 6.668684115784960752e-07 7.016969829078026387e-07 6.670444931778075307e-07 6.521272567039400210e-07 6.288001829521116634e-07 5.987103814965546933e-07 5.637528645255929588e-07 5.256855560414916083e-07 4.861137685423281572e-07 4.462781278146942138e-07 4.072023306350142230e-07 3.695892380409164077e-07 3.339224623317033421e-07 3.004599811992640400e-07 2.693640622901533487e-07 2.406421199524373302e-07 2.142534344466728909e-07 1.901154870531720682e-07 1.680746575322901164e-07 1.480235872994787025e-07 1.297691651859916453e-07 1.132376615188617306e-07 9.824987636154339721e-08 8.470638075051598439e-08 7.250107505843466155e-08 6.152098773458065923e-08 5.172637601005448309e-08 4.299692578461034175e-08
1.376075498564642643e-06 2.772065392280479641e-05 1.345991956719035695e-04 -2.880866171996034276e-09 -3.074409401012757911e-09 -3.185754444098333775e-09 -3.196312272901197113e-09 -3.096713793450845189e-09 -2.887739874730703244e-09 -2.582140560719150774e-09 -2.203610835583104120e-09 -1.783869996151678854e-09 -1.357339942674543682e-09 -9.550038369633941782e-10 -5.996019695883234431e-10 -3.036135719771508605e-10 -7.007448909105013207e-11 1.048514106181831733e-10 2.288895039397240163e-10 3.112017768435045176e-10 3.607875951527416304e-10 3.856374269850011670e-10 3.923897043386346746e-10 3.862727064095120465e-10 3.712027889460525689e-10 3.499680916822392831e-10 3.244615098613357744e-10 2.959241281581364628e-10 2.651764291370489211e-10 2.328052598556291166e-10 1.993033311935255117e-10 1.651564047406702836e-10 1.135446833400845921e-07 9.729681233968921672e-08 8.147098320696258108e-08 6.636631288604345366e-08 5.225350412621882789e-08 3.937233994303253374e-08 2.792499016409044230e-08 1.804999667224717073e-08 9.802175362688907090e-09 3.146094507111137751e-09 -2.032810746082311283e-09 -5.904300451309343478e-09 -8.665341986627467344e-09 -1.051567013907539544e-08 -1.164075408144803707e-08 -1.220245190517047023e-08 -1.233568760825179176e-08 -1.214900517939612056e-08 -1.172724291127966584e-08 -1.113513074649004728e-08 -1.042111332286699199e-08 -9.621003066112117526e-09 -8.761239063100200745e-09 -7.861661292125042792e-09 -6.937733952319312908e-09 -6.002228355036430353e-09 -5.066407654205455467e-09 -4.140783474217903746e-09 -3.235539983857705359e-09 6.285534294021600712e-07 6.525495393456318193e-07 6.670444931778075307e-07 6.991446458820449092e-07 6.652579972376958707e-07 6.497101685747168704e-07 6.259566016104867478e-07 5.956316219526480010e-07 5.605688217082485652e-07 5.224660496151485264e-07 4.828979011651194105e-07 4.431174446723492425e-07 4.041104572223780185e-07 3.665594705752580896e-07 3.309518791403502051e-07 2.975572318454538526e-07 2.665249166707266647e-07 2.378860065273007592e-07 2.115902612354696780e-07 1.875640139513989922e-07 1.656303096442870789e-07 1.457334935687490740e-07 1.276636169729011772e-07 1.113056208670343355e-07 9.653808516589719091e-08 8.320723029776590842e-08 7.125946678564984535e-08 6.055017763798052053e-08 5.098685697379922877e-08
1.496104008114814565e-06 3.012318667007577217e-05 1.462586682329490855e-04 -2.765812389603116760e-09 -2.964102044049856137e-09 -3.107285231160866491e-09 -3.173473814159575749e-09 -3.145943037306523625e-09 -3.016640869765456644e-09 -2.787024066584343252e-09 -2.469747746972803697e-09 -2.087655050258957865e-09 -1.670988113303832462e-09 -1.252331546545442955e-09 -8.608076439840076599e-10 -5.175569807562892782e-10 -2.338820816074605850e-10 -1.208008549313843292e-11 1.520622718642622812e-10 2.664020855921444412e-10 3.400908852193413882e-10 3.820497587257666838e-10 4.001683495798973688e-10 4.009863990830133891e-10 3.896480484182229353e-10 3.700054128711903029e-10 3.448036417698793454e-10 3.159086274951729718e-10 2.845493676376883899e-10 2.515373401634084256e-10 2.174516771440661583e-10 1.827724372783542480e-10 1.244808320352987886e-07 1.083116997921851856e-07 9.230558542648857614e-08 7.679202028180337172e-08 6.205464397883619473e-08 4.834764107662657610e-08 3.589366400570239365e-08 2.487782546732818738e-08 1.542342510475514044e-08 7.573348621429754564e-09 1.284358597333832553e-09 -3.561880670229335819e-09 -7.135671091366458248e-09 -9.632393392311349088e-09 -1.124910132440256381e-08 -1.216825102962682271e-08 -1.254882740714724413e-08 -1.252324337453575492e-08 -1.219796604985793607e-08 -1.165616401199871266e-08 -1.096124911670252325e-08 -1.016061067051956994e-08 -9.289187550835888237e-09 -8.372653140210280438e-09 -7.430119839305455826e-09 -6.476315714296983194e-09 -5.523225484337771827e-09 -4.581259693895576512e-09 -3.660003396488564972e-09 5.990145190619314985e-07 6.296647091371718743e-07 6.521272567039400210e-07 6.652579972376959766e-07 6.947383380591961074e-07 6.615062393522688409e-07 6.453875274976192171e-07 6.212998493064324523e-07 5.908175014570767461e-07 5.557305977259294264e-07 5.177291847937414681e-07 4.783282628992134236e-07 4.387407464930341909e-07 3.999394415725635181e-07 3.626055175577384058e-07 3.272050968586584495e-07 2.940250739553319470e-07 2.632018307097183669e-07 2.347744599689132650e-07 2.086684963450572399e-07 1.848630039693606680e-07 1.631659695672443197e-07 1.434818711328401995e-07 1.256608926546600468e-07 1.095360198413923150e-07 9.503941529000780702e-08 8.198847018960786562e-08 7.027857667729273339e-08 5.986044268506142436e-08
1.620501125132766634e-06 3.261053151518032635e-05 1.583286716711047816e-04 -2.647427781258866594e-09 -2.834413497349572506e-09 -2.989544347569111124e-09 -3.092429299327077844e-09 -3.123047448885029085e-09 -3.066270708357149054e-09 -2.915149637428645226e-09 -2.671678614340179278e-09 -2.348357245102461597e-09 -1.967203518620845441e-09 -1.557078206344536519e-09 -1.148877965491717101e-09 -7.700327325533260590e-10 -4.402502256659696501e-10 -1.697974562772943636e-10 3.965298992167417798e-11 1.926072725832828383e-10 2.969931067232880167e-10 3.619084759464929623e-10 3.961669044341372239e-10 4.075367772564087383e-10 4.024451118184950793e-10 3.859422567434342340e-10 3.618088501736098148e-10 3.327384893085275437e-10 3.005657323753342052e-10 2.664972772163675027e-10 2.313302686393156594e-10 1.956294807762770657e-10 1.347795008823328395e-07 1.189760759362578893e-07 1.030436869045850693e-07 8.735028341153169084e-08 7.220922579077449180e-08 5.788818323586608891e-08 4.462493049185912357e-08 3.262563576491140555e-08 2.205941973289469224e-08 1.303564226546435928e-08 5.586597733450549331e-09 -3.375147446318710735e-10 -4.857732234605300498e-09 -8.144004979887953688e-09 -1.038938569556538394e-08 -1.178761821526153868e-08 -1.251760745248469978e-08 -1.273499345952744474e-08 -1.256927080918152469e-08 -1.212447498955133486e-08 -1.148181084115423304e-08 -1.070312333509430006e-08 -9.834549325592707078e-09 -8.909995396484298995e-09 -7.954243244999231867e-09 -6.985575994479735064e-09 -6.017893452595828060e-09 -5.062319013051147386e-09 -4.128333404976779511e-09 5.644742176755328322e-07 5.998675213597366841e-07 6.288001829521117693e-07 6.497101685747168704e-07 6.615062393522689468e-07 6.885534960708873776e-07 6.559554356444199824e-07 6.393463005269491386e-07 6.150044436769549368e-07 5.844965235796696043e-07 5.495411761958039085e-07 5.117693850174097318e-07 4.726625010511754725e-07 4.334130202150028074e-07 3.949564980031716484e-07 3.579789114202361271e-07 3.229251529840823325e-07 2.900840429573709651e-07 2.595643808486873443e-07 2.314567115231436052e-07 2.056704727560593915e-07 1.821465062878507578e-07 1.607539382610426088e-07 1.413467068793082317e-07 1.238308059451816455e-07 1.080123354674353029e-07 9.377444789684429139e-08 8.103120370157166289e-08 6.962845840998753131e-08
1.748937021588770096e-06 3.517575478896178842e-05 1.707754225841076709e-04 -2.525388186421108062e-09 -2.696124245008925052e-09 -2.849098454091060296e-09 -2.970796043732531185e-09 -3.042495337798900630e-09 -3.045875315491486057e-09 -2.967261287627596482e-09 -2.800718541532689918e-09 -2.548732046709746817e-09 -2.223664416720734273e-09 -1.846778279791680245e-09 -1.445676558983034682e-09 -1.049719305943300305e-09 -6.848092810314494878e-10 -3.693674902788100386e-10 -1.127482074832654908e-10 8.391090724608712185e-11 2.253476748889095771e-10 3.195220843593269348e-10 3.754571669108318311e-10 4.018467479025851337e-10 4.063323785070093416e-10 3.952244552736113904e-10 3.734771022705373098e-10 3.447921750502440630e-10 3.118110351857733305e-10 2.763279448262815895e-10 2.395242859622455344e-10 2.021794504288034494e-10 1.441932335704469886e-07 1.290599511249965460e-07 1.134799644379257840e-07 9.785265479042209416e-08 8.252869118333647124e-08 6.780511698266212719e-08 5.393394418995589372e-08 4.113731864735241608e-08 2.960606173406354448e-08 1.949472324231209619e-08 1.090022583041751646e-08 3.845706490533203339e-09 -1.723951219426173315e-09 -5.931465755987567420e-09 -8.945644051585535853e-09 -1.095659786529749622e-08 -1.215429602727867545e-08 -1.271373027295964009e-08 -1.278692386748271073e-08 -1.250023517866690112e-08 -1.195511219372515631e-08 -1.123067934779351819e-08 -1.038712462029777045e-08 -9.469256222428673982e-09 -8.509874282791793855e-09 -7.532781522354417273e-09 -6.555324338741524067e-09 -5.590449826948138359e-09 -4.648269275626543709e-09 5.267087234456144608e-07 5.651096204598788111e-07 5.987103814965546933e-07 6.259566016104869595e-07 6.453875274976191112e-07 6.559554356444200882e-07 6.807650425129667942e-07 6.487805799330341075e-07 6.318159116632147730e-07 6.073748288841496752e-07 5.769654863793665699e-07 5.422617358473350008e-07 5.048561952719470717e-07 4.661733855602696204e-07 4.273923656813749753e-07 3.894120803999959756e-07 3.529084000542647632e-07 3.182906966342093119e-07 2.858929960368616462e-07 2.558045372878820883e-07 2.280769436130783607e-07 2.026791832129599516e-07 1.795030836458515573e-07 1.584745124693192488e-07 1.394215720121645564e-07 1.222042174236100641e-07 1.067258860797363818e-07 9.282192340182088362e-08 8.035384277481199525e-08
1.881050324199137535e-06 3.781128812298734977e-05 1.835620561581454509e-04 -2.397873733623108968e-09 -2.559457922819383916e-09 -2.704662002231655808e-09 -2.830945094117848891e-09 -2.926061334048113201e-09 -2.972904486973180584e-09 -2.954772097351054146e-09 -2.859384293248073554e-09 -2.681762921411344073e-09 -2.424864864140319357e-09 -2.100922522038878073e-09 -1.730500656949145330e-09 -1.340032563039958237e-09 -9.574649230715018541e-10 -6.072900449849049595e-10 -3.067533315269121802e-10 -6.437980723647983480e-11 1.191707058646263296e-10 2.488339892226653926e-10 3.325871225868939679e-10 3.793719888346572281e-10 3.977608678470072993e-10 3.952661024016338315e-10 3.780799973782082433e-10 3.510487427088667493e-10 3.177995534951583516e-10 2.809082698676025687e-10 2.421286475453246827e-10 2.026173053366931237e-10 1.524879909613968729e-07 1.383225484394018772e-07 1.233897149660736242e-07 1.080977461307426039e-07 9.282799020336234625e-08 7.791405520931729273e-08 6.363722357743492431e-08 5.023472719064304398e-08 3.791422158025367914e-08 2.685256582498910930e-08 1.719123914552647905e-08 9.016222441258042684e-09 2.342844268674370632e-09 -2.888205686873035526e-09 -6.800473906069510734e-09 -9.560996535501151862e-09 -1.135652410301343970e-08 -1.237297094372656713e-08 -1.278125373511731456e-08 -1.272966664353392183e-08 -1.234139322917737243e-08 -1.171526741085864993e-08 -1.092831111079641286e-08 -1.003901744831212261e-08 -9.090795193568079509e-09 -8.115230626881405448e-09 -7.134979841925490573e-09 -6.166256971869038696e-09 -5.220832569447411220e-09 4.874131977677221802e-07 5.271613229590766604e-07 5.637528645255929588e-07 5.956316219526480010e-07 6.212998493064324523e-07 6.393463005269491386e-07 6.487805799330342134e-07 6.715919243014060715e-07 6.402865821726710152e-07 6.230941664272845270e-07 5.986740226780368296e-07 5.684966560599626084e-07 5.341687356815308507e-07 4.972524530050414211e-07 4.591170807786530826e-07 4.209141760378526148e-07 3.834924664485277685e-07 3.475611593390561108e-07 3.135022340792211376e-07 2.816052071475990604e-07 2.520149527288420544e-07 2.247333087299168088e-07 1.997843938626502830e-07 1.770353200337828432e-07 1.563675387775401467e-07 1.377064395844168208e-07 1.208667916644127257e-07 1.057013668085446624e-07 9.213789606532837643e-08
2.016450616959807859e-06 4.050898191304545977e-05 1.966488868792684618e-04 -2.256991367707571277e-09 -2.427379208205499018e-09 -2.569716175674972054e-09 -2.693568042928160009e-09 -2.797143472214722809e-09 -2.869525052254989671e-09 -2.895189578669378653e-09 -2.859014039514878258e-09 -2.750022645358687927e-09 -2.564130952461678965e-09 -2.304698996803238312e-09 -1.983809878305259416e-09 -1.621336377200663964e-09 -1.242603306402097990e-09 -8.742084829357613683e-10 -5.393193199512639919e-10 -2.540756835019256854e-10 -2.622697163801913319e-11 1.440111348766216865e-10 2.617587332585366913e-10 3.350028124748439365e-10 3.726011379148318902e-10 3.829991763872714466e-10 3.735760354176612074e-10 3.503873445846374885e-10 3.181805678636245403e-10 2.804873813428101020e-10 2.398239191360178052e-10 1.979064846978688933e-10 1.594708554269662693e-07 1.465346997089618139e-07 1.325370359467965263e-07 1.178649575244633918e-07 1.029090248406842033e-07 8.803307755765706431e-08 7.355445318572703520e-08 5.973967503256242461e-08 4.681228895535271339e-08 3.496675933614845690e-08 2.436735621339301048e-08 1.514392322313473807e-08 7.372850644697100222e-09 1.062836327012248247e-09 -3.848710037627102351e-09 -7.485488905166015097e-09 -1.001235185287836957e-08 -1.161244788252394065e-08 -1.246755066851406507e-08 -1.274446657330853071e-08 -1.258780873203265709e-08 -1.211762114677090250e-08 -1.143014041685209490e-08 -1.060025402073892560e-08 -9.684674188529894154e-09 -8.725253951018002342e-09 -7.752121596908767734e-09 -6.786528204083096658e-09 -5.843256042819630905e-09 4.478568931039903875e-07 4.876757166808575843e-07 5.256855560414916083e-07 5.605688217082485652e-07 5.908175014570767461e-07 6.150044436769549368e-07 6.318159116632147730e-07 6.402865821726710152e-07 6.613228310069043187e-07 6.307371521773024592e-07 6.134546010419276990e-07 5.891804943609921851e-07 5.593557887921035171e-07 5.255222008343348083e-07 4.891984003806341925e-07 4.516857517388171120e-07 4.141523318802485747e-07 3.774052435353037974e-07 3.420981949129697897e-07 3.086607478013847228e-07 2.773272003345855481e-07 2.482937464541085424e-07 2.215364440619255748e-07 1.970340893233164146e-07 1.747512002096166581e-07 1.545253986493632011e-07 1.362324377691991912e-07 1.197807744198408600e-07 1.049933821669944797e-07
2.154721255449142622e-06 4.326016442737675290e-05 2.099936965968147702e-04 -2.097677949539330612e-09 -2.300347084773729255e-09 -2.453471431276955695e-09 -2.576501507840035638e-09 -2.679256046283058222e-09 -2.760835475959780928e-09 -2.811631657703043196e-09 -2.817652217829928937e-09 -2.765196969122124249e-09 -2.644459549243506569e-09 -2.452087333017094812e-09 -2.191733903670831353e-09 -1.875242277097980391e-09 -1.521776301662008666e-09 -1.155543131815441216e-09 -8.018347837403022853e-10 -4.825391290989472186e-10 -2.127377659654004792e-10 5.593324850026742020e-13 1.575608703277279196e-10 2.635550499395865452e-10 3.265272790945366582e-10 3.552363177074379141e-10 3.579911095483056225e-10 3.420069573318931003e-10 3.132172840570843944e-10 2.762403222509614142e-10 2.345235002560779658e-10 1.905274528159533316e-10 1.650124995260156451e-07 1.535063587617673284e-07 1.406969872534542393e-07 1.269229431535045611e-07 1.125553377016490287e-07 9.796774012904662493e-08 8.350743804515438203e-08 6.947660547094185216e-08 5.612806595587353995e-08 4.367286609172830178e-08 3.229348503985009683e-08 2.214287463956759719e-08 1.334049585736396622e-08 5.954308420686998604e-09 -1.267532145166886009e-11 -4.625588136532027017e-09 -8.007832198753193065e-09 -1.032181520437490734e-08 -1.174702449541796413e-08 -1.246107301518090663e-08 -1.262674619110200293e-08 -1.238502396811297562e-08 -1.185281731035025788e-08 -1.112370602699815426e-08 -1.027030154773965584e-08 -9.347307843459506670e-09 -8.394702557399162384e-09 -7.440838063519216510e-09 -6.505209913122758113e-09 4.090950842970820743e-07 4.479322988933707179e-07 4.861137685423281572e-07 5.224660496151484205e-07 5.557305977259293205e-07 5.844965235796694984e-07 6.073748288841495693e-07 6.230941664272844211e-07 6.307371521773024592e-07 6.502233438932591469e-07 6.204114711371089292e-07 6.031642620818398580e-07 5.791562645486530511e-07 5.497859595640925040e-07 5.165181343528986780e-07 4.808726438882020269e-07 4.440923130592729579e-07 4.072739450221965880e-07 3.712582837453338528e-07 3.366331481842829779e-07 3.038716243327704413e-07 2.731767195131486776e-07 2.446961183098740476e-07 2.185013858461060013e-07 1.945264438640219631e-07 1.726871939920797973e-07 1.529151464594589039e-07 1.350569230717271486e-07 1.189848020515925910e-07
2.295422400197758497e-06 4.605570594262674842e-05 2.235520470890614542e-04 -1.919779860111192057e-09 -2.177225811246364816e-09 -2.359256758454369205e-09 -2.490744496035529096e-09 -2.591054195679831037e-09 -2.670428002331323805e-09 -2.728808114148898760e-09 -2.757801375352327814e-09 -2.744701953299807144e-09 -2.677016473530086029e-09 -2.545845034866085416e-09 -2.348373173847241105e-09 -2.088365474825916636e-09 -1.777334478166577751e-09 -1.433649465219146306e-09 -1.080395466053150716e-09 -7.415731312526906321e-10 -4.378286696850820493e-10 -1.832280658958646867e-10 1.592533980345766177e-11 1.602303367081729089e-10 2.551145022187088152e-10 3.085320726402185884e-10 3.291224181895712203e-10 3.250130811409941363e-10 3.032768504900543031e-10 2.696817282513718213e-10 2.287340477156961417e-10 1.838022661853621836e-10 1.690566375310342664e-07 1.591075829153113634e-07 1.476814442484433992e-07 1.350503951390170443e-07 1.215398826361790609e-07 1.075057726836300116e-07 9.330564740011227020e-08 7.927139157037524237e-08 6.569103272940145781e-08 5.280480481840345110e-08 4.081228187606928500e-08 2.988505145016595554e-08 2.016582868702511627e-08 1.176476245382617621e-08 4.742308410661212700e-09 -9.034098239591713861e-10 -5.239544832036569221e-09 -8.388871240095762231e-09 -1.051124877077908272e-08 -1.178243563724367385e-08 -1.237596054829793620e-08 -1.245059549101448612e-08 -1.214365164738548231e-08 -1.156878404251825629e-08 -1.081670252346037706e-08 -9.957452496013141390e-09 -9.043341000361980675e-09 -8.112124967538754606e-09 -7.190030805728551737e-09 3.718143101850520387e-07 4.089626054130700730e-07 4.462781278146942138e-07 4.828979011651194105e-07 5.177291847937414681e-07 5.495411761958039085e-07 5.769654863793665699e-07 5.986740226780369355e-07 6.134546010419276990e-07 6.204114711371089292e-07 6.385535494151722132e-07 6.095723098507359468e-07 5.924675226481349684e-07 5.687993646654026999e-07 5.399686012077111576e-07 5.073729056898967675e-07 4.724465991548953498e-07 4.364497560565499666e-07 4.003982498272836459e-07 3.651628579862638387e-07 3.312896934604304295e-07 2.991962298323311136e-07 2.691749629919058836e-07 2.413254178260352148e-07 2.156695003713538398e-07 1.922330794242177576e-07 1.709035285975080670e-07 1.515771717134074577e-07 1.341428243392200283e-07
2.438094273758547523e-06 4.888608729146716491e-05 2.372776140449133712e-04 -1.731334989559073810e-09 -2.059037636348887836e-09 -2.286802175537112229e-09 -2.440040395917798646e-09 -2.543418321326442691e-09 -2.616340941576618380e-09 -2.669340247795993682e-09 -2.703033436340916456e-09 -2.709898371785420856e-09 -2.678217003351736004e-09 -2.596347146738332500e-09 -2.456027734841614132e-09 -2.254727194585917257e-09 -1.996172640507438412e-09 -1.691397163564142108e-09 -1.357929566650101152e-09 -1.017715437517229004e-09 -6.934919430261240615e-10 -4.047131645761886645e-10 -1.644798804681356740e-10 2.155107488560961257e-11 1.543162808886484698e-10 2.393314478695962669e-10 2.844847539153950628e-10 2.982375260976275030e-10 2.885616095133383892e-10 2.623311480368580088e-10 2.251730055875258186e-10 1.814855789562496666e-10 1.716174070342947111e-07 1.632781124252280598e-07 1.533595401930018474e-07 1.420609856751364673e-07 1.296450216526714079e-07 1.164246207000806420e-07 1.027413224299645748e-07 8.893781554925117190e-08 7.533151771766499383e-08 6.219735487736560543e-08 4.976386868569438541e-08 3.822008775485245469e-08 2.772762147740307207e-08 1.841987707367407475e-08 1.039855121069710155e-08 3.717422669606054689e-09 -1.629678943762859428e-09 -5.711479084692301806e-09 -8.649914159329614251e-09 -1.060211299423917096e-08 -1.174010144260509928e-08 -1.223324605545290788e-08 -1.223618341612307702e-08 -1.188234888198668848e-08 -1.128186331483942081e-08 -1.052222042243223556e-08 -9.670475215194416986e-09 -8.776220652875978276e-09 -7.874695653549879481e-09 3.365084587131278960e-07 3.714360100948125020e-07 4.072023306350142230e-07 4.431174446723492955e-07 4.783282628992134236e-07 5.117693850174097318e-07 5.422617358473350008e-07 5.684966560599626084e-07 5.891804943609921851e-07 6.031642620818398580e-07 6.095723098507360527e-07 6.265516821570790000e-07 5.984184503215612055e-07 5.815470670507179152e-07 5.583279442212678265e-07 5.300776112582763420e-07 4.982028091987844182e-07 4.640433299435795333e-07 4.288737271165313734e-07 3.936535089712671648e-07 3.591853360392653218e-07 3.260942126801445434e-07 2.947424389961258408e-07 2.653676882829970734e-07 2.381574843451736702e-07 2.131038727980100808e-07 1.901962943603207209e-07 1.693643865819164036e-07 1.504930994924035041e-07
2.582260596916781062e-06 5.174147213950914799e-05 2.511225391667370262e-04 -1.548111578751370813e-09 -1.950759722158021560e-09 -2.234730845865751772e-09 -2.422170971326684896e-09 -2.538346026513123033e-09 -2.607719085182019982e-09 -2.649468351855213751e-09 -2.674149310260488627e-09 -2.682611720762918516e-09 -2.667837290332247315e-09 -2.618672149682286418e-09 -2.524010526484470751e-09 -2.375928303048876027e-09 -2.171998447479237671e-09 -1.915723667611398200e-09 -1.617587282335475262e-09 -1.294239248574749853e-09 -9.665060255096644182e-10 -6.559173625416879717e-10 -3.808047428155807777e-10 -1.533913966154276016e-10 2.123105202058838371e-11 1.442602281066730603e-10 2.212490472016685310e-10 2.599466553380474222e-10 2.686637922258930451e-10 2.551506653964967305e-10 2.261118869973156362e-10 1.870342433325661553e-10 1.727679594787060029e-07 1.660251067684580617e-07 1.576670415684862368e-07 1.478230450498887226e-07 1.366863937920437073e-07 1.245105044296892491e-07 1.115966031913828915e-07 9.827283540609145041e-08 8.486778626323902722e-08 7.168537118052361116e-08 5.898821802109799116e-08 4.699400053879484249e-08 3.588197290430643090e-08 2.580457221977489512e-08 1.688666009483390977e-08 9.222296166936601524e-09 2.859238374202849396e-09 -2.212400021530933074e-09 -6.062552557148957975e-09 -8.811958046312899120e-09 -1.061487594304655310e-08 -1.163938088707236629e-08 -1.205043945182754207e-08 -1.199826345204110430e-08 -1.161207409262457690e-08 -1.099808788888809919e-08 -1.024018224562266152e-08 -9.402186814407637097e-09 -8.530801192435911325e-09 3.033949909530895337e-07 3.358567167338103078e-07 3.695892380409164077e-07 4.041104572223779656e-07 4.387407464930341380e-07 4.726625010511754196e-07 5.048561952719469658e-07 5.341687356815308507e-07 5.593557887921035171e-07 5.791562645486530511e-07 5.924675226481349684e-07 5.984184503215610996e-07 6.143949952143885374e-07 5.871686562765706350e-07 5.705778974937164062e-07 5.478599730505560531e-07 5.202382580978417145e-07 4.891261854472517311e-07 4.557942594052121692e-07 4.214342289820548366e-07 3.870701273038972320e-07 3.534372945060236747e-07 3.210962841823909725e-07 2.904899422893015130e-07 2.618208776540359637e-07 2.352369268905745173e-07 2.107705825402953651e-07 1.883985007488466924e-07 1.680596244953850189e-07
2.727432172328895431e-06 5.461178228086147697e-05 2.650377969268084290e-04 -1.389715780458811705e-09 -1.860365960504847614e-09 -2.201872618959183921e-09 -2.431009088445787748e-09 -2.569914774761559545e-09 -2.643528252459252764e-09 -2.675678275128637624e-09 -2.684934816491389477e-09 -2.681353508576645269e-09 -2.665609775696152920e-09 -2.630740992819406676e-09 -2.565835174123645584e-09 -2.460016728974310580e-09 -2.305521016783533531e-09 -2.099836270889401747e-09 -1.846171557284711776e-09 -1.554419681940154521e-09 -1.240373124048503956e-09 -9.238032433469160815e-10 -6.251178479717699354e-10 -3.616391913881767420e-10 -1.448221447018440548e-10 2.070632617750340244e-11 1.363355860718579448e-10 2.075710799798044533e-10 2.420490919901706900e-10 2.478571909176547885e-10 2.325553702505747716e-10 2.026759416653288391e-10 1.726248603625954493e-07 1.674124964991309623e-07 1.606044641528282644e-07 1.522687599409769457e-07 1.425318718990041135e-07 1.315812704505160646e-07 1.196616906844844033e-07 1.070632992893472322e-07 9.410143393905755711e-08 8.109142111214541507e-08 6.832439735164262551e-08 5.605146139026448946e-08 4.448012380829118367e-08 3.378058266732769015e-08 2.409678892137042737e-08 1.554583837928478074e-08 8.214843397709097635e-09 2.146233862584451141e-09 -2.673053998831986255e-09 -6.313603735836705582e-09 -8.894627340406340133e-09 -1.056712040244917419e-08 -1.149484593923663924e-08 -1.183799792785987401e-08 -1.174199393517923696e-08 -1.133150240787398389e-08 -1.070851979683796075e-08 -9.953217136879632120e-09 -9.126203559324492381e-09 2.726354503500564795e-07 3.024897787055596973e-07 3.339224623317033421e-07 3.665594705752581426e-07 3.999394415725635711e-07 4.334130202150028074e-07 4.661733855602696204e-07 4.972524530050415270e-07 5.255222008343348083e-07 5.497859595640925040e-07 5.687993646654026999e-07 5.815470670507179152e-07 5.871686562765706350e-07 6.022536213762113139e-07 5.759415237363853775e-07 5.596862102909849016e-07 5.375151336804534216e-07 5.105836362332975081e-07 4.802153247607992491e-07 4.477324836604723595e-07 4.142455263093345432e-07 3.807007119000751556e-07 3.479017694320884436e-07 3.163646884165677006e-07 2.864859568285914661e-07 2.585032204244699939e-07 2.325480936319393780e-07 2.086607331474292103e-07 1.868280712130027167e-07
2.873110581580882298e-06 5.748677521329210321e-05 2.789735723741073800e-04 -1.273115822736241952e-09 -1.795088061430444564e-09 -2.186375344777263315e-09 -2.457807843107032354e-09 -2.626260222159477138e-09 -2.713468082662508138e-09 -2.743447470422694434e-09 -2.738904412455977120e-09 -2.717233877425785862e-09 -2.687586502945546261e-09 -2.650048204628705228e-09 -2.597434267126592091e-09 -2.518815557931358460e-09 -2.403408064590504279e-09 -2.243452927322431004e-09 -2.036314357426004140e-09 -1.784887054685141390e-09 -1.498509601892000811e-09 -1.192191344698462775e-09 -8.847478445259697630e-10 -5.955959564910728396e-10 -3.411766705725557649e-10 -1.322960658168557648e-10 2.679823282602813766e-11 1.375972419397809083e-10 2.055775609926468911e-10 2.381890149458078183e-10 2.433263921033074263e-10 2.283516480297008116e-10 1.713319913773902711e-07 1.675462770934217610e-07 1.622271415706135612e-07 1.553926267939876285e-07 1.471105675072153367e-07 1.375046391885041650e-07 1.267567103119151265e-07 1.151032393060343689e-07 1.028236909601752096e-07 9.022127799571627675e-08 7.759870398503252135e-08 6.523506548251237038e-08 5.337062887787379651e-08 4.220343855844306307e-08 3.189529011307464529e-08 2.258240726074276495e-08 1.437481962819425770e-08 7.353468864441943481e-09 1.556144691376922129e-09 -3.032642339800154886e-09 -6.483588835527911035e-09 -8.913811529998595700e-09 -1.047055447982129807e-08 -1.131283634879726457e-08 -1.159572804681032562e-08 -1.145959776407711819e-08 -1.102439917205626215e-08 -1.038802143919843518e-08 -9.627165046377032909e-09 2.442199989716051218e-07 2.714849465755553289e-07 3.004599811992640929e-07 3.309518791403502051e-07 3.626055175577384058e-07 3.949564980031716484e-07 4.273923656813749223e-07 4.591170807786530826e-07 4.891984003806341925e-07 5.165181343528987839e-07 5.399686012077111576e-07 5.583279442212678265e-07 5.705778974937164062e-07 5.759415237363853775e-07 5.902494362538848383e-07 5.648571737394191640e-07 5.490057771816089969e-07 5.273667233593084259e-07 5.011483472603793012e-07 4.715860439611379687e-07 4.399126546006829094e-07 4.072932127241904532e-07 3.746165022160390541e-07 3.426285994051830195e-07 3.118711497839197134e-07 2.827177874322522941e-07 2.554086155553159523e-07 2.300820706848812986e-07 2.067464968978059449e-07
3.018791975517053487e-06 6.035612324124382566e-05 2.928796462906715459e-04 -1.208991636882692773e-09 -1.759118558724708784e-09 -2.185315647246972022e-09 -2.492905002023760116e-09 -2.692813860993485853e-09 -2.801406950579070690e-09 -2.839290315234939437e-09 -2.828990479699137285e-09 -2.791529448595855954e-09 -2.742765209136466861e-09 -2.690616472132036679e-09 -2.634393763561270036e-09 -2.566526659974460217e-09 -2.476003791109036884e-09 -2.352050525235784651e-09 -2.186924161054426622e-09 -1.977885644545085424e-09 -1.727576794851470039e-09 -1.444872169561063995e-09 -1.144108183313851229e-09 -8.432810997460579784e-10 -5.609524387057809339e-10 -3.128091658155416446e-10 -1.091024073975991506e-10 4.621065668718020202e-11 1.547274110259300474e-10 2.218275831392755585e-10 2.547981600078629843e-10 2.613277678122758786e-10 1.690465904462971732e-07 1.665595923100848450e-07 1.626316073832585069e-07 1.572423835985459448e-07 1.504117636807306519e-07 1.422071948090642849e-07 1.327494962352122010e-07 1.222150626581955802e-07 1.108322184755765937e-07 9.887022068042822556e-08 8.662069359144651586e-08 7.437442100453044175e-08 6.239916833313510915e-08 5.092509780224433536e-08 4.014147296561695122e-08 3.020244291682454127e-08 2.123723107030238900e-08 1.334961463525802932e-08 6.615169014473367888e-09 1.067938446508028359e-09 -3.309275345056618255e-09 -6.586552572560145337e-09 -8.878319369486021287e-09 -1.032761292532615998e-08 -1.108841232940767582e-08 -1.131054392908638650e-08 -1.112937823267109943e-08 -1.066050336054821542e-08 -9.998197296200954285e-09 2.181011624416775820e-07 2.428316663071021906e-07 2.693640622901533487e-07 2.975572318454538526e-07 3.272050968586584495e-07 3.579789114202361271e-07 3.894120803999960285e-07 4.209141760378526677e-07 4.516857517388171649e-07 4.808726438882021327e-07 5.073729056898967675e-07 5.300776112582763420e-07 5.478599730505561590e-07 5.596862102909849016e-07 5.648571737394191640e-07 5.785122170050500158e-07 5.539892135855563681e-07 5.385717197517902597e-07 5.175312836262257496e-07 4.919881167438388127e-07 4.632256006716108090e-07 4.324078469263610375e-07 4.006294083400052501e-07 3.687921315285613803e-07 3.376083006958769443e-07 3.076130480728495767e-07 2.791802355510819595e-07 2.525133013648536577e-07 2.277663560810321717e-07
3.163970889414118932e-06 6.320949331844087713e-05 3.067057839345296486e-04 -1.192448373898059613e-09 -1.746088670756734174e-09 -2.189314086556503340e-09 -2.522852607817266895e-09 -2.751980256686853957e-09 -2.886944759154334452e-09 -2.942824939402154034e-09 -2.938520577759561873e-09 -2.894592364402170224e-09 -2.830119396491430671e-09 -2.759247871684880243e-09 -2.688619751952661672e-09 -2.616753814529408493e-09 -2.535737976202126642e-09 -2.434503974241703520e-09 -2.302367582873414678e-09 -2.131677993208087000e-09 -1.919691371767408399e-09 -1.668905737241845890e-09 -1.387848960917068509e-09 -1.090316697197560472e-09 -7.936141115023660841e-10 -5.155649515848849319e-10 -2.711937909592606766e-10 -7.027339381081496755e-11 8.351631595098487544e-11 1.918236652250193692e-10 2.599432728338440286e-10 2.949803793385536424e-10 1.659274264396565120e-07 1.645989880445651429e-07 1.619410771550254478e-07 1.579058451989085400e-07 1.524761681763358175e-07 1.456733082732670587e-07 1.375640868191985127e-07 1.282663649113463479e-07 1.179510499836154492e-07 1.068386514536958730e-07 9.518866232398640750e-08 8.328176549015705422e-08 7.139754891672503475e-08 5.979322041678371523e-08 4.868959453944009007e-08 3.826794744857318581e-08 2.867553732967372596e-08 2.003542842915751902e-08 1.244600939527085368e-08 5.978431700989277538e-09 6.638308053676016907e-10 -3.515881622518921138e-09 -6.629533474646065369e-09 -8.788431436003356331e-09 -1.013121660530364990e-08 -1.080688972792433204e-08 -1.096033660771858605e-08 -1.072252605151643028e-08 -1.020542658663856618e-08 1.941532812177545337e-07 2.164986415099799623e-07 2.406421199524373302e-07 2.665249166707266647e-07 2.940250739553319470e-07 3.229251529840823325e-07 3.529084000542647632e-07 3.834924664485277685e-07 4.141523318802486276e-07 4.440923130592730108e-07 4.724465991548953498e-07 4.982028091987844182e-07 5.202382580978417145e-07 5.375151336804534216e-07 5.490057771816089969e-07 5.539892135855563681e-07 5.670735253258386825e-07 5.434543179786303704e-07 5.284401792143155880e-07 5.079968224678882503e-07 4.831770529910128412e-07 4.551877115259477939e-07 4.251951438613368250e-07 3.942477554738445068e-07 3.632289170215094418e-07 3.328405278847042219e-07 3.035725060419245799e-07 2.758080313511409862e-07 2.497629350947641803e-07
3.308144079249399588e-06 6.603662687046973402e-05 3.204021235890599519e-04 -1.198093789874069066e-09 -1.734746204663408609e-09 -2.179088620763551630e-09 -2.528300502897104350e-09 -2.782809025023522875e-09 -2.946997405102127624e-09 -3.029725657509482573e-09 -3.044299223828559311e-09 -3.007617259457302306e-09 -2.938184772009149156e-09 -2.853172024602010120e-09 -2.765148090123396406e-09 -2.679644417761970524e-09 -2.594564759640365744e-09 -2.501814273547949560e-09 -2.390428963943104534e-09 -2.249955035501384220e-09 -2.072968661660921134e-09 -1.856846776831015426e-09 -1.604063587454403372e-09 -1.322917088413678393e-09 -1.026766891412360813e-09 -7.323185483245196784e-10 -4.567331799666773744e-10 -2.144237674907217750e-10 -1.471728069265895227e-11 1.389488941099901192e-10 2.482690551726875398e-10 3.184286655257637562e-10 1.621262244915573306e-07 1.618135034052368601e-07 1.602926240521532784e-07 1.574973051794362457e-07 1.533836168506689707e-07 1.479370930612989304e-07 1.411800556158526009e-07 1.331784419751541067e-07 1.240470756444538275e-07 1.139515642198500288e-07 1.031049738874554014e-07 9.175761910105263315e-08 8.017995674676345659e-08 6.864117668531393838e-08 5.738875999901432646e-08 4.663500163633874663e-08 3.655399930919704311e-08 2.728695957206581139e-08 1.895165705995751478e-08 1.164198499234847955e-08 5.425526139859748786e-09 3.312947995228568183e-10 -3.659098768152547947e-09 -6.612898296191560433e-09 -8.638257684470170794e-09 -9.869688689310204389e-09 -1.045177643739737126e-08 -1.052527192249291915e-08 -1.021767546308572186e-08 1.722397760017089358e-07 1.923788505057145263e-07 2.142534344466729173e-07 2.378860065273008121e-07 2.632018307097183669e-07 2.900840429573709651e-07 3.182906966342093119e-07 3.475611593390561638e-07 3.774052435353038503e-07 4.072739450221966409e-07 4.364497560565500195e-07 4.640433299435795333e-07 4.891261854472518370e-07 5.105836362332975081e-07 5.273667233593083200e-07 5.385717197517902597e-07 5.434543179786303704e-07 5.559862368515522871e-07 5.332407661096857921e-07 5.186856691586696067e-07 4.988179559329330027e-07 4.746939501652243174e-07 4.474685807362455971e-07 4.182794772577492863e-07 3.881528204129689585e-07 3.579154091148652782e-07 3.282682519167070409e-07 2.997052693647472820e-07 2.725844276489427398e-07
3.450814313540214105e-06 6.882741881005882776e-05 3.339195611540540093e-04 -1.171395259328670437e-09 -1.681508065638647416e-09 -2.119178844371379379e-09 -2.479047807702964521e-09 -2.757705467422190744e-09 -2.954513259355208588e-09 -3.072482545839191469e-09 -3.118826078766095491e-09 -3.105084304155160985e-09 -3.046317113317326815e-09 -2.959278448984295478e-09 -2.859577750538756661e-09 -2.758579804291071950e-09 -2.661028851552970293e-09 -2.564518461540211041e-09 -2.461016696968673426e-09 -2.339868015875124057e-09 -2.191013811116810129e-09 -2.007389987265337782e-09 -1.786607541685145266e-09 -1.531203627647071601e-09 -1.249314112378263797e-09 -9.539119682347917695e-10 -6.611462480908954573e-10 -3.875275286860534926e-10 -1.469041570339292881e-10 5.183690728399490207e-11 2.054772043998953094e-10 3.157311634065455555e-10 1.577812403345729573e-07 1.583461074926007438e-07 1.578264561351619603e-07 1.561450469120910409e-07 1.532398940741494234e-07 1.490705113916950057e-07 1.436247015689530808e-07 1.369255355332939275e-07 1.290380292769689408e-07 1.200740889364261264e-07 1.101943763115116275e-07 9.960504261123945345e-08 8.854790744847845517e-08 7.728398401697618197e-08 6.607291926766717203e-08 5.515330005197364447e-08 4.472973956474255191e-08 3.496995242077957722e-08 2.600990421147642148e-08 1.796282182842549551e-08 1.091883305627388263e-08 4.942561308869547455e-09 6.130683764901813134e-11 -3.743487940755871222e-09 -6.537655936652899732e-09 -8.426679096166375434e-09 -9.541720531660235957e-09 -1.002387035368723218e-08 -1.001074166625088029e-08 1.522231424648701953e-07 1.703272193624574824e-07 1.901154870531720682e-07 2.115902612354696516e-07 2.347744599689132385e-07 2.595643808486872914e-07 2.858929960368616462e-07 3.135022340792211905e-07 3.420981949129698427e-07 3.712582837453338528e-07 4.003982498272836459e-07 4.288737271165313734e-07 4.557942594052121692e-07 4.802153247607992491e-07 5.011483472603793012e-07 5.175312836262257496e-07 5.284401792143155880e-07 5.332407661096857921e-07 5.453219494200559119e-07 5.234034641263962754e-07 5.092878540070997513e-07 4.899925422922612195e-07 4.665465345906482294e-07 4.400771124345759842e-07 4.116557113971213662e-07 3.822963400903176277e-07 3.528188062253491604e-07 3.238891812007449730e-07 2.959790395851240490e-07
3.591494137045500975e-06 7.157199501066744296e-05 3.472101270750091841e-04 -1.031570608636224236e-09 -1.522390751942422928e-09 -1.959073719004983578e-09 -2.334631340801427177e-09 -2.642906512954510364e-09 -2.879409026658671442e-09 -3.042355911149195828e-09 -3.133494787920954466e-09 -3.158801714544498292e-09 -3.128527494842960441e-09 -3.056496046118006979e-09 -2.958274513545223718e-09 -2.848478768372361849e-09 -2.737720531542639333e-09 -2.630389566442883897e-09 -2.524080440017130631e-09 -2.411073377157140078e-09 -2.281198135162804454e-09 -2.124913281664769626e-09 -1.935600524487913139e-09 -1.711147795366674101e-09 -1.454172612554100672e-09 -1.172644664146686678e-09 -8.791508260933813577e-10 -5.892492165982960864e-10 -3.188524206787865471e-10 -8.121597558662025840e-11 1.151737407749596168e-10 2.672945610965127501e-10 1.530141428138064207e-07 1.543284398585276425e-07 1.546783801749829572e-07 1.539815998665487285e-07 1.521652560231572077e-07 1.491712719713120663e-07 1.449622892063802534e-07 1.395281276080471949e-07 1.328926996591567689e-07 1.251202297436995681e-07 1.163200852129104160e-07 1.066484607473338913e-07 9.630522054598068748e-08 8.552439114629044584e-08 7.455835023068342519e-08 6.365795946003796360e-08 5.305369662940400004e-08 4.294318384335617399e-08 3.348842946324972007e-08 2.482063366387089994e-08 1.704896420049017516e-08 1.026006505888045119e-08 4.515693088139730006e-09 -1.587165134845284035e-10 -3.782299330869752467e-09 -6.420132709318177885e-09 -8.175914841964918121e-09 -9.178338995697898216e-09 -9.565869870271870913e-09 1.339463065225404737e-07 1.502291180257695408e-07 1.680746575322901429e-07 1.875640139513989658e-07 2.086684963450572134e-07 2.314567115231435788e-07 2.558045372878820883e-07 2.816052071475990604e-07 3.086607478013847228e-07 3.366331481842829779e-07 3.651628579862638387e-07 3.936535089712671118e-07 4.214342289820548895e-07 4.477324836604723595e-07 4.715860439611379687e-07 4.919881167438388127e-07 5.079968224678882503e-07 5.186856691586696067e-07 5.234034641263962754e-07 5.350579295324844364e-07 5.139411184409790511e-07 5.002562106310562452e-07 4.815325863959618649e-07 4.587346498738263549e-07 4.329724627231517078e-07 4.053012616229504650e-07 3.766894587066492662e-07 3.479240183323853883e-07 3.196811850648609376e-07
3.729709500652125792e-06 7.426078746118733222e-05 3.602273519963589458e-04 -6.657768058574111538e-10 -1.167937804007117373e-09 -1.628749674415044842e-09 -2.040397188443073826e-09 -2.395116087933166456e-09 -2.685973440689109280e-09 -2.907909969359297550e-09 -3.058631255948988459e-09 -3.139531356967497634e-09 -3.156201970364410496e-09 -3.118523868952787456e-09 -3.039862672750304801e-09 -2.935331825168386467e-09 -2.819105827403088007e-09 -2.701564684614094612e-09 -2.587087140405608928e-09 -2.473534630898339637e-09 -2.353662373511908953e-09 -2.217871377721679336e-09 -2.057174213437624258e-09 -1.865377806110422627e-09 -1.640601357997620482e-09 -1.385477266265639870e-09 -1.107759272105086733e-09 -8.195673440536217878e-10 -5.359127724443715433e-10 -2.720462705072845750e-10 -4.067587155455747287e-11 1.501019662291191178e-10 1.479277017794529002e-07 1.498769162566693256e-07 1.509740374657702235e-07 1.511359303332380826e-07 1.502845895003109854e-07 1.483513795344965050e-07 1.452820054935659215e-07 1.410421647138821863e-07 1.356240034461584666e-07 1.290524904964727586e-07 1.213915000676595546e-07 1.127483063954569155e-07 1.032751778156858959e-07 9.316626298368786900e-08 8.264845944593093481e-08 7.196607492010567339e-08 6.136180187316600139e-08 5.105847733227980485e-08 4.124713972235865082e-08 3.208419511007266992e-08 2.369617390402024013e-08 1.618799715193096779e-08 9.642470995949674568e-09 4.117960553197979390e-09 -3.626284223091999573e-10 -3.819768723952084525e-09 -6.318616185215309848e-09 -7.961705023736431434e-09 -8.875734458592947509e-09 1.172784111233413991e-07 1.319168485969514265e-07 1.480235872994787290e-07 1.656303096442870789e-07 1.848630039693606415e-07 2.056704727560593650e-07 2.280769436130783872e-07 2.520149527288420544e-07 2.773272003345855481e-07 3.038716243327704413e-07 3.312896934604304295e-07 3.591853360392653218e-07 3.870701273038972320e-07 4.142455263093344903e-07 4.399126546006829094e-07 4.632256006716108090e-07 4.831770529910128412e-07 4.988179559329330027e-07 5.092878540070997513e-07 5.139411184409790511e-07 5.252017355956349566e-07 5.048672613837029183e-07 4.915937120103968418e-07 4.734027498203659248e-07 4.512442273096393956e-07 4.261779897623450375e-07 3.992178146982343604e-07 3.713319023915092108e-07 3.432870915387387704e-07
3.865003296494085692e-06 7.688460642430650007e-05 3.729266176633493817e-04 6.424340758370686053e-11 -5.083215087344282045e-10 -1.042408701088473444e-09 -1.530067069394073707e-09 -1.963130878004873671e-09 -2.333859506112914657e-09 -2.635814393826650975e-09 -2.864659991029973936e-09 -3.019044013318336176e-09 -3.101257275786201734e-09 -3.117709331515466531e-09 -3.078859463945827638e-09 -2.998447277571425434e-09 -2.891730061314330602e-09 -2.772974525152639623e-09 -2.652650154360391591e-09 -2.535355084116007119e-09 -2.419324645021589608e-09 -2.297807535416322307e-09 -2.161734920413037477e-09 -2.002570518899193710e-09 -1.814425041349198519e-09 -1.595519636252117371e-09 -1.348399212749053302e-09 -1.080487120970025037e-09 -8.034541713190785743e-10 -5.316734149649087218e-10 -2.797695445692812610e-10 -5.988984107389677917e-11 1.426060628196111422e-07 1.450914425987103634e-07 1.468258503067028009e-07 1.477284355158428803e-07 1.477203898560687607e-07 1.467281868650653805e-07 1.446875691957582112e-07 1.415482640167196059e-07 1.372795899664946232e-07 1.318763787653403291e-07 1.253651678622927569e-07 1.178098808627764531e-07 1.093161197565805413e-07 1.000326036309105806e-07 9.014816310608966232e-08 7.988282816673439849e-08 6.947312211423457761e-08 5.915365012236336136e-08 4.913957954918828049e-08 3.961497450405179651e-08 3.073019594648810543e-08 2.260633358011764976e-08 1.534318205286646515e-08 9.018775733427271036e-09 3.687212500613559668e-09 -6.318668050561556847e-10 -3.960814471755407079e-09 -6.364943366538686781e-09 -7.945378498189079185e-09 1.020894965048354692e-07 1.152656372981273423e-07 1.297691651859916453e-07 1.457334935687491005e-07 1.631659695672443462e-07 1.821465062878507578e-07 2.026791832129599781e-07 2.247333087299168088e-07 2.482937464541085424e-07 2.731767195131487305e-07 2.991962298323311136e-07 3.260942126801444905e-07 3.534372945060236747e-07 3.807007119000751027e-07 4.072932127241904532e-07 4.324078469263609845e-07 4.551877115259477939e-07 4.746939501652242644e-07 4.899925422922612195e-07 5.002562106310562452e-07 5.048672613837029183e-07 5.157551956456560465e-07 4.961494284947244643e-07 4.832917886288950264e-07 4.656353217852633342e-07 4.440902791176341435e-07 4.197119612190199667e-07 3.934855888025408954e-07 3.663212823408714216e-07
3.996938731492929769e-06 7.943470890080921458e-05 3.852654897588722160e-04 1.312900205218363138e-09 5.793703098575381693e-10 -1.040255559125981531e-10 -7.297906997819046658e-10 -1.290638790516854902e-09 -1.779897032472232778e-09 -2.192000460199947608e-09 -2.523047863046848927e-09 -2.771397443223722544e-09 -2.938255885761570628e-09 -3.028199664658513790e-09 -3.049495127165808613e-09 -3.014004081407632389e-09 -2.936403900725786380e-09 -2.832537500853670091e-09 -2.716989659149039060e-09 -2.600442316422831139e-09 -2.487712115358392024e-09 -2.377320555169378783e-09 -2.262859190079866864e-09 -2.135588513845093910e-09 -1.987218553269009139e-09 -1.811972832046387648e-09 -1.608023938637597104e-09 -1.377705319900950942e-09 -1.128079771480140760e-09 -8.702720553222306768e-10 -6.180225276739152834e-10 -3.852783443783394489e-10 1.371162403850717844e-07 1.400556076103645277e-07 1.423317069957973959e-07 1.438679581498710531e-07 1.445879412696945179e-07 1.444177028335418771e-07 1.432887775245964541e-07 1.411419567605232556e-07 1.379318000711797616e-07 1.336317904195370807e-07 1.282399817542578250e-07 1.217848093639230970e-07 1.143304846527826705e-07 1.059810367417036850e-07 9.688165012392112650e-08 8.721567779918974494e-08 7.719604987820234781e-08 6.705103140594101904e-08 5.700646874619048992e-08 4.726884506976231994e-08 3.801411665685994490e-08 2.938517635646989628e-08 2.149624294729530459e-08 1.444069683924163127e-08 8.290827694159513535e-09 3.095955334620203878e-09 -1.127481472412841026e-09 -4.402927802680849286e-09 -6.794525375088465603e-09 8.827453310659619932e-08 1.001164237726281112e-07 1.132376615188617835e-07 1.276636169729012301e-07 1.434818711328401995e-07 1.607539382610426088e-07 1.795030836458515573e-07 1.997843938626503359e-07 2.215364440619256013e-07 2.446961183098740476e-07 2.691749629919059365e-07 2.947424389961258408e-07 3.210962841823910255e-07 3.479017694320884436e-07 3.746165022160390012e-07 4.006294083400052501e-07 4.251951438613368250e-07 4.474685807362455971e-07 4.665465345906482294e-07 4.815325863959618649e-07 4.915937120103968418e-07 4.961494284947244643e-07 5.067095958861379461e-07 4.878246170930038497e-07 4.753740129141918564e-07 4.582619890743718659e-07 4.373721111668334484e-07 4.136973241696945138e-07 3.882178980767092259e-07
4.125102515455756689e-06 8.190286276395483179e-05 3.972040295640443691e-04 3.236884883664625509e-09 2.220045498909667399e-09 1.283999783438510773e-09 4.352904831289293376e-10 -3.210365599544497375e-10 -9.814844974453806775e-10 -1.543950942264634483e-09 -2.007861286009169827e-09 -2.374218828934124485e-09 -2.645958192328394965e-09 -2.828255607337607528e-09 -2.928975533791420071e-09 -2.958905970560134977e-09 -2.931745114109624223e-09 -2.863326483718584561e-09 -2.770124258699096667e-09 -2.666973844748451490e-09 -2.564599861949341495e-09 -2.467800192221777261e-09 -2.375090753572866186e-09 -2.280096770371279500e-09 -2.174119440529589486e-09 -2.048875183104446161e-09 -1.898509403688103573e-09 -1.721050220198902108e-09 -1.518515063654756256e-09 -1.297540964193433252e-09 -1.068656335398262876e-09 -8.448661685670498978e-10 1.315107244513411587e-07 1.348381632449523084e-07 1.375751701893987316e-07 1.396505532379010657e-07 1.409925229032511432e-07 1.415301171376669398e-07 1.411953187235837750e-07 1.399259253395874176e-07 1.376687589887324363e-07 1.343839364380445183e-07 1.300495829834806598e-07 1.246671709880062240e-07 1.182669891379233105e-07 1.109132801580897712e-07 1.027079974711312508e-07 9.379209846340286651e-08 8.434253392107158395e-08 7.456393821600366382e-08 6.467478645193569266e-08 5.489041939936334408e-08 4.540665703907082810e-08 3.638924922034204134e-08 2.797169954306998666e-08 2.025984667277116625e-08 1.333980566078626058e-08 7.278121614260200624e-09 2.120387539498773379e-09 -2.118164284810044192e-09 -5.459285976415481425e-09 7.569297241236765979e-08 8.641359968129984371e-08 9.824987636154343692e-08 1.113056208670343752e-07 1.256608926546600203e-07 1.413467068793082582e-07 1.584745124693192752e-07 1.770353200337828696e-07 1.970340893233164146e-07 2.185013858461060013e-07 2.413254178260352148e-07 2.653676882829970734e-07 2.904899422893015130e-07 3.163646884165677006e-07 3.426285994051830195e-07 3.687921315285613274e-07 3.942477554738444538e-07 4.182794772577492334e-07 4.400771124345759842e-07 4.587346498738263549e-07 4.734027498203659248e-07 4.832917886288950264e-07 4.878246170930038497e-07 4.980896099327034938e-07 4.799315032043677514e-07 4.679517748443346521e-07 4.514237704016570603e-07 4.312275915630017041e-07 4.083353993678041005e-07
4.249107822501029627e-06 8.428140596549149035e-05 4.087050815612462392e-04 5.980345694252041664e-09 4.528684782001223195e-09 3.211465019993074451e-09 2.033846093313707989e-09 9.972014823049958584e-10 9.954297523170500374e-11 -6.633676653364227258e-10 -1.297523409643260343e-09 -1.809883382890855125e-09 -2.208337602855886050e-09 -2.501595769193864621e-09 -2.699602159338503840e-09 -2.813832949578044934e-09 -2.857793523936582601e-09 -2.846864134247872529e-09 -2.797817336141575399e-09 -2.727414415649853888e-09 -2.650341905730606322e-09 -2.576939208409840804e-09 -2.511522547779359214e-09 -2.452182519145322416e-09 -2.392214963107426521e-09 -2.322694638093066165e-09 -2.235128677357490704e-09 -2.123564040001399860e-09 -1.985673150383403177e-09 -1.823174257975175986e-09 -1.642143836907151446e-09 -1.452350210094370512e-09 1.258305513057473910e-07 1.294952217021242614e-07 1.326266497767433849e-07 1.351595125223125211e-07 1.370281372853736537e-07 1.381671046123087644e-07 1.385125517663322307e-07 1.380042080888957997e-07 1.365871330098989400e-07 1.342150672568889390e-07 1.308539634566726649e-07 1.264865517760420030e-07 1.211172882448576881e-07 1.147776067908887421e-07 1.075306117126873579e-07 9.947487581040906132e-08 9.074534578560299820e-08 8.151051213462728204e-08 7.196412644272908887e-08 6.231232148544258469e-08 5.275697198704099631e-08 4.348049002431639050e-08 3.463612462468120660e-08 2.634648753501149942e-08 1.870861183729516604e-08 1.180223123268476770e-08 5.690622525053764588e-09 4.192075244455694041e-10 -3.993392262968012274e-09 6.433696648446579946e-08 7.399440548792875737e-08 8.470638075051598439e-08 9.653808516589723061e-08 1.095360198413923282e-07 1.238308059451816455e-07 1.394215720121645299e-07 1.563675387775401732e-07 1.747512002096166845e-07 1.945264438640220160e-07 2.156695003713538398e-07 2.381574843451736702e-07 2.618208776540359637e-07 2.864859568285914661e-07 3.118711497839197134e-07 3.376083006958769443e-07 3.632289170215094418e-07 3.881528204129689585e-07 4.116557113971213662e-07 4.329724627231517078e-07 4.512442273096393956e-07 4.656353217852633872e-07 4.753740129141918564e-07 4.799315032043677514e-07 4.900091370187695863e-07 4.726206499097181280e-07 4.611786385896326977e-07 4.453441183788808005e-07 4.259551366517438055e-07
4.368597012407514906e-06 8.656330028093163487e-05 4.197345343592209376e-04 9.655457046840618766e-09 7.594629312460928799e-09 5.747895833750896611e-09 4.118658096377837037e-09 2.703140245653054947e-09 1.491423750663885607e-09 4.698595272880956449e-10 -3.775906269826431319e-10 -1.067402247994816121e-09 -1.615905856211297335e-09 -2.038559908456113556e-09 -2.350240652516849777e-09 -2.565428778349274487e-09 -2.699052248417566259e-09 -2.766648387999700488e-09 -2.784722885395601408e-09 -2.770284875787439521e-09 -2.739701881188744629e-09 -2.706859264587539034e-09 -2.681054382043140281e-09 -2.665599591570447899e-09 -2.657741642236041902e-09 -2.650185863624871800e-09 -2.633563740530421571e-09 -2.599287605105189258e-09 -2.540947503956654707e-09 -2.456023519423438496e-09 -2.345682814217949470e-09 -2.215210642150276891e-09 1.201090124392771868e-07 1.240731788598885375e-07 1.275454874986269760e-07 1.304665126152973353e-07 1.327776166352941487e-07 1.344207872495550750e-07 1.353391994225405848e-07 1.354785327133057560e-07 1.347870622401364754e-07 1.332180980277270216e-07 1.307321777013750068e-07 1.273007094496991482e-07 1.229100666116341082e-07 1.175664195562668586e-07 1.113003736983780699e-07 1.041719192092733320e-07 9.627346149379366826e-08 8.773092892654151806e-08 7.870055614497417738e-08 6.936185540278802835e-08 5.990459083935177562e-08 5.051387669542754108e-08 4.135624197885261902e-08 3.257124791647316846e-08 2.427100649778047573e-08 1.654594065051808622e-08 9.473796235782851155e-09 3.120027450977298221e-09 -2.463416728794280726e-09 5.405896838649388534e-08 6.280360886652791863e-08 7.250107505843468802e-08 8.320723029776590842e-08 9.503941529000780702e-08 1.080123354674352897e-07 1.222042174236100376e-07 1.377064395844168208e-07 1.545253986493632011e-07 1.726871939920797973e-07 1.922330794242177576e-07 2.131038727980100544e-07 2.352369268905745438e-07 2.585032204244699939e-07 2.827177874322522411e-07 3.076130480728495767e-07 3.328405278847042219e-07 3.579154091148652782e-07 3.822963400903176277e-07 4.053012616229504650e-07 4.261779897623450375e-07 4.440902791176341435e-07 4.582619890743718659e-07 4.679517748443346521e-07 4.726206499097181280e-07 4.826255779328128977e-07 4.661267376986601193e-07 4.553702535883271667e-07 4.403620719364101720e-07
4.483244065780305159e-06 8.874217910210032291e-05 4.302615526026390283e-04 1.432495545571705955e-08 1.146741817945696652e-08 8.931265796426526212e-09 6.717806917789178162e-09 4.816636314269931890e-09 3.207422964733187463e-09 1.863976888604714648e-09 7.566607069590184500e-10 -1.441592333475673472e-10 -8.668262114781523837e-10 -1.436855420208526450e-09 -1.877033974458028063e-09 -2.207390876970338465e-09 -2.446319088981958799e-09 -2.610827412629941773e-09 -2.717530485849586260e-09 -2.782934768238982908e-09 -2.823290278635764190e-09 -2.853677712966048351e-09 -2.886321662317716203e-09 -2.928872952914365074e-09 -2.983195484941697255e-09 -3.045480468153170739e-09 -3.107654955616508426e-09 -3.160222552800662387e-09 -3.193951570184330460e-09 -3.202356944183329576e-09 -3.182320957502925741e-09 -3.134160575791283495e-09 1.143751449603585934e-07 1.186116612834410120e-07 1.223823033362683256e-07 1.256332845106721888e-07 1.283135234109604379e-07 1.303737292098905519e-07 1.317663184916001140e-07 1.324461267063254759e-07 1.323686817215458299e-07 1.314917893782126247e-07 1.297762668478100162e-07 1.271885937635808733e-07 1.237039927262806495e-07 1.193105595477114525e-07 1.140132714280438584e-07 1.078392321652086130e-07 1.008414247080548375e-07 9.310209645472965061e-08 8.473306770947953468e-08 7.587424903832527456e-08 6.668580315791931965e-08 5.733746094285106149e-08 4.799518544540753396e-08 3.880911788391852677e-08 2.990677124982620118e-08 2.139373241455445820e-08 1.336061157284273233e-08 5.890783418742989597e-09 -9.391138924058039771e-10 4.483264241641879434e-08 5.274962476813886102e-08 6.152098773458067247e-08 7.125946678564988506e-08 8.198847018960789209e-08 9.377444789684430462e-08 1.067258860797363554e-07 1.208667916644127522e-07 1.362324377691992177e-07 1.529151464594589304e-07 1.709035285975080935e-07 1.901962943603207209e-07 2.107705825402953916e-07 2.325480936319393780e-07 2.554086155553159523e-07 2.791802355510819595e-07 3.035725060419245270e-07 3.282682519167070939e-07 3.528188062253491604e-07 3.766894587066492662e-07 3.992178146982343604e-07 4.197119612190199667e-07 4.373721111668334484e-07 4.514237704016570603e-07 4.611786385896326977e-07 4.661267376986601722e-07 4.762587027932301631e-07 4.607998768815211349e-07 4.509121558798055398e-07
4.592756692562283675e-06 9.081238884935799709e-05 4.402587778360047112e-04 1.999243142327611118e-08 1.614889128448744321e-08 1.276168803494676311e-08 9.829736048431657695e-09 7.334575069268646481e-09 5.243053154137021179e-09 3.513402303468511199e-09 2.098937432112265375e-09 9.533322053128565148e-10 3.275865460639070431e-11 -7.015749472006884727e-10 -1.283283537596496645e-09 -1.740480829965721374e-09 -2.097179459084806609e-09 -2.373499427560512715e-09 -2.587152518147935331e-09 -2.754248064560952838e-09 -2.889977854537044011e-09 -3.008707358847748440e-09 -3.123177919832369163e-09 -3.243301990717501563e-09 -3.374652712342896027e-09 -3.517532493171372500e-09 -3.666950989652679789e-09 -3.814642924049929790e-09 -3.950196776596936768e-09 -4.064413635675152870e-09 -4.150132926915955150e-09 -4.203274315562835189e-09 1.086563226089155948e-07 1.131458776412385669e-07 1.171810531232836496e-07 1.207132888091436443e-07 1.236992997983299829e-07 1.260994207164296895e-07 1.278769473753234162e-07 1.289983507510409008e-07 1.294295864772998318e-07 1.291369068494007253e-07 1.280860380630325442e-07 1.262438386316793699e-07 1.235802808445932893e-07 1.200717554228795341e-07 1.157041339881313327e-07 1.104778489325875990e-07 1.044114383191497806e-07 9.754593355103981228e-08 8.994702521003804794e-08 8.170781710221787546e-08 7.294575751468740967e-08 6.379788257906765087e-08 5.441189882953644778e-08 4.493518308871852252e-08 3.550480840831784809e-08 2.624243166381937938e-08 1.725675372340082986e-08 8.648547380674183832e-09 5.182384618888845337e-10 3.660938950943063045e-08 4.374579889378014163e-08 5.172637601005448971e-08 6.055017763798054700e-08 7.027857667729272016e-08 8.103120370157163642e-08 9.282192340182088362e-08 1.057013668085446756e-07 1.197807744198408600e-07 1.350569230717271486e-07 1.515771717134074312e-07 1.693643865819163772e-07 1.883985007488466924e-07 2.086607331474291838e-07 2.300820706848812986e-07 2.525133013648536577e-07 2.758080313511409862e-07 2.997052693647472820e-07 3.238891812007449200e-07 3.479240183323853353e-07 3.713319023915092108e-07 3.934855888025408954e-07 4.136973241696945138e-07 4.312275915630016512e-07 4.453441183788808005e-07 4.553702535883271667e-07 4.607998768815210820e-07 4.712982465588760262e-07 4.570801764328501585e-07
4.696878118068870036e-06 9.276902366373807550e-05 4.497024966195118018e-04 2.659418756979416654e-08 2.158654484267693497e-08 1.719607849288387848e-08 1.341904552076726812e-08 1.022762810155676010e-08 7.573648329418098711e-09 5.396985804319353419e-09 3.630760600927158797e-09 2.208731047447578716e-09 1.068417975308714241e-09 1.548084854535878792e-10 -5.792194175910941252e-10 -1.172214938079870515e-09 -1.655857742372686700e-09 -2.055051674421593924e-09 -2.389852219698320963e-09 -2.676630595808338630e-09 -2.929381201781200729e-09 -3.160657306815877350e-09 -3.381726322718359315e-09 -3.602344306514853739e-09 -3.829742867646857910e-09 -4.067455646617454774e-09 -4.314193356549943035e-09 -4.564707989991560678e-09 -4.809468125245005273e-09 -5.038195425535673917e-09 -5.240887386478160502e-09 -5.409281337097914918e-09 1.029805131505226990e-07 1.077087533553665776e-07 1.119810221123767767e-07 1.157534921906515942e-07 1.189907329571204997e-07 1.216632914781480001e-07 1.237464990772362877e-07 1.252203006953493661e-07 1.260634673437470749e-07 1.262537153082599712e-07 1.257652886092740025e-07 1.245696465099310092e-07 1.226363188073708438e-07 1.199353508646589823e-07 1.164392529524787973e-07 1.121277004824422598e-07 1.069903354364359807e-07 1.010313265745492686e-07 9.427210056168960077e-08 8.675689431068240726e-08 7.855306814525465979e-08 6.975204852180787445e-08 6.046651240506622796e-08 5.082418162036314587e-08 4.095925342526033673e-08 3.100451422974223120e-08 2.108858688868932432e-08 1.133570101678493595e-08 1.870599369941650699e-09 2.929434354657506558e-08 3.579359314758570591e-08 4.299692578461034836e-08 5.098685697379928171e-08 5.986044268506142436e-08 6.962845840998754455e-08 8.035384277481198202e-08 9.213789606532840290e-08 1.049933821669945327e-07 1.189848020515926307e-07 1.341428243392200283e-07 1.504930994924035306e-07 1.680596244953850718e-07 1.868280712130027432e-07 2.067464968978059449e-07 2.277663560810321982e-07 2.497629350947642333e-07 2.725844276489427398e-07 2.959790395851241020e-07 3.196811850648609905e-07 3.432870915387388233e-07 3.663212823408714216e-07 3.882178980767092259e-07 4.083353993678041005e-07 4.259551366517437526e-07 4.403620719364101720e-07 4.509121558798055398e-07 4.570801764328501585e-07 4.681893974361929523e-07
