1.49660250e-03 -2.37674217e-03 -1.24793679e-03 2.58209907e-03 7.75931008e-04 3.02086623e-03 -2.66362570e-03 1.90335017e-04 2.77382755e-03 8.09209424e-01 3.63964505e+00 6.77747512e-03 2.72213368e-01
7.46485200e-04 -1.61382281e-03 -1.77538916e-03 2.94833564e-03 1.38527216e-03 3.07699550e-03 -3.33958511e-03 2.01651069e-03 3.54220503e-03 8.66842340e-01 4.19520451e+00 -7.26991432e-03 2.42678464e-01
5.02656364e-04 -1.52043521e-03 -1.22721558e-03 2.10511837e-03 4.01152328e-04 2.83738504e-03 -2.41539775e-03 1.35965047e-03 2.68624870e-03 9.66296970e-01 3.53924742e+00 1.70369291e-02 2.65537755e-01
1.02526844e-03 -1.93491047e-03 -1.41066700e-03 2.28837866e-03 1.21109750e-03 2.21364031e-03 -2.41012385e-03 6.28935082e-04 2.47730590e-03 6.58176950e-01 3.47889244e+00 -6.17213044e-02 2.51511115e-01
5.47708975e-04 -1.41811008e-03 -1.36005519e-03 2.20710284e-03 8.19441435e-04 2.15528350e-03 -2.51952360e-03 1.36712059e-03 2.65228224e-03 9.35312893e-01 3.62741551e+00 -2.35709180e-02 2.43983834e-01
8.50962525e-04 -1.50081727e-03 -8.66745962e-04 1.65868902e-03 6.21248631e-04 2.09724721e-03 -1.71900392e-03 3.70562814e-04 1.83231730e-03 5.99844035e-01 2.95682955e+00 -5.96328349e-02 2.70316664e-01
7.87003986e-04 -1.41229254e-03 -1.64169668e-03 2.82641298e-03 1.33450128e-03 2.65993380e-03 -3.28391292e-03 1.97191371e-03 3.40789325e-03 8.44696954e-01 4.40764298e+00 3.78220896e-03 2.40198481e-01
1.57879532e-03 -2.51214078e-03 -1.32891057e-03 2.69618115e-03 8.38710108e-04 3.37853412e-03 -2.75653301e-03 1.59336219e-04 2.89011421e-03 8.32233780e-01 3.51348316e+00 -5.51261519e-03 2.74151928e-01
1.32910868e-03 -2.41285036e-03 -1.62395223e-03 2.74287127e-03 1.27739330e-03 2.58841647e-03 -2.89225893e-03 5.49076784e-04 2.96122284e-03 7.57030367e-01 3.74364656e+00 -2.95663430e-02 2.53456455e-01
5.04054934e-04 -1.73283317e-03 -1.67134007e-03 2.70499333e-03 7.61064942e-04 3.64735976e-03 -3.06467391e-03 1.91238362e-03 3.43110294e-03 9.38502542e-01 4.05810752e+00 2.97624892e-02 2.63693426e-01
7.47745882e-04 -1.88684896e-03 -1.48979770e-03 2.53566110e-03 8.52967767e-04 2.86463562e-03 -2.78178912e-03 1.32788891e-03 2.99059538e-03 9.75616709e-01 3.78774959e+00 1.05167229e-02 2.57282739e-01
8.82601715e-04 -1.76288067e-03 -1.21907713e-03 2.16955339e-03 9.27860870e-04 2.42440954e-03 -2.28736579e-03 8.10938968e-04 2.42310757e-03 6.48199032e-01 3.43281638e+00 -5.06619812e-02 2.59281308e-01
5.09828001e-04 -1.61939996e-03 -1.70650931e-03 2.95027199e-03 8.13933302e-04 3.63336306e-03 -3.35540042e-03 2.19381187e-03 3.70000862e-03 7.97223039e-01 4.20005331e+00 1.94420528e-03 2.55710188e-01
1.30383011e-03 -2.22600278e-03 -1.46528379e-03 2.61426410e-03 1.35465228e-03 2.78230021e-03 -2.62554014e-03 4.74661706e-04 2.71943707e-03 8.62008892e-01 3.64206361e+00 -8.98529073e-03 2.61153995e-01
1.30710051e-03 -2.49871470e-03 -1.78807037e-03 3.08622388e-03 1.39756029e-03 2.97921855e-03 -3.36459908e-03 1.16509081e-03 3.47649906e-03 8.16636985e-01 4.06546365e+00 -1.29206672e-02 2.48090519e-01
8.26157482e-04 -1.97295470e-03 -1.36934751e-03 2.37720464e-03 6.84409475e-04 3.11031460e-03 -2.61402805e-03 1.13227925e-03 2.86510504e-03 8.55449096e-01 3.73783699e+00 9.51003860e-03 2.68337720e-01
1.13620700e-03 -1.91610163e-03 -1.11008012e-03 2.18406929e-03 8.85690448e-04 2.62361438e-03 -2.22506865e-03 4.36012179e-04 2.34769863e-03 6.27649831e-01 3.26812849e+00 -5.74666828e-02 2.67028131e-01
4.25964054e-04 -1.24149446e-03 -1.29637893e-03 2.09203530e-03 7.62924385e-04 2.15960915e-03 -2.36684428e-03 1.38470967e-03 2.52092228e-03 9.53734016e-01 3.61961345e+00 -4.15178405e-03 2.48593856e-01
1.09762650e-03 -1.96051342e-03 -1.10101812e-03 2.15773287e-03 6.00943687e-04 2.34543927e-03 -2.30767824e-03 4.29470913e-04 2.41348989e-03 6.39184153e-01 3.26276352e+00 -4.70120934e-02 2.63148924e-01
7.36509369e-04 -1.55297987e-03 -1.45626659e-03 2.43113767e-03 1.24033913e-03 2.73914084e-03 -2.66933052e-03 1.47932483e-03 2.85390304e-03 9.54969333e-01 3.90657519e+00 -1.64144179e-03 2.53240322e-01
1.46034631e-03 -2.43845851e-03 -1.47533254e-03 2.74346377e-03 1.04006315e-03 3.06650513e-03 -2.73168145e-03 1.13709920e-04 2.83064914e-03 7.83681535e-01 3.72566804e+00 9.84070205e-04 2.71321570e-01
5.93783295e-04 -1.23249152e-03 -1.61524220e-03 2.89956321e-03 1.25210221e-03 3.24282517e-03 -3.25987856e-03 2.22511393e-03 3.51941642e-03 8.96130168e-01 4.12373984e+00 -8.66410672e-04 2.43621025e-01
1.15640481e-03 -4.14516101e-04 -6.86762299e-04 2.24884516e-03 1.81208983e-03 3.22812943e-03 -2.42046259e-03 1.87589213e-03 2.69795491e-03 8.44634092e-01 3.93161562e+00 -1.49295366e-02 2.51683791e-01
1.84720978e-03 -2.99551928e-03 -1.98092237e-03 3.56490195e-03 1.25430634e-03 3.33981264e-03 -3.50142986e-03 -2.61568326e-04 3.52118167e-03 8.38586200e-01 3.93497614e+00 1.61045554e-02 2.64870587e-01
6.00840969e-04 -1.25659263e-03 -1.41499477e-03 2.28173862e-03 1.07392619e-03 2.12503452e-03 -2.64473184e-03 1.52902719e-03 2.74669804e-03 9.68137996e-01 3.77778058e+00 -1.74897121e-02 2.37202546e-01
1.28431463e-03 -1.95905564e-03 -9.41988155e-04 2.02669873e-03 5.31276221e-04 2.59819292e-03 -2.12861084e-03 1.06321356e-04 2.23044396e-03 5.90995732e-01 3.21362010e+00 -4.40559824e-02 2.75707751e-01
1.06447957e-03 -2.03509104e-03 -1.58588906e-03 2.70957351e-03 1.40570363e-03 2.77921657e-03 -2.92599391e-03 1.22857072e-03 3.04927159e-03 7.72762340e-01 3.91337654e+00 -3.51347114e-02 2.49413772e-01
1.16169384e-03 -2.42987484e-03 -1.46844260e-03 2.75351511e-03 6.46032368e-04 3.41412569e-03 -3.05521831e-03 1.06801379e-03 3.29726789e-03 9.36765992e-01 3.92358162e+00 4.22733077e-02 2.67175139e-01
7.91635741e-04 -6.97247357e-04 -1.26574727e-03 2.75917386e-03 1.47105546e-03 3.08963614e-03 -3.12244563e-03 2.28439712e-03 3.35686667e-03 8.72417667e-01 4.31054096e+00 1.39997236e-03 2.41658066e-01
1.54337302e-03 -2.51297615e-03 -1.57433402e-03 2.92521441e-03 1.13223288e-03 3.35653761e-03 -2.81958868e-03 -4.39989931e-05 2.91212388e-03 8.11168787e-01 3.59652472e+00 -1.33849262e-03 2.72745795e-01
1.93793795e-03 -2.82431068e-03 -1.57402604e-03 3.19817271e-03 5.70531571e-04 3.30450485e-03 -3.22105927e-03 -6.09745695e-04 3.22731106e-03 8.27516127e-01 3.64693217e+00 1.27725790e-02 2.74494434e-01
1.50776814e-03 -4.52403805e-04 -6.67197243e-04 2.36935721e-03 2.19032353e-03 2.82472228e-03 -2.60638036e-03 1.79604171e-03 2.72414694e-03 8.52804855e-01 4.17121481e+00 -1.21752359e-02 2.39456874e-01
7.58322990e-04 -6.12020711e-04 -1.00008235e-03 2.11593417e-03 1.26013745e-03 2.04325446e-03 -2.45943580e-03 1.64002113e-03 2.53965374e-03 9.24240639e-01 3.87724882e+00 -2.24335062e-02 2.33528116e-01
1.70162435e-03 -2.50589216e-03 -1.34635087e-03 2.77477174e-03 7.70508644e-04 3.43484549e-03 -2.75222096e-03 -2.35924932e-04 2.83152002e-03 6.36275347e-01 3.48877156e+00 -2.37220816e-02 2.78260533e-01
7.69092720e-04 -1.85298354e-03 -1.17773139e-03 2.11129494e-03 3.08886754e-04 2.86521564e-03 -2.43478487e-03 1.03381512e-03 2.67950239e-03 7.57059131e-01 3.58056613e+00 -1.23652070e-03 2.70295600e-01
1.55563484e-03 -2.75099279e-03 -2.00443402e-03 3.39664045e-03 1.89620627e-03 3.28212430e-03 -3.62711336e-03 1.16459709e-03 3.71877707e-03 9.21910039e-01 4.22236590e+00 5.22291192e-04 2.46695575e-01
7.14909479e-04 -8.84708893e-04 -1.15415182e-03 2.25711845e-03 1.33582256e-03 2.71993706e-03 -2.51567936e-03 1.73433466e-03 2.72917984e-03 7.65379569e-01 3.86131035e+00 -3.12701928e-02 2.48367384e-01
1.90323612e-03 -3.04266472e-03 -1.74820129e-03 3.39180462e-03 1.04372882e-03 3.48378839e-03 -3.44724857e-03 -3.88527360e-05 3.52095317e-03 9.32758852e-01 3.93789977e+00 3.32280605e-02 2.67626098e-01
1.55088937e-03 -2.81584116e-03 -2.00432263e-03 3.22533137e-03 1.28875970e-03 2.81524958e-03 -3.27023128e-03 -1.98546273e-05 3.29335350e-03 7.04624538e-01 3.87990039e+00 -2.10327831e-02 2.58684345e-01
7.71257574e-04 -6.22855853e-04 -9.04995724e-04 2.12883425e-03 1.31109472e-03 3.23186429e-03 -2.35477028e-03 1.83023255e-03 2.68741497e-03 9.31398266e-01 3.73557929e+00 5.29052104e-04 2.58476952e-01
1.45392988e-03 -2.34387291e-03 -1.34157781e-03 2.58924221e-03 8.79591858e-04 2.85318028e-03 -2.61866214e-03 5.25976507e-05 2.70100776e-03 7.52282282e-01 3.57621089e+00 -2.62190669e-03 2.70684554e-01
6.91304435e-04 -1.30750087e-03 -1.68788519e-03 2.97062461e-03 1.41484453e-03 3.33034992e-03 -3.36039897e-03 2.25572323e-03 3.62466093e-03 9.23558570e-01 4.26060713e+00 1.37266674e-04 2.44424795e-01
7.56165026e-04 -1.92970214e-03 -1.33905882e-03 2.26004592e-03 4.02172484e-04 3.62262917e-03 -2.64537242e-03 1.33913711e-03 2.99375303e-03 7.94187740e-01 3.71196238e+00 8.74440400e-03 2.75326333e-01
1.40994064e-03 -2.63180063e-03 -1.97941943e-03 3.07871874e-03 1.53063505e-03 2.40733769e-03 -3.44362039e-03 8.77325318e-04 3.43501064e-03 8.83807842e-01 4.13296948e+00 -8.91868137e-03 2.39942714e-01
1.04625948e-03 -1.91329303e-03 -1.29732432e-03 2.31689600e-03 9.96447016e-04 2.14858759e-03 -2.52039782e-03 7.64875694e-04 2.58416922e-03 9.44871299e-01 3.62884858e+00 -7.90566540e-03 2.50656200e-01
9.60483248e-04 -1.40449052e-03 -1.59522727e-03 2.76545999e-03 1.49296205e-03 2.37991886e-03 -3.27144537e-03 1.84931518e-03 3.31106979e-03 9.29176162e-01 4.37742025e+00 3.22035514e-03 2.33351030e-01
1.77611982e-03 -2.51182827e-03 -1.10302573e-03 2.56111914e-03 5.92559737e-04 3.43044578e-03 -2.69412234e-03 -1.88423441e-05 2.80965023e-03 7.48122665e-01 3.49136072e+00 -6.09549936e-03 2.78751946e-01
7.57129991e-04 -1.19543044e-03 -1.53606020e-03 2.75224122e-03 1.54797399e-03 3.24071278e-03 -3.06862413e-03 2.06558731e-03 3.32253816e-03 9.96137450e-01 4.21338692e+00 1.35327784e-02 2.48601457e-01
1.32953814e-03 -2.22005603e-03 -1.26305684e-03 2.38526403e-03 6.43236921e-04 2.44218859e-03 -2.48254780e-03 5.80549918e-06 2.54490484e-03 6.60789906e-01 3.35301220e+00 -3.41655687e-02 2.67200381e-01
8.71093061e-04 -1.65838815e-03 -1.38286989e-03 2.31946501e-03 1.21931631e-03 2.27543842e-03 -2.55822455e-03 1.15883520e-03 2.64750853e-03 9.25434933e-01 3.74097729e+00 -1.14531886e-02 2.46684941e-01
1.28461855e-03 -2.49445144e-03 -1.39507376e-03 2.70268539e-03 6.12519214e-04 3.42841137e-03 -2.97738043e-03 8.55219497e-04 3.20475024e-03 6.77796678e-01 3.79047007e+00 -1.89079950e-02 2.69210874e-01
1.12334034e-03 -1.98129265e-03 -1.42352876e-03 2.51680563e-03 1.26760677e-03 2.33470317e-03 -2.71751706e-03 9.20962569e-04 2.77377177e-03 6.80990495e-01 3.74313362e+00 -4.44089125e-02 2.46448589e-01
7.78342706e-04 -1.76251735e-03 -1.18092604e-03 2.14479180e-03 5.78756362e-04 2.97415884e-03 -2.37912382e-03 1.08671418e-03 2.62656215e-03 9.13053933e-01 3.50812962e+00 2.23800411e-03 2.69499663e-01
5.21013461e-04 -1.15218526e-03 -1.11325781e-03 1.81524566e-03 8.28952523e-04 1.72652140e-03 -2.04651574e-03 1.07360767e-03 2.12423689e-03 6.57603160e-01 3.32065129e+00 -7.03392746e-02 2.41989773e-01
1.38014435e-03 -2.29238791e-03 -1.18168449e-03 2.49464453e-03 7.56921338e-04 3.23528207e-03 -2.63009094e-03 5.37166594e-04 2.80500839e-03 9.87506524e-01 3.60187641e+00 2.63141697e-02 2.72749157e-01
6.38190229e-04 -1.20253330e-03 -1.51751422e-03 2.63970596e-03 1.30588340e-03 2.89006933e-03 -2.97467866e-03 1.94890576e-03 3.18375467e-03 9.01560148e-01 4.01088062e+00 -1.93288428e-02 2.43302255e-01
1.67258626e-03 -2.63483662e-03 -1.43289248e-03 2.86812074e-03 8.85342074e-04 3.21144148e-03 -2.93308502e-03 4.67960827e-05 3.02705771e-03 7.38538733e-01 3.77454980e+00 9.65435281e-03 2.71704965e-01
5.08611861e-04 -9.37767427e-04 -1.24221782e-03 2.35894673e-03 9.68917034e-04 3.11497141e-03 -2.66793531e-03 1.94417805e-03 2.97891003e-03 7.55083310e-01 3.87750669e+00 -1.93958962e-02 2.55128255e-01
1.56606622e-03 -2.78642816e-03 -1.89724336e-03 3.21255202e-03 1.45197374e-03 3.20344593e-03 -3.21078191e-03 2.38662732e-04 3.29319038e-03 9.19325968e-01 3.89452374e+00 1.31745851e-02 2.61901396e-01
6.09353114e-04 -9.98577488e-04 -1.11382472e-03 1.94048229e-03 1.03057705e-03 1.95027818e-03 -2.22508547e-03 1.32428864e-03 2.32184285e-03 6.74042056e-01 3.55180422e+00 -5.56873251e-02 2.40565979e-01
1.55751097e-03 -2.38365366e-03 -1.17857688e-03 2.53639124e-03 6.76775554e-04 3.05627913e-03 -2.63596602e-03 1.07176120e-04 2.74322165e-03 9.20418642e-01 3.50436682e+00 7.84493545e-03 2.73601948e-01
1.27118783e-03 -2.36856930e-03 -1.43407140e-03 2.66215763e-03 9.89875467e-04 3.22186295e-03 -2.77540872e-03 6.77230550e-04 2.95633403e-03 8.69662193e-01 3.71212795e+00 -1.70525252e-03 2.67833115e-01
7.15992717e-04 -1.81753384e-03 -1.67475614e-03 2.73926952e-03 1.03290760e-03 2.79311451e-03 -3.10028512e-03 1.65371203e-03 3.28265500e-03 7.82107498e-01 4.06140111e+00 -8.93105425e-03 2.47929084e-01
8.34615750e-04 -1.83364706e-03 -1.26582862e-03 2.26119676e-03 7.60431855e-04 2.61205472e-03 -2.44056743e-03 9.60874041e-04 2.61526471e-03 9.46082799e-01 3.46735315e+00 -5.54161818e-03 2.60239241e-01
7.50206986e-04 -1.61179641e-03 -1.21153735e-03 2.04765672e-03 8.73305676e-04 2.22511787e-03 -2.22612581e-03 9.24771779e-04 2.35833640e-03 6.31196087e-01 3.46254157e+00 -5.47855512e-02 2.56210322e-01
1.40948823e-03 -2.45159260e-03 -1.66158108e-03 2.95148098e-03 1.58917795e-03 3.14462031e-03 -2.96811793e-03 6.81563719e-04 3.08192566e-03 9.20143464e-01 3.81638369e+00 5.73060865e-03 2.58141407e-01
4.02388256e-04 -1.62622439e-03 -1.58199552e-03 2.59264797e-03 5.38333039e-04 3.18535964e-03 -2.96583058e-03 1.82761283e-03 3.27583880e-03 7.56296526e-01 3.98184386e+00 -9.88683583e-03 2.59412890e-01
6.40947988e-04 -1.66314901e-03 -1.28412137e-03 2.27284501e-03 6.15340280e-04 2.81412155e-03 -2.52522408e-03 1.30313273e-03 2.75792703e-03 6.65092424e-01 3.56023861e+00 -4.88125483e-02 2.60483771e-01
1.20828142e-03 -2.22418165e-03 -1.56698984e-03 2.76148277e-03 1.40636787e-03 2.86023142e-03 -2.87607444e-03 9.18773633e-04 2.99325758e-03 1.01943049e+00 3.90959215e+00 3.15364558e-02 2.56276164e-01
1.43178511e-03 -2.63758469e-03 -1.60348398e-03 3.01911013e-03 1.18820512e-03 3.69982664e-03 -3.14629728e-03 8.69928859e-04 3.35876710e-03 8.38468665e-01 4.10844895e+00 1.62058155e-02 2.68917790e-01
7.54376920e-04 -1.74401760e-03 -1.47922413e-03 2.58214337e-03 9.89746296e-04 2.65078314e-03 -2.84417784e-03 1.43997150e-03 3.00073349e-03 8.45603330e-01 3.75815276e+00 -1.46472493e-02 2.47027536e-01
9.18017203e-04 -1.84583836e-03 -1.29199222e-03 2.20825672e-03 9.08793279e-04 2.17733596e-03 -2.40277992e-03 7.86774251e-04 2.49947784e-03 6.80537929e-01 3.47849679e+00 -4.81687263e-02 2.52273210e-01
8.64349001e-04 -2.17717052e-03 -1.66612934e-03 2.82847320e-03 9.54695595e-04 3.58595117e-03 -3.08647963e-03 1.49324192e-03 3.37910543e-03 9.96406208e-01 4.02073404e+00 3.07915811e-02 2.64276286e-01
7.40500215e-04 -1.61817029e-03 -1.77501822e-03 3.14749089e-03 1.38217782e-03 3.44868543e-03 -3.48981047e-03 2.20230430e-03 3.73341848e-03 8.17191221e-01 4.41265212e+00 1.29082224e-04 2.48318496e-01
1.31713558e-03 -2.17920075e-03 -1.24159611e-03 2.45409714e-03 9.29650573e-04 2.81367410e-03 -2.50140882e-03 3.47180873e-04 2.61413374e-03 8.46700484e-01 3.46286526e+00 -5.79228329e-03 2.67512328e-01
1.38252922e-03 -2.44497065e-03 -1.27924863e-03 2.63118658e-03 6.72223864e-04 3.60453920e-03 -2.85402046e-03 7.55074338e-04 3.08355875e-03 8.31630522e-01 3.79989839e+00 8.72047058e-03 2.73953963e-01
9.25178586e-04 -1.98462800e-03 -1.72479799e-03 2.71946966e-03 1.26930980e-03 2.43565476e-03 -3.09169509e-03 1.38680820e-03 3.17631085e-03 8.43834773e-01 4.00803525e+00 -1.00585977e-02 2.40776574e-01
1.27938414e-03 -2.55339498e-03 -1.71013207e-03 3.08096393e-03 1.22928437e-03 3.46775488e-03 -3.25279858e-03 1.09141279e-03 3.45083438e-03 7.60407986e-01 3.99603231e+00 -9.00720714e-03 2.59805300e-01
6.76772565e-04 -1.75207846e-03 -1.42214871e-03 2.34189740e-03 8.30081221e-04 2.59649269e-03 -2.58434401e-03 1.24013462e-03 2.77356762e-03 8.74912010e-01 3.72929893e+00 -6.96176795e-03 2.57005951e-01
3.79983893e-04 -1.35581345e-03 -1.41273998e-03 2.23622476e-03 6.88829592e-04 2.49418950e-03 -2.54246134e-03 1.53608347e-03 2.75919825e-03 1.00235243e+00 3.71743434e+00 1.67509570e-02 2.53281241e-01
1.04809925e-03 -1.87617307e-03 -1.17751071e-03 2.13430974e-03 9.29278459e-04 2.39347309e-03 -2.18524912e-03 4.32032529e-04 2.29150525e-03 6.34271384e-01 3.24778105e+00 -6.42855314e-02 2.63034235e-01
1.11459478e-03 -2.11809519e-03 -1.38788920e-03 2.57882328e-03 1.02778632e-03 2.77049808e-03 -2.73509543e-03 8.94337960e-04 2.87507607e-03 8.88212383e-01 3.58181451e+00 -1.87595459e-02 2.55353329e-01
8.96670455e-04 -2.23056091e-03 -1.74439521e-03 2.89434182e-03 1.07409919e-03 3.36643612e-03 -3.15217187e-03 1.45431675e-03 3.40196874e-03 7.42533676e-01 4.21200890e+00 4.61190060e-03 2.61876753e-01
9.90725738e-04 -2.08546948e-03 -1.49448133e-03 2.70219706e-03 1.01067211e-03 2.88994188e-03 -2.91806050e-03 1.19737064e-03 3.08491029e-03 8.83723017e-01 3.74137547e+00 -2.10261515e-03 2.53066292e-01
1.15544927e-03 -2.29090620e-03 -1.57099207e-03 2.88419843e-03 1.22288565e-03 3.41408695e-03 -3.03776158e-03 1.19579288e-03 3.25046365e-03 7.97883686e-01 4.11586538e+00 1.70054173e-03 2.63788786e-01
1.05438968e-03 -2.12806755e-03 -1.24881933e-03 2.46966087e-03 5.41832563e-04 2.94141350e-03 -2.72528082e-03 9.40329351e-04 2.92001897e-03 8.85908098e-01 3.70723363e+00 1.89727946e-02 2.65389273e-01
1.12817480e-03 -2.17675733e-03 -1.74259293e-03 2.98583460e-03 1.64602232e-03 3.21242364e-03 -3.15578506e-03 1.39715501e-03 3.31623727e-03 7.91682627e-01 4.07475561e+00 -2.17480497e-02 2.51561105e-01
9.88810429e-04 -2.01043101e-03 -1.33212181e-03 2.44457675e-03 9.37467041e-04 3.02743619e-03 -2.58054194e-03 9.73174370e-04 2.78406178e-03 9.39937689e-01 3.59937776e+00 7.53572747e-03 2.64727784e-01
9.38993045e-04 -1.96189709e-03 -1.50867092e-03 2.68808544e-03 1.09701272e-03 2.74241017e-03 -2.92611719e-03 1.30349346e-03 3.06860875e-03 6.96466102e-01 3.95692048e+00 -3.11453850e-02 2.51674917e-01
8.19551491e-04 -1.76757704e-03 -1.29646109e-03 2.17207863e-03 8.26272026e-04 2.06882847e-03 -2.40636286e-03 8.83302044e-04 2.50232374e-03 9.31568101e-01 3.39777668e+00 -2.09987415e-02 2.47487780e-01
9.44698503e-04 -1.98002051e-03 -1.33631885e-03 2.43481975e-03 9.13249666e-04 3.18899310e-03 -2.58983156e-03 1.08032367e-03 2.82417128e-03 6.21494696e-01 3.78077558e+00 -3.35678306e-02 2.68427389e-01
1.51987471e-03 -2.30576240e-03 -1.33205881e-03 2.64523386e-03 8.01020224e-04 2.91918356e-03 -2.60318123e-03 -2.13977616e-04 2.65362404e-03 7.33099143e-01 3.43368061e+00 -1.16899698e-02 2.73412234e-01
1.18009680e-03 -7.63111158e-04 -1.19403282e-03 2.87766215e-03 1.93590219e-03 3.29954326e-03 -3.23226781e-03 2.27898114e-03 3.44485475e-03 9.48609229e-01 4.41576063e+00 9.01555666e-03 2.40543513e-01
7.54287797e-04 -1.98019392e-03 -1.41327197e-03 2.38725161e-03 4.75532173e-04 3.62489244e-03 -2.76053044e-03 1.41013894e-03 3.10769349e-03 9.18925883e-01 3.77278459e+00 2.73404061e-02 2.72786315e-01
1.29758976e-03 -2.37577071e-03 -1.76057011e-03 2.84712912e-03 1.44355768e-03 2.37558456e-03 -3.12435072e-03 8.48374101e-04 3.14029911e-03 7.64091882e-01 3.97322206e+00 -3.03588617e-02 2.43149736e-01
1.46168237e-03 -2.57493871e-03 -1.53619528e-03 2.95481848e-03 1.04310737e-03 2.96192227e-03 -3.13685256e-03 6.66519776e-04 3.24601152e-03 1.02482720e+00 3.87970852e+00 2.91111761e-02 2.58007614e-01
5.08629302e-04 -1.23151649e-03 -1.12251468e-03 1.85412843e-03 8.27832050e-04 2.30866666e-03 -2.03291680e-03 1.15843230e-03 2.22351945e-03 6.45839226e-01 3.35264711e+00 -5.92330162e-02 2.58526296e-01
1.21726120e-03 -2.26842721e-03 -1.39135071e-03 2.60196428e-03 9.51149621e-04 2.91214713e-03 -2.76569001e-03 7.54138490e-04 2.91743242e-03 7.13973099e-01 3.58299599e+00 -3.19084835e-02 2.60134362e-01
8.01834346e-04 -1.80784496e-03 -1.49374472e-03 2.55766910e-03 1.07889140e-03 2.85163345e-03 -2.79593766e-03 1.39654411e-03 2.98715605e-03 9.27142378e-01 3.99425493e+00 1.10574971e-02 2.56975874e-01
1.82298837e-03 -2.97993820e-03 -1.50726803e-03 3.10260515e-03 7.46638593e-04 3.73490874e-03 -3.29986110e-03 2.84581235e-04 3.45917777e-03 8.14351818e-01 4.01038158e+00 3.40104570e-02 2.73285122e-01
7.23016689e-04 -1.40325533e-03 -1.48355602e-03 2.53097236e-03 1.30151781e-03 2.56666883e-03 -2.82235094e-03 1.64172047e-03 2.95570847e-03 8.54739855e-01 3.89094356e+00 -3.08055376e-02 2.41596849e-01
1.01594793e-03 -1.87917529e-03 -1.16126900e-03 2.13410960e-03 7.73722052e-04 2.27400838e-03 -2.24905075e-03 4.90514646e-04 2.34991534e-03 6.45268567e-01 3.23146284e+00 -5.71291147e-02 2.59659945e-01
6.34021921e-04 -1.48501645e-03 -1.34554779e-03 2.31160425e-03 9.86231379e-04 2.71074855e-03 -2.53205092e-03 1.43233725e-03 2.73893354e-03 9.56569653e-01 3.79862103e+00 5.40940491e-03 2.57077167e-01
1.06147143e-03 -2.19809826e-03 -1.29914076e-03 2.51503941e-03 5.17516991e-04 3.15447282e-03 -2.80849340e-03 1.01753652e-03 3.03470540e-03 8.51433506e-01 3.77293264e+00 1.28489931e-02 2.67411857e-01
1.08598039e-03 -2.27186854e-03 -1.83414856e-03 2.93230577e-03 1.52582671e-03 2.96456594e-03 -3.17106380e-03 1.28980564e-03 3.31056157e-03 8.27375065e-01 4.04444346e+00 -1.37574795e-02 2.49363623e-01
5.45182761e-04 -1.48518230e-03 -1.55091172e-03 2.53117335e-03 1.06392108e-03 3.29117910e-03 -2.80994934e-03 1.79982605e-03 3.12128600e-03 7.08422941e-01 3.84901596e+00 -3.96024970e-02 2.57454138e-01
1.35688984e-03 -2.34587184e-03 -1.43123721e-03 2.59873570e-03 9.77480622e-04 2.46547929e-03 -2.74622915e-03 3.44841611e-04 2.80852308e-03 9.49923352e-01 3.70028319e+00 2.20991845e-02 2.59422619e-01
6.31718639e-04 -1.44219554e-03 -1.53542809e-03 2.60117798e-03 1.19358307e-03 2.83385329e-03 -2.88373413e-03 1.75019660e-03 3.08082710e-03 9.59008004e-01 4.01552891e+00 8.54942878e-03 2.49097969e-01
1.43610878e-03 -2.42360140e-03 -1.34466606e-03 2.64321657e-03 8.78785529e-04 2.99448439e-03 -2.76203447e-03 3.85030201e-04 2.88785585e-03 6.92296227e-01 3.61506213e+00 -2.65593572e-02 2.66876413e-01
1.06264691e-03 -2.28178071e-03 -1.65676844e-03 2.89499560e-03 1.14439113e-03 3.24429134e-03 -3.13414871e-03 1.30733233e-03 3.34123439e-03 9.17248019e-01 3.95957440e+00 3.36736957e-03 2.56576448e-01
9.46044447e-04 -2.08378733e-03 -1.47137295e-03 2.54565584e-03 9.33505821e-04 2.85084297e-03 -2.75665917e-03 1.07132164e-03 2.94141985e-03 7.49019589e-01 3.81999050e+00 -1.11125067e-02 2.60270268e-01
8.95711857e-04 -1.94771893e-03 -1.49175354e-03 2.60175672e-03 1.12549323e-03 3.14196602e-03 -2.78908468e-03 1.31866026e-03 3.01244846e-03 6.79045453e-01 3.99377754e+00 -2.28247143e-02 2.62483643e-01
1.08044660e-03 -2.19579492e-03 -1.44005408e-03 2.55434943e-03 8.78431844e-04 2.62872267e-03 -2.77478429e-03 8.47252661e-04 2.91041960e-03 9.47166398e-01 3.58051664e+00 -2.14711049e-03 2.54512510e-01
6.75755230e-04 -2.04984489e-03 -1.68962490e-03 2.85324239e-03 6.62563130e-04 3.82358569e-03 -3.22884476e-03 1.81588111e-03 3.59099387e-03 8.07634502e-01 4.17292188e+00 2.19506670e-02 2.66137947e-01
1.25261199e-03 -2.31803407e-03 -1.61401200e-03 2.69962077e-03 1.34272281e-03 2.60059736e-03 -2.85403125e-03 7.01098106e-04 2.93520572e-03 8.57965320e-01 3.71010117e+00 -2.31723119e-02 2.51204605e-01
5.68866571e-04 -1.53658975e-03 -1.22916820e-03 2.07432495e-03 5.55943616e-04 3.11291598e-03 -2.35921886e-03 1.35047074e-03 2.66460477e-03 9.61656081e-01 3.58084375e+00 1.77864897e-02 2.70922905e-01
9.98088537e-04 -1.86933513e-03 -1.31665815e-03 2.11734696e-03 9.75491660e-04 1.79085887e-03 -2.31447445e-03 4.94930867e-04 2.33851358e-03 6.59573315e-01 3.32823509e+00 -6.65969054e-02 2.45267224e-01
6.80991109e-04 -1.63563669e-03 -1.25275193e-03 2.18002467e-03 7.59739973e-04 3.01600667e-03 -2.38866083e-03 1.25402242e-03 2.65106224e-03 6.66342147e-01 3.48596077e+00 -3.87817945e-02 2.65859139e-01
1.09467075e-03 -2.21233413e-03 -1.58558184e-03 2.60383909e-03 1.06875611e-03 2.31613155e-03 -2.85559073e-03 8.04386402e-04 2.92367399e-03 9.35114561e-01 3.85351786e+00 -6.57219167e-04 2.50471284e-01
1.04527797e-03 -2.22588368e-03 -1.40620344e-03 2.54625896e-03 7.15381358e-04 3.05297188e-03 -2.77747993e-03 9.39400751e-04 2.98526815e-03 6.85316780e-01 3.80647931e+00 -1.71899284e-02 2.66288850e-01
8.76033397e-04 -2.02462020e-03 -1.64868773e-03 2.66394804e-03 1.17726580e-03 2.76414754e-03 -2.90914499e-03 1.27853358e-03 3.07008635e-03 9.49297991e-01 3.81727626e+00 -2.98755198e-03 2.50314456e-01
1.47444758e-03 -2.57999791e-03 -1.58057665e-03 2.91659271e-03 1.24000320e-03 3.29155723e-03 -2.96903359e-03 5.03319251e-04 3.11127631e-03 1.03265734e+00 3.87733842e+00 4.50436078e-02 2.66892320e-01
4.27596309e-04 -1.19875488e-03 -1.24427097e-03 2.06522021e-03 7.17375608e-04 2.30037377e-03 -2.34968239e-03 1.43395462e-03 2.53768885e-03 6.69446036e-01 3.50295183e+00 -6.06849232e-02 2.49050189e-01
9.26315654e-04 -2.12103797e-03 -1.74788222e-03 2.85707305e-03 1.33454458e-03 3.16507033e-03 -3.07826581e-03 1.42862099e-03 3.28068122e-03 8.17407054e-01 3.95329221e+00 -9.35302949e-03 2.53371500e-01
1.05867252e-03 -2.26284921e-03 -1.43641323e-03 2.59914419e-03 6.88455713e-04 2.91847029e-03 -2.84704666e-03 9.13788707e-04 3.03036204e-03 8.49221395e-01 3.82937547e+00 4.31878837e-03 2.63566481e-01
1.28952737e-03 -2.50579023e-03 -1.31478574e-03 2.56448988e-03 3.40864256e-04 3.80959387e-03 -2.96711346e-03 9.47288479e-04 3.25594042e-03 8.15257430e-01 3.83853300e+00 1.73414292e-02 2.76038404e-01
1.22594914e-03 -2.01960863e-03 -1.59494024e-03 2.73977186e-03 1.58543248e-03 2.35932961e-03 -3.02633647e-03 1.16044890e-03 3.03286298e-03 8.65287243e-01 4.00052399e+00 -1.55145156e-02 2.38736808e-01
3.22661739e-04 -1.41525550e-03 -1.49735662e-03 2.40342287e-03 4.70433587e-04 3.34881891e-03 -2.81198106e-03 1.89006840e-03 3.18294671e-03 7.82429358e-01 3.86091334e+00 -2.14590377e-03 2.63643667e-01
1.48354185e-03 -2.71617696e-03 -1.95291749e-03 3.14217252e-03 1.66477421e-03 2.97534966e-03 -3.23241736e-03 5.37281718e-04 3.29942616e-03 8.94155153e-01 3.96697903e+00 -5.21144536e-04 2.54029997e-01
1.02194879e-03 -1.93667231e-03 -1.31399630e-03 2.24427935e-03 9.37746218e-04 2.04255642e-03 -2.45413250e-03 6.56048256e-04 2.51494896e-03 9.25220354e-01 3.58088067e+00 -4.30305777e-03 2.51803781e-01
6.97423186e-04 -1.80212654e-03 -1.43138469e-03 2.39750700e-03 8.29397289e-04 3.25029089e-03 -2.63911438e-03 1.39481066e-03 2.92741592e-03 6.60651759e-01 3.65604953e+00 -4.18844262e-02 2.64608830e-01
1.39037329e-03 -2.50558218e-03 -1.78335792e-03 2.89155013e-03 1.15547813e-03 2.52744939e-03 -2.92191527e-03 -2.28436318e-05 2.94093419e-03 8.17784352e-01 3.64960271e+00 -1.28181117e-02 2.58489172e-01
1.02901201e-03 -7.39148306e-04 -1.09367038e-03 2.72352180e-03 1.73656427e-03 4.15654495e-03 -2.98324180e-03 2.34475305e-03 3.40356675e-03 8.64052247e-01 4.23782804e+00 1.28441550e-02 2.58728359e-01
9.45731436e-04 -1.73148107e-03 -1.42388825e-03 2.47529017e-03 1.21527610e-03 2.22686282e-03 -2.76287872e-03 1.22764552e-03 2.81499040e-03 9.85538119e-01 3.84247173e+00 -4.71875200e-03 2.41330091e-01
8.89285714e-04 -1.66559074e-03 -9.25066228e-04 1.79903572e-03 4.82326457e-04 2.50155793e-03 -1.96009168e-03 5.81338609e-04 2.13049799e-03 6.04836435e-01 3.13050319e+00 -5.34213875e-02 2.73011992e-01
9.07611298e-04 -1.62176050e-03 -1.17518755e-03 2.06822933e-03 1.04345294e-03 1.94299043e-03 -2.22479646e-03 7.63797309e-04 2.27590427e-03 6.67735743e-01 3.38030337e+00 -5.99651584e-02 2.46825958e-01
8.68932060e-04 -2.13211462e-03 -1.46626364e-03 2.55083252e-03 6.30663696e-04 3.47669469e-03 -2.85213759e-03 1.29362185e-03 3.15075637e-03 9.88865512e-01 3.83485599e+00 2.90723098e-02 2.69343778e-01
1.26452224e-03 -2.47078892e-03 -1.53284253e-03 2.91865549e-03 9.61604324e-04 3.44731176e-03 -3.13515751e-03 1.06438189e-03 3.34782816e-03 8.42614404e-01 3.93131656e+00 7.85096512e-03 2.63256328e-01
8.27433937e-04 -1.97068358e-03 -1.64046851e-03 2.65502746e-03 1.14096777e-03 2.80129243e-03 -2.90472536e-03 1.33739776e-03 3.07719150e-03 8.41184153e-01 3.94759197e+00 -7.66705691e-03 2.53384902e-01
1.34075189e-03 -2.37803062e-03 -1.30487610e-03 2.58809066e-03 8.23660490e-04 3.40915646e-03 -2.74617176e-03 6.77128097e-04 2.95258668e-03 8.97992571e-01 3.63754027e+00 1.72376512e-02 2.71703185e-01
8.26323860e-04 -1.87422380e-03 -1.74451035e-03 2.83815041e-03 1.23184590e-03 2.61650865e-03 -3.20299336e-03 1.60604257e-03 3.31249359e-03 7.84973278e-01 4.20161922e+00 -1.90922880e-02 2.43573918e-01
6.39573572e-04 -1.52450258e-03 -1.52562420e-03 2.41095004e-03 1.02625106e-03 2.22204375e-03 -2.77616698e-03 1.48483326e-03 2.88450762e-03 8.34781047e-01 3.86858559e+00 -2.72942299e-02 2.40610764e-01
1.83030417e-03 -2.96523458e-03 -1.51905105e-03 3.21757421e-03 1.02804367e-03 4.21266510e-03 -3.35647799e-03 5.90020511e-04 3.56968028e-03 8.48030787e-01 4.05858792e+00 3.14429027e-02 2.73867092e-01
1.38569121e-03 -2.28280493e-03 -1.69570358e-03 2.87897702e-03 1.76307529e-03 2.63996155e-03 -3.08373579e-03 9.80677149e-04 3.11542423e-03 7.78354826e-01 3.97626880e+00 -3.11226178e-02 2.43624730e-01
9.11672364e-04 -2.07195001e-03 -1.23683883e-03 2.31171149e-03 2.19460766e-04 3.37085214e-03 -2.72281438e-03 1.16774375e-03 3.01592207e-03 8.96302218e-01 3.71848831e+00 2.74040827e-02 2.72894631e-01
1.42518740e-03 -2.57191302e-03 -1.81909935e-03 2.95890987e-03 1.45007792e-03 2.79235626e-03 -2.98887667e-03 2.67432303e-04 3.04599842e-03 1.01946602e+00 3.75476824e+00 2.03074882e-02 2.57309341e-01
2.95592841e-04 -7.96068507e-04 -1.04386365e-03 1.82697678e-03 6.05561951e-04 2.57986464e-03 -2.09829536e-03 1.54984019e-03 2.38415382e-03 6.33718754e-01 3.42024701e+00 -5.63573382e-02 2.60045326e-01
1.36128914e-03 -2.21802185e-03 -1.45194430e-03 2.63749241e-03 6.92840492e-04 2.56313576e-03 -2.58493052e-03 -3.54095139e-04 2.60103552e-03 8.69731266e-01 3.35202229e+00 9.03742311e-03 2.70470796e-01
1.61837818e-03 -4.30442729e-04 -7.51549563e-04 2.69559144e-03 2.42400827e-03 3.60296377e-03 -2.94037591e-03 2.18260183e-03 3.20374706e-03 7.75724022e-01 4.35915074e+00 -2.21261424e-02 2.44633852e-01
9.03499553e-04 -2.03177742e-03 -1.40621278e-03 2.57812968e-03 7.45821201e-04 2.96801486e-03 -2.82974622e-03 1.21131943e-03 3.03600170e-03 8.60604036e-01 3.77383329e+00 6.18320910e-03 2.59829599e-01
1.14927673e-03 -2.33071219e-03 -1.74237743e-03 3.00958873e-03 1.45904975e-03 3.32160519e-03 -3.16756208e-03 1.26845800e-03 3.35121924e-03 8.23277952e-01 4.09384685e+00 -6.48211495e-03 2.57040886e-01
7.02112768e-04 -2.08490459e-03 -1.85398535e-03 3.00296283e-03 8.98365814e-04 3.16427921e-03 -3.40767655e-03 1.80019424e-03 3.64641915e-03 8.79235867e-01 4.09593470e+00 2.50190466e-03 2.49349797e-01
1.19605692e-03 -2.23406463e-03 -1.43365624e-03 2.59467472e-03 1.15034016e-03 3.05296141e-03 -2.66350668e-03 7.11712900e-04 2.82782200e-03 8.04379212e-01 3.77789361e+00 -2.39914000e-03 2.66688741e-01
1.15882262e-03 -2.14559853e-03 -1.47250745e-03 2.49546867e-03 1.22737888e-03 2.59134486e-03 -2.55326349e-03 5.25940401e-04 2.65046048e-03 8.68810684e-01 3.62947076e+00 -7.10537577e-03 2.60431018e-01
4.46833558e-04 -1.82137421e-03 -1.86511643e-03 2.98397777e-03 7.31950287e-04 3.64253008e-03 -3.41227451e-03 2.13611986e-03 3.76966010e-03 7.77794057e-01 4.15842803e+00 -4.59467110e-03 2.56370305e-01
4.97798102e-04 -1.12713345e-03 -9.28287475e-04 1.61035503e-03 5.89547030e-04 1.63762599e-03 -1.80056698e-03 8.80855821e-04 1.89396747e-03 6.12165340e-01 3.19955918e+00 -6.61046420e-02 2.51690744e-01
1.26588586e-03 -2.36252958e-03 -1.47304831e-03 2.72554984e-03 1.13611831e-03 3.34577486e-03 -2.82464953e-03 8.10378820e-04 3.02017947e-03 1.02224741e+00 3.63941886e+00 1.18838628e-02 2.65031350e-01
1.14489533e-03 -2.34985618e-03 -1.38553080e-03 2.66921194e-03 5.98498063e-04 3.71650578e-03 -2.96973621e-03 1.13964024e-03 3.25648896e-03 9.97962237e-01 3.88854912e+00 4.86850966e-02 2.72103823e-01
1.03336560e-03 -1.80878671e-03 -1.37604528e-03 2.39623000e-03 1.28418618e-03 2.21329828e-03 -2.60877582e-03 9.93672168e-04 2.65760743e-03 7.08758872e-01 3.69000116e+00 -5.23117173e-02 2.43702968e-01
1.01101571e-03 -2.16007335e-03 -1.68326742e-03 2.75987447e-03 1.16324006e-03 2.55657260e-03 -3.08353105e-03 1.22847290e-03 3.18780796e-03 8.02071340e-01 3.87834262e+00 -2.36966809e-02 2.43737127e-01
1.19946858e-03 -2.28842942e-03 -1.35209607e-03 2.61926401e-03 8.45539992e-04 3.53483055e-03 -2.81159088e-03 9.75102549e-04 3.05852182e-03 8.75225733e-01 3.89853005e+00 2.20531317e-02 2.71916127e-01
5.96315101e-04 -1.71981560e-03 -1.59033043e-03 2.54858075e-03 8.72465276e-04 2.60451510e-03 -2.86959805e-03 1.51479260e-03 3.04807027e-03 9.77391937e-01 3.72390837e+00 -1.09203702e-02 2.45883192e-01
1.02982986e-03 -1.79899480e-03 -1.05891308e-03 2.02742455e-03 8.12975713e-04 2.45431475e-03 -2.09285700e-03 4.63517764e-04 2.21781042e-03 6.01638399e-01 3.37478674e+00 -4.25550126e-02 2.69600195e-01
8.53901312e-04 -6.88404885e-04 -1.02842381e-03 2.21122649e-03 1.50755867e-03 2.55487983e-03 -2.48129434e-03 1.71843597e-03 2.65117673e-03 8.90215473e-01 3.91158777e+00 -1.80529294e-02 2.43390668e-01
1.97261813e-03 -3.06629164e-03 -1.74149393e-03 3.41758961e-03 8.58225815e-04 3.59237196e-03 -3.45387754e-03 -2.98987244e-04 3.51001827e-03 7.48815286e-01 3.86701307e+00 6.80326265e-03 2.71586343e-01
8.79407091e-04 -2.04751293e-03 -1.25319313e-03 2.26864685e-03 3.07668273e-04 3.07285864e-03 -2.61104066e-03 1.02114323e-03 2.86445317e-03 8.68656255e-01 3.62815853e+00 1.62698651e-02 2.70795296e-01
1.24718219e-03 -2.44673601e-03 -1.93076359e-03 3.05505033e-03 1.65944474e-03 2.86681391e-03 -3.33283783e-03 1.20208614e-03 3.42265408e-03 8.01314646e-01 4.13026347e+00 -2.05009884e-02 2.45666144e-01
1.23621822e-03 -2.20231938e-03 -1.39157621e-03 2.56490954e-03 1.11850651e-03 2.80763196e-03 -2.62845829e-03 5.71375120e-04 2.74902223e-03 9.20101832e-01 3.55814352e+00 -5.29271384e-03 2.61547576e-01
4.77849370e-04 -1.61406204e-03 -1.61176277e-03 2.56403156e-03 8.14235090e-04 2.94013855e-03 -2.89450476e-03 1.71355949e-03 3.14950499e-03 6.89658560e-01 3.97274544e+00 -2.48383305e-02 2.55251499e-01
6.45822520e-04 -1.65896025e-03 -1.65260634e-03 2.86255261e-03 1.05051560e-03 3.29131759e-03 -3.19824569e-03 1.95269780e-03 3.46475564e-03 9.99766519e-01 4.20247455e+00 3.09456009e-02 2.53681742e-01
1.20424967e-03 -2.09323837e-03 -1.28329128e-03 2.37663796e-03 1.01949928e-03 2.63031718e-03 -2.44058727e-03 4.51257186e-04 2.54996911e-03 6.87490373e-01 3.42612702e+00 -4.23944762e-02 2.62892194e-01
8.23744185e-04 -6.63591749e-04 -9.67678382e-04 2.25615099e-03 1.42990810e-03 2.74321609e-03 -2.48591555e-03 1.78935526e-03 2.68745867e-03 1.02596023e+00 3.90606132e+00 1.30042110e-02 2.47150483e-01
1.10416036e-03 -1.77480798e-03 -1.07147910e-03 2.02180420e-03 6.73952579e-04 2.13036502e-03 -2.01359985e-03 -5.78783508e-05 2.05665887e-03 6.11863518e-01 2.99054266e+00 -6.56319997e-02 2.68060999e-01
1.28296248e-03 -2.15877248e-03 -1.20929065e-03 2.36012499e-03 7.97524646e-04 2.62414668e-03 -2.46088954e-03 3.14368980e-04 2.56542760e-03 9.33109918e-01 3.53227971e+00 1.10208328e-02 2.68091371e-01
4.60201371e-04 -1.09005969e-03 -1.13502810e-03 1.91474175e-03 8.53524193e-04 2.14536513e-03 -2.11941898e-03 1.28374995e-03 2.27590217e-03 6.64720150e-01 3.32096933e+00 -6.60842790e-02 2.47664245e-01
6.63832741e-04 -1.81561514e-03 -1.32345510e-03 2.23111427e-03 4.85926647e-04 2.90066593e-03 -2.52064437e-03 1.19022434e-03 2.77508927e-03 7.42864135e-01 3.57449063e+00 -1.74352962e-02 2.66001327e-01
1.38677065e-03 -2.67716434e-03 -1.96100292e-03 3.24684146e-03 1.62454534e-03 3.14997472e-03 -3.49950692e-03 1.14856723e-03 3.61693127e-03 9.43126652e-01 4.24740948e+00 1.48688932e-02 2.50658408e-01
1.04880314e-03 -2.05734505e-03 -1.51635502e-03 2.50726469e-03 1.32922170e-03 2.64615828e-03 -2.62052660e-03 8.60359111e-04 2.74298442e-03 8.21238540e-01 3.66371778e+00 -2.25726281e-02 2.55053827e-01
8.01088766e-04 -2.41568593e-03 -1.83636134e-03 3.08882940e-03 5.51572138e-04 3.72922371e-03 -3.53094100e-03 1.74138636e-03 3.85924527e-03 8.69373225e-01 4.23903038e+00 2.64325698e-02 2.62171882e-01
1.35009188e-03 -2.65564397e-03 -1.85594810e-03 3.14100164e-03 1.29528555e-03 2.88120172e-03 -3.45684471e-03 1.05597351e-03 3.55514383e-03 8.11502459e-01 4.25767598e+00 6.42990698e-03 2.50945308e-01
7.68206144e-04 -1.85958222e-03 -1.38977259e-03 2.37760325e-03 8.23284672e-04 3.19320288e-03 -2.60064658e-03 1.27535990e-03 2.87043431e-03 8.53915411e-01 3.62297467e+00 -1.11133835e-02 2.65500030e-01
7.31351561e-04 -1.34725026e-03 -9.87043910e-04 1.74440896e-03 8.77589704e-04 1.77203725e-03 -1.86286370e-03 7.04873870e-04 1.93271325e-03 6.36867665e-01 3.15790354e+00 -6.55637194e-02 2.51512313e-01
8.09225572e-04 -1.88056199e-03 -1.28913614e-03 2.32798005e-03 6.42725225e-04 2.93374155e-03 -2.55468246e-03 1.11655669e-03 2.78282319e-03 9.47124500e-01 3.57235885e+00 -6.13915840e-04 2.64705191e-01
7.81956038e-04 -1.87706216e-03 -1.42667630e-03 2.46880513e-03 8.91140275e-04 3.10489971e-03 -2.67078644e-03 1.28812612e-03 2.91534677e-03 8.79171124e-01 3.73763420e+00 -6.63728824e-03 2.63202144e-01
1.20586889e-03 -2.38028099e-03 -1.64074741e-03 2.86858131e-03 1.16568094e-03 2.86497269e-03 -3.11739445e-03 1.03740677e-03 3.24664409e-03 7.55241610e-01 3.97681520e+00 -9.91631389e-03 2.53331853e-01
7.06409467e-04 -1.43826844e-03 -1.53632572e-03 2.55261938e-03 1.28658117e-03 2.65568675e-03 -2.87619958e-03 1.69559931e-03 3.03883075e-03 8.62807247e-01 4.07532917e+00 -9.69675839e-03 2.46473203e-01
1.70984731e-03 -2.83243946e-03 -1.48981342e-03 3.00640050e-03 8.27754307e-04 3.46303756e-03 -3.16956077e-03 3.10227742e-04 3.31074446e-03 8.14330211e-01 3.79475732e+00 8.51075540e-03 2.69321637e-01
1.80882512e-03 -2.82355717e-03 -1.36075003e-03 2.94491131e-03 8.13224688e-04 3.98922925e-03 -3.10136280e-03 3.63159800e-04 3.29172863e-03 7.47357247e-01 3.80800478e+00 -2.84879810e-04 2.76435752e-01
6.46670415e-04 -1.43045094e-03 -1.55070587e-03 2.41884735e-03 1.08373673e-03 2.07386774e-03 -2.83518062e-03 1.52962238e-03 2.89825362e-03 9.05087495e-01 3.99491431e+00 -9.12671771e-03 2.37089216e-01
6.28180716e-04 -2.00317792e-03 -1.54023857e-03 2.56822744e-03 3.10096703e-04 3.64434453e-03 -3.01361387e-03 1.63340925e-03 3.37497994e-03 9.30318924e-01 3.95258075e+00 4.44692348e-02 2.69502235e-01
1.32859356e-03 -2.35355873e-03 -1.72606167e-03 2.85104862e-03 1.62499121e-03 2.66124845e-03 -2.99783790e-03 7.90859931e-04 3.05055279e-03 7.78094204e-01 3.86215494e+00 -3.67292636e-02 2.47809154e-01
7.30657730e-04 -2.05416901e-03 -1.47579271e-03 2.51615079e-03 3.72166503e-04 3.41516286e-03 -2.92382821e-03 1.44659212e-03 3.24104618e-03 7.36535325e-01 3.84038990e+00 -1.24453670e-02 2.67508728e-01
1.22899204e-03 -2.32796168e-03 -1.74172066e-03 2.80118121e-03 1.53365860e-03 2.65486238e-03 -2.99203175e-03 9.01559430e-04 3.07045099e-03 9.38406380e-01 3.92100877e+00 7.06151891e-03 2.49415823e-01
1.03886171e-03 -2.07975981e-03 -1.60180618e-03 2.53517961e-03 1.26276632e-03 2.30028856e-03 -2.77906577e-03 9.17257757e-04 2.84450835e-03 7.24871248e-01 3.79800907e+00 -4.18629248e-02 2.46826973e-01
9.14199524e-04 -2.20584111e-03 -1.48941703e-03 2.67164475e-03 5.80735044e-04 3.69785853e-03 -3.00576208e-03 1.39212737e-03 3.32380770e-03 9.75152333e-01 3.89145467e+00 3.95164200e-02 2.69526934e-01
1.04557607e-03 -1.82625438e-03 -1.34039894e-03 2.25929334e-03 1.18316721e-03 1.97510237e-03 -2.50044130e-03 8.13831726e-04 2.52501664e-03 6.85205577e-01 3.60673333e+00 -5.84003552e-02 2.42972273e-01
9.91780964e-04 -2.24047925e-03 -1.41663043e-03 2.55399273e-03 5.37955403e-04 3.71234084e-03 -2.89962491e-03 1.25012508e-03 3.21691753e-03 1.01767527e+00 3.83206457e+00 4.73412996e-02 2.72698798e-01
9.81850766e-04 -1.95473923e-03 -1.25959428e-03 2.27789960e-03 8.96082555e-04 2.85952677e-03 -2.39179034e-03 7.97477342e-04 2.57839301e-03 6.39578896e-01 3.61962300e+00 -3.68695662e-02 2.68572760e-01
9.19346531e-04 -2.02661840e-03 -1.56544083e-03 2.70401317e-03 9.93198027e-04 2.69146449e-03 -3.01207956e-03 1.32669282e-03 3.15664757e-03 1.00415267e+00 3.81884531e+00 9.57428053e-03 2.47171489e-01
8.95203707e-04 -2.10367964e-03 -1.96650151e-03 3.14399768e-03 1.37187516e-03 3.02196929e-03 -3.56001371e-03 1.83082032e-03 3.71907516e-03 8.39315100e-01 4.49361874e+00 7.78023002e-03 2.46786236e-01
1.27308844e-03 -2.17814767e-03 -1.18512790e-03 2.41248831e-03 7.98273626e-04 3.03174289e-03 -2.53256009e-03 5.63416669e-04 2.69634877e-03 8.36753470e-01 3.44081557e+00 -9.52763413e-03 2.69092540e-01
7.57207261e-04 -1.78116733e-03 -1.55086944e-03 2.58063301e-03 1.07993838e-03 2.80355922e-03 -2.86079713e-03 1.47855659e-03 3.04984325e-03 9.46327430e-01 3.74878609e+00 -1.87484812e-02 2.48585777e-01
1.14346277e-03 -2.04238706e-03 -1.18189726e-03 2.25890257e-03 7.74517349e-04 2.59055482e-03 -2.38550983e-03 5.00311108e-04 2.51367281e-03 6.24062604e-01 3.57030065e+00 -2.58106179e-02 2.67764143e-01
5.04079396e-04 -1.30192133e-03 -1.51365473e-03 2.47607411e-03 9.66350092e-04 2.44427196e-03 -2.84880621e-03 1.75100061e-03 3.01089416e-03 7.97848157e-01 3.96240216e+00 -2.83682809e-02 2.42474929e-01
1.77698280e-03 -2.91164473e-03 -1.61568573e-03 3.19424821e-03 1.18605915e-03 3.93494258e-03 -3.24312857e-03 3.74846863e-04 3.41444342e-03 9.03187011e-01 3.94615164e+00 3.47350556e-02 2.72316196e-01
7.99589180e-04 -1.39512407e-03 -1.31775586e-03 2.31494163e-03 1.18865893e-03 2.13088421e-03 -2.61336029e-03 1.36750769e-03 2.67367496e-03 9.98253417e-01 3.76449204e+00 -9.02933289e-03 2.38251424e-01
9.67800051e-04 -1.55908819e-03 -7.56403646e-04 1.61092166e-03 4.03400709e-04 2.16896314e-03 -1.72957338e-03 2.56031723e-04 1.84010432e-03 5.85491167e-01 2.91562176e+00 -6.18943739e-02 2.74821780e-01
1.20548048e-03 -2.24699073e-03 -1.36998659e-03 2.53195843e-03 9.40065790e-04 2.92229621e-03 -2.65328958e-03 6.36942301e-04 2.80826039e-03 6.94823887e-01 3.62216112e+00 -2.93593868e-02 2.65152017e-01
7.47865035e-04 -1.73009101e-03 -1.57216893e-03 2.72334009e-03 1.11344332e-03 2.96081386e-03 -3.00928276e-03 1.66275113e-03 3.20873794e-03 9.66407710e-01 4.02273521e+00 1.37739011e-02 2.51029749e-01
8.93047647e-04 -2.17664367e-03 -1.70402753e-03 2.82369180e-03 1.12165802e-03 3.38311256e-03 -3.04741760e-03 1.40830818e-03 3.30016658e-03 8.26252757e-01 4.10491776e+00 2.85443314e-03 2.62578609e-01
1.15696271e-03 -2.26490223e-03 -1.49594583e-03 2.74134886e-03 1.00435010e-03 2.85295900e-03 -2.96527420e-03 9.94880986e-04 3.10767932e-03 8.57412729e-01 3.76233468e+00 -2.75684293e-03 2.54272874e-01
5.73167171e-04 -1.26238047e-03 -1.45414452e-03 2.55218363e-03 1.16353442e-03 3.02184986e-03 -2.82177672e-03 1.86357716e-03 3.07092249e-03 9.12650672e-01 3.90811070e+00 -1.44583920e-02 2.50342390e-01
1.46534538e-03 -2.51549774e-03 -1.48904967e-03 2.76094945e-03 9.82748663e-04 2.90476018e-03 -2.85455766e-03 2.64954118e-04 2.95274040e-03 7.01201502e-01 3.73476662e+00 -8.66473854e-03 2.65823608e-01
2.13493121e-03 -3.29987343e-03 -1.62006383e-03 3.45351708e-03 8.74428167e-04 4.30104612e-03 -3.61379543e-03 1.55426990e-04 3.77744214e-03 9.32371709e-01 4.16508248e+00 5.43330574e-02 2.75744375e-01
7.17611386e-04 -1.10765668e-03 -1.20591964e-03 2.21913106e-03 1.18916020e-03 2.18279658e-03 -2.50515399e-03 1.48935325e-03 2.59313209e-03 7.84690501e-01 3.71570079e+00 -4.13118310e-02 2.38068057e-01
7.82758155e-04 -4.14897936e-04 -8.96936252e-04 2.26466988e-03 1.36202346e-03 2.59893432e-03 -2.53261867e-03 1.89821271e-03 2.71895317e-03 1.00232455e+00 3.81580311e+00 -1.12553227e-03 2.38019269e-01
1.36105564e-03 -2.18463750e-03 -1.41487992e-03 2.63085962e-03 9.93094770e-04 3.01774944e-03 -2.48804133e-03 -1.36726591e-04 2.55628872e-03 6.10146147e-01 3.46838866e+00 -3.84903218e-02 2.74809239e-01
5.55329542e-04 -1.04752122e-03 -1.23552692e-03 2.17180272e-03 1.09380485e-03 2.57139028e-03 -2.42593722e-03 1.60259941e-03 2.63666871e-03 9.15893245e-01 3.65000856e+00 -2.39550804e-02 2.48884608e-01
1.48531667e-03 -2.54810131e-03 -1.49905148e-03 2.77551212e-03 8.59428536e-04 2.87729262e-03 -2.87656417e-03 1.38673993e-04 2.96274745e-03 6.42148004e-01 3.70933026e+00 -2.17730516e-02 2.66972351e-01
1.23393040e-03 -2.09701161e-03 -1.07376132e-03 2.22343365e-03 6.30733392e-04 3.11037284e-03 -2.39689245e-03 5.78902466e-04 2.58716207e-03 5.96409256e-01 3.54127504e+00 -3.62411736e-02 2.75121334e-01
7.47279806e-04 -1.47833883e-03 -1.27515065e-03 2.17246229e-03 1.01248157e-03 1.95077370e-03 -2.42732645e-03 1.13165538e-03 2.48374221e-03 9.48887966e-01 3.51211183e+00 -2.34306198e-02 2.38721404e-01
1.03941798e-03 -1.88068551e-03 -1.58130217e-03 2.58848834e-03 1.33295905e-03 2.19814134e-03 -2.97084731e-03 1.26303965e-03 2.99581219e-03 1.00759064e+00 3.98674452e+00 -3.81842622e-03 2.37862946e-01
8.41182960e-04 -1.43117544e-03 -6.96000052e-04 1.46152576e-03 3.12706977e-04 2.12512667e-03 -1.62882842e-03 4.00677269e-04 1.76497567e-03 5.89599000e-01 2.83852484e+00 -6.05797721e-02 2.75457941e-01
1.21922452e-03 -2.41075065e-03 -1.54376134e-03 2.76440077e-03 1.00891321e-03 3.09626589e-03 -2.93113886e-03 8.15321049e-04 3.10155051e-03 7.15919407e-01 3.97251874e+00 -7.05403924e-03 2.64938577e-01
8.10199548e-04 -1.86099107e-03 -1.52558690e-03 2.65307262e-03 1.06974679e-03 2.95973726e-03 -2.88466304e-03 1.44787998e-03 3.08563379e-03 9.30464817e-01 3.76241784e+00 -5.91985839e-03 2.51879469e-01
1.29149037e-03 -2.21772330e-03 -1.09498584e-03 2.36387863e-03 4.60312165e-04 2.90193345e-03 -2.59612600e-03 5.53754914e-04 2.75490560e-03 8.34885530e-01 3.57591566e+00 9.02369366e-03 2.70273821e-01
9.94232436e-04 -2.12672852e-03 -1.94674539e-03 3.06766466e-03 1.64327842e-03 3.09937192e-03 -3.38391645e-03 1.65687943e-03 3.53605737e-03 8.36662030e-01 4.22960362e+00 -1.15023892e-02 2.45798032e-01
9.80743718e-04 -2.18007247e-03 -1.49587781e-03 2.71678311e-03 8.09621086e-04 3.15690717e-03 -2.98380938e-03 1.24508681e-03 3.20317150e-03 8.67124265e-01 3.89741652e+00 1.53619850e-03 2.60806190e-01
1.03810518e-03 -2.19510063e-03 -1.64158414e-03 2.75366981e-03 1.26798357e-03 2.99093788e-03 -2.94654497e-03 1.16342703e-03 3.11939816e-03 8.03160803e-01 3.91368278e+00 -6.20656873e-03 2.56015972e-01
1.06746869e-03 -1.95541150e-03 -1.38445659e-03 2.42850137e-03 1.28134990e-03 2.55720501e-03 -2.51027780e-03 7.96089319e-04 2.61629401e-03 9.97627338e-01 3.62842279e+00 8.21131264e-03 2.56445224e-01
4.83744703e-04 -1.36531126e-03 -1.06569177e-03 1.80881063e-03 4.08416149e-04 2.21476419e-03 -2.05760094e-03 1.05196358e-03 2.24825457e-03 6.21283264e-01 3.22317775e+00 -6.39172193e-02 2.60172830e-01
9.06918251e-04 -4.62894236e-04 -8.62917305e-04 2.21464178e-03 1.51798663e-03 2.54736597e-03 -2.46745373e-03 1.79090746e-03 2.62813206e-03 7.14193869e-01 3.86849893e+00 -4.75023954e-02 2.39110502e-01
1.68198849e-03 -2.55224705e-03 -1.50953647e-03 2.97430988e-03 9.31652717e-04 3.31646133e-03 -2.89248552e-03 -2.63128175e-04 2.94916420e-03 9.48437814e-01 3.62622441e+00 3.12405619e-02 2.74613084e-01
4.59879418e-04 -1.30802666e-03 -8.96727194e-04 1.52753588e-03 9.79056377e-05 2.15534901e-03 -1.82860229e-03 8.86435035e-04 2.03399333e-03 5.84982177e-01 3.06638593e+00 -5.85261118e-02 2.69507797e-01
1.19421233e-03 -2.19743560e-03 -1.65614424e-03 2.63175232e-03 1.54823780e-03 2.48411125e-03 -2.79176265e-03 7.96777932e-04 2.85336067e-03 1.01848416e+00 3.72668430e+00 -2.09507834e-03 2.47342133e-01
7.47847804e-04 -1.77873644e-03 -1.45110723e-03 2.49812954e-03 9.68311462e-04 2.96644673e-03 -2.72985899e-03 1.40589287e-03 2.95593184e-03 1.03857806e+00 3.77458495e+00 2.80291191e-02 2.57847552e-01
1.25884703e-03 -2.27402476e-03 -1.65075319e-03 2.91194360e-03 1.53455746e-03 2.93455569e-03 -3.07543842e-03 1.09248718e-03 3.18270976e-03 8.29061058e-01 4.02658013e+00 -1.09160458e-02 2.51775645e-01
8.76684404e-04 -2.11748357e-03 -1.46495103e-03 2.61412054e-03 6.26430210e-04 3.33633019e-03 -2.92859646e-03 1.33356927e-03 3.20140751e-03 8.56476987e-01 3.84010036e+00 1.15436292e-02 2.65038451e-01
4.32210365e-04 -1.31385297e-03 -1.33705244e-03 2.29486514e-03 6.69390345e-04 2.65712787e-03 -2.60199958e-03 1.62502668e-03 2.83378911e-03 9.47578973e-01 3.78818812e+00 1.01666965e-02 2.54684755e-01
1.32620357e-03 -2.25560155e-03 -1.43589141e-03 2.65089378e-03 1.31439032e-03 2.97252198e-03 -2.65199788e-03 5.16149875e-04 2.77016582e-03 6.76212799e-01 3.57306413e+00 -4.34318476e-02 2.62294274e-01
9.98674738e-04 -1.98546336e-03 -1.15677730e-03 2.22095933e-03 5.64050397e-04 3.14014829e-03 -2.44604635e-03 8.86209308e-04 2.68100348e-03 6.30339602e-01 3.62388992e+00 -2.54647730e-02 2.73513187e-01
1.12927690e-03 -2.05748612e-03 -1.53562139e-03 2.64055395e-03 1.29212423e-03 2.38760893e-03 -2.91583665e-03 1.06756939e-03 2.97225211e-03 9.71766740e-01 3.78289700e+00 -9.13815572e-03 2.41754146e-01
5.53556645e-04 -1.55202029e-03 -1.68244378e-03 2.71739474e-03 1.02211336e-03 2.84518534e-03 -3.10120403e-03 1.87511313e-03 3.31646716e-03 8.69573063e-01 3.96523962e+00 -1.03001077e-02 2.43991251e-01
1.51772817e-03 -2.58762978e-03 -1.50947758e-03 2.87888589e-03 1.07149937e-03 3.37117195e-03 -2.92533874e-03 3.61144948e-04 3.06770517e-03 8.10770550e-01 3.88875085e+00 1.11569056e-02 2.71184628e-01
1.43472628e-03 -2.40460101e-03 -1.58473413e-03 2.78535409e-03 1.31373975e-03 2.53174618e-03 -2.87583107e-03 3.50998144e-04 2.90910239e-03 8.88276382e-01 3.74968921e+00 6.53191534e-03 2.54711313e-01
4.88460497e-04 -1.48118517e-03 -1.64988412e-03 2.72374564e-03 9.41046258e-04 3.85660232e-03 -3.09272298e-03 2.13206506e-03 3.50452579e-03 7.91874702e-01 4.08611607e+00 -8.76612208e-03 2.62422444e-01
5.01153671e-04 -1.19988265e-03 -1.19906908e-03 2.08272271e-03 8.50712105e-04 2.45674991e-03 -2.30889763e-03 1.41897963e-03 2.50795824e-03 9.40202346e-01 3.57387994e+00 -5.05629402e-03 2.54177709e-01
1.25683621e-03 -2.28003107e-03 -1.40987709e-03 2.54950520e-03 9.80606455e-04 2.72085459e-03 -2.65376028e-03 4.62225928e-04 2.76608324e-03 6.43702067e-01 3.56424568e+00 -4.54243538e-02 2.62232118e-01
1.04747764e-03 -2.01815142e-03 -1.49817249e-03 2.65151758e-03 1.23550125e-03 2.62582916e-03 -2.84772297e-03 1.11353010e-03 2.95612907e-03 9.09405844e-01 3.86972285e+00 1.02020194e-04 2.50560353e-01
9.98230391e-04 -2.25296871e-03 -1.54085492e-03 2.76739916e-03 8.58526619e-04 3.54100630e-03 -3.00739110e-03 1.28647184e-03 3.27754171e-03 7.50823222e-01 3.90789751e+00 -9.30279057e-03 2.65867046e-01
4.19518378e-04 -1.24543815e-03 -1.27018469e-03 2.05057163e-03 7.85198383e-04 2.57964257e-03 -2.28378143e-03 1.41885171e-03 2.52071156e-03 6.62123900e-01 3.53267028e+00 -4.27363645e-02 2.58271366e-01
1.41738828e-03 -2.51917598e-03 -1.56029672e-03 2.81612603e-03 1.09964949e-03 2.78693308e-03 -2.96919282e-03 4.96295698e-04 3.06119442e-03 9.52081626e-01 3.77422313e+00 5.12522014e-03 2.58456611e-01
1.24907070e-03 -2.16780974e-03 -1.25879380e-03 2.47608346e-03 8.84656066e-04 2.68856970e-03 -2.60150054e-03 5.62324646e-04 2.71786509e-03 6.60028835e-01 3.72086247e+00 -1.62586455e-02 2.64699053e-01
7.13058212e-04 -1.78803493e-03 -1.60892910e-03 2.66258503e-03 1.13473171e-03 3.06381042e-03 -2.90513655e-03 1.57636203e-03 3.13417238e-03 9.37948060e-01 3.79855279e+00 -1.47641472e-02 2.52185354e-01
1.67218766e-03 -2.80898987e-03 -1.49560610e-03 3.01855856e-03 9.88832615e-04 3.92030185e-03 -3.15256090e-03 5.54010008e-04 3.35878877e-03 7.39759799e-01 3.85209622e+00 -1.07546284e-02 2.72591999e-01
5.77116318e-04 -1.45514654e-03 -1.50903104e-03 2.36427538e-03 9.67649330e-04 2.16157580e-03 -2.72522992e-03 1.47715559e-03 2.82934792e-03 9.15389321e-01 3.90752017e+00 -4.63509742e-04 2.42293716e-01
1.43277554e-03 -2.46222334e-03 -1.61169695e-03 2.88310328e-03 1.30634794e-03 2.58615090e-03 -3.09139700e-03 6.87487667e-04 3.13521880e-03 7.44490789e-01 3.91846634e+00 -2.16674950e-02 2.49842159e-01
6.23602851e-04 -1.70529773e-03 -1.44953054e-03 2.40331934e-03 7.92300662e-04 3.39448846e-03 -2.68813465e-03 1.55575796e-03 3.01306846e-03 9.10373938e-01 3.78351897e+00 8.75120122e-03 2.66690203e-01
1.40786034e-03 -2.43534102e-03 -1.24695567e-03 2.55055509e-03 6.00108227e-04 3.15501940e-03 -2.76672354e-03 5.02604230e-04 2.93704649e-03 9.77540956e-01 3.74076593e+00 4.63562742e-02 2.72135311e-01
7.22159818e-04 -1.63576214e-03 -1.53227853e-03 2.43281331e-03 1.17669345e-03 2.42223733e-03 -2.71286001e-03 1.37919662e-03 2.83933565e-03 7.11901401e-01 3.73179022e+00 -5.51671497e-02 2.43497361e-01
1.37719137e-03 -2.47006807e-03 -1.22268202e-03 2.54400276e-03 3.86954372e-04 3.37781264e-03 -2.86114565e-03 6.75947887e-04 3.07400032e-03 9.61665400e-01 3.71489211e+00 3.30232137e-02 2.73293171e-01
8.06720371e-04 -1.58577656e-03 -1.41610317e-03 2.23856466e-03 1.23696617e-03 2.08434439e-03 -2.49694922e-03 1.13381168e-03 2.56078374e-03 7.00686755e-01 3.66819096e+00 -5.26656436e-02 2.42128077e-01
9.85902321e-04 -1.76371099e-03 -9.97335248e-04 1.94160241e-03 6.51105730e-04 2.43779181e-03 -2.04787125e-03 4.86095306e-04 2.18670499e-03 6.10227358e-01 3.27755529e+00 -4.46618442e-02 2.70582606e-01
7.59170405e-04 -1.86976855e-03 -1.70379838e-03 2.77412285e-03 1.12884373e-03 2.74069722e-03 -3.09911882e-03 1.57976920e-03 3.25535461e-03 1.00812925e+00 3.94728892e+00 2.78743854e-03 2.44542657e-01
7.80601423e-04 -1.62817268e-03 -1.17416927e-03 2.00823277e-03 8.20018161e-04 2.07939389e-03 -2.18868326e-03 8.21526220e-04 2.29847358e-03 6.47532307e-01 3.39316346e+00 -5.28145567e-02 2.54636411e-01
9.77197282e-04 -2.18695653e-03 -1.55131565e-03 2.72613241e-03 9.66945398e-04 3.30425426e-03 -2.95809557e-03 1.27073125e-03 3.20013890e-03 9.96019323e-01 3.86194964e+00 1.77868300e-02 2.61918513e-01
1.52922176e-03 -2.52765536e-03 -1.33814777e-03 2.64478533e-03 6.15916647e-04 2.81513157e-03 -2.81068434e-03 9.29496022e-05 2.89936214e-03 6.81085957e-01 3.57143035e+00 -2.87069088e-02 2.68094015e-01
7.11635811e-04 -1.31951422e-03 -1.53474444e-03 2.58439177e-03 1.43239775e-03 2.88464439e-03 -2.88650282e-03 1.81339666e-03 3.08889150e-03 9.91340175e-01 4.06667241e+00 1.62470653e-02 2.47648917e-01
1.36625083e-03 -2.22828259e-03 -1.23481865e-03 2.46588742e-03 8.99885908e-04 2.90495969e-03 -2.51942442e-03 3.03790787e-04 2.63768665e-03 8.10398605e-01 3.40088525e+00 -1.53178770e-02 2.68537738e-01
6.55146160e-04 -1.74643685e-03 -1.98262994e-03 3.18675362e-03 1.29522261e-03 3.27604089e-03 -3.63365299e-03 2.21136485e-03 3.86434345e-03 8.76063288e-01 4.56333964e+00 1.65923678e-02 2.47351828e-01
1.48005606e-03 -9.79494887e-05 -3.15608906e-04 2.03731397e-03 2.03694506e-03 2.54102127e-03 -2.20389991e-03 1.62342617e-03 2.32315891e-03 9.76768309e-01 3.86777951e+00 -1.76972419e-02 2.36944713e-01
1.10107835e-03 -1.58124301e-03 -9.75436720e-04 1.96714241e-03 5.26556261e-04 2.13205546e-03 -1.86620228e-03 -3.37585063e-04 1.87305882e-03 5.81185510e-01 2.84261363e+00 -5.69862265e-02 2.75266270e-01
1.38517499e-03 -2.42997205e-03 -1.53163270e-03 2.68737714e-03 1.06230203e-03 2.49149683e-03 -2.84139332e-03 3.42310319e-04 2.89681643e-03 8.73759310e-01 3.69894168e+00 -7.74331413e-03 2.56809164e-01
6.32470498e-04 -1.46868012e-03 -1.53801204e-03 2.70730449e-03 1.16631805e-03 3.66770242e-03 -2.98062080e-03 1.99067410e-03 3.32767130e-03 7.66326889e-01 4.04829951e+00 -6.30001623e-03 2.60056908e-01
9.49504418e-04 -2.02821348e-03 -1.37152906e-03 2.41197780e-03 8.89592468e-04 2.92281034e-03 -2.57341377e-03 9.43788812e-04 2.77134299e-03 6.56386362e-01 3.75824468e+00 -3.23202967e-02 2.66181166e-01
9.19239805e-04 -2.07464387e-03 -1.58524031e-03 2.70945280e-03 1.02904254e-03 2.78535924e-03 -2.95844552e-03 1.24719105e-03 3.11692842e-03 9.98088538e-01 3.76895557e+00 1.14875863e-02 2.50258308e-01
1.01237446e-03 -1.91942541e-03 -1.42688490e-03 2.41981828e-03 1.13407471e-03 2.22536911e-03 -2.67708654e-03 9.73801500e-04 2.74370814e-03 9.62226309e-01 3.61435935e+00 -1.37340047e-02 2.43338198e-01
9.98730289e-04 -2.03294643e-03 -1.21948910e-03 2.28247427e-03 6.15421661e-04 3.15316845e-03 -2.51480635e-03 9.26045423e-04 2.75247324e-03 6.19794730e-01 3.67928748e+00 -2.95615187e-02 2.72217909e-01
1.36828796e-03 -2.56093846e-03 -1.81298578e-03 2.97044093e-03 1.42573240e-03 2.64474345e-03 -3.22947428e-03 8.29518052e-04 3.28890661e-03 7.81516680e-01 4.07319415e+00 -1.79470335e-02 2.49064871e-01
6.71116707e-04 -1.83838426e-03 -1.44031578e-03 2.42804577e-03 6.31701542e-04 3.42285185e-03 -2.74787182e-03 1.49266160e-03 3.07073472e-03 9.00217451e-01 3.74524246e+00 1.54914775e-02 2.67535802e-01
7.24732505e-04 -8.23366320e-04 -1.36409750e-03 2.82823404e-03 1.44782901e-03 3.51846809e-03 -3.16497509e-03 2.36922712e-03 3.48555454e-03 8.49372073e-01 4.19965769e+00 -1.00148016e-02 2.46886400e-01
1.46431881e-03 -2.43157183e-03 -1.58304239e-03 2.84007737e-03 1.17287388e-03 2.98068856e-03 -2.76990789e-03 -4.16008260e-06 2.83612247e-03 8.32300807e-01 3.67011123e+00 1.03544493e-02 2.68745136e-01
1.34886235e-03 -2.38541923e-03 -1.62665630e-03 2.75650075e-03 1.27594418e-03 2.40191216e-03 -2.91889496e-03 4.96340344e-04 2.94914017e-03 9.22659185e-01 3.80473667e+00 -2.26092997e-03 2.51098621e-01
4.99743312e-04 -1.46928285e-03 -1.42600279e-03 2.38028624e-03 7.76716845e-04 3.46467609e-03 -2.67900613e-03 1.74459911e-03 3.03381457e-03 7.00686506e-01 3.77440595e+00 -2.26213483e-02 2.65658160e-01
7.89311116e-04 -1.78529248e-03 -1.55553653e-03 2.57653471e-03 1.23846789e-03 2.99816210e-03 -2.79792293e-03 1.46855629e-03 3.01329689e-03 9.74972928e-01 3.86349507e+00 1.63017956e-03 2.55050006e-01
9.83899414e-04 -1.95575043e-03 -1.18859478e-03 2.17154886e-03 5.99142261e-04 2.30312071e-03 -2.36447961e-03 5.87413929e-04 2.48496905e-03 6.36444180e-01 3.41300292e+00 -4.23693396e-02 2.61542685e-01
3.60938498e-04 -1.26043602e-03 -1.24023495e-03 1.96758760e-03 5.79616145e-04 2.27322637e-03 -2.23526777e-03 1.32216321e-03 2.43873352e-03 6.61546602e-01 3.36987664e+00 -5.59854034e-02 2.53216720e-01
1.37913122e-03 -2.47249867e-03 -1.58088153e-03 2.84224415e-03 1.29210530e-03 3.08559605e-03 -2.92201870e-03 6.24179148e-04 3.05437783e-03 9.86919988e-01 3.88916362e+00 2.31543152e-02 2.63218621e-01
1.61146527e-03 -2.60351562e-03 -1.54283481e-03 2.89716648e-03 9.01815839e-04 3.02542815e-03 -2.91930364e-03 -1.20402574e-04 2.98141293e-03 6.83240395e-01 3.59940007e+00 -2.30543413e-02 2.68980443e-01
8.83552751e-04 -7.17511502e-04 -1.02348731e-03 2.36882191e-03 1.52814564e-03 2.86992078e-03 -2.61063246e-03 1.86277825e-03 2.81634886e-03 9.49684508e-01 3.99087759e+00 1.70203239e-04 2.46572988e-01
7.30353129e-04 -1.15298520e-03 -1.43231962e-03 2.53090490e-03 1.44364362e-03 2.78626295e-03 -2.83563892e-03 1.82950884e-03 3.01859093e-03 7.66194454e-01 4.01642632e+00 -2.45103318e-02 2.44233634e-01
1.62660802e-03 -2.56429019e-03 -1.34147857e-03 2.73794161e-03 6.60718130e-04 2.98717863e-03 -2.85545852e-03 -9.97198920e-06 2.93643713e-03 8.78212287e-01 3.62348810e+00 1.02809990e-02 2.70927458e-01
8.14995925e-04 -1.73118659e-03 -1.63868009e-03 2.60192598e-03 1.40732571e-03 2.67441083e-03 -2.87228563e-03 1.47925431e-03 3.01412489e-03 9.62322117e-01 3.88482579e+00 -1.16027886e-02 2.45152949e-01
1.35677315e-03 -2.22755078e-03 -1.06158555e-03 2.34227322e-03 4.56312223e-04 2.81610752e-03 -2.55638647e-03 4.11604429e-04 2.69188921e-03 6.37389605e-01 3.55588835e+00 -2.16157918e-02 2.70756737e-01
1.42237388e-03 -2.41528828e-03 -1.41533114e-03 2.68738375e-03 1.03662452e-03 3.19725654e-03 -2.71359469e-03 3.24265541e-04 2.84988714e-03 6.65693306e-01 3.74957119e+00 -2.03997830e-02 2.71744849e-01
5.54719646e-04 -1.31704473e-03 -1.46589115e-03 2.58297283e-03 1.02433720e-03 2.71125056e-03 -2.88998688e-03 1.81663920e-03 3.07579868e-03 9.70819060e-01 3.85080130e+00 -6.88459319e-04 2.42972138e-01
6.93841672e-04 -1.26622116e-03 -9.43315251e-04 1.63005213e-03 9.05509394e-04 1.73569297e-03 -1.72047243e-03 6.57576224e-04 1.79527654e-03 6.51755913e-01 2.99262438e+00 -8.19599206e-02 2.51668031e-01
9.34873836e-04 -2.22387248e-03 -1.44740663e-03 2.60472958e-03 4.89575682e-04 3.16591024e-03 -2.95160579e-03 1.19580708e-03 3.19898656e-03 1.06313659e+00 3.86567426e+00 4.87908374e-02 2.65022910e-01
8.31708778e-04 -1.39461295e-03 -8.24453795e-04 1.56726363e-03 5.89140775e-04 1.68499096e-03 -1.60620940e-03 1.80306905e-04 1.66186792e-03 5.85130570e-01 2.88618342e+00 -5.98492340e-02 2.66290260e-01
5.46002339e-04 -1.25151033e-03 -1.30626587e-03 2.25677097e-03 9.69857879e-04 2.64232855e-03 -2.51489373e-03 1.56960097e-03 2.72718715e-03 9.40551565e-01 3.58549986e+00 -2.86115592e-02 2.49256915e-01
1.43483032e-03 -2.29224503e-03 -1.65778327e-03 3.03151593e-03 1.10772955e-03 2.96124574e-03 -2.80081780e-03 -3.23655246e-04 2.81381401e-03 1.02535126e+00 3.55122682e+00 4.85863312e-02 2.69639701e-01
1.39401634e-03 -5.90756091e-05 -2.22884886e-04 1.82449965e-03 1.89398232e-03 2.71689256e-03 -1.95392480e-03 1.53637261e-03 2.17281327e-03 6.72569517e-01 3.62325940e+00 -6.89709357e-02 2.45801887e-01
8.23057137e-04 -6.93427981e-04 -9.96615020e-04 2.18686940e-03 1.46375214e-03 2.69284534e-03 -2.42496733e-03 1.72559437e-03 2.63175763e-03 8.50922597e-01 3.83704519e+00 -2.33487658e-02 2.46847671e-01
2.07916051e-03 -3.24995708e-03 -1.88893318e-03 3.65907486e-03 1.07439310e-03 3.70681635e-03 -3.68543398e-03 -2.35015255e-04 3.73936205e-03 8.19882542e-01 4.04448851e+00 2.34537779e-02 2.68849902e-01
4.58857305e-04 -1.11146352e-03 -1.26203664e-03 2.12957306e-03 8.32216022e-04 2.24227959e-03 -2.43901279e-03 1.52632716e-03 2.60496201e-03 9.24481901e-01 3.64900165e+00 -1.47438711e-02 2.45313482e-01
1.51145261e-03 -2.54123089e-03 -1.47756906e-03 2.82166948e-03 1.10161030e-03 3.32813515e-03 -2.85597676e-03 3.42639155e-04 2.99472627e-03 6.53225160e-01 3.72451225e+00 -2.79033470e-02 2.69786952e-01
1.22318794e-03 -2.29103968e-03 -1.45631235e-03 2.66660725e-03 9.83993775e-04 2.67105174e-03 -2.88141078e-03 7.94980857e-04 2.99430299e-03 8.53775234e-01 3.67968237e+00 -1.40559937e-02 2.53752732e-01
9.29399008e-04 -2.09506360e-03 -1.67028421e-03 2.93423364e-03 1.24920009e-03 3.67759938e-03 -3.14192823e-03 1.62152290e-03 3.42478408e-03 8.23780508e-01 4.21482686e+00 1.36566614e-02 2.63154163e-01
1.00908245e-03 -1.79070371e-03 -1.20781980e-03 2.08610256e-03 1.02698523e-03 2.15757571e-03 -2.11324291e-03 3.57587723e-04 2.18198582e-03 6.28996438e-01 3.23379215e+00 -6.36268006e-02 2.59437060e-01
2.91465966e-04 -1.04269968e-03 -1.15923710e-03 1.94826825e-03 5.54417050e-04 2.45349516e-03 -2.20806060e-03 1.48117975e-03 2.45192325e-03 9.36949088e-01 3.43241900e+00 -8.51870478e-03 2.57100064e-01
1.14240446e-03 -5.65695811e-04 -8.10296888e-04 2.18471043e-03 1.69598125e-03 2.34674526e-03 -2.47316590e-03 1.63763091e-03 2.55211422e-03 9.55945517e-01 3.94910755e+00 -1.41705926e-02 2.35792323e-01
1.71547085e-03 -2.45730209e-03 -1.28857067e-03 2.71862791e-03 5.50160148e-04 3.08893598e-03 -2.74466805e-03 -4.06768724e-04 2.78060335e-03 6.30096059e-01 3.43797576e+00 -2.52389050e-02 2.76766423e-01
7.30313322e-04 -1.50310268e-03 -9.90347368e-04 1.82317521e-03 6.42167137e-04 2.33080410e-03 -1.96259471e-03 7.90564154e-04 2.12833082e-03 5.93345487e-01 3.30979856e+00 -4.71613289e-02 2.67475831e-01
9.03284147e-04 -1.89370526e-03 -1.39462841e-03 2.38251399e-03 9.77318820e-04 2.35949057e-03 -2.58498805e-03 9.56210025e-04 2.69562907e-03 9.37796395e-01 3.49862739e+00 -2.58685316e-02 2.48738551e-01
7.09721859e-04 -8.91328299e-04 -1.19213043e-03 2.31418880e-03 1.30273747e-03 2.59251993e-03 -2.61212722e-03 1.76955250e-03 2.79602145e-03 9.49685778e-01 3.81626527e+00 -2.11144067e-02 2.41729689e-01
1.38813173e-03 -2.14335220e-03 -1.19197135e-03 2.37038548e-03 7.14535555e-04 2.62535978e-03 -2.38907482e-03 -9.14980087e-05 2.44829235e-03 6.06482933e-01 3.37724534e+00 -3.18836365e-02 2.72511206e-01
2.21302275e-03 -3.25013119e-03 -1.39171179e-03 3.23602936e-03 6.30557144e-04 4.32190135e-03 -3.50880420e-03 1.75644871e-04 3.68503131e-03 9.08218928e-01 4.03409289e+00 4.73383348e-02 2.77639606e-01
7.11469949e-04 -1.34412358e-03 -1.43923711e-03 2.26642382e-03 1.18384991e-03 1.97687311e-03 -2.65284341e-03 1.41637182e-03 2.70355176e-03 7.99759413e-01 3.85779809e+00 -3.64359092e-02 2.35652696e-01
9.96767317e-04 -2.08953490e-03 -1.22326686e-03 2.30489287e-03 4.43376490e-04 2.76744459e-03 -2.57842481e-03 8.20703969e-04 2.76899722e-03 8.94157439e-01 3.51707812e+00 1.12018848e-02 2.65889375e-01
1.15169807e-03 -2.26737151e-03 -1.85180359e-03 3.03692352e-03 1.66027632e-03 3.15099135e-03 -3.29570965e-03 1.44524440e-03 3.44604314e-03 7.69982866e-01 4.24453958e+00 -1.95757390e-02 2.50734187e-01
1.25069208e-03 -1.82272762e-03 -1.01143959e-03 2.07615180e-03 4.92363467e-04 2.30154558e-03 -2.06211489e-03 -2.86483363e-04 2.08709485e-03 5.86003664e-01 3.01228453e+00 -5.36488246e-02 2.75046488e-01
9.99436517e-04 -5.26299565e-04 -8.58634240e-04 2.14185618e-03 1.59796941e-03 2.38404516e-03 -2.42098796e-03 1.67087210e-03 2.54821541e-03 9.96965505e-01 3.87043256e+00 -8.89059384e-03 2.37591929e-01
7.28337302e-04 -1.70680885e-03 -1.25600852e-03 2.16329342e-03 7.74899763e-04 2.70298898e-03 -2.35193545e-03 1.07836754e-03 2.56191144e-03 6.70944717e-01 3.61751760e+00 -2.80491557e-02 2.65033481e-01
1.33211345e-03 -2.49819717e-03 -1.67954406e-03 3.07769143e-03 1.29142877e-03 3.11992477e-03 -3.29011107e-03 1.08679785e-03 3.42620371e-03 9.80889610e-01 3.95946401e+00 8.75787522e-03 2.51756474e-01
1.30026437e-03 -2.30292638e-03 -1.52047923e-03 2.68587557e-03 1.31368014e-03 2.76489290e-03 -2.78614904e-03 6.40950982e-04 2.88671974e-03 9.33412819e-01 3.72557303e+00 -9.21139288e-04 2.57228960e-01
5.13100329e-04 -1.63717507e-03 -1.48627180e-03 2.44092948e-03 6.55200867e-04 3.04636553e-03 -2.77505324e-03 1.62330359e-03 3.05979400e-03 6.90059994e-01 3.82638653e+00 -2.52598291e-02 2.59791019e-01
7.65301209e-04 -7.28150738e-04 -1.00543328e-03 2.13795133e-03 1.30601630e-03 2.42109555e-03 -2.40948954e-03 1.64503288e-03 2.56632538e-03 8.13678871e-01 3.72760870e+00 -3.52943334e-02 2.41229028e-01
2.16976475e-03 -3.42587801e-03 -1.94842622e-03 3.77739109e-03 1.07920537e-03 4.15007245e-03 -3.80590715e-03 -2.07804505e-04 3.89939789e-03 8.88290128e-01 4.20003525e+00 4.60390667e-02 2.73226383e-01
1.43469963e-03 -2.24080452e-03 -1.50967081e-03 2.84000378e-03 1.07039985e-03 3.03463423e-03 -2.64207341e-03 -2.40712842e-04 2.68224603e-03 9.01034182e-01 3.46676572e+00 8.04021777e-03 2.72337482e-01
1.35841408e-03 -1.90843688e-04 -4.88325834e-04 2.24575358e-03 1.90850666e-03 2.95522152e-03 -2.45944341e-03 1.87635764e-03 2.67114258e-03 7.13292792e-01 3.97649248e+00 -3.79218315e-02 2.42035620e-01
1.17186109e-03 -2.11862579e-03 -1.28764520e-03 2.46286632e-03 9.58765072e-04 2.82993068e-03 -2.58223608e-03 7.08414726e-04 2.72973321e-03 7.03344140e-01 3.79017768e+00 -1.57331986e-02 2.66235119e-01
9.16697139e-04 -2.16598437e-03 -1.75907404e-03 3.00387783e-03 1.17820591e-03 3.27660440e-03 -3.27158054e-03 1.57625257e-03 3.48859512e-03 9.71054268e-01 3.94595431e+00 9.08122498e-03 2.50647406e-01
8.05156363e-04 -8.88301229e-04 -1.27827359e-03 2.75852421e-03 1.45595929e-03 3.34377617e-03 -3.06786616e-03 2.22194114e-03 3.33837461e-03 7.29755034e-01 4.15245925e+00 -3.08102676e-02 2.45932467e-01
1.24881214e-03 -2.13563939e-03 -1.36523217e-03 2.43650004e-03 9.29626828e-04 2.60210875e-03 -2.41026430e-03 3.21275118e-05 2.48201923e-03 8.92530968e-01 3.40684902e+00 6.23028320e-03 2.69367479e-01
4.26145086e-04 -9.58452929e-04 -1.20890207e-03 2.15668080e-03 8.65691524e-04 2.81567714e-03 -2.43648440e-03 1.73587913e-03 2.72049165e-03 9.11680716e-01 3.64606411e+00 -5.88652332e-03 2.54948908e-01
1.71961459e-03 -2.89259465e-03 -1.87065994e-03 3.31425000e-03 1.49378706e-03 3.29055561e-03 -3.34202997e-03 2.58318779e-04 3.41520949e-03 7.20855619e-01 4.03771832e+00 -1.28942962e-02 2.61822548e-01
1.29487985e-03 -2.30137787e-03 -1.61905615e-03 2.58859244e-03 1.31548949e-03 2.20453388e-03 -2.75442671e-03 4.05751484e-04 2.77128979e-03 9.43313064e-01 3.63688218e+00 -2.35806845e-03 2.48353933e-01
5.20598814e-04 -1.56352074e-03 -1.48667562e-03 2.48745206e-03 6.18171833e-04 3.82808585e-03 -2.89561821e-03 1.91041791e-03 3.30851535e-03 6.88860721e-01 3.95760334e+00 -1.92434029e-02 2.68737189e-01
7.77175450e-04 -1.92884840e-03 -1.67752139e-03 2.80556942e-03 1.08078758e-03 3.16475686e-03 -3.11464749e-03 1.65341907e-03 3.34904714e-03 8.15461054e-01 4.00763939e+00 -3.01153223e-03 2.53200130e-01
1.20557174e-03 -2.35548387e-03 -1.50369171e-03 2.68279827e-03 9.94690226e-04 2.96514482e-03 -2.83847810e-03 7.38586458e-04 2.99414891e-03 8.49623823e-01 3.80722478e+00 -2.54398169e-03 2.63303760e-01
4.67055272e-04 -1.36971615e-03 -1.43876376e-03 2.50034179e-03 8.11594472e-04 2.97039453e-03 -2.79795652e-03 1.80034226e-03 3.05942303e-03 6.59990970e-01 3.90412737e+00 -3.51715773e-02 2.54464364e-01
1.15590917e-03 -2.00926332e-03 -1.27860018e-03 2.30875705e-03 1.08343870e-03 2.50842314e-03 -2.34598534e-03 4.21191786e-04 2.44250980e-03 9.12895976e-01 3.38306684e+00 -1.19288921e-02 2.62152979e-01
1.23134682e-03 -2.31371407e-03 -1.69062459e-03 2.73082914e-03 1.36251214e-03 2.38864137e-03 -2.99508942e-03 8.49769328e-04 3.03991469e-03 7.93295608e-01 3.84377163e+00 -2.45812321e-02 2.44411690e-01
8.06326846e-04 -2.14140516e-03 -1.51295384e-03 2.55831120e-03 4.95201294e-04 3.71108820e-03 -2.93513789e-03 1.42769765e-03 3.27880409e-03 8.86317081e-01 3.92331881e+00 2.28890827e-02 2.71845873e-01
8.42893607e-04 -1.49068107e-03 -1.53691703e-03 2.65022029e-03 1.38830502e-03 2.64412047e-03 -3.00359789e-03 1.70847581e-03 3.12895742e-03 9.46091879e-01 4.10153082e+00 8.86405808e-03 2.42197565e-01
1.65993640e-03 -2.58318588e-03 -1.26011643e-03 2.73679990e-03 7.33282028e-04 3.34881885e-03 -2.88063697e-03 2.67273209e-04 3.01707165e-03 7.33446158e-01 3.68885391e+00 -1.26945234e-02 2.72510495e-01
7.91108954e-04 -1.15269039e-03 -1.47377077e-03 2.79550803e-03 1.51416305e-03 2.99668286e-03 -3.11616067e-03 2.06079192e-03 3.29794546e-03 9.30071085e-01 4.21786250e+00 9.06619159e-04 2.42434773e-01
1.56737088e-03 -2.49841114e-03 -1.35586029e-03 2.71050738e-03 7.89102443e-04 3.10483033e-03 -2.77457433e-03 4.98785755e-05 2.87275125e-03 7.39392427e-01 3.59498904e+00 -6.59061093e-03 2.72200441e-01
1.20137454e-03 -2.30735573e-03 -1.58981424e-03 2.82929795e-03 1.14220317e-03 2.71205315e-03 -3.09336954e-03 1.04035802e-03 3.19772591e-03 9.29332806e-01 3.90964072e+00 -1.42701264e-03 2.49586965e-01
8.60039359e-04 -1.94486224e-03 -1.40196145e-03 2.44581466e-03 9.04100741e-04 3.21379031e-03 -2.64728338e-03 1.21829176e-03 2.90198860e-03 7.13510640e-01 3.77274696e+00 -1.50818424e-02 2.66689216e-01
9.17259874e-04 -1.69211010e-03 -1.49154513e-03 2.56556426e-03 1.32865642e-03 2.36407642e-03 -2.84824729e-03 1.37099429e-03 2.91441769e-03 7.43882003e-01 3.99830181e+00 -3.61155874e-02 2.42604217e-01
1.48161448e-03 -2.55672606e-03 -1.31775721e-03 2.75706907e-03 7.30652592e-04 3.69782426e-03 -2.97655863e-03 7.41619402e-04 3.20120782e-03 9.56149661e-01 3.76882737e+00 3.64098694e-02 2.72643056e-01
2.12920984e-03 -2.95072270e-03 -1.27029870e-03 2.94253371e-03 5.05958606e-04 3.85603727e-03 -3.13439242e-03 -2.53376370e-04 3.23416254e-03 7.32666303e-01 3.72006501e+00 4.62975663e-03 2.80037888e-01
8.50748717e-04 -1.08250909e-03 -1.33497360e-03 2.35524243e-03 1.37470030e-03 2.02983578e-03 -2.79311272e-03 1.62483509e-03 2.81835927e-03 9.14873438e-01 4.06925527e+00 -1.36484734e-02 2.31417495e-01
4.74622478e-04 -1.01526892e-03 -1.22650390e-03 2.01950999e-03 9.34779153e-04 2.02014067e-03 -2.31628175e-03 1.42903092e-03 2.44040208e-03 9.44711698e-01 3.58860323e+00 -2.01097846e-02 2.41468284e-01
1.27421359e-03 -2.05901887e-03 -1.09713800e-03 2.19766193e-03 6.49383531e-04 2.64271802e-03 -2.27366134e-03 1.38186268e-04 2.37484494e-03 6.01700901e-01 3.27601755e+00 -4.85822506e-02 2.72515368e-01
1.46552818e-03 -2.64815754e-03 -1.58236228e-03 3.01673437e-03 1.16261030e-03 3.63837449e-03 -3.14958486e-03 8.19594764e-04 3.34984023e-03 8.24134746e-01 4.07774596e+00 1.95372727e-02 2.68277793e-01
7.71429323e-04 -1.76871289e-03 -1.51271697e-03 2.60281038e-03 1.01786823e-03 2.71663438e-03 -2.89270881e-03 1.47885032e-03 3.05935551e-03 8.55141346e-01 3.81571946e+00 -1.82330702e-02 2.47747127e-01
1.01377027e-03 -2.22069437e-03 -1.69783499e-03 2.83066677e-03 1.19776841e-03 2.89477896e-03 -3.06979189e-03 1.21706300e-03 3.22192685e-03 7.45468861e-01 3.96820877e+00 -2.03777296e-02 2.52613583e-01
8.67496013e-04 -2.03785996e-03 -1.42797966e-03 2.47055181e-03 7.73269831e-04 3.01419073e-03 -2.70101642e-03 1.12585440e-03 2.92917476e-03 9.01601442e-01 3.72244918e+00 5.41295422e-03 2.63954312e-01
5.10066512e-04 -1.24542883e-03 -1.44713926e-03 2.52317524e-03 9.59093409e-04 3.56856907e-03 -2.85959827e-03 2.02484924e-03 3.23642859e-03 6.89781115e-01 4.02094090e+00 -2.62058457e-02 2.61708490e-01
1.35000899e-03 -2.25668041e-03 -1.48708017e-03 2.61664481e-03 1.21984447e-03 2.42390101e-03 -2.66758930e-03 2.52186518e-04 2.70313715e-03 9.39430401e-01 3.53355900e+00 1.42639743e-03 2.55606324e-01
1.25798028e-03 -2.55142131e-03 -1.77737678e-03 3.02547912e-03 1.20688830e-03 2.93704056e-03 -3.29994430e-03 1.04576739e-03 3.42704470e-03 7.81296075e-01 4.03497124e+00 -1.00366904e-02 2.51725518e-01
7.30810371e-04 -1.85758123e-03 -1.42624829e-03 2.39125443e-03 8.20140728e-04 3.06312581e-03 -2.61664355e-03 1.27436965e-03 2.87215917e-03 8.72575030e-01 3.73413981e+00 -1.51176377e-04 2.64802052e-01
1.15302906e-03 -2.30807792e-03 -1.75564018e-03 2.88305514e-03 1.31569175e-03 2.56626894e-03 -3.17241704e-03 1.09053358e-03 3.24298754e-03 8.81418716e-01 4.08332092e+00 -4.64054719e-03 2.46778154e-01
9.40069713e-04 -2.08807940e-03 -1.40144369e-03 2.54694412e-03 7.51741876e-04 3.55617331e-03 -2.80228545e-03 1.27577200e-03 3.09498232e-03 7.89530733e-01 3.75956404e+00 6.52070947e-04 2.69282237e-01
1.38528579e-03 -2.13265545e-03 -9.96138718e-04 2.16064463e-03 3.60723787e-04 2.51509886e-03 -2.33520723e-03 1.59423898e-05 2.41555718e-03 6.03067994e-01 3.21348212e+00 -4.46639328e-02 2.72569515e-01
7.85712480e-04 -1.04276293e-03 -1.12257865e-03 2.09128789e-03 1.34334619e-03 2.14286981e-03 -2.32833304e-03 1.37599535e-03 2.41008040e-03 9.41766302e-01 3.72118642e+00 -2.12414677e-02 2.41886497e-01
9.10976276e-04 -1.84341001e-03 -1.62449008e-03 2.75298028e-03 1.26364259e-03 2.47156105e-03 -3.08206932e-03 1.47121384e-03 3.15748710e-03 9.47751366e-01 4.04989556e+00 -2.57192559e-03 2.40718739e-01
1.26441743e-03 -2.20285544e-03 -1.17776526e-03 2.41722554e-03 7.42730278e-04 3.33997261e-03 -2.57394754e-03 7.00289405e-04 2.78396965e-03 6.88063906e-01 3.60028899e+00 -1.72089347e-02 2.73755832e-01
1.12852241e-03 -1.84350573e-03 -1.35124223e-03 2.31664157e-03 1.26004584e-03 1.87382887e-03 -2.58643280e-03 8.14260454e-04 2.57052864e-03 9.77516120e-01 3.64487793e+00 -1.61114433e-02 2.37830534e-01
6.41488477e-04 -1.36413825e-03 -8.06308318e-04 1.45992298e-03 2.56730383e-04 2.31963649e-03 -1.69689415e-03 6.95643149e-04 1.89420318e-03 5.85073519e-01 2.95589789e+00 -6.06407822e-02 2.75830357e-01
1.28558272e-03 -2.24869746e-03 -1.47985350e-03 2.64703897e-03 1.24981953e-03 2.61599831e-03 -2.73782037e-03 5.67407661e-04 2.81648207e-03 9.67935912e-01 3.60913785e+00 9.64924585e-04 2.54760073e-01
4.26365564e-04 -1.49022061e-03 -1.41613640e-03 2.25794498e-03 6.34194285e-04 2.92722927e-03 -2.55921425e-03 1.54654034e-03 2.84603591e-03 6.47459438e-01 3.74877026e+00 -3.66371984e-02 2.62458583e-01
8.05174704e-04 -8.26307842e-04 -1.21476547e-03 2.38351169e-03 1.38295197e-03 2.30856693e-03 -2.76814401e-03 1.80288200e-03 2.86490143e-03 7.57042700e-01 4.09477844e+00 -3.67077991e-02 2.35408572e-01
1.93268207e-03 -2.81512549e-03 -1.44394861e-03 3.05681939e-03 8.20053912e-04 3.73590901e-03 -3.07965977e-03 -2.21572609e-04 3.16900711e-03 9.39987599e-01 3.68517401e+00 3.77538029e-02 2.77465055e-01
1.39077525e-03 -2.67341044e-03 -1.91102337e-03 3.12247401e-03 1.45043063e-03 2.77293749e-03 -3.39851372e-03 9.08077567e-04 3.46665864e-03 9.27180553e-01 4.05063401e+00 7.38727039e-05 2.46451891e-01
6.76565448e-04 -1.78866537e-03 -1.34270197e-03 2.29825240e-03 5.89360003e-04 3.27335557e-03 -2.58112115e-03 1.34833440e-03 2.88263714e-03 7.41763968e-01 3.73140988e+00 -5.71817027e-03 2.69993719e-01
1.67902291e-03 -2.89437005e-03 -1.47727926e-03 3.03701250e-03 6.71868300e-04 3.71185465e-03 -3.29309675e-03 5.53668724e-04 3.48540915e-03 8.91339822e-01 3.93733246e+00 3.20742258e-02 2.71026207e-01
8.67957135e-04 -1.53187658e-03 -1.43082350e-03 2.50145155e-03 1.38913535e-03 2.52131172e-03 -2.75711083e-03 1.46846032e-03 2.86287557e-03 8.05539709e-01 3.93419028e+00 -2.68589330e-02 2.44569950e-01
1.44105139e-03 -2.70373285e-03 -1.84923079e-03 3.22566136e-03 1.48186459e-03 3.25658056e-03 -3.43728528e-03 1.02631384e-03 3.56850052e-03 8.49857583e-01 4.15047766e+00 1.02656364e-03 2.53987690e-01
6.64289466e-04 -1.74068571e-03 -1.37385016e-03 2.37937527e-03 7.24166264e-04 2.99924578e-03 -2.62141828e-03 1.36364993e-03 2.87389177e-03 8.32086025e-01 3.71846238e+00 -1.53083509e-03 2.62892459e-01
4.89328753e-04 -1.15837441e-03 -1.60459121e-03 2.80122471e-03 1.09371387e-03 3.18525486e-03 -3.19568245e-03 2.22717674e-03 3.48001575e-03 8.37795519e-01 4.11512151e+00 -1.52285608e-02 2.45425067e-01
1.51414758e-03 -2.45751974e-03 -1.51584220e-03 2.86760009e-03 1.24780965e-03 3.20594836e-03 -2.80042717e-03 1.76046260e-04 2.89749831e-03 8.46408878e-01 3.75512406e+00 1.65562997e-02 2.69915674e-01
9.84646160e-04 -1.88035619e-03 -1.63794507e-03 2.52710309e-03 1.42014229e-03 2.21022505e-03 -2.87096266e-03 1.21347091e-03 2.91249000e-03 7.76398630e-01 3.91177195e+00 -4.06151819e-02 2.38888105e-01
1.58445330e-03 -2.71608593e-03 -1.25085793e-03 2.71092749e-03 3.24374833e-04 3.82555488e-03 -3.10266429e-03 7.05453927e-04 3.34604275e-03 9.32861048e-01 3.87959776e+00 4.92979297e-02 2.75963492e-01
1.80568608e-03 -2.89425581e-03 -1.62648219e-03 3.18706298e-03 1.09726390e-03 3.82906864e-03 -3.19027146e-03 9.42819026e-05 3.32384571e-03 7.89490899e-01 3.80693485e+00 5.97826420e-03 2.73381950e-01
6.53526512e-04 -1.01227869e-03 -1.31658731e-03 2.42829124e-03 1.16332656e-03 2.46480146e-03 -2.79682340e-03 1.82166491e-03 2.94716083e-03 8.76366972e-01 4.05318930e+00 -1.04950729e-02 2.41125581e-01
1.64833136e-03 -2.45831514e-03 -1.39397843e-03 2.79335303e-03 6.81156644e-04 3.20219371e-03 -2.75834241e-03 -3.70968866e-04 2.80727775e-03 1.00562184e+00 3.47234985e+00 4.38948147e-02 2.77443114e-01
8.66476614e-04 -4.24722916e-04 -7.50242723e-04 1.88632676e-03 1.36032147e-03 2.02233529e-03 -2.15446636e-03 1.48202784e-03 2.24911060e-03 6.75728240e-01 3.66305450e+00 -6.90949798e-02 2.35033313e-01
1.19835238e-03 -6.72890887e-04 -1.04138580e-03 2.74351617e-03 1.82752154e-03 2.77490242e-03 -3.09287540e-03 2.09975829e-03 3.17597375e-03 8.90144199e-01 4.36800508e+00 -6.13616480e-03 2.33590257e-01
1.72048224e-03 -2.53452909e-03 -1.36241128e-03 2.81489153e-03 7.76070709e-04 3.46538612e-03 -2.79150176e-03 -2.37264092e-04 2.87076870e-03 7.88733092e-01 3.53194394e+00 5.91918561e-03 2.78309201e-01
8.48094933e-04 -1.12192981e-03 -1.39590007e-03 2.49969470e-03 1.59951540e-03 2.71387320e-03 -2.81836387e-03 1.78662884e-03 2.97668150e-03 9.67227490e-01 4.09380265e+00 -2.79481521e-03 2.43536571e-01
1.59404978e-03 -2.41021940e-03 -1.18864023e-03 2.52672808e-03 4.66691888e-04 2.71930582e-03 -2.66818932e-03 -1.45992678e-04 2.72382791e-03 6.54133538e-01 3.41639973e+00 -2.54567430e-02 2.71463168e-01
1.48607338e-03 -2.40909757e-03 -1.51521864e-03 2.80110410e-03 8.38697504e-04 2.86435105e-03 -2.75905588e-03 -2.37159240e-04 2.80011501e-03 7.31998519e-01 3.46239666e+00 -1.61325845e-02 2.69956254e-01
1.19701099e-03 -6.03511537e-04 -1.04556825e-03 2.72458669e-03 1.99496297e-03 3.39393312e-03 -3.01259920e-03 2.21513643e-03 3.26697462e-03 9.48555137e-01 4.35976503e+00 1.16995241e-02 2.45330021e-01
6.88898557e-04 -1.79967145e-03 -1.55581506e-03 2.54638188e-03 9.41141211e-04 2.67904262e-03 -2.82211314e-03 1.40923416e-03 3.00163008e-03 9.90156453e-01 3.74744139e+00 3.42268095e-03 2.49860227e-01
1.05635569e-03 -1.95748241e-03 -1.20059422e-03 2.25274984e-03 8.68199132e-04 2.67618142e-03 -2.37187061e-03 6.78021226e-04 2.52232714e-03 6.29707216e-01 3.54901382e+00 -4.14678335e-02 2.66215957e-01
7.72581990e-04 -1.83247877e-03 -1.55655097e-03 2.54804107e-03 1.12662817e-03 2.84238584e-03 -2.78587155e-03 1.39021759e-03 2.98249815e-03 6.92649401e-01 3.83588644e+00 -3.72145229e-02 2.53831560e-01
1.05104858e-03 -2.10869984e-03 -1.30851499e-03 2.39205781e-03 7.38815128e-04 2.66066338e-03 -2.58510081e-03 7.46358088e-04 2.73922037e-03 9.23620734e-01 3.59077179e+00 5.54090936e-03 2.62705799e-01
1.42060186e-03 -2.48292511e-03 -1.66250081e-03 2.87311790e-03 1.44790765e-03 2.84155162e-03 -2.97277499e-03 5.73006060e-04 3.05252179e-03 8.17576806e-01 3.87623755e+00 -2.40638313e-03 2.56777376e-01
4.20470651e-04 -1.66013556e-03 -1.66852052e-03 2.66405259e-03 6.57654655e-04 3.45686943e-03 -3.04955196e-03 1.92599708e-03 3.40202656e-03 8.61790825e-01 3.97202278e+00 7.33893749e-04 2.60353626e-01
4.54075544e-04 -8.00110884e-04 -8.36578940e-04 1.40184362e-03 7.98382300e-04 1.47943659e-03 -1.57885650e-03 9.11375015e-04 1.65970828e-03 6.45657363e-01 3.04530900e+00 -7.98194659e-02 2.45658476e-01
1.70811102e-03 -2.75057916e-03 -1.37047622e-03 2.88905108e-03 6.42561906e-04 3.27349233e-03 -3.08248737e-03 2.20274125e-04 3.20451989e-03 1.03993926e+00 3.70898862e+00 3.64848331e-02 2.69794159e-01
2.11618319e-03 -3.09593969e-03 -1.47372835e-03 3.20052989e-03 5.57708413e-04 3.57990869e-03 -3.38425791e-03 -2.86838647e-04 3.45223759e-03 7.31529830e-01 3.86602157e+00 9.26549058e-03 2.74277876e-01
7.98888790e-04 -9.77098441e-04 -1.23846352e-03 2.26126594e-03 1.44979589e-03 2.36409076e-03 -2.57413273e-03 1.62091402e-03 2.69391953e-03 9.02073325e-01 3.89107953e+00 -2.07174971e-02 2.39954010e-01
1.19337440e-03 -2.21770841e-03 -1.67360873e-03 2.74732661e-03 1.52779524e-03 2.67711379e-03 -2.95552391e-03 1.02119209e-03 3.04395525e-03 7.62915756e-01 3.88812635e+00 -3.54094959e-02 2.47910026e-01
9.20241391e-04 -2.21183145e-03 -1.40642882e-03 2.53345873e-03 3.77294870e-04 3.35238743e-03 -2.91234630e-03 1.21992905e-03 3.19386493e-03 9.28593456e-01 3.84537468e+00 3.53640553e-02 2.68996477e-01
1.11431929e-03 -2.23273085e-03 -1.63284682e-03 2.81028756e-03 1.26888588e-03 2.92150767e-03 -3.03741251e-03 1.16391172e-03 3.18469555e-03 9.39640754e-01 3.82992562e+00 3.38402037e-03 2.50654184e-01
1.01305830e-03 -2.18512508e-03 -1.43934011e-03 2.63158461e-03 8.06173096e-04 3.20774317e-03 -2.85102931e-03 1.10416791e-03 3.07694313e-03 7.33765913e-01 3.94223495e+00 -8.05133325e-03 2.66316844e-01
6.09832630e-04 -1.54012761e-03 -1.54709054e-03 2.38541756e-03 9.76838128e-04 2.13594806e-03 -2.76195912e-03 1.44306269e-03 2.86000820e-03 1.01700538e+00 3.88924347e+00 1.12291980e-02 2.41120257e-01
1.12146171e-03 -1.88259065e-03 -9.93507725e-04 2.03188701e-03 6.45972010e-04 2.70134943e-03 -2.13197833e-03 4.17679996e-04 2.27899671e-03 6.16089184e-01 3.20721701e+00 -5.64621822e-02 2.72934108e-01
1.63016621e-03 -2.67774797e-03 -1.89880123e-03 3.38323505e-03 1.64462395e-03 3.63978871e-03 -3.13314822e-03 -8.29012488e-06 3.20759568e-03 8.62867503e-01 3.83783127e+00 1.14330632e-02 2.68526260e-01
8.81717951e-04 -3.02721569e-04 -8.31646878e-04 2.42904107e-03 1.47145980e-03 3.22761810e-03 -2.68683111e-03 2.16555856e-03 2.99077071e-03 8.22123069e-01 4.03586590e+00 -1.12120310e-02 2.47467505e-01
1.05077696e-03 -2.23033404e-03 -1.59845012e-03 2.82265553e-03 1.05278771e-03 3.02934140e-03 -3.08240517e-03 1.24868660e-03 3.26121030e-03 7.68827683e-01 3.83484442e+00 -2.02045960e-02 2.52864733e-01
9.48837151e-04 -2.07967202e-03 -1.46867257e-03 2.52365787e-03 9.75616086e-04 2.93356623e-03 -2.69658779e-03 1.01965769e-03 2.88967430e-03 8.80515256e-01 3.86060059e+00 7.56437395e-03 2.63993593e-01
1.41590695e-03 -2.32335990e-03 -1.30831116e-03 2.54306626e-03 8.75717051e-04 2.89523459e-03 -2.59344996e-03 1.73579452e-04 2.69723088e-03 9.77737219e-01 3.57767453e+00 2.75620951e-02 2.71010810e-01
4.03766636e-04 -9.43721864e-04 -1.12712067e-03 1.87555164e-03 8.13952898e-04 2.02827639e-03 -2.13421766e-03 1.36509763e-03 2.28855892e-03 6.65030127e-01 3.37231982e+00 -6.97696981e-02 2.43977961e-01
6.84408150e-04 -8.97429586e-04 -1.18809046e-03 2.31735099e-03 1.30046497e-03 2.51570438e-03 -2.58122347e-03 1.73481904e-03 2.73599915e-03 9.41500331e-01 3.94466694e+00 2.78237001e-03 2.44387325e-01
1.76402905e-03 -2.81499400e-03 -1.54980050e-03 3.05077243e-03 9.07690464e-04 3.43064917e-03 -3.11537885e-03 5.22208165e-06 3.21594371e-03 7.04773701e-01 3.71119042e+00 -1.98596095e-02 2.70855666e-01
6.92626112e-04 -8.62761218e-04 -1.21359386e-03 2.52551352e-03 1.32335265e-03 2.86409905e-03 -2.79022837e-03 1.97356452e-03 2.99227123e-03 9.21233830e-01 3.91105861e+00 -9.56672119e-03 2.42115015e-01
1.71015292e-03 -2.71063335e-03 -1.59533684e-03 3.10047381e-03 1.12423319e-03 3.48729149e-03 -3.05524578e-03 1.24266737e-05 3.14908984e-03 7.34380711e-01 3.88225593e+00 2.17276763e-03 2.72449530e-01
9.91482320e-04 -2.00132161e-03 -1.48882414e-03 2.66617742e-03 1.11294414e-03 2.71596173e-03 -2.89365940e-03 1.21637488e-03 3.02787355e-03 7.63633001e-01 3.87278782e+00 -2.83684128e-02 2.51107973e-01
1.06266895e-03 -2.35432813e-03 -1.62224251e-03 2.84023228e-03 1.00637816e-03 3.51533319e-03 -3.04969516e-03 1.20708329e-03 3.30321633e-03 9.36132456e-01 3.95999049e+00 3.06293530e-02 2.65293457e-01
7.65790068e-04 -1.78146370e-03 -1.35806206e-03 2.28137076e-03 8.76601866e-04 2.47454935e-03 -2.47680020e-03 1.04599343e-03 2.63445736e-03 9.44365463e-01 3.43343353e+00 -1.99469923e-02 2.53157756e-01
8.62398146e-04 -1.76143920e-03 -1.16859972e-03 2.08892140e-03 7.69408469e-04 2.40534029e-03 -2.24948799e-03 7.93031186e-04 2.39801511e-03 6.04511723e-01 3.52692591e+00 -4.42105126e-02 2.63595669e-01
1.54065435e-03 -2.65349879e-03 -1.53825622e-03 3.00006930e-03 1.18067251e-03 3.70287277e-03 -3.05603615e-03 6.07284071e-04 3.24261210e-03 1.02229332e+00 3.93038272e+00 4.50672908e-02 2.70804235e-01
5.11139461e-04 -1.17141860e-03 -1.16859908e-03 2.05747170e-03 8.18703179e-04 2.09635241e-03 -2.29714688e-03 1.34094058e-03 2.42361642e-03 6.77358206e-01 3.49281794e+00 -5.91954080e-02 2.44341239e-01
8.13627445e-04 -1.84719673e-03 -1.77830750e-03 2.87945440e-03 1.34247395e-03 2.84290644e-03 -3.21954868e-03 1.70169229e-03 3.36848192e-03 8.34714114e-01 4.20096026e+00 -1.25613879e-02 2.45561473e-01
1.38265065e-03 -2.41565393e-03 -1.30457343e-03 2.64482778e-03 7.64953632e-04 3.27583890e-03 -2.80663038e-03 5.99656882e-04 2.98373614e-03 8.50683729e-01 3.67602036e+00 1.35759110e-02 2.70088382e-01
8.55455082e-04 -1.69378795e-03 -1.23630562e-03 2.06216511e-03 1.00521839e-03 2.11227206e-03 -2.18536273e-03 7.11034381e-04 2.27749242e-03 6.48701313e-01 3.35966792e+00 -6.02703252e-02 2.54171666e-01
7.01208380e-04 -1.82001412e-03 -1.37683422e-03 2.43644191e-03 6.38474845e-04 3.03458209e-03 -2.70553017e-03 1.36509027e-03 2.95818544e-03 9.84589156e-01 3.71927047e+00 1.75179759e-02 2.62542615e-01
3.04559608e-04 -1.23237242e-03 -1.30581351e-03 2.12986381e-03 4.51609818e-04 2.88950893e-03 -2.48195620e-03 1.66218720e-03 2.79537964e-03 7.03684273e-01 3.61584965e+00 -3.09025394e-02 2.61475055e-01
1.55995909e-03 -2.86032404e-03 -2.04175120e-03 3.31701105e-03 1.74920951e-03 3.21576453e-03 -3.39230846e-03 5.75842330e-04 3.47693533e-03 9.82264373e-01 4.08997465e+00 2.34675758e-02 2.55963858e-01
9.96442348e-04 -2.10509652e-03 -1.25966296e-03 2.33635444e-03 5.02647465e-04 3.37818033e-03 -2.64015430e-03 1.04056944e-03 2.91433998e-03 8.53063424e-01 3.69470610e+00 9.78979210e-03 2.73290597e-01
1.18045940e-03 -2.38850896e-03 -1.87565965e-03 2.94900233e-03 1.42189521e-03 2.55050777e-03 -3.29568086e-03 1.15224041e-03 3.35383102e-03 8.12385742e-01 4.07483292e+00 -1.50053632e-02 2.42131840e-01
4.25293469e-04 -1.25804424e-03 -1.20198343e-03 1.96689930e-03 6.64137889e-04 2.29113857e-03 -2.21291448e-03 1.29765901e-03 2.41041460e-03 9.23579007e-01 3.51969746e+00 -4.92877717e-03 2.56710216e-01
1.19420457e-03 -2.07834253e-03 -1.28410509e-03 2.37476309e-03 1.02929100e-03 2.57807666e-03 -2.45374359e-03 4.91433055e-04 2.55775319e-03 6.47242710e-01 3.39732900e+00 -5.56502441e-02 2.60112737e-01
6.95437536e-04 -2.16910665e-03 -1.96820610e-03 3.13523410e-03 9.56142003e-04 3.30419788e-03 -3.54298045e-03 1.87813766e-03 3.79477427e-03 9.13149247e-01 4.15923714e+00 7.20479564e-03 2.49218825e-01
1.18061316e-03 -2.09924945e-03 -1.30923336e-03 2.47904924e-03 1.10413810e-03 2.91978060e-03 -2.52892076e-03 6.68066618e-04 2.67714989e-03 7.72030802e-01 3.69984465e+00 -7.43093668e-03 2.66859728e-01
1.58729521e-03 -2.72589222e-03 -1.61407557e-03 2.96457405e-03 8.89039164e-04 2.97086155e-03 -3.07619590e-03 8.60730240e-05 3.15450151e-03 8.13802848e-01 3.70055856e+00 -2.17556006e-03 2.64723109e-01
7.35986735e-04 -1.13344971e-03 -1.42136531e-03 2.67416769e-03 1.48817244e-03 3.26473167e-03 -2.93337292e-03 2.02090146e-03 3.19646432e-03 8.70568981e-01 4.17205982e+00 2.11270299e-03 2.51768468e-01
1.90497165e-03 -2.88330096e-03 -1.49096297e-03 3.10229653e-03 7.03843590e-04 3.35092483e-03 -3.21007991e-03 -1.85504352e-04 3.27533004e-03 6.92954619e-01 3.71939192e+00 -1.25829671e-02 2.71378957e-01
8.10624472e-04 -8.25506235e-04 -1.08392262e-03 2.21353094e-03 1.47305436e-03 2.45432984e-03 -2.45149724e-03 1.63220641e-03 2.58772356e-03 9.23081794e-01 3.88806295e+00 -1.13815583e-02 2.43722940e-01
1.80627134e-03 -2.93269562e-03 -1.61362208e-03 3.20051536e-03 1.12060740e-03 3.94827926e-03 -3.24115949e-03 2.66800932e-04 3.40283043e-03 9.17281464e-01 3.85982639e+00 2.92821512e-02 2.73026466e-01
6.74875140e-04 -1.09262305e-03 -1.28317974e-03 2.45103252e-03 1.16781031e-03 2.45152255e-03 -2.75450985e-03 1.74873266e-03 2.87844539e-03 7.81366531e-01 4.01570513e+00 -2.58920602e-02 2.41764732e-01
6.53688637e-04 -6.95153428e-04 -1.07011479e-03 2.24365227e-03 1.25587753e-03 2.58996319e-03 -2.49480233e-03 1.78964544e-03 2.68554175e-03 7.81267312e-01 3.81764551e+00 -2.98171119e-02 2.44000440e-01
1.91842928e-03 -3.08469593e-03 -1.84221661e-03 3.52100043e-03 1.22317953e-03 3.86489432e-03 -3.48270920e-03 -3.16538025e-05 3.57996370e-03 9.16106527e-01 4.01284582e+00 3.30987543e-02 2.71086601e-01
9.45424425e-04 -1.92759500e-03 -1.17242446e-03 2.17618756e-03 6.35175351e-04 2.91312026e-03 -2.36605212e-03 8.33821547e-04 2.57765991e-03 6.19264397e-01 3.53966467e+00 -3.34829597e-02 2.71028047e-01
8.66096726e-04 -1.91780861e-03 -1.53448721e-03 2.46624698e-03 1.05447006e-03 2.28772989e-03 -2.74904026e-03 1.11343883e-03 2.84614558e-03 9.52545991e-01 3.69024589e+00 -1.53540419e-02 2.44432918e-01
9.54006601e-04 -8.75388163e-04 -1.17189000e-03 2.49791171e-03 1.74528907e-03 2.94928990e-03 -2.73425534e-03 1.88023850e-03 2.92466462e-03 1.00983052e+00 4.12695819e+00 3.17778025e-03 2.46615512e-01
1.00567530e-03 -1.56857790e-03 -8.47036665e-04 1.66911312e-03 3.68500949e-04 1.70223865e-03 -1.74204488e-03 -1.31173630e-04 1.76838468e-03 6.03358091e-01 2.72962557e+00 -6.46722693e-02 2.68511236e-01
1.53417834e-03 -5.17930581e-04 -7.36010255e-04 2.40070375e-03 2.20530609e-03 2.88625517e-03 -2.68588184e-03 1.81886047e-03 2.82069208e-03 8.02078703e-01 4.18221996e+00 -3.45348805e-02 2.39089876e-01
1.86767796e-03 -2.77306130e-03 -1.58592834e-03 3.16742011e-03 5.28424799e-04 3.22911654e-03 -3.18498160e-03 -6.13158072e-04 3.18951645e-03 8.98834348e-01 3.65247719e+00 4.26972302e-02 2.74799174e-01
1.06322785e-03 -6.81924417e-04 -1.04734709e-03 2.49524227e-03 1.82690942e-03 3.09890251e-03 -2.75857359e-03 1.98260090e-03 2.99005355e-03 1.03324026e+00 4.08739400e+00 6.97756965e-03 2.44814186e-01
1.11540119e-03 -1.73668515e-03 -1.02176931e-03 1.95226271e-03 5.11171760e-04 1.96381329e-03 -1.96730709e-03 -2.12543986e-04 1.98694366e-03 5.94642324e-01 2.96634642e+00 -5.59633516e-02 2.69898948e-01
1.37964147e-03 -5.80271933e-05 -3.21450604e-04 2.05486674e-03 1.84602632e-03 2.61463505e-03 -2.25273077e-03 1.71252255e-03 2.41679774e-03 8.35901307e-01 3.82919654e+00 -2.89837911e-02 2.37452103e-01
2.01868256e-03 -3.07384804e-03 -2.08025060e-03 3.99503693e-03 1.50941906e-03 4.48454735e-03 -3.64086235e-03 -4.01615782e-04 3.70144304e-03 8.52446317e-01 4.08895556e+00 3.54560765e-02 2.75711572e-01
8.67666778e-04 -1.78552701e-03 -1.69004212e-03 2.85278646e-03 1.49425930e-03 3.27470955e-03 -3.11634207e-03 1.76139841e-03 3.34090935e-03 9.13906186e-01 4.02898166e+00 -1.25672698e-02 2.49742905e-01
1.44785902e-03 -2.43492994e-03 -1.28206426e-03 2.60420018e-03 6.68071240e-04 2.80080470e-03 -2.79703992e-03 3.57862205e-04 2.90518621e-03 7.39046094e-01 3.74691274e+00 5.19849155e-03 2.66978663e-01
7.35475538e-04 -1.71103415e-03 -1.59012378e-03 2.75269704e-03 1.14345076e-03 2.90689313e-03 -3.03155081e-03 1.68251801e-03 3.21575838e-03 7.49831803e-01 4.03343671e+00 -1.79867153e-02 2.48953090e-01
1.27494330e-03 -2.28929611e-03 -1.34521906e-03 2.56546041e-03 9.47106368e-04 3.05034337e-03 -2.68584920e-03 6.28673603e-04 2.84812704e-03 8.88028450e-01 3.65424658e+00 9.65060630e-04 2.66981480e-01
4.87908567e-04 -1.19086081e-03 -1.33801785e-03 2.31474696e-03 9.71078781e-04 2.70083947e-03 -2.56992049e-03 1.67212625e-03 2.79405169e-03 8.53176390e-01 3.85000563e+00 -6.22725731e-03 2.53296083e-01
1.75171268e-03 -3.05933727e-03 -1.85354383e-03 3.40067492e-03 1.29689181e-03 3.63388406e-03 -3.49560463e-03 4.23573188e-04 3.62953680e-03 8.19369168e-01 3.99708614e+00 3.06131102e-03 2.63548444e-01
1.20758898e-03 -1.91213411e-03 -1.05379771e-03 2.08727207e-03 5.82776418e-04 2.27380011e-03 -2.13755740e-03 -2.75054006e-05 2.19434411e-03 6.10359404e-01 3.08078934e+00 -5.93309691e-02 2.69622547e-01
7.76474071e-04 -8.57580588e-04 -1.09379666e-03 2.26171332e-03 1.38802357e-03 2.56016175e-03 -2.50130268e-03 1.68536097e-03 2.66075892e-03 1.01023563e+00 3.88588756e+00 6.70761869e-03 2.45306603e-01
1.44250361e-03 -2.58102540e-03 -1.68101260e-03 2.85346443e-03 1.02408216e-03 2.58144904e-03 -2.96440137e-03 1.07368690e-04 3.00718350e-03 8.00926205e-01 3.70269292e+00 -8.19442851e-03 2.59333771e-01
6.66889620e-04 -1.17493671e-03 -1.50897370e-03 2.74872241e-03 1.39043709e-03 3.78112417e-03 -3.05104962e-03 2.20507190e-03 3.42904511e-03 8.85709661e-01 4.17227768e+00 8.50960637e-03 2.57613318e-01
9.29704118e-04 -2.02149878e-03 -1.61658191e-03 2.80114442e-03 1.28952372e-03 3.22932235e-03 -2.98280096e-03 1.43497919e-03 3.19723337e-03 9.76620106e-01 3.99694872e+00 2.46916937e-02 2.57409793e-01
9.92527720e-04 -2.18318626e-03 -1.45878539e-03 2.54656920e-03 7.62529840e-04 2.75444493e-03 -2.78671419e-03 9.31957154e-04 2.95536719e-03 7.09944778e-01 3.71100621e+00 -3.16654536e-02 2.59291350e-01
1.15432537e-03 -2.20349743e-03 -1.42664097e-03 2.67006929e-03 1.05629984e-03 3.00953750e-03 -2.81197290e-03 9.27923461e-04 2.97715693e-03 7.33693469e-01 3.80925313e+00 -2.37398138e-02 2.61340726e-01
8.64094127e-04 -1.98715964e-03 -1.60365912e-03 2.80410972e-03 1.11698579e-03 3.15997708e-03 -3.03686574e-03 1.50644650e-03 3.25249233e-03 9.53951289e-01 3.97056997e+00 2.01602126e-02 2.55278783e-01
1.03155583e-03 -2.20147920e-03 -1.54765866e-03 2.62692236e-03 9.84785404e-04 2.64481434e-03 -2.86153888e-03 9.65068505e-04 2.99832412e-03 9.57948130e-01 3.68516638e+00 -9.07028930e-03 2.52291340e-01
6.52954053e-04 -1.57179889e-03 -1.18408542e-03 2.00477225e-03 7.31747346e-04 2.47216119e-03 -2.17103074e-03 9.90986424e-04 2.36026687e-03 6.23385520e-01 3.46494713e+00 -4.18337465e-02 2.64296822e-01
1.34525616e-03 -2.25904627e-03 -1.27779239e-03 2.51100475e-03 8.61325518e-04 2.81891293e-03 -2.59031855e-03 3.32118846e-04 2.70078878e-03 6.45826310e-01 3.59472855e+00 -2.89538179e-02 2.68145601e-01
6.52322161e-04 -1.35228610e-03 -1.41559077e-03 2.51078926e-03 1.16964576e-03 2.80270649e-03 -2.77153407e-03 1.70945302e-03 2.96802316e-03 9.65013081e-01 3.84396444e+00 -4.43917410e-03 2.47579584e-01
5.53644632e-04 -8.12333663e-04 -1.08408778e-03 2.19220904e-03 1.08408104e-03 3.00686913e-03 -2.41193017e-03 1.80055545e-03 2.70543328e-03 1.00855160e+00 3.67018818e+00 8.10423196e-03 2.55622582e-01
1.11551199e-03 -1.83695967e-03 -1.19058823e-03 2.12360239e-03 9.27864039e-04 2.03752215e-03 -2.13582538e-03 9.57336299e-05 2.16647434e-03 6.13968306e-01 3.22299310e+00 -6.20557108e-02 2.60851555e-01
5.50524783e-04 -1.10741739e-03 -1.22505551e-03 2.21928044e-03 1.04076668e-03 2.58637146e-03 -2.44296658e-03 1.58660444e-03 2.64129082e-03 8.43477691e-01 3.61794350e+00 -2.74966810e-02 2.48760082e-01
1.95252030e-03 -3.26886102e-03 -1.90191196e-03 3.66638002e-03 1.31602446e-03 3.95293187e-03 -3.75107304e-03 3.84007841e-04 3.88541577e-03 8.31408709e-01 4.31796604e+00 3.00103991e-02 2.67327769e-01
7.18306814e-04 -1.56941983e-03 -1.56795002e-03 2.42288083e-03 1.15813149e-03 2.15367426e-03 -2.80228381e-03 1.43075818e-03 2.87868405e-03 8.15540176e-01 3.90573795e+00 -2.96645369e-02 2.38605884e-01
1.89033225e-03 -2.96697172e-03 -1.38284196e-03 3.07816948e-03 7.52242258e-04 4.13179431e-03 -3.30733396e-03 4.92530668e-04 3.51479554e-03 8.81555114e-01 3.98937974e+00 3.68361807e-02 2.75556825e-01
5.79833017e-04 -1.50842237e-03 -1.31428656e-03 2.13364450e-03 9.05703804e-04 2.63746588e-03 -2.31717634e-03 1.24628965e-03 2.53512375e-03 9.32971294e-01 3.60642444e+00 3.66812932e-04 2.61494354e-01
1.15611925e-03 -2.13706737e-03 -1.33049469e-03 2.49788097e-03 8.78999800e-04 2.50493420e-03 -2.67279756e-03 6.87970781e-04 2.77450649e-03 6.58756207e-01 3.54784678e+00 -4.78539957e-02 2.55114920e-01
7.88642780e-04 -3.24804534e-04 -6.40803480e-04 1.93401895e-03 1.28371514e-03 2.44913153e-03 -2.10307320e-03 1.62506711e-03 2.28887073e-03 6.81781694e-01 3.52699606e+00 -5.68432361e-02 2.43249457e-01
1.52189299e-03 -2.48994739e-03 -1.64253840e-03 2.98263182e-03 1.18249181e-03 3.20665712e-03 -2.84879626e-03 -1.17000815e-04 2.91486451e-03 9.51615179e-01 3.68731013e+00 2.27518480e-02 2.71472774e-01
6.80744621e-04 -1.71718924e-03 -1.41593223e-03 2.38710564e-03 8.47756164e-04 2.82935160e-03 -2.64330282e-03 1.36731816e-03 2.86556371e-03 6.63824741e-01 3.82303708e+00 -3.18055820e-02 2.59604921e-01
1.22047588e-03 -2.21990148e-03 -1.41769272e-03 2.62145613e-03 1.10959097e-03 2.80458566e-03 -2.75625876e-03 7.62755345e-04 2.88319919e-03 9.55061614e-01 3.63086557e+00 4.05344332e-04 2.57435631e-01
5.16583132e-04 -1.33512053e-03 -1.02782062e-03 1.69634982e-03 5.08869249e-04 1.78081641e-03 -1.89294323e-03 8.19050344e-04 2.01224175e-03 6.52818279e-01 2.98926616e+00 -7.59768669e-02 2.51363347e-01
1.11582616e-03 -2.29799411e-03 -1.60558459e-03 2.79982822e-03 1.22991896e-03 3.29328864e-03 -2.93042600e-03 1.06031333e-03 3.13516682e-03 1.04511568e+00 4.04194520e+00 4.39449248e-02 2.65053732e-01
7.54213094e-04 -1.23384682e-03 -1.24023139e-03 2.12844314e-03 1.30467145e-03 2.24873105e-03 -2.36397564e-03 1.32872441e-03 2.47361035e-03 9.35432599e-01 3.66759717e+00 -2.36200933e-02 2.44850307e-01
1.40220235e-03 -2.28010413e-03 -1.08320234e-03 2.29229603e-03 3.55633981e-04 2.60672115e-03 -2.51938324e-03 1.55131211e-04 2.62050835e-03 6.07829629e-01 3.39324583e+00 -3.64108557e-02 2.70457082e-01
9.22687771e-04 -5.44300419e-04 -9.07891909e-04 2.28457177e-03 1.61232269e-03 3.13030372e-03 -2.49489948e-03 1.90401875e-03 2.77449618e-03 9.26317167e-01 3.87204863e+00 -1.03715722e-02 2.50213288e-01
1.65746075e-03 -2.70605394e-03 -1.75012140e-03 3.14216840e-03 1.08252333e-03 2.99083208e-03 -3.12058707e-03 -2.04960644e-04 3.14810272e-03 6.98113178e-01 3.78128623e+00 -1.02433112e-02 2.65993686e-01
1.19609654e-03 -2.08745943e-03 -1.37960196e-03 2.46972996e-03 1.14024415e-03 2.32273496e-03 -2.59412436e-03 5.69349307e-04 2.65015574e-03 8.77732366e-01 3.62841195e+00 -1.03660756e-02 2.53755329e-01
6.37094797e-04 -1.97360311e-03 -1.79910508e-03 2.91263854e-03 9.16738504e-04 3.91931281e-03 -3.27279367e-03 1.95637100e-03 3.65499631e-03 7.57473307e-01 4.12786754e+00 -4.99450535e-03 2.63046729e-01
5.24675605e-04 -9.44586010e-04 -1.24286495e-03 2.35674427e-03 1.08675036e-03 2.87674551e-03 -2.60935303e-03 1.85284689e-03 2.85872557e-03 8.65908248e-01 3.74724777e+00 -2.37065559e-02 2.48842913e-01
1.78252244e-03 -3.01247183e-03 -1.89360981e-03 3.45053752e-03 1.37783526e-03 3.60259582e-03 -3.44757633e-03 1.89475175e-04 3.54600383e-03 7.90378892e-01 4.13984979e+00 2.00794868e-02 2.67218703e-01
1.17906109e-03 -2.23681665e-03 -1.39538206e-03 2.60598363e-03 1.03716310e-03 3.27428733e-03 -2.73070704e-03 8.80986035e-04 2.93665849e-03 9.78137253e-01 3.76497167e+00 2.84241146e-02 2.67915664e-01
6.92620437e-04 -1.78060614e-03 -1.49447072e-03 2.41716261e-03 8.46242293e-04 2.38416679e-03 -2.72331900e-03 1.28463356e-03 2.86882930e-03 6.90556774e-01 3.72954356e+00 -4.65185361e-02 2.47959118e-01
8.84612880e-04 -1.00640983e-03 -1.31445965e-03 2.66842373e-03 1.69382511e-03 3.21627692e-03 -2.91333081e-03 2.01931114e-03 3.14537952e-03 8.94095738e-01 4.10297163e+00 -1.23269979e-02 2.46751256e-01
1.66879350e-03 -2.68612853e-03 -1.50901302e-03 2.92978492e-03 7.46504466e-04 2.97523544e-03 -3.02419341e-03 -1.01853693e-04 3.08252291e-03 7.72815067e-01 3.72793623e+00 9.40752692e-03 2.69001023e-01
4.28827286e-04 -1.16646190e-03 -1.31886250e-03 2.21236631e-03 8.29582632e-04 2.53583618e-03 -2.50734210e-03 1.62297166e-03 2.72814364e-03 6.93432488e-01 3.73303934e+00 -3.42793214e-02 2.51273077e-01
1.50118672e-03 -2.64320518e-03 -1.63539547e-03 2.96498878e-03 1.20812541e-03 3.24197348e-03 -3.01716387e-03 3.96278973e-04 3.14346658e-03 9.43953829e-01 3.78221224e+00 9.87422837e-03 2.65118281e-01
1.11380685e-03 -2.23075241e-03 -1.27958919e-03 2.48894861e-03 5.33496787e-04 3.41917163e-03 -2.78463652e-03 1.01326886e-03 3.04117238e-03 7.82366658e-01 3.77293734e+00 5.51413651e-03 2.71624573e-01
1.11129259e-03 -2.29109377e-03 -1.84854666e-03 2.92102877e-03 1.45641121e-03 2.67744262e-03 -3.23108257e-03 1.24192006e-03 3.31927527e-03 8.94359936e-01 4.06313926e+00 -6.46278023e-03 2.44289387e-01
1.80154137e-03 -2.88414028e-03 -1.76725438e-03 3.31410767e-03 1.14348257e-03 3.42685706e-03 -3.28147211e-03 -1.32837422e-04 3.34218625e-03 8.95294012e-01 3.97143915e+00 3.85859524e-02 2.70118145e-01
8.09601566e-04 -7.77440131e-04 -1.11404825e-03 2.41128812e-03 1.43734517e-03 2.98385985e-03 -2.68714423e-03 1.92915783e-03 2.92897449e-03 8.02898575e-01 3.88434064e+00 -3.19860700e-02 2.45389190e-01
8.10846950e-04 -1.97342363e-03 -1.30677763e-03 2.41030932e-03 4.06159981e-04 3.08917116e-03 -2.73888079e-03 1.23712219e-03 2.99472361e-03 9.21792238e-01 3.78664261e+00 1.91086759e-02 2.66867132e-01
1.09638434e-03 -2.01255325e-03 -1.47355755e-03 2.46939051e-03 1.37991564e-03 2.52592278e-03 -2.60794172e-03 8.59500496e-04 2.70347871e-03 7.12420606e-01 3.60540802e+00 -4.40639201e-02 2.50514912e-01
4.97166395e-04 -1.31287407e-03 -1.38763615e-03 2.42374251e-03 8.69247717e-04 3.19758619e-03 -2.71302896e-03 1.80858135e-03 3.02091061e-03 8.57484493e-01 3.91544427e+00 -2.32439774e-03 2.60277602e-01
1.62179979e-03 -2.74052419e-03 -1.75116373e-03 3.14666588e-03 1.44140047e-03 3.09632519e-03 -3.22898122e-03 4.38968642e-04 3.30510421e-03 8.06964444e-01 3.88361816e+00 -3.69298999e-03 2.57084995e-01
1.25829607e-03 -2.40540165e-03 -1.67891590e-03 2.93651648e-03 1.23492646e-03 2.76356254e-03 -3.21716375e-03 1.06155310e-03 3.31337351e-03 8.55695771e-01 4.10670597e+00 4.58392510e-03 2.50810446e-01
8.35512861e-04 -2.05871032e-03 -1.53002728e-03 2.59523519e-03 8.85166776e-04 3.42551560e-03 -2.82670155e-03 1.33845785e-03 3.11131457e-03 8.29338190e-01 3.78118513e+00 -4.40503362e-03 2.65640337e-01
1.64292304e-03 -5.22736786e-04 -7.53340914e-04 2.54090961e-03 2.26058813e-03 2.70032481e-03 -2.88966247e-03 1.87590400e-03 2.93090570e-03 8.14546597e-01 4.37676574e+00 -2.21971507e-02 2.32920064e-01
1.86872318e-03 -2.53357371e-03 -1.29292650e-03 2.83950429e-03 4.52093722e-04 3.22719211e-03 -2.86149137e-03 -6.05386925e-04 2.87077468e-03 8.61026511e-01 3.44185665e+00 2.09877833e-02 2.78871922e-01
1.13279911e-03 -2.21985877e-03 -1.70730791e-03 2.86489680e-03 1.52577898e-03 3.07111731e-03 -3.05494583e-03 1.24261863e-03 3.21128374e-03 7.98786337e-01 3.90514489e+00 -3.28970732e-02 2.50829125e-01
1.07446981e-03 -2.33008555e-03 -1.41011689e-03 2.62849544e-03 5.18805409e-04 3.12168459e-03 -2.94032685e-03 1.00982640e-03 3.15962666e-03 9.00718371e-01 3.91845762e+00 3.96367652e-02 2.66555623e-01
1.49354800e-03 -2.11657266e-03 -9.60432041e-04 2.15331508e-03 3.92069064e-04 2.70051931e-03 -2.26967664e-03 -1.91881265e-04 2.33561683e-03 9.32059096e-01 3.17137238e+00 1.22199962e-02 2.78648278e-01
6.92089142e-04 -7.45623489e-04 -8.92627778e-04 1.69706942e-03 1.05500052e-03 1.58511791e-03 -1.99874482e-03 1.18049639e-03 2.03106670e-03 6.65379857e-01 3.44711277e+00 -7.47102395e-02 2.33123661e-01
6.93474428e-04 -5.18376863e-04 -7.65452928e-04 1.73508914e-03 1.17423847e-03 1.84017593e-03 -1.94344393e-03 1.31421023e-03 2.02269755e-03 6.71461802e-01 3.41973085e+00 -7.44866156e-02 2.36477921e-01
1.78130875e-03 -2.59622835e-03 -1.33352263e-03 2.80617455e-03 6.37384334e-04 3.23740911e-03 -2.85823332e-03 -3.03316304e-04 2.91691044e-03 1.01025240e+00 3.57303991e+00 4.44308104e-02 2.76523537e-01
2.18739002e-04 -1.05246282e-03 -1.30623650e-03 2.13656338e-03 4.82211154e-04 2.75900642e-03 -2.48177100e-03 1.74827267e-03 2.78216354e-03 6.95193442e-01 3.62841740e+00 -3.24472852e-02 2.57287668e-01
1.61895256e-03 -2.72970589e-03 -1.86771892e-03 3.25166608e-03 1.79468185e-03 3.36215057e-03 -3.21182415e-03 4.67033611e-04 3.30239894e-03 9.69300277e-01 3.99077949e+00 1.70674450e-02 2.60028821e-01
1.69173084e-03 -2.61327191e-03 -1.53471276e-03 2.99569204e-03 1.00470697e-03 3.33673362e-03 -2.94072094e-03 -1.54022248e-04 3.01059268e-03 6.52668002e-01 3.68457805e+00 -2.11459304e-02 2.72809565e-01
7.13067753e-04 -6.12513583e-04 -1.00058163e-03 2.16617814e-03 1.29057294e-03 2.46212729e-03 -2.44034665e-03 1.74376492e-03 2.61802768e-03 9.41235497e-01 3.78794309e+00 -1.34560548e-02 2.41362792e-01
7.81361414e-04 -1.25325757e-03 -1.54728984e-03 2.96711443e-03 1.48781233e-03 4.10359607e-03 -3.28672788e-03 2.37015975e-03 3.68419762e-03 8.26630324e-01 4.37478196e+00 4.69322751e-03 2.58444549e-01
1.39206368e-03 -2.30604322e-03 -1.45950202e-03 2.63068814e-03 1.06469496e-03 2.45103753e-03 -2.68551673e-03 1.27734329e-04 2.72039751e-03 8.49143316e-01 3.51166747e+00 -6.82187622e-03 2.58658099e-01
5.78541947e-04 -1.29810364e-03 -1.34824642e-03 2.35078813e-03 1.02466164e-03 2.80593841e-03 -2.61015275e-03 1.64082870e-03 2.83842917e-03 6.53556412e-01 3.87836253e+00 -3.90326736e-02 2.54709914e-01
1.21109946e-03 -2.15637750e-03 -1.31103156e-03 2.38631394e-03 8.77697670e-04 2.49668842e-03 -2.48010960e-03 3.34835736e-04 2.57385082e-03 9.25201649e-01 3.36894027e+00 -8.67137964e-03 2.62004826e-01
7.91100233e-04 -1.78219181e-03 -1.39976276e-03 2.39076757e-03 9.87434973e-04 2.58835167e-03 -2.58570110e-03 1.16497668e-03 2.74590759e-03 8.51327726e-01 3.53511686e+00 -2.65551386e-02 2.51499897e-01
1.40766114e-03 -2.85801145e-03 -1.83235085e-03 3.32573151e-03 1.15007627e-03 3.83988832e-03 -3.56008885e-03 1.15578708e-03 3.79759598e-03 8.21907991e-01 4.40600529e+00 2.87233606e-02 2.65513567e-01
1.25975208e-03 -2.19509024e-03 -1.22088225e-03 2.43091907e-03 7.77596023e-04 2.82506963e-03 -2.57851244e-03 5.49696370e-04 2.71877053e-03 6.52141130e-01 3.55196109e+00 -4.04295365e-02 2.66206678e-01
7.51949676e-04 -1.58770004e-03 -1.46758603e-03 2.54351668e-03 1.21444152e-03 2.74783513e-03 -2.77852665e-03 1.53211422e-03 2.94775620e-03 1.00027497e+00 3.89147349e+00 1.49959389e-02 2.49798461e-01
8.37664345e-04 -1.89516037e-03 -1.58774049e-03 2.61533119e-03 1.21901841e-03 2.91158825e-03 -2.84565207e-03 1.39056138e-03 3.03852951e-03 7.33138339e-01 4.05074269e+00 -1.61717586e-02 2.57012170e-01
1.21684139e-03 -2.46013547e-03 -1.52484043e-03 2.77149111e-03 8.13797721e-04 3.03061801e-03 -3.00206060e-03 8.23820182e-04 3.17326969e-03 9.28034769e-01 3.69645225e+00 5.46183085e-03 2.60071841e-01
1.00194711e-03 -1.88604757e-03 -1.13527937e-03 2.11513560e-03 7.44137547e-04 2.54238585e-03 -2.22266503e-03 5.56985140e-04 2.36759439e-03 9.18109679e-01 3.36180693e+00 1.18072695e-03 2.68069756e-01
8.62490562e-04 -1.40347178e-03 -8.00318211e-04 1.53819262e-03 5.35968582e-04 1.74397850e-03 -1.56244593e-03 7.15998169e-05 1.61927912e-03 5.89911655e-01 2.76888143e+00 -6.61776108e-02 2.70041020e-01
6.27874634e-04 -1.12035975e-03 -1.35012005e-03 2.44440861e-03 1.15288185e-03 2.70378921e-03 -2.76736165e-03 1.80877569e-03 2.96579950e-03 1.00255891e+00 3.87364075e+00 -6.28700164e-03 2.44242789e-01
6.84547997e-04 -1.29801667e-03 -1.45987704e-03 2.58807525e-03 1.29154457e-03 3.09974114e-03 -2.87825902e-03 1.87141010e-03 3.12655981e-03 8.02176787e-01 3.94050857e+00 -1.56616599e-02 2.49662218e-01
1.51305211e-03 -2.63091691e-03 -1.55523204e-03 2.86206267e-03 8.91576084e-04 2.94025809e-03 -2.97852306e-03 1.87151566e-04 3.07035176e-03 8.60555761e-01 3.80607920e+00 9.05716791e-03 2.66541843e-01
1.32339467e-03 -2.41388703e-03 -1.52805865e-03 2.77089095e-03 1.13969925e-03 2.89321453e-03 -2.92337620e-03 6.96977068e-04 3.04534166e-03 8.09418524e-01 3.74177340e+00 -1.63828730e-02 2.57789467e-01
7.24454314e-04 -1.90991868e-03 -1.67837119e-03 2.81336352e-03 1.01455098e-03 3.39512628e-03 -3.12064986e-03 1.73386867e-03 3.40090074e-03 8.80566170e-01 4.14192086e+00 1.80901154e-02 2.59248961e-01
7.29822922e-04 -8.74755856e-04 -1.25879174e-03 2.58090783e-03 1.42236094e-03 3.68694230e-03 -2.85251367e-03 2.16908347e-03 3.22702047e-03 8.37886680e-01 4.06508501e+00 -2.64177732e-03 2.57090902e-01
1.51073821e-03 -2.69846600e-03 -1.83632631e-03 3.05129094e-03 1.18246807e-03 2.74816595e-03 -3.10946033e-03 3.31025999e-05 3.14640192e-03 8.44097723e-01 3.79653699e+00 2.02235913e-03 2.59949755e-01
1.39913565e-03 -2.06693325e-03 -1.33567903e-03 2.64079477e-03 7.93972288e-04 2.88951699e-03 -2.46033507e-03 -3.84404072e-04 2.48050194e-03 6.05096005e-01 3.26873439e+00 -3.89771182e-02 2.75472250e-01
1.40452552e-03 -1.11169618e-04 -3.58348892e-04 1.98667539e-03 1.91197559e-03 2.46646938e-03 -2.19443925e-03 1.60670815e-03 2.33015778e-03 9.59050359e-01 3.85231010e+00 -1.64651517e-02 2.37247304e-01
5.47707010e-04 -1.28856674e-03 -1.11546594e-03 1.92458751e-03 8.11984628e-04 2.39464149e-03 -2.09096823e-03 1.16825662e-03 2.28270473e-03 6.36428476e-01 3.41681430e+00 -5.15309256e-02 2.59957973e-01
1.23736944e-03 -2.41717483e-03 -1.55586320e-03 2.74427933e-03 9.80634793e-04 2.75172287e-03 -2.94140076e-03 7.08808836e-04 3.06270135e-03 9.81063395e-01 3.73227713e+00 7.28722409e-03 2.56707833e-01
9.07776543e-04 -2.05097749e-03 -1.68675021e-03 2.66778451e-03 1.14283606e-03 2.45528017e-03 -2.98496367e-03 1.22594875e-03 3.08515712e-03 6.95345063e-01 3.99944493e+00 -3.63158761e-02 2.47035071e-01
9.56932877e-04 -2.01904342e-03 -1.26885106e-03 2.31459809e-03 6.90436942e-04 3.06645438e-03 -2.51602212e-03 9.32793477e-04 2.74491623e-03 9.42047298e-01 3.51603600e+00 1.15678212e-02 2.68900876e-01
1.52819765e-03 -2.47788067e-03 -1.48892337e-03 2.78684086e-03 9.67281676e-04 2.82373716e-03 -2.81287795e-03 -1.60840261e-05 2.86851349e-03 7.39490448e-01 3.66092639e+00 -8.24399347e-03 2.67169370e-01
8.52523374e-04 -9.68016205e-04 -1.30942374e-03 2.77646113e-03 1.60907636e-03 3.49285888e-03 -3.03444943e-03 2.19131640e-03 3.31999049e-03 9.34216821e-01 4.14623433e+00 3.55746606e-03 2.48788804e-01
8.33006469e-04 -1.96161356e-03 -1.33508884e-03 2.45369238e-03 5.58995919e-04 2.94265442e-03 -2.74212954e-03 1.21167047e-03 2.96593587e-03 6.68940199e-01 3.71851337e+00 -3.24186132e-02 2.62045777e-01
1.05222084e-03 -2.00958456e-03 -1.50448237e-03 2.59575636e-03 1.39322964e-03 2.78455807e-03 -2.70832098e-03 1.03155545e-03 2.84080688e-03 9.69098774e-01 3.77719139e+00 6.99191174e-03 2.54859935e-01
5.63746546e-04 -1.42736484e-03 -1.66847393e-03 2.72605511e-03 1.14379835e-03 2.86791868e-03 -3.09993877e-03 1.93583644e-03 3.30923787e-03 9.20256913e-01 4.10939129e+00 -8.31538638e-05 2.45265159e-01
1.52717046e-03 -2.53087196e-03 -1.41280809e-03 2.75720664e-03 9.58713217e-04 3.20550323e-03 -2.83344577e-03 2.85943231e-04 2.96211663e-03 7.46135257e-01 3.69717133e+00 -6.67722866e-03 2.70020834e-01
1.10180859e-03 -1.73729152e-03 -7.80142014e-04 1.74139297e-03 3.22063136e-04 2.29950749e-03 -1.92224747e-03 2.54300340e-04 2.03631392e-03 5.97462060e-01 3.00579319e+00 -4.65678326e-02 2.74267671e-01
9.32360715e-04 -1.54058704e-03 -1.42869229e-03 2.44418239e-03 1.40492105e-03 2.27007392e-03 -2.76052200e-03 1.38504489e-03 2.81422843e-03 9.51647238e-01 3.93748223e+00 -1.98788047e-02 2.39778026e-01
6.87249378e-04 -1.47963295e-03 -1.42560643e-03 2.43640232e-03 1.07896440e-03 2.53297389e-03 -2.73147750e-03 1.53089197e-03 2.88375623e-03 8.36046462e-01 3.78869710e+00 -2.72356114e-02 2.45112071e-01
1.70552801e-03 -2.98340168e-03 -1.67360046e-03 3.25629828e-03 1.06383053e-03 3.88947988e-03 -3.40205993e-03 5.89160580e-04 3.59427506e-03 8.48784432e-01 4.13522714e+00 3.20161259e-02 2.70394372e-01
5.34039707e-04 -7.28799568e-04 -1.04678211e-03 1.94052656e-03 1.02282557e-03 2.01286226e-03 -2.22391908e-03 1.48613506e-03 2.34995466e-03 9.31403019e-01 3.64734555e+00 -2.10974704e-02 2.41248941e-01
1.25024915e-03 -1.93368119e-03 -1.06931135e-03 2.14328015e-03 6.76919935e-04 2.50695076e-03 -2.14706222e-03 -3.00745965e-05 2.21647004e-03 6.08016206e-01 3.09412490e+00 -5.46755843e-02 2.72649828e-01
1.38166856e-03 -2.29813558e-03 -1.40596585e-03 2.64419986e-03 1.15032800e-03 2.78853119e-03 -2.67947993e-03 3.57811439e-04 2.76720240e-03 6.59366426e-01 3.66081554e+00 -3.77520880e-02 2.63413521e-01
4.13678424e-04 -1.30277495e-03 -1.48990494e-03 2.42146763e-03 8.69741668e-04 2.90178743e-03 -2.74044955e-03 1.79288179e-03 3.01189497e-03 9.86350532e-01 3.80510520e+00 1.19254750e-02 2.52943586e-01
1.42087971e-03 -2.36206631e-03 -1.23101469e-03 2.52235391e-03 7.66562018e-04 3.18762893e-03 -2.65579674e-03 4.28720279e-04 2.81619885e-03 7.95316399e-01 3.49425032e+00 -8.19970147e-03 2.71320269e-01
9.56320194e-04 -1.78518723e-03 -1.71889376e-03 2.98707190e-03 1.46092967e-03 2.86793273e-03 -3.36900099e-03 1.82085192e-03 3.48589982e-03 8.90541186e-01 4.41944193e+00 8.04835850e-03 2.44055770e-01
1.23391783e-03 -2.40668957e-03 -1.79371259e-03 3.02779008e-03 1.44401038e-03 2.95989201e-03 -3.30228226e-03 1.22731751e-03 3.42092531e-03 9.68968634e-01 4.02921827e+00 1.81844387e-03 2.47287957e-01
8.49472535e-04 -1.91088134e-03 -1.23029097e-03 2.20509721e-03 5.52956061e-04 2.85663856e-03 -2.43779738e-03 9.42222912e-04 2.65706373e-03 6.78023231e-01 3.59951375e+00 -1.88526333e-02 2.69127911e-01
1.09648815e-03 -2.30845817e-03 -1.61275936e-03 2.89957266e-03 1.05945935e-03 3.12782111e-03 -3.12430507e-03 1.20282306e-03 3.30717224e-03 9.78808969e-01 3.86428722e+00 6.62535003e-03 2.54910926e-01
7.69089981e-04 -1.72497797e-03 -1.26922579e-03 2.15848421e-03 8.69044500e-04 2.50070428e-03 -2.31925937e-03 9.67312588e-04 2.48889255e-03 6.55547002e-01 3.58604720e+00 -3.51642717e-02 2.61906983e-01
5.15029377e-04 -1.45184567e-03 -1.41064989e-03 2.23814248e-03 8.29164004e-04 2.25317227e-03 -2.53649306e-03 1.38807652e-03 2.68873020e-03 9.28266592e-01 3.72128433e+00 -1.58381817e-02 2.48142281e-01
9.07229739e-04 -1.65137700e-03 -9.83782998e-04 1.84749757e-03 6.82954094e-04 2.24804269e-03 -1.92362132e-03 4.40838572e-04 2.04472526e-03 6.21109982e-01 3.04984022e+00 -5.72911015e-02 2.67256789e-01
6.49784962e-04 -9.48282473e-04 -1.23959029e-03 2.34176670e-03 1.32533974e-03 2.94766453e-03 -2.57817207e-03 1.81207088e-03 2.82988739e-03 8.18487989e-01 3.78123374e+00 -2.78495893e-02 2.49654596e-01
1.82032482e-03 -3.11143468e-03 -1.88986802e-03 3.42493068e-03 1.01720520e-03 3.33814939e-03 -3.52783206e-03 -1.76904322e-05 3.59673247e-03 8.76050933e-01 4.09552231e+00 3.39033577e-02 2.66676973e-01
7.08873691e-04 -1.42087474e-03 -1.41823245e-03 2.49416703e-03 1.21833743e-03 2.72754363e-03 -2.74788022e-03 1.62137518e-03 2.92305097e-03 8.98772675e-01 3.80504948e+00 -9.95010515e-03 2.46366706e-01
1.71766307e-03 -2.80837751e-03 -1.49981059e-03 3.07427240e-03 9.65546844e-04 3.51686758e-03 -3.20696855e-03 4.07582817e-04 3.34824970e-03 7.71092470e-01 4.01662626e+00 7.55290498e-03 2.69473118e-01
1.35949026e-03 -2.58382958e-03 -1.86814596e-03 3.03848807e-03 1.58570380e-03 2.97193579e-03 -3.19087232e-03 8.18578712e-04 3.28991871e-03 7.58428091e-01 4.03995862e+00 -2.44625753e-02 2.53744236e-01
4.94701095e-04 -1.70311907e-03 -1.44756586e-03 2.36127011e-03 4.47526781e-04 3.09158510e-03 -2.72542273e-03 1.54984151e-03 3.03066339e-03 9.21161618e-01 3.72055845e+00 1.97440702e-02 2.63432148e-01
1.08592472e-03 -2.03416450e-03 -1.44772042e-03 2.41254410e-03 1.10961973e-03 2.12721349e-03 -2.66715312e-03 7.90096769e-04 2.71361852e-03 6.89767249e-01 3.68613827e+00 -4.52894518e-02 2.46192898e-01
7.99820676e-04 -1.98976397e-03 -1.43049522e-03 2.45745774e-03 6.88787919e-04 3.48140377e-03 -2.73989327e-03 1.34428106e-03 3.05032513e-03 9.62338441e-01 3.76351032e+00 2.21350288e-02 2.69833287e-01
6.85875773e-04 -1.48947397e-03 -1.10286380e-03 1.87132039e-03 7.49818100e-04 2.00686169e-03 -2.04496325e-03 8.31543469e-04 2.16378400e-03 6.18788009e-01 3.36365379e+00 -6.14252669e-02 2.57096707e-01
1.05774384e-03 -2.17117308e-03 -1.45954872e-03 2.64267397e-03 9.82544684e-04 3.08428015e-03 -2.83999341e-03 1.07637754e-03 3.03857826e-03 1.03888104e+00 3.68968556e+00 2.07221691e-02 2.59675749e-01
7.03376766e-04 -1.35195077e-03 -9.25636083e-04 1.69256216e-03 7.60843886e-04 1.97436525e-03 -1.77480942e-03 6.69222003e-04 1.88896391e-03 6.27037441e-01 3.04082987e+00 -6.51350137e-02 2.60164070e-01
7.02615269e-04 -1.82478442e-03 -1.42395997e-03 2.36820812e-03 7.43151010e-04 2.56813172e-03 -2.62216290e-03 1.18201907e-03 2.80293584e-03 9.51254205e-01 3.66095824e+00 -4.64129920e-03 2.56010409e-01
1.16275854e-03 -2.44117692e-03 -1.49259201e-03 2.78556196e-03 6.69252444e-04 3.36463384e-03 -3.08922331e-03 1.07765880e-03 3.32194959e-03 7.79771740e-01 3.97237796e+00 4.39508578e-03 2.65921760e-01
9.40660515e-04 -2.05517736e-03 -1.66525040e-03 2.68851772e-03 1.31078876e-03 2.79854784e-03 -2.90751695e-03 1.23913157e-03 3.05858293e-03 8.92937732e-01 3.85758948e+00 -6.96445033e-03 2.50897914e-01
7.81364413e-04 -1.63071536e-03 -1.41235353e-03 2.44552423e-03 1.22930493e-03 2.81289630e-03 -2.62316066e-03 1.39002804e-03 2.81022112e-03 9.67341420e-01 3.82028783e+00 -5.00955807e-03 2.55226650e-01
7.34257659e-04 -1.33660071e-03 -7.70638015e-04 1.50035460e-03 4.48183681e-04 1.64401130e-03 -1.62419759e-03 4.04747078e-04 1.70416727e-03 6.17053523e-01 2.79283901e+00 -6.90901357e-02 2.60865405e-01
3.74650571e-04 -9.51328797e-04 -9.82828306e-04 1.68683634e-03 6.02834711e-04 1.85928211e-03 -1.91378856e-03 1.16872735e-03 2.05526083e-03 6.47798801e-01 3.15803101e+00 -7.20590748e-02 2.47396922e-01
1.20626979e-03 -2.13900987e-03 -1.32478226e-03 2.43165660e-03 1.02620506e-03 2.79430966e-03 -2.46250351e-03 4.23339392e-04 2.58771187e-03 9.60640277e-01 3.54400497e+00 1.06796566e-02 2.67989953e-01
1.74228617e-03 -2.68877008e-03 -1.42107492e-03 2.93404020e-03 8.99065244e-04 3.40582019e-03 -2.98782186e-03 5.66797234e-05 3.09308352e-03 8.98966169e-01 3.65661498e+00 9.83784412e-03 2.71832366e-01
6.31236920e-04 -1.10345648e-03 -1.41836236e-03 2.45031553e-03 1.24059853e-03 2.52847637e-03 -2.80135163e-03 1.79673542e-03 2.96059673e-03 7.58150614e-01 4.06426571e+00 -2.11179996e-02 2.43202089e-01
1.10098538e-03 -2.06159325e-03 -1.51093926e-03 2.42304447e-03 1.20874402e-03 2.07202636e-03 -2.67338566e-03 7.47750317e-04 2.70422334e-03 7.04343260e-01 3.63250747e+00 -4.95420183e-02 2.43080672e-01
8.02668605e-04 -2.01339840e-03 -1.37718874e-03 2.37479459e-03 4.71087823e-04 3.52845088e-03 -2.72914963e-03 1.31725270e-03 3.05516133e-03 9.53245911e-01 3.78757121e+00 2.96223051e-02 2.72897098e-01
1.26004821e-03 -2.11143974e-03 -1.42197279e-03 2.43595896e-03 1.24391441e-03 2.15364894e-03 -2.57400107e-03 4.36492045e-04 2.59380503e-03 9.10942305e-01 3.57509221e+00 -8.82562989e-03 2.50150902e-01
5.83257454e-04 -1.71787356e-03 -1.61165781e-03 2.73310371e-03 7.71579039e-04 4.02872893e-03 -3.11173821e-03 2.01610536e-03 3.52917949e-03 7.10203893e-01 4.06728187e+00 -1.37449725e-02 2.66749044e-01
1.55375972e-03 -2.48771533e-03 -1.30098273e-03 2.65088005e-03 7.05348025e-04 2.84629195e-03 -2.79152658e-03 1.30583686e-04 2.87862719e-03 8.89477869e-01 3.53845031e+00 -2.44811009e-03 2.67268604e-01
6.62064368e-04 -1.27490263e-03 -1.46492659e-03 2.45574378e-03 1.32330918e-03 2.73803386e-03 -2.74582898e-03 1.71848145e-03 2.94018334e-03 7.23403642e-01 4.00231246e+00 -2.44573406e-02 2.48699801e-01
1.54680401e-03 -2.28115503e-03 -9.53774777e-04 2.23417168e-03 3.44432625e-04 2.99176033e-03 -2.45862976e-03 1.11246382e-04 2.58179617e-03 9.08086792e-01 3.37499987e+00 2.04772565e-02 2.77765818e-01
8.67695447e-04 -1.55706150e-03 -1.64624850e-03 2.61485076e-03 1.43999020e-03 2.28769428e-03 -3.04094511e-03 1.59781882e-03 3.08621724e-03 7.29564996e-01 4.12313828e+00 -4.13392866e-02 2.35300853e-01
1.69480306e-03 -2.83977143e-03 -1.67144525e-03 3.22085462e-03 1.22959527e-03 3.38380057e-03 -3.31469738e-03 4.48378939e-04 3.42631400e-03 8.91866299e-01 4.04944042e+00 2.26286778e-02 2.64135647e-01
5.63433585e-04 -1.35897082e-03 -1.42958517e-03 2.40955264e-03 1.02702929e-03 2.87536851e-03 -2.69502066e-03 1.68773884e-03 2.93689369e-03 7.97689404e-01 3.79625781e+00 -2.14053746e-02 2.52379015e-01
1.73348732e-03 -2.72778359e-03 -1.55892980e-03 3.06996224e-03 1.03409503e-03 3.52753351e-03 -3.04758738e-03 -1.67258822e-05 3.14693565e-03 7.92893238e-01 3.78746224e+00 1.07147282e-02 2.73209835e-01
6.89080088e-04 -9.46599814e-04 -1.35678488e-03 2.57890725e-03 1.32726598e-03 2.78064481e-03 -2.93296044e-03 2.00876144e-03 3.12873612e-03 8.81621488e-01 4.08171960e+00 -1.16182475e-02 2.41085130e-01
1.67683443e-03 -2.74914605e-03 -1.85087457e-03 3.35797344e-03 1.48386563e-03 3.66308164e-03 -3.16922067e-03 -2.14466874e-05 3.25393277e-03 1.03450850e+00 3.85775314e+00 4.01671052e-02 2.70191540e-01
5.48829944e-04 -3.16601006e-04 -6.30027708e-04 1.61437117e-03 9.37429173e-04 2.02480466e-03 -1.79924493e-03 1.38792481e-03 1.97567248e-03 6.54155476e-01 3.27617683e+00 -6.89059962e-02 2.45051388e-01
4.96346757e-04 -1.14305617e-03 -1.17541672e-03 1.85616978e-03 8.97124074e-04 1.90295655e-03 -2.09472042e-03 1.17017030e-03 2.20855056e-03 6.60187492e-01 3.37638778e+00 -6.46886418e-02 2.44901437e-01
1.33675663e-03 -2.20339350e-03 -1.12970674e-03 2.37110709e-03 6.36434300e-04 2.81709455e-03 -2.51060179e-03 3.57277041e-04 2.63813643e-03 9.35001486e-01 3.47661422e+00 8.57087899e-03 2.70334510e-01
4.78683501e-04 -7.24760952e-04 -1.04745108e-03 1.94999345e-03 9.41962348e-04 1.99815286e-03 -2.22515786e-03 1.50068952e-03 2.34860627e-03 6.69386776e-01 3.61253379e+00 -5.48640571e-02 2.40423160e-01
1.65303572e-03 -2.64718226e-03 -1.50380523e-03 2.93640514e-03 1.00827310e-03 3.51306396e-03 -2.92521918e-03 5.46916357e-05 3.04339550e-03 9.74598316e-01 3.65125919e+00 2.25264847e-02 2.73820157e-01
7.21584999e-04 -1.78686697e-03 -1.47095649e-03 2.39465977e-03 8.58282634e-04 2.30857038e-03 -2.67712965e-03 1.19188734e-03 2.80162760e-03 6.74846309e-01 3.81936808e+00 -4.06191100e-02 2.50433910e-01
1.17762763e-03 -2.27780009e-03 -1.44953195e-03 2.69868111e-03 1.07530167e-03 3.43955586e-03 -2.83572559e-03 9.98524838e-04 3.06222388e-03 9.94890589e-01 3.71712157e+00 2.26919752e-02 2.66041124e-01
1.44804588e-03 -2.43711350e-03 -1.58621459e-03 2.82480406e-03 1.00464640e-03 2.90267362e-03 -2.77387332e-03 -1.15182833e-04 2.83003490e-03 6.78889569e-01 3.57200205e+00 -2.34120534e-02 2.68841462e-01
9.69264650e-04 -6.07697686e-04 -9.83769454e-04 2.47384973e-03 1.61032499e-03 3.15661463e-03 -2.74419175e-03 2.03805670e-03 3.00395419e-03 9.64944291e-01 4.04796820e+00 3.63088110e-03 2.46607303e-01
8.57951273e-04 -1.69315721e-03 -1.02998920e-03 1.92440342e-03 6.33476772e-04 2.62281896e-03 -2.07288176e-03 7.36467879e-04 2.26096168e-03 6.23626338e-01 3.21004031e+00 -6.21520395e-02 2.69706701e-01
9.00820220e-04 -1.82122570e-03 -1.46814693e-03 2.52008059e-03 1.11377842e-03 2.29706218e-03 -2.78759393e-03 1.20032863e-03 2.86470670e-03 1.03582033e+00 3.87946791e+00 2.22206960e-02 2.45400165e-01
1.67187720e-03 -2.69161107e-03 -1.46926431e-03 2.90750805e-03 8.82292866e-04 3.20367490e-03 -3.00233917e-03 1.06551111e-04 3.10193632e-03 1.01810343e+00 3.64217640e+00 2.51078147e-02 2.68644091e-01
3.91832607e-04 -7.43708765e-04 -9.09529805e-04 1.54697680e-03 7.83403974e-04 1.69313284e-03 -1.75104127e-03 1.12447618e-03 1.87150408e-03 6.38402840e-01 3.22546936e+00 -7.12931433e-02 2.47085659e-01
1.31047719e-03 -2.12966258e-03 -1.27955788e-03 2.41944471e-03 8.79402839e-04 2.55952215e-03 -2.42150154e-03 4.79632911e-05 2.48427518e-03 6.28877358e-01 3.30693360e+00 -5.39031832e-02 2.66520129e-01
6.45532599e-04 -7.90611336e-04 -1.05271232e-03 2.16175428e-03 1.18473869e-03 2.60868309e-03 -2.39887234e-03 1.68924058e-03 2.60581393e-03 9.88653076e-01 3.78422435e+00 7.09527867e-03 2.49347310e-01
6.73671868e-04 -1.88960255e-03 -1.43433026e-03 2.42507094e-03 5.42877282e-04 2.93005529e-03 -2.74791911e-03 1.34135169e-03 2.99752061e-03 7.83047315e-01 3.85669829e+00 2.44370881e-03 2.63148416e-01
1.34827565e-03 -2.62827911e-03 -1.86367287e-03 3.14770220e-03 1.55441797e-03 3.32448140e-03 -3.29055126e-03 1.00326950e-03 3.44488579e-03 8.96039374e-01 3.97359191e+00 -3.25045518e-03 2.54554787e-01
1.77564843e-03 -2.66978899e-03 -1.26848581e-03 2.72777604e-03 4.70903156e-04 3.05111209e-03 -2.91347153e-03 -1.44886053e-04 2.98576018e-03 7.05293382e-01 3.62215834e+00 1.28421712e-03 2.73362499e-01
8.66831216e-04 -1.16926205e-03 -1.41892658e-03 2.57819364e-03 1.61973594e-03 2.72905567e-03 -2.88655446e-03 1.80826829e-03 3.02553866e-03 9.19186600e-01 4.08103828e+00 -1.76182298e-02 2.41251207e-01
1.57320893e-03 -2.74283691e-03 -1.56920121e-03 2.93419485e-03 8.10641254e-04 2.96728687e-03 -3.10720270e-03 2.22581107e-04 3.20164899e-03 7.04977200e-01 3.82626428e+00 -1.01873160e-02 2.65011452e-01
6.14706970e-04 -1.24511196e-03 -1.40909417e-03 2.41619880e-03 1.26213800e-03 2.89428323e-03 -2.65648976e-03 1.71648162e-03 2.88842053e-03 9.23889243e-01 3.84039593e+00 -9.07158742e-03 2.51352981e-01
1.39253750e-03 -2.41363638e-03 -1.29857957e-03 2.66235157e-03 8.36536421e-04 3.49550267e-03 -2.82291340e-03 7.14527518e-04 3.02992580e-03 9.99409552e-01 3.68010813e+00 2.95187816e-02 2.71302744e-01
6.18149379e-04 -1.48600764e-03 -1.37397303e-03 2.13187541e-03 9.16458190e-04 1.95823576e-03 -2.43181753e-03 1.18163871e-03 2.52045474e-03 6.67463039e-01 3.66216321e+00 -5.46341137e-02 2.44066846e-01
6.31017198e-04 -1.50649483e-03 -1.42074871e-03 2.32430004e-03 1.00270531e-03 2.45500069e-03 -2.60340254e-03 1.42159371e-03 2.76630788e-03 8.57970888e-01 3.69007789e+00 -2.13867801e-02 2.47503140e-01
1.72148643e-03 -3.04126532e-03 -1.71609654e-03 3.33445412e-03 1.09150189e-03 3.90495842e-03 -3.51476053e-03 6.90791372e-04 3.71107241e-03 8.12664148e-01 4.20523571e+00 2.11193913e-02 2.68447093e-01
1.08312752e-03 -2.28536765e-03 -1.70127704e-03 2.83276309e-03 1.31947459e-03 3.04925376e-03 -3.01327682e-03 1.12702867e-03 3.18271541e-03 9.50866188e-01 3.94922046e+00 6.89496941e-03 2.56356692e-01
7.18644851e-04 -1.88064131e-03 -1.39151334e-03 2.36353291e-03 6.19682873e-04 2.74775108e-03 -2.63000085e-03 1.17632020e-03 2.84315126e-03 6.93554854e-01 3.65165588e+00 -2.71324662e-02 2.60470126e-01
4.25583261e-04 -1.35272315e-03 -1.23322658e-03 1.98259270e-03 6.07484847e-04 2.43747245e-03 -2.22863566e-03 1.27663439e-03 2.45050630e-03 6.55907255e-01 3.38611444e+00 -5.31198016e-02 2.58151228e-01
1.36910372e-03 -2.40843761e-03 -1.56289562e-03 2.87892348e-03 1.33342418e-03 2.96769263e-03 -2.97804512e-03 7.39659550e-04 3.08845513e-03 9.95408169e-01 3.91488636e+00 2.17121512e-02 2.58540535e-01
1.48752984e-03 -2.54551141e-03 -1.46333353e-03 2.87852592e-03 1.06635425e-03 3.32451512e-03 -2.96597505e-03 5.50239251e-04 3.11781907e-03 9.44728024e-01 3.71432104e+00 9.74586793e-03 2.65799770e-01
6.39877575e-04 -1.38244197e-03 -1.34650838e-03 2.36359236e-03 1.04452519e-03 2.55556871e-03 -2.61511079e-03 1.52288633e-03 2.78244055e-03 7.00727894e-01 3.87490160e+00 -2.99896359e-02 2.50692084e-01
9.16767828e-04 -1.35371137e-03 -1.49882072e-03 2.63986128e-03 1.49041376e-03 2.29566578e-03 -3.04341609e-03 1.70314946e-03 3.06900777e-03 7.77782518e-01 4.19725894e+00 -3.09228193e-02 2.33625711e-01
1.82643876e-03 -2.61779916e-03 -1.10748476e-03 2.59270620e-03 5.07049189e-04 3.50894591e-03 -2.79607484e-03 4.10673849e-05 2.92726097e-03 9.02727577e-01 3.57410711e+00 2.88073668e-02 2.78875052e-01
6.11294741e-04 -1.22799075e-03 -1.30633179e-03 2.31918545e-03 1.17457184e-03 2.81522127e-03 -2.52536848e-03 1.61750777e-03 2.74871873e-03 9.35175950e-01 3.70871051e+00 -9.22818824e-03 2.52251920e-01
1.50465300e-03 -2.68419014e-03 -1.58094551e-03 2.90549444e-03 8.73783889e-04 2.94345462e-03 -3.07322621e-03 3.18390010e-04 3.17403420e-03 6.78268553e-01 3.85638348e+00 -1.75801248e-02 2.64208443e-01
1.02267348e-03 -1.96246167e-03 -1.31494205e-03 2.32322285e-03 1.01090883e-03 2.51451619e-03 -2.46291000e-03 7.61857069e-04 2.58869168e-03 6.50721335e-01 3.51505741e+00 -5.16618138e-02 2.57788169e-01
6.56579779e-04 -1.59255598e-03 -1.26594339e-03 2.23941997e-03 7.71655183e-04 2.63839878e-03 -2.44699688e-03 1.25347309e-03 2.64844093e-03 9.50683075e-01 3.60446529e+00 4.08459750e-03 2.58849985e-01
6.74675548e-04 -7.15782393e-04 -1.16763705e-03 2.58380223e-03 1.20827953e-03 3.40312882e-03 -2.91047253e-03 2.23079971e-03 3.24441586e-03 7.44697892e-01 4.07260272e+00 -2.28235088e-02 2.51073697e-01
1.41383322e-03 -2.37564804e-03 -1.64030033e-03 2.88034815e-03 1.41686761e-03 3.01014945e-03 -2.75713392e-03 1.25821418e-04 2.82717935e-03 9.14173666e-01 3.64552672e+00 1.09799892e-02 2.65434068e-01
1.74124103e-03 -2.87485049e-03 -1.60564049e-03 3.10049362e-03 9.30485849e-04 3.17387113e-03 -3.25042335e-03 1.68516031e-04 3.33829949e-03 8.12221166e-01 4.03420280e+00 2.00615462e-02 2.67147932e-01
6.88923582e-04 -1.31528029e-03 -1.42097557e-03 2.54652034e-03 1.32209965e-03 3.06449542e-03 -2.77720015e-03 1.78585071e-03 3.01294973e-03 8.67043727e-01 3.81787257e+00 -1.78855710e-02 2.49462975e-01
1.14976401e-03 -2.35655343e-03 -1.38965636e-03 2.59237590e-03 6.36575288e-04 3.69524418e-03 -2.87430721e-03 1.03943236e-03 3.15963857e-03 8.97030717e-01 3.91645546e+00 2.72754493e-02 2.74242762e-01
1.08236461e-03 -2.07178222e-03 -1.56413068e-03 2.58310659e-03 1.21263407e-03 2.27639125e-03 -2.89348969e-03 1.03465442e-03 2.94776887e-03 7.74106795e-01 3.76345943e+00 -3.23568298e-02 2.41027678e-01
1.29269347e-03 -2.39408518e-03 -1.31045973e-03 2.65091553e-03 6.45058489e-04 3.33618278e-03 -2.88350751e-03 8.10000904e-04 3.09105078e-03 7.41427010e-01 3.73941454e+00 -9.53953236e-03 2.69003021e-01
9.02557001e-04 -1.91128786e-03 -1.68759358e-03 2.72994974e-03 1.38365602e-03 2.68635505e-03 -3.00504921e-03 1.42278219e-03 3.12680978e-03 9.25754600e-01 4.04348131e+00 2.33320420e-03 2.46998440e-01
1.29001106e-03 -2.31748413e-03 -1.43473664e-03 2.71762792e-03 1.09162505e-03 2.95100981e-03 -2.85695517e-03 7.66365338e-04 2.99384894e-03 7.14221556e-01 3.91636945e+00 -1.70245497e-02 2.62442893e-01
7.02472994e-04 -1.92826150e-03 -1.65976792e-03 2.68436170e-03 9.84031114e-04 3.08489178e-03 -2.96234190e-03 1.52969096e-03 3.20520028e-03 9.54752530e-01 3.81778102e+00 8.14736472e-03 2.54434484e-01
7.71667834e-04 -1.79820886e-03 -1.87322521e-03 2.98394371e-03 1.45575813e-03 3.15246650e-03 -3.34119251e-03 1.91633311e-03 3.54806735e-03 9.88227575e-01 4.38613865e+00 2.58207710e-02 2.49420124e-01
1.25572880e-03 -2.19248979e-03 -1.19601029e-03 2.33953846e-03 6.23855985e-04 2.63732974e-03 -2.49223282e-03 3.39345593e-04 2.60925030e-03 6.99928552e-01 3.35788834e+00 -3.34394618e-02 2.66717643e-01
1.27467499e-03 -2.42025031e-03 -1.63132590e-03 2.96412768e-03 1.37504434e-03 3.46530181e-03 -3.08341457e-03 1.07788944e-03 3.28151158e-03 9.73302606e-01 4.03268818e+00 2.89493027e-02 2.62579531e-01
6.48973288e-04 -1.79543967e-03 -1.45229145e-03 2.39785246e-03 6.99773464e-04 2.57522936e-03 -2.67839348e-03 1.27336358e-03 2.86541222e-03 7.14673795e-01 3.66964261e+00 -3.58235130e-02 2.53969420e-01
1.59029252e-03 -2.78302980e-03 -1.62086660e-03 3.16735292e-03 1.08142200e-03 3.33607427e-03 -3.33723601e-03 6.71248324e-04 3.47281211e-03 9.43366527e-01 3.93905270e+00 2.59770821e-02 2.60523253e-01
6.89044996e-04 -1.53946511e-03 -1.42331698e-03 2.42097029e-03 1.13126539e-03 2.86025732e-03 -2.64665528e-03 1.50661923e-03 2.86009820e-03 7.54173269e-01 3.88624979e+00 -2.50570741e-02 2.56313770e-01
2.25264883e-03 -3.17280103e-03 -1.45651136e-03 3.24155172e-03 5.30829892e-04 4.03966458e-03 -3.41039182e-03 -3.88422533e-04 3.49480169e-03 8.19136073e-01 3.84396224e+00 2.59124805e-02 2.79460172e-01
1.05178014e-03 -8.09127857e-04 -1.01934583e-03 2.31233507e-03 1.60319922e-03 2.18915873e-03 -2.63934305e-03 1.63574212e-03 2.65916975e-03 8.59316348e-01 4.03401645e+00 -2.29041665e-02 2.32383729e-01
1.03100879e-03 -1.99837444e-03 -1.52818788e-03 2.61592105e-03 1.22811115e-03 2.42874903e-03 -2.85449270e-03 1.09245587e-03 2.93093787e-03 6.93578010e-01 3.79540952e+00 -4.52085585e-02 2.44796082e-01
8.36407543e-04 -1.85180621e-03 -1.18752812e-03 2.13073249e-03 5.75596190e-04 2.90191573e-03 -2.34722947e-03 9.34082387e-04 2.57707315e-03 9.14327468e-01 3.50531100e+00 8.93798849e-03 2.70877639e-01
1.46629258e-03 -2.43192358e-03 -1.67422986e-03 2.97282158e-03 9.81965392e-04 2.92906477e-03 -2.84995405e-03 -3.08758774e-04 2.87758988e-03 6.69680897e-01 3.64232237e+00 -1.97377729e-02 2.70226556e-01
1.28427735e-03 -3.24019208e-04 -6.90635275e-04 2.40690142e-03 1.99704289e-03 3.28994534e-03 -2.60954358e-03 2.01722345e-03 2.87691950e-03 9.85684311e-01 3.98994383e+00 5.01168041e-03 2.44903061e-01
7.32167020e-04 -1.97879016e-03 -1.39856800e-03 2.39923599e-03 4.26561980e-04 3.22476438e-03 -2.74044524e-03 1.29447515e-03 3.02725317e-03 7.53986425e-01 3.73598166e+00 -1.06584396e-02 2.68049556e-01
1.26104100e-03 -2.49584172e-03 -1.89811306e-03 3.03309267e-03 1.56145288e-03 2.86301948e-03 -3.27434350e-03 1.05768726e-03 3.36838806e-03 9.29902364e-01 4.08086631e+00 9.04600436e-03 2.48639103e-01
1.37544655e-03 -2.26930462e-03 -1.24256376e-03 2.51284850e-03 8.33438227e-04 2.87440991e-03 -2.59649031e-03 3.35745462e-04 2.71253047e-03 9.70212307e-01 3.55078749e+00 1.63157411e-02 2.68780119e-01
4.71154133e-04 -9.05780503e-04 -9.43113951e-04 1.68635715e-03 8.21774543e-04 1.85408210e-03 -1.86632907e-03 1.13747744e-03 1.98529147e-03 6.51264964e-01 3.20547277e+00 -7.21287931e-02 2.46630326e-01
8.31317872e-04 -1.46991156e-03 -8.80543531e-04 1.65816864e-03 6.73119108e-04 1.98038904e-03 -1.72083351e-03 3.96992210e-04 1.82077909e-03 5.84050817e-01 3.07527225e+00 -6.27954334e-02 2.68163659e-01
6.22527023e-04 -1.46817701e-03 -1.26208370e-03 2.19967643e-03 8.29281165e-04 2.32894308e-03 -2.43057161e-03 1.27258722e-03 2.58217216e-03 9.78197911e-01 3.43259884e+00 -1.67402780e-02 2.47203185e-01
6.08828649e-04 -1.52650625e-03 -1.44075966e-03 2.48625199e-03 8.91043886e-04 2.65776362e-03 -2.78968926e-03 1.59328794e-03 2.97765785e-03 9.48778435e-01 3.77907644e+00 5.22369534e-03 2.47918848e-01
1.41776668e-03 -2.56451604e-03 -1.57817059e-03 2.91000229e-03 1.21202933e-03 3.42351415e-03 -2.98225489e-03 6.47671414e-04 3.15459568e-03 7.11446545e-01 3.93624501e+00 -1.69556037e-02 2.67810490e-01
1.65710989e-03 -2.53355470e-03 -1.89395014e-03 3.62348770e-03 1.61426915e-03 4.12730540e-03 -3.12506589e-03 -2.86677739e-04 3.18213071e-03 7.51361201e-01 3.83385298e+00 6.39118319e-03 2.75728142e-01
1.99763853e-03 3.67964254e-04 2.13391268e-04 2.21178792e-03 2.46899678e-03 3.11775390e-03 -2.28219384e-03 1.87618060e-03 2.46353763e-03 9.07299671e-01 3.99948022e+00 -1.20287675e-02 2.37255460e-01
1.08490644e-03 -2.19825807e-03 -1.74742603e-03 2.76103590e-03 1.41499254e-03 2.55400116e-03 -3.03030912e-03 1.10989829e-03 3.11207410e-03 8.06921751e-01 3.91527581e+00 -1.75390288e-02 2.44894078e-01
9.97454308e-04 -2.25282236e-03 -1.37715690e-03 2.50408394e-03 4.27992083e-04 3.41704061e-03 -2.84841784e-03 1.09880578e-03 3.12517682e-03 8.58592071e-01 3.81570719e+00 1.22077352e-02 2.71290942e-01
1.61181630e-03 -2.83972336e-03 -1.71793704e-03 3.11840274e-03 1.00475843e-03 3.06101823e-03 -3.25916015e-03 2.50654955e-04 3.34564275e-03 8.05124556e-01 3.91246391e+00 8.09068059e-03 2.62854262e-01
6.54759265e-04 -1.26678822e-03 -1.42355547e-03 2.50696619e-03 1.25748319e-03 3.14236969e-03 -2.78080685e-03 1.83604347e-03 3.05187327e-03 8.68891658e-01 3.94523732e+00 -1.00852475e-02 2.53766062e-01
4.25760614e-04 -7.72150451e-04 -1.06954884e-03 2.08922535e-03 8.13163961e-04 2.57620511e-03 -2.36311000e-03 1.71856380e-03 2.60480179e-03 9.53718696e-01 3.58354112e+00 -8.66379885e-03 2.49747144e-01
1.20840766e-03 -2.10177142e-03 -1.40896021e-03 2.43812983e-03 1.16060239e-03 2.62236569e-03 -2.39115130e-03 1.90045889e-04 2.47163730e-03 6.22245993e-01 3.44461089e+00 -4.87154471e-02 2.66039019e-01
7.49627678e-04 -1.50781984e-03 -1.52326324e-03 2.66668889e-03 1.33698073e-03 2.92226453e-03 -2.92118474e-03 1.73141076e-03 3.10734382e-03 8.32849689e-01 3.94525658e+00 -2.93267059e-02 2.46673334e-01
1.60388980e-03 -2.79413654e-03 -1.53910717e-03 2.99167028e-03 8.30095649e-04 3.37270830e-03 -3.16874321e-03 4.06501633e-04 3.31515753e-03 8.55660724e-01 3.95510763e+00 3.57258954e-02 2.69266061e-01
9.64096443e-04 -2.15324572e-03 -1.68293757e-03 2.93650199e-03 1.22074192e-03 3.51386978e-03 -3.16563429e-03 1.54502841e-03 3.41930938e-03 7.84978796e-01 4.22896200e+00 1.18771001e-02 2.61509508e-01
1.16277983e-03 -2.23526183e-03 -1.43649831e-03 2.60889393e-03 9.65566038e-04 2.73688820e-03 -2.81222551e-03 8.33831943e-04 2.94682824e-03 8.66764614e-01 3.63139317e+00 -1.88897806e-02 2.55539414e-01
1.23927521e-03 -2.17747942e-03 -1.24510613e-03 2.40512390e-03 7.91411218e-04 2.63199053e-03 -2.55435452e-03 4.88631484e-04 2.67076728e-03 6.22607130e-01 3.63362353e+00 -2.93658538e-02 2.65325646e-01
6.73918309e-04 -1.48917158e-03 -1.34656288e-03 2.31773522e-03 1.06829597e-03 2.65720549e-03 -2.52706263e-03 1.40420742e-03 2.71540629e-03 9.29785153e-01 3.59751748e+00 -2.27802295e-02 2.51106255e-01
7.35042648e-04 -1.00327415e-03 -1.14964132e-03 2.19084135e-03 1.35573422e-03 2.54009465e-03 -2.40229908e-03 1.55517394e-03 2.56755955e-03 7.57347709e-01 3.78714621e+00 -3.62500869e-02 2.48303293e-01
1.99649679e-03 -3.26107420e-03 -1.74889801e-03 3.46979551e-03 8.19362778e-04 3.60914759e-03 -3.65633138e-03 5.45537175e-05 3.75513113e-03 9.53310440e-01 4.02125367e+00 4.18440198e-02 2.67750792e-01
1.18805737e-03 -2.28533981e-03 -1.69820313e-03 2.95187649e-03 1.38823437e-03 2.92649897e-03 -3.20554090e-03 1.24695886e-03 3.32760440e-03 1.01334158e+00 3.99440493e+00 1.10556892e-02 2.48031303e-01
8.22729744e-04 -1.69868896e-03 -1.06646220e-03 1.99054031e-03 5.88225387e-04 2.56814003e-03 -2.17350922e-03 8.29938880e-04 2.35924858e-03 6.31573038e-01 3.40146896e+00 -4.02511857e-02 2.68142016e-01
8.91240786e-04 -1.02787453e-03 -1.40686321e-03 2.96332086e-03 1.65070259e-03 3.32852014e-03 -3.27089639e-03 2.28068630e-03 3.49003094e-03 8.75674397e-01 4.33426061e+00 3.53304410e-05 2.42997753e-01
1.48284787e-03 -2.42205679e-03 -1.40135959e-03 2.66836025e-03 8.62536684e-04 2.98875932e-03 -2.69005987e-03 9.42012467e-06 2.77923273e-03 8.05117487e-01 3.55222298e+00 -2.41817044e-04 2.71683390e-01
1.22650561e-03 -2.24947940e-03 -1.62366999e-03 2.74858910e-03 1.53649479e-03 2.86282628e-03 -2.82024646e-03 8.11929654e-04 2.92868459e-03 9.34531996e-01 3.79536158e+00 -1.37473925e-02 2.55278551e-01
3.81008602e-04 -1.46940646e-03 -1.24149719e-03 1.98754092e-03 2.80092953e-04 2.47162511e-03 -2.31088905e-03 1.26807432e-03 2.55103061e-03 6.37203045e-01 3.43008069e+00 -3.53884462e-02 2.61885295e-01
1.60297257e-03 -2.74854712e-03 -1.95543505e-03 3.26618148e-03 1.33779743e-03 2.93081995e-03 -3.21657058e-03 -1.50508058e-04 3.23069976e-03 8.36498669e-01 3.83537351e+00 1.19415501e-03 2.61307259e-01
1.12453560e-03 -4.05787286e-04 -7.59211817e-04 2.40182850e-03 1.80707477e-03 3.70352667e-03 -2.59317745e-03 2.10565242e-03 2.95801563e-03 8.44848568e-01 4.01000143e+00 -1.85700137e-03 2.55773429e-01
1.58677676e-03 -2.94138430e-04 -6.82365011e-04 2.82433486e-03 2.32659036e-03 4.09521676e-03 -3.06417090e-03 2.44007018e-03 3.42990433e-03 8.85833908e-01 4.41582936e+00 7.58083114e-03 2.49349281e-01
1.37575390e-03 -2.25139724e-03 -1.59051253e-03 2.81158697e-03 1.16187135e-03 2.77195880e-03 -2.66017021e-03 -1.73988383e-04 2.68788734e-03 7.98373440e-01 3.48793284e+00 -7.30133634e-03 2.66776140e-01
5.03224277e-04 -1.53472781e-03 -1.39567021e-03 2.29562306e-03 6.72877785e-04 3.02409415e-03 -2.59838046e-03 1.54859615e-03 2.88836190e-03 7.78168496e-01 3.67193238e+00 -1.66756941e-02 2.61625620e-01
1.57748446e-03 -2.79327176e-03 -1.87574235e-03 3.31293482e-03 1.58444144e-03 3.21003942e-03 -3.44874967e-03 7.73240656e-04 3.54007027e-03 9.10942575e-01 4.18622826e+00 1.65259457e-02 2.55317372e-01
8.17058198e-04 -1.96247619e-03 -1.75500531e-03 2.95437436e-03 1.18969157e-03 3.24777917e-03 -3.28098931e-03 1.76786450e-03 3.50811396e-03 8.47065182e-01 4.07502466e+00 -5.84577367e-03 2.49959955e-01
1.23584687e-03 -2.30324930e-03 -1.40619568e-03 2.60482977e-03 9.36891553e-04 2.95275231e-03 -2.72989389e-03 6.25860961e-04 2.87961771e-03 8.30245439e-01 3.76950339e+00 4.57316684e-03 2.66361306e-01
1.48365087e-03 -2.13228469e-04 -4.91006069e-04 2.35099695e-03 2.06807888e-03 2.73909623e-03 -2.57057479e-03 1.86427134e-03 2.67856969e-03 9.44479326e-01 4.10943676e+00 -1.14687651e-02 2.35187687e-01
1.65241899e-03 -2.45442765e-03 -1.48590736e-03 2.95048416e-03 8.11370188e-04 3.34975515e-03 -2.82526758e-03 -4.12204529e-04 2.86458292e-03 6.71870254e-01 3.51762480e+00 -1.23278857e-02 2.77098560e-01
1.23451766e-03 -2.10654248e-03 -1.25357792e-03 2.30087574e-03 7.87789931e-04 2.31788833e-03 -2.38900894e-03 1.49974598e-04 2.45332838e-03 6.18638814e-01 3.49183654e+00 -3.68329658e-02 2.65755232e-01
5.91009206e-04 -1.39308352e-03 -1.53639944e-03 2.58595361e-03 1.17290185e-03 3.14643756e-03 -2.87961016e-03 1.86193558e-03 3.15488907e-03 1.00107551e+00 3.84090493e+00 9.14879649e-04 2.50726105e-01
3.57413167e-04 -1.06900140e-03 -1.32936552e-03 2.26407085e-03 7.89666208e-04 2.69513414e-03 -2.56154083e-03 1.75548315e-03 2.81307379e-03 8.89412633e-01 3.71576776e+00 -5.13070869e-03 2.51618312e-01
1.77514165e-03 -2.95357967e-03 -1.84860974e-03 3.42031310e-03 1.57666581e-03 3.68923309e-03 -3.41073295e-03 4.05821973e-04 3.52809834e-03 7.71828678e-01 4.09936890e+00 -2.21478693e-03 2.64781535e-01
1.38724986e-03 -2.39546491e-03 -1.46958584e-03 2.70733065e-03 1.05916356e-03 2.57831725e-03 -2.86617012e-03 4.75592838e-04 2.93451974e-03 9.84293051e-01 3.64678113e+00 -3.55696177e-04 2.54979591e-01
3.44426365e-04 -9.06932911e-04 -8.65023320e-04 1.42367010e-03 5.76180782e-04 1.87923237e-03 -1.57919277e-03 9.64194162e-04 1.75182019e-03 6.14335734e-01 2.99545772e+00 -6.81304558e-02 2.61469153e-01
1.41059993e-03 -2.71693813e-03 -1.85614788e-03 3.24632616e-03 1.44730681e-03 3.40048539e-03 -3.40320873e-03 9.83458750e-04 3.55748470e-03 8.40143593e-01 4.25299223e+00 1.77595171e-02 2.59548925e-01
6.63925113e-04 -1.74644283e-03 -1.42938235e-03 2.42517473e-03 7.71132885e-04 2.90772248e-03 -2.69984195e-03 1.41155013e-03 2.93718508e-03 8.39021168e-01 3.66393870e+00 -1.73934804e-02 2.57317358e-01
1.08956518e-03 -2.12006318e-03 -1.64029099e-03 2.59595881e-03 1.35440896e-03 2.32984758e-03 -2.83998918e-03 9.24464183e-04 2.89487056e-03 7.74637567e-01 3.80169483e+00 -2.83732940e-02 2.44957434e-01
9.33261259e-04 -2.26497008e-03 -1.48022862e-03 2.64265268e-03 4.49178923e-04 3.74464344e-03 -3.02566074e-03 1.35969686e-03 3.35285519e-03 9.03695262e-01 3.92668450e+00 2.49104073e-02 2.71363896e-01
8.43952929e-04 -2.08716764e-03 -1.73437336e-03 2.86421251e-03 1.19992540e-03 3.46759394e-03 -3.10800537e-03 1.58956208e-03 3.37977344e-03 7.81869610e-01 4.07078995e+00 -1.53437751e-02 2.59477889e-01
1.08417218e-03 -2.28570503e-03 -1.51946289e-03 2.63063122e-03 8.56472040e-04 2.67467321e-03 -2.86643384e-03 8.42623545e-04 3.00501215e-03 9.01676311e-01 3.75770429e+00 1.35242200e-02 2.57270299e-01
9.25587606e-04 -1.73660585e-03 -1.36639939e-03 2.23208704e-03 1.27614517e-03 2.23642965e-03 -2.41120982e-03 9.43246541e-04 2.49572335e-03 6.73274449e-01 3.55422804e+00 -6.64570678e-02 2.47730017e-01
9.62278527e-04 -2.09796077e-03 -1.22156612e-03 2.29887819e-03 3.20567085e-04 2.93706481e-03 -2.63077703e-03 9.31565568e-04 2.85552079e-03 1.01006786e+00 3.61565828e+00 4.26400572e-02 2.68916743e-01
1.66015037e-03 -2.74124680e-03 -1.74659412e-03 3.18582962e-03 1.42913075e-03 3.37447995e-03 -3.14016071e-03 1.94115720e-04 3.23011689e-03 7.64619024e-01 3.87164128e+00 -5.60639880e-03 2.65471717e-01
5.29685120e-04 -8.66364553e-04 -1.23732001e-03 2.46056748e-03 1.09468532e-03 3.05690937e-03 -2.72960492e-03 2.01168543e-03 3.00705998e-03 8.97966180e-01 3.93237428e+00 -2.01806536e-03 2.50910346e-01
1.27235128e-03 -2.29321459e-03 -1.38748347e-03 2.57139042e-03 1.01261449e-03 3.04308232e-03 -2.64203945e-03 5.23636989e-04 2.79400105e-03 7.53995943e-01 3.50408548e+00 -2.95767653e-02 2.66167716e-01
7.54836092e-04 -1.80456464e-03 -1.74363101e-03 2.99430109e-03 1.14764963e-03 3.13552017e-03 -3.36927537e-03 1.92592485e-03 3.57835376e-03 9.49323507e-01 4.38159320e+00 3.22154515e-02 2.50305977e-01
5.33291591e-04 -1.59482574e-03 -1.45947362e-03 2.31930076e-03 7.54343190e-04 2.37456253e-03 -2.62013255e-03 1.37085690e-03 2.78819297e-03 9.11533323e-01 3.56809931e+00 -2.00957511e-02 2.46818035e-01
1.42220173e-03 -2.65490563e-03 -1.64978619e-03 3.02446114e-03 1.21438748e-03 3.62617854e-03 -3.12492308e-03 7.75584726e-04 3.32316580e-03 6.91939452e-01 4.10480867e+00 -4.31160721e-03 2.69001080e-01
1.45031169e-03 -2.41196356e-03 -1.41454421e-03 2.64154842e-03 8.38246886e-04 2.72423261e-03 -2.70785745e-03 3.13752639e-05 2.77669102e-03 6.52234212e-01 3.47722927e+00 -4.02868452e-02 2.66148499e-01
6.55404939e-04 -9.55507026e-04 -1.21870934e-03 2.29338852e-03 1.25841762e-03 2.74191516e-03 -2.56137416e-03 1.75260911e-03 2.78249512e-03 9.75955925e-01 3.89769793e+00 7.21248701e-03 2.49918911e-01
1.31861576e-03 -2.29757184e-03 -1.55100134e-03 2.61966753e-03 1.19495324e-03 2.51583976e-03 -2.64527817e-03 1.66734114e-04 2.69561162e-03 6.70131378e-01 3.55723069e+00 -4.30430976e-02 2.59882353e-01
4.66982696e-04 -1.00349328e-03 -1.37452941e-03 2.48571049e-03 9.99933152e-04 3.38377435e-03 -2.81263837e-03 2.07918227e-03 3.17007073e-03 9.99672376e-01 3.95067025e+00 2.37815217e-02 2.57089359e-01
9.69547647e-04 -2.06737520e-03 -1.64993300e-03 2.75135627e-03 1.30751669e-03 2.96517107e-03 -2.98174185e-03 1.33534950e-03 3.15459287e-03 7.41774293e-01 4.09649307e+00 -1.11914061e-02 2.55671073e-01
1.08017021e-03 -2.25831391e-03 -1.42185288e-03 2.58813225e-03 7.41227206e-04 2.96170177e-03 -2.82932308e-03 9.27856437e-04 3.01966344e-03 9.01415586e-01 3.64196504e+00 -3.57069464e-03 2.61193094e-01
7.33102772e-04 -2.05349160e-03 -1.66969342e-03 2.73440584e-03 8.64478078e-04 3.34751709e-03 -3.03068354e-03 1.53922196e-03 3.31411244e-03 9.26887254e-01 4.07682492e+00 2.84557354e-02 2.63011519e-01
1.21504157e-03 -2.24543066e-03 -1.49554631e-03 2.71890873e-03 1.19492867e-03 2.80445289e-03 -2.86115139e-03 8.47175243e-04 2.97948842e-03 7.61790396e-01 3.70351557e+00 -2.99964172e-02 2.54156589e-01
9.73195575e-04 -2.16135607e-03 -1.55279289e-03 2.71062368e-03 1.03372893e-03 3.32836516e-03 -2.92097646e-03 1.27009469e-03 3.16520761e-03 9.29039444e-01 3.80395911e+00 -1.67863666e-03 2.61434494e-01
8.93658757e-04 -2.02225371e-03 -1.49204318e-03 2.47940392e-03 9.10364657e-04 2.49519043e-03 -2.71750472e-03 1.00383782e-03 2.85232582e-03 7.00461078e-01 3.80401962e+00 -2.08848504e-02 2.55391837e-01
1.32657265e-03 -2.36943260e-03 -1.59198595e-03 2.69755519e-03 1.25191546e-03 2.42824729e-03 -2.90702155e-03 6.13954465e-04 2.95604713e-03 7.09906751e-01 3.78783406e+00 -3.61513351e-02 2.50101003e-01
5.38189396e-04 -1.69280193e-03 -1.48519232e-03 2.39648203e-03 6.76363954e-04 3.36032353e-03 -2.71220559e-03 1.59870049e-03 3.04774108e-03 9.47444992e-01 3.78946772e+00 1.90788835e-02 2.66631765e-01
1.35096767e-03 -2.39340619e-03 -1.35944470e-03 2.64567499e-03 9.03415212e-04 3.19290096e-03 -2.78549527e-03 6.17368802e-04 2.95592447e-03 8.91264843e-01 3.84778371e+00 1.93191495e-02 2.69928577e-01
6.85205666e-04 -1.80133257e-03 -1.64347345e-03 2.62172983e-03 1.03514150e-03 2.68335776e-03 -2.92979717e-03 1.50342639e-03 3.10131420e-03 7.64407795e-01 3.79693725e+00 -3.03059418e-02 2.46007320e-01
7.96519545e-04 -1.44564363e-03 -8.47982687e-04 1.63601039e-03 5.72827955e-04 1.99418478e-03 -1.71839756e-03 4.39688078e-04 1.82883061e-03 6.26724520e-01 2.84734379e+00 -6.69721391e-02 2.65777298e-01
6.49963878e-04 -1.64243369e-03 -1.49472095e-03 2.38663012e-03 9.74380807e-04 2.39584583e-03 -2.67977809e-03 1.37061832e-03 2.82732311e-03 9.58377451e-01 3.87894443e+00 -2.43806141e-03 2.50056292e-01
1.58970436e-03 -2.55525412e-03 -1.49653895e-03 2.85710285e-03 8.46021684e-04 2.90853184e-03 -2.89580359e-03 -1.01704677e-04 2.94953671e-03 7.13309971e-01 3.62430525e+00 -1.86459917e-02 2.68214512e-01
9.51232347e-04 -8.46846648e-04 -1.16261714e-03 2.61975707e-03 1.71202611e-03 3.23374637e-03 -2.85518871e-03 2.04097929e-03 3.09320141e-03 9.63365617e-01 4.12487404e+00 1.18648956e-02 2.47429736e-01
1.81822509e-03 -3.01459446e-03 -1.51835147e-03 3.17325129e-03 8.89900948e-04 4.22880101e-03 -3.38444461e-03 6.20356940e-04 3.61527533e-03 8.93075453e-01 4.02567642e+00 2.84805005e-02 2.74183497e-01
8.04994843e-04 -1.43225953e-03 -1.32783865e-03 2.33620316e-03 1.17342932e-03 2.15614384e-03 -2.63276252e-03 1.36457451e-03 2.69668341e-03 8.01313071e-01 3.83550689e+00 -2.49085209e-02 2.40368780e-01
8.82672322e-04 -2.06071069e-03 -1.32458305e-03 2.43868798e-03 4.49426068e-04 3.33314010e-03 -2.76085448e-03 1.21335496e-03 3.03946126e-03 8.24374690e-01 3.79787748e+00 1.71372270e-02 2.70239754e-01
1.38138675e-03 -2.43694437e-03 -1.77758470e-03 3.03420672e-03 1.66309945e-03 2.89754367e-03 -3.25807189e-03 1.07321304e-03 3.33514545e-03 8.57755502e-01 4.03984253e+00 -1.53110161e-02 2.46516374e-01
1.12031002e-03 -2.26777561e-03 -1.38276353e-03 2.59924268e-03 6.96327067e-04 2.97716191e-03 -2.85638900e-03 9.28390672e-04 3.04277831e-03 7.40629316e-01 3.73732049e+00 -1.41363795e-02 2.62466278e-01
9.68901806e-04 -2.07046536e-03 -1.67870742e-03 2.77908815e-03 1.36932721e-03 3.03349441e-03 -3.00207689e-03 1.37314502e-03 3.18386518e-03 9.24004102e-01 4.02641758e+00 5.11581396e-03 2.54256549e-01
1.10547664e-03 -2.02302638e-03 -1.19221766e-03 2.28349648e-03 7.12078320e-04 2.42068612e-03 -2.43368580e-03 5.29393667e-04 2.54286403e-03 8.94783995e-01 3.37242987e+00 -7.95307278e-03 2.60814276e-01
8.21568389e-04 -1.96483520e-03 -1.81062744e-03 2.95645544e-03 1.38008932e-03 3.42546605e-03 -3.23883598e-03 1.79054525e-03 3.49627393e-03 7.19334668e-01 4.27412238e+00 -1.72782923e-02 2.55869736e-01
1.00518356e-03 -1.94393207e-03 -1.12685061e-03 2.21739994e-03 5.59788288e-04 2.59583029e-03 -2.41429691e-03 7.27960247e-04 2.57093806e-03 6.33397253e-01 3.46815690e+00 -4.03942899e-02 2.65018816e-01
8.25237271e-04 -1.84322586e-03 -1.58522962e-03 2.55592942e-03 1.27572091e-03 2.73243537e-03 -2.77120215e-03 1.31833974e-03 2.93234673e-03 9.80993791e-01 3.82831377e+00 1.48429002e-03 2.51442937e-01
1.65025610e-03 -2.73021732e-03 -1.60342526e-03 3.03146225e-03 1.01355330e-03 3.36566483e-03 -3.05306078e-03 6.28361983e-05 3.15615095e-03 9.42587063e-01 3.72960864e+00 2.36518313e-02 2.70334044e-01
6.37010340e-04 -9.31704410e-04 -1.23563004e-03 2.33362359e-03 1.19896430e-03 2.60228204e-03 -2.64017996e-03 1.79175414e-03 2.83198228e-03 7.27504594e-01 3.92587426e+00 -3.46820318e-02 2.45028185e-01
9.80301528e-04 -2.02824413e-03 -1.28641115e-03 2.39757368e-03 7.46154809e-04 3.20019761e-03 -2.60484418e-03 1.03701779e-03 2.84391216e-03 7.83329715e-01 3.58467723e+00 -1.33955043e-02 2.67917160e-01
1.21735655e-03 -2.34459471e-03 -1.80244674e-03 3.13651911e-03 1.47690228e-03 2.94562431e-03 -3.41197350e-03 1.36317784e-03 3.51043858e-03 9.04932764e-01 4.30433148e+00 1.34016582e-02 2.48206207e-01
1.05441886e-03 -2.13852964e-03 -1.56842651e-03 2.66139267e-03 1.26148225e-03 2.88198472e-03 -2.83934512e-03 1.07639931e-03 2.99596331e-03 9.30384532e-01 3.82469162e+00 2.46102154e-03 2.55720731e-01
8.81612224e-04 -2.15485472e-03 -1.52653506e-03 2.64954754e-03 7.14884590e-04 3.08312081e-03 -2.94466356e-03 1.26177007e-03 3.17651682e-03 7.21364548e-01 3.87970764e+00 -1.64501021e-02 2.61163971e-01
9.55276473e-04 -1.22374310e-03 -1.50742388e-03 2.68311169e-03 1.76278330e-03 2.81723949e-03 -3.04069260e-03 1.87942242e-03 3.17849266e-03 8.84915962e-01 4.25882646e+00 -2.68396054e-03 2.41589412e-01
1.80456382e-03 -2.72601920e-03 -1.29343195e-03 2.75569527e-03 3.81956138e-04 3.01525819e-03 -2.96557640e-03 -2.23381242e-04 3.03008503e-03 7.95666943e-01 3.57887339e+00 2.82821966e-03 2.73100919e-01
1.02624204e-03 -1.81458356e-03 -1.15305791e-03 2.03160899e-03 8.47140513e-04 1.95300274e-03 -2.14943700e-03 3.56596181e-04 2.20344425e-03 6.22659377e-01 3.29375114e+00 -5.53137281e-02 2.57396488e-01
5.22920176e-04 -1.41982942e-03 -1.37630960e-03 2.29703538e-03 8.59588170e-04 3.00382722e-03 -2.56372799e-03 1.59223918e-03 2.84636631e-03 9.67042900e-01 3.66177811e+00 -2.51491028e-03 2.59197062e-01
1.19418072e-03 -2.17397575e-03 -1.39929164e-03 2.49080532e-03 1.01880761e-03 2.39813464e-03 -2.67076590e-03 6.18862831e-04 2.74935138e-03 7.49739364e-01 3.62567162e+00 -2.63117491e-02 2.54255734e-01
7.90523325e-04 -2.00265185e-03 -1.73011587e-03 2.96752570e-03 1.12346476e-03 3.88208051e-03 -3.24959587e-03 1.86495038e-03 3.59003666e-03 9.41065337e-01 4.18208741e+00 2.44526822e-02 2.62528848e-01
1.00073112e-03 -2.06038464e-03 -1.72552168e-03 2.75398998e-03 1.34781677e-03 2.52505910e-03 -3.09333781e-03 1.32808186e-03 3.18111105e-03 7.75705064e-01 4.02940005e+00 -2.43786280e-02 2.42993575e-01
1.19194187e-03 -2.30600609e-03 -1.27942185e-03 2.47847217e-03 5.61842910e-04 3.33729237e-03 -2.73731109e-03 8.19853423e-04 2.96987687e-03 8.88920363e-01 3.69620640e+00 1.67218529e-02 2.72384537e-01
4.69764676e-04 -8.82839706e-04 -1.11949913e-03 2.05756849e-03 9.56100282e-04 2.33917985e-03 -2.29125593e-03 1.55914648e-03 2.47391809e-03 9.70154538e-01 3.66212832e+00 -2.28382376e-04 2.49060551e-01
1.18834316e-03 -1.91654111e-03 -1.11645419e-03 2.16414351e-03 8.34589846e-04 2.40576935e-03 -2.17470229e-03 1.50917104e-04 2.24965912e-03 6.23312662e-01 3.15468265e+00 -6.19793381e-02 2.66660211e-01
1.66058865e-03 -2.46298315e-03 -1.22979157e-03 2.63860432e-03 6.70134662e-04 3.08664552e-03 -2.71394673e-03 -8.32801601e-05 2.79415969e-03 6.30621812e-01 3.54436515e+00 -3.03508928e-02 2.74254195e-01
7.01119896e-04 -9.35480016e-04 -1.22177640e-03 2.28567523e-03 1.31362638e-03 2.36757980e-03 -2.57788731e-03 1.66986540e-03 2.70267987e-03 9.80836315e-01 3.84056613e+00 -4.03082996e-03 2.39465218e-01
9.46875891e-04 -1.80995241e-03 -1.05541792e-03 2.01830733e-03 5.63451383e-04 2.33861443e-03 -2.19765345e-03 6.10947688e-04 2.33365643e-03 6.20209607e-01 3.39515301e+00 -3.48304006e-02 2.66034302e-01
8.80853554e-04 -2.00591696e-03 -1.68816177e-03 2.77406420e-03 1.29456210e-03 3.00252046e-03 -3.00159459e-03 1.42741722e-03 3.18635132e-03 9.70861292e-01 3.87273670e+00 -8.82787376e-03 2.50674074e-01
1.66890716e-03 -2.82558459e-03 -1.40870232e-03 2.92093035e-03 7.05068673e-04 3.98402258e-03 -3.16681398e-03 6.08213869e-04 3.39637370e-03 8.55927680e-01 3.89732325e+00 2.53976474e-02 2.75266019e-01
8.03814452e-04 -1.64803922e-03 -1.58157771e-03 2.54371471e-03 1.23184224e-03 2.24053444e-03 -2.90442363e-03 1.44526155e-03 2.96640471e-03 8.32556581e-01 3.99320676e+00 -2.17131710e-02 2.39013289e-01
8.05707406e-04 -1.87649375e-03 -1.34776169e-03 2.31735452e-03 8.31818414e-04 3.04388925e-03 -2.49986096e-03 1.11325443e-03 2.74143160e-03 7.04076150e-01 3.61273601e+00 -2.81627307e-02 2.66739259e-01
1.12754570e-03 -2.42800357e-03 -1.78044801e-03 2.96910268e-03 1.13160611e-03 2.78553543e-03 -3.29386056e-03 1.18736903e-03 3.41784043e-03 9.68039999e-01 4.08211421e+00 1.69117304e-02 2.49314371e-01
8.91885033e-04 -1.74072293e-03 -1.05380783e-03 1.96840524e-03 5.65010865e-04 2.13627612e-03 -2.12857711e-03 5.57900168e-04 2.24142707e-03 6.33817772e-01 3.27829169e+00 -4.54740594e-02 2.62601750e-01
8.75183556e-04 -2.09934843e-03 -1.83417153e-03 2.97491097e-03 1.38058151e-03 3.39319484e-03 -3.23534922e-03 1.66663456e-03 3.47905348e-03 1.01990631e+00 4.10308552e+00 1.63403317e-02 2.54003737e-01
4.24913265e-04 -8.60274508e-04 -1.26606364e-03 2.35192386e-03 9.11704374e-04 3.14996329e-03 -2.67375031e-03 2.01033647e-03 3.00773410e-03 6.93962355e-01 3.88842278e+00 -2.33341715e-02 2.55728581e-01
1.35069086e-03 -2.38697271e-03 -1.66329052e-03 2.79819053e-03 1.32944658e-03 2.78693969e-03 -2.76505535e-03 1.89198587e-04 2.83037918e-03 9.02444977e-01 3.60746621e+00 -9.97202965e-03 2.61341035e-01
1.87666258e-03 -3.07452280e-03 -2.01227166e-03 3.65158823e-03 1.56902746e-03 3.79301690e-03 -3.54236255e-03 3.00770923e-05 3.62023103e-03 8.52891497e-01 4.10470099e+00 2.81488566e-02 2.67221032e-01
7.22256120e-04 -5.64884953e-04 -9.34942161e-04 2.29085753e-03 1.30260413e-03 2.97103922e-03 -2.50240550e-03 1.92616098e-03 2.76088037e-03 8.30238421e-01 3.81765337e+00 -2.49919039e-02 2.48832126e-01
5.86066728e-04 -1.65381012e-03 -1.58683522e-03 2.68214985e-03 8.95928520e-04 3.38562100e-03 -3.01062775e-03 1.84982153e-03 3.32246126e-03 8.20192425e-01 4.03265033e+00 1.05291138e-02 2.59054404e-01
1.42371023e-03 -2.50971927e-03 -1.61117474e-03 2.86906693e-03 1.29077769e-03 2.90659770e-03 -2.98641635e-03 5.70377252e-04 3.08400179e-03 8.48272907e-01 3.81791488e+00 -1.38257577e-02 2.57935228e-01
1.66136439e-03 -2.77787379e-03 -1.50042604e-03 2.94392587e-03 7.66282369e-04 3.22079509e-03 -3.09968133e-03 1.75981686e-04 3.21430019e-03 1.00877264e+00 3.78020547e+00 3.77023225e-02 2.69150802e-01
4.81350460e-04 -9.73680336e-04 -1.12799295e-03 1.86794384e-03 9.62731005e-04 2.04749155e-03 -2.10251400e-03 1.30961688e-03 2.24609500e-03 6.68580843e-01 3.44673733e+00 -6.29497722e-02 2.46467461e-01
1.57012703e-03 -2.50033417e-03 -1.74879767e-03 3.22614830e-03 9.82977223e-04 3.20227297e-03 -3.01779030e-03 -4.55779598e-04 3.03090852e-03 1.03878055e+00 3.66469456e+00 5.40095653e-02 2.72412463e-01
1.16715825e-03 -7.94955997e-05 -1.88328127e-04 1.47801392e-03 1.56206775e-03 2.09444308e-03 -1.59724605e-03 1.20641710e-03 1.74329270e-03 6.69708449e-01 3.26909441e+00 -8.01023009e-02 2.42060423e-01
1.47029599e-03 -2.25126196e-03 -1.52776267e-03 2.92141774e-03 8.68690923e-04 3.04884574e-03 -2.71567645e-03 -4.33381939e-04 2.73045022e-03 6.87192433e-01 3.42371146e+00 -1.50699605e-02 2.74005367e-01
2.00758123e-03 -7.96431690e-05 -2.38905364e-04 2.41911498e-03 2.59583243e-03 3.24217296e-03 -2.63887116e-03 1.93789540e-03 2.82665741e-03 9.60965510e-01 4.27555336e+00 -8.44094069e-05 2.39716410e-01
1.56727177e-03 -2.52950654e-03 -1.86412696e-03 3.39300390e-03 1.21913235e-03 3.43272700e-03 -3.09492194e-03 -3.90128054e-04 3.11834522e-03 7.77343628e-01 3.74568928e+00 1.20416204e-02 2.71873002e-01
1.94042474e-03 9.02588652e-05 -1.00442501e-04 2.34586148e-03 2.57448232e-03 3.43593990e-03 -2.46510400e-03 1.96486571e-03 2.70997868e-03 8.92330355e-01 4.10003575e+00 -1.34851745e-02 2.42886029e-01
1.57499189e-03 -2.54901762e-03 -1.44750728e-03 2.81160610e-03 9.81121826e-04 3.16790016e-03 -2.84754405e-03 1.27309117e-04 2.94941029e-03 7.88629001e-01 3.70294265e+00 7.32837049e-03 2.70616719e-01
7.36052205e-04 -1.22983837e-03 -1.49977785e-03 2.77238691e-03 1.34091538e-03 3.07776296e-03 -3.13107790e-03 2.06055710e-03 3.35164419e-03 8.86145445e-01 4.15779163e+00 -8.79510549e-03 2.44551429e-01
7.69574127e-04 -2.01515674e-03 -1.42043622e-03 2.44977946e-03 5.14624848e-04 3.10114773e-03 -2.76725234e-03 1.26003303e-03 3.03013947e-03 6.59128634e-01 3.81113393e+00 -2.58936575e-02 2.65912664e-01
1.12329231e-03 -2.04186344e-03 -1.47074272e-03 2.58041979e-03 1.36250419e-03 2.63406113e-03 -2.71123771e-03 9.30257805e-04 2.81303954e-03 9.66382660e-01 3.68318646e+00 -1.13816516e-03 2.51115785e-01
7.79140226e-04 -1.05430593e-03 -1.50983268e-03 2.97076624e-03 1.58385097e-03 3.62975828e-03 -3.29235376e-03 2.36793760e-03 3.59922978e-03 8.94645208e-01 4.37762832e+00 7.45151349e-03 2.49389935e-01
1.46102081e-03 -2.36987931e-03 -1.42446681e-03 2.67370978e-03 9.73190476e-04 2.77448598e-03 -2.68664188e-03 2.70588046e-05 2.74971807e-03 7.91449932e-01 3.51692425e+00 -7.30566117e-03 2.66662111e-01
8.02031590e-04 -1.83714799e-03 -1.51483353e-03 2.45889828e-03 1.16346369e-03 2.72276311e-03 -2.65530927e-03 1.23441191e-03 2.83238723e-03 9.86763586e-01 3.74121727e+00 6.84586327e-03 2.54694128e-01
9.65423162e-04 -1.97000984e-03 -1.21646803e-03 2.25937560e-03 6.20235970e-04 2.54706783e-03 -2.48275250e-03 8.03766218e-04 2.63944035e-03 6.37119853e-01 3.52224713e+00 -4.51130891e-02 2.61904817e-01
1.33347409e-03 -2.30738993e-03 -1.46160474e-03 2.60700352e-03 1.14358466e-03 2.70100610e-03 -2.65857324e-03 3.28788272e-04 2.74454569e-03 7.11693399e-01 3.64884385e+00 -2.25460498e-02 2.63108830e-01
4.52524550e-04 -1.46368263e-03 -1.70066038e-03 2.78298184e-03 9.60389445e-04 3.39010685e-03 -3.15727888e-03 2.10290946e-03 3.48491510e-03 9.56203537e-01 4.07154197e+00 1.17375364e-02 2.53409445e-01
6.04846198e-04 -1.81499672e-03 -1.32974537e-03 2.25356782e-03 2.87102509e-04 2.89278107e-03 -2.62270469e-03 1.29759702e-03 2.89074615e-03 1.02324702e+00 3.69409857e+00 4.40860644e-02 2.66081906e-01
9.20944585e-04 -1.74954754e-03 -1.29640677e-03 2.11303454e-03 1.17690812e-03 2.15296429e-03 -2.20932895e-03 6.68057820e-04 2.29026700e-03 6.64658656e-01 3.30935779e+00 -7.36776678e-02 2.51378006e-01
9.51484431e-04 -1.54857916e-03 -1.43177147e-03 2.37081926e-03 1.39146756e-03 2.10775144e-03 -2.72787217e-03 1.31190786e-03 2.75589195e-03 9.02455000e-01 3.89344951e+00 -2.78790799e-02 2.36884107e-01
1.78599332e-03 -2.78474851e-03 -1.19128172e-03 2.70070458e-03 3.51350001e-04 3.66556222e-03 -3.03448280e-03 3.19121850e-04 3.21499123e-03 6.91361365e-01 3.76778865e+00 4.48093941e-03 2.76894082e-01
1.31809926e-03 -2.51403451e-03 -1.79956889e-03 3.06237493e-03 1.60248845e-03 3.28621283e-03 -3.15803691e-03 9.69288491e-04 3.30726094e-03 1.04609346e+00 4.00630470e+00 2.08811996e-02 2.57238887e-01
3.18111119e-04 -1.10081269e-03 -9.20605944e-04 1.48932793e-03 2.80052688e-04 1.77518156e-03 -1.70710100e-03 9.01763585e-04 1.86644496e-03 6.13687410e-01 2.96236414e+00 -6.67794267e-02 2.59575492e-01
5.76677882e-04 -1.91391617e-03 -1.71448175e-03 2.95022586e-03 6.41775144e-04 3.61008860e-03 -3.34378937e-03 1.98181636e-03 3.67580072e-03 8.98124291e-01 4.17050192e+00 2.19159212e-02 2.59203210e-01
1.21548870e-03 -2.18385013e-03 -1.51679488e-03 2.64024197e-03 1.42771356e-03 2.81854400e-03 -2.67956438e-03 6.99651294e-04 2.79057515e-03 7.93801866e-01 3.69016431e+00 -2.02656590e-02 2.58032523e-01
1.14394027e-03 -2.08964335e-03 -1.32752986e-03 2.38618882e-03 1.04693621e-03 2.75501603e-03 -2.42749726e-03 5.01921248e-04 2.56001734e-03 9.36387274e-01 3.41514919e+00 -1.16257334e-02 2.64995209e-01
3.52897933e-04 -1.04773798e-03 -1.04190825e-03 1.70822459e-03 5.33993318e-04 1.86269177e-03 -1.95624992e-03 1.15251974e-03 2.10541424e-03 6.23513962e-01 3.27679158e+00 -6.13499697e-02 2.51110553e-01
1.44672095e-03 -2.83781847e-03 -1.95787084e-03 3.33055886e-03 1.37431029e-03 3.09703683e-03 -3.62443848e-03 1.04070733e-03 3.73378952e-03 8.02753613e-01 4.33232505e+00 5.54688203e-03 2.52281423e-01
6.42938090e-04 -1.69124548e-03 -1.34196837e-03 2.23584071e-03 7.59604594e-04 2.96575367e-03 -2.45967205e-03 1.27718277e-03 2.72020091e-03 8.56659719e-01 3.54041319e+00 -1.19646597e-02 2.64277676e-01
1.31295969e-03 -2.38111151e-03 -1.25378049e-03 2.51170701e-03 5.93180638e-04 3.39683853e-03 -2.75067212e-03 6.99717860e-04 2.97029446e-03 9.85895332e-01 3.71895610e+00 3.82511748e-02 2.73963423e-01
6.94178010e-04 -1.55297945e-03 -1.38347088e-03 2.13995219e-03 9.94109405e-04 1.93583926e-03 -2.43098968e-03 1.10370911e-03 2.50333198e-03 6.84412317e-01 3.55090192e+00 -6.12328856e-02 2.40935746e-01
1.85281993e-03 -2.77167966e-03 -1.27967455e-03 2.82450130e-03 5.46393612e-04 3.48501161e-03 -3.00887346e-03 -9.48899979e-06 3.12391686e-03 7.28138820e-01 3.70957554e+00 -4.23485381e-03 2.75901254e-01
8.62839365e-04 -1.29568217e-03 -1.43901031e-03 2.49840827e-03 1.43152685e-03 2.38818966e-03 -2.88406727e-03 1.66529172e-03 2.97031724e-03 9.36581338e-01 4.05636399e+00 -2.12603930e-03 2.37613452e-01
1.25496315e-03 -2.52307982e-03 -1.68194779e-03 3.09579103e-03 1.22449579e-03 3.85394120e-03 -3.27684885e-03 1.28141096e-03 3.53745362e-03 9.68400887e-01 4.01090778e+00 2.08797714e-02 2.63532436e-01
8.63728348e-04 -1.75787667e-03 -1.29493974e-03 2.30935040e-03 9.28528378e-04 2.33664544e-03 -2.52250883e-03 1.04329359e-03 2.63861203e-03 7.13456290e-01 3.71262116e+00 -2.84744998e-02 2.53230471e-01
8.20580342e-04 -1.66946548e-03 -1.64310130e-03 2.59997594e-03 1.43022933e-03 2.56889862e-03 -2.90986352e-03 1.51922353e-03 3.02672856e-03 8.75016012e-01 4.03586140e+00 -1.90231170e-02 2.44466097e-01
1.67010915e-03 -2.72599273e-03 -1.29123946e-03 2.84358056e-03 5.55375441e-04 3.47374141e-03 -3.10137529e-03 4.69005783e-04 3.26962645e-03 7.83783366e-01 3.80225720e+00 1.47802230e-02 2.71170705e-01
4.30655834e-04 -1.02027147e-03 -1.28829382e-03 2.27903499e-03 9.21522609e-04 2.87655616e-03 -2.55388342e-03 1.79670814e-03 2.82777562e-03 6.70968247e-01 3.69080785e+00 -4.76816321e-02 2.52447160e-01
1.22521459e-03 -2.11467882e-03 -1.35591122e-03 2.38615606e-03 1.01879670e-03 2.41202556e-03 -2.41828162e-03 1.92332384e-04 2.48375204e-03 9.12115189e-01 3.46937614e+00 -6.73857328e-04 2.63857550e-01
5.67275676e-04 -1.15185695e-03 -1.45173203e-03 2.62660799e-03 1.19744370e-03 3.41950961e-03 -2.91520049e-03 2.06948701e-03 3.24023153e-03 7.69373682e-01 3.97889733e+00 -2.49329992e-02 2.54000613e-01
1.45813179e-03 -2.55350091e-03 -1.64885059e-03 2.88732083e-03 1.13449909e-03 2.79916070e-03 -2.94749465e-03 1.94729432e-04 3.01349409e-03 9.09026741e-01 3.79399696e+00 2.07395665e-02 2.62739674e-01
1.59270390e-03 -2.50299677e-03 -1.17073715e-03 2.56117369e-03 6.55081770e-04 3.57110964e-03 -2.75350734e-03 4.10562439e-04 2.94058268e-03 9.38996250e-01 3.68019279e+00 2.85548955e-02 2.77203818e-01
6.78656019e-04 -1.51206035e-03 -1.49656822e-03 2.30891324e-03 1.03979376e-03 1.96837756e-03 -2.69560364e-03 1.35504781e-03 2.75463189e-03 7.15829194e-01 3.79107823e+00 -4.68903132e-02 2.36049380e-01
6.73680644e-04 -1.33776486e-03 -9.08918340e-04 1.54648667e-03 5.96949287e-04 1.49137928e-03 -1.67190159e-03 4.39044766e-04 1.72922122e-03 6.27402974e-01 2.88978729e+00 -7.39653461e-02 2.53809318e-01
7.07202780e-04 -1.86136946e-03 -1.58389390e-03 2.66735977e-03 9.93738024e-04 3.45146849e-03 -2.91159192e-03 1.61690289e-03 3.21238442e-03 1.03002255e+00 3.92310118e+00 2.22599180e-02 2.62504572e-01
1.12079519e-03 -2.57064944e-03 -1.71517439e-03 3.05698181e-03 7.97262715e-04 3.71762692e-03 -3.39372858e-03 1.37051143e-03 3.67215233e-03 8.06445701e-01 4.17858829e+00 1.46886647e-02 2.64673874e-01
9.45796048e-04 -1.92891418e-03 -1.47607409e-03 2.50464151e-03 1.20889355e-03 2.60934612e-03 -2.67061108e-03 1.06370193e-03 2.79908683e-03 8.62746228e-01 3.69655397e+00 -1.67360979e-02 2.52150369e-01
1.77007313e-03 -2.66309377e-03 -1.45074497e-03 2.95508385e-03 8.22804063e-04 3.48443727e-03 -2.94943001e-03 -2.04425787e-04 3.02963419e-03 8.78356212e-01 3.59042996e+00 1.76189579e-02 2.75872393e-01
9.79132653e-04 -8.19319490e-04 -1.18581751e-03 2.55819102e-03 1.59063325e-03 2.62783884e-03 -2.93905698e-03 1.95356908e-03 3.06314289e-03 8.01874336e-01 4.25662079e+00 -1.91346491e-02 2.37648765e-01
1.03338614e-03 -2.37160266e-03 -1.55370538e-03 2.78608660e-03 6.68152158e-04 3.32521820e-03 -3.10274546e-03 1.20941610e-03 3.34788599e-03 8.31800079e-01 4.07738668e+00 2.91392504e-02 2.65505908e-01
1.07748474e-03 -2.21305432e-03 -1.67593206e-03 2.81300292e-03 1.37254360e-03 2.98852650e-03 -2.98274761e-03 1.14364060e-03 3.13609127e-03 8.48897998e-01 3.80919489e+00 -2.53340782e-02 2.51951056e-01
1.39478221e-03 -2.52941746e-03 -1.89313342e-03 3.26704622e-03 1.74407720e-03 3.12940463e-03 -3.48699634e-03 1.24533568e-03 3.57897907e-03 9.17810725e-01 4.26088820e+00 1.17034658e-02 2.48041543e-01
7.72346680e-04 -1.92937345e-03 -1.30046878e-03 2.27088099e-03 4.54298071e-04 3.03379811e-03 -2.56972512e-03 1.13027138e-03 2.82860460e-03 7.70693522e-01 3.60471009e+00 -1.11902220e-02 2.68372300e-01
8.89054527e-04 -1.69639039e-03 -1.61735662e-03 2.69800315e-03 1.50386062e-03 2.88736033e-03 -2.98079654e-03 1.61867415e-03 3.14180015e-03 1.01319871e+00 4.03412491e+00 8.28063026e-03 2.47060614e-01
1.16454298e-03 -2.02659659e-03 -1.04155912e-03 2.10516450e-03 4.11743877e-04 2.40250390e-03 -2.30056679e-03 3.15643301e-04 2.41261043e-03 6.23348020e-01 3.31275334e+00 -4.12701850e-02 2.68738439e-01
1.57506946e-03 -2.76804069e-03 -1.80293632e-03 3.07681600e-03 1.29594779e-03 2.82555019e-03 -3.21426145e-03 3.07044719e-04 3.26840864e-03 9.20455567e-01 3.93939137e+00 9.55987287e-03 2.57282531e-01
4.31961070e-04 -1.18326458e-03 -1.37269696e-03 2.29587040e-03 8.93547001e-04 3.14790029e-03 -2.58586849e-03 1.79168929e-03 2.91095982e-03 7.36825255e-01 3.74908672e+00 -2.23314753e-02 2.59730307e-01
1.24867735e-03 -2.63872952e-03 -1.74099812e-03 3.13966257e-03 1.09799004e-03 4.09712016e-03 -3.37976685e-03 1.34538361e-03 3.68372014e-03 9.39989477e-01 4.27792262e+00 4.33899212e-02 2.69014392e-01
9.05473869e-04 -1.91735063e-03 -1.41920229e-03 2.37818792e-03 9.46114478e-04 2.27393611e-03 -2.63756189e-03 9.90621753e-04 2.74071476e-03 7.69414782e-01 3.58353265e+00 -3.65781586e-02 2.47187894e-01
8.31232685e-04 -1.60988860e-03 -1.41468953e-03 2.43998372e-03 1.25302565e-03 2.50800207e-03 -2.67345944e-03 1.35532298e-03 2.79538514e-03 7.89600934e-01 3.79884191e+00 -3.33793648e-02 2.46717177e-01
1.58962844e-03 -2.89844581e-03 -1.59059648e-03 3.16654033e-03 8.22223810e-04 3.85606983e-03 -3.41418896e-03 8.10283499e-04 3.63531943e-03 9.18037301e-01 4.09347201e+00 4.19251800e-02 2.69270154e-01
1.38455467e-03 -1.83392590e-04 -4.68853760e-04 2.22233800e-03 2.01389472e-03 3.44464950e-03 -2.39039771e-03 1.93688978e-03 2.71396784e-03 8.48733931e-01 3.94268825e+00 -9.93091583e-03 2.52112908e-01
1.62584333e-03 -2.84086479e-03 -2.11802379e-03 3.54955742e-03 1.38279872e-03 3.27201497e-03 -3.38875535e-03 -2.55560017e-04 3.40997012e-03 8.35235784e-01 3.90724734e+00 1.06864819e-02 2.64605248e-01
1.42257330e-03 -2.35336287e-03 -1.50467625e-03 2.75277280e-03 1.28517525e-03 3.04350258e-03 -2.68415413e-03 2.02003727e-04 2.77700253e-03 8.78560419e-01 3.56609480e+00 -1.68069549e-03 2.66753778e-01
5.51430924e-04 -1.08152342e-03 -1.49869036e-03 2.80048146e-03 1.08787265e-03 3.32137833e-03 -3.19393149e-03 2.27802169e-03 3.49924967e-03 7.79394330e-01 4.25292421e+00 -7.19598561e-03 2.49469847e-01
1.70277393e-03 -2.39990841e-03 -1.18541275e-03 2.58519495e-03 5.49964043e-04 3.07347695e-03 -2.63567883e-03 -3.23970539e-04 2.68726343e-03 8.85453036e-01 3.35092732e+00 1.07068455e-02 2.77552975e-01
1.15175247e-03 -7.61653186e-04 -1.12450748e-03 2.63289476e-03 1.85499109e-03 2.63777434e-03 -2.98052179e-03 1.96237866e-03 3.05147455e-03 7.57856322e-01 4.34635490e+00 -2.60713050e-02 2.35117949e-01
8.11522550e-04 -2.00105672e-03 -1.62995654e-03 2.81988137e-03 1.05987852e-03 3.82618954e-03 -3.06501918e-03 1.69442294e-03 3.39925863e-03 7.31351599e-01 4.08245482e+00 -7.34615644e-03 2.65748758e-01
1.19558653e-03 -2.12836049e-03 -1.38234223e-03 2.50888029e-03 1.05273135e-03 2.33803674e-03 -2.70355870e-03 6.94597589e-04 2.76855627e-03 8.98697632e-01 3.63944067e+00 -1.04643494e-02 2.50741995e-01
1.62784353e-03 -2.69445435e-03 -1.50968675e-03 3.00628612e-03 1.12581102e-03 3.67763753e-03 -3.05002536e-03 4.35101272e-04 3.21565648e-03 1.02412305e+00 4.00342243e+00 5.37347067e-02 2.73004577e-01
4.46949485e-04 -1.11326069e-03 -1.12088928e-03 1.84465089e-03 7.07504544e-04 1.86383182e-03 -2.10992049e-03 1.20469468e-03 2.23080170e-03 6.80271251e-01 3.25483661e+00 -7.00997898e-02 2.41783696e-01
1.53342636e-03 -2.47340909e-03 -1.61929283e-03 2.97797357e-03 9.17653725e-04 3.07062969e-03 -2.86602182e-03 -3.24332036e-04 2.90273826e-03 9.99823640e-01 3.58499501e+00 3.58201265e-02 2.72419466e-01
8.68178766e-04 -1.88171384e-04 -4.21115012e-04 1.57385048e-03 1.32407331e-03 2.04438609e-03 -1.70344608e-03 1.29790774e-03 1.84417458e-03 6.64326394e-01 3.28816071e+00 -7.55656128e-02 2.41989513e-01
1.24265411e-03 -2.14062177e-03 -1.16536547e-03 2.31511572e-03 7.29224116e-04 2.83492544e-03 -2.43809314e-03 4.43270573e-04 2.58258686e-03 6.71530977e-01 3.34227104e+00 -4.28218222e-02 2.68720972e-01
7.08473750e-04 -1.74248737e-03 -1.72613974e-03 2.72166342e-03 1.18840568e-03 2.65139152e-03 -3.08935883e-03 1.66359674e-03 3.24038008e-03 9.95978768e-01 4.21024945e+00 2.30470240e-02 2.47115885e-01
5.90170606e-04 -1.58066719e-03 -1.55763795e-03 2.48486065e-03 1.03986108e-03 2.72312975e-03 -2.77579783e-03 1.57823066e-03 2.98047434e-03 9.08719174e-01 3.90413214e+00 -2.15072441e-03 2.51722750e-01
1.49735420e-03 -2.63293890e-03 -1.51464436e-03 2.91740723e-03 1.00012353e-03 3.27218137e-03 -3.07527474e-03 5.95992042e-04 3.22517225e-03 7.40238029e-01 3.83510222e+00 -1.09247114e-02 2.64669358e-01
1.38809419e-03 -2.47681782e-03 -1.40682894e-03 2.79345319e-03 8.83899518e-04 3.23953551e-03 -2.95392765e-03 6.89539770e-04 3.12021294e-03 8.54830319e-01 3.95454829e+00 1.73155394e-02 2.67952547e-01
7.97806363e-04 -1.88497151e-03 -1.63888469e-03 2.66938548e-03 1.17733748e-03 2.86652706e-03 -2.94514511e-03 1.48026745e-03 3.13207901e-03 8.19937045e-01 3.82062300e+00 -1.89311824e-02 2.48644378e-01
1.70759387e-03 -2.68094291e-03 -1.54933177e-03 2.98979344e-03 8.37635336e-04 3.02247978e-03 -3.03039670e-03 -2.05971065e-04 3.07338432e-03 8.19061549e-01 3.63386559e+00 1.15041937e-02 2.68643056e-01
1.08283475e-03 -8.01761706e-04 -1.11944573e-03 2.63486345e-03 1.84438703e-03 3.25627616e-03 -2.89710223e-03 2.05122142e-03 3.12663526e-03 8.61181585e-01 4.23783517e+00 -1.13619627e-02 2.47164926e-01
7.87621613e-04 -1.67870131e-03 -1.34317751e-03 2.37103585e-03 9.61507805e-04 2.41548483e-03 -2.60440673e-03 1.22760537e-03 2.73373900e-03 7.11188712e-01 3.61971403e+00 -4.30423878e-02 2.47699930e-01
1.18975585e-03 -2.38542266e-03 -1.51520250e-03 2.74836765e-03 9.98574084e-04 3.39638536e-03 -2.90636897e-03 9.26745482e-04 3.12600197e-03 9.51393577e-01 3.92059057e+00 2.67370516e-02 2.68317252e-01
1.87440750e-03 -3.27666673e-03 -2.09004431e-03 3.66417811e-03 1.43897209e-03 3.61915104e-03 -3.74041043e-03 2.35193344e-04 3.83379604e-03 7.71922447e-01 4.27139354e+00 1.15624374e-02 2.63650746e-01
5.05669821e-04 -8.91020015e-04 -1.10800095e-03 2.12214889e-03 1.00568204e-03 2.73365018e-03 -2.33559818e-03 1.66395298e-03 2.58349704e-03 8.71188245e-01 3.57665333e+00 -2.07405183e-02 2.52905134e-01
5.18417743e-04 -1.66539295e-03 -1.48089539e-03 2.40449580e-03 5.26794860e-04 3.59402636e-03 -2.80682605e-03 1.73473446e-03 3.18685986e-03 6.52109051e-01 3.86681370e+00 -2.59697760e-02 2.68684691e-01
1.19540064e-03 -2.03996482e-03 -1.42300825e-03 2.40512111e-03 1.26777513e-03 2.11694578e-03 -2.53067088e-03 4.85766001e-04 2.55009594e-03 9.32093129e-01 3.51958953e+00 -1.38495349e-02 2.48157951e-01
1.32092953e-03 -2.16397159e-03 -1.32794302e-03 2.49556347e-03 1.00070474e-03 2.87423206e-03 -2.43347845e-03 7.81015181e-05 2.52439866e-03 9.44099418e-01 3.37441946e+00 4.83362454e-03 2.71424574e-01
4.53040424e-04 -5.97740373e-04 -9.36943539e-04 1.89498527e-03 9.05003288e-04 2.11542940e-03 -2.12739898e-03 1.53034920e-03 2.28514576e-03 6.49280877e-01 3.51269298e+00 -6.23133436e-02 2.43201819e-01
9.89938954e-04 -2.06172431e-03 -1.58159410e-03 2.76722876e-03 1.17780733e-03 2.79601311e-03 -2.99937914e-03 1.27751597e-03 3.13889836e-03 8.34397624e-01 3.88905278e+00 -1.51604048e-02 2.49493164e-01
1.11322686e-03 -2.33591047e-03 -1.54107869e-03 2.81546748e-03 9.74169451e-04 3.52165559e-03 -3.00860379e-03 1.15415895e-03 3.25447144e-03 8.51986250e-01 3.98637236e+00 1.68538392e-02 2.66886045e-01
8.77239401e-04 -1.96645287e-03 -1.47381290e-03 2.64576384e-03 9.42408369e-04 2.96940937e-03 -2.87798008e-03 1.32844490e-03 3.07578867e-03 8.84208497e-01 3.78588742e+00 3.96114530e-03 2.55543829e-01
1.23875861e-03 -2.36920034e-03 -1.60188681e-03 2.93546577e-03 1.29345807e-03 3.32921584e-03 -3.08462987e-03 1.10738525e-03 3.26952514e-03 7.99652196e-01 4.07376481e+00 -4.45787283e-03 2.61206828e-01
7.10855742e-04 -1.62106541e-03 -1.34933347e-03 2.13993018e-03 9.17575635e-04 1.99323159e-03 -2.40094048e-03 1.03421889e-03 2.48943443e-03 7.01371518e-01 3.42743288e+00 -6.07469073e-02 2.42403088e-01
1.37165212e-03 -2.56660612e-03 -1.43935376e-03 2.80581876e-03 8.01649967e-04 3.73145078e-03 -3.02951842e-03 8.76210947e-04 3.27651920e-03 1.00112214e+00 4.02010114e+00 5.29438504e-02 2.73093471e-01
7.12480336e-04 -1.32794893e-03 -1.39615572e-03 2.43773676e-03 1.23030377e-03 2.59042748e-03 -2.73299561e-03 1.62973516e-03 2.88989798e-03 9.41987502e-01 3.85897712e+00 -1.19060186e-02 2.44415206e-01
1.49122854e-03 -2.50464579e-03 -1.34624382e-03 2.65817847e-03 7.35794251e-04 3.07112034e-03 -2.79491833e-03 2.54902594e-04 2.92066799e-03 6.62415442e-01 3.67211125e+00 -1.79602107e-02 2.70770790e-01
1.53096545e-03 -2.59141371e-03 -1.80946331e-03 3.01008648e-03 1.68174873e-03 2.84324930e-03 -3.07385051e-03 4.34933752e-04 3.11804099e-03 7.28830743e-01 3.85939341e+00 -3.70346868e-02 2.53182486e-01
3.27383712e-04 -1.24017710e-03 -1.35647450e-03 2.28560829e-03 4.89324077e-04 3.29161067e-03 -2.65876960e-03 1.85854456e-03 3.02395962e-03 9.51850115e-01 3.78385406e+00 2.92730812e-02 2.64646504e-01
1.00274327e-03 -2.06709497e-03 -1.49215659e-03 2.59841897e-03 1.10328890e-03 2.74945850e-03 -2.77572232e-03 1.03843209e-03 2.92164666e-03 7.31902839e-01 3.62173755e+00 -4.33094857e-02 2.52227275e-01
9.98237396e-04 -2.19912418e-03 -1.50431134e-03 2.66313943e-03 8.88406800e-04 3.16686803e-03 -2.89722747e-03 1.15583494e-03 3.12098403e-03 9.52814255e-01 4.01511821e+00 3.71258596e-02 2.65092453e-01
7.96171126e-04 -5.06905155e-04 -8.72089682e-04 2.26368795e-03 1.35422618e-03 2.82777629e-03 -2.48698885e-03 1.88725754e-03 2.71339318e-03 9.17478578e-01 3.78248469e+00 -1.97626852e-02 2.44478048e-01
1.58504908e-03 -2.64472931e-03 -1.73886962e-03 3.11281005e-03 1.24959853e-03 3.33587108e-03 -3.00604657e-03 -5.86326415e-05 3.08268710e-03 6.75597768e-01 3.80863192e+00 -9.83034714e-03 2.70520136e-01
5.64538124e-04 -8.83107405e-04 -1.13318103e-03 2.02046516e-03 1.11739406e-03 2.21228621e-03 -2.27377616e-03 1.48615424e-03 2.42099166e-03 6.86818753e-01 3.62106096e+00 -5.19059240e-02 2.44072161e-01
1.71353719e-03 -2.65640711e-03 -1.40039632e-03 2.88732123e-03 7.99248950e-04 3.19671520e-03 -2.96759913e-03 6.61506021e-06 3.05414982e-03 9.55084920e-01 3.68387519e+00 2.32177903e-02 2.71039247e-01
1.21330352e-03 -2.41332474e-03 -1.44134458e-03 2.76818355e-03 7.76017906e-04 3.60548148e-03 -3.00311750e-03 1.04488286e-03 3.25534008e-03 6.84937844e-01 3.96685603e+00 -4.12918523e-03 2.70012836e-01
8.50261962e-04 -1.85695315e-03 -1.49538027e-03 2.40581449e-03 1.08859818e-03 2.31277035e-03 -2.66219117e-03 1.10339603e-03 2.76818715e-03 9.05930374e-01 3.65367613e+00 -2.37174701e-02 2.45976495e-01
8.82522069e-04 -1.74108176e-03 -1.63868808e-03 2.75465555e-03 1.40179949e-03 2.83688951e-03 -3.07597705e-03 1.64873383e-03 3.22672898e-03 8.95551218e-01 4.17579978e+00 -4.04269776e-03 2.47499951e-01
1.40361458e-03 -2.48238711e-03 -1.34681160e-03 2.67209796e-03 7.07592979e-04 3.16362172e-03 -2.85658401e-03 5.16582740e-04 3.01672109e-03 7.68897255e-01 3.64315936e+00 -2.40441627e-03 2.68477722e-01
1.62221553e-03 -2.53386328e-03 -1.43422473e-03 2.81853923e-03 8.30756836e-04 2.95096963e-03 -2.85427936e-03 -1.16980518e-04 2.90968364e-03 7.09092276e-01 3.65580949e+00 -1.35627289e-02 2.70103885e-01
8.83791708e-04 -9.83464413e-04 -1.30049265e-03 2.62837771e-03 1.59331938e-03 3.12307525e-03 -2.93646976e-03 2.01774925e-03 3.16871327e-03 9.61798339e-01 4.08931548e+00 6.43011386e-03 2.45117707e-01
6.96453876e-04 -1.86056195e-03 -1.53725840e-03 2.65505126e-03 7.97719787e-04 2.89275918e-03 -2.94515828e-03 1.50660009e-03 3.15602361e-03 8.40398280e-01 3.87893347e+00 -1.17415515e-02 2.53695213e-01
1.29782361e-03 -2.42155589e-03 -1.62420045e-03 2.97381987e-03 1.41816587e-03 3.46577164e-03 -3.05066497e-03 1.00729816e-03 3.23805224e-03 8.38368964e-01 3.99572911e+00 1.10100039e-02 2.62855073e-01
1.04393588e-03 -1.81989232e-03 -1.49513202e-03 2.60438016e-03 1.31381130e-03 2.23072325e-03 -2.93415991e-03 1.27125280e-03 2.95781512e-03 8.73480875e-01 3.90705936e+00 -3.04472624e-02 2.36693446e-01
1.54450572e-03 -2.65775349e-03 -1.32854579e-03 2.75199275e-03 6.68130664e-04 4.03383168e-03 -3.03007111e-03 7.79054290e-04 3.29367327e-03 7.64507523e-01 3.93637083e+00 2.45025668e-02 2.77057269e-01
8.98505455e-04 -2.42889014e-04 -6.45239705e-04 2.07982764e-03 1.45340083e-03 2.63473628e-03 -2.26991498e-03 1.77855656e-03 2.47410046e-03 6.98647136e-01 3.71442350e+00 -4.80617305e-02 2.42325177e-01
1.54678333e-03 -2.46798990e-03 -1.65624923e-03 3.07523395e-03 1.25769896e-03 3.35167782e-03 -2.87219115e-03 -1.45264937e-04 2.93525928e-03 9.41857000e-01 3.67812088e+00 2.20385823e-02 2.72188466e-01
1.66822534e-03 -2.96195481e-03 -2.02941834e-03 3.41894963e-03 1.59651170e-03 3.43606322e-03 -3.39893834e-03 2.45944463e-04 3.48806280e-03 9.28978226e-01 4.07146383e+00 2.21924258e-02 2.63133257e-01
4.68955898e-04 -8.49588119e-04 -1.15241516e-03 2.21072744e-03 8.90189805e-04 2.90782419e-03 -2.50560886e-03 1.83775579e-03 2.79636257e-03 7.54726647e-01 3.70658299e+00 -2.59557608e-02 2.53655119e-01
1.05006248e-03 -1.73224417e-03 -1.16579860e-03 2.02699969e-03 8.19283623e-04 1.86582062e-03 -2.01504887e-03 -6.51435980e-05 2.02725199e-03 6.21190290e-01 3.02041969e+00 -5.83364227e-02 2.60767199e-01
8.79485107e-04 -5.28174973e-04 -8.77582554e-04 2.27880554e-03 1.53277235e-03 3.34826107e-03 -2.47290192e-03 1.95877578e-03 2.80048083e-03 9.70839072e-01 3.89877812e+00 -1.44110680e-03 2.55911621e-01
1.24470288e-03 -2.39784697e-03 -1.50517238e-03 2.86855897e-03 1.03200643e-03 3.40142486e-03 -3.04408007e-03 1.03689740e-03 3.25077902e-03 8.18158106e-01 3.81724687e+00 -5.14362052e-03 2.62219372e-01
8.84628911e-04 -2.02245777e-03 -1.61928882e-03 2.68182022e-03 1.12186513e-03 2.81191544e-03 -2.94545517e-03 1.32808319e-03 3.11536598e-03 8.62004246e-01 4.04410412e+00 3.64058861e-03 2.54687208e-01
1.52101191e-03 -2.47347598e-03 -1.45127410e-03 2.75935306e-03 9.29071832e-04 2.72906582e-03 -2.82793401e-03 6.50729157e-05 2.88277243e-03 9.88180324e-01 3.65829383e+00 2.43952563e-02 2.65065507e-01
4.56764778e-04 -7.33809002e-04 -9.01589594e-04 1.65244266e-03 8.88986580e-04 2.08929712e-03 -1.83977799e-03 1.26506115e-03 2.02180326e-03 6.54039811e-01 3.21513827e+00 -7.12515141e-02 2.51067239e-01
7.14602074e-04 -1.49379734e-03 -1.14667795e-03 1.89423191e-03 9.47551485e-04 2.08647392e-03 -2.00728991e-03 7.97555188e-04 2.12366189e-03 6.41239286e-01 3.25140369e+00 -6.27197885e-02 2.55848629e-01
7.42577817e-04 -1.77968119e-03 -1.23245192e-03 2.22105573e-03 5.41948117e-04 2.55356545e-03 -2.46115326e-03 1.04550480e-03 2.64687668e-03 9.32255171e-01 3.51423749e+00 -3.53928500e-03 2.60627828e-01
6.96279880e-04 -1.72007916e-03 -1.36093000e-03 2.21388417e-03 8.04335665e-04 2.27237458e-03 -2.45005993e-03 1.05748476e-03 2.59125679e-03 9.28890732e-01 3.72016226e+00 5.98368282e-03 2.56258796e-01
9.78110149e-04 -2.03006959e-03 -1.35444130e-03 2.39312876e-03 9.02891480e-04 2.84116220e-03 -2.54176312e-03 8.68283865e-04 2.72243954e-03 6.69459706e-01 3.43466732e+00 -5.14943146e-02 2.60960206e-01
5.70818142e-04 -1.87899963e-03 -1.79516436e-03 2.83839795e-03 8.70225795e-04 3.06818795e-03 -3.22064797e-03 1.80506142e-03 3.47017964e-03 7.16315526e-01 4.09498530e+00 -2.19993231e-02 2.51568228e-01
1.11244679e-03 -2.03984413e-03 -1.28532752e-03 2.33904021e-03 1.01092324e-03 2.69220310e-03 -2.41498813e-03 5.91747782e-04 2.55176980e-03 8.95650723e-01 3.49380821e+00 -5.14465303e-03 2.64628236e-01
1.71183209e-03 -2.66485454e-03 -1.32177112e-03 2.78320627e-03 6.44436986e-04 3.11620399e-03 -2.94844737e-03 6.21932224e-05 3.04407413e-03 7.04312391e-01 3.64938212e+00 -2.02656063e-02 2.70433703e-01
8.55518032e-04 -1.24408099e-03 -1.37548872e-03 2.52611322e-03 1.50753751e-03 2.72909241e-03 -2.81543093e-03 1.72871116e-03 2.96548920e-03 9.67476351e-01 4.05369697e+00 1.11591206e-02 2.44853724e-01
1.45157907e-03 -2.37018831e-03 -1.40727424e-03 2.66360498e-03 1.03014793e-03 3.08817232e-03 -2.63825263e-03 1.03576809e-04 2.74069929e-03 6.56517375e-01 3.49320376e+00 -3.51884743e-02 2.70870294e-01
5.12210795e-04 -8.60620113e-04 -1.25579159e-03 2.35471839e-03 1.06694683e-03 2.55075185e-03 -2.66202081e-03 1.85410829e-03 2.85154602e-03 9.57702684e-01 3.92667693e+00 4.24557956e-04 2.44069921e-01
8.17562277e-04 -1.45073673e-03 -1.62860697e-03 2.62372364e-03 1.41777228e-03 2.36737780e-03 -3.05898892e-03 1.70886571e-03 3.13278915e-03 9.73130489e-01 4.17762089e+00 6.58025088e-03 2.36750752e-01
1.69519647e-03 -2.54224180e-03 -1.13807103e-03 2.53592970e-03 4.66270544e-04 3.24711350e-03 -2.73665631e-03 4.97103175e-05 2.85769743e-03 6.89489953e-01 3.52748488e+00 -1.82242129e-02 2.76493914e-01
1.77409712e-03 -2.63437634e-03 -1.43367887e-03 2.93607816e-03 7.03004872e-04 3.31615048e-03 -2.94329921e-03 -3.27804263e-04 2.99769459e-03 9.95889324e-01 3.55464862e+00 3.66733933e-02 2.75695778e-01
8.48557293e-04 -4.68570785e-04 -7.43761742e-04 1.89445848e-03 1.37978123e-03 2.06009265e-03 -2.10934183e-03 1.45819243e-03 2.19812591e-03 6.74256014e-01 3.65890171e+00 -6.29593356e-02 2.37861770e-01
1.72803382e-03 -2.79046583e-03 -1.51662964e-03 3.00656295e-03 9.25952210e-04 3.59733839e-03 -3.07379516e-03 1.30725921e-04 3.20691712e-03 8.94473921e-01 3.77236240e+00 1.69778273e-02 2.73309040e-01
6.93123915e-04 -1.13020787e-03 -1.35088248e-03 2.42613544e-03 1.19835093e-03 2.46321449e-03 -2.78710608e-03 1.74339392e-03 2.92619910e-03 7.77352804e-01 3.99242207e+00 -2.25385241e-02 2.41110701e-01
1.11304719e-03 -2.10949441e-03 -1.27288039e-03 2.45745447e-03 8.22588277e-04 2.93277281e-03 -2.61372321e-03 8.11684912e-04 2.78995119e-03 9.59381231e-01 3.52425135e+00 6.50569995e-03 2.63946699e-01
8.25679519e-04 -1.67190091e-03 -1.36450163e-03 2.39869361e-03 1.12847950e-03 2.52591059e-03 -2.59663552e-03 1.24737438e-03 2.73220229e-03 6.61240395e-01 3.82912543e+00 -4.17930353e-02 2.52658683e-01
1.29163159e-03 -2.44735976e-03 -1.56118220e-03 2.92374998e-03 1.12857951e-03 3.24928372e-03 -3.07469377e-03 9.34542976e-04 3.24471582e-03 8.32482998e-01 4.07152583e+00 1.56301590e-02 2.63363038e-01
8.05215907e-04 -1.99775082e-03 -1.62559762e-03 2.68921652e-03 1.02817692e-03 3.02428480e-03 -2.95713410e-03 1.43236909e-03 3.17587657e-03 8.51044019e-01 3.80849293e+00 -1.41808305e-02 2.53602986e-01
1.12855870e-03 -2.36337834e-03 -1.57594787e-03 2.75379827e-03 9.30034493e-04 2.82696095e-03 -2.99387748e-03 9.29437727e-04 3.14434725e-03 1.00991347e+00 3.84728457e+00 3.20388575e-02 2.57029412e-01
7.18559266e-04 -1.73557611e-03 -1.40511584e-03 2.33668589e-03 9.67969235e-04 2.81956508e-03 -2.53610536e-03 1.25901991e-03 2.75243686e-03 6.76303827e-01 3.67810252e+00 -4.64010292e-02 2.59563710e-01
5.76666987e-04 -1.15709669e-03 -1.36386741e-03 2.31721703e-03 1.03072266e-03 2.22856383e-03 -2.67891558e-03 1.63953418e-03 2.80133516e-03 7.10138137e-01 3.90916975e+00 -3.31558922e-02 2.40241312e-01
1.56827803e-03 -2.50039499e-03 -1.33954428e-03 2.72513033e-03 9.11955798e-04 3.40463624e-03 -2.76635665e-03 2.16323464e-04 2.90513562e-03 9.09206873e-01 3.59015552e+00 5.24207982e-03 2.73880119e-01
4.97597744e-04 -1.01096204e-03 -9.88235604e-04 1.58622170e-03 7.67356334e-04 1.45384336e-03 -1.82926294e-03 9.51482000e-04 1.88318731e-03 6.61550500e-01 3.14284617e+00 -7.60513524e-02 2.38234081e-01
1.36649663e-03 -2.21352136e-03 -1.07230566e-03 2.27694311e-03 5.56294506e-04 3.00853484e-03 -2.44335321e-03 3.32916221e-04 2.59648238e-03 9.40957287e-01 3.44859630e+00 1.25917912e-02 2.75378205e-01
1.59104144e-03 -2.35122722e-03 -1.15888666e-03 2.43800675e-03 3.68404649e-04 2.73411696e-03 -2.56611636e-03 -3.12717393e-04 2.61181410e-03 8.99860538e-01 3.26244436e+00 9.32370833e-03 2.75442471e-01
1.09570229e-03 -9.11453572e-04 -1.22097318e-03 2.56711145e-03 1.84140901e-03 2.63556632e-03 -2.90439468e-03 1.85624246e-03 2.99146902e-03 7.25314076e-01 4.29127618e+00 -3.39343666e-02 2.38386746e-01
1.61014909e-03 -2.58359838e-03 -1.46409962e-03 2.84095159e-03 8.73654793e-04 2.89186072e-03 -2.92013074e-03 1.21023314e-05 2.98329918e-03 1.01888028e+00 3.61095126e+00 2.85824448e-02 2.66202822e-01
4.49326761e-04 -6.89972791e-04 -8.86586186e-04 1.61049759e-03 9.00390765e-04 1.94303247e-03 -1.79771094e-03 1.22596767e-03 1.95598880e-03 6.43568947e-01 3.26383623e+00 -7.24410483e-02 2.49771924e-01
7.71506399e-04 -1.95585958e-03 -1.38468059e-03 2.39700781e-03 5.79678436e-04 2.99141945e-03 -2.68534887e-03 1.21291534e-03 2.93183604e-03 7.11550041e-01 3.73607515e+00 -1.29606319e-02 2.64850187e-01
1.15960764e-03 -2.36414440e-03 -1.75722392e-03 2.89967415e-03 1.39456108e-03 2.93794365e-03 -3.10494480e-03 1.08630888e-03 3.24085729e-03 9.32631029e-01 3.95195897e+00 -2.55643913e-03 2.52070848e-01
5.48937422e-04 -1.55130400e-03 -1.40889128e-03 2.26617748e-03 8.24339134e-04 2.54863394e-03 -2.52776280e-03 1.37350686e-03 2.72843944e-03 6.78522427e-01 3.53521769e+00 -6.05267638e-02 2.51296231e-01
1.20917117e-03 -2.25025068e-03 -1.39700499e-03 2.54693010e-03 9.78763795e-04 2.79872059e-03 -2.66716908e-03 6.06412651e-04 2.80290062e-03 9.98092628e-01 3.76177717e+00 3.84707046e-02 2.65271774e-01
5.95554785e-04 -1.54325905e-03 -1.20395229e-03 2.10157468e-03 6.14140977e-04 2.81768865e-03 -2.33169766e-03 1.25078559e-03 2.58155794e-03 9.70223698e-01 3.47598048e+00 9.01058038e-03 2.65291017e-01
9.71045740e-04 -1.69536828e-03 -1.15176334e-03 2.05197623e-03 1.00898240e-03 1.97422925e-03 -2.18306346e-03 6.16363346e-04 2.23684716e-03 6.39812511e-01 3.35130006e+00 -6.56605520e-02 2.51110181e-01
1.34461832e-03 -2.14906442e-03 -1.15102177e-03 2.29400816e-03 6.24059108e-04 2.65743694e-03 -2.36400800e-03 1.67424704e-05 2.45022265e-03 9.52890443e-01 3.22733437e+00 7.21858831e-03 2.72485773e-01
5.81665625e-04 -7.78046067e-04 -9.87632546e-04 1.89152748e-03 1.06870616e-03 1.97498892e-03 -2.11933005e-03 1.37771445e-03 2.22173624e-03 6.46992019e-01 3.57791329e+00 -6.60328924e-02 2.42130469e-01
1.78620354e-03 -2.73366652e-03 -1.32737306e-03 2.89668870e-03 8.34226921e-04 3.71617142e-03 -3.01498514e-03 2.55231209e-04 3.16986108e-03 9.96557085e-01 3.80460544e+00 4.22864402e-02 2.75429394e-01
6.32219551e-04 -1.07336876e-03 -1.12621256e-03 1.99046084e-03 9.99332980e-04 1.90093645e-03 -2.27654281e-03 1.30144997e-03 2.35023942e-03 6.87026433e-01 3.55321669e+00 -5.97309313e-02 2.38395058e-01
6.01131347e-04 -1.24982138e-03 -1.66405476e-03 2.93900666e-03 1.23880130e-03 3.22761811e-03 -3.35353953e-03 2.28056430e-03 3.61714420e-03 8.87139700e-01 4.23628777e+00 1.73888976e-03 2.43380093e-01
1.46940898e-03 -2.37814969e-03 -1.41036169e-03 2.68942279e-03 1.06232956e-03 3.07057200e-03 -2.66459525e-03 1.18551792e-04 2.76252924e-03 7.94047742e-01 3.64022550e+00 -1.76735173e-03 2.71343008e-01
8.57455603e-04 -2.10506928e-03 -1.47430826e-03 2.67564030e-03 6.00684620e-04 3.28137651e-03 -2.99680989e-03 1.39203935e-03 3.25935919e-03 9.79022578e-01 3.94149421e+00 3.09085548e-02 2.63698622e-01
9.23306044e-04 -1.82939403e-03 -1.35440878e-03 2.24615667e-03 1.15829868e-03 2.35394643e-03 -2.37220035e-03 8.23158999e-04 2.48320839e-03 6.87341474e-01 3.46875579e+00 -5.15912442e-02 2.53408333e-01
7.24373934e-04 -1.38606709e-03 -1.63256225e-03 2.97031939e-03 1.36209621e-03 3.52085431e-03 -3.32434265e-03 2.22289315e-03 3.61533042e-03 9.89550609e-01 4.31516270e+00 2.24777338e-02 2.50467783e-01
1.29165976e-03 -2.11588351e-03 -1.24907799e-03 2.38995430e-03 9.30700523e-04 2.56027716e-03 -2.41994320e-03 2.01596497e-04 2.49760971e-03 6.92823164e-01 3.39585119e+00 -3.21598284e-02 2.65608008e-01
1.30626743e-03 -2.45166261e-03 -1.62140727e-03 2.74311326e-03 1.08383638e-03 2.53098724e-03 -2.91760402e-03 4.78383079e-04 2.98714362e-03 7.87312681e-01 3.75105655e+00 -1.91432017e-02 2.55150749e-01
6.60139327e-04 -1.66284118e-03 -1.63147194e-03 2.83272743e-03 1.12644593e-03 3.83578918e-03 -3.11861319e-03 2.00849915e-03 3.47988713e-03 9.06765207e-01 4.12724264e+00 2.12823736e-02 2.61760802e-01
1.69384932e-03 -2.47337012e-03 -1.19744626e-03 2.61086759e-03 7.07030443e-04 3.31251218e-03 -2.68314271e-03 -4.02433123e-05 2.78601092e-03 6.39318977e-01 3.47840509e+00 -2.60796317e-02 2.76770843e-01
6.81004924e-04 -9.78334594e-04 -1.22579762e-03 2.19572719e-03 1.16495003e-03 2.03609479e-03 -2.55787499e-03 1.56981289e-03 2.63515424e-03 9.29551836e-01 3.88468416e+00 -1.87807408e-02 2.36044656e-01
7.60885577e-04 -1.92684550e-03 -1.34664185e-03 2.38419216e-03 4.96775826e-04 3.30803693e-03 -2.69669208e-03 1.31161494e-03 2.99038622e-03 1.00502888e+00 3.70910070e+00 2.65497324e-02 2.69227539e-01
6.95088656e-04 -1.34299063e-03 -1.01451598e-03 1.62889391e-03 8.30608229e-04 1.50163184e-03 -1.76999063e-03 5.55062009e-04 1.80978307e-03 6.48814118e-01 3.01410012e+00 -7.77426626e-02 2.46961674e-01
1.22931547e-03 -2.43332815e-03 -1.61359806e-03 2.95965431e-03 1.21501731e-03 3.59034535e-03 -3.09874771e-03 1.11959084e-03 3.32604360e-03 7.16549277e-01 4.18248525e+00 4.63849179e-03 2.66930035e-01
8.83898345e-04 -1.89337368e-03 -1.39794686e-03 2.48929594e-03 9.34958377e-04 2.57986409e-03 -2.70690547e-03 1.13704036e-03 2.85043085e-03 8.97357738e-01 3.57299550e+00 -2.30015667e-02 2.49756655e-01
5.76805402e-04 -1.30784574e-03 -1.51595304e-03 2.42681440e-03 1.06844732e-03 2.24929925e-03 -2.81750726e-03 1.65169425e-03 2.92956012e-03 9.35865720e-01 4.05702322e+00 3.50872001e-03 2.41367664e-01
1.70962295e-03 -2.64448104e-03 -1.34431585e-03 2.84750140e-03 9.22449486e-04 3.60187283e-03 -2.92203264e-03 2.47265120e-04 3.06928625e-03 7.11046639e-01 3.63321445e+00 -2.02865093e-02 2.73363452e-01
1.38851911e-03 -2.51028401e-03 -1.50971422e-03 2.89575943e-03 1.03073282e-03 3.12083037e-03 -3.04929706e-03 7.25981943e-04 3.19236784e-03 8.99861443e-01 4.01968753e+00 2.24023166e-02 2.63928497e-01
7.53204667e-04 -1.71220903e-03 -1.46935612e-03 2.52964896e-03 1.10741676e-03 2.94808617e-03 -2.74668019e-03 1.46487878e-03 2.95882647e-03 7.72998624e-01 3.70924937e+00 -2.77066092e-02 2.53068200e-01
1.03994184e-03 -2.05658959e-03 -1.57206197e-03 2.57457946e-03 1.34498135e-03 2.58749695e-03 -2.76679503e-03 1.02211906e-03 2.87651525e-03 8.23146089e-01 3.78394982e+00 -2.65115680e-02 2.50417805e-01
1.08618999e-03 -2.48370024e-03 -1.61200172e-03 3.00524111e-03 6.46721596e-04 3.81426732e-03 -3.35155222e-03 1.42681073e-03 3.65018949e-03 8.67566683e-01 4.12538711e+00 3.17217644e-02 2.66434288e-01
5.64121204e-04 -1.33303762e-03 -1.52516499e-03 2.70339875e-03 9.66430412e-04 4.26284119e-03 -3.08864446e-03 2.26221745e-03 3.56267040e-03 9.02627037e-01 4.15634606e+00 2.15186240e-02 2.67266055e-01
1.36640947e-03 -2.39773531e-03 -1.70139056e-03 2.74572553e-03 1.32478501e-03 2.29535907e-03 -2.86577144e-03 2.60486128e-04 2.86860476e-03 7.86495797e-01 3.67414730e+00 -2.12591816e-02 2.50069766e-01
2.31164666e-03 2.53834796e-04 2.42612427e-04 2.22575123e-03 2.79932313e-03 3.25581073e-03 -2.32954817e-03 1.80342219e-03 2.51244435e-03 9.13661650e-01 4.10029801e+00 -1.47233800e-02 2.38818782e-01
1.63027136e-03 -2.38673406e-03 -1.73670975e-03 3.44198368e-03 1.29029763e-03 3.67772916e-03 -3.01821163e-03 -4.38495715e-04 3.03383884e-03 7.34883546e-01 3.69484337e+00 6.64317844e-03 2.74690815e-01
1.63659675e-03 -2.70572911e-03 -1.59300767e-03 2.98450657e-03 1.02255356e-03 3.09358820e-03 -3.05009552e-03 8.78033556e-05 3.13116410e-03 9.58476898e-01 3.88916168e+00 3.28977923e-02 2.68179696e-01
4.82071842e-04 -9.70971392e-04 -1.18616916e-03 2.06852960e-03 9.88658535e-04 2.46795482e-03 -2.31784065e-03 1.56053410e-03 2.52944483e-03 7.01938161e-01 3.50542728e+00 -5.29476379e-02 2.47858816e-01
5.84166435e-04 -1.27635788e-03 -9.96389737e-04 1.76049011e-03 6.90359935e-04 1.91760224e-03 -1.92478886e-03 9.11837481e-04 2.04491749e-03 6.31788445e-01 3.25302093e+00 -5.73319635e-02 2.55176843e-01
1.23046622e-03 -2.54232426e-03 -1.69946773e-03 2.99566446e-03 1.14868166e-03 3.46118384e-03 -3.17912690e-03 1.05933633e-03 3.39370234e-03 1.02126262e+00 3.92272356e+00 2.02777650e-02 2.61493531e-01
9.16378432e-04 -2.70889328e-04 -7.16090501e-04 2.16612215e-03 1.46243140e-03 2.61461482e-03 -2.40954411e-03 1.84688183e-03 2.60700700e-03 7.65810851e-01 3.86334423e+00 -3.17895905e-02 2.40659796e-01
1.85736629e-03 -2.91743244e-03 -1.91647530e-03 3.60431087e-03 1.46484401e-03 4.06843816e-03 -3.36201949e-03 -1.89596693e-04 3.44407348e-03 9.26854241e-01 3.92975935e+00 3.20672431e-02 2.73576584e-01
7.88536241e-04 -1.97688308e-03 -1.73229632e-03 2.84289317e-03 1.24599270e-03 3.50466918e-03 -3.08716087e-03 1.68403455e-03 3.37303297e-03 7.25547196e-01 4.14469825e+00 -1.55361420e-02 2.60311554e-01
1.08092530e-03 -2.17330933e-03 -1.39327398e-03 2.45498381e-03 7.75532245e-04 2.43483982e-03 -2.66442216e-03 6.56892598e-04 2.77460194e-03 9.07613789e-01 3.54326755e+00 -3.58264776e-03 2.56429696e-01
1.50363659e-03 -2.43075621e-03 -1.37326183e-03 2.68193152e-03 8.41542282e-04 2.65719688e-03 -2.78148535e-03 1.05699624e-04 2.83938917e-03 8.71321844e-01 3.60910829e+00 6.45241442e-03 2.64313322e-01
7.35055529e-04 -1.33284116e-03 -1.57829585e-03 2.77619539e-03 1.49179992e-03 3.44101182e-03 -3.07382972e-03 2.06156275e-03 3.36823519e-03 7.89395806e-01 4.16428355e+00 -1.44989079e-02 2.52118547e-01
9.50677772e-04 -2.32409823e-03 -1.47526548e-03 2.62120575e-03 2.47844305e-04 4.00760398e-03 -3.11544082e-03 1.44356510e-03 3.48482394e-03 7.34944147e-01 4.01024188e+00 9.61623489e-03 2.74309601e-01
1.19197044e-03 -2.18551850e-03 -1.65803656e-03 2.58382047e-03 1.44868924e-03 2.20884120e-03 -2.83461104e-03 7.88974267e-04 2.85561623e-03 9.07252327e-01 3.74897837e+00 -1.85431896e-02 2.41910912e-01
1.09706981e-03 -8.38418803e-04 -1.20022437e-03 2.48956558e-03 1.72041748e-03 2.28264951e-03 -2.92308282e-03 1.80167947e-03 2.94370105e-03 8.71588386e-01 4.27037202e+00 -1.03348523e-02 2.30943966e-01
2.07776553e-03 -2.79633261e-03 -1.26549534e-03 2.91281798e-03 4.32845846e-04 3.59980809e-03 -3.03853230e-03 -4.93229051e-04 3.08542509e-03 8.07790491e-01 3.58545203e+00 1.11559147e-02 2.80198275e-01
1.91013855e-03 -3.01065252e-03 -1.59207914e-03 3.16766472e-03 6.01838211e-04 3.31469861e-03 -3.32467842e-03 -2.42862788e-04 3.38953514e-03 8.89062341e-01 3.76953318e+00 2.84984972e-02 2.71229586e-01
9.49109227e-04 -9.75223626e-04 -1.21071464e-03 2.40271880e-03 1.63753675e-03 2.70139272e-03 -2.70453060e-03 1.75089490e-03 2.86196308e-03 8.04011349e-01 4.07168683e+00 -2.50854468e-02 2.44074687e-01
1.08031541e-03 -1.97564812e-03 -1.49107215e-03 2.47015461e-03 1.43098400e-03 2.48887990e-03 -2.62771910e-03 9.25845559e-04 2.71754195e-03 9.12011596e-01 3.66365678e+00 -1.84668748e-02 2.49134223e-01
9.51766132e-04 -2.41754182e-03 -1.55916874e-03 2.76836234e-03 3.18160087e-04 3.55770600e-03 -3.19901697e-03 1.32610738e-03 3.49747467e-03 7.07868597e-01 4.02512702e+00 3.69721281e-04 2.68022742e-01
8.57498063e-04 -6.47467515e-04 -1.01183084e-03 2.20401586e-03 1.40062440e-03 2.09440220e-03 -2.54211145e-03 1.66382163e-03 2.59475410e-03 8.71894608e-01 3.96229435e+00 -2.30722663e-02 2.32481462e-01
2.29011218e-03 -3.20553840e-03 -1.58589581e-03 3.47465481e-03 8.47092624e-04 4.34069293e-03 -3.50291790e-03 -3.75721019e-04 3.58999134e-03 7.86719390e-01 3.91352437e+00 2.03143811e-02 2.79289214e-01
8.27747952e-04 -1.84231448e-03 -1.53516488e-03 2.61573003e-03 1.11861101e-03 2.83908452e-03 -2.87274319e-03 1.42492875e-03 3.05317446e-03 8.33537515e-01 4.00275302e+00 -2.55829959e-03 2.54387124e-01
1.37723618e-03 -2.58373142e-03 -1.57400984e-03 2.96462953e-03 1.05767258e-03 3.41486707e-03 -3.15347736e-03 8.97330098e-04 3.34358945e-03 8.50902877e-01 3.87417799e+00 2.60698263e-03 2.62440901e-01
7.27426627e-04 -1.86445242e-03 -1.34073639e-03 2.30277827e-03 5.70255771e-04 2.73641579e-03 -2.57860387e-03 1.14914956e-03 2.79626156e-03 7.11319432e-01 3.55870866e+00 -2.63781982e-02 2.60777607e-01
1.22381274e-03 -2.37602749e-03 -1.72827393e-03 2.94461048e-03 1.46983321e-03 3.11555725e-03 -3.13126963e-03 1.12860805e-03 3.28168488e-03 9.43613557e-01 4.09990488e+00 1.05936007e-02 2.56044516e-01
5.85680139e-04 -1.25159186e-03 -1.35824316e-03 2.39294822e-03 1.06809839e-03 2.76341166e-03 -2.66540305e-03 1.69421775e-03 2.88068827e-03 1.01983777e+00 3.74078467e+00 -3.01580008e-04 2.48494700e-01
8.33086899e-04 -1.44271711e-03 -8.57296349e-04 1.58229076e-03 5.58279679e-04 1.71656513e-03 -1.63462462e-03 1.64461788e-04 1.69666368e-03 5.91211901e-01 2.87015323e+00 -6.86794130e-02 2.66772153e-01
5.21304378e-04 -1.03654785e-03 -9.19952366e-04 1.53377473e-03 7.43655458e-04 1.40329279e-03 -1.71701567e-03 8.15543687e-04 1.75936463e-03 6.54363611e-01 3.03688155e+00 -8.12968947e-02 2.40753419e-01
1.39824950e-03 -2.41971034e-03 -1.25617445e-03 2.61880945e-03 7.21107099e-04 3.57311729e-03 -2.81905318e-03 7.30630841e-04 3.04183811e-03 1.03423382e+00 3.74295225e+00 4.03611117e-02 2.73813666e-01
1.33937335e-03 -2.24991907e-03 -1.38085401e-03 2.61123559e-03 1.18086019e-03 2.88337679e-03 -2.63159606e-03 4.42966472e-04 2.73997977e-03 6.73681454e-01 3.64102002e+00 -2.52464448e-02 2.64685784e-01
4.11211493e-04 -1.39612408e-03 -1.52693311e-03 2.45994667e-03 8.00669517e-04 2.81584918e-03 -2.79696517e-03 1.76845042e-03 3.05118553e-03 9.26099263e-01 3.83376189e+00 -8.76705203e-03 2.51511763e-01
1.36603109e-03 -2.38121839e-03 -1.63639749e-03 2.77519944e-03 1.36158154e-03 2.47988052e-03 -2.90254898e-03 4.83857323e-04 2.93566711e-03 9.11621759e-01 3.74563757e+00 2.90002253e-03 2.50981805e-01
5.53284284e-04 -1.60756432e-03 -1.55742754e-03 2.65909293e-03 7.92385603e-04 3.87669533e-03 -3.01633671e-03 1.98692903e-03 3.41727140e-03 7.61179208e-01 4.05069219e+00 -7.81796970e-03 2.66144593e-01
7.92123152e-04 -2.00835135e-03 -1.70931513e-03 2.96013670e-03 1.05044889e-03 3.39493709e-03 -3.25089062e-03 1.74473319e-03 3.50745359e-03 7.78498288e-01 4.19307455e+00 -4.88876748e-03 2.56713875e-01
1.16819468e-03 -2.15493059e-03 -1.39479642e-03 2.58045426e-03 1.11918613e-03 2.86346833e-03 -2.67919573e-03 7.78212831e-04 2.82012502e-03 8.88985674e-01 3.63530016e+00 -1.00720444e-03 2.60173175e-01
1.49318889e-03 -2.53341723e-03 -1.49810571e-03 2.83636177e-03 1.10310155e-03 3.32821997e-03 -2.85829076e-03 3.29228791e-04 2.99482840e-03 6.96143548e-01 3.65643666e+00 -2.98285661e-02 2.69058394e-01
4.36497022e-04 -1.22413266e-03 -1.49617322e-03 2.45566470e-03 9.27435501e-04 2.56705382e-03 -2.80710401e-03 1.79850796e-03 3.00273793e-03 9.61687448e-01 3.97595560e+00 1.31208574e-02 2.46512160e-01
5.85450366e-04 -1.29652020e-03 -1.55253802e-03 2.68234523e-03 1.24773444e-03 3.36554773e-03 -2.97666811e-03 2.02411523e-03 3.28186651e-03 9.28859193e-01 4.12954312e+00 6.41021424e-03 2.55252689e-01
1.39433287e-03 -2.41477840e-03 -1.48283389e-03 2.69607085e-03 9.64829012e-04 2.66590044e-03 -2.78544591e-03 2.25544889e-04 2.85681075e-03 7.26544964e-01 3.57547559e+00 -1.98818017e-02 2.61547483e-01
7.07044143e-04 -1.39280152e-03 -1.05181861e-03 1.83937575e-03 8.73248672e-04 1.92318574e-03 -1.96794859e-03 8.07521878e-04 2.06021380e-03 6.48390958e-01 3.16740115e+00 -7.19945288e-02 2.50701740e-01
7.76964607e-04 -1.71270378e-03 -1.12534564e-03 2.02156217e-03 5.83484311e-04 2.47543918e-03 -2.21992476e-03 8.62801204e-04 2.40078690e-03 9.33942484e-01 3.40169255e+00 1.52381542e-03 2.65481507e-01
1.66361168e-03 -2.78451344e-03 -1.64801131e-03 3.09546669e-03 1.10475395e-03 2.96712402e-03 -3.24300164e-03 3.07560113e-04 3.30989252e-03 7.38265932e-01 4.06549118e+00 4.56086840e-03 2.62063903e-01
5.38723715e-04 -1.39591558e-03 -1.48808083e-03 2.43707189e-03 1.09056585e-03 3.11486505e-03 -2.69462602e-03 1.72832989e-03 2.98074396e-03 9.03201859e-01 3.72419981e+00 -1.55798024e-02 2.55021176e-01
4.37778108e-04 -1.12881429e-03 -1.29637345e-03 2.19647262e-03 8.97413102e-04 3.00175201e-03 -2.45981655e-03 1.70296961e-03 2.76668187e-03 9.31190036e-01 3.70545938e+00 -1.26265437e-02 2.60138887e-01
8.79654900e-04 -1.52330601e-03 -9.74619377e-04 1.68799258e-03 6.94431258e-04 1.56624718e-03 -1.76632736e-03 1.62498331e-04 1.79524674e-03 6.25277523e-01 2.88839218e+00 -6.56518196e-02 2.56330505e-01
1.54418492e-03 -2.96303390e-03 -1.99262826e-03 3.39655637e-03 1.37387417e-03 3.19748425e-03 -3.63170315e-03 8.09434126e-04 3.73759059e-03 9.64307883e-01 4.25121763e+00 3.08762165e-02 2.54866446e-01
4.85244410e-04 -1.46944408e-03 -1.34652863e-03 2.17068358e-03 7.45066459e-04 2.85229199e-03 -2.41586347e-03 1.42123466e-03 2.68390655e-03 7.36541480e-01 3.56414343e+00 -3.07350935e-02 2.61866626e-01
1.10709791e-03 -1.92326662e-03 -1.24271409e-03 2.18242924e-03 9.85451022e-04 2.06743035e-03 -2.30075217e-03 4.00492975e-04 2.35087580e-03 6.66486219e-01 3.30219455e+00 -5.90726343e-02 2.53183697e-01
5.09548393e-04 -1.70049652e-03 -1.65368949e-03 2.65600189e-03 8.23677115e-04 3.56566575e-03 -2.99538515e-03 1.86684027e-03 3.35209080e-03 1.02124699e+00 4.06046671e+00 3.86949671e-02 2.63879427e-01
1.41645000e-03 -2.18320217e-03 -1.04185139e-03 2.28331690e-03 4.86031100e-04 2.59239187e-03 -2.43451003e-03 1.03145581e-04 2.51945675e-03 6.45104708e-01 3.27014681e+00 -4.50526848e-02 2.69805455e-01
8.02821736e-04 -1.42563290e-03 -1.59000896e-03 2.63911004e-03 1.52892437e-03 2.72941813e-03 -2.96214117e-03 1.74426615e-03 3.10577070e-03 1.02356140e+00 4.19685953e+00 2.20391311e-02 2.45654538e-01
1.20480478e-03 -2.02176514e-03 -1.46642385e-03 2.47094108e-03 1.30558371e-03 2.01774900e-03 -2.76770045e-03 8.33094898e-04 2.76000016e-03 7.67399183e-01 3.73872044e+00 -3.97928434e-02 2.38569971e-01
1.18364041e-03 -2.47241492e-03 -1.46762199e-03 2.73291896e-03 5.42475701e-04 4.28708083e-03 -3.13959588e-03 1.33230242e-03 3.50457156e-03 9.38212829e-01 4.04376178e+00 4.55949266e-02 2.76305479e-01
1.23192026e-03 -1.97081711e-03 -1.09589664e-03 2.14284147e-03 6.53614741e-04 2.40382485e-03 -2.18308831e-03 5.65514316e-06 2.25310140e-03 6.22870712e-01 3.12067902e+00 -5.16931803e-02 2.70381098e-01
6.34152336e-04 -9.99636088e-04 -1.34688868e-03 2.41673436e-03 1.26343830e-03 2.60558286e-03 -2.74412116e-03 1.82510090e-03 2.92485127e-03 9.89912668e-01 4.03099046e+00 4.17331834e-03 2.44547762e-01
1.63496849e-03 -2.60735637e-03 -1.59988612e-03 3.02258709e-03 9.73556794e-04 3.30789818e-03 -2.95343003e-03 -1.94768447e-04 3.02007479e-03 8.51919465e-01 3.62084533e+00 1.57157304e-03 2.72461661e-01
1.03727983e-03 -5.10835809e-04 -9.41006811e-04 2.54251236e-03 1.74736336e-03 2.99577696e-03 -2.78970651e-03 2.06358001e-03 2.98326271e-03 8.08173648e-01 4.16927850e+00 -8.78926123e-03 2.42024101e-01
9.79019922e-04 -1.59746786e-03 -8.81303068e-04 1.76198638e-03 5.58259874e-04 1.84779970e-03 -1.83826652e-03 1.73359591e-04 1.89476504e-03 6.19389460e-01 2.89944034e+00 -6.13130877e-02 2.63502631e-01
6.63172694e-04 -1.27130483e-03 -1.39487370e-03 2.47839446e-03 1.30102489e-03 2.92673937e-03 -2.70491723e-03 1.73558796e-03 2.92528722e-03 9.72424379e-01 3.96861395e+00 -1.48605363e-03 2.52601555e-01
7.60953713e-04 -1.64657428e-03 -1.64019027e-03 2.88229008e-03 1.24208160e-03 2.91303639e-03 -3.20761909e-03 1.85003649e-03 3.37139167e-03 7.74287946e-01 4.08141107e+00 -2.26762948e-02 2.42635953e-01
1.32022494e-03 -2.23095831e-03 -1.23766682e-03 2.46066656e-03 8.62324009e-04 3.04353932e-03 -2.53459411e-03 4.20745678e-04 2.68253270e-03 8.71350946e-01 3.60715466e+00 9.52320416e-03 2.72153405e-01
3.49611656e-04 -1.21631311e-03 -1.34642830e-03 2.20162918e-03 6.65769933e-04 2.92217900e-03 -2.51249420e-03 1.69465761e-03 2.81700788e-03 6.63626256e-01 3.68129128e+00 -4.04548863e-02 2.59684791e-01
1.41457571e-03 -2.37669544e-03 -1.55326723e-03 2.76495834e-03 1.35691916e-03 2.70635724e-03 -2.81781794e-03 4.06059127e-04 2.88087792e-03 9.66067720e-01 3.70948500e+00 8.80855089e-03 2.57409058e-01
1.83918942e-03 -2.52082623e-03 -1.33467877e-03 2.87169765e-03 6.41212811e-04 3.56006160e-03 -2.81946993e-03 -5.06761775e-04 2.85878241e-03 6.76466808e-01 3.46348867e+00 -1.47308767e-02 2.81055011e-01
1.32073308e-03 -3.49493270e-04 -7.26095495e-04 2.36804264e-03 1.87898891e-03 2.32992805e-03 -2.70350933e-03 1.82833015e-03 2.72648855e-03 9.58711817e-01 4.21813169e+00 -4.35024513e-03 2.28926996e-01
2.21617354e-03 3.27019217e-04 1.57550863e-04 2.34107649e-03 2.72903981e-03 3.38550377e-03 -2.48089442e-03 1.97819706e-03 2.70671589e-03 8.22778229e-01 4.16940984e+00 -2.66340133e-02 2.38185215e-01
1.53159725e-03 -2.33329571e-03 -1.77791872e-03 3.41072088e-03 1.46877255e-03 3.76926241e-03 -2.93047168e-03 -3.19027615e-04 2.97104431e-03 8.67351535e-01 3.70185805e+00 3.14140878e-02 2.75200702e-01
7.49838201e-04 -1.37422484e-03 -1.09248429e-03 1.75493703e-03 9.51716589e-04 1.55675557e-03 -1.97162105e-03 7.45204896e-04 1.99913615e-03 6.68620048e-01 3.19168134e+00 -6.98261670e-02 2.40229942e-01
1.06902069e-03 -2.07754317e-03 -1.10037365e-03 2.15892006e-03 3.29543852e-04 3.08793475e-03 -2.46838228e-03 7.78208683e-04 2.69809733e-03 9.21955158e-01 3.52687469e+00 1.04734279e-02 2.74637585e-01
7.01981105e-04 -1.59966860e-03 -1.35040982e-03 2.28574514e-03 1.02347626e-03 2.53415289e-03 -2.46962814e-03 1.23458211e-03 2.63507168e-03 9.01213236e-01 3.59692833e+00 -1.21297193e-02 2.53297370e-01
1.39125663e-03 -2.67470792e-03 -1.64549046e-03 3.13586239e-03 1.03750696e-03 3.56162017e-03 -3.34622252e-03 1.02277686e-03 3.54782956e-03 7.27672694e-01 4.12238895e+00 -5.53994912e-03 2.63296782e-01
1.33099389e-03 -2.30306596e-03 -1.53458894e-03 2.66949445e-03 1.18946987e-03 2.62651026e-03 -2.67623632e-03 2.02847479e-04 2.73634790e-03 9.43853568e-01 3.62158019e+00 4.61210784e-03 2.62159787e-01
3.88480266e-04 -7.67404295e-04 -1.01517517e-03 1.89825949e-03 8.06781392e-04 2.51370292e-03 -2.11779523e-03 1.54829354e-03 2.36497395e-03 6.52409091e-01 3.40323301e+00 -5.64462138e-02 2.54366738e-01
8.11647743e-04 -6.18439543e-04 -9.83572540e-04 2.35465238e-03 1.39320056e-03 3.14502053e-03 -2.61197324e-03 1.98099892e-03 2.89878269e-03 7.98091770e-01 3.90217507e+00 -2.97211712e-02 2.49961900e-01
1.73774432e-03 -2.92875855e-03 -1.97002871e-03 3.47906629e-03 1.43319325e-03 3.48655033e-03 -3.39040419e-03 -1.51173099e-05 3.45432012e-03 9.04184356e-01 3.99997032e+00 3.68255213e-02 2.66303750e-01
1.16435041e-03 -2.37224958e-03 -1.82718824e-03 2.94654103e-03 1.45943892e-03 2.83175709e-03 -3.20337095e-03 1.15747793e-03 3.31477872e-03 9.38116967e-01 4.11976594e+00 1.57365880e-02 2.50145413e-01
8.75998348e-04 -2.08229754e-03 -1.38969315e-03 2.46407754e-03 5.65346247e-04 3.20313713e-03 -2.76699642e-03 1.18826857e-03 3.02939204e-03 7.48637332e-01 3.70031304e+00 -1.79755118e-02 2.66364531e-01
6.09211849e-04 -1.15148967e-03 -1.29700462e-03 2.31018309e-03 1.08271201e-03 2.26624428e-03 -2.60137413e-03 1.58355815e-03 2.71353563e-03 6.80354736e-01 3.80663957e+00 -5.03556729e-02 2.40301654e-01
1.40395266e-03 -2.19897608e-03 -1.13396429e-03 2.38476327e-03 7.93674751e-04 3.00287842e-03 -2.44377784e-03 2.47023809e-04 2.57075633e-03 9.29083839e-01 3.43062090e+00 1.07294644e-02 2.73770075e-01
1.79095636e-03 -2.92367156e-03 -1.84572265e-03 3.42595307e-03 1.54567648e-03 3.85441398e-03 -3.31643305e-03 1.72731447e-04 3.43291581e-03 8.32696910e-01 4.03901458e+00 2.04590890e-02 2.69947913e-01
4.45934088e-04 -8.25124312e-04 -1.28011624e-03 2.41236558e-03 9.87465899e-04 2.78148749e-03 -2.73089784e-03 1.98324148e-03 2.97623564e-03 8.47011630e-01 3.86948273e+00 -1.91817818e-02 2.45357749e-01
1.09106314e-03 -1.96009378e-03 -1.31133232e-03 2.33262356e-03 1.08217944e-03 2.28522954e-03 -2.44349333e-03 6.02824978e-04 2.51773890e-03 9.41730786e-01 3.44697787e+00 -1.60981130e-02 2.53377849e-01
4.22071244e-04 -1.24220369e-03 -1.08317788e-03 1.80032747e-03 5.44831483e-04 2.36006990e-03 -2.01011954e-03 1.15445980e-03 2.22663010e-03 6.11234826e-01 3.30382860e+00 -5.57725183e-02 2.63178104e-01
1.64757385e-03 -2.75732487e-03 -1.58322666e-03 3.01418719e-03 1.00787097e-03 3.37960389e-03 -3.07689832e-03 1.79734503e-04 3.19722695e-03 9.38645345e-01 3.86739556e+00 3.55338651e-02 2.70635153e-01
6.35515071e-04 -1.07806911e-03 -1.29619649e-03 2.44782527e-03 1.20758566e-03 2.72851967e-03 -2.71002311e-03 1.79929144e-03 2.89898335e-03 7.50581358e-01 3.85336028e+00 -3.77382581e-02 2.44647895e-01
7.41197379e-04 -1.27743059e-03 -1.36439102e-03 2.26895201e-03 1.26941819e-03 2.18310345e-03 -2.59805478e-03 1.46444349e-03 2.68711541e-03 7.48548359e-01 3.82323336e+00 -4.44553086e-02 2.39118865e-01
1.94145683e-03 -3.01876505e-03 -1.40471754e-03 3.03781065e-03 5.53421842e-04 3.73361209e-03 -3.28265187e-03 1.14478059e-04 3.42656088e-03 9.58326857e-01 3.89108588e+00 4.82697832e-02 2.75150214e-01
1.26120259e-03 -3.25498351e-04 -5.94378787e-04 2.10897813e-03 1.90547767e-03 2.85364253e-03 -2.30018425e-03 1.71690231e-03 2.51629950e-03 9.51632573e-01 3.87085506e+00 -2.16594333e-02 2.45597785e-01
9.84246115e-04 -1.58613734e-03 -1.04124471e-03 1.89901734e-03 5.16857212e-04 1.83866908e-03 -1.85817441e-03 -2.50163355e-04 1.86606672e-03 5.91402752e-01 2.83740639e+00 -5.57774448e-02 2.69162101e-01
1.25917633e-03 -2.10862463e-03 -1.15134860e-03 2.34341239e-03 7.96965086e-04 2.81275559e-03 -2.43346094e-03 4.37838307e-04 2.56696541e-03 8.96773837e-01 3.49566272e+00 7.52930586e-03 2.69801028e-01
7.28535602e-04 -1.64313662e-03 -1.63203413e-03 2.78182921e-03 1.24232671e-03 2.89622198e-03 -3.08271327e-03 1.76560083e-03 3.25973880e-03 7.27238297e-01 4.04331722e+00 -3.20316987e-02 2.45625346e-01
5.92813379e-04 -1.86728398e-03 -1.67483461e-03 2.71301931e-03 8.22363715e-04 3.32189646e-03 -3.03387351e-03 1.70786361e-03 3.33021224e-03 7.32069375e-01 4.01023863e+00 -9.01528240e-03 2.59903420e-01
1.15577288e-03 -2.24254557e-03 -1.52253038e-03 2.61284354e-03 1.12841127e-03 2.67454661e-03 -2.75356414e-03 7.11210903e-04 2.86863282e-03 8.93063355e-01 3.68501225e+00 -1.06066257e-02 2.56981915e-01
6.56767512e-04 -1.56127443e-03 -1.72112343e-03 2.77694928e-03 1.26110375e-03 2.90251019e-03 -3.14967676e-03 1.88910895e-03 3.34978495e-03 9.85344063e-01 4.11846487e+00 2.89263924e-03 2.44795333e-01
1.28039808e-03 -2.04138046e-03 -1.07101054e-03 2.22122990e-03 7.03293020e-04 2.59642893e-03 -2.30188107e-03 2.33030524e-04 2.40234451e-03 6.43596521e-01 3.35203818e+00 -3.24713747e-02 2.70320957e-01
1.16274157e-03 -2.00217124e-03 -1.13542064e-03 2.14629003e-03 5.79204039e-04 2.18217214e-03 -2.27415188e-03 1.53575934e-04 2.34091853e-03 5.97138782e-01 3.31879111e+00 -4.64531399e-02 2.65580614e-01
6.13109584e-04 -1.13981166e-03 -1.21723985e-03 2.14400221e-03 1.15010470e-03 2.58024142e-03 -2.35530826e-03 1.48842340e-03 2.55279361e-03 9.50644969e-01 3.57105805e+00 -2.03453439e-02 2.50465583e-01
7.81292021e-04 -1.83452611e-03 -1.57043830e-03 2.58725499e-03 1.11732071e-03 2.84481449e-03 -2.85156253e-03 1.43718168e-03 3.04507068e-03 9.39814176e-01 3.91972518e+00 -6.43535179e-04 2.53623802e-01
1.12153872e-03 -2.13374491e-03 -1.29235500e-03 2.41752080e-03 8.04873282e-04 2.73939501e-03 -2.59312198e-03 7.15847319e-04 2.74455906e-03 6.76870740e-01 3.56561816e+00 -2.99074076e-02 2.62855956e-01
9.31029429e-04 -2.12372623e-03 -1.50090805e-03 2.72717137e-03 8.09508477e-04 3.16881334e-03 -2.99691773e-03 1.32793803e-03 3.22276164e-03 7.50522195e-01 3.81953007e+00 -2.61640986e-02 2.58363754e-01
1.05702362e-03 -2.19022001e-03 -1.61191374e-03 2.70925864e-03 1.27765165e-03 2.92756439e-03 -2.87403173e-03 1.06595384e-03 3.03585782e-03 9.37002301e-01 3.95906758e+00 2.32921131e-02 2.58498045e-01
5.67777426e-04 -9.03819954e-04 -1.09598080e-03 2.06922167e-03 1.01722504e-03 2.27101420e-03 -2.32865479e-03 1.52983826e-03 2.48164501e-03 6.98403976e-01 3.60941609e+00 -5.27221135e-02 2.43857749e-01
1.78823561e-03 -2.89937676e-03 -1.63544898e-03 3.18505301e-03 1.10201545e-03 3.63843118e-03 -3.22960872e-03 1.58319594e-04 3.35298233e-03 9.98529490e-01 3.92508385e+00 4.37791565e-02 2.71187891e-01
6.70029126e-04 -1.08466176e-03 -1.39422225e-03 2.48608284e-03 1.31116034e-03 2.66581125e-03 -2.81541835e-03 1.84256259e-03 2.99458391e-03 8.95755795e-01 4.05559926e+00 -5.36555331e-03 2.44133755e-01
1.78435475e-03 -2.86084828e-03 -1.56023568e-03 3.08048169e-03 8.95192078e-04 3.46079721e-03 -3.16393901e-03 3.29902421e-05 3.26991827e-03 7.72952914e-01 3.77704300e+00 8.55182637e-04 2.71049413e-01
6.46229541e-04 -1.11657225e-03 -1.36127975e-03 2.48181088e-03 1.23361512e-03 2.95223390e-03 -2.78279841e-03 1.87362770e-03 3.02509657e-03 8.15032721e-01 3.83436330e+00 -3.46481791e-02 2.46447842e-01
1.81921987e-03 -2.91272802e-03 -1.70522266e-03 3.29501228e-03 1.15860955e-03 3.46146758e-03 -3.31056193e-03 5.29361205e-05 3.39337707e-03 8.86007901e-01 4.07307961e+00 4.48498182e-02 2.69474435e-01
1.49047577e-03 -2.17025719e-03 -1.67978208e-03 3.32910866e-03 1.38722070e-03 3.53838952e-03 -2.82935712e-03 -3.83918019e-04 2.84166535e-03 7.97147960e-01 3.60589401e+00 4.75168679e-03 2.73849876e-01
2.78875408e-03 4.52165904e-04 5.43101836e-04 2.31234705e-03 3.28232196e-03 3.65012863e-03 -2.37573091e-03 1.89073685e-03 2.60465767e-03 8.80055450e-01 4.23287598e+00 -4.88407818e-03 2.39905003e-01
7.97001359e-04 -2.02163727e-03 -1.39025347e-03 2.43221567e-03 4.89675591e-04 3.19313262e-03 -2.75814855e-03 1.25596839e-03 3.03205267e-03 8.59900291e-01 3.75049868e+00 1.23717045e-02 2.67251526e-01
1.28504020e-03 -2.40349901e-03 -1.79687120e-03 3.04811556e-03 1.60899914e-03 2.97867949e-03 -3.23769005e-03 1.12106852e-03 3.33921252e-03 8.20512535e-01 4.08109033e+00 -1.33050329e-02 2.49540693e-01
1.27300689e-03 -2.48371357e-03 -1.54572572e-03 2.82741186e-03 9.95168541e-04 3.32612357e-03 -2.98953333e-03 8.30197565e-04 3.18291783e-03 8.41712863e-01 3.97533164e+00 1.19793626e-02 2.67155509e-01
8.53160273e-04 -1.87278670e-03 -1.55646237e-03 2.72552894e-03 1.13712813e-03 2.90912039e-03 -2.98107413e-03 1.49587566e-03 3.15924090e-03 8.39336207e-01 3.86523020e+00 -1.19376988e-02 2.49182914e-01
1.08849855e-03 -2.26224137e-03 -1.36723172e-03 2.55624908e-03 6.35549262e-04 3.19942124e-03 -2.82014461e-03 9.75492523e-04 3.04718761e-03 7.02356107e-01 3.76926380e+00 -8.97104135e-03 2.67461461e-01
9.14321064e-04 -2.01418409e-03 -1.65249906e-03 2.63433723e-03 1.25561322e-03 2.62448190e-03 -2.89006007e-03 1.23076248e-03 3.02145543e-03 9.14606484e-01 3.87670456e+00 -1.33566825e-02 2.48878151e-01
5.47786929e-04 -1.62641716e-03 -1.62714758e-03 2.62020816e-03 9.36767144e-04 2.90565606e-03 -2.95725525e-03 1.74031860e-03 3.19562886e-03 8.73374787e-01 3.93626912e+00 -8.52013335e-03 2.50807900e-01
1.51517278e-03 -2.58966642e-03 -1.54459025e-03 2.97801323e-03 1.23485181e-03 3.35885086e-03 -3.05038058e-03 6.05864593e-04 3.19441978e-03 7.99583607e-01 3.92459855e+00 5.92198397e-03 2.65455601e-01
8.18350942e-04 -2.11520066e-03 -1.51056180e-03 2.58967012e-03 5.71830210e-04 3.72232122e-03 -2.95175055e-03 1.47090043e-03 3.29403681e-03 8.54409470e-01 3.93390075e+00 2.30240021e-02 2.70784771e-01
1.37401855e-03 -2.35817722e-03 -1.64920749e-03 2.85852171e-03 1.48347286e-03 2.56860930e-03 -3.08853215e-03 8.72705521e-04 3.12984613e-03 8.33388144e-01 3.93190860e+00 -1.99541365e-02 2.45590107e-01
8.64925287e-04 -1.55656259e-03 -1.13304967e-03 1.96398316e-03 9.84118110e-04 1.84587019e-03 -2.13997573e-03 7.48594285e-04 2.19048788e-03 6.62404153e-01 3.29449650e+00 -6.47867823e-02 2.45650968e-01
9.00292004e-04 -1.95952643e-03 -1.25037663e-03 2.30676593e-03 5.95334146e-04 3.16274688e-03 -2.56133796e-03 1.08257704e-03 2.81581356e-03 9.55378140e-01 3.65851131e+00 1.68292007e-02 2.70270375e-01
9.95960206e-04 -1.50043805e-03 -1.42966389e-03 2.45575708e-03 1.60983752e-03 2.40641162e-03 -2.74309364e-03 1.41673774e-03 2.80505439e-03 7.27921132e-01 3.95287200e+00 -4.81423554e-02 2.40649131e-01
1.67312804e-03 -2.60920549e-03 -1.09675353e-03 2.50416961e-03 1.99767627e-04 3.08284687e-03 -2.84000424e-03 1.64153943e-04 2.97099305e-03 9.53826400e-01 3.58805736e+00 4.04402456e-02 2.74400042e-01
1.31667361e-03 -2.42250815e-03 -1.71472421e-03 2.82550033e-03 1.38411161e-03 2.51922446e-03 -3.08072315e-03 8.15696039e-04 3.13256838e-03 6.95739791e-01 3.97231459e+00 -3.43324893e-02 2.48062722e-01
5.58895537e-04 -1.61213974e-03 -1.25222477e-03 2.06818123e-03 4.89312081e-04 2.91695284e-03 -2.35064679e-03 1.24993387e-03 2.62963700e-03 9.11340411e-01 3.46504626e+00 1.02225163e-03 2.68272694e-01
1.05578552e-03 -2.24153042e-03 -1.64069675e-03 2.91543326e-03 1.10383751e-03 2.98257726e-03 -3.16386885e-03 1.28256946e-03 3.32185982e-03 8.85941740e-01 3.92883802e+00 -4.99891579e-03 2.51104063e-01
9.75302633e-04 -2.16564679e-03 -1.53191726e-03 2.64974156e-03 1.02024706e-03 3.24475934e-03 -2.82766956e-03 1.14329726e-03 3.05872228e-03 7.89951999e-01 3.92094818e+00 2.92882357e-03 2.65445247e-01
4.73999585e-04 -1.38458638e-03 -1.56572283e-03 2.57397501e-03 9.63432290e-04 3.01355941e-03 -2.90879473e-03 1.88575733e-03 3.18085762e-03 8.73098839e-01 3.87252480e+00 -1.61624833e-02 2.50103419e-01
1.60117565e-03 -2.74391461e-03 -1.67985097e-03 3.07281270e-03 1.24939492e-03 3.26979856e-03 -3.13665354e-03 3.49797372e-04 3.24721024e-03 7.95179974e-01 3.99792650e+00 1.40651775e-02 2.66188773e-01
4.26565674e-04 -1.32048229e-03 -1.48111791e-03 2.43829256e-03 8.62191273e-04 3.25755270e-03 -2.75126980e-03 1.86076462e-03 3.08231180e-03 6.94480047e-01 3.81996856e+00 -3.06292573e-02 2.58852588e-01
1.33302466e-03 -2.24276988e-03 -1.44622839e-03 2.60496807e-03 1.19277382e-03 2.48822338e-03 -2.66823426e-03 3.51672264e-04 2.72006066e-03 9.12881026e-01 3.64791467e+00 -1.66931958e-03 2.58012789e-01
1.82821882e-03 -3.08669530e-03 -1.70868614e-03 3.32736214e-03 1.02817938e-03 3.86032157e-03 -3.45641708e-03 3.41655900e-04 3.61650043e-03 7.36729800e-01 4.15165987e+00 1.08315658e-02 2.71322040e-01
5.16169430e-04 -1.23510894e-03 -1.36886776e-03 2.25497919e-03 9.99762333e-04 2.37257318e-03 -2.53822285e-03 1.54017107e-03 2.70026361e-03 8.95381223e-01 3.64622397e+00 -2.23198761e-02 2.43904386e-01
1.64214090e-03 -2.69638920e-03 -1.40056433e-03 2.82737215e-03 6.82936809e-04 3.11026659e-03 -3.00522360e-03 1.76915952e-04 3.11432804e-03 8.44453739e-01 3.81304883e+00 1.51716413e-02 2.69949149e-01
7.72253020e-04 -1.46717439e-03 -1.54410890e-03 2.61912420e-03 1.39944182e-03 2.89190984e-03 -2.92323209e-03 1.74771263e-03 3.11485876e-03 8.30329834e-01 3.96492682e+00 -1.64410414e-02 2.45822016e-01
9.38278255e-04 -1.95255973e-03 -1.48772653e-03 2.54476114e-03 1.17168764e-03 2.79527063e-03 -2.74046162e-03 1.17514102e-03 2.90482614e-03 9.58228959e-01 3.66508689e+00 -1.48695165e-02 2.52538462e-01
8.82652514e-04 -1.73478549e-03 -1.07266121e-03 2.03520175e-03 6.33536522e-04 2.35526054e-03 -2.20596970e-03 7.38590253e-04 2.34896224e-03 6.09811280e-01 3.44912577e+00 -3.94294034e-02 2.64374300e-01
1.20269517e-03 -2.10187096e-03 -1.32879878e-03 2.46709663e-03 1.06147751e-03 2.47687982e-03 -2.58616247e-03 5.96117717e-04 2.67061025e-03 7.48600173e-01 3.55195992e+00 -2.84077572e-02 2.55978369e-01
7.14338482e-04 -2.03737565e-03 -1.83774386e-03 3.01173884e-03 1.06044409e-03 3.79877020e-03 -3.34882267e-03 1.92993783e-03 3.69096037e-03 9.45130952e-01 4.26029416e+00 2.72986385e-02 2.60940508e-01
1.20938866e-03 -2.32406204e-03 -1.68277159e-03 2.77913750e-03 1.45633812e-03 2.83187234e-03 -2.90746333e-03 8.46953560e-04 3.02075256e-03 9.80126976e-01 3.74637149e+00 -7.55484588e-03 2.52433471e-01
4.63183259e-04 -1.45937742e-03 -1.12287397e-03 1.85270406e-03 3.03311435e-04 2.34765665e-03 -2.13296456e-03 1.07579983e-03 2.34889745e-03 6.08322588e-01 3.37368585e+00 -4.25448475e-02 2.65067978e-01
6.95429710e-04 -5.51365771e-04 -8.95643517e-04 2.08265945e-03 1.24474963e-03 3.06667248e-03 -2.30466438e-03 1.81353269e-03 2.62378693e-03 9.81614851e-01 3.70121852e+00 4.38109443e-03 2.56753299e-01
1.20470388e-03 -2.07350948e-03 -1.43975881e-03 2.40055956e-03 1.01963131e-03 2.19946972e-03 -2.39779388e-03 -2.96741521e-05 2.41853529e-03 6.27309981e-01 3.32721801e+00 -5.50701636e-02 2.60119338e-01
6.82041485e-04 -1.72733556e-03 -1.28582859e-03 2.16398246e-03 6.50373878e-04 2.49831415e-03 -2.39468923e-03 1.05926170e-03 2.58315168e-03 6.38019525e-01 3.49124591e+00 -4.96541792e-02 2.59474066e-01
9.58723178e-04 -1.89786739e-03 -1.34583464e-03 2.36239996e-03 1.06651683e-03 2.57917201e-03 -2.51668292e-03 9.37693055e-04 2.65628204e-03 9.57511631e-01 3.61633199e+00 -3.03748478e-04 2.57075809e-01
7.71199579e-04 -1.90665616e-03 -1.56789023e-03 2.54039288e-03 9.33968713e-04 2.47613727e-03 -2.83352150e-03 1.25860280e-03 2.97067035e-03 7.49980363e-01 3.67700325e+00 -3.58354210e-02 2.45608018e-01
1.20557690e-03 -2.35746409e-03 -1.45776428e-03 2.69223451e-03 9.71182895e-04 3.40396531e-03 -2.84190444e-03 8.85065646e-04 3.06275424e-03 9.12194905e-01 3.94985576e+00 2.52302763e-02 2.70363728e-01
1.03833442e-03 -2.14917785e-03 -1.50243697e-03 2.61268460e-03 1.14852680e-03 3.08692490e-03 -2.74644678e-03 1.01959200e-03 2.94384943e-03 1.03087547e+00 3.73901747e+00 2.77662227e-02 2.61985631e-01
6.92995178e-04 -1.63122351e-03 -1.22734628e-03 2.11793661e-03 6.72645617e-04 2.25359128e-03 -2.36218407e-03 1.04707390e-03 2.50798571e-03 6.40912139e-01 3.50858746e+00 -5.68436192e-02 2.54548087e-01
9.46996725e-04 -5.55073266e-04 -9.21962037e-04 2.15232343e-03 1.47717374e-03 2.12812630e-03 -2.49634740e-03 1.65613064e-03 2.56689440e-03 9.61066324e-01 3.95054224e+00 -9.08415770e-03 2.32763233e-01
1.79544504e-03 -2.57993271e-03 -1.37050973e-03 2.86198318e-03 6.58503934e-04 3.44751183e-03 -2.85594326e-03 -3.91152104e-04 2.91172074e-03 6.42716445e-01 3.51594762e+00 -2.41701412e-02 2.78732442e-01
1.45833023e-03 -2.56386549e-03 -1.53633661e-03 2.87496823e-03 1.12798574e-03 3.18948564e-03 -2.98312360e-03 5.54394215e-04 3.12319714e-03 9.07934892e-01 3.82945488e+00 8.75733912e-03 2.64604318e-01
5.08961121e-04 -1.52507387e-03 -1.55645866e-03 2.49437826e-03 9.18255240e-04 2.79187047e-03 -2.80759350e-03 1.67200018e-03 3.03730830e-03 7.47765353e-01 3.87542577e+00 -2.11595165e-02 2.51744323e-01
1.21327388e-03 -2.17078094e-03 -1.34060420e-03 2.51735992e-03 1.03528183e-03 2.77250650e-03 -2.63015931e-03 6.59997392e-04 2.75912041e-03 8.80251652e-01 3.61633966e+00 -9.37967892e-03 2.61509493e-01
6.34429358e-04 -1.91054867e-03 -1.76653359e-03 2.81165767e-03 9.75888705e-04 3.19314394e-03 -3.14473985e-03 1.73481636e-03 3.40558754e-03 7.44385128e-01 4.08341487e+00 -1.03307416e-02 2.55069496e-01
1.38504924e-03 -2.67178070e-03 -1.56808466e-03 3.07698191e-03 8.51571859e-04 3.66537837e-03 -3.32243894e-03 1.03082380e-03 3.54725508e-03 8.64190335e-01 4.02413377e+00 1.59436788e-02 2.65338575e-01
8.29526731e-04 -1.81533486e-03 -1.53014257e-03 2.48624199e-03 1.20858773e-03 2.59623711e-03 -2.72167404e-03 1.27512223e-03 2.86911748e-03 8.23544491e-01 3.84334539e+00 -1.44654123e-02 2.51195782e-01
9.49229031e-04 -1.93325731e-03 -1.15015962e-03 2.14653490e-03 5.32718839e-04 2.54718340e-03 -2.35145016e-03 6.98218731e-04 2.51668120e-03 9.58993796e-01 3.50688314e+00 2.03662633e-02 2.67591840e-01
6.88600512e-04 -1.35330245e-03 -1.08087366e-03 1.87547131e-03 9.49259907e-04 2.01151087e-03 -2.01184430e-03 9.19065543e-04 2.11609964e-03 6.63223449e-01 3.18396345e+00 -7.55367399e-02 2.48880047e-01
1.49349714e-03 -2.70867477e-03 -1.79296286e-03 3.11721283e-03 1.46785210e-03 3.20150278e-03 -3.22538685e-03 6.70625888e-04 3.34331924e-03 8.01433784e-01 4.06912673e+00 9.96972755e-04 2.59781288e-01
5.23131082e-04 -1.52873906e-03 -1.45318188e-03 2.48446326e-03 7.62490204e-04 3.08470671e-03 -2.78934249e-03 1.70565799e-03 3.06886886e-03 8.72041298e-01 3.78957324e+00 -4.20311690e-03 2.57102330e-01
1.28600617e-03 -2.32907296e-03 -1.49495960e-03 2.56111712e-03 9.72472766e-04 2.31802839e-03 -2.72089156e-03 3.18300296e-04 2.77165164e-03 6.59586256e-01 3.62033706e+00 -3.37117180e-02 2.56211900e-01
4.61212634e-04 -1.27150348e-03 -1.37730998e-03 2.25889090e-03 9.29615377e-04 3.07376948e-03 -2.51782712e-03 1.67472938e-03 2.82445287e-03 9.22592328e-01 3.69984822e+00 -9.94602216e-03 2.60499321e-01
1.33496220e-03 -2.38215300e-03 -1.34410570e-03 2.62323315e-03 7.82833331e-04 2.88659197e-03 -2.81550699e-03 5.83018045e-04 2.95148057e-03 7.27874751e-01 3.87207233e+00 -5.92996794e-03 2.66215143e-01
8.67141329e-04 -2.00482231e-03 -1.72103886e-03 2.83502706e-03 1.30766580e-03 3.19668490e-03 -3.08906086e-03 1.56945018e-03 3.30998276e-03 9.45347408e-01 3.89277753e+00 2.06359162e-03 2.50923258e-01
6.84726930e-04 -1.28496484e-03 -9.41599406e-04 1.62157917e-03 8.59659545e-04 1.71165869e-03 -1.69664937e-03 5.97776927e-04 1.77075853e-03 6.60862635e-01 2.89298285e+00 -8.23297419e-02 2.51381228e-01
8.88495671e-04 -2.23984937e-03 -1.52888639e-03 2.68510738e-03 5.34835102e-04 3.29810345e-03 -3.03871071e-03 1.31791906e-03 3.30773708e-03 1.05308132e+00 4.01523732e+00 5.20141197e-02 2.65790344e-01
3.26987510e-04 -1.03201453e-03 -1.11654302e-03 1.78680702e-03 6.30279834e-04 2.02359875e-03 -2.02559625e-03 1.25397263e-03 2.19783591e-03 6.57508924e-01 3.20216687e+00 -7.39036381e-02 2.48651960e-01
1.29196212e-03 -2.22901477e-03 -1.34806981e-03 2.49455232e-03 1.01547271e-03 2.74149150e-03 -2.55207317e-03 3.57821851e-04 2.65913461e-03 9.88695319e-01 3.63726797e+00 2.70354496e-02 2.67246283e-01
6.68435213e-04 -1.42331920e-03 -9.69864958e-04 1.79140449e-03 5.53353508e-04 1.95651882e-03 -1.96346284e-03 7.87741404e-04 2.08273737e-03 6.26464970e-01 3.14447965e+00 -5.85373847e-02 2.56704869e-01
8.89838740e-04 -1.88771147e-03 -1.42562807e-03 2.44964043e-03 1.15207043e-03 2.84850005e-03 -2.57755592e-03 1.09862923e-03 2.75947241e-03 9.47685713e-01 3.69940658e+00 -6.57089855e-03 2.59639810e-01
8.20077892e-04 -1.10371753e-03 -1.23223741e-03 2.29380102e-03 1.27414061e-03 2.11034311e-03 -2.65136214e-03 1.54415695e-03 2.70163960e-03 8.75168425e-01 3.92341064e+00 -1.64269179e-02 2.35392954e-01
2.10086857e-03 -3.14485605e-03 -1.48162013e-03 3.22604319e-03 7.68445212e-04 4.18132527e-03 -3.38742486e-03 4.37186126e-05 3.54015980e-03 7.96443817e-01 3.93768178e+00 1.57146779e-02 2.77515960e-01
1.36996368e-03 -2.33241371e-03 -1.30725655e-03 2.58331769e-03 9.18745410e-04 3.18270254e-03 -2.66252905e-03 4.68357459e-04 2.81835264e-03 6.34637560e-01 3.65684959e+00 -3.30848540e-02 2.70992469e-01
6.14010656e-04 -1.29867866e-03 -1.28245700e-03 2.25057814e-03 9.69631329e-04 2.28532855e-03 -2.52196981e-03 1.44658507e-03 2.65181285e-03 9.56154996e-01 3.66199114e+00 -9.05630880e-03 2.43859251e-01
4.28270345e-04 -1.37485434e-03 -1.28601034e-03 2.08114071e-03 6.42046124e-04 2.42760710e-03 -2.33408926e-03 1.33550482e-03 2.54369538e-03 9.06833325e-01 3.42216147e+00 -1.70874086e-02 2.54513296e-01
1.44361476e-03 -2.63576773e-03 -1.71995533e-03 3.10026588e-03 1.39055721e-03 3.33362722e-03 -3.19758971e-03 7.77927288e-04 3.34153795e-03 6.77933855e-01 4.10016745e+00 -1.84803049e-02 2.62041375e-01
1.02597896e-03 -2.12566895e-03 -1.49428086e-03 2.60843322e-03 1.03390385e-03 2.73806718e-03 -2.79478785e-03 9.77376937e-04 2.93874915e-03 8.66470600e-01 3.88811649e+00 -1.68838213e-03 2.58505534e-01
9.16094814e-04 -2.17936025e-03 -1.63922528e-03 2.79032487e-03 1.01529636e-03 3.30513274e-03 -3.03810438e-03 1.38033121e-03 3.28427139e-03 7.81840430e-01 3.85342545e+00 -9.97459859e-03 2.58473186e-01
8.85968238e-04 -3.63222733e-04 -6.32370824e-04 1.88401617e-03 1.46126535e-03 2.59216326e-03 -2.02819933e-03 1.56371623e-03 2.24185266e-03 6.58836866e-01 3.58643585e+00 -6.46552807e-02 2.49519760e-01
1.43548092e-03 -2.44705626e-03 -1.62542473e-03 2.84562191e-03 9.04073848e-04 2.70916352e-03 -2.82183193e-03 -2.07044976e-04 2.85443996e-03 1.00531318e+00 3.51963246e+00 3.16323545e-02 2.66542177e-01
1.26018483e-03 -2.12220609e-03 -1.15421405e-03 2.34974830e-03 7.13965992e-04 2.57806318e-03 -2.47994782e-03 4.04517402e-04 2.58627634e-03 6.77784812e-01 3.38532443e+00 -3.87226180e-02 2.64033664e-01
8.36018360e-04 -1.69762036e-03 -1.63990748e-03 2.80546340e-03 1.43389147e-03 3.15595545e-03 -3.08083168e-03 1.76814253e-03 3.29266948e-03 9.91892281e-01 4.20732636e+00 2.16893220e-02 2.52397962e-01
1.46401427e-03 -1.28269505e-04 -3.33705792e-04 2.09489611e-03 2.06425219e-03 2.79998270e-03 -2.22705190e-03 1.69679109e-03 2.39692165e-03 9.47945408e-01 3.85405349e+00 -2.31599357e-02 2.41487729e-01
1.23311609e-03 -1.86187074e-03 -1.19862661e-03 2.30775755e-03 6.81379742e-04 2.36973695e-03 -2.19869915e-03 -3.33305555e-04 2.20883319e-03 5.93841244e-01 3.11248962e+00 -4.26567834e-02 2.72413419e-01
1.94954797e-03 -3.07407038e-03 -1.73529694e-03 3.40911203e-03 1.04319519e-03 3.58033869e-03 -3.46382929e-03 -5.62678925e-05 3.54111098e-03 9.35715087e-01 4.08719321e+00 4.78468682e-02 2.70207341e-01
6.29827964e-04 -9.07505035e-04 -1.19492119e-03 2.26727442e-03 1.26311541e-03 2.67622802e-03 -2.50832179e-03 1.72868282e-03 2.71378011e-03 7.72061694e-01 3.71268569e+00 -4.04290517e-02 2.45408003e-01
1.58523011e-03 -2.48386054e-03 -1.24301049e-03 2.63856796e-03 7.97015800e-04 3.36449250e-03 -2.74386904e-03 2.73877505e-04 2.89059926e-03 9.77866916e-01 3.60408836e+00 3.78277385e-02 2.74457333e-01
6.94810747e-04 -1.27829346e-03 -1.40486219e-03 2.47427658e-03 1.20856806e-03 2.36883945e-03 -2.79089575e-03 1.64953530e-03 2.89215223e-03 7.08694319e-01 3.96780896e+00 -4.74972652e-02 2.39770575e-01
1.40828218e-03 -2.41831081e-03 -1.64577859e-03 2.85489740e-03 1.14084731e-03 2.90599708e-03 -2.77226409e-03 -6.29382089e-05 2.83039968e-03 7.33131261e-01 3.64502721e+00 -1.47234690e-02 2.68087164e-01
9.75767274e-04 -6.60568538e-04 -1.10812154e-03 2.73126876e-03 1.65386527e-03 3.57839454e-03 -3.03513888e-03 2.30165191e-03 3.35481533e-03 9.51844224e-01 4.17734984e+00 1.23642981e-02 2.47578442e-01
8.07520081e-04 -1.48248898e-03 -1.48576920e-03 2.61986037e-03 1.45186174e-03 2.91193120e-03 -2.85001302e-03 1.67848283e-03 3.02697552e-03 8.80313332e-01 3.96832107e+00 -1.84850385e-02 2.48036357e-01
1.59137481e-03 -2.76609094e-03 -1.47548711e-03 2.91623946e-03 6.74084607e-04 3.21492246e-03 -3.13802737e-03 3.70969956e-04 3.27498191e-03 7.76578468e-01 3.86279412e+00 1.36073289e-02 2.68075565e-01
6.60993947e-04 -1.32251830e-03 -1.27875942e-03 2.07514205e-03 1.09847662e-03 2.09555274e-03 -2.33179198e-03 1.24416771e-03 2.43808287e-03 6.80669544e-01 3.53784007e+00 -6.25847432e-02 2.43078209e-01
1.45530253e-03 -2.34372423e-03 -1.12171042e-03 2.42983858e-03 5.32109271e-04 2.95075239e-03 -2.62882367e-03 3.24324889e-04 2.76361161e-03 9.59328338e-01 3.57506391e+00 2.80438644e-02 2.72176529e-01
6.06203233e-04 -1.18237365e-03 -1.30784609e-03 2.20433523e-03 1.06490341e-03 2.19798885e-03 -2.52183909e-03 1.50034080e-03 2.64494033e-03 7.32639506e-01 3.68833489e+00 -5.15936002e-02 2.39917685e-01
1.89313330e-03 -3.02692492e-03 -1.55821442e-03 3.19347012e-03 8.80780970e-04 3.87392035e-03 -3.32561771e-03 1.92052014e-04 3.47867003e-03 9.90748368e-01 4.01844241e+00 5.85017923e-02 2.74390663e-01
1.08355792e-03 -1.82485146e-03 -1.16869745e-03 2.12376991e-03 1.00297188e-03 2.18995826e-03 -2.14632046e-03 3.10272150e-04 2.20963053e-03 6.43389083e-01 3.21883137e+00 -5.67993306e-02 2.59837735e-01
3.79281346e-04 -1.32872172e-03 -1.51233421e-03 2.46347601e-03 7.80610093e-04 3.08012938e-03 -2.80298112e-03 1.87232949e-03 3.11312085e-03 9.84075298e-01 3.91251558e+00 1.34372799e-02 2.56992036e-01
1.11803301e-03 -2.32669885e-03 -1.48990446e-03 2.70205063e-03 8.47377624e-04 3.12501560e-03 -2.93252426e-03 9.92474079e-04 3.13321175e-03 9.70556217e-01 3.92378878e+00 2.75412442e-02 2.64385046e-01
7.58413833e-04 -1.65162129e-03 -1.28697486e-03 2.16481405e-03 9.50238690e-04 2.35056827e-03 -2.35546473e-03 1.04007191e-03 2.49805420e-03 6.84635095e-01 3.43793196e+00 -5.26010195e-02 2.52363203e-01
6.98977796e-04 -3.84734297e-04 -7.57237790e-04 1.88398222e-03 1.19690762e-03 2.27266256e-03 -2.10862668e-03 1.57417215e-03 2.28418904e-03 6.60899170e-01 3.54294767e+00 -6.58406061e-02 2.41681780e-01
1.20726176e-03 -1.98057186e-03 -1.28594840e-03 2.35299511e-03 8.48298478e-04 2.56306659e-03 -2.26103895e-03 -1.19826932e-04 2.31509397e-03 9.20582256e-01 3.23996345e+00 4.33580943e-03 2.72406184e-01
7.02478753e-04 -1.94156083e-03 -1.62325370e-03 2.64082405e-03 8.54660907e-04 2.82346508e-03 -2.94342746e-03 1.43082486e-03 3.14589175e-03 9.60534520e-01 3.77481638e+00 -7.00266613e-03 2.51440015e-01
9.83072988e-04 -1.78861897e-03 -1.13928168e-03 2.15615811e-03 9.48620700e-04 2.52274951e-03 -2.22957109e-03 6.98127532e-04 2.36559805e-03 6.31659389e-01 3.49515718e+00 -3.71077977e-02 2.64900820e-01
3.11007615e-04 -7.90457120e-04 -1.00167633e-03 1.83702273e-03 5.66528407e-04 2.43179261e-03 -2.10486964e-03 1.52347591e-03 2.35541085e-03 6.31801174e-01 3.39228256e+00 -5.87368796e-02 2.56213454e-01
1.31016228e-03 -2.31335568e-03 -1.62046249e-03 2.73210892e-03 1.42082080e-03 2.78997013e-03 -2.69938620e-03 3.24097760e-04 2.77605874e-03 9.90857846e-01 3.62372226e+00 1.05262090e-02 2.60836758e-01
1.65389559e-03 -2.80613863e-03 -1.54992181e-03 3.07574665e-03 1.09210809e-03 3.82636922e-03 -3.19082632e-03 5.85599863e-04 3.38472967e-03 7.43004427e-01 3.82288623e+00 -1.87294544e-02 2.69273310e-01
5.45347120e-04 -1.47282384e-03 -1.48957253e-03 2.32766109e-03 9.16002435e-04 2.22861594e-03 -2.66262475e-03 1.45046140e-03 2.79313501e-03 9.17631938e-01 3.91034635e+00 7.79596596e-03 2.46786783e-01
6.05972819e-04 -1.28484275e-03 -1.34267793e-03 2.39160781e-03 1.08121121e-03 2.68617068e-03 -2.63938447e-03 1.63846941e-03 2.83287573e-03 8.39595128e-01 3.78784068e+00 -1.83189744e-02 2.48866626e-01
1.78466759e-03 -2.96183747e-03 -1.68269813e-03 3.34545579e-03 1.24034649e-03 3.75821307e-03 -3.42704848e-03 5.02059564e-04 3.57530261e-03 8.44671819e-01 4.10708484e+00 2.03475958e-02 2.67168386e-01
6.80654982e-04 -1.42433106e-03 -1.47177308e-03 2.51828886e-03 1.21646291e-03 2.89020309e-03 -2.79926509e-03 1.70151750e-03 3.01373130e-03 7.43396367e-01 3.91331156e+00 -3.21036645e-02 2.50084740e-01
1.47060330e-03 -2.59718341e-03 -1.49515023e-03 2.81696640e-03 8.58784051e-04 3.02010168e-03 -2.96608255e-03 3.65307474e-04 3.08716639e-03 9.28646229e-01 3.77366000e+00 2.35506942e-02 2.66166091e-01
1.05026115e-03 -1.69034503e-03 -9.65403084e-04 1.87825294e-03 6.45960553e-04 1.92719515e-03 -1.93273937e-03 1.03350228e-04 1.97970138e-03 6.10774442e-01 2.99803390e+00 -6.80191522e-02 2.63801239e-01
5.98665759e-04 -1.01600579e-03 -1.19148820e-03 2.18486697e-03 1.14222448e-03 2.67592697e-03 -2.42152807e-03 1.62235233e-03 2.64067502e-03 1.00887878e+00 3.72679468e+00 6.30090141e-03 2.52070057e-01
1.41759526e-03 -2.29380969e-03 -1.14405786e-03 2.40858640e-03 6.51578635e-04 3.02109849e-03 -2.55690651e-03 3.30799274e-04 2.69961419e-03 9.73598370e-01 3.53890002e+00 3.24584777e-02 2.73423076e-01
5.87075092e-04 -1.37604347e-03 -1.41912658e-03 2.22218590e-03 1.02046484e-03 2.14359375e-03 -2.54142804e-03 1.39166056e-03 2.65551549e-03 6.82109638e-01 3.68086972e+00 -6.06059325e-02 2.41244338e-01
7.22454790e-04 -1.83132146e-03 -1.77459878e-03 2.86959442e-03 1.31296851e-03 3.41191937e-03 -3.15198764e-03 1.83289561e-03 3.42800830e-03 7.28084816e-01 4.24588145e+00 -1.29580727e-02 2.57074425e-01
1.20218003e-03 -2.18525125e-03 -1.29904775e-03 2.43945609e-03 7.73415703e-04 2.49851981e-03 -2.59429328e-03 4.73452630e-04 2.69448999e-03 8.94551481e-01 3.44769975e+00 -8.45984264e-03 2.59749060e-01
1.10004701e-03 -2.07980278e-03 -1.28311476e-03 2.38599913e-03 9.18763854e-04 2.90775055e-03 -2.50594263e-03 7.37790780e-04 2.68024782e-03 9.40569839e-01 3.47544840e+00 -1.04090782e-02 2.65255738e-01
4.42285858e-04 -1.17403797e-03 -1.03508062e-03 1.65880243e-03 6.02352704e-04 1.68206010e-03 -1.86116831e-03 9.21800317e-04 1.96646464e-03 6.23062636e-01 3.19626553e+00 -6.28258315e-02 2.50799254e-01
7.66800245e-04 -1.66820321e-03 -1.19671218e-03 2.01797317e-03 7.96465813e-04 2.18437655e-03 -2.17461700e-03 7.86287081e-04 2.30236428e-03 6.34597036e-01 3.35846097e+00 -5.74655108e-02 2.57939927e-01
8.35876246e-04 -1.92517196e-03 -1.43447390e-03 2.48817401e-03 8.85828585e-04 2.88325845e-03 -2.72377618e-03 1.23101419e-03 2.92932173e-03 9.93099742e-01 3.72438552e+00 1.23168603e-02 2.58574496e-01
1.30574022e-03 -2.24219154e-03 -1.08597898e-03 2.30921618e-03 3.58273773e-04 2.78720769e-03 -2.56398022e-03 4.29454636e-04 2.70814914e-03 6.64804238e-01 3.46456007e+00 -2.62757408e-02 2.70256950e-01
9.66335817e-04 -1.77161811e-03 -1.66403501e-03 2.77552841e-03 1.64721748e-03 2.82053640e-03 -3.03258838e-03 1.56806412e-03 3.15291318e-03 9.82519118e-01 4.11612289e+00 6.07356938e-03 2.45521220e-01
1.62398310e-03 -2.31682608e-03 -1.03520976e-03 2.31573619e-03 2.98481325e-04 2.78215781e-03 -2.48815766e-03 -2.61988253e-04 2.54601840e-03 6.48964612e-01 3.29035286e+00 -2.28140298e-02 2.77410906e-01
1.07659324e-03 -1.18874571e-03 -1.42084532e-03 2.64936169e-03 1.74646007e-03 2.52874281e-03 -3.07820700e-03 1.82822542e-03 3.14551180e-03 9.82370153e-01 4.28577608e+00 -1.14947726e-03 2.35158775e-01
1.48363932e-03 -2.44526331e-03 -1.35768983e-03 2.67658529e-03 7.86932592e-04 2.76107965e-03 -2.79355411e-03 1.82096147e-04 2.87302336e-03 6.52327067e-01 3.73230232e+00 -1.78271782e-02 2.66959505e-01
6.33277195e-04 -1.31558629e-03 -1.44324239e-03 2.48297034e-03 1.27249786e-03 2.95067019e-03 -2.71961490e-03 1.73205374e-03 2.95021225e-03 9.54157790e-01 3.78279197e+00 -1.13946285e-02 2.49469575e-01
7.88828768e-04 -1.80691856e-03 -1.47380741e-03 2.50457515e-03 1.04040499e-03 2.83664825e-03 -2.73889555e-03 1.35322266e-03 2.93577769e-03 9.02123596e-01 3.72805920e+00 -1.60962758e-02 2.53839898e-01
1.28161562e-03 -2.37149476e-03 -1.46837365e-03 2.82219829e-03 1.05445863e-03 3.15265203e-03 -2.97584016e-03 8.94207121e-04 3.13979299e-03 7.12890325e-01 3.95303166e+00 -5.59316524e-03 2.62854425e-01
1.24710448e-03 -2.23287166e-03 -1.34537844e-03 2.59249405e-03 9.31614711e-04 2.70283419e-03 -2.74756024e-03 6.72086044e-04 2.86245419e-03 9.42763072e-01 3.85620375e+00 3.62621698e-02 2.62444090e-01
8.55294444e-04 -1.95527190e-03 -1.60577275e-03 2.72854061e-03 1.18698387e-03 3.27150714e-03 -2.95842349e-03 1.50931256e-03 3.20137555e-03 7.42303349e-01 3.80479701e+00 -4.07708284e-02 2.54986951e-01
9.13060227e-04 -1.85745892e-03 -1.60438860e-03 2.73421973e-03 1.40015621e-03 2.99525604e-03 -2.96447045e-03 1.50868281e-03 3.14187951e-03 1.01297053e+00 3.95925596e+00 9.78180608e-03 2.50555870e-01
1.02652125e-03 -1.86180670e-03 -1.02886733e-03 2.04431037e-03 5.42496381e-04 2.34933864e-03 -2.21992955e-03 5.29593933e-04 2.34551098e-03 6.23370007e-01 3.33284611e+00 -4.53624713e-02 2.65738760e-01
4.36906572e-04 -1.25783204e-03 -1.55221467e-03 2.83517846e-03 8.69555334e-04 3.51335349e-03 -3.19592155e-03 2.26862502e-03 3.53598084e-03 1.02383027e+00 4.18816547e+00 3.72879555e-02 2.54626793e-01
1.15772166e-03 -2.00570303e-03 -1.33857865e-03 2.32443431e-03 1.18503973e-03 2.49173085e-03 -2.30812461e-03 3.06453143e-04 2.38999093e-03 6.71642782e-01 3.34757545e+00 -5.07926381e-02 2.62224418e-01
5.72506630e-04 -1.51996625e-03 -1.57963928e-03 2.68907489e-03 9.97903136e-04 3.48439845e-03 -3.01852269e-03 1.95960386e-03 3.34923834e-03 9.00329953e-01 4.04446291e+00 4.43361219e-03 2.58380254e-01
1.34547946e-03 -2.47095363e-03 -1.62481457e-03 2.78967300e-03 1.16297573e-03 2.71978150e-03 -2.90468929e-03 4.39421349e-04 2.98832782e-03 7.68898498e-01 3.75150016e+00 -1.07704854e-02 2.58587657e-01
8.68307561e-04 -2.05723060e-03 -1.55049277e-03 2.64092810e-03 9.76237656e-04 3.22245172e-03 -2.87233678e-03 1.32893178e-03 3.11813275e-03 8.22930264e-01 3.74197444e+00 -1.90519676e-02 2.59577661e-01
1.28601412e-03 -2.41760203e-03 -1.61575469e-03 2.97017498e-03 1.23066970e-03 3.04667834e-03 -3.17479270e-03 1.05104089e-03 3.31132017e-03 8.66664949e-01 4.16183601e+00 2.18300762e-02 2.57541968e-01
9.24072306e-04 -1.62557397e-03 -1.08695285e-03 1.97078625e-03 9.92069449e-04 2.08812625e-03 -2.02620987e-03 5.51993125e-04 2.10692368e-03 6.32413801e-01 3.24976589e+00 -6.85307886e-02 2.57829340e-01
5.71866650e-04 -1.76467869e-03 -1.52593863e-03 2.51295025e-03 6.61459370e-04 3.04699874e-03 -2.84990057e-03 1.58046328e-03 3.12383265e-03 1.05584970e+00 3.80864128e+00 3.46168094e-02 2.58720357e-01
1.14473886e-03 -2.32530218e-03 -1.39927280e-03 2.66420222e-03 7.11098650e-04 3.79644349e-03 -2.93810459e-03 1.16289492e-03 3.23425158e-03 9.82500891e-01 3.89617518e+00 4.10204304e-02 2.72756652e-01
8.86878592e-04 -1.88014746e-03 -1.50089031e-03 2.35373658e-03 1.06283311e-03 2.04806254e-03 -2.64262694e-03 9.70312444e-04 2.69940956e-03 7.08541844e-01 3.66519974e+00 -4.95074772e-02 2.42696083e-01
6.69901293e-04 -1.85098293e-03 -1.51193362e-03 2.49246291e-03 8.22906697e-04 3.19591273e-03 -2.74935007e-03 1.44271050e-03 3.02868811e-03 8.26051161e-01 3.71979690e+00 -9.57056232e-03 2.62074194e-01
1.42016363e-03 -2.57240538e-03 -1.71307836e-03 3.09744697e-03 1.36492688e-03 3.02447078e-03 -3.30358645e-03 9.45035280e-04 3.40643937e-03 8.60159759e-01 4.17056487e+00 1.02289847e-02 2.54761556e-01
7.34154852e-04 -1.61664913e-03 -1.34094367e-03 2.26355907e-03 1.08172303e-03 2.56663560e-03 -2.42297479e-03 1.18230824e-03 2.58937810e-03 6.77439818e-01 3.63383361e+00 -4.47938925e-02 2.55889522e-01
1.17428974e-03 -2.33437301e-03 -1.45490268e-03 2.76596802e-03 8.37102090e-04 3.05990563e-03 -2.98211837e-03 9.61747927e-04 3.15700171e-03 9.79131697e-01 3.81648393e+00 2.15341285e-02 2.60762087e-01
1.05586604e-03 -2.44357976e-03 -1.55127233e-03 2.77998072e-03 5.38956560e-04 3.24089400e-03 -3.11992121e-03 1.10998848e-03 3.35426050e-03 8.77968450e-01 3.89825828e+00 1.40533217e-02 2.63766540e-01
1.02648725e-03 -2.03180104e-03 -1.60526077e-03 2.67239063e-03 1.43867608e-03 2.86713255e-03 -2.86201917e-03 1.22028015e-03 3.01084580e-03 8.04060399e-01 3.92386668e+00 -1.52540247e-02 2.53100652e-01
1.11400915e-03 -1.95747017e-03 -1.36684249e-03 2.39097305e-03 1.33019020e-03 2.50433008e-03 -2.47133967e-03 7.30391159e-04 2.56446015e-03 6.96230872e-01 3.55793116e+00 -4.66432974e-02 2.54642482e-01
5.72766209e-04 -2.00312707e-03 -1.64207861e-03 2.67019448e-03 4.43868100e-04 3.30177523e-03 -3.07096331e-03 1.62812262e-03 3.37940414e-03 9.79196796e-01 3.95904148e+00 3.15245340e-02 2.62580711e-01
8.77447468e-04 -1.21218289e-03 -1.44018071e-03 2.55058320e-03 1.59229562e-03 2.64289455e-03 -2.89471786e-03 1.77643027e-03 3.02723094e-03 8.65324444e-01 4.11441452e+00 -2.03112192e-02 2.40935624e-01
1.91917002e-03 -2.91387116e-03 -1.39020948e-03 2.96582741e-03 4.94632308e-04 3.33965361e-03 -3.17112774e-03 -1.52245303e-04 3.25611551e-03 8.10366424e-01 3.74854726e+00 2.18274086e-02 2.73677862e-01
1.44332854e-03 -2.58171762e-03 -1.44953773e-03 2.82482929e-03 9.17468001e-04 3.60210337e-03 -2.97193708e-03 6.66480739e-04 3.17880277e-03 1.01695972e+00 3.72335611e+00 2.16586202e-02 2.70426067e-01
4.84891708e-04 -9.57483954e-04 -8.79697006e-04 1.54330474e-03 7.17752154e-04 1.48986052e-03 -1.71655303e-03 9.04695371e-04 1.77907147e-03 6.33318130e-01 3.14158232e+00 -7.05604647e-02 2.45041111e-01
1.55553001e-03 -2.58321700e-03 -1.63715317e-03 2.96402014e-03 1.00654381e-03 2.84088956e-03 -2.97521363e-03 -8.47973938e-05 3.01474732e-03 7.66879576e-01 3.77746127e+00 -4.90595940e-03 2.66096172e-01
8.34706945e-04 -9.24034514e-04 -1.28745905e-03 2.64338870e-03 1.58539369e-03 3.48060149e-03 -2.92134715e-03 2.13154272e-03 3.23876697e-03 9.16430635e-01 4.04526526e+00 4.85971177e-03 2.50205113e-01
1.17336777e-03 -2.07452540e-03 -1.42727046e-03 2.39374509e-03 8.89050173e-04 2.23255480e-03 -2.39111999e-03 -6.46519926e-05 2.42103950e-03 6.42127307e-01 3.27149977e+00 -4.32053387e-02 2.62478969e-01
9.05480990e-04 -6.15501402e-04 -9.57823314e-04 2.35565322e-03 1.54367901e-03 3.33775117e-03 -2.59521659e-03 1.99259263e-03 2.91558070e-03 9.60862628e-01 3.98382652e+00 -1.80074310e-04 2.54194103e-01
1.15695496e-03 -2.31121054e-03 -1.31118506e-03 2.52096062e-03 5.34666787e-04 3.21543690e-03 -2.80058144e-03 8.71279232e-04 3.02344282e-03 7.09336800e-01 3.79695307e+00 8.88142202e-04 2.70111839e-01
1.03061434e-03 -2.02445375e-03 -1.64705826e-03 2.77288097e-03 1.44557313e-03 2.76408226e-03 -2.99520903e-03 1.29835150e-03 3.11124268e-03 9.16911504e-01 3.90500078e+00 -1.69633493e-02 2.46226038e-01
6.57385419e-04 -1.24028747e-03 -1.44873723e-03 2.60032453e-03 1.18531634e-03 2.83731804e-03 -2.94286154e-03 1.89139263e-03 3.14328580e-03 7.94583740e-01 4.11057844e+00 -4.12377660e-03 2.46943403e-01
1.56077774e-03 -2.62705507e-03 -1.52313249e-03 2.89018421e-03 1.03628632e-03 3.28720139e-03 -2.94128996e-03 2.45586912e-04 3.06543763e-03 8.61687816e-01 3.68570017e+00 -4.45625379e-03 2.68731837e-01
5.24660912e-04 -1.36737154e-03 -1.49286614e-03 2.51578799e-03 1.01325675e-03 3.17793568e-03 -2.81585462e-03 1.85111482e-03 3.11396044e-03 7.03745301e-01 3.93363181e+00 -2.86507604e-02 2.56279300e-01
1.33375587e-03 -2.31314276e-03 -1.44946155e-03 2.63907833e-03 1.07032617e-03 2.63336382e-03 -2.71537234e-03 3.56770279e-04 2.79299869e-03 9.21203171e-01 3.61293449e+00 2.81544472e-03 2.60465544e-01
9.22950284e-04 -8.81010381e-04 -1.06870394e-03 2.10736335e-03 1.35571534e-03 1.88898883e-03 -2.50145472e-03 1.46179408e-03 2.51552810e-03 9.35089900e-01 3.89388521e+00 -2.29908728e-02 2.31281726e-01
1.85302233e-03 -2.57015404e-03 -1.14629783e-03 2.60147035e-03 4.27410549e-04 3.32809879e-03 -2.74807499e-03 -3.03768285e-04 2.82004282e-03 6.25855527e-01 3.45798536e+00 -2.24552766e-02 2.79845250e-01
8.33241934e-04 -1.20805829e-03 -1.33322390e-03 2.35580184e-03 1.48441085e-03 2.55571392e-03 -2.64337458e-03 1.59295621e-03 2.78364607e-03 8.99155867e-01 3.99145243e+00 -2.03056397e-02 2.46026467e-01
1.76858583e-03 -2.71711202e-03 -1.30931476e-03 2.80286429e-03 5.42585531e-04 3.03692171e-03 -3.00239225e-03 -1.73897866e-05 3.08253939e-03 6.96176139e-01 3.60543103e+00 -7.81379500e-03 2.69637976e-01
9.63194913e-04 -2.01131745e-03 -1.43552076e-03 2.48410650e-03 1.06998116e-03 2.81248541e-03 -2.64965546e-03 1.02581794e-03 2.82432496e-03 1.00326456e+00 3.87171836e+00 2.82643693e-02 2.62221752e-01
6.66449574e-04 -1.45914459e-03 -1.01433534e-03 1.76930807e-03 5.93214293e-04 1.94498955e-03 -1.94384341e-03 7.47345564e-04 2.06605466e-03 6.51651160e-01 3.01308303e+00 -7.40619142e-02 2.54607316e-01
8.47726071e-04 -7.38984634e-04 -1.09882503e-03 2.33082521e-03 1.47530283e-03 2.53562166e-03 -2.64085714e-03 1.80574653e-03 2.79312455e-03 9.67271872e-01 3.93629974e+00 -2.50011261e-03 2.38702426e-01
1.76151189e-03 -2.63498960e-03 -1.44411269e-03 2.94869840e-03 7.94777400e-04 3.32945448e-03 -2.94578724e-03 -2.46601650e-04 3.00843168e-03 6.69716154e-01 3.67064664e+00 -1.69201047e-02 2.74742620e-01
1.34573084e-03 -2.54586860e-03 -1.77707933e-03 2.98714172e-03 1.41322024e-03 2.85993476e-03 -3.19991310e-03 8.78817864e-04 3.29711653e-03 9.49161190e-01 4.01598093e+00 7.51957222e-03 2.52040844e-01
6.30579723e-04 -1.69042991e-03 -1.33157314e-03 2.27555939e-03 6.25740595e-04 3.02079952e-03 -2.55487440e-03 1.36361729e-03 2.82588952e-03 7.05514510e-01 3.64940045e+00 -2.28006519e-02 2.64735177e-01
7.95986794e-04 -6.01808116e-04 -9.06848215e-04 2.13776740e-03 1.26683397e-03 2.22239278e-03 -2.42329241e-03 1.65786607e-03 2.52541451e-03 6.85545111e-01 3.82265674e+00 -5.04373146e-02 2.36695291e-01
1.61131786e-03 -2.41209264e-03 -1.33320825e-03 2.72246058e-03 9.11335110e-04 3.31137480e-03 -2.66951503e-03 -1.07185611e-04 2.75693875e-03 9.41306150e-01 3.48827623e+00 1.71935634e-02 2.76275746e-01
1.48108152e-03 -2.46133401e-03 -1.25702872e-03 2.58074210e-03 6.22361600e-04 3.08343284e-03 -2.75430798e-03 3.06724894e-04 2.89097331e-03 6.65155248e-01 3.51173877e+00 -2.85961608e-02 2.70459576e-01
7.81579201e-04 -1.36360930e-03 -1.35973305e-03 2.33767223e-03 1.27660715e-03 2.34262195e-03 -2.63181923e-03 1.45934289e-03 2.73728480e-03 9.35795566e-01 3.93464097e+00 -6.84218987e-03 2.45012832e-01
4.09700432e-04 -1.64905325e-03 -1.39430164e-03 2.26117901e-03 1.63297489e-04 3.15781655e-03 -2.69791863e-03 1.58255306e-03 3.03133583e-03 7.06148640e-01 3.72075087e+00 -1.08257556e-02 2.67127107e-01
1.39608369e-03 -2.55607505e-03 -1.91052525e-03 3.03355677e-03 1.79172553e-03 2.90918341e-03 -3.14891730e-03 7.54760694e-04 3.21957930e-03 9.40719725e-01 3.95973691e+00 -3.21258633e-03 2.50670589e-01
1.51407215e-03 -2.36597301e-03 -1.48675104e-03 2.84476663e-03 1.09814012e-03 3.21122690e-03 -2.70219675e-03 -1.20804633e-04 2.77177644e-03 8.91463553e-01 3.62954075e+00 1.96569563e-02 2.74085622e-01
9.56631232e-04 -5.30227476e-04 -9.46995688e-04 2.54889406e-03 1.57505847e-03 3.00723319e-03 -2.81304572e-03 2.09274264e-03 3.01840997e-03 7.59665547e-01 4.01453561e+00 -3.23757491e-02 2.39658335e-01
1.21191603e-03 -2.28632517e-03 -1.78741023e-03 2.83261281e-03 1.65500048e-03 2.69456203e-03 -3.02692812e-03 9.97953854e-04 3.10070732e-03 8.82124308e-01 3.94959769e+00 -1.04125958e-02 2.47436188e-01
8.86508353e-04 -2.24102775e-03 -1.42914119e-03 2.55062344e-03 2.17474761e-04 3.49017439e-03 -3.00929774e-03 1.32562774e-03 3.31989287e-03 7.95032192e-01 3.87529976e+00 1.02380294e-02 2.69619372e-01
8.92247311e-04 -1.95954574e-03 -1.47818971e-03 2.44768177e-03 9.98063053e-04 2.43598766e-03 -2.68624799e-03 1.04153570e-03 2.81208905e-03 9.06405643e-01 3.66046819e+00 -6.46054749e-03 2.50435082e-01
1.15153173e-03 -2.40494967e-03 -1.60814827e-03 2.98417970e-03 1.04897944e-03 3.76469565e-03 -3.19672073e-03 1.32947633e-03 3.46662489e-03 7.47007672e-01 4.12126613e+00 -3.50470199e-03 2.66037368e-01
1.30584549e-03 -2.43242470e-03 -1.65563793e-03 2.92400928e-03 1.36667270e-03 3.03340622e-03 -3.04993259e-03 8.59438109e-04 3.17612357e-03 7.91491663e-01 3.85853181e+00 -1.22715790e-02 2.55548862e-01
6.54172351e-04 -1.84447265e-03 -1.51803793e-03 2.53438770e-03 7.20661171e-04 3.11803592e-03 -2.84896627e-03 1.51350871e-03 3.11916795e-03 8.73306594e-01 3.91531501e+00 5.46091126e-03 2.61625110e-01
6.17295330e-04 -1.11335905e-03 -1.39155658e-03 2.67732283e-03 1.19553666e-03 3.52031467e-03 -2.96761388e-03 2.13589353e-03 3.30003559e-03 7.58040666e-01 4.11752115e+00 -9.33482229e-03 2.55909734e-01
1.45340276e-03 -2.41905810e-03 -1.54394099e-03 2.79824149e-03 1.23137340e-03 2.78498323e-03 -2.81101587e-03 2.19575990e-04 2.87404963e-03 8.86797000e-01 3.63502161e+00 -4.14106140e-03 2.61042187e-01
1.48702799e-03 -2.29175305e-03 -1.19877816e-03 2.46938169e-03 7.90361001e-04 3.08451492e-03 -2.50234182e-03 6.74386867e-05 2.61318478e-03 9.55414587e-01 3.43568199e+00 1.76864044e-02 2.75667859e-01
5.69277502e-04 -8.36876038e-04 -1.01523700e-03 1.88690663e-03 9.32402442e-04 1.85389835e-03 -2.18184391e-03 1.36097824e-03 2.26951202e-03 6.63376932e-01 3.51832132e+00 -6.55943535e-02 2.37523947e-01
1.49633752e-03 -2.69084258e-03 -1.74965496e-03 3.14612654e-03 1.46734390e-03 3.37710714e-03 -3.26602292e-03 8.22029825e-04 3.41020497e-03 7.09950566e-01 4.06790922e+00 -1.90437375e-02 2.59740501e-01
4.55613207e-04 -1.39789361e-03 -1.27453582e-03 2.12505182e-03 6.38664064e-04 2.51974607e-03 -2.37236425e-03 1.36144446e-03 2.58944130e-03 8.98035944e-01 3.51988457e+00 -8.83428884e-03 2.56988104e-01
1.16521300e-03 -2.22954091e-03 -1.62360266e-03 2.81979031e-03 1.29736479e-03 2.74668174e-03 -3.06808648e-03 1.12585707e-03 3.17443440e-03 8.95411603e-01 4.03632446e+00 7.67405508e-03 2.50852647e-01
9.15540315e-04 -2.19377854e-03 -1.53941267e-03 2.66411580e-03 7.93257232e-04 3.42560071e-03 -2.92206042e-03 1.26961302e-03 3.19589115e-03 7.87225910e-01 3.81842243e+00 -9.22941844e-03 2.65613893e-01
2.06048851e-03 -2.98817724e-03 -1.39720193e-03 3.08116005e-03 6.17043199e-04 3.69247250e-03 -3.24091206e-03 -1.91376653e-04 3.33279491e-03 6.93847184e-01 3.81962732e+00 -3.56766725e-03 2.76153333e-01
7.76953194e-04 -9.93263492e-04 -1.20571975e-03 2.20174428e-03 1.32500168e-03 2.16592112e-03 -2.53697018e-03 1.55178944e-03 2.62579140e-03 9.27710350e-01 3.84227696e+00 -1.52996551e-02 2.37174338e-01
6.29286894e-04 -1.37358953e-03 -1.48304198e-03 2.41702737e-03 1.26226125e-03 2.74923154e-03 -2.67524977e-03 1.62167178e-03 2.87666753e-03 8.33033430e-01 3.89657990e+00 -1.84670644e-02 2.50860839e-01
1.83590586e-03 -3.02733700e-03 -1.59310387e-03 3.23226257e-03 8.54860866e-04 3.42454988e-03 -3.44634414e-03 3.29097114e-04 3.56411686e-03 8.53155783e-01 3.98258196e+00 2.07587864e-02 2.65522637e-01
9.32157629e-04 -2.04689934e-03 -1.74447421e-03 2.74329651e-03 1.21973968e-03 2.39771496e-03 -3.12077811e-03 1.34757549e-03 3.20019518e-03 9.21653908e-01 4.12673959e+00 1.53471076e-02 2.43346984e-01
1.27722213e-03 -2.38410131e-03 -1.34895917e-03 2.66065403e-03 7.85611630e-04 3.66610988e-03 -2.86437961e-03 9.14200233e-04 3.11481469e-03 7.68747488e-01 3.73191749e+00 -1.50707850e-02 2.71844046e-01
5.89632526e-04 -1.73466805e-03 -1.69128312e-03 2.70337010e-03 1.00475882e-03 3.05249119e-03 -3.02835151e-03 1.74708297e-03 3.27869532e-03 9.72666803e-01 3.88870586e+00 4.20950348e-03 2.50651877e-01
1.24224892e-03 -2.27004044e-03 -1.39918889e-03 2.55234714e-03 9.53996150e-04 2.78069849e-03 -2.65641897e-03 4.93414806e-04 2.77809435e-03 6.74627384e-01 3.72819835e+00 -2.27400323e-02 2.65747118e-01
1.28518834e-03 -2.45184939e-03 -1.42653691e-03 2.71992002e-03 8.45478904e-04 3.56881682e-03 -2.91038537e-03 8.62216425e-04 3.14566296e-03 7.98585030e-01 3.92843120e+00 1.66545149e-02 2.72032955e-01
9.37078084e-04 -2.07378255e-03 -1.70217718e-03 2.77714762e-03 1.16608825e-03 2.62198698e-03 -3.12004613e-03 1.37693198e-03 3.24072313e-03 8.75890289e-01 3.93137316e+00 -1.62923126e-02 2.43459281e-01
2.23833881e-03 3.24458717e-04 3.26916867e-04 2.04762762e-03 2.71263322e-03 3.14236552e-03 -2.11097632e-03 1.68710521e-03 2.31004670e-03 1.04976983e+00 3.94809933e+00 9.31601289e-03 2.40594343e-01
1.05160216e-03 -1.55275058e-03 -1.16826482e-03 2.27624849e-03 9.14071291e-04 2.40840860e-03 -1.97778481e-03 -2.72071551e-04 1.98703965e-03 5.87051497e-01 3.00245434e+00 -5.97220881e-02 2.72772528e-01
8.38084699e-04 -1.71494440e-03 -1.12890905e-03 2.00697052e-03 6.81363274e-04 2.10700615e-03 -2.18877768e-03 7.06356294e-04 2.30255776e-03 6.30412281e-01 3.34446049e+00 -5.00330624e-02 2.57851368e-01
7.88502062e-04 -1.88209704e-03 -1.49983340e-03 2.49458056e-03 1.04114144e-03 2.96355418e-03 -2.69915697e-03 1.29459220e-03 2.92069151e-03 9.61390609e-01 3.73709410e+00 -2.27213197e-03 2.58699151e-01
6.42863511e-04 -1.24000275e-03 -1.19841293e-03 1.99971309e-03 1.03923117e-03 2.05126690e-03 -2.24808291e-03 1.22068659e-03 2.35450246e-03 6.54775282e-01 3.61003981e+00 -5.66245930e-02 2.46979039e-01
1.43887202e-03 -2.43561993e-03 -1.26694647e-03 2.57670553e-03 6.74953971e-04 3.03893424e-03 -2.75521299e-03 4.00222817e-04 2.89820789e-03 9.76693210e-01 3.53740207e+00 1.66579494e-02 2.68882311e-01
1.03840645e-03 -1.83335668e-03 -1.08054927e-03 2.04833625e-03 7.86212235e-04 2.40901766e-03 -2.12569857e-03 4.38854654e-04 2.24430400e-03 6.12525410e-01 3.28122620e+00 -5.37322428e-02 2.67154742e-01
5.03518045e-04 -1.46767807e-03 -1.44605102e-03 2.29779665e-03 8.37466414e-04 2.41922350e-03 -2.60088468e-03 1.46987468e-03 2.78202876e-03 9.76690159e-01 3.68014439e+00 -4.22367700e-03 2.48333307e-01
5.07932154e-04 -1.33786309e-03 -1.33901906e-03 2.32023500e-03 8.50403283e-04 3.04900141e-03 -2.58037570e-03 1.66348019e-03 2.86530485e-03 6.71965015e-01 3.67137137e+00 -4.44331816e-02 2.58320457e-01
1.20203221e-03 -2.21563804e-03 -1.46744869e-03 2.49384263e-03 1.06950769e-03 2.39277315e-03 -2.61207243e-03 4.23642986e-04 2.68458714e-03 9.40860717e-01 3.63534653e+00 6.85228358e-03 2.58469827e-01
1.09352009e-03 -3.92181415e-04 -8.16318721e-04 2.31889768e-03 1.71455984e-03 2.65474539e-03 -2.60497127e-03 1.88050883e-03 2.76086771e-03 8.07241562e-01 4.03458033e+00 -3.41260197e-02 2.37530164e-01
1.97869242e-03 -2.93998667e-03 -1.75631486e-03 3.50659961e-03 1.07702526e-03 3.94154626e-03 -3.36553546e-03 -3.92029076e-04 3.42058688e-03 8.96324451e-01 3.87352865e+00 4.39069380e-02 2.75781844e-01
7.02660986e-04 -2.12117515e-03 -1.61949498e-03 2.73684288e-03 4.77669067e-04 3.52829841e-03 -3.12846680e-03 1.59702645e-03 3.45060820e-03 7.12483747e-01 4.01705184e+00 -6.16255320e-03 2.65265955e-01
1.16924317e-03 -2.04380510e-03 -1.45144149e-03 2.54492978e-03 1.42233234e-03 2.57743972e-03 -2.64510687e-03 8.17434853e-04 2.73045248e-03 9.12785783e-01 3.66754175e+00 -1.27794235e-02 2.51927759e-01
1.29269583e-03 -2.11596423e-03 -1.17743536e-03 2.34252426e-03 8.13096377e-04 2.58975378e-03 -2.42152350e-03 2.77276456e-04 2.51416218e-03 6.06220355e-01 3.50412992e+00 -3.56124102e-02 2.67741615e-01
5.68163584e-04 -1.22367301e-03 -1.25884814e-03 2.17309048e-03 9.95397965e-04 2.46250801e-03 -2.41848984e-03 1.47005968e-03 2.59991588e-03 9.27220404e-01 3.55413672e+00 -2.69614977e-02 2.47969768e-01
1.07079135e-03 -2.15855306e-03 -1.37333760e-03 2.53342665e-03 7.88850055e-04 2.71714838e-03 -2.73493246e-03 8.39417515e-04 2.88311584e-03 8.09803247e-01 3.79879277e+00 2.03588397e-04 2.61686158e-01
9.42639857e-04 -2.27301792e-03 -1.86881390e-03 3.05543173e-03 1.33920881e-03 3.53445656e-03 -3.29655031e-03 1.58078832e-03 3.54820620e-03 8.71157579e-01 4.05085882e+00 -4.47858917e-04 2.55469626e-01
1.51670413e-03 -2.78896137e-04 -6.86699100e-04 2.69449398e-03 2.27321951e-03 3.73915675e-03 -2.92864296e-03 2.29125628e-03 3.24149374e-03 8.92239383e-01 4.26024663e+00 -1.39208842e-03 2.45097703e-01
1.40779566e-03 -2.35813776e-03 -1.67484311e-03 2.94909471e-03 1.06637113e-03 2.94088825e-03 -2.78527619e-03 -2.62932846e-04 2.81735386e-03 7.87934068e-01 3.59994373e+00 1.51306054e-03 2.70124160e-01
9.43911008e-04 -2.00652093e-03 -1.39866181e-03 2.35358817e-03 8.37691831e-04 2.25406837e-03 -2.57513201e-03 7.78264830e-04 2.67513907e-03 9.93218500e-01 3.72103705e+00 2.28966901e-02 2.56250161e-01
5.83017955e-04 -1.40633996e-03 -1.09586738e-03 1.84844501e-03 7.24562763e-04 2.35673833e-03 -1.99440005e-03 9.72248878e-04 2.18098772e-03 6.48873938e-01 3.12484157e+00 -7.24145669e-02 2.60563315e-01
1.04513459e-03 -2.17300799e-03 -1.84267092e-03 2.99338522e-03 1.57125901e-03 3.12289522e-03 -3.26719945e-03 1.52604805e-03 3.43364434e-03 9.94730775e-01 4.10185598e+00 9.89346345e-03 2.48025129e-01
1.09964034e-03 -2.06368758e-03 -1.11337165e-03 2.21100972e-03 4.57828496e-04 2.65505354e-03 -2.44656695e-03 6.16602406e-04 2.60663905e-03 6.66998912e-01 3.51971598e+00 -2.46976679e-02 2.68409755e-01
8.62815829e-04 -4.97237209e-05 -3.99258360e-04 1.76896740e-03 1.30274130e-03 2.42438123e-03 -1.90944426e-03 1.57967530e-03 2.11952750e-03 6.66290140e-01 3.45639674e+00 -6.29390196e-02 2.44904712e-01
1.60018594e-03 -2.63012999e-03 -1.91144094e-03 3.39798349e-03 1.63214800e-03 3.67782087e-03 -3.09657609e-03 -8.61917652e-05 3.16820296e-03 1.02163772e+00 3.82916990e+00 4.07173581e-02 2.70408281e-01
1.29354574e-03 -2.30913064e-03 -1.41799630e-03 2.72776188e-03 1.11876101e-03 3.10997870e-03 -2.83336487e-03 7.82936273e-04 2.98873699e-03 6.54178937e-01 3.88414544e+00 -2.59866966e-02 2.64494355e-01
5.74801069e-04 -1.61329301e-03 -1.41481051e-03 2.26896369e-03 8.04937673e-04 2.48977810e-03 -2.52838175e-03 1.30609733e-03 2.71776846e-03 9.38064536e-01 3.54638132e+00 -1.13590635e-02 2.51924108e-01
8.77977903e-04 -2.27484150e-03 -1.57008487e-03 2.73793662e-03 5.28362748e-04 3.37831229e-03 -3.09819147e-03 1.36346579e-03 3.37839794e-03 7.61883168e-01 3.99227442e+00 1.30502855e-02 2.65117829e-01
1.07609800e-03 -2.17556437e-03 -1.65143930e-03 2.69867236e-03 1.39074540e-03 2.77801105e-03 -2.86845602e-03 1.02827140e-03 2.99637802e-03 8.75647123e-01 3.80976075e+00 -2.30581240e-02 2.51983557e-01
8.71985530e-04 -1.90337664e-03 -1.43435199e-03 2.56602370e-03 9.75518115e-04 2.79993482e-03 -2.77961265e-03 1.25536184e-03 2.95281737e-03 6.83753000e-01 3.74445512e+00 -4.27659608e-02 2.53954597e-01
9.17137945e-04 -1.98170984e-03 -1.38440443e-03 2.39046207e-03 9.29524372e-04 2.75979232e-03 -2.55148059e-03 9.42653905e-04 2.72983512e-03 9.51842442e-01 3.66802050e+00 1.43511902e-02 2.62607935e-01
9.27152069e-04 -1.65380147e-03 -1.16788008e-03 2.07594910e-03 1.08887476e-03 2.12879537e-03 -2.17677087e-03 7.22005149e-04 2.25584129e-03 6.52839070e-01 3.33413852e+00 -6.50391075e-02 2.52054691e-01
6.90494920e-04 -1.72765861e-03 -1.24648156e-03 2.21577463e-03 5.43061108e-04 2.81694537e-03 -2.48097523e-03 1.20061099e-03 2.71709887e-03 9.67019951e-01 3.59275436e+00 1.52580315e-02 2.64675837e-01
8.58308924e-04 -1.37230389e-03 -1.56431895e-03 2.74737517e-03 1.59449373e-03 3.00761830e-03 -3.07894553e-03 1.91490061e-03 3.26865076e-03 9.13333088e-01 4.22714153e+00 -7.67375954e-04 2.45778604e-01
1.64101701e-03 -2.56555714e-03 -1.30230125e-03 2.73082730e-03 6.54338147e-04 2.99098270e-03 -2.86835497e-03 5.91028594e-05 2.95454991e-03 7.59443915e-01 3.60151901e+00 -3.14641760e-03 2.69775392e-01
1.06762576e-03 -2.62758724e-03 -1.91614455e-03 3.27412185e-03 9.92913373e-04 3.81072049e-03 -3.59337827e-03 1.53770337e-03 3.87334144e-03 8.09191268e-01 4.32326410e+00 1.46008448e-02 2.61757625e-01
9.11047420e-04 -1.83696620e-03 -1.33964695e-03 2.36239274e-03 1.06519029e-03 2.55968619e-03 -2.50593006e-03 9.88159294e-04 2.64512996e-03 8.54933929e-01 3.56946371e+00 -1.81106648e-02 2.55076309e-01
1.07386812e-03 -2.09163053e-03 -1.52949891e-03 2.55643440e-03 1.16374473e-03 2.36681445e-03 -2.81917488e-03 9.62653608e-04 2.89788507e-03 8.28602889e-01 3.74510989e+00 -2.08693970e-02 2.46252359e-01
1.11859240e-03 -2.44336460e-03 -1.60490958e-03 2.93482677e-03 8.54520448e-04 4.00287620e-03 -3.22471881e-03 1.39531493e-03 3.54382207e-03 8.60430543e-01 4.13225938e+00 2.41954419e-02 2.69927809e-01
1.61770831e-03 -2.45342296e-03 -1.18897147e-03 2.55976066e-03 6.93398134e-04 3.26344805e-03 -2.66797443e-03 1.06075371e-04 2.79211044e-03 8.64384056e-01 3.57941817e+00 1.32960261e-02 2.76198056e-01
7.58092935e-04 -1.44166539e-03 -1.63498055e-03 2.72558895e-03 1.31377811e-03 2.55462498e-03 -3.16003605e-03 1.85558173e-03 3.27816717e-03 7.92993582e-01 4.15920793e+00 -2.15538062e-02 2.36996922e-01
1.03368964e-03 -1.93664067e-03 -1.60288887e-03 2.69154630e-03 1.37398909e-03 2.49501106e-03 -3.00495234e-03 1.31800245e-03 3.07792620e-03 9.14769231e-01 4.06759571e+00 8.27309762e-03 2.44471061e-01
1.32197043e-03 -2.45220447e-03 -1.34591389e-03 2.70197732e-03 6.90227993e-04 3.61080884e-03 -2.94162825e-03 8.83716831e-04 3.18137556e-03 7.68988581e-01 3.76914997e+00 -9.70411177e-03 2.71055318e-01
1.40309936e-03 -2.37586150e-03 -1.65804397e-03 2.85250576e-03 1.57414724e-03 2.64564834e-03 -3.01603143e-03 7.59842076e-04 3.06208588e-03 9.14441145e-01 3.88147164e+00 -8.79809816e-03 2.48279698e-01
5.82342317e-04 -1.90447682e-03 -1.51955075e-03 2.46354594e-03 4.06248469e-04 3.47942471e-03 -2.86690026e-03 1.57362571e-03 3.21505245e-03 7.32606110e-01 3.86230286e+00 -2.78263334e-03 2.68709005e-01
5.64575090e-04 -1.40236044e-03 -1.24265562e-03 2.09743882e-03 7.75225718e-04 2.29712991e-03 -2.34531030e-03 1.26298359e-03 2.50947158e-03 6.73635536e-01 3.50652369e+00 -4.67043466e-02 2.51445028e-01
1.30921165e-03 -2.44919654e-03 -1.52912666e-03 2.79956725e-03 1.11716976e-03 3.21286181e-03 -2.92151084e-03 7.49226655e-04 3.09159360e-03 9.60172576e-01 3.84358507e+00 1.50597110e-02 2.64805233e-01
6.51129443e-04 -1.94479336e-03 -1.67570011e-03 2.76454184e-03 7.95638371e-04 3.61249390e-03 -3.11242651e-03 1.77211114e-03 3.45202480e-03 9.21087502e-01 4.09782388e+00 3.40422684e-02 2.63874907e-01
1.35097277e-03 -2.35768073e-03 -1.55035987e-03 2.77524576e-03 1.32118840e-03 2.72628125e-03 -2.91454690e-03 6.90497598e-04 2.99761070e-03 7.81519089e-01 3.76818486e+00 -2.89812802e-02 2.53238142e-01
4.84822196e-04 -1.31133130e-03 -1.38562145e-03 2.35245109e-03 7.68027350e-04 3.72510218e-03 -2.70079831e-03 1.90222824e-03 3.11321509e-03 9.30725689e-01 3.87455821e+00 3.01782177e-02 2.68984555e-01
1.59927387e-03 -2.64896026e-03 -1.81121249e-03 3.05819121e-03 1.52493073e-03 2.54377557e-03 -3.20612078e-03 3.50568737e-04 3.19837307e-03 7.63374057e-01 3.89876106e+00 -2.98385192e-02 2.48111199e-01
1.19595265e-03 -2.15798151e-03 -1.43168080e-03 2.60127093e-03 1.19864170e-03 2.67230170e-03 -2.71502769e-03 7.49829596e-04 2.81983962e-03 9.16765318e-01 3.64566555e+00 -6.40620679e-03 2.55237119e-01
6.90406474e-04 -1.95169699e-03 -1.62841553e-03 2.69595411e-03 8.20955629e-04 3.34900835e-03 -3.01621720e-03 1.62096728e-03 3.30955979e-03 7.14549090e-01 4.03261703e+00 -1.28560746e-02 2.61791305e-01
1.58844777e-03 -2.49018368e-03 -1.53811609e-03 2.92377071e-03 1.04257087e-03 3.26653073e-03 -2.81784723e-03 -1.76063009e-04 2.88473899e-03 6.61094687e-01 3.61455033e+00 -1.23877518e-02 2.73456723e-01
9.55461563e-04 -3.92396743e-04 -7.76352715e-04 2.30442028e-03 1.57123697e-03 2.74007514e-03 -2.50836260e-03 1.89462000e-03 2.68651725e-03 9.14010802e-01 3.90017602e+00 -2.35329234e-02 2.40445177e-01
5.51921739e-04 -1.36322240e-03 -9.77952234e-04 1.68931131e-03 4.61771179e-04 2.14916791e-03 -1.88318480e-03 8.68021816e-04 2.05881178e-03 6.02362625e-01 3.16308535e+00 -6.14403202e-02 2.64881841e-01
1.05155867e-03 -1.96849972e-03 -1.38479678e-03 2.41544180e-03 1.15357355e-03 2.43603563e-03 -2.58423045e-03 8.59267661e-04 2.68290503e-03 9.90237716e-01 3.58182273e+00 -3.77629506e-03 2.51504603e-01
1.30709970e-03 -2.30166281e-03 -1.41490673e-03 2.62594850e-03 9.99610838e-04 2.53689436e-03 -2.80004091e-03 5.68167255e-04 2.87831556e-03 8.37558248e-01 3.71074744e+00 -1.02057256e-03 2.56346634e-01
7.00401323e-04 -1.92028255e-03 -1.80359392e-03 2.94684812e-03 1.19658216e-03 3.79498807e-03 -3.23269600e-03 1.91688929e-03 3.57339829e-03 8.46673058e-01 4.16681673e+00 1.00656074e-03 2.60468785e-01
1.53957115e-03 -2.48315300e-03 -1.49793597e-03 2.78644709e-03 7.94513530e-04 2.76216008e-03 -2.80923771e-03 -2.22221026e-04 2.84688449e-03 1.00756716e+00 3.53144202e+00 3.18241055e-02 2.68844918e-01
6.31765684e-04 -4.33083808e-04 -6.76659744e-04 1.58714859e-03 1.11611658e-03 2.01786271e-03 -1.74561009e-03 1.27396573e-03 1.90112304e-03 6.54723990e-01 3.26449733e+00 -7.63999450e-02 2.46568896e-01
1.43634410e-03 -4.50323537e-04 -7.40008003e-04 2.52643718e-03 2.14355116e-03 2.94478946e-03 -2.76664505e-03 1.95670777e-03 2.89645654e-03 9.16689332e-01 4.19902278e+00 3.82572581e-04 2.37482752e-01
1.76599741e-03 -2.65447065e-03 -1.52609430e-03 3.02135584e-03 6.40887496e-04 3.26743834e-03 -3.01002129e-03 -4.73123030e-04 3.04082129e-03 7.63013925e-01 3.61636739e+00 -6.33154426e-04 2.75593523e-01
9.91897537e-04 -2.06899478e-03 -1.39100777e-03 2.46351109e-03 8.32233634e-04 2.55143587e-03 -2.66944871e-03 8.64773250e-04 2.80369227e-03 6.99252465e-01 3.50382550e+00 -3.89248591e-02 2.54063660e-01
8.76547555e-04 -1.87310264e-03 -1.41137671e-03 2.47499927e-03 1.08492971e-03 2.96822960e-03 -2.64016734e-03 1.20961575e-03 2.84549525e-03 9.13565957e-01 3.89530035e+00 6.54167957e-03 2.62893552e-01
5.12636968e-04 -1.34889149e-03 -1.32732836e-03 2.27031733e-03 8.75835920e-04 2.65667669e-03 -2.50559847e-03 1.51723512e-03 2.72242974e-03 9.18640088e-01 3.63862740e+00 -1.12533539e-02 2.53346119e-01
1.37800373e-03 -2.55129010e-03 -1.60464744e-03 2.87053203e-03 1.12753129e-03 3.07723051e-03 -2.99448108e-03 5.91897927e-04 3.12976579e-03 6.79224631e-01 3.87282202e+00 -2.17388624e-02 2.63066982e-01
9.53010835e-04 -2.04631300e-03 -1.73632305e-03 2.74850521e-03 1.41281367e-03 2.73919179e-03 -3.01195422e-03 1.33070656e-03 3.14186809e-03 8.37605808e-01 3.92366222e+00 -2.24084512e-02 2.46365896e-01
1.33449620e-03 -2.52053482e-03 -1.35629362e-03 2.71713359e-03 5.41351068e-04 3.42212465e-03 -3.02436989e-03 8.52394104e-04 3.24586938e-03 8.49083258e-01 3.91968539e+00 2.62115958e-02 2.70095870e-01
1.12655625e-03 -2.00857806e-03 -1.37325023e-03 2.39588351e-03 1.16299300e-03 2.27918372e-03 -2.56426874e-03 7.08087891e-04 2.62779875e-03 7.08494361e-01 3.63171313e+00 -3.93721287e-02 2.51339644e-01
7.55829123e-04 -2.12565882e-03 -1.68364157e-03 2.80637261e-03 7.58885866e-04 3.74848168e-03 -3.15575243e-03 1.67297493e-03 3.50036467e-03 9.77974934e-01 4.02170364e+00 3.07708284e-02 2.65362989e-01
1.50880098e-03 -2.55727471e-03 -1.46174008e-03 2.81718022e-03 1.02042829e-03 3.26019904e-03 -2.89011233e-03 3.69415210e-04 3.02739558e-03 8.34608056e-01 3.66152784e+00 -3.32174949e-03 2.67970518e-01
6.97818014e-04 -1.42712344e-03 -1.55977705e-03 2.81266566e-03 1.26881734e-03 3.02315499e-03 -3.11911755e-03 1.95805644e-03 3.32059198e-03 8.48570971e-01 4.23529283e+00 3.09161656e-03 2.48016043e-01
1.20675859e-03 -2.45752089e-03 -1.66215646e-03 2.89494020e-03 1.17206299e-03 3.24717431e-03 -3.05704819e-03 9.59710730e-04 3.24201180e-03 9.78163717e-01 4.01780469e+00 2.97071308e-02 2.62964107e-01
6.18731736e-04 -1.62470444e-03 -1.34868156e-03 2.25889210e-03 7.72575839e-04 2.50958218e-03 -2.49136954e-03 1.24585849e-03 2.67465156e-03 6.95234110e-01 3.52683731e+00 -4.53446614e-02 2.53633725e-01
1.38501918e-03 -2.30183247e-03 -1.26376939e-03 2.49509236e-03 8.42198970e-04 3.05792667e-03 -2.56228921e-03 2.91243261e-04 2.69798648e-03 6.85468269e-01 3.43870659e+00 -3.05172692e-02 2.71362328e-01
7.32914032e-04 -1.41446379e-03 -1.52568201e-03 2.66281834e-03 1.20653703e-03 2.64435748e-03 -3.04125121e-03 1.80430432e-03 3.18393837e-03 9.65276829e-01 4.18464078e+00 1.07189893e-02 2.43664090e-01
7.63120973e-04 -6.31780265e-04 -9.29829675e-04 1.98429567e-03 1.29415547e-03 2.10392440e-03 -2.26002081e-03 1.51991389e-03 2.37169366e-03 9.22637453e-01 3.70452519e+00 -2.68323743e-02 2.38170315e-01
1.63377019e-03 -2.47379983e-03 -1.34501594e-03 2.71281710e-03 6.58413039e-04 3.08959441e-03 -2.74240528e-03 -2.49444026e-04 2.80302572e-03 6.16794971e-01 3.47671773e+00 -2.94626283e-02 2.75056005e-01
4.13504624e-04 -1.36289038e-03 -1.44178835e-03 2.50633688e-03 6.59183945e-04 3.29906373e-03 -2.84723919e-03 1.91748917e-03 3.17867780e-03 7.17491812e-01 3.90794430e+00 -2.48306707e-02 2.59764305e-01
1.38402560e-03 -2.49381486e-03 -1.71956199e-03 2.87908534e-03 1.47991242e-03 2.88021473e-03 -2.93503874e-03 5.01722417e-04 3.02192242e-03 9.56829321e-01 3.79351919e+00 1.58023175e-02 2.57604077e-01
8.30676207e-04 -1.92671530e-03 -1.24409354e-03 2.26863545e-03 4.20207668e-04 3.33048452e-03 -2.59850957e-03 1.20660776e-03 2.89274944e-03 9.63653126e-01 3.66222236e+00 1.81595555e-02 2.72402843e-01
7.24401906e-04 -1.31712585e-03 -9.93601491e-04 1.62564313e-03 8.67768403e-04 1.43888769e-03 -1.77083046e-03 5.50807833e-04 1.79170793e-03 6.57814189e-01 2.99950890e+00 -7.60980425e-02 2.43339851e-01
1.37231528e-03 -2.72990321e-03 -1.56238382e-03 2.97509640e-03 7.00558389e-04 4.15906064e-03 -3.29315268e-03 1.10369958e-03 3.60040196e-03 7.86180898e-01 4.04120581e+00 1.40541838e-02 2.73054975e-01
9.93706013e-04 -1.76407778e-03 -1.40938699e-03 2.46139197e-03 1.27826445e-03 2.21217894e-03 -2.71029116e-03 1.13380244e-03 2.75352119e-03 8.72669520e-01 3.81476768e+00 -1.85610421e-02 2.42155753e-01
1.46737125e-03 -2.45284750e-03 -1.33626572e-03 2.72173343e-03 8.16014320e-04 2.88067324e-03 -2.86880497e-03 4.11901910e-04 2.97422734e-03 8.16172320e-01 3.75019226e+00 1.08562282e-02 2.64886203e-01
7.91893419e-04 -1.66671163e-03 -1.67208968e-03 2.88224351e-03 1.47998259e-03 3.38024209e-03 -3.12345007e-03 1.88285044e-03 3.37081062e-03 8.65180751e-01 4.11147967e+00 -1.03100894e-02 2.51702327e-01
1.14492275e-03 -1.91978010e-03 -1.37170984e-03 2.32839045e-03 1.39276285e-03 2.22683587e-03 -2.40186683e-03 5.68858576e-04 2.44178062e-03 6.70270357e-01 3.45815321e+00 -6.62512535e-02 2.49262755e-01
4.01387104e-04 -1.61614983e-03 -1.36699605e-03 2.16528122e-03 1.96370546e-04 3.05593521e-03 -2.58165263e-03 1.49773083e-03 2.90703879e-03 9.99282829e-01 3.65591330e+00 3.70152494e-02 2.68251725e-01
4.65741744e-04 -1.62061535e-03 -1.41418441e-03 2.28051317e-03 4.92326364e-04 3.07388997e-03 -2.61743728e-03 1.52451190e-03 2.92586224e-03 9.63749829e-01 3.73122818e+00 2.86363022e-02 2.65596700e-01
1.35707408e-03 -2.32333561e-03 -1.58086374e-03 2.78825276e-03 1.46369080e-03 2.69930506e-03 -2.89498660e-03 6.82737509e-04 2.96207214e-03 7.03653404e-01 3.77144769e+00 -4.48354761e-02 2.51656854e-01
7.67969607e-04 -2.10774285e-03 -1.43877631e-03 2.50905072e-03 2.43298708e-04 3.36136004e-03 -2.95074726e-03 1.39560775e-03 3.25823373e-03 9.32065386e-01 3.84466180e+00 3.24149899e-02 2.67923174e-01
1.19022011e-03 -2.20659693e-03 -1.68897305e-03 2.73207747e-03 1.60289734e-03 2.67009163e-03 -2.88051787e-03 9.20131626e-04 2.95993560e-03 7.53564811e-01 3.85357871e+00 -3.55076034e-02 2.49362036e-01
8.97486213e-04 -2.01681759e-03 -1.27956707e-03 2.30106006e-03 5.21864814e-04 3.31580870e-03 -2.58481567e-03 1.08422948e-03 2.86116685e-03 6.70458010e-01 3.67885477e+00 -2.04651948e-02 2.72791773e-01
1.24222192e-03 -2.23340748e-03 -1.63430489e-03 2.75805940e-03 1.37630228e-03 2.43077055e-03 -3.05565523e-03 1.01102329e-03 3.09962035e-03 9.67396226e-01 3.91328861e+00 -1.82267046e-04 2.42662476e-01
5.68009420e-04 -1.47155882e-03 -1.66378388e-03 2.75683808e-03 1.18086001e-03 3.31761694e-03 -3.08020146e-03 2.00392041e-03 3.37600725e-03 9.28782139e-01 4.18924291e+00 1.81623972e-02 2.54802526e-01
1.41578898e-03 -2.49529572e-03 -1.52586005e-03 2.77911064e-03 9.99978755e-04 2.84419973e-03 -2.88014788e-03 3.23970867e-04 2.97378619e-03 7.57653333e-01 3.63608205e+00 -2.05076233e-02 2.61995498e-01
6.29175954e-04 -1.75502805e-03 -1.47575691e-03 2.50550256e-03 7.24427028e-04 3.35695693e-03 -2.81367145e-03 1.60582884e-03 3.12511511e-03 7.35848943e-01 3.81507046e+00 -1.03004423e-02 2.63674202e-01
1.34250027e-03 -2.36835226e-03 -1.59082083e-03 2.77614198e-03 1.34557424e-03 2.65145333e-03 -2.94517945e-03 7.11296912e-04 3.01695024e-03 8.97635206e-01 3.87879805e+00 -7.18918648e-03 2.53150440e-01
1.24108925e-03 -2.22689298e-03 -1.09871316e-03 2.31014540e-03 3.53332541e-04 3.15993963e-03 -2.61853826e-03 7.06826879e-04 2.82860567e-03 9.46870366e-01 3.61106291e+00 3.50764507e-02 2.73739933e-01
1.09063343e-03 -1.85922839e-03 -1.50979505e-03 2.58932142e-03 1.51454708e-03 2.43763136e-03 -2.83222657e-03 1.20120271e-03 2.88688602e-03 7.20471801e-01 3.86533938e+00 -4.87557247e-02 2.41845263e-01
9.30518884e-04 -2.23577907e-03 -1.82512746e-03 3.02472782e-03 1.23049601e-03 3.42700974e-03 -3.31283286e-03 1.60917704e-03 3.55778826e-03 9.72430518e-01 4.10016263e+00 1.55268747e-02 2.54877554e-01
1.02847167e-03 -2.01035093e-03 -1.27383173e-03 2.32527869e-03 8.20473156e-04 2.56502163e-03 -2.50042352e-03 7.54166826e-04 2.64182289e-03 7.01496995e-01 3.60574073e+00 -2.56286088e-02 2.61840528e-01
1.34152847e-03 -2.16920588e-03 -1.36272599e-03 2.51283348e-03 7.00584135e-04 2.57701227e-03 -2.47776485e-03 -2.67936778e-04 2.51075047e-03 6.33316771e-01 3.30773900e+00 -2.98737354e-02 2.71414876e-01
1.19814786e-03 -4.27580215e-04 -7.90506359e-04 2.42812185e-03 1.92585979e-03 3.05301231e-03 -2.63808697e-03 1.96703802e-03 2.84532017e-03 9.60990527e-01 4.07376400e+00 -9.48714484e-03 2.43217547e-01
9.37220117e-04 -2.29308680e-03 -1.66871539e-03 2.81501073e-03 8.19823685e-04 2.93324760e-03 -3.12363317e-03 1.23535784e-03 3.31232924e-03 7.93298654e-01 3.83910599e+00 -2.26080331e-02 2.53428540e-01
1.02911014e-03 -2.18636005e-03 -1.59271000e-03 2.73369542e-03 1.23620310e-03 3.22747322e-03 -2.88456833e-03 1.16914942e-03 3.09611812e-03 8.99111065e-01 4.01134452e+00 2.45462979e-02 2.63317920e-01
1.43827478e-03 -2.57527182e-03 -1.55929192e-03 2.96295834e-03 1.12948132e-03 3.28966383e-03 -3.08218799e-03 6.95638004e-04 3.23414407e-03 7.41419909e-01 3.88475512e+00 -1.72057760e-02 2.63265507e-01
6.29722284e-04 -1.61249363e-03 -1.50727520e-03 2.48434711e-03 9.84611048e-04 2.79685358e-03 -2.77390632e-03 1.55934082e-03 2.98844689e-03 9.27883332e-01 3.87154888e+00 9.09157699e-03 2.53245934e-01
9.77027063e-04 -1.86136962e-03 -1.51055703e-03 2.58654020e-03 1.44802362e-03 2.75181571e-03 -2.74368269e-03 1.23503444e-03 2.87638781e-03 7.93806500e-01 3.79851725e+00 -3.01825333e-02 2.50061754e-01
1.26918274e-03 -2.63874184e-03 -1.52825490e-03 2.90655148e-03 5.40549891e-04 3.47186630e-03 -3.25460485e-03 1.02349905e-03 3.49145888e-03 9.04071756e-01 4.03454585e+00 3.51039440e-02 2.66821961e-01
4.46300397e-04 -1.51515277e-03 -1.46715765e-03 2.44143612e-03 5.78668880e-04 3.23374004e-03 -2.81110249e-03 1.77714532e-03 3.13704185e-03 6.66061922e-01 3.84345642e+00 -2.72590620e-02 2.61276887e-01
1.22298875e-03 -2.09702832e-03 -1.41516916e-03 2.45330491e-03 1.30007734e-03 2.43747123e-03 -2.51883891e-03 4.87438945e-04 2.58408954e-03 9.14108699e-01 3.54880790e+00 -1.37533132e-02 2.55847684e-01
1.56113036e-03 -2.55813800e-03 -1.55840919e-03 2.88318608e-03 1.06025967e-03 2.83323695e-03 -2.92859157e-03 6.01427811e-05 2.98201436e-03 8.23655212e-01 3.74110936e+00 1.25225986e-02 2.64572601e-01
7.37754826e-04 -1.13387028e-03 -1.45023291e-03 2.73964017e-03 1.43433674e-03 3.52497802e-03 -3.05178257e-03 2.15537675e-03 3.37412164e-03 8.58263312e-01 4.12759252e+00 -1.18054941e-02 2.51932309e-01
1.40332215e-03 -2.60997834e-03 -1.72079480e-03 3.05281137e-03 1.35784794e-03 3.26057991e-03 -3.15753222e-03 7.62752852e-04 3.30057428e-03 9.43749653e-01 4.02392142e+00 3.26785975e-02 2.61408085e-01
5.69590010e-04 -1.59935107e-03 -1.47947275e-03 2.54026911e-03 8.43027595e-04 3.01417030e-03 -2.81392585e-03 1.65370273e-03 3.06536583e-03 7.59406832e-01 3.81535604e+00 -2.95988816e-02 2.55295214e-01
1.06702458e-03 -2.08242424e-03 -1.16403948e-03 2.27709020e-03 4.93854722e-04 3.05613899e-03 -2.53744269e-03 8.33965152e-04 2.75604819e-03 8.21267885e-01 3.57410262e+00 1.06944905e-03 2.71183100e-01
1.14672041e-03 -2.38873515e-03 -1.99312856e-03 3.17046621e-03 1.58580708e-03 2.95888327e-03 -3.50590099e-03 1.45668965e-03 3.61169961e-03 8.52247280e-01 4.26844521e+00 -3.22822513e-03 2.44584550e-01
7.82240174e-04 -1.83234752e-03 -1.47353397e-03 2.43067050e-03 1.08766483e-03 2.84002504e-03 -2.60960595e-03 1.22823297e-03 2.81206309e-03 8.99261018e-01 3.77804007e+00 -9.26987336e-03 2.59488384e-01
1.08454153e-03 -2.21418723e-03 -1.42760100e-03 2.59814711e-03 8.09539197e-04 2.76179304e-03 -2.84690607e-03 9.36910401e-04 3.00067351e-03 6.96773562e-01 3.70847789e+00 -2.42794351e-02 2.57115939e-01
1.04337966e-03 -1.90369306e-03 -1.36714512e-03 2.19566520e-03 1.17486421e-03 2.03049719e-03 -2.30554482e-03 4.63597952e-04 2.34759167e-03 6.55110054e-01 3.38299058e+00 -6.50385171e-02 2.50833229e-01
4.23416603e-04 -1.43779111e-03 -1.31040208e-03 2.20224267e-03 4.34204715e-04 3.13832131e-03 -2.54892076e-03 1.60611968e-03 2.87571913e-03 9.93806660e-01 3.65495898e+00 2.56827234e-02 2.66340703e-01
1.01108405e-03 -2.12125494e-03 -1.57367188e-03 2.78573306e-03 1.14010740e-03 3.02572133e-03 -3.01548490e-03 1.29936496e-03 3.19639708e-03 1.03443254e+00 4.14511889e+00 4.46795724e-02 2.58590613e-01
8.58898104e-04 -1.66886732e-03 -1.08275210e-03 1.99391157e-03 7.72300607e-04 2.30614233e-03 -2.12428810e-03 7.27479363e-04 2.26045806e-03 6.63206713e-01 3.15122803e+00 -6.61375013e-02 2.58630962e-01
9.88389053e-04 -1.99301804e-03 -1.42502477e-03 2.43799055e-03 1.15595632e-03 2.71712259e-03 -2.56672196e-03 9.22574204e-04 2.71941042e-03 7.17182777e-01 3.50792897e+00 -4.73038350e-02 2.55501299e-01
8.63115087e-04 -2.22111432e-03 -1.60401144e-03 2.72384170e-03 6.90590413e-04 3.06375025e-03 -3.03614456e-03 1.27818807e-03 3.26440933e-03 9.64946057e-01 4.06403039e+00 3.77057215e-02 2.62185162e-01
1.07179130e-03 -1.68035452e-03 -9.55673026e-04 1.89220159e-03 7.14400494e-04 2.20847847e-03 -1.88147359e-03 7.49157925e-05 1.95044757e-03 6.12903361e-01 2.93889522e+00 -6.47640322e-02 2.70186129e-01
5.28296093e-04 -8.00697845e-04 -1.10246887e-03 2.13726009e-03 1.04390727e-03 2.31386784e-03 -2.38901911e-03 1.64484727e-03 2.54734654e-03 9.66156790e-01 3.75212033e+00 -7.00699436e-03 2.44387885e-01
7.73010555e-04 -1.40925231e-03 -8.66283398e-04 1.53242845e-03 5.08711278e-04 1.47215551e-03 -1.63573120e-03 2.08139131e-04 1.68062752e-03 6.02729527e-01 2.84827370e+00 -7.18129952e-02 2.59815789e-01
6.28673873e-04 -1.52933551e-03 -1.55576517e-03 2.59089530e-03 1.17636858e-03 3.30702311e-03 -2.85894277e-03 1.79478298e-03 3.15616116e-03 1.04629182e+00 3.89032710e+00 1.41681313e-02 2.56488575e-01
5.04398736e-04 -1.36836627e-03 -1.35540449e-03 2.13523945e-03 8.32695414e-04 2.11864983e-03 -2.43031069e-03 1.33229960e-03 2.56657317e-03 6.92940402e-01 3.61147501e+00 -4.92052981e-02 2.45585748e-01
1.58238491e-03 -2.72849540e-03 -1.52789617e-03 3.01869824e-03 1.07403494e-03 3.72000417e-03 -3.14320124e-03 6.46285005e-04 3.33615254e-03 9.95797209e-01 3.93045446e+00 3.73139885e-02 2.69900572e-01
1.23597580e-03 -2.14476543e-03 -1.12303196e-03 2.33883585e-03 5.60787452e-04 2.63215913e-03 -2.53795273e-03 5.18119585e-04 2.66544478e-03 7.38768118e-01 3.58774380e+00 -3.45920135e-03 2.66746224e-01
1.06269443e-03 -2.14268593e-03 -1.86972950e-03 3.14928082e-03 1.68791145e-03 3.51242459e-03 -3.40619497e-03 1.74626707e-03 3.61968540e-03 9.32155469e-01 4.20190913e+00 -7.44664553e-04 2.50068606e-01
1.60090213e-03 -2.63562935e-03 -1.46793666e-03 2.91420708e-03 1.05240612e-03 3.39625476e-03 -2.98893540e-03 3.76396628e-04 3.12755670e-03 8.91778440e-01 3.87660752e+00 3.28833536e-02 2.70204283e-01
5.48107086e-04 -1.51266440e-03 -1.67025178e-03 2.67980226e-03 1.07024271e-03 2.82997157e-03 -3.04077500e-03 1.84316909e-03 3.25082342e-03 8.04144117e-01 3.98542570e+00 -2.79336274e-02 2.45273682e-01
1.02096017e-03 -1.95707262e-03 -1.41090157e-03 2.46484066e-03 1.26304907e-03 2.77621101e-03 -2.58068514e-03 9.78561221e-04 2.73183474e-03 9.25496401e-01 3.58969793e+00 -1.99731409e-02 2.55904104e-01
8.02027418e-04 -1.88339858e-03 -1.30191299e-03 2.36853750e-03 5.99350445e-04 2.69713995e-03 -2.61865822e-03 1.11405571e-03 2.80999532e-03 6.38730884e-01 3.72788964e+00 -2.65267975e-02 2.61289941e-01
1.63347833e-03 -2.99761246e-03 -2.11420351e-03 3.44370819e-03 1.75002387e-03 3.30394411e-03 -3.54227423e-03 5.69115430e-04 3.62692381e-03 8.05776750e-01 4.12583932e+00 -5.05307875e-03 2.55023231e-01
2.87676502e-04 -1.25508371e-03 -1.35328100e-03 2.16058899e-03 4.77490857e-04 2.94036040e-03 -2.50960588e-03 1.68140198e-03 2.82986292e-03 8.55210886e-01 3.67150672e+00 -1.97636543e-03 2.62549730e-01
9.00322192e-04 -5.08185237e-04 -8.44360333e-04 2.12404275e-03 1.53874448e-03 2.59263211e-03 -2.33692819e-03 1.69930419e-03 2.51775224e-03 7.75441226e-01 3.76642092e+00 -3.81181063e-02 2.42978046e-01
2.04965461e-03 -3.18284184e-03 -1.89524336e-03 3.66900735e-03 1.03531464e-03 3.80523856e-03 -3.63260884e-03 -3.48014251e-04 3.68256166e-03 9.32324801e-01 4.04257076e+00 4.55384387e-02 2.71905694e-01
4.86807039e-04 -1.48996044e-03 -1.48265625e-03 2.44893147e-03 7.84233179e-04 3.11138712e-03 -2.77066825e-03 1.73626772e-03 3.06843170e-03 7.38875670e-01 3.78597769e+00 -3.20073173e-02 2.57456394e-01
1.51929427e-03 -2.59410805e-03 -1.66712728e-03 3.02059969e-03 1.42151989e-03 3.03501785e-03 -3.10511643e-03 5.60265360e-04 3.19368011e-03 9.55695882e-01 3.98409834e+00 3.00910296e-02 2.59428218e-01
5.36077079e-04 -9.09107221e-04 -1.22032424e-03 2.29910029e-03 1.06607063e-03 2.92451666e-03 -2.58322890e-03 1.85821906e-03 2.86041118e-03 6.95674652e-01 3.82008211e+00 -4.70571670e-02 2.52040347e-01
1.54992639e-03 -2.58656643e-03 -1.64897639e-03 2.99805008e-03 1.25978663e-03 3.04915933e-03 -2.98295735e-03 1.55488958e-04 3.05522327e-03 1.00272159e+00 3.76234249e+00 3.92220200e-02 2.64439868e-01
1.11538787e-03 -2.06212615e-03 -1.38718138e-03 2.50503218e-03 1.15794242e-03 2.68677587e-03 -2.63477451e-03 8.39050992e-04 2.76005007e-03 7.37110298e-01 3.56586338e+00 -4.03048666e-02 2.54992138e-01
9.10448012e-04 -2.17639003e-03 -1.63133111e-03 2.88934465e-03 9.15592522e-04 3.45384569e-03 -3.17681845e-03 1.52618690e-03 3.44051979e-03 9.63459944e-01 4.17603256e+00 3.99096616e-02 2.62319569e-01
1.09972068e-03 -2.11726279e-03 -1.68272412e-03 2.83973502e-03 1.52752917e-03 2.96578811e-03 -3.05715576e-03 1.31685448e-03 3.19622058e-03 8.72386520e-01 4.05653020e+00 -2.20216354e-03 2.51126179e-01
1.06343593e-03 -2.35085485e-03 -1.45151409e-03 2.65627381e-03 5.39683750e-04 3.19387132e-03 -2.96313550e-03 1.02099989e-03 3.19069458e-03 8.10555700e-01 3.80294063e+00 2.13038504e-03 2.65551236e-01
1.41732719e-03 -2.22682415e-03 -1.05878282e-03 2.27362179e-03 5.05938952e-04 2.91008568e-03 -2.43554831e-03 1.89300483e-04 2.56180434e-03 6.27836807e-01 3.42082708e+00 -3.49094463e-02 2.75151833e-01
8.63692563e-04 -1.49922773e-03 -1.51332074e-03 2.57943537e-03 1.35822937e-03 2.44123945e-03 -2.95374020e-03 1.61334424e-03 3.04253404e-03 1.01347365e+00 4.01450665e+00 7.38639376e-03 2.38405588e-01
1.33643224e-03 -2.25264156e-03 -1.27490703e-03 2.50450834e-03 9.03325737e-04 2.84218181e-03 -2.59559700e-03 4.08975030e-04 2.71585593e-03 9.68655328e-01 3.71695052e+00 3.53678868e-02 2.69105810e-01
5.93168510e-04 -1.44188676e-03 -1.34662789e-03 2.22932825e-03 9.16938761e-04 2.44484710e-03 -2.49492293e-03 1.38513048e-03 2.66985847e-03 6.88570025e-01 3.50834705e+00 -6.18193982e-02 2.47125724e-01
8.52782813e-04 -2.15926892e-03 -1.48055490e-03 2.56694638e-03 5.24858994e-04 3.54653819e-03 -2.91699744e-03 1.34872352e-03 3.23075380e-03 8.61409044e-01 3.82866603e+00 1.24351663e-02 2.69295689e-01
1.29937215e-03 -2.25090833e-03 -1.63999686e-03 2.86513287e-03 1.54793100e-03 2.65995125e-03 -3.07054112e-03 1.02022236e-03 3.12568471e-03 8.21398211e-01 4.01706934e+00 -1.27271515e-02 2.47091895e-01
5.43365413e-04 -1.11533716e-03 -1.40356331e-03 2.52008083e-03 1.03477012e-03 2.85305152e-03 -2.87162951e-03 1.93844336e-03 3.10881960e-03 8.83221393e-01 3.95563131e+00 -1.64470983e-02 2.46401676e-01
1.62378658e-03 -2.68716208e-03 -1.62626103e-03 3.04178926e-03 1.26319170e-03 3.41522784e-03 -3.03006261e-03 2.28157463e-04 3.14406211e-03 7.61815502e-01 3.84992496e+00 6.58497863e-03 2.69082107e-01
1.49169430e-03 -2.54041041e-03 -1.54025056e-03 2.86851889e-03 1.06713658e-03 2.90102826e-03 -2.94857881e-03 2.94294940e-04 3.03094142e-03 8.35410991e-01 3.74803487e+00 -6.28057080e-03 2.62693739e-01
6.37056412e-04 -1.38889187e-03 -1.56386273e-03 2.71009153e-03 1.23157634e-03 3.35427387e-03 -3.02575472e-03 1.99941035e-03 3.32386186e-03 8.37941774e-01 4.09818364e+00 3.58198710e-03 2.53872290e-01
1.34744564e-03 -2.46634602e-03 -1.73898697e-03 2.81882661e-03 1.37127810e-03 2.40114127e-03 -3.06716283e-03 6.74960758e-04 3.09705342e-03 9.19372640e-01 3.90280574e+00 7.26997846e-03 2.46828503e-01
6.53262364e-04 -1.84432858e-03 -1.50781879e-03 2.55113080e-03 6.45573215e-04 3.79549949e-03 -2.90061564e-03 1.69521646e-03 3.27555167e-03 7.61895468e-01 3.90822063e+00 -9.65988185e-03 2.69600022e-01
6.19378070e-04 -1.96153435e-03 -1.50994144e-03 2.52929955e-03 2.04516398e-04 3.77171339e-03 -3.04096507e-03 1.71312019e-03 3.43035770e-03 9.25630375e-01 3.97094794e+00 3.57017990e-02 2.70791884e-01
1.24379345e-03 -2.27247673e-03 -1.70646809e-03 2.66253531e-03 1.54242983e-03 2.40283102e-03 -2.82134987e-03 6.52905352e-04 2.85822420e-03 7.62533093e-01 3.72324607e+00 -3.66642763e-02 2.46727855e-01
7.67456840e-04 -1.55096588e-03 -1.54851952e-03 2.61157849e-03 1.27640220e-03 2.73005442e-03 -2.93550007e-03 1.66601271e-03 3.09649111e-03 7.95969950e-01 4.06499923e+00 -2.14714523e-02 2.46848632e-01
1.62055958e-03 -2.70245674e-03 -1.43266359e-03 2.90609147e-03 8.64928255e-04 3.40533530e-03 -3.06553701e-03 4.30349474e-04 3.21697660e-03 8.95229058e-01 3.79050780e+00 2.31069511e-02 2.68979328e-01
7.32935679e-04 -1.91077733e-03 -1.68513977e-03 2.72195621e-03 1.12772463e-03 3.12204620e-03 -2.98020311e-03 1.55836751e-03 3.21528603e-03 8.22329074e-01 3.95837095e+00 -8.25805441e-03 2.55461481e-01
1.32160140e-03 -2.45572581e-03 -1.49689477e-03 2.83534719e-03 9.85796977e-04 3.07844823e-03 -3.03058660e-03 8.25378144e-04 3.18232787e-03 8.60184832e-01 3.89849266e+00 7.59532021e-03 2.61279808e-01
5.59605354e-04 -1.33783731e-03 -1.44328576e-03 2.34218843e-03 1.07463505e-03 2.53817957e-03 -2.63498094e-03 1.58762778e-03 2.82036592e-03 8.94890238e-01 3.78970522e+00 -1.33816613e-02 2.47496018e-01
1.76613857e-03 -2.94578981e-03 -1.60372061e-03 3.18161597e-03 9.91388242e-04 3.58398288e-03 -3.33267538e-03 3.82133444e-04 3.47517922e-03 7.52671577e-01 4.00323977e+00 3.52775759e-03 2.68326635e-01
1.08999534e-03 -1.93515257e-03 -1.13331219e-03 2.15248057e-03 7.56216047e-04 2.35813347e-03 -2.27372412e-03 4.54068049e-04 2.37947170e-03 6.46108441e-01 3.26518353e+00 -5.33076983e-02 2.62067801e-01
6.92804119e-04 -1.55486366e-03 -1.45563604e-03 2.52873991e-03 1.13925652e-03 2.88553222e-03 -2.76007367e-03 1.58816271e-03 2.96827035e-03 9.85864603e-01 3.95608920e+00 1.40027271e-02 2.54471965e-01
5.78908019e-04 -1.26983481e-03 -1.00452747e-03 1.74287277e-03 7.40335596e-04 2.02449924e-03 -1.88878412e-03 9.16056493e-04 2.02634185e-03 6.36774733e-01 3.14612160e+00 -7.41581897e-02 2.55993500e-01
1.01915900e-03 -2.10155817e-03 -1.39482201e-03 2.49639789e-03 8.73798598e-04 2.71595018e-03 -2.67910432e-03 8.75901163e-04 2.83417395e-03 1.03049078e+00 3.68856566e+00 2.82698208e-02 2.60343037e-01
1.40973794e-03 -2.37042062e-03 -1.43409927e-03 2.68246145e-03 1.15051320e-03 3.02836152e-03 -2.69555380e-03 3.28904233e-04 2.81063409e-03 9.12135912e-01 3.56818041e+00 4.29461625e-03 2.66419590e-01
4.41663429e-04 -1.34573831e-03 -1.63600345e-03 2.71379050e-03 9.59619819e-04 3.02059020e-03 -3.08477099e-03 2.03152119e-03 3.34252683e-03 7.36979463e-01 4.15100551e+00 -1.89625301e-02 2.49859252e-01
1.57670845e-03 -2.77364652e-03 -1.47365898e-03 3.05709617e-03 8.00100233e-04 3.76098459e-03 -3.29207234e-03 8.03304747e-04 3.50389011e-03 8.07874761e-01 3.97573816e+00 9.67038657e-03 2.68732508e-01
8.30648090e-04 -1.63097011e-03 -1.45912308e-03 2.48913608e-03 1.30500572e-03 2.52366132e-03 -2.71490283e-03 1.37641715e-03 2.83295805e-03 8.67629281e-01 3.88060797e+00 -1.09909208e-02 2.47313002e-01
1.04657936e-03 -2.03380308e-03 -1.45126629e-03 2.49324092e-03 1.15405522e-03 2.53391599e-03 -2.68398298e-03 9.30526515e-04 2.79775639e-03 9.63849699e-01 3.66291052e+00 -9.05473159e-03 2.51972747e-01
5.99832970e-04 -1.48973390e-03 -1.06972137e-03 1.83927495e-03 5.17154361e-04 2.29759182e-03 -2.03744386e-03 9.18348987e-04 2.22235825e-03 6.11906532e-01 3.27680812e+00 -5.18089111e-02 2.64465866e-01
2.08262729e-03 3.55899540e-04 2.56552020e-04 2.10990039e-03 2.46695480e-03 3.03770745e-03 -2.23177465e-03 1.78956924e-03 2.42811776e-03 1.01229056e+00 3.99436271e+00 -3.95758603e-03 2.37612595e-01
8.29645142e-04 -1.23625000e-03 -9.38946996e-04 1.82101451e-03 8.55735277e-04 2.09833007e-03 -1.54506154e-03 -1.36447756e-04 1.57227382e-03 5.88223017e-01 2.69757393e+00 -6.69325344e-02 2.74540259e-01
7.95054896e-04 -1.84328247e-03 -1.46920433e-03 2.35195523e-03 9.43483716e-04 2.24608893e-03 -2.61402913e-03 1.05595220e-03 2.72290578e-03 6.89912519e-01 3.74164602e+00 -3.17868667e-02 2.50259840e-01
1.01543773e-03 -2.25055964e-03 -1.50982155e-03 2.66157179e-03 8.72003867e-04 3.40419130e-03 -2.87827746e-03 1.13155688e-03 3.13291630e-03 9.35480676e-01 3.75984590e+00 4.15726660e-03 2.66066719e-01
1.02784282e-03 -1.55676572e-03 -1.67321909e-03 2.81762348e-03 1.79665509e-03 2.80496437e-03 -3.20230101e-03 1.81199633e-03 3.31293016e-03 1.02748196e+00 4.29345182e+00 6.98261709e-03 2.40299868e-01
1.29817287e-03 -1.86802744e-03 -7.78516619e-04 1.85297759e-03 2.31856966e-04 2.18405597e-03 -2.03201595e-03 -5.03202825e-05 2.09168505e-03 6.05525550e-01 3.01941154e+00 -4.37663424e-02 2.73902055e-01
7.28224945e-04 -1.47161259e-03 -1.37389876e-03 2.15817149e-03 1.09299684e-03 1.90339105e-03 -2.48007776e-03 1.19379496e-03 2.53470422e-03 8.98179123e-01 3.65500919e+00 -2.71348730e-02 2.38290523e-01
1.85672654e-03 -3.00691140e-03 -1.39472151e-03 3.04147003e-03 6.29098060e-04 4.16236194e-03 -3.34404242e-03 5.65671277e-04 3.57333005e-03 6.98812139e-01 4.02937828e+00 4.36094537e-03 2.75785757e-01
1.51686034e-03 -2.67541851e-03 -1.72637242e-03 3.17100067e-03 1.36910926e-03 3.06502027e-03 -3.35765411e-03 8.29873372e-04 3.45205630e-03 7.74574063e-01 4.00325064e+00 -1.67353760e-02 2.52271050e-01
5.83484049e-04 -1.61430085e-03 -1.38035087e-03 2.29487345e-03 7.97285700e-04 3.00932580e-03 -2.52490337e-03 1.41111783e-03 2.79451112e-03 8.84661498e-01 3.73823928e+00 7.33104149e-03 2.64612332e-01
5.70951683e-04 -1.81723797e-03 -1.70995259e-03 2.77970834e-03 8.77528682e-04 3.33720103e-03 -3.10896698e-03 1.81072769e-03 3.40417949e-03 7.75093767e-01 4.13249958e+00 6.50198210e-03 2.58954334e-01
1.26066170e-03 -2.38877380e-03 -1.57186918e-03 2.73267683e-03 1.16379082e-03 2.85296103e-03 -2.85731566e-03 6.47697398e-04 2.98046072e-03 8.70774495e-01 3.68443368e+00 -1.63114917e-02 2.58190993e-01
1.19076447e-03 -3.69394810e-04 -7.17001199e-04 2.28276305e-03 1.70741551e-03 2.51760240e-03 -2.58929609e-03 1.82760367e-03 2.70926333e-03 7.95336467e-01 4.01878293e+00 -3.65723769e-02 2.34036665e-01
1.98697505e-03 -2.89137549e-03 -1.70612762e-03 3.47271849e-03 1.08843456e-03 4.09313268e-03 -3.30044532e-03 -3.96477989e-04 3.36369865e-03 9.11453991e-01 3.86460616e+00 4.63401843e-02 2.78030949e-01
1.29632845e-03 -3.19199292e-04 -5.73094786e-04 2.17365395e-03 1.85743513e-03 2.59597431e-03 -2.39731666e-03 1.71454150e-03 2.52516245e-03 9.59509389e-01 3.92516882e+00 -1.27783985e-02 2.37938932e-01
1.60569183e-03 -2.35548946e-03 -1.39315139e-03 2.80502503e-03 7.66993958e-04 3.07215266e-03 -2.71312127e-03 -3.89155054e-04 2.74158402e-03 6.29244906e-01 3.45651846e+00 -2.65398914e-02 2.75169173e-01
6.86689189e-04 -8.09646111e-04 -1.14711242e-03 2.24222611e-03 1.32878569e-03 2.67464360e-03 -2.50718455e-03 1.75558718e-03 2.71845074e-03 7.34883982e-01 3.84307421e+00 -3.41515130e-02 2.46794332e-01
1.70709650e-03 -2.80409577e-03 -1.65812587e-03 3.11447806e-03 9.15579597e-04 3.20965208e-03 -3.16107389e-03 -8.89558040e-05 3.23070001e-03 9.27535147e-01 3.77330334e+00 2.16689567e-02 2.68870016e-01
1.22791312e-03 -2.21247204e-03 -1.71866653e-03 2.87246002e-03 1.65212592e-03 2.82530168e-03 -3.10318428e-03 1.19785460e-03 3.19540233e-03 9.28078366e-01 4.00408651e+00 -1.10356613e-02 2.46390021e-01
1.05146330e-03 -2.14600729e-03 -1.20516418e-03 2.39031988e-03 3.72878379e-04 3.14819061e-03 -2.70434476e-03 9.59519061e-04 2.93637724e-03 7.10788087e-01 3.70040382e+00 -2.61886075e-03 2.70214092e-01
5.50877018e-04 -1.06370588e-03 -1.31943715e-03 2.43521038e-03 1.05623793e-03 3.21563243e-03 -2.73626363e-03 1.94398543e-03 3.05016477e-03 9.64398844e-01 3.86899067e+00 2.12253050e-03 2.55015834e-01
1.28922977e-03 -2.19725723e-03 -1.41897225e-03 2.48326842e-03 1.07008946e-03 2.43083100e-03 -2.52484715e-03 1.67704533e-04 2.57707765e-03 6.51857124e-01 3.50659639e+00 -3.77689832e-02 2.61650362e-01
6.59055275e-04 -1.48324154e-03 -1.60889262e-03 2.82675805e-03 1.21963203e-03 3.45789549e-03 -3.14225435e-03 2.04502084e-03 3.43921266e-03 9.85576188e-01 4.25207988e+00 2.65947152e-02 2.55707117e-01
1.20197257e-03 -2.13618450e-03 -1.33073495e-03 2.39109426e-03 9.03236741e-04 2.45072181e-03 -2.47015002e-03 2.97340869e-04 2.55161484e-03 6.90810792e-01 3.36123868e+00 -4.07681457e-02 2.61194148e-01
1.18779921e-03 -2.13626455e-03 -1.34730021e-03 2.49107352e-03 9.58534006e-04 2.39628541e-03 -2.64248045e-03 5.89742231e-04 2.71935519e-03 9.66936381e-01 3.59476378e+00 4.66150056e-03 2.55382727e-01
4.72257448e-04 -1.33199653e-03 -1.23125099e-03 1.97964817e-03 7.79094663e-04 2.56496271e-03 -2.18150026e-03 1.27014944e-03 2.41242830e-03 6.37615749e-01 3.43355521e+00 -5.58196648e-02 2.61078176e-01
1.52871790e-03 -2.59891855e-03 -1.36936475e-03 2.73108934e-03 6.38362622e-04 3.04624047e-03 -2.92344150e-03 2.81307490e-04 3.04734023e-03 9.19221397e-01 3.65861467e+00 2.22041583e-02 2.68629418e-01
7.88110009e-04 -1.42557948e-03 -1.50547984e-03 2.62757105e-03 1.46258898e-03 2.85060597e-03 -2.88629134e-03 1.72896285e-03 3.05467215e-03 7.55402311e-01 4.06927365e+00 -2.87264716e-02 2.47311986e-01
5.42645006e-04 -1.72918596e-03 -1.56017049e-03 2.57892723e-03 6.63061799e-04 3.70355387e-03 -2.93787417e-03 1.81531790e-03 3.31589104e-03 9.94750236e-01 4.00386163e+00 4.00185141e-02 2.67847279e-01
1.18682925e-03 -2.11410799e-03 -1.44226009e-03 2.39721201e-03 1.16524352e-03 2.15534438e-03 -2.55353342e-03 4.71710711e-04 2.59204821e-03 6.93677488e-01 3.48627026e+00 -5.26531077e-02 2.49279265e-01
4.78778855e-04 -1.27817071e-03 -1.53071241e-03 2.66967853e-03 9.18051746e-04 3.34102596e-03 -3.04224993e-03 2.09739003e-03 3.36935853e-03 9.74001856e-01 4.04004985e+00 2.23005442e-02 2.54022490e-01
1.33092145e-03 -2.38181985e-03 -1.59112068e-03 2.72945408e-03 1.25797543e-03 2.81556222e-03 -2.74639947e-03 3.25102288e-04 2.83563335e-03 7.09126056e-01 3.67799641e+00 -3.01288110e-02 2.62598058e-01
5.05372218e-04 -1.55077821e-03 -1.59268362e-03 2.55420731e-03 9.48766626e-04 3.11811317e-03 -2.85896159e-03 1.76585483e-03 3.14454693e-03 8.77627026e-01 3.87180235e+00 -7.20983350e-04 2.55596690e-01
1.48994306e-03 -2.67849421e-03 -1.68807651e-03 3.05757112e-03 1.21192337e-03 3.11209872e-03 -3.17956947e-03 5.60759527e-04 3.29032458e-03 8.03994570e-01 3.98872223e+00 -9.96308187e-05 2.61169813e-01
6.18590407e-04 -1.38919875e-03 -1.23593263e-03 2.16821479e-03 8.61301358e-04 2.19556965e-03 -2.40592465e-03 1.27680871e-03 2.53078364e-03 8.97727382e-01 3.52498225e+00 -2.15527220e-02 2.45820345e-01
1.56241527e-03 -2.82976427e-03 -1.67523021e-03 3.17884177e-03 1.21629911e-03 3.95122526e-03 -3.30921291e-03 8.30597204e-04 3.53371526e-03 6.99683647e-01 4.13918804e+00 -4.83548039e-03 2.69611781e-01
1.74650407e-03 -2.62727042e-03 -1.90676172e-03 3.67169852e-03 1.33526716e-03 3.78839298e-03 -3.28011651e-03 -4.85130786e-04 3.29251606e-03 1.00862565e+00 3.85039916e+00 6.14583539e-02 2.73489714e-01
1.84552427e-03 1.07785398e-04 7.78097599e-05 1.86854476e-03 2.26679586e-03 2.77253521e-03 -1.98839526e-03 1.51961998e-03 2.16645019e-03 7.16136226e-01 3.73970568e+00 -5.77396259e-02 2.40748541e-01
1.11457742e-03 -2.01436492e-03 -1.20186096e-03 2.32362427e-03 8.12547688e-04 2.52431145e-03 -2.46155589e-03 6.19580144e-04 2.58157581e-03 9.49943451e-01 3.35464574e+00 -8.93463938e-03 2.59284233e-01
6.79890650e-04 -1.46493249e-03 -1.23315714e-03 2.13945972e-03 9.85692216e-04 2.46274957e-03 -2.31361582e-03 1.20101939e-03 2.48004499e-03 6.24732507e-01 3.67252643e+00 -4.83217336e-02 2.57626296e-01
6.69776333e-04 -1.34899691e-03 -1.50101700e-03 2.51853197e-03 1.18496423e-03 2.35328726e-03 -2.87671615e-03 1.67008026e-03 2.97748323e-03 9.32425572e-01 3.93039702e+00 -1.28576065e-02 2.37224153e-01
1.74346218e-03 -2.63526811e-03 -1.26402722e-03 2.78699693e-03 8.00248020e-04 3.62023184e-03 -2.89610734e-03 2.22673350e-04 3.04494464e-03 6.98003018e-01 3.77577021e+00 -3.35467276e-03 2.76127483e-01
5.40026681e-04 -5.18952238e-04 -7.81113230e-04 1.70471440e-03 9.56467210e-04 2.12893819e-03 -1.90983071e-03 1.39635907e-03 2.09117036e-03 6.61779691e-01 3.29973147e+00 -6.57017643e-02 2.46351457e-01
1.47260455e-03 -2.48967062e-03 -1.60413444e-03 2.85915896e-03 1.08103413e-03 2.97836243e-03 -2.81761999e-03 -3.28641751e-05 2.88767347e-03 9.61710174e-01 3.66264185e+00 1.89045345e-02 2.69004147e-01
1.86672939e-03 -3.16107775e-03 -1.87250975e-03 3.52599933e-03 1.20102980e-03 3.57002724e-03 -3.63820160e-03 2.80624941e-04 3.73725464e-03 8.53460664e-01 4.05267537e+00 1.60579389e-02 2.62917948e-01
5.57471204e-04 -1.13455590e-03 -1.29957207e-03 2.25371673e-03 1.10041923e-03 2.74333274e-03 -2.51059951e-03 1.65505838e-03 2.74589486e-03 8.28636000e-01 3.82610685e+00 -1.55134429e-02 2.53825530e-01
1.17179701e-03 -2.29853349e-03 -1.53274842e-03 2.64690737e-03 1.01874623e-03 2.53836419e-03 -2.86594418e-03 7.60903747e-04 2.96576166e-03 7.32656952e-01 3.89852664e+00 -2.03657703e-02 2.56179296e-01
8.03204725e-04 -2.00404799e-03 -1.64235784e-03 2.80185066e-03 1.08310189e-03 3.59579362e-03 -3.03279689e-03 1.61524636e-03 3.33255662e-03 9.53877214e-01 3.89006642e+00 1.70505420e-02 2.60855174e-01
4.65226874e-04 -7.13514986e-04 -9.84605200e-04 1.83299343e-03 9.06531933e-04 1.90704144e-03 -2.07852049e-03 1.39131377e-03 2.19543350e-03 6.68253554e-01 3.38442632e+00 -7.55521492e-02 2.38421005e-01
1.49083524e-03 -2.33663154e-03 -1.29336914e-03 2.58546842e-03 8.34918960e-04 3.07509797e-03 -2.58680848e-03 9.02006648e-06 2.68346296e-03 1.00324975e+00 3.53679858e+00 3.98416666e-02 2.75093873e-01
8.00260196e-04 -7.72877325e-04 -1.17031613e-03 2.63091133e-03 1.43243643e-03 2.83777867e-03 -2.92102042e-03 2.07080686e-03 3.08955566e-03 9.14712824e-01 4.06098466e+00 -1.40645257e-02 2.38180946e-01
1.67550749e-03 -2.56868409e-03 -1.46937829e-03 2.93229732e-03 1.06327805e-03 3.48986647e-03 -2.86362955e-03 -4.05503220e-05 2.96030567e-03 7.29284228e-01 3.72825919e+00 3.78103718e-03 2.75167320e-01
9.64651454e-04 -2.16803167e-03 -1.59937475e-03 2.70480483e-03 1.01530145e-03 2.82715314e-03 -2.93950511e-03 1.13549192e-03 3.10311698e-03 9.14992535e-01 3.99172506e+00 1.54227070e-02 2.57505411e-01
9.98301791e-04 -2.13678543e-03 -1.50406678e-03 2.65687352e-03 1.02012197e-03 3.16019199e-03 -2.86273807e-03 1.18324857e-03 3.07968043e-03 7.51123831e-01 3.73559264e+00 -2.47921884e-02 2.59539491e-01
1.37689870e-03 -2.50907287e-03 -1.44976824e-03 2.83580358e-03 9.04920315e-04 3.24467803e-03 -3.02765834e-03 7.78710984e-04 3.20170712e-03 1.03351631e+00 3.82455571e+00 3.59633324e-02 2.64204818e-01
5.57837045e-04 -1.33395092e-03 -1.18746786e-03 1.91802254e-03 8.62802206e-04 2.07956151e-03 -2.11635285e-03 1.09008278e-03 2.25529728e-03 6.50922793e-01 3.40430546e+00 -6.25497429e-02 2.52141843e-01
1.05576886e-03 -2.35462399e-03 -1.61218675e-03 2.83575824e-03 8.95581899e-04 3.20244949e-03 -3.10520624e-03 1.19496368e-03 3.32006697e-03 7.93136312e-01 3.94731241e+00 -7.38809912e-03 2.59921583e-01
9.42055608e-04 -2.09588809e-03 -1.60162907e-03 2.68243992e-03 1.16282315e-03 2.96421695e-03 -2.89006657e-03 1.22949764e-03 3.07807559e-03 8.88030224e-01 3.89932520e+00 5.60648488e-03 2.56863809e-01
1.40009037e-03 -2.41525622e-03 -1.51844164e-03 2.81208247e-03 1.18404898e-03 2.71055122e-03 -2.94763758e-03 5.78186253e-04 3.02233164e-03 8.02682180e-01 3.75402735e+00 -1.66220720e-02 2.54774062e-01
6.15749421e-04 -1.75655023e-03 -1.67855489e-03 2.77956262e-03 1.03877442e-03 3.64291866e-03 -3.06759189e-03 1.87855075e-03 3.40566818e-03 8.87220460e-01 4.11815173e+00 1.79247989e-02 2.62207238e-01
7.88846850e-04 -1.94834424e-03 -1.45715033e-03 2.47903173e-03 8.39979936e-04 3.25489652e-03 -2.70064115e-03 1.28825951e-03 2.96983298e-03 7.70352792e-01 3.82445748e+00 -7.15713273e-03 2.66943184e-01
1.33311348e-03 -2.48974541e-03 -1.69967707e-03 3.04403022e-03 1.29128411e-03 2.92313470e-03 -3.29981260e-03 1.06183078e-03 3.40468200e-03 9.11908494e-01 4.01413107e+00 5.65945696e-03 2.49466735e-01
7.96320350e-04 -1.99626660e-03 -1.65218322e-03 2.75309653e-03 1.07028506e-03 3.39738274e-03 -3.01636999e-03 1.57487607e-03 3.29272476e-03 7.04560522e-01 3.88545737e+00 -3.28300254e-02 2.58206586e-01
1.03024395e-03 -1.94430311e-03 -1.24637630e-03 2.23126895e-03 8.51189641e-04 2.24601196e-03 -2.40077565e-03 6.22274010e-04 2.49596841e-03 8.98935515e-01 3.55861474e+00 -2.53109974e-04 2.58681461e-01
1.23678919e-03 -2.10361452e-03 -1.57973388e-03 2.64554090e-03 1.47681146e-03 2.22660101e-03 -2.89971432e-03 9.05308142e-04 2.90129689e-03 7.34964754e-01 3.84097147e+00 -4.36669797e-02 2.39902996e-01
9.77059211e-04 -2.11887281e-03 -1.26240057e-03 2.33041702e-03 3.53151267e-04 3.60646094e-03 -2.72079071e-03 1.16491765e-03 3.03418553e-03 9.41286871e-01 3.74094521e+00 3.53885388e-02 2.75484960e-01
4.74124841e-04 -1.23876780e-03 -1.06414725e-03 1.71465527e-03 6.68048949e-04 1.91872582e-03 -1.89409473e-03 9.56679641e-04 2.03484504e-03 6.43407225e-01 3.13221707e+00 -7.42449160e-02 2.53646914e-01
1.24905715e-03 -2.42108641e-03 -1.52220607e-03 2.78204801e-03 9.99575359e-04 3.10067620e-03 -2.97353381e-03 8.60531520e-04 3.14516468e-03 1.05968590e+00 3.89021995e+00 4.28785076e-02 2.62687896e-01
1.02043388e-03 -2.18290903e-03 -1.48862297e-03 2.59938688e-03 9.84617535e-04 3.13226319e-03 -2.76745547e-03 1.00983166e-03 2.97809496e-03 8.46366225e-01 3.72989343e+00 -9.93156083e-03 2.63659248e-01
9.07250128e-04 -2.25023531e-03 -1.79525298e-03 2.94721870e-03 1.05249891e-03 3.02022219e-03 -3.27266978e-03 1.46384322e-03 3.46267565e-03 8.24591750e-01 4.14192500e+00 6.75740171e-03 2.52802194e-01
1.20787640e-03 -2.36581063e-03 -1.31652135e-03 2.59146873e-03 5.15392578e-04 3.23281402e-03 -2.89327482e-03 8.91258830e-04 3.11142279e-03 9.80839197e-01 3.82992646e+00 5.20506043e-02 2.69004308e-01
1.01169621e-03 -1.98547628e-03 -1.59886921e-03 2.63088860e-03 1.41066569e-03 2.68137168e-03 -2.86032034e-03 1.21921139e-03 2.98135627e-03 7.33161638e-01 3.84092392e+00 -4.83913356e-02 2.47633546e-01
1.60858340e-03 -2.43335881e-03 -1.44969752e-03 2.84018656e-03 6.98850602e-04 2.85374285e-03 -2.80903339e-03 -4.07233989e-04 2.82368050e-03 8.78807877e-01 3.47513172e+00 1.76782687e-02 2.71768634e-01
1.47976027e-03 -5.39873479e-04 -8.31619980e-04 2.58875962e-03 2.23072595e-03 3.26719987e-03 -2.85885548e-03 2.03575278e-03 3.06743332e-03 7.89507512e-01 4.29020752e+00 -2.31102045e-02 2.43065928e-01
1.37348086e-03 -2.48869754e-03 -1.34436161e-03 2.64264208e-03 5.68850482e-04 2.91910805e-03 -2.88085321e-03 4.86979372e-04 3.02017719e-03 6.96489882e-01 3.59268323e+00 -2.80118851e-02 2.64988768e-01
8.21390901e-04 -1.64235752e-03 -1.54014471e-03 2.52428511e-03 1.39382636e-03 2.73601484e-03 -2.77988325e-03 1.48674696e-03 2.94147568e-03 9.55646011e-01 4.02493540e+00 1.00571833e-02 2.51534362e-01
2.28724063e-03 2.11672159e-04 2.18283551e-04 2.17657803e-03 2.76912622e-03 3.22284001e-03 -2.28834955e-03 1.75507974e-03 2.47662327e-03 9.02070202e-01 4.06980184e+00 -9.25283486e-03 2.39843700e-01
1.68922477e-03 -2.48517811e-03 -1.80759647e-03 3.56029883e-03 1.29811811e-03 3.73395831e-03 -3.14351166e-03 -4.74486282e-04 3.15360320e-03 7.70604928e-01 3.75440862e+00 8.04814422e-03 2.73968211e-01
1.00991533e-03 -6.11032300e-04 -1.03554481e-03 2.48941312e-03 1.72488551e-03 2.85734622e-03 -2.77771798e-03 1.97663676e-03 2.95539245e-03 8.41995442e-01 4.11097609e+00 -1.42549426e-02 2.40323326e-01
1.81974008e-03 -2.74522450e-03 -1.57291250e-03 3.14027388e-03 8.82011924e-04 3.42849461e-03 -3.10448257e-03 -3.04511848e-04 3.15619862e-03 8.38646485e-01 3.72571600e+00 1.47662162e-02 2.73750477e-01
9.07324219e-04 -1.69226236e-03 -1.55792601e-03 2.57741374e-03 1.33359509e-03 2.39738075e-03 -2.93584702e-03 1.46169437e-03 3.01584156e-03 8.47381899e-01 3.94920095e+00 -1.93944143e-02 2.39194202e-01
1.67078907e-03 -2.75625243e-03 -1.32711946e-03 2.81497326e-03 5.93740640e-04 3.70635231e-03 -3.06534171e-03 4.58173518e-04 3.25945176e-03 8.35561332e-01 3.88198072e+00 2.20788776e-02 2.75182892e-01
1.11551460e-03 -2.35551549e-03 -1.71308430e-03 2.86104476e-03 1.15804267e-03 2.77760018e-03 -3.11348836e-03 1.05183717e-03 3.23814275e-03 7.89301574e-01 4.03813578e+00 -1.77749405e-03 2.53364626e-01
8.53014467e-04 -2.00556396e-03 -1.49355938e-03 2.62749989e-03 9.28692581e-04 3.36176907e-03 -2.84197026e-03 1.36958976e-03 3.10897730e-03 8.75161985e-01 3.79102273e+00 -4.42458307e-03 2.63297707e-01
7.14535612e-04 -1.63313660e-03 -1.08671853e-03 1.93702662e-03 5.17839078e-04 2.42995843e-03 -2.14450529e-03 8.78570283e-04 2.33133070e-03 6.15968953e-01 3.41154948e+00 -4.24583815e-02 2.66739884e-01
1.19689530e-03 -2.26126621e-03 -1.63667453e-03 2.89629986e-03 1.41161729e-03 2.96372131e-03 -3.06808348e-03 1.12440877e-03 3.19588963e-03 1.01193945e+00 3.85978163e+00 5.49859339e-03 2.50079088e-01
1.25656445e-03 -2.42553467e-03 -1.73493283e-03 3.00314038e-03 1.44240406e-03 3.17282638e-03 -3.19950350e-03 1.14319185e-03 3.35218820e-03 7.63875246e-01 4.01453071e+00 -2.04955308e-02 2.53785949e-01
8.10192240e-04 -1.86191344e-03 -1.30233202e-03 2.36812230e-03 6.81763111e-04 2.87231530e-03 -2.60488383e-03 1.16959702e-03 2.82144955e-03 8.92212175e-01 3.70162169e+00 9.36478041e-03 2.63172110e-01
1.29139324e-03 -2.12029326e-03 -1.32728898e-03 2.46093818e-03 9.83164144e-04 2.72303912e-03 -2.40301430e-03 4.37901235e-05 2.47785889e-03 6.34673598e-01 3.33240901e+00 -4.96647252e-02 2.69155770e-01
5.75585469e-04 -7.61655511e-04 -1.19849896e-03 2.36832735e-03 1.15906387e-03 2.74610137e-03 -2.67455187e-03 1.93660137e-03 2.90770361e-03 1.00670543e+00 3.95249452e+00 1.41178441e-02 2.46039909e-01
8.80148683e-04 -2.22165975e-03 -1.70355178e-03 2.90202600e-03 8.80703222e-04 3.32553655e-03 -3.23219351e-03 1.52511998e-03 3.48365235e-03 7.41923207e-01 4.10444679e+00 -8.36603212e-03 2.58621180e-01
9.86581100e-04 -2.05427619e-03 -1.46032659e-03 2.47486603e-03 1.08135585e-03 2.71223457e-03 -2.62349027e-03 9.00922031e-04 2.77596312e-03 8.98524057e-01 3.63826086e+00 -6.56487884e-03 2.58223588e-01
1.25073798e-03 -2.48999878e-03 -1.53492145e-03 2.81371998e-03 8.18451425e-04 3.00034274e-03 -3.04658359e-03 8.00742870e-04 3.20561487e-03 9.33558935e-01 3.86768653e+00 1.80956617e-02 2.61469185e-01
7.68135372e-04 -1.66252777e-03 -1.43734661e-03 2.48119429e-03 1.20445363e-03 2.89698615e-03 -2.65787351e-03 1.41518710e-03 2.85764094e-03 7.29747334e-01 3.78655774e+00 -3.05890354e-02 2.55258637e-01
1.57534687e-03 -2.63908086e-03 -1.77589425e-03 3.18172685e-03 1.31867812e-03 3.49166041e-03 -3.02097934e-03 -5.29367063e-05 3.10599586e-03 9.56489730e-01 3.71430472e+00 1.53318277e-02 2.70674973e-01
6.29698468e-04 -3.58864341e-04 -7.59120295e-04 1.89168197e-03 1.10599217e-03 2.31321891e-03 -2.11446741e-03 1.61880772e-03 2.30934526e-03 6.73599371e-01 3.58387674e+00 -4.90448243e-02 2.44529286e-01
1.76290843e-03 -2.87669633e-03 -1.58169339e-03 3.16245049e-03 9.45001108e-04 3.21364092e-03 -3.30943484e-03 2.48385099e-04 3.39662174e-03 8.35126335e-01 3.91277747e+00 2.00609224e-02 2.64143841e-01
6.75735714e-04 -1.32623871e-03 -1.46144894e-03 2.49704375e-03 1.32129841e-03 3.00030597e-03 -2.76375533e-03 1.76094389e-03 3.00416826e-03 8.42828808e-01 3.96700050e+00 -1.94184212e-02 2.52340137e-01
1.07155126e-03 -2.14997228e-03 -1.31222923e-03 2.40324068e-03 6.92341353e-04 2.74260562e-03 -2.60105802e-03 7.15181067e-04 2.76324265e-03 6.94467454e-01 3.59085629e+00 -2.82542949e-02 2.64481921e-01
9.15592990e-04 -2.03074027e-03 -1.73366733e-03 2.88282138e-03 1.33027199e-03 3.13428836e-03 -3.16223911e-03 1.57594655e-03 3.36022920e-03 9.79765432e-01 4.09481301e+00 1.71525405e-02 2.51925965e-01
7.61420645e-04 -1.72534453e-03 -1.67652130e-03 2.65826612e-03 1.34776153e-03 2.80214142e-03 -2.95170695e-03 1.59482275e-03 3.12472364e-03 8.68525576e-01 4.01159894e+00 -1.33809211e-02 2.48020025e-01
1.57441099e-03 -2.64902658e-03 -1.36050240e-03 2.87488888e-03 7.26795537e-04 3.33482517e-03 -3.08087018e-03 5.45808547e-04 3.23765346e-03 8.07752403e-01 3.84849083e+00 1.29799492e-02 2.68130717e-01
1.17091209e-03 -2.12054494e-03 -1.41905238e-03 2.43648810e-03 1.16060928e-03 2.41721307e-03 -2.53406331e-03 5.10369145e-04 2.61327287e-03 9.76212508e-01 3.60679275e+00 9.96325567e-03 2.58061947e-01
4.16795414e-04 -1.21215969e-03 -1.15141230e-03 1.97719833e-03 6.06677528e-04 2.55190642e-03 -2.21671895e-03 1.37857244e-03 2.45379334e-03 6.39714164e-01 3.38175572e+00 -6.00631258e-02 2.58627307e-01
1.29520832e-03 -2.14312384e-03 -1.48093392e-03 2.60235239e-03 1.29045862e-03 2.70253980e-03 -2.48854841e-03 8.24807493e-05 2.54426777e-03 6.29412215e-01 3.44158520e+00 -4.90355048e-02 2.64390204e-01
5.08911544e-04 -4.35615415e-04 -8.13027581e-04 1.91971780e-03 9.60488319e-04 2.58513744e-03 -2.12414966e-03 1.68860847e-03 2.37905807e-03 9.28845470e-01 3.52063433e+00 -1.35103678e-02 2.51953404e-01
4.46410382e-04 -1.20907920e-03 -1.34759944e-03 2.27702905e-03 8.01820766e-04 2.57682398e-03 -2.59976248e-03 1.66299806e-03 2.81924361e-03 8.08801399e-01 3.80875741e+00 -1.44733965e-02 2.51142886e-01
1.78131896e-03 -3.08103796e-03 -1.90395713e-03 3.48497509e-03 1.50509253e-03 3.89280331e-03 -3.51861154e-03 4.88774079e-04 3.67134109e-03 8.80425280e-01 4.07750787e+00 1.60376939e-02 2.65406009e-01
9.57253036e-04 -1.32920116e-03 -1.48519966e-03 2.76404956e-03 1.70075841e-03 3.01339615e-03 -3.06813746e-03 1.89965568e-03 3.23213414e-03 9.20506705e-01 4.24967414e+00 1.81467236e-03 2.45051789e-01
1.62869442e-03 -2.60179960e-03 -1.31394006e-03 2.69395931e-03 5.63020624e-04 2.96021101e-03 -2.86821123e-03 2.93197844e-05 2.95895125e-03 7.54209714e-01 3.57727067e+00 -5.59567307e-03 2.70375083e-01
1.44880896e-03 -2.44009926e-03 -1.43301636e-03 2.68562418e-03 9.16898245e-04 2.90758413e-03 -2.73832057e-03 1.39906621e-04 2.83185294e-03 7.02549395e-01 3.52207995e+00 -2.19264361e-02 2.67309861e-01
7.14961347e-04 -1.10677014e-03 -1.35081638e-03 2.58884101e-03 1.32583020e-03 2.98434069e-03 -2.87911371e-03 1.93593117e-03 3.09882452e-03 9.34587284e-01 4.11371316e+00 1.41567646e-03 2.48713324e-01
7.02593861e-04 -1.71304113e-03 -1.42807765e-03 2.35165930e-03 1.01340867e-03 2.75078554e-03 -2.54096390e-03 1.26174380e-03 2.74384168e-03 9.59318863e-01 3.66215490e+00 -5.75699713e-03 2.57649881e-01
8.09236731e-04 -1.52579299e-03 -9.53588046e-04 1.82048121e-03 6.32133245e-04 1.96267428e-03 -1.95485373e-03 6.14329110e-04 2.05361241e-03 6.19840640e-01 3.14066428e+00 -6.02034000e-02 2.58685800e-01
8.14548558e-04 -1.48186983e-03 -9.21126395e-04 1.65206846e-03 5.80126346e-04 1.61853047e-03 -1.75290057e-03 2.78700039e-04 1.80477608e-03 6.32954887e-01 2.83372866e+00 -7.36068807e-02 2.56775016e-01
5.90193970e-04 -1.39617317e-03 -1.35962357e-03 2.31704084e-03 1.02827014e-03 2.94216754e-03 -2.54393457e-03 1.56260487e-03 2.79856857e-03 9.80057989e-01 3.82237172e+00 7.92620358e-03 2.59750984e-01
8.07024134e-04 -2.24747045e-03 -1.73161282e-03 2.88481977e-03 7.63234018e-04 3.86926936e-03 -3.23296338e-03 1.65201577e-03 3.58302106e-03 8.04119016e-01 4.08819555e+00 1.14254040e-02 2.66629564e-01
1.08933551e-03 -2.19747876e-03 -1.60258741e-03 2.60365977e-03 1.17552400e-03 2.42080224e-03 -2.82804463e-03 8.41624942e-04 2.91164765e-03 8.62021081e-01 3.77700798e+00 -1.49757485e-02 2.49973104e-01
7.23217076e-04 -1.72821812e-03 -1.61050568e-03 2.78933732e-03 1.07648231e-03 2.86494522e-03 -3.10294174e-03 1.71901348e-03 3.28216396e-03 9.60365233e-01 3.92054694e+00 2.49481932e-03 2.44363335e-01
1.38066560e-03 -2.31638341e-03 -1.32306581e-03 2.63844234e-03 1.06487204e-03 3.23200473e-03 -2.68369717e-03 5.40802171e-04 2.84155074e-03 7.00562748e-01 3.80536414e+00 -1.26280083e-02 2.70928155e-01
5.12175918e-04 -1.52632233e-03 -1.60882145e-03 2.66703327e-03 9.18842771e-04 3.24222689e-03 -3.01414319e-03 1.92055310e-03 3.31400458e-03 9.10018468e-01 4.10150749e+00 2.02525121e-02 2.56747164e-01
1.41667340e-03 -2.56028677e-03 -1.65208605e-03 2.91141342e-03 1.23906885e-03 3.02384077e-03 -2.98896900e-03 4.74350521e-04 3.09925188e-03 7.79821504e-01 3.74288511e+00 -2.02087477e-02 2.60378255e-01
1.55314996e-03 -4.42736920e-04 -7.82734039e-04 2.66434162e-03 2.18127385e-03 3.00019196e-03 -3.01422960e-03 2.09216971e-03 3.14433353e-03 8.17428459e-01 4.40095619e+00 -1.92677503e-02 2.35258951e-01
1.60117877e-03 -2.38542750e-03 -1.41199289e-03 2.80539281e-03 7.29169358e-04 3.18310449e-03 -2.71895266e-03 -3.96619397e-04 2.75931642e-03 8.57542413e-01 3.44195102e+00 1.75590008e-02 2.77169434e-01
4.45549417e-04 -1.20642503e-03 -1.25677413e-03 2.14073558e-03 7.50618669e-04 2.49575292e-03 -2.41936103e-03 1.51632018e-03 2.63315394e-03 9.24598604e-01 3.63271482e+00 -1.10146804e-02 2.53164913e-01
1.23045545e-03 -2.06709974e-03 -1.26682621e-03 2.38915761e-03 1.07917437e-03 2.63078454e-03 -2.41840353e-03 4.13868233e-04 2.51704188e-03 6.40521049e-01 3.43548823e+00 -4.62318336e-02 2.63134323e-01
1.37850387e-03 -2.37615010e-03 -1.26130753e-03 2.53036715e-03 5.98760613e-04 2.78713947e-03 -2.71765391e-03 3.49939292e-04 2.83523146e-03 7.03299319e-01 3.52703833e+00 -2.12107734e-02 2.66527862e-01
7.80826848e-04 -1.61057892e-03 -1.66031451e-03 2.74827945e-03 1.47958503e-03 3.00360813e-03 -3.02232959e-03 1.75557878e-03 3.21309242e-03 9.50744985e-01 4.15678730e+00 6.09269559e-03 2.49676227e-01
5.46461766e-04 -1.56951862e-03 -1.58314240e-03 2.55605189e-03 8.99687395e-04 2.58449617e-03 -2.91255790e-03 1.66967497e-03 3.09532237e-03 1.01767566e+00 3.94295688e+00 2.11048229e-02 2.46573331e-01
1.17311808e-03 -2.08420212e-03 -1.24522808e-03 2.34822771e-03 9.30742363e-04 2.85950641e-03 -2.40567778e-03 4.98218682e-04 2.55203405e-03 6.44607841e-01 3.45419289e+00 -4.75405503e-02 2.68673062e-01
8.76506731e-04 -2.00003496e-03 -1.45701990e-03 2.51207322e-03 8.68351550e-04 2.68316216e-03 -2.73602112e-03 1.09023890e-03 2.90075596e-03 9.48576908e-01 3.81823777e+00 1.06394748e-02 2.58112522e-01
8.60429354e-04 -1.74324499e-03 -1.23663699e-03 2.23911746e-03 9.60447595e-04 2.64036537e-03 -2.37187346e-03 9.92260599e-04 2.54038457e-03 6.69014929e-01 3.44237451e+00 -4.89961705e-02 2.58698921e-01
5.47372368e-04 -1.13347997e-03 -7.67116961e-04 1.38796574e-03 5.32053666e-04 1.82635562e-03 -1.48643730e-03 6.25752747e-04 1.62015325e-03 6.21150965e-01 2.76362328e+00 -7.60832250e-02 2.65486001e-01
9.52860236e-04 -2.23582804e-03 -1.72906275e-03 2.79623814e-03 1.01743402e-03 2.63229272e-03 -3.11632847e-03 1.20184665e-03 3.24457905e-03 1.04289665e+00 4.01321027e+00 2.23805648e-02 2.50029272e-01
5.36607740e-04 -1.23072961e-03 -1.60569237e-03 2.95769607e-03 1.14470054e-03 3.67101039e-03 -3.30451360e-03 2.36624881e-03 3.64811690e-03 8.96304188e-01 4.33304043e+00 2.32322933e-02 2.53928654e-01
1.42549689e-03 -2.38545920e-03 -1.52355352e-03 2.75686115e-03 1.26715091e-03 2.90297992e-03 -2.74487812e-03 2.54613620e-04 2.82714865e-03 7.97569189e-01 3.58989752e+00 -2.01294426e-02 2.62953661e-01
4.01017841e-04 -1.19282829e-03 -1.23282663e-03 1.97658948e-03 7.56566781e-04 2.41974248e-03 -2.21405649e-03 1.37131502e-03 2.43340294e-03 6.64948333e-01 3.35178025e+00 -6.78732915e-02 2.53511538e-01
1.39291619e-03 -2.41096430e-03 -1.46942361e-03 2.69287127e-03 1.05686338e-03 2.72243624e-03 -2.80616578e-03 3.89032540e-04 2.89376724e-03 1.01796187e+00 3.80742275e+00 4.07862776e-02 2.63158963e-01
6.82307997e-04 -1.56606275e-03 -1.51568980e-03 2.58624622e-03 1.04041198e-03 2.66635327e-03 -2.91919504e-03 1.64932152e-03 3.08607607e-03 7.38686562e-01 3.84043008e+00 -4.29181779e-02 2.43539854e-01
1.39920047e-03 -2.43216899e-03 -1.39627422e-03 2.67734265e-03 9.64362604e-04 3.22585632e-03 -2.75554544e-03 4.46085147e-04 2.91141112e-03 9.42439398e-01 3.79294322e+00 3.67435517e-02 2.71712058e-01
7.37589089e-04 -4.16190819e-04 -7.62917783e-04 1.99898010e-03 1.29129853e-03 2.67410437e-03 -2.18023591e-03 1.69758645e-03 2.41624903e-03 6.79792263e-01 3.59483963e+00 -4.98293572e-02 2.48469849e-01
1.41627927e-03 -2.45147177e-03 -1.67615589e-03 2.89288897e-03 1.11377694e-03 2.89210959e-03 -2.82333007e-03 -7.81912030e-05 2.87690574e-03 9.31512814e-01 3.63443321e+00 1.08886450e-02 2.67355698e-01
1.12937433e-03 -2.25820305e-03 -1.31298227e-03 2.49029886e-03 6.12210752e-04 3.08281379e-03 -2.73287441e-03 8.31266230e-04 2.94104291e-03 1.02490511e+00 3.70409679e+00 3.66753580e-02 2.68531410e-01
5.81776876e-04 -1.22746721e-03 -1.01772802e-03 1.65004442e-03 8.08222244e-04 1.67116780e-03 -1.81984782e-03 8.17707235e-04 1.90336711e-03 6.53290124e-01 3.08733101e+00 -7.92038069e-02 2.47424686e-01
5.96987258e-04 -9.17827695e-04 -1.21565759e-03 2.26552945e-03 1.19586218e-03 2.71829073e-03 -2.53224441e-03 1.76128653e-03 2.76096707e-03 7.92170041e-01 3.82363473e+00 -2.58720830e-02 2.48940441e-01
1.89014196e-03 -3.15525654e-03 -1.87777123e-03 3.48148652e-03 1.15798597e-03 3.59969679e-03 -3.54833766e-03 5.30159341e-05 3.64029904e-03 9.05100186e-01 4.03603628e+00 2.97350516e-02 2.67121804e-01
1.44513576e-03 -2.53635314e-03 -1.34727909e-03 2.70467042e-03 6.85297628e-04 3.28236057e-03 -2.90474220e-03 5.31796795e-04 3.07690764e-03 7.05856045e-01 3.70674556e+00 -1.81036479e-02 2.69823710e-01
7.84477479e-04 -1.64928768e-03 -1.56650610e-03 2.54145452e-03 1.26365374e-03 2.54005669e-03 -2.85874215e-03 1.50472461e-03 2.99098701e-03 9.48156468e-01 3.98178259e+00 3.96336663e-03 2.45769603e-01
6.89154180e-04 -6.73062679e-04 -1.18230328e-03 2.50164039e-03 1.31437268e-03 2.73304160e-03 -2.82806125e-03 2.03971393e-03 3.01993989e-03 8.83213773e-01 4.08946565e+00 -1.15742639e-02 2.40735473e-01
1.76071680e-03 -2.74542546e-03 -1.63733810e-03 3.18258910e-03 1.21876210e-03 3.71512234e-03 -3.07812472e-03 -4.63596267e-05 3.17740723e-03 7.80401352e-01 3.76646414e+00 6.71899807e-03 2.73497777e-01
8.38492709e-04 -1.69784593e-03 -1.50270071e-03 2.42575235e-03 1.28158604e-03 2.33549315e-03 -2.68090141e-03 1.25103899e-03 2.77127311e-03 6.90819580e-01 3.77439685e+00 -4.89185947e-02 2.43746877e-01
1.15245241e-03 -2.05872345e-03 -1.04828954e-03 2.16453836e-03 4.32447559e-04 2.80866159e-03 -2.40154356e-03 5.89192576e-04 2.57562878e-03 9.09661142e-01 3.44056685e+00 8.82398153e-03 2.71733643e-01
6.78787554e-04 -1.77038809e-03 -1.36535919e-03 2.32411459e-03 6.82826509e-04 2.98894955e-03 -2.58938139e-03 1.31380969e-03 2.84641085e-03 7.47451332e-01 3.65214911e+00 -2.41125543e-02 2.63433257e-01
1.33983512e-03 -2.70192373e-03 -1.93143049e-03 3.20145479e-03 1.42558496e-03 3.12110948e-03 -3.44662905e-03 1.04733669e-03 3.57595188e-03 9.49976923e-01 4.19152443e+00 2.47249861e-02 2.53257771e-01
1.40046031e-03 -2.25926641e-03 -1.36410535e-03 2.57949478e-03 9.49941096e-04 3.02506781e-03 -2.51452729e-03 -2.42719258e-05 2.60362858e-03 6.87389584e-01 3.47719585e+00 -2.17045332e-02 2.74204227e-01
8.89622893e-04 -8.38215990e-04 -1.27436790e-03 2.83742238e-03 1.51133424e-03 3.10582737e-03 -3.20383151e-03 2.25609146e-03 3.40443600e-03 9.83678601e-01 4.26276090e+00 1.15622072e-02 2.39188862e-01
1.70236954e-03 -2.88462317e-03 -1.91611840e-03 3.38442546e-03 1.72582911e-03 3.65661657e-03 -3.31678444e-03 3.67026855e-04 3.43026809e-03 9.85964276e-01 4.05784705e+00 3.20250853e-02 2.64945976e-01
2.80789704e-04 -9.06397471e-04 -1.21498023e-03 2.10275841e-03 6.35703926e-04 2.55917439e-03 -2.41401070e-03 1.72651506e-03 2.67472488e-03 7.03078565e-01 3.59729424e+00 -4.06552535e-02 2.51559632e-01
1.73979698e-03 -2.79285878e-03 -1.48821446e-03 3.04909110e-03 9.50481340e-04 3.41868639e-03 -3.16213622e-03 2.78310241e-04 3.28387270e-03 9.08531326e-01 3.91571225e+00 2.84099157e-02 2.69279349e-01
5.89651180e-04 -1.33664328e-03 -1.48563459e-03 2.43632945e-03 1.15437985e-03 2.65964948e-03 -2.74281954e-03 1.68531751e-03 2.93741801e-03 7.77033579e-01 3.85417577e+00 -2.93403211e-02 2.46460063e-01
1.23943821e-03 -2.21979374e-03 -1.34796651e-03 2.58867186e-03 9.27662142e-04 2.62106423e-03 -2.75767360e-03 6.82926973e-04 2.86158845e-03 6.89959969e-01 3.62143224e+00 -3.21187947e-02 2.56289795e-01
7.15335650e-04 -1.63540694e-03 -1.41374105e-03 2.44565498e-03 1.11303637e-03 3.03679928e-03 -2.62372832e-03 1.45488352e-03 2.86137042e-03 9.22989031e-01 3.84073634e+00 6.55447680e-04 2.60412628e-01
1.18575618e-03 -2.04965510e-03 -1.19804535e-03 2.34242418e-03 9.12148566e-04 2.74241705e-03 -2.40928060e-03 5.11639713e-04 2.54097314e-03 9.35497104e-01 3.63202039e+00 1.68455547e-02 2.69196368e-01
4.66036498e-04 -1.32753774e-03 -1.21475598e-03 1.92221652e-03 6.89408377e-04 2.03185564e-03 -2.15993825e-03 1.13318750e-03 2.30478189e-03 6.71379476e-01 3.21740142e+00 -6.90661762e-02 2.46805804e-01
5.48831301e-04 -1.00261057e-03 -1.21935650e-03 2.09397172e-03 1.06700890e-03 2.14803657e-03 -2.37416095e-03 1.48706584e-03 2.50172943e-03 9.43922051e-01 3.61994622e+00 -2.03692993e-02 2.40850299e-01
1.55313274e-03 -2.47209087e-03 -1.28956236e-03 2.61330692e-03 6.87777645e-04 3.07398256e-03 -2.71854072e-03 6.95455375e-05 2.82481882e-03 6.15448232e-01 3.59179098e+00 -3.06142293e-02 2.73260754e-01
4.89583439e-04 -1.51860538e-03 -1.39514890e-03 2.27062931e-03 7.08023058e-04 3.00476390e-03 -2.55362083e-03 1.53101724e-03 2.84529115e-03 9.86563065e-01 3.61171736e+00 2.98873127e-03 2.61502207e-01
8.19553542e-04 -1.47180305e-03 -9.73278549e-04 1.66912986e-03 7.58167703e-04 1.59001673e-03 -1.77535967e-03 3.60645864e-04 1.81899102e-03 6.19624764e-01 3.02640337e+00 -7.03178711e-02 2.54951559e-01
1.49354110e-03 -2.72307272e-03 -1.84423940e-03 3.06738607e-03 1.38004841e-03 2.83072168e-03 -3.20545182e-03 4.43553017e-04 3.26967412e-03 8.22050065e-01 3.95146503e+00 -7.64848071e-03 2.55540425e-01
4.50155780e-04 -1.41846517e-03 -1.52507121e-03 2.51781723e-03 8.25707100e-04 3.45890431e-03 -2.85603816e-03 1.92352670e-03 3.21721758e-03 8.63813254e-01 3.91534082e+00 8.00341623e-03 2.61597683e-01
8.22476303e-04 -6.15606667e-04 -9.50572266e-04 2.27891825e-03 1.42357245e-03 2.53123022e-03 -2.51285708e-03 1.78735773e-03 2.65651764e-03 6.97474851e-01 3.83973022e+00 -5.68382177e-02 2.38857981e-01
1.59103323e-03 -2.42333083e-03 -1.36836064e-03 2.74795114e-03 8.66876422e-04 3.15452601e-03 -2.71155698e-03 -1.36735176e-04 2.78410108e-03 9.79925160e-01 3.55813409e+00 4.05517769e-02 2.74830239e-01
1.40621905e-03 -2.48413931e-03 -1.56214457e-03 2.77649811e-03 1.03408535e-03 2.73446919e-03 -2.86885093e-03 2.62624863e-04 2.94471812e-03 6.80477530e-01 3.67171756e+00 -3.21505192e-02 2.61308965e-01
4.76004246e-04 -1.18725630e-03 -1.41615537e-03 2.37769478e-03 1.02635922e-03 3.00006559e-03 -2.66371659e-03 1.80606514e-03 2.94840584e-03 9.58429355e-01 3.85445221e+00 7.82412209e-03 2.55385522e-01
1.02046996e-03 -2.02899028e-03 -1.29442774e-03 2.36589255e-03 8.34244307e-04 2.73413715e-03 -2.54115380e-03 8.31361354e-04 2.70736796e-03 8.35887536e-01 3.67098104e+00 -1.20340910e-03 2.64097439e-01
9.73467905e-04 -2.40229893e-03 -1.95261307e-03 3.18593429e-03 1.25256524e-03 3.43604908e-03 -3.49189206e-03 1.60586124e-03 3.72097809e-03 8.32839031e-01 4.16153921e+00 -2.84491981e-03 2.52587676e-01
1.49352216e-03 -2.50649577e-03 -1.46769179e-03 2.78575203e-03 1.05301616e-03 3.30525697e-03 -2.79640395e-03 2.43788115e-04 2.92811337e-03 8.77434742e-01 3.65976090e+00 1.11790419e-02 2.71519153e-01
6.35559502e-04 -1.17248441e-03 -1.47500081e-03 2.77801381e-03 1.22892142e-03 2.93911870e-03 -3.10361247e-03 2.07429986e-03 3.29842549e-03 7.95956075e-01 4.17034863e+00 -1.53091643e-02 2.43326280e-01
1.10270041e-03 -2.35386430e-03 -1.86261231e-03 3.10627076e-03 1.41107529e-03 3.10865042e-03 -3.37225130e-03 1.40343996e-03 3.52180544e-03 9.03698251e-01 4.17082119e+00 1.62178368e-03 2.49934558e-01
9.78080873e-04 -2.01212190e-03 -1.27653077e-03 2.41474242e-03 7.39039743e-04 3.04632908e-03 -2.61369476e-03 1.01404867e-03 2.82896643e-03 7.73714034e-01 3.66585942e+00 -4.35172259e-03 2.66481781e-01
1.40482721e-03 -2.54544482e-03 -1.49497487e-03 2.86761678e-03 1.07682657e-03 3.62828682e-03 -2.99758757e-03 8.02623451e-04 3.21230879e-03 9.23038977e-01 3.76681605e+00 6.82589619e-03 2.67972613e-01
7.21963959e-04 -1.73886372e-03 -1.52501234e-03 2.47333300e-03 9.51899579e-04 2.37924798e-03 -2.81003832e-03 1.37763629e-03 2.93895478e-03 7.35584991e-01 3.96691311e+00 -1.86974276e-02 2.48293749e-01
1.04314156e-03 -1.87565631e-03 -1.22494500e-03 2.27220083e-03 9.37959070e-04 2.17193637e-03 -2.44008995e-03 7.10250723e-04 2.51062526e-03 6.58593255e-01 3.61249314e+00 -3.24887870e-02 2.54095674e-01
7.85802380e-04 -1.95639287e-03 -1.55970166e-03 2.63933696e-03 1.01103190e-03 3.44901252e-03 -2.85383969e-03 1.46991333e-03 3.14192290e-03 9.43159234e-01 3.77740878e+00 -4.74669317e-03 2.62685223e-01
1.18965370e-03 -2.22104120e-03 -1.52422064e-03 2.65459952e-03 1.14142320e-03 2.46032313e-03 -2.90279891e-03 8.71669816e-04 2.97703806e-03 8.40380341e-01 3.71300253e+00 -1.80826231e-02 2.46831277e-01
1.01019754e-03 -2.27091925e-03 -1.59187084e-03 2.85112746e-03 9.51365166e-04 3.89466945e-03 -3.10613949e-03 1.45810052e-03 3.42460830e-03 8.45181894e-01 4.15116693e+00 2.05270591e-02 2.69619925e-01
1.62048796e-03 -2.87200565e-03 -1.75613808e-03 3.14932499e-03 1.03768183e-03 3.09067967e-03 -3.28967781e-03 2.48785170e-04 3.37748967e-03 9.50942802e-01 3.94519702e+00 3.06404540e-02 2.63098918e-01
5.90906788e-04 -1.15151347e-03 -1.30180794e-03 2.29685365e-03 1.13257493e-03 2.88812938e-03 -2.55216885e-03 1.69330076e-03 2.80380356e-03 7.36469607e-01 3.76550763e+00 -3.52852132e-02 2.53488992e-01
8.17133150e-04 -1.82125300e-03 -1.32266290e-03 2.19605843e-03 7.86795292e-04 2.14597156e-03 -2.41851561e-03 8.45124516e-04 2.52620879e-03 6.70515219e-01 3.46838647e+00 -5.09388525e-02 2.51887391e-01
8.84990977e-04 -2.15155501e-03 -1.62850040e-03 2.74305460e-03 1.02341310e-03 3.46141175e-03 -2.96308373e-03 1.37683695e-03 3.23753267e-03 9.99689115e-01 3.95604363e+00 2.89074484e-02 2.64526860e-01
1.47764639e-03 -6.81704284e-04 -9.10639061e-04 2.53449022e-03 2.13813962e-03 2.67314404e-03 -2.87948049e-03 1.84293708e-03 2.93306993e-03 8.45041641e-01 4.33159828e+00 -1.68531303e-02 2.34915409e-01
1.95403839e-03 -2.69278624e-03 -1.32600036e-03 2.91704185e-03 4.06091532e-04 3.26631721e-03 -3.00379084e-03 -5.78468366e-04 3.01971053e-03 8.36221492e-01 3.52128466e+00 1.82959068e-02 2.77716503e-01
3.88510136e-04 -1.18293108e-03 -1.39430383e-03 2.32346927e-03 8.21460838e-04 3.06167637e-03 -2.63095197e-03 1.81864667e-03 2.94693112e-03 1.00082068e+00 3.75865238e+00 1.09144434e-02 2.57808724e-01
1.05116208e-03 -1.75496952e-03 -1.12763349e-03 2.01424760e-03 9.31520515e-04 1.97052249e-03 -2.05627336e-03 2.29766063e-04 2.09769167e-03 6.24586991e-01 3.18309231e+00 -6.27324807e-02 2.58830250e-01
1.42370734e-03 -2.42876520e-03 -1.47300873e-03 2.81221133e-03 1.23587570e-03 3.19603968e-03 -2.85142575e-03 5.60791885e-04 2.98936252e-03 1.05070149e+00 3.68883567e+00 2.98838971e-02 2.64213865e-01
3.93943925e-04 -1.05606698e-03 -1.04266737e-03 1.74595234e-03 6.10524593e-04 1.95168024e-03 -1.97908905e-03 1.17195563e-03 2.13297012e-03 6.27289414e-01 3.31937934e+00 -6.76966464e-02 2.52250758e-01
5.14721862e-04 -1.50383692e-03 -1.32168810e-03 2.18281953e-03 5.98626361e-04 3.26209708e-03 -2.50052836e-03 1.53473302e-03 2.83535525e-03 9.28138507e-01 3.63886965e+00 4.59345698e-03 2.68585614e-01
1.26706997e-03 -2.14753965e-03 -1.46770098e-03 2.53110499e-03 1.26725865e-03 2.18660188e-03 -2.68791270e-03 5.29231274e-04 2.70287616e-03 6.77486443e-01 3.65790475e+00 -4.32567461e-02 2.47903585e-01
1.36378756e-03 -2.60375699e-03 -1.72715391e-03 3.11374630e-03 1.39898794e-03 3.64135523e-03 -3.21410948e-03 9.95209736e-04 3.41554689e-03 7.36111780e-01 4.16471979e+00 -2.14412135e-03 2.65115363e-01
5.71939782e-04 -1.71940040e-03 -1.47146184e-03 2.36077318e-03 6.83296327e-04 2.50332407e-03 -2.66196032e-03 1.33188345e-03 2.85103850e-03 8.97690094e-01 3.60529435e+00 -1.31225853e-02 2.51222304e-01
1.19977281e-03 -2.22343317e-03 -1.67241830e-03 2.57172605e-03 1.34181185e-03 2.03978558e-03 -2.87291584e-03 7.26833523e-04 2.86952966e-03 7.83277368e-01 3.76603707e+00 -3.90310245e-02 2.39646017e-01
9.33564947e-04 -2.37136480e-03 -1.58711958e-03 2.69044593e-03 3.56962840e-04 4.31586337e-03 -3.19962443e-03 1.56957188e-03 3.61514003e-03 9.28515030e-01 4.07679514e+00 4.92835176e-02 2.75906818e-01
9.63557674e-04 -2.00122055e-03 -1.46498704e-03 2.52161623e-03 1.07627496e-03 2.67801947e-03 -2.73153847e-03 1.08087033e-03 2.88072758e-03 9.40539158e-01 3.68276302e+00 -1.10793426e-02 2.53118394e-01
8.21745242e-04 -1.90405017e-03 -1.33617673e-03 2.31151232e-03 7.41248640e-04 2.73453037e-03 -2.51674553e-03 1.00975386e-03 2.71191017e-03 6.44873865e-01 3.65449589e+00 -3.12917029e-02 2.63527089e-01
6.05767403e-04 -1.33223221e-03 -1.40359007e-03 2.32736465e-03 1.13259127e-03 2.62477807e-03 -2.59787144e-03 1.57297283e-03 2.79456333e-03 9.58480565e-01 3.68148678e+00 -1.86978363e-02 2.47241649e-01
1.28136116e-03 -2.06778185e-03 -1.10451086e-03 2.23259516e-03 6.64078520e-04 2.43339822e-03 -2.33731133e-03 1.77457857e-04 2.41730185e-03 6.00805785e-01 3.42372158e+00 -3.70544463e-02 2.68558698e-01
1.33616785e-03 -2.24809002e-03 -1.50396537e-03 2.68864558e-03 1.26885310e-03 2.95241161e-03 -2.57682426e-03 1.34274163e-04 2.66124283e-03 8.67619013e-01 3.51526775e+00 -5.73895541e-03 2.67857771e-01
7.24341812e-04 -7.63962686e-04 -1.25036139e-03 2.85626695e-03 1.34156504e-03 3.52622226e-03 -3.16685885e-03 2.41069776e-03 3.47505057e-03 7.72919165e-01 4.26542141e+00 -8.23074088e-03 2.47939949e-01
1.04075699e-03 -2.09961972e-03 -1.55718840e-03 2.57713735e-03 1.20557410e-03 2.50761858e-03 -2.77095576e-03 9.24015134e-04 2.87059197e-03 8.93647608e-01 3.64680813e+00 -1.41112489e-02 2.48635042e-01
1.00644422e-03 -2.41419161e-03 -1.64334164e-03 2.89086358e-03 7.19669220e-04 3.77250783e-03 -3.22841407e-03 1.41715484e-03 3.53932414e-03 7.70124881e-01 4.18022251e+00 1.06679434e-02 2.68377885e-01
7.01871332e-04 -1.86405815e-03 -1.73991138e-03 2.77483674e-03 1.04063666e-03 2.70161085e-03 -3.14955775e-03 1.64477391e-03 3.31481965e-03 8.80151448e-01 4.09499041e+00 2.59030243e-03 2.46136927e-01
1.34548307e-03 -2.46991524e-03 -1.45670564e-03 2.76642615e-03 1.00497415e-03 3.46719193e-03 -2.88699908e-03 7.27937272e-04 3.08859354e-03 8.03903548e-01 3.78491961e+00 -2.78976367e-03 2.69389220e-01
7.54626752e-04 -2.14753996e-03 -1.53089220e-03 2.61003809e-03 3.43655401e-04 3.54635165e-03 -3.04351153e-03 1.49754720e-03 3.37539035e-03 9.82588081e-01 3.92051830e+00 4.73804471e-02 2.68217723e-01
1.24126077e-03 -2.10769434e-03 -1.51934889e-03 2.61336846e-03 1.53239014e-03 2.52890213e-03 -2.75166862e-03 8.33200666e-04 2.81118126e-03 7.28699904e-01 3.77140675e+00 -4.55193311e-02 2.48833559e-01
1.24572352e-03 -2.13887722e-03 -1.50026005e-03 2.54853885e-03 1.41857957e-03 2.45594167e-03 -2.59889459e-03 4.95148166e-04 2.65099715e-03 9.56847270e-01 3.55433516e+00 -7.65310453e-03 2.52815590e-01
3.52035306e-04 -1.37339739e-03 -1.34350567e-03 2.21533407e-03 4.14933033e-04 3.09107722e-03 -2.57356875e-03 1.67221730e-03 2.90162656e-03 6.34959146e-01 3.71370468e+00 -3.54808689e-02 2.64768507e-01
5.35974114e-04 -1.52906671e-03 -1.22616899e-03 2.00464853e-03 5.53920018e-04 2.90416826e-03 -2.26212029e-03 1.24271075e-03 2.54161074e-03 6.24117472e-01 3.51753305e+00 -4.62848036e-02 2.69734415e-01
1.34593000e-03 -2.37916473e-03 -1.60115559e-03 2.74350621e-03 1.26209471e-03 2.39874668e-03 -2.98567693e-03 6.83612681e-04 3.02302560e-03 1.02518421e+00 3.77349429e+00 1.44032421e-02 2.46345611e-01
1.07052542e-03 -2.08443937e-03 -1.35716306e-03 2.38827338e-03 9.27846105e-04 2.54572225e-03 -2.52021053e-03 6.30369314e-04 2.64344399e-03 9.32870562e-01 3.55893319e+00 1.86172219e-03 2.61127095e-01
5.78367696e-04 -1.57776413e-03 -1.43769745e-03 2.39630976e-03 8.82895878e-04 2.80826366e-03 -2.64323190e-03 1.48908038e-03 2.86943344e-03 6.68274865e-01 3.72367390e+00 -4.29107438e-02 2.55386749e-01
5.50620797e-04 -1.21712047e-03 -7.71375758e-04 1.37828103e-03 3.35180605e-04 2.00081448e-03 -1.54563803e-03 6.40120618e-04 1.71009906e-03 6.02981583e-01 2.79479263e+00 -7.30444281e-02 2.71499109e-01
1.05484196e-03 -2.17006982e-03 -1.70401777e-03 2.66700214e-03 1.23322995e-03 2.25665569e-03 -3.00547451e-03 1.05187931e-03 3.05645167e-03 1.05313822e+00 3.95490481e+00 1.63241116e-02 2.43021909e-01
1.61235313e-03 -2.90855606e-03 -1.94708777e-03 3.34373960e-03 1.55618864e-03 3.16696898e-03 -3.55024180e-03 7.78177336e-04 3.63861974e-03 9.26468214e-01 4.10916436e+00 7.25575497e-03 2.51627719e-01
5.19611810e-04 -1.56559906e-03 -1.34299740e-03 2.21034556e-03 6.15294005e-04 2.97990376e-03 -2.49725261e-03 1.43652865e-03 2.78387745e-03 7.54256275e-01 3.69798828e+00 -9.92208034e-03 2.65508926e-01
1.61789947e-03 -2.33685337e-03 -1.18972904e-03 2.49563563e-03 3.30859759e-04 2.69959016e-03 -2.59675229e-03 -4.54466238e-04 2.61520775e-03 6.05545820e-01 3.30033905e+00 -3.21294383e-02 2.75734476e-01
1.00431272e-03 -6.60204853e-04 -9.39617251e-04 2.09339767e-03 1.62225367e-03 2.24083480e-03 -2.38985155e-03 1.55157082e-03 2.48247651e-03 9.50105398e-01 3.87052952e+00 -2.12202941e-02 2.37307156e-01
1.12747173e-03 -2.25601727e-03 -1.48708000e-03 2.65925926e-03 1.07639803e-03 3.21257783e-03 -2.78201388e-03 9.05038520e-04 2.98019090e-03 8.06637806e-01 3.92829126e+00 8.85278473e-03 2.67632296e-01
8.50725112e-04 -2.23817539e-03 -1.80401025e-03 2.92707131e-03 9.53644638e-04 2.97178049e-03 -3.27236405e-03 1.47093405e-03 3.46434929e-03 8.74167684e-01 3.93054730e+00 -8.38017814e-03 2.48762196e-01
1.25600058e-03 -2.28047763e-03 -1.63616953e-03 2.76315356e-03 1.47931325e-03 2.72176194e-03 -2.94155830e-03 9.07791516e-04 3.03089039e-03 7.17890255e-01 3.83147406e+00 -3.75692159e-02 2.49684221e-01
6.39274248e-04 -1.80710095e-03 -1.30441040e-03 2.20477006e-03 3.83225340e-04 2.89188419e-03 -2.52455477e-03 1.20664212e-03 2.78579257e-03 9.08413930e-01 3.62509067e+00 1.18998145e-02 2.67335868e-01
1.05511358e-03 -2.25194640e-03 -1.69602763e-03 2.82548759e-03 1.18885162e-03 2.76171206e-03 -3.07851067e-03 1.14291324e-03 3.20458742e-03 7.36066290e-01 4.03117530e+00 -1.71446659e-02 2.52147856e-01
8.61172194e-04 -1.97312776e-03 -1.39691502e-03 2.48128510e-03 8.28399067e-04 3.15893278e-03 -2.68561669e-03 1.19959391e-03 2.92992527e-03 9.06437301e-01 3.67137799e+00 8.26088844e-04 2.64384011e-01
1.12446858e-03 -2.27667324e-03 -1.53247953e-03 2.73169248e-03 9.65403448e-04 2.71617830e-03 -2.95366184e-03 9.22430269e-04 3.07804696e-03 8.86998045e-01 3.83307469e+00 1.25346950e-02 2.54946863e-01
9.12926049e-04 -2.05605322e-03 -1.62279224e-03 2.82491343e-03 1.20569338e-03 3.55427667e-03 -3.03094346e-03 1.53556573e-03 3.30483057e-03 8.00723647e-01 4.02582277e+00 -1.21221033e-02 2.61706444e-01
1.17197258e-03 -2.10233700e-03 -1.31487276e-03 2.45858180e-03 1.09192382e-03 2.92067190e-03 -2.49869845e-03 6.23433802e-04 2.64867298e-03 9.34300670e-01 3.45082718e+00 -1.27529923e-02 2.64543703e-01
4.52748916e-04 -1.28330841e-03 -1.20585891e-03 2.02309363e-03 6.63215027e-04 2.14102577e-03 -2.26682518e-03 1.27143075e-03 2.42088934e-03 6.28038835e-01 3.55767502e+00 -4.76388992e-02 2.52001007e-01
1.38887535e-03 -2.29349600e-03 -1.29206675e-03 2.54894335e-03 9.20869783e-04 3.00464056e-03 -2.59363479e-03 2.98827324e-04 2.71587537e-03 6.90483893e-01 3.43300465e+00 -2.99150114e-02 2.68841613e-01
5.95240665e-04 -1.32505970e-03 -1.51072773e-03 2.59857420e-03 1.13932129e-03 2.69833481e-03 -2.91956081e-03 1.81861894e-03 3.09631202e-03 9.40772772e-01 4.12999450e+00 4.64451485e-03 2.47057289e-01
1.24389336e-03 -1.97930203e-03 -1.09840004e-03 2.16779372e-03 7.20662698e-04 2.61966393e-03 -2.17861694e-03 5.24396617e-05 2.26868811e-03 6.21688083e-01 3.17300353e+00 -4.73214724e-02 2.73590619e-01
6.41836462e-04 -9.56733569e-04 -1.32514710e-03 2.50908862e-03 1.24060587e-03 2.55117570e-03 -2.83926782e-03 1.89804680e-03 2.98616746e-03 9.91864356e-01 4.05939398e+00 2.95389959e-03 2.40115355e-01
1.35749134e-03 -5.38725929e-04 -7.40546907e-04 2.22768206e-03 1.90813020e-03 2.32260362e-03 -2.53895421e-03 1.62794494e-03 2.57233630e-03 7.21333284e-01 4.08923782e+00 -4.85815743e-02 2.33283934e-01
1.86238317e-03 -2.59782699e-03 -1.31038521e-03 2.81139339e-03 3.90964249e-04 3.19751715e-03 -2.88569356e-03 -5.79386654e-04 2.90472507e-03 9.52886402e-01 3.44379970e+00 3.72264930e-02 2.78840474e-01
1.21856760e-03 -2.26772241e-03 -1.37717039e-03 2.59750564e-03 9.67475233e-04 3.12967097e-03 -2.71022896e-03 7.24574753e-04 2.88817930e-03 9.57553120e-01 3.66628804e+00 1.08362822e-02 2.66893692e-01
5.93231181e-04 -1.37537340e-03 -1.23736442e-03 2.13340574e-03 8.71402856e-04 2.22298860e-03 -2.35302470e-03 1.25963201e-03 2.48911776e-03 6.61553333e-01 3.56109925e+00 -5.05109642e-02 2.49037168e-01
1.26817234e-03 -2.04609885e-03 -1.07772122e-03 2.13407829e-03 4.34715780e-04 2.24852673e-03 -2.26157247e-03 -5.52410323e-05 2.31743292e-03 6.17774671e-01 3.12279101e+00 -5.36580761e-02 2.68905623e-01
8.77337142e-04 -1.04443108e-03 -1.22640243e-03 2.39956021e-03 1.56616443e-03 2.70720254e-03 -2.65161137e-03 1.70500913e-03 2.80788418e-03 1.01272466e+00 4.02281265e+00 9.93465243e-03 2.46470665e-01
6.71432997e-04 -1.80622562e-03 -1.38398823e-03 2.34746535e-03 5.88321375e-04 3.49361469e-03 -2.66038445e-03 1.45319534e-03 2.99527476e-03 8.95180289e-01 3.79146854e+00 1.08378243e-02 2.71431686e-01
1.29984590e-03 -2.34371384e-03 -1.62825528e-03 2.68560154e-03 1.28328619e-03 2.29501982e-03 -2.94398460e-03 6.85012755e-04 2.97266314e-03 7.40983148e-01 3.76737655e+00 -3.01432143e-02 2.44757518e-01
8.38678836e-04 -1.16246850e-03 -1.39755137e-03 2.70969615e-03 1.43473417e-03 2.74012551e-03 -3.05764360e-03 1.94244874e-03 3.18983175e-03 1.02671085e+00 4.24248722e+00 1.55422422e-02 2.40933716e-01
1.13357982e-03 -1.79884668e-03 -9.59479676e-04 1.93099194e-03 5.88562341e-04 2.33906679e-03 -1.97524505e-03 7.15429746e-05 2.05980996e-03 6.19195345e-01 3.00046984e+00 -5.50088511e-02 2.73008755e-01
8.36331730e-04 -1.60178347e-03 -1.04114033e-03 1.85306045e-03 7.68883923e-04 2.05192036e-03 -1.94763375e-03 5.37733987e-04 2.05264778e-03 6.45063090e-01 3.07252038e+00 -6.71364079e-02 2.59683216e-01
6.61147790e-04 -1.99566710e-03 -1.77015515e-03 2.83317356e-03 9.14816623e-04 3.18833873e-03 -3.16726340e-03 1.67732834e-03 3.42473734e-03 1.04965318e+00 4.14026427e+00 3.95422095e-02 2.56977080e-01
1.10453645e-03 -1.89783261e-03 -1.04877302e-03 2.11888252e-03 7.44716528e-04 2.71481983e-03 -2.21479828e-03 5.31527277e-04 2.36607240e-03 6.38750749e-01 3.45350474e+00 -2.98709235e-02 2.71828455e-01
9.17974005e-04 -2.10491200e-03 -1.80218691e-03 2.96352027e-03 1.19648435e-03 2.88078827e-03 -3.34312514e-03 1.60717545e-03 3.49613301e-03 1.00276312e+00 4.04985553e+00 5.46129232e-03 2.43282819e-01
8.62304160e-04 -1.32698881e-03 -1.29387428e-03 2.22348310e-03 1.40023293e-03 2.20327274e-03 -2.49728914e-03 1.32861575e-03 2.56713363e-03 6.81859282e-01 3.79151807e+00 -5.36820781e-02 2.41560283e-01
1.45046080e-03 -2.19845904e-03 -9.39524963e-04 2.18979588e-03 3.13134812e-04 2.67021487e-03 -2.41976555e-03 1.49217365e-04 2.52467351e-03 9.12103640e-01 3.31407509e+00 8.15151084e-03 2.73288055e-01
1.16043474e-03 -2.17819802e-03 -1.39561109e-03 2.62925273e-03 1.08985090e-03 3.08312890e-03 -2.74544536e-03 9.07000780e-04 2.92233377e-03 9.98076098e-01 3.91315333e+00 3.08972155e-02 2.65797679e-01
5.06576163e-04 -1.27327499e-03 -1.01125576e-03 1.66082527e-03 5.79737070e-04 1.77207809e-03 -1.83652780e-03 8.23124901e-04 1.95339037e-03 6.58271021e-01 2.95149949e+00 -7.61208647e-02 2.50757816e-01
1.57012868e-03 -2.57602330e-03 -1.41541259e-03 2.82545399e-03 1.02733078e-03 3.43885386e-03 -2.89313096e-03 3.81843405e-04 3.04515282e-03 6.97350462e-01 3.66396527e+00 -1.77949316e-02 2.70121392e-01
5.18205638e-04 -1.30651126e-03 -1.43181247e-03 2.32646154e-03 9.46963428e-04 2.31407881e-03 -2.66174869e-03 1.58400992e-03 2.81288970e-03 9.01393125e-01 3.89581550e+00 -1.28799039e-02 2.45335719e-01
9.36103935e-04 -2.03347157e-03 -1.28457814e-03 2.34182324e-03 6.02090330e-04 2.88907270e-03 -2.58611698e-03 9.52413719e-04 2.79631321e-03 8.90760389e-01 3.61946347e+00 1.00717930e-02 2.66195954e-01
1.11071548e-03 -2.31142924e-03 -1.81136342e-03 2.98806512e-03 1.43604580e-03 3.04140506e-03 -3.25235180e-03 1.34257805e-03 3.40301815e-03 7.66725849e-01 4.10799845e+00 -2.05951972e-02 2.50341968e-01
1.29695120e-03 -2.07479563e-03 -1.11418722e-03 2.19605932e-03 5.30712279e-04 2.40099091e-03 -2.28765526e-03 -5.25834531e-05 2.35117764e-03 6.01979976e-01 3.24733783e+00 -4.38969906e-02 2.71339693e-01
7.03202045e-04 -1.00433405e-03 -1.25246892e-03 2.29066640e-03 1.32410480e-03 2.52433695e-03 -2.57855999e-03 1.68091057e-03 2.74694985e-03 9.76698903e-01 3.83049282e+00 -1.06758937e-02 2.43273079e-01
1.19303002e-03 -1.97917621e-03 -1.12404486e-03 2.20885103e-03 7.86574220e-04 2.36778329e-03 -2.28938432e-03 2.94282792e-04 2.37195931e-03 6.53811444e-01 3.40496470e+00 -3.42645932e-02 2.65704914e-01
6.76316730e-04 -1.75562429e-03 -1.83305254e-03 2.98340202e-03 1.28608555e-03 3.44811042e-03 -3.33180019e-03 2.03415657e-03 3.61718961e-03 1.01075006e+00 4.16222082e+00 1.57156247e-02 2.50514415e-01
3.37683389e-04 -8.11148190e-04 -1.00020153e-03 1.77035518e-03 6.54862493e-04 2.35204071e-03 -2.01418071e-03 1.43048039e-03 2.25458301e-03 6.44339081e-01 3.31673571e+00 -6.32801671e-02 2.56113893e-01
1.55220738e-03 -2.67228987e-03 -1.77083309e-03 3.05568852e-03 1.42721165e-03 3.00655856e-03 -3.09018630e-03 2.81728723e-04 3.15974281e-03 1.03592862e+00 3.87394868e+00 3.34263035e-02 2.60676623e-01
1.23451937e-03 -2.26366528e-03 -1.39748959e-03 2.53900185e-03 9.30945559e-04 2.55516589e-03 -2.70679402e-03 5.60279304e-04 2.80744654e-03 9.21094535e-01 3.56290522e+00 -9.13182154e-03 2.57301888e-01
5.59485761e-04 -1.58726010e-03 -1.49288264e-03 2.39819417e-03 9.47028455e-04 2.94267407e-03 -2.64639086e-03 1.52622250e-03 2.90017282e-03 6.69772189e-01 3.84424153e+00 -2.93921779e-02 2.59500084e-01
1.34277473e-03 -2.53401352e-03 -1.79482269e-03 3.09011585e-03 1.57943850e-03 3.31071221e-03 -3.24605319e-03 1.07877282e-03 3.40037211e-03 8.74534612e-01 4.15432980e+00 1.48980517e-02 2.57391923e-01
6.44839474e-04 -1.94248679e-03 -1.52131200e-03 2.50111398e-03 5.52127621e-04 2.93885597e-03 -2.83126348e-03 1.37411730e-03 3.07973292e-03 8.12552226e-01 3.73828962e+00 -1.36931913e-02 2.59494111e-01
2.19462633e-03 -3.31826685e-03 -1.67083835e-03 3.48473099e-03 6.28414852e-04 3.82883642e-03 -3.65452326e-03 -2.99289135e-04 3.72817808e-03 8.63551757e-01 4.02508193e+00 3.99227740e-02 2.74035997e-01
7.99977584e-04 -9.27013231e-04 -1.19448509e-03 2.24214083e-03 1.44911118e-03 2.39764722e-03 -2.54109832e-03 1.63274804e-03 2.67312807e-03 8.29275528e-01 3.86284141e+00 -3.16585240e-02 2.40354995e-01
6.83228614e-04 -1.59901247e-03 -1.63154979e-03 2.65961417e-03 1.16295770e-03 2.65434731e-03 -3.01927834e-03 1.71325398e-03 3.18077570e-03 8.87631624e-01 4.14095699e+00 2.03249486e-03 2.46189537e-01
1.56529242e-03 -2.63742359e-03 -1.43560169e-03 2.85928973e-03 9.45091509e-04 3.46343682e-03 -2.98246572e-03 4.63989517e-04 3.14689352e-03 7.91011336e-01 3.72322572e+00 -4.35082716e-03 2.69537185e-01
9.79848027e-04 -1.69896171e-03 -1.09976139e-03 1.92015968e-03 7.43793069e-04 1.95223452e-03 -1.92678330e-03 4.70855440e-05 1.97473094e-03 6.05431133e-01 3.05309933e+00 -5.91751199e-02 2.65788449e-01
6.56521393e-04 -9.41062180e-04 -1.28594477e-03 2.51757391e-03 1.25199108e-03 3.17775503e-03 -2.82428614e-03 2.03002187e-03 3.11476668e-03 1.02303196e+00 3.95381535e+00 8.69014672e-03 2.49904503e-01
1.61383902e-03 -2.69738664e-03 -1.96595840e-03 3.47860551e-03 1.55280990e-03 3.76748112e-03 -3.17483031e-03 -1.46536575e-04 3.24804993e-03 8.67001494e-01 3.87337803e+00 2.54005472e-02 2.71731912e-01
1.24257390e-03 -9.69616038e-05 -5.30190956e-04 2.37115972e-03 1.82597177e-03 3.18439345e-03 -2.58046541e-03 2.08457220e-03 2.84885768e-03 8.23112131e-01 4.01558016e+00 -2.19208960e-02 2.43135910e-01
1.40952898e-03 -2.66833815e-03 -1.67619573e-03 3.08235296e-03 1.18612273e-03 3.53365981e-03 -3.22253371e-03 8.58344373e-04 3.41158727e-03 8.43295363e-01 3.87964663e+00 -8.29276425e-03 2.62272451e-01
7.43031834e-04 -1.73275877e-03 -1.47943234e-03 2.54079580e-03 1.00064871e-03 2.76185467e-03 -2.80773587e-03 1.45578092e-03 2.99274700e-03 8.41257167e-01 3.98889395e+00 8.78523243e-03 2.54833505e-01
6.49483795e-04 -1.37668678e-03 -1.03286346e-03 1.74227951e-03 7.80481985e-04 1.90619675e-03 -1.87812747e-03 7.68629656e-04 1.99018505e-03 6.33780292e-01 3.15199518e+00 -6.94543914e-02 2.55709957e-01
9.04350076e-04 -2.11493558e-03 -1.47436420e-03 2.55817234e-03 7.66529361e-04 2.93155822e-03 -2.81118555e-03 1.12307898e-03 3.01911177e-03 1.01636962e+00 3.74775608e+00 2.17373191e-02 2.60689395e-01
1.12996908e-03 -1.98772521e-03 -1.34558833e-03 2.38918305e-03 1.20924656e-03 2.40024587e-03 -2.47619134e-03 6.28916807e-04 2.55503145e-03 9.11766940e-01 3.45081566e+00 -2.13697925e-02 2.52975128e-01
6.71810480e-04 -1.90542862e-03 -1.56091024e-03 2.66950006e-03 6.79463435e-04 3.47231667e-03 -3.01472669e-03 1.67180132e-03 3.33059005e-03 6.66649504e-01 4.05808244e+00 -1.45827299e-02 2.64380519e-01
2.16300996e-03 -3.35170076e-03 -1.67929186e-03 3.45756527e-03 5.76520492e-04 3.69508973e-03 -3.67686125e-03 -2.40399467e-04 3.75511647e-03 8.11693087e-01 3.92653493e+00 1.63985561e-02 2.71563458e-01
7.76197126e-04 -9.79822938e-04 -1.21841543e-03 2.19570250e-03 1.43738517e-03 2.34576138e-03 -2.48274477e-03 1.55937373e-03 2.60837435e-03 8.60779012e-01 3.91486819e+00 -1.72988182e-02 2.43795864e-01
1.91616010e-03 -2.81916366e-03 -1.26981531e-03 2.87213018e-03 4.39446703e-04 3.26296327e-03 -3.08778863e-03 -1.21473900e-04 3.16912626e-03 9.53887141e-01 3.65039109e+00 3.66066687e-02 2.73449132e-01
9.03874352e-04 -1.08849617e-03 -1.24037333e-03 2.34929746e-03 1.59032450e-03 2.42832608e-03 -2.61251346e-03 1.58551782e-03 2.70267413e-03 7.32765193e-01 3.98541014e+00 -4.20540867e-02 2.41448387e-01
7.31438601e-04 -1.48265897e-03 -1.53045791e-03 2.71483329e-03 1.35114683e-03 3.20990932e-03 -2.96104715e-03 1.84844065e-03 3.20393993e-03 9.94947151e-01 4.03785124e+00 1.65380939e-02 2.52020880e-01
1.27213325e-03 -2.28341634e-03 -1.33725831e-03 2.47632765e-03 7.55732333e-04 2.58738534e-03 -2.62049280e-03 3.35853687e-04 2.72087889e-03 6.70177013e-01 3.54593118e+00 -3.38516816e-02 2.64280692e-01
1.87174494e-03 -2.80250138e-03 -1.40376603e-03 2.97784793e-03 7.15726094e-04 3.40907289e-03 -3.08418853e-03 -1.17259385e-04 3.16918033e-03 9.03780204e-01 3.79028481e+00 3.51295509e-02 2.74223679e-01
8.63620636e-04 -1.04024589e-03 -1.25938897e-03 2.47314886e-03 1.49227873e-03 2.64375003e-03 -2.77654722e-03 1.77786266e-03 2.91352902e-03 7.84413272e-01 3.97024193e+00 -3.35857820e-02 2.40048617e-01
1.55595544e-03 -2.68633885e-03 -1.62057998e-03 3.01208108e-03 1.07700930e-03 2.99449401e-03 -3.12987870e-03 3.52111813e-04 3.21801933e-03 9.40552821e-01 3.78782157e+00 1.46771400e-02 2.60553060e-01
5.71458058e-04 -1.30896580e-03 -1.41099748e-03 2.39376969e-03 1.09446890e-03 2.98422718e-03 -2.66160974e-03 1.71773285e-03 2.92513206e-03 7.26524900e-01 3.90834207e+00 -2.56200715e-02 2.56338219e-01
1.26338186e-03 -2.34285525e-03 -1.71517720e-03 2.79176893e-03 1.53898055e-03 2.68170639e-03 -2.95398948e-03 8.26995465e-04 3.03244140e-03 8.41924904e-01 3.82748784e+00 -2.80764121e-02 2.49265442e-01
6.96845728e-04 -2.16223613e-03 -1.63136061e-03 2.73567194e-03 3.69441204e-04 3.71376337e-03 -3.17764318e-03 1.64836374e-03 3.53332978e-03 8.37959771e-01 4.06307097e+00 3.22054713e-02 2.68105047e-01
1.60588523e-03 -2.49697241e-03 -1.25698600e-03 2.63636067e-03 7.24829685e-04 3.17166034e-03 -2.74505133e-03 1.16975395e-04 2.86027036e-03 9.78777875e-01 3.59864592e+00 4.23246214e-02 2.73810907e-01
7.11722506e-04 -1.25474210e-03 -1.41377285e-03 2.43371801e-03 1.23929366e-03 2.44810734e-03 -2.78631107e-03 1.67543804e-03 2.91905687e-03 7.11323280e-01 3.94239789e+00 -5.06999756e-02 2.40598821e-01
6.53189369e-04 -1.71464533e-03 -1.52549666e-03 2.60504649e-03 9.67986341e-04 3.18193557e-03 -2.85302505e-03 1.62484931e-03 3.11597614e-03 7.91329293e-01 3.82516204e+00 -2.70372092e-02 2.56973900e-01
1.41359779e-03 -2.59080245e-03 -1.67197598e-03 3.04802120e-03 1.27178090e-03 3.14358520e-03 -3.19071484e-03 7.91767568e-04 3.31875591e-03 9.09817090e-01 4.06747649e+00 3.25837433e-02 2.59851492e-01
7.66217500e-04 -1.48832624e-03 -9.26503194e-04 1.75183269e-03 6.32920238e-04 2.31951536e-03 -1.86553178e-03 6.86384882e-04 2.02535658e-03 6.23532068e-01 3.06551783e+00 -5.85633464e-02 2.67893315e-01
8.96281716e-04 -1.98441052e-03 -1.57184383e-03 2.57397694e-03 1.03053291e-03 2.40859551e-03 -2.89264619e-03 1.20886670e-03 3.00161904e-03 9.80205955e-01 3.91343555e+00 2.87354075e-03 2.47611824e-01
8.93094629e-04 -2.01953981e-03 -1.48386058e-03 2.57627799e-03 9.93303773e-04 3.07685892e-03 -2.76054359e-03 1.19890967e-03 2.97904583e-03 1.01323401e+00 3.62235458e+00 6.25067470e-03 2.58812728e-01
7.80230336e-04 -1.59049606e-03 -1.09186509e-03 1.90050586e-03 7.26674321e-04 1.97345109e-03 -2.07080408e-03 7.06944389e-04 2.17262883e-03 6.08244335e-01 3.39351364e+00 -5.54802202e-02 2.58315005e-01
8.45459019e-04 -1.91984599e-03 -1.41957611e-03 2.53223554e-03 9.16543670e-04 3.02858467e-03 -2.73062667e-03 1.26188972e-03 2.94986420e-03 1.03567496e+00 3.65077312e+00 2.06133997e-02 2.59000440e-01
8.74658558e-04 -1.66581661e-03 -1.13645602e-03 2.04331619e-03 8.84413773e-04 2.16012596e-03 -2.18453454e-03 7.50849015e-04 2.28846714e-03 6.21781283e-01 3.45979077e+00 -5.86739427e-02 2.57741322e-01
7.23229646e-04 -9.34445465e-04 -1.27295068e-03 2.40363096e-03 1.35721376e-03 2.58266786e-03 -2.72700929e-03 1.82037119e-03 2.89376070e-03 9.11523779e-01 3.97862246e+00 -1.46565334e-02 2.41385059e-01
1.82808175e-03 -2.78512808e-03 -1.48980843e-03 3.04703787e-03 8.75276188e-04 3.45312896e-03 -3.09076122e-03 -9.68797261e-05 3.17567571e-03 7.20734853e-01 3.76028239e+00 -3.49182225e-04 2.73020391e-01
1.46129202e-03 -2.72743005e-03 -1.86708481e-03 3.13294861e-03 1.38245272e-03 2.87356177e-03 -3.32369740e-03 6.57594857e-04 3.39558274e-03 8.46922328e-01 3.95214568e+00 -1.09019978e-02 2.51288829e-01
5.42547361e-04 -1.61192269e-03 -1.46785634e-03 2.45595198e-03 7.63743423e-04 3.39661276e-03 -2.74607640e-03 1.68266942e-03 3.07803370e-03 8.37368703e-01 3.90137372e+00 1.18118586e-02 2.65885522e-01
1.44290146e-03 -2.33802085e-03 -1.33594320e-03 2.57357679e-03 7.85376577e-04 2.87384144e-03 -2.60290255e-03 -1.35567844e-05 2.68517941e-03 8.79029939e-01 3.54318198e+00 2.17344171e-02 2.72650583e-01
8.74786146e-04 -1.12327327e-03 -1.43643726e-03 2.87478491e-03 1.57254763e-03 3.21104217e-03 -3.20864137e-03 2.16272829e-03 3.41941388e-03 7.90273472e-01 4.20841007e+00 -2.63523461e-02 2.41948830e-01
1.66330765e-03 -2.53974211e-03 -1.34704893e-03 2.70577477e-03 4.71613819e-04 2.85694433e-03 -2.81064481e-03 -3.48749320e-04 2.84954266e-03 1.00603721e+00 3.43113477e+00 4.03453488e-02 2.73450562e-01
9.08035448e-04 -6.86935973e-04 -9.08692919e-04 1.99435430e-03 1.48129636e-03 2.22191429e-03 -2.25499186e-03 1.47928992e-03 2.36734007e-03 6.73423539e-01 3.77163311e+00 -6.43916545e-02 2.41072478e-01
6.94365794e-04 -1.47878150e-03 -1.33754995e-03 2.27199085e-03 9.70017162e-04 2.19583710e-03 -2.56598805e-03 1.32260185e-03 2.67142471e-03 9.24161487e-01 3.66476040e+00 -1.68229997e-02 2.42896679e-01
1.45669071e-03 -2.57309385e-03 -1.43284966e-03 2.80880942e-03 9.38566772e-04 3.60925864e-03 -2.95069839e-03 6.60653449e-04 3.15674625e-03 6.67833897e-01 3.87023163e+00 -1.56328001e-02 2.71944581e-01
8.17748683e-04 -1.88952159e-03 -1.33542869e-03 2.40267579e-03 7.44138284e-04 3.29246828e-03 -2.63188638e-03 1.27343128e-03 2.90856107e-03 9.84698363e-01 3.71543539e+00 2.59208627e-02 2.68440961e-01
9.61192313e-04 -1.85359500e-03 -1.35033326e-03 2.29960116e-03 1.04710075e-03 2.12789097e-03 -2.49374861e-03 8.18984310e-04 2.55854977e-03 6.68512238e-01 3.55465281e+00 -5.58540094e-02 2.47747239e-01
2.38718257e-03 -3.25228630e-03 -1.50894103e-03 3.42876412e-03 6.02139335e-04 4.17553704e-03 -3.54575246e-03 -5.19013531e-04 3.60598844e-03 7.70177714e-01 3.91364252e+00 2.28689968e-02 2.79367466e-01
1.06486601e-03 -6.90796370e-04 -9.07172851e-04 2.16734717e-03 1.57250571e-03 2.11437729e-03 -2.49376722e-03 1.56269760e-03 2.52274750e-03 8.78581956e-01 3.93568482e+00 -2.67279975e-02 2.32325274e-01
9.49887160e-04 -1.97742374e-03 -1.31829239e-03 2.43535273e-03 8.85891406e-04 3.21186558e-03 -2.59834363e-03 1.09510144e-03 2.83801948e-03 9.69489051e-01 3.60229259e+00 8.14017542e-03 2.66663312e-01
7.54150508e-04 -1.71888559e-03 -1.34168404e-03 2.15410010e-03 8.39353067e-04 2.00875186e-03 -2.40141517e-03 9.19958901e-04 2.49031688e-03 6.46605573e-01 3.57334815e+00 -5.14239725e-02 2.49517762e-01
1.08640703e-03 -2.25926719e-03 -1.63787755e-03 2.82854728e-03 1.21920307e-03 3.10293864e-03 -3.04037309e-03 1.19779547e-03 3.22258314e-03 9.94980759e-01 3.87937187e+00 6.45341767e-03 2.55251950e-01
7.37853301e-04 -1.55398191e-03 -1.05948370e-03 1.93261755e-03 6.62947707e-04 2.23831807e-03 -2.09859570e-03 8.47654049e-04 2.24561103e-03 6.28182175e-01 3.35524878e+00 -4.67614477e-02 2.61521603e-01
7.24851403e-04 -2.01667517e-03 -1.70919274e-03 2.95568863e-03 8.66594234e-04 3.44488865e-03 -3.28352170e-03 1.79053829e-03 3.56371997e-03 9.26447538e-01 4.19057226e+00 3.27756405e-02 2.58173690e-01
1.20092855e-03 -2.25487779e-03 -1.50977230e-03 2.64888136e-03 1.24749629e-03 2.90187590e-03 -2.75657211e-03 7.75334731e-04 2.89630332e-03 7.76505766e-01 3.69272479e+00 -2.81108038e-02 2.58874082e-01
6.08130682e-04 -7.30288083e-04 -1.03888380e-03 2.18609071e-03 1.08949391e-03 3.11851438e-03 -2.45139519e-03 1.86473138e-03 2.77216994e-03 6.99455825e-01 3.75818619e+00 -4.26728062e-02 2.56734917e-01
1.56659098e-03 -2.79057421e-03 -1.94619733e-03 3.21726407e-03 1.42376893e-03 3.01389661e-03 -3.22198354e-03 1.09275673e-04 3.27405840e-03 1.00099635e+00 3.88528065e+00 3.69554334e-02 2.60369557e-01
6.78481580e-04 -1.80051404e-03 -1.47490938e-03 2.44343963e-03 8.67858441e-04 3.28821781e-03 -2.68942783e-03 1.45541001e-03 2.98521739e-03 7.94331879e-01 3.76923480e+00 -1.40711529e-02 2.64995278e-01
1.33386880e-03 -2.70023893e-03 -1.87176406e-03 3.11937949e-03 1.20593898e-03 2.84905932e-03 -3.40748166e-03 9.08032597e-04 3.50483048e-03 8.95942991e-01 4.11364146e+00 1.53431029e-02 2.51483503e-01
9.54140930e-04 -4.51454015e-04 -8.47995283e-04 2.36751079e-03 1.62946892e-03 3.11210112e-03 -2.56843512e-03 1.98912858e-03 2.82644503e-03 9.63438654e-01 3.99178939e+00 9.16974244e-03 2.48363454e-01
1.53554532e-03 -2.59684064e-03 -1.72066687e-03 3.03367766e-03 1.10388679e-03 3.06792851e-03 -2.96857860e-03 -1.34154960e-04 3.02373923e-03 6.92508372e-01 3.64755417e+00 -2.53498681e-02 2.67524330e-01
1.98704577e-03 -2.97748211e-03 -1.54134688e-03 3.22812531e-03 7.79890300e-04 3.61829997e-03 -3.30424557e-03 -1.99190914e-04 3.38151525e-03 9.85301424e-01 3.88913894e+00 5.46935015e-02 2.74179108e-01
7.39139312e-04 -7.98603908e-04 -1.08453281e-03 2.17617572e-03 1.35778480e-03 2.36444805e-03 -2.42953472e-03 1.62496807e-03 2.56259780e-03 7.28677357e-01 3.75390887e+00 -5.17484515e-02 2.40063685e-01
5.88786027e-04 -1.22279139e-03 -1.25972380e-03 2.14221052e-03 9.83775074e-04 2.01450910e-03 -2.41628467e-03 1.35629740e-03 2.50336221e-03 9.67137511e-01 3.57683104e+00 -1.96461333e-02 2.38687532e-01
1.07275611e-03 -1.74272554e-03 -8.86152487e-04 1.82704951e-03 5.32077619e-04 2.39161750e-03 -1.92385969e-03 2.51745275e-04 2.03988804e-03 5.83932999e-01 3.10541157e+00 -5.53255005e-02 2.74481283e-01
1.50564625e-03 -2.10478353e-03 -1.11375323e-03 2.38003484e-03 5.74030315e-04 2.83359754e-03 -2.35356337e-03 -3.49446717e-04 2.38956823e-03 6.09856266e-01 3.17756464e+00 -3.79485120e-02 2.78158577e-01
1.12599694e-03 -5.18160435e-04 -8.08836343e-04 2.17364951e-03 1.62893611e-03 2.22655815e-03 -2.50806580e-03 1.66023294e-03 2.57767230e-03 9.57628750e-01 4.01134849e+00 -1.55204310e-02 2.33467402e-01
6.14841278e-04 -1.47937163e-03 -1.08665599e-03 1.82995258e-03 5.62784728e-04 1.89827188e-03 -2.03629051e-03 8.23521883e-04 2.15545221e-03 6.58706952e-01 3.08274680e+00 -6.44401351e-02 2.51318250e-01
9.89287145e-04 -2.08875596e-03 -1.47735477e-03 2.54074216e-03 1.10807593e-03 3.01615608e-03 -2.67619245e-03 1.00862176e-03 2.87304526e-03 9.53512935e-01 3.88449991e+00 1.39110009e-02 2.65139533e-01
4.92100204e-04 -6.41173503e-04 -8.75618476e-04 1.63695962e-03 9.46679120e-04 1.86174870e-03 -1.84741862e-03 1.24987970e-03 1.98043133e-03 6.45836338e-01 3.33154601e+00 -7.51866257e-02 2.45340186e-01
1.47960572e-03 -2.40758501e-03 -1.36575785e-03 2.61447102e-03 7.25216202e-04 2.78613603e-03 -2.67737883e-03 -6.49032606e-05 2.74756207e-03 1.00907790e+00 3.42958723e+00 2.64130033e-02 2.69922386e-01
1.06066344e-03 -2.06399507e-03 -1.43958693e-03 2.62162366e-03 1.10669279e-03 2.73770620e-03 -2.79724683e-03 1.03700118e-03 2.93223406e-03 9.20835944e-01 3.73630326e+00 -3.69298596e-03 2.53637631e-01
9.58720500e-04 -2.11548773e-03 -1.51957048e-03 2.69631667e-03 9.88466843e-04 3.29083160e-03 -2.91938612e-03 1.29809822e-03 3.15909541e-03 7.17148960e-01 3.95295593e+00 -1.38321681e-02 2.63060074e-01
5.42729470e-04 -1.19592761e-03 -9.43134585e-04 1.60090594e-03 6.78461206e-04 1.79518370e-03 -1.74965542e-03 8.14550332e-04 1.86571850e-03 6.22402499e-01 3.09497787e+00 -6.93771012e-02 2.56142538e-01
1.02307883e-03 -2.12300187e-03 -1.40330909e-03 2.52704117e-03 8.69713219e-04 2.83154950e-03 -2.70787458e-03 9.10291792e-04 2.87720918e-03 9.94522918e-01 3.62236073e+00 7.54189433e-03 2.60231411e-01
1.28270060e-03 -2.14339304e-03 -1.09068601e-03 2.23272528e-03 5.36564031e-04 2.69734683e-03 -2.39150008e-03 2.86300888e-04 2.51621520e-03 6.51094232e-01 3.29933733e+00 -3.42118627e-02 2.70869025e-01
8.25906770e-04 -1.57130033e-03 -1.57004827e-03 2.59012586e-03 1.35646361e-03 2.55922387e-03 -2.94330249e-03 1.60692491e-03 3.06531774e-03 9.58696997e-01 4.11737661e+00 -1.80690213e-03 2.44397625e-01
1.50656449e-03 -2.69858038e-03 -1.89246202e-03 3.21887719e-03 1.60964396e-03 2.93781850e-03 -3.41154346e-03 8.30556231e-04 3.47196206e-03 9.23038823e-01 4.05837330e+00 7.57239486e-03 2.48227942e-01
6.16612312e-04 -1.70640553e-03 -1.35049693e-03 2.29921075e-03 5.56077458e-04 3.27373458e-03 -2.61787776e-03 1.46022705e-03 2.93137964e-03 7.61521444e-01 3.76322973e+00 -8.23226769e-03 2.68642891e-01
6.59476400e-04 -1.01440753e-03 -1.25847550e-03 2.37254587e-03 1.24617991e-03 2.89375488e-03 -2.64643899e-03 1.81173624e-03 2.88611068e-03 9.03344902e-01 3.83876882e+00 -1.08306630e-02 2.49102151e-01
1.76163213e-03 -2.86274411e-03 -1.68779175e-03 3.22693095e-03 1.12512145e-03 3.32672615e-03 -3.26789061e-03 9.55051327e-05 3.34678500e-03 7.49296960e-01 3.95465687e+00 2.12489155e-03 2.66957399e-01
9.03806516e-04 -1.94041474e-03 -1.63182521e-03 2.73994307e-03 1.28647956e-03 2.94967005e-03 -2.99974465e-03 1.46760459e-03 3.17788740e-03 9.19689834e-01 4.02902930e+00 7.95009889e-03 2.52217962e-01
1.25987217e-03 -2.35486911e-03 -1.38930513e-03 2.72492730e-03 8.55377218e-04 3.17577920e-03 -2.90929547e-03 8.52066091e-04 3.08995831e-03 7.57041273e-01 3.78098817e+00 -1.24658463e-02 2.64280503e-01
9.19302369e-04 -5.93800267e-04 -1.02135359e-03 2.44897278e-03 1.61939488e-03 3.09835850e-03 -2.71233652e-03 2.02285683e-03 2.97099239e-03 1.01744663e+00 4.08783926e+00 9.84220492e-03 2.47509874e-01
1.03585486e-03 -1.66404550e-03 -1.05353913e-03 1.95516578e-03 6.86123732e-04 2.00864591e-03 -1.91321018e-03 -9.77833823e-05 1.94488938e-03 6.11503090e-01 2.92092961e+00 -6.12342049e-02 2.67815131e-01
1.17326357e-03 -1.87807008e-04 -3.78590327e-04 1.78312860e-03 1.71078886e-03 2.37809298e-03 -1.90867053e-03 1.43516319e-03 2.05747695e-03 6.72204356e-01 3.53663088e+00 -7.53878910e-02 2.41895171e-01
1.54545422e-03 -2.34304321e-03 -1.48173589e-03 2.86739259e-03 7.72442315e-04 2.86843375e-03 -2.76357195e-03 -4.32805755e-04 2.77234625e-03 1.02787597e+00 3.48402479e+00 5.14064788e-02 2.72575903e-01
1.32576020e-03 -2.43018867e-03 -1.62297457e-03 2.89670471e-03 1.35032552e-03 3.04033027e-03 -3.04175044e-03 8.72411275e-04 3.17241254e-03 1.04234383e+00 4.02297029e+00 3.05676681e-02 2.58982615e-01
3.93565012e-04 -1.00864091e-03 -8.11937815e-04 1.39119726e-03 4.35259850e-04 1.69003609e-03 -1.55141814e-03 8.07444335e-04 1.68815985e-03 6.35409736e-01 2.78557520e+00 -7.86610142e-02 2.57389508e-01
1.63602371e-03 -2.55776248e-03 -1.51577594e-03 2.91404011e-03 8.94970329e-04 3.06413623e-03 -2.89279287e-03 -2.10080427e-04 2.94361394e-03 9.31894302e-01 3.60348947e+00 2.52780610e-02 2.71071794e-01
9.95444391e-04 -6.51060826e-04 -9.77285833e-04 2.37983436e-03 1.63082222e-03 2.88598403e-03 -2.65367525e-03 1.88833826e-03 2.85734078e-03 7.32684056e-01 4.01405979e+00 -3.75069089e-02 2.43992381e-01
4.76236644e-04 -1.37986894e-03 -1.49754087e-03 2.44397605e-03 9.57647950e-04 2.97902626e-03 -2.73294768e-03 1.74772459e-03 3.00305173e-03 7.55864482e-01 3.73513484e+00 -3.08988991e-02 2.52752075e-01
1.49205938e-03 -2.66350688e-03 -1.65819476e-03 2.95128903e-03 1.12513696e-03 2.98095923e-03 -3.06460841e-03 3.68439348e-04 3.16400648e-03 9.13410280e-01 3.96112413e+00 2.28870092e-02 2.63998755e-01
1.00885444e-03 -2.19730211e-03 -1.72501568e-03 3.02647946e-03 1.24460831e-03 3.22795668e-03 -3.27958564e-03 1.51586415e-03 3.47098552e-03 7.37871102e-01 3.97145621e+00 -3.28493175e-02 2.49613747e-01
9.70497864e-04 -1.87193664e-03 -1.16390154e-03 2.15228269e-03 7.84188963e-04 2.53882898e-03 -2.28376203e-03 6.85573926e-04 2.43461676e-03 8.86971857e-01 3.54663738e+00 9.78610366e-03 2.67057390e-01
1.83129899e-03 -2.90843723e-03 -1.51908640e-03 3.07101849e-03 7.32992476e-04 3.47094861e-03 -3.20393232e-03 -1.45782016e-05 3.30905576e-03 1.04719531e+00 3.79483742e+00 5.41339896e-02 2.72588430e-01
6.43000340e-04 -7.80717505e-04 -9.27191676e-04 1.83732609e-03 1.11828882e-03 1.97882911e-03 -2.04560819e-03 1.31194792e-03 2.14758214e-03 6.69881517e-01 3.47598681e+00 -6.83412443e-02 2.42184470e-01
9.54358781e-04 -1.89781688e-03 -1.14751121e-03 2.14677272e-03 6.65598718e-04 2.84596563e-03 -2.32307470e-03 8.01297206e-04 2.52410980e-03 6.05823288e-01 3.57654456e+00 -3.60485376e-02 2.71181603e-01
8.76932200e-04 -1.95583717e-03 -1.53772689e-03 2.49324223e-03 1.02993924e-03 2.34617315e-03 -2.75867657e-03 1.08179314e-03 2.86212806e-03 9.77507523e-01 3.61724363e+00 -1.13146801e-02 2.44611736e-01
7.44757733e-04 -1.39361277e-03 -1.42751774e-03 2.52799795e-03 1.20703084e-03 2.36637648e-03 -2.84266006e-03 1.60889612e-03 2.93154907e-03 8.48784793e-01 4.02875874e+00 -2.09168747e-02 2.40797404e-01
1.76073341e-03 -2.85098642e-03 -1.46071492e-03 3.03598059e-03 9.57909501e-04 3.95693633e-03 -3.17159639e-03 4.64103888e-04 3.36682690e-03 8.19681525e-01 3.86083399e+00 1.93885372e-02 2.73772527e-01
6.80633753e-04 -1.62299069e-03 -1.41985977e-03 2.35495738e-03 1.02399082e-03 2.75335156e-03 -2.58432429e-03 1.38137206e-03 2.79105777e-03 6.67770649e-01 3.68675594e+00 -4.94569391e-02 2.54782428e-01
1.03465090e-03 -2.04837144e-03 -1.28321599e-03 2.29852418e-03 7.39582302e-04 2.43601304e-03 -2.47220269e-03 6.11969733e-04 2.59657366e-03 9.38730631e-01 3.51577568e+00 7.20081488e-03 2.61747343e-01
1.73304791e-03 -3.09242467e-03 -1.93709174e-03 3.46788647e-03 1.29720680e-03 3.42551358e-03 -3.60585021e-03 4.45264004e-04 3.71016784e-03 8.93486979e-01 4.15044455e+00 2.57035758e-02 2.60934279e-01
4.70543216e-04 -1.24628348e-03 -1.37970525e-03 2.29119940e-03 9.56830374e-04 2.87594847e-03 -2.55694504e-03 1.67774745e-03 2.82478999e-03 8.01487320e-01 3.74697167e+00 -2.19927051e-02 2.55826746e-01
1.60276611e-03 -2.34809262e-03 -1.73627282e-03 3.45630507e-03 1.47593410e-03 4.04789328e-03 -2.93893016e-03 -3.35500730e-04 2.98788471e-03 6.48576372e-01 3.68727816e+00 -1.43069282e-02 2.77614259e-01
1.80489849e-03 2.93791969e-04 1.37059676e-04 1.90690881e-03 2.17780922e-03 2.57119833e-03 -2.04794531e-03 1.59626593e-03 2.19206961e-03 9.28968104e-01 3.81773603e+00 -2.18121233e-02 2.34075467e-01
8.56309669e-04 -1.86423462e-03 -1.49427740e-03 2.42930127e-03 1.19995851e-03 2.60590482e-03 -2.60849877e-03 1.11886775e-03 2.75834720e-03 9.73833708e-01 3.62321055e+00 -1.43278086e-02 2.51850151e-01
6.66990105e-04 -1.37032609e-03 -8.37280789e-04 1.60254602e-03 3.98020632e-04 1.89794519e-03 -1.75942961e-03 6.15847725e-04 1.88349808e-03 5.91459489e-01 3.03300410e+00 -5.95141719e-02 2.64666734e-01
7.83108998e-04 -1.81108112e-03 -1.58068698e-03 2.72070000e-03 1.20606179e-03 3.20538088e-03 -2.93747026e-03 1.60036764e-03 3.17445497e-03 9.71747575e-01 4.02699461e+00 2.41230011e-02 2.57347246e-01
1.15913418e-03 -2.29055450e-03 -1.44615604e-03 2.59457454e-03 8.62860971e-04 2.73741221e-03 -2.78652428e-03 7.17676944e-04 2.92468664e-03 7.08918733e-01 3.65510202e+00 -3.34889317e-02 2.59386975e-01
9.22101416e-04 -2.45809466e-03 -1.70677120e-03 2.96188261e-03 5.03780329e-04 3.86333993e-03 -3.37429956e-03 1.53942315e-03 3.70881164e-03 8.10354678e-01 4.13247331e+00 2.15714123e-02 2.67339971e-01
1.14081842e-03 -2.05086338e-03 -1.50269239e-03 2.55216647e-03 1.40530254e-03 2.51819138e-03 -2.72260095e-03 9.15116482e-04 2.80396878e-03 8.56288890e-01 3.74858609e+00 -2.27182857e-02 2.49547598e-01
7.14810139e-04 -1.38818450e-03 -1.56760684e-03 2.86459581e-03 1.36879035e-03 3.58035399e-03 -3.15315319e-03 2.11991050e-03 3.45820442e-03 8.01985120e-01 4.16673751e+00 -8.40197340e-03 2.53248805e-01
1.36442914e-03 -2.39257071e-03 -1.47164853e-03 2.66296944e-03 9.53661517e-04 2.66910987e-03 -2.75488848e-03 2.53774097e-04 2.83445291e-03 8.60927692e-01 3.64292526e+00 1.63668505e-03 2.63273489e-01
9.62921109e-04 -6.31518551e-04 -1.01897236e-03 2.59131070e-03 1.70676085e-03 3.46273109e-03 -2.80439852e-03 2.15016716e-03 3.10162267e-03 9.89068802e-01 4.10381500e+00 1.01270131e-02 2.50231874e-01
1.28980757e-03 -2.19397790e-03 -1.44243016e-03 2.53990770e-03 9.09039755e-04 2.49119032e-03 -2.52147765e-03 -7.09162061e-05 2.56287512e-03 6.55761047e-01 3.40032620e+00 -3.55015612e-02 2.65833795e-01
1.11152234e-03 -9.26948913e-04 -1.20190268e-03 2.63683362e-03 1.86481399e-03 3.02332977e-03 -2.93830652e-03 1.95981720e-03 3.10810614e-03 8.02440443e-01 4.23312732e+00 -2.61571084e-02 2.42944376e-01
1.73135856e-03 -2.66522041e-03 -1.42687864e-03 2.87657541e-03 6.05280195e-04 3.02944000e-03 -2.97118219e-03 -2.53723988e-04 3.02181669e-03 8.87682922e-01 3.59759271e+00 2.87230904e-02 2.72034904e-01
1.58475270e-03 -2.40753151e-03 -1.50909937e-03 2.94031906e-03 9.43655758e-04 3.21368732e-03 -2.79403002e-03 -3.15625847e-04 2.83523137e-03 8.24389677e-01 3.56936732e+00 1.16668266e-02 2.74568719e-01
1.40505385e-03 -4.07497794e-04 -8.06247594e-04 2.66712295e-03 2.09859967e-03 3.23203645e-03 -2.96017039e-03 2.17385329e-03 3.16886461e-03 8.52883758e-01 4.28612728e+00 -1.17888944e-02 2.38952764e-01
6.22814792e-04 -1.08180034e-03 -1.38017166e-03 2.43740167e-03 1.28254710e-03 2.80325507e-03 -2.72987360e-03 1.82508877e-03 2.94818882e-03 9.60489139e-01 3.85213495e+00 -1.23021940e-02 2.45410027e-01
1.47053510e-03 -2.33562490e-03 -1.29422071e-03 2.53990236e-03 7.50310500e-04 2.70309124e-03 -2.60960460e-03 -1.45714819e-05 2.67565626e-03 6.31763208e-01 3.54868994e+00 -2.51186575e-02 2.69954537e-01
1.36553083e-03 -2.32082332e-03 -1.40446040e-03 2.57005044e-03 9.55050396e-04 2.42792358e-03 -2.70373085e-03 2.77005555e-04 2.75763314e-03 8.58935083e-01 3.59944092e+00 -4.28085293e-03 2.58769419e-01
7.03047763e-04 -1.53364780e-03 -1.66877510e-03 2.95560890e-03 1.38707994e-03 3.90952470e-03 -3.22852858e-03 2.17272353e-03 3.58589778e-03 8.01616036e-01 4.22947394e+00 -2.85610505e-03 2.58050510e-01
1.00820357e-03 -1.97045836e-03 -1.33240474e-03 2.42838692e-03 1.03375700e-03 2.76113988e-03 -2.54707218e-03 8.98975656e-04 2.70376513e-03 8.56974129e-01 3.74203423e+00 4.81834614e-04 2.62711764e-01
9.50278909e-04 -2.38145830e-03 -1.84178802e-03 3.07313311e-03 1.03752268e-03 3.37191564e-03 -3.38852899e-03 1.52287286e-03 3.62483542e-03 8.00104543e-01 4.03994001e+00 -8.88765955e-03 2.54086225e-01
1.98185090e-03 -3.35380449e-03 -1.86018568e-03 3.55365593e-03 8.94614501e-04 3.59974481e-03 -3.76290710e-03 1.29017492e-04 3.86491422e-03 8.77325307e-01 4.21314704e+00 4.05869707e-02 2.67004584e-01
6.81133545e-04 -1.08716259e-03 -1.22284453e-03 2.26670665e-03 1.30937495e-03 2.72332021e-03 -2.46702216e-03 1.61307292e-03 2.66611968e-03 8.19056162e-01 3.70833482e+00 -3.21172807e-02 2.49272893e-01
1.56610781e-03 -2.62390736e-03 -1.35943815e-03 2.77986316e-03 8.08187298e-04 3.59461000e-03 -2.93342053e-03 4.74982329e-04 3.12165315e-03 1.00813161e+00 3.78248065e+00 4.27460687e-02 2.73993872e-01
6.41209091e-04 -1.24933822e-03 -1.20146248e-03 2.03239597e-03 9.53171519e-04 1.92489452e-03 -2.32137523e-03 1.23585319e-03 2.40006509e-03 6.79339346e-01 3.55086364e+00 -6.12707108e-02 2.40433173e-01
9.95116407e-04 -2.23699300e-04 -4.34153031e-04 1.64415399e-03 1.46228823e-03 1.94471321e-03 -1.80252116e-03 1.29198947e-03 1.88911865e-03 6.72173934e-01 3.45545752e+00 -7.16166623e-02 2.37408191e-01
1.85178631e-03 -2.79113952e-03 -1.65678001e-03 3.25322402e-03 7.32314268e-04 3.49978270e-03 -3.19607448e-03 -5.25944360e-04 3.22531390e-03 1.02938586e+00 3.67903013e+00 5.07815144e-02 2.75892856e-01
1.29479528e-03 -2.08701965e-03 -1.51742908e-03 2.77804615e-03 1.18701053e-03 3.10742219e-03 -2.49012584e-03 -1.81723198e-04 2.54417150e-03 6.08875422e-01 3.45239264e+00 -3.21628124e-02 2.74260090e-01
1.25965048e-03 -7.29456455e-06 -3.29398882e-04 2.04909170e-03 1.74188127e-03 2.69120601e-03 -2.22273385e-03 1.76831164e-03 2.42203347e-03 9.43586878e-01 3.74615565e+00 -2.21081747e-02 2.38933748e-01
1.01696310e-03 -2.02445087e-03 -1.56268457e-03 2.59472163e-03 1.25441327e-03 2.52632729e-03 -2.84804128e-03 1.12272940e-03 2.95175435e-03 8.94315717e-01 3.86174966e+00 -1.09372958e-02 2.48438783e-01
1.14887577e-03 -2.37463442e-03 -1.46923795e-03 2.78617733e-03 7.59409802e-04 3.61129659e-03 -3.05395914e-03 1.17452025e-03 3.31762409e-03 7.55280566e-01 3.92824347e+00 9.44890230e-04 2.67850153e-01
1.41103192e-03 -2.26913287e-03 -1.36673222e-03 2.58868566e-03 9.92889946e-04 2.95371302e-03 -2.53530973e-03 9.47878406e-06 2.62072295e-03 9.31355588e-01 3.52939998e+00 2.18393805e-02 2.72931703e-01
6.80883736e-04 -8.13133226e-04 -1.15876179e-03 2.40949692e-03 1.20799199e-03 2.71329110e-03 -2.71837806e-03 1.90531649e-03 2.91324697e-03 7.05258681e-01 3.86915513e+00 -4.78533257e-02 2.41311256e-01
1.36122704e-03 -2.52080324e-03 -1.60481392e-03 2.83982093e-03 1.13280617e-03 2.97709801e-03 -2.95743053e-03 5.48381363e-04 3.07920659e-03 8.22401517e-01 3.85922396e+00 -1.36190197e-03 2.62578168e-01
6.41599259e-04 -1.64603271e-03 -1.61147548e-03 2.76224857e-03 1.04914025e-03 3.30453298e-03 -3.07378347e-03 1.87054144e-03 3.34990205e-03 8.60998566e-01 4.01172253e+00 1.29436453e-03 2.54032616e-01
1.38873844e-03 -2.42175693e-03 -1.85950521e-03 3.19827799e-03 1.87412867e-03 3.11441092e-03 -3.40247409e-03 1.28200950e-03 3.48859703e-03 9.12176437e-01 4.22582953e+00 -2.69786671e-03 2.46909534e-01
8.97200194e-04 -2.01877974e-03 -1.21060050e-03 2.24205327e-03 3.13578883e-04 2.99021961e-03 -2.57990873e-03 9.99082163e-04 2.82161574e-03 7.61341252e-01 3.58984517e+00 -2.47002180e-04 2.69685773e-01
1.01526868e-03 -2.21319471e-03 -1.42925425e-03 2.56008919e-03 7.38820181e-04 3.14621248e-03 -2.79321054e-03 1.01030531e-03 3.01792127e-03 7.08115043e-01 3.77028475e+00 -9.03107033e-03 2.66203427e-01
8.92928265e-04 -2.03870027e-03 -1.64455919e-03 2.65119514e-03 1.15858189e-03 2.67589852e-03 -2.91385132e-03 1.24858969e-03 3.06108384e-03 9.07510811e-01 3.87529610e+00 -1.36638010e-02 2.50148957e-01
6.45611051e-04 -1.25812446e-03 -1.18162209e-03 2.05337955e-03 1.05468009e-03 2.19340815e-03 -2.25335782e-03 1.24551543e-03 2.37853216e-03 9.08955508e-01 3.63272879e+00 -1.19495766e-02 2.50574446e-01
1.51599484e-03 -2.66386562e-03 -1.46063553e-03 2.86968205e-03 8.20967626e-04 3.28487071e-03 -3.06135985e-03 5.31867746e-04 3.21911134e-03 6.70859784e-01 3.72240305e+00 -3.00790681e-02 2.65757794e-01
1.37877863e-03 -2.61320977e-03 -1.77766135e-03 2.95063008e-03 1.24047747e-03 2.67289064e-03 -3.15429391e-03 5.87904446e-04 3.22239600e-03 9.25779036e-01 3.93959713e+00 1.39665631e-02 2.53555848e-01
5.60256030e-04 -1.55852190e-03 -1.47522740e-03 2.50393145e-03 8.82551504e-04 3.45359205e-03 -2.77762763e-03 1.75158922e-03 3.11054808e-03 7.52915548e-01 3.85063206e+00 -1.88922584e-02 2.63286546e-01
3.99902343e-04 -1.13566302e-03 -1.32626025e-03 2.27278373e-03 7.57365434e-04 3.06331077e-03 -2.59450748e-03 1.81285640e-03 2.91498450e-03 7.27718295e-01 3.77010617e+00 -2.09364323e-02 2.59100082e-01
1.61702724e-03 -2.70497092e-03 -1.78664474e-03 3.16210206e-03 1.55620697e-03 3.08845106e-03 -3.18892022e-03 3.74503207e-04 3.25392658e-03 9.30801484e-01 3.92525171e+00 8.26136181e-03 2.58161849e-01
1.03229323e-03 -1.97957929e-03 -1.31782391e-03 2.42642644e-03 1.01579011e-03 2.74441137e-03 -2.56798025e-03 9.08784864e-04 2.72180570e-03 6.71465290e-01 3.48447339e+00 -5.81497471e-02 2.56793206e-01
7.21665652e-04 -1.77136436e-03 -1.34455645e-03 2.23847761e-03 7.76752070e-04 2.47395359e-03 -2.45157899e-03 1.05008739e-03 2.62267580e-03 9.69179863e-01 3.69958315e+00 2.36449396e-02 2.60510452e-01
1.97765432e-03 -3.19009582e-03 -1.92363922e-03 3.63598351e-03 1.35887129e-03 4.18130216e-03 -3.55681006e-03 -1.61960890e-05 3.67746300e-03 7.47494537e-01 4.16892193e+00 1.45787286e-02 2.73675144e-01
6.13327564e-04 -6.39737713e-04 -9.88623516e-04 2.17885821e-03 1.14778268e-03 2.43841574e-03 -2.41160905e-03 1.74237033e-03 2.57906310e-03 8.87603046e-01 3.66826195e+00 -2.42570807e-02 2.40361958e-01
1.35240338e-03 -2.39724987e-03 -1.44694949e-03 2.63755818e-03 9.45323392e-04 2.65559102e-03 -2.77544187e-03 3.80124017e-04 2.86710197e-03 9.94030696e-01 3.55405368e+00 7.41597641e-03 2.59768261e-01
3.88962884e-04 -9.69057633e-04 -9.86842861e-04 1.63664255e-03 7.04476166e-04 2.01335155e-03 -1.82197316e-03 1.12858769e-03 1.99576192e-03 6.22045765e-01 3.23988176e+00 -6.58241219e-02 2.56893667e-01
9.30050171e-04 -2.04434648e-03 -1.43397964e-03 2.48437521e-03 9.32105849e-04 2.92338926e-03 -2.67195644e-03 1.04900043e-03 2.87188310e-03 9.26984892e-01 3.64000630e+00 1.92714611e-03 2.60889918e-01
1.01229394e-03 -2.17408791e-03 -1.59606579e-03 2.76889627e-03 1.06878262e-03 2.94431709e-03 -3.03010798e-03 1.24772511e-03 3.20235252e-03 7.13977998e-01 4.02273742e+00 -2.03840060e-02 2.55882699e-01
1.30654053e-03 -2.36772610e-03 -1.67490297e-03 2.83421302e-03 1.53513412e-03 2.88817558e-03 -2.90234160e-03 7.05480853e-04 2.99925564e-03 8.04277970e-01 3.86557450e+00 -1.80693795e-02 2.56527766e-01
4.56959066e-04 -1.84735876e-03 -1.70795543e-03 2.74298934e-03 5.01792144e-04 3.47690709e-03 -3.17318658e-03 1.90170252e-03 3.52373984e-03 8.87495394e-01 4.01149676e+00 2.02927673e-02 2.60682061e-01
1.36584916e-03 -2.51874878e-03 -1.50801511e-03 2.80967461e-03 9.70257618e-04 3.20549174e-03 -2.94756762e-03 6.16089682e-04 3.10822951e-03 9.01839456e-01 3.92793599e+00 2.49274027e-02 2.67808209e-01
6.99563816e-04 -1.73372275e-03 -1.57533959e-03 2.58843780e-03 1.04728341e-03 2.80684135e-03 -2.89072917e-03 1.55469007e-03 3.08837291e-03 7.72941750e-01 3.80347535e+00 -2.94916447e-02 2.48504135e-01
5.64799518e-04 -1.37831811e-03 -1.57596337e-03 2.74975732e-03 1.13557573e-03 3.70498799e-03 -3.05650191e-03 2.11679554e-03 3.42201838e-03 7.25741111e-01 4.16324185e+00 -1.09946363e-02 2.59812445e-01
1.25390936e-03 -2.28646694e-03 -1.50886360e-03 2.55704079e-03 1.02091838e-03 2.39529381e-03 -2.66290805e-03 2.78161576e-04 2.72071776e-03 8.90137258e-01 3.51109890e+00 -1.18949744e-02 2.57254208e-01
1.40080437e-03 -2.37563145e-03 -1.58166829e-03 2.80313665e-03 1.27414310e-03 3.08345406e-03 -2.69438423e-03 8.95038776e-05 2.78308859e-03 9.07039313e-01 3.53597743e+00 2.38509644e-03 2.68200343e-01
6.55956793e-04 -7.28914430e-04 -1.20221871e-03 2.59041897e-03 1.21107531e-03 3.14996974e-03 -2.92594439e-03 2.19120067e-03 3.21044067e-03 7.31286744e-01 4.14556113e+00 -2.08155814e-02 2.47786498e-01
5.86780112e-04 -8.54315930e-04 -1.29851779e-03 2.44146533e-03 1.18010788e-03 2.59529214e-03 -2.78677274e-03 1.92677087e-03 2.96993877e-03 8.82253998e-01 4.00245838e+00 -8.53755130e-03 2.41209726e-01
1.79148724e-03 -2.89871217e-03 -1.69959529e-03 3.24470174e-03 1.14725892e-03 3.77972531e-03 -3.21397871e-03 2.12351175e-05 3.33205798e-03 7.91871210e-01 3.86354677e+00 6.58592361e-03 2.73132628e-01
1.47903886e-03 -2.46740951e-03 -1.52458241e-03 2.80980004e-03 1.05137495e-03 3.06629859e-03 -2.78572416e-03 5.92100778e-05 2.87243539e-03 6.83150785e-01 3.56694029e+00 -3.56171328e-02 2.68606431e-01
6.60573986e-04 -8.23894905e-04 -1.23230418e-03 2.52724784e-03 1.30978194e-03 2.95441423e-03 -2.80486212e-03 2.02575240e-03 3.03830108e-03 9.97830542e-01 4.06901717e+00 2.37234286e-02 2.46923822e-01
1.15103763e-03 -2.30768080e-03 -1.22872322e-03 2.42554399e-03 2.75673289e-04 3.06854815e-03 -2.78431078e-03 8.23594690e-04 2.99966636e-03 1.02812664e+00 3.66276878e+00 4.84916900e-02 2.69694349e-01
8.02800829e-04 -1.55862808e-03 -1.32342052e-03 2.10662274e-03 1.23777848e-03 2.10048081e-03 -2.28372587e-03 9.81663956e-04 2.36370649e-03 6.70888964e-01 3.50664919e+00 -6.90464462e-02 2.46737160e-01
1.53655696e-03 -2.26573319e-03 -1.50597603e-03 2.97637494e-03 1.05062538e-03 3.32925004e-03 -2.70930894e-03 -3.66935899e-04 2.74311964e-03 9.43984506e-01 3.46622115e+00 1.90378647e-02 2.76001574e-01
1.35564105e-03 -1.94148439e-05 -1.91995884e-04 1.76561791e-03 1.74488792e-03 2.25788535e-03 -1.93875299e-03 1.44220885e-03 2.06239868e-03 6.76559773e-01 3.63712161e+00 -5.97232746e-02 2.36853512e-01
4.05012426e-04 -1.09833243e-03 -1.12181154e-03 1.83355440e-03 7.53133783e-04 2.16978830e-03 -2.03571087e-03 1.23635258e-03 2.21613829e-03 6.58057229e-01 3.24054402e+00 -7.34734164e-02 2.51818949e-01
1.32953247e-03 -2.43263770e-03 -1.48851643e-03 2.68757294e-03 9.44408696e-04 2.80057070e-03 -2.82141949e-03 4.40121935e-04 2.93405596e-03 1.03021370e+00 3.78428386e+00 4.20568717e-02 2.64566441e-01
1.33983769e-03 -2.59270340e-03 -1.70126600e-03 3.03076502e-03 1.28444292e-03 3.43668987e-03 -3.17905220e-03 9.49868113e-04 3.36727496e-03 7.38248892e-01 4.10792970e+00 -8.14157210e-03 2.63504263e-01
7.07919114e-04 -1.71207220e-03 -1.39276881e-03 2.41862342e-03 8.42492660e-04 2.68701664e-03 -2.67503137e-03 1.35121924e-03 2.86566361e-03 9.13595075e-01 3.65795082e+00 -3.47131226e-03 2.53050290e-01
9.76429436e-04 -2.40235646e-03 -1.67170734e-03 2.90333415e-03 7.23724219e-04 3.37614734e-03 -3.23386079e-03 1.34244550e-03 3.48786797e-03 6.81215741e-01 4.11991311e+00 -9.83856952e-03 2.62748861e-01
8.50224026e-04 -1.80483833e-03 -1.36148303e-03 2.25535734e-03 1.06870022e-03 2.43739256e-03 -2.39967088e-03 9.22472146e-04 2.53625563e-03 9.02613456e-01 3.45754000e+00 -2.24075431e-02 2.54300642e-01
5.06143826e-04 -1.15838378e-03 -1.22961301e-03 2.17793768e-03 8.88097726e-04 2.27627817e-03 -2.42701022e-03 1.48844814e-03 2.57654088e-03 8.89873545e-01 3.70105421e+00 -7.53608663e-03 2.47274944e-01
1.77048577e-03 -3.01888548e-03 -1.76154122e-03 3.40678397e-03 1.34788229e-03 4.07942810e-03 -3.45834007e-03 5.83373099e-04 3.64624037e-03 7.52451657e-01 4.05185210e+00 -6.20073006e-03 2.68552815e-01
1.10583753e-03 -1.84906252e-03 -9.97643730e-04 1.97726665e-03 5.94888581e-04 2.36830057e-03 -2.06464152e-03 2.27859877e-04 2.16761544e-03 5.95999339e-01 3.21589337e+00 -3.96940766e-02 2.71836763e-01
5.59693569e-04 -1.40629834e-03 -1.51160460e-03 2.40785967e-03 1.04288845e-03 2.44305424e-03 -2.73869066e-03 1.59825471e-03 2.89991356e-03 9.40597126e-01 3.77740050e+00 -2.53188898e-02 2.42713025e-01
1.30615646e-03 -2.47938904e-03 -1.78915276e-03 2.82046886e-03 1.32700867e-03 2.32513581e-03 -3.09786209e-03 6.80788753e-04 3.12107900e-03 8.50564996e-01 3.87865124e+00 -8.91837364e-03 2.44635502e-01
7.04271871e-04 -1.91162095e-03 -1.51167687e-03 2.57175944e-03 6.39886203e-04 3.93113100e-03 -2.93255584e-03 1.68635988e-03 3.31934194e-03 8.31830602e-01 3.96065843e+00 9.28463853e-03 2.71602875e-01
1.59156348e-03 -2.64809338e-03 -1.75611773e-03 3.14189425e-03 1.53958613e-03 3.33082183e-03 -3.05563747e-03 2.28468917e-04 3.14338617e-03 8.47190686e-01 3.79062209e+00 -5.33557566e-03 2.63903477e-01
4.18204643e-04 -9.51126320e-04 -1.40908366e-03 2.58035633e-03 9.46976749e-04 3.23754617e-03 -2.93459799e-03 2.17245216e-03 3.26342943e-03 8.34187820e-01 4.08366943e+00 4.69317645e-03 2.53063257e-01
1.21373908e-03 -2.13934628e-03 -1.18098027e-03 2.37993509e-03 7.06228980e-04 2.75850071e-03 -2.54311027e-03 5.82757130e-04 2.68485075e-03 8.40895862e-01 3.54259466e+00 2.62920886e-03 2.66319334e-01
8.89343804e-04 -2.10539611e-03 -1.95963541e-03 3.16934267e-03 1.48430723e-03 3.39448639e-03 -3.48631180e-03 1.84652154e-03 3.70300576e-03 8.34339695e-01 4.31580394e+00 -4.94919458e-03 2.49971574e-01
1.10541628e-03 -2.32741773e-03 -1.51824377e-03 2.74990339e-03 8.17648887e-04 2.97847356e-03 -3.02473419e-03 1.05206753e-03 3.20372645e-03 9.86181634e-01 4.03870280e+00 4.71339506e-02 2.61447875e-01
9.17908593e-04 -1.92492819e-03 -1.45117018e-03 2.51867271e-03 1.17961909e-03 2.92362032e-03 -2.65383191e-03 1.14568357e-03 2.83933709e-03 7.19101158e-01 3.60458149e+00 -4.90138568e-02 2.56008503e-01
9.91613679e-04 -1.69935411e-03 -1.06223658e-03 1.91504375e-03 8.26155820e-04 2.04437839e-03 -1.94042086e-03 2.15162417e-04 2.00832790e-03 6.28318918e-01 3.05546461e+00 -6.29165601e-02 2.63616258e-01
5.12712925e-04 -1.33217175e-03 -1.56533456e-03 2.68062195e-03 1.00117407e-03 3.20510411e-03 -3.04466159e-03 2.03882955e-03 3.34079971e-03 1.03816610e+00 4.09252202e+00 2.55528470e-02 2.52526832e-01
1.42425292e-03 -2.54570937e-03 -1.62552576e-03 2.93312463e-03 1.21899440e-03 2.83921116e-03 -3.12840260e-03 7.11409722e-04 3.21869068e-03 7.80328741e-01 3.92760613e+00 -1.26295456e-02 2.54743652e-01
6.56652422e-04 -1.74702960e-03 -1.53071350e-03 2.55050214e-03 9.32228217e-04 3.31859206e-03 -2.82429059e-03 1.61425549e-03 3.12135728e-03 8.95674160e-01 3.88890677e+00 8.53261452e-03 2.62093677e-01
1.13499385e-03 -1.88354919e-03 -9.97179322e-04 2.02743093e-03 6.69340989e-04 2.60635238e-03 -2.11972305e-03 3.65578116e-04 2.25250535e-03 6.25682109e-01 3.14805308e+00 -5.93904665e-02 2.71239098e-01
5.86366711e-04 -1.50533771e-03 -1.55517995e-03 2.41994692e-03 9.95018877e-04 2.23856400e-03 -2.78578073e-03 1.51040219e-03 2.90035216e-03 1.01622841e+00 3.96543807e+00 1.61240804e-02 2.43517191e-01
1.42484678e-03 -2.64620044e-03 -1.59692681e-03 2.98497427e-03 1.13067073e-03 3.71377436e-03 -3.10025704e-03 7.89904228e-04 3.31604109e-03 9.58505529e-01 3.83084468e+00 1.50462508e-02 2.67907318e-01
6.75713948e-04 -1.47331071e-03 -1.30449162e-03 2.27936601e-03 9.19833837e-04 2.26822877e-03 -2.54617378e-03 1.33184514e-03 2.66801304e-03 7.00599401e-01 3.79015045e+00 -3.14592736e-02 2.48308549e-01
7.36902614e-04 -1.92273378e-03 -1.51567236e-03 2.52429002e-03 8.66544534e-04 3.30827120e-03 -2.77249703e-03 1.41658898e-03 3.05910378e-03 7.31286557e-01 3.71825148e+00 -2.83936182e-02 2.63186503e-01
1.22499344e-03 -2.36045798e-03 -1.61052342e-03 2.75826137e-03 1.14252550e-03 2.59171385e-03 -3.00776105e-03 8.53283361e-04 3.09815772e-03 9.37381789e-01 3.98929499e+00 1.79066137e-02 2.53595508e-01
8.71847047e-04 -1.50619212e-03 -7.87496129e-04 1.63784907e-03 4.04979550e-04 1.90270736e-03 -1.77770639e-03 3.76855754e-04 1.87258258e-03 5.99680153e-01 2.93809028e+00 -5.77370091e-02 2.66185128e-01
6.93990949e-04 -1.56814827e-03 -1.46757280e-03 2.33975862e-03 1.19869152e-03 2.49874609e-03 -2.56691561e-03 1.34191389e-03 2.72007486e-03 9.45092951e-01 3.73071805e+00 -2.02073801e-02 2.49576176e-01
1.16995918e-03 -2.21506442e-03 -1.83079300e-03 3.10268598e-03 1.54512761e-03 2.91060586e-03 -3.45937021e-03 1.54495205e-03 3.55517935e-03 8.24891607e-01 4.30608546e+00 -9.48343313e-03 2.43782540e-01
1.11722435e-03 -2.13866995e-03 -1.20314983e-03 2.33069830e-03 5.90927737e-04 3.09552864e-03 -2.54297718e-03 7.47099858e-04 2.75112243e-03 8.49769263e-01 3.54425459e+00 6.90263978e-03 2.71598463e-01
1.27828990e-03 -2.34467045e-03 -1.62006067e-03 2.69309410e-03 1.34353357e-03 2.63443314e-03 -2.78994969e-03 5.31185200e-04 2.86972945e-03 9.15128449e-01 3.73420715e+00 -1.22162973e-02 2.56279806e-01
3.37971786e-04 -1.30900823e-03 -1.32952044e-03 2.15343035e-03 5.25501515e-04 2.83132007e-03 -2.46529162e-03 1.58307726e-03 2.75475892e-03 6.62487546e-01 3.58791458e+00 -3.17097597e-02 2.60714974e-01
1.02252203e-03 -1.83498923e-03 -1.24918714e-03 2.10292101e-03 1.04960135e-03 2.10463918e-03 -2.15702522e-03 3.63661746e-04 2.21961176e-03 6.28482866e-01 3.29879835e+00 -5.95197810e-02 2.58144958e-01
3.05499200e-04 -1.16848378e-03 -1.24600922e-03 2.02755947e-03 5.27465952e-04 2.61651566e-03 -2.32691685e-03 1.53269419e-03 2.59817584e-03 9.38225008e-01 3.47905016e+00 -8.62139594e-03 2.58493894e-01
1.26915657e-03 -2.20781173e-03 -1.47906854e-03 2.55896380e-03 9.94143341e-04 2.54929533e-03 -2.53103190e-03 -2.25231763e-06 2.58357013e-03 9.46146101e-01 3.39225119e+00 6.73169799e-03 2.65191298e-01
6.95954727e-04 -5.70806580e-04 -9.34245593e-04 2.19047712e-03 1.28797290e-03 2.90191688e-03 -2.39769878e-03 1.84015495e-03 2.65816553e-03 6.61200537e-01 3.79525472e+00 -4.99393191e-02 2.51129766e-01
1.03749407e-03 -1.95559605e-03 -1.45290955e-03 2.35818786e-03 1.25717013e-03 2.22227045e-03 -2.51234347e-03 7.26831125e-04 2.57335803e-03 6.97243006e-01 3.55924715e+00 -4.62558267e-02 2.48862574e-01
7.17031793e-04 -1.93723799e-03 -1.41536251e-03 2.48367363e-03 4.53830114e-04 3.42391187e-03 -2.84640797e-03 1.47472130e-03 3.16260320e-03 9.46181739e-01 3.83466087e+00 2.12874938e-02 2.68069584e-01
9.97090142e-04 -2.02704528e-03 -1.36441476e-03 2.42022081e-03 9.47780257e-04 2.71389825e-03 -2.58689112e-03 8.92508349e-04 2.74691474e-03 9.78999449e-01 3.68926567e+00 1.46418166e-02 2.61443510e-01
6.03968162e-04 -1.47218900e-03 -1.14980302e-03 1.91768663e-03 6.95850159e-04 2.14364206e-03 -2.11107402e-03 9.70027547e-04 2.26199045e-03 6.44760226e-01 3.25791196e+00 -6.46002024e-02 2.55021571e-01
8.61126019e-04 -1.89676135e-03 -1.09798126e-03 2.10237393e-03 2.12253668e-04 2.83394376e-03 -2.44672221e-03 9.53552049e-04 2.67597499e-03 9.25541662e-01 3.47360017e+00 1.14674125e-02 2.69981130e-01
9.53951344e-04 -1.80867288e-03 -1.43937115e-03 2.26606573e-03 1.33544954e-03 2.17265425e-03 -2.45106966e-03 8.83673281e-04 2.51591522e-03 6.76809964e-01 3.58887609e+00 -5.66067535e-02 2.46575150e-01
7.84350593e-04 -2.06556623e-03 -1.39636143e-03 2.48943329e-03 2.72279897e-04 3.45751362e-03 -2.91477986e-03 1.41120519e-03 3.23152424e-03 9.63044354e-01 3.90526050e+00 4.00179824e-02 2.69982179e-01
1.11092006e-03 -2.01401060e-03 -1.48414292e-03 2.41036622e-03 1.38928460e-03 2.31101594e-03 -2.55372941e-03 7.28453353e-04 2.61490508e-03 7.13612326e-01 3.54292602e+00 -5.23654101e-02 2.47508971e-01
1.66124012e-03 -2.85792571e-03 -1.51886208e-03 3.06139966e-03 9.32289712e-04 4.07151301e-03 -3.23457785e-03 6.61780472e-04 3.46618765e-03 9.26693741e-01 3.95301088e+00 3.70651761e-02 2.73806823e-01
6.65979350e-04 -1.55827504e-03 -1.53913408e-03 2.44915017e-03 1.04933093e-03 2.20969660e-03 -2.80374905e-03 1.45776562e-03 2.89429345e-03 7.77747769e-01 3.91549882e+00 -3.15337096e-02 2.40805710e-01
1.01311611e-03 -1.88440839e-03 -1.25607523e-03 2.31028721e-03 1.02922564e-03 2.53421875e-03 -2.42405760e-03 8.01086076e-04 2.54960023e-03 6.44614920e-01 3.56247317e+00 -4.38211998e-02 2.59067577e-01
6.66325243e-04 -1.69086692e-03 -1.35454665e-03 2.32723672e-03 7.88029891e-04 2.70033802e-03 -2.54858687e-03 1.27178162e-03 2.75304285e-03 9.37157792e-01 3.60675895e+00 -6.31971631e-03 2.57450792e-01
9.33582336e-04 -5.05984258e-04 -7.95814582e-04 2.09853866e-03 1.59567561e-03 2.73421354e-03 -2.27087434e-03 1.68605653e-03 2.47940802e-03 9.17534286e-01 3.78526078e+00 -1.61042001e-02 2.48211507e-01
1.77466902e-03 -2.79278898e-03 -1.68859981e-03 3.20218254e-03 9.28483829e-04 3.12453716e-03 -3.20518129e-03 -2.78877762e-04 3.23332955e-03 6.76473979e-01 3.73639900e+00 -1.56945722e-02 2.67612096e-01
4.16298330e-04 -1.11924353e-03 -8.32332680e-04 1.38831739e-03 3.34115768e-04 1.99254350e-03 -1.57588461e-03 8.00246828e-04 1.75950675e-03 6.01621345e-01 2.87267908e+00 -7.33568098e-02 2.69059575e-01
1.14182465e-03 -2.25817080e-03 -1.66337233e-03 2.66078372e-03 1.23216322e-03 2.32701132e-03 -2.92181866e-03 8.31428172e-04 2.97683899e-03 1.05396666e+00 3.81455048e+00 1.57382987e-02 2.46334573e-01
1.33984005e-03 -2.28577370e-03 -1.48349377e-03 2.53817768e-03 1.08711173e-03 2.21641267e-03 -2.67841430e-03 2.32420328e-04 2.69936026e-03 6.99371796e-01 3.51709918e+00 -4.06071509e-02 2.52515913e-01
5.58120415e-04 -1.38194127e-03 -1.50643856e-03 2.56613532e-03 1.02184492e-03 3.74380442e-03 -2.89327977e-03 2.00246812e-03 3.28797379e-03 9.69454758e-01 4.05378650e+00 2.50576854e-02 2.64621491e-01
1.42193755e-03 -2.53059521e-03 -1.51283341e-03 2.80716065e-03 9.71989340e-04 2.99880097e-03 -2.92325081e-03 4.17096514e-04 3.04190820e-03 8.45765458e-01 3.70275416e+00 -5.42944722e-03 2.63940824e-01
6.37548951e-04 -1.51677481e-03 -1.63087561e-03 2.78638300e-03 1.23926856e-03 3.22496019e-03 -3.07547757e-03 1.93565048e-03 3.32997790e-03 8.28017274e-01 4.15766726e+00 2.64764233e-03 2.52542060e-01
2.60610943e-04 -9.80789582e-04 -9.33092577e-04 1.49637271e-03 3.49832829e-04 1.75764282e-03 -1.70996668e-03 1.00106379e-03 1.86965278e-03 6.17578532e-01 2.99534237e+00 -6.78030660e-02 2.56242254e-01
1.20528730e-03 -2.15288452e-03 -1.44193566e-03 2.58431703e-03 1.31473925e-03 2.83255097e-03 -2.61916397e-03 6.65825708e-04 2.73923331e-03 9.68811637e-01 3.62765894e+00 -3.94663018e-03 2.60265885e-01
8.72087491e-04 -1.92300234e-03 -1.53344336e-03 2.49682997e-03 1.17090699e-03 2.62976789e-03 -2.69614074e-03 1.13724917e-03 2.84264357e-03 7.01598532e-01 3.62241964e+00 -5.27723093e-02 2.49887620e-01
1.01267961e-03 -2.07130646e-03 -1.24984355e-03 2.34397895e-03 6.05945731e-04 2.79917250e-03 -2.57427637e-03 8.39814448e-04 2.76062368e-03 9.44917140e-01 3.71165384e+00 2.82589454e-02 2.67200877e-01
5.86434520e-04 -1.78337728e-03 -1.80828287e-03 2.96178619e-03 9.43804234e-04 3.18921803e-03 -3.37942860e-03 2.01029258e-03 3.63645868e-03 9.16654109e-01 4.21944939e+00 1.22991054e-02 2.49422216e-01
1.30909697e-03 -2.23880731e-03 -1.36987790e-03 2.61469740e-03 1.18430548e-03 3.05731046e-03 -2.62900889e-03 5.44318237e-04 2.76592865e-03 7.69264677e-01 3.64177998e+00 -1.35654899e-02 2.66531987e-01
7.17781859e-04 -1.52769429e-03 -1.38177967e-03 2.22751859e-03 1.19005908e-03 2.40255430e-03 -2.43929912e-03 1.25002739e-03 2.58435410e-03 9.68758098e-01 3.62204691e+00 -1.59377651e-02 2.49568092e-01
8.06066161e-04 -1.46842174e-03 -7.81951980e-04 1.55165978e-03 3.24958746e-04 1.78175431e-03 -1.71228056e-03 3.54021141e-04 1.80647765e-03 5.93404489e-01 2.88737399e+00 -6.46285132e-02 2.66186343e-01
1.05864154e-03 -1.95920963e-03 -1.04346966e-03 2.14569425e-03 4.51448574e-04 2.78781362e-03 -2.36683492e-03 6.94565685e-04 2.54853212e-03 6.65191151e-01 3.40160397e+00 -2.75250999e-02 2.70216606e-01
1.10387328e-03 -2.05748845e-03 -1.73669178e-03 2.93904179e-03 1.62478772e-03 2.85732723e-03 -3.19614206e-03 1.45098158e-03 3.29670799e-03 9.75490980e-01 4.16576167e+00 4.71197454e-03 2.45588430e-01
1.51560802e-03 -2.71933716e-03 -1.72959612e-03 3.04743599e-03 1.23953668e-03 3.07863961e-03 -3.15005529e-03 4.24306487e-04 3.25143118e-03 9.05261302e-01 3.85376071e+00 1.83673536e-02 2.60560518e-01
5.68543773e-04 -1.35594464e-03 -1.45569869e-03 2.56997765e-03 1.03114767e-03 3.22565916e-03 -2.85892213e-03 1.88226548e-03 3.14871053e-03 7.86516523e-01 4.00064820e+00 -1.71476514e-02 2.56388900e-01
1.34541857e-03 -2.32969687e-03 -1.37686529e-03 2.65551034e-03 1.00477950e-03 2.92619993e-03 -2.74536533e-03 5.13678360e-04 2.86850925e-03 7.74874305e-01 3.64466514e+00 -1.59705799e-02 2.63928057e-01
7.49800200e-04 -1.69941232e-03 -1.67833218e-03 2.95688830e-03 1.28708613e-03 3.38454480e-03 -3.24372862e-03 1.96068171e-03 3.49567809e-03 9.16130186e-01 4.23199379e+00 1.65232714e-02 2.52492218e-01
9.84140402e-04 -2.08533417e-03 -1.52166706e-03 2.73410670e-03 1.09144790e-03 3.10294041e-03 -2.92948518e-03 1.27163489e-03 3.12699404e-03 7.06659180e-01 3.80961526e+00 -3.36629229e-02 2.56229802e-01
8.57466755e-04 -1.93072513e-03 -1.38382461e-03 2.35146287e-03 8.61337696e-04 2.59905936e-03 -2.54226786e-03 9.63108523e-04 2.70718624e-03 9.17826017e-01 3.68882480e+00 6.80061876e-03 2.60596178e-01
5.90937132e-04 -1.65196881e-03 -1.42727511e-03 2.30664184e-03 8.41815491e-04 2.81810690e-03 -2.54101662e-03 1.35657628e-03 2.77796789e-03 6.59071186e-01 3.77460485e+00 -2.90832449e-02 2.61606275e-01
1.16950047e-03 -2.31960837e-03 -1.53313756e-03 2.66780579e-03 9.94324725e-04 2.69409489e-03 -2.85451298e-03 7.34786218e-04 2.97513109e-03 9.40593966e-01 3.64211628e+00 -7.24587405e-03 2.55387835e-01
1.06863756e-03 -1.59923158e-03 -8.14522209e-04 1.70974687e-03 4.33521227e-04 2.02269238e-03 -1.75772778e-03 -6.36943444e-05 1.80992802e-03 5.95406775e-01 2.79682208e+00 -6.54893268e-02 2.73710650e-01
7.03371170e-04 -8.48440306e-04 -1.07519189e-03 2.04220791e-03 1.20333424e-03 2.07153280e-03 -2.34387800e-03 1.48747870e-03 2.44555327e-03 9.69706318e-01 3.74490723e+00 -1.48330641e-02 2.39415285e-01
1.06706852e-03 -9.50725546e-04 -1.22805754e-03 2.63363730e-03 1.74294735e-03 2.80354206e-03 -2.97757285e-03 1.93541001e-03 3.10607859e-03 9.50937565e-01 4.21079448e+00 7.07125148e-03 2.38738698e-01
1.73748090e-03 -2.60838030e-03 -1.34714821e-03 2.79515617e-03 6.13554796e-04 3.18111000e-03 -2.87525377e-03 -2.25112751e-04 2.94224004e-03 7.28048151e-01 3.58453973e+00 -1.02616222e-02 2.74835454e-01
1.77858302e-03 -2.89898429e-03 -1.78406993e-03 3.29580002e-03 1.22393541e-03 3.42359862e-03 -3.28403006e-03 -1.64311614e-05 3.35835369e-03 7.24990788e-01 3.91784444e+00 -9.80416512e-03 2.67701355e-01
6.67740196e-04 -7.60426691e-04 -1.09043965e-03 2.25016331e-03 1.24004770e-03 2.77990856e-03 -2.51486092e-03 1.81408101e-03 2.75352456e-03 9.26668439e-01 3.80863364e+00 -2.40389458e-03 2.48132220e-01
4.36760399e-04 -8.16717115e-04 -9.55138457e-04 1.78628300e-03 8.30796797e-04 2.53282382e-03 -1.97336786e-03 1.41658262e-03 2.22390897e-03 6.43579673e-01 3.31080804e+00 -5.82421081e-02 2.59251501e-01
1.36069930e-03 -2.39210843e-03 -1.56294527e-03 2.64569814e-03 1.07864154e-03 2.37638752e-03 -2.76325060e-03 1.91104720e-04 2.80140576e-03 9.49671700e-01 3.64401535e+00 2.62193665e-03 2.57441743e-01
1.33073888e-03 -2.30684431e-03 -1.27345415e-03 2.46921969e-03 6.89194513e-04 2.67500150e-03 -2.62196616e-03 3.13914974e-04 2.73011484e-03 6.47051183e-01 3.61830536e+00 -2.63974591e-02 2.67390683e-01
7.03472131e-04 -1.57016816e-03 -1.56657320e-03 2.58574655e-03 1.25722669e-03 2.91944587e-03 -2.86919444e-03 1.67382881e-03 3.08263509e-03 9.78977600e-01 3.87210694e+00 -9.99770071e-04 2.48805510e-01
1.69350584e-03 -2.83025107e-03 -1.39430874e-03 2.91185063e-03 5.85491652e-04 3.43664358e-03 -3.16584736e-03 3.73871611e-04 3.32470478e-03 1.03394666e+00 3.78144103e+00 4.44828433e-02 2.70451688e-01
5.64883814e-04 -1.15239607e-03 -1.18099977e-03 1.87333447e-03 1.01799528e-03 1.88074554e-03 -2.10733121e-03 1.14891492e-03 2.20047296e-03 6.64491371e-01 3.48294515e+00 -6.42734311e-02 2.45187445e-01
8.01315489e-04 -1.83325997e-03 -1.34298995e-03 2.29228345e-03 7.81783106e-04 2.34970280e-03 -2.51430215e-03 9.80225954e-04 2.64990419e-03 9.58005485e-01 3.52033882e+00 5.75361495e-04 2.53369369e-01
9.30288207e-04 -1.94653048e-03 -1.40131468e-03 2.51565615e-03 1.07271999e-03 3.07600966e-03 -2.65486728e-03 1.15495578e-03 2.86492777e-03 6.49940614e-01 3.78592391e+00 -4.00706782e-02 2.63024798e-01
1.16218334e-03 -1.74828880e-03 -1.05000090e-03 2.05477979e-03 4.66304396e-04 2.17953274e-03 -2.01652773e-03 -3.36119901e-04 2.02994127e-03 5.90119795e-01 2.93934815e+00 -4.61897868e-02 2.74553034e-01
1.34064067e-03 -3.20977063e-04 -6.19526038e-04 2.23584088e-03 1.99048147e-03 2.68638482e-03 -2.45853931e-03 1.76415240e-03 2.59628629e-03 9.59231455e-01 4.00918333e+00 -2.03356372e-02 2.38454252e-01
1.70505561e-03 -2.53631037e-03 -1.93562364e-03 3.76406557e-03 1.51925274e-03 3.96256240e-03 -3.25141192e-03 -4.44350449e-04 3.26746136e-03 7.21988575e-01 3.84179985e+00 9.27680702e-03 2.73543586e-01
2.33584181e-03 3.15433043e-04 4.07528350e-04 1.97417062e-03 2.72804699e-03 3.09266338e-03 -2.05204954e-03 1.60141645e-03 2.24312457e-03 8.99725121e-01 3.91661171e+00 -2.37975932e-02 2.40521739e-01
4.81958886e-04 -8.38748908e-04 -1.20580762e-03 2.30218529e-03 9.62805721e-04 2.71996312e-03 -2.61353850e-03 1.88178341e-03 2.85979128e-03 8.59631550e-01 3.78954591e+00 -1.89991207e-02 2.46801746e-01
1.81728436e-03 -3.03042184e-03 -1.93999618e-03 3.51930273e-03 1.57270227e-03 3.87555216e-03 -3.43578800e-03 1.84490620e-04 3.54977138e-03 8.06347011e-01 4.10280825e+00 1.64954760e-02 2.68804540e-01
1.25934277e-03 -2.22567309e-03 -1.14244535e-03 2.33208855e-03 5.21804451e-04 3.00284429e-03 -2.55493825e-03 5.61065471e-04 2.73310239e-03 9.11237563e-01 3.52679355e+00 8.41892882e-03 2.71981160e-01
7.65361032e-04 -1.63674104e-03 -1.48818048e-03 2.34521165e-03 1.17180397e-03 2.22720345e-03 -2.64250745e-03 1.27533265e-03 2.73860547e-03 6.95066283e-01 3.76838865e+00 -4.48413007e-02 2.43221089e-01
7.51101949e-04 -1.81251645e-03 -1.55444813e-03 2.46536280e-03 9.66687263e-04 2.24658982e-03 -2.79651288e-03 1.26937540e-03 2.89937954e-03 8.29212601e-01 3.89507030e+00 -1.02132788e-02 2.45819986e-01
1.39237171e-03 -2.71336363e-03 -1.64585941e-03 3.08174124e-03 1.05544716e-03 4.07710719e-03 -3.26768816e-03 1.05215557e-03 3.54435868e-03 8.56838283e-01 3.99209643e+00 1.09937330e-02 2.69908581e-01
1.49008940e-03 -2.70805424e-03 -1.79045105e-03 3.05235120e-03 1.27906409e-03 2.90493891e-03 -3.16465361e-03 3.89092766e-04 3.23985298e-03 8.55269752e-01 3.87210965e+00 1.60359559e-05 2.57780924e-01
4.68415638e-04 -1.37168238e-03 -1.54415429e-03 2.56592657e-03 9.42784421e-04 3.39809930e-03 -2.89273453e-03 1.96113682e-03 3.23708103e-03 8.28200541e-01 3.99482619e+00 -3.28512993e-04 2.59344140e-01
1.56888317e-03 -2.66909161e-03 -1.33693574e-03 2.77529896e-03 6.96072249e-04 3.82635606e-03 -3.00731410e-03 6.33839383e-04 3.23612151e-03 1.02694588e+00 3.85255991e+00 4.81939068e-02 2.75627026e-01
6.36020971e-04 -1.24240609e-03 -1.10507949e-03 1.79282949e-03 8.61112575e-04 1.58637719e-03 -2.06533409e-03 9.68792414e-04 2.10796924e-03 6.70381689e-01 3.32267823e+00 -7.01420999e-02 2.38471641e-01
9.11460686e-04 -1.60790259e-03 -1.15133368e-03 1.91218509e-03 1.01592892e-03 1.96764756e-03 -1.86868346e-03 1.84384303e-04 1.91822480e-03 6.30712124e-01 3.00779220e+00 -6.42221734e-02 2.60853791e-01
3.48158534e-04 -8.13794197e-04 -1.15119042e-03 2.15085185e-03 6.79688022e-04 2.87772201e-03 -2.47672959e-03 1.85812467e-03 2.78998073e-03 9.40120755e-01 3.69735067e+00 -6.49598889e-03 2.55986688e-01
7.88644052e-04 -1.65188662e-03 -1.38345538e-03 2.38068416e-03 1.14188897e-03 2.62051869e-03 -2.57645754e-03 1.28373229e-03 2.73610718e-03 9.37914557e-01 3.66504116e+00 -7.22112417e-03 2.51552471e-01
1.28461193e-03 -2.44924474e-03 -1.45583877e-03 2.80304057e-03 8.43206131e-04 3.21345624e-03 -3.00510618e-03 8.46666045e-04 3.18729090e-03 6.81254603e-01 3.91239908e+00 -1.79852867e-02 2.64994326e-01
6.37491941e-04 -7.87939244e-04 -1.13288942e-03 2.20857811e-03 1.19534357e-03 2.40806729e-03 -2.50692149e-03 1.72218161e-03 2.67555214e-03 9.48949897e-01 3.76378764e+00 -2.60330674e-02 2.40412056e-01
9.37667412e-04 -1.49145380e-03 -8.60437309e-04 1.65490942e-03 5.18071431e-04 1.88781772e-03 -1.65692823e-03 -4.63317471e-05 1.70597507e-03 5.84123478e-01 2.80102740e+00 -5.88827231e-02 2.72810859e-01
9.05926298e-04 -2.06046845e-03 -1.70278431e-03 2.67279820e-03 1.11573321e-03 2.36906438e-03 -3.02633470e-03 1.24736771e-03 3.11555071e-03 8.12560812e-01 3.93876980e+00 -2.70482048e-02 2.42960695e-01
1.29980027e-03 -2.46729859e-03 -1.44171116e-03 2.82669071e-03 8.89741104e-04 3.91357199e-03 -3.03621765e-03 1.07429964e-03 3.31217244e-03 8.83641736e-01 3.95657577e+00 3.29086043e-02 2.72323448e-01
9.34311164e-04 -2.17004156e-03 -1.52062381e-03 2.65969251e-03 8.53480825e-04 3.50319986e-03 -2.90824738e-03 1.30196039e-03 3.19129875e-03 8.72331624e-01 3.99747122e+00 1.79224375e-02 2.68440419e-01
1.18837242e-03 -2.22137377e-03 -1.55431103e-03 2.79106873e-03 1.24178603e-03 2.69522006e-03 -2.99378433e-03 1.01105888e-03 3.09075424e-03 8.05487403e-01 3.79608941e+00 -1.97614330e-02 2.48142256e-01
3.36645311e-04 -1.34062150e-03 -1.38131895e-03 2.22681563e-03 5.48574831e-04 2.79663786e-03 -2.55327977e-03 1.63237286e-03 2.83674735e-03 9.39428892e-01 3.65432369e+00 -5.59406131e-03 2.58298730e-01
9.53725471e-04 -1.65858056e-03 -1.11559531e-03 1.96352161e-03 1.00698199e-03 2.02960324e-03 -1.99066905e-03 3.93889076e-04 2.05469346e-03 6.33563726e-01 3.16626758e+00 -5.98185771e-02 2.58373446e-01
1.19052169e-03 -2.19902348e-03 -1.39493685e-03 2.44217013e-03 9.12177156e-04 2.29890354e-03 -2.61622930e-03 4.65666970e-04 2.68785555e-03 6.84418953e-01 3.66459193e+00 -3.08877222e-02 2.57778367e-01
7.28573668e-04 -1.77427740e-03 -1.64249814e-03 2.83639599e-03 1.20065069e-03 3.71621018e-03 -3.08587319e-03 1.87321770e-03 3.41262594e-03 9.90453054e-01 3.98889605e+00 1.86350568e-02 2.59185341e-01
1.14831035e-03 -1.93453640e-03 -1.40124730e-03 2.32421690e-03 1.35940057e-03 2.08544053e-03 -2.51079119e-03 6.93195349e-04 2.53234488e-03 7.11539574e-01 3.55807269e+00 -5.03691935e-02 2.44109697e-01
8.06844340e-04 -2.16413690e-03 -1.45589501e-03 2.49543689e-03 2.48547016e-04 3.67776052e-03 -2.95924552e-03 1.42064608e-03 3.30901382e-03 9.59425655e-01 3.89145709e+00 3.59533357e-02 2.72499779e-01
1.97516179e-03 -3.00829485e-03 -1.38317774e-03 3.10870397e-03 6.18611954e-04 3.64607573e-03 -3.33690308e-03 1.59249627e-04 3.46483429e-03 7.60246724e-01 3.96452389e+00 1.84812968e-02 2.72621116e-01
7.63396366e-04 -1.31101285e-03 -1.40203411e-03 2.41386800e-03 1.40301706e-03 2.49997317e-03 -2.67579012e-03 1.56438723e-03 2.79921706e-03 8.84999380e-01 3.85496158e+00 -2.44252328e-02 2.42522377e-01
1.47544037e-03 -3.31818179e-04 -5.92917331e-04 2.36275339e-03 2.11664797e-03 3.12268372e-03 -2.59072696e-03 1.91122129e-03 2.80555199e-03 7.33212731e-01 4.09611545e+00 -3.60086330e-02 2.43208043e-01
1.49076025e-03 -2.34190355e-03 -1.50803667e-03 2.81534633e-03 8.26814599e-04 2.84203156e-03 -2.72392604e-03 -3.62803908e-04 2.74526648e-03 9.06891562e-01 3.45856275e+00 1.66140629e-02 2.71568145e-01
9.43122740e-04 -2.02055375e-03 -1.59266414e-03 2.67284196e-03 1.31026920e-03 2.99807006e-03 -2.83229454e-03 1.24150248e-03 3.01523059e-03 8.81535089e-01 3.73314639e+00 -1.80549695e-02 2.53525036e-01
1.24412522e-03 -2.46246350e-03 -1.49534918e-03 2.91269107e-03 7.99599028e-04 3.29045307e-03 -3.16846819e-03 1.06219468e-03 3.36580420e-03 7.83948719e-01 4.12039142e+00 1.61668888e-02 2.64005368e-01
2.27395004e-03 -3.35244505e-03 -1.52361274e-03 3.43788637e-03 6.47728518e-04 4.13512245e-03 -3.65951254e-03 -4.29694780e-05 3.78496218e-03 9.15016208e-01 4.04972890e+00 4.52018086e-02 2.75224214e-01
7.38786815e-04 -1.05350811e-03 -1.23001898e-03 2.19235413e-03 1.32206192e-03 2.15439271e-03 -2.48010012e-03 1.48492772e-03 2.55950766e-03 7.92864451e-01 3.80791664e+00 -3.56687627e-02 2.38953041e-01
1.63533148e-03 -2.87544942e-03 -1.91230437e-03 3.30268894e-03 1.63209708e-03 3.39599625e-03 -3.35086020e-03 5.19149740e-04 3.45981286e-03 9.64283100e-01 4.12129967e+00 2.80334485e-02 2.61281449e-01
3.68126293e-04 -1.13567637e-03 -1.26114103e-03 2.20931231e-03 6.77929704e-04 2.78753740e-03 -2.48376810e-03 1.68471745e-03 2.75218213e-03 7.23202073e-01 3.60619664e+00 -3.39626863e-02 2.55573911e-01
8.08045491e-04 -1.96345953e-03 -1.60967059e-03 2.67669335e-03 1.04404409e-03 3.00319144e-03 -2.94899391e-03 1.44573796e-03 3.16343984e-03 9.44169931e-01 3.76102763e+00 -1.52184019e-02 2.51964766e-01
1.05728746e-03 -2.04864325e-03 -1.29838841e-03 2.34625693e-03 8.50643960e-04 2.58649265e-03 -2.48302755e-03 6.47186308e-04 2.61718714e-03 6.44873696e-01 3.68220008e+00 -2.07224791e-02 2.65011554e-01
1.25787141e-03 -2.15473590e-03 -1.33502826e-03 2.47475160e-03 1.06130993e-03 2.71967468e-03 -2.48887084e-03 3.39827600e-04 2.58972067e-03 9.34570022e-01 3.47925390e+00 6.90341900e-03 2.65500835e-01
5.44584893e-04 -1.28621708e-03 -1.44380321e-03 2.54826537e-03 9.81238702e-04 2.96383146e-03 -2.87414462e-03 1.87754393e-03 3.12172344e-03 6.87720833e-01 3.96720798e+00 -3.73106982e-02 2.50678209e-01
1.46643102e-03 -2.43396010e-03 -1.34399210e-03 2.71192415e-03 9.79407449e-04 3.28512406e-03 -2.78395998e-03 4.56996579e-04 2.93569264e-03 9.60249697e-01 3.65325245e+00 9.65609389e-03 2.69775441e-01
4.12866031e-04 -1.03049095e-03 -1.07459893e-03 1.74352766e-03 7.18231956e-04 1.76768609e-03 -1.98504767e-03 1.15256812e-03 2.10061447e-03 6.48772370e-01 3.31562184e+00 -6.10269060e-02 2.45501289e-01
8.84488673e-04 -1.64892301e-03 -1.40944129e-03 2.37012566e-03 1.22312392e-03 2.10483472e-03 -2.64149799e-03 1.17697746e-03 2.68593986e-03 9.05197219e-01 3.72662266e+00 -2.75639147e-02 2.39239569e-01
1.46054281e-03 -2.55825010e-03 -1.29380610e-03 2.69742051e-03 6.05251858e-04 3.81077635e-03 -2.97093515e-03 7.87819689e-04 3.21862804e-03 6.74642511e-01 3.86926045e+00 -2.54444870e-03 2.75194136e-01
1.75338865e-03 1.38192048e-04 -1.23525250e-04 2.26166588e-03 2.29490511e-03 3.27229495e-03 -2.41585044e-03 1.95686363e-03 2.67273711e-03 7.36244823e-01 4.06182902e+00 -3.43915892e-02 2.43018962e-01
1.43857124e-03 -2.26657347e-03 -1.69376386e-03 3.14046543e-03 1.38818539e-03 3.35679473e-03 -2.78145007e-03 -2.22825810e-04 2.82243658e-03 9.21012438e-01 3.57319603e+00 2.05159006e-02 2.71826740e-01
7.93099086e-04 -1.45089404e-03 -1.40262081e-03 2.44887885e-03 1.39600468e-03 2.74672515e-03 -2.65539607e-03 1.52153106e-03 2.82164217e-03 7.40281512e-01 3.91470287e+00 -3.70725715e-02 2.50758764e-01
1.59182601e-03 -2.83828649e-03 -1.52651709e-03 2.99453581e-03 6.67327952e-04 3.24261799e-03 -3.24989284e-03 4.63076364e-04 3.39491048e-03 9.65731348e-01 3.85040207e+00 3.89189175e-02 2.65665901e-01
6.65131569e-04 -1.16034855e-03 -1.39137609e-03 2.28853315e-03 1.16305842e-03 2.00916460e-03 -2.68635670e-03 1.54884030e-03 2.74144690e-03 8.97776097e-01 3.96738315e+00 -1.86879312e-02 2.35765209e-01
1.98060689e-03 -2.93899486e-03 -1.37001299e-03 3.02642880e-03 7.27763798e-04 3.95220651e-03 -3.17649081e-03 6.15883956e-05 3.32154846e-03 7.23612669e-01 3.77313342e+00 9.74716001e-04 2.77348069e-01
1.01510494e-03 -1.05022952e-03 -1.43317440e-03 2.77693879e-03 1.82261649e-03 2.96815800e-03 -3.15370650e-03 2.05711253e-03 3.31369149e-03 8.97345324e-01 4.41199510e+00 -1.65343151e-03 2.41682856e-01
1.66240155e-03 -2.56713973e-03 -1.35326353e-03 2.72775326e-03 5.40494653e-04 2.97024183e-03 -2.83363609e-03 -2.37833306e-04 2.89103471e-03 7.81594192e-01 3.46631700e+00 3.08196883e-04 2.72994268e-01
1.00399012e-03 -2.11015415e-03 -1.28409188e-03 2.38869211e-03 5.98732973e-04 3.14302187e-03 -2.63866866e-03 9.66896586e-04 2.87422141e-03 7.98609796e-01 3.77333220e+00 3.59351411e-03 2.70508750e-01
1.29239806e-03 -2.37229687e-03 -1.75400650e-03 3.10009009e-03 1.55413715e-03 3.03180762e-03 -3.32844099e-03 1.26453687e-03 3.43728251e-03 8.77760238e-01 4.02967782e+00 -4.06374273e-03 2.45923178e-01
1.77193669e-03 -2.80689404e-03 -1.47037016e-03 2.99999310e-03 9.06525853e-04 3.62119433e-03 -3.08579024e-03 1.52293023e-04 3.22224436e-03 1.04358568e+00 3.80795817e+00 4.91545088e-02 2.73760984e-01
4.39537955e-04 -8.43951354e-04 -1.00614964e-03 1.70881993e-03 8.16544209e-04 1.71013566e-03 -1.96129222e-03 1.21503934e-03 2.06205696e-03 6.61936498e-01 3.31978058e+00 -7.24432594e-02 2.40489354e-01
9.85821184e-04 -1.94770012e-03 -1.23489066e-03 2.28755646e-03 8.14001184e-04 2.71867940e-03 -2.42441157e-03 7.82412338e-04 2.59126983e-03 9.05330952e-01 3.53684704e+00 1.84005718e-03 2.65349857e-01
7.95825518e-04 -2.00913553e-03 -1.69131982e-03 2.72992604e-03 1.06214972e-03 2.85602937e-03 -3.02574899e-03 1.44271346e-03 3.21168902e-03 7.05257692e-01 3.93382967e+00 -3.27489994e-02 2.50895490e-01
1.42327378e-03 -2.57814003e-03 -1.60714249e-03 2.90142505e-03 1.17041537e-03 3.20703617e-03 -2.97921316e-03 5.11905770e-04 3.11861493e-03 9.33912085e-01 3.71950734e+00 1.48835785e-02 2.63689291e-01
5.32700410e-04 -1.53762613e-03 -1.58289258e-03 2.59090069e-03 9.21839705e-04 2.91087317e-03 -2.93490469e-03 1.78024829e-03 3.17713147e-03 7.46565668e-01 4.06765217e+00 -1.96099602e-02 2.53205209e-01
4.96897141e-04 -1.31058900e-03 -1.45482782e-03 2.49238876e-03 9.44679976e-04 2.66898523e-03 -2.79450377e-03 1.75615851e-03 2.99213359e-03 8.16339066e-01 3.78651993e+00 -2.33690135e-02 2.44901251e-01
1.68562836e-03 -2.84130557e-03 -1.66718482e-03 3.17391739e-03 1.27459560e-03 3.70519643e-03 -3.21281717e-03 4.18508676e-04 3.36667967e-03 8.72572744e-01 4.07454403e+00 2.62643826e-02 2.70474548e-01
1.02288291e-03 -1.79068842e-03 -1.38289594e-03 2.37428132e-03 1.42977853e-03 2.41304402e-03 -2.50919937e-03 9.81782514e-04 2.59199451e-03 7.29715859e-01 3.62118372e+00 -4.67416829e-02 2.48022255e-01
1.08789615e-03 -2.51329747e-03 -1.50095066e-03 2.76371232e-03 3.10392274e-04 3.52791688e-03 -3.18479579e-03 1.16983795e-03 3.46394287e-03 9.65278982e-01 3.98684440e+00 4.35174326e-02 2.68954494e-01
7.67218174e-04 -1.79835957e-03 -1.47632319e-03 2.56370012e-03 1.06052580e-03 3.27228968e-03 -2.76411120e-03 1.48511675e-03 3.02796875e-03 6.84054978e-01 3.79286174e+00 -4.06229872e-02 2.60620697e-01
1.06907053e-03 -2.03199629e-03 -1.33278672e-03 2.42414815e-03 9.25691842e-04 2.38483783e-03 -2.59090680e-03 7.28579208e-04 2.68598902e-03 9.52331685e-01 3.64661642e+00 1.31451712e-02 2.56082387e-01
3.97263272e-04 -8.09932482e-04 -1.00735659e-03 1.66051156e-03 7.45728670e-04 1.55808981e-03 -1.93687610e-03 1.18293242e-03 2.01498007e-03 6.43408843e-01 3.37085208e+00 -7.31640536e-02 2.39368322e-01
1.64221030e-03 -2.49974480e-03 -1.28252112e-03 2.71773399e-03 8.95790965e-04 3.42644448e-03 -2.75239151e-03 1.42498334e-04 2.88086386e-03 1.02753896e+00 3.52764037e+00 3.15281451e-02 2.74750156e-01
1.52364079e-03 -2.58473022e-03 -1.32349626e-03 2.70460199e-03 6.36824919e-04 3.20124670e-03 -2.91180860e-03 3.99572665e-04 3.06275928e-03 6.71700467e-01 3.63624843e+00 -2.86207602e-02 2.69354507e-01
7.31969271e-04 -1.35815813e-03 -1.35324235e-03 2.32232933e-03 1.27337257e-03 2.37091583e-03 -2.56134616e-03 1.43287118e-03 2.67667955e-03 9.51622371e-01 3.85920862e+00 2.73520746e-04 2.46382843e-01
5.78222205e-04 -1.68522351e-03 -1.39055592e-03 2.27204695e-03 6.63209511e-04 3.10046422e-03 -2.54318280e-03 1.39227723e-03 2.83265148e-03 6.39346638e-01 3.65133220e+00 -3.80155058e-02 2.65947354e-01
1.01547929e-03 -1.94450687e-03 -1.36772755e-03 2.30529720e-03 1.02487750e-03 2.11785173e-03 -2.48045827e-03 6.64598994e-04 2.54151992e-03 9.22377028e-01 3.52226799e+00 -1.55360068e-02 2.50376701e-01
1.05608084e-03 -2.27472206e-03 -1.82348129e-03 3.01676667e-03 1.45233365e-03 3.26681964e-03 -3.26223997e-03 1.46207541e-03 3.45665355e-03 8.60218211e-01 4.15858491e+00 3.05335456e-03 2.53694647e-01
1.00839325e-03 -2.19500872e-03 -1.39987382e-03 2.53119089e-03 6.63802446e-04 2.91186148e-03 -2.78117468e-03 9.54942095e-04 2.97626683e-03 8.22417864e-01 3.71570370e+00 -3.29985370e-03 2.63018496e-01
1.03403987e-03 -2.10685539e-03 -1.71603145e-03 2.98696327e-03 1.34917545e-03 3.00264747e-03 -3.27694210e-03 1.53208462e-03 3.42247302e-03 8.47902032e-01 4.21752531e+00 -1.87471669e-03 2.49279588e-01
1.11084957e-03 -2.24222549e-03 -1.39109303e-03 2.56154986e-03 8.19784168e-04 3.18335604e-03 -2.74499664e-03 8.83818390e-04 2.95610711e-03 8.36276902e-01 3.66949363e+00 1.91272974e-03 2.66922688e-01
8.83657616e-04 -2.01692217e-03 -1.53908226e-03 2.66817336e-03 1.08975306e-03 3.30385691e-03 -2.85049283e-03 1.34856040e-03 3.09691725e-03 7.14512321e-01 3.91662450e+00 -1.73643871e-02 2.62855883e-01
9.77894528e-04 -2.16998609e-03 -1.53569003e-03 2.59431593e-03 8.91020096e-04 2.59907376e-03 -2.84683637e-03 9.83589747e-04 2.98712384e-03 9.18143999e-01 3.73857588e+00 -2.75281464e-03 2.53703374e-01
6.95755560e-04 -1.68921422e-03 -1.16162769e-03 2.08226730e-03 4.62035898e-04 2.54245492e-03 -2.34253290e-03 1.04020989e-03 2.54434674e-03 9.64870487e-01 3.45863294e+00 1.16756222e-02 2.63597715e-01
7.95609587e-04 -1.52720680e-03 -1.13915214e-03 1.94018756e-03 1.02008959e-03 2.05093515e-03 -2.04029691e-03 7.49431402e-04 2.13291154e-03 6.46966650e-01 3.24914176e+00 -7.12354208e-02 2.53037329e-01
1.29649606e-03 -2.17285430e-03 -1.16587516e-03 2.31652716e-03 6.85255546e-04 2.78685668e-03 -2.42034149e-03 2.66495253e-04 2.54531366e-03 9.39946855e-01 3.47983832e+00 1.84860464e-02 2.72620472e-01
5.08692309e-04 -1.19781760e-03 -1.25862917e-03 2.03193978e-03 9.00241855e-04 2.05712816e-03 -2.31292274e-03 1.33612316e-03 2.44201032e-03 6.73583511e-01 3.47601285e+00 -6.51624358e-02 2.42033716e-01
5.91682488e-04 -1.44286346e-03 -1.39136955e-03 2.21981032e-03 9.44245280e-04 2.12348936e-03 -2.50935189e-03 1.31233948e-03 2.62007231e-03 9.43672308e-01 3.62902823e+00 -2.13765619e-02 2.42892505e-01
1.06178658e-03 -1.77236861e-03 -9.36949508e-04 1.95175429e-03 6.34356062e-04 2.51811132e-03 -2.04772669e-03 4.40618666e-04 2.18222634e-03 5.99198625e-01 3.21686353e+00 -4.91432820e-02 2.71590096e-01
3.89379792e-04 -1.28617003e-03 -1.61483822e-03 2.91304821e-03 7.79977130e-04 3.75978148e-03 -3.31335113e-03 2.39678092e-03 3.70091335e-03 8.42349852e-01 4.20851663e+00 7.52242861e-03 2.56213660e-01
1.34170100e-03 -2.34104813e-03 -1.62013294e-03 2.74016751e-03 1.48613505e-03 2.85338824e-03 -2.71513369e-03 3.72980050e-04 2.79925094e-03 8.40424893e-01 3.67379632e+00 -7.62710906e-03 2.60996527e-01
5.74182345e-04 -1.55889940e-03 -1.42655263e-03 2.38148799e-03 7.77311677e-04 2.56299907e-03 -2.69710520e-03 1.48872362e-03 2.88801274e-03 8.26625793e-01 3.79853556e+00 -9.44209200e-03 2.51578791e-01
1.55452870e-03 -2.81435523e-03 -1.77710171e-03 3.29901840e-03 1.45738536e-03 3.86270080e-03 -3.36882271e-03 8.60666305e-04 3.56489367e-03 8.58980962e-01 4.08766551e+00 1.00399010e-02 2.64862835e-01
1.70100420e-03 -2.73913604e-03 -1.60314068e-03 3.07685832e-03 1.10191005e-03 3.66448422e-03 -3.03514799e-03 3.03321458e-05 3.15368390e-03 6.92587696e-01 3.84775609e+00 -1.70029987e-03 2.74741839e-01
5.12442607e-04 -8.90402159e-04 -1.30447641e-03 2.34705547e-03 1.04845710e-03 2.43182577e-03 -2.70189779e-03 1.83722537e-03 2.87525998e-03 9.14451498e-01 3.83767187e+00 -2.06198293e-02 2.38753136e-01
1.13141067e-03 -2.29523142e-03 -1.47244628e-03 2.60277874e-03 8.14013608e-04 2.60809464e-03 -2.82740907e-03 7.32026757e-04 2.95139659e-03 1.00076261e+00 3.62041918e+00 1.65710364e-02 2.56152649e-01
6.58703148e-04 -1.59352315e-03 -1.35530649e-03 2.23381336e-03 9.89121394e-04 2.72729265e-03 -2.42310314e-03 1.27309983e-03 2.63653582e-03 6.46794859e-01 3.70265879e+00 -4.75705520e-02 2.60524765e-01
6.11795898e-04 -1.30217355e-03 -1.13549621e-03 1.98650049e-03 8.83331555e-04 2.09404165e-03 -2.17708457e-03 1.13780371e-03 2.29846087e-03 6.59289319e-01 3.46970133e+00 -5.12573848e-02 2.50337358e-01
1.35509937e-03 -2.53753957e-03 -1.51126219e-03 2.85317786e-03 9.82988727e-04 3.39331685e-03 -3.02007556e-03 7.95484424e-04 3.21515583e-03 9.83539817e-01 3.81936182e+00 1.85168402e-02 2.65886917e-01
1.39184189e-03 -2.40861861e-03 -1.20415754e-03 2.47674103e-03 4.46985673e-04 2.91444391e-03 -2.72182868e-03 3.92542592e-04 2.86635604e-03 8.77184911e-01 3.64977629e+00 3.04458496e-02 2.70894825e-01
9.15787923e-04 -1.94479623e-03 -1.84826771e-03 2.93561793e-03 1.57493508e-03 3.03957282e-03 -3.25771077e-03 1.70483241e-03 3.42639979e-03 8.09527457e-01 4.14286258e+00 -2.77252600e-02 2.45160250e-01
1.02760407e-03 -3.11876360e-04 -6.01435144e-04 2.10827061e-03 1.58617880e-03 3.20873142e-03 -2.27187404e-03 1.84610840e-03 2.57873961e-03 9.06111096e-01 3.75539348e+00 -1.49948970e-02 2.54270015e-01
1.53866584e-03 -2.71461753e-03 -1.97468728e-03 3.25722408e-03 1.36438206e-03 3.00937548e-03 -3.17443329e-03 -1.11805763e-04 3.20486140e-03 6.94332422e-01 3.82208093e+00 -1.39577658e-02 2.62580572e-01
8.63295765e-04 -1.95338757e-03 -1.36263337e-03 2.36385154e-03 7.16052284e-04 2.47435848e-03 -2.62223405e-03 9.95467585e-04 2.77326066e-03 6.89718729e-01 3.52501082e+00 -4.31282980e-02 2.53707144e-01
1.01648883e-03 -2.05583410e-03 -1.48493638e-03 2.62309935e-03 1.22220066e-03 3.12208359e-03 -2.76140762e-03 1.14590585e-03 2.96088136e-03 9.53142768e-01 3.93037293e+00 1.76403092e-02 2.62954117e-01
4.19348709e-04 -9.37217530e-04 -1.26924492e-03 2.43508341e-03 7.86609705e-04 3.24752175e-03 -2.77506627e-03 2.06756142e-03 3.11302256e-03 9.60240115e-01 3.93676753e+00 1.64412673e-02 2.56719212e-01
1.32329641e-03 -2.26955022e-03 -1.57213500e-03 2.66883134e-03 1.42051346e-03 2.75154387e-03 -2.62112980e-03 2.58423291e-04 2.69115674e-03 6.86048445e-01 3.54078317e+00 -4.06275597e-02 2.60713468e-01
1.04201758e-03 -5.38920373e-04 -8.95369862e-04 2.38321137e-03 1.66018765e-03 2.88777933e-03 -2.65598085e-03 1.92915982e-03 2.86041131e-03 9.42440055e-01 4.00841945e+00 -1.42292874e-02 2.42175627e-01
1.43848746e-03 -2.31002846e-03 -1.43882132e-03 2.68201518e-03 8.62116968e-04 2.87102712e-03 -2.61982796e-03 -1.99587069e-04 2.67179509e-03 6.48304720e-01 3.45631220e+00 -2.16069266e-02 2.72201909e-01
7.51007247e-04 -5.68856213e-04 -9.49773455e-04 2.16436513e-03 1.36685714e-03 2.75467891e-03 -2.40015284e-03 1.78899543e-03 2.63707082e-03 9.25498685e-01 3.71962127e+00 -2.02709099e-02 2.46080379e-01
1.66370042e-03 -2.65060300e-03 -1.67686399e-03 3.12532433e-03 1.12119451e-03 3.18701156e-03 -3.05186939e-03 -1.62361069e-04 3.09887518e-03 6.59644829e-01 3.80438138e+00 -1.30305565e-02 2.69323154e-01
1.07144459e-03 -2.32163953e-03 -1.72368531e-03 2.85880087e-03 1.19522923e-03 2.88931724e-03 -3.10425637e-03 1.14419697e-03 3.25421128e-03 9.94848165e-01 3.94422452e+00 9.53570082e-03 2.52488942e-01
6.44244489e-04 -1.56904079e-03 -1.13377544e-03 1.93998663e-03 6.05572713e-04 2.39494041e-03 -2.12655625e-03 9.37153155e-04 2.31331803e-03 6.35785654e-01 3.33862592e+00 -4.66415830e-02 2.63959728e-01
1.63607138e-03 -2.88146147e-03 -1.88107554e-03 3.34173109e-03 1.64914291e-03 3.62451575e-03 -3.39580280e-03 6.88885002e-04 3.53899383e-03 9.57857963e-01 4.02027636e+00 1.48476004e-02 2.60065357e-01
3.76397205e-04 -1.34184741e-03 -1.33825064e-03 2.22345464e-03 5.83940543e-04 2.64395431e-03 -2.51624941e-03 1.55582233e-03 2.75946328e-03 7.20829911e-01 3.72322974e+00 -2.15459833e-02 2.57410622e-01
9.11909923e-04 -2.15685822e-03 -1.51937324e-03 2.65182222e-03 7.80206125e-04 3.08832678e-03 -2.90858962e-03 1.19897954e-03 3.13081833e-03 7.54459675e-01 3.75010915e+00 -2.59005576e-02 2.59945572e-01
1.07472273e-03 -2.23613249e-03 -1.66549189e-03 2.81097017e-03 1.28703009e-03 3.00069590e-03 -3.02241907e-03 1.18638663e-03 3.18784655e-03 9.37835981e-01 4.06133129e+00 2.49150409e-02 2.56894958e-01
1.74781882e-03 -2.90576018e-03 -1.66939385e-03 3.15208834e-03 9.58015820e-04 3.28008791e-03 -3.25214066e-03 5.97611221e-05 3.34196497e-03 7.07327371e-01 3.99681770e+00 7.19843888e-03 2.68915588e-01
6.49670836e-04 -1.10391401e-03 -1.28655406e-03 2.33534506e-03 1.21864586e-03 2.76394822e-03 -2.60352599e-03 1.71209547e-03 2.81883829e-03 9.01040366e-01 3.73110594e+00 -2.58320541e-02 2.46989099e-01
8.02104348e-04 -1.80301806e-03 -1.49863708e-03 2.40182935e-03 1.13589819e-03 2.48349502e-03 -2.62187500e-03 1.16548950e-03 2.75813635e-03 6.81923326e-01 3.59230997e+00 -6.10067536e-02 2.47739760e-01
9.22416227e-04 -1.84983296e-03 -1.08269566e-03 2.04481568e-03 4.90859399e-04 2.47170092e-03 -2.23947295e-03 6.49180159e-04 2.39924686e-03 9.29505032e-01 3.43567473e+00 1.80265140e-02 2.68833761e-01
1.34030908e-03 -2.52662258e-03 -1.71543322e-03 2.93195450e-03 1.37795053e-03 3.01295639e-03 -3.05631827e-03 7.41301801e-04 3.17972399e-03 1.02460284e+00 3.90110005e+00 2.73117503e-02 2.57622038e-01
4.59907432e-04 -1.32600720e-03 -1.18790886e-03 2.05218074e-03 6.06436114e-04 2.55813642e-03 -2.28820510e-03 1.35125328e-03 2.51504422e-03 6.49742425e-01 3.48407486e+00 -5.09313220e-02 2.59250823e-01
9.83519854e-04 -1.77893582e-03 -1.31888341e-03 2.30652648e-03 1.17770425e-03 2.21771042e-03 -2.49521403e-03 9.32735016e-04 2.56509733e-03 6.85488947e-01 3.61443781e+00 -5.41983660e-02 2.47394866e-01
9.69469008e-04 -2.25846547e-03 -1.48199595e-03 2.63360272e-03 6.36547518e-04 3.48682513e-03 -2.93097423e-03 1.21293626e-03 3.21291351e-03 1.00640124e+00 3.85001836e+00 4.07640829e-02 2.68831760e-01
4.19668331e-04 -9.74616402e-04 -8.88374522e-04 1.50914215e-03 6.97706999e-04 1.84948586e-03 -1.63128378e-03 9.31492555e-04 1.77454034e-03 6.35037389e-01 2.98627545e+00 -7.39105917e-02 2.56783771e-01
1.28897334e-03 -2.42958540e-03 -1.47620954e-03 2.70723299e-03 8.74864191e-04 2.74904263e-03 -2.91531985e-03 6.39809130e-04 3.03593840e-03 1.00652663e+00 3.76104884e+00 1.86746694e-02 2.59502158e-01
1.11160368e-03 -2.62910879e-03 -1.78655453e-03 3.12457773e-03 8.48120257e-04 4.36046752e-03 -3.46833044e-03 1.55470485e-03 3.83830572e-03 9.10873758e-01 4.17197142e+00 3.18402379e-02 2.69938509e-01
1.01944444e-03 -1.95360273e-03 -1.44139888e-03 2.37909085e-03 1.10818294e-03 2.10740958e-03 -2.64532326e-03 8.79515548e-04 2.69729020e-03 7.89944807e-01 3.72841757e+00 -2.66487981e-02 2.46061254e-01
7.71392644e-04 -6.21474119e-04 -8.61342557e-04 1.84049930e-03 1.18826993e-03 1.77627598e-03 -2.14772609e-03 1.36634422e-03 2.19924368e-03 6.74825178e-01 3.65533209e+00 -6.62280010e-02 2.33857973e-01
1.93978867e-03 -2.80056668e-03 -1.42231855e-03 3.02882807e-03 7.05217789e-04 3.69936417e-03 -3.06674422e-03 -3.07172803e-04 3.14554296e-03 1.03077022e+00 3.63724665e+00 5.05499037e-02 2.78543823e-01
8.23779435e-04 -7.94057982e-04 -1.11365615e-03 2.50620138e-03 1.51978526e-03 3.46831183e-03 -2.72298088e-03 2.05603401e-03 3.04240663e-03 8.84741225e-01 3.99904260e+00 -1.80641627e-03 2.54396983e-01
1.60382138e-03 -2.77822196e-03 -1.82714252e-03 3.16706374e-03 1.15217813e-03 2.94894465e-03 -3.20754134e-03 2.60211158e-06 3.25049479e-03 7.94153090e-01 3.84984939e+00 1.89439708e-04 2.62380586e-01
1.08902752e-03 -2.33402704e-03 -1.58515910e-03 2.77113385e-03 8.96218101e-04 2.80934766e-03 -3.05123702e-03 1.04493401e-03 3.20368500e-03 7.26492994e-01 3.83001903e+00 -2.10247391e-02 2.53727821e-01
8.16573138e-04 -1.86734832e-03 -1.43217086e-03 2.41811223e-03 1.04444874e-03 2.95082741e-03 -2.58333098e-03 1.18805772e-03 2.80061818e-03 8.93344618e-01 3.76794475e+00 -3.02918534e-03 2.62793233e-01
1.67689302e-03 -2.65489623e-03 -1.36178109e-03 2.83973682e-03 8.92887229e-04 3.54281547e-03 -2.94307047e-03 2.96329286e-04 3.09426705e-03 6.84993195e-01 3.66718131e+00 -2.19095491e-02 2.72416537e-01
6.82159042e-04 -1.16741569e-03 -1.25698408e-03 2.29487601e-03 1.15610065e-03 2.24554274e-03 -2.57023324e-03 1.53194216e-03 2.66868482e-03 9.25519772e-01 3.88527380e+00 -7.21675613e-03 2.42449559e-01
1.59581383e-03 -2.64866009e-03 -1.62803163e-03 2.99296429e-03 1.20403648e-03 2.88647192e-03 -3.08044479e-03 2.55001382e-04 3.13909321e-03 6.89346814e-01 3.87448252e+00 -2.05985849e-02 2.60690333e-01
4.79147988e-04 -1.12757685e-03 -1.31697687e-03 2.25899261e-03 9.89410569e-04 2.95215934e-03 -2.52245828e-03 1.73047075e-03 2.80964939e-03 9.30925023e-01 3.70371204e+00 -5.02177467e-03 2.56058346e-01
1.38711932e-03 -3.28206018e-04 -6.45107757e-04 2.43078630e-03 2.09776938e-03 3.50329624e-03 -2.62716602e-03 2.05439034e-03 2.93187118e-03 8.92534565e-01 4.09533592e+00 -1.11634467e-02 2.49152631e-01
1.57500292e-03 -2.65085899e-03 -1.84083204e-03 3.20457101e-03 1.10348823e-03 3.02891364e-03 -3.10478223e-03 -2.94327589e-04 3.12724917e-03 7.70823389e-01 3.72993776e+00 6.36307050e-03 2.66984014e-01
8.62987595e-04 -7.00721119e-04 -1.04715556e-03 2.43582092e-03 1.50232814e-03 3.42925858e-03 -2.69126007e-03 2.04863966e-03 3.02139456e-03 7.74455763e-01 3.95305523e+00 -1.95673289e-02 2.53248722e-01
1.55242310e-03 -2.64408022e-03 -1.77273688e-03 3.04286684e-03 1.19170414e-03 2.84729091e-03 -3.04045966e-03 -6.70661460e-05 3.07592525e-03 8.87329359e-01 3.78414812e+00 1.08405367e-02 2.63433963e-01
1.74569839e-03 -2.64114574e-03 -1.34234442e-03 2.81684286e-03 6.05439504e-04 3.09344918e-03 -2.92766205e-03 -1.61139979e-04 2.99379040e-03 8.17889174e-01 3.53429673e+00 -8.70289261e-05 2.72009801e-01
1.00752494e-03 -1.14963977e-03 -1.41575154e-03 2.70303025e-03 1.74820786e-03 2.88975331e-03 -3.06639492e-03 1.94433077e-03 3.21835052e-03 8.63771508e-01 4.34793566e+00 -2.02853667e-04 2.43031895e-01
1.21834637e-03 -2.01468114e-03 -1.14788276e-03 2.23064588e-03 7.46537543e-04 2.23994269e-03 -2.32948015e-03 2.17527010e-04 2.39125717e-03 9.17322009e-01 3.36865106e+00 4.44030101e-03 2.63435742e-01
6.07778634e-04 -1.34041370e-03 -1.44540473e-03 2.43875777e-03 1.18337062e-03 3.00456400e-03 -2.70189917e-03 1.72791243e-03 2.95920593e-03 6.77635296e-01 3.82709311e+00 -4.82870247e-02 2.52971561e-01
1.84919561e-03 -2.69868455e-03 -1.42315720e-03 2.99894490e-03 9.10693026e-04 3.70370405e-03 -2.97133559e-03 -1.67459359e-04 3.06457968e-03 7.37454807e-01 3.72486961e+00 4.14350193e-03 2.77646989e-01
7.74188891e-04 -7.91435764e-04 -1.24592832e-03 2.52921265e-03 1.39580212e-03 2.50705178e-03 -2.89480718e-03 1.95507349e-03 3.01246812e-03 9.16099920e-01 4.08799411e+00 -1.16274538e-02 2.34525183e-01
9.15624232e-04 -2.07515201e-03 -1.60589886e-03 2.69183514e-03 1.18036270e-03 3.14476629e-03 -2.88797750e-03 1.30271915e-03 3.10803684e-03 8.38179300e-01 3.74082812e+00 -2.34834108e-02 2.55926927e-01
1.26102842e-03 -2.51944837e-03 -1.60155527e-03 2.92792776e-03 9.40839484e-04 3.11421407e-03 -3.18909483e-03 9.89866973e-04 3.35749507e-03 8.48927619e-01 4.15926965e+00 2.77162354e-02 2.61621006e-01
1.22902236e-03 -2.28639906e-03 -1.59784955e-03 2.76260744e-03 1.43348138e-03 2.98977679e-03 -2.87452283e-03 8.97808139e-04 3.01163520e-03 8.33356351e-01 3.91794875e+00 -1.02060150e-02 2.58668715e-01
6.43307613e-04 -2.11457546e-03 -1.73318921e-03 2.80135737e-03 5.86324211e-04 3.25812777e-03 -3.19340839e-03 1.62517197e-03 3.47878734e-03 8.48339971e-01 3.96014798e+00 1.00116516e-02 2.58191160e-01
8.19167903e-04 -1.76647399e-03 -1.20568040e-03 2.20275658e-03 7.02144279e-04 2.52437575e-03 -2.40445440e-03 9.79394734e-04 2.57238357e-03 8.75765592e-01 3.53890541e+00 -2.20710076e-04 2.60741222e-01
1.26539404e-03 -2.51243354e-03 -1.83869857e-03 3.27942159e-03 1.53496256e-03 3.65642079e-03 -3.46046349e-03 1.42523764e-03 3.66832555e-03 7.72299307e-01 4.21315144e+00 -1.21368101e-02 2.56101933e-01
1.76625040e-03 -2.47763534e-03 -1.34043192e-03 2.84983881e-03 7.43308038e-04 3.44658801e-03 -2.78066367e-03 -3.96692851e-04 2.82978021e-03 8.82864055e-01 3.48557210e+00 9.47280512e-03 2.79114395e-01
1.26189283e-03 -3.82351696e-04 -6.72474338e-04 2.28194190e-03 1.78256673e-03 2.38927078e-03 -2.56644022e-03 1.76112431e-03 2.62268235e-03 7.42677362e-01 4.06563254e+00 -3.16740654e-02 2.32123227e-01
2.18407540e-03 -3.06424300e-03 -1.51393255e-03 3.28866748e-03 5.73201819e-04 3.76870551e-03 -3.38200027e-03 -5.31494689e-04 3.42312250e-03 8.33533841e-01 3.78705843e+00 3.09566754e-02 2.77523441e-01
1.07964159e-03 -7.35100530e-04 -1.04691615e-03 2.33464471e-03 1.70786225e-03 2.38235933e-03 -2.68647219e-03 1.73470297e-03 2.76800406e-03 8.48414308e-01 4.10258818e+00 -2.63669816e-02 2.35266308e-01
1.57429566e-03 -2.59321139e-03 -1.32925821e-03 2.81000641e-03 8.89279692e-04 3.82357785e-03 -2.95071505e-03 6.22161612e-04 3.16507162e-03 9.11021212e-01 3.83630829e+00 3.14494738e-02 2.74866766e-01
8.33541242e-04 -1.60418170e-03 -1.49491800e-03 2.61843539e-03 1.22005598e-03 2.38827920e-03 -2.93830441e-03 1.52799329e-03 3.01372497e-03 7.81067485e-01 3.98104078e+00 -2.98657721e-02 2.39337838e-01
1.67842982e-03 -2.72578250e-03 -1.56255449e-03 2.97482226e-03 7.77210798e-04 3.14543091e-03 -3.03844254e-03 -1.48366104e-04 3.10765107e-03 8.97517680e-01 3.68708385e+00 3.25338322e-02 2.71104705e-01
9.88889655e-04 -8.68212505e-04 -1.17633612e-03 2.61685309e-03 1.71452237e-03 3.06058435e-03 -2.89113676e-03 2.00126871e-03 3.08781637e-03 7.98396505e-01 4.15960120e+00 -2.81594192e-02 2.44056127e-01
8.21716642e-04 -2.05909790e-03 -1.64533484e-03 2.75187163e-03 1.01510747e-03 3.34386333e-03 -3.01765509e-03 1.50613839e-03 3.28556710e-03 8.09169711e-01 4.10534900e+00 5.91648250e-03 2.62342951e-01
1.27267438e-03 -2.39721941e-03 -1.55278530e-03 2.80804513e-03 1.11417951e-03 2.89570453e-03 -3.00611262e-03 8.55543382e-04 3.13511036e-03 8.71009328e-01 3.76293172e+00 -6.45518330e-03 2.54800276e-01
1.54321358e-03 -2.69179007e-03 -1.81540839e-03 3.14967945e-03 1.44234128e-03 3.38760638e-03 -3.06261707e-03 1.69172118e-04 3.16367604e-03 9.32213696e-01 3.77891298e+00 8.60506966e-03 2.66357412e-01
4.87884317e-04 -7.39271873e-04 -1.12536344e-03 2.24609827e-03 9.51864367e-04 2.77094466e-03 -2.54628525e-03 1.88794467e-03 2.80966848e-03 7.12743708e-01 3.83363085e+00 -2.75738936e-02 2.50093117e-01
1.01836588e-03 -2.08423819e-03 -1.55887141e-03 2.72357137e-03 1.20998854e-03 2.94986362e-03 -2.93586440e-03 1.24338122e-03 3.10329518e-03 7.20841362e-01 3.97583259e+00 -2.38513192e-02 2.55678452e-01
9.32176778e-04 -2.12680779e-03 -1.46905615e-03 2.54966476e-03 8.11638974e-04 2.95054110e-03 -2.77767443e-03 1.06799711e-03 2.98297220e-03 9.31459115e-01 3.69743150e+00 8.37011334e-03 2.61061319e-01
1.05274271e-03 -2.03155380e-03 -1.34197073e-03 2.42449485e-03 1.02530134e-03 2.75044711e-03 -2.52916623e-03 7.79283076e-04 2.67852309e-03 8.97478462e-01 3.61769985e+00 2.22342223e-03 2.62602619e-01
8.54700864e-04 -2.04880965e-03 -1.68386921e-03 2.94416850e-03 1.05184308e-03 3.28883758e-03 -3.24447748e-03 1.66720133e-03 3.47741682e-03 7.46681347e-01 4.08864528e+00 -1.76005839e-02 2.53909844e-01
1.83245756e-03 -2.76223688e-03 -1.26785006e-03 2.78474847e-03 4.67215377e-04 3.35099904e-03 -2.99586233e-03 -3.97070241e-05 3.10283773e-03 9.63303761e-01 3.67146820e+00 4.24021218e-02 2.75491444e-01
7.33766197e-04 -1.20364150e-03 -1.39993688e-03 2.31700654e-03 1.33327902e-03 2.23798444e-03 -2.66743375e-03 1.55666648e-03 2.75913528e-03 7.26049394e-01 3.91098780e+00 -4.80715458e-02 2.38566578e-01
1.09754413e-03 -2.18106738e-03 -1.24453594e-03 2.47796375e-03 4.98902923e-04 2.95315796e-03 -2.75345059e-03 9.01255876e-04 2.94637193e-03 8.79300033e-01 3.63691513e+00 9.20410446e-03 2.64886475e-01
1.04584073e-03 -2.20104622e-03 -1.84866098e-03 2.94132939e-03 1.60332610e-03 3.08253768e-03 -3.17411429e-03 1.40564857e-03 3.33363727e-03 7.91802475e-01 4.16772051e+00 -1.42402756e-02 2.51873513e-01
4.82802349e-04 -1.27955948e-03 -1.29263391e-03 2.14683156e-03 8.59656455e-04 2.87776717e-03 -2.39375451e-03 1.53444748e-03 2.67093936e-03 6.52604427e-01 3.61495894e+00 -5.30710244e-02 2.60322991e-01
1.26549280e-03 -2.31899530e-03 -1.50649801e-03 2.61330428e-03 1.01466228e-03 2.42686949e-03 -2.76027552e-03 4.19406631e-04 2.82372228e-03 9.97159440e-01 3.64456715e+00 2.06791868e-02 2.56369325e-01
1.27041158e-03 -2.17514797e-03 -1.21335429e-03 2.34292941e-03 7.04465111e-04 2.49107073e-03 -2.47465270e-03 2.74109555e-04 2.56791955e-03 9.94639034e-01 3.45898757e+00 2.51450425e-02 2.66160594e-01
4.88354045e-04 -9.90669742e-04 -1.01780104e-03 1.74505241e-03 8.68344566e-04 2.03365390e-03 -1.93635689e-03 1.17640311e-03 2.08545054e-03 6.51875171e-01 3.24854772e+00 -7.66285601e-02 2.49795954e-01
8.11962742e-04 -1.79801551e-03 -1.82045603e-03 2.94478764e-03 1.38550518e-03 2.90201762e-03 -3.33908976e-03 1.85294906e-03 3.49748440e-03 8.01804150e-01 4.39193070e+00 -4.01818278e-03 2.45965309e-01
1.38742389e-03 -2.34257374e-03 -1.24938901e-03 2.52734677e-03 7.44227797e-04 3.06063355e-03 -2.65577174e-03 4.01084990e-04 2.80184839e-03 8.63899241e-01 3.47835482e+00 -1.82397633e-03 2.69773839e-01
4.25339151e-04 -9.45630989e-04 -9.96563186e-04 1.65906211e-03 8.01677990e-04 1.95830226e-03 -1.84579862e-03 1.13951172e-03 2.00216701e-03 6.67170017e-01 3.11273544e+00 -7.66126372e-02 2.49429090e-01
1.62740521e-03 -2.80698888e-03 -1.61002120e-03 3.05632816e-03 9.14931856e-04 3.16905942e-03 -3.20557563e-03 2.87207180e-04 3.31217952e-03 1.05104906e+00 3.99384623e+00 5.62429076e-02 2.66855429e-01
8.73292901e-04 -1.79609179e-03 -1.19963579e-03 2.16168074e-03 8.21839172e-04 2.70895481e-03 -2.31252537e-03 8.98416466e-04 2.49967870e-03 6.33749509e-01 3.42165905e+00 -5.04349529e-02 2.64276064e-01
7.80588092e-04 -1.66008595e-03 -1.24328417e-03 2.13963281e-03 8.37927355e-04 2.14730437e-03 -2.36293474e-03 9.72220131e-04 2.47443388e-03 9.23393803e-01 3.52802149e+00 -1.29338152e-02 2.51768453e-01
7.92415361e-04 -1.75276327e-03 -1.25485569e-03 2.20209164e-03 7.86709111e-04 2.52396820e-03 -2.40094071e-03 1.01162484e-03 2.57231524e-03 8.70640184e-01 3.45612708e+00 -1.53202391e-02 2.58083659e-01
1.32938349e-03 -2.65092602e-03 -1.86251571e-03 3.34563016e-03 1.41843902e-03 3.69358794e-03 -3.57323372e-03 1.38569869e-03 3.78214249e-03 7.68796163e-01 4.37381960e+00 2.95433186e-03 2.58680424e-01
5.14354008e-04 -1.33896143e-03 -1.53890365e-03 2.49530967e-03 1.02665664e-03 2.59509512e-03 -2.84069043e-03 1.74931897e-03 3.02607090e-03 8.40097626e-01 3.85652607e+00 -2.60990040e-02 2.43302329e-01
1.81611760e-03 -2.90833837e-03 -1.58522680e-03 3.21293627e-03 1.13649999e-03 3.79125011e-03 -3.27239697e-03 3.18064752e-04 3.41851490e-03 8.45817368e-01 4.05314911e+00 3.10698870e-02 2.71748973e-01
1.34221415e-03 -2.54294132e-03 -1.58822385e-03 2.93476556e-03 1.11305957e-03 3.34042462e-03 -3.10663501e-03 8.90987983e-04 3.29007652e-03 9.71966740e-01 3.78846199e+00 4.02777536e-03 2.60524242e-01
6.17592527e-04 -1.50399285e-03 -1.25358819e-03 2.10058714e-03 8.25715667e-04 2.28760748e-03 -2.29864638e-03 1.12753258e-03 2.45191260e-03 6.53877409e-01 3.62484467e+00 -3.54820612e-02 2.56728717e-01
1.16266954e-03 -2.48589619e-03 -1.88498547e-03 3.16667637e-03 1.29299683e-03 3.10220602e-03 -3.50079230e-03 1.40180946e-03 3.65081794e-03 8.74897645e-01 4.06895891e+00 -1.07173734e-02 2.46206791e-01
1.05407258e-03 -2.08365359e-03 -1.28144731e-03 2.38406420e-03 8.02157244e-04 3.03897889e-03 -2.55235369e-03 8.51104802e-04 2.75693471e-03 8.04450658e-01 3.76098878e+00 1.16649855e-02 2.70134748e-01
1.15236182e-03 -2.01890776e-03 -1.25075854e-03 2.37747080e-03 1.04806154e-03 2.70078087e-03 -2.43703138e-03 6.07800555e-04 2.56325759e-03 6.83625479e-01 3.45386969e+00 -4.36438422e-02 2.62283512e-01
6.80446404e-04 -1.83152252e-03 -1.66367881e-03 2.77854918e-03 9.49521239e-04 3.10131871e-03 -3.12228134e-03 1.73232546e-03 3.36225343e-03 9.94276891e-01 4.11774384e+00 2.83404354e-02 2.54336603e-01
8.33626983e-04 -1.93624967e-03 -1.52047375e-03 2.47496226e-03 9.97714739e-04 2.51138619e-03 -2.72577649e-03 1.14205181e-03 2.87024701e-03 7.89765862e-01 3.71629821e+00 -2.30872069e-02 2.50936037e-01
1.22490135e-03 -2.50953836e-03 -1.64396138e-03 3.06559195e-03 1.07294920e-03 3.77708078e-03 -3.27167772e-03 1.26643317e-03 3.52830224e-03 9.02107410e-01 4.13384110e+00 2.46166538e-02 2.65559168e-01
1.34851666e-03 -2.33061825e-03 -1.48715452e-03 2.63468461e-03 9.94516640e-04 2.59414455e-03 -2.67514762e-03 1.16314422e-04 2.73480735e-03 6.52034565e-01 3.59921309e+00 -2.72679011e-02 2.64140718e-01
5.35519545e-04 -1.01390343e-03 -1.32393757e-03 2.38363743e-03 1.13106290e-03 3.04435241e-03 -2.66584874e-03 1.89121014e-03 2.95555940e-03 9.42269899e-01 3.81916201e+00 -1.01387803e-02 2.52225122e-01
6.51619247e-04 -1.11671700e-03 -1.31330495e-03 2.31121039e-03 1.14680203e-03 2.34348537e-03 -2.65019425e-03 1.64230543e-03 2.78563250e-03 9.85968966e-01 3.92319040e+00 6.60356195e-03 2.42509439e-01
1.46673843e-03 -2.34702250e-03 -1.25467077e-03 2.51763318e-03 7.70696862e-04 2.99717320e-03 -2.58589013e-03 1.21412586e-04 2.69579710e-03 6.41472945e-01 3.43348425e+00 -4.12757864e-02 2.72055702e-01
1.59605724e-03 -2.84327076e-03 -1.89354112e-03 3.27620574e-03 1.50398018e-03 3.28957992e-03 -3.33483937e-03 4.69347001e-04 3.43268642e-03 8.81890515e-01 4.07531277e+00 1.28612444e-02 2.60842305e-01
3.78924934e-04 -1.24628734e-03 -1.43826543e-03 2.39380539e-03 7.81820682e-04 3.04187574e-03 -2.71002446e-03 1.83630912e-03 3.01205573e-03 8.03587906e-01 3.78257130e+00 -1.31329051e-02 2.56063325e-01
1.39358492e-03 -2.29927838e-03 -1.43297604e-03 2.63616326e-03 1.08670532e-03 2.57234831e-03 -2.67503773e-03 1.84776310e-04 2.72545085e-03 7.46931873e-01 3.62440140e+00 -1.37491657e-02 2.62073674e-01
6.63976333e-04 -1.35127527e-03 -1.62429656e-03 2.89866378e-03 1.30789017e-03 3.78407737e-03 -3.24713442e-03 2.25783973e-03 3.61069268e-03 9.34052793e-01 4.19669406e+00 1.02618120e-02 2.54639943e-01
1.18444565e-03 -2.52596453e-03 -1.84397672e-03 3.08140038e-03 1.27722706e-03 3.10047559e-03 -3.34039950e-03 1.18526645e-03 3.49625703e-03 1.01585112e+00 4.17257858e+00 2.98763878e-02 2.54486645e-01
6.63090566e-04 -1.56814838e-03 -1.14381235e-03 1.97522390e-03 6.56210258e-04 2.44668600e-03 -2.16687717e-03 9.86850672e-04 2.35706311e-03 6.63420273e-01 3.31225520e+00 -4.93112558e-02 2.62043425e-01
1.53320190e-03 -2.08941647e-03 -9.72640718e-04 2.19454223e-03 3.45477660e-04 2.62015735e-03 -2.28205134e-03 -3.69383172e-04 2.31242725e-03 6.07981012e-01 3.12363681e+00 -4.16217216e-02 2.78364126e-01
1.26290746e-03 -7.22828579e-04 -9.72745476e-04 2.48602472e-03 1.90341160e-03 2.48256574e-03 -2.81053695e-03 1.80261919e-03 2.84679918e-03 1.02089522e+00 4.21017257e+00 5.09313838e-03 2.33076328e-01
1.17653734e-03 -5.19027280e-04 -8.08734407e-04 2.36494076e-03 1.87233730e-03 2.91036605e-03 -2.57411355e-03 1.85960013e-03 2.75210263e-03 8.26134011e-01 4.03782725e+00 -1.71685697e-02 2.43337666e-01
1.89279455e-03 -2.88886107e-03 -1.67969894e-03 3.29343664e-03 8.68687479e-04 3.39945955e-03 -3.28471741e-03 -3.69484884e-04 3.32150610e-03 8.56924788e-01 3.78214515e+00 1.78605691e-02 2.71610526e-01
8.65040953e-04 -1.94260421e-03 -1.52567911e-03 2.62555090e-03 1.08458908e-03 2.85513505e-03 -2.83539857e-03 1.29373732e-03 3.01487898e-03 1.04000618e+00 4.00912200e+00 4.25092527e-02 2.57890157e-01
8.62652110e-04 -1.76175632e-03 -1.15232642e-03 2.05874340e-03 7.38534800e-04 2.35136703e-03 -2.21008157e-03 7.31090497e-04 2.35268271e-03 6.55782503e-01 3.21356880e+00 -6.70983638e-02 2.59114133e-01
6.08711733e-04 -1.57784051e-03 -1.41650563e-03 2.32459270e-03 9.76007472e-04 2.90749226e-03 -2.54201735e-03 1.43617599e-03 2.78876673e-03 8.50846622e-01 3.73667795e+00 -1.12118933e-02 2.60108578e-01
1.51820137e-03 -2.91541390e-03 -1.84041479e-03 3.27970058e-03 1.12945508e-03 3.22568170e-03 -3.53390267e-03 8.03439402e-04 3.66591416e-03 8.12914708e-01 4.11184995e+00 6.04400293e-03 2.56625618e-01
1.11679779e-03 -2.46935539e-03 -1.90565499e-03 3.10619271e-03 1.27773225e-03 2.95408865e-03 -3.43527125e-03 1.33153826e-03 3.57004509e-03 7.76822547e-01 4.10655199e+00 -2.21301810e-02 2.46885166e-01
9.33416392e-04 -1.89877470e-03 -1.20729507e-03 2.26243742e-03 7.50564570e-04 2.97386645e-03 -2.43616691e-03 9.54323153e-04 2.65192787e-03 8.83354063e-01 3.61677169e+00 1.31975030e-02 2.69217337e-01
8.92484242e-04 -1.35743963e-03 -1.52409731e-03 2.67366025e-03 1.44464682e-03 2.53684079e-03 -3.10424037e-03 1.80792701e-03 3.19713170e-03 7.52276003e-01 4.23628538e+00 -2.88674524e-02 2.37971398e-01
1.57608816e-03 -2.40793547e-03 -1.16347385e-03 2.48488772e-03 5.98391424e-04 3.10273593e-03 -2.60993059e-03 5.03295927e-05 2.72312215e-03 8.99208968e-01 3.44733643e+00 1.52390506e-02 2.75675620e-01
9.31897047e-04 -2.59461781e-04 -6.40355131e-04 1.97385344e-03 1.44522039e-03 2.28205721e-03 -2.20576640e-03 1.63037005e-03 2.34583054e-03 9.38248982e-01 3.69076454e+00 -2.53851704e-02 2.36716455e-01
1.41731556e-03 -2.16101316e-03 -1.34953755e-03 2.60780773e-03 8.71861541e-04 2.97882713e-03 -2.47167103e-03 -2.63061888e-04 2.52036083e-03 5.99811793e-01 3.36340986e+00 -3.69926820e-02 2.75702764e-01
8.96007697e-04 -2.08534643e-03 -1.68189001e-03 2.76988659e-03 1.24623424e-03 3.17842427e-03 -2.97919560e-03 1.39074905e-03 3.19805926e-03 7.80281649e-01 3.80613732e+00 -2.19155219e-02 2.54158007e-01
1.16607113e-03 -2.18150817e-03 -1.31171012e-03 2.55705882e-03 8.16369421e-04 2.78820626e-03 -2.74341018e-03 8.05157350e-04 2.88835972e-03 8.67835246e-01 3.85590518e+00 9.96779329e-03 2.63286080e-01
9.82319530e-04 -1.92808381e-03 -1.27016510e-03 2.23243760e-03 8.83030037e-04 2.40345502e-03 -2.35395019e-03 6.27905846e-04 2.47322377e-03 9.15331912e-01 3.56284547e+00 7.17248809e-03 2.63065768e-01
7.04991174e-04 -1.85854507e-03 -1.55795731e-03 2.57017642e-03 9.07131308e-04 2.95395445e-03 -2.85236640e-03 1.46372704e-03 3.08186329e-03 6.89333196e-01 3.72581405e+00 -4.50572042e-02 2.53698229e-01
1.83980953e-03 -2.74753765e-03 -1.67692337e-03 3.33191993e-03 1.09254956e-03 3.93333147e-03 -3.14324483e-03 -3.38358183e-04 3.21214771e-03 8.95234318e-01 3.72920413e+00 3.57714409e-02 2.77596396e-01
1.15843873e-03 -3.20555385e-04 -7.84299733e-04 2.40071492e-03 1.74633688e-03 2.62815856e-03 -2.71690653e-03 1.96232897e-03 2.85199320e-03 8.03484684e-01 4.16470659e+00 -2.95736006e-02 2.34890409e-01
8.95499022e-04 -1.85036889e-03 -1.45786441e-03 2.42110867e-03 1.21224285e-03 2.58495145e-03 -2.60850115e-03 1.11568702e-03 2.74892763e-03 8.93619283e-01 3.58869202e+00 -2.42626308e-02 2.50081571e-01
1.31358059e-03 -2.72608908e-03 -1.62798362e-03 3.04869271e-03 7.00730217e-04 3.59641424e-03 -3.36370710e-03 1.05405726e-03 3.60076358e-03 7.37490200e-01 4.21238669e+00 1.34291803e-02 2.67092606e-01
9.25701460e-04 -3.80370213e-04 -6.81237499e-04 2.04896790e-03 1.46388314e-03 2.61429217e-03 -2.24140985e-03 1.69050227e-03 2.43666584e-03 9.12481975e-01 3.74640370e+00 -1.79394217e-02 2.45601172e-01
1.71678762e-03 -2.71612931e-03 -1.72492179e-03 3.22986870e-03 1.18802001e-03 3.39846261e-03 -3.11983882e-03 -1.80867031e-04 3.17562462e-03 6.70745396e-01 3.74092570e+00 -1.81102216e-02 2.69703697e-01
1.47490111e-03 -2.34045633e-03 -1.29175981e-03 2.54652424e-03 7.31471479e-04 2.92417715e-03 -2.58705142e-03 -3.75490462e-05 2.67103961e-03 6.57282101e-01 3.36834921e+00 -4.20842822e-02 2.72253674e-01
7.75912281e-04 -9.41238508e-04 -1.30130095e-03 2.55480204e-03 1.45020440e-03 2.69143339e-03 -2.87164220e-03 1.92316005e-03 3.02378760e-03 1.01869765e+00 4.17752111e+00 2.39811884e-02 2.42305530e-01
8.14663513e-04 -2.01833091e-03 -1.70108667e-03 2.94040623e-03 1.03913861e-03 3.33546642e-03 -3.25248084e-03 1.71978732e-03 3.50000967e-03 9.23402697e-01 4.14250621e+00 1.33791535e-02 2.55282126e-01
1.12357388e-03 -2.17868245e-03 -1.42711758e-03 2.52686699e-03 1.05295603e-03 2.81300498e-03 -2.65629704e-03 7.57478957e-04 2.80619330e-03 7.54541069e-01 3.65394797e+00 -1.84170673e-02 2.61385436e-01
6.70982892e-04 -1.60997777e-03 -1.61420793e-03 2.67628722e-03 1.16430914e-03 3.00283861e-03 -2.99313566e-03 1.76654695e-03 3.22051840e-03 7.90151760e-01 3.98740893e+00 -2.63243111e-02 2.49718156e-01
1.46423900e-03 -2.61052134e-03 -1.52398081e-03 2.86114590e-03 9.56112018e-04 3.14607632e-03 -2.99959641e-03 4.70498173e-04 3.13703249e-03 9.03588490e-01 3.85036713e+00 2.88524867e-02 2.66513506e-01
4.83067867e-04 -1.23550372e-03 -1.23768408e-03 1.99623801e-03 7.83279312e-04 1.91385254e-03 -2.27055407e-03 1.24311457e-03 2.37516288e-03 6.56479750e-01 3.46254355e+00 -6.34348276e-02 2.42227138e-01
1.17673538e-03 -1.96808061e-03 -1.07084384e-03 2.17837072e-03 7.85922222e-04 2.80132069e-03 -2.25208016e-03 4.55461273e-04 2.39905043e-03 9.25128067e-01 3.36783933e+00 2.73142075e-03 2.72210075e-01
9.00537649e-04 -6.75293926e-04 -9.66794204e-04 2.22562167e-03 1.59284672e-03 2.64464525e-03 -2.43623351e-03 1.71180183e-03 2.60555124e-03 1.02015494e+00 3.85081060e+00 3.27320651e-03 2.44052712e-01
1.22832865e-03 -1.95792300e-03 -1.10728917e-03 2.11992268e-03 4.69957742e-04 2.18044444e-03 -2.18326502e-03 -1.96133927e-04 2.21748147e-03 5.96103904e-01 3.10070250e+00 -5.62491193e-02 2.70521078e-01
8.84393001e-04 -1.59526551e-03 -1.27711848e-03 2.10083503e-03 1.23853324e-03 2.06900342e-03 -2.28696002e-03 9.26024959e-04 2.35423649e-03 6.78598337e-01 3.46240597e+00 -7.06770459e-02 2.45172454e-01
1.17695916e-03 -2.35522459e-03 -1.25512275e-03 2.47976779e-03 2.94978955e-04 3.22986857e-03 -2.84339844e-03 8.66642680e-04 3.07517955e-03 1.03578821e+00 3.75326826e+00 5.69307196e-02 2.71205288e-01
7.68373794e-04 -9.95092416e-04 -1.25759192e-03 2.29142313e-03 1.24133671e-03 2.01675146e-03 -2.70385912e-03 1.63227708e-03 2.75256927e-03 9.46724718e-01 3.95302589e+00 -2.34780290e-02 2.31183552e-01
1.43645187e-03 -2.04431659e-03 -9.50711217e-04 2.10780403e-03 4.92016821e-04 2.78963369e-03 -2.18548812e-03 -1.15766662e-04 2.26667358e-03 5.98487481e-01 3.17000485e+00 -3.59520058e-02 2.79532276e-01
9.85759118e-04 -1.86303898e-03 -1.14782821e-03 2.17099089e-03 7.56530475e-04 2.43496993e-03 -2.30078804e-03 6.51037438e-04 2.42964438e-03 6.50436975e-01 3.31788885e+00 -5.15730620e-02 2.61150518e-01
7.26333522e-04 -1.75455790e-03 -1.53178660e-03 2.55074590e-03 1.09579775e-03 2.83626584e-03 -2.77928928e-03 1.44046997e-03 2.97584839e-03 9.79140840e-01 3.92722532e+00 1.30937116e-02 2.55448199e-01
1.32747135e-03 -2.34428586e-03 -1.26516735e-03 2.59281573e-03 7.56473899e-04 3.36993771e-03 -2.77395461e-03 7.39513397e-04 2.97836224e-03 9.40376038e-01 3.74681103e+00 3.11034581e-02 2.71528283e-01
9.26752246e-04 -1.79664269e-03 -1.51871702e-03 2.60965983e-03 1.26606546e-03 2.53213089e-03 -2.89565408e-03 1.37541053e-03 2.99792825e-03 7.37301961e-01 3.90466689e+00 -3.87087712e-02 2.43948992e-01
9.66506667e-04 -2.37036650e-03 -1.77448164e-03 3.06002273e-03 1.00340365e-03 3.73110570e-03 -3.33876875e-03 1.55252201e-03 3.62761685e-03 7.77922367e-01 4.07889433e+00 -2.15323510e-03 2.61223061e-01
9.61661210e-04 -1.97594478e-03 -1.41188740e-03 2.39716406e-03 1.02298938e-03 2.45059897e-03 -2.58913266e-03 9.03866087e-04 2.71201061e-03 8.65770026e-01 3.70641796e+00 -9.96165113e-03 2.55523837e-01
1.29474547e-03 -2.51890651e-03 -1.67927550e-03 2.92754682e-03 1.20694514e-03 3.00560305e-03 -3.11398920e-03 8.57015247e-04 3.25072011e-03 7.63853942e-01 3.91530581e+00 -1.19480168e-02 2.56619931e-01
6.60326214e-04 -1.77683898e-03 -1.49109866e-03 2.47612751e-03 8.42682240e-04 3.02332490e-03 -2.74821981e-03 1.46364552e-03 3.00270074e-03 8.87844658e-01 3.83146085e+00 2.36697223e-04 2.60232709e-01
1.37027285e-03 -2.41136086e-03 -1.71254490e-03 2.98176956e-03 1.68660185e-03 3.07689618e-03 -3.07131286e-03 9.14417508e-04 3.17845842e-03 7.96952317e-01 3.94731453e+00 -1.47185001e-02 2.53522642e-01
6.19552388e-04 -1.86148444e-03 -1.43871754e-03 2.44791865e-03 4.11040223e-04 3.11760444e-03 -2.82351074e-03 1.47583467e-03 3.10936307e-03 8.70412786e-01 3.81856616e+00 8.95399193e-03 2.63885211e-01
1.32111839e-03 -2.37480616e-03 -1.47815960e-03 2.72587144e-03 1.06550863e-03 2.76079963e-03 -2.89891056e-03 6.71868867e-04 3.00417092e-03 7.21763741e-01 3.84755303e+00 -2.61710052e-02 2.58622916e-01
6.42894625e-04 -1.81574968e-03 -1.65262660e-03 2.67883814e-03 1.01900155e-03 3.29577241e-03 -2.95024070e-03 1.66502438e-03 3.23378058e-03 9.68292155e-01 3.90345624e+00 2.23254890e-02 2.58169196e-01
9.03063109e-04 -1.70879161e-03 -9.41978209e-04 1.82959392e-03 4.50205716e-04 2.62609136e-03 -2.01835171e-03 6.30704966e-04 2.20510721e-03 6.05190685e-01 3.19143758e+00 -5.19542139e-02 2.74143777e-01
1.03957683e-03 -1.91417847e-03 -1.53487519e-03 2.57221228e-03 1.26101895e-03 2.22729077e-03 -2.91339307e-03 1.18982743e-03 2.95248877e-03 1.01495120e+00 3.91318371e+00 4.84916335e-03 2.39938643e-01
5.24375506e-04 -1.61866053e-03 -1.43776660e-03 2.30892170e-03 7.34647111e-04 2.96409096e-03 -2.58015142e-03 1.46326808e-03 2.85593075e-03 9.50395446e-01 3.64458850e+00 -1.28285616e-03 2.61327625e-01
1.03134850e-03 -1.88918991e-03 -1.26213568e-03 2.23756666e-03 9.85374698e-04 2.18920717e-03 -2.36121039e-03 5.92643906e-04 2.43431259e-03 6.41691995e-01 3.47728347e+00 -4.88221858e-02 2.55279703e-01
3.99469688e-04 -1.29321148e-03 -1.39273474e-03 2.31260083e-03 7.38210341e-04 2.54702820e-03 -2.61149446e-03 1.62936573e-03 2.82229617e-03 7.44273987e-01 3.80984086e+00 -2.33734401e-02 2.51736736e-01
1.61735146e-03 -2.91453834e-03 -1.84551765e-03 3.32227321e-03 1.45985337e-03 3.78789693e-03 -3.36517840e-03 6.19842810e-04 3.53629566e-03 9.45403044e-01 3.99238444e+00 2.10987677e-02 2.64981379e-01
1.37037956e-03 -2.34857339e-03 -1.46075162e-03 2.75358518e-03 1.27382628e-03 3.08434915e-03 -2.78680746e-03 5.88272120e-04 2.91676404e-03 8.89530863e-01 3.83055337e+00 4.48494453e-03 2.65112419e-01
4.61823101e-04 -1.61930434e-03 -1.61910017e-03 2.56543900e-03 7.66645658e-04 2.87424911e-03 -2.91681362e-03 1.72343739e-03 3.16704342e-03 7.49743669e-01 3.82671991e+00 -2.14782910e-02 2.51135260e-01
1.53099235e-03 -2.83858338e-03 -1.96922597e-03 3.27910910e-03 1.58033402e-03 3.05664034e-03 -3.48545045e-03 8.00228940e-04 3.56894534e-03 9.15857122e-01 4.17673580e+00 1.27690693e-02 2.52200938e-01
5.42621465e-04 -1.57707166e-03 -1.34962031e-03 2.27491594e-03 6.11435915e-04 3.11405341e-03 -2.57735688e-03 1.50851820e-03 2.87718922e-03 7.71380443e-01 3.67370796e+00 -1.34746720e-02 2.64714480e-01
9.20739483e-04 -1.72508584e-03 -1.23176118e-03 2.00412361e-03 1.00265974e-03 1.84426357e-03 -2.14676372e-03 5.30754290e-04 2.19243878e-03 6.66770685e-01 3.21066379e+00 -6.58468315e-02 2.47749778e-01
6.29930208e-04 -1.73781625e-03 -1.33107568e-03 2.28914561e-03 4.92811794e-04 3.23053022e-03 -2.61444751e-03 1.41684094e-03 2.91990320e-03 9.58643564e-01 3.75628091e+00 2.09003300e-02 2.69139036e-01
9.67818551e-04 -1.54216544e-03 -8.33440369e-04 1.66822907e-03 5.42700447e-04 1.93836867e-03 -1.71516704e-03 1.01227503e-04 1.78219599e-03 5.82061139e-01 2.93249566e+00 -6.22387375e-02 2.71141541e-01
6.43195630e-04 -1.21947442e-03 -1.35195519e-03 2.39815049e-03 1.13783813e-03 2.57497409e-03 -2.70033015e-03 1.67916404e-03 2.87006017e-03 1.01433550e+00 3.77668104e+00 -5.16636199e-03 2.43086126e-01
4.72276886e-04 -1.51876042e-03 -1.52174813e-03 2.48339778e-03 8.04657780e-04 3.38694756e-03 -2.79323002e-03 1.79355575e-03 3.13409628e-03 9.56138435e-01 3.89718367e+00 2.21350560e-02 2.63362525e-01
1.32811145e-03 -2.43472022e-03 -1.62669888e-03 2.74199669e-03 1.20019971e-03 2.53490751e-03 -2.89797860e-03 4.87896545e-04 2.96186946e-03 7.12902762e-01 3.72932134e+00 -3.51049831e-02 2.53684784e-01
1.72411296e-03 -2.75666265e-03 -1.49694504e-03 2.94613179e-03 7.68717776e-04 3.00306049e-03 -3.08321277e-03 -2.65032481e-05 3.14917970e-03 6.60059530e-01 3.69871988e+00 -2.52298270e-02 2.66777409e-01
6.66351275e-04 -8.78495541e-04 -1.09075518e-03 2.10957522e-03 1.29858406e-03 2.51541282e-03 -2.30491580e-03 1.56210494e-03 2.48555996e-03 9.29872361e-01 3.71113710e+00 -1.22626789e-02 2.49180354e-01
1.18862464e-03 -2.11290065e-03 -1.19077349e-03 2.32960360e-03 7.71068550e-04 2.83344684e-03 -2.46079406e-03 5.58074742e-04 2.61592063e-03 9.35783633e-01 3.63142019e+00 2.62210786e-02 2.70438181e-01
7.11916379e-04 -1.74096012e-03 -1.54345480e-03 2.51616124e-03 1.04012466e-03 2.57165176e-03 -2.78981989e-03 1.39863630e-03 2.94506543e-03 7.03935153e-01 3.69455318e+00 -5.22967707e-02 2.45528964e-01
6.10593423e-04 -1.33081642e-03 -1.18335151e-03 1.92486107e-03 8.80034346e-04 1.91235872e-03 -2.16625349e-03 1.07436621e-03 2.26592703e-03 6.56511731e-01 3.48945507e+00 -5.71532363e-02 2.47895404e-01
1.43556481e-03 -2.66433547e-03 -1.51829107e-03 2.92243078e-03 8.77367553e-04 3.58438182e-03 -3.11942479e-03 7.62850734e-04 3.32947527e-03 1.02152672e+00 3.82685946e+00 3.25943720e-02 2.68130665e-01
5.86274207e-04 -1.42136646e-03 -1.20432053e-03 1.99753029e-03 8.29851875e-04 2.23720433e-03 -2.17931061e-03 1.09030936e-03 2.33296960e-03 6.45451758e-01 3.36429974e+00 -6.31790651e-02 2.53662666e-01
9.81834144e-04 -1.85554152e-03 -1.15474527e-03 2.20783674e-03 7.96280984e-04 2.48924754e-03 -2.33559885e-03 7.23279132e-04 2.47187222e-03 9.43024907e-01 3.46081727e+00 2.52200247e-03 2.62624682e-01
1.22367180e-03 -2.25973369e-03 -1.66320854e-03 2.71037456e-03 1.50447748e-03 2.60118098e-03 -2.88723846e-03 8.56377051e-04 2.96361717e-03 7.43012813e-01 3.84820584e+00 -3.52868665e-02 2.49619993e-01
6.55970413e-04 -2.03251655e-03 -1.51518063e-03 2.51108531e-03 3.37963463e-04 3.36878121e-03 -2.91960374e-03 1.46817535e-03 3.23983253e-03 9.38783267e-01 3.83699165e+00 2.96612570e-02 2.67454128e-01
9.01384781e-04 -2.18953006e-03 -1.64305074e-03 2.77667387e-03 9.97151397e-04 3.38136958e-03 -3.01101817e-03 1.36199779e-03 3.27060149e-03 8.06241643e-01 4.04281492e+00 1.51232718e-02 2.63855486e-01
1.15664811e-03 -2.22646989e-03 -1.52149489e-03 2.78338393e-03 1.14137314e-03 2.88095157e-03 -2.98329732e-03 1.06077844e-03 3.12018005e-03 8.59350045e-01 3.81709606e+00 -1.80563039e-02 2.52923868e-01
5.32575121e-04 -1.09014551e-03 -1.26238498e-03 2.30965701e-03 1.04402938e-03 3.22985735e-03 -2.54719307e-03 1.81036495e-03 2.86755138e-03 9.48708490e-01 3.71816273e+00 -4.39656810e-03 2.59075130e-01
1.33669925e-03 -2.29671562e-03 -1.47894833e-03 2.55075533e-03 1.05393885e-03 2.31009250e-03 -2.66374529e-03 1.96656098e-04 2.69763591e-03 6.49951701e-01 3.61716110e+00 -3.59638384e-02 2.57796934e-01
7.81010866e-04 -2.02125437e-03 -1.58202928e-03 2.75500934e-03 8.06837817e-04 3.52853158e-03 -3.06014815e-03 1.60709054e-03 3.36305411e-03 9.33935185e-01 4.02562532e+00 2.59869059e-02 2.63725519e-01
1.15293136e-03 -2.23431495e-03 -1.55863466e-03 2.63192438e-03 1.21251237e-03 2.61593969e-03 -2.80742397e-03 8.10624961e-04 2.91308774e-03 7.51856128e-01 3.73555821e+00 -2.94188290e-02 2.53239682e-01
8.59684953e-04 -1.95200888e-03 -1.30061078e-03 2.32078854e-03 6.40326345e-04 2.82395864e-03 -2.55708669e-03 1.02027028e-03 2.76685661e-03 6.55830304e-01 3.62219507e+00 -2.57477416e-02 2.64482929e-01
9.56738643e-04 -1.95310925e-03 -1.49795676e-03 2.56023155e-03 1.21752490e-03 2.66340203e-03 -2.73725110e-03 1.11609619e-03 2.87098325e-03 9.20828738e-01 3.75684927e+00 -1.60787233e-02 2.52047566e-01
4.41370740e-04 -1.39653899e-03 -1.27697091e-03 2.08478085e-03 5.94010450e-04 2.66775498e-03 -2.36281856e-03 1.39728354e-03 2.61595336e-03 6.56275502e-01 3.59381510e+00 -3.65308681e-02 2.61702264e-01
1.40321225e-03 -2.58378306e-03 -1.72445198e-03 2.96215659e-03 1.35950429e-03 2.94981408e-03 -3.09973965e-03 6.58177888e-04 3.20305658e-03 9.79729474e-01 3.84411820e+00 7.94802383e-03 2.55496590e-01
4.41786783e-04 -1.00135279e-03 -1.26590584e-03 2.21410714e-03 9.62669525e-04 2.73280494e-03 -2.47527951e-03 1.71780952e-03 2.72885582e-03 9.75354456e-01 3.68760341e+00 1.93045956e-04 2.52319829e-01
1.23627272e-03 -2.18012431e-03 -1.38082804e-03 2.43607486e-03 9.31944668e-04 2.47814232e-03 -2.48987417e-03 1.91038669e-04 2.56259208e-03 6.27709895e-01 3.45856466e+00 -4.74626035e-02 2.63888458e-01
5.18273610e-04 -1.50334358e-03 -1.38037190e-03 2.25892810e-03 7.34226677e-04 2.53681599e-03 -2.54832691e-03 1.42552854e-03 2.75429315e-03 7.13640886e-01 3.71849281e+00 -2.90670444e-02 2.54617738e-01
1.52636261e-03 -2.73298105e-03 -1.71117277e-03 3.15297352e-03 1.38003960e-03 3.53618246e-03 -3.26000545e-03 7.81223506e-04 3.42651255e-03 9.63045384e-01 3.98131362e+00 1.96756035e-02 2.62188941e-01
4.30064000e-04 -1.07656923e-03 -1.30897396e-03 2.22562812e-03 8.50306167e-04 2.34233341e-03 -2.54737244e-03 1.65428783e-03 2.72760066e-03 7.51429901e-01 3.74249358e+00 -3.31960780e-02 2.44620413e-01
1.84864118e-03 -3.00236991e-03 -1.74467372e-03 3.41352777e-03 1.41293567e-03 4.04740936e-03 -3.39376908e-03 3.65348801e-04 3.55047441e-03 9.46993424e-01 4.05641926e+00 3.38074951e-02 2.70596330e-01
8.54234794e-04 -1.75005192e-03 -1.33489764e-03 2.35065637e-03 1.03632217e-03 2.43869765e-03 -2.53290665e-03 1.08769472e-03 2.65990178e-03 9.62131808e-01 3.51203810e+00 -1.85312251e-02 2.49160895e-01
7.87437318e-04 -1.50855885e-03 -9.31009709e-04 1.79350463e-03 6.24354013e-04 2.21381048e-03 -1.90878300e-03 6.64917259e-04 2.04895782e-03 5.90539251e-01 3.23611655e+00 -5.32771887e-02 2.66997662e-01
1.50787170e-03 -2.65209333e-03 -1.39826206e-03 2.77721189e-03 5.95533281e-04 3.10733594e-03 -3.01731618e-03 4.15728014e-04 3.15945855e-03 6.78634494e-01 3.81508957e+00 -4.54427245e-03 2.68348019e-01
7.64760252e-04 -1.48469914e-03 -1.41741915e-03 2.38694524e-03 1.30073131e-03 2.61220024e-03 -2.62732027e-03 1.45399056e-03 2.78448316e-03 9.05065422e-01 3.76859635e+00 -2.54404522e-02 2.47739758e-01
5.30526909e-04 -1.32498341e-03 -1.11161500e-03 1.91557675e-03 7.04499422e-04 2.53416518e-03 -2.10052343e-03 1.18183660e-03 2.32028905e-03 6.35209780e-01 3.30401170e+00 -6.58155855e-02 2.61774879e-01
1.06033430e-03 -2.07430154e-03 -1.41689879e-03 2.40828207e-03 9.76742652e-04 2.27629379e-03 -2.58785106e-03 6.53060295e-04 2.66846738e-03 1.00521437e+00 3.63232437e+00 1.84605844e-02 2.54632095e-01
9.90590725e-04 -2.12292890e-03 -1.81521898e-03 2.88200066e-03 1.54038011e-03 3.00213948e-03 -3.12335793e-03 1.41804786e-03 3.28012900e-03 8.05126842e-01 4.17400151e+00 -6.14643762e-03 2.52115586e-01
1.17415792e-03 -2.27974422e-03 -1.28727342e-03 2.56704714e-03 5.54132562e-04 3.04395195e-03 -2.83867917e-03 8.76382688e-04 3.02970845e-03 8.65023247e-01 3.65759245e+00 1.50245111e-03 2.64581475e-01
1.23909881e-03 -2.16061212e-03 -1.64319803e-03 2.78372271e-03 1.68924148e-03 2.79325630e-03 -2.94875983e-03 1.07936567e-03 3.03743850e-03 1.02238658e+00 3.93682121e+00 7.69245116e-03 2.48819862e-01
6.83432474e-04 -1.54871312e-03 -9.35510413e-04 1.78443212e-03 2.23118449e-04 2.33305812e-03 -2.04790023e-03 8.33241788e-04 2.23427406e-03 6.06700582e-01 3.19879481e+00 -5.08696324e-02 2.67839211e-01
6.65601599e-04 -1.24029159e-03 -1.27801946e-03 2.24574020e-03 1.10195386e-03 2.12542614e-03 -2.52124051e-03 1.42937478e-03 2.60430667e-03 9.40903423e-01 3.67403417e+00 -2.35799440e-02 2.38101052e-01
1.42347939e-03 -2.28695174e-03 -1.13892452e-03 2.37713208e-03 6.40687231e-04 3.09264132e-03 -2.51177589e-03 2.73856524e-04 2.65649890e-03 6.09399639e-01 3.52749765e+00 -2.97462352e-02 2.75340077e-01
1.98306331e-03 -3.29750104e-03 -2.13287312e-03 3.84399888e-03 1.64172428e-03 4.14448241e-03 -3.74061027e-03 6.53703874e-05 3.84752738e-03 8.23224542e-01 4.29351730e+00 2.80056311e-02 2.69619222e-01
5.22379488e-04 -6.92210680e-04 -1.06073718e-03 2.14759873e-03 1.01820267e-03 2.59681208e-03 -2.41911091e-03 1.77792386e-03 2.65250453e-03 8.48460254e-01 3.64517622e+00 -2.65305005e-02 2.45830461e-01
1.38068119e-03 -2.39647997e-03 -1.51423085e-03 2.73778984e-03 1.12643855e-03 2.70144710e-03 -2.81976707e-03 3.70686964e-04 2.89511106e-03 7.60474998e-01 3.72580028e+00 -1.38482909e-02 2.60382623e-01
6.37442202e-04 -1.46334063e-03 -1.57905750e-03 2.82487500e-03 1.19356946e-03 3.63686254e-03 -3.11307999e-03 2.08237101e-03 3.44387841e-03 9.21985892e-01 4.10442314e+00 1.11074071e-02 2.56418076e-01
7.48681521e-04 -1.67884778e-03 -1.53760902e-03 2.50413403e-03 1.09597429e-03 2.30101726e-03 -2.82094342e-03 1.38827097e-03 2.91397818e-03 8.37180804e-01 3.81756328e+00 -2.18250224e-02 2.40764837e-01
1.59760549e-03 -2.81147981e-03 -1.50304321e-03 3.01300803e-03 8.86066132e-04 4.03322424e-03 -3.21867480e-03 7.58306738e-04 3.46316212e-03 8.50048603e-01 4.05367210e+00 2.55358527e-02 2.73928426e-01
6.59766624e-04 -1.78049718e-03 -1.48455264e-03 2.55728691e-03 7.75819254e-04 3.19730876e-03 -2.84682356e-03 1.57129344e-03 3.12316147e-03 9.63613510e-01 3.85535186e+00 1.34737694e-02 2.60747487e-01
1.02122369e-03 -1.98763757e-03 -1.38003542e-03 2.33769738e-03 1.06008589e-03 2.37552106e-03 -2.46752792e-03 6.74360984e-04 2.56724968e-03 6.71499281e-01 3.52957030e+00 -4.39633379e-02 2.56089003e-01
1.08953913e-03 -1.98446377e-03 -1.59641056e-03 2.68412946e-03 1.50004069e-03 2.52439169e-03 -2.91174103e-03 1.17582986e-03 2.97847457e-03 8.95528350e-01 3.91033988e+00 -1.45529799e-02 2.44127972e-01
1.26112190e-03 -2.47089435e-03 -1.35083975e-03 2.68543520e-03 4.74680767e-04 3.66569116e-03 -3.03565725e-03 1.02816685e-03 3.30497578e-03 7.63090553e-01 3.90019270e+00 9.41846669e-03 2.71866746e-01
1.52160699e-03 -2.63029567e-03 -1.68362569e-03 2.96607257e-03 1.30548106e-03 2.95067636e-03 -3.04353475e-03 3.49406165e-04 3.12411747e-03 8.08264609e-01 3.82833702e+00 1.71782214e-03 2.60204801e-01
4.47303092e-04 -1.34385303e-03 -1.56443838e-03 2.60859235e-03 9.34719807e-04 3.33816578e-03 -2.94857538e-03 2.00935236e-03 3.28277932e-03 8.64770503e-01 4.01203438e+00 -4.94770062e-03 2.56754575e-01
1.08074697e-03 -2.20573827e-03 -1.50630538e-03 2.67999965e-03 9.97950905e-04 2.83133149e-03 -2.91146386e-03 1.04034242e-03 3.06611009e-03 8.90360306e-01 3.82941291e+00 -6.22835755e-03 2.56008964e-01
9.40523959e-04 -2.03126102e-03 -1.50972108e-03 2.68491677e-03 1.10237812e-03 3.21385087e-03 -2.87213624e-03 1.31611199e-03 3.09603625e-03 7.50815196e-01 3.89946156e+00 -8.28363229e-03 2.60662023e-01
5.59874355e-04 -1.19943072e-03 -8.90612708e-04 1.47642574e-03 6.30088737e-04 1.52999605e-03 -1.59578488e-03 5.82949141e-04 1.67449589e-03 6.18176860e-01 2.93864382e+00 -7.25003321e-02 2.55690184e-01
8.77865438e-04 -2.19601351e-03 -1.61651981e-03 2.73748765e-03 8.47574767e-04 3.27817338e-03 -3.00740172e-03 1.33097467e-03 3.26278551e-03 1.03074007e+00 3.82505504e+00 1.72990448e-02 2.60723055e-01
4.65819102e-04 -6.26802991e-04 -9.25881236e-04 1.95222881e-03 8.68138791e-04 2.44878876e-03 -2.18433334e-03 1.62591357e-03 2.40700401e-03 6.84195393e-01 3.54909724e+00 -4.48927964e-02 2.50496877e-01
1.73597251e-03 -2.99591498e-03 -1.99619668e-03 3.48319062e-03 1.59888200e-03 3.71517505e-03 -3.40627003e-03 1.95471334e-04 3.51410900e-03 9.97784066e-01 3.99979777e+00 3.06256676e-02 2.65967124e-01
1.17302723e-03 -2.00733162e-03 -1.67817684e-03 2.86781313e-03 1.67477464e-03 2.70581552e-03 -3.15486381e-03 1.40230357e-03 3.21968055e-03 8.74600894e-01 4.13350701e+00 -5.25682754e-03 2.42442248e-01
1.36295479e-03 -2.42259007e-03 -1.18976248e-03 2.49287310e-03 3.96786240e-04 3.34492575e-03 -2.81394214e-03 6.95899075e-04 3.02821563e-03 8.05475458e-01 3.69761648e+00 5.43074934e-03 2.72983650e-01
8.70294585e-04 -1.99475992e-03 -1.54189590e-03 2.63333031e-03 1.08136710e-03 3.22154099e-03 -2.84579016e-03 1.36140219e-03 3.08910395e-03 1.02491321e+00 3.90573970e+00 3.57801852e-02 2.61728110e-01
9.00316109e-04 -1.95512545e-03 -1.35692830e-03 2.31501430e-03 7.90413166e-04 2.35162635e-03 -2.52934355e-03 8.35289746e-04 2.65448856e-03 6.64835877e-01 3.52767179e+00 -5.31781626e-02 2.54850195e-01
1.51593354e-03 -2.51707670e-03 -1.43763163e-03 2.83063991e-03 1.05211100e-03 3.26377682e-03 -2.87669766e-03 3.67312375e-04 3.00679183e-03 7.64367512e-01 3.88863579e+00 5.68732905e-03 2.70493676e-01
5.79415899e-04 -1.59175806e-03 -1.69159178e-03 2.76779285e-03 1.08573567e-03 2.96366940e-03 -3.10963102e-03 1.86895306e-03 3.32936727e-03 9.08369025e-01 3.94175737e+00 -7.27123430e-03 2.45108390e-01
1.55975585e-03 -2.68310677e-03 -1.65556063e-03 3.01672941e-03 1.22621772e-03 2.95671022e-03 -3.15365403e-03 4.53076203e-04 3.23689746e-03 1.00417060e+00 3.88234987e+00 3.37079133e-02 2.58514096e-01
4.48547258e-04 -1.31783839e-03 -1.39083586e-03 2.26710934e-03 8.69519139e-04 2.89918468e-03 -2.53423864e-03 1.62941800e-03 2.81028722e-03 6.90377147e-01 3.73251510e+00 -4.24199509e-02 2.58313969e-01
1.08147725e-03 -2.10814504e-03 -1.48551431e-03 2.65892911e-03 1.06171689e-03 2.56191521e-03 -2.91347506e-03 1.06445968e-03 3.01672964e-03 7.15435495e-01 3.87419576e+00 -2.43606219e-02 2.50197185e-01
8.56726937e-04 -2.00523887e-03 -1.45678938e-03 2.49000730e-03 9.18928805e-04 3.23394921e-03 -2.67970579e-03 1.19501240e-03 2.93449391e-03 9.11837497e-01 3.72202151e+00 1.03801022e-03 2.65991055e-01
1.12163226e-03 -2.23061189e-04 -4.80472304e-04 1.90747916e-03 1.66546787e-03 2.61968462e-03 -2.07164086e-03 1.59519556e-03 2.28165717e-03 9.39005800e-01 3.65086521e+00 -2.58573013e-02 2.45566033e-01
1.04202956e-03 -1.62492918e-03 -1.08283652e-03 2.01481886e-03 7.04536494e-04 2.02481125e-03 -1.91789291e-03 -2.05867301e-04 1.93152192e-03 5.91703468e-01 2.93823915e+00 -5.72881026e-02 2.69088309e-01
9.03054632e-04 -1.94030870e-03 -1.53910038e-03 2.57117500e-03 1.18403577e-03 2.66030826e-03 -2.77787202e-03 1.18589042e-03 2.91846169e-03 9.24228751e-01 3.70967592e+00 -1.18162791e-02 2.49649472e-01
1.12924988e-03 -2.37726089e-03 -1.49723410e-03 2.76462024e-03 7.75146300e-04 3.36639960e-03 -3.00752019e-03 1.05583042e-03 3.23742749e-03 7.07177216e-01 3.99169976e+00 -4.82320384e-03 2.67085888e-01
7.96135626e-04 -1.51560220e-03 -1.32668752e-03 2.24311394e-03 1.27243877e-03 2.33261453e-03 -2.41811213e-03 1.18817341e-03 2.52739080e-03 9.32923609e-01 3.70740864e+00 -8.46476294e-03 2.49839803e-01
1.35853560e-03 -2.44582556e-03 -1.28711289e-03 2.66694599e-03 5.78911577e-04 3.18881169e-03 -2.93027896e-03 7.36675675e-04 3.11240269e-03 6.63497222e-01 3.70008077e+00 -2.82751481e-02 2.66476295e-01
6.07962388e-04 -1.60648944e-03 -1.27005315e-03 2.19838460e-03 6.25267507e-04 2.44581913e-03 -2.43848582e-03 1.19668459e-03 2.61987370e-03 9.28014640e-01 3.48910980e+00 -1.32832383e-02 2.55378355e-01
8.80229446e-04 -1.68926196e-03 -1.17674794e-03 2.08897047e-03 1.01298244e-03 2.38477641e-03 -2.16284504e-03 7.50882995e-04 2.29123672e-03 6.28332312e-01 3.40024247e+00 -5.27261323e-02 2.60874441e-01
6.46820687e-04 -1.59874475e-03 -1.61804421e-03 2.61950624e-03 1.17544201e-03 2.91563306e-03 -2.92525298e-03 1.71305167e-03 3.14561418e-03 8.54263679e-01 3.94433676e+00 -1.36934803e-02 2.49549254e-01
1.56375099e-03 -2.73012562e-03 -1.54079350e-03 2.97124802e-03 9.37206000e-04 3.27312010e-03 -3.13160435e-03 4.72489873e-04 3.27270928e-03 8.28421602e-01 3.92749816e+00 1.49064307e-02 2.66701509e-01
1.09006365e-03 -2.30358586e-03 -1.41936563e-03 2.61063651e-03 6.78425872e-04 3.26452102e-03 -2.86256607e-03 9.84938884e-04 3.09362995e-03 6.51039104e-01 3.85950529e+00 -1.74121297e-02 2.68219030e-01
8.77934942e-04 -1.72391196e-03 -1.35388956e-03 2.34996925e-03 1.15571282e-03 2.38784128e-03 -2.52873869e-03 1.09109904e-03 2.63788276e-03 9.19982377e-01 3.58302428e+00 -2.21596816e-02 2.48073190e-01
1.85130054e-03 -2.76685123e-03 -1.39382085e-03 2.93623302e-03 5.34334130e-04 3.10058608e-03 -3.07266613e-03 -2.80169132e-04 3.12025844e-03 7.56225924e-01 3.58719739e+00 3.58151990e-03 2.71685018e-01
1.04215107e-03 -1.01634629e-03 -1.25402289e-03 2.50702742e-03 1.77401272e-03 2.76601435e-03 -2.82719079e-03 1.80565192e-03 2.97071054e-03 8.96082831e-01 4.21046737e+00 -1.21058583e-02 2.43533107e-01
1.47170445e-03 -2.44002166e-03 -1.50672505e-03 2.79308911e-03 1.09496016e-03 3.22171627e-03 -2.73116999e-03 6.80852277e-05 2.83326020e-03 7.03031125e-01 3.62120541e+00 -2.24772744e-02 2.72131715e-01
6.49270406e-04 -9.19101499e-04 -1.36565723e-03 2.67657028e-03 1.24706350e-03 2.94629965e-03 -3.04400282e-03 2.14816705e-03 3.27408206e-03 9.75766958e-01 4.13438632e+00 1.50183571e-02 2.42139537e-01
6.59810821e-04 -1.75812782e-03 -1.58520113e-03 2.56992044e-03 1.07274905e-03 3.16763464e-03 -2.80624724e-03 1.56038968e-03 3.07106099e-03 9.89749949e-01 3.72607404e+00 -6.35792472e-03 2.56319841e-01
8.69036561e-04 -1.61817882e-03 -9.97034392e-04 1.79724598e-03 6.15304277e-04 1.78327592e-03 -1.92974890e-03 3.85234931e-04 1.99846271e-03 5.97785605e-01 3.19642562e+00 -5.33126088e-02 2.60669098e-01
1.42497962e-03 -2.36788369e-03 -1.19320430e-03 2.48531674e-03 6.70966262e-04 3.22843551e-03 -2.65976791e-03 4.60338357e-04 2.83063108e-03 6.18494011e-01 3.60322984e+00 -3.30930925e-02 2.73121425e-01
5.91106793e-04 -1.33439672e-03 -1.29816809e-03 2.04637592e-03 9.45000604e-04 1.90631462e-03 -2.33904248e-03 1.21419849e-03 2.42714255e-03 9.29490764e-01 3.54961892e+00 -2.28479738e-02 2.41250873e-01
8.98070875e-04 -2.00643005e-03 -1.32143720e-03 2.36296285e-03 6.71325332e-04 2.97001062e-03 -2.59524989e-03 1.02746442e-03 2.81869821e-03 6.99427664e-01 3.60977407e+00 -2.35504828e-02 2.65694250e-01
1.04903782e-03 -2.22723453e-03 -1.72414044e-03 2.83127914e-03 1.28809671e-03 2.80657762e-03 -3.09777164e-03 1.23251201e-03 3.23313201e-03 9.47405071e-01 4.03185866e+00 5.38669936e-03 2.50712286e-01
1.61261714e-03 -2.52996515e-03 -1.39095167e-03 2.76077338e-03 8.46042239e-04 3.31017655e-03 -2.77778323e-03 -3.19772521e-05 2.87998716e-03 6.71374443e-01 3.55592421e+00 -2.55371528e-02 2.74678740e-01
8.01340925e-04 -8.97381443e-04 -1.19341687e-03 2.41938934e-03 1.33046344e-03 2.47917307e-03 -2.76935970e-03 1.81403985e-03 2.89583288e-03 9.69000821e-01 4.04150495e+00 3.63352115e-03 2.38883551e-01
7.99916044e-04 -1.82547792e-03 -1.45558578e-03 2.44127387e-03 1.02248886e-03 2.69538211e-03 -2.66740499e-03 1.24255981e-03 2.84527184e-03 9.60611151e-01 3.66008903e+00 -3.93988245e-03 2.53263507e-01
1.02141729e-03 -2.11220159e-03 -1.36556506e-03 2.44394212e-03 8.12092710e-04 2.76444391e-03 -2.63353393e-03 8.42147427e-04 2.80173005e-03 6.45317805e-01 3.71678832e+00 -3.29779088e-02 2.63387141e-01
1.74411962e-03 -2.75873324e-03 -1.69097983e-03 3.17567470e-03 8.29096200e-04 3.22854882e-03 -3.14627024e-03 -3.95702338e-04 3.18016700e-03 9.33143766e-01 3.68875237e+00 4.26676620e-02 2.71858900e-01
1.20850969e-03 -5.04322460e-04 -8.67114753e-04 2.41765508e-03 1.92661805e-03 3.00175287e-03 -2.67871984e-03 1.93971746e-03 2.88722816e-03 7.73091032e-01 4.12351877e+00 -3.64399066e-02 2.43057163e-01
4.35517767e-04 -9.28212338e-04 -1.10523498e-03 2.03326453e-03 8.22594832e-04 2.63726785e-03 -2.27567105e-03 1.59431551e-03 2.52546361e-03 6.56651113e-01 3.61168418e+00 -4.60638794e-02 2.56528418e-01
1.48233443e-03 -2.67182484e-03 -1.76923471e-03 3.02109346e-03 1.28655008e-03 3.00966248e-03 -3.07479896e-03 2.97444570e-04 3.16151002e-03 9.94260638e-01 3.76412249e+00 1.79905765e-02 2.60572513e-01
9.51567101e-04 -1.72872308e-03 -9.58356671e-04 1.89542666e-03 5.64269784e-04 2.54700372e-03 -2.02864155e-03 5.56667094e-04 2.19023555e-03 6.07055626e-01 3.26890294e+00 -4.27796943e-02 2.72908109e-01
1.00164209e-03 -1.95166857e-03 -1.61404533e-03 2.81585957e-03 1.30846599e-03 2.64723028e-03 -3.11514472e-03 1.43811157e-03 3.21209989e-03 1.00924999e+00 3.96802282e+00 1.36189498e-03 2.41719670e-01
1.04756802e-03 -1.65903059e-03 -9.58159202e-04 1.85928794e-03 6.28983278e-04 2.17864833e-03 -1.84392387e-03 -1.70987071e-05 1.90654770e-03 5.83256378e-01 3.00537955e+00 -5.46912968e-02 2.73911494e-01
7.28673765e-04 -8.23694752e-04 -1.13740560e-03 2.41858161e-03 1.29142800e-03 2.62344275e-03 -2.69976280e-03 1.86291789e-03 2.85963792e-03 9.98907014e-01 3.86220616e+00 -9.34439115e-03 2.39143255e-01
7.22495226e-04 -1.75824051e-03 -1.38779736e-03 2.31594976e-03 9.01481784e-04 2.70147065e-03 -2.51973145e-03 1.19209603e-03 2.71937226e-03 8.18028579e-01 3.71523222e+00 -8.46679867e-03 2.60172694e-01
1.32586243e-03 -2.79776606e-03 -1.91284225e-03 3.34733462e-03 1.20099881e-03 3.55897300e-03 -3.60361830e-03 1.20377721e-03 3.80071625e-03 8.64476921e-01 4.15991635e+00 8.32925934e-03 2.56702296e-01
1.11156512e-03 -6.48958071e-04 -9.36814350e-04 2.36645362e-03 1.80414105e-03 2.98704700e-03 -2.61759623e-03 1.85928950e-03 2.83083239e-03 7.21291644e-01 4.01270547e+00 -4.59747139e-02 2.45205304e-01
1.57154317e-03 -2.52972390e-03 -1.51614742e-03 2.83003256e-03 7.01205737e-04 2.79425410e-03 -2.86132017e-03 -3.05190665e-04 2.89346444e-03 9.57188135e-01 3.54798101e+00 3.60275745e-02 2.70173004e-01
8.49613693e-04 -6.94243130e-04 -9.05289887e-04 2.02916535e-03 1.41301341e-03 2.27401472e-03 -2.25756353e-03 1.50644899e-03 2.37368745e-03 6.69284674e-01 3.76405613e+00 -6.19268655e-02 2.42629671e-01
1.65037215e-03 -2.58913901e-03 -1.40657334e-03 2.78022607e-03 6.15648650e-04 2.99334013e-03 -2.86741076e-03 -2.11213678e-04 2.92938677e-03 1.01312125e+00 3.49221660e+00 3.90458831e-02 2.72298433e-01
7.38444965e-04 -1.83120713e-03 -1.39531029e-03 2.36543933e-03 8.14716151e-04 2.98837431e-03 -2.59154970e-03 1.25550366e-03 2.83669016e-03 9.94630229e-01 3.65561520e+00 1.53404648e-02 2.63207746e-01
8.67440189e-04 -1.68485252e-03 -1.15682251e-03 2.01431022e-03 8.38923633e-04 2.00360656e-03 -2.18771185e-03 7.01952282e-04 2.27304020e-03 6.37322420e-01 3.35207133e+00 -6.19340259e-02 2.53209212e-01
1.61716338e-03 -2.66014973e-03 -1.57136667e-03 2.95714848e-03 9.87973416e-04 3.28816354e-03 -2.96392656e-03 5.55775355e-06 3.05966504e-03 8.62473668e-01 3.82231364e+00 2.27167009e-02 2.72443409e-01
7.00490524e-04 -1.06895404e-03 -1.38070941e-03 2.59857396e-03 1.29132681e-03 2.90844337e-03 -2.94409062e-03 1.98218872e-03 3.15890115e-03 8.15523917e-01 3.97563794e+00 -2.29962367e-02 2.42276222e-01
4.85895227e-04 -1.02762553e-03 -1.32852626e-03 2.35986627e-03 1.04830164e-03 2.98884502e-03 -2.64021029e-03 1.86353455e-03 2.92420309e-03 9.37431561e-01 3.77689270e+00 -1.15987676e-02 2.52279671e-01
1.41442414e-03 -2.33012849e-03 -1.44756703e-03 2.66253162e-03 1.09475982e-03 2.67668648e-03 -2.68520680e-03 1.56188253e-04 2.74444092e-03 6.52815841e-01 3.63747434e+00 -2.67608987e-02 2.64084136e-01
1.38967362e-03 -2.52783983e-03 -1.79611220e-03 3.17976242e-03 1.47856288e-03 2.93934610e-03 -3.45775868e-03 1.16839557e-03 3.53741639e-03 7.75873039e-01 4.29499790e+00 -2.87241545e-03 2.49020135e-01
7.45563280e-04 -1.83490340e-03 -1.31801069e-03 2.25183199e-03 6.81079887e-04 3.04513839e-03 -2.47867961e-03 1.14917479e-03 2.73700839e-03 8.66783246e-01 3.51655564e+00 -9.67952810e-03 2.67195564e-01
1.23326287e-03 -2.43327345e-03 -1.42742791e-03 2.70560671e-03 7.57223263e-04 3.52234078e-03 -2.93395081e-03 9.25805230e-04 3.17594770e-03 1.02368715e+00 3.93571859e+00 5.01755734e-02 2.71435395e-01
7.25575927e-04 -1.45979037e-03 -1.14982079e-03 1.92694415e-03 8.85618097e-04 1.86406561e-03 -2.14006903e-03 9.00230347e-04 2.21776070e-03 6.75068685e-01 3.26384332e+00 -7.02345791e-02 2.44354521e-01
8.77709432e-04 -1.37205160e-03 -1.43422438e-03 2.40596620e-03 1.48644594e-03 2.23472938e-03 -2.73444080e-03 1.47337285e-03 2.78392019e-03 8.18878090e-01 3.94937634e+00 -3.07930964e-02 2.37365941e-01
2.10531691e-03 -3.11461871e-03 -1.27565483e-03 2.98989054e-03 3.21182755e-04 3.80417923e-03 -3.34277946e-03 5.22451772e-05 3.48489035e-03 8.76338436e-01 3.88958859e+00 3.80929258e-02 2.76618146e-01
1.40034445e-03 -2.57424096e-03 -1.67934766e-03 2.94249473e-03 1.29315081e-03 3.00109132e-03 -3.07804341e-03 6.62924657e-04 3.19470814e-03 9.93754823e-01 3.98960816e+00 2.95071167e-02 2.60045017e-01
4.28680058e-04 -1.38633319e-03 -1.30735283e-03 2.09366060e-03 6.55838968e-04 2.56329105e-03 -2.35912338e-03 1.38512866e-03 2.59488228e-03 6.76693851e-01 3.46049103e+00 -5.02420936e-02 2.56701182e-01
7.10664004e-04 -9.12832552e-04 -1.16413480e-03 2.36130544e-03 1.37273446e-03 3.03740552e-03 -2.56976157e-03 1.83258846e-03 2.82494947e-03 8.67992913e-01 3.80861717e+00 -1.35473317e-02 2.51041798e-01
1.80359686e-03 -3.05943206e-03 -1.85310447e-03 3.35981796e-03 1.06771989e-03 3.25658390e-03 -3.46066094e-03 1.22645150e-05 3.52752583e-03 8.10173172e-01 4.04686712e+00 1.38485987e-02 2.65388946e-01
5.81962315e-04 -1.59155682e-03 -1.26823073e-03 2.07346443e-03 6.27384934e-04 2.29989674e-03 -2.31062715e-03 1.08080610e-03 2.48323525e-03 6.72154754e-01 3.38979397e+00 -4.70200187e-02 2.55538599e-01
1.14389863e-03 -2.38730250e-03 -1.68465781e-03 2.88899339e-03 1.23624948e-03 3.23342331e-03 -3.05576168e-03 1.07163811e-03 3.24570096e-03 9.76355300e-01 4.01720026e+00 1.97152687e-02 2.61074219e-01
6.43399028e-04 -1.30042390e-03 -1.25424814e-03 2.23182835e-03 9.89674940e-04 2.22229050e-03 -2.49113628e-03 1.40182494e-03 2.60433419e-03 6.69829683e-01 3.71054531e+00 -5.52693220e-02 2.44174244e-01
1.34996129e-03 -2.36645611e-03 -1.33273872e-03 2.58863329e-03 8.96619616e-04 3.23754774e-03 -2.69267052e-03 5.24657891e-04 2.86575015e-03 9.94085433e-01 3.61305343e+00 2.93425793e-02 2.71002531e-01
7.19006925e-04 -1.48824210e-03 -1.30328618e-03 2.05695479e-03 1.07852205e-03 1.98211093e-03 -2.29322622e-03 1.05277997e-03 2.37510835e-03 6.66875291e-01 3.49838901e+00 -6.46547414e-02 2.44162518e-01
1.15991020e-03 -2.06188571e-03 -1.05407854e-03 2.21526755e-03 4.61444771e-04 2.86116774e-03 -2.43669643e-03 6.24073035e-04 2.61327877e-03 9.52300804e-01 3.46109787e+00 1.84083080e-02 2.71388132e-01
1.27012051e-03 -2.31713339e-03 -1.52918053e-03 2.67549924e-03 1.27872668e-03 2.94363273e-03 -2.71248820e-03 5.51381223e-04 2.83904606e-03 8.88373969e-01 3.63616313e+00 -1.39570811e-02 2.62092340e-01
4.90589140e-04 -1.57067059e-03 -1.57547325e-03 2.63175502e-03 7.30956232e-04 3.06425900e-03 -3.00841956e-03 1.84895633e-03 3.28221586e-03 7.24215046e-01 4.02832836e+00 -9.47402796e-03 2.54744694e-01
3.92715973e-04 -1.14809428e-03 -9.09323405e-04 1.51949079e-03 3.41866783e-04 1.92255941e-03 -1.73164506e-03 9.05340272e-04 1.90353537e-03 6.18578214e-01 2.95502532e+00 -6.96623222e-02 2.61457771e-01
1.18387303e-03 -2.13929350e-03 -1.50928206e-03 2.64686860e-03 1.39305834e-03 2.69692386e-03 -2.74807225e-03 8.35500090e-04 2.84697813e-03 1.00574711e+00 3.79762241e+00 9.26862600e-03 2.55013851e-01
1.27294259e-03 -2.35737934e-03 -1.56131674e-03 2.83904471e-03 1.29197567e-03 3.11107359e-03 -2.94205591e-03 8.64062894e-04 3.09114487e-03 8.11386343e-01 3.83013852e+00 -1.64667898e-02 2.59181634e-01
6.25794577e-04 -1.97550663e-03 -1.72983883e-03 2.77345292e-03 8.06353344e-04 3.18612255e-03 -3.11286289e-03 1.65398678e-03 3.38019174e-03 8.78798564e-01 4.05405681e+00 1.84732129e-02 2.57737389e-01
1.00174766e-03 -2.44052653e-03 -1.82497376e-03 3.03437974e-03 9.68324249e-04 3.09755799e-03 -3.37254200e-03 1.36671786e-03 3.56535901e-03 8.17800374e-01 4.17937892e+00 4.58528847e-03 2.54696677e-01
9.41118395e-04 -2.04129412e-03 -1.46575866e-03 2.53035226e-03 1.06450798e-03 3.06330101e-03 -2.68543720e-03 1.10150931e-03 2.89811849e-03 8.58865717e-01 3.69833080e+00 -6.47881376e-03 2.61993139e-01
9.10053782e-04 -2.02602284e-03 -1.40954311e-03 2.54682072e-03 8.48599579e-04 3.53027345e-03 -2.76995383e-03 1.30947953e-03 3.06042397e-03 7.00266389e-01 3.82117113e+00 -2.08748853e-02 2.68909909e-01
1.15176170e-03 -2.17692998e-03 -1.53996280e-03 2.64289345e-03 1.15626445e-03 2.39932049e-03 -2.91552168e-03 9.39739598e-04 2.98361241e-03 9.48002112e-01 3.83622475e+00 3.97337365e-03 2.47041349e-01
8.21167372e-04 -5.50294668e-04 -9.24157395e-04 2.36940166e-03 1.45275801e-03 3.26148656e-03 -2.57328091e-03 2.01834291e-03 2.87381656e-03 9.87797060e-01 3.89415278e+00 6.37582926e-03 2.51833191e-01
1.30403742e-03 -2.13675674e-03 -1.42316209e-03 2.53481601e-03 1.08547701e-03 2.50234422e-03 -2.47633199e-03 -1.84703373e-05 2.51360492e-03 6.37314079e-01 3.42270408e+00 -4.31225238e-02 2.64465383e-01
9.25090751e-04 -1.93209106e-03 -1.68411087e-03 2.82452161e-03 1.41100040e-03 3.07025246e-03 -3.08830577e-03 1.57068368e-03 3.27262722e-03 9.13313150e-01 4.13090355e+00 6.06193867e-04 2.52004907e-01
1.20811766e-03 -2.30175547e-03 -1.33796258e-03 2.57167371e-03 7.00241361e-04 2.93105406e-03 -2.77487176e-03 7.06773784e-04 2.93816690e-03 7.46916368e-01 3.64146954e+00 -1.00153474e-02 2.64516882e-01
8.32028908e-04 -1.90596016e-03 -1.49892694e-03 2.53741948e-03 9.42965986e-04 2.61867088e-03 -2.82270446e-03 1.27550668e-03 2.97979000e-03 9.38525742e-01 3.92047112e+00 1.12315655e-02 2.53532504e-01
1.09897492e-03 -2.16886931e-03 -1.42145065e-03 2.61192772e-03 1.04612374e-03 3.16076159e-03 -2.73740405e-03 9.55307374e-04 2.93534166e-03 7.05010700e-01 3.65688136e+00 -3.22398874e-02 2.63164003e-01
7.47836541e-04 -8.84888977e-04 -1.32402274e-03 2.86253401e-03 1.37466073e-03 3.42891962e-03 -3.19152343e-03 2.34182496e-03 3.47498096e-03 8.87687158e-01 4.31754558e+00 1.19503404e-02 2.47780138e-01
1.48482616e-03 -2.44602929e-03 -1.55021081e-03 2.84046016e-03 1.24076222e-03 3.13551123e-03 -2.76849204e-03 1.08955829e-04 2.85828653e-03 8.00442203e-01 3.59330414e+00 -1.10568451e-02 2.68084996e-01
1.62486556e-03 -2.73365048e-03 -1.42441981e-03 2.84228136e-03 6.05377685e-04 3.08633845e-03 -3.05416626e-03 1.96577538e-04 3.16765626e-03 9.21799909e-01 3.81221048e+00 3.41985899e-02 2.69450858e-01
7.70901961e-04 -1.41427311e-03 -1.46706892e-03 2.49481872e-03 1.38954791e-03 2.77576898e-03 -2.77188012e-03 1.63930415e-03 2.94957934e-03 7.62415498e-01 3.88683421e+00 -3.64052468e-02 2.46545972e-01
1.34309613e-03 -2.25203139e-03 -1.40933970e-03 2.59858686e-03 1.16629929e-03 2.67521239e-03 -2.63453418e-03 3.49018038e-04 2.71212541e-03 9.57654312e-01 3.61174679e+00 4.13843543e-03 2.62023664e-01
3.63802242e-04 -8.57917246e-04 -9.47037520e-04 1.69776548e-03 6.60918920e-04 2.13900686e-03 -1.89416356e-03 1.27217778e-03 2.08710012e-03 6.38951077e-01 3.20044594e+00 -6.48959756e-02 2.54320793e-01
9.21847992e-04 -5.58429299e-04 -8.85864236e-04 2.27308903e-03 1.54612652e-03 2.58016646e-03 -2.49693733e-03 1.78607355e-03 2.64040013e-03 7.05156094e-01 3.84957152e+00 -4.86615128e-02 2.38639433e-01
1.51508479e-03 -2.32966496e-03 -1.32819255e-03 2.60876844e-03 7.32316820e-04 2.91935471e-03 -2.59567705e-03 -2.25822176e-04 2.65298800e-03 9.11797299e-01 3.45960952e+00 1.64105482e-02 2.74807172e-01
1.09603643e-03 -2.21225912e-03 -1.37282382e-03 2.57134589e-03 7.62094606e-04 3.01784741e-03 -2.79955683e-03 9.46095210e-04 2.99120352e-03 7.97529328e-01 3.74693363e+00 -9.15230422e-03 2.63659498e-01
9.49380195e-04 -2.22680223e-03 -1.84749272e-03 2.98174862e-03 1.33416627e-03 3.16703033e-03 -3.24607291e-03 1.47819547e-03 3.43811060e-03 8.89484610e-01 4.12632300e+00 9.79081353e-03 2.52945732e-01
5.80441490e-04 -1.72283820e-03 -1.35772448e-03 2.23340411e-03 5.33810227e-04 2.96342496e-03 -2.52386772e-03 1.31215888e-03 2.79727322e-03 8.47599805e-01 3.68393075e+00 8.48342308e-03 2.66875735e-01
1.53375342e-03 -2.72534999e-03 -1.87861645e-03 3.33191261e-03 1.65844876e-03 3.23130345e-03 -3.50388634e-03 9.92866319e-04 3.60073724e-03 8.27588157e-01 4.12786705e+00 -1.06907163e-02 2.50172150e-01
2.03045813e-03 1.31480900e-04 -1.38584380e-05 2.32771881e-03 2.55076669e-03 3.15825917e-03 -2.48158867e-03 1.89856220e-03 2.65082763e-03 8.18876430e-01 4.15595192e+00 -1.35343371e-02 2.37745775e-01
1.56422566e-03 -2.40265502e-03 -1.69297537e-03 3.23070453e-03 1.13358558e-03 3.52557372e-03 -2.91607986e-03 -3.99238323e-04 2.94945010e-03 8.41997028e-01 3.61038881e+00 7.45902439e-03 2.75317983e-01
1.08472451e-03 -2.08036597e-03 -1.48920797e-03 2.46844802e-03 1.21927597e-03 2.40368675e-03 -2.63504461e-03 7.71121819e-04 2.72206206e-03 6.79457146e-01 3.67178593e+00 -5.24357394e-02 2.52014930e-01
7.01475314e-04 -1.85559779e-03 -1.42052946e-03 2.49217700e-03 6.31614386e-04 3.26892616e-03 -2.79133130e-03 1.46656216e-03 3.07950452e-03 1.01104065e+00 3.78991386e+00 3.79789202e-02 2.64800563e-01
1.33024220e-03 -2.35249416e-03 -1.36143621e-03 2.60097718e-03 9.57165845e-04 3.23661926e-03 -2.68244781e-03 5.26399725e-04 2.85393468e-03 9.99232090e-01 3.77643226e+00 3.72546329e-02 2.72477766e-01
3.97281799e-04 -1.10885771e-03 -1.07664773e-03 1.72192862e-03 6.18242244e-04 1.70071080e-03 -1.95421110e-03 1.05863638e-03 2.06026418e-03 6.66529623e-01 3.10583897e+00 -7.70690071e-02 2.42401859e-01
1.65576690e-03 -2.80619613e-03 -1.56914882e-03 3.06066536e-03 1.04800437e-03 3.54942539e-03 -3.17356560e-03 4.31796583e-04 3.32935181e-03 8.17976714e-01 3.97930810e+00 1.56497535e-02 2.69633942e-01
5.61398342e-04 -1.49195613e-03 -1.58946238e-03 2.55128680e-03 1.05076994e-03 2.69548168e-03 -2.88807097e-03 1.71700612e-03 3.08549259e-03 8.62098992e-01 3.89600004e+00 -1.46743878e-02 2.45969159e-01
7.74096020e-04 -1.74572107e-03 -1.46218744e-03 2.50042539e-03 1.07430834e-03 2.82373898e-03 -2.73080084e-03 1.39215159e-03 2.92300614e-03 7.62842444e-01 3.74619208e+00 -2.62579135e-02 2.53102808e-01
1.30707048e-03 -2.51702664e-03 -1.56939765e-03 2.91876025e-03 1.01177658e-03 3.24789664e-03 -3.09902396e-03 8.70523928e-04 3.27374011e-03 9.12331129e-01 3.99767008e+00 2.05610317e-02 2.63601516e-01
1.74079328e-03 2.23727289e-04 2.58817313e-05 2.01696356e-03 2.18475669e-03 2.53556930e-03 -2.15500745e-03 1.65324572e-03 2.25563806e-03 9.17001452e-01 3.90634127e+00 -2.77275020e-02 2.32224362e-01
1.65798951e-03 -2.31211335e-03 -1.55147896e-03 3.21858203e-03 1.19135967e-03 3.80597142e-03 -2.83007876e-03 -4.20678510e-04 2.86419511e-03 6.42661905e-01 3.56704407e+00 -1.27941435e-02 2.78780117e-01
1.73737789e-03 -2.94649390e-03 -1.50913074e-03 3.17632833e-03 7.47686297e-04 3.59671469e-03 -3.43726329e-03 6.05045758e-04 3.60187280e-03 8.48036329e-01 3.96738163e+00 1.81540706e-02 2.66072668e-01
7.32641756e-04 -1.55487501e-03 -1.50502651e-03 2.43276213e-03 1.31546713e-03 2.60401464e-03 -2.66733349e-03 1.44167170e-03 2.81996338e-03 8.35491581e-01 3.91072113e+00 -1.68251191e-02 2.50386519e-01
7.23695773e-04 -1.70839660e-03 -1.28932755e-03 2.27668189e-03 7.47450471e-04 2.68202218e-03 -2.50329980e-03 1.19857725e-03 2.70260147e-03 6.74008477e-01 3.48759482e+00 -4.94736501e-02 2.56915650e-01
1.07195220e-03 -2.12635686e-03 -1.47323576e-03 2.54465993e-03 1.13464398e-03 2.70983631e-03 -2.69412360e-03 8.68683250e-04 2.83215375e-03 9.60053985e-01 3.83650298e+00 1.69187784e-02 2.59932719e-01
9.73996749e-04 -2.13343664e-03 -1.38498324e-03 2.54437380e-03 7.07562646e-04 3.35886790e-03 -2.78642129e-03 1.14879908e-03 3.04630420e-03 7.27674409e-01 3.82670018e+00 -1.23686745e-02 2.68802731e-01
1.06036978e-03 -2.26320342e-03 -1.74979792e-03 2.82489293e-03 1.27224762e-03 2.68291269e-03 -3.10210765e-03 1.15766687e-03 3.21554361e-03 9.44434963e-01 3.93616749e+00 6.00091901e-03 2.47428379e-01
5.97910126e-04 -8.08201757e-04 -1.12136177e-03 2.17613389e-03 1.21123394e-03 2.74015518e-03 -2.40677251e-03 1.72503731e-03 2.64489265e-03 7.75565139e-01 3.70028631e+00 -3.57671387e-02 2.49815149e-01
1.91762800e-03 -3.29563672e-03 -2.04289944e-03 3.65346173e-03 1.18614429e-03 3.61128404e-03 -3.72823568e-03 -5.37428160e-07 3.80849798e-03 9.36009424e-01 4.17101114e+00 4.41317467e-02 2.66390582e-01
6.38232893e-04 -2.09926752e-03 -1.70357345e-03 2.79953337e-03 4.56714077e-04 3.96251412e-03 -3.25338522e-03 1.83221603e-03 3.65029630e-03 8.23810800e-01 4.11137562e+00 2.67531851e-02 2.68510322e-01
1.33824782e-03 -2.25295396e-03 -1.57551086e-03 2.71036776e-03 1.52173450e-03 2.52617227e-03 -2.85025124e-03 7.04145616e-04 2.89326678e-03 8.47103705e-01 3.77994851e+00 -2.58718497e-02 2.48600372e-01
1.42237953e-03 -2.19600101e-03 -1.04748800e-03 2.24254224e-03 4.92442305e-04 2.79231885e-03 -2.38272259e-03 7.18774905e-05 2.48881766e-03 9.30655466e-01 3.32178261e+00 8.77003634e-03 2.75468122e-01
4.77928969e-04 -8.85678318e-04 -1.02322817e-03 1.66676433e-03 8.63912027e-04 1.58411823e-03 -1.92813065e-03 1.12097562e-03 1.99540031e-03 6.61125179e-01 3.29403020e+00 -7.34249701e-02 2.37935764e-01
1.65081376e-03 -2.49245852e-03 -1.24850222e-03 2.60138435e-03 5.07127164e-04 2.88997434e-03 -2.72632443e-03 -2.06079659e-04 2.78805892e-03 9.50917144e-01 3.43674934e+00 1.36297795e-02 2.73606576e-01
5.99453204e-04 -6.34982760e-04 -7.85039700e-04 1.52789048e-03 1.00637192e-03 1.62915776e-03 -1.74304567e-03 1.10092177e-03 1.82192335e-03 6.57589915e-01 3.25265248e+00 -7.23948869e-02 2.40546948e-01
1.01055070e-03 -2.09345273e-03 -1.32978370e-03 2.40994174e-03 7.92665069e-04 3.07408154e-03 -2.58305480e-03 8.90836147e-04 2.79583248e-03 7.39466583e-01 3.74074956e+00 -1.54164589e-03 2.69669659e-01
1.01467566e-03 -2.36921459e-03 -1.88000854e-03 3.04319164e-03 1.19375619e-03 2.94498308e-03 -3.38398813e-03 1.40949663e-03 3.53760646e-03 9.23569185e-01 4.04056891e+00 -4.79778012e-03 2.46419436e-01
1.84596020e-03 -2.84500515e-03 -1.56980382e-03 3.14732219e-03 8.72786828e-04 3.42092618e-03 -3.18457214e-03 -1.60150884e-04 3.25580437e-03 7.23995976e-01 3.74129673e+00 -6.34862796e-03 2.71425259e-01
8.20515791e-04 -7.65810051e-04 -1.10021970e-03 2.34304065e-03 1.49798312e-03 2.64872759e-03 -2.59770092e-03 1.79876894e-03 2.76344270e-03 9.16310830e-01 3.98401807e+00 -8.26779378e-03 2.43596499e-01
7.16414661e-04 -1.93940036e-03 -1.61901246e-03 2.64300361e-03 8.45011017e-04 2.69225243e-03 -2.95977226e-03 1.40803885e-03 3.13706395e-03 7.53764656e-01 3.90657979e+00 -2.68662625e-02 2.51168640e-01
1.22676971e-03 -2.34369996e-03 -1.53591384e-03 2.85380415e-03 1.24401284e-03 3.49284273e-03 -2.95344492e-03 1.03200797e-03 3.16682020e-03 9.40884933e-01 3.90168535e+00 2.65752514e-02 2.65151726e-01
4.81060432e-04 -6.70351123e-04 -1.07799422e-03 2.20421313e-03 9.57020230e-04 2.74297345e-03 -2.48854413e-03 1.87810640e-03 2.75448385e-03 9.65064745e-01 3.75216267e+00 -5.92996865e-03 2.49174205e-01
1.01675338e-03 -1.69067400e-03 -1.12403481e-03 1.99483789e-03 9.53586121e-04 2.16028276e-03 -1.92795877e-03 8.64980339e-05 1.98423946e-03 6.15518216e-01 3.04873590e+00 -6.08353631e-02 2.66421239e-01
1.34474592e-03 -2.19020226e-03 -1.16225380e-03 2.30370731e-03 5.46797872e-04 2.44191323e-03 -2.43050678e-03 2.72135471e-05 2.50099404e-03 9.45434536e-01 3.28537783e+00 1.12070088e-02 2.68563974e-01
7.32617538e-04 -1.06134175e-03 -1.21443021e-03 2.21849931e-03 1.32206899e-03 2.51591852e-03 -2.47790185e-03 1.56733294e-03 2.63917984e-03 6.65145537e-01 3.82722380e+00 -5.54667432e-02 2.47096101e-01
1.32107989e-03 -2.34798860e-03 -1.71241863e-03 2.87299329e-03 1.55048832e-03 2.65289287e-03 -3.11304140e-03 9.75935282e-04 3.17135778e-03 9.26051983e-01 4.02624680e+00 7.60245206e-03 2.47295177e-01
7.88060977e-04 -2.09151950e-03 -1.45523312e-03 2.48902809e-03 4.44682949e-04 3.43904639e-03 -2.85241189e-03 1.33962677e-03 3.16338861e-03 7.54768454e-01 3.78412488e+00 -1.03200826e-02 2.69124439e-01
7.76455090e-04 -1.61384905e-03 -1.34622141e-03 2.35264235e-03 9.78998683e-04 2.26010296e-03 -2.62267776e-03 1.26052387e-03 2.72397327e-03 7.12621892e-01 3.87102946e+00 -2.40917636e-02 2.48467669e-01
1.42024794e-03 -2.61393063e-03 -1.55220356e-03 2.95474357e-03 1.11187294e-03 3.78764065e-03 -3.09307885e-03 8.76259717e-04 3.32530783e-03 9.44718274e-01 3.80815082e+00 9.63660527e-03 2.67984833e-01
4.78322580e-04 -1.14663663e-03 -1.09326200e-03 1.78589797e-03 8.31093587e-04 2.09940297e-03 -1.96610172e-03 1.12698824e-03 2.12800060e-03 6.37501426e-01 3.29970642e+00 -6.50338470e-02 2.54358097e-01
1.18704252e-03 -2.05968896e-03 -1.17008303e-03 2.29929004e-03 7.48002958e-04 2.43033574e-03 -2.44200465e-03 4.61754442e-04 2.54195507e-03 9.41994236e-01 3.41694069e+00 -2.05091480e-03 2.61857099e-01
1.21159861e-03 -2.74767770e-04 -6.02834831e-04 2.26888290e-03 1.75656698e-03 2.67483758e-03 -2.50010543e-03 1.84386714e-03 2.64469953e-03 9.55802537e-01 4.00112981e+00 -8.95280869e-03 2.38222244e-01
1.49401526e-03 -2.29616692e-03 -1.42781007e-03 2.74753616e-03 9.27350360e-04 3.12446015e-03 -2.61669047e-03 -2.52230203e-04 2.67142813e-03 6.40757324e-01 3.41700077e+00 -2.90462446e-02 2.75007113e-01
7.01555057e-04 -1.18681504e-03 -1.39672068e-03 2.61149216e-03 1.32791379e-03 2.87592128e-03 -2.88736612e-03 1.88682983e-03 3.07932337e-03 9.83555709e-01 4.10625251e+00 2.31142419e-02 2.47219856e-01
1.51751174e-03 -2.54170721e-03 -1.43648108e-03 2.75850651e-03 8.93206384e-04 3.09485556e-03 -2.84044525e-03 2.00850698e-04 2.95299976e-03 7.01738081e-01 3.59955036e+00 -3.08996473e-02 2.68439502e-01
1.25291455e-03 -2.02159114e-03 -1.59859800e-03 2.75986209e-03 1.53588695e-03 2.26006370e-03 -3.11758418e-03 1.20828366e-03 3.09857877e-03 8.48818764e-01 4.07283427e+00 -9.34566198e-03 2.35908359e-01
1.33979717e-03 -2.40421001e-03 -1.19771626e-03 2.43914864e-03 4.16044588e-04 3.74898983e-03 -2.78446509e-03 8.17003247e-04 3.05319482e-03 8.24156756e-01 3.72386218e+00 7.60199174e-03 2.77705256e-01
8.21869926e-04 -1.88881894e-03 -1.19487034e-03 2.21957606e-03 3.91564847e-04 2.90735716e-03 -2.52013679e-03 1.06484140e-03 2.75554971e-03 9.75906230e-01 3.55982820e+00 2.09293650e-02 2.67913906e-01
8.42106520e-04 -1.48305220e-03 -1.11585923e-03 1.93062018e-03 1.10685653e-03 1.92667045e-03 -2.04225057e-03 7.51047054e-04 2.10318301e-03 6.55459833e-01 3.27746128e+00 -7.06360040e-02 2.48605539e-01
7.57203591e-04 -1.79855322e-03 -1.26575033e-03 2.26273804e-03 6.33425533e-04 3.14713533e-03 -2.50193421e-03 1.21559736e-03 2.77215462e-03 9.24069334e-01 3.67053651e+00 1.27591849e-02 2.69795534e-01
1.06197660e-03 -2.03549650e-03 -1.47964147e-03 2.49127944e-03 1.15924453e-03 2.28424756e-03 -2.69613471e-03 8.36859438e-04 2.76052658e-03 6.92801945e-01 3.63084101e+00 -4.68359121e-02 2.46447594e-01
1.56815692e-03 -2.64952196e-03 -1.57454945e-03 2.99350678e-03 1.12127366e-03 2.96434850e-03 -3.12408032e-03 4.31490544e-04 3.20903942e-03 1.05362834e+00 3.99342288e+00 5.27425848e-02 2.62041627e-01
4.37114741e-04 -1.09140485e-03 -1.09038098e-03 1.80917916e-03 7.83025030e-04 2.27423059e-03 -2.00567279e-03 1.23758307e-03 2.20567347e-03 6.62429839e-01 3.22297715e+00 -7.14986998e-02 2.54671472e-01
9.03557659e-04 -1.74992457e-03 -1.35096297e-03 2.25105332e-03 1.17706591e-03 2.28048589e-03 -2.43613982e-03 9.65085414e-04 2.53504566e-03 9.04472334e-01 3.57992431e+00 -1.73672563e-02 2.50049497e-01
1.11125621e-03 -2.55102394e-03 -1.63061645e-03 2.94992038e-03 6.20038556e-04 3.67956914e-03 -3.29494583e-03 1.26442761e-03 3.57454450e-03 7.01267041e-01 4.05403402e+00 -7.74832350e-03 2.66509188e-01
1.48833892e-03 -2.44533098e-03 -1.24638180e-03 2.64425490e-03 7.52774254e-04 3.27968061e-03 -2.79433114e-03 4.76809086e-04 2.95572009e-03 8.25331883e-01 3.64944057e+00 1.11283189e-02 2.71103171e-01
9.05003286e-04 -1.69899303e-03 -1.64895051e-03 2.88951795e-03 1.48544758e-03 2.88488424e-03 -3.19406431e-03 1.76509858e-03 3.32531562e-03 8.57176618e-01 4.23112444e+00 -1.05107786e-02 2.44290381e-01
1.18734566e-03 -2.16133718e-03 -1.47321606e-03 2.67567546e-03 1.29375452e-03 2.82344924e-03 -2.79313603e-03 8.98657011e-04 2.91515792e-03 9.61922778e-01 3.84912641e+00 5.10170470e-03 2.57373704e-01
5.20471408e-04 -1.41278259e-03 -1.12754702e-03 1.91347680e-03 5.59975454e-04 2.31108979e-03 -2.12177224e-03 1.07808278e-03 2.31073774e-03 6.43812701e-01 3.26501517e+00 -5.32234131e-02 2.59230995e-01
1.39348307e-03 -2.29748082e-03 -1.22119393e-03 2.43456428e-03 6.51239716e-04 2.62883250e-03 -2.57744608e-03 1.78664435e-04 2.66784192e-03 8.63483462e-01 3.36151904e+00 -7.82269433e-03 2.66223853e-01
9.40927892e-04 -1.59711049e-03 -1.69731893e-03 3.04627598e-03 1.70394715e-03 3.40174065e-03 -3.35364970e-03 2.05474769e-03 3.56706217e-03 7.86349000e-01 4.49018258e+00 -2.52018310e-03 2.50153705e-01
1.08577785e-03 -2.00038288e-03 -1.37855499e-03 2.46270302e-03 1.18819161e-03 2.56160647e-03 -2.57359055e-03 8.04412214e-04 2.68032088e-03 6.72065515e-01 3.65907871e+00 -4.53260351e-02 2.55973517e-01
6.40931525e-04 -1.87668073e-03 -1.52012233e-03 2.50028766e-03 6.83343945e-04 3.05075067e-03 -2.80386327e-03 1.44370078e-03 3.07070479e-03 9.83917071e-01 3.77615670e+00 2.10160595e-02 2.60796078e-01
1.07438323e-03 -2.35242985e-03 -2.02666049e-03 3.20771871e-03 1.63903621e-03 3.26190393e-03 -3.51179512e-03 1.60699313e-03 3.67971890e-03 8.74891048e-01 4.34657013e+00 5.13428052e-03 2.49433320e-01
1.08239092e-03 -2.11761518e-03 -1.19451761e-03 2.32712364e-03 5.07818953e-04 2.83335777e-03 -2.57766322e-03 7.64881505e-04 2.76133178e-03 8.07509475e-01 3.54024666e+00 -5.26138445e-03 2.66960563e-01
1.95427045e-03 2.21629267e-04 -3.59389810e-05 2.44362635e-03 2.55579555e-03 3.36864665e-03 -2.56243181e-03 2.06852179e-03 2.77404074e-03 9.47009122e-01 4.20635513e+00 -5.56427608e-03 2.39209018e-01
1.41927136e-03 -2.18724748e-03 -1.57031517e-03 2.97459531e-03 1.20131279e-03 3.27865936e-03 -2.65111463e-03 -2.85222347e-04 2.69034528e-03 6.87640576e-01 3.47823078e+00 -1.30165344e-02 2.74354294e-01
1.32407674e-03 -2.45786697e-03 -1.58875890e-03 2.79170464e-03 1.15487583e-03 2.90787510e-03 -2.90247761e-03 5.61923503e-04 3.02033515e-03 8.25032532e-01 3.79383526e+00 -8.62804249e-03 2.61146497e-01
5.76973466e-04 -1.72706209e-03 -1.71401170e-03 2.80453887e-03 9.68556300e-04 3.36736828e-03 -3.15542989e-03 1.92017247e-03 3.45745911e-03 8.57341519e-01 4.08548580e+00 8.45004685e-03 2.55554053e-01
1.62880674e-03 -2.86739276e-03 -1.47970079e-03 3.01183040e-03 7.73679957e-04 4.36030909e-03 -3.29760680e-03 8.95766190e-04 3.58896061e-03 8.05729533e-01 4.06045725e+00 2.13554636e-02 2.76018258e-01
9.49973805e-04 -1.73646623e-03 -1.43752313e-03 2.40757182e-03 1.17002276e-03 2.04694775e-03 -2.75576640e-03 1.17839999e-03 2.78360393e-03 8.63751051e-01 3.82690125e+00 -2.15790193e-02 2.38063129e-01
4.46569764e-04 -1.35557582e-03 -1.18959366e-03 1.94317761e-03 5.33265091e-04 2.77736107e-03 -2.21574626e-03 1.32792673e-03 2.49497542e-03 6.26303915e-01 3.48882507e+00 -4.58975488e-02 2.67292634e-01
1.33907506e-03 -2.43716963e-03 -1.68366689e-03 2.82874660e-03 1.31953574e-03 2.53646527e-03 -3.00163772e-03 6.03677170e-04 3.05147173e-03 1.00774454e+00 3.76941438e+00 9.47604718e-03 2.49450947e-01
4.20500298e-04 -1.73297082e-03 -1.57605896e-03 2.49710499e-03 4.33776906e-04 3.17461809e-03 -2.89374858e-03 1.69814120e-03 3.21428872e-03 9.43182077e-01 3.83666749e+00 1.43001880e-02 2.61611232e-01
1.16453813e-03 -2.18363669e-03 -1.56199226e-03 2.57637893e-03 1.36455385e-03 2.59997643e-03 -2.66914032e-03 6.63811311e-04 2.76145240e-03 7.01649376e-01 3.68866939e+00 -3.60716220e-02 2.55587558e-01
3.57142553e-04 -1.32548828e-03 -1.42190774e-03 2.27675288e-03 6.70020078e-04 2.91910418e-03 -2.59427306e-03 1.68875354e-03 2.88965266e-03 7.74511459e-01 3.66844663e+00 -2.49345840e-02 2.57832191e-01
1.66827273e-03 -2.93417930e-03 -1.95396149e-03 3.42978232e-03 1.62875395e-03 3.40308279e-03 -3.50532055e-03 5.97703000e-04 3.60241104e-03 9.24567866e-01 4.21175638e+00 2.79289692e-02 2.59122559e-01
1.02533168e-03 -2.22391116e-03 -1.71559513e-03 2.87729590e-03 1.31470009e-03 3.20938237e-03 -3.09545737e-03 1.34258818e-03 3.29610726e-03 7.24837565e-01 3.97382404e+00 -3.18227983e-02 2.55068371e-01
8.95060762e-04 -1.95804758e-03 -1.29192168e-03 2.30739054e-03 6.72268543e-04 2.59251835e-03 -2.53329574e-03 9.14636842e-04 2.70341913e-03 9.21252422e-01 3.61683130e+00 1.35502647e-02 2.61810070e-01
1.45228903e-03 -2.37427249e-03 -1.17926989e-03 2.44806212e-03 5.23159060e-04 2.82167290e-03 -2.63324026e-03 2.00677292e-04 2.74659001e-03 9.84032698e-01 3.45849038e+00 2.16569919e-02 2.70666616e-01
5.77287462e-04 -9.11553664e-04 -9.44117837e-04 1.70749145e-03 1.00846216e-03 1.80456864e-03 -1.88012702e-03 1.10721390e-03 1.96671100e-03 6.51945934e-01 3.30817945e+00 -7.33272072e-02 2.44598850e-01
8.56308278e-04 -1.40433816e-05 -2.99766651e-04 1.53754478e-03 1.21985589e-03 2.01389067e-03 -1.67751075e-03 1.34732801e-03 1.83499194e-03 6.57451695e-01 3.27448695e+00 -7.44744370e-02 2.40401048e-01
1.59090010e-03 -2.50699120e-03 -1.78757538e-03 3.33135920e-03 1.53015378e-03 3.75719484e-03 -2.97909061e-03 -1.52700631e-04 3.05005385e-03 1.03438573e+00 3.74342068e+00 4.32443083e-02 2.73639035e-01
3.76057899e-04 -1.72466715e-03 -1.66415436e-03 2.73108225e-03 3.12250824e-04 3.75846698e-03 -3.22190392e-03 2.07879618e-03 3.62949302e-03 8.94694435e-01 4.10312921e+00 3.44077870e-02 2.64750619e-01
1.33109259e-03 -2.40792972e-03 -1.75810131e-03 2.81924242e-03 1.64781520e-03 2.76848209e-03 -2.88125651e-03 5.82457582e-04 2.95376093e-03 8.04156559e-01 3.76728068e+00 -2.83226210e-02 2.53297173e-01
8.81130504e-04 -1.91813984e-03 -1.46666853e-03 2.43159671e-03 1.05520366e-03 2.48440643e-03 -2.63342676e-03 1.03222349e-03 2.76373132e-03 9.80702349e-01 3.64860427e+00 -2.69404042e-03 2.52071798e-01
6.49624791e-04 -1.49046975e-03 -1.03357602e-03 1.82831243e-03 5.58317587e-04 2.25129015e-03 -1.99571914e-03 8.36887782e-04 2.16206974e-03 6.11687399e-01 3.22616901e+00 -5.78541128e-02 2.64179264e-01
1.64754902e-03 -2.78896006e-03 -1.72362630e-03 3.10061545e-03 8.80234817e-04 3.01433379e-03 -3.15772743e-03 -1.59891828e-04 3.20811171e-03 9.44346447e-01 3.70380206e+00 2.24802297e-02 2.66565794e-01
8.39328251e-04 -6.72273138e-04 -9.93209904e-04 2.26298468e-03 1.53451028e-03 2.89523973e-03 -2.46691810e-03 1.80433780e-03 2.69660265e-03 7.21553393e-01 3.90743324e+00 -3.55505846e-02 2.49650661e-01
5.13239271e-04 -1.27700405e-03 -1.55835358e-03 2.61231884e-03 1.09623404e-03 2.98774444e-03 -2.95337072e-03 1.95455460e-03 3.20984271e-03 8.73585096e-01 4.01215907e+00 -1.33826661e-03 2.48809311e-01
1.60090757e-03 -2.68188427e-03 -1.59788672e-03 3.03180606e-03 1.14901131e-03 3.29542664e-03 -3.06766772e-03 2.80362110e-04 3.17677302e-03 8.09633861e-01 3.85284153e+00 1.34766965e-03 2.67131340e-01
5.62413231e-04 -1.87574499e-03 -1.68766780e-03 2.70206546e-03 7.57211625e-04 3.29960768e-03 -3.04371243e-03 1.71503379e-03 3.34559385e-03 9.95640356e-01 3.99460907e+00 2.69929249e-02 2.59924773e-01
1.02434613e-03 -1.96844562e-03 -1.33633955e-03 2.28342941e-03 1.02380896e-03 2.34705313e-03 -2.40211963e-03 6.16795389e-04 2.50220285e-03 6.72701928e-01 3.45908703e+00 -4.83412583e-02 2.56929573e-01
1.33087153e-03 -2.59610915e-03 -1.89006095e-03 3.07880428e-03 1.47174259e-03 2.85392579e-03 -3.31252575e-03 9.26425305e-04 3.39867255e-03 8.28155322e-01 4.13876509e+00 -5.57119607e-03 2.51115635e-01
6.17481961e-04 -1.85680236e-03 -1.48487852e-03 2.43781928e-03 5.86958599e-04 3.28658066e-03 -2.76075453e-03 1.47595304e-03 3.07142272e-03 8.55307678e-01 3.73199513e+00 5.23529728e-03 2.65657668e-01
1.02835757e-03 -2.44928798e-03 -1.58385540e-03 2.89246916e-03 4.71375382e-04 4.09314594e-03 -3.31552035e-03 1.51250958e-03 3.67108838e-03 8.72561505e-01 4.12766383e+00 3.49989347e-02 2.71219695e-01
1.20645082e-03 -2.08471043e-03 -1.52091805e-03 2.56455788e-03 1.44307313e-03 2.36896931e-03 -2.77058561e-03 8.65486774e-04 2.81616222e-03 8.21824564e-01 3.75467797e+00 -2.84058846e-02 2.45345638e-01
5.77895066e-04 -1.24648715e-03 -1.32073087e-03 2.30070442e-03 1.13305871e-03 2.88876545e-03 -2.50402220e-03 1.61516323e-03 2.74719903e-03 7.54198820e-01 3.61047092e+00 -4.12218485e-02 2.52866253e-01
1.71163579e-03 -2.96788557e-03 -1.74526640e-03 3.21485787e-03 1.02269642e-03 3.12934861e-03 -3.39108930e-03 2.72240515e-04 3.47863345e-03 9.46839538e-01 4.13703174e+00 4.36729903e-02 2.64133208e-01
1.15924187e-03 -2.16248119e-03 -1.39323171e-03 2.49964823e-03 9.31645420e-04 2.38277915e-03 -2.67316837e-03 6.05901230e-04 2.75263089e-03 6.50096353e-01 3.75399277e+00 -3.65806710e-02 2.57367006e-01
6.90417962e-04 -1.73909353e-03 -1.49524511e-03 2.48900559e-03 1.01632846e-03 3.21555650e-03 -2.72025579e-03 1.50946088e-03 2.99646327e-03 9.91604988e-01 3.69202203e+00 9.37997860e-03 2.59706892e-01
9.65304450e-04 -1.96299994e-03 -1.05632672e-03 2.13136884e-03 2.08172257e-04 2.84818297e-03 -2.46221761e-03 8.58224954e-04 2.67604552e-03 7.02504483e-01 3.51008620e+00 -1.04836398e-02 2.70809615e-01
1.40123257e-03 -2.45229322e-03 -1.91274276e-03 3.16317231e-03 1.94069102e-03 3.09896324e-03 -3.40385173e-03 1.27836684e-03 3.49212742e-03 9.59076184e-01 4.20459589e+00 1.34972232e-03 2.45891341e-01
1.29606064e-03 -2.51487077e-03 -1.69310382e-03 2.90384074e-03 1.19252420e-03 2.80926721e-03 -3.12182349e-03 8.16596997e-04 3.23080982e-03 1.02969658e+00 3.89997599e+00 1.94711803e-02 2.53545652e-01
4.34690482e-04 -1.21775626e-03 -1.02465423e-03 1.67962274e-03 5.61853701e-04 2.17000530e-03 -1.86202625e-03 1.01379558e-03 2.05546277e-03 6.22459533e-01 3.16765613e+00 -6.15779321e-02 2.62884713e-01
1.02330250e-03 -2.01757191e-03 -1.25879693e-03 2.37163641e-03 8.13783302e-04 2.93098009e-03 -2.51912285e-03 8.52163780e-04 2.70906392e-03 9.67324508e-01 3.67858481e+00 2.92927880e-02 2.68134619e-01
7.64349047e-04 -1.83952802e-03 -1.49752092e-03 2.41664236e-03 9.60452617e-04 2.43752276e-03 -2.67292024e-03 1.17524966e-03 2.81333682e-03 6.85819155e-01 3.61808383e+00 -5.57549994e-02 2.48179856e-01
8.25202815e-04 -2.04753287e-03 -1.69739962e-03 2.77370389e-03 1.14962040e-03 3.17649384e-03 -3.02036436e-03 1.47880565e-03 3.25295583e-03 7.67582168e-01 4.02964534e+00 -1.90726294e-02 2.57423661e-01
1.10402694e-03 -2.33356713e-03 -1.54049283e-03 2.70943953e-03 8.84787731e-04 2.91964747e-03 -2.93654848e-03 9.28567110e-04 3.10583200e-03 9.18652207e-01 3.78787393e+00 1.72829987e-02 2.59334487e-01
5.89707989e-04 -1.39029695e-03 -1.47744142e-03 2.49975892e-03 1.01849301e-03 2.68830371e-03 -2.83495641e-03 1.72258656e-03 3.03056879e-03 8.68189030e-01 3.85251048e+00 -1.76095834e-02 2.45589045e-01
1.64420006e-03 -2.85700909e-03 -1.67599833e-03 3.14921791e-03 1.14257391e-03 3.62848460e-03 -3.22879663e-03 4.15344362e-04 3.38473279e-03 8.04048800e-01 4.02982004e+00 1.71185908e-02 2.69891345e-01
1.13343094e-03 -2.44711750e-03 -1.63060351e-03 2.85543007e-03 8.71967998e-04 2.93682309e-03 -3.12727153e-03 1.00299387e-03 3.28997249e-03 9.18662059e-01 3.77709761e+00 1.16370849e-02 2.54504738e-01
9.70846260e-04 -2.02448611e-03 -1.53474253e-03 2.68759477e-03 1.25269341e-03 3.21652666e-03 -2.85064975e-03 1.30264260e-03 3.06659105e-03 7.69494735e-01 4.06083340e+00 -1.15441691e-02 2.62467651e-01
6.41348649e-04 -5.72264333e-04 -9.84499866e-04 2.10711620e-03 1.18119519e-03 2.37044910e-03 -2.38536325e-03 1.71766700e-03 2.55930665e-03 6.99427311e-01 3.73986658e+00 -4.74087389e-02 2.40913705e-01
1.63444508e-03 -2.60529113e-03 -1.58938391e-03 3.02782927e-03 1.08177695e-03 3.42474171e-03 -2.93985176e-03 -9.15536254e-05 3.02458709e-03 9.49718315e-01 3.69064019e+00 2.43525547e-02 2.73285079e-01
1.36998645e-03 -2.41551182e-03 -1.44070411e-03 2.68321241e-03 9.70996844e-04 2.77349038e-03 -2.83143043e-03 4.81480209e-04 2.93566162e-03 7.02338415e-01 3.79536385e+00 -1.86450302e-02 2.62661268e-01
6.53073686e-04 -1.67120076e-03 -1.60695658e-03 2.64746321e-03 1.10764280e-03 3.17702487e-03 -2.93646069e-03 1.72935949e-03 3.20212726e-03 9.54774796e-01 3.89629833e+00 5.24037488e-03 2.54043814e-01
9.39191570e-04 -4.96082514e-04 -9.79079106e-04 2.51818418e-03 1.62969926e-03 3.18396670e-03 -2.78353415e-03 2.12441418e-03 3.04916228e-03 8.22917267e-01 4.04258943e+00 -1.84169254e-02 2.44295661e-01
1.63564869e-03 -2.66168798e-03 -1.74513322e-03 3.16873080e-03 1.20283570e-03 3.33212516e-03 -3.05042994e-03 -1.66959364e-04 3.10978942e-03 8.58798214e-01 3.79598195e+00 1.87668029e-02 2.70789830e-01
7.28731841e-04 -1.80796543e-03 -1.81530171e-03 2.94978221e-03 1.30725853e-03 3.29236554e-03 -3.29182873e-03 1.92433053e-03 3.54088489e-03 7.65064445e-01 4.11040869e+00 -2.88615591e-02 2.48346020e-01
1.23022949e-03 -2.18378624e-03 -1.25605913e-03 2.36804534e-03 7.30362615e-04 2.59352604e-03 -2.49279648e-03 3.37850111e-04 2.60292225e-03 8.90516163e-01 3.55661898e+00 1.78250880e-02 2.67879202e-01
7.34533298e-04 -1.89859119e-03 -1.72312218e-03 2.90771825e-03 1.15596886e-03 3.49847697e-03 -3.18014770e-03 1.81216916e-03 3.46493638e-03 9.23421666e-01 4.21573678e+00 2.97800494e-02 2.58860459e-01
1.28575402e-03 -2.37533304e-03 -1.48177661e-03 2.68456246e-03 1.01988042e-03 2.78761650e-03 -2.85121245e-03 6.42064281e-04 2.97025956e-03 7.77227674e-01 3.66769021e+00 -2.59566470e-02 2.58123387e-01
7.89277061e-04 -1.82710621e-03 -1.38321016e-03 2.35209550e-03 9.07267147e-04 2.72076627e-03 -2.55579889e-03 1.14779290e-03 2.74846963e-03 6.88551802e-01 3.76681649e+00 -3.10855363e-02 2.60746109e-01
1.16904841e-03 -2.45240515e-03 -1.69001563e-03 2.97318326e-03 1.10909504e-03 3.20314427e-03 -3.19020912e-03 1.11292945e-03 3.37265778e-03 9.91153593e-01 3.89334919e+00 2.05938960e-02 2.56222576e-01
1.04801291e-03 -2.24462038e-03 -1.74079188e-03 2.81888488e-03 1.27069812e-03 2.71403605e-03 -3.09262940e-03 1.18149385e-03 3.21362813e-03 7.76599159e-01 4.00201294e+00 -1.81615182e-02 2.49239733e-01
9.26075303e-04 -2.14221416e-03 -1.44232576e-03 2.55640196e-03 7.04890757e-04 3.30086381e-03 -2.81124375e-03 1.16938661e-03 3.07000981e-03 8.92996484e-01 3.77529834e+00 1.18105635e-02 2.67127628e-01
1.53439779e-03 -2.50191797e-03 -1.49938670e-03 2.86987873e-03 1.15592319e-03 3.22315179e-03 -2.84027636e-03 1.87526921e-04 2.94393478e-03 8.43100341e-01 3.72765727e+00 3.60381025e-03 2.69616709e-01
6.73014442e-04 -1.11998354e-03 -1.42440293e-03 2.73587220e-03 1.24747321e-03 3.11784927e-03 -3.07247919e-03 2.10208067e-03 3.31271383e-03 8.29229800e-01 4.11177759e+00 -6.75860403e-03 2.45655487e-01
2.01939048e-03 -2.96531527e-03 -1.51592832e-03 3.14428937e-03 4.47280390e-04 3.32890315e-03 -3.28142836e-03 -5.30418957e-04 3.30899925e-03 9.09050514e-01 3.72816371e+00 4.24884318e-02 2.74986337e-01
1.23266681e-03 -7.06261421e-04 -9.33892010e-04 2.38501409e-03 1.93456264e-03 2.68441452e-03 -2.64780788e-03 1.75585406e-03 2.75630463e-03 7.91843959e-01 4.08015902e+00 -3.55079951e-02 2.38992873e-01
1.51840583e-03 -2.77859742e-03 -1.90635652e-03 3.14220605e-03 1.46185054e-03 2.77507979e-03 -3.36722621e-03 6.37353179e-04 3.41931052e-03 1.01644798e+00 4.06278538e+00 2.31307732e-02 2.50542197e-01
3.94028229e-04 -1.27973528e-03 -1.17797134e-03 1.89792604e-03 5.27330315e-04 2.71331691e-03 -2.16365610e-03 1.33741657e-03 2.44263343e-03 6.52483357e-01 3.39193816e+00 -4.55880276e-02 2.66088937e-01
8.96867961e-04 -8.97614111e-04 -1.18477014e-03 2.35171645e-03 1.42906987e-03 2.23531500e-03 -2.74406845e-03 1.71598552e-03 2.81460070e-03 8.68333519e-01 4.02953356e+00 -2.67479270e-02 2.33245185e-01
2.11383603e-03 -3.06454657e-03 -1.50644207e-03 3.23019577e-03 6.99098171e-04 4.00198520e-03 -3.32318306e-03 -2.88706800e-04 3.41723377e-03 7.93629417e-01 3.85845230e+00 2.66843064e-02 2.78736848e-01
1.30296445e-03 -2.12145325e-03 -1.25806461e-03 2.33629183e-03 6.28683066e-04 2.30590306e-03 -2.38664937e-03 -1.65503272e-04 2.42037952e-03 6.31042768e-01 3.21562833e+00 -4.92594712e-02 2.67230894e-01
9.13371007e-04 -7.99738486e-04 -1.16941132e-03 2.48957158e-03 1.67892950e-03 3.09098999e-03 -2.75804223e-03 1.96466230e-03 3.00243234e-03 1.02514044e+00 4.12258681e+00 1.84110667e-02 2.48467114e-01
1.34234522e-03 -2.55357208e-03 -1.94203704e-03 3.09434280e-03 1.66106394e-03 2.81419026e-03 -3.34278283e-03 1.01056676e-03 3.40745577e-03 9.68579937e-01 4.06962087e+00 7.22773390e-03 2.45495990e-01
7.12855310e-04 -1.87659245e-03 -1.27089380e-03 2.19647010e-03 2.97248399e-04 3.12271057e-03 -2.55528111e-03 1.19622626e-03 2.84112259e-03 7.00990289e-01 3.64115946e+00 -1.54789678e-02 2.71081447e-01
9.14099576e-04 -2.02711375e-03 -1.45712832e-03 2.50289029e-03 9.68419676e-04 2.87251690e-03 -2.69436518e-03 1.08267086e-03 2.88640326e-03 9.95494603e-01 3.69626118e+00 1.44127577e-02 2.59730798e-01
7.79062085e-04 -1.62785405e-03 -1.17226651e-03 2.12072520e-03 8.22770432e-04 2.33650012e-03 -2.28324795e-03 9.62272543e-04 2.42368537e-03 6.39117968e-01 3.46527246e+00 -5.47471829e-02 2.56824511e-01
9.92803464e-04 -2.81945329e-04 -6.12476794e-04 2.03569040e-03 1.45081789e-03 2.38482658e-03 -2.27712414e-03 1.67850012e-03 2.42248099e-03 7.23253190e-01 3.74075825e+00 -4.85056476e-02 2.37349958e-01
1.80668718e-03 -2.85763829e-03 -1.84414978e-03 3.48024380e-03 1.26487641e-03 3.99819121e-03 -3.27162254e-03 -2.42223483e-04 3.35506472e-03 9.74080826e-01 3.88921909e+00 4.48511232e-02 2.75814148e-01
1.64815794e-03 -2.70897066e-03 -1.62778728e-03 3.06019213e-03 1.17468407e-03 3.51367182e-03 -3.02166348e-03 9.70134122e-05 3.13551664e-03 6.67617373e-01 3.88986336e+00 -9.59512073e-03 2.72562760e-01
4.95435320e-04 -9.31237498e-04 -1.24595107e-03 2.25675292e-03 9.79261035e-04 2.46101564e-03 -2.57498707e-03 1.75269217e-03 2.76901004e-03 9.26193157e-01 3.70055826e+00 -1.96253383e-02 2.41822542e-01
8.51366292e-04 -2.03004615e-03 -1.33952806e-03 2.42616258e-03 4.55960589e-04 3.47911225e-03 -2.76577433e-03 1.29438756e-03 3.07163670e-03 8.45184449e-01 3.80868479e+00 9.49966968e-03 2.71496481e-01
1.23762482e-03 -2.38644051e-03 -1.81310431e-03 2.90024170e-03 1.48812521e-03 2.60122775e-03 -3.15448611e-03 9.70449479e-04 3.21238226e-03 8.23413826e-01 3.95067514e+00 -1.33295552e-02 2.44865088e-01
7.55047961e-04 -1.77695751e-03 -1.17581561e-03 2.09840983e-03 4.72891539e-04 2.48903422e-03 -2.34942999e-03 9.37762025e-04 2.53706208e-03 9.19312192e-01 3.46199588e+00 2.42139041e-03 2.63645891e-01
9.02174947e-04 -1.88978167e-03 -1.46996234e-03 2.41152663e-03 1.20769490e-03 2.57054395e-03 -2.57124157e-03 1.02406162e-03 2.70742988e-03 6.68333120e-01 3.63474384e+00 -5.15521468e-02 2.53099113e-01
1.58689829e-03 -2.55408342e-03 -1.27747607e-03 2.63490738e-03 5.52561654e-04 3.01019110e-03 -2.81396993e-03 1.00817119e-04 2.92063577e-03 8.14353565e-01 3.58228518e+00 9.91411749e-03 2.71691491e-01
8.79627067e-04 -1.52612825e-03 -1.68571416e-03 2.85369411e-03 1.60439732e-03 2.96492785e-03 -3.22423480e-03 1.92150777e-03 3.38982783e-03 8.67236698e-01 4.28826968e+00 -9.24308846e-03 2.43476721e-01
1.13872123e-03 -1.81252768e-03 -1.05514491e-03 2.00987488e-03 5.64221868e-04 2.11507281e-03 -2.02851843e-03 -1.36093933e-04 2.06749284e-03 6.11016004e-01 2.98828296e+00 -5.40329706e-02 2.70117015e-01
9.44456499e-04 -7.19132336e-04 -1.10642127e-03 2.52724377e-03 1.69266813e-03 2.99245980e-03 -2.78652679e-03 1.99236645e-03 2.99187110e-03 1.00963402e+00 4.13628026e+00 6.00956657e-03 2.44680464e-01
7.79950960e-04 -1.71607089e-03 -1.50176345e-03 2.47824549e-03 1.12838982e-03 2.41362300e-03 -2.74136998e-03 1.31685473e-03 2.85575284e-03 6.96544470e-01 3.91231127e+00 -4.14414492e-02 2.48021791e-01
1.27426354e-03 -2.41397093e-03 -1.39937340e-03 2.68071662e-03 8.20178022e-04 3.37693652e-03 -2.87869801e-03 8.24547760e-04 3.09277998e-03 9.89407095e-01 3.69797088e+00 3.08685321e-02 2.68116257e-01
8.14284676e-04 -1.38296496e-03 -7.74767012e-04 1.53961655e-03 5.52637566e-04 1.83702547e-03 -1.60624927e-03 3.20643807e-04 1.69447359e-03 5.94928573e-01 2.87986013e+00 -6.33034068e-02 2.68186574e-01
6.47356221e-04 -1.71875030e-03 -1.67434855e-03 2.70616265e-03 1.08725967e-03 2.82925656e-03 -3.02478328e-03 1.67794411e-03 3.21681795e-03 1.01756612e+00 3.93643915e+00 1.84170225e-03 2.47002521e-01
1.33432990e-03 -2.36642637e-03 -1.38363034e-03 2.62508095e-03 9.37640912e-04 2.95697949e-03 -2.75206568e-03 5.31023098e-04 2.88986689e-03 6.87674347e-01 3.59958230e+00 -3.83147085e-02 2.64149365e-01
6.27619396e-04 -1.54885429e-03 -1.52520783e-03 2.56417037e-03 1.08977373e-03 2.82168626e-03 -2.83133640e-03 1.64611699e-03 3.03403270e-03 9.84478156e-01 3.98891164e+00 2.31232877e-02 2.52286067e-01
1.21418951e-03 -2.15433388e-03 -1.35757097e-03 2.45097400e-03 1.05035389e-03 2.53570701e-03 -2.55711799e-03 5.03561123e-04 2.65222464e-03 9.56759945e-01 3.61796090e+00 1.32657458e-02 2.61050407e-01
4.53552669e-04 -1.47120338e-03 -1.44673830e-03 2.30846098e-03 7.68700217e-04 2.79369306e-03 -2.59508900e-03 1.55420176e-03 2.84905054e-03 6.68351836e-01 3.64993078e+00 -4.95751427e-02 2.55575746e-01
5.60219126e-04 -6.26873245e-04 -9.99313252e-04 2.02358411e-03 1.07552845e-03 2.34300342e-03 -2.28896302e-03 1.64722042e-03 2.47904152e-03 7.04931835e-01 3.56759461e+00 -5.38530189e-02 2.41923434e-01
1.66014587e-03 -2.75450346e-03 -1.73421453e-03 3.17320937e-03 1.13057790e-03 3.47769003e-03 -3.10530707e-03 -8.01958070e-05 3.19239674e-03 9.67774069e-01 3.87288016e+00 3.82287966e-02 2.72618554e-01
1.17992836e-03 -2.23606076e-03 -1.53099473e-03 2.57211547e-03 1.11135843e-03 2.31967084e-03 -2.79667422e-03 6.95407700e-04 2.85918248e-03 7.39650123e-01 3.64204624e+00 -3.94491565e-02 2.47884894e-01
7.30448541e-04 -2.05434209e-03 -1.64414588e-03 2.70506675e-03 8.02775773e-04 3.75256959e-03 -3.01782945e-03 1.61870981e-03 3.36836215e-03 9.53828539e-01 4.06887388e+00 3.71176660e-02 2.68774699e-01
1.58803668e-03 -2.66958343e-03 -1.73713477e-03 3.08414728e-03 1.23023115e-03 2.89673878e-03 -3.10494325e-03 7.24604400e-05 3.14704336e-03 9.91346298e-01 3.85299486e+00 4.05543798e-02 2.62177742e-01
6.61961804e-04 -8.40571097e-04 -1.11051455e-03 2.26255961e-03 1.22447551e-03 3.11881424e-03 -2.50734766e-03 1.84316452e-03 2.80626598e-03 7.07227695e-01 3.76337382e+00 -4.64441505e-02 2.54577640e-01
9.68281310e-04 -1.93069217e-03 -1.25107919e-03 2.26053105e-03 8.84300154e-04 2.72479626e-03 -2.37982523e-03 7.81445859e-04 2.55153323e-03 9.55323405e-01 3.60380795e+00 1.68598825e-02 2.67087021e-01
6.27055325e-04 -1.59850867e-03 -1.29045071e-03 2.09839324e-03 7.29076411e-04 2.15639567e-03 -2.33904814e-03 1.05872277e-03 2.47708736e-03 6.62601096e-01 3.35933210e+00 -6.45843381e-02 2.49068421e-01
9.51337204e-04 -1.91481475e-03 -1.69819330e-03 2.74662083e-03 1.32889625e-03 2.50189940e-03 -3.13211507e-03 1.47847775e-03 3.21775767e-03 8.54568686e-01 4.06186065e+00 -2.29272772e-02 2.40111625e-01
1.47834376e-03 -2.56709426e-03 -1.31242282e-03 2.69461492e-03 6.51529451e-04 3.62295275e-03 -2.92326703e-03 6.31516282e-04 3.13904592e-03 8.25104309e-01 3.81576778e+00 2.59381568e-02 2.74524821e-01
1.38179465e-03 -2.48010318e-03 -1.77628714e-03 2.84895558e-03 1.47471328e-03 2.39788774e-03 -3.12107611e-03 7.28101004e-04 3.13952578e-03 7.69228942e-01 3.88051234e+00 -3.62280518e-02 2.42847146e-01
7.09089134e-04 -1.93457269e-03 -1.40889941e-03 2.37681780e-03 4.09383392e-04 3.65031484e-03 -2.77196988e-03 1.46416758e-03 3.12795759e-03 9.21861591e-01 3.84554781e+00 3.70516604e-02 2.73505396e-01
6.72715010e-04 -1.33438690e-03 -1.57361100e-03 2.57796466e-03 1.25308703e-03 2.43468745e-03 -2.97467253e-03 1.76139413e-03 3.08807909e-03 9.02750832e-01 4.16355839e+00 8.01418105e-03 2.40685020e-01
1.76947115e-03 -2.74863962e-03 -1.37790004e-03 2.92625844e-03 8.16854077e-04 3.62966355e-03 -3.03346570e-03 1.82621487e-04 3.17368857e-03 7.83344812e-01 3.69853200e+00 -8.05653506e-03 2.73753012e-01
1.20101262e-03 -3.39728899e-04 -7.55967816e-04 2.52646186e-03 1.77939747e-03 3.04380297e-03 -2.80935318e-03 2.10572863e-03 3.01319969e-03 8.53545826e-01 4.17100430e+00 -5.28216250e-03 2.39918718e-01
1.64523127e-03 -2.56724990e-03 -1.66460162e-03 3.17050094e-03 1.25073834e-03 3.59899849e-03 -2.96194335e-03 -1.70036926e-04 3.03408334e-03 8.25609158e-01 3.69764489e+00 4.60843622e-03 2.73904182e-01
7.11769660e-04 -1.96133504e-03 -1.59026677e-03 2.61390759e-03 8.65417364e-04 3.46239451e-03 -2.88227946e-03 1.51744997e-03 3.19258141e-03 1.03775226e+00 3.94389658e+00 4.46485549e-02 2.66117411e-01
9.26488482e-04 -1.88083857e-03 -1.31752119e-03 2.19763464e-03 8.73461867e-04 2.05624338e-03 -2.38983766e-03 6.68224909e-04 2.46531238e-03 6.64456321e-01 3.40110694e+00 -6.19807620e-02 2.50399601e-01
5.10438566e-04 -1.62643289e-03 -1.54577603e-03 2.50072450e-03 7.92145874e-04 3.08850143e-03 -2.81455121e-03 1.67855101e-03 3.10178669e-03 8.15931790e-01 3.81256044e+00 -1.12753632e-02 2.57617699e-01
1.51849685e-03 -2.65165425e-03 -1.70654006e-03 3.12744266e-03 1.43395501e-03 3.20563301e-03 -3.22593900e-03 7.07249911e-04 3.33811915e-03 8.70732086e-01 4.06381219e+00 1.18117635e-02 2.59260500e-01
9.10863208e-04 -1.74368288e-03 -1.50607641e-03 2.57869188e-03 1.24596108e-03 2.41341628e-03 -2.88917231e-03 1.38181671e-03 2.97097147e-03 8.70190487e-01 3.94133591e+00 -7.39646096e-03 2.42529742e-01
1.47784251e-03 -2.66187196e-03 -1.44555208e-03 2.88609858e-03 8.03617304e-04 3.82790377e-03 -3.10050587e-03 7.90902105e-04 3.33834039e-03 8.11346271e-01 3.91508205e+00 7.63542919e-03 2.72516256e-01
4.00698207e-04 -8.99669022e-04 -9.96840891e-04 1.69322346e-03 7.95050590e-04 2.15422431e-03 -1.88040871e-03 1.23949023e-03 2.07550188e-03 6.52517337e-01 3.19848639e+00 -6.95421991e-02 2.54258530e-01
1.48539821e-03 -2.63761507e-03 -1.60767834e-03 2.87170183e-03 9.70988274e-04 2.77686033e-03 -3.01903935e-03 2.63619240e-04 3.09798446e-03 1.01265720e+00 3.81902224e+00 3.17288413e-02 2.62195148e-01
1.14994545e-03 -2.09044791e-03 -1.30007906e-03 2.38113282e-03 9.89078727e-04 2.67317435e-03 -2.47502950e-03 5.74623058e-04 2.60426681e-03 7.00459408e-01 3.50398959e+00 -3.44335785e-02 2.63156192e-01
7.37924550e-04 -1.86288841e-03 -1.71244054e-03 2.94388549e-03 1.07943051e-03 3.31676567e-03 -3.27656327e-03 1.86529529e-03 3.52800391e-03 9.82572865e-01 4.18874568e+00 2.49190372e-02 2.53261835e-01
1.19238841e-03 -2.16880262e-03 -1.30924747e-03 2.54301699e-03 9.48289245e-04 2.94412599e-03 -2.67040360e-03 7.66959889e-04 2.82803830e-03 8.60102310e-01 3.75924472e+00 1.42474761e-02 2.65439864e-01
8.47920676e-04 -2.13011986e-03 -1.83261197e-03 3.01973971e-03 1.20191246e-03 3.27342494e-03 -3.31577765e-03 1.66566649e-03 3.53879097e-03 8.20888280e-01 4.07495214e+00 -1.48191250e-02 2.51149362e-01
1.04749332e-03 -2.16583218e-03 -1.79992848e-03 3.10962949e-03 1.51296764e-03 3.34846103e-03 -3.34853927e-03 1.62868110e-03 3.53805947e-03 8.68231027e-01 4.13466864e+00 -4.81602085e-03 2.49841865e-01
1.12309386e-03 -2.17555512e-03 -1.28660334e-03 2.46851921e-03 6.97032678e-04 2.89447859e-03 -2.65799190e-03 7.56575061e-04 2.82925017e-03 8.12064148e-01 3.71101752e+00 4.79587158e-03 2.66765347e-01
2.58126211e-04 -1.20709247e-03 -1.29122443e-03 2.09258061e-03 3.42632343e-04 2.82989536e-03 -2.46798534e-03 1.66255354e-03 2.78204171e-03 7.17462263e-01 3.61853908e+00 -1.86924173e-02 2.61901870e-01
1.69696776e-03 -2.86458716e-03 -2.00495205e-03 3.42499404e-03 1.98890598e-03 3.44245473e-03 -3.42261478e-03 5.91281156e-04 3.50416837e-03 9.50762671e-01 4.09905844e+00 9.17100373e-03 2.55982509e-01
9.06790544e-04 -1.65108424e-03 -9.83406772e-04 1.89492178e-03 7.11764859e-04 2.36211081e-03 -1.99249890e-03 5.84757016e-04 2.13180571e-03 6.30368839e-01 3.10812215e+00 -6.21341680e-02 2.65962709e-01
7.19296665e-04 -1.70856070e-03 -1.45559187e-03 2.37914549e-03 9.36855835e-04 2.36529758e-03 -2.67553774e-03 1.28765060e-03 2.81199124e-03 9.80814870e-01 3.83278712e+00 7.05722586e-03 2.49943024e-01
5.74596031e-04 -5.58464619e-04 -7.56517597e-04 1.55996517e-03 9.51736189e-04 1.66404799e-03 -1.78495548e-03 1.17867790e-03 1.87494258e-03 6.54832398e-01 3.29058412e+00 -7.51243007e-02 2.39827592e-01
1.78383717e-03 -2.77755743e-03 -1.52371178e-03 3.02770118e-03 8.23998418e-04 3.46036149e-03 -3.06244099e-03 -1.55064960e-04 3.15011238e-03 1.03690541e+00 3.67404529e+00 4.24014851e-02 2.74228486e-01
1.54091226e-03 -2.58239392e-03 -1.42758499e-03 2.86751708e-03 1.02805987e-03 3.56472909e-03 -2.94384171e-03 5.07916990e-04 3.11711645e-03 7.39463989e-01 3.72728008e+00 -8.17826575e-03 2.70523419e-01
7.04307268e-04 -1.40210191e-03 -1.41312833e-03 2.53246649e-03 1.14015642e-03 2.52543717e-03 -2.82574886e-03 1.64235272e-03 2.95707029e-03 8.99943486e-01 4.01242549e+00 -7.05517516e-03 2.44872890e-01
1.18269138e-03 -2.20966938e-03 -1.55078286e-03 2.78509295e-03 1.32267475e-03 2.91014681e-03 -2.94867079e-03 1.05136198e-03 3.08142908e-03 8.93715133e-01 3.80280804e+00 -4.51957962e-03 2.52302740e-01
9.43067314e-04 -2.17126467e-03 -1.52519904e-03 2.75543383e-03 8.36197259e-04 3.38682960e-03 -3.00535224e-03 1.34105270e-03 3.26136187e-03 7.83125336e-01 4.03430006e+00 2.94386900e-03 2.64788354e-01
1.30812788e-03 -2.31438656e-03 -1.39374367e-03 2.54153021e-03 8.96955936e-04 2.53643143e-03 -2.67957698e-03 3.54130712e-04 2.76335435e-03 6.79666676e-01 3.69122479e+00 -1.94045753e-02 2.62665379e-01
6.27554726e-04 -1.55736142e-03 -1.59513414e-03 2.70678697e-03 1.19225888e-03 3.34572919e-03 -2.96350763e-03 1.85921692e-03 3.24900322e-03 9.53474278e-01 3.91682117e+00 -2.14477206e-03 2.54154010e-01
6.53172194e-04 -1.62176996e-03 -1.53638876e-03 2.45758839e-03 1.03293150e-03 2.46923352e-03 -2.77239767e-03 1.47565292e-03 2.92510275e-03 7.73738836e-01 3.74385658e+00 -3.18720811e-02 2.43881046e-01
1.53516953e-03 -2.63644868e-03 -1.44406908e-03 2.89455225e-03 9.26994587e-04 3.54243572e-03 -3.02768111e-03 5.64030006e-04 3.20771471e-03 9.01207806e-01 3.96231324e+00 2.77729476e-02 2.71569615e-01
1.40880810e-03 -2.16216061e-03 -1.64490353e-03 3.08243929e-03 1.21770979e-03 3.02109228e-03 -2.74329823e-03 -3.63695929e-04 2.74427907e-03 8.55636497e-01 3.52407140e+00 6.89815825e-03 2.69739027e-01
2.51751079e-03 2.20503458e-04 2.70755655e-04 2.32705706e-03 3.06757698e-03 3.79741022e-03 -2.41884470e-03 1.92090759e-03 2.69782546e-03 7.92883799e-01 4.19152559e+00 -1.78440300e-02 2.45641346e-01
1.17551388e-03 -2.58652803e-03 -1.64369260e-03 2.98250892e-03 7.29756262e-04 3.53779203e-03 -3.28807679e-03 1.15506201e-03 3.53457867e-03 9.59145334e-01 4.07234421e+00 4.43458507e-02 2.65257353e-01
9.04083270e-04 -1.84039250e-03 -1.47350207e-03 2.51398528e-03 1.26389213e-03 2.67234616e-03 -2.68366469e-03 1.19376388e-03 2.82351604e-03 7.53743360e-01 3.74534795e+00 -3.83408760e-02 2.51469069e-01
7.10937394e-04 -9.24806285e-04 -1.22989568e-03 2.54242330e-03 1.34860511e-03 3.71834990e-03 -2.79342207e-03 2.12252278e-03 3.17160114e-03 1.03010235e+00 4.00906533e+00 2.60768184e-02 2.59408791e-01
1.09881033e-03 -1.99269367e-03 -1.37122952e-03 2.23499197e-03 8.90321508e-04 1.97358274e-03 -2.30461830e-03 7.17231244e-05 2.32875125e-03 6.38961573e-01 3.28197629e+00 -5.55797447e-02 2.57520055e-01
1.04544590e-03 -5.74833000e-04 -9.34335042e-04 2.16587393e-03 1.53786248e-03 1.98331809e-03 -2.56987760e-03 1.62591652e-03 2.58823319e-03 9.26727087e-01 4.04214823e+00 -2.90465988e-02 2.28585551e-01
1.61114329e-03 -2.14815714e-03 -1.04466561e-03 2.35120716e-03 4.46408123e-04 2.95415846e-03 -2.37044346e-03 -4.28309953e-04 2.40219198e-03 6.07499418e-01 3.17382910e+00 -2.81839697e-02 2.81159862e-01
1.54614993e-03 -2.42197816e-03 -1.21922051e-03 2.55035693e-03 6.07474646e-04 2.96146969e-03 -2.67454973e-03 5.94434010e-05 2.77307397e-03 9.59073013e-01 3.45547831e+00 2.36808583e-02 2.72483984e-01
7.38801697e-04 -1.16663742e-03 -1.32804678e-03 2.31482979e-03 1.30144540e-03 2.36644168e-03 -2.63907825e-03 1.59433445e-03 2.76253244e-03 6.89445237e-01 3.93870736e+00 -4.89825573e-02 2.42429747e-01
5.35592563e-04 -1.18925476e-03 -1.04019911e-03 1.72271223e-03 8.58053473e-04 1.96155819e-03 -1.85535903e-03 9.53280698e-04 1.98440783e-03 6.26639194e-01 3.25658354e+00 -6.49835500e-02 2.55885815e-01
1.09184764e-03 -2.20362778e-03 -1.33940994e-03 2.45808585e-03 6.47657746e-04 2.64630695e-03 -2.68182964e-03 7.02385574e-04 2.82821079e-03 9.74423726e-01 3.51555913e+00 3.13920481e-03 2.60563624e-01
1.44198297e-03 -2.38439952e-03 -1.32716342e-03 2.65209859e-03 9.75043169e-04 3.25818455e-03 -2.69707714e-03 3.84778692e-04 2.84419524e-03 7.84435274e-01 3.61026437e+00 -1.18016737e-02 2.71193239e-01
5.87170568e-04 -1.61946756e-03 -1.83715599e-03 2.94099415e-03 1.13688401e-03 2.90815399e-03 -3.37146878e-03 2.02413849e-03 3.56336142e-03 9.04451841e-01 4.29338773e+00 1.28220463e-02 2.43677165e-01
7.74333763e-04 -9.09882389e-04 -1.29643167e-03 2.69645979e-03 1.43342537e-03 3.65003361e-03 -3.00855327e-03 2.24354065e-03 3.36487885e-03 1.04227908e+00 4.19230533e+00 2.76892169e-02 2.54393566e-01
1.04558165e-03 -1.77660011e-03 -1.16671780e-03 2.02343676e-03 8.26683251e-04 1.96331247e-03 -2.03161929e-03 2.51765520e-05 2.06571476e-03 6.31311242e-01 3.06344306e+00 -5.94995439e-02 2.62139163e-01
1.85684469e-03 -2.95845633e-03 -1.68940925e-03 3.30729985e-03 1.06656947e-03 3.55151384e-03 -3.33973212e-03 1.46261692e-05 3.42851620e-03 7.25114175e-01 3.88671510e+00 -9.57004422e-03 2.68895907e-01
5.87760547e-04 -8.74370326e-04 -1.20259547e-03 2.21314003e-03 1.18968629e-03 2.53578151e-03 -2.48884014e-03 1.70436187e-03 2.68426026e-03 9.18463001e-01 3.81985653e+00 -5.00355260e-03 2.46742867e-01
3.67784186e-04 -6.35525287e-04 -9.39175364e-04 1.79184336e-03 7.80174932e-04 2.16637236e-03 -2.01410979e-03 1.46699343e-03 2.20848923e-03 6.53945836e-01 3.30746965e+00 -7.11015282e-02 2.46959507e-01
1.29662730e-03 -2.13176691e-03 -1.35990430e-03 2.50105299e-03 1.10523674e-03 2.69997699e-03 -2.43887485e-03 1.16365031e-04 2.51171405e-03 9.66634873e-01 3.48271416e+00 1.67533549e-02 2.68443480e-01
1.02572984e-03 -1.96521340e-03 -1.19313899e-03 2.16714679e-03 6.59354522e-04 2.21542175e-03 -2.34192030e-03 4.97769487e-04 2.44221905e-03 6.51815427e-01 3.35445173e+00 -4.56809037e-02 2.59755133e-01
7.88882253e-04 -1.79204151e-03 -1.62427087e-03 2.73788508e-03 1.29014305e-03 3.30070308e-03 -2.97953111e-03 1.67446686e-03 3.23338919e-03 9.97043692e-01 4.04188935e+00 1.65929641e-02 2.56836263e-01
1.56635953e-03 -2.23031935e-03 -1.40103401e-03 2.85734166e-03 8.37754053e-04 3.23494039e-03 -2.64884268e-03 -4.64130556e-04 2.66953269e-03 9.19892046e-01 3.39271488e+00 2.56013739e-02 2.77949479e-01
1.67321608e-03 -9.07877110e-05 -3.88367610e-04 2.30333504e-03 2.22557792e-03 2.74739148e-03 -2.56922202e-03 1.84942916e-03 2.69263761e-03 7.32257413e-01 4.17182850e+00 -4.16978160e-02 2.33960041e-01
6.84770641e-04 -1.64884698e-03 -1.58891904e-03 2.52642756e-03 1.21583215e-03 2.75930256e-03 -2.79249990e-03 1.53244033e-03 2.98335748e-03 9.67836785e-01 3.83319491e+00 -9.95770046e-03 2.49269970e-01
1.10008114e-03 -1.91070420e-03 -1.03634442e-03 2.09481565e-03 5.72416142e-04 2.36079542e-03 -2.23562109e-03 4.08020274e-04 2.34433899e-03 6.14328663e-01 3.33555604e+00 -4.01504959e-02 2.66841430e-01
1.09059534e-03 -2.22028258e-03 -1.67443591e-03 2.73911239e-03 1.26213194e-03 2.56681226e-03 -2.98241730e-03 1.01607694e-03 3.07359195e-03 7.54145566e-01 3.91199435e+00 -3.15698124e-02 2.48797130e-01
8.42595234e-04 -2.15145455e-03 -1.54128388e-03 2.63385765e-03 6.82557330e-04 3.50920771e-03 -2.93511240e-03 1.36274291e-03 3.23621157e-03 9.41294767e-01 3.86931673e+00 3.14672622e-02 2.67641454e-01
7.39365773e-04 -1.60837977e-03 -1.65172050e-03 2.76660304e-03 1.36203405e-03 2.96970821e-03 -3.05613376e-03 1.78352374e-03 3.24676155e-03 1.04488564e+00 4.17443032e+00 2.45725640e-02 2.49445720e-01
9.56657630e-04 -1.65692426e-03 -9.13234356e-04 1.79798147e-03 5.19839039e-04 2.04388792e-03 -1.90253161e-03 2.88916500e-04 1.99326644e-03 6.21883845e-01 2.96739545e+00 -6.33445163e-02 2.66315617e-01
1.42706461e-03 -2.45312810e-03 -1.34889687e-03 2.65701898e-03 8.38136076e-04 3.15052345e-03 -2.77928668e-03 4.25204763e-04 2.92906036e-03 1.02776973e+00 3.76589588e+00 4.63381398e-02 2.71096443e-01
4.33720575e-04 -1.07765575e-03 -1.06744414e-03 1.70807798e-03 7.28928763e-04 1.77039727e-03 -1.93200139e-03 1.07935733e-03 2.04923872e-03 6.64890431e-01 3.14850640e+00 -7.89706410e-02 2.44212455e-01
1.00767858e-03 -1.85410693e-03 -1.18587875e-03 2.23151198e-03 8.71445054e-04 2.28737510e-03 -2.36850549e-03 6.91979685e-04 2.46594978e-03 6.51710348e-01 3.52117880e+00 -3.85546749e-02 2.57815097e-01
8.15859545e-04 -1.95185352e-03 -1.58614683e-03 2.68576405e-03 1.08206560e-03 3.30407044e-03 -2.92484309e-03 1.50062002e-03 3.18526919e-03 9.70889235e-01 3.86084964e+00 4.51144133e-03 2.58974207e-01
1.00624923e-03 -1.74478485e-03 -9.30662186e-04 1.91544865e-03 5.90559759e-04 2.64149885e-03 -2.04242632e-03 5.58282723e-04 2.20760255e-03 6.23886939e-01 3.14417154e+00 -4.71360095e-02 2.72544304e-01
7.68042516e-04 -1.74993637e-03 -1.57058505e-03 2.45035149e-03 1.06800209e-03 2.13230762e-03 -2.80818820e-03 1.29660413e-03 2.88193781e-03 9.46509910e-01 3.93024069e+00 -1.07480717e-02 2.42038770e-01
5.65692097e-04 -1.68112763e-03 -1.39752530e-03 2.27450622e-03 6.62181837e-04 2.82460547e-03 -2.54088791e-03 1.33742078e-03 2.78939065e-03 6.93156885e-01 3.64473050e+00 -3.36025681e-02 2.61620351e-01
1.30215411e-03 -2.55304806e-03 -1.76032432e-03 2.99877390e-03 1.32051564e-03 3.02388432e-03 -3.19774716e-03 9.25236635e-04 3.32952823e-03 9.82562358e-01 4.00119543e+00 2.13511304e-02 2.55170611e-01
1.75468477e-03 -2.71378134e-03 -1.54507154e-03 3.09195961e-03 1.16343993e-03 3.69693945e-03 -3.02825828e-03 4.80009972e-05 3.14163953e-03 7.22603912e-01 3.74289797e+00 -1.23178987e-02 2.73430985e-01
6.22255110e-04 -8.63305359e-04 -1.24367140e-03 2.39695747e-03 1.16247767e-03 2.49970847e-03 -2.74148005e-03 1.87387147e-03 2.90918711e-03 9.29209458e-01 4.00193243e+00 -5.62049324e-04 2.40788656e-01
6.62110773e-04 -1.81313882e-03 -1.65713497e-03 2.69509299e-03 1.02055130e-03 3.10905048e-03 -2.99649804e-03 1.66562664e-03 3.24801491e-03 8.26427555e-01 3.94706823e+00 -7.16294820e-03 2.54289472e-01
1.34430860e-03 -2.52098152e-03 -1.57470078e-03 2.86238002e-03 1.08482442e-03 3.08182197e-03 -3.01747062e-03 7.13319220e-04 3.16386468e-03 8.54773940e-01 3.90833762e+00 6.21769283e-03 2.62360092e-01
7.58997702e-04 -1.97920467e-03 -1.31208539e-03 2.29577338e-03 3.09817436e-04 2.87997275e-03 -2.63732811e-03 1.10829768e-03 2.87915143e-03 9.07308953e-01 3.72214247e+00 2.27499421e-02 2.67449681e-01
1.20991196e-03 -2.26900365e-03 -1.67968640e-03 2.79614076e-03 1.55300857e-03 2.88445057e-03 -2.95098698e-03 1.00245556e-03 3.06748115e-03 7.41630784e-01 3.80356773e+00 -3.83645512e-02 2.50186184e-01
1.44157260e-03 -2.16528885e-03 -1.29877006e-03 2.55226645e-03 7.02171140e-04 2.71868258e-03 -2.48764503e-03 -3.36989799e-04 2.51296131e-03 6.50171506e-01 3.33208696e+00 -2.72466167e-02 2.73771858e-01
1.32810963e-03 -5.00645221e-04 -9.09397080e-04 2.62862268e-03 2.07635419e-03 3.16038476e-03 -2.92567843e-03 2.11127845e-03 3.13026783e-03 1.00051519e+00 4.26324861e+00 7.35092811e-03 2.39862490e-01
1.18404552e-03 -2.22540409e-03 -1.71056600e-03 2.68954306e-03 1.48666435e-03 2.39259063e-03 -2.92397250e-03 8.78175569e-04 2.96693580e-03 7.78654397e-01 3.84373934e+00 -3.80739886e-02 2.44349215e-01
8.69202202e-04 -2.31161121e-03 -1.54285100e-03 2.64819809e-03 2.82956713e-04 3.84030980e-03 -3.11942138e-03 1.45333140e-03 3.47706849e-03 9.31726811e-01 3.97935327e+00 4.68626696e-02 2.72214932e-01
1.04669447e-03 -1.75778805e-03 -8.55348352e-04 1.84266969e-03 3.98514803e-04 2.41371368e-03 -2.02247265e-03 4.31318491e-04 2.15971433e-03 6.11821874e-01 3.09517350e+00 -5.74540957e-02 2.71609708e-01
8.63605934e-04 -1.82984219e-03 -1.70092353e-03 2.63222098e-03 1.35998964e-03 2.43350416e-03 -2.97968106e-03 1.42269385e-03 3.07076569e-03 1.04372606e+00 4.06382465e+00 1.83777733e-02 2.43281765e-01
1.06511437e-03 -2.11343469e-03 -1.78331981e-03 3.10019164e-03 1.58419869e-03 3.29112890e-03 -3.33764098e-03 1.64355358e-03 3.51132171e-03 8.95989579e-01 4.22451171e+00 6.47073376e-03 2.49925252e-01
1.12369320e-03 -2.20477918e-03 -1.29224424e-03 2.46765580e-03 6.40330545e-04 2.92423013e-03 -2.68068628e-03 7.61839264e-04 2.85975530e-03 7.89396516e-01 3.64611314e+00 -6.18476027e-03 2.66439498e-01
1.60787972e-03 -2.94558320e-03 -1.88874640e-03 3.24773682e-03 1.18009498e-03 3.03817880e-03 -3.41880851e-03 3.59772109e-04 3.49856178e-03 9.77456554e-01 4.10711023e+00 4.36305430e-02 2.60245434e-01
5.50173527e-04 -1.19203044e-03 -1.28015259e-03 2.27938343e-03 1.04039529e-03 3.01622869e-03 -2.50282572e-03 1.67590250e-03 2.77852308e-03 7.32971370e-01 3.65892648e+00 -4.13483012e-02 2.56627585e-01
9.67724369e-04 -2.05000598e-03 -1.44082074e-03 2.62111092e-03 9.45994080e-04 2.90440448e-03 -2.82421918e-03 1.15142564e-03 3.00240444e-03 6.97047519e-01 3.84402375e+00 -2.36400326e-02 2.58502794e-01
9.79871597e-04 -2.00455647e-03 -1.44273017e-03 2.57997186e-03 1.10982384e-03 2.96392072e-03 -2.74688826e-03 1.14746898e-03 2.93164896e-03 9.33297684e-01 3.74908382e+00 3.58696736e-04 2.58260381e-01
6.78703066e-04 -1.89131923e-03 -1.43384733e-03 2.51898435e-03 4.99800992e-04 3.33566919e-03 -2.86031932e-03 1.51329299e-03 3.16329011e-03 7.93491312e-01 3.80792621e+00 -8.96218635e-03 2.65069675e-01
1.28674012e-03 -2.48875005e-03 -1.84852633e-03 2.98530329e-03 1.57427548e-03 2.89382935e-03 -3.16795374e-03 9.33875315e-04 3.26593029e-03 8.93577504e-01 4.04280824e+00 9.54478196e-03 2.51931773e-01
1.30160816e-03 -2.31219505e-03 -1.43574531e-03 2.64908338e-03 1.12059051e-03 3.00927318e-03 -2.69678255e-03 5.15454154e-04 2.83129841e-03 7.42320603e-01 3.63613108e+00 -1.92317109e-02 2.65367859e-01
6.41986540e-04 -1.59179346e-03 -1.61558547e-03 2.84491231e-03 1.06007189e-03 3.17874486e-03 -3.17457703e-03 1.95221218e-03 3.41938467e-03 9.34029594e-01 4.15509565e+00 1.30476707e-02 2.50855855e-01
1.10208142e-03 -8.93715009e-04 -1.10915770e-03 2.38758993e-03 1.77062962e-03 2.56898303e-03 -2.70191132e-03 1.70887004e-03 2.80325561e-03 8.27075902e-01 4.08340883e+00 -2.78981812e-02 2.39359577e-01
2.06304367e-03 -3.07297269e-03 -1.52343437e-03 3.18760587e-03 4.36302708e-04 3.45967810e-03 -3.37074984e-03 -4.24518746e-04 3.42068105e-03 8.65316643e-01 3.78134808e+00 3.42188463e-02 2.74800473e-01
1.10758363e-03 -2.32465914e-03 -1.53789432e-03 2.72450703e-03 9.76967073e-04 3.24090164e-03 -2.90913746e-03 9.98280783e-04 3.11995387e-03 8.88487905e-01 3.75508683e+00 2.78119070e-03 2.63072436e-01
8.44501919e-04 -2.06631506e-03 -1.69878625e-03 2.79675863e-03 1.07484504e-03 2.89881060e-03 -3.08012785e-03 1.42192871e-03 3.25924818e-03 7.87033192e-01 4.09129140e+00 -6.33063238e-03 2.53681938e-01
1.63360742e-03 -2.62786960e-03 -1.76834859e-03 3.23071438e-03 1.10550442e-03 3.15642454e-03 -3.10003782e-03 -2.99380398e-04 3.12457217e-03 9.44511515e-01 3.70035603e+00 2.32841260e-02 2.68338434e-01
1.19229155e-03 -2.86204815e-04 -5.37917206e-04 2.04491353e-03 1.76906329e-03 2.85141148e-03 -2.22259819e-03 1.70290518e-03 2.45353597e-03 7.10041355e-01 3.79648503e+00 -4.21179055e-02 2.47479821e-01
1.12465771e-03 -9.22706435e-04 -1.26139209e-03 2.74245801e-03 1.86046842e-03 3.06150676e-03 -3.10314381e-03 2.07802966e-03 3.27870755e-03 7.66252751e-01 4.36808164e+00 -2.48677156e-02 2.41628994e-01
1.53264324e-03 -2.36507295e-03 -1.29465384e-03 2.56881940e-03 6.15381396e-04 2.78809571e-03 -2.62021361e-03 -2.26298611e-04 2.67305880e-03 8.92411500e-01 3.37181965e+00 1.46471001e-02 2.72916797e-01
8.66351164e-04 -1.97925213e-03 -1.29618493e-03 2.33982817e-03 5.76072676e-04 2.95405232e-03 -2.58608195e-03 1.03399440e-03 2.81088089e-03 7.98058176e-01 3.66519969e+00 2.90397322e-03 2.67222099e-01
1.23005191e-03 -2.47874979e-03 -1.91589176e-03 3.22867355e-03 1.57883707e-03 3.24397371e-03 -3.46472266e-03 1.36611727e-03 3.60757407e-03 8.83614339e-01 4.18520986e+00 -2.94066506e-03 2.49439939e-01
1.60364801e-03 -2.69546435e-03 -1.62582139e-03 3.06536512e-03 1.30072495e-03 3.36947090e-03 -3.10827685e-03 4.32774311e-04 3.23222998e-03 9.37974955e-01 3.80388090e+00 1.15085950e-02 2.63955664e-01
4.69516234e-04 -1.31042226e-03 -1.43171713e-03 2.37960768e-03 8.72374860e-04 2.72670824e-03 -2.69816683e-03 1.71127066e-03 2.93262203e-03 7.26868242e-01 3.90874495e+00 -2.26022658e-02 2.52882702e-01
1.01221234e-03 -1.97568232e-03 -1.31519004e-03 2.37031071e-03 1.01214626e-03 2.76942935e-03 -2.47188683e-03 8.09634931e-04 2.63197033e-03 6.57253469e-01 3.55509711e+00 -5.08905054e-02 2.62632796e-01
6.65882936e-04 -1.89804056e-03 -1.60235909e-03 2.57971876e-03 8.12908049e-04 2.75055382e-03 -2.89349092e-03 1.42678932e-03 3.09858555e-03 1.02469006e+00 3.86678730e+00 3.08021273e-02 2.53684732e-01
8.50476292e-04 -6.88682957e-04 -1.08558870e-03 2.38635382e-03 1.55220187e-03 2.88283566e-03 -2.65126167e-03 1.90703213e-03 2.86920433e-03 9.03402038e-01 3.95703397e+00 -1.23880539e-02 2.44446161e-01
1.83499017e-03 -2.85129005e-03 -1.67575935e-03 3.25375181e-03 9.90522498e-04 3.38771930e-03 -3.23796722e-03 -2.21654498e-04 3.29056560e-03 7.52837522e-01 3.84715531e+00 5.75263457e-03 2.70701343e-01
9.06086977e-04 -1.76563606e-03 -1.16166795e-03 2.13130584e-03 7.81058747e-04 2.20668543e-03 -2.30353330e-03 7.58568975e-04 2.41074517e-03 9.56811932e-01 3.40766067e+00 -2.22489136e-03 2.56174469e-01
5.95734536e-04 -1.40710367e-03 -1.10490199e-03 1.85236882e-03 7.56244857e-04 2.25776407e-03 -2.00727783e-03 9.65837581e-04 2.17814105e-03 6.27994049e-01 3.25612593e+00 -6.63578022e-02 2.60012376e-01
6.30080459e-04 -1.67413557e-03 -1.51337530e-03 2.45611804e-03 9.97443264e-04 2.88055450e-03 -2.70412646e-03 1.48599663e-03 2.93498660e-03 7.46749156e-01 3.87485290e+00 -1.96491237e-02 2.57512741e-01
1.43823164e-03 -2.67011543e-03 -1.63665455e-03 3.01600687e-03 1.07897815e-03 3.17934967e-03 -3.21527380e-03 7.56313785e-04 3.36124924e-03 9.31151429e-01 3.90150822e+00 1.40931175e-02 2.59362272e-01
1.63742238e-03 -2.64088034e-03 -1.55932200e-03 2.96694709e-03 8.86021718e-04 3.01821245e-03 -2.99640551e-03 -1.11458441e-04 3.05240240e-03 9.97062836e-01 3.63280496e+00 2.99899292e-02 2.68086639e-01
6.76328140e-04 -6.07767181e-04 -8.76584932e-04 1.92547455e-03 1.25002094e-03 2.36681769e-03 -2.10834121e-03 1.51441932e-03 2.28470701e-03 6.65076313e-01 3.59307780e+00 -5.92513442e-02 2.47725733e-01
7.49809165e-04 -1.55565743e-03 -1.15451794e-03 2.00553641e-03 8.82089346e-04 2.16416994e-03 -2.14214483e-03 8.63465681e-04 2.26160408e-03 6.64997861e-01 3.21505809e+00 -6.88751267e-02 2.52225585e-01
9.78057547e-04 -2.00158757e-03 -1.30794561e-03 2.43828939e-03 8.19576382e-04 2.87531790e-03 -2.62880658e-03 9.99729189e-04 2.81740784e-03 9.85834476e-01 3.80071694e+00 3.00827239e-02 2.64782930e-01
8.55486898e-04 -1.61443273e-03 -1.29850330e-03 2.18840525e-03 1.01846318e-03 1.92056416e-03 -2.48311360e-03 1.04002833e-03 2.52463477e-03 6.60701145e-01 3.64825675e+00 -5.64025501e-02 2.41244908e-01
1.00561859e-03 -1.93452974e-03 -1.11090208e-03 2.12466670e-03 6.09281899e-04 2.98838533e-03 -2.30518356e-03 7.46156838e-04 2.51863771e-03 9.32473040e-01 3.38620758e+00 5.11763586e-03 2.73350038e-01
6.56982482e-04 -8.48884687e-04 -1.20607482e-03 2.36400718e-03 1.26019340e-03 2.76943647e-03 -2.65962580e-03 1.87545753e-03 2.88436608e-03 7.04319229e-01 3.85517848e+00 -4.52928807e-02 2.44344886e-01
1.43284657e-03 -2.30081031e-03 -1.37210638e-03 2.59790200e-03 9.10634476e-04 2.79966983e-03 -2.58680670e-03 -3.69734573e-05 2.65337026e-03 9.19226790e-01 3.52137097e+00 1.55505872e-02 2.70669949e-01
7.54225071e-04 -7.28120183e-04 -1.03527726e-03 2.22551311e-03 1.29189247e-03 2.53217781e-03 -2.50802102e-03 1.73944646e-03 2.68021242e-03 7.37867645e-01 3.86615292e+00 -3.95848341e-02 2.43308670e-01
1.86976928e-03 -2.98175908e-03 -1.74037240e-03 3.33378484e-03 1.11071088e-03 3.69935001e-03 -3.32383779e-03 -7.77667585e-05 3.41828249e-03 9.65044653e-01 3.87828688e+00 4.00615229e-02 2.71675784e-01
5.79277745e-04 -1.63992983e-03 -1.43211496e-03 2.44739254e-03 7.26672285e-04 3.36150368e-03 -2.74152200e-03 1.64159923e-03 3.06261665e-03 9.66014162e-01 3.76915278e+00 6.52189614e-03 2.64212462e-01
9.42102659e-04 -1.70486601e-03 -1.15879806e-03 1.94944340e-03 9.28231807e-04 1.80795200e-03 -2.08177915e-03 4.51910662e-04 2.12635992e-03 6.41179553e-01 3.25763094e+00 -5.72220442e-02 2.52432736e-01
9.12969728e-04 -1.74091648e-03 -1.17206703e-03 1.98960465e-03 8.44581221e-04 1.90295167e-03 -2.13151180e-03 5.05582376e-04 2.19746867e-03 6.44491689e-01 3.26044864e+00 -5.85513468e-02 2.53882456e-01
6.40181947e-04 -1.74681834e-03 -1.52648094e-03 2.60530150e-03 8.94173660e-04 3.42450517e-03 -2.86639415e-03 1.66976135e-03 3.17553194e-03 9.99042580e-01 3.89583264e+00 1.95646400e-02 2.62752435e-01
6.85677270e-04 -1.85724420e-03 -1.51687148e-03 2.50841202e-03 7.77520993e-04 2.73144863e-03 -2.80795119e-03 1.37677170e-03 3.01138770e-03 9.63366057e-01 3.67138817e+00 -3.48864741e-03 2.52065734e-01
1.09654207e-03 -2.06462887e-03 -1.34898532e-03 2.42175328e-03 1.07850994e-03 2.76734787e-03 -2.52457568e-03 7.43464028e-04 2.67198232e-03 6.44887331e-01 3.72600891e+00 -3.24892080e-02 2.64430452e-01
7.19299307e-04 -1.71353037e-03 -1.53396001e-03 2.65720774e-03 1.08946270e-03 3.00177460e-03 -2.90146992e-03 1.60587948e-03 3.11540038e-03 7.28973067e-01 3.88995399e+00 -3.31206196e-02 2.52402408e-01
1.25749540e-03 -2.27636768e-03 -1.39041699e-03 2.65058961e-03 1.02153520e-03 2.96708266e-03 -2.76260856e-03 7.00148225e-04 2.90817683e-03 9.36710963e-01 3.76143796e+00 2.10337504e-02 2.64099837e-01
1.43468024e-03 -2.11673745e-03 -1.03657012e-03 2.21143670e-03 3.50733062e-04 2.41350286e-03 -2.33080462e-03 -2.43143948e-04 2.36891024e-03 6.20691869e-01 3.16570024e+00 -3.66773256e-02 2.73589811e-01
9.80712909e-04 -1.02897099e-03 -1.33259177e-03 2.53978874e-03 1.73759752e-03 2.69618128e-03 -2.88586314e-03 1.83669365e-03 3.02009201e-03 9.90092444e-01 4.18179422e+00 -1.90399017e-03 2.40504328e-01
1.67015374e-03 -2.64978367e-03 -1.53291009e-03 2.98022139e-03 1.05400600e-03 3.23443380e-03 -2.98827955e-03 3.95299460e-05 3.07139366e-03 6.68174618e-01 3.69022521e+00 -2.91109141e-02 2.68523408e-01
6.25795857e-04 -8.41490645e-04 -1.11119091e-03 2.16020738e-03 1.15012090e-03 2.50581495e-03 -2.43261436e-03 1.66794486e-03 2.62428166e-03 9.49575595e-01 3.78098210e+00 -1.30703947e-03 2.47089497e-01
5.38162859e-04 -1.43902328e-03 -1.28892699e-03 2.20344256e-03 7.37360151e-04 2.62344250e-03 -2.45787039e-03 1.40486334e-03 2.67461956e-03 6.70073132e-01 3.55387948e+00 -5.21527681e-02 2.55259159e-01
1.26278760e-03 -2.37347173e-03 -1.56974167e-03 2.76757989e-03 1.21269722e-03 2.94341265e-03 -2.87467724e-03 7.02006731e-04 3.00500406e-03 1.00157914e+00 3.84846556e+00 3.00562821e-02 2.61353672e-01
1.21236847e-03 -2.26227429e-03 -1.32612197e-03 2.52546298e-03 7.92645091e-04 2.87215217e-03 -2.70752422e-03 6.80320099e-04 2.86308979e-03 9.28038424e-01 3.51254005e+00 -1.02428802e-02 2.62372369e-01
6.34909420e-04 -1.56467724e-03 -1.39037201e-03 2.21128821e-03 9.81679512e-04 2.36053693e-03 -2.43780952e-03 1.22113762e-03 2.59173824e-03 6.50162084e-01 3.74709759e+00 -3.67862226e-02 2.54454059e-01
1.01483840e-03 -2.09641220e-03 -1.46993936e-03 2.59433415e-03 1.13496897e-03 3.14720456e-03 -2.71503199e-03 1.05138828e-03 2.92108625e-03 8.91929192e-01 3.72901113e+00 -1.15207549e-02 2.62909722e-01
8.49100511e-04 -2.04401675e-03 -1.54559875e-03 2.60966006e-03 8.24440213e-04 2.68401679e-03 -2.92178523e-03 1.25739099e-03 3.09036921e-03 7.18649914e-01 3.88982275e+00 -1.38374157e-02 2.53546814e-01
7.38059446e-04 -2.04931708e-03 -1.81140445e-03 2.96738044e-03 1.02567166e-03 3.34366310e-03 -3.31468969e-03 1.78546053e-03 3.57946147e-03 8.98196535e-01 4.19743575e+00 1.51325187e-02 2.55113587e-01
1.22922709e-03 -2.21067097e-03 -1.38978322e-03 2.62001244e-03 1.11662536e-03 2.92919026e-03 -2.71614524e-03 7.40249938e-04 2.85660653e-03 7.91129318e-01 3.68162478e+00 -1.45453087e-02 2.61562037e-01
5.57635940e-04 -1.19743182e-03 -1.54787134e-03 2.71773434e-03 1.16759696e-03 2.91323754e-03 -3.07187738e-03 2.04537796e-03 3.28665293e-03 7.52938271e-01 4.18203171e+00 -2.09935570e-02 2.45455443e-01
1.49518724e-03 -2.43094000e-03 -1.39505904e-03 2.70529415e-03 1.03069634e-03 3.13658629e-03 -2.71971059e-03 2.01575232e-04 2.83324839e-03 9.05056761e-01 3.56409557e+00 9.61460325e-03 2.69958013e-01
6.29724336e-04 -1.21458563e-03 -1.38837162e-03 2.37714014e-03 1.24288103e-03 2.69574534e-03 -2.65073854e-03 1.68600110e-03 2.85181004e-03 8.91438450e-01 3.93422068e+00 -2.74509150e-03 2.49816239e-01
1.75137993e-03 -2.98803596e-03 -1.67635330e-03 3.19798254e-03 8.89252008e-04 3.38551795e-03 -3.35728720e-03 2.06571268e-04 3.47141902e-03 7.77799488e-01 3.87794415e+00 -2.22646954e-03 2.66441866e-01
1.24748075e-03 -2.15927238e-03 -1.44467951e-03 2.48504605e-03 8.12299775e-04 2.31814685e-03 -2.48296674e-03 -1.54158544e-04 2.51044401e-03 9.38229607e-01 3.39731461e+00 1.20912171e-02 2.66128837e-01
7.79079100e-04 -4.81653925e-04 -7.21061558e-04 1.82272938e-03 1.29263969e-03 2.53307367e-03 -2.00378277e-03 1.50267697e-03 2.22731483e-03 6.63250539e-01 3.43747737e+00 -6.69177171e-02 2.49862039e-01
1.15134741e-03 -2.32108064e-03 -1.48596925e-03 2.68650904e-03 8.51097777e-04 2.79038978e-03 -2.90440545e-03 8.25679355e-04 3.04694185e-03 9.42025453e-01 3.71918820e+00 4.61630475e-03 2.57772984e-01
7.64240020e-04 -1.67200979e-03 -1.39066952e-03 2.42145802e-03 1.13058379e-03 2.90420282e-03 -2.58558420e-03 1.35054381e-03 2.79373397e-03 6.87306575e-01 3.79749915e+00 -3.10190038e-02 2.58949940e-01
5.68753813e-04 -1.57916206e-03 -1.43830346e-03 2.36109342e-03 8.13144146e-04 2.45768913e-03 -2.64085095e-03 1.40342643e-03 2.81002712e-03 6.81513642e-01 3.76781842e+00 -4.11919451e-02 2.50868023e-01
1.25075994e-03 -2.39532279e-03 -1.51643131e-03 2.74987671e-03 1.11071640e-03 3.27846511e-03 -2.86196786e-03 7.95379280e-04 3.05128745e-03 9.80747928e-01 3.75188555e+00 2.13712328e-02 2.65446704e-01
1.05277535e-03 -2.20382650e-03 -1.70354162e-03 2.86260081e-03 1.39846814e-03 3.10352352e-03 -3.03769282e-03 1.24979960e-03 3.21012747e-03 1.00291046e+00 4.09584934e+00 2.24137353e-02 2.57239011e-01
7.24890545e-04 -1.55631420e-03 -1.03050490e-03 1.92969966e-03 5.56094246e-04 2.23807846e-03 -2.10775155e-03 8.48369823e-04 2.25843294e-03 6.50012417e-01 3.18850501e+00 -5.55100653e-02 2.59439233e-01
1.24641054e-03 -2.55510076e-03 -1.63024167e-03 2.91561229e-03 9.07036862e-04 3.15395040e-03 -3.15161329e-03 8.97098539e-04 3.32646711e-03 7.14151374e-01 4.09063110e+00 9.18714828e-05 2.63309424e-01
7.40525853e-04 -1.83450532e-03 -1.52658251e-03 2.47799652e-03 1.04527849e-03 2.81982660e-03 -2.69599575e-03 1.30645250e-03 2.89796877e-03 9.07647883e-01 3.63878667e+00 -1.78586406e-02 2.53821414e-01
5.62879766e-04 -1.39250071e-03 -1.26685042e-03 2.10747827e-03 7.62311998e-04 2.13436200e-03 -2.39507056e-03 1.27140397e-03 2.52880047e-03 6.59211495e-01 3.51195382e+00 -6.23808943e-02 2.45796235e-01
1.13754287e-03 -2.08070871e-03 -1.25516702e-03 2.34869698e-03 9.24032418e-04 2.88930135e-03 -2.42592806e-03 5.88083902e-04 2.58736766e-03 9.71368894e-01 3.53479062e+00 1.95631311e-02 2.69537949e-01
1.02243347e-03 -2.05955435e-03 -1.42683290e-03 2.48457743e-03 1.05154901e-03 2.69039665e-03 -2.65710635e-03 9.21375910e-04 2.80333475e-03 6.82676588e-01 3.68430375e+00 -3.95702898e-02 2.57429735e-01
8.21229274e-04 -1.89709159e-03 -1.43369124e-03 2.55819318e-03 9.01718404e-04 2.99498320e-03 -2.77621417e-03 1.32306475e-03 2.99296349e-03 9.64217020e-01 3.80367833e+00 1.55294826e-02 2.59290893e-01
6.62767256e-04 -1.83055410e-03 -1.47422081e-03 2.47600452e-03 6.67556260e-04 2.73108938e-03 -2.79431728e-03 1.38561881e-03 3.00409816e-03 8.84587415e-01 3.74707749e+00 2.88994972e-04 2.54817160e-01
1.28275334e-03 -2.55924295e-03 -1.78476083e-03 3.06725161e-03 1.44421394e-03 3.48751290e-03 -3.18926939e-03 1.04033660e-03 3.38418399e-03 7.86503221e-01 4.09060283e+00 -5.02781564e-03 2.61829597e-01
1.18800772e-03 -2.26091637e-03 -1.23879638e-03 2.42865503e-03 4.95296609e-04 2.79002642e-03 -2.69036121e-03 6.58241164e-04 2.85188086e-03 6.98323325e-01 3.52272371e+00 -3.30981168e-02 2.64669092e-01
1.02152061e-03 -1.96448991e-03 -1.69117347e-03 2.82058504e-03 1.59080913e-03 3.01347864e-03 -3.06113523e-03 1.48898273e-03 3.21721879e-03 9.89647007e-01 4.17934080e+00 2.53937329e-02 2.51871771e-01
7.79072925e-04 -1.12329447e-03 -1.24286740e-03 2.33274669e-03 1.26314965e-03 2.23204025e-03 -2.64875429e-03 1.57801906e-03 2.72532723e-03 9.41543508e-01 3.90953398e+00 -2.18527034e-02 2.38012739e-01
1.13669527e-03 -1.75621748e-03 -8.67413038e-04 1.83480757e-03 4.86946453e-04 2.33452370e-03 -1.91617876e-03 9.26530905e-05 2.00688557e-03 5.99858756e-01 2.98135605e+00 -4.88069355e-02 2.75077514e-01
1.38426734e-03 -2.56882422e-03 -1.53971520e-03 2.87992273e-03 9.71694183e-04 3.24142802e-03 -3.03628953e-03 6.68319436e-04 3.19899048e-03 7.99395346e-01 3.97366402e+00 1.91292279e-02 2.66682179e-01
7.83715976e-04 -1.80247308e-03 -1.60300051e-03 2.71274382e-03 1.16078439e-03 3.00347320e-03 -2.99607139e-03 1.60648179e-03 3.20104664e-03 8.68548056e-01 3.89319616e+00 -2.01361436e-02 2.49805945e-01
1.34018057e-03 -2.24081108e-03 -1.56664472e-03 2.68663952e-03 1.55500207e-03 2.56433124e-03 -2.77036739e-03 6.04288912e-04 2.81712001e-03 8.89362183e-01 3.71712788e+00 -1.09249908e-02 2.51025656e-01
5.43289298e-04 -1.86022979e-03 -1.63172826e-03 2.75446727e-03 4.58374437e-04 3.88716768e-03 -3.20333394e-03 1.96719837e-03 3.60405759e-03 7.73741347e-01 4.09779847e+00 5.84906776e-03 2.66523365e-01
9.05414347e-04 -2.22386602e-03 -1.61196654e-03 2.75813018e-03 8.64098241e-04 3.74571238e-03 -3.03233362e-03 1.43945018e-03 3.35247627e-03 8.21852357e-01 4.03555005e+00 1.89578268e-02 2.68876002e-01
1.12878323e-03 -2.31469843e-03 -1.67058692e-03 2.75597946e-03 1.14136772e-03 2.51801391e-03 -3.03300950e-03 9.57489624e-04 3.12252795e-03 8.54397658e-01 3.84574271e+00 -1.85633827e-02 2.47407033e-01
4.75648470e-04 -1.16754109e-03 -1.15652509e-03 2.01752575e-03 7.93220626e-04 2.40222877e-03 -2.23475355e-03 1.37646882e-03 2.43144543e-03 6.67921533e-01 3.52464232e+00 -4.52935897e-02 2.54967144e-01
1.52428590e-03 -2.76422383e-03 -1.72639261e-03 3.11411709e-03 1.24881597e-03 3.30473466e-03 -3.23069356e-03 5.86396945e-04 3.36659628e-03 9.93986789e-01 3.92304043e+00 2.23935281e-02 2.61755122e-01
8.79888855e-04 -1.68301517e-03 -1.24764641e-03 2.01034231e-03 9.80481463e-04 1.75482603e-03 -2.22508095e-03 6.85733862e-04 2.26127475e-03 6.71222772e-01 3.37742992e+00 -6.02365688e-02 2.44722152e-01
8.99053003e-04 -2.22835708e-03 -1.53861857e-03 2.67818375e-03 6.14195358e-04 3.84097937e-03 -3.02033892e-03 1.42996812e-03 3.36260334e-03 1.00859220e+00 3.92836160e+00 3.77044097e-02 2.71204304e-01
6.55089212e-04 -1.75272207e-03 -1.44588115e-03 2.39022945e-03 8.36446982e-04 2.91032419e-03 -2.63473255e-03 1.36538763e-03 2.87632142e-03 8.87489810e-01 3.78655488e+00 8.51606478e-03 2.61368794e-01
1.31480036e-03 -2.64995553e-03 -1.80018959e-03 3.10711407e-03 1.22017937e-03 3.17763071e-03 -3.32253391e-03 9.60576432e-04 3.47264641e-03 7.82175607e-01 3.99978111e+00 -1.44734784e-02 2.55583295e-01
5.48690451e-04 -1.81586447e-03 -1.50915457e-03 2.51841025e-03 4.14694183e-04 3.54810985e-03 -2.92412529e-03 1.70272680e-03 3.28204837e-03 7.26393691e-01 3.93825101e+00 -9.37059251e-03 2.67724721e-01
1.30257047e-03 -2.38731035e-03 -1.73324068e-03 2.81794645e-03 1.51880786e-03 2.63661805e-03 -2.95892271e-03 6.91756134e-04 3.02040793e-03 9.39145777e-01 3.79369033e+00 1.67438992e-03 2.49705223e-01
1.56245974e-03 -2.62538252e-03 -1.80135433e-03 3.10125529e-03 1.35278251e-03 2.84784714e-03 -3.08030816e-03 2.32761155e-05 3.10564781e-03 7.53870999e-01 3.81050351e+00 -7.13243695e-03 2.60310194e-01
7.29202094e-04 -7.35027392e-04 -1.13624029e-03 2.44472037e-03 1.36422515e-03 3.55827959e-03 -2.71786651e-03 2.10799791e-03 3.08875445e-03 9.04980135e-01 3.96726448e+00 -2.01064631e-03 2.56776396e-01
1.23018767e-03 -2.46123342e-03 -1.65560970e-03 2.93657394e-03 1.27261194e-03 3.54723072e-03 -3.07772417e-03 1.08070625e-03 3.30354348e-03 1.02998056e+00 3.88858473e+00 1.98752797e-02 2.62850894e-01
5.62888221e-04 -1.27124000e-03 -9.68848115e-04 1.70030728e-03 5.78253832e-04 1.77397156e-03 -1.88981522e-03 8.55268833e-04 1.99687737e-03 6.23320025e-01 3.20148241e+00 -6.08381175e-02 2.53789137e-01
7.79120931e-04 -1.64663983e-03 -1.46811993e-03 2.48939447e-03 1.13440934e-03 2.38307454e-03 -2.76078669e-03 1.37607631e-03 2.86459250e-03 8.98746405e-01 3.90619733e+00 -1.41447648e-02 2.45587153e-01
1.31969314e-03 -2.45587114e-03 -1.40331701e-03 2.70387229e-03 8.40701176e-04 3.47853507e-03 -2.88220754e-03 7.73881866e-04 3.09949963e-03 7.10461664e-01 3.72844520e+00 -1.09790628e-02 2.69962389e-01
9.14056307e-04 -1.84001991e-03 -1.52294469e-03 2.61714157e-03 1.25194015e-03 2.67132504e-03 -2.86696253e-03 1.35523826e-03 2.99866460e-03 8.43971420e-01 3.93079828e+00 -1.46441474e-02 2.48928099e-01
1.30326322e-03 -2.62420319e-03 -1.58279157e-03 2.93853170e-03 8.33143106e-04 3.59635907e-03 -3.18130171e-03 9.62077415e-04 3.41547902e-03 8.38521687e-01 3.95386902e+00 1.55305130e-02 2.67289008e-01
8.05583499e-04 -1.72151778e-03 -1.34675628e-03 2.35603767e-03 1.08401944e-03 2.82298992e-03 -2.50556478e-03 1.20733080e-03 2.70063097e-03 7.00357533e-01 3.60026238e+00 -4.71397179e-02 2.57805101e-01
1.18908761e-03 -2.40240578e-03 -1.56803124e-03 2.90140094e-03 9.56842184e-04 3.05545995e-03 -3.12962823e-03 1.04266780e-03 3.29388531e-03 1.00004077e+00 4.02028897e+00 4.06621225e-02 2.59013129e-01
1.57445606e-03 -2.06619650e-04 -4.57186331e-04 2.32196357e-03 2.21241386e-03 3.16860121e-03 -2.52116023e-03 1.90942964e-03 2.74933748e-03 8.01574368e-01 4.06600022e+00 -3.51155647e-02 2.42996716e-01
1.74933730e-03 -2.77128570e-03 -1.86751739e-03 3.45176050e-03 1.08456788e-03 3.47093786e-03 -3.27438117e-03 -4.43183452e-04 3.29780640e-03 9.04208024e-01 3.81218130e+00 4.50847443e-02 2.71857833e-01
3.97482144e-04 -1.42341657e-03 -1.40289729e-03 2.24439321e-03 6.26708022e-04 2.91194933e-03 -2.55500013e-03 1.59333453e-03 2.84793126e-03 8.79254505e-01 3.61900582e+00 -7.90990109e-03 2.59762202e-01
1.54256080e-03 -2.88818760e-03 -1.97934295e-03 3.29884199e-03 1.53003701e-03 3.19594575e-03 -3.45076197e-03 6.68965568e-04 3.55128872e-03 7.71930828e-01 4.19097746e+00 -2.29247387e-03 2.57208653e-01
1.05423167e-03 -3.90139699e-05 -2.06247921e-04 1.43676446e-03 1.42864298e-03 1.95644578e-03 -1.56305607e-03 1.19305969e-03 1.69719292e-03 6.61966149e-01 3.24278939e+00 -7.86159158e-02 2.40633725e-01
1.49656416e-03 -2.36813218e-03 -1.65676546e-03 3.08306912e-03 1.03934791e-03 3.21758700e-03 -2.84659755e-03 -3.68574747e-04 2.87495816e-03 1.00807740e+00 3.55382158e+00 3.70409736e-02 2.73392467e-01
1.24999349e-03 -2.22580723e-03 -1.27405052e-03 2.53473919e-03 9.11258192e-04 3.28541913e-03 -2.64653239e-03 7.39159743e-04 2.84387390e-03 7.84701406e-01 3.68671003e+00 -4.04098386e-03 2.70728979e-01
7.96457837e-04 -2.09044139e-03 -1.90709697e-03 2.99875799e-03 1.14065766e-03 2.83997286e-03 -3.39897680e-03 1.67542062e-03 3.55348212e-03 8.99020034e-01 4.18547294e+00 3.76013336e-03 2.44508722e-01
6.13563630e-04 -1.73979047e-03 -1.50157320e-03 2.44150027e-03 8.31727672e-04 2.79311632e-03 -2.70575271e-03 1.41044208e-03 2.92803728e-03 9.93902772e-01 3.67908951e+00 -8.01604507e-04 2.55076874e-01
7.10146891e-04 -1.29448927e-03 -8.23206808e-04 1.51553148e-03 6.38856309e-04 1.66994093e-03 -1.59745375e-03 4.49140428e-04 1.67651441e-03 6.08277475e-01 2.90879700e+00 -7.02771055e-02 2.61041295e-01
5.26101100e-04 -1.18253226e-03 -1.23242860e-03 2.02994091e-03 9.87227906e-04 2.32111141e-03 -2.25910231e-03 1.36322102e-03 2.43484722e-03 6.72023363e-01 3.44650330e+00 -6.22986875e-02 2.48308199e-01
1.24462762e-03 -2.14983679e-03 -1.20539122e-03 2.31746047e-03 6.51758813e-04 2.47412221e-03 -2.44452586e-03 2.39971077e-04 2.53642182e-03 9.21571106e-01 3.48145017e+00 1.02080078e-02 2.67682565e-01
6.72914293e-04 -1.90757455e-03 -1.48388905e-03 2.48786665e-03 6.03099247e-04 2.79491379e-03 -2.80537176e-03 1.34800517e-03 3.02814597e-03 8.26887553e-01 3.77021253e+00 -4.29330766e-03 2.57517866e-01
1.26591974e-03 -2.53926054e-03 -1.83146314e-03 3.12615050e-03 1.53259352e-03 3.49824748e-03 -3.25293300e-03 1.13746867e-03 3.44368256e-03 8.57654124e-01 4.11020824e+00 4.40454628e-03 2.59370637e-01
8.40554963e-04 -2.05688176e-03 -1.57281470e-03 2.72748524e-03 9.24457121e-04 3.28304947e-03 -2.97112875e-03 1.42483278e-03 3.22370999e-03 8.36787662e-01 4.01957410e+00 6.70898971e-03 2.62352416e-01
1.17304317e-03 -2.37296812e-03 -1.64425011e-03 2.84001113e-03 1.18582743e-03 2.96859364e-03 -3.04186269e-03 1.00294052e-03 3.19335660e-03 8.46528050e-01 3.84085702e+00 -6.55861578e-03 2.54692850e-01
9.42465827e-04 -1.77722519e-03 -1.12882120e-03 2.12401691e-03 8.53498365e-04 2.51782090e-03 -2.21800059e-03 7.11249448e-04 2.36293101e-03 6.35897866e-01 3.42644394e+00 -4.84992917e-02 2.64828129e-01
7.57666193e-04 -2.04686462e-03 -1.73107162e-03 2.78263532e-03 9.77919640e-04 2.92791890e-03 -3.10107428e-03 1.50153474e-03 3.30597491e-03 1.02789894e+00 3.93948796e+00 2.11219013e-02 2.51291587e-01
7.43668028e-04 -1.88697994e-03 -1.38397847e-03 2.45259977e-03 6.29790756e-04 3.19351217e-03 -2.72723606e-03 1.35394813e-03 2.99863521e-03 7.49763732e-01 3.82193208e+00 -1.15705933e-02 2.66108805e-01
1.33801475e-03 -2.46422004e-03 -1.74999704e-03 3.06058113e-03 1.53200034e-03 3.04032307e-03 -3.22222019e-03 1.01963727e-03 3.33073503e-03 9.35261250e-01 3.98410787e+00 1.01907687e-02 2.50886958e-01
1.58772584e-03 -2.64724397e-03 -1.56686811e-03 2.94141746e-03 1.10596468e-03 3.25764236e-03 -2.97253604e-03 1.94758292e-04 3.08147008e-03 7.28048592e-01 3.75289226e+00 -1.79728678e-02 2.68288678e-01
6.01387896e-04 -1.06182722e-03 -1.35793771e-03 2.56936741e-03 1.20552741e-03 2.93232414e-03 -2.84980997e-03 1.95972552e-03 3.07606472e-03 9.46480186e-01 4.01251343e+00 1.09619691e-02 2.47321686e-01
7.78921721e-04 -1.79773585e-03 -1.47672623e-03 2.58484386e-03 1.06663564e-03 3.12844964e-03 -2.78942923e-03 1.46936801e-03 3.02659009e-03 6.79993051e-01 3.94855905e+00 -2.49959172e-02 2.60268056e-01
1.12020605e-03 -2.16907602e-03 -1.39529030e-03 2.50048244e-03 9.31225425e-04 2.59448319e-03 -2.68101820e-03 7.37992256e-04 2.80550475e-03 9.29610230e-01 3.56838847e+00 -5.71774854e-03 2.56593970e-01
6.51201649e-04 -1.25295736e-03 -9.13635576e-04 1.63007916e-03 7.67384400e-04 1.73063891e-03 -1.73409256e-03 6.85836773e-04 1.81820025e-03 6.46955050e-01 2.96683724e+00 -7.55166384e-02 2.52186142e-01
9.46895761e-04 -2.05122938e-03 -1.38705925e-03 2.56120823e-03 8.14424556e-04 3.11179136e-03 -2.77550194e-03 1.16613664e-03 2.99795581e-03 1.00318476e+00 3.82664861e+00 2.49963147e-02 2.64271132e-01
1.47029085e-03 -2.36241809e-03 -1.55165941e-03 2.86649763e-03 9.01864965e-04 3.03596545e-03 -2.74088672e-03 -2.99765071e-04 2.78121681e-03 8.15878571e-01 3.48561712e+00 1.65593590e-03 2.72948025e-01
1.65361160e-03 -2.50438174e-04 -5.94338557e-04 2.75820120e-03 2.39224322e-03 3.52887269e-03 -2.96900910e-03 2.25467934e-03 3.18611818e-03 8.60034608e-01 4.39209255e+00 -3.01276957e-03 2.41242118e-01
9.24904317e-04 -1.11309415e-03 -1.41269479e-03 2.69883209e-03 1.60402825e-03 2.84591396e-03 -3.07845989e-03 1.97774333e-03 3.23473614e-03 8.83570206e-01 4.20372451e+00 -1.37726791e-02 2.39509146e-01
1.72620056e-03 -2.66595778e-03 -1.39213569e-03 2.82288190e-03 6.59161482e-04 3.21838111e-03 -2.91820201e-03 -1.49691179e-04 3.00069534e-03 7.91349338e-01 3.65541393e+00 1.39795548e-02 2.74477591e-01
8.51291869e-04 -1.84006682e-03 -1.09946392e-03 2.08408452e-03 3.65025377e-04 2.81199044e-03 -2.35717438e-03 9.14017908e-04 2.57720426e-03 6.15526064e-01 3.47439004e+00 -3.98726612e-02 2.70206970e-01
1.00230422e-03 -2.01797666e-03 -1.60869745e-03 2.55234293e-03 1.34385865e-03 2.41384505e-03 -2.78124793e-03 1.03330376e-03 2.86406965e-03 9.94223654e-01 3.75833718e+00 -1.26019540e-03 2.45977239e-01
8.29694087e-04 -4.77121689e-04 -8.72694755e-04 2.28092467e-03 1.46170252e-03 3.03046085e-03 -2.48532209e-03 1.93511892e-03 2.75333997e-03 1.00369063e+00 3.90316767e+00 1.04333962e-02 2.50037502e-01
1.15576560e-03 -1.99036029e-03 -1.34368084e-03 2.32413679e-03 8.98277340e-04 2.34130088e-03 -2.27764392e-03 -5.46893524e-05 2.32231812e-03 6.24386000e-01 3.20727696e+00 -5.55693818e-02 2.65925900e-01
1.97297933e-03 -2.64481961e-04 -5.12018587e-04 2.72473998e-03 2.70083202e-03 3.56942288e-03 -2.98546979e-03 2.17802686e-03 3.20380792e-03 9.74763036e-01 4.48625668e+00 1.06445182e-02 2.41061296e-01
1.39166968e-03 -2.15904490e-03 -1.40576067e-03 2.65665838e-03 7.14598023e-04 2.71293342e-03 -2.54188301e-03 -4.10257945e-04 2.55573084e-03 7.00118138e-01 3.30182547e+00 -1.79590632e-02 2.73024009e-01
1.42997402e-03 -2.36043110e-03 -1.56027501e-03 2.81527157e-03 1.31613450e-03 2.96271359e-03 -2.72485145e-03 1.26540623e-04 2.79625628e-03 9.25602770e-01 3.60076136e+00 -1.45760055e-03 2.65536152e-01
4.22605247e-04 -6.45289256e-04 -1.03475921e-03 2.02784623e-03 8.90269877e-04 2.57068787e-03 -2.28931381e-03 1.72134498e-03 2.54104093e-03 6.63757493e-01 3.60969082e+00 -4.44951051e-02 2.50697001e-01
9.74453258e-04 -2.26582790e-03 -1.41964744e-03 2.56378682e-03 4.47466818e-04 3.19339162e-03 -2.89667339e-03 1.08380280e-03 3.14319631e-03 9.44840386e-01 3.86262813e+00 3.74279644e-02 2.67913723e-01
1.00448029e-03 -2.07193933e-03 -1.63878720e-03 2.64150904e-03 1.37608198e-03 2.68592169e-03 -2.83712659e-03 1.10799827e-03 2.96049654e-03 7.40560882e-01 3.77456330e+00 -4.20283083e-02 2.49145917e-01
1.15745112e-03 -2.14554210e-03 -1.48946505e-03 2.52785347e-03 1.31937686e-03 2.67252198e-03 -2.59817342e-03 6.61240488e-04 2.70794288e-03 8.44485902e-01 3.68820932e+00 -1.19350994e-02 2.59194140e-01
6.41131516e-04 -2.00748661e-03 -1.78003373e-03 3.06920305e-03 7.23302160e-04 3.73253042e-03 -3.47400984e-03 2.03180778e-03 3.80970200e-03 8.25843426e-01 4.18665234e+00 8.85439525e-03 2.57715050e-01
3.39274267e-04 -7.75594429e-04 -9.32366422e-04 1.61656583e-03 6.33208174e-04 1.76542594e-03 -1.85131034e-03 1.20913056e-03 1.98965003e-03 6.63168162e-01 3.09776605e+00 -8.24119599e-02 2.42922410e-01
1.59675665e-03 -2.58456030e-03 -1.52688044e-03 2.94334173e-03 1.21170524e-03 3.39888621e-03 -2.91270690e-03 2.15250081e-04 3.03026642e-03 1.06523565e+00 3.86657565e+00 5.83069545e-02 2.71841478e-01
8.75403586e-04 -1.97266910e-03 -1.54858377e-03 2.55970798e-03 9.76346303e-04 2.46769552e-03 -2.87200874e-03 1.21676066e-03 2.99631860e-03 8.14201100e-01 3.99554873e+00 -9.41495747e-03 2.51293012e-01
1.25143964e-03 -2.55394609e-03 -1.65618721e-03 2.99646753e-03 1.12012109e-03 3.78776787e-03 -3.16877600e-03 1.11656208e-03 3.42543659e-03 8.70081707e-01 3.88308199e+00 9.70733475e-03 2.65496065e-01
1.07505032e-03 -2.01986312e-03 -1.42834799e-03 2.56536911e-03 1.27072071e-03 2.81764075e-03 -2.67607568e-03 9.81052534e-04 2.81678538e-03 7.63107680e-01 3.78572281e+00 -2.48024759e-02 2.57867574e-01
8.78650222e-04 -2.32492480e-03 -1.76199374e-03 3.00683840e-03 8.13080740e-04 3.46586874e-03 -3.33804253e-03 1.54871608e-03 3.60563916e-03 9.36200331e-01 4.07003581e+00 2.70432495e-02 2.58910860e-01
4.72225192e-04 -1.15781667e-03 -1.35769935e-03 2.31907306e-03 9.80705659e-04 3.10232074e-03 -2.59569292e-03 1.79879015e-03 2.90691828e-03 9.98574837e-01 3.81186856e+00 2.17630289e-02 2.58741406e-01
1.30200098e-03 -2.36307219e-03 -1.54840603e-03 2.63034180e-03 1.01952573e-03 2.46040420e-03 -2.73992850e-03 2.48047419e-04 2.79687505e-03 6.61025634e-01 3.58162542e+00 -4.68982273e-02 2.58140015e-01
8.02144284e-04 -1.31494971e-03 -1.53235347e-03 2.72488518e-03 1.56498969e-03 3.01417482e-03 -3.01326537e-03 1.90950183e-03 3.20292852e-03 8.21261141e-01 4.21888178e+00 -1.58872285e-02 2.47310206e-01
1.63439323e-03 -2.68744136e-03 -1.42694668e-03 2.84700648e-03 6.79233283e-04 3.07396780e-03 -3.00500842e-03 1.10654893e-04 3.10250012e-03 8.66214313e-01 3.65111185e+00 1.73183857e-02 2.68624856e-01
9.41877164e-04 -2.13363946e-03 -1.58324905e-03 2.85834856e-03 9.51903341e-04 3.10598307e-03 -3.12277244e-03 1.41319615e-03 3.32311502e-03 9.25470118e-01 4.09870882e+00 3.35855059e-02 2.57242485e-01
1.14305221e-03 -2.19711470e-03 -1.50319229e-03 2.73802526e-03 1.25934274e-03 3.21196653e-03 -2.85503727e-03 1.05978722e-03 3.04332041e-03 7.77378698e-01 3.77020728e+00 -2.88673577e-02 2.59768740e-01
8.60073114e-04 -1.85084056e-03 -1.35246843e-03 2.41825662e-03 9.80167976e-04 2.91253470e-03 -2.57830040e-03 1.15548151e-03 2.78203379e-03 1.03202423e+00 3.65674564e+00 2.26697330e-02 2.61145698e-01
6.93934149e-04 -1.41213780e-03 -9.92618698e-04 1.79285363e-03 6.94722688e-04 1.89727942e-03 -1.92884276e-03 7.39445892e-04 2.02933185e-03 6.26307451e-01 3.16064513e+00 -7.18456417e-02 2.55160637e-01
1.32393498e-03 -2.61944346e-03 -1.49635035e-03 2.86151542e-03 6.69691681e-04 3.60127557e-03 -3.15232053e-03 9.42731574e-04 3.39519329e-03 1.05025593e+00 3.86819057e+00 4.37548254e-02 2.68429207e-01
6.20350412e-04 -1.32359906e-03 -1.14632041e-03 1.82889181e-03 9.15753586e-04 1.78331986e-03 -2.02029013e-03 9.16253821e-04 2.09807015e-03 6.52096002e-01 3.34427203e+00 -6.67194462e-02 2.47622422e-01
1.27015540e-03 -2.44894292e-03 -1.63518690e-03 2.96328110e-03 1.15863161e-03 3.03057032e-03 -3.20027341e-03 1.05234242e-03 3.34062964e-03 8.47854833e-01 4.00759868e+00 -1.02590696e-04 2.54790393e-01
7.99993151e-04 -1.99485026e-03 -1.56284771e-03 2.60484743e-03 9.76356861e-04 3.19481293e-03 -2.83410230e-03 1.36587351e-03 3.08692655e-03 8.36636290e-01 3.86714630e+00 1.51423175e-04 2.61922118e-01
4.72219940e-04 -1.16909513e-03 -1.17509029e-03 1.95272376e-03 7.95267671e-04 2.15564978e-03 -2.19853849e-03 1.29680387e-03 2.36110581e-03 9.33996549e-01 3.49484611e+00 -1.49313076e-02 2.51059803e-01
9.54223945e-04 -1.70791794e-03 -1.02200167e-03 1.89383426e-03 6.89882242e-04 2.13497670e-03 -1.97106549e-03 3.43493816e-04 2.06665005e-03 6.19036232e-01 3.06039583e+00 -6.47218322e-02 2.64626514e-01
1.26895476e-03 -2.31907898e-03 -1.38247915e-03 2.66267055e-03 9.38838082e-04 3.04455446e-03 -2.82559139e-03 7.69896888e-04 2.98763410e-03 7.21689396e-01 3.60156744e+00 -3.00914105e-02 2.61233289e-01
7.34736579e-04 -1.84403356e-03 -1.58835071e-03 2.55270282e-03 1.06471271e-03 2.73510123e-03 -2.80966816e-03 1.37768728e-03 2.99318036e-03 9.24908682e-01 4.01572541e+00 1.18881783e-02 2.55933439e-01
1.53676201e-03 -2.52704491e-03 -1.50733082e-03 2.80550164e-03 9.88947574e-04 2.87990753e-03 -2.85351534e-03 5.39604836e-05 2.92221025e-03 6.61587207e-01 3.62852800e+00 -3.45727163e-02 2.65773107e-01
6.17220166e-04 -8.64708624e-04 -1.16699417e-03 2.30200934e-03 1.23998517e-03 2.83355001e-03 -2.53189582e-03 1.80584699e-03 2.76775101e-03 9.74344049e-01 3.83360745e+00 7.15602254e-03 2.50303013e-01
2.31356238e-03 4.18660467e-04 3.29975581e-04 2.17850206e-03 2.71660729e-03 3.07894386e-03 -2.31711555e-03 1.81204886e-03 2.49476022e-03 9.79324309e-01 4.11065663e+00 1.00429511e-03 2.34729791e-01
1.42657607e-03 -2.07242033e-03 -1.58754072e-03 3.18577267e-03 1.40137528e-03 3.69509940e-03 -2.66175427e-03 -2.97317471e-04 2.70099426e-03 6.62105455e-01 3.52147424e+00 -2.07067089e-02 2.77083128e-01
1.23250368e-03 -2.22546227e-03 -1.14837842e-03 2.33243348e-03 4.47577187e-04 2.94066248e-03 -2.57448489e-03 5.62428277e-04 2.74758735e-03 8.30485825e-01 3.50132426e+00 4.21487163e-04 2.71021457e-01
1.15379557e-03 -2.04067474e-03 -1.80094478e-03 3.11807830e-03 1.76669521e-03 3.07302983e-03 -3.41428950e-03 1.68440740e-03 3.52342479e-03 8.39864134e-01 4.34968929e+00 -3.77456698e-03 2.44571088e-01
1.32898136e-03 -2.32431619e-03 -1.40077698e-03 2.60063627e-03 1.04734144e-03 3.06498239e-03 -2.63549880e-03 3.98015724e-04 2.77365311e-03 6.71938556e-01 3.65139969e+00 -2.62364111e-02 2.69648615e-01
5.62415747e-04 -1.43156620e-03 -1.53094403e-03 2.59210968e-03 9.46656891e-04 2.74304901e-03 -2.95884505e-03 1.80615340e-03 3.16091492e-03 9.68230421e-01 3.93426239e+00 4.01815371e-03 2.45510086e-01
1.36738404e-03 -2.55558491e-03 -1.55390771e-03 2.87079440e-03 1.01824213e-03 3.28370609e-03 -3.01127742e-03 6.78550914e-04 3.17996568e-03 8.06672840e-01 3.73236980e+00 -1.59358118e-02 2.63874501e-01
7.73647059e-04 -1.74846449e-03 -1.58714369e-03 2.73463653e-03 1.16196854e-03 2.95655853e-03 -3.02094588e-03 1.65230742e-03 3.21537578e-03 8.83639496e-01 4.15494681e+00 1.76363375e-02 2.52926680e-01
1.06243936e-03 -2.10926107e-03 -1.76700812e-03 2.91142905e-03 1.53670430e-03 2.97419944e-03 -3.19432331e-03 1.46616388e-03 3.33674944e-03 9.94736636e-01 4.22701680e+00 2.16020137e-02 2.50272189e-01
1.06788993e-03 -1.98741358e-03 -1.10302715e-03 2.22965968e-03 5.54078044e-04 2.71194972e-03 -2.42981754e-03 7.05738099e-04 2.59550526e-03 6.78161340e-01 3.39364951e+00 -3.69667999e-02 2.66056725e-01
8.64215923e-04 -1.87697438e-03 -1.42925921e-03 2.48482403e-03 9.61689303e-04 2.59486304e-03 -2.73242440e-03 1.19886656e-03 2.88261675e-03 9.96193034e-01 3.81957621e+00 1.38552082e-02 2.53833722e-01
7.42448818e-04 -1.50756723e-03 -1.01297127e-03 1.83992207e-03 7.21870971e-04 2.22431590e-03 -1.94509271e-03 7.27220595e-04 2.08817646e-03 6.32618304e-01 3.12013002e+00 -6.50905831e-02 2.62409594e-01
1.70352887e-03 -2.77664371e-03 -1.51908457e-03 3.09479468e-03 1.11105381e-03 3.71530222e-03 -3.15927627e-03 4.40153541e-04 3.31961675e-03 8.24149515e-01 4.02485858e+00 1.66326852e-02 2.71529589e-01
6.31551870e-04 -1.39472142e-03 -1.45181069e-03 2.53592913e-03 1.10628623e-03 2.64416578e-03 -2.81919097e-03 1.68789599e-03 2.98577955e-03 8.57913930e-01 3.82886296e+00 -1.49019823e-02 2.43630094e-01
2.00383476e-03 -2.90589256e-03 -1.29688563e-03 2.92028975e-03 5.63177538e-04 3.72299137e-03 -3.11202219e-03 -8.69369852e-05 3.23010975e-03 8.83964421e-01 3.75536491e+00 2.85208736e-02 2.77863696e-01
7.55918897e-04 -1.21623593e-03 -1.46488002e-03 2.42929547e-03 1.32500602e-03 2.19731804e-03 -2.84726262e-03 1.65467475e-03 2.91452954e-03 8.00882742e-01 4.03988701e+00 -2.73851678e-02 2.34959135e-01
6.31781555e-04 -1.75796785e-03 -1.52577759e-03 2.49884352e-03 9.04722890e-04 3.21091093e-03 -2.75540611e-03 1.53950512e-03 3.04209988e-03 7.42918716e-01 3.83178200e+00 -1.88644467e-02 2.61983524e-01
1.28585801e-03 -2.50912974e-03 -1.68373298e-03 2.91175898e-03 1.13683660e-03 2.81170928e-03 -3.12259921e-03 7.92295729e-04 3.23052963e-03 9.25994779e-01 3.92341353e+00 1.04264695e-02 2.54764991e-01
8.96150978e-04 -9.10856094e-04 -1.25123753e-03 2.35981951e-03 1.49399635e-03 2.21326510e-03 -2.76820444e-03 1.70934645e-03 2.82902175e-03 7.87713138e-01 4.13613451e+00 -3.40874838e-02 2.34600804e-01
2.11374231e-03 -3.03126825e-03 -1.45171076e-03 3.15132375e-03 5.73045955e-04 3.80476126e-03 -3.28207317e-03 -3.64059674e-04 3.35903609e-03 9.17633868e-01 3.72981081e+00 4.15912257e-02 2.78202739e-01
1.18732802e-03 -2.27008941e-03 -1.35350934e-03 2.56849881e-03 7.65601127e-04 2.84842562e-03 -2.78373150e-03 7.67820758e-04 2.93895752e-03 8.59207549e-01 3.77170734e+00 9.85998500e-03 2.63465472e-01
9.59542301e-04 -2.09506129e-03 -1.73930979e-03 2.92641499e-03 1.37670181e-03 3.30958862e-03 -3.17422082e-03 1.56530695e-03 3.39223882e-03 8.16368589e-01 4.04827010e+00 -1.24055433e-02 2.53360378e-01
4.54835344e-04 -1.12946503e-03 -9.58842016e-04 1.65198638e-03 5.70743678e-04 1.85590246e-03 -1.83898446e-03 9.75407113e-04 1.97478512e-03 6.21575873e-01 3.16934485e+00 -6.40604788e-02 2.55010470e-01
1.24076360e-03 -2.37504274e-03 -1.54397021e-03 2.75042816e-03 1.16898267e-03 3.10413111e-03 -2.87081931e-03 7.93333357e-04 3.03590593e-03 1.00562099e+00 3.73406859e+00 1.11030238e-02 2.61570944e-01
8.33112502e-04 -1.91585307e-03 -1.54000310e-03 2.56547117e-03 1.10485167e-03 2.88809455e-03 -2.79109236e-03 1.31670284e-03 2.98819642e-03 7.83262994e-01 3.81255282e+00 -2.51176160e-02 2.55271840e-01
1.22509167e-03 -2.57648354e-03 -1.67831592e-03 2.99136701e-03 9.56930519e-04 3.30746938e-03 -3.24564062e-03 1.05834608e-03 3.44624206e-03 9.14324133e-01 4.05288297e+00 2.82510049e-02 2.61473131e-01
1.76484920e-03 -3.01008961e-03 -1.59212756e-03 3.22699998e-03 9.94692881e-04 4.21492940e-03 -3.40936001e-03 6.79444569e-04 3.64304529e-03 9.23752124e-01 4.14830886e+00 4.32001912e-02 2.73685399e-01
7.23165229e-04 -1.43623104e-03 -1.33624236e-03 2.34003136e-03 1.08366166e-03 2.23453802e-03 -2.60684840e-03 1.38110155e-03 2.69861057e-03 7.82850194e-01 3.71110409e+00 -3.56144154e-02 2.40993468e-01
6.29793855e-04 -1.55339601e-03 -1.44059137e-03 2.46020619e-03 1.05193525e-03 3.19844194e-03 -2.67428690e-03 1.60854957e-03 2.95213273e-03 7.07869235e-01 3.70828446e+00 -4.21909097e-02 2.58438482e-01
1.35993131e-03 -2.36663573e-03 -1.44799111e-03 2.68237242e-03 1.02741186e-03 2.56702503e-03 -2.84992328e-03 5.13829293e-04 2.92253702e-03 9.55031693e-01 3.83774821e+00 2.56230792e-02 2.58575887e-01
1.79070989e-03 -2.70094796e-03 -1.49652463e-03 3.01985880e-03 9.24122500e-04 3.59716756e-03 -2.98493759e-03 -1.87640192e-04 3.07183864e-03 9.83765700e-01 3.65083070e+00 4.49384249e-02 2.76296247e-01
7.95081707e-04 -6.34149507e-04 -1.05914781e-03 2.32819171e-03 1.39192976e-03 2.41290231e-03 -2.64057293e-03 1.82987824e-03 2.76301305e-03 7.19576156e-01 4.00614392e+00 -4.72923941e-02 2.36990711e-01
1.06738696e-03 -2.03249505e-03 -1.15687283e-03 2.31463058e-03 5.97292662e-04 2.89966548e-03 -2.52174206e-03 8.13796503e-04 2.71101142e-03 6.67945148e-01 3.62473530e+00 -1.71297612e-02 2.68613199e-01
1.03532085e-03 -2.06327018e-03 -1.66702667e-03 2.83941279e-03 1.44299372e-03 2.90037384e-03 -3.05412496e-03 1.34941705e-03 3.18979540e-03 9.52103977e-01 3.94034336e+00 -7.61596563e-03 2.47840251e-01
7.03016350e-04 -1.44922362e-03 -1.60063584e-03 2.82861262e-03 1.33664864e-03 3.61122222e-03 -3.13218497e-03 2.08088851e-03 3.45443654e-03 8.72446151e-01 4.18767146e+00 1.05152083e-02 2.55751623e-01
1.47965720e-03 -2.46644158e-03 -1.47572527e-03 2.78905086e-03 1.04617858e-03 2.74838808e-03 -2.87823863e-03 2.82720730e-04 2.94622162e-03 8.12310190e-01 3.69612550e+00 -1.00861245e-02 2.60978369e-01
1.41135126e-03 -2.36358710e-03 -1.35213878e-03 2.61089568e-03 8.57420101e-04 2.82079847e-03 -2.68588564e-03 2.13479822e-04 2.78157049e-03 1.02691461e+00 3.53246189e+00 3.36317955e-02 2.67184046e-01
4.59270294e-04 -9.32785778e-04 -1.07918793e-03 1.85475370e-03 8.95826595e-04 2.11425561e-03 -2.08236141e-03 1.34261897e-03 2.24619633e-03 6.47309141e-01 3.44037366e+00 -7.06100074e-02 2.48639093e-01
1.31438392e-03 -2.12959377e-03 -1.55360727e-03 2.82390144e-03 1.05312212e-03 2.91380591e-03 -2.57697107e-03 -2.89994655e-04 2.60617543e-03 9.62707716e-01 3.41309930e+00 2.61205923e-02 2.72107898e-01
1.57107250e-03 7.86924302e-05 -5.75416927e-05 1.90899406e-03 2.04664219e-03 2.76781935e-03 -2.00480114e-03 1.59628976e-03 2.19165726e-03 6.75955512e-01 3.70718782e+00 -6.20715006e-02 2.42455259e-01
6.02597997e-04 -1.23439332e-03 -8.46521378e-04 1.47932464e-03 5.53944192e-04 1.53517576e-03 -1.59549377e-03 5.19242396e-04 1.67190051e-03 6.00739177e-01 2.95294515e+00 -7.25069030e-02 2.58368416e-01
8.85942381e-04 -2.01720744e-03 -1.53845168e-03 2.69238163e-03 1.07475573e-03 3.24301146e-03 -2.88286877e-03 1.36073279e-03 3.11946607e-03 1.05366519e+00 3.74348839e+00 1.54449264e-02 2.58318301e-01
1.31479659e-03 -2.33745350e-03 -1.18368867e-03 2.43165548e-03 4.90142825e-04 3.18925660e-03 -2.69135882e-03 6.22843324e-04 2.88781606e-03 8.81016589e-01 3.61867577e+00 1.42681334e-02 2.72555626e-01
9.96295473e-04 -1.98427407e-03 -1.74084134e-03 2.78058135e-03 1.45491069e-03 2.60787286e-03 -3.12979019e-03 1.44520323e-03 3.22414726e-03 7.79070922e-01 4.10199029e+00 -2.29738438e-02 2.42751655e-01
1.61192782e-03 -1.91701390e-04 -3.68284476e-04 2.17247161e-03 2.22242136e-03 3.06695508e-03 -2.34799294e-03 1.76578126e-03 2.56831508e-03 7.65874273e-01 3.97804885e+00 -4.11717503e-02 2.44635121e-01
1.80044148e-03 -2.85009851e-03 -1.92163028e-03 3.54057850e-03 1.03586804e-03 3.42875483e-03 -3.38571400e-03 -5.12842393e-04 3.39434713e-03 9.49971159e-01 3.83054848e+00 5.04043635e-02 2.70636202e-01
7.96122411e-04 -1.36037817e-03 -6.91537148e-04 1.44497229e-03 3.77517533e-04 2.04100223e-03 -1.56902709e-03 3.97528596e-04 1.69588822e-03 5.88629510e-01 2.81418367e+00 -6.58663583e-02 2.74228032e-01
9.46681686e-04 -1.79046634e-03 -1.51632639e-03 2.51233592e-03 1.22147330e-03 2.21044813e-03 -2.86724322e-03 1.27720199e-03 2.91983948e-03 1.01859182e+00 3.88912976e+00 -1.28050966e-03 2.39191660e-01
1.37373068e-03 -2.43206357e-03 -1.52179896e-03 2.78508045e-03 1.22043499e-03 3.05148966e-03 -2.87502981e-03 6.08350240e-04 3.00556160e-03 7.85205971e-01 3.68501800e+00 -2.69837398e-02 2.60667332e-01
6.02627782e-04 -1.83089155e-03 -1.73496902e-03 2.83103880e-03 9.12540410e-04 3.25220978e-03 -3.19186067e-03 1.84918061e-03 3.46873019e-03 9.16540120e-01 4.21112774e+00 3.20545668e-02 2.56476315e-01
8.50922258e-04 -8.08566070e-04 -1.15755706e-03 2.51966524e-03 1.48145903e-03 3.00361329e-03 -2.81948672e-03 1.99680087e-03 3.04536252e-03 7.83947101e-01 3.96492453e+00 -2.31816641e-02 2.42939429e-01
1.52583195e-03 -2.50966085e-03 -1.54600361e-03 2.85004597e-03 9.33653932e-04 3.03771694e-03 -2.82383379e-03 -1.19960107e-04 2.89209571e-03 8.60806834e-01 3.69086244e+00 1.07900821e-02 2.71799737e-01
5.11748233e-04 -1.15198788e-03 -1.25816260e-03 2.24363866e-03 9.23815348e-04 2.38273499e-03 -2.50039974e-03 1.56609106e-03 2.66199434e-03 9.14281747e-01 3.61487289e+00 -1.84764215e-02 2.44120579e-01
1.66393629e-03 -2.86236843e-03 -1.68033264e-03 3.17442662e-03 1.19680644e-03 3.74444646e-03 -3.22961232e-03 4.21162503e-04 3.39267412e-03 6.93608699e-01 4.05542473e+00 -4.92444349e-03 2.70930585e-01
4.50411213e-04 -9.93136973e-04 -8.77270986e-04 1.44314973e-03 6.03308897e-04 1.39752022e-03 -1.64177938e-03 8.12736858e-04 1.71067840e-03 6.27546398e-01 3.04649448e+00 -7.43420160e-02 2.46786860e-01
1.45468242e-03 -2.54203537e-03 -1.43543559e-03 2.85679273e-03 1.03337101e-03 3.62820453e-03 -2.98164169e-03 7.47082846e-04 3.18866346e-03 1.03752495e+00 3.75163190e+00 2.49476836e-02 2.68950234e-01
1.39097254e-03 -2.50374995e-03 -1.68724448e-03 2.85721861e-03 1.28956622e-03 2.83929765e-03 -2.90131403e-03 3.19878788e-04 2.98061573e-03 6.90061976e-01 3.68759056e+00 -3.72074720e-02 2.59477694e-01
4.03378318e-04 -1.10851704e-03 -1.32111680e-03 2.28021885e-03 7.96638480e-04 2.96900728e-03 -2.59128227e-03 1.80668142e-03 2.89382498e-03 9.52101047e-01 3.80829705e+00 1.31383391e-02 2.57742920e-01
1.47530883e-03 -2.59874698e-03 -1.85779706e-03 3.10268530e-03 1.51888287e-03 3.10360819e-03 -3.01771422e-03 1.51637419e-04 3.08542185e-03 8.00732291e-01 3.76021731e+00 -1.57711829e-02 2.61985322e-01
6.10571997e-04 -7.10708024e-04 -1.20020814e-03 2.62043080e-03 1.18823645e-03 3.61611312e-03 -2.92319785e-03 2.30650646e-03 3.29737639e-03 8.90203458e-01 4.11922212e+00 1.75081104e-02 2.55261999e-01
6.57104934e-04 -1.06079390e-03 -1.51134130e-03 2.79071279e-03 1.35560135e-03 3.09769666e-03 -3.15442177e-03 2.17917860e-03 3.38976206e-03 8.23948366e-01 4.28268384e+00 -4.96815220e-03 2.45247053e-01
1.57324933e-03 -2.49582920e-03 -1.44398072e-03 2.82175126e-03 1.03552951e-03 3.17452109e-03 -2.80715541e-03 6.98586712e-05 2.89852927e-03 8.51360681e-01 3.58997032e+00 2.31065362e-03 2.70091353e-01
8.86285833e-04 -1.74384231e-03 -1.40414655e-03 2.36441009e-03 1.20388772e-03 2.31011191e-03 -2.56403994e-03 1.08572300e-03 2.65588029e-03 9.72325987e-01 3.74282281e+00 7.04458878e-04 2.48948349e-01
8.72063875e-04 -1.87005278e-03 -1.15159470e-03 2.11239286e-03 5.12094190e-04 2.70360987e-03 -2.33852348e-03 8.40135427e-04 2.53758668e-03 6.29270397e-01 3.36806409e+00 -4.98663278e-02 2.67090145e-01
8.33319250e-04 -2.20766513e-03 -1.70182276e-03 2.88529063e-03 8.53033701e-04 3.59850593e-03 -3.18762646e-03 1.56708403e-03 3.48693314e-03 7.93823222e-01 4.02313768e+00 -3.06458967e-03 2.62523000e-01
1.13689494e-03 -2.10226132e-03 -1.46628321e-03 2.63847269e-03 1.24760282e-03 2.68364473e-03 -2.78584320e-03 9.36823707e-04 2.89405877e-03 8.79753409e-01 3.81733152e+00 -6.30847703e-04 2.54260095e-01
1.37081625e-03 -2.44125971e-03 -1.67189149e-03 2.80339964e-03 1.42437117e-03 2.67179081e-03 -2.93572918e-03 5.76077986e-04 3.00224530e-03 7.61060022e-01 3.76283824e+00 -2.68109561e-02 2.52471243e-01
4.34746889e-04 -1.70046955e-03 -1.60068391e-03 2.53722674e-03 5.36811304e-04 3.44793353e-03 -2.93093777e-03 1.80229062e-03 3.29029111e-03 9.12675415e-01 3.96119965e+00 2.05257958e-02 2.65005101e-01
1.48359890e-03 -2.73383675e-03 -1.47110173e-03 2.91115438e-03 6.35553967e-04 3.38482466e-03 -3.19796034e-03 6.99553288e-04 3.38693270e-03 8.10559267e-01 3.84943289e+00 1.20676252e-02 2.66499379e-01
8.50103766e-04 -1.71308123e-03 -1.56595420e-03 2.60546169e-03 1.42139149e-03 2.73969778e-03 -2.82911624e-03 1.45881204e-03 2.97311104e-03 8.58750270e-01 4.00839725e+00 -1.47418504e-02 2.49917540e-01
1.78597380e-03 -3.08852470e-03 -1.93383447e-03 3.50027007e-03 1.52829803e-03 3.63216348e-03 -3.59966807e-03 5.51974942e-04 3.72237787e-03 8.21965789e-01 4.17085187e+00 4.94357318e-03 2.61030285e-01
3.83417434e-04 -1.23857073e-03 -1.35745651e-03 2.22607665e-03 7.63153624e-04 2.71524844e-03 -2.50466640e-03 1.62259927e-03 2.75856596e-03 8.52896984e-01 3.69046632e+00 -7.29786614e-03 2.55835348e-01
1.08413250e-03 -4.06076793e-04 -6.59236291e-04 2.11839545e-03 1.72120817e-03 3.01014402e-03 -2.27197564e-03 1.75174899e-03 2.52221479e-03 6.91941587e-01 3.71768717e+00 -6.05361355e-02 2.48896600e-01
1.45157739e-03 -2.48288148e-03 -1.68808975e-03 2.92406789e-03 9.13520532e-04 2.70761009e-03 -2.89072398e-03 -2.60054993e-04 2.91215916e-03 9.99916031e-01 3.64811706e+00 4.68152406e-02 2.67233181e-01
6.72441266e-04 -1.62460618e-03 -1.55007645e-03 2.55204757e-03 1.17164036e-03 3.08604965e-03 -2.80572663e-03 1.63720408e-03 3.05747651e-03 9.48539973e-01 4.03664630e+00 1.88824829e-02 2.58387142e-01
1.41488464e-03 -2.42689918e-03 -1.40534703e-03 2.72828663e-03 9.34312059e-04 2.77712561e-03 -2.88132591e-03 4.86386322e-04 2.97788591e-03 7.16850947e-01 3.61418095e+00 -3.21400505e-02 2.58656339e-01
1.00674087e-03 -1.91051062e-03 -1.26850432e-03 2.28547895e-03 1.04749729e-03 2.69437958e-03 -2.37768259e-03 7.80097666e-04 2.53116256e-03 7.13440076e-01 3.38286976e+00 -4.69484135e-02 2.60465075e-01
8.22108204e-04 -2.33209301e-03 -1.88232438e-03 3.06010887e-03 8.62518382e-04 3.22786984e-03 -3.43799414e-03 1.60530288e-03 3.67320105e-03 9.96722703e-01 4.33171541e+00 4.58142175e-02 2.56813731e-01
8.52614756e-04 -2.01713738e-03 -1.49789313e-03 2.54448525e-03 8.41219583e-04 2.72278368e-03 -2.81669584e-03 1.19317053e-03 2.99483552e-03 7.19798061e-01 3.74757239e+00 -2.87372030e-02 2.54612366e-01
1.00020433e-03 -2.18800109e-03 -1.57863603e-03 2.69196736e-03 1.11162887e-03 3.13074305e-03 -2.86428763e-03 1.11680716e-03 3.07010097e-03 9.33138607e-01 3.89215522e+00 1.24913786e-02 2.62007501e-01
1.16104405e-03 -2.20514124e-03 -1.33622005e-03 2.50517194e-03 9.12495657e-04 3.16647801e-03 -2.64482276e-03 7.96085971e-04 2.84451794e-03 9.18691440e-01 3.75471390e+00 2.27356960e-02 2.69802815e-01
8.08911060e-04 -1.95900989e-03 -1.66070674e-03 2.74797887e-03 1.05111754e-03 2.70514559e-03 -3.05376932e-03 1.44704185e-03 3.20271383e-03 7.44058807e-01 3.89070448e+00 -3.40092658e-02 2.45966638e-01
9.38388104e-04 -6.80833591e-04 -1.05031931e-03 2.61974011e-03 1.63501518e-03 3.66052246e-03 -2.85279541e-03 2.20583582e-03 3.19116815e-03 8.76859640e-01 4.07341063e+00 2.69064399e-03 2.52541070e-01
1.57652582e-03 -2.60245789e-03 -1.72413511e-03 3.04651530e-03 1.24561638e-03 2.91587119e-03 -3.01195209e-03 -4.81471380e-05 3.04783342e-03 8.06220135e-01 3.78537057e+00 -2.66218905e-03 2.64032177e-01
5.69142883e-04 -9.57631801e-04 -1.36732257e-03 2.63284254e-03 1.20042514e-03 3.38487894e-03 -2.93411493e-03 2.16652325e-03 3.25955168e-03 9.91256734e-01 4.07147477e+00 1.20988846e-02 2.52841720e-01
1.12577961e-03 -1.97612992e-03 -1.31243424e-03 2.26644569e-03 9.50089844e-04 2.28720600e-03 -2.26723052e-03 1.21568872e-04 2.32452390e-03 6.45388468e-01 3.27621495e+00 -4.59071786e-02 2.63564996e-01
1.06617155e-03 -2.27241605e-03 -1.53522171e-03 2.69377181e-03 9.31852789e-04 2.96670818e-03 -2.90138293e-03 9.78656930e-04 3.07879083e-03 9.62849457e-01 3.70843578e+00 5.02204022e-03 2.58447049e-01
7.64712256e-04 -1.78201357e-03 -1.39767469e-03 2.33730123e-03 9.45852274e-04 2.62698980e-03 -2.54828198e-03 1.16771661e-03 2.72760186e-03 6.66543456e-01 3.76074614e+00 -3.38478997e-02 2.58478829e-01
1.73336324e-03 -2.91582855e-03 -1.74007261e-03 3.24080016e-03 1.18643755e-03 3.54358280e-03 -3.27300145e-03 1.78864993e-04 3.38879720e-03 8.99297029e-01 4.02129275e+00 3.52271759e-02 2.69643475e-01
5.56887423e-04 -1.12953648e-03 -1.38501863e-03 2.43959992e-03 1.08653897e-03 2.77974112e-03 -2.76311187e-03 1.84044818e-03 2.99002074e-03 7.98426367e-01 3.84348050e+00 -2.98826083e-02 2.45919281e-01
1.79829930e-03 -2.67107921e-03 -1.48066748e-03 3.02172758e-03 8.40698972e-04 3.54979338e-03 -2.98077105e-03 -2.78459046e-04 3.05078018e-03 9.08913627e-01 3.69178375e+00 3.87687029e-02 2.77160188e-01
1.09885538e-03 -5.84754002e-04 -9.37956320e-04 2.53274949e-03 1.74171194e-03 2.73393086e-03 -2.81044038e-03 1.97107466e-03 2.92750223e-03 7.85706751e-01 4.11463752e+00 -3.48091009e-02 2.35454192e-01
3.83160188e-04 -7.78497108e-04 -1.01351335e-03 1.78845744e-03 8.18773242e-04 2.25934802e-03 -2.00895074e-03 1.41337717e-03 2.22300009e-03 6.49991707e-01 3.41766548e+00 -5.68159366e-02 2.54018834e-01
1.62915239e-03 -2.88052645e-03 -1.84236805e-03 3.22371773e-03 1.20329400e-03 3.19964808e-03 -3.28839429e-03 1.77865200e-04 3.37215880e-03 1.02055774e+00 3.85472674e+00 2.88164778e-02 2.62700970e-01
6.36787030e-04 -1.15753900e-03 -1.51075543e-03 2.62963734e-03 1.25603321e-03 2.68985159e-03 -3.01356660e-03 1.95521609e-03 3.18813779e-03 8.86784753e-01 4.11833559e+00 -2.51117714e-03 2.40868491e-01
1.68843930e-03 -2.71042923e-03 -1.49341465e-03 2.95026982e-03 9.19565951e-04 3.48642384e-03 -2.99618765e-03 8.03177248e-05 3.11507219e-03 7.94722757e-01 3.74701465e+00 2.41291592e-03 2.73347334e-01
6.82315169e-04 -7.93374180e-04 -1.09445978e-03 2.33914207e-03 1.28900356e-03 3.25409905e-03 -2.56040347e-03 1.93183947e-03 2.87154205e-03 7.55496361e-01 3.84727429e+00 -3.12436303e-02 2.55457006e-01
1.70673340e-03 -2.86845915e-03 -1.87914523e-03 3.32219146e-03 1.35384179e-03 3.12273594e-03 -3.33890388e-03 8.30884127e-05 3.38330596e-03 9.45105284e-01 3.96161956e+00 3.30054281e-02 2.61419282e-01
2.04431759e-03 -3.00482029e-03 -1.34568460e-03 3.02776286e-03 6.77279695e-04 4.02451212e-03 -3.22096791e-03 7.13429551e-05 3.37519981e-03 9.38195826e-01 3.87280124e+00 4.11780458e-02 2.78308716e-01
8.10027746e-04 -1.17396950e-03 -1.25303744e-03 2.24674298e-03 1.22821077e-03 2.01676624e-03 -2.61205814e-03 1.45930853e-03 2.64992532e-03 7.57163348e-01 3.85148435e+00 -4.01902833e-02 2.34353061e-01
1.28884965e-03 -2.10745773e-03 -1.24779760e-03 2.38482645e-03 9.80321530e-04 2.70457186e-03 -2.38111803e-03 2.04211977e-04 2.47575534e-03 9.42439340e-01 3.38769020e+00 4.28200489e-03 2.68749727e-01
4.23565566e-04 -8.50735236e-04 -1.08796904e-03 2.00738302e-03 8.59822533e-04 2.26228389e-03 -2.24300644e-03 1.53499352e-03 2.41864426e-03 6.50250173e-01 3.53703081e+00 -6.02968165e-02 2.46561416e-01
8.61594409e-04 -2.00605262e-03 -1.63734858e-03 2.85966093e-03 1.17339412e-03 3.54618449e-03 -3.08330973e-03 1.63073159e-03 3.36167559e-03 9.80003084e-01 4.16450022e+00 3.22930239e-02 2.62205012e-01
1.00547902e-03 -2.04040431e-03 -1.35780800e-03 2.34643026e-03 8.43016253e-04 2.35594672e-03 -2.53156084e-03 6.88279499e-04 2.64114840e-03 7.02397075e-01 3.44537239e+00 -4.37245986e-02 2.54732997e-01
9.85551867e-04 -5.44580915e-04 -8.21575584e-04 2.04229181e-03 1.51206695e-03 1.98818249e-03 -2.33064760e-03 1.51429427e-03 2.35829923e-03 7.33201265e-01 3.83424155e+00 -5.00401569e-02 2.31206633e-01
2.23041325e-03 -3.09206746e-03 -1.49528713e-03 3.27796769e-03 5.45146441e-04 3.97674024e-03 -3.37429425e-03 -5.54949294e-04 3.42796899e-03 9.71621216e-01 3.79547275e+00 5.08467784e-02 2.80117649e-01
1.82769877e-03 -2.79057275e-03 -1.25366519e-03 2.82769514e-03 6.02228198e-04 3.79866424e-03 -3.05175433e-03 2.89871790e-04 3.22544175e-03 7.12003138e-01 3.83864517e+00 -4.65095049e-04 2.76902444e-01
8.59599750e-04 -1.39004368e-03 -1.37343899e-03 2.44750421e-03 1.34582704e-03 2.23730725e-03 -2.75532628e-03 1.48384336e-03 2.80470695e-03 9.30487924e-01 3.88876522e+00 -1.13036615e-02 2.36447166e-01
1.33040661e-03 -2.27380843e-03 -1.28981536e-03 2.44865733e-03 7.00849835e-04 2.58402245e-03 -2.56509388e-03 1.66652530e-04 2.65045599e-03 6.53496724e-01 3.37315795e+00 -3.74126259e-02 2.65540540e-01
6.89671897e-04 -1.17394324e-03 -1.30451296e-03 2.35896038e-03 1.27366351e-03 2.71788086e-03 -2.61044848e-03 1.66155408e-03 2.80255089e-03 9.38192642e-01 3.93649157e+00 -5.54220174e-03 2.50680443e-01
1.14881438e-03 -3.24978836e-04 -6.29084507e-04 2.22593003e-03 1.73763158e-03 3.17174054e-03 -2.41977690e-03 1.89856764e-03 2.69890225e-03 1.02937024e+00 3.85885643e+00 1.41068049e-02 2.49112437e-01
1.24072274e-03 -2.05084952e-03 -1.43414880e-03 2.53619153e-03 1.01099727e-03 2.48737149e-03 -2.42008286e-03 -1.38420577e-04 2.44697998e-03 6.16898423e-01 3.36038036e+00 -5.02697133e-02 2.66644425e-01
1.35721448e-03 -2.38980811e-03 -1.40245649e-03 2.70063011e-03 1.02121422e-03 3.21900231e-03 -2.78064593e-03 5.74047264e-04 2.94187297e-03 9.88803750e-01 3.77034156e+00 2.38387235e-02 2.69133511e-01
4.07848950e-04 -9.58020731e-04 -9.28587018e-04 1.60851403e-03 6.54884064e-04 1.70215773e-03 -1.78389207e-03 1.02594634e-03 1.89383027e-03 6.52695317e-01 3.05359660e+00 -7.37848307e-02 2.46270154e-01
6.41791682e-04 -1.71361624e-03 -1.75584942e-03 2.85941371e-03 1.09738732e-03 3.01917388e-03 -3.24576481e-03 1.90188363e-03 3.46712763e-03 9.55593474e-01 4.02687874e+00 2.04126354e-03 2.44730246e-01
1.35172098e-03 -2.34162062e-03 -1.36904536e-03 2.58979011e-03 9.38805843e-04 3.00977726e-03 -2.65393206e-03 3.57083799e-04 2.78486586e-03 7.09423278e-01 3.72703199e+00 -9.89456375e-03 2.70645958e-01
9.14327240e-04 -1.96034816e-03 -1.75501571e-03 2.95541676e-03 1.40474402e-03 3.19584861e-03 -3.25519868e-03 1.71439669e-03 3.45417584e-03 9.73816942e-01 4.30324881e+00 2.95872519e-02 2.52621222e-01
1.18183985e-03 -2.21669264e-03 -1.30118429e-03 2.46373787e-03 7.41451499e-04 2.79805629e-03 -2.62972140e-03 6.03968489e-04 2.77696394e-03 7.23168901e-01 3.49227302e+00 -3.21055369e-02 2.63936904e-01
1.57683015e-03 -2.36463439e-03 -1.54855837e-03 3.02608419e-03 9.71776543e-04 3.42649437e-03 -2.79181569e-03 -4.01634228e-04 2.82995851e-03 7.77585177e-01 3.53453023e+00 4.39405704e-04 2.77049966e-01
1.77690998e-03 -9.80965382e-05 -4.33088359e-04 2.58295729e-03 2.39266152e-03 3.13645876e-03 -2.84931068e-03 2.11039418e-03 3.01563276e-03 9.02538670e-01 4.34025463e+00 -3.06640653e-04 2.35005509e-01
1.15452708e-03 -7.04463588e-04 -1.10373285e-03 2.73998223e-03 1.91290529e-03 3.34612888e-03 -3.04533179e-03 2.19801126e-03 3.29028266e-03 1.00043915e+00 4.35066767e+00 1.53130883e-02 2.45050488e-01
1.31577823e-03 -2.11981481e-03 -1.29420678e-03 2.40979738e-03 7.29417870e-04 2.50526931e-03 -2.39421589e-03 -1.80522134e-04 2.43664817e-03 6.60255654e-01 3.24230341e+00 -3.52107895e-02 2.70042381e-01
6.38680093e-04 -7.30365876e-04 -1.07887919e-03 2.31273665e-03 1.21641585e-03 2.65291347e-03 -2.55326726e-03 1.83894090e-03 2.74656642e-03 9.38961715e-01 3.76120243e+00 -1.27046086e-02 2.42408231e-01
1.63503095e-03 -2.71300331e-03 -1.66514102e-03 3.07530933e-03 1.11865802e-03 3.43141037e-03 -3.03677885e-03 8.36481437e-06 3.13540231e-03 6.74242466e-01 3.85186431e+00 -1.18278151e-02 2.72120749e-01
8.27244063e-04 -1.37788755e-03 -1.37486477e-03 2.49438875e-03 1.26027162e-03 2.23270915e-03 -2.82226016e-03 1.55010332e-03 2.87439808e-03 1.03381590e+00 4.00624265e+00 1.24735649e-02 2.37560201e-01
1.12491595e-03 -1.74951721e-03 -8.45815225e-04 1.84227403e-03 5.41904764e-04 2.51668757e-03 -1.93439347e-03 2.65503152e-04 2.05729545e-03 6.05577842e-01 3.03525057e+00 -6.02558940e-02 2.75392515e-01
4.48209673e-04 -1.37374291e-03 -1.37046952e-03 2.19152866e-03 8.05928278e-04 2.67821164e-03 -2.44857600e-03 1.48146467e-03 2.69063469e-03 6.90980540e-01 3.65614361e+00 -3.93517430e-02 2.57474330e-01
1.50246068e-03 -2.71248206e-03 -1.70917154e-03 3.11091186e-03 1.23518259e-03 3.17160319e-03 -3.24625852e-03 6.31777431e-04 3.36488552e-03 9.89382582e-01 3.94931558e+00 2.68601632e-02 2.59324077e-01
8.98781009e-04 -1.76182854e-03 -1.42154216e-03 2.32668620e-03 1.10279872e-03 2.08719668e-03 -2.63131759e-03 1.08473656e-03 2.69008866e-03 6.65924200e-01 3.78978159e+00 -4.99603850e-02 2.43932840e-01
1.01548950e-03 -2.00828751e-03 -1.17445849e-03 2.23231213e-03 6.10306548e-04 3.04849207e-03 -2.43169407e-03 8.13386463e-04 2.65099007e-03 9.47114319e-01 3.43747108e+00 9.27060087e-03 2.71420766e-01
1.16749183e-03 -2.31532779e-03 -1.36538029e-03 2.62350789e-03 7.06958888e-04 3.52173196e-03 -2.87476737e-03 1.02321255e-03 3.12890257e-03 8.23573812e-01 3.91541451e+00 2.50814569e-02 2.71503657e-01
1.04127205e-03 -2.26144143e-03 -1.80219510e-03 2.87929964e-03 1.29429068e-03 2.69125110e-03 -3.18420646e-03 1.24115777e-03 3.29322881e-03 8.56878249e-01 3.94739603e+00 -2.19632842e-02 2.44582469e-01
1.63712520e-03 -2.53833747e-03 -1.15102555e-03 2.57909867e-03 5.29495160e-04 3.41029564e-03 -2.79475943e-03 2.99247948e-04 2.95387889e-03 6.62248572e-01 3.60965470e+00 -2.46704001e-02 2.75478399e-01
7.59033474e-04 -1.49294339e-03 -1.51836552e-03 2.38853755e-03 1.24273591e-03 2.12736648e-03 -2.76414652e-03 1.43804070e-03 2.82933777e-03 9.73884695e-01 3.93718897e+00 1.55609895e-03 2.38366550e-01
1.28218837e-03 -2.25528880e-03 -1.36593975e-03 2.63569570e-03 1.03789819e-03 2.85924910e-03 -2.74560677e-03 6.58963894e-04 2.87049432e-03 7.38312975e-01 3.74188995e+00 -1.81511329e-02 2.62217625e-01
7.37307523e-04 -1.84330145e-03 -1.68539481e-03 2.87300659e-03 1.16732118e-03 3.34786155e-03 -3.14022464e-03 1.78116700e-03 3.39796018e-03 9.43362636e-01 4.05447190e+00 1.37881075e-02 2.54380252e-01
