6.229307156164052e-02 7.706876564767939e-02 1.090296305733985e-02 1.352797699290771e-04 1.226327611750446e-04 1.162176297001516e-04 1.121885118457003e-04 1.082482555844941e-04 1.034187864339862e-04 9.756106408161809e-05 9.096675821557792e-05 8.412311224874782e-05 7.752915824787116e-05 7.159233356821634e-05 6.654804512518687e-05 6.176604212927247e-05 5.837519276916314e-05 5.575216397278140e-05 5.426554053032517e-05 5.089109075834949e-05 4.810298582103543e-05 4.510965431712637e-05 4.172191669924281e-05 3.835593238570632e-05 3.515560971162201e-05 3.221119703980200e-05 2.954660923593882e-05 2.711309524349064e-05 2.480894437463387e-05 2.252806582190981e-05 2.020013628450051e-05 1.784004035194555e-05 1.557766090073742e-05 -4.884753992201809e-05 -4.549665471915945e-05 -4.615212681516380e-05 -4.866120101968217e-05 -5.127394190612025e-05 -5.300073161436189e-05 -5.343894350044804e-05 -5.255402244556655e-05 -5.057344978671470e-05 -4.790849841895166e-05 -4.512037662944563e-05 -4.285022043206374e-05 -4.104354020588549e-05 -4.238850544093076e-05 -4.408266011504553e-05 -4.636221133342116e-05 -4.857776750156725e-05 -4.953723958089058e-05 -4.974877085061627e-05 -4.929283142430064e-05 -4.878236747643191e-05 -4.855677428107678e-05 -4.872526919732919e-05 -4.908003402389074e-05 -4.911505140718251e-05 -4.817107049390426e-05 -4.571578041694415e-05 -4.185607497068055e-05 -3.863359237161896e-05 -4.192099094766026e-05 5.764995372592710e-07 6.495567428453303e-07 7.552777002488357e-07 8.649356717830562e-07 9.643463580988791e-07 1.048360353668377e-06 1.117519257520064e-06 1.175472728808548e-06 1.227893011472039e-06 1.279881288824966e-06 1.334288299716174e-06 1.390080173211691e-06 1.410860788769826e-06 1.425015031704388e-06 1.417944323516847e-06 1.380118099826051e-06 1.342554929839607e-06 1.370515792459203e-06 1.428480536862878e-06 1.509141655379515e-06 1.643955991830523e-06 1.821906972644661e-06 2.022188313017094e-06 2.220524244850219e-06 2.392735403864137e-06 2.517284121521707e-06 2.580992110422731e-06 2.587374550429782e-06 2.576941167838175e-06 2.656340125932142e-06
7.706876564767939e-02 9.194704156560402e-01 3.212279786724717e-01 1.688777318027898e-04 1.534602353713409e-04 1.457956192269687e-04 1.411032061128282e-04 1.365079394875156e-04 1.307726399293994e-04 1.237102662428008e-04 1.156789359839520e-04 1.072899520663584e-04 9.917674999424656e-05 9.186295661858241e-05 8.565749445639561e-05 7.975577347209147e-05 7.562201204344490e-05 7.246255829925344e-05 7.076720463827148e-05 6.659311834080182e-05 6.316307508611771e-05 5.944142749534185e-05 5.517459857347616e-05 5.090875560331057e-05 4.683540003870664e-05 4.307725362471699e-05 3.967004566900333e-05 3.655236062941968e-05 3.359035627841325e-05 3.064215939794091e-05 2.761224803152583e-05 2.452008583534603e-05 2.154413430656441e-05 -6.080280125025565e-04 -5.656680906861922e-04 -5.731370688046951e-04 -6.035558047869274e-04 -6.351590232611617e-04 -6.556955282443776e-04 -6.602317403690349e-04 -6.484051655728826e-04 -6.230875914115573e-04 -5.893991118071420e-04 -5.542743711041343e-04 -5.255881244671452e-04 -5.026474546482245e-04 -5.182978364383838e-04 -5.381444472577489e-04 -5.650449319936088e-04 -5.910620816742661e-04 -6.017194355576149e-04 -6.032570904836431e-04 -5.966973780376979e-04 -5.894912670627750e-04 -5.857386203178118e-04 -5.867388763157186e-04 -5.899713255791296e-04 -5.893548216968828e-04 -5.770155428130698e-04 -5.466523941612575e-04 -4.996371071082986e-04 -4.603857154604006e-04 -4.987245451467763e-04 1.980381091953967e-05 2.228324316333961e-05 2.587362938721907e-05 2.958703215276178e-05 3.293780730440051e-05 3.575139850672462e-05 3.804824688597756e-05 3.995447109986647e-05 4.166411660166092e-05 4.335063089760619e-05 4.511016236554674e-05 4.690704656008266e-05 4.751493518168304e-05 4.789465514599189e-05 4.755782682602288e-05 4.618996226340810e-05 4.483374548027498e-05 4.566373829323648e-05 4.748417418681320e-05 5.004541187521030e-05 5.438218150081870e-05 6.011699555284304e-05 6.655333102377139e-05 7.288756866539996e-05 7.832766282756113e-05 8.217663652655161e-05 8.401791404040179e-05 8.398225884855053e-05 8.339697853204737e-05 8.570818648607379e-05
1.090296305733985e-02 3.212279786724717e-01 1.561180278784001e+00 2.416751803316600e-05 2.203074207212421e-05 2.099856509631684e-05 2.039066450954434e-05 1.979421815249266e-05 1.902912865204856e-05 1.806607939379002e-05 1.695516874944164e-05 1.578442989995499e-05 1.464646928012491e-05 1.361904887713036e-05 1.274923103955906e-05 1.191848420095417e-05 1.134683143944806e-05 1.091777679583941e-05 1.070713615348199e-05 1.011855142756753e-05 9.638913324145996e-06 9.110875008616457e-06 8.494733154177314e-06 7.873748584255406e-06 7.277597750831184e-06 6.725790427976344e-06 6.224592499270975e-06 5.765117844139373e-06 5.326863070234299e-06 4.887637620708252e-06 4.432179230654064e-06 3.963370640565652e-06 3.509975205666643e-06 -2.023640827974207e-04 -1.885125340886884e-04 -1.912602967307315e-04 -2.016928816896682e-04 -2.125599235328738e-04 -2.197585317139004e-04 -2.216170615103020e-04 -2.179891882983108e-04 -2.098154236095082e-04 -1.987995313586465e-04 -1.872688527980801e-04 -1.778844290849319e-04 -1.704212133339049e-04 -1.760446148909793e-04 -1.831217667149939e-04 -1.926351224197632e-04 -2.018875458676258e-04 -2.059234345537312e-04 -2.068518981285080e-04 -2.050053158494242e-04 -2.029314048175465e-04 -2.020420991300972e-04 -2.027927157320211e-04 -2.043192040032519e-04 -2.045149605802771e-04 -2.006330972713358e-04 -1.904529012565616e-04 -1.744151533486335e-04 -1.610252009007851e-04 -1.747679585022191e-04 1.064251481679466e-04 1.196523042347941e-04 1.388139879205630e-04 1.585974583856881e-04 1.763980838930105e-04 1.912853330268127e-04 2.033749773201469e-04 2.133471887623106e-04 2.222421836465493e-04 2.309863349575509e-04 2.400906422596742e-04 2.493629912983624e-04 2.522899024566898e-04 2.539890605781137e-04 2.518780265509144e-04 2.443081597542421e-04 2.368093930407636e-04 2.408518902757329e-04 2.500881169267104e-04 2.631810542696051e-04 2.855443358727133e-04 3.151526340704056e-04 3.483214562311861e-04 3.808294529793935e-04 4.085438358222359e-04 4.278564132144848e-04 4.366440613409524e-04 4.356413290364990e-04 4.317752525928447e-04 4.428696721692166e-04
1.352797699290771e-04 1.688777318027898e-04 2.416751803316600e-05 4.748486391114569e-07 4.142196431412780e-07 3.959876919962773e-07 3.839156266139135e-07 3.706240970403390e-07 3.531351249053466e-07 3.313844867606389e-07 3.067271749955749e-07 2.811708714959385e-07 2.565648572584644e-07 2.344153898807138e-07 2.154940477700462e-07 1.977498099202593e-07 1.848224621048880e-07 1.745937626677048e-07 1.681710146172348e-07 1.561836086992479e-07 1.463217332248114e-07 1.361532947876221e-07 1.250978991265897e-07 1.144443319710408e-07 1.045441979156015e-07 9.567464894431047e-08 8.786482772557804e-08 8.095209068965786e-08 7.461404370926998e-08 6.852538570620440e-08 6.244490692099026e-08 5.637861905122283e-08 5.073447162894986e-08 4.805041322568587e-08 5.074638782488391e-08 5.716397608105811e-08 6.605673979175165e-08 7.566248985515262e-08 8.454024669637686e-08 9.169207707503600e-08 9.651603281082227e-08 9.887030878262205e-08 9.912395318821336e-08 9.821560319024577e-08 9.755951308719948e-08 9.719853592568292e-08 1.038764624716377e-07 1.112583895464424e-07 1.199932400437112e-07 1.284322906415410e-07 1.333224801234105e-07 1.358757103163085e-07 1.362489312481835e-07 1.361256399514910e-07 1.364946575550363e-07 1.377149213017939e-07 1.392401520758029e-07 1.396588157383239e-07 1.371118568323412e-07 1.301072394124169e-07 1.189912268686295e-07 1.096157429609907e-07 1.186234502986275e-07 -1.080382298954454e-09 -1.232855545617092e-09 -1.476091108560027e-09 -1.674178411570537e-09 -1.730440776706799e-09 -1.620608079213165e-09 -1.386685900341240e-09 -1.098224777161618e-09 -8.152082371212317e-10 -5.695517672232228e-10 -3.673955362269174e-10 -1.996313096742837e-10 -5.113636677748320e-11 8.349920499487484e-11 2.121938124473955e-10 3.347970703251553e-10 4.572647601162491e-10 6.099356995534382e-10 7.942984507907829e-10 1.015478828477556e-09 1.305841596405188e-09 1.674071676100933e-09 2.112873381474203e-09 2.599549858788046e-09 3.098381235243726e-09 3.564959873765539e-09 3.957771736810289e-09 4.258137323143448e-09 4.515928435963250e-09 4.922350808086622e-09
1.226327611750446e-04 1.534602353713409e-04 2.203074207212421e-05 4.142196431412780e-07 4.036161237555698e-07 3.687398589262182e-07 3.597532581697330e-07 3.492853938590791e-07 3.345056216062684e-07 3.152852954747587e-07 2.929824056853168e-07 2.694670164064215e-07 2.466359592402716e-07 2.259272080523915e-07 2.081621517817628e-07 1.914484595088461e-07 1.792525331211314e-07 1.696272928420970e-07 1.636397896936882e-07 1.521935304267388e-07 1.427762742036606e-07 1.330012775411443e-07 1.223760998539929e-07 1.120590787489862e-07 1.024880202057435e-07 9.389706947629651e-08 8.632997186479567e-08 7.962678270463716e-08 7.348581881842172e-08 6.757198862396048e-08 6.166029993077525e-08 5.578255977422960e-08 5.024333281041063e-08 3.379175144700345e-08 3.740332342500380e-08 4.350933686954830e-08 5.139801355234413e-08 5.979565533751917e-08 6.761601159043123e-08 7.410127781718690e-08 7.877701350281411e-08 8.149866631529109e-08 8.251332649467716e-08 8.254472881796734e-08 8.274962238524422e-08 8.315961868059892e-08 8.959145256042745e-08 9.667440390765811e-08 1.049791790431835e-07 1.130679826979868e-07 1.180471614803633e-07 1.209388628777981e-07 1.218516590326686e-07 1.222732631706284e-07 1.230934496167969e-07 1.246456124683133e-07 1.264443937216636e-07 1.272088207284682e-07 1.252343862904503e-07 1.191367838603066e-07 1.092095209441770e-07 1.008168705144668e-07 1.093116610582299e-07 -1.198341808282843e-09 -1.256910705984590e-09 -1.459997127593249e-09 -1.696539604401820e-09 -1.862178690133105e-09 -1.887758086187507e-09 -1.766616206590066e-09 -1.542941441461382e-09 -1.278811337980959e-09 -1.023212176515966e-09 -8.007538938472365e-10 -6.148835704740856e-10 -4.472463792041059e-10 -3.034584219054511e-10 -1.704716376828995e-10 -4.327185082051664e-11 7.867406098758988e-11 2.089979138528646e-10 3.594701419301328e-10 5.376671433794268e-10 7.658674711883200e-10 1.055701342556372e-09 1.406957626989602e-09 1.806245004900831e-09 2.227853895166760e-09 2.636715828081885e-09 2.997402222839260e-09 3.290573323660812e-09 3.550946779236909e-09 3.929466481432188e-09
1.162176297001516e-04 1.457956192269687e-04 2.099856509631684e-05 3.959876919962773e-07 3.687398589262182e-07 3.763866665826675e-07 3.509213250563911e-07 3.428756545502332e-07 3.302486794971048e-07 3.129007996841197e-07 2.920644893963314e-07 2.697006946793696e-07 2.476948098503179e-07 2.275721096832941e-07 2.102652573293299e-07 1.938317635845690e-07 1.818806305418237e-07 1.724437040566168e-07 1.666601282018800e-07 1.552498360021556e-07 1.458462793755920e-07 1.360844036546504e-07 1.253467763220747e-07 1.149365937961864e-07 1.052523412565196e-07 9.654168361956816e-08 8.886629469469728e-08 8.206987461912546e-08 7.583134706562733e-08 6.982401509737812e-08 6.382475269420710e-08 5.779021915765439e-08 5.218786103177676e-08 2.264873539414708e-08 2.711512541306980e-08 3.321055793871023e-08 4.061995447376899e-08 4.838882457442821e-08 5.563772132947340e-08 6.175907081741197e-08 6.638436322026568e-08 6.939952154117756e-08 7.099219112453680e-08 7.174670833141694e-08 7.264095979247313e-08 7.369423983665139e-08 8.010212327996773e-08 8.715069460856746e-08 9.535971087308012e-08 1.034265844265670e-07 1.086730940433955e-07 1.119869068164045e-07 1.134350326149638e-07 1.143824314800699e-07 1.156617596416245e-07 1.175953104360122e-07 1.197338205872943e-07 1.208644657363401e-07 1.193552901003741e-07 1.138635315977637e-07 1.046440220594033e-07 9.682914915620561e-08 1.052132978197453e-07 -1.429548255577472e-09 -1.399900113827517e-09 -1.520931895576557e-09 -1.726101226183369e-09 -1.934943481771369e-09 -2.063802969961062e-09 -2.061553684617284e-09 -1.930588262659684e-09 -1.714642647165141e-09 -1.467319224012728e-09 -1.228969265842456e-09 -1.018685340986208e-09 -8.201107846180887e-10 -6.538486795782877e-10 -5.044683133873099e-10 -3.633850974075569e-10 -2.345584523555280e-10 -1.171708650809235e-10 1.004257128749721e-11 1.571903754139824e-10 3.389853297822444e-10 5.698610946793764e-10 8.555509234137500e-10 1.190215868144621e-09 1.556084767290899e-09 1.925295558477522e-09 2.266887811974322e-09 2.560657760540707e-09 2.829529868820832e-09 3.194420473855119e-09
1.121885118457003e-04 1.411032061128282e-04 2.039066450954434e-05 3.839156266139135e-07 3.597532581697330e-07 3.509213250563911e-07 3.656474307252894e-07 3.413726163766943e-07 3.309275746864726e-07 3.153589110440247e-07 2.959128605760631e-07 2.744971867780167e-07 2.530937329047741e-07 2.333741870668468e-07 2.162783209423216e-07 1.999247904128509e-07 1.880555106429469e-07 1.787007331916446e-07 1.730454718156282e-07 1.614858027237913e-07 1.519857701509198e-07 1.420056061404596e-07 1.310091931717747e-07 1.202913222401751e-07 1.103030397004795e-07 1.013080440077360e-07 9.337250993006591e-08 8.633921756195442e-08 7.988321034001493e-08 7.367376893593215e-08 6.740585066552670e-08 6.116800748212321e-08 5.530998034225839e-08 1.286126305716113e-08 1.800067127985027e-08 2.411362566165872e-08 3.122806417229014e-08 3.863862597253895e-08 4.558053997477064e-08 5.151486793069809e-08 5.614084956860085e-08 5.938777411264732e-08 6.142809337158386e-08 6.275812344115119e-08 6.421993501037765e-08 6.582456946514554e-08 7.225058957163156e-08 7.933055526361563e-08 8.754163205286782e-08 9.569031019960565e-08 1.012652353754962e-07 1.050368195437533e-07 1.070311960684049e-07 1.085136049546553e-07 1.102728140072627e-07 1.126244615110212e-07 1.151465071011322e-07 1.166719521323496e-07 1.156113210118500e-07 1.106379678239325e-07 1.019709897522741e-07 9.460269695928158e-08 1.030398883632219e-07 -1.713760117189468e-09 -1.635206707777851e-09 -1.676749864855850e-09 -1.800720124215122e-09 -1.980289693105068e-09 -2.152080018067624e-09 -2.246910633185759e-09 -2.224619250577800e-09 -2.092057780779365e-09 -1.887498317572061e-09 -1.655615554536151e-09 -1.429049679751314e-09 -1.196750301378669e-09 -9.997196134422694e-10 -8.244221133102074e-10 -6.613828873114712e-10 -5.195644430199486e-10 -4.092260319628443e-10 -2.996969768008054e-10 -1.781754342724921e-10 -3.631329434233345e-11 1.430149872535950e-10 3.709140600444137e-10 6.483429285202496e-10 9.647165270640748e-10 1.298740650417241e-09 1.623581048015229e-09 1.918380476139305e-09 2.195715174184272e-09 2.550148897627921e-09
1.082482555844941e-04 1.365079394875156e-04 1.979421815249266e-05 3.706240970403390e-07 3.492853938590791e-07 3.428756545502332e-07 3.413726163766943e-07 3.563261943402880e-07 3.300238042179376e-07 3.165475642641778e-07 2.987722562918187e-07 2.785951160316766e-07 2.580882832935966e-07 2.389292368312959e-07 2.222193926423149e-07 2.060601217191649e-07 1.943740284169168e-07 1.851628361979984e-07 1.797017493363951e-07 1.680645712035232e-07 1.584551055162337e-07 1.483178158298780e-07 1.370528155267923e-07 1.260370506650239e-07 1.157338781830941e-07 1.064482549204083e-07 9.824533191334902e-08 9.096640304380407e-08 8.429956704354191e-08 7.782095287527664e-08 7.134523458605655e-08 6.482655425707757e-08 5.870981485129204e-08 3.988924004283008e-09 9.494702621308366e-09 1.544736930358433e-08 2.220041261228825e-08 2.928917959003568e-08 3.602700629811358e-08 4.187494275832639e-08 4.653952304600582e-08 4.997279463854039e-08 5.235183274610644e-08 5.412244551293228e-08 5.602218673624504e-08 5.806640063601303e-08 6.442190100446273e-08 7.145515169967314e-08 7.959987366619880e-08 8.777224684947441e-08 9.363323742590066e-08 9.783498736208383e-08 1.003616929737262e-07 1.023741441712974e-07 1.046135909469496e-07 1.073869679764107e-07 1.102995298044403e-07 1.122318052410891e-07 1.116388186458738e-07 1.072106846681761e-07 9.912806834762197e-08 9.223356732402719e-08 1.007271935576185e-07 -1.966418770630046e-09 -1.898273807420923e-09 -1.900654950643532e-09 -1.941925008490469e-09 -2.037698786923770e-09 -2.179449785582140e-09 -2.314515227155462e-09 -2.383510156783763e-09 -2.353594486734228e-09 -2.229356382701861e-09 -2.040785710542480e-09 -1.823051977347849e-09 -1.568284321616872e-09 -1.340973055076785e-09 -1.134831791026546e-09 -9.438246996501076e-10 -7.839509786628130e-10 -6.760319309683000e-10 -5.803050787832542e-10 -4.812735465764430e-10 -3.761858432855720e-10 -2.454782674613032e-10 -7.322251455107779e-11 1.477936719331677e-10 4.138242607783598e-10 7.100833912050296e-10 1.014133686186100e-09 1.305048176004870e-09 1.585909229303324e-09 1.925943265669227e-09
1.034187864339862e-04 1.307726399293994e-04 1.902912865204856e-05 3.531351249053466e-07 3.345056216062684e-07 3.302486794971048e-07 3.309275746864726e-07 3.300238042179376e-07 3.418786168727086e-07 3.132651454218968e-07 2.975842059816620e-07 2.791667146204273e-07 2.599792333343853e-07 2.418112135821250e-07 2.258201521734762e-07 2.101619670629718e-07 1.988717338221411e-07 1.899766876939996e-07 1.848692399656211e-07 1.732771218108147e-07 1.637204940906617e-07 1.535495026656983e-07 1.421394950570658e-07 1.309308890718604e-07 1.204254833707457e-07 1.109241666127425e-07 1.025283301479423e-07 9.509212385305489e-08 8.821057273815884e-08 8.159135656249837e-08 7.489662795161529e-08 6.815337510186561e-08 6.185101085306566e-08 -3.772089338424602e-09 1.749551830388410e-09 7.272897328760310e-09 1.345467761535766e-08 2.009374462084353e-08 2.659558530789683e-08 3.239184448169309e-08 3.713355099537422e-08 4.074330801353679e-08 4.338780762417763e-08 4.547999180079157e-08 4.767947691622222e-08 5.002603410745468e-08 5.615824652938494e-08 6.299207797356310e-08 7.091624747601658e-08 7.896689154623152e-08 8.500305462446161e-08 8.955385839871692e-08 9.256143709848655e-08 9.506775407256155e-08 9.775627519004358e-08 1.009201499580036e-07 1.041952712255294e-07 1.065214381957312e-07 1.064144021501077e-07 1.025939553263061e-07 9.519821232455943e-08 8.886557650564604e-08 9.733753535524432e-08 -2.115633994110892e-09 -2.108394758304607e-09 -2.130802352171163e-09 -2.130150933536875e-09 -2.139565770616335e-09 -2.197111741147702e-09 -2.302014850923136e-09 -2.408257016637921e-09 -2.464376525041914e-09 -2.438568885043337e-09 -2.329406745492311e-09 -2.156887278284235e-09 -1.906265081044223e-09 -1.661530034194638e-09 -1.427363534340963e-09 -1.206225903015347e-09 -1.024655459716560e-09 -9.147230411157420e-10 -8.287051982417933e-10 -7.487425780189949e-10 -6.769945520520655e-10 -5.918361248229253e-10 -4.732134298650284e-10 -3.083508312812975e-10 -9.460172328065968e-11 1.596813818864202e-10 4.368344936503835e-10 7.166018396088651e-10 9.935486921924318e-10 1.312301657528219e-09
9.756106408161809e-05 1.237102662428008e-04 1.806607939379002e-05 3.313844867606389e-07 3.152852954747587e-07 3.129007996841197e-07 3.153589110440247e-07 3.165475642641778e-07 3.132651454218968e-07 3.211688615742085e-07 2.914482270277917e-07 2.751904595143679e-07 2.578200345634999e-07 2.410890574719184e-07 2.262178126131109e-07 2.114013669086580e-07 2.007680993428799e-07 1.924329985559505e-07 1.877781082349502e-07 1.764701413565487e-07 1.671369721971540e-07 1.570861444771163e-07 1.457065227322902e-07 1.344650757321834e-07 1.238855096554479e-07 1.143040443078999e-07 1.058337919036587e-07 9.827406068128575e-08 9.134402853432844e-08 8.459623745545332e-08 7.776891545483447e-08 7.090393914325537e-08 6.444141419732356e-08 -1.012580618568752e-08 -4.889261903096706e-09 -3.991459220014589e-11 5.334748150175504e-09 1.131217687435848e-08 1.743786198699293e-08 2.313372463190898e-08 2.796605216120167e-08 3.176927244723834e-08 3.465410848834653e-08 3.698903140002593e-08 3.936986610199454e-08 4.188052068098848e-08 4.763197628339572e-08 5.409809293979366e-08 6.162571824953711e-08 6.938187358377782e-08 7.544979565395115e-08 8.023500560509516e-08 8.363953039804453e-08 8.657339115652632e-08 8.965186534060598e-08 9.314864897296064e-08 9.673348259525830e-08 9.941821819103777e-08 9.979788128426026e-08 9.663763590952945e-08 9.002985478594259e-08 8.434715202073316e-08 9.269511474598059e-08 -2.130318467527032e-09 -2.205320278584705e-09 -2.293670910642166e-09 -2.311073371415318e-09 -2.275561556219858e-09 -2.247600347025949e-09 -2.271870121852897e-09 -2.349450695954416e-09 -2.440049113311084e-09 -2.495040186001800e-09 -2.480065118733856e-09 -2.385429460966390e-09 -2.174700870781245e-09 -1.937937698214166e-09 -1.689038364645033e-09 -1.442057023229126e-09 -1.237992564034536e-09 -1.122170515746224e-09 -1.041197863044497e-09 -9.757440302448154e-10 -9.323195461573223e-10 -8.877009641117989e-10 -8.185257847444540e-10 -7.073415038032521e-10 -5.458102761994640e-10 -3.361788424718888e-10 -9.116748706632427e-11 1.703681663538454e-10 4.357253797164533e-10 7.263985251229062e-10
9.096675821557792e-05 1.156789359839520e-04 1.695516874944164e-05 3.067271749955749e-07 2.929824056853168e-07 2.920644893963314e-07 2.959128605760631e-07 2.987722562918187e-07 2.975842059816620e-07 2.914482270277917e-07 2.960632658047884e-07 2.669791738974243e-07 2.517801803327977e-07 2.368738849863686e-07 2.234632029843370e-07 2.098169583333975e-07 2.001218640005358e-07 1.925033441973708e-07 1.884720350427946e-07 1.776449999964883e-07 1.686915769618600e-07 1.589325429341877e-07 1.477412013023281e-07 1.366225321273408e-07 1.261109556186887e-07 1.165814742250377e-07 1.080961718082095e-07 1.005738767017741e-07 9.361380722640223e-08 8.683347644677397e-08 7.997193383422735e-08 7.301876315740019e-08 6.648321141229894e-08 -1.493941232325487e-08 -1.018627229709169e-08 -6.158126078187989e-09 -1.758294445209489e-09 3.353357631386883e-09 8.906683689429740e-09 1.437085049372867e-08 1.924556238363724e-08 2.324814789823852e-08 2.638103894219190e-08 2.893099813607963e-08 3.142230612620692e-08 3.399009998796167e-08 3.924273077899178e-08 4.520028106315412e-08 5.217701314787822e-08 5.947920261062140e-08 6.543215923101800e-08 7.032458135691642e-08 7.402273260480749e-08 7.729786956912531e-08 8.068978517280314e-08 8.444786499206770e-08 8.827720123648991e-08 9.127088902132084e-08 9.211768882357446e-08 8.964120459081927e-08 8.388667978664933e-08 7.891260022111946e-08 8.704498381170863e-08 -2.022817754197629e-09 -2.171454990423172e-09 -2.340106491872581e-09 -2.420999448709963e-09 -2.400502513401813e-09 -2.328288369397368e-09 -2.272469667389597e-09 -2.275904308291558e-09 -2.340258863573363e-09 -2.426930158445255e-09 -2.487179329207302e-09 -2.481612208743100e-09 -2.341868091706140e-09 -2.144948347968433e-09 -1.904787847797480e-09 -1.644794591770940e-09 -1.422391746189386e-09 -1.298811469277714e-09 -1.218454211898495e-09 -1.162156025096951e-09 -1.140613581218600e-09 -1.129584136508866e-09 -1.103269227071809e-09 -1.040537672577219e-09 -9.282588937177976e-10 -7.631970119825100e-10 -5.532281732390289e-10 -3.152533816833261e-10 -6.781315312079158e-11 1.897720383250256e-10
8.412311224874782e-05 1.072899520663584e-04 1.578442989995499e-05 2.811708714959385e-07 2.694670164064215e-07 2.697006946793695e-07 2.744971867780167e-07 2.785951160316766e-07 2.791667146204273e-07 2.751904595143679e-07 2.669791738974243e-07 2.696567506465888e-07 2.428280740886559e-07 2.299708577996709e-07 2.182675152412912e-07 2.060807721631647e-07 1.974866468042916e-07 1.907814342022999e-07 1.874892680512666e-07 1.773031247773827e-07 1.688689820044850e-07 1.595266916874639e-07 1.486585348552237e-07 1.377756145073908e-07 1.274624459046989e-07 1.180254671158908e-07 1.096712531010387e-07 1.022050104049260e-07 9.528413547541262e-08 8.855148396782137e-08 8.168025842513086e-08 7.470641362788626e-08 6.813788468678571e-08 -1.830206479282520e-08 -1.412158406082776e-08 -1.094727876435080e-08 -7.576863216858144e-09 -3.454962525100149e-09 1.347535102037974e-09 6.405010416282772e-09 1.120628925526037e-08 1.536602605166752e-08 1.875162337479329e-08 2.152516542242287e-08 2.411186587284738e-08 2.668431858209416e-08 3.138734452032593e-08 3.675280837471614e-08 4.307510991962691e-08 4.980446843782150e-08 5.551565058249527e-08 6.039520999781792e-08 6.428042825639049e-08 6.780491398323258e-08 7.143008253583605e-08 7.537767711039163e-08 7.938742759751979e-08 8.263726829020645e-08 8.391696770800800e-08 8.211609361570061e-08 7.723310298632810e-08 7.298696716506477e-08 8.084440467403331e-08 -1.832148214619088e-09 -2.029209384474851e-09 -2.263946511665345e-09 -2.422295839038092e-09 -2.461997666679104e-09 -2.403443281213262e-09 -2.307101475201724e-09 -2.238275499508445e-09 -2.235903872211056e-09 -2.298773865449600e-09 -2.387876639665729e-09 -2.451855538169262e-09 -2.394103446761291e-09 -2.263455980864168e-09 -2.060198186979566e-09 -1.808057681984428e-09 -1.578002134306018e-09 -1.448680170821915e-09 -1.366254835905922e-09 -1.314033293431678e-09 -1.307417164558879e-09 -1.321947975545239e-09 -1.330303160015930e-09 -1.308678511221152e-09 -1.240145053033239e-09 -1.116779506247416e-09 -9.419777889203800e-10 -7.303656791559651e-10 -5.049017148372546e-10 -2.828849884535486e-10
7.752915824787116e-05 9.917674999424656e-05 1.464646928012491e-05 2.565648572584644e-07 2.466359592402716e-07 2.476948098503179e-07 2.530937329047741e-07 2.580882832935966e-07 2.599792333343853e-07 2.578200345634999e-07 2.517801803327977e-07 2.428280740886559e-07 2.450516613585226e-07 2.215447855888819e-07 2.117039703714196e-07 2.010942209760725e-07 1.937775643314182e-07 1.881122389646380e-07 1.856539598066119e-07 1.762335523518692e-07 1.684143071265569e-07 1.595761128687914e-07 1.491080400676091e-07 1.385577424654659e-07 1.284430292157198e-07 1.192263514193110e-07 1.109894249090406e-07 1.036214857254941e-07 9.680318949530488e-08 9.010564738601119e-08 8.326353044248723e-08 7.629025541389994e-08 6.970364496079743e-08 -2.046976782138368e-08 -1.686678711989702e-08 -1.449074803353996e-08 -1.210048330287750e-08 -8.987211209155874e-09 -5.040910182082739e-09 -5.495620483440325e-10 4.024702350929719e-09 8.243629358210897e-09 1.185018059258008e-08 1.485953679132410e-08 1.756553362946230e-08 2.014673574992181e-08 2.432255077400509e-08 2.908266608781571e-08 3.471158140777745e-08 4.080324542297102e-08 4.617997295969089e-08 5.094746061471149e-08 5.492339044982171e-08 5.861226085362428e-08 6.239856560151878e-08 6.647476086281486e-08 7.061253830340611e-08 7.407273460130185e-08 7.574587204067869e-08 7.458873032612336e-08 7.055437500966975e-08 6.702061382612178e-08 7.458421609566830e-08 -1.602050557115051e-09 -1.820585158313246e-09 -2.093823723214237e-09 -2.316477662049137e-09 -2.431488141656212e-09 -2.430194853681049e-09 -2.347304611156097e-09 -2.242760839940279e-09 -2.176102098951922e-09 -2.179102975323706e-09 -2.246584899855765e-09 -2.337033620756566e-09 -2.344706948876391e-09 -2.288822888933160e-09 -2.145451007429815e-09 -1.925600781555206e-09 -1.704776822060057e-09 -1.577058053975712e-09 -1.493403584210608e-09 -1.441968282076522e-09 -1.444103385724758e-09 -1.476291462467501e-09 -1.510688631629283e-09 -1.521828374571039e-09 -1.489958552179785e-09 -1.403332170357705e-09 -1.261393424629327e-09 -1.076398129507360e-09 -8.745054429795085e-10 -6.880977497847449e-10
7.159233356821634e-05 9.186295661858241e-05 1.361904887713036e-05 2.344153898807138e-07 2.259272080523915e-07 2.275721096832941e-07 2.333741870668468e-07 2.389292368312959e-07 2.418112135821250e-07 2.410890574719184e-07 2.368738849863686e-07 2.299708577996709e-07 2.215447855888819e-07 2.246087302005028e-07 2.048379991954577e-07 1.958953543669636e-07 1.899403568679600e-07 1.854080648108905e-07 1.838840083659407e-07 1.753061726925831e-07 1.681681813144728e-07 1.598826689118838e-07 1.498690110681580e-07 1.396161095020356e-07 1.297901032168928e-07 1.207368533632125e-07 1.126383460973258e-07 1.053927431492072e-07 9.863536381034835e-08 9.199085473055593e-08 8.515736074299792e-08 7.816753832969935e-08 7.154144496593655e-08 -2.177390624136726e-08 -1.870205153825646e-08 -1.702222444637443e-08 -1.549918149836664e-08 -1.332765084319166e-08 -1.025429556838722e-08 -6.428661985949407e-09 -2.224653771248983e-09 1.922744399934727e-09 5.673954855601729e-09 8.905214605342070e-09 1.176229986129100e-08 1.439400126444577e-08 1.812292334045897e-08 2.233072773568353e-08 2.729261269373072e-08 3.273867505051442e-08 3.772895532409071e-08 4.231337945181834e-08 4.630222274297343e-08 5.008552121331267e-08 5.397610214394076e-08 5.813712547096808e-08 6.236828221409499e-08 6.600710348260005e-08 6.803841158505145e-08 6.748185845262967e-08 6.424664979655883e-08 6.138686823152562e-08 6.867709784141805e-08 -1.366784219299091e-09 -1.586627102560319e-09 -1.871765644674360e-09 -2.133433095706083e-09 -2.313489528218461e-09 -2.385371822382827e-09 -2.356754761647291e-09 -2.265543979128073e-09 -2.167527314278632e-09 -2.113040501746879e-09 -2.126451506762842e-09 -2.197512451929979e-09 -2.232719239647185e-09 -2.236377360100558e-09 -2.160491527737638e-09 -1.993069603447424e-09 -1.801273630735047e-09 -1.687767057382602e-09 -1.608636543010463e-09 -1.558145171021295e-09 -1.565116434338082e-09 -1.608445906135181e-09 -1.660969331467993e-09 -1.696617430061853e-09 -1.693792508693630e-09 -1.637783695693138e-09 -1.524676812005961e-09 -1.364456115919168e-09 -1.185572273316451e-09 -1.032953383936531e-09
6.654804512518687e-05 8.565749445639561e-05 1.274923103955906e-05 2.154940477700462e-07 2.081621517817628e-07 2.102652573293299e-07 2.162783209423216e-07 2.222193926423149e-07 2.258201521734762e-07 2.262178126131109e-07 2.234632029843371e-07 2.182675152412912e-07 2.117039703714196e-07 2.048379991954577e-07 2.095898531560260e-07 1.912734311569805e-07 1.867182611297642e-07 1.834008399777588e-07 1.829096331437689e-07 1.752387369969172e-07 1.688329589305275e-07 1.611525708624910e-07 1.515449263190793e-07 1.416490638724522e-07 1.320302714532753e-07 1.231347039410075e-07 1.151618638925469e-07 1.079850658160632e-07 1.012753958388269e-07 9.463983562967376e-08 8.778237320711074e-08 8.071597620812240e-08 7.403437756652481e-08 -2.252964937982124e-08 -1.992091905008105e-08 -1.882539790848855e-08 -1.803708430062528e-08 -1.669566753397927e-08 -1.444427171908544e-08 -1.131413088813781e-08 -7.579520101210559e-09 -3.631499770380748e-09 1.574389748433661e-10 3.558846706686643e-09 6.576578414121859e-09 9.306987382389918e-09 1.269523394823488e-08 1.644914592630340e-08 2.082287027753225e-08 2.566522329881806e-08 3.025648632246945e-08 3.461513869642647e-08 3.855877636772551e-08 4.238218304200288e-08 4.633504317573960e-08 5.055284201370956e-08 5.485905937763683e-08 5.865957859863981e-08 6.102353265927012e-08 6.102550739561783e-08 5.853170524247604e-08 5.630024777995973e-08 6.336591563731167e-08 -1.146206010726574e-09 -1.355549550657379e-09 -1.633878408197163e-09 -1.910186262745413e-09 -2.133328521294613e-09 -2.271002554400443e-09 -2.312827885424600e-09 -2.272658173407768e-09 -2.187550716509690e-09 -2.105067307475392e-09 -2.066356284783687e-09 -2.088290380916514e-09 -2.109449354440460e-09 -2.138925873788707e-09 -2.117735196260298e-09 -2.010246476521212e-09 -1.864236648769289e-09 -1.780453660477461e-09 -1.716736390822581e-09 -1.672205398165107e-09 -1.683886921734186e-09 -1.734523778919557e-09 -1.798975380987265e-09 -1.851810305110934e-09 -1.870673041686739e-09 -1.838786258800080e-09 -1.749522147015060e-09 -1.610824491979276e-09 -1.452865156654627e-09 -1.331171466849149e-09
6.176604212927247e-05 7.975577347209147e-05 1.191848420095417e-05 1.977498099202593e-07 1.914484595088461e-07 1.938317635845690e-07 1.999247904128509e-07 2.060601217191649e-07 2.101619670629718e-07 2.114013669086580e-07 2.098169583333975e-07 2.060807721631647e-07 2.010942209760725e-07 1.958953543669636e-07 1.912734311569805e-07 1.959454077581187e-07 1.824910693262826e-07 1.804753834560943e-07 1.811212780210233e-07 1.744999331769068e-07 1.689760925875319e-07 1.619636139563689e-07 1.529360071153584e-07 1.434267975302083e-07 1.341011231814291e-07 1.254363304203218e-07 1.176126426516266e-07 1.105494173239339e-07 1.039187452860394e-07 9.731650488793670e-08 9.043849993543337e-08 8.334762162934867e-08 7.657969965613202e-08 -2.272727184078699e-08 -2.053620655378261e-08 -1.993162713077535e-08 -1.975766089037679e-08 -1.913386119718217e-08 -1.763625902230610e-08 -1.520506446141306e-08 -1.202166084700223e-08 -8.411970070795932e-09 -4.738500554219134e-09 -1.288948727312313e-09 1.826914028015664e-09 4.649480925757723e-09 7.757976515428910e-09 1.113333315455527e-08 1.498579248152766e-08 1.925618756147904e-08 2.342455721895003e-08 2.749520397943937e-08 3.131014057135919e-08 3.508865616978335e-08 3.902684736519381e-08 4.323501402214633e-08 4.755894219523419e-08 5.147053813349456e-08 5.412205395940742e-08 5.464353543919131e-08 5.285988100832035e-08 5.123484617307386e-08 5.806186817240187e-08 -9.376094159089123e-10 -1.128760750436078e-09 -1.386943414897234e-09 -1.657365584525279e-09 -1.898837316915596e-09 -2.081473084547659e-09 -2.187623332591867e-09 -2.214401071221444e-09 -2.177604924974315e-09 -2.108268253711815e-09 -2.044773618813415e-09 -2.019089868633565e-09 -1.997740783963182e-09 -2.015262436830822e-09 -2.019158537702402e-09 -1.962235391499214e-09 -1.869803403642011e-09 -1.829723038206685e-09 -1.795952355080315e-09 -1.767982657389469e-09 -1.789129663886104e-09 -1.846646426048419e-09 -1.918790941653025e-09 -1.982415367517639e-09 -2.015993510063577e-09 -2.001985545880297e-09 -1.931920375233310e-09 -1.812005149684229e-09 -1.673519808588662e-09 -1.580566701118650e-09
5.837519276916314e-05 7.562201204344490e-05 1.134683143944806e-05 1.848224621048880e-07 1.792525331211314e-07 1.818806305418237e-07 1.880555106429469e-07 1.943740284169167e-07 1.988717338221411e-07 2.007680993428799e-07 2.001218640005358e-07 1.974866468042916e-07 1.937775643314182e-07 1.899403568679600e-07 1.867182611297642e-07 1.824910693262826e-07 1.908928976039050e-07 1.800708686375741e-07 1.819575979020215e-07 1.764302767080831e-07 1.717800428682228e-07 1.655121266497223e-07 1.569586461478280e-07 1.477737009692145e-07 1.386646900716565e-07 1.301048127017217e-07 1.223423791910408e-07 1.153030595706475e-07 1.086497662354822e-07 1.019756149414953e-07 9.499495097041173e-08 8.771452063842702e-08 8.075294062739352e-08 -2.294599439749804e-08 -2.108936614749789e-08 -2.088472851608716e-08 -2.121659499578135e-08 -2.119091717583633e-08 -2.033542188336723e-08 -1.852337226375461e-08 -1.586293735966887e-08 -1.261897002261620e-08 -9.126721781079809e-09 -5.699825237701127e-09 -2.527067323093284e-09 3.928092716238889e-10 3.303233752621117e-09 6.424070055139995e-09 9.903961688447447e-09 1.374205573910675e-08 1.757678603541492e-08 2.140204216502431e-08 2.509392741565262e-08 2.882125785657882e-08 3.274353595855084e-08 3.695374660441887e-08 4.131780585575412e-08 4.536278078331964e-08 4.830779330790247e-08 4.932288853619346e-08 4.818963323695021e-08 4.712328006395387e-08 5.382591066023541e-08 -7.615322903021613e-10 -9.341430712367497e-10 -1.169698894595437e-09 -1.426086185187553e-09 -1.670931471934256e-09 -1.879496502527062e-09 -2.033976784731193e-09 -2.124031191805403e-09 -2.150566338957521e-09 -2.126205860665212e-09 -2.074809544488789e-09 -2.025990961118249e-09 -1.961497007181694e-09 -1.940846012936105e-09 -1.935725938490143e-09 -1.903016052766922e-09 -1.854673889126633e-09 -1.862511280982065e-09 -1.870715463644738e-09 -1.872595474158273e-09 -1.913580735291741e-09 -1.983788357833470e-09 -2.064702568500509e-09 -2.136342078924003e-09 -2.179406661479629e-09 -2.176960587049645e-09 -2.119749121188165e-09 -2.012922156515577e-09 -1.889122253274940e-09 -1.820619284443401e-09
5.575216397278140e-05 7.246255829925344e-05 1.091777679583941e-05 1.745937626677048e-07 1.696272928420970e-07 1.724437040566168e-07 1.787007331916446e-07 1.851628361979984e-07 1.899766876939996e-07 1.924329985559505e-07 1.925033441973708e-07 1.907814342022999e-07 1.881122389646380e-07 1.854080648108906e-07 1.834008399777588e-07 1.804753834560943e-07 1.800708686375741e-07 1.908861828381973e-07 1.839620867280742e-07 1.795758457797909e-07 1.759887672181709e-07 1.705142863644574e-07 1.625145498007595e-07 1.537010896921023e-07 1.447878626430716e-07 1.363321098847208e-07 1.286089887780018e-07 1.215599799698608e-07 1.148470197642614e-07 1.080783813565950e-07 1.009055741364039e-07 9.337179178462939e-08 8.616324244093075e-08 -2.311548615025333e-08 -2.154031662521265e-08 -2.167222808314881e-08 -2.243147973527199e-08 -2.291580499503694e-08 -2.261731913684460e-08 -2.135949453852489e-08 -1.919464079522304e-08 -1.633682725359527e-08 -1.309004380470553e-08 -9.773622438351672e-09 -6.626039825681020e-09 -3.661677677546271e-09 -9.447208730805655e-10 1.974148637185861e-09 5.174481038654771e-09 8.685953459724559e-09 1.226564889029848e-08 1.588323584251003e-08 1.944942067682765e-08 2.310081114016442e-08 2.697721806403643e-08 3.116491633328892e-08 3.555301161373141e-08 3.972100701048027e-08 4.294886903521230e-08 4.444018686883207e-08 4.393138565966174e-08 4.340645448205012e-08 5.003765532742824e-08 -6.068511573121540e-10 -7.606011010207937e-10 -9.720894445035256e-10 -1.209349361842915e-09 -1.447091174385313e-09 -1.665717678490640e-09 -1.850321785884653e-09 -1.989625932480761e-09 -2.077681098927867e-09 -2.114010512398806e-09 -2.105801068346147e-09 -2.068932137020956e-09 -1.982320895404253e-09 -1.921816693334790e-09 -1.882386906398342e-09 -1.843039747156812e-09 -1.816514404426292e-09 -1.864072223068274e-09 -1.919172963449090e-09 -1.963586877351364e-09 -2.038374218461854e-09 -2.132400470425493e-09 -2.228179195467816e-09 -2.308682602892173e-09 -2.358116255721525e-09 -2.361998792610797e-09 -2.311939534256709e-09 -2.213109253267735e-09 -2.099926741411133e-09 -2.052511746390978e-09
5.426554053032517e-05 7.076720463827148e-05 1.070713615348199e-05 1.681710146172348e-07 1.636397896936882e-07 1.666601282018800e-07 1.730454718156282e-07 1.797017493363951e-07 1.848692399656211e-07 1.877781082349503e-07 1.884720350427946e-07 1.874892680512666e-07 1.856539598066119e-07 1.838840083659407e-07 1.829096331437689e-07 1.811212780210233e-07 1.819575979020215e-07 1.839620867280742e-07 1.993070283719674e-07 1.855323956874956e-07 1.830720536973931e-07 1.785059132436449e-07 1.711224032441068e-07 1.626537414466319e-07 1.539099934001062e-07 1.455017126908667e-07 1.377469950336837e-07 1.306088345146262e-07 1.237790758997545e-07 1.167896789968712e-07 1.093040019993397e-07 1.014084564783448e-07 9.377391407848120e-08 -2.351067871840477e-08 -2.216134847695472e-08 -2.258609362584231e-08 -2.372507518069092e-08 -2.466058462634157e-08 -2.485098602386770e-08 -2.407887468510741e-08 -2.235409182737659e-08 -1.985351311851059e-08 -1.685756694014322e-08 -1.368777041644589e-08 -1.061727733443650e-08 -7.655938338221592e-09 -5.151348080586750e-09 -2.410685768333448e-09 5.847638082944581e-10 3.884284693908941e-09 7.328840795093967e-09 1.083503322138027e-08 1.433269267326072e-08 1.793412923399593e-08 2.177524519677870e-08 2.594991788118932e-08 3.037757696559255e-08 3.468914397631777e-08 3.821786249030709e-08 4.019044162492757e-08 4.029330360056090e-08 4.030438765707103e-08 4.696623466640818e-08 -4.748179057916008e-10 -6.112340898899027e-10 -8.003241755601230e-10 -1.018266313625150e-09 -1.245124668257191e-09 -1.465209926988474e-09 -1.666719160230562e-09 -1.840256777422628e-09 -1.978837624868876e-09 -2.076113432127268e-09 -2.127457172361061e-09 -2.132913103402499e-09 -2.056291160464883e-09 -1.974219209174380e-09 -1.896855002707938e-09 -1.825904033522755e-09 -1.793055055257998e-09 -1.860210958392861e-09 -1.955455873877186e-09 -2.048663860565198e-09 -2.171474599984788e-09 -2.305679792142921e-09 -2.429730745257331e-09 -2.526617897735447e-09 -2.583766400201265e-09 -2.590703882219475e-09 -2.542051435696342e-09 -2.444851000008087e-09 -2.336673944421028e-09 -2.306553081286249e-09
5.089109075834949e-05 6.659311834080182e-05 1.011855142756753e-05 1.561836086992479e-07 1.521935304267388e-07 1.552498360021556e-07 1.614858027237913e-07 1.680645712035232e-07 1.732771218108147e-07 1.764701413565487e-07 1.776449999964883e-07 1.773031247773827e-07 1.762335523518692e-07 1.753061726925831e-07 1.752387369969172e-07 1.744999331769068e-07 1.764302767080831e-07 1.795758457797909e-07 1.855323956874956e-07 1.942767158276990e-07 1.827326181340647e-07 1.794374724599725e-07 1.731092250637603e-07 1.654922997108720e-07 1.573980193612580e-07 1.494689006106032e-07 1.420638624175613e-07 1.352062198474348e-07 1.285403661215695e-07 1.216342270193644e-07 1.141753252897967e-07 1.061793387276136e-07 9.843451977599213e-08 -2.288515743334561e-08 -2.178166776372271e-08 -2.243756213904920e-08 -2.385360252843550e-08 -2.513729173387587e-08 -2.574173713761590e-08 -2.542580658958231e-08 -2.416618644980375e-08 -2.210516008173734e-08 -1.949530579141323e-08 -1.664779797623865e-08 -1.385142337468237e-08 -1.110061982887990e-08 -8.982933755132205e-09 -6.587870596146914e-09 -3.935623174863077e-09 -9.520615239306089e-10 2.279298337733964e-09 5.596535587585563e-09 8.923423247856806e-09 1.233361507191400e-08 1.595835046927857e-08 1.990668283016686e-08 2.414259674303493e-08 2.837164251269308e-08 3.201321444466911e-08 3.435234726198955e-08 3.503985232793872e-08 3.557470311407255e-08 4.199345784386387e-08 -3.401295768124382e-10 -4.540142504253255e-10 -6.132346346975191e-10 -8.017916509476000e-10 -1.004853918821751e-09 -1.210208926711581e-09 -1.408833052733053e-09 -1.593967750632593e-09 -1.760537624254952e-09 -1.902046862257817e-09 -2.009290075810484e-09 -2.071506694356788e-09 -2.037210511026615e-09 -1.968071623820064e-09 -1.873783580818271e-09 -1.771177035325234e-09 -1.711667638573465e-09 -1.769944847270174e-09 -1.880441484725348e-09 -2.009943474566674e-09 -2.179397451085249e-09 -2.360609433936666e-09 -2.522975972199896e-09 -2.644540219595608e-09 -2.713359333294733e-09 -2.723445524286877e-09 -2.674695497972689e-09 -2.578152871890704e-09 -2.474670731830071e-09 -2.458955318158451e-09
4.810298582103543e-05 6.316307508611771e-05 9.638913324145996e-06 1.463217332248114e-07 1.427762742036606e-07 1.458462793755920e-07 1.519857701509198e-07 1.584551055162337e-07 1.637204940906617e-07 1.671369721971540e-07 1.686915769618601e-07 1.688689820044849e-07 1.684143071265568e-07 1.681681813144728e-07 1.688329589305275e-07 1.689760925875319e-07 1.717800428682228e-07 1.759887672181709e-07 1.830720536973931e-07 1.827326181340647e-07 1.934755579233574e-07 1.810550045941533e-07 1.758992796175980e-07 1.692464701645839e-07 1.618994099965196e-07 1.545258406343213e-07 1.475570330104616e-07 1.409903261152589e-07 1.345167749059468e-07 1.277299398895090e-07 1.202388803617448e-07 1.121406536651620e-07 1.042338710517808e-07 -2.234900677157123e-08 -2.144738432580707e-08 -2.229234515009153e-08 -2.393576971864436e-08 -2.550740417125791e-08 -2.645730716731985e-08 -2.652602196353338e-08 -2.566457465158034e-08 -2.398927816789077e-08 -2.173310898603620e-08 -1.920213299608672e-08 -1.670062139769568e-08 -1.420735286694626e-08 -1.252215215846647e-08 -1.052667054294721e-08 -8.254526425306586e-09 -5.585197857543359e-09 -2.521876693391008e-09 6.830858639654126e-10 3.917309998745588e-09 7.193117683345371e-09 1.062787935929634e-08 1.434875269628732e-08 1.837197790246544e-08 2.248496212124857e-08 2.619831838019075e-08 2.885882356530455e-08 3.008602638347633e-08 3.111388459793447e-08 3.731095085129692e-08 -2.270356018158804e-10 -3.203969654894906e-10 -4.522402449505763e-10 -6.130424668322604e-10 -7.921768661699676e-10 -9.800444321951125e-10 -1.169428847407763e-09 -1.355393877334094e-09 -1.534968457706436e-09 -1.703849693171816e-09 -1.853467605381340e-09 -1.969402063831021e-09 -1.990899615783645e-09 -1.961335675412430e-09 -1.879018067489598e-09 -1.760984191936368e-09 -1.672731167638383e-09 -1.703685814212903e-09 -1.804681039323501e-09 -1.949002995088078e-09 -2.154545618353790e-09 -2.385211694506674e-09 -2.598304825619186e-09 -2.760344614841560e-09 -2.853540380779950e-09 -2.873014743558066e-09 -2.824174712340155e-09 -2.724399495059692e-09 -2.620383542367633e-09 -2.614058265883692e-09
4.510965431712637e-05 5.944142749534185e-05 9.110875008616457e-06 1.361532947876221e-07 1.330012775411443e-07 1.360844036546504e-07 1.420056061404596e-07 1.483178158298780e-07 1.535495026656983e-07 1.570861444771163e-07 1.589325429341877e-07 1.595266916874639e-07 1.595761128687914e-07 1.598826689118838e-07 1.611525708624910e-07 1.619636139563689e-07 1.655121266497223e-07 1.705142863644574e-07 1.785059132436449e-07 1.794374724599725e-07 1.810550045941533e-07 1.908090569541216e-07 1.766369299088251e-07 1.711545799705477e-07 1.647782381832278e-07 1.582092794708566e-07 1.518426039588285e-07 1.457395998000879e-07 1.396373204171138e-07 1.330579897489868e-07 1.256787562619410e-07 1.175743607404133e-07 1.095904458790985e-07 -2.159401390811780e-08 -2.086873596929956e-08 -2.185580455857240e-08 -2.366265846251079e-08 -2.545022264720120e-08 -2.667447090801099e-08 -2.706510839714366e-08 -2.655341620282462e-08 -2.523391876569644e-08 -2.332241371300768e-08 -2.111993480662493e-08 -1.894388875229759e-08 -1.676288140654415e-08 -1.555712448813123e-08 -1.403756072574847e-08 -1.223457503428855e-08 -9.961279210267054e-09 -7.118300020682882e-09 -4.034726159585535e-09 -8.725938683857393e-10 2.292972613032068e-09 5.541663826289336e-09 9.006242523714070e-09 1.275433717306231e-08 1.666348616552017e-08 2.035043954696683e-08 2.324167933727482e-08 2.493984754378601e-08 2.640987260899396e-08 3.230215983914575e-08 -1.301142165492244e-10 -2.038215808839781e-10 -3.091334914667281e-10 -4.419901481328754e-10 -5.954548791600767e-10 -7.622032311815413e-10 -9.363335541792780e-10 -1.113973938534250e-09 -1.293528076231557e-09 -1.473004378978858e-09 -1.646672437737850e-09 -1.801635284584082e-09 -1.876602395598229e-09 -1.899647259387228e-09 -1.855284861355431e-09 -1.749595325628586e-09 -1.648582854702118e-09 -1.651827344567617e-09 -1.724820170439934e-09 -1.857754126094790e-09 -2.074423919782951e-09 -2.339750321907773e-09 -2.602921856013934e-09 -2.816257993862918e-09 -2.948947502706278e-09 -2.990319127653864e-09 -2.948023134368756e-09 -2.846249613698258e-09 -2.739558043925094e-09 -2.738120043320646e-09
4.172191669924281e-05 5.517459857347616e-05 8.494733154177314e-06 1.250978991265897e-07 1.223760998539929e-07 1.253467763220748e-07 1.310091931717747e-07 1.370528155267923e-07 1.421394950570658e-07 1.457065227322902e-07 1.477412013023282e-07 1.486585348552237e-07 1.491080400676091e-07 1.498690110681580e-07 1.515449263190793e-07 1.529360071153584e-07 1.569586461478280e-07 1.625145498007595e-07 1.711224032441068e-07 1.731092250637603e-07 1.758992796175980e-07 1.766369299088251e-07 1.842374106826111e-07 1.700600348410937e-07 1.649056154612733e-07 1.593504276012826e-07 1.538244562149196e-07 1.484310155543951e-07 1.428513181223678e-07 1.366885682141925e-07 1.295877372015812e-07 1.216327634926816e-07 1.137139528139883e-07 -2.055536420474004e-08 -1.998311133515692e-08 -2.106217298444879e-08 -2.296254565239546e-08 -2.488765393447952e-08 -2.630986432943868e-08 -2.695612640395805e-08 -2.674354912585062e-08 -2.574762224558958e-08 -2.416694920458281e-08 -2.229463324414102e-08 -2.045626767400928e-08 -1.861705046659766e-08 -1.789895015891328e-08 -1.689776916759405e-08 -1.563659262383321e-08 -1.385610258464518e-08 -1.133509436620016e-08 -8.442945626725204e-09 -5.381331653992712e-09 -2.323003829008434e-09 7.484783645168047e-10 3.946826016038716e-09 7.375532713047237e-09 1.099950813526655e-08 1.455215521775980e-08 1.756016084295310e-08 1.963090123839687e-08 2.146360201740282e-08 2.693783597868746e-08 -4.983183311843265e-11 -1.052107959628751e-10 -1.854282182119820e-10 -2.908153753381244e-10 -4.176268476969708e-10 -5.606164156673135e-10 -7.150233680912005e-10 -8.776197450899682e-10 -1.047423235793276e-09 -1.223932079227014e-09 -1.404235304125905e-09 -1.579097857186362e-09 -1.693479432110290e-09 -1.765806472789728e-09 -1.771366536416938e-09 -1.702375031455085e-09 -1.614090788250257e-09 -1.605041226339066e-09 -1.650064595737389e-09 -1.753183529803223e-09 -1.952883087815005e-09 -2.224320355174612e-09 -2.519529686173096e-09 -2.781838139248414e-09 -2.964544534792734e-09 -3.043317192115446e-09 -3.020730285530376e-09 -2.924459197676263e-09 -2.817027667439045e-09 -2.817442217925760e-09
3.835593238570632e-05 5.090875560331057e-05 7.873748584255406e-06 1.144443319710408e-07 1.120590787489862e-07 1.149365937961864e-07 1.202913222401751e-07 1.260370506650239e-07 1.309308890718604e-07 1.344650757321834e-07 1.366225321273408e-07 1.377756145073908e-07 1.385577424654659e-07 1.396161095020356e-07 1.416490638724522e-07 1.434267975302083e-07 1.477737009692145e-07 1.537010896921023e-07 1.626537414466319e-07 1.654922997108720e-07 1.692464701645839e-07 1.711545799705477e-07 1.700600348410937e-07 1.769740009240618e-07 1.634417370118188e-07 1.590526402829364e-07 1.545633073008365e-07 1.500028724691371e-07 1.451272748732552e-07 1.395126395007849e-07 1.328079504238658e-07 1.251108093761536e-07 1.173717701698740e-07 -1.945678956016565e-08 -1.900861527980766e-08 -2.014177258498744e-08 -2.208672014149197e-08 -2.409187271835712e-08 -2.565056127781890e-08 -2.649195594463943e-08 -2.652345824486752e-08 -2.580460115091962e-08 -2.451790196545403e-08 -2.294710923470895e-08 -2.142228384363676e-08 -1.990999836239353e-08 -1.964185260003992e-08 -1.914506652442419e-08 -1.844082855209554e-08 -1.720556136255750e-08 -1.509117504266728e-08 -1.246960937280645e-08 -9.554538575836202e-09 -6.605295369048545e-09 -3.679779185230667e-09 -7.076463597303796e-10 2.424853431493436e-09 5.751561554920961e-09 9.117327632580037e-09 1.215871184866335e-08 1.450830865855694e-08 1.662260934288970e-08 2.161858651043307e-08 1.308585116606939e-11 -2.642529463848910e-11 -8.460401571280841e-11 -1.650944567221610e-10 -2.667308336096688e-10 -3.860894839482348e-10 -5.194652378711689e-10 -6.641201438178445e-10 -8.192521475522369e-10 -9.850218841078431e-10 -1.160403483172455e-09 -1.339644610943937e-09 -1.476700724097310e-09 -1.585083943708947e-09 -1.637338293353492e-09 -1.615614200652789e-09 -1.560599695430591e-09 -1.561500322380380e-09 -1.593846721088182e-09 -1.668498973976228e-09 -1.834609193868934e-09 -2.084969430886020e-09 -2.384294257735190e-09 -2.678865373165969e-09 -2.911225639185884e-09 -3.039603323704280e-09 -3.052874043914747e-09 -2.974861306979084e-09 -2.873080729592075e-09 -2.875628523584014e-09
3.515560971162201e-05 4.683540003870664e-05 7.277597750831184e-06 1.045441979156015e-07 1.024880202057435e-07 1.052523412565196e-07 1.103030397004795e-07 1.157338781830941e-07 1.204254833707457e-07 1.238855096554479e-07 1.261109556186887e-07 1.274624459046989e-07 1.284430292157198e-07 1.297901032168928e-07 1.320302714532753e-07 1.341011231814291e-07 1.386646900716565e-07 1.447878626430716e-07 1.539099934001062e-07 1.573980193612580e-07 1.618994099965196e-07 1.647782381832278e-07 1.649056154612733e-07 1.634417370118188e-07 1.702296564023227e-07 1.577760584438578e-07 1.544017220450636e-07 1.508397499141280e-07 1.468033307883091e-07 1.418611661936630e-07 1.356646002327742e-07 1.283452416017507e-07 1.208551909247052e-07 -1.839584837137485e-08 -1.804383009283358e-08 -1.920252251756730e-08 -2.115728401922816e-08 -2.320011782228134e-08 -2.484694800579456e-08 -2.583231061990801e-08 -2.605744679602393e-08 -2.556886499883041e-08 -2.453446841731006e-08 -2.322784859715757e-08 -2.198023171078244e-08 -2.076194629870792e-08 -2.088656637834679e-08 -2.084832266201697e-08 -2.067475702046416e-08 -1.999511429624081e-08 -1.834549607395926e-08 -1.607416964540300e-08 -1.337661933917694e-08 -1.057044355713435e-08 -7.780395718179744e-09 -4.990666248050709e-09 -2.102323685231341e-09 9.593014610811069e-10 4.130287990041211e-09 7.153632713985277e-09 9.702621210520276e-09 1.202214769713669e-08 1.650170148000225e-08 6.046074093440218e-11 3.411015455391572e-11 -5.516512490122541e-12 -6.441251724876596e-11 -1.433881858434476e-10 -2.405420311916399e-10 -3.531462297246248e-10 -4.789386808338721e-10 -6.171675222148770e-10 -7.681886937469531e-10 -9.319690416064130e-10 -1.105250931495642e-09 -1.250989300180132e-09 -1.380160258985889e-09 -1.467298175160583e-09 -1.490335346800971e-09 -1.477443330276212e-09 -1.505581300773291e-09 -1.546290009331601e-09 -1.607796703301835e-09 -1.742989307052975e-09 -1.956515310536287e-09 -2.232873144448016e-09 -2.532141713694237e-09 -2.798707665686730e-09 -2.977955952615443e-09 -3.040228737929478e-09 -2.996407147997055e-09 -2.912019462189338e-09 -2.921921807769968e-09
3.221119703980200e-05 4.307725362471699e-05 6.725790427976344e-06 9.567464894431047e-08 9.389706947629651e-08 9.654168361956816e-08 1.013080440077360e-07 1.064482549204083e-07 1.109241666127425e-07 1.143040443078999e-07 1.165814742250377e-07 1.180254671158908e-07 1.192263514193110e-07 1.207368533632125e-07 1.231347039410075e-07 1.254363304203218e-07 1.301048127017217e-07 1.363321098847208e-07 1.455017126908667e-07 1.494689006106032e-07 1.545258406343213e-07 1.582092794708566e-07 1.593504276012826e-07 1.590526402829364e-07 1.577760584438578e-07 1.649844729650447e-07 1.537332263978965e-07 1.512695858921524e-07 1.481897160879408e-07 1.440438795526746e-07 1.384906872627177e-07 1.316305285005513e-07 1.244673189478620e-07 -1.744368337829269e-08 -1.716233909410925e-08 -1.832684409054702e-08 -2.026964665150376e-08 -2.232211801258953e-08 -2.402208793739519e-08 -2.511101355488126e-08 -2.548661060197161e-08 -2.518507857144589e-08 -2.436157711317205e-08 -2.327963042062587e-08 -2.226934789345172e-08 -2.130546221428869e-08 -2.176185106555952e-08 -2.212252251993925e-08 -2.242788264549532e-08 -2.227816740355699e-08 -2.111454274523064e-08 -1.925170108992734e-08 -1.684648420444735e-08 -1.424345975403318e-08 -1.161143051400679e-08 -8.983256651144921e-09 -6.286696161436254e-09 -3.433075751038370e-09 -4.250166079015813e-10 2.568268011016601e-09 5.264656155129049e-09 7.728442604688455e-09 1.167258546057431e-08 9.484497894435865e-11 7.902914953149088e-11 5.449185269599255e-11 1.367820298802496e-11 -4.565255168612906e-11 -1.228047077434847e-10 -2.159084595671936e-10 -3.231838654273693e-10 -4.439536067762311e-10 -5.785963927466743e-10 -7.275543811476437e-10 -8.891220935183338e-10 -1.034076114030539e-09 -1.171498547031025e-09 -1.279954851493498e-09 -1.337661480473293e-09 -1.364500657868660e-09 -1.426456096878955e-09 -1.491595693858953e-09 -1.560492413595199e-09 -1.680912817713991e-09 -1.861448012423650e-09 -2.099457464966777e-09 -2.376454711194701e-09 -2.650531411412845e-09 -2.866953073654197e-09 -2.981058653822807e-09 -2.984879037596066e-09 -2.932815323712107e-09 -2.960553304030494e-09
2.954660923593882e-05 3.967004566900333e-05 6.224592499270975e-06 8.786482772557804e-08 8.632997186479567e-08 8.886629469469728e-08 9.337250993006591e-08 9.824533191334902e-08 1.025283301479423e-07 1.058337919036587e-07 1.080961718082096e-07 1.096712531010387e-07 1.109894249090406e-07 1.126383460973258e-07 1.151618638925469e-07 1.176126426516266e-07 1.223423791910408e-07 1.286089887780018e-07 1.377469950336837e-07 1.420638624175613e-07 1.475570330104616e-07 1.518426039588285e-07 1.538244562149196e-07 1.545633073008365e-07 1.544017220450636e-07 1.537332263978965e-07 1.617133921217130e-07 1.514714811216090e-07 1.494507491518943e-07 1.462442218931065e-07 1.414434732413335e-07 1.351497478919659e-07 1.283917325641325e-07 -1.663682791976335e-08 -1.640375075995351e-08 -1.756106059593538e-08 -1.947962981794945e-08 -2.152454594162998e-08 -2.325348319290603e-08 -2.441527265276136e-08 -2.490597360031583e-08 -2.475387277242107e-08 -2.410342918277184e-08 -2.320888979855728e-08 -2.239800659487107e-08 -2.164968592803971e-08 -2.238223995371941e-08 -2.308195722169814e-08 -2.380541302272348e-08 -2.413820398746345e-08 -2.344926412667387e-08 -2.202229196444604e-08 -1.996904497514533e-08 -1.763799600571010e-08 -1.521629888337098e-08 -1.276556585874855e-08 -1.023547902711883e-08 -7.536406791733221e-09 -4.638291890700946e-09 -1.651844258932201e-09 1.173948062391329e-09 3.744291679108064e-09 7.149525836970518e-09 1.188359485192526e-10 1.112132057316958e-10 9.861947693817520e-11 7.254752687151893e-11 2.978290058302399e-11 -2.988198502942904e-11 -1.052874131638869e-10 -1.951122270616495e-10 -2.987977967685235e-10 -4.167458796115848e-10 -5.496405807863650e-10 -6.967421785376740e-10 -8.353129975966941e-10 -9.724790294831637e-10 -1.090984802107036e-09 -1.171518922779192e-09 -1.229213232262868e-09 -1.321717229056313e-09 -1.417230603544776e-09 -1.509118906853206e-09 -1.635551959077633e-09 -1.800272475411893e-09 -2.004304791248937e-09 -2.243293077130037e-09 -2.497807663430155e-09 -2.725761203403800e-09 -2.879799700154905e-09 -2.935230786121271e-09 -2.928513411371159e-09 -2.987749352539408e-09
2.711309524349064e-05 3.655236062941968e-05 5.765117844139373e-06 8.095209068965787e-08 7.962678270463716e-08 8.206987461912546e-08 8.633921756195440e-08 9.096640304380407e-08 9.509212385305489e-08 9.827406068128575e-08 1.005738767017741e-07 1.022050104049260e-07 1.036214857254941e-07 1.053927431492072e-07 1.079850658160632e-07 1.105494173239339e-07 1.153030595706475e-07 1.215599799698608e-07 1.306088345146262e-07 1.352062198474348e-07 1.409903261152589e-07 1.457395998000879e-07 1.484310155543951e-07 1.500028724691371e-07 1.508397499141280e-07 1.512695858921524e-07 1.514714811216090e-07 1.602249962496938e-07 1.504755572259464e-07 1.483120813065219e-07 1.443978237239036e-07 1.387946068292411e-07 1.325618373068217e-07 -1.597022345403639e-08 -1.576614755577981e-08 -1.690653807501344e-08 -1.879270173728040e-08 -2.081799140504873e-08 -2.255767610230956e-08 -2.376800889687703e-08 -2.434479468607915e-08 -2.431041814620827e-08 -2.380051023687187e-08 -2.306097242693726e-08 -2.241642572623704e-08 -2.184943614587201e-08 -2.281014140902913e-08 -2.379446399356005e-08 -2.487572279807398e-08 -2.563460467150065e-08 -2.538780760604768e-08 -2.439602198989526e-08 -2.273027896472903e-08 -2.073214969636710e-08 -1.858826824113530e-08 -1.636640916408400e-08 -1.401976459514868e-08 -1.145361211971118e-08 -8.619749749725872e-09 -5.599665614727375e-09 -2.633255432027964e-09 3.113241353845846e-11 2.906309728572222e-09 1.345299417452632e-10 1.331100231587660e-10 1.297460346215472e-10 1.154452647094818e-10 8.638689151980576e-11 4.172582131051811e-11 -1.793545753545564e-11 -9.166871565980148e-11 -1.790690954865812e-10 -2.805843162040562e-10 -3.970741398433751e-10 -5.284693695359428e-10 -6.574392587024236e-10 -7.890607846834345e-10 -9.096275551327372e-10 -1.002784849445376e-09 -1.080817334043166e-09 -1.194988918022282e-09 -1.317388751898931e-09 -1.437889840028004e-09 -1.585656986243999e-09 -1.756012868541320e-09 -1.943836279574638e-09 -2.148749403253101e-09 -2.366827018997146e-09 -2.578872960519008e-09 -2.748267236518053e-09 -2.844957802175573e-09 -2.887916552880303e-09 -2.990416809940913e-09
2.480894437463387e-05 3.359035627841325e-05 5.326863070234299e-06 7.461404370926998e-08 7.348581881842172e-08 7.583134706562733e-08 7.988321034001493e-08 8.429956704354190e-08 8.821057273815884e-08 9.134402853432842e-08 9.361380722640223e-08 9.528413547541263e-08 9.680318949530488e-08 9.863536381034835e-08 1.012753958388269e-07 1.039187452860394e-07 1.086497662354822e-07 1.148470197642614e-07 1.237790758997545e-07 1.285403661215695e-07 1.345167749059468e-07 1.396373204171138e-07 1.428513181223677e-07 1.451272748732552e-07 1.468033307883091e-07 1.481897160879408e-07 1.494507491518943e-07 1.504755572259464e-07 1.596684651010830e-07 1.497585014111163e-07 1.468614291715202e-07 1.421107583506971e-07 1.365504368888695e-07 -1.540199465097426e-08 -1.521054254500659e-08 -1.632409492657417e-08 -1.816836002711733e-08 -2.016111834112355e-08 -2.189385991212728e-08 -2.313057694488158e-08 -2.376808898724024e-08 -2.382451596727014e-08 -2.342805629667175e-08 -2.281673816649958e-08 -2.231095247738225e-08 -2.189641389904808e-08 -2.304201578119558e-08 -2.426075837037047e-08 -2.564147723945112e-08 -2.676661114726588e-08 -2.691751208130356e-08 -2.633956374831500e-08 -2.507236697369981e-08 -2.344918553263621e-08 -2.164790517367586e-08 -1.972640374378891e-08 -1.762072657953176e-08 -1.521296404957066e-08 -1.243321794152204e-08 -9.349558948311174e-09 -6.219494173622912e-09 -3.454404205298676e-09 -1.088688358748160e-09 1.432723093635234e-10 1.463818952605909e-10 1.499322219582677e-10 1.448216032539781e-10 1.269195351967188e-10 9.496228185333492e-11 4.915056808723873e-11 -9.913994984172689e-12 -8.196627941084491e-11 -1.675145510796394e-10 -2.675734725484905e-10 -3.825979890936393e-10 -4.998783398778388e-10 -6.225429484044708e-10 -7.397504751060422e-10 -8.378315674783373e-10 -9.268433927864809e-10 -1.052329246431960e-09 -1.192453468756946e-09 -1.337582751405491e-09 -1.511320010269793e-09 -1.702521663318288e-09 -1.896080110011426e-09 -2.084580864545776e-09 -2.268931407405277e-09 -2.446726304080052e-09 -2.603809861185965e-09 -2.718317736889694e-09 -2.801380208986158e-09 -2.949986484213583e-09
2.252806582190981e-05 3.064215939794091e-05 4.887637620708252e-06 6.852538570620441e-08 6.757198862396048e-08 6.982401509737812e-08 7.367376893593215e-08 7.782095287527664e-08 8.159135656249837e-08 8.459623745545332e-08 8.683347644677396e-08 8.855148396782137e-08 9.010564738601119e-08 9.199085473055593e-08 9.463983562967376e-08 9.731650488793670e-08 1.019756149414953e-07 1.080783813565950e-07 1.167896789968712e-07 1.216342270193644e-07 1.277299398895090e-07 1.330579897489868e-07 1.366885682141925e-07 1.395126395007849e-07 1.418611661936630e-07 1.440438795526746e-07 1.462442218931065e-07 1.483120813065219e-07 1.497585014111163e-07 1.587636382431413e-07 1.481405028689330e-07 1.443992834946717e-07 1.396766812763150e-07 -1.487514198102926e-08 -1.468253542707990e-08 -1.575739124283302e-08 -1.754621767382622e-08 -1.948955241488241e-08 -2.119506145091536e-08 -2.243537755147307e-08 -2.310967702805159e-08 -2.323313356376417e-08 -2.292733094755842e-08 -2.242214843587450e-08 -2.203186025852196e-08 -2.174489745081590e-08 -2.303293360047881e-08 -2.443647925277355e-08 -2.605756001731521e-08 -2.748575525373178e-08 -2.798226338997463e-08 -2.778194948975820e-08 -2.690253866486050e-08 -2.567152284762185e-08 -2.425835136087808e-08 -2.270551159782553e-08 -2.091873155473189e-08 -1.873708732031034e-08 -1.605051062642699e-08 -1.291051869861373e-08 -9.607027904568972e-09 -6.729132415230056e-09 -4.839880143830497e-09 1.458360955762878e-10 1.520462967651277e-10 1.605008371270948e-10 1.623084460522254e-10 1.532710134673856e-10 1.318990307167068e-10 9.810870037048042e-11 5.226366655323988e-11 -5.484095274164446e-12 -7.569166902864179e-11 -1.594890547753165e-10 -2.577614402588864e-10 -3.617927246855809e-10 -4.730465856928707e-10 -5.830610373978199e-10 -6.804631726803099e-10 -7.731200186185202e-10 -9.006592923378957e-10 -1.047697755493865e-09 -1.207505254837046e-09 -1.401562326298135e-09 -1.617071622995299e-09 -1.831436135365666e-09 -2.025693827034745e-09 -2.193479367368021e-09 -2.338421152307917e-09 -2.463919263207254e-09 -2.569024948169640e-09 -2.669561087612708e-09 -2.852923962417071e-09
2.020013628450051e-05 2.761224803152583e-05 4.432179230654064e-06 6.244490692099026e-08 6.166029993077525e-08 6.382475269420710e-08 6.740585066552670e-08 7.134523458605655e-08 7.489662795161529e-08 7.776891545483447e-08 7.997193383422735e-08 8.168025842513086e-08 8.326353044248723e-08 8.515736074299792e-08 8.778237320711074e-08 9.043849993543337e-08 9.499495097041174e-08 1.009055741364039e-07 1.093040019993397e-07 1.141753252897967e-07 1.202388803617448e-07 1.256787562619410e-07 1.295877372015812e-07 1.328079504238658e-07 1.356646002327742e-07 1.384906872627177e-07 1.414434732413335e-07 1.443978237239036e-07 1.468614291715202e-07 1.481405028689330e-07 1.563091280651168e-07 1.449408179571214e-07 1.412184452555843e-07 -1.433878323701984e-08 -1.413378937358835e-08 -1.515646024776643e-08 -1.687267793454177e-08 -1.874597217518995e-08 -2.040129915039202e-08 -2.162136319366834e-08 -2.230912291763175e-08 -2.247787095688648e-08 -2.224289953181144e-08 -2.182498176911292e-08 -2.152962562848736e-08 -2.134760211257973e-08 -2.273429112358169e-08 -2.427128800150525e-08 -2.607082116362488e-08 -2.773469912634572e-08 -2.851861838353211e-08 -2.864860564598136e-08 -2.812804491894013e-08 -2.728067449623392e-08 -2.627156564994922e-08 -2.513099400465544e-08 -2.373307923951728e-08 -2.186310774292112e-08 -1.935054904095070e-08 -1.621064570837690e-08 -1.276088873481915e-08 -9.771953740274287e-09 -8.318158925758245e-09 1.428007126538224e-10 1.508820687749328e-10 1.624713641848918e-10 1.691607347654725e-10 1.668954732087527e-10 1.541010814978972e-10 1.305239616689432e-10 9.635910375530826e-11 5.168025873870236e-11 -4.080383723279404e-12 -7.211452457921760e-11 -1.536301463923524e-10 -2.433133695215469e-10 -3.413407838888956e-10 -4.413243917657784e-10 -5.339120806382198e-10 -6.247737631648121e-10 -7.472369661743850e-10 -8.915513148667173e-10 -1.054453211795447e-09 -1.257061184988612e-09 -1.489307374252284e-09 -1.726879719234167e-09 -1.941910752482472e-09 -2.115427155897989e-09 -2.244182119730591e-09 -2.338710887091103e-09 -2.415267092037702e-09 -2.506918857900887e-09 -2.700984772200223e-09
1.784004035194555e-05 2.452008583534603e-05 3.963370640565652e-06 5.637861905122283e-08 5.578255977422960e-08 5.779021915765440e-08 6.116800748212321e-08 6.482655425707754e-08 6.815337510186562e-08 7.090393914325537e-08 7.301876315740019e-08 7.470641362788625e-08 7.629025541389994e-08 7.816753832969935e-08 8.071597620812240e-08 8.334762162934867e-08 8.771452063842703e-08 9.337179178462939e-08 1.014084564783448e-07 1.061793387276136e-07 1.121406536651620e-07 1.175743607404133e-07 1.216327634926816e-07 1.251108093761536e-07 1.283452416017507e-07 1.316305285005513e-07 1.351497478919659e-07 1.387946068292411e-07 1.421107583506971e-07 1.443992834946717e-07 1.449408179571214e-07 1.520234279843362e-07 1.408993683718216e-07 -1.378607319905860e-08 -1.355976299527968e-08 -1.451856496173299e-08 -1.614687516955184e-08 -1.793167370613420e-08 -1.951630120473844e-08 -2.069481076213815e-08 -2.137516817002482e-08 -2.156966522898646e-08 -2.138750920627654e-08 -2.103941903855570e-08 -2.081964189859238e-08 -2.072091490046934e-08 -2.216442922310931e-08 -2.378534365517540e-08 -2.570298002119020e-08 -2.753556584216877e-08 -2.854617503146921e-08 -2.895195629608000e-08 -2.874711380948288e-08 -2.825176312628938e-08 -2.763051733705950e-08 -2.690841561981694e-08 -2.593603723955453e-08 -2.444732521726637e-08 -2.220056840008929e-08 -1.915171053442901e-08 -1.562262477055517e-08 -1.255030805036314e-08 -1.149249046498846e-08 1.351163786278496e-10 1.440523752912900e-10 1.572645429189777e-10 1.670497863432327e-10 1.696413862809115e-10 1.635037970011847e-10 1.482949878134450e-10 1.240970778361804e-10 9.094303656759382e-11 4.828927012014058e-11 -5.050251519907007e-12 -7.048700493219279e-11 -1.454791047322493e-10 -2.293090202518965e-10 -3.174139976305209e-10 -4.022898582694540e-10 -4.875875214768566e-10 -6.002687436497695e-10 -7.349540989575956e-10 -8.912215650068938e-10 -1.089885545052888e-09 -1.325706348908785e-09 -1.577846681851618e-09 -1.815890216253147e-09 -2.010652239097504e-09 -2.145835671115192e-09 -2.225833172811838e-09 -2.274432555175485e-09 -2.339111270029940e-09 -2.517596440048679e-09
1.557766090073742e-05 2.154413430656441e-05 3.509975205666643e-06 5.073447162894986e-08 5.024333281041063e-08 5.218786103177675e-08 5.530998034225839e-08 5.870981485129204e-08 6.185101085306566e-08 6.444141419732357e-08 6.648321141229894e-08 6.813788468678571e-08 6.970364496079745e-08 7.154144496593655e-08 7.403437756652482e-08 7.657969965613202e-08 8.075294062739352e-08 8.616324244093075e-08 9.377391407848120e-08 9.843451977599213e-08 1.042338710517808e-07 1.095904458790985e-07 1.137139528139883e-07 1.173717701698740e-07 1.208551909247052e-07 1.244673189478620e-07 1.283917325641325e-07 1.325618373068217e-07 1.365504368888695e-07 1.396766812763150e-07 1.412184452555843e-07 1.408993683718216e-07 1.477739604843670e-07 -1.330048612718078e-08 -1.304483311208841e-08 -1.393625757947512e-08 -1.547400992230114e-08 -1.716585755718978e-08 -1.867226948842968e-08 -1.979843590302995e-08 -2.045776490158070e-08 -2.066233021379727e-08 -2.051606646332914e-08 -2.022008847063846e-08 -2.005700187776007e-08 -2.002109461497255e-08 -2.149232645699140e-08 -2.316172105831749e-08 -2.515346689972542e-08 -2.710326745279953e-08 -2.828813818000354e-08 -2.891685447197482e-08 -2.897769864228491e-08 -2.878731178244800e-08 -2.851262478290454e-08 -2.817994788740558e-08 -2.762707979725520e-08 -2.654739566225987e-08 -2.462961815623839e-08 -2.175551823359210e-08 -1.822397229168709e-08 -1.510946755455390e-08 -1.442089301019424e-08 1.245787387196383e-10 1.336327683663982e-10 1.473348608304888e-10 1.587829934830520e-10 1.645940055783089e-10 1.633437684032418e-10 1.546571105664941e-10 1.385517488294404e-10 1.150402465538849e-10 8.362995408628650e-11 4.319442829798927e-11 -7.767535221486512e-12 -6.884484602557822e-11 -1.387525737471777e-10 -2.144869862958743e-10 -2.902166737596110e-10 -3.679242122391444e-10 -4.686975537221740e-10 -5.903137292775283e-10 -7.342194978664004e-10 -9.202202016539857e-10 -1.147789886493421e-09 -1.402024850655707e-09 -1.655603279577092e-09 -1.875479336611956e-09 -2.033999825333007e-09 -2.122456635400954e-09 -2.159224947306490e-09 -2.198027719277497e-09 -2.344860444024206e-09
-4.884753992201809e-05 -6.080280125025565e-04 -2.023640827974207e-04 4.805041322568587e-08 3.379175144700345e-08 2.264873539414708e-08 1.286126305716114e-08 3.988924004282999e-09 -3.772089338424602e-09 -1.012580618568751e-08 -1.493941232325487e-08 -1.830206479282520e-08 -2.046976782138368e-08 -2.177390624136726e-08 -2.252964937982125e-08 -2.272727184078700e-08 -2.294599439749804e-08 -2.311548615025333e-08 -2.351067871840475e-08 -2.288515743334561e-08 -2.234900677157123e-08 -2.159401390811780e-08 -2.055536420474003e-08 -1.945678956016565e-08 -1.839584837137485e-08 -1.744368337829269e-08 -1.663682791976336e-08 -1.597022345403640e-08 -1.540199465097426e-08 -1.487514198102926e-08 -1.433878323701985e-08 -1.378607319905860e-08 -1.330048612718078e-08 2.065706016998109e-06 1.666088733875223e-06 1.597403645805025e-06 1.582287640061727e-06 1.558188484535656e-06 1.498653087112373e-06 1.400938116951874e-06 1.273545940901230e-06 1.130475589581620e-06 9.860399202408150e-07 8.541445151489089e-07 7.454491189799927e-07 6.557963680580854e-07 6.221766300929829e-07 5.944360822343055e-07 5.746697772927959e-07 5.539590494353284e-07 5.202567490917898e-07 4.818527302739307e-07 4.409224204363168e-07 4.038685027676017e-07 3.726984203716685e-07 3.475903301374109e-07 3.262058306676437e-07 3.049592021842352e-07 2.801888803178929e-07 2.498589393954344e-07 2.156199205089140e-07 1.881562869913640e-07 1.937761388583221e-07 1.401150058940453e-07 1.531994955501324e-07 1.721524722561283e-07 1.904654279021361e-07 2.056255397531469e-07 2.171579733277271e-07 2.254993143338673e-07 2.313937655342070e-07 2.357730407338237e-07 2.393620980937392e-07 2.424522865728345e-07 2.446805739381827e-07 2.397790394578509e-07 2.330714378356146e-07 2.224851059632886e-07 2.071342441564623e-07 1.922186690043587e-07 1.867369880198317e-07 1.848337209997457e-07 1.850954854968279e-07 1.908224067826449e-07 1.998773272084570e-07 2.094526669716427e-07 2.169567258010128e-07 2.203854709421746e-07 2.184707967897236e-07 2.110093955806640e-07 1.992429451036910e-07 1.869217680983657e-07 1.815341441520342e-07
-4.549665471915945e-05 -5.656680906861922e-04 -1.885125340886884e-04 5.074638782488391e-08 3.740332342500380e-08 2.711512541306980e-08 1.800067127985027e-08 9.494702621308366e-09 1.749551830388410e-09 -4.889261903096704e-09 -1.018627229709169e-08 -1.412158406082776e-08 -1.686678711989702e-08 -1.870205153825646e-08 -1.992091905008104e-08 -2.053620655378262e-08 -2.108936614749789e-08 -2.154031662521265e-08 -2.216134847695472e-08 -2.178166776372271e-08 -2.144738432580707e-08 -2.086873596929957e-08 -1.998311133515692e-08 -1.900861527980765e-08 -1.804383009283358e-08 -1.716233909410925e-08 -1.640375075995351e-08 -1.576614755577981e-08 -1.521054254500659e-08 -1.468253542707990e-08 -1.413378937358835e-08 -1.355976299527968e-08 -1.304483311208841e-08 1.666088733875223e-06 1.633360421193128e-06 1.442973061130750e-06 1.442260945793028e-06 1.432054815515044e-06 1.387709500075705e-06 1.305807191901472e-06 1.194339886943564e-06 1.065757476046526e-06 9.341991944069350e-07 8.127016529030211e-07 7.119803639579411e-07 6.287232684053648e-07 5.982933655484331e-07 5.732894717389862e-07 5.556291494911464e-07 5.368102627570397e-07 5.051511019748029e-07 4.685248269644460e-07 4.294738110481020e-07 3.936554196665531e-07 3.635860316504380e-07 3.392256667825735e-07 3.183812217858473e-07 2.975459281678034e-07 2.732361933098072e-07 2.434051144334849e-07 2.097718665242471e-07 1.828754244542611e-07 1.877733968573177e-07 1.143041886452212e-07 1.266356481103085e-07 1.436186427325967e-07 1.597182670231017e-07 1.728166284006916e-07 1.826720614044152e-07 1.898828861283262e-07 1.952515856639004e-07 1.996321009376801e-07 2.036187373158509e-07 2.073968934355296e-07 2.105813658041487e-07 2.076712531741629e-07 2.031441426277870e-07 1.951231438533730e-07 1.827496370445890e-07 1.705610395670021e-07 1.665969398211844e-07 1.657448120996794e-07 1.667813195167503e-07 1.727222255771373e-07 1.816891700190020e-07 1.911538818927210e-07 1.987435605700797e-07 2.025921158901045e-07 2.014907775208402e-07 1.952061936712942e-07 1.848490715313540e-07 1.738814419642092e-07 1.692897057516367e-07
-4.615212681516380e-05 -5.731370688046951e-04 -1.912602967307315e-04 5.716397608105809e-08 4.350933686954831e-08 3.321055793871023e-08 2.411362566165872e-08 1.544736930358434e-08 7.272897328760310e-09 -3.991459220014589e-11 -6.158126078187989e-09 -1.094727876435080e-08 -1.449074803353997e-08 -1.702222444637443e-08 -1.882539790848855e-08 -1.993162713077535e-08 -2.088472851608715e-08 -2.167222808314881e-08 -2.258609362584231e-08 -2.243756213904920e-08 -2.229234515009154e-08 -2.185580455857240e-08 -2.106217298444879e-08 -2.014177258498743e-08 -1.920252251756730e-08 -1.832684409054702e-08 -1.756106059593538e-08 -1.690653807501344e-08 -1.632409492657417e-08 -1.575739124283302e-08 -1.515646024776642e-08 -1.451856496173299e-08 -1.393625757947512e-08 1.597403645805025e-06 1.442973061130750e-06 1.540845992184293e-06 1.422784230643253e-06 1.425319820989794e-06 1.392347706546250e-06 1.320015111364986e-06 1.215188534287964e-06 1.090863868337753e-06 9.611871824901814e-07 8.400322477998314e-07 7.391682940885168e-07 6.551226548073068e-07 6.255664048916937e-07 6.012128860049420e-07 5.843166375110016e-07 5.658459592539720e-07 5.334881022574503e-07 4.958761896478914e-07 4.550313437659199e-07 4.176412083622646e-07 3.860955142895925e-07 3.604046680073202e-07 3.383309515375287e-07 3.161883786523332e-07 2.902170743926722e-07 2.583648970730480e-07 2.225271484227329e-07 1.935638089142710e-07 1.986579933371516e-07 9.959928594470690e-08 1.121981874663156e-07 1.289625368486858e-07 1.447925328711910e-07 1.575432838395781e-07 1.669805629508935e-07 1.738127078922243e-07 1.789911434472427e-07 1.834579189751771e-07 1.878236388214209e-07 1.922487518754546e-07 1.963237474653038e-07 1.948198055728613e-07 1.918011391168907e-07 1.854132261275326e-07 1.747462817998857e-07 1.640772861216447e-07 1.611871199855986e-07 1.612374807185115e-07 1.630803887733440e-07 1.697062441471241e-07 1.793266407121712e-07 1.894703175603123e-07 1.977768161593769e-07 2.023565048381211e-07 2.019557583556808e-07 1.962912909473103e-07 1.864388519936592e-07 1.758710455875495e-07 1.716753956937322e-07
-4.866120101968217e-05 -6.035558047869274e-04 -2.016928816896682e-04 6.605673979175165e-08 5.139801355234413e-08 4.061995447376899e-08 3.122806417229014e-08 2.220041261228826e-08 1.345467761535766e-08 5.334748150175503e-09 -1.758294445209481e-09 -7.576863216858144e-09 -1.210048330287750e-08 -1.549918149836665e-08 -1.803708430062528e-08 -1.975766089037679e-08 -2.121659499578135e-08 -2.243147973527199e-08 -2.372507518069092e-08 -2.385360252843549e-08 -2.393576971864436e-08 -2.366265846251078e-08 -2.296254565239546e-08 -2.208672014149197e-08 -2.115728401922815e-08 -2.026964665150376e-08 -1.947962981794945e-08 -1.879270173728040e-08 -1.816836002711732e-08 -1.754621767382621e-08 -1.687267793454176e-08 -1.614687516955184e-08 -1.547400992230113e-08 1.582287640061727e-06 1.442260945793028e-06 1.422784230643253e-06 1.579402721004457e-06 1.465149086465080e-06 1.443963554368994e-06 1.379839635033767e-06 1.279621901452570e-06 1.156089396999482e-06 1.024432265965669e-06 9.000627840222076e-07 7.955332956939872e-07 7.079786430224672e-07 6.784910051077795e-07 6.542487806875133e-07 6.376548240310237e-07 6.190317936697660e-07 5.850859571080491e-07 5.447069372121714e-07 5.007452041433704e-07 4.601767872987088e-07 4.258506895982143e-07 3.978127480768208e-07 3.735991038217305e-07 3.491708558177758e-07 3.204451337073600e-07 2.852344709452188e-07 2.453121342573283e-07 2.133405077746564e-07 2.185543046001398e-07 8.827355409753746e-08 1.013063818043097e-07 1.184355359954950e-07 1.348120154027376e-07 1.481437966420739e-07 1.579652464470881e-07 1.649539642610939e-07 1.701844654594652e-07 1.747642801630180e-07 1.794289526906172e-07 1.843982052863421e-07 1.892734981810987e-07 1.889351488199777e-07 1.871920008096588e-07 1.821401902845912e-07 1.727772269600470e-07 1.632551860058802e-07 1.613541769071796e-07 1.623377690179703e-07 1.650907306151592e-07 1.726823109985228e-07 1.833527936520845e-07 1.946007029195760e-07 2.039916418938124e-07 2.095401568323464e-07 2.098964298153320e-07 2.047106343647480e-07 1.950582096239200e-07 1.845499875748852e-07 1.806459280499301e-07
-5.127394190612025e-05 -6.351590232611617e-04 -2.125599235328738e-04 7.566248985515261e-08 5.979565533751917e-08 4.838882457442821e-08 3.863862597253895e-08 2.928917959003568e-08 2.009374462084353e-08 1.131217687435848e-08 3.353357631386883e-09 -3.454962525100149e-09 -8.987211209155883e-09 -1.332765084319166e-08 -1.669566753397927e-08 -1.913386119718217e-08 -2.119091717583633e-08 -2.291580499503694e-08 -2.466058462634158e-08 -2.513729173387587e-08 -2.550740417125791e-08 -2.545022264720120e-08 -2.488765393447953e-08 -2.409187271835712e-08 -2.320011782228134e-08 -2.232211801258953e-08 -2.152454594162998e-08 -2.081799140504873e-08 -2.016111834112355e-08 -1.948955241488241e-08 -1.874597217518995e-08 -1.793167370613420e-08 -1.716585755718978e-08 1.558188484535656e-06 1.432054815515044e-06 1.425319820989794e-06 1.465149086465080e-06 1.625744046435374e-06 1.487081640814765e-06 1.433428047825017e-06 1.339763471470356e-06 1.218948712355414e-06 1.087160345801467e-06 9.604602241198902e-07 8.531941641949559e-07 7.626611778938098e-07 7.338214245590594e-07 7.100634071340695e-07 6.941734563447559e-07 6.758876272086948e-07 6.402394205169724e-07 5.973587114708332e-07 5.501114555272046e-07 5.063135755058889e-07 4.690634945254771e-07 4.385862228512513e-07 4.121399629730821e-07 3.852968410064397e-07 3.537149771702904e-07 3.145780932271153e-07 2.705997219221747e-07 2.350609477427451e-07 2.405145120952397e-07 7.641894592982739e-08 8.941478987930347e-08 1.065477172719329e-07 1.234069916841820e-07 1.375407397358475e-07 1.481796797667310e-07 1.557376598671748e-07 1.612634559134218e-07 1.659853638133156e-07 1.708092683771549e-07 1.760948526491635e-07 1.815283923379609e-07 1.821700592884594e-07 1.815836982254491e-07 1.778266017487525e-07 1.698001435315089e-07 1.614929963617786e-07 1.606279178808351e-07 1.625923106660077e-07 1.663069149464481e-07 1.749050800165973e-07 1.866669240029551e-07 1.990719911768928e-07 2.096183150193811e-07 2.162251002132682e-07 2.174418126961690e-07 2.128439368638988e-07 2.034970244107025e-07 1.931421848654842e-07 1.896106375967951e-07
-5.300073161436189e-05 -6.556955282443776e-04 -2.197585317139004e-04 8.454024669637688e-08 6.761601159043123e-08 5.563772132947340e-08 4.558053997477064e-08 3.602700629811358e-08 2.659558530789683e-08 1.743786198699293e-08 8.906683689429757e-09 1.347535102037974e-09 -5.040910182082738e-09 -1.025429556838722e-08 -1.444427171908544e-08 -1.763625902230610e-08 -2.033542188336724e-08 -2.261731913684460e-08 -2.485098602386770e-08 -2.574173713761590e-08 -2.645730716731985e-08 -2.667447090801098e-08 -2.630986432943868e-08 -2.565056127781890e-08 -2.484694800579456e-08 -2.402208793739519e-08 -2.325348319290603e-08 -2.255767610230955e-08 -2.189385991212728e-08 -2.119506145091537e-08 -2.040129915039202e-08 -1.951630120473844e-08 -1.867226948842968e-08 1.498653087112373e-06 1.387709500075705e-06 1.392347706546249e-06 1.443963554368993e-06 1.487081640814765e-06 1.619063720570259e-06 1.451671788592029e-06 1.368185803767640e-06 1.254648675023225e-06 1.126716235747655e-06 1.001615407463211e-06 8.946336658412798e-07 8.036459019074527e-07 7.765763433789230e-07 7.542604326407290e-07 7.400264548725798e-07 7.225679209184411e-07 6.862954297747841e-07 6.418292089667081e-07 5.922097974898733e-07 5.459404627383639e-07 5.065006436113804e-07 4.740515446923111e-07 4.458221361577900e-07 4.171242409240107e-07 3.827960420062381e-07 3.406430636390809e-07 2.928380924044827e-07 2.541996085873622e-07 2.600022411886082e-07 6.337245800291428e-08 7.560800718942692e-08 9.192835857591287e-08 1.085940824086324e-07 1.232161864866093e-07 1.346967201140947e-07 1.430961055075944e-07 1.491980239154225e-07 1.541955009705457e-07 1.591090351508247e-07 1.644718790380394e-07 1.701344800553859e-07 1.715108877895123e-07 1.719002448593654e-07 1.693851746207394e-07 1.628002398965994e-07 1.558675764298938e-07 1.560534967826452e-07 1.589698796106632e-07 1.635941214858110e-07 1.730476450048522e-07 1.856918459573277e-07 1.990458995511868e-07 2.105950118911886e-07 2.182045273569421e-07 2.203477120962467e-07 2.165260265218942e-07 2.077650520416120e-07 1.978545580722104e-07 1.948414498223784e-07
-5.343894350044804e-05 -6.602317403690349e-04 -2.216170615103020e-04 9.169207707503600e-08 7.410127781718690e-08 6.175907081741197e-08 5.151486793069810e-08 4.187494275832639e-08 3.239184448169309e-08 2.313372463190898e-08 1.437085049372867e-08 6.405010416282772e-09 -5.495620483440325e-10 -6.428661985949399e-09 -1.131413088813781e-08 -1.520506446141306e-08 -1.852337226375461e-08 -2.135949453852489e-08 -2.407887468510741e-08 -2.542580658958231e-08 -2.652602196353338e-08 -2.706510839714365e-08 -2.695612640395805e-08 -2.649195594463943e-08 -2.583231061990802e-08 -2.511101355488125e-08 -2.441527265276136e-08 -2.376800889687703e-08 -2.313057694488158e-08 -2.243537755147308e-08 -2.162136319366834e-08 -2.069481076213815e-08 -1.979843590302996e-08 1.400938116951874e-06 1.305807191901472e-06 1.320015111364986e-06 1.379839635033767e-06 1.433428047825017e-06 1.451671788592029e-06 1.541750651060450e-06 1.354623505369658e-06 1.252418824981224e-06 1.133295539752401e-06 1.014344737134842e-06 9.115488898871735e-07 8.232164014506317e-07 7.992283626060373e-07 7.796633380318174e-07 7.676613030944426e-07 7.520604258536384e-07 7.163994883432748e-07 6.716322413220234e-07 6.210790028751570e-07 5.736170929638537e-07 5.329718803871776e-07 4.994818087845899e-07 4.702758384674099e-07 4.401085534338572e-07 4.043025695309612e-07 3.597193759855828e-07 3.091767176839169e-07 2.683918833198933e-07 2.742826673182856e-07 4.996926442036537e-08 6.081311303157162e-08 7.548745303359893e-08 9.107351791849544e-08 1.054707913247371e-07 1.174465577753066e-07 1.266634629516282e-07 1.335489666163646e-07 1.390349804783077e-07 1.441116615522933e-07 1.494317467368578e-07 1.550421754708842e-07 1.568808470119716e-07 1.579835020820447e-07 1.565527381293126e-07 1.514133443144141e-07 1.459259386858948e-07 1.470798116301398e-07 1.508183191313879e-07 1.561968764752452e-07 1.662306802344046e-07 1.794067700830465e-07 1.933539806288584e-07 2.056150370919783e-07 2.140590900248092e-07 2.171215438560551e-07 2.142380375953490e-07 2.063599612289027e-07 1.972180790455290e-07 1.948578213612387e-07
-5.255402244556655e-05 -6.484051655728826e-04 -2.179891882983108e-04 9.651603281082227e-08 7.877701350281414e-08 6.638436322026568e-08 5.614084956860085e-08 4.653952304600582e-08 3.713355099537422e-08 2.796605216120167e-08 1.924556238363723e-08 1.120628925526037e-08 4.024702350929719e-09 -2.224653771248983e-09 -7.579520101210559e-09 -1.202166084700223e-08 -1.586293735966887e-08 -1.919464079522304e-08 -2.235409182737659e-08 -2.416618644980375e-08 -2.566457465158034e-08 -2.655341620282462e-08 -2.674354912585063e-08 -2.652345824486752e-08 -2.605744679602393e-08 -2.548661060197160e-08 -2.490597360031583e-08 -2.434479468607916e-08 -2.376808898724024e-08 -2.310967702805159e-08 -2.230912291763175e-08 -2.137516817002482e-08 -2.045776490158070e-08 1.273545940901230e-06 1.194339886943564e-06 1.215188534287964e-06 1.279621901452570e-06 1.339763471470356e-06 1.368185803767640e-06 1.354623505369658e-06 1.403546307205881e-06 1.211915682182071e-06 1.105561757298863e-06 9.969405038226812e-07 9.018906754501706e-07 8.192960274118305e-07 7.997261995715924e-07 7.836568712998391e-07 7.748036773204807e-07 7.618131835441198e-07 7.279719268719739e-07 6.843984303329939e-07 6.343943770825250e-07 5.871424508435514e-07 5.464911014936173e-07 5.129874223485395e-07 4.833863426669940e-07 4.529751209846685e-07 4.162821044740236e-07 3.704995687845550e-07 3.185638844334503e-07 2.764443906418454e-07 2.824383033258727e-07 3.732154056465072e-08 4.641040227591606e-08 5.887613061211742e-08 7.262327404054883e-08 8.598938971612754e-08 9.780952978924280e-08 1.075167447434849e-07 1.151378297027283e-07 1.212660295433119e-07 1.266660725862711e-07 1.319831931370703e-07 1.374112544177695e-07 1.395012888623108e-07 1.410408796726595e-07 1.404524361423761e-07 1.366274453799135e-07 1.325154486652411e-07 1.344549591315680e-07 1.388009253628293e-07 1.447019392305378e-07 1.549805164195731e-07 1.682829086736033e-07 1.824089448921302e-07 1.950252088574310e-07 2.040626622274448e-07 2.079608197507158e-07 2.061028922012753e-07 1.993372685185563e-07 1.912313027961192e-07 1.896094464943890e-07
-5.057344978671470e-05 -6.230875914115573e-04 -2.098154236095082e-04 9.887030878262205e-08 8.149866631529109e-08 6.939952154117756e-08 5.938777411264732e-08 4.997279463854039e-08 4.074330801353679e-08 3.176927244723834e-08 2.324814789823852e-08 1.536602605166752e-08 8.243629358210897e-09 1.922744399934727e-09 -3.631499770380748e-09 -8.411970070795932e-09 -1.261897002261620e-08 -1.633682725359528e-08 -1.985351311851059e-08 -2.210516008173734e-08 -2.398927816789077e-08 -2.523391876569644e-08 -2.574762224558958e-08 -2.580460115091961e-08 -2.556886499883041e-08 -2.518507857144589e-08 -2.475387277242107e-08 -2.431041814620827e-08 -2.382451596727014e-08 -2.323313356376417e-08 -2.247787095688648e-08 -2.156966522898646e-08 -2.066233021379727e-08 1.130475589581620e-06 1.065757476046526e-06 1.090863868337753e-06 1.156089396999482e-06 1.218948712355414e-06 1.254648675023225e-06 1.252418824981224e-06 1.211915682182071e-06 1.228879277049073e-06 1.048896098193107e-06 9.533746266150476e-07 8.687426726322673e-07 7.944864596564823e-07 7.799218435165881e-07 7.682218320408341e-07 7.630083492231938e-07 7.531939212533096e-07 7.222665852151725e-07 6.811193904554304e-07 6.330596961053127e-07 5.872447886245421e-07 5.477934365583917e-07 5.148823274184750e-07 4.860331245693868e-07 4.558797213942749e-07 4.192486497411232e-07 3.734567955008407e-07 3.211646450009243e-07 2.787328532101134e-07 2.847335245141162e-07 2.628800946681785e-08 3.354903810431638e-08 4.361476269391592e-08 5.510069929100125e-08 6.680965221524784e-08 7.778775555221557e-08 8.741833220867468e-08 9.547702047975169e-08 1.021837306314579e-07 1.080226275409253e-07 1.134689543594296e-07 1.187524717089326e-07 1.210122466816714e-07 1.227854158585513e-07 1.227855631818952e-07 1.200489937535595e-07 1.171219132400323e-07 1.196017074540108e-07 1.242963504163511e-07 1.304551328007456e-07 1.406459534972062e-07 1.536911444652876e-07 1.676029307435447e-07 1.802216344305691e-07 1.895874640245236e-07 1.941812430357449e-07 1.933495635247759e-07 1.878193748927141e-07 1.809129838505221e-07 1.800540052279196e-07
-4.790849841895166e-05 -5.893991118071420e-04 -1.987995313586465e-04 9.912395318821336e-08 8.251332649467716e-08 7.099219112453680e-08 6.142809337158386e-08 5.235183274610644e-08 4.338780762417763e-08 3.465410848834653e-08 2.638103894219190e-08 1.875162337479329e-08 1.185018059258008e-08 5.673954855601729e-09 1.574389748433661e-10 -4.738500554219134e-09 -9.126721781079802e-09 -1.309004380470553e-08 -1.685756694014322e-08 -1.949530579141323e-08 -2.173310898603620e-08 -2.332241371300767e-08 -2.416694920458281e-08 -2.451790196545402e-08 -2.453446841731006e-08 -2.436157711317205e-08 -2.410342918277184e-08 -2.380051023687187e-08 -2.342805629667175e-08 -2.292733094755841e-08 -2.224289953181143e-08 -2.138750920627654e-08 -2.051606646332914e-08 9.860399202408150e-07 9.341991944069350e-07 9.611871824901814e-07 1.024432265965669e-06 1.087160345801467e-06 1.126716235747654e-06 1.133295539752401e-06 1.105561757298863e-06 1.048896098193107e-06 1.047111562632350e-06 8.919656193048807e-07 8.192728315531317e-07 7.545257056432425e-07 7.455084262663946e-07 7.385354161005229e-07 7.371982610545547e-07 7.309532713854987e-07 7.036685888334544e-07 6.658455419552351e-07 6.207023469393442e-07 5.773901822102475e-07 5.396199696610092e-07 5.083789564642489e-07 4.805665294342623e-07 4.513086937234991e-07 4.155949206469434e-07 3.704143367945308e-07 3.187403407498255e-07 2.767222925831607e-07 2.826881492855825e-07 1.730550075132776e-08 2.288540434482041e-08 3.067970565653472e-08 3.985382009092147e-08 4.961170290779119e-08 5.925360646112944e-08 6.824498588958035e-08 7.626704872973488e-08 8.329918357753086e-08 8.952306736852104e-08 9.520736587592383e-08 1.004808316740695e-07 1.029588449841839e-07 1.048892135574799e-07 1.052889838379475e-07 1.033926245853072e-07 1.013978533116530e-07 1.041637267623542e-07 1.089552682438158e-07 1.151242010959617e-07 1.249554715230254e-07 1.374472864175140e-07 1.508410485073115e-07 1.631776352789733e-07 1.726359602604326e-07 1.777643556852827e-07 1.778874220608764e-07 1.736041481415066e-07 1.679446110783271e-07 1.678191649242502e-07
-4.512037662944563e-05 -5.542743711041343e-04 -1.872688527980801e-04 9.821560319024577e-08 8.254472881796734e-08 7.174670833141694e-08 6.275812344115119e-08 5.412244551293228e-08 4.547999180079157e-08 3.698903140002593e-08 2.893099813607963e-08 2.152516542242287e-08 1.485953679132410e-08 8.905214605342070e-09 3.558846706686643e-09 -1.288948727312313e-09 -5.699825237701121e-09 -9.773622438351672e-09 -1.368777041644589e-08 -1.664779797623865e-08 -1.920213299608671e-08 -2.111993480662493e-08 -2.229463324414102e-08 -2.294710923470895e-08 -2.322784859715757e-08 -2.327963042062587e-08 -2.320888979855728e-08 -2.306097242693726e-08 -2.281673816649958e-08 -2.242214843587451e-08 -2.182498176911292e-08 -2.103941903855570e-08 -2.022008847063846e-08 8.541445151489089e-07 8.127016529030211e-07 8.400322477998314e-07 9.000627840222079e-07 9.604602241198902e-07 1.001615407463211e-06 1.014344737134842e-06 9.969405038226812e-07 9.533746266150476e-07 8.919656193048807e-07 8.854312005779739e-07 7.633685118694488e-07 7.084899466237782e-07 7.049709636780208e-07 7.027823060151622e-07 7.054480183852037e-07 7.029187506425495e-07 6.796198964302465e-07 6.455305198346614e-07 6.038640032773272e-07 5.631964627321666e-07 5.278755898483930e-07 4.982930005418695e-07 4.718997740045032e-07 4.439401696563897e-07 4.092616849732553e-07 3.651709683559080e-07 3.144489617481712e-07 2.731381416529346e-07 2.790735482042486e-07 1.041944433126440e-08 1.458948252460521e-08 2.044319872396314e-08 2.753990558538305e-08 3.538517625205236e-08 4.350230150459521e-08 5.148776272678476e-08 5.904320385699328e-08 6.604059144420251e-08 7.247377838449530e-08 7.839042316408066e-08 8.379060494501805e-08 8.660651268395557e-08 8.874178232022430e-08 8.946117970928490e-08 8.820250224540786e-08 8.689276067095442e-08 8.973848817617300e-08 9.443414050414749e-08 1.004324494493442e-07 1.097447696498646e-07 1.215305571581298e-07 1.342521866917650e-07 1.461514069731364e-07 1.555525406040510e-07 1.610811644424863e-07 1.620490373247506e-07 1.589317728633673e-07 1.544609817995541e-07 1.550083637905689e-07
-4.285022043206374e-05 -5.255881244671452e-04 -1.778844290849319e-04 9.755951308719948e-08 8.274962238524422e-08 7.264095979247313e-08 6.421993501037765e-08 5.602218673624504e-08 4.767947691622221e-08 3.936986610199454e-08 3.142230612620693e-08 2.411186587284738e-08 1.756553362946230e-08 1.176229986129100e-08 6.576578414121849e-09 1.826914028015664e-09 -2.527067323093284e-09 -6.626039825681020e-09 -1.061727733443650e-08 -1.385142337468237e-08 -1.670062139769569e-08 -1.894388875229759e-08 -2.045626767400929e-08 -2.142228384363676e-08 -2.198023171078244e-08 -2.226934789345172e-08 -2.239800659487107e-08 -2.241642572623704e-08 -2.231095247738225e-08 -2.203186025852196e-08 -2.152962562848736e-08 -2.081964189859238e-08 -2.005700187776007e-08 7.454491189799927e-07 7.119803639579411e-07 7.391682940885168e-07 7.955332956939872e-07 8.531941641949560e-07 8.946336658412796e-07 9.115488898871735e-07 9.018906754501706e-07 8.687426726322673e-07 8.192728315531317e-07 7.633685118694488e-07 7.641257951509954e-07 6.667932336673954e-07 6.684899358946435e-07 6.710360777644799e-07 6.777660951357005e-07 6.790515546988721e-07 6.597118481250012e-07 6.293792776046856e-07 5.907966407095769e-07 5.529746341393668e-07 5.196813234593655e-07 4.917623061666199e-07 4.667668351180187e-07 4.398664654295330e-07 4.061289267355824e-07 3.628139468509459e-07 3.127368291878972e-07 2.717992091876537e-07 2.779262984592620e-07 5.369345886620246e-09 8.438727420383531e-09 1.275956952213750e-08 1.816150812569084e-08 2.435869465123927e-08 3.103848572272020e-08 3.791736370470924e-08 4.476392918305198e-08 5.143934316719650e-08 5.785675917710090e-08 6.393655258096571e-08 6.953382947414621e-08 7.281167873905143e-08 7.527759637524070e-08 7.634575327092593e-08 7.560960272123376e-08 7.479898474969174e-08 7.760908364399260e-08 8.211264463369401e-08 8.786124667194995e-08 9.663730903526356e-08 1.077381441272181e-07 1.198179046179191e-07 1.312947049332629e-07 1.406211173099238e-07 1.464902347018605e-07 1.482008031755330e-07 1.461171937957939e-07 1.427065248248355e-07 1.438689663439200e-07
-4.104354020588549e-05 -5.026474546482245e-04 -1.704212133339049e-04 9.719853592568292e-08 8.315961868059892e-08 7.369423983665139e-08 6.582456946514554e-08 5.806640063601303e-08 5.002603410745468e-08 4.188052068098848e-08 3.399009998796167e-08 2.668431858209416e-08 2.014673574992181e-08 1.439400126444577e-08 9.306987382389918e-09 4.649480925757723e-09 3.928092716238889e-10 -3.661677677546266e-09 -7.655938338221592e-09 -1.110061982887990e-08 -1.420735286694626e-08 -1.676288140654415e-08 -1.861705046659766e-08 -1.990999836239353e-08 -2.076194629870792e-08 -2.130546221428869e-08 -2.164968592803971e-08 -2.184943614587201e-08 -2.189641389904808e-08 -2.174489745081590e-08 -2.134760211257973e-08 -2.072091490046934e-08 -2.002109461497255e-08 6.557963680580854e-07 6.287232684053648e-07 6.551226548073068e-07 7.079786430224672e-07 7.626611778938098e-07 8.036459019074527e-07 8.232164014506317e-07 8.192960274118305e-07 7.944864596564821e-07 7.545257056432425e-07 7.084899466237783e-07 6.667932336673954e-07 6.732333457900934e-07 6.355057839275524e-07 6.426718173997384e-07 6.535377371148632e-07 6.587710007041754e-07 6.435547213287700e-07 6.167355939228395e-07 5.815114259366567e-07 5.461947465718775e-07 5.149373554354204e-07 4.886990796470621e-07 4.649447023049713e-07 4.390575600890788e-07 4.061123697479057e-07 3.633273056765133e-07 3.135124819721496e-07 2.728136795499333e-07 2.790921680961031e-07 1.680443510533712e-09 3.896149551655910e-09 7.018753382091992e-09 1.106362742526883e-08 1.588731399138338e-08 2.128988731217719e-08 2.707740029153953e-08 3.308703602745558e-08 3.921287706767026e-08 4.536476296637772e-08 5.141982189784154e-08 5.716181048206876e-08 6.092204808651813e-08 6.382667483716621e-08 6.532897987688208e-08 6.510276370480087e-08 6.470582875501455e-08 6.742832249541200e-08 7.168218455457023e-08 7.712209237665560e-08 8.534678375448884e-08 9.577604106749812e-08 1.072337166551859e-07 1.182951709179424e-07 1.275276944094121e-07 1.336841639624909e-07 1.360501841918617e-07 1.348888847556886e-07 1.324313633184519e-07 1.341634264491804e-07
-4.238850544093076e-05 -5.182978364383838e-04 -1.760446148909793e-04 1.038764624716377e-07 8.959145256042743e-08 8.010212327996772e-08 7.225058957163156e-08 6.442190100446273e-08 5.615824652938492e-08 4.763197628339572e-08 3.924273077899177e-08 3.138734452032593e-08 2.432255077400509e-08 1.812292334045897e-08 1.269523394823488e-08 7.757976515428910e-09 3.303233752621117e-09 -9.447208730805653e-10 -5.151348080586750e-09 -8.982933755132205e-09 -1.252215215846647e-08 -1.555712448813123e-08 -1.789895015891328e-08 -1.964185260003992e-08 -2.088656637834679e-08 -2.176185106555951e-08 -2.238223995371941e-08 -2.281014140902914e-08 -2.304201578119558e-08 -2.303293360047881e-08 -2.273429112358169e-08 -2.216442922310931e-08 -2.149232645699140e-08 6.221766300929830e-07 5.982933655484331e-07 6.255664048916938e-07 6.784910051077794e-07 7.338214245590594e-07 7.765763433789230e-07 7.992283626060373e-07 7.997261995715923e-07 7.799218435165881e-07 7.455084262663946e-07 7.049709636780208e-07 6.684899358946435e-07 6.355057839275525e-07 6.918949722629623e-07 6.596991707299305e-07 6.757585706918198e-07 6.858206367983475e-07 6.738589745624710e-07 6.493816670274208e-07 6.150729122365699e-07 5.800822100641474e-07 5.489244468082488e-07 5.225486739299593e-07 4.985175971088163e-07 4.718936128266882e-07 4.373556686577117e-07 3.919302957205910e-07 3.387534513819777e-07 2.950670798175920e-07 3.021229048225297e-07 -1.070364946314918e-09 5.920224149707035e-10 2.933531830410051e-09 6.107436193201611e-09 1.006489652569684e-08 1.467317689624860e-08 1.978897470275072e-08 2.529292720884236e-08 3.111326796031818e-08 3.718703603078701e-08 4.340180061013481e-08 4.952208141510744e-08 5.397430360767120e-08 5.757149982105188e-08 5.972707178478431e-08 6.008039702109589e-08 6.009729575783717e-08 6.292860135521310e-08 6.719798462475441e-08 7.265035770959935e-08 8.084516212098693e-08 9.128497509156757e-08 1.028782339759737e-07 1.142559854258762e-07 1.239993553762201e-07 1.308334749119215e-07 1.339810619998322e-07 1.336240856348135e-07 1.319204752447591e-07 1.343426757935361e-07
-4.408266011504553e-05 -5.381444472577489e-04 -1.831217667149939e-04 1.112583895464424e-07 9.667440390765811e-08 8.715069460856746e-08 7.933055526361563e-08 7.145515169967314e-08 6.299207797356310e-08 5.409809293979366e-08 4.520028106315412e-08 3.675280837471615e-08 2.908266608781571e-08 2.233072773568353e-08 1.644914592630340e-08 1.113333315455527e-08 6.424070055139995e-09 1.974148637185861e-09 -2.410685768333442e-09 -6.587870596146920e-09 -1.052667054294721e-08 -1.403756072574848e-08 -1.689776916759405e-08 -1.914506652442419e-08 -2.084832266201697e-08 -2.212252251993926e-08 -2.308195722169814e-08 -2.379446399356005e-08 -2.426075837037047e-08 -2.443647925277355e-08 -2.427128800150525e-08 -2.378534365517540e-08 -2.316172105831749e-08 5.944360822343055e-07 5.732894717389862e-07 6.012128860049420e-07 6.542487806875133e-07 7.100634071340695e-07 7.542604326407290e-07 7.796633380318175e-07 7.836568712998391e-07 7.682218320408341e-07 7.385354161005229e-07 7.027823060151622e-07 6.710360777644799e-07 6.426718173997384e-07 6.596991707299305e-07 7.232888893417907e-07 6.995184528390702e-07 7.149033418519516e-07 7.072457546238991e-07 6.855084560976819e-07 6.526843365407182e-07 6.184641337183794e-07 5.875749798762512e-07 5.613350559952731e-07 5.371866965654529e-07 5.098585999245339e-07 4.736178059952728e-07 4.253454916697138e-07 3.682168078987406e-07 3.211549468570940e-07 3.292800046311503e-07 -3.350751137508810e-09 -2.159851807248612e-09 -4.871316976140195e-10 1.931367300203740e-09 5.121107116476583e-09 8.999141016143590e-09 1.345626652861989e-08 1.840166590626012e-08 2.379023025314014e-08 2.959414425358279e-08 3.574269161905682e-08 4.203545354925850e-08 4.705284342535660e-08 5.134424853676824e-08 5.424477527623154e-08 5.531732902604358e-08 5.586276730175528e-08 5.887893399715492e-08 6.318621670794115e-08 6.862670015573548e-08 7.674678430055069e-08 8.714387625825210e-08 9.882082522391457e-08 1.104730976706855e-07 1.207016957907522e-07 1.282059615418214e-07 1.321437379563297e-07 1.326116387452524e-07 1.316924784458610e-07 1.348536509258837e-07
-4.636221133342116e-05 -5.650449319936088e-04 -1.926351224197632e-04 1.199932400437112e-07 1.049791790431835e-07 9.535971087308012e-08 8.754163205286782e-08 7.959987366619880e-08 7.091624747601658e-08 6.162571824953711e-08 5.217701314787822e-08 4.307510991962691e-08 3.471158140777745e-08 2.729261269373072e-08 2.082287027753225e-08 1.498579248152766e-08 9.903961688447447e-09 5.174481038654771e-09 5.847638082944581e-10 -3.935623174863077e-09 -8.254526425306580e-09 -1.223457503428854e-08 -1.563659262383321e-08 -1.844082855209554e-08 -2.067475702046416e-08 -2.242788264549532e-08 -2.380541302272348e-08 -2.487572279807398e-08 -2.564147723945112e-08 -2.605756001731521e-08 -2.607082116362489e-08 -2.570298002119020e-08 -2.515346689972542e-08 5.746697772927959e-07 5.556291494911464e-07 5.843166375110016e-07 6.376548240310237e-07 6.941734563447559e-07 7.400264548725798e-07 7.676613030944426e-07 7.748036773204807e-07 7.630083492231938e-07 7.371982610545547e-07 7.054480183852037e-07 6.777660951357006e-07 6.535377371148632e-07 6.757585706918197e-07 6.995184528390702e-07 7.756016346232489e-07 7.493739599684109e-07 7.465302618294718e-07 7.282861843550178e-07 6.975458395149736e-07 6.643513429841909e-07 6.340517047444450e-07 6.081704043612742e-07 5.840358716868744e-07 5.559811542288349e-07 5.179193410135076e-07 4.661537435181688e-07 4.042967367887895e-07 3.532955336158726e-07 3.626653448237766e-07 -5.272475581705975e-09 -4.481691488377900e-09 -3.378799449939736e-09 -1.608394114305928e-09 9.150882935828472e-10 4.146752928664207e-09 8.000058574020260e-09 1.239993104126672e-08 1.731537485665506e-08 2.274541019859693e-08 2.866595138738736e-08 3.493928166875183e-08 4.034684433083927e-08 4.524075260632600e-08 4.891277834142291e-08 5.080654779040795e-08 5.202245281205413e-08 5.536404917018021e-08 5.981252802435540e-08 6.529350871217433e-08 7.336188913680436e-08 8.372025331821665e-08 9.547595458272170e-08 1.073987944797601e-07 1.181165338212032e-07 1.263042835239077e-07 1.310522068831989e-07 1.323681433816367e-07 1.322651649609955e-07 1.362345989062898e-07
-4.857776750156725e-05 -5.910620816742661e-04 -2.018875458676258e-04 1.284322906415410e-07 1.130679826979868e-07 1.034265844265670e-07 9.569031019960565e-08 8.777224684947441e-08 7.896689154623153e-08 6.938187358377780e-08 5.947920261062140e-08 4.980446843782150e-08 4.080324542297102e-08 3.273867505051441e-08 2.566522329881807e-08 1.925618756147904e-08 1.374205573910675e-08 8.685953459724559e-09 3.884284693908941e-09 -9.520615239306089e-10 -5.585197857543359e-09 -9.961279210267054e-09 -1.385610258464518e-08 -1.720556136255750e-08 -1.999511429624081e-08 -2.227816740355699e-08 -2.413820398746345e-08 -2.563460467150066e-08 -2.676661114726588e-08 -2.748575525373178e-08 -2.773469912634572e-08 -2.753556584216877e-08 -2.710326745279953e-08 5.539590494353284e-07 5.368102627570397e-07 5.658459592539720e-07 6.190317936697660e-07 6.758876272086948e-07 7.225679209184411e-07 7.520604258536384e-07 7.618131835441198e-07 7.531939212533096e-07 7.309532713854987e-07 7.029187506425495e-07 6.790515546988721e-07 6.587710007041754e-07 6.858206367983475e-07 7.149033418519516e-07 7.493739599684110e-07 8.279476110418627e-07 7.804482127150921e-07 7.668026133334216e-07 7.391153062598189e-07 7.080198231135392e-07 6.791962310210193e-07 6.543928383308752e-07 6.308728945515449e-07 6.027357731639818e-07 5.631072797804544e-07 5.081151409571060e-07 4.417824874164156e-07 3.867253865471231e-07 3.976773261399450e-07 -6.823418767770909e-09 -6.384274765249875e-09 -5.783490595617214e-09 -4.594461775209632e-09 -2.683330688238607e-09 -6.418736662637707e-11 3.193229074956235e-09 7.022380715155351e-09 1.139632317949721e-08 1.632815324717137e-08 2.183051340412653e-08 2.783271897659026e-08 3.335501179223049e-08 3.861431711625748e-08 4.291950985075270e-08 4.563486388168128e-08 4.760338036070009e-08 5.137380181563731e-08 5.604764798650499e-08 6.160100457726232e-08 6.957331097250895e-08 7.977666629628805e-08 9.144332960254420e-08 1.034493265334826e-07 1.144840673343207e-07 1.232276855042164e-07 1.287192117807707e-07 1.308769977778193e-07 1.316195369673369e-07 1.364064223443865e-07
-4.953723958089058e-05 -6.017194355576149e-04 -2.059234345537312e-04 1.333224801234105e-07 1.180471614803633e-07 1.086730940433955e-07 1.012652353754962e-07 9.363323742590066e-08 8.500305462446161e-08 7.544979565395115e-08 6.543215923101800e-08 5.551565058249527e-08 4.617997295969088e-08 3.772895532409071e-08 3.025648632246945e-08 2.342455721895003e-08 1.757678603541491e-08 1.226564889029848e-08 7.328840795093967e-09 2.279298337733964e-09 -2.521876693391008e-09 -7.118300020682882e-09 -1.133509436620016e-08 -1.509117504266728e-08 -1.834549607395926e-08 -2.111454274523063e-08 -2.344926412667387e-08 -2.538780760604769e-08 -2.691751208130355e-08 -2.798226338997463e-08 -2.851861838353211e-08 -2.854617503146921e-08 -2.828813818000354e-08 5.202567490917898e-07 5.051511019748029e-07 5.334881022574503e-07 5.850859571080491e-07 6.402394205169724e-07 6.862954297747841e-07 7.163994883432748e-07 7.279719268719739e-07 7.222665852151727e-07 7.036685888334544e-07 6.796198964302463e-07 6.597118481250012e-07 6.435547213287700e-07 6.738589745624710e-07 7.072457546238991e-07 7.465302618294718e-07 7.804482127150920e-07 8.393675137276542e-07 7.811317127221697e-07 7.581623169947294e-07 7.308957934448867e-07 7.051380972709346e-07 6.827888160255588e-07 6.612672196653059e-07 6.341855057459081e-07 5.944743074489862e-07 5.381127118462318e-07 4.690002587808630e-07 4.115100652321729e-07 4.239823644909930e-07 -7.828123900570328e-09 -7.694965527664148e-09 -7.531187531567705e-09 -6.869156711607266e-09 -5.541354629191612e-09 -3.537130950788612e-09 -9.115562488728566e-10 2.275019018672470e-09 5.994256545583036e-09 1.026208893449169e-08 1.511227514828458e-08 2.052924498024075e-08 2.579198450691056e-08 3.102467516298830e-08 3.562685927424941e-08 3.895859053794186e-08 4.160905457202630e-08 4.575353655735281e-08 5.062388180233818e-08 5.619305395903830e-08 6.390510182672222e-08 7.366585054560790e-08 8.485004335149733e-08 9.648669286483490e-08 1.073920349078482e-07 1.163187303657678e-07 1.223043856662600e-07 1.251894032877771e-07 1.267357550019527e-07 1.321905965501417e-07
-4.974877085061627e-05 -6.032570904836431e-04 -2.068518981285080e-04 1.358757103163085e-07 1.209388628777981e-07 1.119869068164045e-07 1.050368195437533e-07 9.783498736208383e-08 8.955385839871692e-08 8.023500560509516e-08 7.032458135691642e-08 6.039520999781792e-08 5.094746061471149e-08 4.231337945181834e-08 3.461513869642647e-08 2.749520397943937e-08 2.140204216502431e-08 1.588323584251003e-08 1.083503322138027e-08 5.596535587585563e-09 6.830858639654055e-10 -4.034726159585535e-09 -8.442945626725204e-09 -1.246960937280645e-08 -1.607416964540300e-08 -1.925170108992734e-08 -2.202229196444604e-08 -2.439602198989526e-08 -2.633956374831500e-08 -2.778194948975820e-08 -2.864860564598136e-08 -2.895195629608000e-08 -2.891685447197482e-08 4.818527302739306e-07 4.685248269644460e-07 4.958761896478914e-07 5.447069372121714e-07 5.973587114708332e-07 6.418292089667081e-07 6.716322413220234e-07 6.843984303329939e-07 6.811193904554304e-07 6.658455419552351e-07 6.455305198346614e-07 6.293792776046856e-07 6.167355939228395e-07 6.493816670274208e-07 6.855084560976819e-07 7.282861843550179e-07 7.668026133334216e-07 7.811317127221697e-07 8.274118482263980e-07 7.614737631490230e-07 7.391179679778969e-07 7.175217883197800e-07 6.987986811323668e-07 6.801023330205862e-07 6.550789944526103e-07 6.165362151323507e-07 5.598894726650418e-07 4.894547723772134e-07 4.305712055614238e-07 4.445951991593831e-07 -8.355519002024532e-09 -8.467415336461510e-09 -8.653335623001063e-09 -8.429402119968757e-09 -7.607685740253532e-09 -6.158920266535762e-09 -4.125681806433071e-09 -1.563167302275651e-09 1.496874766053353e-09 5.066537930758196e-09 9.187213421212732e-09 1.387931231818682e-08 1.865508140611547e-08 2.357181374488803e-08 2.815537541252692e-08 3.182791466792885e-08 3.497207200700343e-08 3.938086513189797e-08 4.440199133437908e-08 4.999040105097657e-08 5.742184260842758e-08 6.665728550690458e-08 7.719177100932672e-08 8.821253949791195e-08 9.869617386782467e-08 1.075180776527047e-07 1.137617951283805e-07 1.172144763905021e-07 1.194582174310649e-07 1.254257824179479e-07
-4.929283142430064e-05 -5.966973780376979e-04 -2.050053158494242e-04 1.362489312481835e-07 1.218516590326686e-07 1.134350326149638e-07 1.070311960684049e-07 1.003616929737262e-07 9.256143709848655e-08 8.363953039804453e-08 7.402273260480747e-08 6.428042825639049e-08 5.492339044982171e-08 4.630222274297343e-08 3.855877636772551e-08 3.131014057135919e-08 2.509392741565262e-08 1.944942067682765e-08 1.433269267326072e-08 8.923423247856806e-09 3.917309998745588e-09 -8.725938683857393e-10 -5.381331653992712e-09 -9.554538575836202e-09 -1.337661933917694e-08 -1.684648420444736e-08 -1.996904497514533e-08 -2.273027896472903e-08 -2.507236697369981e-08 -2.690253866486050e-08 -2.812804491894013e-08 -2.874711380948288e-08 -2.897769864228491e-08 4.409224204363168e-07 4.294738110481020e-07 4.550313437659198e-07 5.007452041433704e-07 5.501114555272046e-07 5.922097974898733e-07 6.210790028751570e-07 6.343943770825250e-07 6.330596961053127e-07 6.207023469393443e-07 6.038640032773272e-07 5.907966407095769e-07 5.815114259366567e-07 6.150729122365700e-07 6.526843365407182e-07 6.975458395149736e-07 7.391153062598189e-07 7.581623169947294e-07 7.614737631490231e-07 7.959126865145267e-07 7.331539766573534e-07 7.166558859794598e-07 7.022454498590453e-07 6.872423754755052e-07 6.653394651890841e-07 6.288384262572843e-07 5.732891417887272e-07 5.028625973882269e-07 4.436441118999720e-07 4.592282397055686e-07 -8.457811266731212e-09 -8.753334783856273e-09 -9.200348091323237e-09 -9.320201969333708e-09 -8.916280918961106e-09 -7.946375108385166e-09 -6.442358588866692e-09 -4.454277824897500e-09 -2.016965794666248e-09 8.752397561889130e-10 4.262894064947831e-09 8.185986799824016e-09 1.234969179548376e-08 1.675683942723996e-08 2.106253025573854e-08 2.478925294813044e-08 2.817230136658800e-08 3.264679821301418e-08 3.770138216791001e-08 4.325884927577996e-08 5.040346563637192e-08 5.910257565797675e-08 6.893011889388014e-08 7.920343324716453e-08 8.906165640517787e-08 9.753537212785611e-08 1.037999075457789e-07 1.076249702640683e-07 1.104104022407683e-07 1.167032076827210e-07
-4.878236747643191e-05 -5.894912670627750e-04 -2.029314048175465e-04 1.361256399514910e-07 1.222732631706284e-07 1.143824314800699e-07 1.085136049546553e-07 1.023741441712974e-07 9.506775407256155e-08 8.657339115652632e-08 7.729786956912531e-08 6.780491398323257e-08 5.861226085362427e-08 5.008552121331267e-08 4.238218304200288e-08 3.508865616978335e-08 2.882125785657881e-08 2.310081114016442e-08 1.793412923399593e-08 1.233361507191400e-08 7.193117683345371e-09 2.292972613032060e-09 -2.323003829008434e-09 -6.605295369048545e-09 -1.057044355713435e-08 -1.424345975403318e-08 -1.763799600571010e-08 -2.073214969636710e-08 -2.344918553263621e-08 -2.567152284762186e-08 -2.728067449623392e-08 -2.825176312628938e-08 -2.878731178244800e-08 4.038685027676017e-07 3.936554196665531e-07 4.176412083622646e-07 4.601767872987087e-07 5.063135755058889e-07 5.459404627383639e-07 5.736170929638537e-07 5.871424508435514e-07 5.872447886245421e-07 5.773901822102475e-07 5.631964627321666e-07 5.529746341393668e-07 5.461947465718775e-07 5.800822100641474e-07 6.184641337183794e-07 6.643513429841909e-07 7.080198231135392e-07 7.308957934448867e-07 7.391179679778969e-07 7.331539766573534e-07 7.655664322177217e-07 7.107764506863751e-07 7.011296741170466e-07 6.904829838472671e-07 6.720997108150360e-07 6.383896022423797e-07 5.845266657234589e-07 5.146535050827115e-07 4.555293565252095e-07 4.729418942083223e-07 -8.295718266500169e-09 -8.722401868330281e-09 -9.354665866920363e-09 -9.731330652149300e-09 -9.654815269843252e-09 -9.074388235096414e-09 -8.013090003724077e-09 -6.515989581643180e-09 -4.619973573071868e-09 -2.325882381123864e-09 4.022619064763339e-10 3.613291904659836e-09 7.161631281650461e-09 1.100326509157938e-08 1.490274178719828e-08 1.848706325916900e-08 2.189260192973140e-08 2.625195526236032e-08 3.120652793225240e-08 3.667991735051569e-08 4.356031127726936e-08 5.181649289296857e-08 6.104959094560833e-08 7.065373682270435e-08 7.989041035422629e-08 8.793768106499816e-08 9.408595101334721e-08 9.812450756122476e-08 1.013013807247783e-07 1.077840476356312e-07
-4.855677428107678e-05 -5.857386203178118e-04 -2.020420991300972e-04 1.364946575550363e-07 1.230934496167969e-07 1.156617596416245e-07 1.102728140072627e-07 1.046135909469496e-07 9.775627519004358e-08 8.965186534060598e-08 8.068978517280314e-08 7.143008253583605e-08 6.239856560151878e-08 5.397610214394076e-08 4.633504317573960e-08 3.902684736519381e-08 3.274353595855084e-08 2.697721806403643e-08 2.177524519677871e-08 1.595835046927856e-08 1.062787935929634e-08 5.541663826289336e-09 7.484783645168046e-10 -3.679779185230667e-09 -7.780395718179744e-09 -1.161143051400679e-08 -1.521629888337099e-08 -1.858826824113530e-08 -2.164790517367586e-08 -2.425835136087808e-08 -2.627156564994922e-08 -2.763051733705950e-08 -2.851262478290455e-08 3.726984203716685e-07 3.635860316504380e-07 3.860955142895925e-07 4.258506895982143e-07 4.690634945254771e-07 5.065006436113804e-07 5.329718803871776e-07 5.464911014936173e-07 5.477934365583917e-07 5.396199696610092e-07 5.278755898483930e-07 5.196813234593655e-07 5.149373554354204e-07 5.489244468082488e-07 5.875749798762512e-07 6.340517047444450e-07 6.791962310210193e-07 7.051380972709346e-07 7.175217883197801e-07 7.166558859794598e-07 7.107764506863751e-07 7.465253031016624e-07 7.001489386288074e-07 6.940289284326241e-07 6.797230062172532e-07 6.491964241223384e-07 5.973029503119748e-07 5.281289723165614e-07 4.692604310039883e-07 4.887987615683789e-07 -7.980568675574290e-09 -8.498950576081956e-09 -9.259073437053382e-09 -9.823574585741149e-09 -9.998532312957614e-09 -9.727841234679430e-09 -9.027305852369529e-09 -7.937289631218127e-09 -6.495675109074035e-09 -4.708823728191302e-09 -2.546437048309666e-09 4.337847403702848e-11 3.027975658577926e-09 6.323342888770320e-09 9.778916767590591e-09 1.311267518042447e-08 1.639113830806830e-08 2.049642215062305e-08 2.522278700449922e-08 3.052452257065201e-08 3.713982803377536e-08 4.503366946688904e-08 5.382936951438406e-08 6.293909081359452e-08 7.168618482705426e-08 7.935339230929093e-08 8.534077083758438e-08 8.948485145306804e-08 9.292696234239870e-08 9.950222371338354e-08
-4.872526919732919e-05 -5.867388763157186e-04 -2.027927157320211e-04 1.377149213017939e-07 1.246456124683133e-07 1.175953104360122e-07 1.126244615110212e-07 1.073869679764107e-07 1.009201499580036e-07 9.314864897296064e-08 8.444786499206770e-08 7.537767711039161e-08 6.647476086281486e-08 5.813712547096808e-08 5.055284201370956e-08 4.323501402214633e-08 3.695374660441887e-08 3.116491633328892e-08 2.594991788118932e-08 1.990668283016685e-08 1.434875269628732e-08 9.006242523714070e-09 3.946826016038719e-09 -7.076463597303798e-10 -4.990666248050709e-09 -8.983256651144921e-09 -1.276556585874855e-08 -1.636640916408400e-08 -1.972640374378891e-08 -2.270551159782553e-08 -2.513099400465544e-08 -2.690841561981694e-08 -2.817994788740557e-08 3.475903301374109e-07 3.392256667825735e-07 3.604046680073202e-07 3.978127480768208e-07 4.385862228512513e-07 4.740515446923111e-07 4.994818087845899e-07 5.129874223485395e-07 5.148823274184750e-07 5.083789564642489e-07 4.982930005418695e-07 4.917623061666199e-07 4.886990796470621e-07 5.225486739299593e-07 5.613350559952731e-07 6.081704043612742e-07 6.543928383308752e-07 6.827888160255588e-07 6.987986811323668e-07 7.022454498590453e-07 7.011296741170466e-07 7.001489386288074e-07 7.414870826043030e-07 6.993053369182262e-07 6.894323704192994e-07 6.624468531123917e-07 6.127886805931503e-07 5.444861796272664e-07 4.858475725079030e-07 5.079698876640999e-07 -7.568428749054368e-09 -8.149738112977021e-09 -8.995527898168875e-09 -9.695804222845059e-09 -1.006319391509927e-08 -1.003837943704397e-08 -9.631167111671962e-09 -8.877448314751193e-09 -7.815155107192316e-09 -6.455036613717890e-09 -4.772268725628698e-09 -2.714900771201920e-09 -2.300209966751949e-10 2.565458910207153e-09 5.585057440629086e-09 8.620104457837324e-09 1.168219163467724e-08 1.544133900529905e-08 1.983000027662445e-08 2.485358940180414e-08 3.114283479748375e-08 3.869444208740809e-08 4.715158907483927e-08 5.593749161037085e-08 6.437316362273006e-08 7.178428438474963e-08 7.764397326492562e-08 8.184178157020670e-08 8.545429631337391e-08 9.204462426946269e-08
-4.908003402389074e-05 -5.899713255791296e-04 -2.043192040032519e-04 1.392401520758029e-07 1.264443937216636e-07 1.197338205872943e-07 1.151465071011322e-07 1.102995298044403e-07 1.041952712255294e-07 9.673348259525829e-08 8.827720123648991e-08 7.938742759751977e-08 7.061253830340612e-08 6.236828221409499e-08 5.485905937763683e-08 4.755894219523419e-08 4.131780585575412e-08 3.555301161373141e-08 3.037757696559255e-08 2.414259674303493e-08 1.837197790246544e-08 1.275433717306231e-08 7.375532713047237e-09 2.424853431493436e-09 -2.102323685231341e-09 -6.286696161436254e-09 -1.023547902711883e-08 -1.401976459514868e-08 -1.762072657953176e-08 -2.091873155473189e-08 -2.373307923951728e-08 -2.593603723955453e-08 -2.762707979725520e-08 3.262058306676437e-07 3.183812217858473e-07 3.383309515375287e-07 3.735991038217306e-07 4.121399629730821e-07 4.458221361577899e-07 4.702758384674099e-07 4.833863426669940e-07 4.860331245693868e-07 4.805665294342623e-07 4.718997740045032e-07 4.667668351180187e-07 4.649447023049713e-07 4.985175971088163e-07 5.371866965654529e-07 5.840358716868743e-07 6.308728945515449e-07 6.612672196653057e-07 6.801023330205862e-07 6.872423754755052e-07 6.904829838472670e-07 6.940289284326241e-07 6.993053369182262e-07 7.435994249488636e-07 6.979345772364107e-07 6.749801172249252e-07 6.281889460443980e-07 5.611866003587549e-07 5.031531213492665e-07 5.282691716830606e-07 -7.053108474636485e-09 -7.673270774173754e-09 -8.569171176507854e-09 -9.362294112320570e-09 -9.874571993271706e-09 -1.004524788574248e-08 -9.878970746215614e-09 -9.407154543760992e-09 -8.666875443453949e-09 -7.672037728606693e-09 -6.402877600791488e-09 -4.809066588909520e-09 -2.773128233017605e-09 -4.371312439204128e-10 2.161295332056439e-09 4.872070640134803e-09 7.660323365132095e-09 1.100946305492717e-08 1.496540374479306e-08 1.958822539229385e-08 2.543065508567051e-08 3.254889824946604e-08 4.064874942051774e-08 4.916655515081409e-08 5.741418803451343e-08 6.469510983335513e-08 7.049936137466235e-08 7.474443829366824e-08 7.845968154736825e-08 8.497781717125824e-08
-4.911505140718251e-05 -5.893548216968828e-04 -2.045149605802771e-04 1.396588157383239e-07 1.272088207284682e-07 1.208644657363401e-07 1.166719521323496e-07 1.122318052410891e-07 1.065214381957312e-07 9.941821819103777e-08 9.127088902132084e-08 8.263726829020645e-08 7.407273460130185e-08 6.600710348260005e-08 5.865957859863981e-08 5.147053813349456e-08 4.536278078331964e-08 3.972100701048027e-08 3.468914397631777e-08 2.837164251269308e-08 2.248496212124857e-08 1.666348616552017e-08 1.099950813526655e-08 5.751561554920961e-09 9.593014610811144e-10 -3.433075751038374e-09 -7.536406791733221e-09 -1.145361211971118e-08 -1.521296404957066e-08 -1.873708732031034e-08 -2.186310774292112e-08 -2.444732521726637e-08 -2.654739566225987e-08 3.049592021842352e-07 2.975459281678034e-07 3.161883786523332e-07 3.491708558177758e-07 3.852968410064397e-07 4.171242409240107e-07 4.401085534338573e-07 4.529751209846685e-07 4.558797213942749e-07 4.513086937234991e-07 4.439401696563897e-07 4.398664654295330e-07 4.390575600890788e-07 4.718936128266881e-07 5.098585999245337e-07 5.559811542288346e-07 6.027357731639818e-07 6.341855057459081e-07 6.550789944526103e-07 6.653394651890841e-07 6.720997108150360e-07 6.797230062172532e-07 6.894323704192994e-07 6.979345772364107e-07 7.373888552481486e-07 6.794477644656182e-07 6.364548509040423e-07 5.719672775958535e-07 5.155608312738952e-07 5.438976768231317e-07 -6.391028418024278e-09 -7.024443291815357e-09 -7.932826855073985e-09 -8.775724907348501e-09 -9.388098543724633e-09 -9.709658116186261e-09 -9.740466237001585e-09 -9.507194523441426e-09 -9.044846016508808e-09 -8.369309728567511e-09 -7.465419836002637e-09 -6.285888856060633e-09 -4.667149529856569e-09 -2.767261821461285e-09 -5.863797454819823e-10 1.773317538210475e-09 4.238295131719348e-09 7.124485275694507e-09 1.056145209904157e-08 1.465294780598518e-08 1.988200280915842e-08 2.637717493236750e-08 3.394289114126618e-08 4.208370894009029e-08 5.011144678755130e-08 5.730392189896369e-08 6.310598067426319e-08 6.741293104491408e-08 7.118334704697777e-08 7.751443309167767e-08
-4.817107049390426e-05 -5.770155428130698e-04 -2.006330972713358e-04 1.371118568323411e-07 1.252343862904503e-07 1.193552901003741e-07 1.156113210118500e-07 1.116388186458738e-07 1.064144021501077e-07 9.979788128426026e-08 9.211768882357445e-08 8.391696770800800e-08 7.574587204067869e-08 6.803841158505144e-08 6.102353265927014e-08 5.412205395940742e-08 4.830779330790247e-08 4.294886903521230e-08 3.821786249030709e-08 3.201321444466912e-08 2.619831838019075e-08 2.035043954696683e-08 1.455215521775980e-08 9.117327632580037e-09 4.130287990041218e-09 -4.250166079015812e-10 -4.638291890700946e-09 -8.619749749725863e-09 -1.243321794152204e-08 -1.605051062642699e-08 -1.935054904095070e-08 -2.220056840008930e-08 -2.462961815623839e-08 2.801888803178929e-07 2.732361933098072e-07 2.902170743926722e-07 3.204451337073600e-07 3.537149771702904e-07 3.827960420062381e-07 4.043025695309612e-07 4.162821044740236e-07 4.192486497411232e-07 4.155949206469434e-07 4.092616849732553e-07 4.061289267355824e-07 4.061123697479057e-07 4.373556686577117e-07 4.736178059952727e-07 5.179193410135076e-07 5.631072797804544e-07 5.944743074489862e-07 6.165362151323507e-07 6.288384262572843e-07 6.383896022423797e-07 6.491964241223384e-07 6.624468531123917e-07 6.749801172249252e-07 6.794477644656182e-07 7.037333658263144e-07 6.284090552970571e-07 5.683685129446596e-07 5.153750378852383e-07 5.466250121920493e-07 -5.546266126988123e-09 -6.162808807054627e-09 -7.040079498254999e-09 -7.884279762222775e-09 -8.548140805543377e-09 -8.974079261989370e-09 -9.158185157112756e-09 -9.121815090678314e-09 -8.896544379699092e-09 -8.498910011785750e-09 -7.917904070137441e-09 -7.110816370372379e-09 -5.886862371867567e-09 -4.409143696381660e-09 -2.650208469114263e-09 -6.725663795780169e-10 1.421822000961177e-09 3.801943090539711e-09 6.649580987705627e-09 1.009300338739197e-08 1.453811082570027e-08 2.017493739423943e-08 2.692406140278799e-08 3.440755285505521e-08 4.200603002523350e-08 4.898913325995384e-08 5.475651826383911e-08 5.911948925748958e-08 6.290598295289560e-08 6.891399304753252e-08
-4.571578041694415e-05 -5.466523941612575e-04 -1.904529012565616e-04 1.301072394124169e-07 1.191367838603066e-07 1.138635315977638e-07 1.106379678239325e-07 1.072106846681761e-07 1.025939553263061e-07 9.663763590952945e-08 8.964120459081927e-08 8.211609361570061e-08 7.458873032612336e-08 6.748185845262967e-08 6.102550739561783e-08 5.464353543919132e-08 4.932288853619346e-08 4.444018686883207e-08 4.019044162492757e-08 3.435234726198955e-08 2.885882356530455e-08 2.324167933727482e-08 1.756016084295311e-08 1.215871184866335e-08 7.153632713985283e-09 2.568268011016601e-09 -1.651844258932200e-09 -5.599665614727371e-09 -9.349558948311174e-09 -1.291051869861373e-08 -1.621064570837690e-08 -1.915171053442901e-08 -2.175551823359210e-08 2.498589393954344e-07 2.434051144334849e-07 2.583648970730480e-07 2.852344709452188e-07 3.145780932271152e-07 3.406430636390809e-07 3.597193759855828e-07 3.704995687845550e-07 3.734567955008407e-07 3.704143367945308e-07 3.651709683559080e-07 3.628139468509460e-07 3.633273056765133e-07 3.919302957205910e-07 4.253454916697138e-07 4.661537435181688e-07 5.081151409571060e-07 5.381127118462318e-07 5.598894726650418e-07 5.732891417887272e-07 5.845266657234589e-07 5.973029503119748e-07 6.127886805931503e-07 6.281889460443980e-07 6.364548509040423e-07 6.284090552970571e-07 6.298975099824505e-07 5.434380865377898e-07 4.959477858492972e-07 5.291114062699102e-07 -4.536697172368027e-09 -5.104184557578523e-09 -5.904758897902921e-09 -6.699028982413959e-09 -7.362118890037530e-09 -7.841608879170209e-09 -8.130282716161607e-09 -8.243834571692519e-09 -8.209016620653455e-09 -8.041612186416671e-09 -7.734289715696721e-09 -7.250328586571996e-09 -6.391463800121967e-09 -5.314032119381886e-09 -3.972743327886253e-09 -2.398210117541902e-09 -7.078466108108690e-10 1.147687028785834e-09 3.372157134113052e-09 6.098092706875079e-09 9.643647334129722e-09 1.423097541698532e-08 1.988429535013364e-08 2.636825552142722e-08 3.319312746726153e-08 3.969903801313059e-08 4.526221959302758e-08 4.960708666761156e-08 5.335593003603556e-08 5.890815363382008e-08
-4.185607497068055e-05 -4.996371071082986e-04 -1.744151533486335e-04 1.189912268686295e-07 1.092095209441770e-07 1.046440220594033e-07 1.019709897522741e-07 9.912806834762197e-08 9.519821232455943e-08 9.002985478594259e-08 8.388667978664933e-08 7.723310298632810e-08 7.055437500966975e-08 6.424664979655884e-08 5.853170524247604e-08 5.285988100832035e-08 4.818963323695021e-08 4.393138565966174e-08 4.029330360056090e-08 3.503985232793872e-08 3.008602638347633e-08 2.493984754378600e-08 1.963090123839687e-08 1.450830865855694e-08 9.702621210520276e-09 5.264656155129052e-09 1.173948062391326e-09 -2.633255432027964e-09 -6.219494173622912e-09 -9.607027904568972e-09 -1.276088873481915e-08 -1.562262477055517e-08 -1.822397229168709e-08 2.156199205089140e-07 2.097718665242471e-07 2.225271484227329e-07 2.453121342573283e-07 2.705997219221748e-07 2.928380924044827e-07 3.091767176839169e-07 3.185638844334503e-07 3.211646450009243e-07 3.187403407498255e-07 3.144489617481712e-07 3.127368291878973e-07 3.135124819721496e-07 3.387534513819777e-07 3.682168078987406e-07 4.042967367887895e-07 4.417824874164155e-07 4.690002587808631e-07 4.894547723772134e-07 5.028625973882269e-07 5.146535050827115e-07 5.281289723165614e-07 5.444861796272664e-07 5.611866003587550e-07 5.719672775958535e-07 5.683685129446596e-07 5.434380865377898e-07 5.256488944221576e-07 4.578168885445880e-07 4.915198655811662e-07 -3.468220019154647e-09 -3.961989950490344e-09 -4.652042310350022e-09 -5.355734331482841e-09 -5.972959963439252e-09 -6.458168870276605e-09 -6.801811685853936e-09 -7.014000038092858e-09 -7.115828550090837e-09 -7.121216407450702e-09 -7.025778385845619e-09 -6.799559633863428e-09 -6.254012671167092e-09 -5.529081100345778e-09 -4.570867887590374e-09 -3.386444065081097e-09 -2.095593597428024e-09 -7.348309703222488e-10 8.968914830721821e-10 2.921227211508088e-09 5.567284149156177e-09 9.056689458606059e-09 1.348290004800563e-08 1.874032195725250e-08 2.449587941907422e-08 3.022195287841295e-08 3.534682084705410e-08 3.952490398944214e-08 4.316140355970328e-08 4.817570423961190e-08
-3.863359237161896e-05 -4.603857154604006e-04 -1.610252009007851e-04 1.096157429609907e-07 1.008168705144668e-07 9.682914915620561e-08 9.460269695928157e-08 9.223356732402719e-08 8.886557650564604e-08 8.434715202073316e-08 7.891260022111946e-08 7.298696716506477e-08 6.702061382612178e-08 6.138686823152562e-08 5.630024777995973e-08 5.123484617307386e-08 4.712328006395387e-08 4.340645448205012e-08 4.030438765707103e-08 3.557470311407254e-08 3.111388459793447e-08 2.640987260899397e-08 2.146360201740282e-08 1.662260934288971e-08 1.202214769713669e-08 7.728442604688455e-09 3.744291679108064e-09 3.113241353845839e-11 -3.454404205298676e-09 -6.729132415230056e-09 -9.771953740274287e-09 -1.255030805036315e-08 -1.510946755455390e-08 1.881562869913640e-07 1.828754244542611e-07 1.935638089142710e-07 2.133405077746564e-07 2.350609477427451e-07 2.541996085873622e-07 2.683918833198932e-07 2.764443906418454e-07 2.787328532101134e-07 2.767222925831607e-07 2.731381416529346e-07 2.717992091876537e-07 2.728136795499333e-07 2.950670798175920e-07 3.211549468570940e-07 3.532955336158726e-07 3.867253865471231e-07 4.115100652321729e-07 4.305712055614238e-07 4.436441118999720e-07 4.555293565252095e-07 4.692604310039884e-07 4.858475725079030e-07 5.031531213492665e-07 5.155608312738952e-07 5.153750378852383e-07 4.959477858492972e-07 4.578168885445880e-07 4.464749715862349e-07 4.577469211188623e-07 -2.565185328583417e-09 -2.990013840827222e-09 -3.577588447005686e-09 -4.192864283510138e-09 -4.756745812655071e-09 -5.229782822506925e-09 -5.600616362714194e-09 -5.874608500275649e-09 -6.067777678381698e-09 -6.191958672731556e-09 -6.244803988131166e-09 -6.202076956836926e-09 -5.889823744905666e-09 -5.430847784953544e-09 -4.767910255796523e-09 -3.892314264568791e-09 -2.920512672668477e-09 -1.944663071943678e-09 -7.752890570968708e-10 6.946451887656430e-10 2.621610839749062e-09 5.211449106771832e-09 8.594220574814870e-09 1.275664349965312e-08 1.749974910246286e-08 2.243632463142147e-08 2.708312779997714e-08 3.107720549772610e-08 3.463279108654258e-08 3.925445917533753e-08
-4.192099094766026e-05 -4.987245451467763e-04 -1.747679585022191e-04 1.186234502986275e-07 1.093116610582299e-07 1.052132978197453e-07 1.030398883632219e-07 1.007271935576185e-07 9.733753535524432e-08 9.269511474598059e-08 8.704498381170863e-08 8.084440467403331e-08 7.458421609566830e-08 6.867709784141804e-08 6.336591563731167e-08 5.806186817240187e-08 5.382591066023541e-08 5.003765532742824e-08 4.696623466640818e-08 4.199345784386387e-08 3.731095085129692e-08 3.230215983914576e-08 2.693783597868746e-08 2.161858651043307e-08 1.650170148000225e-08 1.167258546057431e-08 7.149525836970518e-09 2.906309728572219e-09 -1.088688358748160e-09 -4.839880143830500e-09 -8.318158925758249e-09 -1.149249046498846e-08 -1.442089301019424e-08 1.937761388583220e-07 1.877733968573176e-07 1.986579933371516e-07 2.185543046001398e-07 2.405145120952397e-07 2.600022411886082e-07 2.742826673182856e-07 2.824383033258727e-07 2.847335245141162e-07 2.826881492855825e-07 2.790735482042486e-07 2.779262984592620e-07 2.790921680961032e-07 3.021229048225297e-07 3.292800046311503e-07 3.626653448237766e-07 3.976773261399450e-07 4.239823644909930e-07 4.445951991593831e-07 4.592282397055687e-07 4.729418942083223e-07 4.887987615683789e-07 5.079698876640999e-07 5.282691716830606e-07 5.438976768231317e-07 5.466250121920493e-07 5.291114062699102e-07 4.915198655811662e-07 4.577469211188623e-07 5.249190330960802e-07 -2.104330685945111e-09 -2.525657449482147e-09 -3.101774275203318e-09 -3.721617728011460e-09 -4.313824979979466e-09 -4.838640626435738e-09 -5.281166309978089e-09 -5.642958405637924e-09 -5.937362178452369e-09 -6.175644230795948e-09 -6.356626211787659e-09 -6.457642563537683e-09 -6.295646860016465e-09 -5.994170021493059e-09 -5.486523084848605e-09 -4.750552314086077e-09 -3.914027655223003e-09 -3.123970426687713e-09 -2.178040888160515e-09 -9.691528108880930e-10 6.182636425121077e-10 2.797403445319330e-09 5.735912245272538e-09 9.486424593807567e-09 1.393540814938699e-08 1.877910880090303e-08 2.357830762269981e-08 2.794050772069004e-08 3.196525377089558e-08 3.698498415124257e-08
5.764995372592710e-07 1.980381091953967e-05 1.064251481679466e-04 -1.080382298954454e-09 -1.198341808282843e-09 -1.429548255577472e-09 -1.713760117189468e-09 -1.966418770630046e-09 -2.115633994110892e-09 -2.130318467527032e-09 -2.022817754197629e-09 -1.832148214619088e-09 -1.602050557115051e-09 -1.366784219299092e-09 -1.146206010726574e-09 -9.376094159089123e-10 -7.615322903021613e-10 -6.068511573121540e-10 -4.748179057916006e-10 -3.401295768124382e-10 -2.270356018158804e-10 -1.301142165492244e-10 -4.983183311843277e-11 1.308585116606924e-11 6.046074093440217e-11 9.484497894435865e-11 1.188359485192527e-10 1.345299417452632e-10 1.432723093635234e-10 1.458360955762878e-10 1.428007126538224e-10 1.351163786278495e-10 1.245787387196383e-10 1.401150058940453e-07 1.143041886452212e-07 9.959928594470690e-08 8.827355409753747e-08 7.641894592982739e-08 6.337245800291430e-08 4.996926442036537e-08 3.732154056465072e-08 2.628800946681785e-08 1.730550075132776e-08 1.041944433126440e-08 5.369345886620250e-09 1.680443510533713e-09 -1.070364946314918e-09 -3.350751137508810e-09 -5.272475581705975e-09 -6.823418767770918e-09 -7.828123900570328e-09 -8.355519002024532e-09 -8.457811266731212e-09 -8.295718266500169e-09 -7.980568675574287e-09 -7.568428749054368e-09 -7.053108474636491e-09 -6.391028418024275e-09 -5.546266126988119e-09 -4.536697172368025e-09 -3.468220019154648e-09 -2.565185328583417e-09 -2.104330685945110e-09 1.232755536032688e-06 1.006674211373317e-06 1.050489089150644e-06 1.069967621372636e-06 1.053128723416154e-06 1.004442722402611e-06 9.348712763517182e-07 8.551632037507943e-07 7.748571678470768e-07 6.988121428385518e-07 6.294495389539955e-07 5.656968092551701e-07 4.944754552833708e-07 4.299213925303243e-07 3.676491810650947e-07 3.071746199418231e-07 2.561717593303818e-07 2.238146307836727e-07 1.993083731791688e-07 1.793887336832812e-07 1.662413027791061e-07 1.560656501361234e-07 1.463093840776487e-07 1.351243368108808e-07 1.218825773432653e-07 1.067070465232399e-07 9.049981327998794e-08 7.450353582394224e-08 6.039978281336044e-08 5.045458665750392e-08
6.495567428453303e-07 2.228324316333961e-05 1.196523042347941e-04 -1.232855545617092e-09 -1.256910705984590e-09 -1.399900113827518e-09 -1.635206707777851e-09 -1.898273807420923e-09 -2.108394758304607e-09 -2.205320278584705e-09 -2.171454990423172e-09 -2.029209384474851e-09 -1.820585158313246e-09 -1.586627102560319e-09 -1.355549550657378e-09 -1.128760750436079e-09 -9.341430712367497e-10 -7.606011010207937e-10 -6.112340898899027e-10 -4.540142504253255e-10 -3.203969654894906e-10 -2.038215808839782e-10 -1.052107959628751e-10 -2.642529463848910e-11 3.411015455391570e-11 7.902914953149088e-11 1.112132057316958e-10 1.331100231587660e-10 1.463818952605908e-10 1.520462967651275e-10 1.508820687749327e-10 1.440523752912901e-10 1.336327683663984e-10 1.531994955501324e-07 1.266356481103085e-07 1.121981874663156e-07 1.013063818043097e-07 8.941478987930347e-08 7.560800718942692e-08 6.081311303157161e-08 4.641040227591605e-08 3.354903810431639e-08 2.288540434482041e-08 1.458948252460521e-08 8.438727420383525e-09 3.896149551655910e-09 5.920224149707098e-10 -2.159851807248611e-09 -4.481691488377897e-09 -6.384274765249875e-09 -7.694965527664140e-09 -8.467415336461510e-09 -8.753334783856273e-09 -8.722401868330281e-09 -8.498950576081956e-09 -8.149738112977021e-09 -7.673270774173754e-09 -7.024443291815361e-09 -6.162808807054627e-09 -5.104184557578526e-09 -3.961989950490344e-09 -2.990013840827222e-09 -2.525657449482142e-09 1.006674211373317e-06 1.286463965717611e-06 1.101794631194675e-06 1.135853782484872e-06 1.129928104243956e-06 1.087786375531355e-06 1.020207357965921e-06 9.397429118473590e-07 8.560800973813726e-07 7.759993372545175e-07 7.017185601029933e-07 6.327076281151379e-07 5.551425477822680e-07 4.838415766299965e-07 4.149375949932905e-07 3.475647299682140e-07 2.906062377528817e-07 2.546017120558894e-07 2.272148874495871e-07 2.053872152164267e-07 1.907943087387753e-07 1.799123483970739e-07 1.694379404309410e-07 1.573315802297886e-07 1.427722584995592e-07 1.259689613455165e-07 1.077253603494303e-07 8.957615621177428e-08 7.376020781449455e-08 6.208434400897375e-08
7.552777002488357e-07 2.587362938721907e-05 1.388139879205630e-04 -1.476091108560027e-09 -1.459997127593249e-09 -1.520931895576557e-09 -1.676749864855850e-09 -1.900654950643532e-09 -2.130802352171163e-09 -2.293670910642166e-09 -2.340106491872581e-09 -2.263946511665345e-09 -2.093823723214237e-09 -1.871765644674360e-09 -1.633878408197163e-09 -1.386943414897234e-09 -1.169698894595437e-09 -9.720894445035252e-10 -8.003241755601228e-10 -6.132346346975191e-10 -4.522402449505763e-10 -3.091334914667281e-10 -1.854282182119820e-10 -8.460401571280827e-11 -5.516512490122676e-12 5.449185269599255e-11 9.861947693817520e-11 1.297460346215474e-10 1.499322219582677e-10 1.605008371270949e-10 1.624713641848918e-10 1.572645429189777e-10 1.473348608304888e-10 1.721524722561283e-07 1.436186427325967e-07 1.289625368486858e-07 1.184355359954950e-07 1.065477172719330e-07 9.192835857591287e-08 7.548745303359893e-08 5.887613061211742e-08 4.361476269391593e-08 3.067970565653472e-08 2.044319872396315e-08 1.275956952213750e-08 7.018753382091991e-09 2.933531830410051e-09 -4.871316976140194e-10 -3.378799449939732e-09 -5.783490595617214e-09 -7.531187531567705e-09 -8.653335623001063e-09 -9.200348091323229e-09 -9.354665866920363e-09 -9.259073437053382e-09 -8.995527898168875e-09 -8.569171176507854e-09 -7.932826855073985e-09 -7.040079498254997e-09 -5.904758897902917e-09 -4.652042310350022e-09 -3.577588447005685e-09 -3.101774275203312e-09 1.050489089150644e-06 1.101794631194675e-06 1.439461537833358e-06 1.231990739322986e-06 1.239949168699601e-06 1.205904263620060e-06 1.141619069190472e-06 1.059533459453905e-06 9.718551395574402e-07 8.858217533362302e-07 8.047262732738295e-07 7.289822234576864e-07 6.418021959097222e-07 5.613324254129577e-07 4.828298747925400e-07 4.057189468550156e-07 3.401702411908487e-07 2.987506652124867e-07 2.677092518526962e-07 2.424812773881048e-07 2.261535126771881e-07 2.141149387615511e-07 2.024829354561165e-07 1.889221211213668e-07 1.724511174512808e-07 1.530953038795677e-07 1.319435275334541e-07 1.108795489176241e-07 9.180841268968755e-08 7.867833403773073e-08
8.649356717830562e-07 2.958703215276178e-05 1.585974583856881e-04 -1.674178411570537e-09 -1.696539604401820e-09 -1.726101226183369e-09 -1.800720124215122e-09 -1.941925008490469e-09 -2.130150933536875e-09 -2.311073371415318e-09 -2.420999448709963e-09 -2.422295839038092e-09 -2.316477662049137e-09 -2.133433095706082e-09 -1.910186262745414e-09 -1.657365584525279e-09 -1.426086185187553e-09 -1.209349361842915e-09 -1.018266313625150e-09 -8.017916509476003e-10 -6.130424668322607e-10 -4.419901481328754e-10 -2.908153753381244e-10 -1.650944567221608e-10 -6.441251724876596e-11 1.367820298802496e-11 7.254752687151893e-11 1.154452647094818e-10 1.448216032539781e-10 1.623084460522254e-10 1.691607347654724e-10 1.670497863432326e-10 1.587829934830520e-10 1.904654279021361e-07 1.597182670231017e-07 1.447925328711910e-07 1.348120154027376e-07 1.234069916841819e-07 1.085940824086324e-07 9.107351791849543e-08 7.262327404054883e-08 5.510069929100125e-08 3.985382009092147e-08 2.753990558538305e-08 1.816150812569084e-08 1.106362742526883e-08 6.107436193201618e-09 1.931367300203740e-09 -1.608394114305928e-09 -4.594461775209632e-09 -6.869156711607266e-09 -8.429402119968757e-09 -9.320201969333708e-09 -9.731330652149300e-09 -9.823574585741149e-09 -9.695804222845068e-09 -9.362294112320570e-09 -8.775724907348501e-09 -7.884279762222775e-09 -6.699028982413959e-09 -5.355734331482841e-09 -4.192864283510138e-09 -3.721617728011460e-09 1.069967621372636e-06 1.135853782484872e-06 1.231990739322986e-06 1.572256889993548e-06 1.326864820394741e-06 1.305500049064421e-06 1.248298968547704e-06 1.169228664138593e-06 1.080645369831305e-06 9.912940246588795e-07 9.060647568939798e-07 8.246419496030415e-07 7.292309251548608e-07 6.402567339123443e-07 5.527878575669506e-07 4.659748292565088e-07 3.918765929963060e-07 3.454891225911247e-07 3.103102219684915e-07 2.821524775847843e-07 2.640283087111909e-07 2.509147541286152e-07 2.382890596920714e-07 2.233421222127368e-07 2.048817198728290e-07 1.829711055489228e-07 1.589469437072149e-07 1.341874380609842e-07 1.125028938753925e-07 9.710279589689070e-08
9.643463580988791e-07 3.293780730440051e-05 1.763980838930105e-04 -1.730440776706799e-09 -1.862178690133104e-09 -1.934943481771369e-09 -1.980289693105068e-09 -2.037698786923770e-09 -2.139565770616335e-09 -2.275561556219858e-09 -2.400502513401813e-09 -2.461997666679104e-09 -2.431488141656212e-09 -2.313489528218461e-09 -2.133328521294613e-09 -1.898837316915596e-09 -1.670931471934256e-09 -1.447091174385313e-09 -1.245124668257191e-09 -1.004853918821751e-09 -7.921768661699676e-10 -5.954548791600767e-10 -4.176268476969706e-10 -2.667308336096689e-10 -1.433881858434477e-10 -4.565255168612906e-11 2.978290058302428e-11 8.638689151980577e-11 1.269195351967186e-10 1.532710134673859e-10 1.668954732087529e-10 1.696413862809115e-10 1.645940055783090e-10 2.056255397531469e-07 1.728166284006916e-07 1.575432838395781e-07 1.481437966420739e-07 1.375407397358475e-07 1.232161864866093e-07 1.054707913247371e-07 8.598938971612754e-08 6.680965221524784e-08 4.961170290779121e-08 3.538517625205236e-08 2.435869465123926e-08 1.588731399138338e-08 1.006489652569683e-08 5.121107116476583e-09 9.150882935828467e-10 -2.683330688238607e-09 -5.541354629191612e-09 -7.607685740253532e-09 -8.916280918961106e-09 -9.654815269843256e-09 -9.998532312957614e-09 -1.006319391509927e-08 -9.874571993271705e-09 -9.388098543724633e-09 -8.548140805543377e-09 -7.362118890037530e-09 -5.972959963439252e-09 -4.756745812655071e-09 -4.313824979979466e-09 1.053128723416154e-06 1.129928104243956e-06 1.239949168699601e-06 1.326864820394741e-06 1.637009087996062e-06 1.362682273770006e-06 1.317864150834729e-06 1.246720247654790e-06 1.162304863999297e-06 1.074812413669143e-06 9.887169820267550e-07 9.051405287942404e-07 8.044444467190748e-07 7.095488871026815e-07 6.150523413532716e-07 5.203411955633537e-07 4.393709848757268e-07 3.884958633727082e-07 3.502177951603606e-07 3.195108596978959e-07 3.000865383258983e-07 2.861838187631979e-07 2.728996201553339e-07 2.568987135743979e-07 2.367599757004586e-07 2.127850104050541e-07 1.855205871226101e-07 1.581082962493400e-07 1.333391233205395e-07 1.159625297201872e-07
1.048360353668377e-06 3.575139850672462e-05 1.912853330268127e-04 -1.620608079213165e-09 -1.887758086187507e-09 -2.063802969961062e-09 -2.152080018067624e-09 -2.179449785582140e-09 -2.197111741147701e-09 -2.247600347025949e-09 -2.328288369397368e-09 -2.403443281213262e-09 -2.430194853681049e-09 -2.385371822382827e-09 -2.271002554400443e-09 -2.081473084547659e-09 -1.879496502527062e-09 -1.665717678490640e-09 -1.465209926988474e-09 -1.210208926711581e-09 -9.800444321951125e-10 -7.622032311815414e-10 -5.606164156673134e-10 -3.860894839482348e-10 -2.405420311916399e-10 -1.228047077434847e-10 -2.988198502942934e-11 4.172582131051811e-11 9.496228185333509e-11 1.318990307167068e-10 1.541010814978972e-10 1.635037970011847e-10 1.633437684032418e-10 2.171579733277271e-07 1.826720614044152e-07 1.669805629508936e-07 1.579652464470881e-07 1.481796797667310e-07 1.346967201140947e-07 1.174465577753066e-07 9.780952978924280e-08 7.778775555221557e-08 5.925360646112944e-08 4.350230150459521e-08 3.103848572272020e-08 2.128988731217719e-08 1.467317689624859e-08 8.999141016143590e-09 4.146752928664206e-09 -6.418736662637680e-11 -3.537130950788602e-09 -6.158920266535757e-09 -7.946375108385161e-09 -9.074388235096414e-09 -9.727841234679430e-09 -1.003837943704397e-08 -1.004524788574248e-08 -9.709658116186269e-09 -8.974079261989370e-09 -7.841608879170205e-09 -6.458168870276604e-09 -5.229782822506925e-09 -4.838640626435738e-09 1.004442722402611e-06 1.087786375531355e-06 1.205904263620060e-06 1.305500049064421e-06 1.362682273770006e-06 1.629348283422807e-06 1.343903690249415e-06 1.285178240708246e-06 1.210533921973074e-06 1.129099994781026e-06 1.046732502520126e-06 9.646392681770428e-07 8.624527991096838e-07 7.646017467821607e-07 6.657390174053294e-07 5.658708434032067e-07 4.795009529212487e-07 4.256294754375888e-07 3.851391907774025e-07 3.526108037005187e-07 3.323405164802632e-07 3.181976055441301e-07 3.045328957209465e-07 2.878816293444377e-07 2.667676022186335e-07 2.404539626401179e-07 2.112336213881298e-07 1.808664667159610e-07 1.534375559822191e-07 1.346496646859661e-07
1.117519257520064e-06 3.804824688597756e-05 2.033749773201469e-04 -1.386685900341241e-09 -1.766616206590066e-09 -2.061553684617284e-09 -2.246910633185759e-09 -2.314515227155462e-09 -2.302014850923136e-09 -2.271870121852897e-09 -2.272469667389597e-09 -2.307101475201724e-09 -2.347304611156097e-09 -2.356754761647292e-09 -2.312827885424600e-09 -2.187623332591867e-09 -2.033976784731193e-09 -1.850321785884653e-09 -1.666719160230562e-09 -1.408833052733053e-09 -1.169428847407763e-09 -9.363335541792780e-10 -7.150233680912002e-10 -5.194652378711689e-10 -3.531462297246249e-10 -2.159084595671936e-10 -1.052874131638869e-10 -1.793545753545547e-11 4.915056808723875e-11 9.810870037048042e-11 1.305239616689432e-10 1.482949878134452e-10 1.546571105664941e-10 2.254993143338673e-07 1.898828861283262e-07 1.738127078922243e-07 1.649539642610939e-07 1.557376598671748e-07 1.430961055075944e-07 1.266634629516282e-07 1.075167447434849e-07 8.741833220867466e-08 6.824498588958034e-08 5.148776272678474e-08 3.791736370470924e-08 2.707740029153953e-08 1.978897470275071e-08 1.345626652861989e-08 8.000058574020258e-09 3.193229074956235e-09 -9.115562488728566e-10 -4.125681806433071e-09 -6.442358588866692e-09 -8.013090003724072e-09 -9.027305852369529e-09 -9.631167111671962e-09 -9.878970746215614e-09 -9.740466237001588e-09 -9.158185157112756e-09 -8.130282716161599e-09 -6.801811685853936e-09 -5.600616362714194e-09 -5.281166309978091e-09 9.348712763517182e-07 1.020207357965921e-06 1.141619069190472e-06 1.248298968547704e-06 1.317864150834729e-06 1.343903690249415e-06 1.567163212598060e-06 1.287684031473093e-06 1.225934212506420e-06 1.154879939929424e-06 1.080056168638578e-06 1.003141768634226e-06 9.028753723310084e-07 8.051044398271009e-07 7.049985257010369e-07 6.018610018785719e-07 5.123196102554016e-07 4.566778915146199e-07 4.147950963456679e-07 3.812391411298285e-07 3.606767241056621e-07 3.465826796419411e-07 3.330396109886940e-07 3.162629187945747e-07 2.939083002060268e-07 2.666284170553882e-07 2.351120220769853e-07 2.023069280051498e-07 1.728547115045113e-07 1.524687180618526e-07
1.175472728808548e-06 3.995447109986647e-05 2.133471887623106e-04 -1.098224777161618e-09 -1.542941441461382e-09 -1.930588262659684e-09 -2.224619250577800e-09 -2.383510156783763e-09 -2.408257016637921e-09 -2.349450695954416e-09 -2.275904308291558e-09 -2.238275499508445e-09 -2.242760839940279e-09 -2.265543979128073e-09 -2.272658173407768e-09 -2.214401071221444e-09 -2.124031191805403e-09 -1.989625932480762e-09 -1.840256777422628e-09 -1.593967750632593e-09 -1.355393877334094e-09 -1.113973938534250e-09 -8.776197450899682e-10 -6.641201438178445e-10 -4.789386808338722e-10 -3.231838654273693e-10 -1.951122270616495e-10 -9.166871565980123e-11 -9.913994984172689e-12 5.226366655324002e-11 9.635910375530841e-11 1.240970778361806e-10 1.385517488294404e-10 2.313937655342070e-07 1.952515856639004e-07 1.789911434472427e-07 1.701844654594652e-07 1.612634559134218e-07 1.491980239154225e-07 1.335489666163646e-07 1.151378297027283e-07 9.547702047975169e-08 7.626704872973488e-08 5.904320385699328e-08 4.476392918305198e-08 3.308703602745558e-08 2.529292720884236e-08 1.840166590626012e-08 1.239993104126672e-08 7.022380715155351e-09 2.275019018672470e-09 -1.563167302275651e-09 -4.454277824897498e-09 -6.515989581643184e-09 -7.937289631218122e-09 -8.877448314751193e-09 -9.407154543760992e-09 -9.507194523441426e-09 -9.121815090678318e-09 -8.243834571692521e-09 -7.014000038092855e-09 -5.874608500275652e-09 -5.642958405637925e-09 8.551632037507943e-07 9.397429118473589e-07 1.059533459453905e-06 1.169228664138593e-06 1.246720247654790e-06 1.285178240708246e-06 1.287684031473093e-06 1.475520530013232e-06 1.214271041878917e-06 1.156276153879016e-06 1.092140722984460e-06 1.023255265656546e-06 9.280185993080353e-07 8.334514958378692e-07 7.339873944460311e-07 6.300841376294842e-07 5.389924981701602e-07 4.825887533586365e-07 4.402178711502696e-07 4.062128427544338e-07 3.858316117775406e-07 3.721813097719800e-07 3.592021413406973e-07 3.421279078712744e-07 3.196496100024271e-07 2.910150097097849e-07 2.577561332402885e-07 2.230637312732744e-07 1.914281568964558e-07 1.698500636160916e-07
1.227893011472039e-06 4.166411660166092e-05 2.222421836465493e-04 -8.152082371212317e-10 -1.278811337980959e-09 -1.714642647165141e-09 -2.092057780779365e-09 -2.353594486734228e-09 -2.464376525041914e-09 -2.440049113311084e-09 -2.340258863573363e-09 -2.235903872211056e-09 -2.176102098951922e-09 -2.167527314278632e-09 -2.187550716509690e-09 -2.177604924974315e-09 -2.150566338957521e-09 -2.077681098927867e-09 -1.978837624868876e-09 -1.760537624254952e-09 -1.534968457706436e-09 -1.293528076231557e-09 -1.047423235793276e-09 -8.192521475522369e-10 -6.171675222148770e-10 -4.439536067762312e-10 -2.987977967685232e-10 -1.790690954865812e-10 -8.196627941084462e-11 -5.484095274164428e-12 5.168025873870251e-11 9.094303656759393e-11 1.150402465538847e-10 2.357730407338237e-07 1.996321009376801e-07 1.834579189751771e-07 1.747642801630180e-07 1.659853638133156e-07 1.541955009705457e-07 1.390349804783077e-07 1.212660295433119e-07 1.021837306314579e-07 8.329918357753086e-08 6.604059144420251e-08 5.143934316719650e-08 3.921287706767026e-08 3.111326796031818e-08 2.379023025314013e-08 1.731537485665506e-08 1.139632317949721e-08 5.994256545583036e-09 1.496874766053353e-09 -2.016965794666248e-09 -4.619973573071869e-09 -6.495675109074035e-09 -7.815155107192316e-09 -8.666875443453949e-09 -9.044846016508816e-09 -8.896544379699092e-09 -8.209016620653457e-09 -7.115828550090837e-09 -6.067777678381696e-09 -5.937362178452360e-09 7.748571678470768e-07 8.560800973813726e-07 9.718551395574402e-07 1.080645369831305e-06 1.162304863999297e-06 1.210533921973074e-06 1.225934212506420e-06 1.214271041878917e-06 1.376880969325854e-06 1.139725089234945e-06 1.088061207861770e-06 1.029362922653649e-06 9.420868843287642e-07 8.524254005733241e-07 7.559475273620125e-07 6.529388909675646e-07 5.615770892467282e-07 5.053259253981721e-07 4.630774109718084e-07 4.291761727938845e-07 4.092904799222446e-07 3.966184746977229e-07 3.839392645335388e-07 3.675309433893666e-07 3.446070914575992e-07 3.149295198717709e-07 2.803699813710281e-07 2.436183792704431e-07 2.100799637342627e-07 1.873275387295011e-07
1.279881288824966e-06 4.335063089760619e-05 2.309863349575509e-04 -5.695517672232228e-10 -1.023212176515966e-09 -1.467319224012728e-09 -1.887498317572061e-09 -2.229356382701861e-09 -2.438568885043337e-09 -2.495040186001800e-09 -2.426930158445255e-09 -2.298773865449600e-09 -2.179102975323706e-09 -2.113040501746879e-09 -2.105067307475392e-09 -2.108268253711815e-09 -2.126205860665212e-09 -2.114010512398806e-09 -2.076113432127268e-09 -1.902046862257817e-09 -1.703849693171816e-09 -1.473004378978859e-09 -1.223932079227014e-09 -9.850218841078431e-10 -7.681886937469529e-10 -5.785963927466741e-10 -4.167458796115849e-10 -2.805843162040562e-10 -1.675145510796394e-10 -7.569166902864208e-11 -4.080383723279423e-12 4.828927012014058e-11 8.362995408628666e-11 2.393620980937392e-07 2.036187373158509e-07 1.878236388214208e-07 1.794289526906172e-07 1.708092683771549e-07 1.591090351508247e-07 1.441116615522933e-07 1.266660725862711e-07 1.080226275409254e-07 8.952306736852104e-08 7.247377838449530e-08 5.785675917710090e-08 4.536476296637772e-08 3.718703603078701e-08 2.959414425358279e-08 2.274541019859692e-08 1.632815324717136e-08 1.026208893449169e-08 5.066537930758196e-09 8.752397561889212e-10 -2.325882381123864e-09 -4.708823728191294e-09 -6.455036613717890e-09 -7.672037728606693e-09 -8.369309728567516e-09 -8.498910011785750e-09 -8.041612186416671e-09 -7.121216407450697e-09 -6.191958672731556e-09 -6.175644230795951e-09 6.988121428385518e-07 7.759993372545175e-07 8.858217533362302e-07 9.912940246588795e-07 1.074812413669143e-06 1.129099994781026e-06 1.154879939929424e-06 1.156276153879016e-06 1.139725089234945e-06 1.285777325040672e-06 1.072235686739471e-06 1.025578977023844e-06 9.475862003579536e-07 8.650633436727470e-07 7.731852398485816e-07 6.724107241772514e-07 5.819100233157813e-07 5.265252301235727e-07 4.849410710795413e-07 4.515269316555217e-07 4.327048345170521e-07 4.207141550547355e-07 4.093511712031744e-07 3.932239988100328e-07 3.700962918219111e-07 3.398583200559771e-07 3.036320119835288e-07 2.650087852952256e-07 2.295651255053182e-07 2.056177022024873e-07
1.334288299716174e-06 4.511016236554674e-05 2.400906422596742e-04 -3.673955362269174e-10 -8.007538938472365e-10 -1.228969265842456e-09 -1.655615554536151e-09 -2.040785710542480e-09 -2.329406745492311e-09 -2.480065118733856e-09 -2.487179329207302e-09 -2.387876639665729e-09 -2.246584899855765e-09 -2.126451506762843e-09 -2.066356284783687e-09 -2.044773618813415e-09 -2.074809544488789e-09 -2.105801068346147e-09 -2.127457172361061e-09 -2.009290075810484e-09 -1.853467605381340e-09 -1.646672437737850e-09 -1.404235304125905e-09 -1.160403483172455e-09 -9.319690416064130e-10 -7.275543811476437e-10 -5.496405807863650e-10 -3.970741398433751e-10 -2.675734725484905e-10 -1.594890547753165e-10 -7.211452457921788e-11 -5.050251519906726e-12 4.319442829798940e-11 2.424522865728345e-07 2.073968934355296e-07 1.922487518754546e-07 1.843982052863421e-07 1.760948526491635e-07 1.644718790380394e-07 1.494317467368578e-07 1.319831931370703e-07 1.134689543594295e-07 9.520736587592383e-08 7.839042316408066e-08 6.393655258096571e-08 5.141982189784154e-08 4.340180061013481e-08 3.574269161905682e-08 2.866595138738735e-08 2.183051340412653e-08 1.511227514828458e-08 9.187213421212732e-09 4.262894064947831e-09 4.022619064763359e-10 -2.546437048309666e-09 -4.772268725628698e-09 -6.402877600791488e-09 -7.465419836002637e-09 -7.917904070137441e-09 -7.734289715696730e-09 -7.025778385845622e-09 -6.244803988131166e-09 -6.356626211787659e-09 6.294495389539955e-07 7.017185601029935e-07 8.047262732738295e-07 9.060647568939798e-07 9.887169820267550e-07 1.046732502520126e-06 1.080056168638578e-06 1.092140722984460e-06 1.088061207861770e-06 1.072235686739471e-06 1.207119247980583e-06 1.013022931668988e-06 9.460890046372540e-07 8.721936061676371e-07 7.863972042158023e-07 6.892702342833845e-07 6.006353446813937e-07 5.468472470922771e-07 5.064633468136973e-07 4.741435473982230e-07 4.562231987189003e-07 4.459437224224660e-07 4.355282367066029e-07 4.200880052908781e-07 3.971746751566960e-07 3.660339943446375e-07 3.284284156367628e-07 2.877862254976547e-07 2.503440859334751e-07 2.251124872785626e-07
1.390080173211691e-06 4.690704656008266e-05 2.493629912983624e-04 -1.996313096742837e-10 -6.148835704740856e-10 -1.018685340986208e-09 -1.429049679751314e-09 -1.823051977347849e-09 -2.156887278284235e-09 -2.385429460966390e-09 -2.481612208743100e-09 -2.451855538169262e-09 -2.337033620756566e-09 -2.197512451929979e-09 -2.088290380916514e-09 -2.019089868633566e-09 -2.025990961118249e-09 -2.068932137020956e-09 -2.132913103402499e-09 -2.071506694356788e-09 -1.969402063831021e-09 -1.801635284584082e-09 -1.579097857186362e-09 -1.339644610943937e-09 -1.105250931495642e-09 -8.891220935183338e-10 -6.967421785376740e-10 -5.284693695359428e-10 -3.825979890936395e-10 -2.577614402588864e-10 -1.536301463923524e-10 -7.048700493219223e-11 -7.767535221486512e-12 2.446805739381827e-07 2.105813658041487e-07 1.963237474653038e-07 1.892734981810987e-07 1.815283923379609e-07 1.701344800553859e-07 1.550421754708842e-07 1.374112544177695e-07 1.187524717089326e-07 1.004808316740695e-07 8.379060494501805e-08 6.953382947414619e-08 5.716181048206876e-08 4.952208141510744e-08 4.203545354925850e-08 3.493928166875183e-08 2.783271897659027e-08 2.052924498024075e-08 1.387931231818683e-08 8.185986799824016e-09 3.613291904659835e-09 4.337847403702944e-11 -2.714900771201920e-09 -4.809066588909527e-09 -6.285888856060633e-09 -7.110816370372381e-09 -7.250328586571996e-09 -6.799559633863434e-09 -6.202076956836926e-09 -6.457642563537680e-09 5.656968092551701e-07 6.327076281151379e-07 7.289822234576864e-07 8.246419496030415e-07 9.051405287942404e-07 9.646392681770428e-07 1.003141768634226e-06 1.023255265656546e-06 1.029362922653649e-06 1.025578977023844e-06 1.013022931668988e-06 1.137289847655384e-06 9.360674190050674e-07 8.721010191206212e-07 7.940081811750132e-07 7.020617888846512e-07 6.165741966916368e-07 5.652479593082170e-07 5.269378379870519e-07 4.958040965737108e-07 4.798522557081881e-07 4.710997569940315e-07 4.621579993802282e-07 4.478369444060081e-07 4.250799505056317e-07 3.933708678182164e-07 3.543516523915130e-07 3.117823537729673e-07 2.721706389314009e-07 2.459510657063838e-07
1.410860788769826e-06 4.751493518168304e-05 2.522899024566898e-04 -5.113636677748320e-11 -4.472463792041059e-10 -8.201107846180887e-10 -1.196750301378669e-09 -1.568284321616872e-09 -1.906265081044223e-09 -2.174700870781245e-09 -2.341868091706140e-09 -2.394103446761291e-09 -2.344706948876391e-09 -2.232719239647186e-09 -2.109449354440460e-09 -1.997740783963181e-09 -1.961497007181694e-09 -1.982320895404253e-09 -2.056291160464883e-09 -2.037210511026615e-09 -1.990899615783645e-09 -1.876602395598229e-09 -1.693479432110290e-09 -1.476700724097310e-09 -1.250989300180132e-09 -1.034076114030539e-09 -8.353129975966941e-10 -6.574392587024236e-10 -4.998783398778388e-10 -3.617927246855809e-10 -2.433133695215469e-10 -1.454791047322496e-10 -6.884484602557822e-11 2.397790394578509e-07 2.076712531741629e-07 1.948198055728613e-07 1.889351488199777e-07 1.821700592884594e-07 1.715108877895123e-07 1.568808470119716e-07 1.395012888623108e-07 1.210122466816714e-07 1.029588449841839e-07 8.660651268395555e-08 7.281167873905143e-08 6.092204808651813e-08 5.397430360767120e-08 4.705284342535660e-08 4.034684433083927e-08 3.335501179223049e-08 2.579198450691056e-08 1.865508140611547e-08 1.234969179548376e-08 7.161631281650461e-09 3.027975658577926e-09 -2.300209966752023e-10 -2.773128233017608e-09 -4.667149529856569e-09 -5.886862371867567e-09 -6.391463800121965e-09 -6.254012671167097e-09 -5.889823744905666e-09 -6.295646860016465e-09 4.944754552833707e-07 5.551425477822680e-07 6.418021959097224e-07 7.292309251548608e-07 8.044444467190748e-07 8.624527991096838e-07 9.028753723310084e-07 9.280185993080354e-07 9.420868843287642e-07 9.475862003579536e-07 9.460890046372541e-07 9.360674190050674e-07 1.022153946010345e-06 8.424645686479041e-07 7.751400452764843e-07 6.920459038799777e-07 6.130981025720024e-07 5.666168485509690e-07 5.316208195980313e-07 5.036449047364926e-07 4.900361284524897e-07 4.835596276563278e-07 4.768117232291251e-07 4.640443137453881e-07 4.423583053808886e-07 4.110981273782339e-07 3.718011064051843e-07 3.283145198415825e-07 2.879631091144061e-07 2.610596609722893e-07
1.425015031704388e-06 4.789465514599189e-05 2.539890605781137e-04 8.349920499487484e-11 -3.034584219054511e-10 -6.538486795782877e-10 -9.997196134422694e-10 -1.340973055076785e-09 -1.661530034194638e-09 -1.937937698214166e-09 -2.144948347968433e-09 -2.263455980864168e-09 -2.288822888933160e-09 -2.236377360100558e-09 -2.138925873788708e-09 -2.015262436830822e-09 -1.940846012936105e-09 -1.921816693334790e-09 -1.974219209174380e-09 -1.968071623820064e-09 -1.961335675412431e-09 -1.899647259387228e-09 -1.765806472789728e-09 -1.585083943708947e-09 -1.380160258985889e-09 -1.171498547031024e-09 -9.724790294831637e-10 -7.890607846834344e-10 -6.225429484044711e-10 -4.730465856928707e-10 -3.413407838888958e-10 -2.293090202518965e-10 -1.387525737471777e-10 2.330714378356146e-07 2.031441426277870e-07 1.918011391168907e-07 1.871920008096588e-07 1.815836982254491e-07 1.719002448593654e-07 1.579835020820447e-07 1.410408796726595e-07 1.227854158585513e-07 1.048892135574799e-07 8.874178232022430e-08 7.527759637524070e-08 6.382667483716621e-08 5.757149982105188e-08 5.134424853676824e-08 4.524075260632600e-08 3.861431711625748e-08 3.102467516298830e-08 2.357181374488803e-08 1.675683942723995e-08 1.100326509157938e-08 6.323342888770320e-09 2.565458910207153e-09 -4.371312439204128e-10 -2.767261821461285e-09 -4.409143696381657e-09 -5.314032119381886e-09 -5.529081100345776e-09 -5.430847784953544e-09 -5.994170021493061e-09 4.299213925303243e-07 4.838415766299965e-07 5.613324254129577e-07 6.402567339123442e-07 7.095488871026815e-07 7.646017467821607e-07 8.051044398271009e-07 8.334514958378692e-07 8.524254005733242e-07 8.650633436727470e-07 8.721936061676371e-07 8.721010191206212e-07 8.424645686479043e-07 9.143096866703048e-07 7.468311586212069e-07 6.737751196827114e-07 6.028453152033785e-07 5.617574431391849e-07 5.314639641625832e-07 5.068528780691774e-07 4.962244637290617e-07 4.925763559773480e-07 4.881300214666002e-07 4.773611147238854e-07 4.571459038535346e-07 4.266236995332747e-07 3.873717594466846e-07 3.436123469777051e-07 3.023999405786465e-07 2.751588702967102e-07
1.417944323516847e-06 4.755782682602288e-05 2.518780265509144e-04 2.121938124473956e-10 -1.704716376828995e-10 -5.044683133873099e-10 -8.244221133102074e-10 -1.134831791026546e-09 -1.427363534340963e-09 -1.689038364645033e-09 -1.904787847797480e-09 -2.060198186979566e-09 -2.145451007429815e-09 -2.160491527737638e-09 -2.117735196260298e-09 -2.019158537702402e-09 -1.935725938490143e-09 -1.882386906398342e-09 -1.896855002707938e-09 -1.873783580818272e-09 -1.879018067489598e-09 -1.855284861355430e-09 -1.771366536416938e-09 -1.637338293353492e-09 -1.467298175160583e-09 -1.279954851493498e-09 -1.090984802107036e-09 -9.096275551327372e-10 -7.397504751060420e-10 -5.830610373978199e-10 -4.413243917657784e-10 -3.174139976305209e-10 -2.144869862958744e-10 2.224851059632886e-07 1.951231438533730e-07 1.854132261275326e-07 1.821401902845912e-07 1.778266017487525e-07 1.693851746207394e-07 1.565527381293126e-07 1.404524361423761e-07 1.227855631818952e-07 1.052889838379475e-07 8.946117970928490e-08 7.634575327092593e-08 6.532897987688208e-08 5.972707178478431e-08 5.424477527623154e-08 4.891277834142291e-08 4.291950985075270e-08 3.562685927424941e-08 2.815537541252691e-08 2.106253025573854e-08 1.490274178719828e-08 9.778916767590591e-09 5.585057440629086e-09 2.161295332056432e-09 -5.863797454819823e-10 -2.650208469114261e-09 -3.972743327886250e-09 -4.570867887590370e-09 -4.767910255796522e-09 -5.486523084848605e-09 3.676491810650947e-07 4.149375949932904e-07 4.828298747925400e-07 5.527878575669506e-07 6.150523413532717e-07 6.657390174053294e-07 7.049985257010369e-07 7.339873944460311e-07 7.559475273620125e-07 7.731852398485816e-07 7.863972042158023e-07 7.940081811750131e-07 7.751400452764843e-07 7.468311586212068e-07 7.976330695144059e-07 6.410983345481923e-07 5.793614554880978e-07 5.453450739148884e-07 5.202957839876129e-07 5.000470896738352e-07 4.930819806590981e-07 4.924427911219841e-07 4.907763577028154e-07 4.824500221769397e-07 4.642161497467822e-07 4.351135278371638e-07 3.969156631753291e-07 3.534108836682247e-07 3.121668066118054e-07 2.852693103105911e-07
1.380118099826051e-06 4.618996226340810e-05 2.443081597542421e-04 3.347970703251555e-10 -4.327185082051682e-11 -3.633850974075569e-10 -6.613828873114713e-10 -9.438246996501080e-10 -1.206225903015346e-09 -1.442057023229126e-09 -1.644794591770940e-09 -1.808057681984429e-09 -1.925600781555206e-09 -1.993069603447424e-09 -2.010246476521212e-09 -1.962235391499214e-09 -1.903016052766922e-09 -1.843039747156812e-09 -1.825904033522755e-09 -1.771177035325234e-09 -1.760984191936368e-09 -1.749595325628586e-09 -1.702375031455085e-09 -1.615614200652789e-09 -1.490335346800971e-09 -1.337661480473293e-09 -1.171518922779193e-09 -1.002784849445376e-09 -8.378315674783373e-10 -6.804631726803099e-10 -5.339120806382198e-10 -4.022898582694540e-10 -2.902166737596108e-10 2.071342441564623e-07 1.827496370445890e-07 1.747462817998857e-07 1.727772269600470e-07 1.698001435315089e-07 1.628002398965994e-07 1.514133443144141e-07 1.366274453799135e-07 1.200489937535595e-07 1.033926245853072e-07 8.820250224540786e-08 7.560960272123376e-08 6.510276370480087e-08 6.008039702109590e-08 5.531732902604358e-08 5.080654779040795e-08 4.563486388168128e-08 3.895859053794186e-08 3.182791466792885e-08 2.478925294813044e-08 1.848706325916900e-08 1.311267518042447e-08 8.620104457837324e-09 4.872070640134803e-09 1.773317538210475e-09 -6.725663795780200e-10 -2.398210117541907e-09 -3.386444065081097e-09 -3.892314264568791e-09 -4.750552314086077e-09 3.071746199418232e-07 3.475647299682141e-07 4.057189468550156e-07 4.659748292565088e-07 5.203411955633537e-07 5.658708434032067e-07 6.018610018785719e-07 6.300841376294844e-07 6.529388909675646e-07 6.724107241772514e-07 6.892702342833845e-07 7.020617888846512e-07 6.920459038799777e-07 6.737751196827114e-07 6.410983345481923e-07 6.690740079945118e-07 5.404552626551977e-07 5.138870799279608e-07 4.949622365769876e-07 4.799305438539284e-07 4.768511170206860e-07 4.795443552000593e-07 4.809191271152623e-07 4.754112913769390e-07 4.597346632744561e-07 4.331251470767036e-07 3.967695103461385e-07 3.546748242753480e-07 3.147108238228266e-07 2.885466430667110e-07
1.342554929839607e-06 4.483374548027498e-05 2.368093930407636e-04 4.572647601162491e-10 7.867406098758988e-11 -2.345584523555280e-10 -5.195644430199487e-10 -7.839509786628130e-10 -1.024655459716560e-09 -1.237992564034536e-09 -1.422391746189386e-09 -1.578002134306018e-09 -1.704776822060057e-09 -1.801273630735047e-09 -1.864236648769289e-09 -1.869803403642011e-09 -1.854673889126633e-09 -1.816514404426292e-09 -1.793055055257998e-09 -1.711667638573465e-09 -1.672731167638383e-09 -1.648582854702118e-09 -1.614090788250257e-09 -1.560599695430591e-09 -1.477443330276213e-09 -1.364500657868660e-09 -1.229213232262867e-09 -1.080817334043166e-09 -9.268433927864809e-10 -7.731200186185203e-10 -6.247737631648122e-10 -4.875875214768566e-10 -3.679242122391446e-10 1.922186690043587e-07 1.705610395670021e-07 1.640772861216447e-07 1.632551860058802e-07 1.614929963617786e-07 1.558675764298938e-07 1.459259386858948e-07 1.325154486652411e-07 1.171219132400322e-07 1.013978533116530e-07 8.689276067095442e-08 7.479898474969174e-08 6.470582875501455e-08 6.009729575783719e-08 5.586276730175529e-08 5.202245281205413e-08 4.760338036070008e-08 4.160905457202629e-08 3.497207200700343e-08 2.817230136658800e-08 2.189260192973139e-08 1.639113830806830e-08 1.168219163467724e-08 7.660323365132095e-09 4.238295131719348e-09 1.421822000961174e-09 -7.078466108108690e-10 -2.095593597428024e-09 -2.920512672668480e-09 -3.914027655223003e-09 2.561717593303818e-07 2.906062377528817e-07 3.401702411908487e-07 3.918765929963060e-07 4.393709848757268e-07 4.795009529212488e-07 5.123196102554016e-07 5.389924981701603e-07 5.615770892467282e-07 5.819100233157814e-07 6.006353446813938e-07 6.165741966916368e-07 6.130981025720024e-07 6.028453152033785e-07 5.793614554880978e-07 5.404552626551977e-07 5.634488767851053e-07 4.800305554275028e-07 4.672251649666393e-07 4.572911575185401e-07 4.582871768927569e-07 4.644470614687510e-07 4.689738906877995e-07 4.664228822771203e-07 4.537162773275461e-07 4.295420036543681e-07 3.952737739420171e-07 3.550598201996199e-07 3.162023596081891e-07 2.911170801843727e-07
1.370515792459203e-06 4.566373829323648e-05 2.408518902757329e-04 6.099356995534382e-10 2.089979138528646e-10 -1.171708650809234e-10 -4.092260319628440e-10 -6.760319309683000e-10 -9.147230411157420e-10 -1.122170515746224e-09 -1.298811469277715e-09 -1.448680170821914e-09 -1.577058053975712e-09 -1.687767057382601e-09 -1.780453660477461e-09 -1.829723038206685e-09 -1.862511280982065e-09 -1.864072223068274e-09 -1.860210958392861e-09 -1.769944847270174e-09 -1.703685814212904e-09 -1.651827344567617e-09 -1.605041226339066e-09 -1.561500322380380e-09 -1.505581300773291e-09 -1.426456096878955e-09 -1.321717229056312e-09 -1.194988918022282e-09 -1.052329246431960e-09 -9.006592923378957e-10 -7.472369661743850e-10 -6.002687436497696e-10 -4.686975537221739e-10 1.867369880198317e-07 1.665969398211844e-07 1.611871199855986e-07 1.613541769071796e-07 1.606279178808351e-07 1.560534967826452e-07 1.470798116301398e-07 1.344549591315680e-07 1.196017074540108e-07 1.041637267623542e-07 8.973848817617300e-08 7.760908364399260e-08 6.742832249541200e-08 6.292860135521310e-08 5.887893399715492e-08 5.536404917018021e-08 5.137380181563731e-08 4.575353655735281e-08 3.938086513189797e-08 3.264679821301418e-08 2.625195526236032e-08 2.049642215062305e-08 1.544133900529905e-08 1.100946305492717e-08 7.124485275694507e-09 3.801943090539711e-09 1.147687028785834e-09 -7.348309703222488e-10 -1.944663071943678e-09 -3.123970426687713e-09 2.238146307836727e-07 2.546017120558894e-07 2.987506652124867e-07 3.454891225911247e-07 3.884958633727082e-07 4.256294754375888e-07 4.566778915146200e-07 4.825887533586365e-07 5.053259253981722e-07 5.265252301235727e-07 5.468472470922771e-07 5.652479593082170e-07 5.666168485509690e-07 5.617574431391849e-07 5.453450739148882e-07 5.138870799279608e-07 4.800305554275028e-07 5.249571376568032e-07 4.590300022085379e-07 4.538888693392552e-07 4.591916708626736e-07 4.693372561281649e-07 4.774937402694968e-07 4.782808944896192e-07 4.680243376747911e-07 4.454838913846583e-07 4.121738020704488e-07 3.718282890026862e-07 3.326372543093409e-07 3.074921682448875e-07
1.428480536862878e-06 4.748417418681320e-05 2.500881169267104e-04 7.942984507907828e-10 3.594701419301330e-10 1.004257128749721e-11 -2.996969768008054e-10 -5.803050787832542e-10 -8.287051982417933e-10 -1.041197863044497e-09 -1.218454211898495e-09 -1.366254835905922e-09 -1.493403584210608e-09 -1.608636543010463e-09 -1.716736390822581e-09 -1.795952355080315e-09 -1.870715463644737e-09 -1.919172963449090e-09 -1.955455873877186e-09 -1.880441484725348e-09 -1.804681039323501e-09 -1.724820170439934e-09 -1.650064595737389e-09 -1.593846721088182e-09 -1.546290009331602e-09 -1.491595693858953e-09 -1.417230603544776e-09 -1.317388751898931e-09 -1.192453468756946e-09 -1.047697755493865e-09 -8.915513148667173e-10 -7.349540989575956e-10 -5.903137292775282e-10 1.848337209997457e-07 1.657448120996794e-07 1.612374807185115e-07 1.623377690179703e-07 1.625923106660077e-07 1.589698796106632e-07 1.508183191313879e-07 1.388009253628293e-07 1.242963504163511e-07 1.089552682438158e-07 9.443414050414749e-08 8.211264463369401e-08 7.168218455457023e-08 6.719798462475441e-08 6.318621670794115e-08 5.981252802435540e-08 5.604764798650499e-08 5.062388180233818e-08 4.440199133437908e-08 3.770138216791001e-08 3.120652793225240e-08 2.522278700449922e-08 1.983000027662445e-08 1.496540374479306e-08 1.056145209904157e-08 6.649580987705627e-09 3.372157134113053e-09 8.968914830721809e-10 -7.752890570968697e-10 -2.178040888160514e-09 1.993083731791688e-07 2.272148874495871e-07 2.677092518526962e-07 3.103102219684915e-07 3.502177951603606e-07 3.851391907774025e-07 4.147950963456679e-07 4.402178711502696e-07 4.630774109718084e-07 4.849410710795414e-07 5.064633468136973e-07 5.269378379870519e-07 5.316208195980311e-07 5.314639641625832e-07 5.202957839876129e-07 4.949622365769875e-07 4.672251649666393e-07 4.590300022085379e-07 5.122603001247253e-07 4.563039241429742e-07 4.663197407489830e-07 4.810458372934883e-07 4.936909078267618e-07 4.981780930294869e-07 4.907375262570201e-07 4.701100443655290e-07 4.372130004539739e-07 3.964468733572147e-07 3.563062978549803e-07 3.307507111786745e-07
1.509141655379515e-06 5.004541187521030e-05 2.631810542696051e-04 1.015478828477556e-09 5.376671433794269e-10 1.571903754139822e-10 -1.781754342724924e-10 -4.812735465764430e-10 -7.487425780189949e-10 -9.757440302448154e-10 -1.162156025096951e-09 -1.314033293431678e-09 -1.441968282076522e-09 -1.558145171021295e-09 -1.672205398165107e-09 -1.767982657389468e-09 -1.872595474158273e-09 -1.963586877351364e-09 -2.048663860565198e-09 -2.009943474566674e-09 -1.949002995088077e-09 -1.857754126094790e-09 -1.753183529803223e-09 -1.668498973976228e-09 -1.607796703301835e-09 -1.560492413595199e-09 -1.509118906853206e-09 -1.437889840028004e-09 -1.337582751405491e-09 -1.207505254837046e-09 -1.054453211795447e-09 -8.912215650068938e-10 -7.342194978664004e-10 1.850954854968279e-07 1.667813195167503e-07 1.630803887733440e-07 1.650907306151592e-07 1.663069149464481e-07 1.635941214858110e-07 1.561968764752452e-07 1.447019392305378e-07 1.304551328007456e-07 1.151242010959617e-07 1.004324494493442e-07 8.786124667194995e-08 7.712209237665560e-08 7.265035770959935e-08 6.862670015573548e-08 6.529350871217433e-08 6.160100457726232e-08 5.619305395903830e-08 4.999040105097657e-08 4.325884927577996e-08 3.667991735051569e-08 3.052452257065201e-08 2.485358940180414e-08 1.958822539229385e-08 1.465294780598518e-08 1.009300338739197e-08 6.098092706875079e-09 2.921227211508100e-09 6.946451887656430e-10 -9.691528108880954e-10 1.793887336832812e-07 2.053872152164267e-07 2.424812773881048e-07 2.821524775847843e-07 3.195108596978959e-07 3.526108037005187e-07 3.812391411298285e-07 4.062128427544338e-07 4.291761727938845e-07 4.515269316555217e-07 4.741435473982230e-07 4.958040965737108e-07 5.036449047364926e-07 5.068528780691774e-07 5.000470896738352e-07 4.799305438539284e-07 4.572911575185401e-07 4.538888693392552e-07 4.563039241429742e-07 5.159434626507249e-07 4.761158052521216e-07 4.962233004794246e-07 5.139185488687207e-07 5.228933379262493e-07 5.191203226987517e-07 5.005014365873050e-07 4.683502647614230e-07 4.270084749406071e-07 3.856336493151460e-07 3.595355920179340e-07
1.643955991830523e-06 5.438218150081870e-05 2.855443358727133e-04 1.305841596405188e-09 7.658674711883198e-10 3.389853297822443e-10 -3.631329434233345e-11 -3.761858432855720e-10 -6.769945520520654e-10 -9.323195461573223e-10 -1.140613581218600e-09 -1.307417164558879e-09 -1.444103385724758e-09 -1.565116434338082e-09 -1.683886921734186e-09 -1.789129663886104e-09 -1.913580735291741e-09 -2.038374218461854e-09 -2.171474599984788e-09 -2.179397451085249e-09 -2.154545618353791e-09 -2.074423919782951e-09 -1.952883087815005e-09 -1.834609193868934e-09 -1.742989307052975e-09 -1.680912817713991e-09 -1.635551959077633e-09 -1.585656986243999e-09 -1.511320010269793e-09 -1.401562326298135e-09 -1.257061184988612e-09 -1.089885545052888e-09 -9.202202016539855e-10 1.908224067826449e-07 1.727222255771373e-07 1.697062441471241e-07 1.726823109985228e-07 1.749050800165973e-07 1.730476450048522e-07 1.662306802344046e-07 1.549805164195731e-07 1.406459534972062e-07 1.249554715230254e-07 1.097447696498646e-07 9.663730903526356e-08 8.534678375448882e-08 8.084516212098693e-08 7.674678430055069e-08 7.336188913680436e-08 6.957331097250895e-08 6.390510182672222e-08 5.742184260842760e-08 5.040346563637192e-08 4.356031127726936e-08 3.713982803377536e-08 3.114283479748375e-08 2.543065508567051e-08 1.988200280915842e-08 1.453811082570027e-08 9.643647334129722e-09 5.567284149156177e-09 2.621610839749062e-09 6.182636425121077e-10 1.662413027791061e-07 1.907943087387753e-07 2.261535126771882e-07 2.640283087111909e-07 3.000865383258983e-07 3.323405164802632e-07 3.606767241056621e-07 3.858316117775406e-07 4.092904799222446e-07 4.327048345170521e-07 4.562231987189003e-07 4.798522557081881e-07 4.900361284524897e-07 4.962244637290617e-07 4.930819806590981e-07 4.768511170206860e-07 4.582871768927570e-07 4.591916708626736e-07 4.663197407489830e-07 4.761158052521217e-07 5.549859082034013e-07 5.235205328040174e-07 5.475415788965434e-07 5.623883056052999e-07 5.628421563315576e-07 5.467683222709030e-07 5.150671735052388e-07 4.723711323687381e-07 4.288332611714183e-07 4.018257243957224e-07
1.821906972644661e-06 6.011699555284304e-05 3.151526340704056e-04 1.674071676100933e-09 1.055701342556372e-09 5.698610946793764e-10 1.430149872535950e-10 -2.454782674613032e-10 -5.918361248229253e-10 -8.877009641117989e-10 -1.129584136508866e-09 -1.321947975545239e-09 -1.476291462467501e-09 -1.608445906135182e-09 -1.734523778919558e-09 -1.846646426048419e-09 -1.983788357833470e-09 -2.132400470425493e-09 -2.305679792142921e-09 -2.360609433936666e-09 -2.385211694506674e-09 -2.339750321907773e-09 -2.224320355174612e-09 -2.084969430886020e-09 -1.956515310536287e-09 -1.861448012423650e-09 -1.800272475411894e-09 -1.756012868541320e-09 -1.702521663318288e-09 -1.617071622995299e-09 -1.489307374252284e-09 -1.325706348908785e-09 -1.147789886493422e-09 1.998773272084570e-07 1.816891700190020e-07 1.793266407121712e-07 1.833527936520845e-07 1.866669240029551e-07 1.856918459573277e-07 1.794067700830465e-07 1.682829086736033e-07 1.536911444652876e-07 1.374472864175140e-07 1.215305571581298e-07 1.077381441272181e-07 9.577604106749812e-08 9.128497509156757e-08 8.714387625825210e-08 8.372025331821665e-08 7.977666629628805e-08 7.366585054560790e-08 6.665728550690458e-08 5.910257565797675e-08 5.181649289296858e-08 4.503366946688904e-08 3.869444208740809e-08 3.254889824946604e-08 2.637717493236750e-08 2.017493739423943e-08 1.423097541698532e-08 9.056689458606059e-09 5.211449106771834e-09 2.797403445319330e-09 1.560656501361234e-07 1.799123483970739e-07 2.141149387615511e-07 2.509147541286152e-07 2.861838187631979e-07 3.181976055441301e-07 3.465826796419410e-07 3.721813097719800e-07 3.966184746977229e-07 4.207141550547355e-07 4.459437224224660e-07 4.710997569940315e-07 4.835596276563277e-07 4.925763559773480e-07 4.924427911219841e-07 4.795443552000593e-07 4.644470614687510e-07 4.693372561281649e-07 4.810458372934883e-07 4.962233004794246e-07 5.235205328040174e-07 6.205039392456536e-07 5.889515424015218e-07 6.107540655702500e-07 6.168849006344992e-07 6.042338589074862e-07 5.733651617571358e-07 5.292307329662228e-07 4.833615126885827e-07 4.552964403365790e-07
2.022188313017094e-06 6.655333102377139e-05 3.483214562311861e-04 2.112873381474203e-09 1.406957626989602e-09 8.555509234137499e-10 3.709140600444136e-10 -7.322251455107779e-11 -4.732134298650284e-10 -8.185257847444540e-10 -1.103269227071809e-09 -1.330303160015930e-09 -1.510688631629284e-09 -1.660969331467993e-09 -1.798975380987264e-09 -1.918790941653025e-09 -2.064702568500508e-09 -2.228179195467816e-09 -2.429730745257330e-09 -2.522975972199896e-09 -2.598304825619186e-09 -2.602921856013934e-09 -2.519529686173096e-09 -2.384294257735190e-09 -2.232873144448017e-09 -2.099457464966777e-09 -2.004304791248937e-09 -1.943836279574638e-09 -1.896080110011426e-09 -1.831436135365665e-09 -1.726879719234167e-09 -1.577846681851619e-09 -1.402024850655707e-09 2.094526669716427e-07 1.911538818927210e-07 1.894703175603123e-07 1.946007029195760e-07 1.990719911768928e-07 1.990458995511868e-07 1.933539806288584e-07 1.824089448921302e-07 1.676029307435447e-07 1.508410485073115e-07 1.342521866917650e-07 1.198179046179191e-07 1.072337166551859e-07 1.028782339759737e-07 9.882082522391457e-08 9.547595458272170e-08 9.144332960254420e-08 8.485004335149734e-08 7.719177100932672e-08 6.893011889388014e-08 6.104959094560833e-08 5.382936951438406e-08 4.715158907483927e-08 4.064874942051776e-08 3.394289114126618e-08 2.692406140278799e-08 1.988429535013364e-08 1.348290004800563e-08 8.594220574814873e-09 5.735912245272541e-09 1.463093840776487e-07 1.694379404309410e-07 2.024829354561164e-07 2.382890596920714e-07 2.728996201553339e-07 3.045328957209465e-07 3.330396109886940e-07 3.592021413406972e-07 3.839392645335389e-07 4.093511712031744e-07 4.355282367066029e-07 4.621579993802282e-07 4.768117232291251e-07 4.881300214666002e-07 4.907763577028154e-07 4.809191271152623e-07 4.689738906877995e-07 4.774937402694968e-07 4.936909078267618e-07 5.139185488687207e-07 5.475415788965434e-07 5.889515424015219e-07 6.989505383047645e-07 6.591233245010898e-07 6.722732164205006e-07 6.643835350336698e-07 6.355183515106431e-07 5.909646254044542e-07 5.432288279498317e-07 5.146519227206093e-07
2.220524244850219e-06 7.288756866539996e-05 3.808294529793935e-04 2.599549858788046e-09 1.806245004900831e-09 1.190215868144621e-09 6.483429285202496e-10 1.477936719331677e-10 -3.083508312812975e-10 -7.073415038032521e-10 -1.040537672577219e-09 -1.308678511221152e-09 -1.521828374571039e-09 -1.696617430061853e-09 -1.851810305110934e-09 -1.982415367517639e-09 -2.136342078924003e-09 -2.308682602892173e-09 -2.526617897735447e-09 -2.644540219595607e-09 -2.760344614841560e-09 -2.816257993862918e-09 -2.781838139248414e-09 -2.678865373165969e-09 -2.532141713694237e-09 -2.376454711194701e-09 -2.243293077130037e-09 -2.148749403253101e-09 -2.084580864545776e-09 -2.025693827034745e-09 -1.941910752482472e-09 -1.815890216253147e-09 -1.655603279577092e-09 2.169567258010128e-07 1.987435605700797e-07 1.977768161593769e-07 2.039916418938124e-07 2.096183150193811e-07 2.105950118911886e-07 2.056150370919783e-07 1.950252088574310e-07 1.802216344305691e-07 1.631776352789733e-07 1.461514069731363e-07 1.312947049332629e-07 1.182951709179424e-07 1.142559854258762e-07 1.104730976706855e-07 1.073987944797601e-07 1.034493265334826e-07 9.648669286483490e-08 8.821253949791195e-08 7.920343324716453e-08 7.065373682270435e-08 6.293909081359452e-08 5.593749161037085e-08 4.916655515081409e-08 4.208370894009030e-08 3.440755285505521e-08 2.636825552142722e-08 1.874032195725250e-08 1.275664349965312e-08 9.486424593807567e-09 1.351243368108808e-07 1.573315802297886e-07 1.889221211213668e-07 2.233421222127367e-07 2.568987135743979e-07 2.878816293444378e-07 3.162629187945747e-07 3.421279078712744e-07 3.675309433893664e-07 3.932239988100328e-07 4.200880052908781e-07 4.478369444060081e-07 4.640443137453881e-07 4.773611147238854e-07 4.824500221769397e-07 4.754112913769390e-07 4.664228822771203e-07 4.782808944896192e-07 4.981780930294869e-07 5.228933379262493e-07 5.623883056052999e-07 6.107540655702500e-07 6.591233245010898e-07 7.737911844931619e-07 7.190875617210121e-07 7.174494152300786e-07 6.924890197708259e-07 6.491131032387478e-07 6.009692121754369e-07 5.729582576470531e-07
2.392735403864137e-06 7.832766282756113e-05 4.085438358222359e-04 3.098381235243726e-09 2.227853895166760e-09 1.556084767290899e-09 9.647165270640748e-10 4.138242607783602e-10 -9.460172328065944e-11 -5.458102761994645e-10 -9.282588937177980e-10 -1.240145053033239e-09 -1.489958552179785e-09 -1.693792508693630e-09 -1.870673041686738e-09 -2.015993510063577e-09 -2.179406661479628e-09 -2.358116255721525e-09 -2.583766400201265e-09 -2.713359333294733e-09 -2.853540380779950e-09 -2.948947502706279e-09 -2.964544534792734e-09 -2.911225639185884e-09 -2.798707665686730e-09 -2.650531411412845e-09 -2.497807663430155e-09 -2.366827018997146e-09 -2.268931407405277e-09 -2.193479367368021e-09 -2.115427155897989e-09 -2.010652239097505e-09 -1.875479336611956e-09 2.203854709421746e-07 2.025921158901045e-07 2.023565048381211e-07 2.095401568323464e-07 2.162251002132682e-07 2.182045273569421e-07 2.140590900248092e-07 2.040626622274448e-07 1.895874640245236e-07 1.726359602604326e-07 1.555525406040510e-07 1.406211173099238e-07 1.275276944094121e-07 1.239993553762201e-07 1.207016957907522e-07 1.181165338212032e-07 1.144840673343206e-07 1.073920349078482e-07 9.869617386782467e-08 8.906165640517787e-08 7.989041035422627e-08 7.168618482705426e-08 6.437316362273006e-08 5.741418803451343e-08 5.011144678755130e-08 4.200603002523350e-08 3.319312746726153e-08 2.449587941907422e-08 1.749974910246286e-08 1.393540814938699e-08 1.218825773432654e-07 1.427722584995592e-07 1.724511174512808e-07 2.048817198728290e-07 2.367599757004587e-07 2.667676022186335e-07 2.939083002060268e-07 3.196496100024271e-07 3.446070914575992e-07 3.700962918219111e-07 3.971746751566960e-07 4.250799505056317e-07 4.423583053808886e-07 4.571459038535346e-07 4.642161497467822e-07 4.597346632744561e-07 4.537162773275461e-07 4.680243376747911e-07 4.907375262570201e-07 5.191203226987517e-07 5.628421563315577e-07 6.168849006344991e-07 6.722732164205006e-07 7.190875617210121e-07 8.280970545723086e-07 7.544397371970045e-07 7.351315313922571e-07 6.951433019140761e-07 6.486671728574604e-07 6.228667520350085e-07
2.517284121521707e-06 8.217663652655161e-05 4.278564132144848e-04 3.564959873765539e-09 2.636715828081885e-09 1.925295558477522e-09 1.298740650417241e-09 7.100833912050296e-10 1.596813818864202e-10 -3.361788424718888e-10 -7.631970119825100e-10 -1.116779506247415e-09 -1.403332170357705e-09 -1.637783695693138e-09 -1.838786258800080e-09 -2.001985545880297e-09 -2.176960587049646e-09 -2.361998792610797e-09 -2.590703882219475e-09 -2.723445524286877e-09 -2.873014743558066e-09 -2.990319127653864e-09 -3.043317192115446e-09 -3.039603323704280e-09 -2.977955952615443e-09 -2.866953073654197e-09 -2.725761203403800e-09 -2.578872960519008e-09 -2.446726304080052e-09 -2.338421152307917e-09 -2.244182119730591e-09 -2.145835671115192e-09 -2.033999825333007e-09 2.184707967897236e-07 2.014907775208402e-07 2.019557583556808e-07 2.098964298153320e-07 2.174418126961690e-07 2.203477120962467e-07 2.171215438560551e-07 2.079608197507158e-07 1.941812430357449e-07 1.777643556852827e-07 1.610811644424863e-07 1.464902347018605e-07 1.336841639624909e-07 1.308334749119216e-07 1.282059615418214e-07 1.263042835239077e-07 1.232276855042164e-07 1.163187303657678e-07 1.075180776527047e-07 9.753537212785611e-08 8.793768106499817e-08 7.935339230929093e-08 7.178428438474963e-08 6.469510983335513e-08 5.730392189896369e-08 4.898913325995386e-08 3.969903801313059e-08 3.022195287841295e-08 2.243632463142146e-08 1.877910880090303e-08 1.067070465232399e-07 1.259689613455164e-07 1.530953038795677e-07 1.829711055489229e-07 2.127850104050541e-07 2.404539626401179e-07 2.666284170553882e-07 2.910150097097849e-07 3.149295198717709e-07 3.398583200559771e-07 3.660339943446374e-07 3.933708678182164e-07 4.110981273782339e-07 4.266236995332747e-07 4.351135278371638e-07 4.331251470767036e-07 4.295420036543681e-07 4.454838913846583e-07 4.701100443655290e-07 5.005014365873050e-07 5.467683222709030e-07 6.042338589074862e-07 6.643835350336698e-07 7.174494152300786e-07 7.544397371970045e-07 8.481362036330693e-07 7.560044608693683e-07 7.215867230125762e-07 6.792369568059781e-07 6.573863104111099e-07
2.580992110422731e-06 8.401791404040179e-05 4.366440613409524e-04 3.957771736810289e-09 2.997402222839260e-09 2.266887811974322e-09 1.623581048015229e-09 1.014133686186100e-09 4.368344936503835e-10 -9.116748706632427e-11 -5.532281732390295e-10 -9.419777889203800e-10 -1.261393424629326e-09 -1.524676812005960e-09 -1.749522147015060e-09 -1.931920375233310e-09 -2.119749121188164e-09 -2.311939534256709e-09 -2.542051435696342e-09 -2.674695497972689e-09 -2.824174712340155e-09 -2.948023134368756e-09 -3.020730285530376e-09 -3.052874043914747e-09 -3.040228737929478e-09 -2.981058653822807e-09 -2.879799700154905e-09 -2.748267236518053e-09 -2.603809861185965e-09 -2.463919263207254e-09 -2.338710887091103e-09 -2.225833172811838e-09 -2.122456635400954e-09 2.110093955806640e-07 1.952061936712942e-07 1.962912909473103e-07 2.047106343647480e-07 2.128439368638988e-07 2.165260265218942e-07 2.142380375953490e-07 2.061028922012753e-07 1.933495635247759e-07 1.778874220608764e-07 1.620490373247506e-07 1.482008031755330e-07 1.360501841918617e-07 1.339810619998322e-07 1.321437379563297e-07 1.310522068831989e-07 1.287192117807707e-07 1.223043856662600e-07 1.137617951283805e-07 1.037999075457789e-07 9.408595101334722e-08 8.534077083758438e-08 7.764397326492562e-08 7.049936137466237e-08 6.310598067426319e-08 5.475651826383910e-08 4.526221959302758e-08 3.534682084705410e-08 2.708312779997714e-08 2.357830762269981e-08 9.049981327998796e-08 1.077253603494303e-07 1.319435275334541e-07 1.589469437072150e-07 1.855205871226101e-07 2.112336213881298e-07 2.351120220769853e-07 2.577561332402885e-07 2.803699813710281e-07 3.036320119835288e-07 3.284284156367628e-07 3.543516523915130e-07 3.718011064051843e-07 3.873717594466846e-07 3.969156631753291e-07 3.967695103461386e-07 3.952737739420171e-07 4.121738020704488e-07 4.372130004539739e-07 4.683502647614230e-07 5.150671735052388e-07 5.733651617571360e-07 6.355183515106431e-07 6.924890197708259e-07 7.351315313922571e-07 7.560044608693683e-07 8.280433204662153e-07 7.243941815310090e-07 6.882778600144168e-07 6.718303837356821e-07
2.587374550429782e-06 8.398225884855053e-05 4.356413290364990e-04 4.258137323143448e-09 3.290573323660812e-09 2.560657760540707e-09 1.918380476139305e-09 1.305048176004870e-09 7.166018396088649e-10 1.703681663538456e-10 -3.152533816833259e-10 -7.303656791559647e-10 -1.076398129507360e-09 -1.364456115919168e-09 -1.610824491979276e-09 -1.812005149684229e-09 -2.012922156515577e-09 -2.213109253267735e-09 -2.444851000008087e-09 -2.578152871890704e-09 -2.724399495059692e-09 -2.846249613698258e-09 -2.924459197676263e-09 -2.974861306979084e-09 -2.996407147997055e-09 -2.984879037596066e-09 -2.935230786121271e-09 -2.844957802175573e-09 -2.718317736889694e-09 -2.569024948169640e-09 -2.415267092037702e-09 -2.274432555175485e-09 -2.159224947306490e-09 1.992429451036910e-07 1.848490715313540e-07 1.864388519936592e-07 1.950582096239200e-07 2.034970244107025e-07 2.077650520416120e-07 2.063599612289027e-07 1.993372685185563e-07 1.878193748927141e-07 1.736041481415066e-07 1.589317728633673e-07 1.461171937957939e-07 1.348888847556886e-07 1.336240856348135e-07 1.326116387452524e-07 1.323681433816367e-07 1.308769977778193e-07 1.251894032877771e-07 1.172144763905021e-07 1.076249702640683e-07 9.812450756122475e-08 8.948485145306805e-08 8.184178157020670e-08 7.474443829366824e-08 6.741293104491408e-08 5.911948925748958e-08 4.960708666761156e-08 3.952490398944215e-08 3.107720549772610e-08 2.794050772069004e-08 7.450353582394224e-08 8.957615621177428e-08 1.108795489176241e-07 1.341874380609842e-07 1.581082962493402e-07 1.808664667159610e-07 2.023069280051498e-07 2.230637312732744e-07 2.436183792704432e-07 2.650087852952256e-07 2.877862254976547e-07 3.117823537729673e-07 3.283145198415825e-07 3.436123469777051e-07 3.534108836682248e-07 3.546748242753479e-07 3.550598201996199e-07 3.718282890026862e-07 3.964468733572146e-07 4.270084749406071e-07 4.723711323687381e-07 5.292307329662228e-07 5.909646254044542e-07 6.491131032387478e-07 6.951433019140761e-07 7.215867230125762e-07 7.243941815310090e-07 7.756486526965585e-07 6.766365162847229e-07 6.664864747651593e-07
2.576941167838175e-06 8.339697853204737e-05 4.317752525928447e-04 4.515928435963250e-09 3.550946779236909e-09 2.829529868820832e-09 2.195715174184271e-09 1.585909229303324e-09 9.935486921924312e-10 4.357253797164533e-10 -6.781315312079158e-11 -5.049017148372546e-10 -8.745054429795085e-10 -1.185572273316451e-09 -1.452865156654627e-09 -1.673519808588662e-09 -1.889122253274940e-09 -2.099926741411133e-09 -2.336673944421027e-09 -2.474670731830071e-09 -2.620383542367633e-09 -2.739558043925094e-09 -2.817027667439045e-09 -2.873080729592075e-09 -2.912019462189338e-09 -2.932815323712107e-09 -2.928513411371159e-09 -2.887916552880303e-09 -2.801380208986158e-09 -2.669561087612708e-09 -2.506918857900887e-09 -2.339111270029940e-09 -2.198027719277496e-09 1.869217680983657e-07 1.738814419642092e-07 1.758710455875495e-07 1.845499875748852e-07 1.931421848654842e-07 1.978545580722104e-07 1.972180790455290e-07 1.912313027961192e-07 1.809129838505221e-07 1.679446110783271e-07 1.544609817995541e-07 1.427065248248355e-07 1.324313633184519e-07 1.319204752447591e-07 1.316924784458610e-07 1.322651649609955e-07 1.316195369673369e-07 1.267357550019527e-07 1.194582174310649e-07 1.104104022407683e-07 1.013013807247783e-07 9.292696234239870e-08 8.545429631337391e-08 7.845968154736825e-08 7.118334704697777e-08 6.290598295289561e-08 5.335593003603556e-08 4.316140355970328e-08 3.463279108654258e-08 3.196525377089558e-08 6.039978281336044e-08 7.376020781449455e-08 9.180841268968755e-08 1.125028938753925e-07 1.333391233205395e-07 1.534375559822191e-07 1.728547115045113e-07 1.914281568964558e-07 2.100799637342627e-07 2.295651255053182e-07 2.503440859334751e-07 2.721706389314009e-07 2.879631091144061e-07 3.023999405786465e-07 3.121668066118054e-07 3.147108238228266e-07 3.162023596081891e-07 3.326372543093410e-07 3.563062978549803e-07 3.856336493151460e-07 4.288332611714183e-07 4.833615126885827e-07 5.432288279498317e-07 6.009692121754369e-07 6.486671728574604e-07 6.792369568059781e-07 6.882778600144168e-07 6.766365162847229e-07 7.195466967542948e-07 6.519712085111530e-07
2.656340125932142e-06 8.570818648607379e-05 4.428696721692166e-04 4.922350808086622e-09 3.929466481432188e-09 3.194420473855119e-09 2.550148897627921e-09 1.925943265669227e-09 1.312301657528219e-09 7.263985251229058e-10 1.897720383250256e-10 -2.828849884535486e-10 -6.880977497847449e-10 -1.032953383936531e-09 -1.331171466849149e-09 -1.580566701118650e-09 -1.820619284443401e-09 -2.052511746390978e-09 -2.306553081286249e-09 -2.458955318158451e-09 -2.614058265883692e-09 -2.738120043320646e-09 -2.817442217925760e-09 -2.875628523584014e-09 -2.921921807769968e-09 -2.960553304030494e-09 -2.987749352539408e-09 -2.990416809940913e-09 -2.949986484213583e-09 -2.852923962417072e-09 -2.700984772200222e-09 -2.517596440048679e-09 -2.344860444024206e-09 1.815341441520342e-07 1.692897057516367e-07 1.716753956937322e-07 1.806459280499301e-07 1.896106375967951e-07 1.948414498223784e-07 1.948578213612387e-07 1.896094464943890e-07 1.800540052279196e-07 1.678191649242502e-07 1.550083637905689e-07 1.438689663439200e-07 1.341634264491804e-07 1.343426757935361e-07 1.348536509258837e-07 1.362345989062898e-07 1.364064223443865e-07 1.321905965501417e-07 1.254257824179479e-07 1.167032076827210e-07 1.077840476356312e-07 9.950222371338350e-08 9.204462426946269e-08 8.497781717125822e-08 7.751443309167766e-08 6.891399304753252e-08 5.890815363382008e-08 4.817570423961191e-08 3.925445917533753e-08 3.698498415124257e-08 5.045458665750392e-08 6.208434400897375e-08 7.867833403773070e-08 9.710279589689067e-08 1.159625297201872e-07 1.346496646859661e-07 1.524687180618526e-07 1.698500636160916e-07 1.873275387295011e-07 2.056177022024873e-07 2.251124872785626e-07 2.459510657063838e-07 2.610596609722893e-07 2.751588702967102e-07 2.852693103105911e-07 2.885466430667111e-07 2.911170801843727e-07 3.074921682448875e-07 3.307507111786745e-07 3.595355920179340e-07 4.018257243957224e-07 4.552964403365790e-07 5.146519227206093e-07 5.729582576470531e-07 6.228667520350085e-07 6.573863104111099e-07 6.718303837356821e-07 6.664864747651593e-07 6.519712085111530e-07 7.174852477569287e-07
