6.229307156766352e-02 7.706876564977896e-02 1.090296305754663e-02 1.311419866060616e-04 1.258561560112193e-04 1.200806062688661e-04 1.139696103850554e-04 1.076731527662623e-04 1.013248445319118e-04 9.505187181651370e-05 8.895850376594744e-05 8.314346084177728e-05 7.767853436620830e-05 7.261630297799856e-05 6.798552609151957e-05 6.275737644738118e-05 5.925280037282985e-05 5.605456904676257e-05 5.255692698170581e-05 5.036234791232027e-05 4.726606884107396e-05 4.448573530005650e-05 4.155899410635889e-05 3.863262863871987e-05 3.571933689356577e-05 3.283576855927004e-05 3.000962763114778e-05 2.727193152202673e-05 2.465106725445842e-05 2.217746531810762e-05 1.987316437287809e-05 1.775365484854409e-05 1.581825074814818e-05 -4.577609442923166e-05 -4.794816293345718e-05 -4.950083115865099e-05 -5.047718590244144e-05 -5.093047020352349e-05 -5.091928110725532e-05 -5.051750130861327e-05 -4.980398560251190e-05 -4.887795419267554e-05 -4.784310356500024e-05 -4.681291749420532e-05 -4.590328780131783e-05 -4.389295844078024e-05 -4.311829638468006e-05 -4.363303433512762e-05 -4.444416718224583e-05 -4.591291424241009e-05 -4.817007707959024e-05 -4.895000697853571e-05 -4.973481764779043e-05 -5.018441541819134e-05 -5.025196038314883e-05 -4.990714802523478e-05 -4.915029561281367e-05 -4.800823412048986e-05 -4.653330478443335e-05 -4.482431718072590e-05 -4.302596258525296e-05 -4.135288849531744e-05 -4.008822798643808e-05 5.697943805856900e-07 6.666582948094169e-07 7.618739027287345e-07 8.549553805953438e-07 9.452182426691123e-07 1.031593082843915e-06 1.112980238899689e-06 1.187848442663000e-06 1.254966321675908e-06 1.312846804887774e-06 1.360246969148183e-06 1.396267105443796e-06 1.370943414963715e-06 1.376738872478267e-06 1.372984948171052e-06 1.385454367284519e-06 1.416355849796474e-06 1.438797286569450e-06 1.505658176999461e-06 1.581683874904841e-06 1.687430743813414e-06 1.820895770412079e-06 1.975939649141228e-06 2.143843347801971e-06 2.313496990843853e-06 2.470916952937738e-06 2.599744850988380e-06 2.678707017891681e-06 2.679486697092772e-06 2.558248747280829e-06
7.706876564977896e-02 9.194704156567696e-01 3.212279786725438e-01 1.637129278120077e-04 1.574944573751827e-04 1.506421766790646e-04 1.433437029406494e-04 1.357829781374549e-04 1.281250806882514e-04 1.205287125273767e-04 1.131252537911175e-04 1.060406213495494e-04 9.936792125159092e-05 9.317692152435081e-05 8.750780774778978e-05 8.103588439658830e-05 7.675894291602712e-05 7.285563095584872e-05 6.853903894925193e-05 6.590125187274249e-05 6.206414493092221e-05 5.861928528462500e-05 5.495913815796185e-05 5.127599314401139e-05 4.758639264330844e-05 4.391248501209345e-05 4.029166421052294e-05 3.676644166437756e-05 3.337653130677725e-05 3.016520162519861e-05 2.716520494452033e-05 2.440124279308301e-05 2.187674277990853e-05 -5.697972250478932e-04 -5.961489409555409e-04 -6.147234365691409e-04 -6.260805051099895e-04 -6.309048276825311e-04 -6.299455383048125e-04 -6.241382306128716e-04 -6.144761256418193e-04 -6.021989441582695e-04 -5.885952480161762e-04 -5.750668366805865e-04 -5.630368874533278e-04 -5.375441438705066e-04 -5.272219859729604e-04 -5.326563623869326e-04 -5.416693277862920e-04 -5.586387118637852e-04 -5.851135974067149e-04 -5.935720698694359e-04 -6.020485878800517e-04 -6.064347539505119e-04 -6.061887342344232e-04 -6.009721706762665e-04 -5.908175956154592e-04 -5.760756808414019e-04 -5.574001952830032e-04 -5.359957475785418e-04 -5.136058649781568e-04 -4.927952872761040e-04 -4.769258468716039e-04 1.957361304614484e-05 2.287004733174405e-05 2.609972327243715e-05 2.924576442988163e-05 3.228461386077141e-05 3.517974548385486e-05 3.789386597824826e-05 4.037529409195567e-05 4.258293271572733e-05 4.446738740166055e-05 4.598797153565156e-05 4.711599520004053e-05 4.617074634150514e-05 4.627220398203919e-05 4.604994153001755e-05 4.636854279290947e-05 4.729819279579876e-05 4.793862984044783e-05 5.004942389571282e-05 5.245077619736148e-05 5.582010215772440e-05 6.008349846798274e-05 6.503130124059628e-05 7.037102466781096e-05 7.573480684969135e-05 8.066489008802500e-05 8.463138625009400e-05 8.695115823854461e-05 8.672154523024954e-05 8.255058944391240e-05
1.090296305754662e-02 3.212279786725437e-01 1.561180278784005e+00 2.342841148374579e-05 2.260990394585958e-05 2.169660979901043e-05 2.071444235126261e-05 1.968910072214216e-05 1.864387814475509e-05 1.760146305082137e-05 1.658087569176228e-05 1.560063114844414e-05 1.467470313681782e-05 1.381385068883203e-05 1.302463205666724e-05 1.210978130828031e-05 1.151742482131213e-05 1.097700075317086e-05 1.037001327804352e-05 1.001342545670873e-05 9.471212788744857e-06 8.984861334309214e-06 8.461560554845738e-06 7.930546714955588e-06 7.394291554780051e-06 6.856197150425394e-06 6.322129265483464e-06 5.798882072108988e-06 5.292952678138204e-06 4.811557875894358e-06 4.360420122255572e-06 3.944158734724327e-06 3.564161011372063e-06 -1.896401057796805e-04 -1.986704792063846e-04 -2.051379958584962e-04 -2.092200635695434e-04 -2.111362344544732e-04 -2.111283409716596e-04 -2.095017169363080e-04 -2.065824912820813e-04 -2.027814884839624e-04 -1.985283992507976e-04 -1.942938644426903e-04 -1.905589060211560e-04 -1.822528434876774e-04 -1.790757895409494e-04 -1.812542665824820e-04 -1.846659168681957e-04 -1.908127850629668e-04 -2.002405075140974e-04 -2.035309902835737e-04 -2.068438195840901e-04 -2.087641797160437e-04 -2.090960797261276e-04 -2.077121346840916e-04 -2.046122971859835e-04 -1.999069150883805e-04 -1.938126972264502e-04 -1.867401646172597e-04 -1.792914470429917e-04 -1.723608554563966e-04 -1.671290843983625e-04 1.051880783589381e-04 1.228032202549937e-04 1.400270056765857e-04 1.567681439553539e-04 1.728999207122955e-04 1.882267519171191e-04 2.025497912174699e-04 2.155942907919982e-04 2.271432862311151e-04 2.369367889270504e-04 2.447626322878463e-04 2.504737947133105e-04 2.451526752232160e-04 2.453850824148178e-04 2.438918954618132e-04 2.452527079253121e-04 2.498264643410371e-04 2.528507226211143e-04 2.635986795667716e-04 2.758304785077152e-04 2.930944085174273e-04 3.149770243947473e-04 3.403555841776694e-04 3.676808157270576e-04 3.950199962707482e-04 4.199855414924076e-04 4.398324648502559e-04 4.510421487193578e-04 4.489880209832907e-04 4.265542063396488e-04
1.311419866060616e-04 1.637129278120077e-04 2.342841148374580e-05 5.290677135252804e-07 4.807995900606032e-07 4.527273903348492e-07 4.232566229663340e-07 3.933527620499798e-07 3.638123759824749e-07 3.353128746833633e-07 3.083053457171598e-07 2.831818800253194e-07 2.601014904986140e-07 2.391837578555304e-07 2.203902185497467e-07 2.003176036744105e-07 1.863321189029439e-07 1.737237327516928e-07 1.605842925255772e-07 1.517441606459513e-07 1.404617940968347e-07 1.303948665109123e-07 1.201266102062407e-07 1.101089831628030e-07 1.003095872842434e-07 9.078066855461155e-08 8.155873347435376e-08 7.269908379023693e-08 6.424087623572297e-08 5.623879222538996e-08 4.871417470178296e-08 4.167272266338639e-08 3.511158984860721e-08 3.472710427487501e-08 4.400749846026643e-08 5.254750219584569e-08 6.027885771097660e-08 6.720132053461444e-08 7.331074412554055e-08 7.857607276035534e-08 8.297955024750022e-08 8.656897151036344e-08 8.945822766398804e-08 9.184777274696583e-08 9.401317002686046e-08 9.336137148621766e-08 9.491291158545755e-08 9.907651296791220e-08 1.037297585892646e-07 1.097512880822757e-07 1.174793320940576e-07 1.211803983823491e-07 1.243101497892762e-07 1.258447883679730e-07 1.254787850921369e-07 1.229847274496956e-07 1.182597641675141e-07 1.113497132968520e-07 1.024494540117936e-07 9.194177020085356e-08 8.035284441393020e-08 6.832773163919943e-08 5.647716373108295e-08 -5.644700698517820e-10 -7.770572131608561e-10 -1.004031565015572e-09 -1.153523076156777e-09 -1.164218795421734e-09 -1.032236236883470e-09 -7.843692674133329e-10 -4.802753573361987e-10 -1.754670940952843e-10 8.913136111451997e-11 2.954134132937284e-10 4.235730251656263e-10 4.707737612378234e-10 4.559837364663334e-10 3.805454730322603e-10 2.750913753150775e-10 1.616625506157397e-10 6.672487677724876e-11 4.487306967142704e-11 1.561487508758838e-10 4.852814506877411e-10 1.152521007631418e-09 2.307348629344517e-09 4.119586527784866e-09 6.749798923391006e-09 1.031946420794708e-08 1.486996850273875e-08 2.029042525862198e-08 2.619350163690510e-08 3.168037709517947e-08
1.258561560112193e-04 1.574944573751827e-04 2.260990394585958e-05 4.807995900606031e-07 4.820901861417087e-07 4.375348171466095e-07 4.125401566830613e-07 3.863992749524457e-07 3.599110328500064e-07 3.337687780518427e-07 3.085804934805425e-07 2.847633171552653e-07 2.626513080926924e-07 2.423882190554055e-07 2.240335980893156e-07 2.042288429433451e-07 1.904367636916528e-07 1.779765160571578e-07 1.648845935078400e-07 1.561560157543751e-07 1.448784748475075e-07 1.348014584907562e-07 1.245455027174070e-07 1.144779528550453e-07 1.046606080064699e-07 9.511011764940278e-08 8.587916386783975e-08 7.702571042466204e-08 6.860845413960998e-08 6.067405531600672e-08 5.326509773920553e-08 4.642402402888983e-08 4.005949603223158e-08 2.509702740746318e-08 3.395429605435763e-08 4.217914753285081e-08 4.961893527768263e-08 5.626545325597012e-08 6.216832200363088e-08 6.736945561152071e-08 7.189902585580388e-08 7.580721473052299e-08 7.917314856954678e-08 8.213994899969750e-08 8.492015153069844e-08 8.512808900007578e-08 8.729215343028481e-08 9.183464592980089e-08 9.682772841642075e-08 1.031031085699153e-07 1.110066913927720e-07 1.151375747585817e-07 1.187478739130864e-07 1.208744186416317e-07 1.212338737358206e-07 1.196152493595699e-07 1.159244832988685e-07 1.102040903170205e-07 1.026335719200129e-07 9.356978627888327e-08 8.351019994185756e-08 7.308202164005543e-08 6.291463187177765e-08 -8.251458945361009e-10 -9.510448529999297e-10 -1.147009649578253e-09 -1.347210595836005e-09 -1.475086290028369e-09 -1.480345687290605e-09 -1.345829885322818e-09 -1.106202247036874e-09 -8.169852903107416e-10 -5.334914641923899e-10 -2.916237389374202e-10 -1.213129501460960e-10 -1.559906718337946e-11 1.245050296302122e-11 -1.898083159418267e-11 -8.665065758741989e-11 -1.686079022186100e-10 -2.343303689814669e-10 -2.470892805240071e-10 -1.479041458739082e-10 1.315596740423644e-10 6.934821352667977e-10 1.664669387024797e-09 3.188573448252751e-09 5.400336847970996e-09 8.401700586352629e-09 1.222656325991806e-08 1.678086815154405e-08 2.173909211348212e-08 2.634838879955537e-08
1.200806062688661e-04 1.506421766790646e-04 2.169660979901044e-05 4.527273903348492e-07 4.375348171466096e-07 4.398128103594662e-07 3.989371915754830e-07 3.767538215526068e-07 3.535578017422270e-07 3.301072497824417e-07 3.069789145959253e-07 2.847564483152501e-07 2.638066145207138e-07 2.443837287138227e-07 2.266711067421559e-07 2.072407415200248e-07 1.937783273984002e-07 1.815478666927338e-07 1.685999025269112e-07 1.600377718536623e-07 1.488061231226587e-07 1.388199180769629e-07 1.285528341437007e-07 1.185063168215214e-07 1.086918641282509e-07 9.913433851383065e-08 8.990438222862406e-08 8.107081090930833e-08 7.268545041077526e-08 6.482068595199430e-08 5.753677635727320e-08 5.080948658478881e-08 4.471121148188552e-08 1.588582470576044e-08 2.421806102113896e-08 3.213872353159224e-08 3.937318893272837e-08 4.583204679531667e-08 5.155520474550205e-08 5.663092662966014e-08 6.114923187297465e-08 6.519550170474331e-08 6.884783518750690e-08 7.221538741377660e-08 7.545871409040286e-08 7.641449645609819e-08 7.909668075057487e-08 8.392865448893952e-08 8.918357400606959e-08 9.563648590665174e-08 1.036341532025020e-07 1.081460579272825e-07 1.121912887000024e-07 1.148697367962952e-07 1.159169440642791e-07 1.151350530615781e-07 1.124354673114158e-07 1.078548408536599e-07 1.015556969109543e-07 9.386775069125267e-08 8.525829288914839e-08 7.633308956287880e-08 6.773192814304203e-08 -1.141123676194744e-09 -1.180059463806869e-09 -1.287628170159254e-09 -1.457652178244243e-09 -1.634518086425897e-09 -1.750419551057175e-09 -1.745941550776702e-09 -1.612425441199417e-09 -1.382532238465289e-09 -1.111227207770919e-09 -8.485652894270075e-10 -6.387269507596811e-10 -4.719495653465863e-10 -3.968491985785044e-10 -3.818846477244574e-10 -4.112679878520611e-10 -4.629047057439684e-10 -5.023012118025419e-10 -5.083292055318471e-10 -4.227671062851553e-10 -1.918281869876042e-10 2.705438550574063e-10 1.070967412457592e-09 2.329526325499593e-09 4.159005566643764e-09 6.644051520853808e-09 9.812581502267365e-09 1.358647016030373e-08 1.769651469553615e-08 2.152177246911387e-08
1.139696103850554e-04 1.433437029406494e-04 2.071444235126261e-05 4.232566229663340e-07 4.125401566830613e-07 3.989371915754829e-07 4.019903820428249e-07 3.645716017182833e-07 3.448707890858718e-07 3.243041089729405e-07 3.035330088805547e-07 2.831270100243609e-07 2.635554184257497e-07 2.452091796236092e-07 2.282625006196828e-07 2.093801516992939e-07 1.963509864625640e-07 1.844601074308307e-07 1.717251680996805e-07 1.633874583519471e-07 1.523034789943597e-07 1.423912359554572e-07 1.322032727890162e-07 1.221907832979590e-07 1.123990940799477e-07 1.028578801177229e-07 9.363959973612327e-08 8.482205285983621e-08 7.647294227946408e-08 6.868413898370779e-08 6.145449761812029e-08 5.490189820889588e-08 4.896653767692062e-08 7.375986904153154e-09 1.499686893872681e-08 2.251636584148119e-08 2.955477435767821e-08 3.590430177547402e-08 4.152656884080397e-08 4.649793702462666e-08 5.094507440425277e-08 5.500046949194512e-08 5.877130866785660e-08 6.236322734708701e-08 6.590565140541695e-08 6.747261956661067e-08 7.055961878490084e-08 7.557975767497066e-08 8.100831214438313e-08 8.755552310473311e-08 9.556217310726989e-08 1.003962042178660e-07 1.048206678694903e-07 1.079995108275587e-07 1.096835834582512e-07 1.096846897875331e-07 1.079163046292777e-07 1.044067418343036e-07 9.930017616760733e-08 9.289837567371902e-08 8.563750571085269e-08 7.809878955670156e-08 7.092437131038511e-08 -1.464002189676542e-09 -1.459708194566215e-09 -1.478584704053991e-09 -1.562367901668459e-09 -1.710013314179682e-09 -1.871112322244809e-09 -1.970910263803880e-09 -1.958900122629958e-09 -1.827302923942022e-09 -1.609341142123395e-09 -1.355464244755144e-09 -1.121152173910476e-09 -8.983111650922329e-10 -7.751369486628457e-10 -7.120374671774033e-10 -7.021482921945750e-10 -7.237223798957182e-10 -7.386131213732966e-10 -7.391053453499503e-10 -6.672805767197236e-10 -4.819011833329129e-10 -1.108489998475508e-10 5.350525948704503e-10 1.555794988897588e-09 3.045112328824166e-09 5.073366148817795e-09 7.664019252544405e-09 1.075371664390126e-08 1.412331446138401e-08 1.726791720583522e-08
1.076731527662624e-04 1.357829781374550e-04 1.968910072214215e-05 3.933527620499798e-07 3.863992749524457e-07 3.767538215526068e-07 3.645716017182833e-07 3.681753972189367e-07 3.339637997812055e-07 3.164654141073518e-07 2.982359180351022e-07 2.798756797228896e-07 2.619484401661794e-07 2.448328992201225e-07 2.288431119690675e-07 2.106612735285808e-07 1.981893574946893e-07 1.867211349055106e-07 1.742875847188434e-07 1.662648846135319e-07 1.553417662469569e-07 1.455900412419928e-07 1.355008279641926e-07 1.255616785463274e-07 1.158087926845214e-07 1.063001012327410e-07 9.710334727515626e-08 8.830435807958141e-08 8.000376911718083e-08 7.222561803333652e-08 6.510878094643479e-08 5.864637576975553e-08 5.285811607863044e-08 -1.581624490911044e-10 6.548961477125628e-09 1.348801416231128e-08 2.023653581988988e-08 2.648192595198587e-08 3.207184606613103e-08 3.700728344425531e-08 4.139916746880971e-08 4.540700269017268e-08 4.917822307230350e-08 5.284206414061671e-08 5.652388907942380e-08 5.855112294680361e-08 6.191666448251967e-08 6.701542740868889e-08 7.252185150459270e-08 7.907546063371434e-08 8.700459465049127e-08 9.209373897999745e-08 9.683389747315920e-08 1.004527937906828e-07 1.027130456159193e-07 1.034327200456703e-07 1.025241106063070e-07 1.000048990236757e-07 9.599976647681316e-08 9.078205031577105e-08 8.475623484394446e-08 7.847640632366561e-08 7.257956081689169e-08 -1.728800991357061e-09 -1.742654715787185e-09 -1.716227014729116e-09 -1.713563575976639e-09 -1.778187938110742e-09 -1.910100237287697e-09 -2.052065387692604e-09 -2.137145659394875e-09 -2.118122455900961e-09 -1.989943205317725e-09 -1.783439960975453e-09 -1.553047872256426e-09 -1.290431036538521e-09 -1.124585051998608e-09 -1.014243451867909e-09 -9.644728848723869e-10 -9.555516026399119e-10 -9.465694643483274e-10 -9.414250912092609e-10 -8.820252466211632e-10 -7.376721514904465e-10 -4.479369575320413e-10 6.170884214866614e-11 8.744559857624505e-10 2.068274657237672e-09 3.701994280567334e-09 5.796052023055719e-09 8.300551229142667e-09 1.103986044714127e-08 1.360879235372009e-08
1.013248445319118e-04 1.281250806882514e-04 1.864387814475510e-05 3.638123759824749e-07 3.599110328500063e-07 3.535578017422269e-07 3.448707890858717e-07 3.339637997812054e-07 3.379200433851064e-07 3.066873190767455e-07 2.911337234670283e-07 2.750580409188341e-07 2.589469646283457e-07 2.432841689199250e-07 2.284197834200833e-07 2.111118991808704e-07 1.993076043913115e-07 1.883584088327187e-07 1.763461247644354e-07 1.686604732180886e-07 1.579865872907913e-07 1.484393559281112e-07 1.384875638747860e-07 1.286444900354266e-07 1.189660948424242e-07 1.094937802674526e-07 1.003275238034611e-07 9.157329802100130e-08 8.325711541378295e-08 7.555430419663611e-08 6.847372703956696e-08 6.208794203525103e-08 5.644729452222011e-08 -6.524684073143232e-09 -8.819261627062260e-10 5.279635702569549e-09 1.156558111539891e-08 1.761503897677911e-08 2.317282728995570e-08 2.813085480137126e-08 3.252669929732321e-08 3.650005088066948e-08 4.022077505943635e-08 4.385173647463488e-08 4.753820267853209e-08 4.987560514364951e-08 5.338904466478261e-08 5.845329971530296e-08 6.393702741020510e-08 7.040628593961856e-08 7.817146617635316e-08 8.344227871532033e-08 8.842866444035785e-08 9.242080312357131e-08 9.518978340769389e-08 9.655680946789635e-08 9.643004862545195e-08 9.481452684482643e-08 9.181449585070769e-08 8.767459974338782e-08 8.276735533079383e-08 7.761757353103281e-08 7.285037186413040e-08 -1.887256568851734e-09 -1.965903712490744e-09 -1.955182506197945e-09 -1.908348222032048e-09 -1.890024245629055e-09 -1.942012324036656e-09 -2.056077671997005e-09 -2.180066735505909e-09 -2.250869897081286e-09 -2.225911513668616e-09 -2.100787682191849e-09 -1.910669840472638e-09 -1.636835581380498e-09 -1.443165883201862e-09 -1.291917706453985e-09 -1.203773087426386e-09 -1.164049920024687e-09 -1.130882860260948e-09 -1.118785760443492e-09 -1.069176506903533e-09 -9.600678647992595e-10 -7.405561475282429e-10 -3.480933017168641e-10 2.868183799754448e-10 1.229448691695886e-09 2.529614625870076e-09 4.205981224092422e-09 6.220712023970887e-09 8.435306498891516e-09 1.052848864215624e-08
9.505187181651370e-05 1.205287125273767e-04 1.760146305082137e-05 3.353128746833633e-07 3.337687780518427e-07 3.301072497824417e-07 3.243041089729405e-07 3.164654141073519e-07 3.066873190767455e-07 3.108798248272775e-07 2.824079730415798e-07 2.687068530060645e-07 2.546129569331538e-07 2.405902839579941e-07 2.270409095317441e-07 2.107634744785753e-07 1.997501395824433e-07 1.894584375721938e-07 1.779136068137383e-07 1.706603883755147e-07 1.602974145905632e-07 1.509917671850051e-07 1.412238408262255e-07 1.315110979926384e-07 1.219171709914821e-07 1.125084318812537e-07 1.033924202405003e-07 9.462622780519559e-08 8.637138050980392e-08 7.866935144598935e-08 7.161986399832371e-08 6.531765478894915e-08 5.975562700614796e-08 -1.165089995002661e-08 -7.132950887363528e-09 -1.898758897761479e-09 3.734388573451117e-09 9.422816817339773e-09 1.485968396029613e-08 1.983685054223968e-08 2.428760272471414e-08 2.827985841156576e-08 3.196383638904595e-08 3.552002554508753e-08 3.912222171126565e-08 4.163982956681162e-08 4.517879126216771e-08 5.009926074913403e-08 5.545941151177539e-08 6.175358270018661e-08 6.927063783277183e-08 7.464546693386290e-08 7.980502689981535e-08 8.409976125613008e-08 8.730631034141474e-08 8.924627530160147e-08 8.982116136336355e-08 8.902163605026845e-08 8.693078590105535e-08 8.376446901108330e-08 7.986314764535791e-08 7.572068742035919e-08 7.194459536731664e-08 -1.924526343376473e-09 -2.084001870731429e-09 -2.135761756058516e-09 -2.104168183036982e-09 -2.043676700556412e-09 -2.016314746478413e-09 -2.055005031143728e-09 -2.152596035632084e-09 -2.259299193123651e-09 -2.316804200330479e-09 -2.285798724102548e-09 -2.167859060746259e-09 -1.918948364301001e-09 -1.722305477573132e-09 -1.544537083230056e-09 -1.424075701255696e-09 -1.354936087785112e-09 -1.297117456944563e-09 -1.275902431770850e-09 -1.232364647418657e-09 -1.151806838244882e-09 -9.909340120149633e-10 -6.967712130708192e-10 -2.107353732338661e-10 5.224419401405913e-10 1.545748728420772e-09 2.877073765676362e-09 4.489253477167087e-09 6.274992345630303e-09 7.982452835740680e-09
8.895850376594744e-05 1.131252537911175e-04 1.658087569176228e-05 3.083053457171598e-07 3.085804934805425e-07 3.069789145959253e-07 3.035330088805547e-07 2.982359180351022e-07 2.911337234670284e-07 2.824079730415798e-07 2.868435727981620e-07 2.609617377182174e-07 2.490036660937081e-07 2.367961575148860e-07 2.247262739876552e-07 2.096503484679544e-07 1.995918099957691e-07 1.900263593893845e-07 1.790772908689724e-07 1.723226770821909e-07 1.623266110391398e-07 1.533232519954940e-07 1.437734023067389e-07 1.342242591607192e-07 1.247412026626500e-07 1.154215297832541e-07 1.063182485335439e-07 9.761009609521183e-08 8.934994016821715e-08 8.165739357931844e-08 7.464660262595902e-08 6.837009701131070e-08 6.288140296072186e-08 -1.557933419001667e-08 -1.215647068590715e-08 -7.916747117907346e-09 -3.084337669644653e-09 2.060690571160258e-09 7.220073303057505e-09 1.213169239154191e-08 1.663224267702627e-08 2.068965901436694e-08 2.438754577244538e-08 2.788619649046651e-08 3.137329167265311e-08 3.398044500786657e-08 3.744601334511549e-08 4.212690016927692e-08 4.726790360958678e-08 5.329899835098392e-08 6.048711134854190e-08 6.588545937989021e-08 7.114285691891117e-08 7.566730345369664e-08 7.923855524582756e-08 8.167631203207587e-08 8.287332231148801e-08 8.280451563065207e-08 8.153125174563706e-08 7.924060775484627e-08 7.624101968791489e-08 7.299413417058547e-08 7.008513741674045e-08 -1.855581369667786e-09 -2.084322433011958e-09 -2.215474443538223e-09 -2.244882342398542e-09 -2.199393406095214e-09 -2.131799764325449e-09 -2.095978173549271e-09 -2.123095473482594e-09 -2.205301073130741e-09 -2.295809680103771e-09 -2.340281047792370e-09 -2.306894849664615e-09 -2.115586417452461e-09 -1.946612075349447e-09 -1.765306626874699e-09 -1.625435788955297e-09 -1.532192150259728e-09 -1.450632505758390e-09 -1.418150692438694e-09 -1.376379508212218e-09 -1.317171064198308e-09 -1.203357377763900e-09 -9.895123225331404e-10 -6.256025149943839e-10 -6.408113169324931e-11 7.329899621693030e-10 1.783474713733774e-09 3.069532508300119e-09 4.509791721327132e-09 5.909148554957495e-09
8.314346084177728e-05 1.060406213495494e-04 1.560063114844415e-05 2.831818800253194e-07 2.847633171552653e-07 2.847564483152501e-07 2.831270100243609e-07 2.798756797228896e-07 2.750580409188341e-07 2.687068530060645e-07 2.609617377182174e-07 2.657075208705149e-07 2.422779164548404e-07 2.319899553313256e-07 2.215466480490596e-07 2.078721162875314e-07 1.988652825374333e-07 1.901738626694693e-07 1.799192125254227e-07 1.737358499772959e-07 1.641790448014444e-07 1.555268467349070e-07 1.462419369976958e-07 1.368813861004064e-07 1.275551440971683e-07 1.182860660168130e-07 1.092682498272868e-07 1.005684862933489e-07 9.230508405807854e-08 8.463402494336251e-08 7.761780244433957e-08 7.136208394545100e-08 6.591578053181894e-08 -1.843697660648157e-08 -1.601368315868661e-08 -1.275146651587535e-08 -8.791265667189498e-09 -4.333196410757525e-09 3.765446965392551e-10 5.076879411507164e-09 9.549426772062936e-09 1.366864155194184e-08 1.742565248364453e-08 2.091824441589677e-08 2.431391157825469e-08 2.697196135632708e-08 3.030433192897693e-08 3.467630801252305e-08 3.951719157209250e-08 4.520556264611242e-08 5.199039726278456e-08 5.733140917348074e-08 6.261105047531570e-08 6.729211418797724e-08 7.115564639800870e-08 7.401759775807503e-08 7.576027596144125e-08 7.634178397298155e-08 7.580133175182147e-08 7.429729477160255e-08 7.210620910951623e-08 6.965663675772356e-08 6.750783116861367e-08 -1.711427231991172e-09 -1.983573900302301e-09 -2.184004525585254e-09 -2.291459854777183e-09 -2.305181808085048e-09 -2.251980815852444e-09 -2.178707031206115e-09 -2.136390810546419e-09 -2.153379038918439e-09 -2.221442548777766e-09 -2.296401970425119e-09 -2.331252922620963e-09 -2.212918054123967e-09 -2.098443261589384e-09 -1.941463977579172e-09 -1.802355195888339e-09 -1.696283613146659e-09 -1.595347247256785e-09 -1.550904126771353e-09 -1.506879583712667e-09 -1.461851313266051e-09 -1.383958169441899e-09 -1.233827532374885e-09 -9.680895830214775e-10 -5.451043548305328e-10 6.941322035836130e-11 8.938001712429418e-10 1.918272778792944e-09 3.082840434068791e-09 4.238382393112523e-09
7.767853436620832e-05 9.936792125159092e-05 1.467470313681782e-05 2.601014904986140e-07 2.626513080926924e-07 2.638066145207138e-07 2.635554184257497e-07 2.619484401661794e-07 2.589469646283457e-07 2.546129569331538e-07 2.490036660937081e-07 2.422779164548404e-07 2.474329019398857e-07 2.262905790075845e-07 2.176121739162559e-07 2.054449611149981e-07 1.976583659314983e-07 1.899648362239990e-07 1.805092149976774e-07 1.749902768220313e-07 1.659457734656794e-07 1.577027915406163e-07 1.487236297242389e-07 1.396109359815257e-07 1.304036214599869e-07 1.212764748323527e-07 1.122937131439358e-07 1.036081552849993e-07 9.536771946961706e-08 8.766850990552013e-08 8.064607581135650e-08 7.439254043949032e-08 6.896358599032002e-08 -2.039468505764622e-08 -1.884179326381184e-08 -1.647914007677472e-08 -1.338562569737952e-08 -9.688859523971944e-09 -5.566589510935121e-09 -1.238371667928966e-09 3.072489035866198e-09 7.184212828171700e-09 1.100065308733488e-08 1.453354765054611e-08 1.789211452270748e-08 2.061190069852321e-08 2.379891475848157e-08 2.783054486481972e-08 3.231525577726533e-08 3.759613447857103e-08 4.391266533108406e-08 4.911695023075473e-08 5.434362042055636e-08 5.910837973323465e-08 6.319268107785704e-08 6.640741333643491e-08 6.862313769672842e-08 6.978026057728584e-08 6.989549688838802e-08 6.909860899088139e-08 6.763438549145057e-08 6.589774061244280e-08 6.441931638560836e-08 -1.524512293296469e-09 -1.812943480648826e-09 -2.058341023641554e-09 -2.234832186949212e-09 -2.324665624679000e-09 -2.328318166568625e-09 -2.269291687235972e-09 -2.192342611678851e-09 -2.145143163628974e-09 -2.153251048989618e-09 -2.208023077540514e-09 -2.270613088111949e-09 -2.214447511885336e-09 -2.165815280197820e-09 -2.057554646762164e-09 -1.943450006175120e-09 -1.842237177042113e-09 -1.731754167855020e-09 -1.678059620224082e-09 -1.629462360915398e-09 -1.592323197194498e-09 -1.540118122581313e-09 -1.438709041811487e-09 -1.250078901902870e-09 -9.371287309143117e-10 -4.681961923325053e-10 1.758192448498073e-10 9.920359292718601e-10 1.938008782969413e-09 2.901719216439500e-09
7.261630297799856e-05 9.317692152435081e-05 1.381385068883203e-05 2.391837578555304e-07 2.423882190554055e-07 2.443837287138227e-07 2.452091796236092e-07 2.448328992201225e-07 2.432841689199250e-07 2.405902839579941e-07 2.367961575148860e-07 2.319899553313256e-07 2.262905790075845e-07 2.319913410346737e-07 2.129875317263285e-07 2.024675275432705e-07 1.960223968066688e-07 1.894527444293678e-07 1.809237869422189e-07 1.761666761007916e-07 1.677195089368717e-07 1.599508351822331e-07 1.513485985052638e-07 1.424631135825392e-07 1.334782221790229e-07 1.244432385773006e-07 1.155201310699876e-07 1.068721207512086e-07 9.860890866929284e-08 9.089378122887923e-08 8.383982615497221e-08 7.756738959217985e-08 7.212934769052402e-08 -2.163283203281492e-08 -2.081382814985233e-08 -1.924109493866339e-08 -1.695239557009721e-08 -1.402099435792398e-08 -1.056160065769265e-08 -6.736061588707335e-09 -2.735103587445960e-09 1.248768015626643e-09 5.065144103308429e-09 8.643934387945308e-09 1.201477182755318e-08 1.483665444367601e-08 1.790982269565649e-08 2.161366408927462e-08 2.572156622341557e-08 3.055427584120746e-08 3.635252157233566e-08 4.134586770997762e-08 4.644626020655855e-08 5.122258065699676e-08 5.545744401861706e-08 5.895621974981261e-08 6.157685903041541e-08 6.324138314451109e-08 6.394367443226281e-08 6.378490409018769e-08 6.297822004566449e-08 6.188453401154771e-08 6.100400375181329e-08 -1.320849096099868e-09 -1.604547138329430e-09 -1.869038953120228e-09 -2.091712606126227e-09 -2.249695877214905e-09 -2.326924761649276e-09 -2.322610179742830e-09 -2.259684115392869e-09 -2.180700845834068e-09 -2.129724615923867e-09 -2.129769492323675e-09 -2.174057228685268e-09 -2.146157794608778e-09 -2.151899528484943e-09 -2.102890794545667e-09 -2.034714098471742e-09 -1.959562677886329e-09 -1.855302691707852e-09 -1.800214357587021e-09 -1.748233129445383e-09 -1.714868123242210e-09 -1.679783679833864e-09 -1.614110167126760e-09 -1.484570774649393e-09 -1.257790414859677e-09 -9.040774420596339e-10 -4.034579113933912e-10 2.470548909084859e-10 1.019437951926331e-09 1.831706411426446e-09
6.798552609151956e-05 8.750780774778980e-05 1.302463205666724e-05 2.203902185497467e-07 2.240335980893156e-07 2.266711067421559e-07 2.282625006196828e-07 2.288431119690675e-07 2.284197834200833e-07 2.270409095317441e-07 2.247262739876552e-07 2.215466480490596e-07 2.176121739162559e-07 2.129875317263285e-07 2.193297985812373e-07 1.990079587784102e-07 1.939957656051848e-07 1.886779821336250e-07 1.812037643983444e-07 1.773250400771859e-07 1.695703301328822e-07 1.623760912989368e-07 1.541573620512480e-07 1.456150282421793e-07 1.368209091322340e-07 1.279164739077308e-07 1.190759028437352e-07 1.104385864485271e-07 1.021618655445629e-07 9.440813242548905e-08 8.731374733854493e-08 8.098896578222049e-08 7.555234585113580e-08 -2.232066153192408e-08 -2.210784329367565e-08 -2.120762453238270e-08 -1.963205577864159e-08 -1.741834212805311e-08 -1.463365794392146e-08 -1.138578611977692e-08 -7.817103743196696e-09 -4.096232982011902e-09 -3.869875132472492e-10 3.188073015236101e-09 6.582536510887884e-09 9.544482640450266e-09 1.255950302952090e-08 1.598645032114957e-08 1.973738688456678e-08 2.411413010767341e-08 2.936663597451539e-08 3.408569556520444e-08 3.899078702532162e-08 4.370765193902844e-08 4.802350867269878e-08 5.173925982388457e-08 5.470010378114500e-08 5.680921940370888e-08 5.803728870379887e-08 5.845678144987711e-08 5.824918334524126e-08 5.774112220968321e-08 5.740095461591760e-08 -1.117719712937736e-09 -1.383443795973837e-09 -1.646757241298048e-09 -1.890986490496570e-09 -2.095770431229980e-09 -2.239707684132747e-09 -2.306513902217749e-09 -2.296054796591295e-09 -2.230851851747609e-09 -2.150744988632310e-09 -2.096622048350274e-09 -2.090868814500707e-09 -2.050354256060318e-09 -2.079296994331184e-09 -2.079613841823557e-09 -2.065881855093375e-09 -2.034960394689969e-09 -1.956180047669643e-09 -1.913130031865031e-09 -1.864164724304534e-09 -1.834297662714092e-09 -1.810534701377822e-09 -1.770045023204337e-09 -1.684480146663754e-09 -1.524003393632328e-09 -1.260655409811531e-09 -8.736750704494424e-10 -3.551262116001369e-10 2.788672449638977e-10 9.708024690656898e-10
6.275737644738118e-05 8.103588439658830e-05 1.210978130828031e-05 2.003176036744105e-07 2.042288429433451e-07 2.072407415200248e-07 2.093801516992939e-07 2.106612735285808e-07 2.111118991808704e-07 2.107634744785753e-07 2.096503484679544e-07 2.078721162875314e-07 2.054449611149981e-07 2.024675275432705e-07 1.990079587784102e-07 2.026563390138091e-07 1.885066683411876e-07 1.846043292405137e-07 1.784139547697639e-07 1.755864407722259e-07 1.687735885726176e-07 1.623025749641547e-07 1.547389641890167e-07 1.466707154090476e-07 1.382602363169302e-07 1.296688927137837e-07 1.210416143952825e-07 1.125645176140403e-07 1.044041975153301e-07 9.672696312509798e-08 8.967730715050626e-08 8.342440153255642e-08 7.801816473971459e-08 -2.223695506076666e-08 -2.251431843039535e-08 -2.218168713009898e-08 -2.123508822142331e-08 -1.968899778698838e-08 -1.757845116817993e-08 -1.496917913134883e-08 -1.195590308265946e-08 -8.666012047910748e-09 -5.242890167180099e-09 -1.822596934844066e-09 1.500219564714178e-09 4.556789289394663e-09 7.515280942526010e-09 1.068311207922563e-08 1.407603080378894e-08 1.796211306985373e-08 2.259539980315729e-08 2.692457929280314e-08 3.149902479377028e-08 3.601380041143898e-08 4.027121524993555e-08 4.407460962037697e-08 4.726038473646683e-08 4.971482476166423e-08 5.138594124090304e-08 5.231650841260130e-08 5.265367807042098e-08 5.268469219352359e-08 5.283802915508935e-08 -9.101076729207900e-10 -1.147015483679435e-09 -1.392133082860424e-09 -1.634401422433675e-09 -1.858952628402598e-09 -2.046713358262205e-09 -2.176638805008556e-09 -2.233812781495665e-09 -2.219070051196777e-09 -2.153455151489856e-09 -2.073985256785468e-09 -2.019310570365007e-09 -1.937679197290963e-09 -1.952981468495912e-09 -1.974391101684613e-09 -2.004830587284883e-09 -2.024707303750374e-09 -1.988757001247274e-09 -1.974633157895684e-09 -1.941253329419079e-09 -1.920353652657741e-09 -1.906634619928203e-09 -1.884544048314463e-09 -1.831904695438495e-09 -1.723376011064648e-09 -1.533457301424264e-09 -1.241301864727185e-09 -8.350860113198057e-10 -3.209407433383326e-10 2.644607632449567e-10
5.925280037282986e-05 7.675894291602713e-05 1.151742482131213e-05 1.863321189029439e-07 1.904367636916528e-07 1.937783273984002e-07 1.963509864625640e-07 1.981893574946893e-07 1.993076043913115e-07 1.997501395824433e-07 1.995918099957691e-07 1.988652825374333e-07 1.976583659314983e-07 1.960223968066688e-07 1.939957656051848e-07 1.885066683411876e-07 1.969170856143844e-07 1.839612498066239e-07 1.790231360476656e-07 1.773253125048439e-07 1.713874884865608e-07 1.656893527090614e-07 1.586600413501020e-07 1.509891635908733e-07 1.428626632593215e-07 1.344181978957802e-07 1.258603353366243e-07 1.173855095043398e-07 1.091694793873083e-07 1.014035062924078e-07 9.427707978610196e-08 8.791553489327647e-08 8.243218919018241e-08 -2.230802640631589e-08 -2.298276917860208e-08 -2.310856166659178e-08 -2.267095174902922e-08 -2.167059095175013e-08 -2.012326888920816e-08 -1.806817408580158e-08 -1.556581236086336e-08 -1.270647080166099e-08 -9.602159403951817e-09 -6.376747887607672e-09 -3.141741659339865e-09 2.681783011421858e-11 3.004881729427108e-09 6.039843119136716e-09 9.217158863628984e-09 1.275601651798758e-08 1.690633550993528e-08 2.092049858090622e-08 2.521641972113317e-08 2.956073046067308e-08 3.377784973663921e-08 3.767703754889403e-08 4.108654659314170e-08 4.387503907769614e-08 4.596714038535546e-08 4.737674130042935e-08 4.821946020311117e-08 4.874872853175175e-08 4.936120219171913e-08 -7.386021992828082e-10 -9.489025866314747e-10 -1.173952787539249e-09 -1.406513109822297e-09 -1.636520535038327e-09 -1.849535812259762e-09 -2.026266783842199e-09 -2.146541351069111e-09 -2.196929045532441e-09 -2.178405349777022e-09 -2.111458124386357e-09 -2.032272159518629e-09 -1.906665407984644e-09 -1.882908995509310e-09 -1.892746588550470e-09 -1.941831628855979e-09 -2.002547631066381e-09 -2.014584834025307e-09 -2.042787905769886e-09 -2.039344416421864e-09 -2.037629153248785e-09 -2.037818790968675e-09 -2.031311040498801e-09 -2.002602331619874e-09 -1.931472770504899e-09 -1.795320410344402e-09 -1.573593610401027e-09 -1.251314876148354e-09 -8.264167717614243e-10 -3.186978919038971e-10
5.605456904676257e-05 7.285563095584873e-05 1.097700075317086e-05 1.737237327516928e-07 1.779765160571578e-07 1.815478666927338e-07 1.844601074308307e-07 1.867211349055106e-07 1.883584088327187e-07 1.894584375721938e-07 1.900263593893845e-07 1.901738626694693e-07 1.899648362239990e-07 1.894527444293678e-07 1.886779821336250e-07 1.846043292405137e-07 1.839612498066239e-07 1.931150497264975e-07 1.792517265145770e-07 1.787560751150991e-07 1.739113623483027e-07 1.690779696455646e-07 1.627292387414653e-07 1.555794669428315e-07 1.477933194934268e-07 1.395678298351194e-07 1.311203849416625e-07 1.226677197372701e-07 1.144076961106150e-07 1.065805190900746e-07 9.934545454448086e-08 9.287786353444708e-08 8.733199086893768e-08 -2.216226830593842e-08 -2.316023551193296e-08 -2.366624830664778e-08 -2.365845209033625e-08 -2.312832225904722e-08 -2.207962987086858e-08 -2.053515198705164e-08 -1.853285783188663e-08 -1.613483788808054e-08 -1.342195987168991e-08 -1.049267493860631e-08 -7.449739739866641e-09 -4.254715928595714e-09 -1.288683056242662e-09 1.635324952370432e-09 4.653652565433804e-09 7.914255576261686e-09 1.164027880805270e-08 1.535174476605299e-08 1.934624479876657e-08 2.346873345995106e-08 2.757907951232907e-08 3.150418627198204e-08 3.507181286971575e-08 3.813671437944876e-08 4.060115953443599e-08 4.244976739022443e-08 4.376555760357150e-08 4.476674944175701e-08 4.581644122705158e-08 -5.828676870411935e-10 -7.655881736606563e-10 -9.670611763134773e-10 -1.182557697834879e-09 -1.405504507195508e-09 -1.625948223015873e-09 -1.829036133281411e-09 -1.995950625320193e-09 -2.107909431993970e-09 -2.152125940156719e-09 -2.130187743264683e-09 -2.062923785421067e-09 -1.914438678885086e-09 -1.850587465296671e-09 -1.824814089955740e-09 -1.862376733980120e-09 -1.939881589341390e-09 -1.991308573530910e-09 -2.066703049269262e-09 -2.106672288985974e-09 -2.138528561049049e-09 -2.162903015589717e-09 -2.175914739445879e-09 -2.168745888046975e-09 -2.127528526024490e-09 -2.034095347346575e-09 -1.869558593172592e-09 -1.616997378772945e-09 -1.267528542452190e-09 -8.262624336459705e-10
5.255692698170581e-05 6.853903894925193e-05 1.037001327804352e-05 1.605842925255772e-07 1.648845935078399e-07 1.685999025269112e-07 1.717251680996805e-07 1.742875847188434e-07 1.763461247644354e-07 1.779136068137383e-07 1.790772908689724e-07 1.799192125254227e-07 1.805092149976774e-07 1.809237869422189e-07 1.812037643983444e-07 1.784139547697639e-07 1.790231360476656e-07 1.792517265145770e-07 1.870412804218523e-07 1.778859160278109e-07 1.742582057144800e-07 1.705018209443902e-07 1.650654564388582e-07 1.586157196565527e-07 1.513677405581921e-07 1.435304732829474e-07 1.353395182415102e-07 1.270347970603761e-07 1.188708020721913e-07 1.110543833139029e-07 1.037964170516579e-07 9.732641762857717e-08 9.174175153779891e-08 -2.162851276019415e-08 -2.287465156960569e-08 -2.368589156019253e-08 -2.403524161101187e-08 -2.390781887045550e-08 -2.329951560274264e-08 -2.222289458361321e-08 -2.070209764552963e-08 -1.878071753553171e-08 -1.651570256101912e-08 -1.397932692201472e-08 -1.125275332859617e-08 -8.170171039550729e-09 -5.319271635490713e-09 -2.560342041792327e-09 2.902360316818636e-10 3.298324877433122e-09 6.635956745616663e-09 1.005182286372222e-08 1.371506787155928e-08 1.754687725622107e-08 2.145377150001667e-08 2.529582249593237e-08 2.891402917548104e-08 3.215842822636817e-08 3.491358237980224e-08 3.713593573324313e-08 3.887446346271367e-08 4.030857660918627e-08 4.176226951214513e-08 -4.392379257203078e-10 -5.929798994042383e-10 -7.676297991446756e-10 -9.601938882926396e-10 -1.166418547540846e-09 -1.379705601004263e-09 -1.589687240976805e-09 -1.781747718869954e-09 -1.938267605531620e-09 -2.041259322882532e-09 -2.079184919767266e-09 -2.054892311985400e-09 -1.918355678508312e-09 -1.835020393534368e-09 -1.772993177105357e-09 -1.776898212687010e-09 -1.841993725189721e-09 -1.909385543347030e-09 -2.021098159000463e-09 -2.107958243837427e-09 -2.185147689424066e-09 -2.247083476732563e-09 -2.289477882804979e-09 -2.307811742001629e-09 -2.294703706791887e-09 -2.238038035346468e-09 -2.122628549210354e-09 -1.931490566733308e-09 -1.650587424177820e-09 -1.272145366692258e-09
5.036234791232027e-05 6.590125187274250e-05 1.001342545670873e-05 1.517441606459513e-07 1.561560157543751e-07 1.600377718536623e-07 1.633874583519471e-07 1.662648846135319e-07 1.686604732180886e-07 1.706603883755147e-07 1.723226770821909e-07 1.737358499772959e-07 1.749902768220313e-07 1.761666761007916e-07 1.773250400771860e-07 1.755864407722259e-07 1.773253125048439e-07 1.787560751150991e-07 1.778859160278109e-07 1.903049052777749e-07 1.777129122744146e-07 1.751225183664718e-07 1.706262451561517e-07 1.649165987792362e-07 1.581989360907519e-07 1.506970805701644e-07 1.426765877079022e-07 1.344412625850063e-07 1.262191019807035e-07 1.182856263242905e-07 1.109096762188867e-07 1.042734904175924e-07 9.857351986700426e-08 -2.142922822270139e-08 -2.289762840521225e-08 -2.397446523303070e-08 -2.462852100720654e-08 -2.483995240333885e-08 -2.459901424265380e-08 -2.391185940990583e-08 -2.279490774104718e-08 -2.128199660897184e-08 -1.941642661201278e-08 -1.725281221387089e-08 -1.485257682828645e-08 -1.191875814046736e-08 -9.216110264260770e-09 -6.630042726740029e-09 -3.913069577624284e-09 -1.073215669058636e-09 2.004283608672748e-09 5.255173225358021e-09 8.703355015301390e-09 1.232773264407251e-08 1.607960621128687e-08 1.986048694995062e-08 2.353593573102409e-08 2.696025359114473e-08 3.000518561648621e-08 3.260103703537440e-08 3.476375719147638e-08 3.663605407015148e-08 3.850714494859022e-08 -3.218282096861559e-10 -4.507612818406466e-10 -6.020327271072087e-10 -7.739147578379335e-10 -9.636233960931067e-10 -1.166639297766580e-09 -1.375752592580030e-09 -1.580286619081092e-09 -1.766087984479923e-09 -1.915658795409976e-09 -2.011921710692062e-09 -2.044865596758086e-09 -1.947043963593136e-09 -1.872935805504909e-09 -1.791340022254583e-09 -1.760721956480000e-09 -1.794051400022262e-09 -1.851592299635638e-09 -1.979119077058599e-09 -2.104855418884022e-09 -2.232556046486097e-09 -2.345608785121105e-09 -2.432609238909543e-09 -2.487812962093149e-09 -2.507597308013657e-09 -2.485819827820276e-09 -2.412436149733463e-09 -2.272194287302191e-09 -2.047507014350349e-09 -1.719149856480729e-09
4.726606884107397e-05 6.206414493092221e-05 9.471212788744854e-06 1.404617940968347e-07 1.448784748475075e-07 1.488061231226587e-07 1.523034789943597e-07 1.553417662469569e-07 1.579865872907913e-07 1.602974145905632e-07 1.623266110391398e-07 1.641790448014444e-07 1.659457734656794e-07 1.677195089368717e-07 1.695703301328822e-07 1.687735885726177e-07 1.713874884865608e-07 1.739113623483027e-07 1.742582057144800e-07 1.777129122744147e-07 1.868160053304762e-07 1.754473584808955e-07 1.721552010626641e-07 1.674801194564077e-07 1.615986546150849e-07 1.547320804865514e-07 1.471969332626532e-07 1.392671234753689e-07 1.312351778873339e-07 1.234342617794116e-07 1.160922674739810e-07 1.094891197394087e-07 1.038075043922839e-07 -2.069607032911804e-08 -2.231228311339199e-08 -2.358393601812123e-08 -2.447744073399930e-08 -2.496969119112883e-08 -2.504699337486813e-08 -2.471090620382153e-08 -2.397284673854078e-08 -2.286095630463749e-08 -2.141088577737336e-08 -1.966652176746150e-08 -1.767475053951329e-08 -1.502619204579015e-08 -1.261446722496359e-08 -1.033843660913897e-08 -7.877100237299644e-09 -5.290559941782831e-09 -2.516803865532923e-09 5.502790224539337e-10 3.766583023952918e-09 7.141554278613685e-09 1.065773455441961e-08 1.426127878401750e-08 1.785708819211997e-08 2.132157903706492e-08 2.452815062664602e-08 2.738915155568226e-08 2.988937401275440e-08 3.213102710976376e-08 3.436004954594495e-08 -2.143388873441482e-10 -3.172357912251240e-10 -4.425104722843169e-10 -5.895359839734882e-10 -7.566823355849239e-10 -9.408798394540443e-10 -1.137171915085936e-09 -1.338053691774822e-09 -1.533258935483460e-09 -1.708765610579597e-09 -1.848051325978895e-09 -1.935679317512863e-09 -1.894134921984269e-09 -1.856987984036499e-09 -1.785415169820414e-09 -1.737699144169277e-09 -1.737976700267506e-09 -1.764685527032146e-09 -1.879104899426168e-09 -2.018586871158190e-09 -2.183680385612352e-09 -2.348544487217976e-09 -2.490711706614916e-09 -2.596624373025317e-09 -2.660803094656918e-09 -2.680536620343680e-09 -2.651428049518049e-09 -2.562247646989456e-09 -2.394516574688461e-09 -2.119869059779991e-09
4.448573530005650e-05 5.861928528462501e-05 8.984861334309216e-06 1.303948665109123e-07 1.348014584907562e-07 1.388199180769629e-07 1.423912359554572e-07 1.455900412419928e-07 1.484393559281112e-07 1.509917671850051e-07 1.533232519954940e-07 1.555268467349070e-07 1.577027915406163e-07 1.599508351822331e-07 1.623760912989369e-07 1.623025749641547e-07 1.656893527090614e-07 1.690779696455646e-07 1.705018209443902e-07 1.751225183664718e-07 1.754473584808955e-07 1.855679966259720e-07 1.735117248656037e-07 1.700003145654780e-07 1.650973480495698e-07 1.590356414958264e-07 1.520750048218859e-07 1.445481607721598e-07 1.368080192615348e-07 1.291495430924840e-07 1.219035055725685e-07 1.153505649237078e-07 1.097016213522764e-07 -1.998125060518877e-08 -2.171090550843284e-08 -2.313663035525156e-08 -2.422339589328736e-08 -2.494588516316383e-08 -2.528761085294581e-08 -2.524684263784593e-08 -2.483177554646315e-08 -2.406756414333480e-08 -2.298660395840478e-08 -2.162847593550420e-08 -2.003333841229609e-08 -1.769936394000730e-08 -1.562708358042383e-08 -1.372364180958619e-08 -1.158791819333290e-08 -9.306718090004975e-09 -6.848979261347944e-09 -3.938534341468259e-09 -8.932161799876581e-10 2.298617877034967e-09 5.623860654204243e-09 9.058771412495212e-09 1.254880654735708e-08 1.600422971191302e-08 1.931437889499551e-08 2.238494164108919e-08 2.517594394308021e-08 2.775141581570192e-08 3.031387677473870e-08 -1.255106166275050e-10 -2.050421381061351e-10 -3.062965530746308e-10 -4.295925794025172e-10 -5.742353876511665e-10 -7.382099842398827e-10 -9.180904142936183e-10 -1.108476529795795e-09 -1.302005841431002e-09 -1.488224679218419e-09 -1.653660845359155e-09 -1.782908065302487e-09 -1.796845489573544e-09 -1.808858393376824e-09 -1.771107800525252e-09 -1.732208647860673e-09 -1.716001141553208e-09 -1.711678555325319e-09 -1.794993415818738e-09 -1.922556077046057e-09 -2.102093460380517e-09 -2.307412213799062e-09 -2.507363781993116e-09 -2.676713205026720e-09 -2.801169939480216e-09 -2.875395346432999e-09 -2.897791361363774e-09 -2.861452299781676e-09 -2.749026339882755e-09 -2.525250448138989e-09
4.155899410635889e-05 5.495913815796185e-05 8.461560554845742e-06 1.201266102062407e-07 1.245455027174070e-07 1.285528341437007e-07 1.322032727890162e-07 1.355008279641926e-07 1.384875638747860e-07 1.412238408262255e-07 1.437734023067390e-07 1.462419369976958e-07 1.487236297242389e-07 1.513485985052638e-07 1.541573620512480e-07 1.547389641890167e-07 1.586600413501020e-07 1.627292387414653e-07 1.650654564388582e-07 1.706262451561516e-07 1.721552010626641e-07 1.735117248656038e-07 1.828067415244784e-07 1.706311515441647e-07 1.669171087444574e-07 1.618362723028136e-07 1.556648685460915e-07 1.487678512764901e-07 1.414494993176886e-07 1.341096610961646e-07 1.270796633097455e-07 1.206735526484807e-07 1.151387093275969e-07 -1.911526843887566e-08 -2.091405676997808e-08 -2.244630915063668e-08 -2.367660751791721e-08 -2.457852872261551e-08 -2.513391035203415e-08 -2.533873563835305e-08 -2.519900952107491e-08 -2.473806355281017e-08 -2.398697422058331e-08 -2.298436273917311e-08 -2.176897961135142e-08 -1.977170812495700e-08 -1.807501261827936e-08 -1.659781570349061e-08 -1.486803708495458e-08 -1.298057651600740e-08 -1.091270378555511e-08 -8.206591864722751e-09 -5.335712615851376e-09 -2.300021325806697e-09 8.645863066900030e-10 4.138412796040746e-09 7.494529083711034e-09 1.087998491696406e-08 1.421314017527901e-08 1.740805009477931e-08 2.041110230161393e-08 2.325337502084865e-08 2.609387536431337e-08 -5.287963172721254e-11 -1.112076536964928e-10 -1.898837213480576e-10 -2.899958482039047e-10 -4.116414621061828e-10 -5.536663341091583e-10 -7.138402784855138e-10 -8.882327533666435e-10 -1.071471699651563e-09 -1.255877981657920e-09 -1.431313596893272e-09 -1.584952349592170e-09 -1.643355991306289e-09 -1.702392442306311e-09 -1.709976568702199e-09 -1.701871560527753e-09 -1.693682524550629e-09 -1.673926127004386e-09 -1.726193124860138e-09 -1.823167614387753e-09 -1.990085576792079e-09 -2.210590310893842e-09 -2.454778188676374e-09 -2.688988305019308e-09 -2.886421187713251e-09 -3.031874709682271e-09 -3.120204778610156e-09 -3.145983699997343e-09 -3.093491687301486e-09 -2.922819475016953e-09
3.863262863871987e-05 5.127599314401140e-05 7.930546714955587e-06 1.101089831628030e-07 1.144779528550453e-07 1.185063168215214e-07 1.221907832979590e-07 1.255616785463274e-07 1.286444900354266e-07 1.315110979926384e-07 1.342242591607192e-07 1.368813861004064e-07 1.396109359815257e-07 1.424631135825392e-07 1.456150282421793e-07 1.466707154090476e-07 1.509891635908733e-07 1.555794669428315e-07 1.586157196565527e-07 1.649165987792362e-07 1.674801194564077e-07 1.700003145654780e-07 1.706311515441647e-07 1.795687382709480e-07 1.673129394697264e-07 1.633804643102376e-07 1.582154757104027e-07 1.520929143656838e-07 1.453942809240543e-07 1.385125189405805e-07 1.318142565914917e-07 1.256535218942144e-07 1.203362271731265e-07 -1.818866056309050e-08 -2.002259176104343e-08 -2.162300991386641e-08 -2.295484434182089e-08 -2.399142088077959e-08 -2.471383420686729e-08 -2.511665485130750e-08 -2.520452194805590e-08 -2.499963884742043e-08 -2.453263572392696e-08 -2.384267089196499e-08 -2.296997605225900e-08 -2.129957423529978e-08 -1.997563488900655e-08 -1.893483957362666e-08 -1.765176628072668e-08 -1.622253833218009e-08 -1.461861453093274e-08 -1.219151247592266e-08 -9.532861756278585e-09 -6.648415027571562e-09 -3.609348010926694e-09 -4.583202007134373e-10 2.779955916821591e-09 6.077053769317899e-09 9.383480912041324e-09 1.263434583390338e-08 1.577649192157802e-08 1.881816412862544e-08 2.187933369268470e-08 3.730208979768876e-12 -3.619631593200026e-11 -9.463805245323062e-11 -1.732699445587206e-10 -2.728084432027306e-10 -3.928025797840352e-10 -5.320406390769960e-10 -6.877195192323185e-10 -8.558465838618707e-10 -1.030632304700092e-09 -1.204523819579664e-09 -1.367524229601673e-09 -1.455525817928583e-09 -1.549896945854419e-09 -1.600442945119935e-09 -1.632558065392659e-09 -1.652216324669846e-09 -1.640174294331990e-09 -1.676925987430190e-09 -1.744013376466194e-09 -1.880622662901917e-09 -2.089567095812545e-09 -2.352615494618989e-09 -2.638342132367174e-09 -2.911116789826760e-09 -3.142027833622716e-09 -3.314714905557118e-09 -3.418592639133259e-09 -3.436605525332772e-09 -3.324615982239862e-09
3.571933689356577e-05 4.758639264330844e-05 7.394291554780051e-06 1.003095872842434e-07 1.046606080064699e-07 1.086918641282509e-07 1.123990940799477e-07 1.158087926845214e-07 1.189660948424242e-07 1.219171709914821e-07 1.247412026626501e-07 1.275551440971683e-07 1.304036214599869e-07 1.334782221790229e-07 1.368209091322340e-07 1.382602363169302e-07 1.428626632593215e-07 1.477933194934268e-07 1.513677405581921e-07 1.581989360907519e-07 1.615986546150849e-07 1.650973480495698e-07 1.669171087444574e-07 1.673129394697264e-07 1.758181344163045e-07 1.635351671450052e-07 1.594949104899125e-07 1.543564408382711e-07 1.484529957084960e-07 1.421865712879254e-07 1.359566542237451e-07 1.301797981451012e-07 1.251653240416567e-07 -1.722867119817210e-08 -1.906905338722141e-08 -2.070460537343564e-08 -2.210114273912802e-08 -2.323240395936336e-08 -2.407951143174849e-08 -2.463638178424016e-08 -2.490700412930436e-08 -2.491295648191646e-08 -2.468479495238299e-08 -2.426263069772620e-08 -2.368916928098942e-08 -2.232127352788527e-08 -2.134508534209871e-08 -2.071970482960267e-08 -1.988707741523433e-08 -1.894655267868272e-08 -1.786166020985433e-08 -1.579884508148954e-08 -1.342504744447432e-08 -1.073000453840365e-08 -7.812673144064256e-09 -4.751413854050613e-09 -1.595269093225152e-09 1.627454926467391e-09 4.888152530753522e-09 8.146667752840228e-09 1.136269597004840e-08 1.453490533720855e-08 1.775319639745030e-08 4.558362529930830e-11 2.111652804235700e-11 -1.978098217170300e-11 -7.918123744639822e-11 -1.582309125580021e-10 -2.570058514239666e-10 -3.751781497690368e-10 -5.108908790383397e-10 -6.612180498207876e-10 -8.216863017774363e-10 -9.865092926204994e-10 -1.147842390103608e-09 -1.251774245579588e-09 -1.366932664990462e-09 -1.449387673452696e-09 -1.518455894467623e-09 -1.573811483293618e-09 -1.588119736357630e-09 -1.631309318340288e-09 -1.683943139938550e-09 -1.791590195325717e-09 -1.971687056336932e-09 -2.226628658793449e-09 -2.538136965145440e-09 -2.873086372541998e-09 -3.192745152108669e-09 -3.465341100334086e-09 -3.666999412286828e-09 -3.772405364939895e-09 -3.730140444397767e-09
3.283576855927004e-05 4.391248501209346e-05 6.856197150425393e-06 9.078066855461155e-08 9.511011764940278e-08 9.913433851383065e-08 1.028578801177230e-07 1.063001012327410e-07 1.094937802674527e-07 1.125084318812537e-07 1.154215297832541e-07 1.182860660168130e-07 1.212764748323528e-07 1.244432385773006e-07 1.279164739077308e-07 1.296688927137837e-07 1.344181978957802e-07 1.395678298351194e-07 1.435304732829474e-07 1.506970805701644e-07 1.547320804865514e-07 1.590356414958264e-07 1.618362723028136e-07 1.633804643102376e-07 1.635351671450052e-07 1.716155143302254e-07 1.593948329944793e-07 1.553892376762994e-07 1.504482662928416e-07 1.449674619141082e-07 1.393830829236184e-07 1.341104696740180e-07 1.295136448375670e-07 -1.625794242213106e-08 -1.808137042115855e-08 -1.972443924257549e-08 -2.115420407105271e-08 -2.234528823598674e-08 -2.327943494718368e-08 -2.395053357986348e-08 -2.436255536871309e-08 -2.453690402143153e-08 -2.450429633389248e-08 -2.430578703096630e-08 -2.398655413527226e-08 -2.288955362356191e-08 -2.222372990984111e-08 -2.197222560141956e-08 -2.156302448932835e-08 -2.110398570104161e-08 -2.055705149043309e-08 -1.892673718283372e-08 -1.691980338209050e-08 -1.448623303533152e-08 -1.172857961759852e-08 -8.753929102094937e-09 -5.648487666893093e-09 -2.466317838947088e-09 7.616554278064944e-10 4.009935838981675e-09 7.255137461542524e-09 1.049833070912068e-08 1.381152837584832e-08 7.415378533855353e-11 6.223756775404720e-11 3.604984998732929e-11 -6.715887689780918e-12 -6.744573102265965e-11 -1.465455684626038e-10 -2.444170294476406e-10 -3.600055242794524e-10 -4.912944939082726e-10 -6.348191466513629e-10 -7.860403149217838e-10 -9.385021187137937e-10 -1.047905112171490e-09 -1.170938778156213e-09 -1.271650198360564e-09 -1.366562499304233e-09 -1.453500205932851e-09 -1.501359625420818e-09 -1.567789963108733e-09 -1.627385848732501e-09 -1.721787272672944e-09 -1.875132525422013e-09 -2.105132675039623e-09 -2.415590635587750e-09 -2.787370956769292e-09 -3.183805898431190e-09 -3.561540433980290e-09 -3.878718007364960e-09 -4.093054238053958e-09 -4.138508123147261e-09
3.000962763114777e-05 4.029166421052295e-05 6.322129265483465e-06 8.155873347435376e-08 8.587916386783974e-08 8.990438222862406e-08 9.363959973612327e-08 9.710334727515626e-08 1.003275238034611e-07 1.033924202405003e-07 1.063182485335439e-07 1.092682498272868e-07 1.122937131439358e-07 1.155201310699876e-07 1.190759028437352e-07 1.210416143952825e-07 1.258603353366243e-07 1.311203849416625e-07 1.353395182415102e-07 1.426765877079022e-07 1.471969332626532e-07 1.520750048218859e-07 1.556648685460915e-07 1.582154757104027e-07 1.594949104899125e-07 1.593948329944794e-07 1.671172886877770e-07 1.551189655377688e-07 1.512826170671309e-07 1.467713364530502e-07 1.419822198587425e-07 1.373625875052825e-07 1.333035919410843e-07 -1.530121403513546e-08 -1.708973494988394e-08 -1.871833898488702e-08 -2.015551923831685e-08 -2.137708430057318e-08 -2.236581581578682e-08 -2.311605435047403e-08 -2.363228104018152e-08 -2.393614261826153e-08 -2.405873522972800e-08 -2.404196706512267e-08 -2.393312745939471e-08 -2.307251246790793e-08 -2.267452973936575e-08 -2.274521178792018e-08 -2.271272623382949e-08 -2.269761945867321e-08 -2.266899816111113e-08 -2.150431554556790e-08 -1.992810429121071e-08 -1.783646581493256e-08 -1.530874931560187e-08 -1.245723856798607e-08 -9.398965426694175e-09 -6.226668772842969e-09 -2.998592770757069e-09 2.527574735560760e-10 3.512051061824616e-09 6.787232812343898e-09 1.014377020383467e-08 9.114053136071159e-11 8.903974376026329e-11 7.475627644370062e-11 4.587389018246416e-11 9.366866778617794e-13 -6.059101016305513e-11 -1.396676977080813e-10 -2.358808413512685e-10 -3.479893667669228e-10 -4.733877197478115e-10 -6.085043036384631e-10 -7.477749686814484e-10 -8.554410134938197e-10 -9.768545277015915e-10 -1.083794783802795e-09 -1.191442282583700e-09 -1.298798739791950e-09 -1.376167098290895e-09 -1.471339083060819e-09 -1.554063156882260e-09 -1.656408502243065e-09 -1.799382812193492e-09 -2.007454807483487e-09 -2.300657294138326e-09 -2.682989437948098e-09 -3.131883496051990e-09 -3.604552493570930e-09 -4.044638148176070e-09 -4.387428545547824e-09 -4.542805093622556e-09
2.727193152202673e-05 3.676644166437756e-05 5.798882072108988e-06 7.269908379023692e-08 7.702571042466204e-08 8.107081090930832e-08 8.482205285983621e-08 8.830435807958141e-08 9.157329802100130e-08 9.462622780519561e-08 9.761009609521184e-08 1.005684862933489e-07 1.036081552849993e-07 1.068721207512086e-07 1.104385864485271e-07 1.125645176140404e-07 1.173855095043398e-07 1.226677197372702e-07 1.270347970603761e-07 1.344412625850063e-07 1.392671234753689e-07 1.445481607721598e-07 1.487678512764901e-07 1.520929143656838e-07 1.543564408382711e-07 1.553892376762994e-07 1.551189655377688e-07 1.625768471399285e-07 1.509678724456898e-07 1.475480501932502e-07 1.437082157830204e-07 1.398882576587013e-07 1.365132971339559e-07 -1.438158517330989e-08 -1.612275306123993e-08 -1.772063805490575e-08 -1.914524059245309e-08 -2.037370941801102e-08 -2.139012605842881e-08 -2.218961732844771e-08 -2.277759180880763e-08 -2.317631160860608e-08 -2.341748824793851e-08 -2.354384125839688e-08 -2.360439012567314e-08 -2.294542562181683e-08 -2.277239992316258e-08 -2.311139961038264e-08 -2.340025569554287e-08 -2.377357129296773e-08 -2.421428448446582e-08 -2.351043388770097e-08 -2.239392597754341e-08 -2.070657512376429e-08 -1.848676394502201e-08 -1.582556438242127e-08 -1.284818785651978e-08 -9.680558112538864e-09 -6.421167258006300e-09 -3.133276717075882e-09 1.559086505379846e-10 3.453772499704843e-09 6.823993884268554e-09 9.829717423762128e-11 1.035589332452254e-10 9.855391605366912e-11 8.083757485380315e-11 4.901876014424020e-11 2.613690165955813e-12 -5.972263144803227e-11 -1.380289203913397e-10 -2.317030385139187e-10 -3.388620520548979e-10 -4.567626895492535e-10 -5.804700565487983e-10 -6.816627285591341e-10 -7.952456609975161e-10 -8.996029919782401e-10 -1.008737369630101e-09 -1.123862512437535e-09 -1.220145953546415e-09 -1.338948467983340e-09 -1.449885847781852e-09 -1.575806309131312e-09 -1.729958689864179e-09 -1.933544891243591e-09 -2.213721814253614e-09 -2.591488448861347e-09 -3.067928330536922e-09 -3.613336847280805e-09 -4.168971814235106e-09 -4.650399343922336e-09 -4.936806126678079e-09
2.465106725445842e-05 3.337653130677725e-05 5.292952678138206e-06 6.424087623572297e-08 6.860845413960998e-08 7.268545041077526e-08 7.647294227946408e-08 8.000376911718084e-08 8.325711541378296e-08 8.637138050980392e-08 8.934994016821715e-08 9.230508405807853e-08 9.536771946961706e-08 9.860890866929284e-08 1.021618655445629e-07 1.044041975153301e-07 1.091694793873083e-07 1.144076961106150e-07 1.188708020721913e-07 1.262191019807035e-07 1.312351778873339e-07 1.368080192615348e-07 1.414494993176886e-07 1.453942809240543e-07 1.484529957084960e-07 1.504482662928416e-07 1.512826170671309e-07 1.509678724456898e-07 1.583450340201665e-07 1.473324587783236e-07 1.445626157559658e-07 1.416931425571010e-07 1.391420243981819e-07 -1.351933304580427e-08 -1.520593089706427e-08 -1.676232092984956e-08 -1.815998205133029e-08 -1.937744651735093e-08 -2.040023248733846e-08 -2.122446931964687e-08 -2.185680442559647e-08 -2.232044013006161e-08 -2.264794436017728e-08 -2.288287961244884e-08 -2.307571975225498e-08 -2.258508898593482e-08 -2.259658299950061e-08 -2.315288120037556e-08 -2.370721573896922e-08 -2.440717312801068e-08 -2.525256122783092e-08 -2.497539504995214e-08 -2.431090937577305e-08 -2.305641580745324e-08 -2.120502738321492e-08 -1.880871578191960e-08 -1.597504282389134e-08 -1.284173038495934e-08 -9.542993995584270e-09 -6.185542299371320e-09 -2.830684153783911e-09 5.106127883442104e-10 3.894291082224036e-09 9.733539537345485e-11 1.078570999809574e-10 1.097912492256130e-10 1.007091055092400e-10 7.938026544554551e-11 4.551765291870162e-11 -2.447861784602736e-12 -6.483098662780869e-11 -1.414948706867795e-10 -2.311325624201729e-10 -3.317180472800416e-10 -4.387945078224797e-10 -5.304598882869261e-10 -6.324335737870292e-10 -7.284462568370689e-10 -8.310427615933264e-10 -9.433723234634245e-10 -1.046674478029898e-09 -1.178225377830961e-09 -1.312270323004722e-09 -1.466394093133853e-09 -1.647485131062912e-09 -1.869111587525603e-09 -2.155192713846664e-09 -2.534189947030756e-09 -3.024687584673068e-09 -3.620143215669895e-09 -4.272262045127839e-09 -4.888522891591034e-09 -5.318765272660507e-09
2.217746531810762e-05 3.016520162519861e-05 4.811557875894357e-06 5.623879222538995e-08 6.067405531600672e-08 6.482068595199430e-08 6.868413898370778e-08 7.222561803333652e-08 7.555430419663612e-08 7.866935144598935e-08 8.165739357931844e-08 8.463402494336249e-08 8.766850990552013e-08 9.089378122887923e-08 9.440813242548906e-08 9.672696312509798e-08 1.014035062924078e-07 1.065805190900746e-07 1.110543833139029e-07 1.182856263242905e-07 1.234342617794116e-07 1.291495430924840e-07 1.341096610961646e-07 1.385125189405805e-07 1.421865712879254e-07 1.449674619141082e-07 1.467713364530502e-07 1.475480501932502e-07 1.473324587783236e-07 1.548718293390044e-07 1.446719095972360e-07 1.428683726752569e-07 1.412647366811291e-07 -1.273604772178696e-08 -1.436623381313876e-08 -1.587593655992962e-08 -1.723800205288281e-08 -1.843230265105555e-08 -1.944583880073114e-08 -2.027586585289004e-08 -2.093050730982568e-08 -2.143419594316539e-08 -2.182060937387153e-08 -2.213426790795059e-08 -2.242697038673610e-08 -2.207366992373300e-08 -2.223327210767932e-08 -2.296167465447859e-08 -2.373034628500227e-08 -2.469754165789542e-08 -2.587992454657217e-08 -2.597885028434251e-08 -2.573097752757977e-08 -2.490248612839971e-08 -2.344725252311188e-08 -2.137321099590805e-08 -1.875232499918142e-08 -1.570929429074810e-08 -1.239424552585658e-08 -8.953761627325689e-09 -5.495558236829922e-09 -2.069198000129158e-09 1.358153606235414e-09 8.985382490208593e-11 1.039140115946165e-10 1.107978114256570e-10 1.081026955913034e-10 9.481722511958990e-11 7.097281032898083e-11 3.488558935513585e-11 -1.385875484100104e-11 -7.542207315497981e-11 -1.489079436906800e-10 -2.328699735253760e-10 -3.232050821245522e-10 -4.034629335610099e-10 -4.916775556351684e-10 -5.758386093331618e-10 -6.668526173607777e-10 -7.690895657270256e-10 -8.695548813115571e-10 -1.002333133875758e-09 -1.149031738699893e-09 -1.326215303573425e-09 -1.539107363699021e-09 -1.795521579130490e-09 -2.111785058664395e-09 -2.513049133373103e-09 -3.025576461143197e-09 -3.660082642425865e-09 -4.389334932976664e-09 -5.125553828543386e-09 -5.699664472648703e-09
1.987316437287809e-05 2.716520494452034e-05 4.360420122255571e-06 4.871417470178295e-08 5.326509773920554e-08 5.753677635727319e-08 6.145449761812029e-08 6.510878094643480e-08 6.847372703956697e-08 7.161986399832369e-08 7.464660262595902e-08 7.761780244433957e-08 8.064607581135650e-08 8.383982615497221e-08 8.731374733854493e-08 8.967730715050625e-08 9.427707978610195e-08 9.934545454448086e-08 1.037964170516579e-07 1.109096762188867e-07 1.160922674739810e-07 1.219035055725685e-07 1.270796633097455e-07 1.318142565914917e-07 1.359566542237451e-07 1.393830829236184e-07 1.419822198587425e-07 1.437082157830204e-07 1.445626157559658e-07 1.446719095972360e-07 1.527075210152655e-07 1.435673400012864e-07 1.430178833343609e-07 -1.205136087228702e-08 -1.362823966625654e-08 -1.509119211203515e-08 -1.641425967283771e-08 -1.757855551169995e-08 -1.857254653560916e-08 -1.939468560385313e-08 -2.005476380957435e-08 -2.057872484114416e-08 -2.100163305059995e-08 -2.136915986036348e-08 -2.173444633067157e-08 -2.149053882302125e-08 -2.176683986423069e-08 -2.262954707440643e-08 -2.356901214627361e-08 -2.475167077342423e-08 -2.620930975722898e-08 -2.662938446827802e-08 -2.674836947535035e-08 -2.631305661475875e-08 -2.524827754920943e-08 -2.352303697327364e-08 -2.116802152458047e-08 -1.827720243185931e-08 -1.499311628993931e-08 -1.148410388167839e-08 -7.901679336312743e-09 -4.345496306476454e-09 -8.236403458674283e-10 7.724110286458329e-11 9.349947816626455e-11 1.037170332749835e-10 1.055008050601702e-10 9.810041482744476e-11 8.193969866441644e-11 5.531132789770433e-11 1.783623966536466e-11 -3.079541269855186e-11 -8.992133457585455e-11 -1.585257669051062e-10 -2.327072129687324e-10 -3.005318458344659e-10 -3.738897213942538e-10 -4.441530518894160e-10 -5.206587021114616e-10 -6.083913252511753e-10 -6.992410294267380e-10 -8.241352122594397e-10 -9.726256866986705e-10 -1.162842169179913e-09 -1.402926117157411e-09 -1.700112986786316e-09 -2.065276248241417e-09 -2.515673217520830e-09 -3.073989342706575e-09 -3.758229923484578e-09 -4.556736095849981e-09 -5.397480271460346e-09 -6.104705294458752e-09
1.775365484854409e-05 2.440124279308302e-05 3.944158734724327e-06 4.167272266338638e-08 4.642402402888983e-08 5.080948658478880e-08 5.490189820889588e-08 5.864637576975554e-08 6.208794203525103e-08 6.531765478894915e-08 6.837009701131070e-08 7.136208394545099e-08 7.439254043949032e-08 7.756738959217985e-08 8.098896578222049e-08 8.342440153255642e-08 8.791553489327647e-08 9.287786353444710e-08 9.732641762857717e-08 1.042734904175924e-07 1.094891197394087e-07 1.153505649237078e-07 1.206735526484808e-07 1.256535218942144e-07 1.301797981451012e-07 1.341104696740180e-07 1.373625875052825e-07 1.398882576587013e-07 1.416931425571010e-07 1.428683726752569e-07 1.435673400012864e-07 1.525055515506750e-07 1.446579163504989e-07 -1.148617988207980e-08 -1.301764497135537e-08 -1.443867960742699e-08 -1.572430404407506e-08 -1.685673303836758e-08 -1.782585645305473e-08 -1.863137263221338e-08 -1.928492529311146e-08 -1.981427669137617e-08 -2.025620558712879e-08 -2.065782593665803e-08 -2.107379270132144e-08 -2.091479203627079e-08 -2.128194467637830e-08 -2.224944872646569e-08 -2.332532808823772e-08 -2.468224049708028e-08 -2.636482208323351e-08 -2.705532532672900e-08 -2.748900935103776e-08 -2.740106791559388e-08 -2.669665454757776e-08 -2.531512094239002e-08 -2.324988740392406e-08 -2.055797967075810e-08 -1.735714577086841e-08 -1.381550870373668e-08 -1.011216792689185e-08 -6.394981173895777e-09 -2.723134291740736e-09 6.062252309824161e-11 7.809767431827944e-11 9.039623697544238e-11 9.511176589424043e-11 9.176154116759996e-11 8.123209971660205e-11 6.184051777033601e-11 3.334511868694820e-11 -4.582432891113854e-12 -5.135735438216351e-11 -1.062369958398077e-10 -1.653458281601207e-10 -2.203621055757188e-10 -2.784752110025920e-10 -3.337081673281869e-10 -3.940988800026387e-10 -4.649115542743607e-10 -5.420487661068010e-10 -6.531709240238489e-10 -7.950812395741315e-10 -9.882745763303570e-10 -1.246459563193571e-09 -1.581263502037224e-09 -2.003663280441993e-09 -2.525161528245766e-09 -3.159806522862293e-09 -3.921069296409412e-09 -4.802770530899822e-09 -5.743571436255227e-09 -6.571899534562316e-09
1.581825074814818e-05 2.187674277990853e-05 3.564161011372065e-06 3.511158984860720e-08 4.005949603223158e-08 4.471121148188552e-08 4.896653767692062e-08 5.285811607863044e-08 5.644729452222011e-08 5.975562700614796e-08 6.288140296072186e-08 6.591578053181894e-08 6.896358599032003e-08 7.212934769052403e-08 7.555234585113580e-08 7.801816473971459e-08 8.243218919018241e-08 8.733199086893765e-08 9.174175153779889e-08 9.857351986700425e-08 1.038075043922839e-07 1.097016213522764e-07 1.151387093275969e-07 1.203362271731266e-07 1.251653240416567e-07 1.295136448375670e-07 1.333035919410843e-07 1.365132971339559e-07 1.391420243981818e-07 1.412647366811291e-07 1.430178833343609e-07 1.446579163504989e-07 1.550271312992191e-07 -1.105837006611073e-08 -1.255642305523182e-08 -1.394451878572783e-08 -1.519840552776305e-08 -1.630124760181544e-08 -1.724431004211455e-08 -1.802859275346951e-08 -1.866780820766402e-08 -1.919190417603158e-08 -1.963978126395083e-08 -2.006039995141767e-08 -2.051025772476661e-08 -2.041529804685144e-08 -2.085310456918264e-08 -2.190421184212324e-08 -2.309161311682109e-08 -2.459302819090181e-08 -2.646383717287470e-08 -2.738306770552496e-08 -2.808500999595322e-08 -2.829710908950615e-08 -2.791116609545290e-08 -2.684554590007750e-08 -2.506461193600509e-08 -2.259148347337586e-08 -1.951252024667581e-08 -1.597908789258105e-08 -1.217767449416853e-08 -8.289914661109120e-09 -4.424410149727917e-09 4.074184107408214e-11 5.876320863187406e-11 7.222766765252814e-11 7.865945634300806e-11 7.785876769043620e-11 7.122480086935303e-11 5.711911684909239e-11 3.552029741245198e-11 6.175088445680582e-12 -3.027203646406202e-11 -7.320582040491366e-11 -1.185829881847071e-10 -1.608589202515653e-10 -2.037719220663893e-10 -2.433696110165819e-10 -2.867530073322492e-10 -3.393463726597487e-10 -4.004334481991503e-10 -4.945075809023218e-10 -6.245923371590954e-10 -8.133491107521249e-10 -1.080792132368932e-09 -1.445893197518988e-09 -1.925130582748714e-09 -2.530032877461692e-09 -3.267861802046209e-09 -4.141698283475667e-09 -5.138209502294338e-09 -6.196288982342960e-09 -7.143424218852862e-09
-4.577609442923166e-05 -5.697972250478932e-04 -1.896401057796805e-04 3.472710427487501e-08 2.509702740746320e-08 1.588582470576041e-08 7.375986904153155e-09 -1.581624490910913e-10 -6.524684073143253e-09 -1.165089995002660e-08 -1.557933419001667e-08 -1.843697660648156e-08 -2.039468505764622e-08 -2.163283203281492e-08 -2.232066153192407e-08 -2.223695506076666e-08 -2.230802640631589e-08 -2.216226830593842e-08 -2.162851276019416e-08 -2.142922822270137e-08 -2.069607032911804e-08 -1.998125060518878e-08 -1.911526843887566e-08 -1.818866056309049e-08 -1.722867119817209e-08 -1.625794242213106e-08 -1.530121403513546e-08 -1.438158517330989e-08 -1.351933304580426e-08 -1.273604772178697e-08 -1.205136087228702e-08 -1.148617988207979e-08 -1.105837006611073e-08 1.815065215693473e-06 1.646307200106442e-06 1.606325275080985e-06 1.538799293156084e-06 1.451044096145142e-06 1.349854091872484e-06 1.241668559398014e-06 1.131632169463007e-06 1.024533057303193e-06 9.234816319769853e-07 8.312130789571870e-07 7.491391350862383e-07 6.580267274314422e-07 5.939059256639740e-07 5.522065591736192e-07 5.170961261219447e-07 4.915045242980736e-07 4.749734319811869e-07 4.452139085682981e-07 4.178695179486062e-07 3.904210074695795e-07 3.626935641878326e-07 3.351193815892407e-07 3.079565769722159e-07 2.816069760053953e-07 2.564422089864944e-07 2.330032854050689e-07 2.118310299073282e-07 1.936327662939551e-07 1.794196614182258e-07 1.297280494883995e-07 1.472990568080173e-07 1.626905038784414e-07 1.763822702481307e-07 1.888233863872549e-07 2.001945005411925e-07 2.104034975044450e-07 2.190642571457077e-07 2.257528608272212e-07 2.300196845900789e-07 2.315580335969652e-07 2.302506987088735e-07 2.182898271534946e-07 2.109770260242357e-07 2.018657990876813e-07 1.948662766324053e-07 1.900672087005247e-07 1.837732801171643e-07 1.826520924079040e-07 1.818886405224599e-07 1.836401517954194e-07 1.872559294613357e-07 1.917611602480824e-07 1.961137382769850e-07 1.992773337301228e-07 2.002212808410522e-07 1.979997700906094e-07 1.915899448924623e-07 1.798196982938917e-07 1.609338436746317e-07
-4.794816293345717e-05 -5.961489409555409e-04 -1.986704792063847e-04 4.400749846026647e-08 3.395429605435767e-08 2.421806102113895e-08 1.499686893872683e-08 6.548961477125662e-09 -8.819261627062133e-10 -7.132950887363527e-09 -1.215647068590716e-08 -1.601368315868659e-08 -1.884179326381181e-08 -2.081382814985233e-08 -2.210784329367564e-08 -2.251431843039535e-08 -2.298276917860206e-08 -2.316023551193296e-08 -2.287465156960569e-08 -2.289762840521224e-08 -2.231228311339199e-08 -2.171090550843284e-08 -2.091405676997808e-08 -2.002259176104343e-08 -1.906905338722140e-08 -1.808137042115855e-08 -1.708973494988394e-08 -1.612275306123993e-08 -1.520593089706427e-08 -1.436623381313876e-08 -1.362823966625654e-08 -1.301764497135537e-08 -1.255642305523182e-08 1.646307200106442e-06 1.814871126339055e-06 1.631722076732447e-06 1.577284166069347e-06 1.499647499389621e-06 1.405565704536435e-06 1.301453927838674e-06 1.193371293008988e-06 1.086105364518856e-06 9.838109814265270e-07 8.892799119665928e-07 8.044992348944110e-07 7.093044611535669e-07 6.421006432752253e-07 5.987462867612124e-07 5.620808694397697e-07 5.354519449373207e-07 5.184549997818413e-07 4.866412685798773e-07 4.575226329400086e-07 4.277297592145212e-07 3.976405122842550e-07 3.674792028610524e-07 3.376193321506754e-07 3.084999267536294e-07 2.806264075978709e-07 2.545229407201809e-07 2.308737127173135e-07 2.105953252503247e-07 1.943043996287651e-07 1.190186443531072e-07 1.369313402068179e-07 1.526385370446551e-07 1.663404751917258e-07 1.784715668313044e-07 1.893884338969136e-07 1.992502442951246e-07 2.078836231272049e-07 2.149690986415360e-07 2.200567284139636e-07 2.227633607106158e-07 2.228585980677211e-07 2.126209043154325e-07 2.068023585602102e-07 1.991001314609531e-07 1.933464743802471e-07 1.896613241750931e-07 1.843731996375806e-07 1.841850434583048e-07 1.842992042450799e-07 1.869193952603771e-07 1.914171740099000e-07 1.968180866314394e-07 2.020615588666660e-07 2.060771139529511e-07 2.077861159657257e-07 2.061855256343845e-07 2.001807501416792e-07 1.885082304136428e-07 1.692758602908659e-07
-4.950083115865100e-05 -6.147234365691409e-04 -2.051379958584962e-04 5.254750219584571e-08 4.217914753285083e-08 3.213872353159223e-08 2.251636584148122e-08 1.348801416231130e-08 5.279635702569544e-09 -1.898758897761468e-09 -7.916747117907341e-09 -1.275146651587534e-08 -1.647914007677472e-08 -1.924109493866339e-08 -2.120762453238268e-08 -2.218168713009897e-08 -2.310856166659178e-08 -2.366624830664777e-08 -2.368589156019253e-08 -2.397446523303069e-08 -2.358393601812123e-08 -2.313663035525156e-08 -2.244630915063668e-08 -2.162300991386640e-08 -2.070460537343565e-08 -1.972443924257549e-08 -1.871833898488702e-08 -1.772063805490575e-08 -1.676232092984956e-08 -1.587593655992962e-08 -1.509119211203514e-08 -1.443867960742699e-08 -1.394451878572783e-08 1.606325275080985e-06 1.631722076732447e-06 1.773136602988982e-06 1.583482877336606e-06 1.518971214254151e-06 1.435180028721096e-06 1.338849443871852e-06 1.235634062073088e-06 1.131296522239666e-06 1.030065146341104e-06 9.353599232663535e-07 8.498972318433076e-07 7.520565522359002e-07 6.831353287368602e-07 6.388991319086448e-07 6.014347196887184e-07 5.742700920617418e-07 5.570885430009336e-07 5.240187503245425e-07 4.931699839499110e-07 4.616444756036032e-07 4.295217402928538e-07 3.970769565863891e-07 3.648076848929382e-07 3.332354770773225e-07 3.028521282102891e-07 2.743488621354638e-07 2.485260915891252e-07 2.260016084947865e-07 2.082091251862103e-07 1.055452484301745e-07 1.234708098429229e-07 1.394921075959941e-07 1.534698102268055e-07 1.655836270558566e-07 1.761901270235610e-07 1.856218932376929e-07 1.939510964112615e-07 2.010562466257282e-07 2.065870695487523e-07 2.101558642626283e-07 2.114554362186948e-07 2.030012995056687e-07 1.987178777929097e-07 1.925462468739681e-07 1.881545863420527e-07 1.856815725973739e-07 1.815415443213990e-07 1.823431278882221e-07 1.833931765388330e-07 1.869005077078016e-07 1.922703209931624e-07 1.985452312168558e-07 2.046630807178746e-07 2.095348891513225e-07 2.120485230309930e-07 2.111559037023073e-07 2.057036124364985e-07 1.943517388889601e-07 1.750955386556255e-07
-5.047718590244144e-05 -6.260805051099895e-04 -2.092200635695434e-04 6.027885771097662e-08 4.961893527768263e-08 3.937318893272837e-08 2.955477435767821e-08 2.023653581988989e-08 1.156558111539891e-08 3.734388573451120e-09 -3.084337669644647e-09 -8.791265667189497e-09 -1.338562569737952e-08 -1.695239557009722e-08 -1.963205577864158e-08 -2.123508822142330e-08 -2.267095174902921e-08 -2.365845209033624e-08 -2.403524161101186e-08 -2.462852100720654e-08 -2.447744073399930e-08 -2.422339589328736e-08 -2.367660751791720e-08 -2.295484434182089e-08 -2.210114273912801e-08 -2.115420407105271e-08 -2.015551923831685e-08 -1.914524059245309e-08 -1.815998205133029e-08 -1.723800205288281e-08 -1.641425967283771e-08 -1.572430404407505e-08 -1.519840552776305e-08 1.538799293156084e-06 1.577284166069347e-06 1.583482877336606e-06 1.699945528405188e-06 1.510068802476544e-06 1.439432547539886e-06 1.353491915131388e-06 1.258342187489896e-06 1.159481246599759e-06 1.061697544641627e-06 9.691921217042438e-07 8.845627097487409e-07 7.859365529170511e-07 7.164889731432543e-07 6.723142999310840e-07 6.346658608872833e-07 6.074972829432418e-07 5.907806279257445e-07 5.565894600651967e-07 5.247561995819097e-07 4.918065819817845e-07 4.580170111356701e-07 4.236907723866346e-07 3.893534285088793e-07 3.555988619931296e-07 3.230306208170875e-07 2.924666529027745e-07 2.644189965102697e-07 2.402526357217457e-07 2.207722893117079e-07 9.046861392397988e-08 1.078211251469166e-07 1.238965010050474e-07 1.381967485327177e-07 1.505894031061959e-07 1.612023139855940e-07 1.703746210492454e-07 1.783509262735437e-07 1.852374641577614e-07 1.908713736618074e-07 1.949532398646815e-07 1.971659155518604e-07 1.904032844949467e-07 1.875721130520404e-07 1.829336819873468e-07 1.799219663934107e-07 1.786793958215696e-07 1.757554276762365e-07 1.775504374734091e-07 1.795478967792085e-07 1.839235387657646e-07 1.901243910781969e-07 1.972240243061839e-07 2.041734960260746e-07 2.098795673081327e-07 2.132102021934978e-07 2.130841210433373e-07 2.083019357220507e-07 1.974626493612297e-07 1.784737456531970e-07
-5.093047020352349e-05 -6.309048276825311e-04 -2.111362344544732e-04 6.720132053461442e-08 5.626545325597014e-08 4.583204679531664e-08 3.590430177547404e-08 2.648192595198588e-08 1.761503897677910e-08 9.422816817339763e-09 2.060690571160239e-09 -4.333196410757523e-09 -9.688859523971944e-09 -1.402099435792400e-08 -1.741834212805310e-08 -1.968899778698838e-08 -2.167059095175012e-08 -2.312832225904721e-08 -2.390781887045551e-08 -2.483995240333885e-08 -2.496969119112884e-08 -2.494588516316383e-08 -2.457852872261551e-08 -2.399142088077959e-08 -2.323240395936336e-08 -2.234528823598674e-08 -2.137708430057319e-08 -2.037370941801102e-08 -1.937744651735094e-08 -1.843230265105555e-08 -1.757855551169995e-08 -1.685673303836758e-08 -1.630124760181544e-08 1.451044096145142e-06 1.499647499389621e-06 1.518971214254151e-06 1.510068802476544e-06 1.604425379952546e-06 1.419483596721341e-06 1.346361923054649e-06 1.261542407002078e-06 1.170607784195035e-06 1.078850103901621e-06 9.902893305617759e-07 9.083622145259809e-07 8.106525655039025e-07 7.419705234337071e-07 6.986391857094111e-07 6.615302432080827e-07 6.350735740231808e-07 6.189606488252292e-07 5.844070460128625e-07 5.519389996557347e-07 5.180545352034798e-07 4.829714717510831e-07 4.471563226378314e-07 4.111220380101519e-07 3.755263364844300e-07 3.411743744323797e-07 3.085465580401098e-07 2.789125691760940e-07 2.530249499903165e-07 2.321146692064929e-07 7.499262724975269e-08 9.112407545783279e-08 1.067288950549797e-07 1.211357692656908e-07 1.338774219917111e-07 1.447986490294676e-07 1.540290244065049e-07 1.618298166150955e-07 1.684664009882838e-07 1.739912099498358e-07 1.782741567472967e-07 1.810735591535814e-07 1.757954424792947e-07 1.742316651245546e-07 1.710226983597674e-07 1.693184043413616e-07 1.692498234682398e-07 1.675385102962045e-07 1.702805868341173e-07 1.731925876679843e-07 1.783828827687826e-07 1.853454057652067e-07 1.931956033410700e-07 2.009102757185767e-07 2.074045722634453e-07 2.115390665396252e-07 2.122105465526652e-07 2.081860561027254e-07 1.980186544950530e-07 1.795524258804426e-07
-5.091928110725531e-05 -6.299455383048124e-04 -2.111283409716596e-04 7.331074412554054e-08 6.216832200363088e-08 5.155520474550203e-08 4.152656884080399e-08 3.207184606613101e-08 2.317282728995572e-08 1.485968396029614e-08 7.220073303057506e-09 3.765446965392728e-10 -5.566589510935119e-09 -1.056160065769264e-08 -1.463365794392146e-08 -1.757845116817993e-08 -2.012326888920816e-08 -2.207962987086858e-08 -2.329951560274264e-08 -2.459901424265379e-08 -2.504699337486813e-08 -2.528761085294580e-08 -2.513391035203415e-08 -2.471383420686729e-08 -2.407951143174849e-08 -2.327943494718368e-08 -2.236581581578681e-08 -2.139012605842881e-08 -2.040023248733846e-08 -1.944583880073114e-08 -1.857254653560916e-08 -1.782585645305473e-08 -1.724431004211455e-08 1.349854091872484e-06 1.405565704536435e-06 1.435180028721096e-06 1.439432547539886e-06 1.419483596721341e-06 1.494750871966008e-06 1.318776745820148e-06 1.246046793257033e-06 1.165364847527808e-06 1.081418434499859e-06 9.988331466741146e-07 9.212190629346465e-07 8.261736319071014e-07 7.594180976212884e-07 7.177528344300272e-07 6.820623014356443e-07 6.566302387477266e-07 6.416848186699007e-07 6.072761563670739e-07 5.746421800859492e-07 5.402255118791036e-07 5.043498235678213e-07 4.673843429325259e-07 4.300367739130683e-07 3.930888454651825e-07 3.569614064843078e-07 3.229643841953977e-07 2.917078254840261e-07 2.643843298717075e-07 2.423780231135578e-07 6.014520317469104e-08 7.452220000589837e-08 8.906119409586959e-08 1.030965599315592e-07 1.159983367146695e-07 1.273041903843348e-07 1.368824150415122e-07 1.448095468661644e-07 1.513655632138210e-07 1.567555364539972e-07 1.610445406991485e-07 1.641407167570305e-07 1.600799839433957e-07 1.595302565873195e-07 1.575616529528878e-07 1.570148989718271e-07 1.579978573868770e-07 1.574303911739537e-07 1.610279657999445e-07 1.647810732475570e-07 1.707010458997159e-07 1.783308446294000e-07 1.868358001885605e-07 1.952286700281437e-07 2.024439670934365e-07 2.073462301327101e-07 2.088207972289011e-07 2.056130524595119e-07 1.962445382061213e-07 1.785192837680972e-07
-5.051750130861328e-05 -6.241382306128717e-04 -2.095017169363080e-04 7.857607276035536e-08 6.736945561152070e-08 5.663092662966013e-08 4.649793702462666e-08 3.700728344425530e-08 2.813085480137126e-08 1.983685054223967e-08 1.213169239154191e-08 5.076879411507169e-09 -1.238371667928960e-09 -6.736061588707337e-09 -1.138578611977691e-08 -1.496917913134883e-08 -1.806817408580158e-08 -2.053515198705164e-08 -2.222289458361321e-08 -2.391185940990582e-08 -2.471090620382154e-08 -2.524684263784593e-08 -2.533873563835306e-08 -2.511665485130749e-08 -2.463638178424017e-08 -2.395053357986348e-08 -2.311605435047404e-08 -2.218961732844771e-08 -2.122446931964687e-08 -2.027586585289004e-08 -1.939468560385314e-08 -1.863137263221338e-08 -1.802859275346951e-08 1.241668559398015e-06 1.301453927838673e-06 1.338849443871852e-06 1.353491915131388e-06 1.346361923054650e-06 1.318776745820148e-06 1.378148694238929e-06 1.213935417698149e-06 1.144659718984782e-06 1.070307663856279e-06 9.953201958487079e-07 9.235954538743137e-07 8.327285645832560e-07 7.690403589017103e-07 7.300299390720693e-07 6.961856120485735e-07 6.724687624910963e-07 6.590853853207499e-07 6.252769554221269e-07 5.929809905835982e-07 5.584970803031882e-07 5.221806397954090e-07 4.845361566523882e-07 4.463182785665183e-07 4.080562945357267e-07 3.709160914548390e-07 3.355140757545278e-07 3.029627178924983e-07 2.745706351950019e-07 2.514769124076212e-07 4.665747697087259e-08 5.897288893684758e-08 7.195536195369247e-08 8.507199860455264e-08 9.769606290043879e-08 1.092169146071371e-07 1.192166947313453e-07 1.275386331916054e-07 1.342911190634703e-07 1.396997382108719e-07 1.439681384090334e-07 1.471785467222948e-07 1.440748294126392e-07 1.442628175973707e-07 1.432900267330646e-07 1.436926260012290e-07 1.455514458783261e-07 1.460024400804027e-07 1.503261482775910e-07 1.548125341624984e-07 1.613518141100668e-07 1.695353792768665e-07 1.785834414969721e-07 1.875524183549984e-07 1.954052109622465e-07 2.010200687506995e-07 2.032803893761669e-07 2.009206289980488e-07 1.924440848938045e-07 1.756359876029679e-07
-4.980398560251190e-05 -6.144761256418193e-04 -2.065824912820813e-04 8.297955024750024e-08 7.189902585580388e-08 6.114923187297462e-08 5.094507440425276e-08 4.139916746880968e-08 3.252669929732321e-08 2.428760272471412e-08 1.663224267702626e-08 9.549426772062925e-09 3.072489035866186e-09 -2.735103587445966e-09 -7.817103743196698e-09 -1.195590308265946e-08 -1.556581236086336e-08 -1.853285783188662e-08 -2.070209764552964e-08 -2.279490774104718e-08 -2.397284673854077e-08 -2.483177554646315e-08 -2.519900952107491e-08 -2.520452194805589e-08 -2.490700412930436e-08 -2.436255536871309e-08 -2.363228104018152e-08 -2.277759180880763e-08 -2.185680442559647e-08 -2.093050730982568e-08 -2.005476380957435e-08 -1.928492529311147e-08 -1.866780820766402e-08 1.131632169463007e-06 1.193371293008988e-06 1.235634062073088e-06 1.258342187489896e-06 1.261542407002078e-06 1.246046793257033e-06 1.213935417698149e-06 1.260893729345086e-06 1.110413736196837e-06 1.046728968749888e-06 9.806914345718771e-07 9.160973212439041e-07 8.308375046495080e-07 7.714449646075061e-07 7.356044247921283e-07 7.044192130161279e-07 6.828908140035263e-07 6.714038453285130e-07 6.387520116810978e-07 6.072053415170397e-07 5.730928452308377e-07 5.367637189348868e-07 4.988824711085505e-07 4.599113564117535e-07 4.210418466264668e-07 3.828712134108886e-07 3.464472599344669e-07 3.129605070160523e-07 2.835411390800147e-07 2.596346618510018e-07 3.492516806181174e-08 4.510922511417424e-08 5.625270554545421e-08 6.799833429077853e-08 7.984082758906582e-08 9.117407359584189e-08 1.014392242418309e-07 1.102213590866866e-07 1.174114672018722e-07 1.230853124432362e-07 1.274655963539704e-07 1.307585802427111e-07 1.284260182885747e-07 1.291068929003530e-07 1.288703301655738e-07 1.299822313692831e-07 1.325053712405967e-07 1.338052217060684e-07 1.386966730277808e-07 1.437812486677837e-07 1.508102002484249e-07 1.594205713866995e-07 1.688897559232850e-07 1.783231373038202e-07 1.867190132120374e-07 1.929775694644382e-07 1.959884300375506e-07 1.944846027623942e-07 1.869627441643414e-07 1.712075497071188e-07
-4.887795419267554e-05 -6.021989441582695e-04 -2.027814884839624e-04 8.656897151036344e-08 7.580721473052299e-08 6.519550170474330e-08 5.500046949194515e-08 4.540700269017269e-08 3.650005088066948e-08 2.827985841156576e-08 2.068965901436695e-08 1.366864155194185e-08 7.184212828171711e-09 1.248768015626648e-09 -4.096232982011891e-09 -8.666012047910748e-09 -1.270647080166098e-08 -1.613483788808053e-08 -1.878071753553171e-08 -2.128199660897184e-08 -2.286095630463749e-08 -2.406756414333480e-08 -2.473806355281017e-08 -2.499963884742043e-08 -2.491295648191645e-08 -2.453690402143152e-08 -2.393614261826153e-08 -2.317631160860607e-08 -2.232044013006161e-08 -2.143419594316539e-08 -2.057872484114416e-08 -1.981427669137617e-08 -1.919190417603157e-08 1.024533057303193e-06 1.086105364518856e-06 1.131296522239666e-06 1.159481246599759e-06 1.170607784195035e-06 1.165364847527808e-06 1.144659718984782e-06 1.110413736196837e-06 1.148309633294559e-06 1.012826149756696e-06 9.564861871692927e-07 8.999771041949005e-07 8.217028746203631e-07 7.673048396482313e-07 7.354582358556409e-07 7.074917795222770e-07 6.885916429115135e-07 6.793890776985866e-07 6.483337929571877e-07 6.179796287479918e-07 5.845965984519500e-07 5.487524654130063e-07 5.107000959862461e-07 4.716517007007339e-07 4.322061637557869e-07 3.933195971017392e-07 3.562240354322848e-07 3.218749654661276e-07 2.916783078839201e-07 2.670770024660406e-07 2.507692850633876e-08 3.324526686320432e-08 4.248877507615590e-08 5.260623330824895e-08 6.325425785219959e-08 7.394025325111170e-08 8.410427981252872e-08 9.320450883089460e-08 1.008896971151463e-07 1.070427229425143e-07 1.117507582496571e-07 1.152373730952673e-07 1.136087420419744e-07 1.146214842972443e-07 1.148934038767742e-07 1.164767145987093e-07 1.194400713421675e-07 1.213913061364567e-07 1.266753120625511e-07 1.322057594350546e-07 1.395846438975991e-07 1.484903505346449e-07 1.582572769282007e-07 1.680425277574807e-07 1.768846263349426e-07 1.837117724063873e-07 1.874262821066920e-07 1.867672113949080e-07 1.802336109330035e-07 1.656236331725973e-07
-4.784310356500024e-05 -5.885952480161762e-04 -1.985283992507976e-04 8.945822766398804e-08 7.917314856954678e-08 6.884783518750690e-08 5.877130866785662e-08 4.917822307230350e-08 4.022077505943638e-08 3.196383638904595e-08 2.438754577244539e-08 1.742565248364454e-08 1.100065308733489e-08 5.065144103308424e-09 -3.869875132472468e-10 -5.242890167180099e-09 -9.602159403951807e-09 -1.342195987168992e-08 -1.651570256101912e-08 -1.941642661201278e-08 -2.141088577737336e-08 -2.298660395840477e-08 -2.398697422058331e-08 -2.453263572392696e-08 -2.468479495238299e-08 -2.450429633389248e-08 -2.405873522972800e-08 -2.341748824793851e-08 -2.264794436017729e-08 -2.182060937387153e-08 -2.100163305059995e-08 -2.025620558712879e-08 -1.963978126395083e-08 9.234816319769853e-07 9.838109814265270e-07 1.030065146341104e-06 1.061697544641627e-06 1.078850103901621e-06 1.081418434499859e-06 1.070307663856279e-06 1.046728968749888e-06 1.012826149756696e-06 1.044768001726642e-06 9.247084246674616e-07 8.770233833878846e-07 8.063903643113326e-07 7.579010668498579e-07 7.306098035191375e-07 7.063480251033186e-07 6.905360202106476e-07 6.839598866498519e-07 6.549237900815345e-07 6.261180488963661e-07 5.939540310437776e-07 5.585983142509987e-07 5.210815259300568e-07 4.819278666325499e-07 4.421864156936103e-07 4.029572893781386e-07 3.651894912565435e-07 3.302064028853247e-07 2.993650184528894e-07 2.741640409760521e-07 1.704405517527490e-08 2.342073088325129e-08 3.087108508796974e-08 3.930501205042838e-08 4.852383447673735e-08 5.818630582601477e-08 6.783184860747662e-08 7.691846056352229e-08 8.497042055265600e-08 9.165256460011634e-08 9.687594928870906e-08 1.007422547342348e-07 9.986896469802432e-08 1.011681796871444e-07 1.017973696141003e-07 1.036547898620593e-07 1.068496828950450e-07 1.092473510290680e-07 1.147449640532577e-07 1.205616809477639e-07 1.281484187329447e-07 1.372202101256599e-07 1.471663763103975e-07 1.571964135836494e-07 1.663916428160501e-07 1.737122612200997e-07 1.780778043273519e-07 1.782385763429656e-07 1.727021941207985e-07 1.592894114632524e-07
-4.681291749420532e-05 -5.750668366805865e-04 -1.942938644426903e-04 9.184777274696583e-08 8.213994899969752e-08 7.221538741377656e-08 6.236322734708701e-08 5.284206414061671e-08 4.385173647463490e-08 3.552002554508755e-08 2.788619649046652e-08 2.091824441589678e-08 1.453354765054611e-08 8.643934387945315e-09 3.188073015236106e-09 -1.822596934844059e-09 -6.376747887607662e-09 -1.049267493860631e-08 -1.397932692201471e-08 -1.725281221387089e-08 -1.966652176746149e-08 -2.162847593550419e-08 -2.298436273917311e-08 -2.384267089196498e-08 -2.426263069772620e-08 -2.430578703096630e-08 -2.404196706512266e-08 -2.354384125839688e-08 -2.288287961244884e-08 -2.213426790795059e-08 -2.136915986036348e-08 -2.065782593665803e-08 -2.006039995141767e-08 8.312130789571870e-07 8.892799119665928e-07 9.353599232663535e-07 9.691921217042438e-07 9.902893305617759e-07 9.988331466741146e-07 9.953201958487081e-07 9.806914345718771e-07 9.564861871692929e-07 9.247084246674617e-07 9.536884099626049e-07 8.490475202408726e-07 7.867204598894786e-07 7.446400773535208e-07 7.223529984571496e-07 7.022844290380956e-07 6.899450728559521e-07 6.863418979904275e-07 6.596994577673779e-07 6.328855067318923e-07 6.019486500839632e-07 5.677589697760450e-07 5.306788380975742e-07 4.917211614762229e-07 4.519734851666717e-07 4.123531699927472e-07 3.741410228610555e-07 3.385672953011990e-07 3.071373016003966e-07 2.813668524094722e-07 1.064523104845092e-08 1.549773770874503e-08 2.135862614189165e-08 2.820569075737539e-08 3.594432771279769e-08 4.436950274980985e-08 5.315604111708153e-08 6.185341927986058e-08 6.997604754519064e-08 7.707462838934265e-08 8.285857710309236e-08 8.726933961951774e-08 8.726993120515223e-08 8.892018042041682e-08 8.985905477508538e-08 9.186929152420133e-08 9.513353910973165e-08 9.778957011503268e-08 1.033338726742812e-07 1.092815236911146e-07 1.169404161770348e-07 1.260585872078647e-07 1.360773359620889e-07 1.462573744265514e-07 1.557233714510156e-07 1.634692455023398e-07 1.684339906889693e-07 1.693817474767687e-07 1.648314523613001e-07 1.526301338485825e-07
-4.590328780131783e-05 -5.630368874533279e-04 -1.905589060211560e-04 9.401317002686050e-08 8.492015153069846e-08 7.545871409040287e-08 6.590565140541695e-08 5.652388907942380e-08 4.753820267853208e-08 3.912222171126565e-08 3.137329167265313e-08 2.431391157825470e-08 1.789211452270748e-08 1.201477182755317e-08 6.582536510887884e-09 1.500219564714182e-09 -3.141741659339858e-09 -7.449739739866631e-09 -1.125275332859617e-08 -1.485257682828645e-08 -1.767475053951330e-08 -2.003333841229608e-08 -2.176897961135142e-08 -2.296997605225899e-08 -2.368916928098942e-08 -2.398655413527226e-08 -2.393312745939471e-08 -2.360439012567313e-08 -2.307571975225499e-08 -2.242697038673611e-08 -2.173444633067157e-08 -2.107379270132144e-08 -2.051025772476661e-08 7.491391350862382e-07 8.044992348944110e-07 8.498972318433076e-07 8.845627097487409e-07 9.083622145259809e-07 9.212190629346465e-07 9.235954538743136e-07 9.160973212439041e-07 8.999771041949005e-07 8.770233833878846e-07 8.490475202408726e-07 8.775385336429161e-07 7.645470924707780e-07 7.291140214211323e-07 7.121943454515194e-07 6.967072048305823e-07 6.882291302578509e-07 6.879365002850921e-07 6.641417790648178e-07 6.393570754779238e-07 6.102749013733998e-07 5.771563399385549e-07 5.407931700802585e-07 5.022331646173121e-07 4.624407633975157e-07 4.225641974493018e-07 3.838853666826338e-07 3.477561595459896e-07 3.156663685926713e-07 2.894315888434678e-07 5.643560879148026e-09 9.238420485673423e-09 1.374940674941338e-08 1.919139289681221e-08 2.553448222634644e-08 3.267307153693326e-08 4.040532915604495e-08 4.840597976000162e-08 5.626393596296242e-08 6.351798143431568e-08 6.976686022654895e-08 7.476552977203846e-08 7.574725499409697e-08 7.787615694165698e-08 7.917637195310233e-08 8.131450086721225e-08 8.456002691179093e-08 8.732950235120243e-08 9.278292418619479e-08 9.872247487068485e-08 1.063318514110456e-07 1.153916926306985e-07 1.253927101453139e-07 1.356448079736198e-07 1.453149186787393e-07 1.534302761410981e-07 1.589493202323209e-07 1.606497549374140e-07 1.570609604610885e-07 1.460541567071588e-07
-4.389295844078024e-05 -5.375441438705066e-04 -1.822528434876774e-04 9.336137148621766e-08 8.512808900007578e-08 7.641449645609819e-08 6.747261956661064e-08 5.855112294680361e-08 4.987560514364954e-08 4.163982956681162e-08 3.398044500786658e-08 2.697196135632709e-08 2.061190069852321e-08 1.483665444367600e-08 9.544482640450256e-09 4.556789289394649e-09 2.681783011421505e-11 -4.254715928595710e-09 -8.170171039550726e-09 -1.191875814046736e-08 -1.502619204579015e-08 -1.769936394000730e-08 -1.977170812495700e-08 -2.129957423529978e-08 -2.232127352788526e-08 -2.288955362356191e-08 -2.307251246790793e-08 -2.294542562181684e-08 -2.258508898593483e-08 -2.207366992373301e-08 -2.149053882302126e-08 -2.091479203627080e-08 -2.041529804685144e-08 6.580267274314422e-07 7.093044611535669e-07 7.520565522359002e-07 7.859365529170512e-07 8.106525655039025e-07 8.261736319071014e-07 8.327285645832560e-07 8.308375046495080e-07 8.217028746203632e-07 8.063903643113326e-07 7.867204598894786e-07 7.645470924707780e-07 7.706201958451180e-07 6.920008291113879e-07 6.809675422396597e-07 6.706925319125768e-07 6.665688374227351e-07 6.699738966099450e-07 6.497176399307168e-07 6.282614225512840e-07 6.017900686323703e-07 5.709386763043836e-07 5.365358094637594e-07 4.994499157096192e-07 4.608369483269677e-07 4.218638332204891e-07 3.838144986639410e-07 3.480704592319616e-07 3.163541207995843e-07 2.902065298707998e-07 1.734126058988853e-09 4.236162349024788e-09 7.532329818203279e-09 1.165494873842500e-08 1.661043855273546e-08 2.235796501573656e-08 2.879019337376843e-08 3.570355560143161e-08 4.280351998903703e-08 4.970540752633368e-08 5.600085498227833e-08 6.134736099211067e-08 6.326207723042368e-08 6.591184667520147e-08 6.763313090192380e-08 6.989628835795945e-08 7.302916696571427e-08 7.575151152660515e-08 8.086870060248026e-08 8.651876942967379e-08 9.375818106153084e-08 1.024102802582653e-07 1.120285273880282e-07 1.219892317347515e-07 1.315229282193981e-07 1.397158121691152e-07 1.455738084152458e-07 1.479209679025742e-07 1.453360813715666e-07 1.357699243903083e-07
-4.311829638468005e-05 -5.272219859729604e-04 -1.790757895409495e-04 9.491291158545756e-08 8.729215343028478e-08 7.909668075057487e-08 7.055961878490083e-08 6.191666448251969e-08 5.338904466478258e-08 4.517879126216770e-08 3.744601334511549e-08 3.030433192897693e-08 2.379891475848157e-08 1.790982269565648e-08 1.255950302952090e-08 7.515280942526007e-09 3.004881729427105e-09 -1.288683056242663e-09 -5.319271635490721e-09 -9.216110264260773e-09 -1.261446722496359e-08 -1.562708358042383e-08 -1.807501261827936e-08 -1.997563488900655e-08 -2.134508534209870e-08 -2.222372990984111e-08 -2.267452973936574e-08 -2.277239992316257e-08 -2.259658299950062e-08 -2.223327210767932e-08 -2.176683986423069e-08 -2.128194467637830e-08 -2.085310456918264e-08 5.939059256639739e-07 6.421006432752253e-07 6.831353287368602e-07 7.164889731432542e-07 7.419705234337071e-07 7.594180976212885e-07 7.690403589017103e-07 7.714449646075061e-07 7.673048396482313e-07 7.579010668498579e-07 7.446400773535208e-07 7.291140214211323e-07 6.920008291113879e-07 7.166094656480843e-07 6.649118651053647e-07 6.596634993364486e-07 6.600795829253658e-07 6.672893238012552e-07 6.507229589701146e-07 6.320877320774334e-07 6.079303588815035e-07 5.789115856023828e-07 5.456897744067291e-07 5.093647532698254e-07 4.711090984159318e-07 4.321191297184744e-07 3.937879152371308e-07 3.576912939692504e-07 3.254013146841232e-07 2.987498152009336e-07 -1.118882757635556e-09 5.772494772106268e-10 2.970214070095170e-09 6.100006096761651e-09 9.991569940507575e-09 1.464051658888203e-08 1.999768040165892e-08 2.594532984351313e-08 3.228952437990101e-08 3.874227856718639e-08 4.494841383749526e-08 5.054304476535022e-08 5.330330812607440e-08 5.654463618673016e-08 5.881266313011779e-08 6.135576453755678e-08 6.452019284145518e-08 6.725140565465460e-08 7.211739909284181e-08 7.753274010855952e-08 8.448553232811880e-08 9.284762981337947e-08 1.022285688284799e-07 1.120573557458347e-07 1.216098177994722e-07 1.300088863914794e-07 1.362837823451628e-07 1.392756195029725e-07 1.375762612736929e-07 1.291618512387327e-07
-4.363303433512762e-05 -5.326563623869326e-04 -1.812542665824820e-04 9.907651296791220e-08 9.183464592980085e-08 8.392865448893951e-08 7.557975767497066e-08 6.701542740868892e-08 5.845329971530292e-08 5.009926074913403e-08 4.212690016927691e-08 3.467630801252304e-08 2.783054486481970e-08 2.161366408927461e-08 1.598645032114956e-08 1.068311207922562e-08 6.039843119136705e-09 1.635324952370434e-09 -2.560342041792346e-09 -6.630042726740034e-09 -1.033843660913897e-08 -1.372364180958619e-08 -1.659781570349062e-08 -1.893483957362667e-08 -2.071970482960268e-08 -2.197222560141956e-08 -2.274521178792018e-08 -2.311139961038264e-08 -2.315288120037557e-08 -2.296167465447860e-08 -2.262954707440643e-08 -2.224944872646569e-08 -2.190421184212324e-08 5.522065591736192e-07 5.987462867612125e-07 6.388991319086448e-07 6.723142999310840e-07 6.986391857094111e-07 7.177528344300272e-07 7.300299390720693e-07 7.356044247921283e-07 7.354582358556410e-07 7.306098035191375e-07 7.223529984571496e-07 7.121943454515194e-07 6.809675422396597e-07 6.649118651053647e-07 7.093238328578698e-07 6.644626951640937e-07 6.695305387032028e-07 6.814744508754632e-07 6.684055453667016e-07 6.526523397436947e-07 6.306709528600913e-07 6.029506547445953e-07 5.703643693830765e-07 5.340396962576010e-07 4.952343668223532e-07 4.552579954827343e-07 4.157425785774980e-07 3.781957577756517e-07 3.444688297417469e-07 3.166365583155717e-07 -3.321674758677303e-09 -2.235809859028953e-09 -5.271235342341294e-10 1.847825762576150e-09 4.923847902040249e-09 8.717308278343229e-09 1.321358350188861e-08 1.835061838589808e-08 2.400828416480162e-08 2.998616001175256e-08 3.600555613306916e-08 4.173480931321121e-08 4.520733281974545e-08 4.906403459730911e-08 5.197239961773231e-08 5.496958720169849e-08 5.836082561140547e-08 6.123318649132848e-08 6.599164344617977e-08 7.127283459682574e-08 7.804816570182771e-08 8.625063996045363e-08 9.554775345398317e-08 1.054147609554639e-07 1.151593890069669e-07 1.239217410222558e-07 1.307307230417302e-07 1.344143676969257e-07 1.335391424026003e-07 1.260495618146156e-07
-4.444416718224583e-05 -5.416693277862920e-04 -1.846659168681957e-04 1.037297585892646e-07 9.682772841642075e-08 8.918357400606959e-08 8.100831214438315e-08 7.252185150459274e-08 6.393702741020510e-08 5.545941151177538e-08 4.726790360958678e-08 3.951719157209251e-08 3.231525577726534e-08 2.572156622341557e-08 1.973738688456678e-08 1.407603080378895e-08 9.217158863628994e-09 4.653652565433823e-09 2.902360316818613e-10 -3.913069577624273e-09 -7.877100237299637e-09 -1.158791819333290e-08 -1.486803708495458e-08 -1.765176628072668e-08 -1.988707741523433e-08 -2.156302448932834e-08 -2.271272623382949e-08 -2.340025569554286e-08 -2.370721573896923e-08 -2.373034628500227e-08 -2.356901214627361e-08 -2.332532808823772e-08 -2.309161311682108e-08 5.170961261219447e-07 5.620808694397697e-07 6.014347196887184e-07 6.346658608872833e-07 6.615302432080827e-07 6.820623014356443e-07 6.961856120485735e-07 7.044192130161279e-07 7.074917795222770e-07 7.063480251033186e-07 7.022844290380956e-07 6.967072048305823e-07 6.706925319125767e-07 6.596634993364487e-07 6.644626951640937e-07 7.134878101831654e-07 6.797101776954310e-07 6.966672345434906e-07 6.877404799718610e-07 6.755272007080410e-07 6.561039760640067e-07 6.301194051413040e-07 5.984462802884174e-07 5.622672130882865e-07 5.229436650134888e-07 4.820537009071780e-07 4.411390359047958e-07 4.019985352986729e-07 3.667892517346455e-07 3.374924391270890e-07 -5.039832315248253e-09 -4.451666358373028e-09 -3.308612842498266e-09 -1.566422938973577e-09 8.147308122898540e-10 3.863375500070723e-09 7.585886815890435e-09 1.195619293387320e-08 1.690570085027055e-08 2.230456145013610e-08 2.795292626075272e-08 3.358500045985484e-08 3.753477419267176e-08 4.186452505237676e-08 4.538555636345827e-08 4.889777917146631e-08 5.264036394073372e-08 5.576976623117254e-08 6.050775016147485e-08 6.568303773336465e-08 7.226295691373315e-08 8.025618401342686e-08 8.940428362345887e-08 9.924261708906044e-08 1.091205822455654e-07 1.182008957914649e-07 1.255139613271170e-07 1.298731244573025e-07 1.298146534069098e-07 1.232424967002691e-07
-4.591291424241009e-05 -5.586387118637852e-04 -1.908127850629668e-04 1.097512880822757e-07 1.031031085699153e-07 9.563648590665174e-08 8.755552310473312e-08 7.907546063371438e-08 7.040628593961858e-08 6.175358270018662e-08 5.329899835098396e-08 4.520556264611244e-08 3.759613447857103e-08 3.055427584120747e-08 2.411413010767341e-08 1.796211306985374e-08 1.275601651798759e-08 7.914255576261688e-09 3.298324877433106e-09 -1.073215669058637e-09 -5.290559941782830e-09 -9.306718090004965e-09 -1.298057651600740e-08 -1.622253833218010e-08 -1.894655267868272e-08 -2.110398570104161e-08 -2.269761945867320e-08 -2.377357129296773e-08 -2.440717312801068e-08 -2.469754165789542e-08 -2.475167077342423e-08 -2.468224049708029e-08 -2.459302819090181e-08 4.915045242980736e-07 5.354519449373206e-07 5.742700920617418e-07 6.074972829432419e-07 6.350735740231808e-07 6.566302387477266e-07 6.724687624910961e-07 6.828908140035263e-07 6.885916429115135e-07 6.905360202106476e-07 6.899450728559521e-07 6.882291302578509e-07 6.665688374227351e-07 6.600795829253658e-07 6.695305387032028e-07 6.797101776954309e-07 7.403612155337806e-07 7.180635858107376e-07 7.139095826756501e-07 7.056920902246703e-07 6.893628352426528e-07 6.654470095488261e-07 6.348153115407042e-07 5.987394261285941e-07 5.588444126372090e-07 5.166078365763726e-07 4.739155086947822e-07 4.328789162647711e-07 3.955871219072288e-07 3.645516861798540e-07 -6.419182540439141e-09 -6.235970734931727e-09 -5.556038339365448e-09 -4.335464093452810e-09 -2.531766001217205e-09 -1.088427356100750e-10 2.952768843203653e-09 6.650086226052324e-09 1.094821356591330e-08 1.576729854036644e-08 2.097147866867132e-08 2.636398428611196e-08 3.058379408657834e-08 3.522362461808684e-08 3.926159096613657e-08 4.330312282315146e-08 4.749446824599514e-08 5.102760043701370e-08 5.590822630232856e-08 6.110393473975625e-08 6.757335362971013e-08 7.540333059596228e-08 8.442130935294489e-08 9.423735225820386e-08 1.042541749938639e-07 1.136626098004568e-07 1.214936325720174e-07 1.265382070643274e-07 1.272881229516794e-07 1.215828620771351e-07
-4.817007707959024e-05 -5.851135974067150e-04 -2.002405075140974e-04 1.174793320940576e-07 1.110066913927719e-07 1.036341532025020e-07 9.556217310726988e-08 8.700459465049130e-08 7.817146617635316e-08 6.927063783277183e-08 6.048711134854190e-08 5.199039726278458e-08 4.391266533108406e-08 3.635252157233566e-08 2.936663597451539e-08 2.259539980315729e-08 1.690633550993530e-08 1.164027880805270e-08 6.635956745616666e-09 2.004283608672757e-09 -2.516803865532917e-09 -6.848979261347938e-09 -1.091270378555511e-08 -1.461861453093273e-08 -1.786166020985432e-08 -2.055705149043309e-08 -2.266899816111112e-08 -2.421428448446581e-08 -2.525256122783091e-08 -2.587992454657217e-08 -2.620930975722898e-08 -2.636482208323350e-08 -2.646383717287469e-08 4.749734319811869e-07 5.184549997818412e-07 5.570885430009336e-07 5.907806279257444e-07 6.189606488252292e-07 6.416848186699007e-07 6.590853853207499e-07 6.714038453285131e-07 6.793890776985866e-07 6.839598866498519e-07 6.863418979904274e-07 6.879365002850920e-07 6.699738966099450e-07 6.672893238012552e-07 6.814744508754632e-07 6.966672345434905e-07 7.180635858107376e-07 7.944900020853531e-07 7.482141289746007e-07 7.447374478572963e-07 7.321343439192055e-07 7.107522863117198e-07 6.814139386049824e-07 6.456151539948990e-07 6.048666754300609e-07 5.609865387914922e-07 5.162027814350387e-07 4.725918616430043e-07 4.328193394602282e-07 3.995571694307435e-07 -7.570206995225312e-09 -7.724159794755549e-09 -7.430845328861129e-09 -6.647165673429712e-09 -5.329094139964956e-09 -3.435375218174668e-09 -9.376949970084461e-10 2.176572412767699e-09 5.894782126419911e-09 1.017105575658357e-08 1.491598320401651e-08 1.999044003727764e-08 2.431930670281846e-08 2.910910918824385e-08 3.352727644656645e-08 3.803492688740667e-08 4.271512072698626e-08 4.676217127819274e-08 5.196209806193069e-08 5.735526718305947e-08 6.386517421019888e-08 7.163943497744772e-08 8.059121544499913e-08 9.041755956079378e-08 1.005907466913742e-07 1.103421064166058e-07 1.187080176345393e-07 1.244524241155997e-07 1.260085991580905e-07 1.211255663730266e-07
-4.895000697853571e-05 -5.935720698694359e-04 -2.035309902835736e-04 1.211803983823491e-07 1.151375747585817e-07 1.081460579272825e-07 1.003962042178660e-07 9.209373897999745e-08 8.344227871532036e-08 7.464546693386290e-08 6.588545937989021e-08 5.733140917348074e-08 4.911695023075473e-08 4.134586770997760e-08 3.408569556520444e-08 2.692457929280313e-08 2.092049858090623e-08 1.535174476605300e-08 1.005182286372220e-08 5.255173225358023e-09 5.502790224539403e-10 -3.938534341468259e-09 -8.206591864722750e-09 -1.219151247592266e-08 -1.579884508148954e-08 -1.892673718283372e-08 -2.150431554556790e-08 -2.351043388770097e-08 -2.497539504995214e-08 -2.597885028434251e-08 -2.662938446827802e-08 -2.705532532672899e-08 -2.738306770552496e-08 4.452139085682981e-07 4.866412685798773e-07 5.240187503245425e-07 5.565894600651967e-07 5.844070460128625e-07 6.072761563670740e-07 6.252769554221268e-07 6.387520116810978e-07 6.483337929571878e-07 6.549237900815345e-07 6.596994577673779e-07 6.641417790648178e-07 6.497176399307168e-07 6.507229589701146e-07 6.684055453667016e-07 6.877404799718611e-07 7.139095826756501e-07 7.482141289746005e-07 8.019148581834579e-07 7.568791829132606e-07 7.491631616500031e-07 7.318172928665686e-07 7.056589409158247e-07 6.718644643596578e-07 6.321741616321873e-07 5.886558008130767e-07 5.433890991824984e-07 4.989499841103003e-07 4.581031502078254e-07 4.237787003923810e-07 -8.173696516363270e-09 -8.596611395914927e-09 -8.633516774170147e-09 -8.244260201019409e-09 -7.385936795779943e-09 -6.015403011538552e-09 -4.099381037953837e-09 -1.614860846512008e-09 1.441004587404785e-09 5.046936683035764e-09 9.148632385586307e-09 1.365445379360383e-08 1.778351433826342e-08 2.236926264389397e-08 2.680653216297123e-08 3.144317126002240e-08 3.633324299173801e-08 4.073537667246727e-08 4.612736826425611e-08 5.164104891719016e-08 5.807669773677788e-08 6.559834738393283e-08 7.418439057728800e-08 8.362799723707583e-08 9.350579090458300e-08 1.031410629615405e-07 1.116331787757224e-07 1.177804989650064e-07 1.200245293029639e-07 1.161102344969542e-07
-4.973481764779043e-05 -6.020485878800517e-04 -2.068438195840901e-04 1.243101497892762e-07 1.187478739130864e-07 1.121912887000024e-07 1.048206678694902e-07 9.683389747315921e-08 8.842866444035785e-08 7.980502689981535e-08 7.114285691891118e-08 6.261105047531570e-08 5.434362042055632e-08 4.644626020655854e-08 3.899078702532162e-08 3.149902479377028e-08 2.521641972113317e-08 1.934624479876658e-08 1.371506787155928e-08 8.703355015301386e-09 3.766583023952913e-09 -8.932161799876571e-10 -5.335712615851391e-09 -9.532861756278589e-09 -1.342504744447432e-08 -1.691980338209050e-08 -1.992810429121070e-08 -2.239392597754341e-08 -2.431090937577305e-08 -2.573097752757978e-08 -2.674836947535035e-08 -2.748900935103775e-08 -2.808500999595322e-08 4.178695179486062e-07 4.575226329400086e-07 4.931699839499110e-07 5.247561995819098e-07 5.519389996557348e-07 5.746421800859493e-07 5.929809905835981e-07 6.072053415170398e-07 6.179796287479918e-07 6.261180488963661e-07 6.328855067318923e-07 6.393570754779238e-07 6.282614225512840e-07 6.320877320774334e-07 6.526523397436947e-07 6.755272007080409e-07 7.056920902246702e-07 7.447374478572963e-07 7.568791829132606e-07 8.112209672486335e-07 7.620625427750591e-07 7.495677530556841e-07 7.272191726289676e-07 6.962297306225026e-07 6.584504758340099e-07 6.157157560399051e-07 5.705856943263688e-07 5.256913280663220e-07 4.840456580190614e-07 4.488794770253487e-07 -8.485372552986688e-09 -9.113032216410286e-09 -9.411497814295946e-09 -9.344066087974533e-09 -8.869752419067931e-09 -7.944994232201090e-09 -6.533723158093522e-09 -4.605970304634161e-09 -2.148308187633748e-09 8.349488058638171e-10 4.313605276518193e-09 8.229360518115717e-09 1.205181915425970e-08 1.629352517630926e-08 2.055800214848429e-08 2.511375078943758e-08 3.002052335860825e-08 3.464048681464836e-08 4.017742721448358e-08 4.583931291410458e-08 5.228820011439797e-08 5.965015427887529e-08 6.792468309192006e-08 7.697221472492321e-08 8.646987105031057e-08 9.585057219830875e-08 1.043053596882169e-07 1.106968949722438e-07 1.135011333994785e-07 1.104827667897390e-07
-5.018441541819134e-05 -6.064347539505119e-04 -2.087641797160437e-04 1.258447883679730e-07 1.208744186416317e-07 1.148697367962952e-07 1.079995108275587e-07 1.004527937906828e-07 9.242080312357132e-08 8.409976125613010e-08 7.566730345369665e-08 6.729211418797728e-08 5.910837973323463e-08 5.122258065699677e-08 4.370765193902844e-08 3.601380041143898e-08 2.956073046067308e-08 2.346873345995106e-08 1.754687725622106e-08 1.232773264407251e-08 7.141554278613682e-09 2.298617877034972e-09 -2.300021325806700e-09 -6.648415027571561e-09 -1.073000453840365e-08 -1.448623303533152e-08 -1.783646581493256e-08 -2.070657512376429e-08 -2.305641580745324e-08 -2.490248612839970e-08 -2.631305661475875e-08 -2.740106791559388e-08 -2.829710908950615e-08 3.904210074695795e-07 4.277297592145212e-07 4.616444756036032e-07 4.918065819817845e-07 5.180545352034799e-07 5.402255118791037e-07 5.584970803031882e-07 5.730928452308377e-07 5.845965984519500e-07 5.939540310437776e-07 6.019486500839632e-07 6.102749013733998e-07 6.017900686323704e-07 6.079303588815035e-07 6.306709528600913e-07 6.561039760640068e-07 6.893628352426528e-07 7.321343439192055e-07 7.491631616500031e-07 7.620625427750591e-07 8.113936787792603e-07 7.581065196946506e-07 7.404254282125627e-07 7.133725568834669e-07 6.783504838473545e-07 6.375187125982154e-07 5.934019515024805e-07 5.488225769793888e-07 5.070469837000014e-07 4.716711239626708e-07 -8.491287512980870e-09 -9.263203514338402e-09 -9.760223797060512e-09 -9.949503549599290e-09 -9.792797080527600e-09 -9.247416619303456e-09 -8.276311423944309e-09 -6.845151796321064e-09 -4.933236241983739e-09 -2.532816005747222e-09 3.430735417139170e-10 3.659754211256306e-09 7.096948965596088e-09 1.089086530480330e-08 1.482328909755776e-08 1.909802891250096e-08 2.379646337147209e-08 2.841822204090654e-08 3.392957303795721e-08 3.965261612808255e-08 4.609465364252396e-08 5.333230999126902e-08 6.133141299353720e-08 6.997315284698855e-08 7.900587903864492e-08 8.797206999901128e-08 9.618000236765494e-08 1.025967690104761e-07 1.057777170213443e-07 1.035559297861705e-07
-5.025196038314883e-05 -6.061887342344232e-04 -2.090960797261276e-04 1.254787850921369e-07 1.212338737358206e-07 1.159169440642791e-07 1.096835834582512e-07 1.027130456159193e-07 9.518978340769389e-08 8.730631034141474e-08 7.923855524582753e-08 7.115564639800869e-08 6.319268107785704e-08 5.545744401861703e-08 4.802350867269877e-08 4.027121524993552e-08 3.377784973663922e-08 2.757907951232908e-08 2.145377150001666e-08 1.607960621128686e-08 1.065773455441960e-08 5.623860654204244e-09 8.645863066899943e-10 -3.609348010926698e-09 -7.812673144064261e-09 -1.172857961759853e-08 -1.530874931560187e-08 -1.848676394502200e-08 -2.120502738321492e-08 -2.344725252311188e-08 -2.524827754920943e-08 -2.669665454757776e-08 -2.791116609545290e-08 3.626935641878326e-07 3.976405122842551e-07 4.295217402928537e-07 4.580170111356701e-07 4.829714717510832e-07 5.043498235678214e-07 5.221806397954090e-07 5.367637189348869e-07 5.487524654130063e-07 5.585983142509986e-07 5.677589697760449e-07 5.771563399385549e-07 5.709386763043836e-07 5.789115856023829e-07 6.029506547445953e-07 6.301194051413041e-07 6.654470095488261e-07 7.107522863117198e-07 7.318172928665685e-07 7.495677530556841e-07 7.581065196946505e-07 8.011489745082940e-07 7.440749023419999e-07 7.216312334745586e-07 6.905090727299093e-07 6.526139737879189e-07 6.104972547364501e-07 5.671386967442465e-07 5.261170056015722e-07 4.911567083701734e-07 -8.228335056119268e-09 -9.089519766080329e-09 -9.726886865602671e-09 -1.011166344539170e-08 -1.020884425762492e-08 -9.977589219512782e-09 -9.381305638776370e-09 -8.383350071604316e-09 -6.958208668474455e-09 -5.089478953594504e-09 -2.777755576064777e-09 -4.042808239924495e-11 2.973223418005693e-09 6.270146343530268e-09 9.774354400823783e-09 1.362996966323003e-08 1.793820935149422e-08 2.234544093710361e-08 2.761970046789173e-08 3.322975336038206e-08 3.956547070591151e-08 4.664494806530101e-08 5.439237859819697e-08 6.265418279847548e-08 7.120095084320112e-08 7.965447949713312e-08 8.744219580679255e-08 9.366642857925939e-08 9.701027845497368e-08 9.543424986066774e-08
-4.990714802523478e-05 -6.009721706762665e-04 -2.077121346840916e-04 1.229847274496956e-07 1.196152493595699e-07 1.151350530615781e-07 1.096846897875331e-07 1.034327200456704e-07 9.655680946789635e-08 8.924627530160144e-08 8.167631203207588e-08 7.401759775807503e-08 6.640741333643491e-08 5.895621974981258e-08 5.173925982388455e-08 4.407460962037698e-08 3.767703754889404e-08 3.150418627198204e-08 2.529582249593237e-08 1.986048694995061e-08 1.426127878401749e-08 9.058771412495209e-09 4.138412796040732e-09 -4.583202007134344e-10 -4.751413854050611e-09 -8.753929102094940e-09 -1.245723856798608e-08 -1.582556438242127e-08 -1.880871578191960e-08 -2.137321099590805e-08 -2.352303697327364e-08 -2.531512094239001e-08 -2.684554590007751e-08 3.351193815892408e-07 3.674792028610524e-07 3.970769565863892e-07 4.236907723866348e-07 4.471563226378314e-07 4.673843429325259e-07 4.845361566523883e-07 4.988824711085506e-07 5.107000959862461e-07 5.210815259300569e-07 5.306788380975742e-07 5.407931700802584e-07 5.365358094637594e-07 5.456897744067291e-07 5.703643693830765e-07 5.984462802884175e-07 6.348153115407042e-07 6.814139386049824e-07 7.056589409158248e-07 7.272191726289676e-07 7.404254282125627e-07 7.440749023419999e-07 7.801832354134216e-07 7.201067935287293e-07 6.937323955764414e-07 6.597617793909764e-07 6.206887411392072e-07 5.796361688053739e-07 5.402095484576038e-07 5.064369576370704e-07 -7.740107462937815e-09 -8.641937812155400e-09 -9.367252559066810e-09 -9.891334583444061e-09 -1.018264595064994e-08 -1.020282148125881e-08 -9.916879984782843e-09 -9.287505087910290e-09 -8.286289752199625e-09 -6.890833318048448e-09 -5.092540195303614e-09 -2.895798575231558e-09 -3.151393435166904e-10 2.475924351724271e-09 5.509037609162725e-09 8.871775466490704e-09 1.267414169794375e-08 1.669587245083523e-08 2.153567627760417e-08 2.682547485757090e-08 3.287696456562619e-08 3.968900418902085e-08 4.714010800336308e-08 5.503612134240020e-08 6.311333929003881e-08 7.102238882466879e-08 7.828009261629725e-08 8.413002610629119e-08 8.742168038984950e-08 8.630519295995698e-08
-4.915029561281367e-05 -5.908175956154592e-04 -2.046122971859835e-04 1.182597641675141e-07 1.159244832988684e-07 1.124354673114158e-07 1.079163046292776e-07 1.025241106063070e-07 9.643004862545197e-08 8.982116136336354e-08 8.287332231148802e-08 7.576027596144123e-08 6.862313769672842e-08 6.157685903041542e-08 5.470010378114498e-08 4.726038473646683e-08 4.108654659314171e-08 3.507181286971575e-08 2.891402917548104e-08 2.353593573102410e-08 1.785708819211997e-08 1.254880654735708e-08 7.494529083711034e-09 2.779955916821587e-09 -1.595269093225144e-09 -5.648487666893094e-09 -9.398965426694166e-09 -1.284818785651978e-08 -1.597504282389134e-08 -1.875232499918142e-08 -2.116802152458048e-08 -2.324988740392405e-08 -2.506461193600509e-08 3.079565769722159e-07 3.376193321506754e-07 3.648076848929381e-07 3.893534285088793e-07 4.111220380101520e-07 4.300367739130683e-07 4.463182785665183e-07 4.599113564117535e-07 4.716517007007339e-07 4.819278666325498e-07 4.917211614762229e-07 5.022331646173121e-07 4.994499157096192e-07 5.093647532698254e-07 5.340396962576010e-07 5.622672130882865e-07 5.987394261285941e-07 6.456151539948990e-07 6.718644643596578e-07 6.962297306225026e-07 7.133725568834669e-07 7.216312334745586e-07 7.201067935287293e-07 7.491894562262957e-07 6.874744335695092e-07 6.582704696269854e-07 6.233069597934374e-07 5.855112461118733e-07 5.486225156541997e-07 5.168298901002205e-07 -7.077265596667455e-09 -7.978460919381927e-09 -8.746205453907415e-09 -9.359645736883410e-09 -9.790681249116124e-09 -1.000373024066849e-08 -9.966249978394972e-09 -9.641521288881029e-09 -8.999849047258072e-09 -8.014851884831991e-09 -6.671337698690359e-09 -4.963638344694154e-09 -2.804538093216046e-09 -5.000915671590975e-10 2.058726832330785e-09 4.908283239010153e-09 8.155491284491337e-09 1.168767460621471e-08 1.595311764321951e-08 2.073799707047134e-08 2.630679296751485e-08 3.267331341454888e-08 3.971363057665523e-08 4.719262967349849e-08 5.480779484687395e-08 6.218119666776539e-08 6.886818208703100e-08 7.422639742304001e-08 7.728426765535001e-08 7.643257484765088e-08
-4.800823412048986e-05 -5.760756808414019e-04 -1.999069150883805e-04 1.113497132968520e-07 1.102040903170205e-07 1.078548408536599e-07 1.044067418343036e-07 1.000048990236757e-07 9.481452684482645e-08 8.902163605026845e-08 8.280451563065207e-08 7.634178397298152e-08 6.978026057728583e-08 6.324138314451109e-08 5.680921940370887e-08 4.971482476166422e-08 4.387503907769616e-08 3.813671437944876e-08 3.215842822636817e-08 2.696025359114473e-08 2.132157903706492e-08 1.600422971191303e-08 1.087998491696405e-08 6.077053769317899e-09 1.627454926467392e-09 -2.466317838947096e-09 -6.226668772842971e-09 -9.680558112538866e-09 -1.284173038495934e-08 -1.570929429074810e-08 -1.827720243185930e-08 -2.055797967075810e-08 -2.259148347337586e-08 2.816069760053953e-07 3.084999267536294e-07 3.332354770773226e-07 3.555988619931297e-07 3.755263364844300e-07 3.930888454651826e-07 4.080562945357267e-07 4.210418466264668e-07 4.322061637557869e-07 4.421864156936103e-07 4.519734851666717e-07 4.624407633975157e-07 4.608369483269677e-07 4.711090984159318e-07 4.952343668223532e-07 5.229436650134888e-07 5.588444126372090e-07 6.048666754300609e-07 6.321741616321873e-07 6.584504758340100e-07 6.783504838473545e-07 6.905090727299093e-07 6.937323955764414e-07 6.874744335695093e-07 7.098528058872508e-07 6.481381768411349e-07 6.180272935151791e-07 5.843974952199261e-07 5.509298654757067e-07 5.219613553153060e-07 -6.293697339956612e-09 -7.160913627900367e-09 -7.933204005280583e-09 -8.593277354744995e-09 -9.116238275334775e-09 -9.469306984507076e-09 -9.622876040210730e-09 -9.541791800524115e-09 -9.196243572139786e-09 -8.557593094631180e-09 -7.606087325477979e-09 -6.328230309077048e-09 -4.564443172781118e-09 -2.709017342203559e-09 -6.009552340385936e-10 1.752917308309465e-09 4.448065440433358e-09 7.451289286126159e-09 1.107549760727191e-08 1.523308885960628e-08 2.015419183111155e-08 2.588745652155608e-08 3.234181600067400e-08 3.928784088910549e-08 4.638637523724905e-08 5.322691194281875e-08 5.934561145600077e-08 6.416462024950168e-08 6.686902069237306e-08 6.611294661545252e-08
-4.653330478443335e-05 -5.574001952830033e-04 -1.938126972264502e-04 1.024494540117936e-07 1.026335719200129e-07 1.015556969109542e-07 9.930017616760733e-08 9.599976647681316e-08 9.181449585070768e-08 8.693078590105533e-08 8.153125174563706e-08 7.580133175182147e-08 6.989549688838802e-08 6.394367443226281e-08 5.803728870379886e-08 5.138594124090304e-08 4.596714038535548e-08 4.060115953443599e-08 3.491358237980224e-08 3.000518561648620e-08 2.452815062664602e-08 1.931437889499550e-08 1.421314017527901e-08 9.383480912041323e-09 4.888152530753521e-09 7.616554278064914e-10 -2.998592770757071e-09 -6.421167258006301e-09 -9.542993995584270e-09 -1.239424552585657e-08 -1.499311628993931e-08 -1.735714577086841e-08 -1.951252024667581e-08 2.564422089864944e-07 2.806264075978709e-07 3.028521282102891e-07 3.230306208170876e-07 3.411743744323798e-07 3.569614064843078e-07 3.709160914548390e-07 3.828712134108887e-07 3.933195971017393e-07 4.029572893781386e-07 4.123531699927472e-07 4.225641974493018e-07 4.218638332204892e-07 4.321191297184744e-07 4.552579954827343e-07 4.820537009071780e-07 5.166078365763727e-07 5.609865387914922e-07 5.886558008130768e-07 6.157157560399051e-07 6.375187125982155e-07 6.526139737879190e-07 6.597617793909764e-07 6.582704696269854e-07 6.481381768411349e-07 6.648322831633127e-07 6.051545987318015e-07 5.763749703107432e-07 5.471337031511429e-07 5.217244640679869e-07 -5.442938625174726e-09 -6.250952872314093e-09 -6.997876033299162e-09 -7.669646968497363e-09 -8.244213491400001e-09 -8.691360077708401e-09 -8.984699326903132e-09 -9.091157346167055e-09 -8.981747637558059e-09 -8.626888367751342e-09 -8.003918858649746e-09 -7.093323542037565e-09 -5.688474785189677e-09 -4.233349750818349e-09 -2.535773876135194e-09 -6.363212975750464e-10 1.544865987292146e-09 4.029264615307216e-09 7.010805575871590e-09 1.049287627900599e-08 1.467032600226209e-08 1.962534432778069e-08 2.531812919665445e-08 3.156183626224348e-08 3.802982063057648e-08 4.428262587114534e-08 4.983290480976065e-08 5.410997147057062e-08 5.640886171355718e-08 5.563201294748226e-08
-4.482431718072590e-05 -5.359957475785418e-04 -1.867401646172597e-04 9.194177020085356e-08 9.356978627888327e-08 9.386775069125265e-08 9.289837567371903e-08 9.078205031577105e-08 8.767459974338782e-08 8.376446901108331e-08 7.924060775484628e-08 7.429729477160255e-08 6.909860899088139e-08 6.378490409018769e-08 5.845678144987711e-08 5.231650841260130e-08 4.737674130042935e-08 4.244976739022443e-08 3.713593573324313e-08 3.260103703537440e-08 2.738915155568226e-08 2.238494164108919e-08 1.740805009477931e-08 1.263434583390338e-08 8.146667752840230e-09 4.009935838981666e-09 2.527574735560766e-10 -3.133276717075888e-09 -6.185542299371321e-09 -8.953761627325689e-09 -1.148410388167839e-08 -1.381550870373668e-08 -1.597908789258105e-08 2.330032854050689e-07 2.545229407201809e-07 2.743488621354638e-07 2.924666529027745e-07 3.085465580401098e-07 3.229643841953978e-07 3.355140757545277e-07 3.464472599344669e-07 3.562240354322848e-07 3.651894912565435e-07 3.741410228610555e-07 3.838853666826338e-07 3.838144986639410e-07 3.937879152371308e-07 4.157425785774979e-07 4.411390359047958e-07 4.739155086947822e-07 5.162027814350386e-07 5.433890991824984e-07 5.705856943263688e-07 5.934019515024805e-07 6.104972547364501e-07 6.206887411392072e-07 6.233069597934374e-07 6.180272935151792e-07 6.051545987318015e-07 6.177331566030312e-07 5.623853179519213e-07 5.379113300440807e-07 5.166139070269390e-07 -4.576877197052328e-09 -5.308705967323685e-09 -6.008586277525894e-09 -6.665352012935944e-09 -7.259349885345218e-09 -7.762598451343058e-09 -8.151856711353251e-09 -8.396430565644932e-09 -8.468704176671038e-09 -8.339088200393009e-09 -7.983359505470622e-09 -7.377398582111925e-09 -6.288387162193494e-09 -5.178661780953024e-09 -3.841272665247798e-09 -2.341118551502451e-09 -6.149752720576780e-10 1.393618861102845e-09 3.778779456032385e-09 6.602037584235762e-09 1.001755068498777e-08 1.412562587418648e-08 1.893358827846925e-08 2.431545905845860e-08 2.999544222477491e-08 3.555528485808443e-08 4.048781926360932e-08 4.422358729076498e-08 4.611061596135211e-08 4.525584085896360e-08
-4.302596258525296e-05 -5.136058649781568e-04 -1.792914470429916e-04 8.035284441393021e-08 8.351019994185756e-08 8.525829288914836e-08 8.563750571085269e-08 8.475623484394446e-08 8.276735533079383e-08 7.986314764535791e-08 7.624101968791489e-08 7.210620910951623e-08 6.763438549145058e-08 6.297822004566450e-08 5.824918334524126e-08 5.265367807042098e-08 4.821946020311118e-08 4.376555760357151e-08 3.887446346271366e-08 3.476375719147638e-08 2.988937401275440e-08 2.517594394308021e-08 2.041110230161393e-08 1.577649192157803e-08 1.136269597004840e-08 7.255137461542516e-09 3.512051061824609e-09 1.559086505379791e-10 -2.830684153783910e-09 -5.495558236829920e-09 -7.901679336312741e-09 -1.011216792689185e-08 -1.217767449416854e-08 2.118310299073282e-07 2.308737127173136e-07 2.485260915891252e-07 2.644189965102697e-07 2.789125691760940e-07 2.917078254840262e-07 3.029627178924983e-07 3.129605070160523e-07 3.218749654661276e-07 3.302064028853247e-07 3.385672953011990e-07 3.477561595459896e-07 3.480704592319616e-07 3.576912939692504e-07 3.781957577756517e-07 4.019985352986729e-07 4.328789162647711e-07 4.725918616430043e-07 4.989499841103003e-07 5.256913280663219e-07 5.488225769793887e-07 5.671386967442465e-07 5.796361688053740e-07 5.855112461118733e-07 5.843974952199258e-07 5.763749703107431e-07 5.623853179519213e-07 5.730943411863410e-07 5.247082394875103e-07 5.078666818124453e-07 -3.740992432389802e-09 -4.387507884945594e-09 -5.026706192512632e-09 -5.650003855472598e-09 -6.239748772425110e-09 -6.769667720585885e-09 -7.219513950752514e-09 -7.560925259483301e-09 -7.767893047127606e-09 -7.811429023264649e-09 -7.666674234146790e-09 -7.306015556082195e-09 -6.486508001901620e-09 -5.665490014335208e-09 -4.633390447842871e-09 -3.471170674429325e-09 -2.131368453637127e-09 -5.373035583341758e-10 1.325656955122320e-09 3.551354274544707e-09 6.249997912701196e-09 9.521382106459371e-09 1.340168804345860e-08 1.782072293258880e-08 2.257226828386737e-08 2.729821341179700e-08 3.152095447272496e-08 3.467390497190060e-08 3.614845964658035e-08 3.519749368306175e-08
-4.135288849531745e-05 -4.927952872761040e-04 -1.723608554563966e-04 6.832773163919942e-08 7.308202164005539e-08 7.633308956287880e-08 7.809878955670153e-08 7.847640632366562e-08 7.761757353103283e-08 7.572068742035918e-08 7.299413417058547e-08 6.965663675772356e-08 6.589774061244280e-08 6.188453401154771e-08 5.774112220968320e-08 5.268469219352356e-08 4.874872853175175e-08 4.476674944175701e-08 4.030857660918627e-08 3.663605407015148e-08 3.213102710976375e-08 2.775141581570192e-08 2.325337502084864e-08 1.881816412862544e-08 1.453490533720855e-08 1.049833070912067e-08 6.787232812343889e-09 3.453772499704840e-09 5.106127883442102e-10 -2.069198000129159e-09 -4.345496306476453e-09 -6.394981173895780e-09 -8.289914661109122e-09 1.936327662939551e-07 2.105953252503247e-07 2.260016084947865e-07 2.402526357217458e-07 2.530249499903165e-07 2.643843298717075e-07 2.745706351950018e-07 2.835411390800147e-07 2.916783078839201e-07 2.993650184528894e-07 3.071373016003966e-07 3.156663685926713e-07 3.163541207995843e-07 3.254013146841233e-07 3.444688297417468e-07 3.667892517346455e-07 3.955871219072288e-07 4.328193394602282e-07 4.581031502078254e-07 4.840456580190614e-07 5.070469837000014e-07 5.261170056015722e-07 5.402095484576038e-07 5.486225156541997e-07 5.509298654757067e-07 5.471337031511429e-07 5.379113300440808e-07 5.247082394875104e-07 5.364541699198307e-07 4.978893678873550e-07 -2.971974343939279e-09 -3.531320461697022e-09 -4.103876002343324e-09 -4.683439906145536e-09 -5.253878450654964e-09 -5.790134865998356e-09 -6.274613692191887e-09 -6.680999598605549e-09 -6.984873705425550e-09 -7.158054691191664e-09 -7.175607005840527e-09 -7.007137593359714e-09 -6.410678982297588e-09 -5.823408670586569e-09 -5.041198029568272e-09 -4.154613677880461e-09 -3.130147367351517e-09 -1.881447076028076e-09 -4.542334183345478e-10 1.259444975529285e-09 3.326801382730591e-09 5.832650555641635e-09 8.821077467620713e-09 1.225834862945551e-08 1.600273700417249e-08 1.977524871411224e-08 2.316627138089452e-08 2.565765743644501e-08 2.668095342550306e-08 2.561721266445973e-08
-4.008822798643808e-05 -4.769258468716039e-04 -1.671290843983625e-04 5.647716373108296e-08 6.291463187177763e-08 6.773192814304203e-08 7.092437131038513e-08 7.257956081689173e-08 7.285037186413043e-08 7.194459536731663e-08 7.008513741674045e-08 6.750783116861367e-08 6.441931638560836e-08 6.100400375181332e-08 5.740095461591760e-08 5.283802915508935e-08 4.936120219171913e-08 4.581644122705159e-08 4.176226951214513e-08 3.850714494859021e-08 3.436004954594493e-08 3.031387677473870e-08 2.609387536431337e-08 2.187933369268470e-08 1.775319639745031e-08 1.381152837584833e-08 1.014377020383467e-08 6.823993884268549e-09 3.894291082224036e-09 1.358153606235413e-09 -8.236403458674306e-10 -2.723134291740731e-09 -4.424410149727924e-09 1.794196614182258e-07 1.943043996287651e-07 2.082091251862103e-07 2.207722893117079e-07 2.321146692064929e-07 2.423780231135578e-07 2.514769124076212e-07 2.596346618510018e-07 2.670770024660406e-07 2.741640409760521e-07 2.813668524094722e-07 2.894315888434678e-07 2.902065298707998e-07 2.987498152009337e-07 3.166365583155717e-07 3.374924391270889e-07 3.645516861798540e-07 3.995571694307434e-07 4.237787003923810e-07 4.488794770253487e-07 4.716711239626707e-07 4.911567083701735e-07 5.064369576370704e-07 5.168298901002205e-07 5.219613553153060e-07 5.217244640679869e-07 5.166139070269390e-07 5.078666818124453e-07 4.978893678873551e-07 5.145855760070276e-07 -2.292985860387129e-09 -2.769244175134542e-09 -3.275942912542708e-09 -3.809031359915715e-09 -4.353519762901056e-09 -4.884956606393553e-09 -5.387964843996620e-09 -5.837833098580690e-09 -6.211424719917295e-09 -6.481233096652082e-09 -6.622403367047699e-09 -6.602037825742484e-09 -6.185340836770771e-09 -5.782001806160154e-09 -5.197503134176579e-09 -4.527715094077496e-09 -3.751060265144490e-09 -2.778416794242721e-09 -1.700131325569734e-09 -4.057943169024034e-10 1.132698182694409e-09 2.976860150404856e-09 5.162159115625881e-09 7.669233665060398e-09 1.040130600295213e-08 1.315372674372464e-08 1.560411487808186e-08 1.731874903759632e-08 1.780868717167874e-08 1.657166713367219e-08
5.697943805856898e-07 1.957361304614483e-05 1.051880783589381e-04 -5.644700698517675e-10 -8.251458945361133e-10 -1.141123676194755e-09 -1.464002189676529e-09 -1.728800991357057e-09 -1.887256568851724e-09 -1.924526343376466e-09 -1.855581369667785e-09 -1.711427231991164e-09 -1.524512293296476e-09 -1.320849096099868e-09 -1.117719712937736e-09 -9.101076729207938e-10 -7.386021992828166e-10 -5.828676870411920e-10 -4.392379257202958e-10 -3.218282096861683e-10 -2.143388873441428e-10 -1.255106166275064e-10 -5.287963172720470e-11 3.730208979768216e-12 4.558362529930561e-11 7.415378533855356e-11 9.114053136070804e-11 9.829717423762082e-11 9.733539537345061e-11 8.985382490208930e-11 7.724110286457993e-11 6.062252309824319e-11 4.074184107408042e-11 1.297280494883995e-07 1.190186443531073e-07 1.055452484301745e-07 9.046861392397988e-08 7.499262724975272e-08 6.014520317469106e-08 4.665747697087267e-08 3.492516806181176e-08 2.507692850633883e-08 1.704405517527493e-08 1.064523104845095e-08 5.643560879148067e-09 1.734126058988854e-09 -1.118882757635552e-09 -3.321674758677307e-09 -5.039832315248218e-09 -6.419182540439119e-09 -7.570206995225304e-09 -8.173696516363287e-09 -8.485372552986699e-09 -8.491287512980848e-09 -8.228335056119257e-09 -7.740107462937813e-09 -7.077265596667446e-09 -6.293697339956621e-09 -5.442938625174717e-09 -4.576877197052323e-09 -3.740992432389806e-09 -2.971974343939280e-09 -2.292985860387135e-09 1.204266049347159e-06 1.021176889050778e-06 1.047353796385702e-06 1.045335144826994e-06 1.020248133291186e-06 9.768961762396043e-07 9.202585149640832e-07 8.541287034727520e-07 7.827432233211255e-07 7.084858740388567e-07 6.342429127007315e-07 5.616153898729024e-07 4.749046946333690e-07 4.105317317689424e-07 3.518553999533542e-07 3.047775797462846e-07 2.671100314873851e-07 2.322303531408242e-07 2.076294059064403e-07 1.858204134216855e-07 1.686488019020584e-07 1.541629464407113e-07 1.413033433294350e-07 1.289521417928501e-07 1.164999643821278e-07 1.035658992258240e-07 9.016356025221169e-08 7.633178739436445e-08 6.220055912035038e-08 4.818488750149328e-08
6.666582948094166e-07 2.287004733174405e-05 1.228032202549937e-04 -7.770572131608575e-10 -9.510448529999446e-10 -1.180059463806890e-09 -1.459708194566211e-09 -1.742654715787176e-09 -1.965903712490727e-09 -2.084001870731417e-09 -2.084322433011966e-09 -1.983573900302302e-09 -1.812943480648830e-09 -1.604547138329438e-09 -1.383443795973841e-09 -1.147015483679443e-09 -9.489025866314857e-10 -7.655881736606620e-10 -5.929798994042321e-10 -4.507612818406512e-10 -3.172357912251236e-10 -2.050421381061381e-10 -1.112076536964875e-10 -3.619631593200034e-11 2.111652804235450e-11 6.223756775404620e-11 8.903974376026032e-11 1.035589332452235e-10 1.078570999809509e-10 1.039140115946170e-10 9.349947816626261e-11 7.809767431827615e-11 5.876320863187212e-11 1.472990568080172e-07 1.369313402068179e-07 1.234708098429229e-07 1.078211251469166e-07 9.112407545783277e-08 7.452220000589840e-08 5.897288893684764e-08 4.510922511417426e-08 3.324526686320432e-08 2.342073088325128e-08 1.549773770874502e-08 9.238420485673463e-09 4.236162349024757e-09 5.772494772106015e-10 -2.235809859028963e-09 -4.451666358372996e-09 -6.235970734931734e-09 -7.724159794755569e-09 -8.596611395914963e-09 -9.113032216410314e-09 -9.263203514338385e-09 -9.089519766080345e-09 -8.641937812155410e-09 -7.978460919381927e-09 -7.160913627900379e-09 -6.250952872314091e-09 -5.308705967323670e-09 -4.387507884945597e-09 -3.531320461697022e-09 -2.769244175134548e-09 1.021176889050778e-06 1.355113858405715e-06 1.140693116116562e-06 1.152321417123777e-06 1.136688396973322e-06 1.098583529661537e-06 1.042827984168638e-06 9.746518698596478e-07 8.980037681938133e-07 8.169550129114213e-07 7.342156703076202e-07 6.522653226370898e-07 5.536460191138155e-07 4.797631376329071e-07 4.123629127652307e-07 3.580963489495217e-07 3.146522528907419e-07 2.743212099041202e-07 2.457923107077291e-07 2.209227203937999e-07 2.009918925452876e-07 1.845447093300644e-07 1.699245978560150e-07 1.559087678637945e-07 1.417023076363873e-07 1.269454665643449e-07 1.114292667443656e-07 9.527208762017663e-08 7.883797457282474e-08 6.151885530118105e-08
7.618739027287344e-07 2.609972327243715e-05 1.400270056765857e-04 -1.004031565015574e-09 -1.147009649578254e-09 -1.287628170159255e-09 -1.478584704053962e-09 -1.716227014729092e-09 -1.955182506197941e-09 -2.135761756058504e-09 -2.215474443538230e-09 -2.184004525585247e-09 -2.058341023641555e-09 -1.869038953120219e-09 -1.646757241298049e-09 -1.392133082860426e-09 -1.173952787539249e-09 -9.670611763134775e-10 -7.676297991446680e-10 -6.020327271072131e-10 -4.425104722843118e-10 -3.062965530746254e-10 -1.898837213480455e-10 -9.463805245322476e-11 -1.978098217169545e-11 3.604984998733317e-11 7.475627644370540e-11 9.855391605367493e-11 1.097912492256121e-10 1.107978114256619e-10 1.037170332749851e-10 9.039623697544681e-11 7.222766765252770e-11 1.626905038784414e-07 1.526385370446551e-07 1.394921075959941e-07 1.238965010050474e-07 1.067288950549797e-07 8.906119409586962e-08 7.195536195369254e-08 5.625270554545423e-08 4.248877507615595e-08 3.087108508796973e-08 2.135862614189164e-08 1.374940674941341e-08 7.532329818203274e-09 2.970214070095163e-09 -5.271235342341149e-10 -3.308612842498236e-09 -5.556038339365434e-09 -7.430845328861128e-09 -8.633516774170162e-09 -9.411497814295925e-09 -9.760223797060497e-09 -9.726886865602662e-09 -9.367252559066813e-09 -8.746205453907404e-09 -7.933204005280577e-09 -6.997876033299148e-09 -6.008586277525877e-09 -5.026706192512627e-09 -4.103876002343317e-09 -3.275942912542705e-09 1.047353796385702e-06 1.140693116116562e-06 1.464731087440995e-06 1.228424455792612e-06 1.225982543835306e-06 1.196994260224565e-06 1.146925430867278e-06 1.080052458470427e-06 1.001970581577838e-06 9.165850538070891e-07 8.275580503289549e-07 7.386313455007396e-07 6.290981950379173e-07 5.470580818771029e-07 4.716074733234700e-07 4.108463331763530e-07 3.620032407163982e-07 3.163716480826052e-07 2.846334377298733e-07 2.563519009350702e-07 2.341573965906324e-07 2.158631267252871e-07 1.995828339450518e-07 1.840021713691178e-07 1.682200217287107e-07 1.516289124824373e-07 1.341267808783689e-07 1.158875202551716e-07 9.641743634986524e-08 7.658570272365576e-08
8.549553805953435e-07 2.924576442988163e-05 1.567681439553539e-04 -1.153523076156776e-09 -1.347210595836003e-09 -1.457652178244242e-09 -1.562367901668460e-09 -1.713563575976626e-09 -1.908348222032035e-09 -2.104168183036982e-09 -2.244882342398541e-09 -2.291459854777180e-09 -2.234832186949219e-09 -2.091712606126231e-09 -1.890986490496570e-09 -1.634401422433676e-09 -1.406513109822304e-09 -1.182557697834882e-09 -9.601938882926255e-10 -7.739147578379344e-10 -5.895359839734841e-10 -4.295925794025166e-10 -2.899958482038991e-10 -1.732699445587174e-10 -7.918123744639536e-11 -6.715887689778407e-12 4.587389018246695e-11 8.083757485379808e-11 1.007091055092394e-10 1.081026955913039e-10 1.055008050601688e-10 9.511176589423797e-11 7.865945634300857e-11 1.763822702481307e-07 1.663404751917258e-07 1.534698102268055e-07 1.381967485327177e-07 1.211357692656909e-07 1.030965599315592e-07 8.507199860455267e-08 6.799833429077851e-08 5.260623330824898e-08 3.930501205042839e-08 2.820569075737541e-08 1.919139289681224e-08 1.165494873842500e-08 6.100006096761666e-09 1.847825762576153e-09 -1.566422938973568e-09 -4.335464093452810e-09 -6.647165673429728e-09 -8.244260201019442e-09 -9.344066087974581e-09 -9.949503549599269e-09 -1.011166344539171e-08 -9.891334583444054e-09 -9.359645736883411e-09 -8.593277354744997e-09 -7.669646968497359e-09 -6.665352012935941e-09 -5.650003855472595e-09 -4.683439906145537e-09 -3.809031359915724e-09 1.045335144826994e-06 1.152321417123777e-06 1.228424455792612e-06 1.536198679774985e-06 1.285553298735839e-06 1.269811100718977e-06 1.228897199447886e-06 1.167918625702511e-06 1.091740870829059e-06 1.005105927711075e-06 9.130454961803655e-07 8.187646768581870e-07 7.004307290971795e-07 6.114350838772852e-07 5.290880904173400e-07 4.623806287023900e-07 4.086473287313963e-07 3.585142805992027e-07 3.232974236229827e-07 2.922981130147298e-07 2.678791347347757e-07 2.478798649437591e-07 2.301555713444373e-07 2.131529643218181e-07 1.958355993106898e-07 1.775712358698699e-07 1.583207488586900e-07 1.374159342468668e-07 1.157562418120878e-07 9.259415095516115e-08
9.452182426691118e-07 3.228461386077142e-05 1.728999207122955e-04 -1.164218795421729e-09 -1.475086290028365e-09 -1.634518086425906e-09 -1.710013314179652e-09 -1.778187938110720e-09 -1.890024245629034e-09 -2.043676700556408e-09 -2.199393406095210e-09 -2.305181808085038e-09 -2.324665624679005e-09 -2.249695877214904e-09 -2.095770431229978e-09 -1.858952628402594e-09 -1.636520535038323e-09 -1.405504507195504e-09 -1.166418547540829e-09 -9.636233960931063e-10 -7.566823355849112e-10 -5.742353876511548e-10 -4.116414621061701e-10 -2.728084432027271e-10 -1.582309125579982e-10 -6.744573102265274e-11 9.366866778664567e-13 4.901876014424610e-11 7.938026544554944e-11 9.481722511959533e-11 9.810041482744545e-11 9.176154116760509e-11 7.785876769044283e-11 1.888233863872549e-07 1.784715668313044e-07 1.655836270558567e-07 1.505894031061959e-07 1.338774219917111e-07 1.159983367146695e-07 9.769606290043888e-08 7.984082758906586e-08 6.325425785219962e-08 4.852383447673736e-08 3.594432771279771e-08 2.553448222634653e-08 1.661043855273547e-08 9.991569940507560e-09 4.923847902040249e-09 8.147308122898655e-10 -2.531766001217183e-09 -5.329094139964971e-09 -7.385936795779973e-09 -8.869752419067927e-09 -9.792797080527590e-09 -1.020884425762491e-08 -1.018264595064993e-08 -9.790681249116096e-09 -9.116238275334771e-09 -8.244213491399995e-09 -7.259349885345212e-09 -6.239748772425108e-09 -5.253878450654969e-09 -4.353519762901058e-09 1.020248133291186e-06 1.136688396973322e-06 1.225982543835306e-06 1.285553298735839e-06 1.572728370235386e-06 1.314305116210352e-06 1.286491564784226e-06 1.234870710197721e-06 1.164382749533409e-06 1.080640755391204e-06 9.879716546072013e-07 8.911462520624975e-07 7.661882056082689e-07 6.719203823974245e-07 5.837419121225836e-07 5.119938343885250e-07 4.543286520401294e-07 3.997587524635683e-07 3.618128440004351e-07 3.282218354535776e-07 3.019080132085043e-07 2.803494605469947e-07 2.613722412563277e-07 2.431200440490302e-07 2.244051284526678e-07 2.047686291056163e-07 1.832331240046880e-07 1.605442865854108e-07 1.360304703499717e-07 1.096324803122686e-07
1.031593082843915e-06 3.517974548385486e-05 1.882267519171191e-04 -1.032236236883490e-09 -1.480345687290624e-09 -1.750419551057194e-09 -1.871112322244815e-09 -1.910100237287696e-09 -1.942012324036654e-09 -2.016314746478403e-09 -2.131799764325450e-09 -2.251980815852446e-09 -2.328318166568622e-09 -2.326924761649277e-09 -2.239707684132752e-09 -2.046713358262208e-09 -1.849535812259767e-09 -1.625948223015875e-09 -1.379705601004258e-09 -1.166639297766581e-09 -9.408798394540373e-10 -7.382099842398758e-10 -5.536663341091547e-10 -3.928025797840296e-10 -2.570058514239638e-10 -1.465455684626014e-10 -6.059101016305292e-11 2.613690165958834e-12 4.551765291870328e-11 7.097281032898689e-11 8.193969866441629e-11 8.123209971660328e-11 7.122480086935801e-11 2.001945005411924e-07 1.893884338969135e-07 1.761901270235610e-07 1.612023139855939e-07 1.447986490294675e-07 1.273041903843347e-07 1.092169146071371e-07 9.117407359584184e-08 7.394025325111167e-08 5.818630582601469e-08 4.436950274980982e-08 3.267307153693325e-08 2.235796501573653e-08 1.464051658888198e-08 8.717308278343176e-09 3.863375500070708e-09 -1.088427356101065e-10 -3.435375218174709e-09 -6.015403011538603e-09 -7.944994232201131e-09 -9.247416619303440e-09 -9.977589219512810e-09 -1.020282148125883e-08 -1.000373024066850e-08 -9.469306984507086e-09 -8.691360077708409e-09 -7.762598451343060e-09 -6.769667720585897e-09 -5.790134865998360e-09 -4.884956606393562e-09 9.768961762396043e-07 1.098583529661537e-06 1.196994260224565e-06 1.269811100718977e-06 1.314305116210351e-06 1.577662702326453e-06 1.317052964414607e-06 1.277952253244002e-06 1.217450883719584e-06 1.139671905586392e-06 1.050042695693870e-06 9.534472198160920e-07 8.246572404666825e-07 7.268913630697262e-07 6.343245863065264e-07 5.589752628036973e-07 4.977680445082975e-07 4.396854743821334e-07 3.994499706226489e-07 3.636440078393484e-07 3.356683682824946e-07 3.129323615001516e-07 2.928123275103451e-07 2.735084083202027e-07 2.538364550822157e-07 2.322994843673688e-07 2.094421161510707e-07 1.843655912443901e-07 1.571373807437199e-07 1.277834420790281e-07
1.112980238899689e-06 3.789386597824825e-05 2.025497912174699e-04 -7.843692674133278e-10 -1.345829885322814e-09 -1.745941550776698e-09 -1.970910263803864e-09 -2.052065387692582e-09 -2.056077671996990e-09 -2.055005031143712e-09 -2.095978173549256e-09 -2.178707031206107e-09 -2.269291687235957e-09 -2.322610179742823e-09 -2.306513902217745e-09 -2.176638805008547e-09 -2.026266783842197e-09 -1.829036133281410e-09 -1.589687240976790e-09 -1.375752592580028e-09 -1.137171915085925e-09 -9.180904142936083e-10 -7.138402784855027e-10 -5.320406390769908e-10 -3.751781497690345e-10 -2.444170294476385e-10 -1.396676977080761e-10 -5.972263144802966e-11 -2.447861784600260e-12 3.488558935513821e-11 5.531132789770605e-11 6.184051777033808e-11 5.711911684909654e-11 2.104034975044451e-07 1.992502442951246e-07 1.856218932376930e-07 1.703746210492454e-07 1.540290244065050e-07 1.368824150415123e-07 1.192166947313454e-07 1.014392242418309e-07 8.410427981252882e-08 6.783184860747665e-08 5.315604111708154e-08 4.040532915604505e-08 2.879019337376843e-08 1.999768040165897e-08 1.321358350188863e-08 7.585886815890480e-09 2.952768843203674e-09 -9.376949970084273e-10 -4.099381037953816e-09 -6.533723158093511e-09 -8.276311423944272e-09 -9.381305638776372e-09 -9.916879984782832e-09 -9.966249978394957e-09 -9.622876040210713e-09 -8.984699326903125e-09 -8.151856711353237e-09 -7.219513950752520e-09 -6.274613692191892e-09 -5.387964843996615e-09 9.202585149640832e-07 1.042827984168638e-06 1.146925430867278e-06 1.228897199447886e-06 1.286491564784226e-06 1.317052964414607e-06 1.554475319058788e-06 1.295970932162778e-06 1.247890074626492e-06 1.179828673371322e-06 1.096610127605326e-06 1.003526126644561e-06 8.737769515636086e-07 7.746777240383787e-07 6.798770074459038e-07 6.017361183813565e-07 5.382860520668743e-07 4.774798360847347e-07 4.354245884731317e-07 3.979357870985263e-07 3.687057941899445e-07 3.449809514886336e-07 3.241048805939677e-07 3.041158982174637e-07 2.830518889476382e-07 2.607079493404519e-07 2.359415817297325e-07 2.087162546633350e-07 1.791611597689917e-07 1.464372029403718e-07
1.187848442663000e-06 4.037529409195568e-05 2.155942907919982e-04 -4.802753573362117e-10 -1.106202247036886e-09 -1.612425441199416e-09 -1.958900122629947e-09 -2.137145659394869e-09 -2.180066735505902e-09 -2.152596035632083e-09 -2.123095473482592e-09 -2.136390810546424e-09 -2.192342611678857e-09 -2.259684115392869e-09 -2.296054796591294e-09 -2.233812781495663e-09 -2.146541351069118e-09 -1.995950625320195e-09 -1.781747718869953e-09 -1.580286619081091e-09 -1.338053691774819e-09 -1.108476529795794e-09 -8.882327533666408e-10 -6.877195192323199e-10 -5.108908790383403e-10 -3.600055242794537e-10 -2.358808413512692e-10 -1.380289203913425e-10 -6.483098662781120e-11 -1.385875484100116e-11 1.783623966536471e-11 3.334511868694779e-11 3.552029741245302e-11 2.190642571457077e-07 2.078836231272049e-07 1.939510964112615e-07 1.783509262735437e-07 1.618298166150955e-07 1.448095468661644e-07 1.275386331916054e-07 1.102213590866867e-07 9.320450883089464e-08 7.691846056352227e-08 6.185341927986056e-08 4.840597976000162e-08 3.570355560143161e-08 2.594532984351314e-08 1.835061838589804e-08 1.195619293387324e-08 6.650086226052312e-09 2.176572412767672e-09 -1.614860846512026e-09 -4.605970304634163e-09 -6.845151796321062e-09 -8.383350071604336e-09 -9.287505087910290e-09 -9.641521288881036e-09 -9.541791800524118e-09 -9.091157346167057e-09 -8.396430565644932e-09 -7.560925259483306e-09 -6.680999598605555e-09 -5.837833098580700e-09 8.541287034727520e-07 9.746518698596478e-07 1.080052458470427e-06 1.167918625702510e-06 1.234870710197721e-06 1.277952253244002e-06 1.295970932162778e-06 1.506770658366060e-06 1.254125370989479e-06 1.198560110466755e-06 1.125124658358025e-06 1.038643421885038e-06 9.112668230649920e-07 8.137017647292129e-07 7.182023285249778e-07 6.391819011399952e-07 5.746069916764587e-07 5.119626617109419e-07 4.688814673435487e-07 4.302147095581865e-07 4.001987878142409e-07 3.758884016922898e-07 3.546864485760647e-07 3.338067047666728e-07 3.123513474492673e-07 2.887200575325589e-07 2.624520981098120e-07 2.334971783759815e-07 2.013117093215334e-07 1.655105657212022e-07
1.254966321675907e-06 4.258293271572733e-05 2.271432862311152e-04 -1.754670940952894e-10 -8.169852903107459e-10 -1.382532238465293e-09 -1.827302923942014e-09 -2.118122455900958e-09 -2.250869897081276e-09 -2.259299193123653e-09 -2.205301073130742e-09 -2.153379038918445e-09 -2.145143163628978e-09 -2.180700845834069e-09 -2.230851851747610e-09 -2.219070051196779e-09 -2.196929045532450e-09 -2.107909431993971e-09 -1.938267605531620e-09 -1.766087984479926e-09 -1.533258935483457e-09 -1.302005841431000e-09 -1.071471699651561e-09 -8.558465838618705e-10 -6.612180498207892e-10 -4.912944939082727e-10 -3.479893667669220e-10 -2.317030385139199e-10 -1.414948706867800e-10 -7.542207315498079e-11 -3.079541269855268e-11 -4.582432891114101e-12 6.175088445683853e-12 2.257528608272212e-07 2.149690986415359e-07 2.010562466257282e-07 1.852374641577614e-07 1.684664009882838e-07 1.513655632138210e-07 1.342911190634703e-07 1.174114672018722e-07 1.008896971151462e-07 8.497042055265606e-08 6.997604754519063e-08 5.626393596296244e-08 4.280351998903701e-08 3.228952437990100e-08 2.400828416480160e-08 1.690570085027055e-08 1.094821356591328e-08 5.894782126419872e-09 1.441004587404762e-09 -2.148308187633762e-09 -4.933236241983735e-09 -6.958208668474448e-09 -8.286289752199630e-09 -8.999849047258083e-09 -9.196243572139781e-09 -8.981747637558059e-09 -8.468704176671030e-09 -7.767893047127611e-09 -6.984873705425555e-09 -6.211424719917290e-09 7.827432233211255e-07 8.980037681938133e-07 1.001970581577838e-06 1.091740870829059e-06 1.164382749533409e-06 1.217450883719584e-06 1.247890074626492e-06 1.254125370989479e-06 1.438284081040367e-06 1.194872449850468e-06 1.133701037866558e-06 1.056754646468038e-06 9.356274916666322e-07 8.417137575079938e-07 7.481229041918285e-07 6.699178265574207e-07 6.055090414903075e-07 5.421952911607203e-07 4.988524205207865e-07 4.597167498061914e-07 4.293710406162430e-07 4.051356326515087e-07 3.834345442314008e-07 3.626796423366340e-07 3.405771264243561e-07 3.160063130474904e-07 2.887294204294836e-07 2.579155065435255e-07 2.234376178035213e-07 1.846120351991199e-07
1.312846804887774e-06 4.446738740166054e-05 2.369367889270504e-04 8.913136111451045e-11 -5.334914641923984e-10 -1.111227207770926e-09 -1.609341142123404e-09 -1.989943205317726e-09 -2.225911513668611e-09 -2.316804200330484e-09 -2.295809680103768e-09 -2.221442548777770e-09 -2.153251048989622e-09 -2.129724615923862e-09 -2.150744988632309e-09 -2.153455151489860e-09 -2.178405349777028e-09 -2.152125940156722e-09 -2.041259322882530e-09 -1.915658795409976e-09 -1.708765610579597e-09 -1.488224679218419e-09 -1.255877981657917e-09 -1.030632304700093e-09 -8.216863017774364e-10 -6.348191466513621e-10 -4.733877197478117e-10 -3.388620520548973e-10 -2.311325624201732e-10 -1.489079436906808e-10 -8.992133457585349e-11 -5.135735438216391e-11 -3.027203646406159e-11 2.300196845900788e-07 2.200567284139636e-07 2.065870695487523e-07 1.908713736618073e-07 1.739912099498358e-07 1.567555364539972e-07 1.396997382108719e-07 1.230853124432362e-07 1.070427229425143e-07 9.165256460011634e-08 7.707462838934265e-08 6.351798143431569e-08 4.970540752633364e-08 3.874227856718636e-08 2.998616001175253e-08 2.230456145013609e-08 1.576729854036641e-08 1.017105575658357e-08 5.046936683035739e-09 8.349488058637945e-10 -2.532816005747212e-09 -5.089478953594511e-09 -6.890833318048454e-09 -8.014851884832004e-09 -8.557593094631177e-09 -8.626888367751344e-09 -8.339088200393005e-09 -7.811429023264664e-09 -7.158054691191666e-09 -6.481233096652079e-09 7.084858740388567e-07 8.169550129114213e-07 9.165850538070890e-07 1.005105927711075e-06 1.080640755391204e-06 1.139671905586392e-06 1.179828673371322e-06 1.198560110466755e-06 1.194872449850468e-06 1.352881785136950e-06 1.121265266360881e-06 1.056690073124214e-06 9.445035511381921e-07 8.572920192568441e-07 7.679583455496744e-07 6.923989954710160e-07 6.297089925368101e-07 5.669910171871598e-07 5.243005640976834e-07 4.854128845655467e-07 4.555812051523862e-07 4.313080143137140e-07 4.102961712226356e-07 3.894408949664813e-07 3.670940746414249e-07 3.422551475672639e-07 3.138152591527567e-07 2.815724173006510e-07 2.450376515413564e-07 2.033588388190080e-07
1.360246969148182e-06 4.598797153565156e-05 2.447626322878463e-04 2.954134132937474e-10 -2.916237389374152e-10 -8.485652894269905e-10 -1.355464244755128e-09 -1.783439960975444e-09 -2.100787682191841e-09 -2.285798724102539e-09 -2.340281047792361e-09 -2.296401970425117e-09 -2.208023077540513e-09 -2.129769492323660e-09 -2.096622048350271e-09 -2.073985256785462e-09 -2.111458124386352e-09 -2.130187743264679e-09 -2.079184919767265e-09 -2.011921710692060e-09 -1.848051325978891e-09 -1.653660845359153e-09 -1.431313596893267e-09 -1.204523819579664e-09 -9.865092926204969e-10 -7.860403149217829e-10 -6.085043036384590e-10 -4.567626895492532e-10 -3.317180472800385e-10 -2.328699735253763e-10 -1.585257669051054e-10 -1.062369958398031e-10 -7.320582040491028e-11 2.315580335969652e-07 2.227633607106159e-07 2.101558642626284e-07 1.949532398646815e-07 1.782741567472967e-07 1.610445406991486e-07 1.439681384090335e-07 1.274655963539704e-07 1.117507582496572e-07 9.687594928870910e-08 8.285857710309241e-08 6.976686022654901e-08 5.600085498227834e-08 4.494841383749527e-08 3.600555613306916e-08 2.795292626075273e-08 2.097147866867135e-08 1.491598320401654e-08 9.148632385586318e-09 4.313605276518207e-09 3.430735417139443e-10 -2.777755576064772e-09 -5.092540195303589e-09 -6.671337698690341e-09 -7.606087325477970e-09 -8.003918858649730e-09 -7.983359505470612e-09 -7.666674234146785e-09 -7.175607005840523e-09 -6.622403367047692e-09 6.342429127007316e-07 7.342156703076202e-07 8.275580503289549e-07 9.130454961803655e-07 9.879716546072013e-07 1.050042695693870e-06 1.096610127605326e-06 1.125124658358025e-06 1.133701037866558e-06 1.121265266360881e-06 1.254560910519810e-06 1.037340926376987e-06 9.372178632207845e-07 8.590480277443851e-07 7.762823944089379e-07 7.053992552562824e-07 6.459793693736647e-07 5.852572242103238e-07 5.442058564670007e-07 5.065955709404513e-07 4.773922251430394e-07 4.543644071422833e-07 4.338516837664976e-07 4.134896951126880e-07 3.915306531327031e-07 3.663472180558751e-07 3.373517752096148e-07 3.038855035700820e-07 2.655618757346431e-07 2.212537716030159e-07
1.396267105443795e-06 4.711599520004052e-05 2.504737947133105e-04 4.235730251656293e-10 -1.213129501460938e-10 -6.387269507596784e-10 -1.121152173910475e-09 -1.553047872256419e-09 -1.910669840472632e-09 -2.167859060746257e-09 -2.306894849664607e-09 -2.331252922620960e-09 -2.270613088111949e-09 -2.174057228685261e-09 -2.090868814500701e-09 -2.019310570365005e-09 -2.032272159518629e-09 -2.062923785421064e-09 -2.054892311985403e-09 -2.044865596758083e-09 -1.935679317512863e-09 -1.782908065302485e-09 -1.584952349592167e-09 -1.367524229601674e-09 -1.147842390103606e-09 -9.385021187137965e-10 -7.477749686814459e-10 -5.804700565487979e-10 -4.387945078224774e-10 -3.232050821245511e-10 -2.327072129687312e-10 -1.653458281601231e-10 -1.185829881847072e-10 2.302506987088735e-07 2.228585980677211e-07 2.114554362186949e-07 1.971659155518604e-07 1.810735591535814e-07 1.641407167570306e-07 1.471785467222948e-07 1.307585802427111e-07 1.152373730952673e-07 1.007422547342348e-07 8.726933961951776e-08 7.476552977203848e-08 6.134736099211067e-08 5.054304476535021e-08 4.173480931321120e-08 3.358500045985485e-08 2.636398428611196e-08 1.999044003727763e-08 1.365445379360383e-08 8.229360518115717e-09 3.659754211256330e-09 -4.042808239925615e-11 -2.895798575231536e-09 -4.963638344694152e-09 -6.328230309077042e-09 -7.093323542037564e-09 -7.377398582111923e-09 -7.306015556082192e-09 -7.007137593359719e-09 -6.602037825742485e-09 5.616153898729024e-07 6.522653226370898e-07 7.386313455007396e-07 8.187646768581870e-07 8.911462520624975e-07 9.534472198160921e-07 1.003526126644561e-06 1.038643421885038e-06 1.056754646468038e-06 1.056690073124214e-06 1.037340926376987e-06 1.147449288655415e-06 9.136419561841521e-07 8.463143076544807e-07 7.722592556973661e-07 7.079152038886322e-07 6.533616536276113e-07 5.960468917519200e-07 5.578730756927717e-07 5.219424279731124e-07 4.947279970726325e-07 4.729311222453410e-07 4.536026781870688e-07 4.343134119404983e-07 4.128682842068978e-07 3.879061443996915e-07 3.586112796556882e-07 3.243619702751225e-07 2.844429687743675e-07 2.381474877680773e-07
1.370943414963714e-06 4.617074634150513e-05 2.451526752232160e-04 4.707737612378343e-10 -1.559906718338245e-11 -4.719495653465889e-10 -8.983111650922303e-10 -1.290431036538519e-09 -1.636835581380497e-09 -1.918948364301002e-09 -2.115586417452456e-09 -2.212918054123974e-09 -2.214447511885338e-09 -2.146157794608773e-09 -2.050354256060315e-09 -1.937679197290959e-09 -1.906665407984645e-09 -1.914438678885084e-09 -1.918355678508313e-09 -1.947043963593135e-09 -1.894134921984269e-09 -1.796845489573543e-09 -1.643355991306287e-09 -1.455525817928580e-09 -1.251774245579590e-09 -1.047905112171488e-09 -8.554410134938188e-10 -6.816627285591345e-10 -5.304598882869263e-10 -4.034629335610097e-10 -3.005318458344623e-10 -2.203621055757183e-10 -1.608589202515659e-10 2.182898271534945e-07 2.126209043154324e-07 2.030012995056687e-07 1.904032844949467e-07 1.757954424792947e-07 1.600799839433957e-07 1.440748294126392e-07 1.284260182885747e-07 1.136087420419744e-07 9.986896469802432e-08 8.726993120515223e-08 7.574725499409697e-08 6.326207723042368e-08 5.330330812607436e-08 4.520733281974543e-08 3.753477419267176e-08 3.058379408657833e-08 2.431930670281846e-08 1.778351433826341e-08 1.205181915425969e-08 7.096948965596088e-09 2.973223418005683e-09 -3.151393435166736e-10 -2.804538093216049e-09 -4.564443172781111e-09 -5.688474785189675e-09 -6.288387162193491e-09 -6.486508001901623e-09 -6.410678982297592e-09 -6.185340836770771e-09 4.749046946333689e-07 5.536460191138155e-07 6.290981950379173e-07 7.004307290971794e-07 7.661882056082688e-07 8.246572404666825e-07 8.737769515636085e-07 9.112668230649920e-07 9.356274916666322e-07 9.445035511381922e-07 9.372178632207844e-07 9.136419561841521e-07 9.651422091358956e-07 7.909023369014939e-07 7.293310545620365e-07 6.750676632064273e-07 6.284994938939131e-07 5.780132365867973e-07 5.444839600641580e-07 5.129135798005002e-07 4.887584948699439e-07 4.696150610562089e-07 4.527288650659698e-07 4.353586803765847e-07 4.156392500607391e-07 3.921630158671478e-07 3.639900066407280e-07 3.304051843584144e-07 2.911072270722684e-07 2.444986089908462e-07
1.376738872478266e-06 4.627220398203918e-05 2.453850824148178e-04 4.559837364663275e-10 1.245050296300136e-11 -3.968491985785089e-10 -7.751369486628517e-10 -1.124585051998614e-09 -1.443165883201863e-09 -1.722305477573137e-09 -1.946612075349449e-09 -2.098443261589393e-09 -2.165815280197823e-09 -2.151899528484941e-09 -2.079296994331185e-09 -1.952981468495914e-09 -1.882908995509312e-09 -1.850587465296668e-09 -1.835020393534372e-09 -1.872935805504909e-09 -1.856987984036504e-09 -1.808858393376823e-09 -1.702392442306313e-09 -1.549896945854420e-09 -1.366932664990464e-09 -1.170938778156210e-09 -9.768545277015884e-10 -7.952456609975167e-10 -6.324335737870250e-10 -4.916775556351674e-10 -3.738897213942514e-10 -2.784752110025907e-10 -2.037719220663891e-10 2.109770260242356e-07 2.068023585602102e-07 1.987178777929097e-07 1.875721130520404e-07 1.742316651245546e-07 1.595302565873194e-07 1.442628175973707e-07 1.291068929003530e-07 1.146214842972443e-07 1.011681796871444e-07 8.892018042041682e-08 7.787615694165698e-08 6.591184667520142e-08 5.654463618673014e-08 4.906403459730908e-08 4.186452505237676e-08 3.522362461808681e-08 2.910910918824384e-08 2.236926264389394e-08 1.629352517630925e-08 1.089086530480329e-08 6.270146343530259e-09 2.475924351724263e-09 -5.000915671590992e-10 -2.709017342203564e-09 -4.233349750818345e-09 -5.178661780953020e-09 -5.665490014335209e-09 -5.823408670586571e-09 -5.782001806160147e-09 4.105317317689424e-07 4.797631376329071e-07 5.470580818771029e-07 6.114350838772851e-07 6.719203823974244e-07 7.268913630697262e-07 7.746777240383786e-07 8.137017647292129e-07 8.417137575079938e-07 8.572920192568442e-07 8.590480277443850e-07 8.463143076544806e-07 7.909023369014939e-07 8.534154273035177e-07 6.986556507074114e-07 6.534672107198531e-07 6.144372918846489e-07 5.697629364412861e-07 5.411956974818499e-07 5.132149665318671e-07 4.920871479726804e-07 4.756228230212853e-07 4.608107830036563e-07 4.452748136269581e-07 4.270573862212743e-07 4.046209223556141e-07 3.770323878772908e-07 3.437813166198027e-07 3.039015791621154e-07 2.561677569974054e-07
1.372984948171052e-06 4.604994153001755e-05 2.438918954618132e-04 3.805454730322732e-10 -1.898083159417876e-11 -3.818846477244448e-10 -7.120374671774053e-10 -1.014243451867905e-09 -1.291917706453982e-09 -1.544537083230063e-09 -1.765306626874693e-09 -1.941463977579172e-09 -2.057554646762159e-09 -2.102890794545659e-09 -2.079613841823557e-09 -1.974391101684608e-09 -1.892746588550467e-09 -1.824814089955737e-09 -1.772993177105357e-09 -1.791340022254578e-09 -1.785415169820412e-09 -1.771107800525253e-09 -1.709976568702202e-09 -1.600442945119934e-09 -1.449387673452695e-09 -1.271650198360564e-09 -1.083794783802796e-09 -8.996029919782418e-10 -7.284462568370657e-10 -5.758386093331664e-10 -4.441530518894172e-10 -3.337081673281871e-10 -2.433696110165841e-10 2.018657990876813e-07 1.991001314609531e-07 1.925462468739681e-07 1.829336819873468e-07 1.710226983597674e-07 1.575616529528878e-07 1.432900267330646e-07 1.288703301655738e-07 1.148934038767742e-07 1.017973696141003e-07 8.985905477508538e-08 7.917637195310233e-08 6.763313090192380e-08 5.881266313011779e-08 5.197239961773230e-08 4.538555636345829e-08 3.926159096613656e-08 3.352727644656643e-08 2.680653216297121e-08 2.055800214848430e-08 1.482328909755776e-08 9.774354400823785e-09 5.509037609162741e-09 2.058726832330780e-09 -6.009552340385882e-10 -2.535773876135193e-09 -3.841272665247797e-09 -4.633390447842869e-09 -5.041198029568277e-09 -5.197503134176568e-09 3.518553999533542e-07 4.123629127652307e-07 4.716074733234699e-07 5.290880904173400e-07 5.837419121225835e-07 6.343245863065264e-07 6.798770074459038e-07 7.182023285249778e-07 7.481229041918285e-07 7.679583455496744e-07 7.762823944089378e-07 7.722592556973660e-07 7.293310545620365e-07 6.986556507074114e-07 7.478552660087228e-07 6.231713765719970e-07 5.918282759144970e-07 5.543597252279687e-07 5.310142725688387e-07 5.074625297863484e-07 4.900705692589228e-07 4.765625036823307e-07 4.643484497822261e-07 4.510279090039561e-07 4.346264643702926e-07 4.135822561927251e-07 3.871614317083884e-07 3.543382662937302e-07 3.143665278525703e-07 2.661075795304803e-07
1.385454367284519e-06 4.636854279290947e-05 2.452527079253121e-04 2.750913753150748e-10 -8.665065758742349e-11 -4.112679878520511e-10 -7.021482921945847e-10 -9.644728848723857e-10 -1.203773087426393e-09 -1.424075701255698e-09 -1.625435788955291e-09 -1.802355195888344e-09 -1.943450006175120e-09 -2.034714098471730e-09 -2.065881855093371e-09 -2.004830587284881e-09 -1.941831628855977e-09 -1.862376733980113e-09 -1.776898212687011e-09 -1.760721956479990e-09 -1.737699144169274e-09 -1.732208647860673e-09 -1.701871560527752e-09 -1.632558065392656e-09 -1.518455894467621e-09 -1.366562499304234e-09 -1.191442282583696e-09 -1.008737369630100e-09 -8.310427615933227e-10 -6.668526173607756e-10 -5.206587021114598e-10 -3.940988800026380e-10 -2.867530073322504e-10 1.948662766324052e-07 1.933464743802470e-07 1.881545863420527e-07 1.799219663934107e-07 1.693184043413616e-07 1.570148989718270e-07 1.436926260012290e-07 1.299822313692831e-07 1.164767145987093e-07 1.036547898620593e-07 9.186929152420131e-08 8.131450086721225e-08 6.989628835795942e-08 6.135576453755677e-08 5.496958720169848e-08 4.889777917146633e-08 4.330312282315144e-08 3.803492688740666e-08 3.144317126002238e-08 2.511375078943759e-08 1.909802891250094e-08 1.362996966323001e-08 8.871775466490703e-09 4.908283239010145e-09 1.752917308309473e-09 -6.363212975750492e-10 -2.341118551502459e-09 -3.471170674429339e-09 -4.154613677880469e-09 -4.527715094077494e-09 3.047775797462845e-07 3.580963489495217e-07 4.108463331763530e-07 4.623806287023899e-07 5.119938343885250e-07 5.589752628036973e-07 6.017361183813564e-07 6.391819011399951e-07 6.699178265574207e-07 6.923989954710160e-07 7.053992552562823e-07 7.079152038886322e-07 6.750676632064273e-07 6.534672107198531e-07 6.231713765719970e-07 6.742576096171448e-07 5.723678719202610e-07 5.415741783879971e-07 5.237191656169081e-07 5.049429587224577e-07 4.913523833563862e-07 4.811304193413264e-07 4.717374658521699e-07 4.607706415537386e-07 4.462325192581899e-07 4.267968612138463e-07 4.012052081326596e-07 3.686232315395817e-07 3.285088018725426e-07 2.789743915461570e-07
1.416355849796475e-06 4.729819279579876e-05 2.498264643410371e-04 1.616625506157552e-10 -1.686079022185937e-10 -4.629047057439583e-10 -7.237223798957295e-10 -9.555516026399206e-10 -1.164049920024690e-09 -1.354936087785110e-09 -1.532192150259726e-09 -1.696283613146671e-09 -1.842237177042113e-09 -1.959562677886328e-09 -2.034960394689971e-09 -2.024707303750377e-09 -2.002547631066384e-09 -1.939881589341386e-09 -1.841993725189728e-09 -1.794051400022255e-09 -1.737976700267507e-09 -1.716001141553210e-09 -1.693682524550633e-09 -1.652216324669849e-09 -1.573811483293622e-09 -1.453500205932853e-09 -1.298798739791952e-09 -1.123862512437537e-09 -9.433723234634228e-10 -7.690895657270297e-10 -6.083913252511755e-10 -4.649115542743624e-10 -3.393463726597516e-10 1.900672087005247e-07 1.896613241750931e-07 1.856815725973739e-07 1.786793958215696e-07 1.692498234682398e-07 1.579978573868771e-07 1.455514458783261e-07 1.325053712405968e-07 1.194400713421675e-07 1.068496828950450e-07 9.513353910973167e-08 8.456002691179096e-08 7.302916696571423e-08 6.452019284145516e-08 5.836082561140547e-08 5.264036394073374e-08 4.749446824599514e-08 4.271512072698627e-08 3.633324299173801e-08 3.002052335860824e-08 2.379646337147210e-08 1.793820935149423e-08 1.267414169794377e-08 8.155491284491328e-09 4.448065440433353e-09 1.544865987292143e-09 -6.149752720576935e-10 -2.131368453637141e-09 -3.130147367351525e-09 -3.751060265144495e-09 2.671100314873851e-07 3.146522528907419e-07 3.620032407163983e-07 4.086473287313963e-07 4.543286520401294e-07 4.977680445082975e-07 5.382860520668743e-07 5.746069916764587e-07 6.055090414903076e-07 6.297089925368102e-07 6.459793693736647e-07 6.533616536276113e-07 6.284994938939131e-07 6.144372918846489e-07 5.918282759144970e-07 5.723678719202611e-07 6.270964382529707e-07 5.316480326122924e-07 5.195391559731560e-07 5.056182361733594e-07 4.962652182225558e-07 4.897057561277849e-07 4.834369256346308e-07 4.750661766699604e-07 4.627974567646550e-07 4.447914828450527e-07 4.200057180627091e-07 3.877598431877412e-07 3.468019413328726e-07 2.957049254409131e-07
1.438797286569449e-06 4.793862984044782e-05 2.528507226211143e-04 6.672487677723127e-11 -2.343303689814718e-10 -5.023012118025447e-10 -7.386131213733141e-10 -9.465694643483407e-10 -1.130882860260960e-09 -1.297117456944571e-09 -1.450632505758399e-09 -1.595347247256794e-09 -1.731754167855029e-09 -1.855302691707853e-09 -1.956180047669645e-09 -1.988757001247276e-09 -2.014584834025309e-09 -1.991308573530914e-09 -1.909385543347036e-09 -1.851592299635637e-09 -1.764685527032149e-09 -1.711678555325326e-09 -1.673926127004390e-09 -1.640174294331994e-09 -1.588119736357634e-09 -1.501359625420821e-09 -1.376167098290895e-09 -1.220145953546416e-09 -1.046674478029898e-09 -8.695548813115618e-10 -6.992410294267407e-10 -5.420487661068043e-10 -4.004334481991521e-10 1.837732801171642e-07 1.843731996375806e-07 1.815415443213990e-07 1.757554276762365e-07 1.675385102962045e-07 1.574303911739537e-07 1.460024400804027e-07 1.338052217060684e-07 1.213913061364567e-07 1.092473510290680e-07 9.778957011503269e-08 8.732950235120243e-08 7.575151152660512e-08 6.725140565465460e-08 6.123318649132847e-08 5.576976623117253e-08 5.102760043701368e-08 4.676217127819272e-08 4.073537667246725e-08 3.464048681464838e-08 2.841822204090652e-08 2.234544093710360e-08 1.669587245083523e-08 1.168767460621470e-08 7.451289286126162e-09 4.029264615307220e-09 1.393618861102842e-09 -5.373035583341908e-10 -1.881447076028079e-09 -2.778416794242714e-09 2.322303531408242e-07 2.743212099041202e-07 3.163716480826052e-07 3.585142805992027e-07 3.997587524635682e-07 4.396854743821335e-07 4.774798360847347e-07 5.119626617109418e-07 5.421952911607203e-07 5.669910171871598e-07 5.852572242103237e-07 5.960468917519199e-07 5.780132365867973e-07 5.697629364412861e-07 5.543597252279687e-07 5.415741783879971e-07 5.316480326122923e-07 5.785686618919897e-07 5.079369077774051e-07 4.994090362719149e-07 4.948196122258944e-07 4.924474281314261e-07 4.898156543158318e-07 4.847608152664435e-07 4.750501714315751e-07 4.590273893946402e-07 4.357936437542880e-07 4.040447574322795e-07 3.629851563105807e-07 3.107372693009936e-07
1.505658176999460e-06 5.004942389571282e-05 2.635986795667716e-04 4.487306967142826e-11 -2.470892805239917e-10 -5.083292055318329e-10 -7.391053453499492e-10 -9.414250912092572e-10 -1.118785760443489e-09 -1.275902431770847e-09 -1.418150692438687e-09 -1.550904126771357e-09 -1.678059620224083e-09 -1.800214357587014e-09 -1.913130031865024e-09 -1.974633157895678e-09 -2.042787905769886e-09 -2.066703049269253e-09 -2.021098159000471e-09 -1.979119077058592e-09 -1.879104899426169e-09 -1.794993415818738e-09 -1.726193124860141e-09 -1.676925987430186e-09 -1.631309318340288e-09 -1.567789963108730e-09 -1.471339083060814e-09 -1.338948467983342e-09 -1.178225377830958e-09 -1.002333133875758e-09 -8.241352122594394e-10 -6.531709240238496e-10 -4.945075809023227e-10 1.826520924079040e-07 1.841850434583048e-07 1.823431278882221e-07 1.775504374734091e-07 1.702805868341174e-07 1.610279657999445e-07 1.503261482775910e-07 1.386966730277808e-07 1.266753120625511e-07 1.147449640532577e-07 1.033338726742812e-07 9.278292418619482e-08 8.086870060248026e-08 7.211739909284181e-08 6.599164344617978e-08 6.050775016147485e-08 5.590822630232858e-08 5.196209806193070e-08 4.612736826425612e-08 4.017742721448361e-08 3.392957303795719e-08 2.761970046789174e-08 2.153567627760418e-08 1.595311764321950e-08 1.107549760727192e-08 7.010805575871591e-09 3.778779456032387e-09 1.325656955122323e-09 -4.542334183345526e-10 -1.700131325569729e-09 2.076294059064403e-07 2.457923107077291e-07 2.846334377298734e-07 3.232974236229827e-07 3.618128440004351e-07 3.994499706226490e-07 4.354245884731317e-07 4.688814673435487e-07 4.988524205207867e-07 5.243005640976835e-07 5.442058564670006e-07 5.578730756927717e-07 5.444839600641580e-07 5.411956974818500e-07 5.310142725688387e-07 5.237191656169082e-07 5.195391559731560e-07 5.079369077774051e-07 5.691103235511062e-07 5.040794484345636e-07 5.045154211439780e-07 5.067552929692406e-07 5.084585288651264e-07 5.069461924222064e-07 5.000908923557300e-07 4.863273943247664e-07 4.640957965459337e-07 4.324882898378662e-07 3.903263046363725e-07 3.355249476202297e-07
1.581683874904841e-06 5.245077619736148e-05 2.758304785077152e-04 1.561487508758887e-10 -1.479041458738908e-10 -4.227671062851324e-10 -6.672805767197339e-10 -8.820252466211509e-10 -1.069176506903535e-09 -1.232364647418654e-09 -1.376379508212201e-09 -1.506879583712665e-09 -1.629462360915396e-09 -1.748233129445371e-09 -1.864164724304532e-09 -1.941253329419079e-09 -2.039344416421857e-09 -2.106672288985969e-09 -2.107958243837433e-09 -2.104855418884013e-09 -2.018586871158187e-09 -1.922556077046055e-09 -1.823167614387759e-09 -1.744013376466194e-09 -1.683943139938544e-09 -1.627385848732497e-09 -1.554063156882258e-09 -1.449885847781853e-09 -1.312270323004717e-09 -1.149031738699893e-09 -9.726256866986750e-10 -7.950812395741321e-10 -6.245923371590979e-10 1.818886405224599e-07 1.842992042450799e-07 1.833931765388330e-07 1.795478967792085e-07 1.731925876679844e-07 1.647810732475570e-07 1.548125341624985e-07 1.437812486677837e-07 1.322057594350546e-07 1.205616809477640e-07 1.092815236911147e-07 9.872247487068487e-08 8.651876942967379e-08 7.753274010855952e-08 7.127283459682573e-08 6.568303773336465e-08 6.110393473975624e-08 5.735526718305950e-08 5.164104891719015e-08 4.583931291410461e-08 3.965261612808256e-08 3.322975336038207e-08 2.682547485757093e-08 2.073799707047134e-08 1.523308885960629e-08 1.049287627900599e-08 6.602037584235776e-09 3.551354274544715e-09 1.259444975529285e-09 -4.057943169023928e-10 1.858204134216855e-07 2.209227203938000e-07 2.563519009350702e-07 2.922981130147298e-07 3.282218354535776e-07 3.636440078393485e-07 3.979357870985263e-07 4.302147095581865e-07 4.597167498061914e-07 4.854128845655467e-07 5.065955709404513e-07 5.219424279731124e-07 5.129135798005003e-07 5.132149665318672e-07 5.074625297863485e-07 5.049429587224578e-07 5.056182361733594e-07 4.994090362719149e-07 5.040794484345636e-07 5.667407858599787e-07 5.122022828918781e-07 5.197887364663870e-07 5.262982273290108e-07 5.290863349796673e-07 5.260203120165391e-07 5.148343068283770e-07 4.943288056552396e-07 4.631838827559194e-07 4.200520154559747e-07 3.626477870871455e-07
1.687430743813414e-06 5.582010215772439e-05 2.930944085174273e-04 4.852814506877442e-10 1.315596740423687e-10 -1.918281869875878e-10 -4.819011833329165e-10 -7.376721514904439e-10 -9.600678647992640e-10 -1.151806838244879e-09 -1.317171064198302e-09 -1.461851313266052e-09 -1.592323197194493e-09 -1.714868123242209e-09 -1.834297662714095e-09 -1.920353652657744e-09 -2.037629153248780e-09 -2.138528561049040e-09 -2.185147689424073e-09 -2.232556046486088e-09 -2.183680385612356e-09 -2.102093460380516e-09 -1.990085576792083e-09 -1.880622662901915e-09 -1.791590195325715e-09 -1.721787272672940e-09 -1.656408502243061e-09 -1.575806309131316e-09 -1.466394093133851e-09 -1.326215303573425e-09 -1.162842169179913e-09 -9.882745763303562e-10 -8.133491107521273e-10 1.836401517954194e-07 1.869193952603770e-07 1.869005077078016e-07 1.839235387657645e-07 1.783828827687826e-07 1.707010458997159e-07 1.613518141100668e-07 1.508102002484250e-07 1.395846438975991e-07 1.281484187329447e-07 1.169404161770348e-07 1.063318514110456e-07 9.375818106153085e-08 8.448553232811880e-08 7.804816570182769e-08 7.226295691373315e-08 6.757335362971013e-08 6.386517421019888e-08 5.807669773677788e-08 5.228820011439798e-08 4.609465364252396e-08 3.956547070591152e-08 3.287696456562621e-08 2.630679296751484e-08 2.015419183111158e-08 1.467032600226210e-08 1.001755068498778e-08 6.249997912701210e-09 3.326801382730591e-09 1.132698182694427e-09 1.686488019020584e-07 2.009918925452876e-07 2.341573965906323e-07 2.678791347347756e-07 3.019080132085043e-07 3.356683682824947e-07 3.687057941899445e-07 4.001987878142409e-07 4.293710406162430e-07 4.555812051523862e-07 4.773922251430393e-07 4.947279970726324e-07 4.887584948699439e-07 4.920871479726804e-07 4.900705692589228e-07 4.913523833563862e-07 4.962652182225558e-07 4.948196122258944e-07 5.045154211439780e-07 5.122022828918780e-07 5.847306593978531e-07 5.370681138530485e-07 5.491631178284277e-07 5.573112214713930e-07 5.585623133237073e-07 5.508329872846649e-07 5.324383785987000e-07 5.018444918090225e-07 4.575068159368550e-07 3.969893516988836e-07
1.820895770412079e-06 6.008349846798274e-05 3.149770243947473e-04 1.152521007631420e-09 6.934821352667877e-10 2.705438550574019e-10 -1.108489998475637e-10 -4.479369575320562e-10 -7.405561475282602e-10 -9.909340120149808e-10 -1.203357377763908e-09 -1.383958169441918e-09 -1.540118122581312e-09 -1.679783679833866e-09 -1.810534701377824e-09 -1.906634619928207e-09 -2.037818790968675e-09 -2.162903015589718e-09 -2.247083476732573e-09 -2.345608785121101e-09 -2.348544487217979e-09 -2.307412213799069e-09 -2.210590310893852e-09 -2.089567095812550e-09 -1.971687056336936e-09 -1.875132525422014e-09 -1.799382812193493e-09 -1.729958689864179e-09 -1.647485131062911e-09 -1.539107363699025e-09 -1.402926117157414e-09 -1.246459563193573e-09 -1.080792132368936e-09 1.872559294613357e-07 1.914171740099000e-07 1.922703209931624e-07 1.901243910781969e-07 1.853454057652068e-07 1.783308446294000e-07 1.695353792768665e-07 1.594205713866996e-07 1.484903505346449e-07 1.372202101256599e-07 1.260585872078647e-07 1.153916926306985e-07 1.024102802582653e-07 9.284762981337947e-08 8.625063996045361e-08 8.025618401342686e-08 7.540333059596227e-08 7.163943497744773e-08 6.559834738393283e-08 5.965015427887530e-08 5.333230999126899e-08 4.664494806530099e-08 3.968900418902086e-08 3.267331341454887e-08 2.588745652155606e-08 1.962534432778068e-08 1.412562587418647e-08 9.521382106459370e-09 5.832650555641632e-09 2.976860150404857e-09 1.541629464407113e-07 1.845447093300645e-07 2.158631267252871e-07 2.478798649437591e-07 2.803494605469947e-07 3.129323615001517e-07 3.449809514886336e-07 3.758884016922898e-07 4.051356326515087e-07 4.313080143137140e-07 4.543644071422833e-07 4.729311222453410e-07 4.696150610562090e-07 4.756228230212854e-07 4.765625036823308e-07 4.811304193413264e-07 4.897057561277849e-07 4.924474281314261e-07 5.067552929692406e-07 5.197887364663870e-07 5.370681138530485e-07 6.198152767313852e-07 5.751602205517592e-07 5.893288445819454e-07 5.961102825573118e-07 5.927485760512805e-07 5.771677091777658e-07 5.475440238084370e-07 5.022280318881833e-07 4.381252957971769e-07
1.975939649141226e-06 6.503130124059626e-05 3.403555841776694e-04 2.307348629344546e-09 1.664669387024807e-09 1.070967412457615e-09 5.350525948704571e-10 6.170884214867263e-11 -3.480933017168666e-10 -6.967712130708268e-10 -9.895123225331294e-10 -1.233827532374891e-09 -1.438709041811478e-09 -1.614110167126735e-09 -1.770045023204329e-09 -1.884544048314452e-09 -2.031311040498790e-09 -2.175914739445867e-09 -2.289477882804978e-09 -2.432609238909528e-09 -2.490711706614916e-09 -2.507363781993112e-09 -2.454778188676373e-09 -2.352615494618985e-09 -2.226628658793443e-09 -2.105132675039621e-09 -2.007454807483482e-09 -1.933544891243585e-09 -1.869111587525601e-09 -1.795521579130485e-09 -1.700112986786316e-09 -1.581263502037222e-09 -1.445893197518989e-09 1.917611602480824e-07 1.968180866314394e-07 1.985452312168558e-07 1.972240243061838e-07 1.931956033410701e-07 1.868358001885605e-07 1.785834414969721e-07 1.688897559232850e-07 1.582572769282007e-07 1.471663763103975e-07 1.360773359620889e-07 1.253927101453139e-07 1.120285273880282e-07 1.022285688284799e-07 9.554775345398316e-08 8.940428362345887e-08 8.442130935294489e-08 8.059121544499913e-08 7.418439057728800e-08 6.792468309192008e-08 6.133141299353720e-08 5.439237859819695e-08 4.714010800336309e-08 3.971363057665520e-08 3.234181600067401e-08 2.531812919665445e-08 1.893358827846925e-08 1.340168804345859e-08 8.821077467620710e-09 5.162159115625895e-09 1.413033433294350e-07 1.699245978560150e-07 1.995828339450518e-07 2.301555713444373e-07 2.613722412563277e-07 2.928123275103451e-07 3.241048805939676e-07 3.546864485760647e-07 3.834345442314007e-07 4.102961712226356e-07 4.338516837664976e-07 4.536026781870687e-07 4.527288650659698e-07 4.608107830036562e-07 4.643484497822261e-07 4.717374658521699e-07 4.834369256346307e-07 4.898156543158318e-07 5.084585288651264e-07 5.262982273290108e-07 5.491631178284277e-07 5.751602205517591e-07 6.673481878607473e-07 6.218191990490786e-07 6.351679782936103e-07 6.372726038713807e-07 6.255596116649812e-07 5.979228801110800e-07 5.520461317941355e-07 4.844558998787523e-07
2.143843347801970e-06 7.037102466781096e-05 3.676808157270576e-04 4.119586527784869e-09 3.188573448252743e-09 2.329526325499598e-09 1.555794988897546e-09 8.744559857624288e-10 2.868183799754371e-10 -2.107353732338822e-10 -6.256025149943800e-10 -9.680895830214855e-10 -1.250078901902883e-09 -1.484570774649394e-09 -1.684480146663766e-09 -1.831904695438507e-09 -2.002602331619874e-09 -2.168745888046982e-09 -2.307811742001644e-09 -2.487812962093147e-09 -2.596624373025332e-09 -2.676713205026720e-09 -2.688988305019314e-09 -2.638342132367182e-09 -2.538136965145446e-09 -2.415590635587753e-09 -2.300657294138330e-09 -2.213721814253617e-09 -2.155192713846664e-09 -2.111785058664397e-09 -2.065276248241424e-09 -2.003663280441997e-09 -1.925130582748719e-09 1.961137382769851e-07 2.020615588666660e-07 2.046630807178746e-07 2.041734960260746e-07 2.009102757185766e-07 1.952286700281437e-07 1.875524183549984e-07 1.783231373038202e-07 1.680425277574807e-07 1.571964135836494e-07 1.462573744265514e-07 1.356448079736198e-07 1.219892317347515e-07 1.120573557458347e-07 1.054147609554639e-07 9.924261708906044e-08 9.423735225820386e-08 9.041755956079378e-08 8.362799723707583e-08 7.697221472492321e-08 6.997315284698855e-08 6.265418279847548e-08 5.503612134240016e-08 4.719262967349850e-08 3.928784088910548e-08 3.156183626224348e-08 2.431545905845860e-08 1.782072293258879e-08 1.225834862945550e-08 7.669233665060391e-09 1.289521417928501e-07 1.559087678637945e-07 1.840021713691178e-07 2.131529643218182e-07 2.431200440490302e-07 2.735084083202028e-07 3.041158982174637e-07 3.338067047666729e-07 3.626796423366340e-07 3.894408949664814e-07 4.134896951126880e-07 4.343134119404983e-07 4.353586803765848e-07 4.452748136269581e-07 4.510279090039562e-07 4.607706415537386e-07 4.750661766699605e-07 4.847608152664436e-07 5.069461924222065e-07 5.290863349796673e-07 5.573112214713930e-07 5.893288445819456e-07 6.218191990490786e-07 7.213156275572296e-07 6.713566600262483e-07 6.800770468779918e-07 6.736860611282535e-07 6.491829909567441e-07 6.037912117673880e-07 5.333484957617074e-07
2.313496990843851e-06 7.573480684969135e-05 3.950199962707482e-04 6.749798923390982e-09 5.400336847970986e-09 4.159005566643761e-09 3.045112328824135e-09 2.068274657237654e-09 1.229448691695878e-09 5.224419401405719e-10 -6.408113169326355e-11 -5.451043548305391e-10 -9.371287309143177e-10 -1.257790414859679e-09 -1.524003393632331e-09 -1.723376011064652e-09 -1.931472770504896e-09 -2.127528526024490e-09 -2.294703706791899e-09 -2.507597308013665e-09 -2.660803094656927e-09 -2.801169939480230e-09 -2.886421187713258e-09 -2.911116789826768e-09 -2.873086372542004e-09 -2.787370956769301e-09 -2.682989437948105e-09 -2.591488448861350e-09 -2.534189947030757e-09 -2.513049133373110e-09 -2.515673217520834e-09 -2.525161528245770e-09 -2.530032877461702e-09 1.992773337301228e-07 2.060771139529510e-07 2.095348891513225e-07 2.098795673081327e-07 2.074045722634453e-07 2.024439670934365e-07 1.954052109622465e-07 1.867190132120374e-07 1.768846263349426e-07 1.663916428160501e-07 1.557233714510156e-07 1.453149186787393e-07 1.315229282193981e-07 1.216098177994722e-07 1.151593890069669e-07 1.091205822455654e-07 1.042541749938638e-07 1.005907466913743e-07 9.350579090458300e-08 8.646987105031057e-08 7.900587903864492e-08 7.120095084320114e-08 6.311333929003880e-08 5.480779484687393e-08 4.638637523724905e-08 3.802982063057649e-08 2.999544222477493e-08 2.257226828386735e-08 1.600273700417247e-08 1.040130600295214e-08 1.164999643821278e-07 1.417023076363872e-07 1.682200217287107e-07 1.958355993106897e-07 2.244051284526678e-07 2.538364550822157e-07 2.830518889476382e-07 3.123513474492673e-07 3.405771264243561e-07 3.670940746414248e-07 3.915306531327031e-07 4.128682842068978e-07 4.156392500607391e-07 4.270573862212743e-07 4.346264643702926e-07 4.462325192581899e-07 4.627974567646550e-07 4.750501714315751e-07 5.000908923557300e-07 5.260203120165391e-07 5.585623133237073e-07 5.961102825573118e-07 6.351679782936104e-07 6.713566600262482e-07 7.743588016763762e-07 7.163682269060576e-07 7.164981191654194e-07 6.966372804511427e-07 6.532027247999553e-07 5.813189047676545e-07
2.470916952937738e-06 8.066489008802500e-05 4.199855414924077e-04 1.031946420794708e-08 8.401700586352662e-09 6.644051520853833e-09 5.073366148817779e-09 3.701994280567343e-09 2.529614625870079e-09 1.545748728420774e-09 7.329899621693228e-10 6.941322035837745e-11 -4.681961923325071e-10 -9.040774420596202e-10 -1.260655409811527e-09 -1.533457301424250e-09 -1.795320410344401e-09 -2.034095347346570e-09 -2.238038035346454e-09 -2.485819827820259e-09 -2.680536620343673e-09 -2.875395346432991e-09 -3.031874709682264e-09 -3.142027833622709e-09 -3.192745152108658e-09 -3.183805898431188e-09 -3.131883496051982e-09 -3.067928330536918e-09 -3.024687584673062e-09 -3.025576461143192e-09 -3.073989342706573e-09 -3.159806522862289e-09 -3.267861802046209e-09 2.002212808410521e-07 2.077861159657257e-07 2.120485230309930e-07 2.132102021934978e-07 2.115390665396252e-07 2.073462301327101e-07 2.010200687506995e-07 1.929775694644382e-07 1.837117724063873e-07 1.737122612200997e-07 1.634692455023398e-07 1.534302761410981e-07 1.397158121691152e-07 1.300088863914794e-07 1.239217410222559e-07 1.182008957914649e-07 1.136626098004568e-07 1.103421064166059e-07 1.031410629615405e-07 9.585057219830878e-08 8.797206999901128e-08 7.965447949713312e-08 7.102238882466882e-08 6.218119666776537e-08 5.322691194281877e-08 4.428262587114534e-08 3.555528485808446e-08 2.729821341179701e-08 1.977524871411226e-08 1.315372674372465e-08 1.035658992258239e-07 1.269454665643448e-07 1.516289124824373e-07 1.775712358698699e-07 2.047686291056163e-07 2.322994843673688e-07 2.607079493404519e-07 2.887200575325589e-07 3.160063130474904e-07 3.422551475672639e-07 3.663472180558751e-07 3.879061443996915e-07 3.921630158671478e-07 4.046209223556141e-07 4.135822561927251e-07 4.267968612138463e-07 4.447914828450527e-07 4.590273893946402e-07 4.863273943247664e-07 5.148343068283770e-07 5.508329872846649e-07 5.927485760512804e-07 6.372726038713807e-07 6.800770468779918e-07 7.163682269060576e-07 8.177979046435046e-07 7.484363083830692e-07 7.346923476596002e-07 6.951315314781912e-07 6.237855943716763e-07
2.599744850988379e-06 8.463138625009398e-05 4.398324648502559e-04 1.486996850273876e-08 1.222656325991805e-08 9.812581502267365e-09 7.664019252544375e-09 5.796052023055727e-09 4.205981224092407e-09 2.877073765676348e-09 1.783474713733773e-09 8.938001712429434e-10 1.758192448498075e-10 -4.034579113933852e-10 -8.736750704494464e-10 -1.241301864727188e-09 -1.573593610401027e-09 -1.869558593172588e-09 -2.122628549210368e-09 -2.412436149733455e-09 -2.651428049518053e-09 -2.897791361363774e-09 -3.120204778610165e-09 -3.314714905557118e-09 -3.465341100334084e-09 -3.561540433980292e-09 -3.604552493570924e-09 -3.613336847280802e-09 -3.620143215669892e-09 -3.660082642425867e-09 -3.758229923484576e-09 -3.921069296409411e-09 -4.141698283475669e-09 1.979997700906094e-07 2.061855256343845e-07 2.111559037023074e-07 2.130841210433373e-07 2.122105465526652e-07 2.088207972289012e-07 2.032803893761670e-07 1.959884300375506e-07 1.874262821066920e-07 1.780778043273519e-07 1.684339906889693e-07 1.589493202323210e-07 1.455738084152459e-07 1.362837823451629e-07 1.307307230417302e-07 1.255139613271171e-07 1.214936325720174e-07 1.187080176345394e-07 1.116331787757224e-07 1.043053596882170e-07 9.618000236765491e-08 8.744219580679256e-08 7.828009261629729e-08 6.886818208703100e-08 5.934561145600080e-08 4.983290480976065e-08 4.048781926360936e-08 3.152095447272496e-08 2.316627138089450e-08 1.560411487808187e-08 9.016356025221167e-08 1.114292667443657e-07 1.341267808783689e-07 1.583207488586900e-07 1.832331240046879e-07 2.094421161510707e-07 2.359415817297325e-07 2.624520981098120e-07 2.887294204294836e-07 3.138152591527567e-07 3.373517752096147e-07 3.586112796556882e-07 3.639900066407280e-07 3.770323878772908e-07 3.871614317083885e-07 4.012052081326596e-07 4.200057180627091e-07 4.357936437542880e-07 4.640957965459336e-07 4.943288056552394e-07 5.324383785987000e-07 5.771677091777658e-07 6.255596116649812e-07 6.736860611282535e-07 7.164981191654193e-07 7.484363083830692e-07 8.416427532009552e-07 7.576079400812491e-07 7.238181159431774e-07 6.554040408665510e-07
2.678707017891680e-06 8.695115823854460e-05 4.510421487193578e-04 2.029042525862199e-08 1.678086815154408e-08 1.358647016030377e-08 1.075371664390126e-08 8.300551229142677e-09 6.220712023970891e-09 4.489253477167089e-09 3.069532508300116e-09 1.918272778792940e-09 9.920359292718630e-10 2.470548909084863e-10 -3.551262116001334e-10 -8.350860113197942e-10 -1.251314876148346e-09 -1.616997378772929e-09 -1.931490566733310e-09 -2.272194287302189e-09 -2.562247646989455e-09 -2.861452299781680e-09 -3.145983699997350e-09 -3.418592639133259e-09 -3.666999412286821e-09 -3.878718007364956e-09 -4.044638148176061e-09 -4.168971814235101e-09 -4.272262045127834e-09 -4.389334932976662e-09 -4.556736095849978e-09 -4.802770530899823e-09 -5.138209502294341e-09 1.915899448924623e-07 2.001807501416792e-07 2.057036124364985e-07 2.083019357220507e-07 2.081860561027254e-07 2.056130524595119e-07 2.009206289980488e-07 1.944846027623943e-07 1.867672113949080e-07 1.782385763429656e-07 1.693817474767687e-07 1.606497549374140e-07 1.479209679025742e-07 1.392756195029725e-07 1.344143676969257e-07 1.298731244573025e-07 1.265382070643274e-07 1.244524241155997e-07 1.177804989650064e-07 1.106968949722438e-07 1.025967690104761e-07 9.366642857925942e-08 8.413002610629125e-08 7.422639742303999e-08 6.416462024950171e-08 5.410997147057064e-08 4.422358729076499e-08 3.467390497190059e-08 2.565765743644500e-08 1.731874903759633e-08 7.633178739436441e-08 9.527208762017667e-08 1.158875202551716e-07 1.374159342468668e-07 1.605442865854108e-07 1.843655912443902e-07 2.087162546633350e-07 2.334971783759815e-07 2.579155065435255e-07 2.815724173006510e-07 3.038855035700820e-07 3.243619702751225e-07 3.304051843584145e-07 3.437813166198027e-07 3.543382662937302e-07 3.686232315395817e-07 3.877598431877412e-07 4.040447574322795e-07 4.324882898378661e-07 4.631838827559194e-07 5.018444918090225e-07 5.475440238084370e-07 5.979228801110800e-07 6.491829909567440e-07 6.966372804511427e-07 7.346923476596002e-07 7.576079400812491e-07 8.345571251884046e-07 7.326700888475895e-07 6.698645213248489e-07
2.679486697092771e-06 8.672154523024952e-05 4.489880209832907e-04 2.619350163690506e-08 2.173909211348212e-08 1.769651469553617e-08 1.412331446138400e-08 1.103986044714127e-08 8.435306498891513e-09 6.274992345630273e-09 4.509791721327127e-09 3.082840434068775e-09 1.938008782969409e-09 1.019437951926328e-09 2.788672449638962e-10 -3.209407433383346e-10 -8.264167717614228e-10 -1.267528542452187e-09 -1.650587424177823e-09 -2.047507014350354e-09 -2.394516574688469e-09 -2.749026339882755e-09 -3.093491687301495e-09 -3.436605525332774e-09 -3.772405364939902e-09 -4.093054238053952e-09 -4.387428545547824e-09 -4.650399343922333e-09 -4.888522891591034e-09 -5.125553828543387e-09 -5.397480271460348e-09 -5.743571436255226e-09 -6.196288982342964e-09 1.798196982938917e-07 1.885082304136427e-07 1.943517388889601e-07 1.974626493612296e-07 1.980186544950531e-07 1.962445382061213e-07 1.924440848938045e-07 1.869627441643413e-07 1.802336109330035e-07 1.727021941207985e-07 1.648314523613001e-07 1.570609604610885e-07 1.453360813715665e-07 1.375762612736929e-07 1.335391424026003e-07 1.298146534069098e-07 1.272881229516793e-07 1.260085991580905e-07 1.200245293029639e-07 1.135011333994785e-07 1.057777170213443e-07 9.701027845497366e-08 8.742168038984951e-08 7.728426765535002e-08 6.686902069237309e-08 5.640886171355718e-08 4.611061596135212e-08 3.614845964658034e-08 2.668095342550305e-08 1.780868717167874e-08 6.220055912035034e-08 7.883797457282468e-08 9.641743634986517e-08 1.157562418120878e-07 1.360304703499717e-07 1.571373807437199e-07 1.791611597689916e-07 2.013117093215335e-07 2.234376178035213e-07 2.450376515413564e-07 2.655618757346431e-07 2.844429687743674e-07 2.911072270722684e-07 3.039015791621154e-07 3.143665278525703e-07 3.285088018725426e-07 3.468019413328726e-07 3.629851563105807e-07 3.903263046363725e-07 4.200520154559747e-07 4.575068159368550e-07 5.022280318881833e-07 5.520461317941357e-07 6.037912117673878e-07 6.532027247999553e-07 6.951315314781912e-07 7.238181159431774e-07 7.326700888475895e-07 7.837148867606084e-07 6.600631687819196e-07
2.558248747280830e-06 8.255058944391240e-05 4.265542063396488e-04 3.168037709517947e-08 2.634838879955539e-08 2.152177246911391e-08 1.726791720583521e-08 1.360879235372009e-08 1.052848864215622e-08 7.982452835740661e-09 5.909148554957489e-09 4.238382393112523e-09 2.901719216439503e-09 1.831706411426445e-09 9.708024690656892e-10 2.644607632449619e-10 -3.186978919039026e-10 -8.262624336459696e-10 -1.272145366692256e-09 -1.719149856480729e-09 -2.119869059779995e-09 -2.525250448138992e-09 -2.922819475016955e-09 -3.324615982239862e-09 -3.730140444397762e-09 -4.138508123147259e-09 -4.542805093622553e-09 -4.936806126678075e-09 -5.318765272660501e-09 -5.699664472648703e-09 -6.104705294458762e-09 -6.571899534562316e-09 -7.143424218852863e-09 1.609338436746317e-07 1.692758602908659e-07 1.750955386556255e-07 1.784737456531969e-07 1.795524258804426e-07 1.785192837680972e-07 1.756359876029679e-07 1.712075497071187e-07 1.656236331725972e-07 1.592894114632524e-07 1.526301338485825e-07 1.460541567071587e-07 1.357699243903083e-07 1.291618512387327e-07 1.260495618146155e-07 1.232424967002691e-07 1.215828620771351e-07 1.211255663730266e-07 1.161102344969542e-07 1.104827667897390e-07 1.035559297861704e-07 9.543424986066773e-08 8.630519295995698e-08 7.643257484765088e-08 6.611294661545249e-08 5.563201294748229e-08 4.525584085896360e-08 3.519749368306175e-08 2.561721266445975e-08 1.657166713367218e-08 4.818488750149329e-08 6.151885530118105e-08 7.658570272365576e-08 9.259415095516113e-08 1.096324803122686e-07 1.277834420790282e-07 1.464372029403717e-07 1.655105657212022e-07 1.846120351991199e-07 2.033588388190080e-07 2.212537716030159e-07 2.381474877680773e-07 2.444986089908462e-07 2.561677569974054e-07 2.661075795304803e-07 2.789743915461571e-07 2.957049254409130e-07 3.107372693009935e-07 3.355249476202297e-07 3.626477870871455e-07 3.969893516988836e-07 4.381252957971770e-07 4.844558998787523e-07 5.333484957617074e-07 5.813189047676545e-07 6.237855943716764e-07 6.554040408665510e-07 6.698645213248490e-07 6.600631687819196e-07 6.744517537105975e-07
