6.229307156369536e-02 6.908882306283851e-02 8.786774125242177e-03 1.285851461720150e-04 1.234803736916538e-04 1.178903169881223e-04 1.119637586045209e-04 1.058511668017600e-04 9.968170152562311e-05 9.358335224579203e-05 8.765325897289362e-05 8.199337448050547e-05 7.667229858545497e-05 7.174282992703361e-05 6.723551377215677e-05 6.212931188970569e-05 5.872363557171569e-05 5.561770807013055e-05 5.220979104492030e-05 5.008988422332747e-05 4.707064387725192e-05 4.436138792090425e-05 4.150059470708502e-05 3.863439786301944e-05 3.577693803139406e-05 3.294168769147426e-05 3.015786077203226e-05 2.745793897666704e-05 2.486864474389940e-05 2.242283980814823e-05 2.014233819177266e-05 1.804515731308966e-05 1.613055910893699e-05 -3.480058363957324e-05 -3.660545642902023e-05 -3.795797336065444e-05 -3.888500964212454e-05 -3.942442053161673e-05 -3.961458296719391e-05 -3.950944067930485e-05 -3.916146283957571e-05 -3.864757420334943e-05 -3.804468551482919e-05 -3.744159211996086e-05 -3.693211807628864e-05 -3.552628105137661e-05 -3.511117328450514e-05 -3.574880122619185e-05 -3.663921931606079e-05 -3.808412134792669e-05 -4.020632179729371e-05 -4.111419725380154e-05 -4.203601982241310e-05 -4.268249232117946e-05 -4.301009035982062e-05 -4.298191079274754e-05 -4.259298623726234e-05 -4.186155287876853e-05 -4.082323663350947e-05 -3.956227093388087e-05 -3.820067426521161e-05 -3.693085104075307e-05 -3.600565339183338e-05 2.375402192493254e-07 2.813807192538706e-07 3.254330849645175e-07 3.693911594231037e-07 4.129228300589049e-07 4.554656332570277e-07 4.965129991755669e-07 5.352195056623692e-07 5.710390251168692e-07 6.031680441715682e-07 6.309540816972199e-07 6.539193746893846e-07 6.482401616280507e-07 6.572986127560970e-07 6.619523401068983e-07 6.746159023174018e-07 6.965489648180855e-07 7.148084258825085e-07 7.557949741696013e-07 8.023149070890522e-07 8.650954988423647e-07 9.437220843618383e-07 1.035337518819346e-06 1.135827982610689e-06 1.239643509426125e-06 1.339125830602479e-06 1.425300659547297e-06 1.485737287616540e-06 1.503774441612726e-06 1.452758131257370e-06
6.908882306283851e-02 9.194704156562598e-01 2.891581710461031e-01 1.469580039563714e-04 1.422609329120184e-04 1.369427777929327e-04 1.311586486139742e-04 1.250707390549861e-04 1.188214850246522e-04 1.125571237889221e-04 1.063920189255564e-04 1.004510050258947e-04 9.482276908335583e-05 8.958008716910226e-05 8.477092877515474e-05 7.910661850946684e-05 7.551737522504540e-05 7.224564685268217e-05 6.851100686953753e-05 6.640682638985039e-05 6.305399011620300e-05 6.005038455066923e-05 5.677636824377801e-05 5.342617725418273e-05 5.001824744950953e-05 4.657109669236928e-05 4.312674028044839e-05 3.973397065668669e-05 3.643556027647884e-05 3.328563824156378e-05 3.032483899693971e-05 2.759092510363919e-05 2.509616359794680e-05 -5.487397987985972e-04 -5.743177205070345e-04 -5.924831569142830e-04 -6.037584489211041e-04 -6.088316287022667e-04 -6.083903769558247e-04 -6.033506652811852e-04 -5.945903033642242e-04 -5.833399815221792e-04 -5.708042001420076e-04 -5.583376692567806e-04 -5.473373544328820e-04 -5.232038484475795e-04 -5.138098610976482e-04 -5.197852187912538e-04 -5.292825590617872e-04 -5.465655660854896e-04 -5.732346157602956e-04 -5.823143159429898e-04 -5.914364077284680e-04 -5.965625135246772e-04 -5.971743534610749e-04 -5.928601414750624e-04 -5.836574368597021e-04 -5.699189287063755e-04 -5.522228531492597e-04 -5.317847393763585e-04 -5.102925123381274e-04 -4.903251132239633e-04 -4.751959099788585e-04 1.164002027432676e-05 1.372729496725309e-05 1.580413718085843e-05 1.785494586557962e-05 1.986316928153784e-05 2.180157144897173e-05 2.364616731358168e-05 2.535747462056243e-05 2.691103839595908e-05 2.827099055290697e-05 2.940944114636687e-05 3.030739955633302e-05 2.987073060237643e-05 3.010989530533174e-05 3.014130418261613e-05 3.053051399573510e-05 3.132752497365260e-05 3.194603019179089e-05 3.356150945259137e-05 3.539577873953357e-05 3.791405711923691e-05 4.108393899247443e-05 4.476778451276579e-05 4.877730254787113e-05 5.286783565195352e-05 5.671210781962888e-05 5.993674744533809e-05 6.203492127797843e-05 6.233939118031168e-05 5.979160386386163e-05
8.786774125242184e-03 2.891581710461031e-01 1.561180278784001e+00 1.897698936013589e-05 1.847087754207802e-05 1.787993799750785e-05 1.722285461866173e-05 1.651964872009655e-05 1.578817331707885e-05 1.504721672932018e-05 1.431174972119649e-05 1.359855298908074e-05 1.291993629429775e-05 1.228637950710252e-05 1.170525213907586e-05 1.099832769798615e-05 1.057309318448907e-05 1.018763104999383e-05 9.731910272089397e-06 9.503922197231867e-06 9.093674515358280e-06 8.729189599577099e-06 8.320794222032159e-06 7.896136971491892e-06 7.457579230196617e-06 7.007561380188506e-06 6.552160035474868e-06 6.098703455209656e-06 5.653870082504941e-06 5.226412859682560e-06 4.823389563268452e-06 4.451857661342268e-06 4.115303222824504e-06 -1.440641433818315e-04 -1.515767634875985e-04 -1.572209669957327e-04 -1.611066470365257e-04 -1.633892449765622e-04 -1.642264720974284e-04 -1.638407168748163e-04 -1.624484671239290e-04 -1.603679146850425e-04 -1.579175672797823e-04 -1.554656756364344e-04 -1.534018596483966e-04 -1.476130169875660e-04 -1.459388457272474e-04 -1.486413713058946e-04 -1.523978798760797e-04 -1.584648015928265e-04 -1.673558323546616e-04 -1.711974333435719e-04 -1.751003581495588e-04 -1.778591050905219e-04 -1.792908916325976e-04 -1.792402566708095e-04 -1.776847222750492e-04 -1.746986072483986e-04 -1.704289449101999e-04 -1.652260020554726e-04 -1.595984444473785e-04 -1.543498778746805e-04 -1.505378234687402e-04 9.481351595053467e-05 1.113616272637357e-04 1.276713289778875e-04 1.436118688269808e-04 1.590472281021966e-04 1.737588899182459e-04 1.875585864362869e-04 2.001399722706619e-04 2.113216799129952e-04 2.208380892156488e-04 2.284926311272748e-04 2.341635330940762e-04 2.294742293147567e-04 2.299571113035772e-04 2.288131552750624e-04 2.303382843017205e-04 2.348566461208475e-04 2.379415150892077e-04 2.483152501748070e-04 2.601083883627982e-04 2.766795430384777e-04 2.976846145575499e-04 3.220267466084582e-04 3.482745513218229e-04 3.746364341390938e-04 3.987927274124978e-04 4.181747599193358e-04 4.293746507715002e-04 4.279991698961316e-04 4.071440931130109e-04
1.285851461720150e-04 1.469580039563714e-04 1.897698936013588e-05 4.845294496435768e-07 4.218074729223480e-07 4.002665302868342e-07 3.768180025906280e-07 3.524389371973387e-07 3.279260569574914e-07 3.039941974862817e-07 2.810758930051923e-07 2.596262919993034e-07 2.397857093275381e-07 2.217384745097188e-07 2.054702527287435e-07 1.878119541300892e-07 1.757553502541575e-07 1.649049130217347e-07 1.534918784753035e-07 1.461668538143645e-07 1.364954120530316e-07 1.280132821222388e-07 1.193284196916041e-07 1.109127612748539e-07 1.026785053576391e-07 9.466788661845464e-08 8.686990986819156e-08 7.929878293709391e-08 7.193722730322659e-08 6.481592901640378e-08 5.793168523534717e-08 5.130046787173021e-08 4.497859669395039e-08 8.923978519443511e-08 8.905607238231916e-08 8.622697523967252e-08 8.184403978824838e-08 7.703458124286514e-08 7.267638659950007e-08 6.927248627624247e-08 6.697615420586491e-08 6.573206637167492e-08 6.536386799479316e-08 6.570952160753586e-08 6.669204784909204e-08 6.625357808140479e-08 6.774203648053235e-08 7.136808722466542e-08 7.558626055177604e-08 8.102258161071287e-08 8.797638092937268e-08 9.219713793431376e-08 9.622447622050128e-08 9.929606335123336e-08 1.011567460536442e-07 1.015736647063587e-07 1.003798861010064e-07 9.749672144973589e-08 9.292265780206192e-08 8.682615615354300e-08 7.952950661785525e-08 7.158815280474974e-08 6.367152338062110e-08 6.364741661873950e-09 3.526999748206066e-09 -1.540277906535969e-11 -3.534934896211805e-09 -6.366291152604667e-09 -8.081489457455542e-09 -8.556289278286736e-09 -7.946521623789909e-09 -6.585431749933754e-09 -4.850264787941452e-09 -3.066063893931202e-09 -1.467074141619902e-09 -1.850034346168144e-10 7.360340999817533e-10 1.354018441993961e-09 1.782134596521210e-09 2.100128540467621e-09 2.309116386484606e-09 2.569887863615923e-09 2.849215988569495e-09 3.216523548391427e-09 3.693753951170414e-09 4.288145028470835e-09 5.001648721995143e-09 5.826600418237978e-09 6.753841414452670e-09 7.783883435157935e-09 8.923954584546880e-09 1.017070796742149e-08 1.147526546945592e-08
1.234803736916538e-04 1.422609329120184e-04 1.847087754207802e-05 4.218074729223480e-07 4.496049724598594e-07 3.903377990885068e-07 3.705417332847706e-07 3.490955923699946e-07 3.268444588586143e-07 3.045237908946241e-07 2.828188459030943e-07 2.621536401073943e-07 2.429132748638893e-07 2.252308264745649e-07 2.091903619141572e-07 1.916925227240997e-07 1.797174172385194e-07 1.689485288936528e-07 1.575199647904385e-07 1.502371728133236e-07 1.405001237277980e-07 1.318991525701757e-07 1.231488386446028e-07 1.145369795910974e-07 1.061561878512237e-07 9.798081141606265e-08 9.003400326197916e-08 8.233913154098506e-08 7.492072533266039e-08 6.779516875514745e-08 6.099777271030486e-08 5.460698934299478e-08 4.849274667906402e-08 8.414932070830752e-08 8.642460011148225e-08 8.557664937724274e-08 8.233860615283786e-08 7.774718807922172e-08 7.283289816688982e-08 6.839643186479188e-08 6.490174232031758e-08 6.253026590875382e-08 6.123678962834180e-08 6.089603616015256e-08 6.140367097704348e-08 6.082159765640736e-08 6.217041336694146e-08 6.559961041455702e-08 6.967120615346184e-08 7.494948401618349e-08 8.171189900339197e-08 8.600823009659893e-08 9.018030181050892e-08 9.350924005998222e-08 9.575192060684066e-08 9.668664895008679e-08 9.615827054579852e-08 9.409480316374973e-08 9.049737243997790e-08 8.552750603562592e-08 7.949125983607300e-08 7.291687484712634e-08 6.645630106378385e-08 8.572027723320628e-09 6.883719018854320e-09 4.003327341508594e-09 4.846818496499518e-10 -2.985461156720755e-09 -5.782158442538728e-09 -7.498209618057721e-09 -8.022156038859616e-09 -7.509569139104149e-09 -6.274452535224663e-09 -4.673070397358539e-09 -3.020845240790121e-09 -1.492011873700723e-09 -3.164721649491858e-10 5.601059420179363e-10 1.205373759310157e-09 1.694418683367113e-09 2.038458296155371e-09 2.382933698749977e-09 2.707905861974010e-09 3.081328375175568e-09 3.526360807380513e-09 4.050628545114676e-09 4.655814281772023e-09 5.335243203323876e-09 6.080791661619017e-09 6.892680775627917e-09 7.776209591233969e-09 8.727759455779657e-09 9.704744570016284e-09
1.178903169881223e-04 1.369427777929327e-04 1.787993799750784e-05 4.002665302868342e-07 3.903377990885068e-07 4.168668531666001e-07 3.611663915083349e-07 3.429815031470009e-07 3.233150038562994e-07 3.030495209822309e-07 2.827855120335489e-07 2.632154538257697e-07 2.447116288713979e-07 2.275366816569020e-07 2.119295635924392e-07 1.946268377400118e-07 1.828718029258043e-07 1.722406648082439e-07 1.608974271278369e-07 1.537060861717315e-07 1.439334035262443e-07 1.353768129047806e-07 1.264943614328200e-07 1.178140265199089e-07 1.093262739189813e-07 1.010205655863167e-07 9.295561417138289e-08 8.517777167086591e-08 7.770015687147634e-08 7.058887800332490e-08 6.390993131416969e-08 5.760336877535244e-08 5.184331745145811e-08 7.620604500345746e-08 8.084230135999231e-08 8.236277835661846e-08 8.101505551229013e-08 7.752067169790574e-08 7.284306273170187e-08 6.793874534598052e-08 6.354475893869237e-08 6.012228608342269e-08 5.783530950957440e-08 5.666960710861316e-08 5.654494022869745e-08 5.566013985162015e-08 5.673696576797612e-08 5.985522011086076e-08 6.367566903495054e-08 6.869743142509607e-08 7.517132512368163e-08 7.945883131533109e-08 8.369674128874281e-08 8.721074580938071e-08 8.976781026796624e-08 9.115508588885785e-08 9.122565104567240e-08 8.991062967710585e-08 8.721030324344036e-08 8.327587564053192e-08 7.839435586914590e-08 7.306408213719361e-08 6.791468981040087e-08 9.390098299326533e-09 8.992233042321328e-09 7.229192532344580e-09 4.344650361177226e-09 8.737393947476857e-10 -2.529408018676397e-09 -5.265961595883572e-09 -6.955793244590536e-09 -7.503398627690947e-09 -7.059718518226179e-09 -5.925896605347761e-09 -4.447666652868296e-09 -2.825870161568184e-09 -1.481385321673436e-09 -3.854536050634074e-10 4.647839865866225e-10 1.127380772689896e-09 1.619279102427877e-09 2.062323611016412e-09 2.451713733535290e-09 2.851922971340116e-09 3.287790324181583e-09 3.767905822097984e-09 4.294029643740125e-09 4.860402794957567e-09 5.459722746204698e-09 6.091829832331382e-09 6.760327601296634e-09 7.461498638259411e-09 8.158643917630429e-09
1.119637586045209e-04 1.311586486139742e-04 1.722285461866172e-05 3.768180025906280e-07 3.705417332847706e-07 3.611663915083349e-07 3.862374484513441e-07 3.340642191508738e-07 3.173557208823521e-07 2.994061032443458e-07 2.809874726480300e-07 2.627367861842481e-07 2.451726166439972e-07 2.287557486739139e-07 2.136337082569878e-07 1.966866006261036e-07 1.852213660541244e-07 1.748337884864025e-07 1.636191781574368e-07 1.565712272303285e-07 1.469085863998977e-07 1.383297514132194e-07 1.294694936023458e-07 1.207371246797046e-07 1.121824953455781e-07 1.038013104425551e-07 9.565427174977891e-08 8.780486279408520e-08 8.029693889528957e-08 7.323260487526038e-08 6.655408022394753e-08 6.046843939175063e-08 5.488021472609734e-08 6.617615086020575e-08 7.265174080938562e-08 7.645794442500588e-08 7.737068795471885e-08 7.567147114204810e-08 7.204662588563766e-08 6.740586779872271e-08 6.263215880711439e-08 5.843479263695861e-08 5.522764899600191e-08 5.317912676400562e-08 5.230079183271443e-08 5.095938470933146e-08 5.163048487092704e-08 5.432362376391816e-08 5.778783726165425e-08 6.245566569429296e-08 6.854687779051056e-08 7.273708092680593e-08 7.695718510165753e-08 8.057763452499330e-08 8.337370123183479e-08 8.513914769491517e-08 8.573184515932924e-08 8.508256727279495e-08 8.318744634717194e-08 8.018429705789250e-08 7.633868762937617e-08 7.211693456161687e-08 6.812214102949491e-08 8.940564482524253e-09 9.679114541192313e-09 9.182473410992859e-09 7.381681268069804e-09 4.525090293774351e-09 1.130402560452014e-09 -2.169771917421282e-09 -4.811402973140299e-09 -6.443642183473115e-09 -6.984322523041201e-09 -6.584992938206983e-09 -5.541507153321402e-09 -4.039300468178391e-09 -2.661594056348800e-09 -1.424065213615871e-09 -4.064187368745220e-10 4.163855634691487e-10 1.059035757066236e-09 1.609552068750545e-09 2.078439428814643e-09 2.523880316276579e-09 2.972410702327801e-09 3.433930729815323e-09 3.910502818009587e-09 4.397129835089933e-09 4.887057068659315e-09 5.379585538147328e-09 5.876778431719048e-09 6.374906235709978e-09 6.842565092452862e-09
1.058511668017600e-04 1.250707390549861e-04 1.651964872009655e-05 3.524389371973387e-07 3.490955923699946e-07 3.429815031470008e-07 3.340642191508738e-07 3.576122312156472e-07 3.089335438905029e-07 2.936430355820386e-07 2.773285882012994e-07 2.606884629401069e-07 2.443973109296363e-07 2.288457194009763e-07 2.143955767271255e-07 1.979206933467013e-07 1.868490521614297e-07 1.767524846088559e-07 1.657412124693143e-07 1.589466585901834e-07 1.493631984450201e-07 1.408928006827276e-07 1.320692395504323e-07 1.233507260940908e-07 1.147611041019859e-07 1.063455402018548e-07 9.815175885371089e-08 9.025622893122305e-08 8.276456245354181e-08 7.564371775254064e-08 6.910224947384550e-08 6.309607690027566e-08 5.767205226027815e-08 5.505307692214769e-08 6.261190659968295e-08 6.822019909226247e-08 7.132220658020054e-08 7.176461447943867e-08 6.983700324202684e-08 6.620693105938156e-08 6.171995872313136e-08 5.722018032474672e-08 5.334492474545377e-08 5.048327020877529e-08 4.880377305284923e-08 4.688150218571576e-08 4.702357143073173e-08 4.918256362502005e-08 5.218786044446520e-08 5.640781578877222e-08 6.202768285801911e-08 6.603079399036037e-08 7.014744134141476e-08 7.379213705411728e-08 7.674706294110791e-08 7.881070711411854e-08 7.984268907875227e-08 7.977034377264047e-08 7.858269369436985e-08 7.640152762836165e-08 7.346902588853636e-08 7.021792792642854e-08 6.722129840813433e-08 7.583058274957894e-09 9.096031552045866e-09 9.722458062702813e-09 9.154773547340884e-09 7.346962569013186e-09 4.548813805542999e-09 1.269516844030940e-09 -1.891038761571937e-09 -4.403778442695229e-09 -5.947641521017064e-09 -6.457517462891548e-09 -6.091289009944438e-09 -4.956203481836676e-09 -3.726695311862427e-09 -2.469000045219165e-09 -1.354052793030571e-09 -4.062545389971917e-10 3.757018817899056e-10 1.033800268995512e-09 1.591435208904621e-09 2.096566684838820e-09 2.576696830073513e-09 3.043004431784409e-09 3.497882578357825e-09 3.936834777965546e-09 4.353306414905248e-09 4.745812644501708e-09 5.114941768732400e-09 5.456881966939646e-09 5.744835261646715e-09
9.968170152562311e-05 1.188214850246522e-04 1.578817331707884e-05 3.279260569574914e-07 3.268444588586143e-07 3.233150038562994e-07 3.173557208823521e-07 3.089335438905029e-07 3.309605651122441e-07 2.857379576068450e-07 2.717685431639358e-07 2.571088236934292e-07 2.422831391208977e-07 2.278625594874428e-07 2.142402043731138e-07 1.983970912949806e-07 1.877926588839506e-07 1.780538321292975e-07 1.673746030089375e-07 1.608033335025658e-07 1.514080683649964e-07 1.430885277971232e-07 1.343484091596068e-07 1.256734709633415e-07 1.171157014788644e-07 1.086804989862871e-07 1.004720453366563e-07 9.260100784381324e-08 8.502387217782939e-08 7.799615543167127e-08 7.146754982471680e-08 6.553911985354781e-08 6.030583386424722e-08 4.379685092609067e-08 5.166406172364594e-08 5.836837374242724e-08 6.321355219884955e-08 6.573446829574959e-08 6.582322689156898e-08 6.379111582632922e-08 6.026826832697196e-08 5.606843579264126e-08 5.195231319000571e-08 4.850748969859853e-08 4.609468092451830e-08 4.353210906330052e-08 4.305260418359284e-08 4.458294628885768e-08 4.703287172258155e-08 5.071591646560665e-08 5.578203258628652e-08 5.950858395222376e-08 6.343586026136203e-08 6.702090573660190e-08 7.005187567801237e-08 7.233063717671868e-08 7.371614578044121e-08 7.412975960123083e-08 7.355089105693563e-08 7.208312498000842e-08 6.994371998667482e-08 6.753073235784165e-08 6.538435654751830e-08 5.765252763322948e-09 7.622398978019315e-09 9.022317361079973e-09 9.552466613416979e-09 8.937771152413736e-09 7.149503680732672e-09 4.446584999101616e-09 1.316445029217906e-09 -1.671223544735903e-09 -4.026592683986707e-09 -5.460248890113172e-09 -5.928771423427517e-09 -5.397189806140323e-09 -4.521941200005745e-09 -3.405382287160761e-09 -2.300064914785803e-09 -1.290588605134158e-09 -4.006745936922412e-10 3.525311032432642e-10 9.997016146996092e-10 1.573090063731976e-09 2.099278994384359e-09 2.590079869405800e-09 3.047941058513564e-09 3.468457831369763e-09 3.844827939481273e-09 4.174451464989922e-09 4.456347896170444e-09 4.686442196577599e-09 4.841739448791505e-09
9.358335224579203e-05 1.125571237889221e-04 1.504721672932018e-05 3.039941974862817e-07 3.045237908946241e-07 3.030495209822309e-07 2.994061032443458e-07 2.936430355820386e-07 2.857379576068451e-07 3.063427810401550e-07 2.644667704196294e-07 2.519351757325531e-07 2.388752984085417e-07 2.258201843985223e-07 2.132448345387763e-07 1.981706128586800e-07 1.881334617926376e-07 1.788964891352628e-07 1.685280373042524e-07 1.622844884549817e-07 1.531273665636265e-07 1.449809461991730e-07 1.363800511153909e-07 1.277953813302390e-07 1.192816895756329e-07 1.108829826626115e-07 1.027097278385599e-07 9.477054983891170e-08 8.727856600196947e-08 8.022271434944811e-08 7.372146292145274e-08 6.790957844215927e-08 6.275976534047771e-08 3.316588730370098e-08 4.071388919154116e-08 4.778934581686346e-08 5.372430181452944e-08 5.791441253102622e-08 5.996243734658925e-08 5.981733635514366e-08 5.778844892401286e-08 5.449764208191805e-08 5.068198781877939e-08 4.703949252688288e-08 4.410452266615612e-08 4.094551931473801e-08 3.981183232717282e-08 4.065092520015451e-08 4.246398262801693e-08 4.552961681070180e-08 4.996750751957947e-08 5.333023116493054e-08 5.698412265676794e-08 6.042634074750399e-08 6.345041951095390e-08 6.586080643206073e-08 6.751415469270259e-08 6.832401316386291e-08 6.825825600108927e-08 6.740060789770317e-08 6.594227910349156e-08 6.424596505434776e-08 6.281687838235225e-08 3.888616922813514e-09 5.716106784906654e-09 7.471054720750428e-09 8.763360490183376e-09 9.212821739974792e-09 8.570751671432123e-09 6.832535464847165e-09 4.252177323777246e-09 1.300572352002334e-09 -1.490598682003720e-09 -3.670546565620939e-09 -4.985547633236785e-09 -5.221494332858333e-09 -4.891342933170233e-09 -4.098320616015099e-09 -3.142461180397953e-09 -2.166021842789213e-09 -1.224941940641304e-09 -4.062678906283369e-10 3.193897825777032e-10 9.614306143520713e-10 1.541996724212027e-09 2.071926511525171e-09 2.552946167275928e-09 2.980098725385072e-09 3.345777998929463e-09 3.645784536066506e-09 3.877346534279692e-09 4.035775057657651e-09 4.100995867875969e-09
8.765325897289364e-05 1.063920189255564e-04 1.431174972119649e-05 2.810758930051923e-07 2.828188459030943e-07 2.827855120335489e-07 2.809874726480300e-07 2.773285882012994e-07 2.717685431639358e-07 2.644667704196294e-07 2.838963626425895e-07 2.452530524634683e-07 2.341571614982883e-07 2.227221762111284e-07 2.113953632460239e-07 1.972750122428538e-07 1.879919271409436e-07 1.792654583330141e-07 1.693410310878555e-07 1.634647874825968e-07 1.545767516197575e-07 1.466637263022356e-07 1.382270888972594e-07 1.297711912587312e-07 1.213401410782686e-07 1.130259735699122e-07 1.048227374748970e-07 9.696568810490037e-08 8.944858887372327e-08 8.240347111674733e-08 7.596799116078685e-08 7.018521144621591e-08 6.513491237741896e-08 2.362664349401756e-08 3.044833025166266e-08 3.730455226930690e-08 4.365618149303903e-08 4.891434540702973e-08 5.254780362190173e-08 5.423702347657981e-08 5.396229001314961e-08 5.205626587716251e-08 4.908770281986074e-08 4.573460221622976e-08 4.262773721928794e-08 3.904756182807035e-08 3.731904502919810e-08 3.746073932463263e-08 3.858542119430412e-08 4.096821282239395e-08 4.471270359570897e-08 4.762697237881120e-08 5.092554431406098e-08 5.414302711937485e-08 5.707799307916323e-08 5.953707077668746e-08 6.137370219304248e-08 6.249253839940456e-08 6.284861870128388e-08 6.250466082941989e-08 6.162505486091502e-08 6.053676677137117e-08 5.970849312718034e-08 2.226218885534449e-09 3.777726340583579e-09 5.522062405444240e-09 7.173212004308355e-09 8.366184778708060e-09 8.747797037168922e-09 8.101841654486550e-09 6.434020227351990e-09 4.000705487679052e-09 1.245671319785184e-09 -1.335409809485346e-09 -3.334531764587860e-09 -4.372703178279940e-09 -4.712266038696099e-09 -4.411730438671911e-09 -3.761808849235538e-09 -2.941118260595443e-09 -2.034481963820817e-09 -1.201924604964502e-09 -4.249633522166821e-10 2.749373976370571e-10 9.101002705684306e-10 1.487422795434884e-09 2.006330082634915e-09 2.460288400890265e-09 2.840106115151836e-09 3.139373969428501e-09 3.353115258632405e-09 3.475517801893407e-09 3.488492871873996e-09
8.199337448050547e-05 1.004510050258947e-04 1.359855298908073e-05 2.596262919993035e-07 2.621536401073943e-07 2.632154538257697e-07 2.627367861842481e-07 2.606884629401069e-07 2.571088236934292e-07 2.519351757325531e-07 2.452530524634683e-07 2.637872841062458e-07 2.282521525483434e-07 2.186054260709007e-07 2.087334340009416e-07 1.958359579260448e-07 1.873793558436105e-07 1.793315847390931e-07 1.699259289767759e-07 1.644624259675777e-07 1.558983347989084e-07 1.482475533046107e-07 1.400171401384915e-07 1.317057104762685e-07 1.234279090225916e-07 1.151172274833945e-07 1.070286825771664e-07 9.916864884642357e-08 9.164722258490928e-08 8.465657426479013e-08 7.822397048056738e-08 7.248498576451080e-08 6.749980360839359e-08 1.538771048220515e-08 2.128936537308431e-08 2.754130139105287e-08 3.376048473719103e-08 3.946733842843613e-08 4.413755141470021e-08 4.732155548266019e-08 4.875296941209178e-08 4.846475555851240e-08 4.676940365234204e-08 4.419605090919446e-08 4.135704877184085e-08 3.766043342701549e-08 3.550998166119718e-08 3.503162163834336e-08 3.546937857598781e-08 3.713332671460777e-08 4.013545430328412e-08 4.252219814671438e-08 4.538687212355286e-08 4.830019667338676e-08 5.106606252102212e-08 5.349311708570139e-08 5.543119351969818e-08 5.677561505357725e-08 5.746792315972769e-08 5.754923935026973e-08 5.715674620405480e-08 5.658164521692176e-08 5.625520396982778e-08 9.082315285151460e-10 2.076078149347511e-09 3.567293902954489e-09 5.223997287383630e-09 6.775094022156946e-09 7.876636069938476e-09 8.207592573990142e-09 7.571748056401842e-09 5.993425997736162e-09 3.719342810870566e-09 1.169514495879405e-09 -1.199852696207462e-09 -2.916131166507467e-09 -3.937230541702331e-09 -4.239747635671258e-09 -4.038532827210827e-09 -3.509512639176378e-09 -2.748616267715357e-09 -1.978115172200001e-09 -1.197392433304892e-09 -4.653169989116860e-10 2.139616751988180e-10 8.389137058064366e-10 1.403959006817784e-09 1.899268986727346e-09 2.312951831745675e-09 2.635536763017086e-09 2.859223040344781e-09 2.976400472345263e-09 2.969950027210414e-09
7.667229858545496e-05 9.482276908335582e-05 1.291993629429775e-05 2.397857093275381e-07 2.429132748638893e-07 2.447116288713978e-07 2.451726166439972e-07 2.443973109296363e-07 2.422831391208977e-07 2.388752984085417e-07 2.341571614982883e-07 2.282521525483434e-07 2.461725540233713e-07 2.135272903899185e-07 2.053431138171657e-07 1.937893782130101e-07 1.863923900367689e-07 1.791571337971925e-07 1.703605719709595e-07 1.653910131920476e-07 1.572000104063357e-07 1.498491313989085e-07 1.418465646346330e-07 1.337542137225705e-07 1.255312212865184e-07 1.173895891963501e-07 1.093172670191455e-07 1.014735466731757e-07 9.401304395758677e-08 8.699932830234581e-08 8.058953312621574e-08 7.488128122703008e-08 6.993676733683705e-08 8.454362054164237e-09 1.339817185042038e-08 1.885700866748594e-08 2.458164542542784e-08 3.022925117113785e-08 3.536942153393782e-08 3.954998616083013e-08 4.238162745759702e-08 4.366888558005821e-08 4.345690042115462e-08 4.204688575576206e-08 3.991891586628442e-08 3.649986345539256e-08 3.421100204094540e-08 3.329104670839430e-08 3.312087230210324e-08 3.407947335488258e-08 3.631800326775296e-08 3.810891337852358e-08 4.046505293825925e-08 4.299625727354027e-08 4.551410378949809e-08 4.782966632973093e-08 4.978907404384770e-08 5.127827624644974e-08 5.222514332763311e-08 5.264909790058476e-08 5.266007024488104e-08 5.251372495921254e-08 5.260342719519617e-08 -4.910891810160579e-11 7.340561440855868e-10 1.863513203215015e-09 3.289575420587084e-09 4.860062165818996e-09 6.316090653164138e-09 7.338787863939856e-09 7.628862264054177e-09 7.018247419474953e-09 5.537679998688136e-09 3.428128424178446e-09 1.082544324914696e-09 -1.043772498645654e-09 -2.623097983068677e-09 -3.540055656406760e-09 -3.878192667455565e-09 -3.763619378494938e-09 -3.272824999685487e-09 -2.661892992447920e-09 -1.947864709086916e-09 -1.228158138480111e-09 -5.293744715775345e-10 1.331610196478453e-10 7.449086582749143e-10 1.290070548029708e-09 1.752306426391589e-09 2.117856560267797e-09 2.375230237164483e-09 2.514145430607672e-09 2.517357216916132e-09
7.174282992703361e-05 8.958008716910226e-05 1.228637950710252e-05 2.217384745097188e-07 2.252308264745649e-07 2.275366816569020e-07 2.287557486739138e-07 2.288457194009763e-07 2.278625594874428e-07 2.258201843985223e-07 2.227221762111284e-07 2.186054260709008e-07 2.135272903899185e-07 2.311565331209611e-07 2.011989453294696e-07 1.912144349050116e-07 1.850443046465532e-07 1.787762993960846e-07 1.707325189376431e-07 1.663457313879731e-07 1.585947640696114e-07 1.515857475516219e-07 1.438814319452095e-07 1.359182613362633e-07 1.279178636443473e-07 1.198305356488735e-07 1.118163809466633e-07 1.040383951852656e-07 9.656174092154426e-08 8.956558829435088e-08 8.314971671790751e-08 7.745332741491724e-08 7.252113983255131e-08 2.720585208801732e-09 6.759080294763465e-09 1.138035936075827e-08 1.642811111685498e-08 2.167806062740688e-08 2.682075905088737e-08 3.148154343710049e-08 3.526338163835028e-08 3.785201884062157e-08 3.908737244191625e-08 3.903163785239353e-08 3.796261613763282e-08 3.522866860303908e-08 3.315845236448934e-08 3.207204566492878e-08 3.146755587935015e-08 3.180715598654170e-08 3.330805442952448e-08 3.445827129914359e-08 3.624040856320857e-08 3.831402860819868e-08 4.050563085785271e-08 4.263117778206282e-08 4.453365772418008e-08 4.608985964425845e-08 4.721411914771172e-08 4.790445422938047e-08 4.824382435126557e-08 4.845281664391502e-08 4.888679460944388e-08 -6.949654292647104e-10 -2.377358544976037e-10 5.250402718260497e-10 1.612295992144796e-09 2.973904937986050e-09 4.461847961906938e-09 5.832326598048020e-09 6.783578631269320e-09 7.045157653082624e-09 6.465992088296236e-09 5.086984411386837e-09 3.140175651123696e-09 9.564543502663376e-10 -9.376216671460822e-10 -2.360583056283256e-09 -3.241160139417772e-09 -3.616635961675033e-09 -3.509660886488204e-09 -3.165870250099783e-09 -2.609615828063248e-09 -1.968265135553534e-09 -1.292786409300130e-09 -6.167164123856604e-10 3.194397815590465e-11 6.276987493532839e-10 1.147086649004188e-09 1.570205757886636e-09 1.880579497276261e-09 2.064122463931695e-09 2.102249436801536e-09
6.723551377215677e-05 8.477092877515474e-05 1.170525213907586e-05 2.054702527287435e-07 2.091903619141572e-07 2.119295635924392e-07 2.136337082569878e-07 2.143955767271255e-07 2.142402043731138e-07 2.132448345387763e-07 2.113953632460239e-07 2.087334340009416e-07 2.053431138171657e-07 2.011989453294697e-07 2.187728401529584e-07 1.881301785469566e-07 1.833257508730436e-07 1.782039705600116e-07 1.710699043721788e-07 1.673951258886941e-07 1.601677465046726e-07 1.536019230620977e-07 1.461297565478911e-07 1.384592750972750e-07 1.305767012678068e-07 1.225913947416792e-07 1.146672846972367e-07 1.069019840180846e-07 9.943501206945318e-08 9.242653893108396e-08 8.600539012778795e-08 8.027615021822361e-08 7.539748019527118e-08 -1.973118587546292e-09 1.251182913010147e-09 5.074076348158838e-09 9.395011252693739e-09 1.407228699389289e-08 1.890257140054742e-08 2.361513210816907e-08 2.787878819340846e-08 3.136398912270162e-08 3.380252984056336e-08 3.507188623825106e-08 3.523759414073383e-08 3.352119218938480e-08 3.203344190263401e-08 3.111778057813093e-08 3.034402664429126e-08 3.024013031316312e-08 3.109880581248299e-08 3.160701519756624e-08 3.277028146339737e-08 3.431734576865996e-08 3.610480013626044e-08 3.796069509755009e-08 3.972744118962188e-08 4.127339567513045e-08 4.249960357316590e-08 4.338314326131588e-08 4.398049937603343e-08 4.447783860589953e-08 4.519268986818586e-08 -1.101393587835576e-09 -8.922253051940347e-10 -4.423907344265610e-10 2.975557151352975e-10 1.343291042009504e-09 2.643619111343445e-09 4.056420560474776e-09 5.347514628797204e-09 6.237788585370087e-09 6.476488550339751e-09 5.932657148602310e-09 4.654442277844035e-09 2.763442213413314e-09 8.658633160761119e-10 -8.466925310896798e-10 -2.167427909827086e-09 -3.030019877960813e-09 -3.378921056537004e-09 -3.398551596478112e-09 -3.101258381364290e-09 -2.623532438177296e-09 -2.034795851366653e-09 -1.387034485134499e-09 -7.249016311309790e-10 -8.766481629602526e-11 4.904629521958955e-10 9.806401757276775e-10 1.359445461441165e-09 1.607442931333668e-09 1.703296167319206e-09
6.212931188970569e-05 7.910661850946685e-05 1.099832769798615e-05 1.878119541300892e-07 1.916925227240997e-07 1.946268377400118e-07 1.966866006261036e-07 1.979206933467013e-07 1.983970912949806e-07 1.981706128586800e-07 1.972750122428538e-07 1.958359579260447e-07 1.937893782130101e-07 1.912144349050116e-07 1.881301785469566e-07 2.022959661596009e-07 1.782819650525718e-07 1.745157622185984e-07 1.685604917905764e-07 1.657981730873066e-07 1.593656300428913e-07 1.533248252579123e-07 1.463941034704222e-07 1.390586163076399e-07 1.314678234282601e-07 1.237530353529425e-07 1.160029406066694e-07 1.083869767644404e-07 1.010445599967918e-07 9.412607330833494e-08 8.775982009453713e-08 8.214925831876225e-08 7.730609248753675e-08 -5.700909958630447e-09 -3.232909354445807e-09 -1.838964353891920e-10 3.378034839115062e-09 7.362002489274160e-09 1.164116135054116e-08 1.603988997578208e-08 2.032222982897517e-08 2.421510995662852e-08 2.743943265010789e-08 2.977766715292530e-08 3.113296970578249e-08 3.062704575510678e-08 3.002431129960327e-08 2.962400401124557e-08 2.901622239613878e-08 2.873592299895695e-08 2.912717777655157e-08 2.906147536914094e-08 2.959260557194230e-08 3.054608655295918e-08 3.183435240456119e-08 3.331508212002830e-08 3.483988578513501e-08 3.627357544354587e-08 3.750641408556364e-08 3.849575014090250e-08 3.927162725295063e-08 3.998403588440864e-08 4.090843105036395e-08 -1.315073497281465e-09 -1.282402404392701e-09 -1.075770115432974e-09 -6.418614257706132e-10 6.430103510329525e-11 1.054939532790962e-09 2.279374900380834e-09 3.600461050816354e-09 4.801035186671955e-09 5.622301121430102e-09 5.839263093357848e-09 5.340486247473783e-09 4.032301479649116e-09 2.461215045042490e-09 7.668670443964038e-10 -7.709711278772861e-10 -2.002540151503932e-09 -2.794998488663852e-09 -3.227898679065068e-09 -3.280164888063538e-09 -3.064589091708065e-09 -2.651954739027631e-09 -2.104300630609499e-09 -1.480683565769112e-09 -8.357048084837498e-10 -2.174121278975894e-10 3.333213156800504e-10 7.837220964183534e-10 1.107207442658202e-09 1.278315926676377e-09
5.872363557171569e-05 7.551737522504541e-05 1.057309318448907e-05 1.757553502541575e-07 1.797174172385194e-07 1.828718029258044e-07 1.852213660541244e-07 1.868490521614297e-07 1.877926588839506e-07 1.881334617926376e-07 1.879919271409436e-07 1.873793558436105e-07 1.863923900367689e-07 1.850443046465532e-07 1.833257508730436e-07 1.782819650525718e-07 1.966784347385765e-07 1.740312586790849e-07 1.692736400595978e-07 1.675653293818073e-07 1.618478829115853e-07 1.564650789560776e-07 1.499037901628386e-07 1.428373820570005e-07 1.354507780989352e-07 1.278116579573438e-07 1.201018643829525e-07 1.124862150360478e-07 1.050973029510203e-07 9.811000109540022e-08 9.171760213644263e-08 8.601813092682254e-08 8.112844989634556e-08 -8.786273539872777e-09 -6.925014048140880e-09 -4.498494375969804e-09 -1.556478929989151e-09 1.836795717581561e-09 5.597991404844198e-09 9.614621316700636e-09 1.373085428949558e-08 1.774808120688641e-08 2.143099245988476e-08 2.454579604048362e-08 2.690940923807230e-08 2.759476233414669e-08 2.800856411042585e-08 2.837258435877552e-08 2.824035098866405e-08 2.809652489136368e-08 2.829666281593060e-08 2.781719942053800e-08 2.779528078697002e-08 2.816834164647881e-08 2.893160582822477e-08 2.999353174565516e-08 3.122712532032159e-08 3.249828944441650e-08 3.368698035547028e-08 3.473109311885834e-08 3.563560469051416e-08 3.651835378454409e-08 3.761900549133298e-08 -1.436200356914801e-09 -1.521381600077784e-09 -1.483218894853976e-09 -1.275671776150675e-09 -8.482855693155307e-10 -1.591775270066961e-10 8.006438287085149e-10 1.978663373824309e-09 3.242019967518557e-09 4.382115167714204e-09 5.156704983837599e-09 5.360106737234559e-09 4.724556038806519e-09 3.670487634485596e-09 2.234243193741885e-09 7.023632769821356e-10 -7.359167748011107e-10 -1.895652488654380e-09 -2.735888307327409e-09 -3.188416407754229e-09 -3.311951920983058e-09 -3.156322371946436e-09 -2.778202714807779e-09 -2.243034087855017e-09 -1.619312664141194e-09 -9.717462459300225e-10 -3.578244444987266e-10 1.758562109274903e-10 5.918914938983696e-10 8.578229831508644e-10
5.561770807013054e-05 7.224564685268217e-05 1.018763104999383e-05 1.649049130217347e-07 1.689485288936528e-07 1.722406648082439e-07 1.748337884864025e-07 1.767524846088560e-07 1.780538321292975e-07 1.788964891352628e-07 1.792654583330141e-07 1.793315847390931e-07 1.791571337971926e-07 1.787762993960846e-07 1.782039705600116e-07 1.745157622185984e-07 1.740312586790849e-07 1.929630260843308e-07 1.696153464504183e-07 1.690296931542356e-07 1.643476041770181e-07 1.596857449035370e-07 1.536582016192674e-07 1.469870809865014e-07 1.398135195034555e-07 1.323076775355837e-07 1.246556291957799e-07 1.170359696340161e-07 1.095967611208057e-07 1.025802750132715e-07 9.609529469360232e-08 9.031296876348755e-08 8.540878482673786e-08 -1.131107608518916e-08 -9.981075312368652e-09 -8.106575948201409e-09 -5.724140091327420e-09 -2.882305506747830e-09 3.596261408050787e-10 3.926450658098210e-09 7.718928377890862e-09 1.160638438105288e-08 1.542001659380955e-08 1.896418963471008e-08 2.204284725686516e-08 2.377236369821834e-08 2.520245864212957e-08 2.646957182139454e-08 2.707449945110500e-08 2.738747370778705e-08 2.771442808137828e-08 2.706573162240565e-08 2.663490268831911e-08 2.647341047744466e-08 2.668445741917723e-08 2.725808046192400e-08 2.811385670200540e-08 2.913415961978115e-08 3.019566953571381e-08 3.121928875993041e-08 3.218543968979577e-08 3.317990385265096e-08 3.440620484473809e-08 -1.477982683153750e-09 -1.641583782743257e-09 -1.719550877182084e-09 -1.676101527887235e-09 -1.467285699815259e-09 -1.044885368224361e-09 -3.708786092605968e-10 5.604097901494463e-10 1.695230107456347e-09 2.903480635427317e-09 3.986358364476634e-09 4.717729017198567e-09 4.738085796707333e-09 4.303390948261498e-09 3.338501076981114e-09 2.062620937223353e-09 6.509074454385282e-10 -7.089719673640749e-10 -1.868016191672802e-09 -2.714106120936314e-09 -3.227951719996341e-09 -3.413403131302285e-09 -3.298132367744406e-09 -2.935636056690821e-09 -2.397792753892834e-09 -1.762939046876691e-09 -1.107247431045004e-09 -4.953928792755240e-10 2.003583951776006e-11 3.960917597747191e-10
5.220979104492030e-05 6.851100686953754e-05 9.731910272089390e-06 1.534918784753035e-07 1.575199647904385e-07 1.608974271278369e-07 1.636191781574368e-07 1.657412124693143e-07 1.673746030089375e-07 1.685280373042524e-07 1.693410310878555e-07 1.699259289767759e-07 1.703605719709595e-07 1.707325189376431e-07 1.710699043721788e-07 1.685604917905764e-07 1.692736400595978e-07 1.696153464504183e-07 1.869539716143750e-07 1.683255545705183e-07 1.647923032760995e-07 1.611135186410266e-07 1.558879667774998e-07 1.497643893167631e-07 1.429903124636884e-07 1.357560317075779e-07 1.282696257403424e-07 1.207332539299947e-07 1.133787214655101e-07 1.063556128882575e-07 9.984532730254877e-08 9.409826189503206e-08 8.915698839120205e-08 -1.323264863773612e-08 -1.237619833233880e-08 -1.100467019143855e-08 -9.143408050573860e-09 -6.829365706316707e-09 -4.107349823667005e-09 -1.032225469330674e-09 2.330658422418168e-09 5.898707256765944e-09 9.564953982145585e-09 1.319390707710488e-08 1.662715307256595e-08 1.911800800795736e-08 2.138984178056214e-08 2.351921089447518e-08 2.498161316663960e-08 2.599645519656876e-08 2.676354605474952e-08 2.626713307050210e-08 2.567378136995366e-08 2.511912052307799e-08 2.481765318694122e-08 2.486690668403181e-08 2.526510288357922e-08 2.593741182015439e-08 2.677358720252858e-08 2.768543995779942e-08 2.863141511776051e-08 2.966493353464990e-08 3.095101020329990e-08 -1.449087444469532e-09 -1.661196823960299e-09 -1.815491108309988e-09 -1.885304922951404e-09 -1.836706442311104e-09 -1.627469032025401e-09 -1.213305343775356e-09 -5.596619848787615e-10 3.350659676630110e-10 1.416570894016988e-09 2.559388096845675e-09 3.576795742024425e-09 4.111352701821579e-09 4.266061642494916e-09 3.875570491419798e-09 3.057266846281225e-09 1.916729154714572e-09 5.912437303690152e-10 -7.069141122446791e-10 -1.847255348380509e-09 -2.730404108821472e-09 -3.299184587569614e-09 -3.529136013200562e-09 -3.436564637786805e-09 -3.075809701839473e-09 -2.526085040272566e-09 -1.877782124323268e-09 -1.215013017184492e-09 -6.094825673424504e-10 -1.186736184183096e-10
5.008988422332747e-05 6.640682638985039e-05 9.503922197231865e-06 1.461668538143645e-07 1.502371728133236e-07 1.537060861717315e-07 1.565712272303285e-07 1.589466585901834e-07 1.608033335025658e-07 1.622844884549817e-07 1.634647874825967e-07 1.644624259675777e-07 1.653910131920476e-07 1.663457313879731e-07 1.673951258886941e-07 1.657981730873066e-07 1.675653293818073e-07 1.690296931542356e-07 1.683255545705183e-07 1.902610332682252e-07 1.681401699537632e-07 1.655944352762680e-07 1.612130728135399e-07 1.557138227387790e-07 1.493408818210261e-07 1.423151138858057e-07 1.348913907117225e-07 1.273730948667769e-07 1.199101066824577e-07 1.127499620178450e-07 1.061506204770831e-07 1.002368581072344e-07 9.521348862048388e-08 -1.504540586257782e-08 -1.458529313254095e-08 -1.363093541663106e-08 -1.219864406055120e-08 -1.031642996533679e-08 -8.019622684429128e-09 -5.352851767783856e-09 -2.364948012737921e-09 8.868959067085808e-10 4.336262682083198e-09 7.899372935089422e-09 1.147003742008558e-08 1.447833116375812e-08 1.738855284214985e-08 2.026138412676137e-08 2.259162121458431e-08 2.445760288784205e-08 2.593396704952488e-08 2.591291920639804e-08 2.545885042966886e-08 2.473374103952078e-08 2.404056204501347e-08 2.359412670562619e-08 2.350019075563337e-08 2.375813784426558e-08 2.429402702318101e-08 2.502380965083817e-08 2.588958981641832e-08 2.691531498972905e-08 2.823039817384356e-08 -1.411203129514967e-09 -1.656614420975645e-09 -1.863451046057982e-09 -2.011114333807432e-09 -2.073776490300792e-09 -2.017710515810592e-09 -1.803024664759044e-09 -1.387123919407945e-09 -7.399900695636382e-10 1.371502141773223e-10 1.188154346622861e-09 2.290297754583635e-09 3.150966606880959e-09 3.762907464560764e-09 3.916538563549604e-09 3.624795862972777e-09 2.909018735249353e-09 1.812819624280570e-09 5.616655787130380e-10 -7.327510587515744e-10 -1.911835365184917e-09 -2.859871627957726e-09 -3.487552387749334e-09 -3.750628848035132e-09 -3.659895188716537e-09 -3.274673370465329e-09 -2.688314558759415e-09 -2.002472192379524e-09 -1.312108176644736e-09 -6.954791228863776e-10
4.707064387725192e-05 6.305399011620300e-05 9.093674515358280e-06 1.364954120530316e-07 1.405001237277980e-07 1.439334035262443e-07 1.469085863998977e-07 1.493631984450202e-07 1.514080683649964e-07 1.531273665636265e-07 1.545767516197575e-07 1.558983347989084e-07 1.572000104063357e-07 1.585947640696114e-07 1.601677465046726e-07 1.593656300428913e-07 1.618478829115853e-07 1.643476041770181e-07 1.647923032760995e-07 1.681401699537632e-07 1.868019922723247e-07 1.659842962669216e-07 1.627592341069044e-07 1.582069038379234e-07 1.525464102969410e-07 1.460105542284279e-07 1.389563257499925e-07 1.316194239287899e-07 1.242541883824612e-07 1.171912034838449e-07 1.105765300537019e-07 1.046911794384611e-07 9.968282237394185e-08 -1.622457295968108e-08 -1.611799582074938e-08 -1.554944153606408e-08 -1.452756122040332e-08 -1.307218570093111e-08 -1.121005680909309e-08 -8.978104976110946e-09 -6.415707468308707e-09 -3.567633481969119e-09 -4.775402459858247e-10 2.806619926040877e-09 6.226984015648942e-09 9.420414872620796e-09 1.262691161581014e-08 1.592823209342151e-08 1.891428937177816e-08 2.156272598409408e-08 2.383630749450105e-08 2.456450609253746e-08 2.458940926849543e-08 2.401811746709504e-08 2.317359612536466e-08 2.235834842162954e-08 2.179362941949183e-08 2.158340330963236e-08 2.172473911587916e-08 2.216479607155090e-08 2.284490306068811e-08 2.376495681149310e-08 2.501690330338813e-08 -1.316139251705787e-09 -1.575480565398508e-09 -1.811403038060499e-09 -2.007795567496657e-09 -2.145180941614287e-09 -2.198100092482831e-09 -2.135311507314597e-09 -1.918455700084736e-09 -1.509987590577711e-09 -8.831617586872243e-10 -4.278988762966193e-11 9.551184633315879e-10 1.923983370034645e-09 2.792214903794766e-09 3.365045673895028e-09 3.579171816985930e-09 3.377416244675617e-09 2.703410699600106e-09 1.733226303408641e-09 5.204719076480539e-10 -7.642614036279929e-10 -1.975358843916557e-09 -2.969114181580615e-09 -3.631065526909926e-09 -3.903423974125784e-09 -3.795049267651747e-09 -3.375927410107148e-09 -2.749324615977717e-09 -2.027935405975143e-09 -1.312158631316219e-09
4.436138792090425e-05 6.005038455066923e-05 8.729189599577097e-06 1.280132821222388e-07 1.318991525701757e-07 1.353768129047806e-07 1.383297514132194e-07 1.408928006827276e-07 1.430885277971232e-07 1.449809461991730e-07 1.466637263022356e-07 1.482475533046107e-07 1.498491313989085e-07 1.515857475516220e-07 1.536019230620978e-07 1.533248252579123e-07 1.564650789560776e-07 1.596857449035371e-07 1.611135186410266e-07 1.655944352762680e-07 1.659842962669216e-07 1.855673570849988e-07 1.641210306601822e-07 1.606811413294417e-07 1.559034018964452e-07 1.500710795260754e-07 1.434444049854829e-07 1.363714947308800e-07 1.292089393370226e-07 1.221874628170162e-07 1.156195968354663e-07 1.097517746307669e-07 1.047516293135363e-07 -1.716776454376026e-08 -1.736165487372916e-08 -1.712392268229773e-08 -1.645738916856436e-08 -1.537537226424938e-08 -1.389742647212358e-08 -1.205426734820187e-08 -9.879161802683222e-09 -7.411801901591252e-09 -4.686632156114604e-09 -1.734293717702160e-09 1.417630860448390e-09 4.597063383506248e-09 7.851962361373077e-09 1.130476496240671e-08 1.468976617994234e-08 1.794243520586388e-08 2.096390492991494e-08 2.257709368464848e-08 2.334569585770102e-08 2.325380797839436e-08 2.256229452750355e-08 2.159998273954187e-08 2.067982475286372e-08 2.002147521633305e-08 1.972326509034725e-08 1.979629615512053e-08 2.020557571428693e-08 2.094096322250372e-08 2.206267675124636e-08 -1.207722367260940e-09 -1.470894697090254e-09 -1.722108575009335e-09 -1.948378040125399e-09 -2.134494983425516e-09 -2.260965237530252e-09 -2.304172766935131e-09 -2.233384585952023e-09 -2.014458991136820e-09 -1.612393588033275e-09 -1.004832548779626e-09 -1.994712492468429e-10 7.221497273145667e-10 1.659537161065948e-09 2.473344982366988e-09 3.066464361391304e-09 3.336896217109079e-09 3.148755332294301e-09 2.604511080416526e-09 1.671810047103007e-09 4.874577765191639e-10 -8.156325923267322e-10 -2.071343412278064e-09 -3.107938064679193e-09 -3.789761631975202e-09 -4.049323325790966e-09 -3.901754661758026e-09 -3.426249079439107e-09 -2.738971250284645e-09 -1.959112443487887e-09
4.150059470708502e-05 5.677636824377801e-05 8.320794222032157e-06 1.193284196916041e-07 1.231488386446028e-07 1.264943614328200e-07 1.294694936023458e-07 1.320692395504323e-07 1.343484091596068e-07 1.363800511153909e-07 1.382270888972594e-07 1.400171401384915e-07 1.418465646346331e-07 1.438814319452095e-07 1.461297565478911e-07 1.463941034704221e-07 1.499037901628386e-07 1.536582016192674e-07 1.558879667774998e-07 1.612130728135399e-07 1.627592341069044e-07 1.641210306601822e-07 1.828014882794532e-07 1.613351759412305e-07 1.577144806361994e-07 1.527612523450808e-07 1.467943100509082e-07 1.402351837922633e-07 1.333423582860045e-07 1.265326618017987e-07 1.200923051957636e-07 1.142985623416189e-07 1.093542775499832e-07 -1.775921031812626e-08 -1.820508404959527e-08 -1.825121584769689e-08 -1.789610344234721e-08 -1.714804857793421e-08 -1.602072402470588e-08 -1.453938810312014e-08 -1.273207953232377e-08 -1.063560809843519e-08 -8.281465668100203e-09 -5.694994485129511e-09 -2.890664951506639e-09 1.221444096413762e-10 3.215658316388291e-09 6.549725754645762e-09 1.002609174788623e-08 1.358813459156765e-08 1.713574873708707e-08 1.959109879944967e-08 2.122928084306010e-08 2.188221404674247e-08 2.167191499734142e-08 2.086854406616148e-08 1.981441279794859e-08 1.882170506682519e-08 1.810203212716040e-08 1.776148926849625e-08 1.782139040645463e-08 1.828544343376691e-08 1.919451803336044e-08 -1.081311929225380e-09 -1.338457122549911e-09 -1.592521172626657e-09 -1.832951807715006e-09 -2.047656025175809e-09 -2.221357932512646e-09 -2.336119278156397e-09 -2.368365082242740e-09 -2.291010319941649e-09 -2.071740398107125e-09 -1.679810650107903e-09 -1.096876577758968e-09 -3.211533956707397e-10 5.367330275653813e-10 1.410767519509790e-09 2.207707657955601e-09 2.821357843360752e-09 3.081947170489845e-09 3.014468102935715e-09 2.510002681807372e-09 1.630474051429953e-09 4.557814453827666e-10 -8.734961642679966e-10 -2.166749070697854e-09 -3.227189219151644e-09 -3.901966830095007e-09 -4.122737925991005e-09 -3.910146757035435e-09 -3.355668669429326e-09 -2.581688624872524e-09
3.863439786301944e-05 5.342617725418273e-05 7.896136971491886e-06 1.109127612748539e-07 1.145369795910974e-07 1.178140265199089e-07 1.207371246797046e-07 1.233507260940908e-07 1.256734709633415e-07 1.277953813302390e-07 1.297711912587312e-07 1.317057104762685e-07 1.337542137225705e-07 1.359182613362633e-07 1.384592750972750e-07 1.390586163076399e-07 1.428373820570005e-07 1.469870809865014e-07 1.497643893167631e-07 1.557138227387790e-07 1.582069038379234e-07 1.606811413294417e-07 1.613351759412305e-07 1.795375029284778e-07 1.581397296145853e-07 1.542743933740907e-07 1.492438905752603e-07 1.433191563122317e-07 1.369160069611327e-07 1.304304973731722e-07 1.241972067289879e-07 1.185413162576375e-07 1.137446254816927e-07 -1.808481608868704e-08 -1.873742297135256e-08 -1.902163122954412e-08 -1.893279611286295e-08 -1.847553210063776e-08 -1.765903267565005e-08 -1.650411664714888e-08 -1.503424922283356e-08 -1.328376529149061e-08 -1.128315812408518e-08 -9.058099086016762e-09 -6.621304591511400e-09 -3.851718814898915e-09 -1.041415186324439e-09 1.989195715428328e-09 5.300369703048648e-09 8.869142598434265e-09 1.264082684946642e-08 1.574200279785607e-08 1.820424380800560e-08 1.972771022076624e-08 2.025962748238488e-08 1.993497843572532e-08 1.904229222290269e-08 1.792723998216097e-08 1.689440777246201e-08 1.615851629739401e-08 1.582804317331787e-08 1.595206412552832e-08 1.657434404244580e-08 -9.478410715962910e-10 -1.192123228626011e-09 -1.440086977337187e-09 -1.683182985412271e-09 -1.911714754720430e-09 -2.113463295095246e-09 -2.274410860873986e-09 -2.376296884294059e-09 -2.398563319683383e-09 -2.315153712488431e-09 -2.097311911667087e-09 -1.718297517969505e-09 -1.122569657390861e-09 -4.258815305834625e-10 3.732069433530311e-10 1.205985254680032e-09 1.992968515289532e-09 2.578193186311623e-09 2.931786510499697e-09 2.896576477527151e-09 2.456031443695496e-09 1.607470807548896e-09 4.251426064588818e-10 -9.336397869489470e-10 -2.253368114147451e-09 -3.314233821839315e-09 -3.954017855420719e-09 -4.104057914222535e-09 -3.794663985130438e-09 -3.122641920031272e-09
3.577693803139406e-05 5.001824744950953e-05 7.457579230196616e-06 1.026785053576391e-07 1.061561878512237e-07 1.093262739189813e-07 1.121824953455781e-07 1.147611041019859e-07 1.171157014788644e-07 1.192816895756329e-07 1.213401410782686e-07 1.234279090225917e-07 1.255312212865184e-07 1.279178636443473e-07 1.305767012678068e-07 1.314678234282601e-07 1.354507780989352e-07 1.398135195034556e-07 1.429903124636884e-07 1.493408818210261e-07 1.525464102969410e-07 1.559034018964452e-07 1.577144806361994e-07 1.581397296145853e-07 1.757350988303130e-07 1.544754417505667e-07 1.504974187566973e-07 1.454727165864964e-07 1.397441051249793e-07 1.337291074187761e-07 1.278152494793698e-07 1.224261595361766e-07 1.178195710118543e-07 -1.818243913779751e-08 -1.900032134834577e-08 -1.948013557427763e-08 -1.961498650506042e-08 -1.940680590606872e-08 -1.886149761760440e-08 -1.799649300307362e-08 -1.683150633078651e-08 -1.539852936394319e-08 -1.372721720672221e-08 -1.184501583869894e-08 -9.767934114135197e-09 -7.272188868315595e-09 -4.801062549039156e-09 -2.176520912825668e-09 7.912247074202159e-10 4.112958862821752e-09 7.798550435680445e-09 1.125530909939073e-08 1.434275845454865e-08 1.669263694220187e-08 1.809182770075221e-08 1.850250508326037e-08 1.808263536089939e-08 1.713042186167226e-08 1.598764944867087e-08 1.496028250976912e-08 1.425884809813170e-08 1.400833711394398e-08 1.428524857073116e-08 -8.132707983896292e-10 -1.039735319080295e-09 -1.274938271893196e-09 -1.512015877400409e-09 -1.743226782156782e-09 -1.958726108669811e-09 -2.147293772757596e-09 -2.294368331671253e-09 -2.384169299423681e-09 -2.396552492974089e-09 -2.308216689797983e-09 -2.093857168436451e-09 -1.669847522749840e-09 -1.158018909386714e-09 -5.089973673841714e-10 2.359067278152970e-10 1.036741833904347e-09 1.784899974159705e-09 2.426300599088377e-09 2.799825819329077e-09 2.827255393763639e-09 2.431579501207960e-09 1.593636839936712e-09 3.940138018870571e-10 -9.897507495160349e-10 -2.316801540558495e-09 -3.349715223522474e-09 -3.918298337939432e-09 -3.958068139421592e-09 -3.501971245477740e-09
3.294168769147426e-05 4.657109669236928e-05 7.007561380188506e-06 9.466788661845464e-08 9.798081141606265e-08 1.010205655863167e-07 1.038013104425551e-07 1.063455402018547e-07 1.086804989862871e-07 1.108829826626116e-07 1.130259735699122e-07 1.151172274833945e-07 1.173895891963501e-07 1.198305356488735e-07 1.225913947416792e-07 1.237530353529425e-07 1.278116579573438e-07 1.323076775355837e-07 1.357560317075778e-07 1.423151138858057e-07 1.460105542284279e-07 1.500710795260754e-07 1.527612523450808e-07 1.542743933740907e-07 1.544754417505667e-07 1.714476510469401e-07 1.504208165112486e-07 1.464761967218883e-07 1.416124440167905e-07 1.362510723865366e-07 1.308509221310019e-07 1.258192446249893e-07 1.214951909058089e-07 -1.808144585190858e-08 -1.902710943122834e-08 -1.966396493450631e-08 -1.998352356484339e-08 -1.998570348097756e-08 -1.967393517897393e-08 -1.906303944704968e-08 -1.816979821886618e-08 -1.702416036377531e-08 -1.565484590390493e-08 -1.409085161094241e-08 -1.235257703865078e-08 -1.013511457968087e-08 -8.015111331860148e-09 -5.832750775139619e-09 -3.303807921320346e-09 -3.998977038028579e-10 2.945915911280098e-09 6.451980836806906e-09 9.874939159992185e-09 1.285600343784146e-08 1.508128775352707e-08 1.635238126815577e-08 1.665735890743328e-08 1.617113036673976e-08 1.519490866631089e-08 1.407407701209800e-08 1.310683928148818e-08 1.251006421304914e-08 1.242249091936764e-08 -6.826205328684850e-10 -8.879117582845985e-10 -1.105644723854127e-09 -1.330376642076408e-09 -1.555969684687517e-09 -1.774491901294556e-09 -1.976847362784896e-09 -2.151133285331193e-09 -2.284828405539797e-09 -2.362147966712125e-09 -2.365049398699476e-09 -2.273017880317800e-09 -1.991727580342273e-09 -1.649778998838919e-09 -1.172057953482117e-09 -5.808680648584303e-10 1.193958205528299e-10 8.793081226866691e-10 1.645442500776809e-09 2.292576577156761e-09 2.716616163775478e-09 2.792555055152481e-09 2.420956223210228e-09 1.578647158864221e-09 3.584452513854845e-10 -1.038753653880621e-09 -2.348444535735873e-09 -3.317082226873466e-09 -3.770428461039452e-09 -3.641360400321796e-09
3.015786077203226e-05 4.312674028044838e-05 6.552160035474868e-06 8.686990986819158e-08 9.003400326197916e-08 9.295561417138289e-08 9.565427174977890e-08 9.815175885371089e-08 1.004720453366563e-07 1.027097278385599e-07 1.048227374748970e-07 1.070286825771664e-07 1.093172670191455e-07 1.118163809466633e-07 1.146672846972367e-07 1.160029406066694e-07 1.201018643829525e-07 1.246556291957799e-07 1.282696257403424e-07 1.348913907117225e-07 1.389563257499925e-07 1.434444049854829e-07 1.467943100509082e-07 1.492438905752603e-07 1.504974187566973e-07 1.504208165112486e-07 1.668233063033044e-07 1.462133316085429e-07 1.423897850207701e-07 1.379150816681115e-07 1.331841987000076e-07 1.286622656827230e-07 1.247240608743505e-07 -1.781783867179071e-08 -1.885831763844887e-08 -1.961804224669941e-08 -2.008743163816938e-08 -2.026482454071007e-08 -2.015167237851826e-08 -1.976061266114764e-08 -1.910611411442756e-08 -1.821646818721058e-08 -1.711956414221970e-08 -1.584554145785192e-08 -1.441875864695104e-08 -1.247000893429709e-08 -1.068782207779468e-08 -8.939507956814544e-09 -6.877255579570624e-09 -4.475082806037999e-09 -1.631915839901247e-09 1.668062235519562e-09 5.125253624785491e-09 8.454621989857329e-09 1.131817860232290e-08 1.341399419400015e-08 1.456953459360878e-08 1.479605516555653e-08 1.428035047032937e-08 1.333351433981282e-08 1.229429388673702e-08 1.146028655005315e-08 1.104916672393290e-08 -5.602060252386068e-10 -7.423931245936216e-10 -9.396754719439850e-10 -1.147792687986320e-09 -1.361888095727358e-09 -1.575551471874964e-09 -1.781368693378534e-09 -1.969480458638354e-09 -2.129645494290299e-09 -2.249107710378904e-09 -2.313718074708608e-09 -2.307626988246264e-09 -2.135460007623914e-09 -1.930587616695786e-09 -1.609642576416881e-09 -1.187169204387630e-09 -6.452411406305349e-10 1.873951296320498e-11 7.635783086774470e-10 1.522697735741916e-09 2.201375913256861e-09 2.667597112080623e-09 2.773378893921358e-09 2.407504643806589e-09 1.549736766495999e-09 3.104975790424617e-10 -1.083286794078832e-09 -2.344030174030891e-09 -3.204106589424044e-09 -3.478476844456553e-09
2.745793897666704e-05 3.973397065668669e-05 6.098703455209653e-06 7.929878293709391e-08 8.233913154098506e-08 8.517777167086591e-08 8.780486279408520e-08 9.025622893122306e-08 9.260100784381325e-08 9.477054983891170e-08 9.696568810490037e-08 9.916864884642357e-08 1.014735466731757e-07 1.040383951852656e-07 1.069019840180846e-07 1.083869767644404e-07 1.124862150360478e-07 1.170359696340161e-07 1.207332539299947e-07 1.273730948667769e-07 1.316194239287899e-07 1.363714947308800e-07 1.402351837922633e-07 1.433191563122317e-07 1.454727165864964e-07 1.464761967218883e-07 1.462133316085429e-07 1.621072305032422e-07 1.420681802992059e-07 1.386272917346139e-07 1.347545136698250e-07 1.309074354611264e-07 1.275183659339941e-07 -1.742721313374946e-08 -1.853461705636651e-08 -1.938808665509998e-08 -1.997730805131548e-08 -2.029928936557854e-08 -2.035373767924471e-08 -2.015119032218794e-08 -1.970412197158808e-08 -1.903943017170490e-08 -1.818439745438544e-08 -1.717014788109983e-08 -1.602445960166811e-08 -1.432760010393116e-08 -1.285783047176776e-08 -1.151188375707848e-08 -9.900722439430457e-09 -8.015883955031504e-09 -5.747303155117316e-09 -2.823144477897932e-09 4.205073737121094e-10 3.805711021087327e-09 7.036069546337032e-09 9.780794215113116e-09 1.176022228973766e-08 1.282818690098584e-08 1.301625788649478e-08 1.253000331984449e-08 1.168021668836442e-08 1.080338176181635e-08 1.018843707169287e-08 -4.494611263419681e-10 -6.078326949041513e-10 -7.831908878893690e-10 -9.722233768978208e-10 -1.171027290235537e-09 -1.374323997202219e-09 -1.576028933616583e-09 -1.767898893587314e-09 -1.941450271654915e-09 -2.086119274967637e-09 -2.190491087324968e-09 -2.242177312328335e-09 -2.149360658818674e-09 -2.046106955784454e-09 -1.851204289171818e-09 -1.579785956528590e-09 -1.205755788400566e-09 -6.916922838492880e-10 -6.742945289211923e-11 6.610768684271238e-10 1.430654313098837e-09 2.137974402404509e-09 2.631772087322625e-09 2.748164333757595e-09 2.370550081185044e-09 1.488006158443161e-09 2.350782313615404e-10 -1.134200341006340e-09 -2.308096180177580e-09 -2.997675734985656e-09
2.486864474389940e-05 3.643556027647884e-05 5.653870082504937e-06 7.193722730322661e-08 7.492072533266039e-08 7.770015687147634e-08 8.029693889528957e-08 8.276456245354181e-08 8.502387217782939e-08 8.727856600196947e-08 8.944858887372328e-08 9.164722258490928e-08 9.401304395758677e-08 9.656174092154426e-08 9.943501206945318e-08 1.010445599967918e-07 1.050973029510203e-07 1.095967611208057e-07 1.133787214655101e-07 1.199101066824577e-07 1.242541883824612e-07 1.292089393370226e-07 1.333423582860045e-07 1.369160069611327e-07 1.397441051249793e-07 1.416124440167905e-07 1.423897850207701e-07 1.420681802992059e-07 1.576468621232164e-07 1.383694718799708e-07 1.355125162290582e-07 1.325383522055640e-07 1.298666386457187e-07 -1.694189415476665e-08 -1.809361625950316e-08 -1.901705719805749e-08 -1.970138721209469e-08 -2.014237879794875e-08 -2.033803691013265e-08 -2.029662188235066e-08 -2.002865891222443e-08 -1.955972529389832e-08 -1.891665834643023e-08 -1.813158312135960e-08 -1.723547053194895e-08 -1.576978830892864e-08 -1.458231384428065e-08 -1.359769671394618e-08 -1.240013149049024e-08 -1.100605930869592e-08 -9.315099265711533e-09 -6.849829704100494e-09 -3.981965251168540e-09 -7.806158212930075e-10 2.536459316007219e-09 5.674519248143417e-09 8.318449451897555e-09 1.021379497844268e-08 1.124008296240934e-08 1.145613576064297e-08 1.107729841301950e-08 1.041643994819837e-08 9.798174584772204e-09 -3.527981828026447e-10 -4.876050520645028e-10 -6.407933941978405e-10 -8.097540475708014e-10 -9.911923643270254e-10 -1.180562598593489e-09 -1.372762959285196e-09 -1.560855200758682e-09 -1.737785141044648e-09 -1.894770160389671e-09 -2.022482872159508e-09 -2.110933522051279e-09 -2.073975062064341e-09 -2.041890986697313e-09 -1.940187863213931e-09 -1.788287473241806e-09 -1.561843273370074e-09 -1.206609365348708e-09 -7.484685165339187e-10 -1.463571807199903e-10 5.729339994412998e-10 1.353915715219501e-09 2.080038765862265e-09 2.583677199204827e-09 2.689603650713131e-09 2.281610580374114e-09 1.366845922522904e-09 1.066673389388551e-10 -1.213096067948312e-09 -2.248290997328512e-09
2.242283980814823e-05 3.328563824156378e-05 5.226412859682557e-06 6.481592901640378e-08 6.779516875514747e-08 7.058887800332490e-08 7.323260487526038e-08 7.564371775254066e-08 7.799615543167127e-08 8.022271434944811e-08 8.240347111674733e-08 8.465657426479014e-08 8.699932830234581e-08 8.956558829435088e-08 9.242653893108396e-08 9.412607330833494e-08 9.811000109540022e-08 1.025802750132715e-07 1.063556128882575e-07 1.127499620178450e-07 1.171912034838449e-07 1.221874628170161e-07 1.265326618017987e-07 1.304304973731722e-07 1.337291074187761e-07 1.362510723865366e-07 1.379150816681115e-07 1.386272917346139e-07 1.383694718799708e-07 1.538993493090667e-07 1.355552377800883e-07 1.336141917948221e-07 1.318194524795592e-07 -1.640039421176347e-08 -1.757980853878859e-08 -1.855544080048089e-08 -1.931600830404216e-08 -1.985599700234442e-08 -2.017160520856250e-08 -2.026845009850860e-08 -2.015497849712176e-08 -1.985537522701048e-08 -1.939608312203355e-08 -1.881028500650559e-08 -1.813217773160264e-08 -1.687405282465049e-08 -1.593689972641444e-08 -1.527037442680333e-08 -1.444071578817869e-08 -1.349041632623722e-08 -1.233851260825983e-08 -1.034750183867716e-08 -7.931146692311512e-09 -5.068463178260314e-09 -1.891821263730669e-09 1.377668447248839e-09 4.452836580770735e-09 7.038415184729396e-09 8.906118053680402e-09 9.967604277019496e-09 1.030205527172367e-08 1.013593425770713e-08 9.774925324751210e-09 -2.718904296759103e-10 -3.841658010195840e-10 -5.159641680200869e-10 -6.651261716953533e-10 -8.285999082198140e-10 -1.002123509500041e-09 -1.181281467231695e-09 -1.360121523045894e-09 -1.532813504426577e-09 -1.692167335977215e-09 -1.830672180539500e-09 -1.940140752624387e-09 -1.941151218546671e-09 -1.956722542215654e-09 -1.920200491494420e-09 -1.855435717929437e-09 -1.744347214205930e-09 -1.529076711371935e-09 -1.239199389775885e-09 -8.064846096633293e-10 -2.299227323456706e-10 4.830221815203450e-10 1.270061462186420e-09 2.000509475541037e-09 2.492435074190035e-09 2.563021419042769e-09 2.105136967758635e-09 1.147573292078812e-09 -1.136163119161821e-10 -1.351087710422397e-09
2.014233819177266e-05 3.032483899693971e-05 4.823389563268452e-06 5.793168523534717e-08 6.099777271030486e-08 6.390993131416969e-08 6.655408022394752e-08 6.910224947384550e-08 7.146754982471680e-08 7.372146292145273e-08 7.596799116078685e-08 7.822397048056738e-08 8.058953312621574e-08 8.314971671790751e-08 8.600539012778795e-08 8.775982009453713e-08 9.171760213644263e-08 9.609529469360232e-08 9.984532730254876e-08 1.061506204770831e-07 1.105765300537019e-07 1.156195968354663e-07 1.200923051957636e-07 1.241972067289879e-07 1.278152494793698e-07 1.308509221310019e-07 1.331841987000076e-07 1.347545136698250e-07 1.355125162290582e-07 1.355552377800883e-07 1.514392154194834e-07 1.342256176567371e-07 1.334594599102640e-07 -1.583943179020018e-08 -1.703585933444471e-08 -1.805188062720064e-08 -1.887567971102307e-08 -1.950028150020202e-08 -1.991985052161314e-08 -2.013688448351920e-08 -2.015752505274634e-08 -2.000443475946836e-08 -1.970364457098587e-08 -1.928943131590732e-08 -1.879937152301505e-08 -1.772387738814879e-08 -1.700535835768943e-08 -1.661553488935821e-08 -1.610804694226528e-08 -1.554936280932884e-08 -1.488065825794975e-08 -1.333878608628547e-08 -1.138471017580689e-08 -8.932393334598129e-09 -6.042158644302343e-09 -2.853031961470348e-09 4.138528901657157e-10 3.483224587453054e-09 6.081561347524820e-09 8.011677019420383e-09 9.212844728254617e-09 9.785465841180491e-09 9.960471259782476e-09 -2.074982347116336e-10 -2.987800669771677e-10 -4.106752303638299e-10 -5.412257994633956e-10 -6.872192200849352e-10 -8.442442690611161e-10 -1.008248353340268e-09 -1.173990978992443e-09 -1.336716179143785e-09 -1.490727189296791e-09 -1.630288693495047e-09 -1.748754485816306e-09 -1.774036485130029e-09 -1.819875447977311e-09 -1.827162369149015e-09 -1.822682409418490e-09 -1.795191233673716e-09 -1.690362028257754e-09 -1.545725465536954e-09 -1.283840176526225e-09 -8.899598742062855e-10 -3.366832849412986e-10 3.673552761413580e-10 1.149531101842673e-09 1.864874350232065e-09 2.318185160470956e-09 2.325488860826108e-09 1.791730508560587e-09 7.768893224659319e-10 -4.776504732215798e-10
1.804515731308966e-05 2.759092510363919e-05 4.451857661342268e-06 5.130046787173021e-08 5.460698934299477e-08 5.760336877535244e-08 6.046843939175063e-08 6.309607690027566e-08 6.553911985354779e-08 6.790957844215927e-08 7.018521144621591e-08 7.248498576451079e-08 7.488128122703006e-08 7.745332741491724e-08 8.027615021822362e-08 8.214925831876227e-08 8.601813092682253e-08 9.031296876348755e-08 9.409826189503205e-08 1.002368581072344e-07 1.046911794384611e-07 1.097517746307669e-07 1.142985623416189e-07 1.185413162576375e-07 1.224261595361766e-07 1.258192446249893e-07 1.286622656827230e-07 1.309074354611264e-07 1.325383522055640e-07 1.336141917948221e-07 1.342256176567371e-07 1.509630638866977e-07 1.350166912520487e-07 -1.530130559357704e-08 -1.651031435031956e-08 -1.756108963742525e-08 -1.844108619543921e-08 -1.914158748440982e-08 -1.965441709545830e-08 -1.997841428072124e-08 -2.011715911169295e-08 -2.009169080180941e-08 -1.992762514913834e-08 -1.966039969368902e-08 -1.933119852591395e-08 -1.841311681263290e-08 -1.788312821392611e-08 -1.773251256775192e-08 -1.750521025714309e-08 -1.728888018613795e-08 -1.704580304294962e-08 -1.590986912456797e-08 -1.439043769341683e-08 -1.235763581444017e-08 -9.819966383328263e-09 -6.845637401770921e-09 -3.579307928915614e-09 -2.386390668315422e-10 2.915111401829505e-09 5.632413067551581e-09 7.744773066334478e-09 9.219664317567875e-09 1.017721760043145e-08 -1.597535246366964e-10 -2.318670958947063e-10 -3.257929468421764e-10 -4.395199156591983e-10 -5.693072514352024e-10 -7.101211309420722e-10 -8.579801246860708e-10 -1.008101676387988e-09 -1.156680639391908e-09 -1.299479939878459e-09 -1.432585335630631e-09 -1.550811661139464e-09 -1.589680444213159e-09 -1.653008514905792e-09 -1.688566416855816e-09 -1.724447878393606e-09 -1.754958122910356e-09 -1.731783423479732e-09 -1.700902997644306e-09 -1.587552438088493e-09 -1.375831264652506e-09 -1.021192952629291e-09 -4.930580028170544e-10 1.939940573405275e-10 9.555544662783938e-10 1.630788746738306e-09 2.013914664137725e-09 1.920833733025776e-09 1.277490604769233e-09 1.854756031779580e-10
1.613055910893699e-05 2.509616359794680e-05 4.115303222824504e-06 4.497859669395039e-08 4.849274667906403e-08 5.184331745145811e-08 5.488021472609734e-08 5.767205226027816e-08 6.030583386424722e-08 6.275976534047773e-08 6.513491237741896e-08 6.749980360839359e-08 6.993676733683707e-08 7.252113983255130e-08 7.539748019527118e-08 7.730609248753675e-08 8.112844989634556e-08 8.540878482673786e-08 8.915698839120205e-08 9.521348862048388e-08 9.968282237394185e-08 1.047516293135363e-07 1.093542775499832e-07 1.137446254816927e-07 1.178195710118543e-07 1.214951909058089e-07 1.247240608743505e-07 1.275183659339941e-07 1.298666386457187e-07 1.318194524795592e-07 1.334594599102640e-07 1.350166912520487e-07 1.532922166492947e-07 -1.482259703058092e-08 -1.604545636925041e-08 -1.713101249471639e-08 -1.806569763829422e-08 -1.883870535882957e-08 -1.943914414483244e-08 -1.986162042901478e-08 -2.010689382925103e-08 -2.019433752887738e-08 -2.014921845116722e-08 -2.000828674329888e-08 -1.981665946051210e-08 -1.903201682371998e-08 -1.866363037033900e-08 -1.872034559761899e-08 -1.873732753126123e-08 -1.882124268554480e-08 -1.895330392230175e-08 -1.817753106089921e-08 -1.705009420700761e-08 -1.541077746462473e-08 -1.323375317281323e-08 -1.053478777759188e-08 -7.390672240452699e-09 -3.949634206211039e-09 -4.238560336285363e-10 2.938129341934117e-09 5.909979729678159e-09 8.352033348688443e-09 1.026593819465253e-08 -1.282934855312291e-10 -1.831240129200522e-10 -2.611468295095230e-10 -3.601127461276476e-10 -4.753678096370462e-10 -6.008118847089537e-10 -7.322625480727489e-10 -8.651457495332392e-10 -9.965300721619107e-10 -1.123637079194809e-09 -1.244470827587889e-09 -1.355298032189647e-09 -1.399283568196207e-09 -1.470576448280009e-09 -1.523202416908026e-09 -1.585454403868485e-09 -1.655551749300771e-09 -1.691217444297031e-09 -1.744989149112905e-09 -1.750431422110873e-09 -1.698157005949934e-09 -1.541619187022685e-09 -1.230057010524570e-09 -7.345676498318048e-10 -7.724583354962111e-11 6.423938692090124e-10 1.246327460412012e-09 1.516503167270268e-09 1.275007283811130e-09 4.771863407262372e-10
-3.480058363957323e-05 -5.487397987985973e-04 -1.440641433818315e-04 8.923978519443511e-08 8.414932070830755e-08 7.620604500345746e-08 6.617615086020575e-08 5.505307692214770e-08 4.379685092609067e-08 3.316588730370093e-08 2.362664349401755e-08 1.538771048220514e-08 8.454362054164220e-09 2.720585208801718e-09 -1.973118587546299e-09 -5.700909958630465e-09 -8.786273539872762e-09 -1.131107608518916e-08 -1.323264863773612e-08 -1.504540586257782e-08 -1.622457295968108e-08 -1.716776454376028e-08 -1.775921031812627e-08 -1.808481608868704e-08 -1.818243913779753e-08 -1.808144585190858e-08 -1.781783867179071e-08 -1.742721313374947e-08 -1.694189415476663e-08 -1.640039421176347e-08 -1.583943179020018e-08 -1.530130559357705e-08 -1.482259703058093e-08 1.814735528898307e-06 1.467421488608039e-06 1.433349785390781e-06 1.374358977355745e-06 1.298032662120138e-06 1.210849009838534e-06 1.118844820276574e-06 1.026041793185171e-06 9.366271505636213e-07 8.524519312387024e-07 7.758432718591991e-07 7.076284239678589e-07 6.292171574924599e-07 5.752160117192045e-07 5.416078352324322e-07 5.135075317685934e-07 4.939921118441363e-07 4.828975274951536e-07 4.575950583821321e-07 4.337544456832620e-07 4.090678051520398e-07 3.830731074884024e-07 3.564545331375259e-07 3.294782939478489e-07 3.026865434059230e-07 2.765286168111764e-07 2.517651695615944e-07 2.290557704533911e-07 2.092577842000279e-07 1.936659094403766e-07 7.708849278208192e-08 6.947607581716046e-08 5.703034418635066e-08 4.261401071078155e-08 2.910362116019925e-08 1.870221869579089e-08 1.260191021026838e-08 1.097167123758455e-08 1.323739437554874e-08 1.841425874186138e-08 2.541152695251983e-08 3.322592270947264e-08 3.959739028052349e-08 4.630442348813891e-08 5.199363144646002e-08 5.749045076877466e-08 6.299605352100556e-08 6.738430743456571e-08 7.316879713986305e-08 7.879146502363557e-08 8.530021315123670e-08 9.262672456905038e-08 1.004194130630358e-07 1.081946129835090e-07 1.153597861445473e-07 1.211915030579431e-07 1.249504025466417e-07 1.257302378753578e-07 1.224537918827117e-07 1.134863403101567e-07
-3.660545642902023e-05 -5.743177205070345e-04 -1.515767634875986e-04 8.905607238231913e-08 8.642460011148225e-08 8.084230135999233e-08 7.265174080938562e-08 6.261190659968298e-08 5.166406172364592e-08 4.071388919154115e-08 3.044833025166267e-08 2.128936537308430e-08 1.339817185042038e-08 6.759080294763466e-09 1.251182913010149e-09 -3.232909354445831e-09 -6.925014048140871e-09 -9.981075312368649e-09 -1.237619833233879e-08 -1.458529313254095e-08 -1.611799582074939e-08 -1.736165487372918e-08 -1.820508404959527e-08 -1.873742297135255e-08 -1.900032134834578e-08 -1.902710943122834e-08 -1.885831763844887e-08 -1.853461705636652e-08 -1.809361625950316e-08 -1.757980853878858e-08 -1.703585933444471e-08 -1.651031435031956e-08 -1.604545636925041e-08 1.467421488608038e-06 1.814740130495853e-06 1.460532607954361e-06 1.413289915423363e-06 1.345065143270220e-06 1.262703796121994e-06 1.172327763068318e-06 1.079744976735580e-06 9.887641354300547e-07 9.028919066793868e-07 8.239474439026411e-07 7.533557408108583e-07 6.720141368831826e-07 6.156867861305557e-07 5.812165033041691e-07 5.523197378618956e-07 5.324879233404437e-07 5.216074807829887e-07 4.949334178469730e-07 4.702780576281764e-07 4.438153981849281e-07 4.161974123507086e-07 3.876109797092512e-07 3.584955370207832e-07 3.293978615838676e-07 3.009718539079765e-07 2.738644552639625e-07 2.489556469591255e-07 2.274612219738071e-07 2.097761725073515e-07 9.116968977825650e-08 8.918892507528104e-08 8.078419115894777e-08 6.794595320437891e-08 5.343317876365381e-08 3.994458852333648e-08 2.953637761182143e-08 2.325784404079664e-08 2.121377577622738e-08 2.279351548695236e-08 2.702859773903218e-08 3.287753480424933e-08 3.802502064310825e-08 4.403978193946566e-08 4.944733559888136e-08 5.491248844265003e-08 6.054818721259607e-08 6.521577164379525e-08 7.131016993691537e-08 7.730940542950042e-08 8.423058051594421e-08 9.201150612022952e-08 1.003066025545336e-07 1.086306225539530e-07 1.163795828403968e-07 1.228072028851520e-07 1.271406539293496e-07 1.284278146635562e-07 1.255316817060168e-07 1.167320238133755e-07
-3.795797336065444e-05 -5.924831569142830e-04 -1.572209669957327e-04 8.622697523967248e-08 8.557664937724277e-08 8.236277835661844e-08 7.645794442500584e-08 6.822019909226247e-08 5.836837374242722e-08 4.778934581686342e-08 3.730455226930692e-08 2.754130139105285e-08 1.885700866748593e-08 1.138035936075827e-08 5.074076348158836e-09 -1.838964353891986e-10 -4.498494375969805e-09 -8.106575948201389e-09 -1.100467019143856e-08 -1.363093541663106e-08 -1.554944153606409e-08 -1.712392268229774e-08 -1.825121584769689e-08 -1.902163122954412e-08 -1.948013557427764e-08 -1.966396493450631e-08 -1.961804224669940e-08 -1.938808665509999e-08 -1.901705719805748e-08 -1.855544080048088e-08 -1.805188062720064e-08 -1.756108963742526e-08 -1.713101249471639e-08 1.433349785390781e-06 1.460532607954361e-06 1.773101636262450e-06 1.422912626673025e-06 1.366368310443539e-06 1.292132811610118e-06 1.207416518137249e-06 1.117286271167479e-06 1.027461682243170e-06 9.412543539578597e-07 8.613110088392574e-07 7.900337671981951e-07 7.064058298108518e-07 6.489349672521798e-07 6.140490381319950e-07 5.850017292997321e-07 5.651912657079871e-07 5.545814278944416e-07 5.276333167244731e-07 5.017742648558436e-07 4.743989430720681e-07 4.454764217772759e-07 4.152322432930327e-07 3.842900955566831e-07 3.532905195329854e-07 3.227784419503160e-07 2.936694512908297e-07 2.670055934424727e-07 2.432979597647889e-07 2.245805846528454e-07 9.783453586914942e-08 1.017394768110491e-07 9.877973675828062e-08 8.982193393183133e-08 7.681626242241001e-08 6.236222494207746e-08 4.901053862201115e-08 3.862872607793890e-08 3.217115439046396e-08 2.966071373746480e-08 3.048293056618238e-08 3.370922663724069e-08 3.702243206183895e-08 4.186527187964217e-08 4.660745681930730e-08 5.173570432432925e-08 5.725271746330581e-08 6.201059380953955e-08 6.823850750795801e-08 7.446576706980702e-08 8.165511093350217e-08 8.974711557467757e-08 9.840560087271433e-08 1.071505558039408e-07 1.153756583043070e-07 1.223230906445137e-07 1.271976535704419e-07 1.290146180832257e-07 1.265923223293652e-07 1.181477044560311e-07
-3.888500964212453e-05 -6.037584489211042e-04 -1.611066470365257e-04 8.184403978824838e-08 8.233860615283786e-08 8.101505551229015e-08 7.737068795471885e-08 7.132220658020054e-08 6.321355219884954e-08 5.372430181452941e-08 4.365618149303904e-08 3.376048473719103e-08 2.458164542542783e-08 1.642811111685498e-08 9.395011252693755e-09 3.378034839115070e-09 -1.556478929989150e-09 -5.724140091327412e-09 -9.143408050573858e-09 -1.219864406055120e-08 -1.452756122040332e-08 -1.645738916856436e-08 -1.789610344234722e-08 -1.893279611286294e-08 -1.961498650506042e-08 -1.998352356484338e-08 -2.008743163816937e-08 -1.997730805131548e-08 -1.970138721209468e-08 -1.931600830404215e-08 -1.887567971102306e-08 -1.844108619543921e-08 -1.806569763829422e-08 1.374358977355745e-06 1.413289915423363e-06 1.422912626673025e-06 1.699922166022464e-06 1.361742499075781e-06 1.299352281030049e-06 1.222918454450007e-06 1.138777244549643e-06 1.052167063113800e-06 9.674300077598029e-07 8.885282951950026e-07 8.171696089606246e-07 7.326818236537363e-07 6.747759677245354e-07 6.401923061726619e-07 6.112641841996191e-07 5.918107012174162e-07 5.822490076976984e-07 5.546628741555745e-07 5.286207829838634e-07 5.004973953418166e-07 4.706090406576027e-07 4.391647311756802e-07 4.067644858074193e-07 3.741160145363315e-07 3.419141080140289e-07 3.112555642027252e-07 2.824969913661710e-07 2.576344402097000e-07 2.373154234989663e-07 9.773737118262732e-08 1.065841670351845e-07 1.093091201121161e-07 1.055748258445753e-07 9.628357942855039e-08 8.327984172722978e-08 6.904638798369799e-08 5.591976465893224e-08 4.564475446380525e-08 3.903406916671662e-08 3.606702724228209e-08 3.614143149586747e-08 3.703945802881177e-08 4.023413184783622e-08 4.391191202032637e-08 4.837911774318940e-08 5.350855707060910e-08 5.814045346301426e-08 6.430649686606695e-08 7.059380453906050e-08 7.789217180644095e-08 8.614032845428812e-08 9.501302362079280e-08 1.040405511239731e-07 1.126218905126500e-07 1.199977741128024e-07 1.253610615271149e-07 1.277071760166809e-07 1.258244029165315e-07 1.178890651562185e-07
-3.942442053161673e-05 -6.088316287022667e-04 -1.633892449765622e-04 7.703458124286511e-08 7.774718807922173e-08 7.752067169790574e-08 7.567147114204809e-08 7.176461447943868e-08 6.573446829574958e-08 5.791441253102619e-08 4.891434540702973e-08 3.946733842843611e-08 3.022925117113785e-08 2.167806062740689e-08 1.407228699389289e-08 7.362002489274167e-09 1.836795717581567e-09 -2.882305506747818e-09 -6.829365706316702e-09 -1.031642996533677e-08 -1.307218570093111e-08 -1.537537226424938e-08 -1.714804857793421e-08 -1.847553210063776e-08 -1.940680590606872e-08 -1.998570348097756e-08 -2.026482454071007e-08 -2.029928936557854e-08 -2.014237879794874e-08 -1.985599700234441e-08 -1.950028150020202e-08 -1.914158748440982e-08 -1.883870535882957e-08 1.298032662120138e-06 1.345065143270220e-06 1.366368310443539e-06 1.361742499075781e-06 1.604357029450842e-06 1.284321086892046e-06 1.219390424298024e-06 1.143628470482140e-06 1.062729475936796e-06 9.821332786846668e-07 9.052663198358453e-07 8.352969495197681e-07 7.510345097853225e-07 6.935652085171358e-07 6.596063420801418e-07 6.312330458203981e-07 6.128033323404045e-07 6.039500436327482e-07 5.766126886384484e-07 5.505218834627759e-07 5.221404711568791e-07 4.915870901470540e-07 4.593305247096552e-07 4.258562688214288e-07 3.919167576198125e-07 3.585411979327645e-07 3.260340934951510e-07 2.962544865858291e-07 2.698388711633156e-07 2.482565595104561e-07 9.251084961659050e-08 1.046764070578946e-07 1.121687150279196e-07 1.138734376871432e-07 1.095584005802230e-07 1.000895497939669e-07 8.726225604088245e-08 7.335701363969247e-08 6.058303675317346e-08 5.048726125094572e-08 4.378675008244227e-08 4.042541089696419e-08 3.842932564108912e-08 3.953809387858354e-08 4.175729956233383e-08 4.523489944015026e-08 4.970014751001484e-08 5.397330922001334e-08 5.987141684360103e-08 6.603788301118322e-08 7.327629907786884e-08 8.151848287990711e-08 9.045016971725903e-08 9.961542931107292e-08 1.084246490560663e-07 1.161257521155390e-07 1.219090983067818e-07 1.247618997540228e-07 1.234563590110542e-07 1.161487569689900e-07
-3.961458296719391e-05 -6.083903769558247e-04 -1.642264720974283e-04 7.267638659950005e-08 7.283289816688982e-08 7.284306273170187e-08 7.204662588563766e-08 6.983700324202686e-08 6.582322689156898e-08 5.996243734658921e-08 5.254780362190173e-08 4.413755141470020e-08 3.536942153393782e-08 2.682075905088737e-08 1.890257140054742e-08 1.164116135054116e-08 5.597991404844206e-09 3.596261408050788e-10 -4.107349823666997e-09 -8.019622684429133e-09 -1.121005680909308e-08 -1.389742647212358e-08 -1.602072402470588e-08 -1.765903267565005e-08 -1.886149761760440e-08 -1.967393517897393e-08 -2.015167237851827e-08 -2.035373767924471e-08 -2.033803691013265e-08 -2.017160520856250e-08 -1.991985052161314e-08 -1.965441709545830e-08 -1.943914414483244e-08 1.210849009838534e-06 1.262703796121994e-06 1.292132811610118e-06 1.299352281030049e-06 1.284321086892046e-06 1.494607878275810e-06 1.197015028856760e-06 1.131834792204115e-06 1.059624457740338e-06 9.847649437272941e-07 9.119596729000422e-07 8.445817668428345e-07 7.618519909197131e-07 7.054535613994795e-07 6.725216968566117e-07 6.454315883930783e-07 6.278072612621096e-07 6.201777875137908e-07 5.934003162952691e-07 5.676010471363440e-07 5.392279132264040e-07 5.085378102824528e-07 4.757071538193318e-07 4.415360013724579e-07 4.069431229419983e-07 3.720633839838849e-07 3.388485133445910e-07 3.076944118658411e-07 2.800795332063240e-07 2.577228578414298e-07 8.408367080597990e-08 9.781693829481403e-08 1.085164743165191e-07 1.147750096962957e-07 1.156217989991790e-07 1.108581563004127e-07 1.013791895932118e-07 8.883299260192398e-08 7.540440112056706e-08 6.307544933475126e-08 5.325033005709412e-08 4.655124509678110e-08 4.139097895576261e-08 4.007165408266159e-08 4.047185056726590e-08 4.264198632164568e-08 4.616937267489331e-08 4.984430188565016e-08 5.526556680801614e-08 6.112360555110865e-08 6.812771638908316e-08 7.619768361751453e-08 8.502942210291365e-08 9.418309059152541e-08 1.030853159122537e-07 1.109985454616525e-07 1.171188418831965e-07 1.204359444057819e-07 1.197186535953003e-07 1.131223116129655e-07
-3.950944067930485e-05 -6.033506652811852e-04 -1.638407168748163e-04 6.927248627624245e-08 6.839643186479188e-08 6.793874534598052e-08 6.740586779872271e-08 6.620693105938156e-08 6.379111582632918e-08 5.981733635514363e-08 5.423702347657981e-08 4.732155548266016e-08 3.954998616083009e-08 3.148154343710048e-08 2.361513210816906e-08 1.603988997578206e-08 9.614621316700640e-09 3.926450658098207e-09 -1.032225469330678e-09 -5.352851767783859e-09 -8.978104976110954e-09 -1.205426734820187e-08 -1.453938810312014e-08 -1.650411664714888e-08 -1.799649300307363e-08 -1.906303944704969e-08 -1.976061266114765e-08 -2.015119032218795e-08 -2.029662188235066e-08 -2.026845009850860e-08 -2.013688448351920e-08 -1.997841428072124e-08 -1.986162042901478e-08 1.118844820276574e-06 1.172327763068318e-06 1.207416518137249e-06 1.222918454450007e-06 1.219390424298024e-06 1.197015028856760e-06 1.377921298337178e-06 1.105023056474589e-06 1.042795395944983e-06 9.759340849279778e-07 9.089050957733737e-07 8.456587091787886e-07 7.655546494343470e-07 7.109692031301201e-07 6.798819355903683e-07 6.538719264519875e-07 6.376163780672927e-07 6.313495869000348e-07 6.053048730294335e-07 5.801830767602883e-07 5.521895186763135e-07 5.215562995607872e-07 4.886485284068358e-07 4.542663391249572e-07 4.187037258446050e-07 3.835607938492768e-07 3.492488491418203e-07 3.171299532245176e-07 2.888455520358986e-07 2.655313118105997e-07 7.418839192571795e-08 8.804225071977540e-08 1.002821000903961e-07 1.096132533863427e-07 1.147753074355530e-07 1.148722584134613e-07 1.098103810707598e-07 1.004084344329567e-07 8.829056317840312e-08 7.542774553980230e-08 6.363933444319135e-08 5.418220443377269e-08 4.592003821630842e-08 4.201038324839831e-08 4.031360533992830e-08 4.089325490047319e-08 4.322523346837584e-08 4.606633451335872e-08 5.080848116488037e-08 5.617283637478211e-08 6.277086251709566e-08 7.050515743369820e-08 7.908031902932459e-08 8.807408737072730e-08 9.693310744552660e-08 1.049401197181248e-07 1.113039807759391e-07 1.150258517711539e-07 1.148822447307908e-07 1.090441753847472e-07
-3.916146283957572e-05 -5.945903033642244e-04 -1.624484671239290e-04 6.697615420586492e-08 6.490174232031759e-08 6.354475893869237e-08 6.263215880711437e-08 6.171995872313137e-08 6.026826832697195e-08 5.778844892401285e-08 5.396229001314964e-08 4.875296941209178e-08 4.238162745759702e-08 3.526338163835028e-08 2.787878819340847e-08 2.032222982897519e-08 1.373085428949558e-08 7.718928377890862e-09 2.330658422418160e-09 -2.364948012737907e-09 -6.415707468308710e-09 -9.879161802683226e-09 -1.273207953232376e-08 -1.503424922283356e-08 -1.683150633078652e-08 -1.816979821886618e-08 -1.910611411442757e-08 -1.970412197158808e-08 -2.002865891222443e-08 -2.015497849712176e-08 -2.015752505274634e-08 -2.011715911169296e-08 -2.010689382925103e-08 1.026041793185171e-06 1.079744976735580e-06 1.117286271167479e-06 1.138777244549643e-06 1.143628470482140e-06 1.131834792204115e-06 1.105023056474589e-06 1.260580102538599e-06 1.013458295643342e-06 9.560527513764524e-07 8.965430256167454e-07 8.387578313626838e-07 7.625908483837190e-07 7.110017951330364e-07 6.817314386465888e-07 6.574808592482689e-07 6.427259155531098e-07 6.378308955174450e-07 6.128934225176938e-07 5.886284413685703e-07 5.613209281862865e-07 5.310924286131686e-07 4.985429426731982e-07 4.637583337011437e-07 4.283169558104603e-07 3.925334707668073e-07 3.576287576344475e-07 3.250412105498864e-07 2.959583710719601e-07 2.720823254987913e-07 6.406563252162154e-08 7.708126614200030e-08 8.949297264082381e-08 1.003271349226656e-07 1.084120314834027e-07 1.125706458609461e-07 1.120535431164431e-07 1.067654839629571e-07 9.758090154754116e-08 8.596994246997782e-08 7.376134358014669e-08 6.260342164128246e-08 5.172846450753643e-08 4.534188123457692e-08 4.142293358581815e-08 4.020196505932996e-08 4.111458757944294e-08 4.289942322533446e-08 4.677253448346127e-08 5.146608577608162e-08 5.749407767394507e-08 6.473637204974250e-08 7.290406580135238e-08 8.159341944937096e-08 9.027410483945780e-08 9.825411474872047e-08 1.047608536465903e-07 1.088144424652847e-07 1.092085033523309e-07 1.041436650288232e-07
-3.864757420334943e-05 -5.833399815221792e-04 -1.603679146850425e-04 6.573206637167490e-08 6.253026590875382e-08 6.012228608342268e-08 5.843479263695859e-08 5.722018032474672e-08 5.606843579264128e-08 5.449764208191805e-08 5.205626587716250e-08 4.846475555851240e-08 4.366888558005819e-08 3.785201884062158e-08 3.136398912270163e-08 2.421510995662853e-08 1.774808120688642e-08 1.160638438105288e-08 5.898707256765938e-09 8.868959067085828e-10 -3.567633481969121e-09 -7.411801901591256e-09 -1.063560809843519e-08 -1.328376529149061e-08 -1.539852936394319e-08 -1.702416036377532e-08 -1.821646818721059e-08 -1.903943017170490e-08 -1.955972529389832e-08 -1.985537522701048e-08 -2.000443475946836e-08 -2.009169080180941e-08 -2.019433752887738e-08 9.366271505636213e-07 9.887641354300547e-07 1.027461682243170e-06 1.052167063113801e-06 1.062729475936796e-06 1.059624457740338e-06 1.042795395944983e-06 1.013458295643342e-06 1.147909991759139e-06 9.267089386790916e-07 8.757906152456141e-07 8.247179624059608e-07 7.541739508501012e-07 7.059982777558672e-07 6.793928882265410e-07 6.571945336172923e-07 6.440760600632876e-07 6.406992116836638e-07 6.170173881925514e-07 5.938640075579593e-07 5.673904897841884e-07 5.380755031467396e-07 5.055533308315269e-07 4.713710656825264e-07 4.357623605335793e-07 3.996919530306316e-07 3.646690932863000e-07 3.315510381485804e-07 3.020165928076097e-07 2.776848413687340e-07 5.449419047939389e-08 6.618333495079640e-08 7.787383758475748e-08 8.893733978350543e-08 9.848716204090590e-08 1.054169231125692e-07 1.087008577473579e-07 1.076329009501815e-07 1.022495914484034e-07 9.334623943285953e-08 8.231458022315572e-08 7.083088567956504e-08 5.825655838945492e-08 4.984733191089151e-08 4.381138107535916e-08 4.070852007361912e-08 4.004248727377828e-08 4.057718082805389e-08 4.341179419056224e-08 4.727269524793343e-08 5.258241940679341e-08 5.919212776581269e-08 6.681601522210871e-08 7.506870597851869e-08 8.344525796548547e-08 9.128260584403967e-08 9.783131694421724e-08 1.021361054292576e-07 1.030146103026493e-07 9.870733465239900e-08
-3.804468551482918e-05 -5.708042001420076e-04 -1.579175672797824e-04 6.536386799479316e-08 6.123678962834182e-08 5.783530950957439e-08 5.522764899600191e-08 5.334492474545379e-08 5.195231319000571e-08 5.068198781877937e-08 4.908770281986073e-08 4.676940365234203e-08 4.345690042115461e-08 3.908737244191625e-08 3.380252984056336e-08 2.743943265010790e-08 2.143099245988478e-08 1.542001659380955e-08 9.564953982145596e-09 4.336262682083208e-09 -4.775402459858190e-10 -4.686632156114591e-09 -8.281465668100204e-09 -1.128315812408517e-08 -1.372721720672220e-08 -1.565484590390493e-08 -1.711956414221970e-08 -1.818439745438545e-08 -1.891665834643022e-08 -1.939608312203354e-08 -1.970364457098587e-08 -1.992762514913834e-08 -2.014921845116722e-08 8.524519312387024e-07 9.028919066793868e-07 9.412543539578597e-07 9.674300077598029e-07 9.821332786846668e-07 9.847649437272941e-07 9.759340849279778e-07 9.560527513764524e-07 9.267089386790916e-07 1.044284097978546e-06 8.479670060698867e-07 8.049068523200102e-07 7.406539680223659e-07 6.971388701579810e-07 6.737671354937129e-07 6.539578519980709e-07 6.427733824339683e-07 6.410183924035321e-07 6.187495593140657e-07 5.968055629367055e-07 5.716136742442341e-07 5.427172647461934e-07 5.112707258713627e-07 4.772695105834105e-07 4.417774710929215e-07 4.059535897378422e-07 3.706132834180595e-07 3.372862744911116e-07 3.074581397332192e-07 2.827805250972894e-07 4.585794055481881e-08 5.606824145094814e-08 6.658839366303575e-08 7.705601233028184e-08 8.689568971678346e-08 9.525680241943302e-08 1.011599858382402e-07 1.036343712242374e-07 1.021448102462619e-07 9.672582360657982e-08 8.816789528752825e-08 7.777198345599307e-08 6.470959233693266e-08 5.506486728809687e-08 4.730250213948697e-08 4.242728504175327e-08 4.013180224944362e-08 3.927467807354385e-08 4.092990901342867e-08 4.381403141911689e-08 4.827404765919616e-08 5.412795356906435e-08 6.108831934288613e-08 6.878674628295269e-08 7.674483327927691e-08 8.433132354765909e-08 9.082367716898514e-08 9.529520548204624e-08 9.659233907330467e-08 9.300201768743149e-08
-3.744159211996086e-05 -5.583376692567806e-04 -1.554656756364344e-04 6.570952160753586e-08 6.089603616015259e-08 5.666960710861316e-08 5.317912676400562e-08 5.048327020877529e-08 4.850748969859850e-08 4.703949252688287e-08 4.573460221622977e-08 4.419605090919445e-08 4.204688575576204e-08 3.903163785239353e-08 3.507188623825105e-08 2.977766715292530e-08 2.454579604048362e-08 1.896418963471008e-08 1.319390707710488e-08 7.899372935089415e-09 2.806619926040874e-09 -1.734293717702162e-09 -5.694994485129520e-09 -9.058099086016779e-09 -1.184501583869894e-08 -1.409085161094242e-08 -1.584554145785193e-08 -1.717014788109984e-08 -1.813158312135960e-08 -1.881028500650560e-08 -1.928943131590732e-08 -1.966039969368902e-08 -2.000828674329888e-08 7.758432718591991e-07 8.239474439026412e-07 8.613110088392574e-07 8.885282951950025e-07 9.052663198358454e-07 9.119596729000422e-07 9.089050957733737e-07 8.965430256167454e-07 8.757906152456141e-07 8.479670060698868e-07 9.531257183401049e-07 7.803163055036087e-07 7.235151442920871e-07 6.854051681283465e-07 6.658739447449442e-07 6.490199910580143e-07 6.400622821707772e-07 6.401238695828717e-07 6.194002210734188e-07 5.989910400258605e-07 5.745587167450799e-07 5.470381330804882e-07 5.160818556176185e-07 4.825903711548807e-07 4.475885478771255e-07 4.117381441145664e-07 3.764359096042410e-07 3.429113895566251e-07 3.128590478666363e-07 2.878725950685832e-07 3.830621071426577e-08 4.707955983787562e-08 5.629604704203299e-08 6.575854044431955e-08 7.513297424384637e-08 8.385279645797899e-08 9.115776105175933e-08 9.610860009768516e-08 9.790663132506266e-08 9.606002436218033e-08 9.067007538769832e-08 8.250825839959445e-08 7.022877753106140e-08 6.035768936551053e-08 5.153750744315677e-08 4.523320371367693e-08 4.141627487377152e-08 3.911481883151359e-08 3.949623606951437e-08 4.128339422083145e-08 4.478033669842736e-08 4.977332898010744e-08 5.596926581727842e-08 6.301364969709268e-08 7.045426303431854e-08 7.769323001081556e-08 8.403755333933792e-08 8.859178390687852e-08 9.023365819451314e-08 8.729920422021554e-08
-3.693211807628864e-05 -5.473373544328820e-04 -1.534018596483966e-04 6.669204784909203e-08 6.140367097704348e-08 5.654494022869744e-08 5.230079183271443e-08 4.880377305284924e-08 4.609468092451830e-08 4.410452266615611e-08 4.262773721928794e-08 4.135704877184085e-08 3.991891586628441e-08 3.796261613763282e-08 3.523759414073383e-08 3.113296970578250e-08 2.690940923807230e-08 2.204284725686516e-08 1.662715307256595e-08 1.147003742008559e-08 6.226984015648948e-09 1.417630860448395e-09 -2.890664951506635e-09 -6.621304591511403e-09 -9.767934114135191e-09 -1.235257703865078e-08 -1.441875864695104e-08 -1.602445960166811e-08 -1.723547053194895e-08 -1.813217773160265e-08 -1.879937152301505e-08 -1.933119852591395e-08 -1.981665946051209e-08 7.076284239678589e-07 7.533557408108583e-07 7.900337671981952e-07 8.171696089606246e-07 8.352969495197681e-07 8.445817668428345e-07 8.456587091787888e-07 8.387578313626837e-07 8.247179624059608e-07 8.049068523200102e-07 7.803163055036087e-07 8.769088692512787e-07 7.041126352735553e-07 6.719182847961794e-07 6.568902447640233e-07 6.435558856557437e-07 6.372830918644652e-07 6.394316121027900e-07 6.206499861922404e-07 6.013105643514753e-07 5.784555241465493e-07 5.516963953113984e-07 5.214919201686604e-07 4.886968813361086e-07 4.539507624028649e-07 4.182698461721015e-07 3.829274771304573e-07 3.492872038565530e-07 3.188956279122180e-07 2.938636619964173e-07 3.185050559732029e-08 3.931836909497438e-08 4.727586469694998e-08 5.561505491735681e-08 6.415216606571516e-08 7.254373384588726e-08 8.027926977025989e-08 8.661279043138839e-08 9.075027657737983e-08 9.194801503241737e-08 8.981890607628914e-08 8.451475839455467e-08 7.408818587692203e-08 6.503007961546726e-08 5.601003827124321e-08 4.884820117687969e-08 4.381275690764046e-08 4.014711499185824e-08 3.923554379927091e-08 3.984275755880747e-08 4.228347543974153e-08 4.632639014550329e-08 5.167327568255319e-08 5.798073272487069e-08 6.482072435600744e-08 7.162848833099241e-08 7.774206005115559e-08 8.229846758197364e-08 8.420736298255231e-08 8.185281364335081e-08
-3.552628105137661e-05 -5.232038484475796e-04 -1.476130169875660e-04 6.625357808140479e-08 6.082159765640736e-08 5.566013985162012e-08 5.095938470933143e-08 4.688150218571577e-08 4.353210906330052e-08 4.094551931473801e-08 3.904756182807035e-08 3.766043342701549e-08 3.649986345539256e-08 3.522866860303908e-08 3.352119218938480e-08 3.062704575510678e-08 2.759476233414670e-08 2.377236369821834e-08 1.911800800795736e-08 1.447833116375812e-08 9.420414872620796e-09 4.597063383506255e-09 1.221444096413757e-10 -3.851718814898913e-09 -7.272188868315596e-09 -1.013511457968087e-08 -1.247000893429709e-08 -1.432760010393116e-08 -1.576978830892865e-08 -1.687405282465049e-08 -1.772387738814879e-08 -1.841311681263291e-08 -1.903201682371998e-08 6.292171574924599e-07 6.720141368831826e-07 7.064058298108518e-07 7.326818236537363e-07 7.510345097853226e-07 7.618519909197131e-07 7.655546494343470e-07 7.625908483837191e-07 7.541739508501012e-07 7.406539680223660e-07 7.235151442920869e-07 7.041126352735552e-07 7.699702671514437e-07 6.385192075147027e-07 6.287531138905919e-07 6.197905807859141e-07 6.168353176443713e-07 6.215992284051337e-07 6.049750390161547e-07 5.880956422073482e-07 5.669115369207715e-07 5.418401903312205e-07 5.133872818742991e-07 4.819627856606223e-07 4.485146823801075e-07 4.139997383664600e-07 3.795965221936114e-07 3.466372211175626e-07 3.170670103945042e-07 2.923476191668543e-07 2.564288717705991e-08 3.177942175619724e-08 3.839889580687907e-08 4.544203530201298e-08 5.280912523701030e-08 6.030393297871575e-08 6.762349456454102e-08 7.426353858114688e-08 7.960427572253085e-08 8.291529477373261e-08 8.358068684617611e-08 8.131008581286134e-08 7.361369688959857e-08 6.645251538184897e-08 5.837276970376561e-08 5.130013915885225e-08 4.571370592369118e-08 4.107348032987212e-08 3.902422210231992e-08 3.844773687894705e-08 3.972930348056327e-08 4.265794433084898e-08 4.695050649574652e-08 5.228600213290448e-08 5.827061445906445e-08 6.438660843730355e-08 7.002159839343999e-08 7.436951438240326e-08 7.640220745900571e-08 7.459428089920688e-08
-3.511117328450514e-05 -5.138098610976483e-04 -1.459388457272474e-04 6.774203648053238e-08 6.217041336694148e-08 5.673696576797612e-08 5.163048487092704e-08 4.702357143073174e-08 4.305260418359282e-08 3.981183232717281e-08 3.731904502919810e-08 3.550998166119720e-08 3.421100204094542e-08 3.315845236448934e-08 3.203344190263403e-08 3.002431129960328e-08 2.800856411042585e-08 2.520245864212957e-08 2.138984178056213e-08 1.738855284214985e-08 1.262691161581014e-08 7.851962361373082e-09 3.215658316388297e-09 -1.041415186324441e-09 -4.801062549039148e-09 -8.015111331860152e-09 -1.068782207779468e-08 -1.285783047176776e-08 -1.458231384428065e-08 -1.593689972641445e-08 -1.700535835768943e-08 -1.788312821392611e-08 -1.866363037033900e-08 5.752160117192045e-07 6.156867861305557e-07 6.489349672521798e-07 6.747759677245354e-07 6.935652085171358e-07 7.054535613994795e-07 7.109692031301201e-07 7.110017951330364e-07 7.059982777558672e-07 6.971388701579810e-07 6.854051681283465e-07 6.719182847961794e-07 6.385192075147027e-07 7.159388145376573e-07 6.146516635991465e-07 6.101806353016877e-07 6.111229938323915e-07 6.185905384055624e-07 6.047905914755266e-07 5.896167578178119e-07 5.698861597831932e-07 5.461276973590955e-07 5.184769576488025e-07 4.877499020675792e-07 4.548101990334456e-07 4.205370727234971e-07 3.861898429481023e-07 3.533602828634695e-07 3.235371032099125e-07 2.986537596636711e-07 2.105020884168455e-08 2.618033554973528e-08 3.177930704197266e-08 3.781576730596574e-08 4.423170778287189e-08 5.090776112280703e-08 5.766529747151850e-08 6.418141041991223e-08 7.002676651286723e-08 7.460503723453474e-08 7.727920316314047e-08 7.752985676855036e-08 7.250667944504771e-08 6.752442345180576e-08 6.092806530672443e-08 5.454612528735363e-08 4.893993698456013e-08 4.368366317460446e-08 4.073220340515050e-08 3.908119438545038e-08 3.926217369615022e-08 4.112505218466749e-08 4.442190611116546e-08 4.885863273704572e-08 5.406917935894182e-08 5.956956481381647e-08 6.478205435843764e-08 6.893840095928764e-08 7.104848462703911e-08 6.963889727536569e-08
-3.574880122619185e-05 -5.197852187912538e-04 -1.486413713058945e-04 7.136808722466541e-08 6.559961041455702e-08 5.985522011086076e-08 5.432362376391813e-08 4.918256362502002e-08 4.458294628885766e-08 4.065092520015450e-08 3.746073932463262e-08 3.503162163834335e-08 3.329104670839428e-08 3.207204566492876e-08 3.111778057813092e-08 2.962400401124558e-08 2.837258435877551e-08 2.646957182139452e-08 2.351921089447518e-08 2.026138412676137e-08 1.592823209342151e-08 1.130476496240670e-08 6.549725754645752e-09 1.989195715428326e-09 -2.176520912825667e-09 -5.832750775139624e-09 -8.939507956814554e-09 -1.151188375707848e-08 -1.359769671394618e-08 -1.527037442680333e-08 -1.661553488935822e-08 -1.773251256775192e-08 -1.872034559761899e-08 5.416078352324322e-07 5.812165033041690e-07 6.140490381319950e-07 6.401923061726619e-07 6.596063420801418e-07 6.725216968566117e-07 6.798819355903684e-07 6.817314386465888e-07 6.793928882265410e-07 6.737671354937129e-07 6.658739447449442e-07 6.568902447640232e-07 6.287531138905918e-07 6.146516635991464e-07 7.086246250348390e-07 6.153889269050116e-07 6.203447948336062e-07 6.320148228121853e-07 6.207594536270251e-07 6.075297377264880e-07 5.892090144069340e-07 5.660622568918217e-07 5.386813852567927e-07 5.078621062019141e-07 4.745012003974887e-07 4.395290865040539e-07 4.044960806006663e-07 3.706372326067432e-07 3.398070528751357e-07 3.142339595770371e-07 1.765171945755835e-08 2.202644124969699e-08 2.685654566159313e-08 3.213069109336727e-08 3.781517431084798e-08 4.383027268986102e-08 5.006298568726931e-08 5.630328432141565e-08 6.227097070880217e-08 6.752920638751330e-08 7.153516862643634e-08 7.372090413894227e-08 7.105901178957428e-08 6.830581268374312e-08 6.352262003396551e-08 5.835362952450493e-08 5.328059384317213e-08 4.785261605789674e-08 4.432592317478214e-08 4.177208442689022e-08 4.092978908996804e-08 4.175563226956191e-08 4.407172227743906e-08 4.763121617760757e-08 5.210109215592322e-08 5.702423239703852e-08 6.184508338904046e-08 6.581508054730736e-08 6.795852850925098e-08 6.681654697924353e-08
-3.663921931606079e-05 -5.292825590617872e-04 -1.523978798760797e-04 7.558626055177604e-08 6.967120615346184e-08 6.367566903495054e-08 5.778783726165423e-08 5.218786044446520e-08 4.703287172258155e-08 4.246398262801693e-08 3.858542119430412e-08 3.546937857598780e-08 3.312087230210323e-08 3.146755587935015e-08 3.034402664429126e-08 2.901622239613879e-08 2.824035098866406e-08 2.707449945110499e-08 2.498161316663960e-08 2.259162121458432e-08 1.891428937177817e-08 1.468976617994235e-08 1.002609174788624e-08 5.300369703048646e-09 7.912247074202142e-10 -3.303807921320347e-09 -6.877255579570619e-09 -9.900722439430462e-09 -1.240013149049024e-08 -1.444071578817869e-08 -1.610804694226528e-08 -1.750521025714309e-08 -1.873732753126122e-08 5.135075317685934e-07 5.523197378618956e-07 5.850017292997320e-07 6.112641841996191e-07 6.312330458203981e-07 6.454315883930782e-07 6.538719264519874e-07 6.574808592482688e-07 6.571945336172923e-07 6.539578519980709e-07 6.490199910580143e-07 6.435558856557437e-07 6.197905807859141e-07 6.101806353016877e-07 6.153889269050116e-07 7.127708873577658e-07 6.305318561163922e-07 6.466309283656947e-07 6.388177164432101e-07 6.283730895372922e-07 6.116912365873667e-07 5.895179236684577e-07 5.625088626648392e-07 5.315427279370859e-07 4.976128827330790e-07 4.620243460039411e-07 4.259104829355812e-07 3.908649181088904e-07 3.591211033196635e-07 3.324570791963753e-07 1.475415470554270e-08 1.847190075786453e-08 2.262443010048780e-08 2.721654089774211e-08 3.223308173398485e-08 3.761966028550262e-08 4.329900127760042e-08 4.912629177894450e-08 5.492082035079324e-08 6.038448881017830e-08 6.511333351490098e-08 6.861398804040498e-08 6.791466907980562e-08 6.725061736177181e-08 6.450839090558866e-08 6.102356818608631e-08 5.711911088516804e-08 5.216057988860057e-08 4.858877816272302e-08 4.548936331146304e-08 4.381111751295838e-08 4.364983245706109e-08 4.494137805155721e-08 4.752783914700832e-08 5.113954949704765e-08 5.536292285852094e-08 5.967212598795814e-08 6.334050044916941e-08 6.540745075921043e-08 6.442709257080275e-08
-3.808412134792668e-05 -5.465655660854896e-04 -1.584648015928265e-04 8.102258161071287e-08 7.494948401618352e-08 6.869743142509604e-08 6.245566569429295e-08 5.640781578877222e-08 5.071591646560665e-08 4.552961681070180e-08 4.096821282239396e-08 3.713332671460778e-08 3.407947335488259e-08 3.180715598654170e-08 3.024013031316310e-08 2.873592299895695e-08 2.809652489136368e-08 2.738747370778706e-08 2.599645519656875e-08 2.445760288784205e-08 2.156272598409407e-08 1.794243520586388e-08 1.358813459156765e-08 8.869142598434259e-09 4.112958862821745e-09 -3.998977038028652e-10 -4.475082806038010e-09 -8.015883955031509e-09 -1.100605930869593e-08 -1.349041632623723e-08 -1.554936280932885e-08 -1.728888018613796e-08 -1.882124268554482e-08 4.939921118441363e-07 5.324879233404437e-07 5.651912657079870e-07 5.918107012174162e-07 6.128033323404045e-07 6.278072612621096e-07 6.376163780672927e-07 6.427259155531098e-07 6.440760600632876e-07 6.427733824339683e-07 6.400622821707773e-07 6.372830918644653e-07 6.168353176443714e-07 6.111229938323915e-07 6.203447948336062e-07 6.305318561163923e-07 7.396197040954578e-07 6.670773156785573e-07 6.636364370117412e-07 6.564738574188778e-07 6.421102548852540e-07 6.212257973443339e-07 5.945824576551914e-07 5.632551029139164e-07 5.286928196693685e-07 4.918052724118267e-07 4.541873383830427e-07 4.177852184927793e-07 3.843672700144563e-07 3.564893086883606e-07 1.235878371865529e-08 1.552990878516067e-08 1.911424692653058e-08 2.312891163988819e-08 2.757397465737379e-08 3.241473739168929e-08 3.759617134751092e-08 4.300979513664923e-08 4.853064238685448e-08 5.395377485168315e-08 5.899725556268708e-08 6.328584442517150e-08 6.404317874162276e-08 6.510227176216846e-08 6.429887390271295e-08 6.269807568149855e-08 6.038703997823638e-08 5.648360831508008e-08 5.345789337466857e-08 5.030691846820077e-08 4.813648488044824e-08 4.717267710161226e-08 4.748857978165194e-08 4.905728030988687e-08 5.171564388707317e-08 5.512480018073595e-08 5.880524637231000e-08 6.205569276455321e-08 6.392657839851102e-08 6.297352417949091e-08
-4.020632179729371e-05 -5.732346157602956e-04 -1.673558323546616e-04 8.797638092937268e-08 8.171189900339197e-08 7.517132512368160e-08 6.854687779051053e-08 6.202768285801909e-08 5.578203258628652e-08 4.996750751957943e-08 4.471270359570895e-08 4.013545430328413e-08 3.631800326775294e-08 3.330805442952448e-08 3.109880581248298e-08 2.912717777655158e-08 2.829666281593060e-08 2.771442808137828e-08 2.676354605474949e-08 2.593396704952488e-08 2.383630749450105e-08 2.096390492991493e-08 1.713574873708707e-08 1.264082684946641e-08 7.798550435680444e-09 2.945915911280097e-09 -1.631915839901252e-09 -5.747303155117321e-09 -9.315099265711535e-09 -1.233851260825985e-08 -1.488065825794976e-08 -1.704580304294962e-08 -1.895330392230176e-08 4.828975274951536e-07 5.216074807829887e-07 5.545814278944416e-07 5.822490076976984e-07 6.039500436327482e-07 6.201777875137908e-07 6.313495869000348e-07 6.378308955174450e-07 6.406992116836638e-07 6.410183924035321e-07 6.401238695828717e-07 6.394316121027900e-07 6.215992284051337e-07 6.185905384055624e-07 6.320148228121853e-07 6.466309283656947e-07 6.670773156785573e-07 7.936991191142061e-07 6.961404903458341e-07 6.932493040709516e-07 6.819828000329002e-07 6.628910447448318e-07 6.367915890142293e-07 6.052790229416555e-07 5.695009931720688e-07 5.309011639059446e-07 4.915101217144360e-07 4.528496762480985e-07 4.174892665236515e-07 3.878996492500983e-07 1.035738729437546e-08 1.307401857839653e-08 1.618427165561433e-08 1.971397401212351e-08 2.367527731948738e-08 2.805007240047154e-08 3.280090206264474e-08 3.784283452771440e-08 4.308076035086523e-08 4.836309512046409e-08 5.349094132184639e-08 5.819670138120852e-08 5.995301926565601e-08 6.230116557892161e-08 6.314976419116072e-08 6.337510042713909e-08 6.288134847337132e-08 6.047860146920882e-08 5.858446266919329e-08 5.597654604137358e-08 5.381790899667620e-08 5.240227345294207e-08 5.192040386993009e-08 5.249799403384783e-08 5.412480153332691e-08 5.658535395497183e-08 5.948313830045959e-08 6.215959615888412e-08 6.367811099384218e-08 6.258476569845218e-08
-4.111419725380153e-05 -5.823143159429898e-04 -1.711974333435719e-04 9.219713793431376e-08 8.600823009659894e-08 7.945883131533106e-08 7.273708092680594e-08 6.603079399036034e-08 5.950858395222376e-08 5.333023116493054e-08 4.762697237881119e-08 4.252219814671438e-08 3.810891337852357e-08 3.445827129914360e-08 3.160701519756623e-08 2.906147536914093e-08 2.781719942053799e-08 2.706573162240564e-08 2.626713307050209e-08 2.591291920639803e-08 2.456450609253746e-08 2.257709368464848e-08 1.959109879944966e-08 1.574200279785606e-08 1.125530909939073e-08 6.451980836806893e-09 1.668062235519547e-09 -2.823144477897935e-09 -6.849829704100509e-09 -1.034750183867717e-08 -1.333878608628548e-08 -1.590986912456798e-08 -1.817753106089922e-08 4.575950583821321e-07 4.949334178469730e-07 5.276333167244730e-07 5.546628741555745e-07 5.766126886384484e-07 5.934003162952691e-07 6.053048730294335e-07 6.128934225176937e-07 6.170173881925514e-07 6.187495593140656e-07 6.194002210734188e-07 6.206499861922404e-07 6.049750390161548e-07 6.047905914755266e-07 6.207594536270251e-07 6.388177164432100e-07 6.636364370117412e-07 6.961404903458341e-07 8.010867946465540e-07 7.051351876995972e-07 6.982356874907116e-07 6.824518037860636e-07 6.588301795789601e-07 6.284608156872549e-07 5.930359957132106e-07 5.544770538832566e-07 5.143504160487139e-07 4.749675168101318e-07 4.387801764550259e-07 4.084349948612046e-07 8.242896822326922e-09 1.046842341680125e-08 1.305400490557082e-08 1.603003906118765e-08 1.941654838907704e-08 2.320935272217599e-08 2.738735842427734e-08 3.188781750652996e-08 3.663795616940191e-08 4.152109617508570e-08 4.639276279836510e-08 5.106882435355076e-08 5.336864130721438e-08 5.645858028070566e-08 5.849487153558236e-08 6.023085566982613e-08 6.148102142145414e-08 6.088346236586808e-08 6.060417293058150e-08 5.922724354495829e-08 5.778189312116617e-08 5.651208401205039e-08 5.563776105739399e-08 5.539918911250757e-08 5.595577141074830e-08 5.727160294452877e-08 5.910396675783944e-08 6.090492258317564e-08 6.181136996195977e-08 6.042424712976896e-08
-4.203601982241310e-05 -5.914364077284680e-04 -1.751003581495588e-04 9.622447622050128e-08 9.018030181050892e-08 8.369674128874281e-08 7.695718510165755e-08 7.014744134141476e-08 6.343586026136203e-08 5.698412265676796e-08 5.092554431406098e-08 4.538687212355287e-08 4.046505293825926e-08 3.624040856320858e-08 3.277028146339736e-08 2.959260557194231e-08 2.779528078697004e-08 2.663490268831912e-08 2.567378136995367e-08 2.545885042966888e-08 2.458940926849544e-08 2.334569585770103e-08 2.122928084306012e-08 1.820424380800559e-08 1.434275845454866e-08 9.874939159992177e-09 5.125253624785485e-09 4.205073737121060e-10 -3.981965251168541e-09 -7.931146692311511e-09 -1.138471017580689e-08 -1.439043769341683e-08 -1.705009420700761e-08 4.337544456832619e-07 4.702780576281764e-07 5.017742648558435e-07 5.286207829838633e-07 5.505218834627759e-07 5.676010471363440e-07 5.801830767602883e-07 5.886284413685703e-07 5.938640075579593e-07 5.968055629367055e-07 5.989910400258603e-07 6.013105643514753e-07 5.880956422073482e-07 5.896167578178118e-07 6.075297377264880e-07 6.283730895372922e-07 6.564738574188778e-07 6.932493040709516e-07 7.051351876995971e-07 8.102996702045435e-07 7.107091152549200e-07 6.993712099432238e-07 6.788201145613903e-07 6.504392854227273e-07 6.162786219755860e-07 5.777949754476185e-07 5.374605288432359e-07 4.974903418300460e-07 4.605412591952066e-07 4.295068682245365e-07 6.383640414533001e-09 8.178703301212870e-09 1.030130420165853e-08 1.278383986194037e-08 1.565086480633658e-08 1.890804034762293e-08 2.254719558347128e-08 2.652480056345920e-08 3.078638081312565e-08 3.523921195885505e-08 3.977020735570694e-08 4.424438204081854e-08 4.679502483617848e-08 5.022576824986392e-08 5.297652913155995e-08 5.575029347828246e-08 5.837330580402129e-08 5.944633403941616e-08 6.089551685265399e-08 6.111784538997590e-08 6.094822335788313e-08 6.045391883372831e-08 5.976478392596513e-08 5.913553623148445e-08 5.884772340044400e-08 5.905515774148437e-08 5.971868732715771e-08 6.046084932861638e-08 6.054143298902401e-08 5.864803693340258e-08
-4.268249232117945e-05 -5.965625135246771e-04 -1.778591050905219e-04 9.929606335123334e-08 9.350924005998225e-08 8.721074580938071e-08 8.057763452499330e-08 7.379213705411726e-08 6.702090573660190e-08 6.042634074750401e-08 5.414302711937488e-08 4.830019667338679e-08 4.299625727354027e-08 3.831402860819868e-08 3.431734576865996e-08 3.054608655295920e-08 2.816834164647882e-08 2.647341047744466e-08 2.511912052307800e-08 2.473374103952078e-08 2.401811746709504e-08 2.325380797839436e-08 2.188221404674247e-08 1.972771022076624e-08 1.669263694220187e-08 1.285600343784146e-08 8.454621989857329e-09 3.805711021087326e-09 -7.806158212930017e-10 -5.068463178260323e-09 -8.932393334598133e-09 -1.235763581444016e-08 -1.541077746462473e-08 4.090678051520398e-07 4.438153981849281e-07 4.743989430720680e-07 5.004973953418166e-07 5.221404711568791e-07 5.392279132264040e-07 5.521895186763135e-07 5.613209281862865e-07 5.673904897841884e-07 5.716136742442341e-07 5.745587167450799e-07 5.784555241465492e-07 5.669115369207715e-07 5.698861597831932e-07 5.892090144069340e-07 6.116912365873667e-07 6.421102548852540e-07 6.819828000329002e-07 6.982356874907116e-07 7.107091152549200e-07 8.102940893119746e-07 7.077244257195420e-07 6.912808072223691e-07 6.662717172710867e-07 6.340086841428328e-07 5.967260287149910e-07 5.568091494959056e-07 5.167372074197033e-07 4.794395065944859e-07 4.482181397274075e-07 4.720312937140198e-09 6.130830027784242e-09 7.835878509162472e-09 9.868347887442988e-09 1.225486689702477e-08 1.500749013624548e-08 1.812723886433881e-08 2.158651907513524e-08 2.534710301510041e-08 2.933680085557530e-08 3.346461971596663e-08 3.762429679637722e-08 4.023240169521156e-08 4.371441242278351e-08 4.678688199755972e-08 5.012562155220359e-08 5.363358289611472e-08 5.601267132604822e-08 5.898422608165439e-08 6.089260113892446e-08 6.232693944419447e-08 6.315469894426664e-08 6.328776332728676e-08 6.286194393850654e-08 6.216644759370475e-08 6.148932354981386e-08 6.100626327366573e-08 6.056607385568708e-08 5.962053184800417e-08 5.700393705749619e-08
-4.301009035982062e-05 -5.971743534610750e-04 -1.792908916325975e-04 1.011567460536441e-07 9.575192060684066e-08 8.976781026796624e-08 8.337370123183477e-08 7.674706294110790e-08 7.005187567801236e-08 6.345041951095389e-08 5.707799307916323e-08 5.106606252102212e-08 4.551410378949808e-08 4.050563085785271e-08 3.610480013626042e-08 3.183435240456120e-08 2.893160582822477e-08 2.668445741917722e-08 2.481765318694122e-08 2.404056204501348e-08 2.317359612536466e-08 2.256229452750356e-08 2.167191499734142e-08 2.025962748238488e-08 1.809182770075221e-08 1.508128775352706e-08 1.131817860232290e-08 7.036069546337023e-09 2.536459316007212e-09 -1.891821263730680e-09 -6.042158644302354e-09 -9.819966383328265e-09 -1.323375317281323e-08 3.830731074884024e-07 4.161974123507086e-07 4.454764217772759e-07 4.706090406576027e-07 4.915870901470540e-07 5.085378102824527e-07 5.215562995607872e-07 5.310924286131686e-07 5.380755031467396e-07 5.427172647461934e-07 5.470381330804882e-07 5.516963953113985e-07 5.418401903312206e-07 5.461276973590954e-07 5.660622568918217e-07 5.895179236684577e-07 6.212257973443339e-07 6.628910447448318e-07 6.824518037860636e-07 6.993712099432238e-07 7.077244257195420e-07 7.997352065293681e-07 6.950446210056282e-07 6.740192546392306e-07 6.450191269348213e-07 6.099246517582634e-07 5.712472155891902e-07 5.317452985297107e-07 4.948207503280023e-07 4.637463838443199e-07 3.255102168287541e-09 4.327983503455816e-09 5.662305326041328e-09 7.290551939927648e-09 9.240127519476584e-09 1.152710324601130e-08 1.415844363506835e-08 1.711865459440844e-08 2.038285218718939e-08 2.389725473831813e-08 2.758972797879135e-08 3.137426693156141e-08 3.392268831876157e-08 3.727835351194458e-08 4.039975433370779e-08 4.392384818096422e-08 4.784542078743696e-08 5.105538155703172e-08 5.512063174161776e-08 5.847473639412926e-08 6.153415097889813e-08 6.396239497271171e-08 6.544199331016275e-08 6.585696053729221e-08 6.535848547075266e-08 6.424299287792089e-08 6.284063631296843e-08 6.123872617314724e-08 5.914136892199663e-08 5.560350866423211e-08
-4.298191079274754e-05 -5.928601414750625e-04 -1.792402566708095e-04 1.015736647063587e-07 9.668664895008679e-08 9.115508588885785e-08 8.513914769491520e-08 7.881070711411854e-08 7.233063717671868e-08 6.586080643206074e-08 5.953707077668746e-08 5.349311708570139e-08 4.782966632973093e-08 4.263117778206283e-08 3.796069509755008e-08 3.331508212002832e-08 2.999353174565516e-08 2.725808046192401e-08 2.486690668403181e-08 2.359412670562620e-08 2.235834842162955e-08 2.159998273954186e-08 2.086854406616149e-08 1.993497843572532e-08 1.850250508326038e-08 1.635238126815577e-08 1.341399419400015e-08 9.780794215113113e-09 5.674519248143410e-09 1.377668447248838e-09 -2.853031961470349e-09 -6.845637401770914e-09 -1.053478777759188e-08 3.564545331375259e-07 3.876109797092513e-07 4.152322432930327e-07 4.391647311756802e-07 4.593305247096552e-07 4.757071538193319e-07 4.886485284068358e-07 4.985429426731982e-07 5.055533308315270e-07 5.112707258713628e-07 5.160818556176186e-07 5.214919201686605e-07 5.133872818742992e-07 5.184769576488026e-07 5.386813852567928e-07 5.625088626648392e-07 5.945824576551914e-07 6.367915890142293e-07 6.588301795789602e-07 6.788201145613904e-07 6.912808072223692e-07 6.950446210056282e-07 7.782543319999859e-07 6.726840072719245e-07 6.479031006679185e-07 6.160280159733381e-07 5.796026979892734e-07 5.417225664033028e-07 5.057553029980559e-07 4.753828628178785e-07 1.988106116517492e-09 2.770709922284430e-09 3.781732099555812e-09 5.052723497070562e-09 6.611309742026724e-09 8.476334452126780e-09 1.065845224297820e-08 1.315085283299868e-08 1.593856438896381e-08 1.898303350663681e-08 2.222906113902976e-08 2.560801483617567e-08 2.802429012670022e-08 3.115334877377154e-08 3.415706245446822e-08 3.760930415675312e-08 4.157575980440822e-08 4.516267079932150e-08 4.981052096687975e-08 5.415906171602791e-08 5.854252550045833e-08 6.253218753127559e-08 6.559559999652207e-08 6.735813544399482e-08 6.769370838102357e-08 6.675052925825815e-08 6.487848679788298e-08 6.234062376192896e-08 5.910825448918021e-08 5.452152421586777e-08
-4.259298623726234e-05 -5.836574368597021e-04 -1.776847222750492e-04 1.003798861010064e-07 9.615827054579850e-08 9.122565104567240e-08 8.573184515932924e-08 7.984268907875227e-08 7.371614578044121e-08 6.751415469270259e-08 6.137370219304248e-08 5.543119351969819e-08 4.978907404384769e-08 4.453365772418008e-08 3.972744118962188e-08 3.483988578513503e-08 3.122712532032159e-08 2.811385670200542e-08 2.526510288357920e-08 2.350019075563337e-08 2.179362941949183e-08 2.067982475286371e-08 1.981441279794859e-08 1.904229222290269e-08 1.808263536089940e-08 1.665735890743328e-08 1.456953459360876e-08 1.176022228973765e-08 8.318449451897550e-09 4.452836580770734e-09 4.138528901657126e-10 -3.579307928915619e-09 -7.390672240452702e-09 3.294782939478489e-07 3.584955370207832e-07 3.842900955566830e-07 4.067644858074193e-07 4.258562688214288e-07 4.415360013724579e-07 4.542663391249572e-07 4.637583337011437e-07 4.713710656825264e-07 4.772695105834105e-07 4.825903711548807e-07 4.886968813361086e-07 4.819627856606223e-07 4.877499020675792e-07 5.078621062019142e-07 5.315427279370859e-07 5.632551029139164e-07 6.052790229416555e-07 6.284608156872549e-07 6.504392854227273e-07 6.662717172710867e-07 6.740192546392306e-07 6.726840072719245e-07 7.464718680353857e-07 6.419190601750035e-07 6.142199475280407e-07 5.812762922592553e-07 5.459022235674458e-07 5.117433366029486e-07 4.826779175765883e-07 9.167189067372017e-10 1.456235326088786e-09 2.191547918524114e-09 3.152900597904828e-09 4.367999757333844e-09 5.857978805420942e-09 7.635993187235044e-09 9.701489815649575e-09 1.204617355665863e-08 1.464312310697944e-08 1.745095739536982e-08 2.041661345061158e-08 2.265546705082213e-08 2.550523780681188e-08 2.829942145706305e-08 3.153042822344275e-08 3.530169580580464e-08 3.891612688669234e-08 4.368558912255871e-08 4.851200580458804e-08 5.372730557622700e-08 5.892387447964643e-08 6.348396982398117e-08 6.679938328584329e-08 6.846137539157510e-08 6.832389751770379e-08 6.659006612762340e-08 6.355887938402298e-08 5.940605129147337e-08 5.377473599482532e-08
-4.186155287876853e-05 -5.699189287063755e-04 -1.746986072483986e-04 9.749672144973589e-08 9.409480316374973e-08 8.991062967710585e-08 8.508256727279493e-08 7.977034377264047e-08 7.412975960123080e-08 6.832401316386291e-08 6.249253839940456e-08 5.677561505357725e-08 5.127827624644974e-08 4.608985964425846e-08 4.127339567513043e-08 3.627357544354588e-08 3.249828944441650e-08 2.913415961978113e-08 2.593741182015439e-08 2.375813784426558e-08 2.158340330963236e-08 2.002147521633305e-08 1.882170506682519e-08 1.792723998216097e-08 1.713042186167226e-08 1.617113036673976e-08 1.479605516555652e-08 1.282818690098584e-08 1.021379497844268e-08 7.038415184729393e-09 3.483224587453057e-09 -2.386390668315436e-10 -3.949634206211036e-09 3.026865434059230e-07 3.293978615838676e-07 3.532905195329854e-07 3.741160145363315e-07 3.919167576198125e-07 4.069431229419983e-07 4.187037258446050e-07 4.283169558104603e-07 4.357623605335793e-07 4.417774710929215e-07 4.475885478771255e-07 4.539507624028649e-07 4.485146823801075e-07 4.548101990334455e-07 4.745012003974888e-07 4.976128827330790e-07 5.286928196693685e-07 5.695009931720689e-07 5.930359957132106e-07 6.162786219755860e-07 6.340086841428328e-07 6.450191269348213e-07 6.479031006679185e-07 6.419190601750034e-07 7.060166579872847e-07 6.044280277347068e-07 5.757766573174721e-07 5.439092847553126e-07 5.124388761998103e-07 4.854983307609595e-07 3.286709715345078e-11 3.748966655781863e-10 8.809882196768199e-10 1.579777746084239e-09 2.499082336549964e-09 3.662241570022667e-09 5.084450441310711e-09 6.769826658092758e-09 8.714586179764882e-09 1.089989245491175e-08 1.329455217221993e-08 1.585837059071002e-08 1.789410366917805e-08 2.044082101554782e-08 2.297903792410507e-08 2.591404069278245e-08 2.935961748305376e-08 3.277826168419715e-08 3.733377162984200e-08 4.218598217113714e-08 4.770112412571806e-08 5.357896768727835e-08 5.924159111097552e-08 6.398870309771989e-08 6.716037834431659e-08 6.830947805315179e-08 6.733782355210371e-08 6.440742877148125e-08 5.975602589407261e-08 5.326867669022534e-08
-4.082323663350947e-05 -5.522228531492597e-04 -1.704289449101999e-04 9.292265780206188e-08 9.049737243997790e-08 8.721030324344036e-08 8.318744634717194e-08 7.858269369436985e-08 7.355089105693563e-08 6.825825600108927e-08 6.284861870128388e-08 5.746792315972769e-08 5.222514332763310e-08 4.721411914771171e-08 4.249960357316589e-08 3.750641408556364e-08 3.368698035547028e-08 3.019566953571381e-08 2.677358720252858e-08 2.429402702318101e-08 2.172473911587915e-08 1.972326509034724e-08 1.810203212716040e-08 1.689440777246200e-08 1.598764944867087e-08 1.519490866631087e-08 1.428035047032936e-08 1.301625788649477e-08 1.124008296240935e-08 8.906118053680394e-09 6.081561347524818e-09 2.915111401829505e-09 -4.238560336285377e-10 2.765286168111764e-07 3.009718539079765e-07 3.227784419503160e-07 3.419141080140289e-07 3.585411979327645e-07 3.720633839838849e-07 3.835607938492769e-07 3.925334707668073e-07 3.996919530306316e-07 4.059535897378422e-07 4.117381441145664e-07 4.182698461721015e-07 4.139997383664600e-07 4.205370727234971e-07 4.395290865040539e-07 4.620243460039411e-07 4.918052724118267e-07 5.309011639059447e-07 5.544770538832566e-07 5.777949754476185e-07 5.967260287149910e-07 6.099246517582634e-07 6.160280159733381e-07 6.142199475280407e-07 6.044280277347068e-07 6.595469548050746e-07 5.631921884917120e-07 5.356412904380624e-07 5.078119489817677e-07 4.837788329257220e-07 -6.771080251144963e-10 -4.901668787310762e-10 -1.694330298732130e-10 3.118806583877183e-10 9.817995620281960e-10 1.865998574669294e-09 2.981419445352898e-09 4.336116806389742e-09 5.929301376213746e-09 7.747578849526920e-09 9.766557133195900e-09 1.195556782016882e-08 1.377903082485913e-08 1.601892752523164e-08 1.828187605998350e-08 2.089074716532079e-08 2.395426348186166e-08 2.705878407646143e-08 3.120211383633465e-08 3.576106979343634e-08 4.112981734688040e-08 4.714690171196735e-08 5.336496871613442e-08 5.912516580430758e-08 6.366562016771102e-08 6.627230754423696e-08 6.653218637153168e-08 6.430930268280135e-08 5.972521424269463e-08 5.276448213794709e-08
-3.956227093388086e-05 -5.317847393763585e-04 -1.652260020554726e-04 8.682615615354301e-08 8.552750603562592e-08 8.327587564053193e-08 8.018429705789250e-08 7.640152762836165e-08 7.208312498000842e-08 6.740060789770317e-08 6.250466082941989e-08 5.754923935026976e-08 5.264909790058476e-08 4.790445422938048e-08 4.338314326131589e-08 3.849575014090250e-08 3.473109311885834e-08 3.121928875993042e-08 2.768543995779942e-08 2.502380965083819e-08 2.216479607155091e-08 1.979629615512053e-08 1.776148926849625e-08 1.615851629739402e-08 1.496028250976913e-08 1.407407701209800e-08 1.333351433981282e-08 1.253000331984449e-08 1.145613576064297e-08 9.967604277019498e-09 8.011677019420383e-09 5.632413067551584e-09 2.938129341934117e-09 2.517651695615944e-07 2.738644552639625e-07 2.936694512908296e-07 3.112555642027251e-07 3.260340934951510e-07 3.388485133445909e-07 3.492488491418202e-07 3.576287576344475e-07 3.646690932863000e-07 3.706132834180594e-07 3.764359096042410e-07 3.829274771304573e-07 3.795965221936114e-07 3.861898429481022e-07 4.044960806006663e-07 4.259104829355812e-07 4.541873383830427e-07 4.915101217144360e-07 5.143504160487141e-07 5.374605288432360e-07 5.568091494959056e-07 5.712472155891902e-07 5.796026979892734e-07 5.812762922592553e-07 5.757766573174721e-07 5.631921884917120e-07 6.107569680944399e-07 5.219378286606405e-07 4.984453114009221e-07 4.779769051069671e-07 -1.232267822505634e-09 -1.162519218281594e-09 -9.871388641761589e-10 -6.812755754920722e-10 -2.164987456172031e-10 4.352419090644112e-10 1.292664864612605e-09 2.367091330509689e-09 3.659884361739020e-09 5.161271598509437e-09 6.850907776020160e-09 8.704638950623351e-09 1.032187755004602e-08 1.226837179356842e-08 1.425672763223550e-08 1.653737076695369e-08 1.920817862116686e-08 2.195240977495823e-08 2.559774032133986e-08 2.968690690725774e-08 3.461339817090978e-08 4.033744834849532e-08 4.657274114482073e-08 5.279633030738919e-08 5.828358005187251e-08 6.220584668375034e-08 6.386534520237973e-08 6.280650063055244e-08 5.886625376559296e-08 5.194736609816540e-08
-3.820067426521161e-05 -5.102925123381274e-04 -1.595984444473784e-04 7.952950661785523e-08 7.949125983607302e-08 7.839435586914590e-08 7.633868762937615e-08 7.346902588853636e-08 6.994371998667485e-08 6.594227910349156e-08 6.162505486091502e-08 5.715674620405481e-08 5.266007024488104e-08 4.824382435126557e-08 4.398049937603343e-08 3.927162725295063e-08 3.563560469051417e-08 3.218543968979578e-08 2.863141511776051e-08 2.588958981641832e-08 2.284490306068811e-08 2.020557571428692e-08 1.782139040645463e-08 1.582804317331786e-08 1.425884809813171e-08 1.310683928148818e-08 1.229429388673702e-08 1.168021668836441e-08 1.107729841301950e-08 1.030205527172367e-08 9.212844728254608e-09 7.744773066334473e-09 5.909979729678161e-09 2.290557704533911e-07 2.489556469591255e-07 2.670055934424727e-07 2.824969913661710e-07 2.962544865858291e-07 3.076944118658411e-07 3.171299532245176e-07 3.250412105498864e-07 3.315510381485804e-07 3.372862744911116e-07 3.429113895566251e-07 3.492872038565530e-07 3.466372211175626e-07 3.533602828634695e-07 3.706372326067432e-07 3.908649181088904e-07 4.177852184927794e-07 4.528496762480985e-07 4.749675168101318e-07 4.974903418300460e-07 5.167372074197033e-07 5.317452985297107e-07 5.417225664033028e-07 5.459022235674458e-07 5.439092847553126e-07 5.356412904380624e-07 5.219378286606405e-07 5.643594005371178e-07 4.855226739258960e-07 4.691237125869238e-07 -1.657122476664216e-09 -1.672441934841052e-09 -1.607604973089502e-09 -1.439587401028634e-09 -1.139400469813594e-09 -6.763421144220896e-10 -3.011276311532670e-11 8.134412885629205e-10 1.857237777125174e-09 3.093769868258509e-09 4.504847520287638e-09 6.070467103858415e-09 7.499480392431652e-09 9.179667566612840e-09 1.090998969388127e-08 1.287942276313603e-08 1.517417625820676e-08 1.755523613038061e-08 2.069090407261509e-08 2.424594344452874e-08 2.858447631762191e-08 3.374776465996761e-08 3.959078371310034e-08 4.575788468603833e-08 5.165937899702848e-08 5.649387508002688e-08 5.942675252244079e-08 5.970593956877701e-08 5.684891118523395e-08 5.050092087756208e-08
-3.693085104075307e-05 -4.903251132239634e-04 -1.543498778746804e-04 7.158815280474974e-08 7.291687484712634e-08 7.306408213719361e-08 7.211693456161687e-08 7.021792792642854e-08 6.753073235784165e-08 6.424596505434775e-08 6.053676677137117e-08 5.658164521692178e-08 5.251372495921255e-08 4.845281664391503e-08 4.447783860589953e-08 3.998403588440866e-08 3.651835378454409e-08 3.317990385265096e-08 2.966493353464990e-08 2.691531498972905e-08 2.376495681149310e-08 2.094096322250372e-08 1.828544343376692e-08 1.595206412552832e-08 1.400833711394399e-08 1.251006421304914e-08 1.146028655005315e-08 1.080338176181635e-08 1.041643994819837e-08 1.013593425770713e-08 9.785465841180498e-09 9.219664317567882e-09 8.352033348688438e-09 2.092577842000278e-07 2.274612219738071e-07 2.432979597647889e-07 2.576344402097000e-07 2.698388711633155e-07 2.800795332063239e-07 2.888455520358986e-07 2.959583710719601e-07 3.020165928076097e-07 3.074581397332192e-07 3.128590478666363e-07 3.188956279122180e-07 3.170670103945042e-07 3.235371032099125e-07 3.398070528751357e-07 3.591211033196636e-07 3.843672700144564e-07 4.174892665236515e-07 4.387801764550260e-07 4.605412591952067e-07 4.794395065944859e-07 4.948207503280024e-07 5.057553029980559e-07 5.117433366029486e-07 5.124388761998103e-07 5.078119489817677e-07 4.984453114009221e-07 4.855226739258960e-07 5.260482487916015e-07 4.594212240126572e-07 -1.982392724782458e-09 -2.057272696937530e-09 -2.074257967775784e-09 -2.012002762983029e-09 -1.840521063553892e-09 -1.526331567693863e-09 -1.047625688128387e-09 -3.878075048536824e-10 4.570191479475373e-10 1.480632321973167e-09 2.665597460494820e-09 3.994447198556492e-09 5.262319383173290e-09 6.713850384338574e-09 8.215992842586747e-09 9.906629456194063e-09 1.186109979331601e-08 1.390305181021346e-08 1.656231802629953e-08 1.959357978927670e-08 2.331534062841300e-08 2.780975470532235e-08 3.303006533284936e-08 3.876823350771947e-08 4.460277043773209e-08 4.985910027429422e-08 5.370472516500915e-08 5.522921581529387e-08 5.363986459056791e-08 4.827197885629305e-08
-3.600565339183338e-05 -4.751959099788585e-04 -1.505378234687401e-04 6.367152338062112e-08 6.645630106378383e-08 6.791468981040086e-08 6.812214102949491e-08 6.722129840813433e-08 6.538435654751830e-08 6.281687838235225e-08 5.970849312718033e-08 5.625520396982778e-08 5.260342719519617e-08 4.888679460944388e-08 4.519268986818586e-08 4.090843105036396e-08 3.761900549133298e-08 3.440620484473809e-08 3.095101020329990e-08 2.823039817384356e-08 2.501690330338813e-08 2.206267675124635e-08 1.919451803336044e-08 1.657434404244581e-08 1.428524857073118e-08 1.242249091936764e-08 1.104916672393291e-08 1.018843707169288e-08 9.798174584772204e-09 9.774925324751210e-09 9.960471259782475e-09 1.017721760043144e-08 1.026593819465253e-08 1.936659094403766e-07 2.097761725073515e-07 2.245805846528454e-07 2.373154234989663e-07 2.482565595104561e-07 2.577228578414298e-07 2.655313118105997e-07 2.720823254987913e-07 2.776848413687339e-07 2.827805250972894e-07 2.878725950685832e-07 2.938636619964173e-07 2.923476191668543e-07 2.986537596636711e-07 3.142339595770371e-07 3.324570791963753e-07 3.564893086883607e-07 3.878996492500984e-07 4.084349948612047e-07 4.295068682245365e-07 4.482181397274075e-07 4.637463838443199e-07 4.753828628178785e-07 4.826779175765883e-07 4.854983307609596e-07 4.837788329257220e-07 4.779769051069671e-07 4.691237125869238e-07 4.594212240126572e-07 5.025766826019077e-07 -2.245105773289265e-09 -2.361129101090128e-09 -2.438165562111252e-09 -2.456053548198555e-09 -2.383447767100741e-09 -2.183725002504964e-09 -1.833551570053094e-09 -1.314271177702828e-09 -6.214602377591664e-10 2.390825027796216e-10 1.249573826536775e-09 2.393924528615203e-09 3.533904398503460e-09 4.800856347331378e-09 6.114043405514371e-09 7.569416136864957e-09 9.232462964996430e-09 1.097654099824088e-08 1.321745389233870e-08 1.577739433401748e-08 1.892646252527871e-08 2.276061564872196e-08 2.728960564589179e-08 3.241044152887403e-08 3.785220367155696e-08 4.310293052536263e-08 4.743149830223748e-08 4.990081082108606e-08 4.952817997339214e-08 4.532750137772005e-08
2.375402192493256e-07 1.164002027432676e-05 9.481351595053466e-05 6.364741661873954e-09 8.572027723320616e-09 9.390098299326519e-09 8.940564482524260e-09 7.583058274957897e-09 5.765252763322941e-09 3.888616922813512e-09 2.226218885534443e-09 9.082315285151480e-10 -4.910891810161440e-11 -6.949654292647161e-10 -1.101393587835574e-09 -1.315073497281475e-09 -1.436200356914802e-09 -1.477982683153756e-09 -1.449087444469535e-09 -1.411203129514975e-09 -1.316139251705786e-09 -1.207722367260951e-09 -1.081311929225388e-09 -9.478410715962920e-10 -8.132707983896292e-10 -6.826205328684884e-10 -5.602060252386061e-10 -4.494611263419714e-10 -3.527981828026455e-10 -2.718904296759122e-10 -2.074982347116369e-10 -1.597535246366988e-10 -1.282934855312322e-10 7.708849278208194e-08 9.116968977825649e-08 9.783453586914944e-08 9.773737118262734e-08 9.251084961659051e-08 8.408367080597991e-08 7.418839192571793e-08 6.406563252162152e-08 5.449419047939389e-08 4.585794055481883e-08 3.830621071426577e-08 3.185050559732031e-08 2.564288717705992e-08 2.105020884168455e-08 1.765171945755834e-08 1.475415470554269e-08 1.235878371865530e-08 1.035738729437547e-08 8.242896822326935e-09 6.383640414532997e-09 4.720312937140206e-09 3.255102168287535e-09 1.988106116517495e-09 9.167189067371907e-10 3.286709715344952e-11 -6.771080251144914e-10 -1.232267822505649e-09 -1.657122476664232e-09 -1.982392724782447e-09 -2.245105773289260e-09 1.204264263849189e-06 7.762418306807857e-07 7.987121364953739e-07 7.982458581788397e-07 7.799088645038657e-07 7.479634268671600e-07 7.069463192894001e-07 6.593508158567689e-07 6.088838096673724e-07 5.562066812713928e-07 5.036559193679573e-07 4.516475112891230e-07 3.868957980068062e-07 3.394091438489452e-07 2.951710498150077e-07 2.595596598203619e-07 2.310104333725420e-07 2.040192208902491e-07 1.853894451432187e-07 1.685677093085874e-07 1.557468995611263e-07 1.448498905738041e-07 1.353138410800771e-07 1.260071308976630e-07 1.163746259612476e-07 1.059331598231487e-07 9.471016835591769e-08 8.258803264264727e-08 6.953469000164996e-08 5.608556141605769e-08
2.813807192538710e-07 1.372729496725308e-05 1.113616272637357e-04 3.526999748206072e-09 6.883719018854310e-09 8.992233042321331e-09 9.679114541192319e-09 9.096031552045858e-09 7.622398978019302e-09 5.716106784906653e-09 3.777726340583567e-09 2.076078149347514e-09 7.340561440855729e-10 -2.377358544976081e-10 -8.922253051940379e-10 -1.282402404392711e-09 -1.521381600077788e-09 -1.641583782743262e-09 -1.661196823960308e-09 -1.656614420975645e-09 -1.575480565398517e-09 -1.470894697090267e-09 -1.338457122549919e-09 -1.192123228626018e-09 -1.039735319080297e-09 -8.879117582846020e-10 -7.423931245936212e-10 -6.078326949041588e-10 -4.876050520645036e-10 -3.841658010195863e-10 -2.987800669771718e-10 -2.318670958947055e-10 -1.831240129200489e-10 6.947607581716048e-08 8.918892507528104e-08 1.017394768110491e-07 1.065841670351844e-07 1.046764070578946e-07 9.781693829481403e-08 8.804225071977540e-08 7.708126614200030e-08 6.618333495079641e-08 5.606824145094818e-08 4.707955983787564e-08 3.931836909497439e-08 3.177942175619723e-08 2.618033554973529e-08 2.202644124969700e-08 1.847190075786452e-08 1.552990878516070e-08 1.307401857839654e-08 1.046842341680125e-08 8.178703301212876e-09 6.130830027784256e-09 4.327983503455804e-09 2.770709922284448e-09 1.456235326088795e-09 3.748966655781779e-10 -4.901668787310750e-10 -1.162519218281600e-09 -1.672441934841065e-09 -2.057272696937523e-09 -2.361129101090135e-09 7.762418306807857e-07 1.355112630248139e-06 8.792277849891480e-07 8.907714885386304e-07 8.798703643266744e-07 8.512314330373820e-07 8.091408115041168e-07 7.587383252556137e-07 7.025956727506240e-07 6.440704483790197e-07 5.843205952152697e-07 5.247351141094648e-07 4.511780009290138e-07 3.962351002435824e-07 3.455113690767018e-07 3.045109896671486e-07 2.717010329095623e-07 2.406492391261269e-07 2.189570640100386e-07 2.002423914045819e-07 1.851898878121254e-07 1.730433876661350e-07 1.623022981329672e-07 1.518374943585691e-07 1.408667696591763e-07 1.290448486749214e-07 1.159984681515046e-07 1.018017355695669e-07 8.692425106018846e-08 6.985455867642713e-08
3.254330849645175e-07 1.580413718085843e-05 1.276713289778875e-04 -1.540277906537100e-11 4.003327341508580e-09 7.229192532344571e-09 9.182473410992861e-09 9.722458062702800e-09 9.022317361079969e-09 7.471054720750428e-09 5.522062405444232e-09 3.567293902954495e-09 1.863513203215004e-09 5.250402718260559e-10 -4.423907344265600e-10 -1.075770115432975e-09 -1.483218894853982e-09 -1.719550877182084e-09 -1.815491108309993e-09 -1.863451046057984e-09 -1.811403038060499e-09 -1.722108575009336e-09 -1.592521172626659e-09 -1.440086977337188e-09 -1.274938271893189e-09 -1.105644723854130e-09 -9.396754719439773e-10 -7.831908878893760e-10 -6.407933941978416e-10 -5.159641680200854e-10 -4.106752303638301e-10 -3.257929468421754e-10 -2.611468295095228e-10 5.703034418635062e-08 8.078419115894777e-08 9.877973675828057e-08 1.093091201121161e-07 1.121687150279195e-07 1.085164743165190e-07 1.002821000903960e-07 8.949297264082378e-08 7.787383758475747e-08 6.658839366303575e-08 5.629604704203299e-08 4.727586469694999e-08 3.839889580687907e-08 3.177930704197262e-08 2.685654566159310e-08 2.262443010048777e-08 1.911424692653057e-08 1.618427165561436e-08 1.305400490557083e-08 1.030130420165852e-08 7.835878509162474e-09 5.662305326041323e-09 3.781732099555795e-09 2.191547918524116e-09 8.809882196768152e-10 -1.694330298732117e-10 -9.871388641761678e-10 -1.607604973089502e-09 -2.074257967775787e-09 -2.438165562111245e-09 7.987121364953739e-07 8.792277849891480e-07 1.464730844847996e-06 9.590524421314317e-07 9.597134117698424e-07 9.378762601273174e-07 8.996561102394753e-07 8.483809383314660e-07 7.897506548041173e-07 7.262833986553667e-07 6.603823084893917e-07 5.952328654478326e-07 5.126136734496169e-07 4.514147098458537e-07 3.944563648035436e-07 3.487072124345581e-07 3.118614267068263e-07 2.766741549819079e-07 2.531070066520038e-07 2.315690212535565e-07 2.151231065412798e-07 2.018093950281125e-07 1.899318135935549e-07 1.783937701105507e-07 1.663523175728554e-07 1.530563317383350e-07 1.384134979222341e-07 1.226525584208311e-07 1.045195806828050e-07 8.559454579003643e-08
3.693911594231036e-07 1.785494586557963e-05 1.436118688269808e-04 -3.534934896211814e-09 4.846818496499246e-10 4.344650361177211e-09 7.381681268069799e-09 9.154773547340867e-09 9.552466613416975e-09 8.763360490183372e-09 7.173212004308334e-09 5.223997287383623e-09 3.289575420587067e-09 1.612295992144789e-09 2.975557151352923e-10 -6.418614257706146e-10 -1.275671776150684e-09 -1.676101527887241e-09 -1.885304922951407e-09 -2.011114333807444e-09 -2.007795567496666e-09 -1.948378040125406e-09 -1.832951807715007e-09 -1.683182985412279e-09 -1.512015877400410e-09 -1.330376642076417e-09 -1.147792687986325e-09 -9.722233768978292e-10 -8.097540475708020e-10 -6.651261716953560e-10 -5.412257994633989e-10 -4.395199156591974e-10 -3.601127461276504e-10 4.261401071078152e-08 6.794595320437888e-08 8.982193393183127e-08 1.055748258445753e-07 1.138734376871431e-07 1.147750096962957e-07 1.096132533863427e-07 1.003271349226655e-07 8.893733978350541e-08 7.705601233028183e-08 6.575854044431954e-08 5.561505491735679e-08 4.544203530201295e-08 3.781576730596573e-08 3.213069109336727e-08 2.721654089774209e-08 2.312891163988817e-08 1.971397401212347e-08 1.603003906118767e-08 1.278383986194035e-08 9.868347887443001e-09 7.290551939927652e-09 5.052723497070547e-09 3.152900597904827e-09 1.579777746084218e-09 3.118806583877033e-10 -6.812755754920840e-10 -1.439587401028657e-09 -2.012002762983018e-09 -2.456053548198564e-09 7.982458581788397e-07 8.907714885386304e-07 9.590524421314317e-07 1.536199808111325e-06 1.015171931305168e-06 1.005201347533830e-06 9.737552907127066e-07 9.263958316124867e-07 8.674719377015714e-07 8.010146674302651e-07 7.317636582364493e-07 6.611277428946004e-07 5.709844634281704e-07 5.040491528042318e-07 4.417896592942339e-07 3.914072129698935e-07 3.508537763754131e-07 3.126623530403883e-07 2.862942086229433e-07 2.630820744047263e-07 2.451048791095626e-07 2.307334027548220e-07 2.180078395929501e-07 2.055599178358567e-07 1.924289680001880e-07 1.779204172381958e-07 1.621411153861066e-07 1.436316583785968e-07 1.240557402689433e-07 1.017452974494767e-07
4.129228300589052e-07 1.986316928153784e-05 1.590472281021966e-04 -6.366291152604660e-09 -2.985461156720764e-09 8.737393947476882e-10 4.525090293774352e-09 7.346962569013185e-09 8.937771152413742e-09 9.212821739974796e-09 8.366184778708048e-09 6.775094022156956e-09 4.860062165818987e-09 2.973904937986053e-09 1.343291042009508e-09 6.430103510328954e-11 -8.482855693155316e-10 -1.467285699815264e-09 -1.836706442311107e-09 -2.073776490300793e-09 -2.145180941614295e-09 -2.134494983425522e-09 -2.047656025175810e-09 -1.911714754720431e-09 -1.743226782156782e-09 -1.555969684687520e-09 -1.361888095727364e-09 -1.171027290235542e-09 -9.911923643270278e-10 -8.285999082198170e-10 -6.872192200849392e-10 -5.693072514351988e-10 -4.753678096370468e-10 2.910362116019924e-08 5.343317876365381e-08 7.681626242241005e-08 9.628357942855047e-08 1.095584005802230e-07 1.156217989991790e-07 1.147753074355530e-07 1.084120314834027e-07 9.848716204090594e-08 8.689568971678352e-08 7.513297424384639e-08 6.415216606571520e-08 5.280912523701032e-08 4.423170778287189e-08 3.781517431084797e-08 3.223308173398486e-08 2.757397465737380e-08 2.367527731948739e-08 1.941654838907705e-08 1.565086480633658e-08 1.225486689702476e-08 9.240127519476586e-09 6.611309742026716e-09 4.367999757333829e-09 2.499082336549955e-09 9.817995620281924e-10 -2.164987456172135e-10 -1.139400469813612e-09 -1.840521063553896e-09 -2.383447767100736e-09 7.799088645038657e-07 8.798703643266744e-07 9.597134117698426e-07 1.015171931305168e-06 1.572730889383838e-06 1.048847368456251e-06 1.029031976557744e-06 9.887016741729583e-07 9.328850761912792e-07 8.675583094861003e-07 7.958155457229185e-07 7.218261788447132e-07 6.253190207164688e-07 5.537407279780475e-07 4.865664602040184e-07 4.321190193148675e-07 3.889017586163675e-07 3.471513875510239e-07 3.190316256274444e-07 2.940346650029775e-07 2.749173538634095e-07 2.595541129216849e-07 2.461816713930865e-07 2.330212410140646e-07 2.189614712004094e-07 2.037789608118776e-07 1.857124015555257e-07 1.662803681581844e-07 1.439561713506325e-07 1.185883078538675e-07
4.554656332570279e-07 2.180157144897173e-05 1.737588899182459e-04 -8.081489457455549e-09 -5.782158442538740e-09 -2.529408018676410e-09 1.130402560451999e-09 4.548813805542989e-09 7.149503680732676e-09 8.570751671432113e-09 8.747797037168909e-09 7.876636069938478e-09 6.316090653164121e-09 4.461847961906939e-09 2.643619111343441e-09 1.054939532790962e-09 -1.591775270067042e-10 -1.044885368224374e-09 -1.627469032025398e-09 -2.017710515810593e-09 -2.198100092482843e-09 -2.260965237530256e-09 -2.221357932512657e-09 -2.113463295095248e-09 -1.958726108669811e-09 -1.774491901294563e-09 -1.575551471874968e-09 -1.374323997202224e-09 -1.180562598593490e-09 -1.002123509500045e-09 -8.442442690611207e-10 -7.101211309420763e-10 -6.008118847089574e-10 1.870221869579088e-08 3.994458852333647e-08 6.236222494207745e-08 8.327984172722973e-08 1.000895497939669e-07 1.108581563004127e-07 1.148722584134612e-07 1.125706458609460e-07 1.054169231125692e-07 9.525680241943305e-08 8.385279645797901e-08 7.254373384588727e-08 6.030393297871576e-08 5.090776112280703e-08 4.383027268986098e-08 3.761966028550261e-08 3.241473739168925e-08 2.805007240047154e-08 2.320935272217598e-08 1.890804034762289e-08 1.500749013624550e-08 1.152710324601129e-08 8.476334452126762e-09 5.857978805420937e-09 3.662241570022642e-09 1.865998574669288e-09 4.352419090644048e-10 -6.763421144220975e-10 -1.526331567693856e-09 -2.183725002504965e-09 7.479634268671600e-07 8.512314330373820e-07 9.378762601273174e-07 1.005201347533830e-06 1.048847368456251e-06 1.577665845379687e-06 1.061385582354805e-06 1.031504931822206e-06 9.838531851847954e-07 9.218424363193633e-07 8.509770741865115e-07 7.754658114349986e-07 6.745684955461874e-07 5.992115631517286e-07 5.278878684007724e-07 4.707229432310233e-07 4.244504672649481e-07 3.801434048732162e-07 3.505292832830131e-07 3.240284711492415e-07 3.038690077710593e-07 2.879973951786240e-07 2.739548874791049e-07 2.602874561347780e-07 2.460514594533938e-07 2.289826934443870e-07 2.105535599441280e-07 1.889318425813956e-07 1.641858792949895e-07 1.364505885048517e-07
4.965129991755678e-07 2.364616731358169e-05 1.875585864362869e-04 -8.556289278286741e-09 -7.498209618057728e-09 -5.265961595883565e-09 -2.169771917421280e-09 1.269516844030948e-09 4.446584999101617e-09 6.832535464847170e-09 8.101841654486547e-09 8.207592573990152e-09 7.338787863939842e-09 5.832326598048024e-09 4.056420560474775e-09 2.279374900380844e-09 8.006438287085153e-10 -3.708786092605942e-10 -1.213305343775348e-09 -1.803024664759037e-09 -2.135311507314599e-09 -2.304172766935127e-09 -2.336119278156398e-09 -2.274410860873983e-09 -2.147293772757588e-09 -1.976847362784899e-09 -1.781368693378537e-09 -1.576028933616581e-09 -1.372762959285197e-09 -1.181281467231697e-09 -1.008248353340268e-09 -8.579801246860666e-10 -7.322625480727492e-10 1.260191021026832e-08 2.953637761182138e-08 4.901053862201109e-08 6.904638798369802e-08 8.726225604088242e-08 1.013791895932119e-07 1.098103810707597e-07 1.120535431164431e-07 1.087008577473578e-07 1.011599858382402e-07 9.115776105175936e-08 8.027926977025990e-08 6.762349456454103e-08 5.766529747151854e-08 5.006298568726932e-08 4.329900127760040e-08 3.759617134751092e-08 3.280090206264474e-08 2.738735842427738e-08 2.254719558347128e-08 1.812723886433882e-08 1.415844363506838e-08 1.065845224297820e-08 7.635993187235037e-09 5.084450441310709e-09 2.981419445352896e-09 1.292664864612603e-09 -3.011276311534338e-11 -1.047625688128383e-09 -1.833551570053077e-09 7.069463192894002e-07 8.091408115041168e-07 8.996561102394755e-07 9.737552907127066e-07 1.029031976557744e-06 1.061385582354805e-06 1.554477644528125e-06 1.053501248031296e-06 1.016126711055747e-06 9.616146338715841e-07 8.947029154807689e-07 8.205624438525106e-07 7.171219751036351e-07 6.393328815388177e-07 5.657316795480053e-07 5.055580953109979e-07 4.574480811707482e-07 4.110648758594070e-07 3.801002694212564e-07 3.525547995334583e-07 3.317019837717760e-07 3.153185139031293e-07 3.010873407001576e-07 2.874116168541819e-07 2.718827140724231e-07 2.550356730037696e-07 2.349127503507998e-07 2.115357777344550e-07 1.851715714647100e-07 1.542755249655358e-07
5.352195056623696e-07 2.535747462056243e-05 2.001399722706619e-04 -7.946521623789903e-09 -8.022156038859627e-09 -6.955793244590536e-09 -4.811402973140288e-09 -1.891038761571933e-09 1.316445029217893e-09 4.252177323777256e-09 6.434020227351985e-09 7.571748056401843e-09 7.628862264054174e-09 6.783578631269329e-09 5.347514628797200e-09 3.600461050816355e-09 1.978663373824302e-09 5.604097901494478e-10 -5.596619848787581e-10 -1.387123919407946e-09 -1.918455700084742e-09 -2.233384585952017e-09 -2.368365082242737e-09 -2.376296884294063e-09 -2.294368331671250e-09 -2.151133285331197e-09 -1.969480458638355e-09 -1.767898893587313e-09 -1.560855200758683e-09 -1.360121523045896e-09 -1.173990978992445e-09 -1.008101676387985e-09 -8.651457495332400e-10 1.097167123758453e-08 2.325784404079661e-08 3.862872607793890e-08 5.591976465893226e-08 7.335701363969251e-08 8.883299260192402e-08 1.004084344329566e-07 1.067654839629571e-07 1.076329009501815e-07 1.036343712242374e-07 9.610860009768520e-08 8.661279043138843e-08 7.426353858114692e-08 6.418141041991222e-08 5.630328432141563e-08 4.912629177894451e-08 4.300979513664924e-08 3.784283452771441e-08 3.188781750652998e-08 2.652480056345920e-08 2.158651907513525e-08 1.711865459440845e-08 1.315085283299867e-08 9.701489815649578e-09 6.769826658092754e-09 4.336116806389763e-09 2.367091330509684e-09 8.134412885629073e-10 -3.878075048536747e-10 -1.314271177702828e-09 6.593508158567689e-07 7.587383252556137e-07 8.483809383314660e-07 9.263958316124867e-07 9.887016741729581e-07 1.031504931822206e-06 1.053501248031296e-06 1.506770694638653e-06 1.027516843404826e-06 9.835295007255183e-07 9.242139562764344e-07 8.542146033230337e-07 7.509516839003738e-07 6.733584505079842e-07 5.977680371995693e-07 5.362806465534587e-07 4.868970825413054e-07 4.388528068824388e-07 4.071599432073535e-07 3.788059191003504e-07 3.576059428869099e-07 3.410495383651613e-07 3.271174992638462e-07 3.126661267294097e-07 2.976481134664615e-07 2.797991001318390e-07 2.586574838265794e-07 2.342813264106646e-07 2.056084898313822e-07 1.721673108029983e-07
5.710390251168694e-07 2.691103839595908e-05 2.113216799129952e-04 -6.585431749933750e-09 -7.509569139104162e-09 -7.503398627690960e-09 -6.443642183473117e-09 -4.403778442695241e-09 -1.671223544735908e-09 1.300572352002328e-09 4.000705487679043e-09 5.993425997736156e-09 7.018247419474942e-09 7.045157653082623e-09 6.237788585370082e-09 4.801035186671953e-09 3.242019967518555e-09 1.695230107456347e-09 3.350659676630138e-10 -7.399900695636368e-10 -1.509987590577714e-09 -2.014458991136817e-09 -2.291010319941651e-09 -2.398563319683388e-09 -2.384169299423684e-09 -2.284828405539804e-09 -2.129645494290303e-09 -1.941450271654917e-09 -1.737785141044650e-09 -1.532813504426578e-09 -1.336716179143787e-09 -1.156680639391907e-09 -9.965300721619120e-10 1.323739437554871e-08 2.121377577622737e-08 3.217115439046388e-08 4.564475446380526e-08 6.058303675317347e-08 7.540440112056708e-08 8.829056317840307e-08 9.758090154754113e-08 1.022495914484034e-07 1.021448102462619e-07 9.790663132506266e-08 9.075027657737987e-08 7.960427572253085e-08 7.002676651286722e-08 6.227097070880215e-08 5.492082035079320e-08 4.853064238685446e-08 4.308076035086520e-08 3.663795616940192e-08 3.078638081312563e-08 2.534710301510041e-08 2.038285218718940e-08 1.593856438896379e-08 1.204617355665862e-08 8.714586179764875e-09 5.929301376213746e-09 3.659884361739000e-09 1.857237777125159e-09 4.570191479475369e-10 -6.214602377591674e-10 6.088838096673724e-07 7.025956727506239e-07 7.897506548041173e-07 8.674719377015714e-07 9.328850761912792e-07 9.838531851847954e-07 1.016126711055747e-06 1.027516843404826e-06 1.438281215184322e-06 9.861480268890298e-07 9.370644985112634e-07 8.742090624544684e-07 7.751957864699147e-07 6.989099568900346e-07 6.237256222626615e-07 5.619709039389755e-07 5.120173239142220e-07 4.630762994309065e-07 4.310311427306290e-07 4.023649813729486e-07 3.810073037581458e-07 3.650487353998518e-07 3.505550530324867e-07 3.370287327858790e-07 3.216368132070522e-07 3.032162770380688e-07 2.818450887446853e-07 2.560156960187738e-07 2.256101570497975e-07 1.896669306229669e-07
6.031680441715684e-07 2.827099055290697e-05 2.208380892156488e-04 -4.850264787941458e-09 -6.274452535224657e-09 -7.059718518226175e-09 -6.984322523041187e-09 -5.947641521017058e-09 -4.026592683986706e-09 -1.490598682003722e-09 1.245671319785180e-09 3.719342810870563e-09 5.537679998688128e-09 6.465992088296239e-09 6.476488550339756e-09 5.622301121430103e-09 4.382115167714197e-09 2.903480635427316e-09 1.416570894016992e-09 1.371502141773219e-10 -8.831617586872262e-10 -1.612393588033270e-09 -2.071740398107129e-09 -2.315153712488436e-09 -2.396552492974088e-09 -2.362147966712128e-09 -2.249107710378909e-09 -2.086119274967637e-09 -1.894770160389669e-09 -1.692167335977213e-09 -1.490727189296792e-09 -1.299479939878457e-09 -1.123637079194808e-09 1.841425874186133e-08 2.279351548695236e-08 2.966071373746480e-08 3.903406916671665e-08 5.048726125094575e-08 6.307544933475130e-08 7.542774553980233e-08 8.596994246997782e-08 9.334623943285950e-08 9.672582360657985e-08 9.606002436218033e-08 9.194801503241739e-08 8.291529477373259e-08 7.460503723453475e-08 6.752920638751331e-08 6.038448881017828e-08 5.395377485168315e-08 4.836309512046407e-08 4.152109617508571e-08 3.523921195885504e-08 2.933680085557532e-08 2.389725473831814e-08 1.898303350663681e-08 1.464312310697944e-08 1.089989245491176e-08 7.747578849526949e-09 5.161271598509437e-09 3.093769868258507e-09 1.480632321973166e-09 2.390825027796205e-10 5.562066812713928e-07 6.440704483790197e-07 7.262833986553668e-07 8.010146674302651e-07 8.675583094861003e-07 9.218424363193633e-07 9.616146338715841e-07 9.835295007255183e-07 9.861480268890298e-07 1.352876836802804e-06 9.314019073731393e-07 8.793060645894453e-07 7.866271554239296e-07 7.149850985364463e-07 6.421318046171602e-07 5.813819565896171e-07 5.319785492717378e-07 4.829130675427862e-07 4.510405548351824e-07 4.224155617327578e-07 4.017679991411539e-07 3.854532621331848e-07 3.722864030223079e-07 3.587114266136672e-07 3.433531681151357e-07 3.253909919635586e-07 3.031511343953317e-07 2.765024920194585e-07 2.446455953203995e-07 2.064025089001835e-07
6.309540816972204e-07 2.940944114636687e-05 2.284926311272748e-04 -3.066063893931188e-09 -4.673070397358542e-09 -5.925896605347763e-09 -6.584992938206989e-09 -6.457517462891549e-09 -5.460248890113176e-09 -3.670546565620934e-09 -1.335409809485349e-09 1.169514495879411e-09 3.428128424178441e-09 5.086984411386836e-09 5.932657148602310e-09 5.839263093357844e-09 5.156704983837596e-09 3.986358364476634e-09 2.559388096845677e-09 1.188154346622859e-09 -4.278988762966606e-11 -1.004832548779628e-09 -1.679810650107905e-09 -2.097311911667092e-09 -2.308216689797983e-09 -2.365049398699481e-09 -2.313718074708612e-09 -2.190491087324964e-09 -2.022482872159509e-09 -1.830672180539501e-09 -1.630288693495051e-09 -1.432585335630629e-09 -1.244470827587888e-09 2.541152695251980e-08 2.702859773903219e-08 3.048293056618233e-08 3.606702724228207e-08 4.378675008244227e-08 5.325033005709411e-08 6.363933444319129e-08 7.376134358014666e-08 8.231458022315569e-08 8.816789528752827e-08 9.067007538769832e-08 8.981890607628912e-08 8.358068684617611e-08 7.727920316314045e-08 7.153516862643632e-08 6.511333351490095e-08 5.899725556268707e-08 5.349094132184638e-08 4.639276279836510e-08 3.977020735570692e-08 3.346461971596663e-08 2.758972797879134e-08 2.222906113902974e-08 1.745095739536982e-08 1.329455217221993e-08 9.766557133195898e-09 6.850907776020151e-09 4.504847520287634e-09 2.665597460494824e-09 1.249573826536779e-09 5.036559193679573e-07 5.843205952152697e-07 6.603823084893915e-07 7.317636582364493e-07 7.958155457229184e-07 8.509770741865114e-07 8.947029154807688e-07 9.242139562764343e-07 9.370644985112634e-07 9.314019073731392e-07 1.254555967115219e-06 8.671433409398325e-07 7.845433450866760e-07 7.199158030876368e-07 6.515360320274399e-07 5.936167618536044e-07 5.458991228106646e-07 4.976735600621040e-07 4.665500229237914e-07 4.388499873432626e-07 4.181438076286184e-07 4.033401377527348e-07 3.904215516583245e-07 3.774533102990965e-07 3.629375301503603e-07 3.448211560544898e-07 3.225829753252340e-07 2.951956841915880e-07 2.621472951673447e-07 2.218193513479409e-07
6.539193746893851e-07 3.030739955633303e-05 2.341635330940762e-04 -1.467074141619895e-09 -3.020845240790118e-09 -4.447666652868293e-09 -5.541507153321390e-09 -6.091289009944434e-09 -5.928771423427516e-09 -4.985547633236773e-09 -3.334531764587866e-09 -1.199852696207460e-09 1.082544324914687e-09 3.140175651123697e-09 4.654442277844032e-09 5.340486247473779e-09 5.360106737234552e-09 4.717729017198561e-09 3.576795742024426e-09 2.290297754583631e-09 9.551184633315854e-10 -1.994712492468425e-10 -1.096876577758969e-09 -1.718297517969507e-09 -2.093857168436453e-09 -2.273017880317800e-09 -2.307626988246264e-09 -2.242177312328333e-09 -2.110933522051275e-09 -1.940140752624389e-09 -1.748754485816305e-09 -1.550811661139461e-09 -1.355298032189646e-09 3.322592270947262e-08 3.287753480424932e-08 3.370922663724063e-08 3.614143149586747e-08 4.042541089696419e-08 4.655124509678111e-08 5.418220443377269e-08 6.260342164128249e-08 7.083088567956502e-08 7.777198345599313e-08 8.250825839959445e-08 8.451475839455467e-08 8.131008581286134e-08 7.752985676855036e-08 7.372090413894225e-08 6.861398804040498e-08 6.328584442517149e-08 5.819670138120853e-08 5.106882435355076e-08 4.424438204081853e-08 3.762429679637725e-08 3.137426693156142e-08 2.560801483617567e-08 2.041661345061158e-08 1.585837059071002e-08 1.195556782016882e-08 8.704638950623356e-09 6.070467103858418e-09 3.994447198556482e-09 2.393924528615200e-09 4.516475112891230e-07 5.247351141094648e-07 5.952328654478326e-07 6.611277428946004e-07 7.218261788447132e-07 7.754658114349986e-07 8.205624438525104e-07 8.542146033230337e-07 8.742090624544684e-07 8.793060645894453e-07 8.671433409398325e-07 1.147447308405240e-06 7.682070412920198e-07 7.125650371627218e-07 6.509629252232037e-07 5.976828569472530e-07 5.530701644266278e-07 5.067253419985538e-07 4.774522792505288e-07 4.501908332176550e-07 4.311943738514530e-07 4.169836057960751e-07 4.049952895204018e-07 3.931916130035114e-07 3.791985630778905e-07 3.615848616643969e-07 3.394071723886519e-07 3.117711086230190e-07 2.775465269200518e-07 2.361254296665091e-07
6.482401616280509e-07 2.987073060237643e-05 2.294742293147567e-04 -1.850034346168135e-10 -1.492011873700727e-09 -2.825870161568189e-09 -4.039300468178397e-09 -4.956203481836678e-09 -5.397189806140321e-09 -5.221494332858340e-09 -4.372703178279943e-09 -2.916131166507468e-09 -1.043772498645654e-09 9.564543502663421e-10 2.763442213413314e-09 4.032301479649116e-09 4.724556038806520e-09 4.738085796707335e-09 4.111352701821581e-09 3.150966606880957e-09 1.923983370034644e-09 7.221497273145657e-10 -3.211533956707379e-10 -1.122569657390863e-09 -1.669847522749842e-09 -1.991727580342274e-09 -2.135460007623916e-09 -2.149360658818673e-09 -2.073975062064343e-09 -1.941151218546674e-09 -1.774036485130030e-09 -1.589680444213162e-09 -1.399283568196211e-09 3.959739028052345e-08 3.802502064310824e-08 3.702243206183892e-08 3.703945802881176e-08 3.842932564108911e-08 4.139097895576260e-08 4.592003821630839e-08 5.172846450753640e-08 5.825655838945490e-08 6.470959233693269e-08 7.022877753106140e-08 7.408818587692200e-08 7.361369688959857e-08 7.250667944504770e-08 7.105901178957426e-08 6.791466907980562e-08 6.404317874162275e-08 5.995301926565600e-08 5.336864130721441e-08 4.679502483617846e-08 4.023240169521157e-08 3.392268831876158e-08 2.802429012670021e-08 2.265546705082212e-08 1.789410366917807e-08 1.377903082485913e-08 1.032187755004601e-08 7.499480392431637e-09 5.262319383173283e-09 3.533904398503459e-09 3.868957980068062e-07 4.511780009290138e-07 5.126136734496168e-07 5.709844634281704e-07 6.253190207164688e-07 6.745684955461873e-07 7.171219751036350e-07 7.509516839003739e-07 7.751957864699147e-07 7.866271554239295e-07 7.845433450866760e-07 7.682070412920198e-07 9.651460215665243e-07 6.685648204099582e-07 6.173564379037349e-07 5.720899479601142e-07 5.334297081674389e-07 4.921093372622414e-07 4.654487680945014e-07 4.414322376594336e-07 4.241031896827428e-07 4.115527905801722e-07 4.014254006370030e-07 3.909210799262339e-07 3.783138411744100e-07 3.620746139651301e-07 3.410194895792845e-07 3.140939829085925e-07 2.810857029044358e-07 2.396107451769756e-07
6.572986127560972e-07 3.010989530533174e-05 2.299571113035772e-04 7.360340999817589e-10 -3.164721649491915e-10 -1.481385321673434e-09 -2.661594056348802e-09 -3.726695311862423e-09 -4.521941200005738e-09 -4.891342933170237e-09 -4.712266038696097e-09 -3.937230541702327e-09 -2.623097983068672e-09 -9.376216671460804e-10 8.658633160761155e-10 2.461215045042494e-09 3.670487634485596e-09 4.303390948261506e-09 4.266061642494919e-09 3.762907464560767e-09 2.792214903794772e-09 1.659537161065951e-09 5.367330275653855e-10 -4.258815305834600e-10 -1.158018909386712e-09 -1.649778998838916e-09 -1.930587616695783e-09 -2.046106955784451e-09 -2.041890986697311e-09 -1.956722542215652e-09 -1.819875447977307e-09 -1.653008514905793e-09 -1.470576448280006e-09 4.630442348813887e-08 4.403978193946568e-08 4.186527187964216e-08 4.023413184783623e-08 3.953809387858355e-08 4.007165408266161e-08 4.201038324839832e-08 4.534188123457692e-08 4.984733191089151e-08 5.506486728809691e-08 6.035768936551055e-08 6.503007961546730e-08 6.645251538184901e-08 6.752442345180579e-08 6.830581268374314e-08 6.725061736177182e-08 6.510227176216846e-08 6.230116557892163e-08 5.645858028070569e-08 5.022576824986393e-08 4.371441242278353e-08 3.727835351194461e-08 3.115334877377156e-08 2.550523780681190e-08 2.044082101554784e-08 1.601892752523165e-08 1.226837179356842e-08 9.179667566612845e-09 6.713850384338568e-09 4.800856347331371e-09 3.394091438489452e-07 3.962351002435824e-07 4.514147098458538e-07 5.040491528042318e-07 5.537407279780475e-07 5.992115631517286e-07 6.393328815388177e-07 6.733584505079842e-07 6.989099568900347e-07 7.149850985364463e-07 7.199158030876368e-07 7.125650371627218e-07 6.685648204099583e-07 8.534260555411325e-07 5.935509369404470e-07 5.558685014680441e-07 5.233959065861930e-07 4.859924556862900e-07 4.631276130514440e-07 4.411481471606042e-07 4.256421280580594e-07 4.149370566302853e-07 4.060257829057449e-07 3.968354114435746e-07 3.854545598662014e-07 3.701131142356829e-07 3.496785581413602e-07 3.235689111294255e-07 2.902365332705870e-07 2.481835114239175e-07
6.619523401068983e-07 3.014130418261613e-05 2.288131552750624e-04 1.354018441993963e-09 5.601059420179270e-10 -3.854536050634087e-10 -1.424065213615876e-09 -2.469000045219166e-09 -3.405382287160759e-09 -4.098320616015106e-09 -4.411730438671917e-09 -4.239747635671255e-09 -3.540055656406767e-09 -2.360583056283260e-09 -8.466925310896787e-10 7.668670443963993e-10 2.234243193741880e-09 3.338501076981112e-09 3.875570491419796e-09 3.916538563549600e-09 3.365045673895024e-09 2.473344982366986e-09 1.410767519509785e-09 3.732069433530240e-10 -5.089973673841770e-10 -1.172057953482119e-09 -1.609642576416881e-09 -1.851204289171818e-09 -1.940187863213933e-09 -1.920200491494425e-09 -1.827162369149017e-09 -1.688566416855819e-09 -1.523202416908030e-09 5.199363144645999e-08 4.944733559888135e-08 4.660745681930730e-08 4.391191202032639e-08 4.175729956233385e-08 4.047185056726592e-08 4.031360533992829e-08 4.142293358581815e-08 4.381138107535918e-08 4.730250213948699e-08 5.153750744315679e-08 5.601003827124323e-08 5.837276970376562e-08 6.092806530672442e-08 6.352262003396550e-08 6.450839090558866e-08 6.429887390271294e-08 6.314976419116072e-08 5.849487153558237e-08 5.297652913155994e-08 4.678688199755974e-08 4.039975433370779e-08 3.415706245446823e-08 2.829942145706305e-08 2.297903792410508e-08 1.828187605998349e-08 1.425672763223550e-08 1.090998969388126e-08 8.215992842586742e-09 6.114043405514372e-09 2.951710498150078e-07 3.455113690767018e-07 3.944563648035436e-07 4.417896592942340e-07 4.865664602040184e-07 5.278878684007724e-07 5.657316795480053e-07 5.977680371995693e-07 6.237256222626616e-07 6.421318046171602e-07 6.515360320274400e-07 6.509629252232037e-07 6.173564379037349e-07 5.935509369404472e-07 7.478722692631366e-07 5.320542834261707e-07 5.057203994492639e-07 4.744289570311675e-07 4.552460099209144e-07 4.362840267790544e-07 4.233406106265347e-07 4.143548687249164e-07 4.070854939118702e-07 3.993668884029154e-07 3.892567886901690e-07 3.749627329445021e-07 3.558048294597782e-07 3.301635090022719e-07 2.970058618543644e-07 2.551134575150775e-07
6.746159023174030e-07 3.053051399573511e-05 2.303382843017205e-04 1.782134596521211e-09 1.205373759310155e-09 4.647839865866267e-10 -4.064187368745193e-10 -1.354052793030567e-09 -2.300064914785792e-09 -3.142461180397953e-09 -3.761808849235536e-09 -4.038532827210822e-09 -3.878192667455566e-09 -3.241160139417769e-09 -2.167427909827082e-09 -7.709711278772802e-10 7.023632769821335e-10 2.062620937223351e-09 3.057266846281227e-09 3.624795862972777e-09 3.579171816985933e-09 3.066464361391304e-09 2.207707657955601e-09 1.205985254680030e-09 2.359067278152931e-10 -5.808680648584303e-10 -1.187169204387628e-09 -1.579785956528587e-09 -1.788287473241805e-09 -1.855435717929436e-09 -1.822682409418489e-09 -1.724447878393607e-09 -1.585454403868486e-09 5.749045076877465e-08 5.491248844265003e-08 5.173570432432925e-08 4.837911774318943e-08 4.523489944015030e-08 4.264198632164570e-08 4.089325490047320e-08 4.020196505933000e-08 4.070852007361914e-08 4.242728504175333e-08 4.523320371367694e-08 4.884820117687971e-08 5.130013915885226e-08 5.454612528735364e-08 5.835362952450495e-08 6.102356818608632e-08 6.269807568149856e-08 6.337510042713910e-08 6.023085566982613e-08 5.575029347828247e-08 5.012562155220361e-08 4.392384818096425e-08 3.760930415675314e-08 3.153042822344276e-08 2.591404069278246e-08 2.089074716532080e-08 1.653737076695369e-08 1.287942276313603e-08 9.906629456194062e-09 7.569416136864949e-09 2.595596598203619e-07 3.045109896671486e-07 3.487072124345582e-07 3.914072129698935e-07 4.321190193148675e-07 4.707229432310233e-07 5.055580953109979e-07 5.362806465534588e-07 5.619709039389755e-07 5.813819565896171e-07 5.936167618536045e-07 5.976828569472531e-07 5.720899479601143e-07 5.558685014680441e-07 5.320542834261707e-07 6.742782738110431e-07 4.907905675297416e-07 4.649431278110427e-07 4.501265260817521e-07 4.348633709456489e-07 4.244231554130948e-07 4.175587572744862e-07 4.120790874913736e-07 4.058322180058345e-07 3.968830967138253e-07 3.839981688641536e-07 3.654554850995290e-07 3.400915784110500e-07 3.073645717465003e-07 2.645990922148233e-07
6.965489648180856e-07 3.132752497365260e-05 2.348566461208475e-04 2.100128540467615e-09 1.694418683367110e-09 1.127380772689893e-09 4.163855634691524e-10 -4.062545389971929e-10 -1.290588605134155e-09 -2.166021842789212e-09 -2.941118260595446e-09 -3.509512639176378e-09 -3.763619378494935e-09 -3.616635961675034e-09 -3.030019877960812e-09 -2.002540151503940e-09 -7.359167748011091e-10 6.509074454385271e-10 1.916729154714571e-09 2.909018735249350e-09 3.377416244675618e-09 3.336896217109077e-09 2.821357843360751e-09 1.992968515289530e-09 1.036741833904344e-09 1.193958205528309e-10 -6.452411406305321e-10 -1.205755788400564e-09 -1.561843273370074e-09 -1.744347214205930e-09 -1.795191233673717e-09 -1.754958122910359e-09 -1.655551749300772e-09 6.299605352100550e-08 6.054818721259607e-08 5.725271746330578e-08 5.350855707060908e-08 4.970014751001483e-08 4.616937267489329e-08 4.322523346837582e-08 4.111458757944295e-08 4.004248727377826e-08 4.013180224944362e-08 4.141627487377151e-08 4.381275690764046e-08 4.571370592369119e-08 4.893993698456011e-08 5.328059384317214e-08 5.711911088516801e-08 6.038703997823638e-08 6.288134847337132e-08 6.148102142145412e-08 5.837330580402127e-08 5.363358289611474e-08 4.784542078743698e-08 4.157575980440822e-08 3.530169580580464e-08 2.935961748305377e-08 2.395426348186167e-08 1.920817862116687e-08 1.517417625820676e-08 1.186109979331601e-08 9.232462964996431e-09 2.310104333725420e-07 2.717010329095623e-07 3.118614267068263e-07 3.508537763754131e-07 3.889017586163674e-07 4.244504672649480e-07 4.574480811707482e-07 4.868970825413054e-07 5.120173239142220e-07 5.319785492717378e-07 5.458991228106646e-07 5.530701644266277e-07 5.334297081674389e-07 5.233959065861930e-07 5.057203994492639e-07 4.907905675297415e-07 6.271167716008993e-07 4.576523084051171e-07 4.478629512754089e-07 4.364056737114914e-07 4.291447499964802e-07 4.248307233712988e-07 4.213571843550101e-07 4.166817644283774e-07 4.094140709401823e-07 3.973654058307380e-07 3.793625432874208e-07 3.546441926720153e-07 3.212617970792591e-07 2.776416825594436e-07
7.148084258825089e-07 3.194603019179090e-05 2.379415150892077e-04 2.309116386484605e-09 2.038458296155374e-09 1.619279102427879e-09 1.059035757066239e-09 3.757018817899100e-10 -4.006745936922406e-10 -1.224941940641304e-09 -2.034481963820816e-09 -2.748616267715353e-09 -3.272824999685487e-09 -3.509660886488206e-09 -3.378921056536997e-09 -2.794998488663852e-09 -1.895652488654373e-09 -7.089719673640732e-10 5.912437303690157e-10 1.812819624280570e-09 2.703410699600105e-09 3.148755332294297e-09 3.081947170489846e-09 2.578193186311620e-09 1.784899974159700e-09 8.793081226866704e-10 1.873951296320594e-11 -6.916922838492852e-10 -1.206609365348707e-09 -1.529076711371933e-09 -1.690362028257753e-09 -1.731783423479736e-09 -1.691217444297034e-09 6.738430743456571e-08 6.521577164379525e-08 6.201059380953955e-08 5.814045346301428e-08 5.397330922001337e-08 4.984430188565016e-08 4.606633451335872e-08 4.289942322533449e-08 4.057718082805393e-08 3.927467807354388e-08 3.911481883151361e-08 4.014711499185825e-08 4.107348032987213e-08 4.368366317460446e-08 4.785261605789674e-08 5.216057988860057e-08 5.648360831508008e-08 6.047860146920882e-08 6.088346236586810e-08 5.944633403941615e-08 5.601267132604823e-08 5.105538155703172e-08 4.516267079932150e-08 3.891612688669234e-08 3.277826168419714e-08 2.705878407646144e-08 2.195240977495823e-08 1.755523613038059e-08 1.390305181021346e-08 1.097654099824087e-08 2.040192208902491e-07 2.406492391261269e-07 2.766741549819079e-07 3.126623530403883e-07 3.471513875510240e-07 3.801434048732162e-07 4.110648758594070e-07 4.388528068824388e-07 4.630762994309065e-07 4.829130675427862e-07 4.976735600621040e-07 5.067253419985538e-07 4.921093372622414e-07 4.859924556862900e-07 4.744289570311674e-07 4.649431278110427e-07 4.576523084051171e-07 5.785842696327846e-07 4.390243625690445e-07 4.321831716197107e-07 4.287820061201484e-07 4.275967224170624e-07 4.265807364363061e-07 4.242695008664241e-07 4.185072034403758e-07 4.076463853227215e-07 3.909477416114079e-07 3.664485992443846e-07 3.332534471470868e-07 2.889857408504868e-07
7.557949741696015e-07 3.356150945259136e-05 2.483152501748070e-04 2.569887863615924e-09 2.382933698749975e-09 2.062323611016418e-09 1.609552068750542e-09 1.033800268995511e-09 3.525311032432695e-10 -4.062678906283470e-10 -1.201924604964504e-09 -1.978115172199995e-09 -2.661892992447917e-09 -3.165870250099793e-09 -3.398551596478110e-09 -3.227898679065072e-09 -2.735888307327411e-09 -1.868016191672802e-09 -7.069141122446762e-10 5.616655787130368e-10 1.733226303408641e-09 2.604511080416525e-09 3.014468102935712e-09 2.931786510499691e-09 2.426300599088375e-09 1.645442500776813e-09 7.635783086774465e-10 -6.742945289211901e-11 -7.484685165339160e-10 -1.239199389775884e-09 -1.545725465536954e-09 -1.700902997644309e-09 -1.744989149112905e-09 7.316879713986300e-08 7.131016993691537e-08 6.823850750795799e-08 6.430649686606691e-08 5.987141684360103e-08 5.526556680801614e-08 5.080848116488036e-08 4.677253448346127e-08 4.341179419056223e-08 4.092990901342865e-08 3.949623606951438e-08 3.923554379927089e-08 3.902422210231992e-08 4.073220340515049e-08 4.432592317478213e-08 4.858877816272302e-08 5.345789337466857e-08 5.858446266919329e-08 6.060417293058153e-08 6.089551685265399e-08 5.898422608165439e-08 5.512063174161776e-08 4.981052096687975e-08 4.368558912255871e-08 3.733377162984200e-08 3.120211383633465e-08 2.559774032133987e-08 2.069090407261510e-08 1.656231802629953e-08 1.321745389233870e-08 1.853894451432187e-07 2.189570640100386e-07 2.531070066520038e-07 2.862942086229433e-07 3.190316256274442e-07 3.505292832830131e-07 3.801002694212563e-07 4.071599432073535e-07 4.310311427306290e-07 4.510405548351824e-07 4.665500229237914e-07 4.774522792505288e-07 4.654487680945014e-07 4.631276130514440e-07 4.552460099209143e-07 4.501265260817521e-07 4.478629512754089e-07 4.390243625690445e-07 5.691176841028212e-07 4.373402140115113e-07 4.382483068261475e-07 4.407572416784966e-07 4.432189620134205e-07 4.433026591114617e-07 4.393429240862143e-07 4.301546729979245e-07 4.138422649892875e-07 3.894559892365109e-07 3.554557558113381e-07 3.092469580719687e-07
8.023149070890526e-07 3.539577873953357e-05 2.601083883627982e-04 2.849215988569493e-09 2.707905861974004e-09 2.451713733535292e-09 2.078439428814644e-09 1.591435208904623e-09 9.997016146996098e-10 3.193897825777017e-10 -4.249633522166884e-10 -1.197392433304890e-09 -1.947864709086915e-09 -2.609615828063250e-09 -3.101258381364292e-09 -3.280164888063536e-09 -3.188416407754234e-09 -2.714106120936311e-09 -1.847255348380512e-09 -7.327510587515763e-10 5.204719076480522e-10 1.671810047103005e-09 2.510002681807368e-09 2.896576477527147e-09 2.799825819329076e-09 2.292576577156764e-09 1.522697735741917e-09 6.610768684271271e-10 -1.463571807199900e-10 -8.064846096633307e-10 -1.283840176526224e-09 -1.587552438088498e-09 -1.750431422110872e-09 7.879146502363554e-08 7.730940542950040e-08 7.446576706980698e-08 7.059380453906050e-08 6.603788301118324e-08 6.112360555110865e-08 5.617283637478210e-08 5.146608577608162e-08 4.727269524793341e-08 4.381403141911692e-08 4.128339422083145e-08 3.984275755880749e-08 3.844773687894706e-08 3.908119438545038e-08 4.177208442689022e-08 4.548936331146303e-08 5.030691846820076e-08 5.597654604137358e-08 5.922724354495831e-08 6.111784538997589e-08 6.089260113892449e-08 5.847473639412928e-08 5.415906171602792e-08 4.851200580458804e-08 4.218598217113714e-08 3.576106979343634e-08 2.968690690725772e-08 2.424594344452872e-08 1.959357978927670e-08 1.577739433401746e-08 1.685677093085874e-07 2.002423914045819e-07 2.315690212535565e-07 2.630820744047263e-07 2.940346650029775e-07 3.240284711492415e-07 3.525547995334583e-07 3.788059191003504e-07 4.023649813729486e-07 4.224155617327577e-07 4.388499873432627e-07 4.501908332176550e-07 4.414322376594336e-07 4.411481471606042e-07 4.362840267790544e-07 4.348633709456489e-07 4.364056737114914e-07 4.321831716197108e-07 4.373402140115113e-07 5.667392196307882e-07 4.459051568352582e-07 4.531893130529524e-07 4.594851348520000e-07 4.627847522835945e-07 4.617372025897509e-07 4.540356771765317e-07 4.388555594401087e-07 4.146479031986489e-07 3.797464628789122e-07 3.314137965909309e-07
8.650954988423655e-07 3.791405711923690e-05 2.766795430384777e-04 3.216523548391417e-09 3.081328375175562e-09 2.851922971340116e-09 2.523880316276578e-09 2.096566684838820e-09 1.573090063731974e-09 9.614306143520672e-10 2.749373976370500e-10 -4.653169989116946e-10 -1.228158138480107e-09 -1.968265135553537e-09 -2.623532438177297e-09 -3.064589091708067e-09 -3.311951920983059e-09 -3.227951719996344e-09 -2.730404108821476e-09 -1.911835365184922e-09 -7.642614036279934e-10 4.874577765191622e-10 1.630474051429949e-09 2.456031443695491e-09 2.827255393763634e-09 2.716616163775481e-09 2.201375913256861e-09 1.430654313098836e-09 5.729339994412999e-10 -2.299227323456723e-10 -8.899598742062872e-10 -1.375831264652511e-09 -1.698157005949934e-09 8.530021315123667e-08 8.423058051594420e-08 8.165511093350219e-08 7.789217180644092e-08 7.327629907786884e-08 6.812771638908316e-08 6.277086251709567e-08 5.749407767394507e-08 5.258241940679340e-08 4.827404765919618e-08 4.478033669842737e-08 4.228347543974153e-08 3.972930348056328e-08 3.926217369615021e-08 4.092978908996801e-08 4.381111751295838e-08 4.813648488044821e-08 5.381790899667620e-08 5.778189312116617e-08 6.094822335788313e-08 6.232693944419447e-08 6.153415097889813e-08 5.854252550045833e-08 5.372730557622698e-08 4.770112412571806e-08 4.112981734688040e-08 3.461339817090976e-08 2.858447631762191e-08 2.331534062841301e-08 1.892646252527872e-08 1.557468995611263e-07 1.851898878121254e-07 2.151231065412798e-07 2.451048791095626e-07 2.749173538634095e-07 3.038690077710593e-07 3.317019837717760e-07 3.576059428869099e-07 3.810073037581458e-07 4.017679991411538e-07 4.181438076286185e-07 4.311943738514530e-07 4.241031896827428e-07 4.256421280580594e-07 4.233406106265347e-07 4.244231554130948e-07 4.291447499964802e-07 4.287820061201484e-07 4.382483068261475e-07 4.459051568352582e-07 5.847242749727945e-07 4.692679104828793e-07 4.803370522913515e-07 4.882471865762167e-07 4.903516583677732e-07 4.851811615009920e-07 4.713280791892319e-07 4.471803312392316e-07 4.110022564470124e-07 3.601375917785797e-07
9.437220843618397e-07 4.108393899247443e-05 2.976846145575499e-04 3.693753951170420e-09 3.526360807380516e-09 3.287790324181587e-09 2.972410702327798e-09 2.576696830073530e-09 2.099278994384375e-09 1.541996724212021e-09 9.101002705684261e-10 2.139616751988251e-10 -5.293744715775331e-10 -1.292786409300125e-09 -2.034795851366642e-09 -2.651954739027636e-09 -3.156322371946433e-09 -3.413403131302283e-09 -3.299184587569606e-09 -2.859871627957726e-09 -1.975358843916556e-09 -8.156325923267308e-10 4.557814453827669e-10 1.607470807548895e-09 2.431579501207959e-09 2.792555055152486e-09 2.667597112080626e-09 2.137974402404511e-09 1.353915715219504e-09 4.830221815203477e-10 -3.366832849412984e-10 -1.021192952629292e-09 -1.541619187022685e-09 9.262672456905036e-08 9.201150612022952e-08 8.974711557467757e-08 8.614032845428812e-08 8.151848287990711e-08 7.619768361751453e-08 7.050515743369820e-08 6.473637204974250e-08 5.919212776581272e-08 5.412795356906437e-08 4.977332898010745e-08 4.632639014550330e-08 4.265794433084899e-08 4.112505218466748e-08 4.175563226956190e-08 4.364983245706109e-08 4.717267710161226e-08 5.240227345294207e-08 5.651208401205039e-08 6.045391883372830e-08 6.315469894426667e-08 6.396239497271171e-08 6.253218753127559e-08 5.892387447964643e-08 5.357896768727834e-08 4.714690171196735e-08 4.033744834849532e-08 3.374776465996761e-08 2.780975470532236e-08 2.276061564872197e-08 1.448498905738041e-07 1.730433876661350e-07 2.018093950281125e-07 2.307334027548220e-07 2.595541129216849e-07 2.879973951786240e-07 3.153185139031293e-07 3.410495383651613e-07 3.650487353998518e-07 3.854532621331848e-07 4.033401377527348e-07 4.169836057960751e-07 4.115527905801722e-07 4.149370566302853e-07 4.143548687249164e-07 4.175587572744862e-07 4.248307233712988e-07 4.275967224170624e-07 4.407572416784966e-07 4.531893130529525e-07 4.692679104828793e-07 6.198132277314672e-07 5.042541141559252e-07 5.172381426193266e-07 5.239939865737173e-07 5.222062515049685e-07 5.102109465658247e-07 4.863174720776443e-07 4.490634279163555e-07 3.949698990922482e-07
1.035337518819345e-06 4.476778451276579e-05 3.220267466084582e-04 4.288145028470822e-09 4.050628545114668e-09 3.767905822097983e-09 3.433930729815314e-09 3.043004431784401e-09 2.590079869405799e-09 2.071926511525167e-09 1.487422795434882e-09 8.389137058064367e-10 1.331610196478365e-10 -6.167164123856677e-10 -1.387034485134498e-09 -2.104300630609506e-09 -2.778202714807781e-09 -3.298132367744407e-09 -3.529136013200566e-09 -3.487552387749334e-09 -2.969114181580615e-09 -2.071343412278069e-09 -8.734961642680023e-10 4.251426064588719e-10 1.593636839936704e-09 2.420956223210226e-09 2.773378893921355e-09 2.631772087322624e-09 2.080038765862261e-09 1.270061462186418e-09 3.673552761413564e-10 -4.930580028170565e-10 -1.230057010524571e-09 1.004194130630358e-07 1.003066025545335e-07 9.840560087271433e-08 9.501302362079280e-08 9.045016971725904e-08 8.502942210291368e-08 7.908031902932457e-08 7.290406580135238e-08 6.681601522210871e-08 6.108831934288613e-08 5.596926581727842e-08 5.167327568255320e-08 4.695050649574653e-08 4.442190611116545e-08 4.407172227743906e-08 4.494137805155721e-08 4.748857978165193e-08 5.192040386993008e-08 5.563776105739400e-08 5.976478392596512e-08 6.328776332728676e-08 6.544199331016278e-08 6.559559999652207e-08 6.348396982398117e-08 5.924159111097553e-08 5.336496871613442e-08 4.657274114482073e-08 3.959078371310034e-08 3.303006533284936e-08 2.728960564589178e-08 1.353138410800771e-07 1.623022981329672e-07 1.899318135935549e-07 2.180078395929501e-07 2.461816713930865e-07 2.739548874791049e-07 3.010873407001576e-07 3.271174992638462e-07 3.505550530324867e-07 3.722864030223079e-07 3.904215516583245e-07 4.049952895204018e-07 4.014254006370030e-07 4.060257829057449e-07 4.070854939118702e-07 4.120790874913736e-07 4.213571843550101e-07 4.265807364363061e-07 4.432189620134205e-07 4.594851348520000e-07 4.803370522913515e-07 5.042541141559252e-07 6.673589928806551e-07 5.468114034821298e-07 5.593074476811111e-07 5.619721094794729e-07 5.527899507436628e-07 5.301612802313748e-07 4.918944265490815e-07 4.344698689935751e-07
1.135827982610690e-06 4.877730254787113e-05 3.482745513218229e-04 5.001648721995146e-09 4.655814281772011e-09 4.294029643740139e-09 3.910502818009586e-09 3.497882578357826e-09 3.047941058513571e-09 2.552946167275920e-09 2.006330082634918e-09 1.403959006817789e-09 7.449086582749284e-10 3.194397815590542e-11 -7.249016311309769e-10 -1.480683565769114e-09 -2.243034087855013e-09 -2.935636056690813e-09 -3.436564637786805e-09 -3.750628848035133e-09 -3.631065526909921e-09 -3.107938064679191e-09 -2.166749070697856e-09 -9.336397869489478e-10 3.940138018870590e-10 1.578647158864230e-09 2.407504643806595e-09 2.748164333757598e-09 2.583677199204829e-09 2.000509475541044e-09 1.149531101842679e-09 1.939940573405275e-10 -7.345676498318006e-10 1.081946129835090e-07 1.086306225539530e-07 1.071505558039407e-07 1.040405511239731e-07 9.961542931107293e-08 9.418309059152538e-08 8.807408737072727e-08 8.159341944937096e-08 7.506870597851870e-08 6.878674628295269e-08 6.301364969709268e-08 5.798073272487071e-08 5.228600213290450e-08 4.885863273704571e-08 4.763121617760757e-08 4.752783914700832e-08 4.905728030988685e-08 5.249799403384782e-08 5.539918911250758e-08 5.913553623148445e-08 6.286194393850657e-08 6.585696053729221e-08 6.735813544399483e-08 6.679938328584329e-08 6.398870309771989e-08 5.912516580430759e-08 5.279633030738919e-08 4.575788468603833e-08 3.876823350771947e-08 3.241044152887402e-08 1.260071308976630e-07 1.518374943585691e-07 1.783937701105507e-07 2.055599178358567e-07 2.330212410140646e-07 2.602874561347780e-07 2.874116168541819e-07 3.126661267294097e-07 3.370287327858790e-07 3.587114266136672e-07 3.774533102990965e-07 3.931916130035114e-07 3.909210799262339e-07 3.968354114435746e-07 3.993668884029154e-07 4.058322180058345e-07 4.166817644283774e-07 4.242695008664241e-07 4.433026591114617e-07 4.627847522835945e-07 4.882471865762167e-07 5.172381426193266e-07 5.468114034821298e-07 7.213274402511246e-07 5.922035680192000e-07 6.005088023693569e-07 5.957545801224661e-07 5.752986559592046e-07 5.368369063428677e-07 4.763763252705392e-07
1.239643509426125e-06 5.286783565195350e-05 3.746364341390938e-04 5.826600418237964e-09 5.335243203323878e-09 4.860402794957562e-09 4.397129835089926e-09 3.936834777965547e-09 3.468457831369769e-09 2.980098725385070e-09 2.460288400890265e-09 1.899268986727348e-09 1.290070548029709e-09 6.276987493532809e-10 -8.766481629602677e-11 -8.357048084837487e-10 -1.619312664141194e-09 -2.397792753892826e-09 -3.075809701839468e-09 -3.659895188716537e-09 -3.903423974125784e-09 -3.789761631975202e-09 -3.227189219151654e-09 -2.253368114147455e-09 -9.897507495160423e-10 3.584452513854898e-10 1.549736766496002e-09 2.370550081185049e-09 2.689603650713132e-09 2.492435074190037e-09 1.864874350232066e-09 9.555544662783919e-10 -7.724583354961875e-11 1.153597861445473e-07 1.163795828403968e-07 1.153756583043071e-07 1.126218905126500e-07 1.084246490560663e-07 1.030853159122538e-07 9.693310744552667e-08 9.027410483945780e-08 8.344525796548549e-08 7.674483327927695e-08 7.045426303431855e-08 6.482072435600748e-08 5.827061445906446e-08 5.406917935894183e-08 5.210109215592325e-08 5.113954949704768e-08 5.171564388707318e-08 5.412480153332693e-08 5.595577141074830e-08 5.884772340044400e-08 6.216644759370478e-08 6.535848547075269e-08 6.769370838102358e-08 6.846137539157510e-08 6.716037834431659e-08 6.366562016771101e-08 5.828358005187254e-08 5.165937899702848e-08 4.460277043773209e-08 3.785220367155695e-08 1.163746259612476e-07 1.408667696591763e-07 1.663523175728554e-07 1.924289680001880e-07 2.189614712004095e-07 2.460514594533938e-07 2.718827140724231e-07 2.976481134664615e-07 3.216368132070523e-07 3.433531681151357e-07 3.629375301503603e-07 3.791985630778905e-07 3.783138411744100e-07 3.854545598662014e-07 3.892567886901690e-07 3.968830967138253e-07 4.094140709401823e-07 4.185072034403758e-07 4.393429240862144e-07 4.617372025897509e-07 4.903516583677733e-07 5.239939865737173e-07 5.593074476811111e-07 5.922035680192000e-07 7.742969183891071e-07 6.335977109788672e-07 6.343992790618796e-07 6.175758929511138e-07 5.801560894154473e-07 5.178329166487993e-07
1.339125830602480e-06 5.671210781962888e-05 3.987927274124978e-04 6.753841414452675e-09 6.080791661619016e-09 5.459722746204700e-09 4.887057068659316e-09 4.353306414905249e-09 3.844827939481281e-09 3.345777998929455e-09 2.840106115151843e-09 2.312951831745677e-09 1.752306426391591e-09 1.147086649004190e-09 4.904629521958951e-10 -2.174121278975857e-10 -9.717462459300234e-10 -1.762939046876691e-09 -2.526085040272567e-09 -3.274673370465330e-09 -3.795049267651745e-09 -4.049323325790965e-09 -3.901966830095011e-09 -3.314233821839314e-09 -2.316801540558500e-09 -1.038753653880618e-09 3.104975790424670e-10 1.488006158443170e-09 2.281610580374113e-09 2.563021419042768e-09 2.318185160470959e-09 1.630788746738302e-09 6.423938692090131e-10 1.211915030579431e-07 1.228072028851520e-07 1.223230906445137e-07 1.199977741128024e-07 1.161257521155390e-07 1.109985454616526e-07 1.049401197181248e-07 9.825411474872044e-08 9.128260584403965e-08 8.433132354765909e-08 7.769323001081556e-08 7.162848833099241e-08 6.438660843730355e-08 5.956956481381647e-08 5.702423239703851e-08 5.536292285852095e-08 5.512480018073591e-08 5.658535395497183e-08 5.727160294452877e-08 5.905515774148436e-08 6.148932354981387e-08 6.424299287792092e-08 6.675052925825817e-08 6.832389751770380e-08 6.830947805315176e-08 6.627230754423696e-08 6.220584668375033e-08 5.649387508002687e-08 4.985910027429419e-08 4.310293052536262e-08 1.059331598231487e-07 1.290448486749214e-07 1.530563317383351e-07 1.779204172381958e-07 2.037789608118776e-07 2.289826934443870e-07 2.550356730037696e-07 2.797991001318390e-07 3.032162770380688e-07 3.253909919635586e-07 3.448211560544898e-07 3.615848616643969e-07 3.620746139651301e-07 3.701131142356830e-07 3.749627329445021e-07 3.839981688641536e-07 3.973654058307380e-07 4.076463853227216e-07 4.301546729979246e-07 4.540356771765318e-07 4.851811615009920e-07 5.222062515049685e-07 5.619721094794729e-07 6.005088023693569e-07 6.335977109788672e-07 8.174581511047597e-07 6.634651709991706e-07 6.517139730452181e-07 6.172182703374836e-07 5.547330638722604e-07
1.425300659547298e-06 5.993674744533810e-05 4.181747599193358e-04 7.783883435157943e-09 6.892680775627911e-09 6.091829832331384e-09 5.379585538147308e-09 4.745812644501707e-09 4.174451464989929e-09 3.645784536066489e-09 3.139373969428500e-09 2.635536763017095e-09 2.117856560267803e-09 1.570205757886635e-09 9.806401757276752e-10 3.333213156800539e-10 -3.578244444987209e-10 -1.107247431045003e-09 -1.877782124323272e-09 -2.688314558759426e-09 -3.375927410107145e-09 -3.901754661758025e-09 -4.122737925991005e-09 -3.954017855420725e-09 -3.349715223522478e-09 -2.348444535735871e-09 -1.083286794078826e-09 2.350782313615426e-10 1.366845922522910e-09 2.105136967758638e-09 2.325488860826112e-09 2.013914664137724e-09 1.246327460412013e-09 1.249504025466416e-07 1.271406539293496e-07 1.271976535704419e-07 1.253610615271149e-07 1.219090983067818e-07 1.171188418831965e-07 1.113039807759391e-07 1.047608536465903e-07 9.783131694421727e-08 9.082367716898515e-08 8.403755333933795e-08 7.774206005115562e-08 7.002159839343999e-08 6.478205435843764e-08 6.184508338904049e-08 5.967212598795816e-08 5.880524637231000e-08 5.948313830045958e-08 5.910396675783946e-08 5.971868732715771e-08 6.100626327366576e-08 6.284063631296842e-08 6.487848679788301e-08 6.659006612762342e-08 6.733782355210371e-08 6.653218637153166e-08 6.386534520237976e-08 5.942675252244081e-08 5.370472516500914e-08 4.743149830223747e-08 9.471016835591765e-08 1.159984681515045e-07 1.384134979222340e-07 1.621411153861065e-07 1.857124015555257e-07 2.105535599441280e-07 2.349127503507998e-07 2.586574838265794e-07 2.818450887446853e-07 3.031511343953317e-07 3.225829753252340e-07 3.394071723886519e-07 3.410194895792845e-07 3.496785581413602e-07 3.558048294597782e-07 3.654554850995289e-07 3.793625432874208e-07 3.909477416114079e-07 4.138422649892875e-07 4.388555594401087e-07 4.713280791892319e-07 5.102109465658247e-07 5.527899507436628e-07 5.957545801224661e-07 6.343992790618795e-07 6.634651709991706e-07 8.406161127008029e-07 6.725299400724473e-07 6.427952027976743e-07 5.822478946410904e-07
1.485737287616540e-06 6.203492127797842e-05 4.293746507715001e-04 8.923954584546880e-09 7.776209591233965e-09 6.760327601296643e-09 5.876778431719035e-09 5.114941768732411e-09 4.456347896170459e-09 3.877346534279682e-09 3.353115258632402e-09 2.859223040344778e-09 2.375230237164485e-09 1.880579497276273e-09 1.359445461441180e-09 7.837220964183547e-10 1.758562109274921e-10 -4.953928792755213e-10 -1.215013017184480e-09 -2.002472192379528e-09 -2.749324615977709e-09 -3.426249079439104e-09 -3.910146757035430e-09 -4.104057914222530e-09 -3.918298337939432e-09 -3.317082226873455e-09 -2.344030174030885e-09 -1.134200341006331e-09 1.066673389388668e-10 1.147573292078818e-09 1.791730508560594e-09 1.920833733025779e-09 1.516503167270275e-09 1.257302378753578e-07 1.284278146635562e-07 1.290146180832257e-07 1.277071760166809e-07 1.247618997540227e-07 1.204359444057819e-07 1.150258517711539e-07 1.088144424652846e-07 1.021361054292576e-07 9.529520548204621e-08 8.859178390687851e-08 8.229846758197365e-08 7.436951438240330e-08 6.893840095928766e-08 6.581508054730736e-08 6.334050044916942e-08 6.205569276455320e-08 6.215959615888415e-08 6.090492258317566e-08 6.046084932861641e-08 6.056607385568711e-08 6.123872617314729e-08 6.234062376192900e-08 6.355887938402301e-08 6.440742877148129e-08 6.430930268280135e-08 6.280650063055246e-08 5.970593956877701e-08 5.522921581529390e-08 4.990081082108606e-08 8.258803264264724e-08 1.018017355695669e-07 1.226525584208311e-07 1.436316583785968e-07 1.662803681581844e-07 1.889318425813956e-07 2.115357777344550e-07 2.342813264106646e-07 2.560156960187738e-07 2.765024920194584e-07 2.951956841915880e-07 3.117711086230190e-07 3.140939829085925e-07 3.235689111294255e-07 3.301635090022718e-07 3.400915784110500e-07 3.546441926720153e-07 3.664485992443845e-07 3.894559892365109e-07 4.146479031986489e-07 4.471803312392316e-07 4.863174720776442e-07 5.301612802313748e-07 5.752986559592046e-07 6.175758929511138e-07 6.517139730452181e-07 6.725299400724473e-07 8.321937698419097e-07 6.506256929905251e-07 5.944955446401219e-07
1.503774441612727e-06 6.233939118031170e-05 4.279991698961317e-04 1.017070796742148e-08 8.727759455779654e-09 7.461498638259418e-09 6.374906235709966e-09 5.456881966939648e-09 4.686442196577596e-09 4.035775057657645e-09 3.475517801893419e-09 2.976400472345258e-09 2.514145430607662e-09 2.064122463931696e-09 1.607442931333668e-09 1.107207442658194e-09 5.918914938983622e-10 2.003583951776347e-11 -6.094825673424544e-10 -1.312108176644748e-09 -2.027935405975143e-09 -2.738971250284652e-09 -3.355668669429334e-09 -3.794663985130444e-09 -3.958068139421597e-09 -3.770428461039448e-09 -3.204106589424044e-09 -2.308096180177578e-09 -1.213096067948313e-09 -1.136163119161817e-10 7.768893224659292e-10 1.277490604769229e-09 1.275007283811127e-09 1.224537918827117e-07 1.255316817060168e-07 1.265923223293652e-07 1.258244029165315e-07 1.234563590110542e-07 1.197186535953003e-07 1.148822447307909e-07 1.092085033523309e-07 1.030146103026494e-07 9.659233907330470e-08 9.023365819451316e-08 8.420736298255231e-08 7.640220745900572e-08 7.104848462703911e-08 6.795852850925101e-08 6.540745075921043e-08 6.392657839851102e-08 6.367811099384219e-08 6.181136996195977e-08 6.054143298902400e-08 5.962053184800417e-08 5.914136892199663e-08 5.910825448918021e-08 5.940605129147337e-08 5.975602589407264e-08 5.972521424269463e-08 5.886625376559295e-08 5.684891118523397e-08 5.363986459056791e-08 4.952817997339213e-08 6.953469000164995e-08 8.692425106018843e-08 1.045195806828050e-07 1.240557402689433e-07 1.439561713506325e-07 1.641858792949895e-07 1.851715714647100e-07 2.056084898313822e-07 2.256101570497975e-07 2.446455953203995e-07 2.621472951673447e-07 2.775465269200518e-07 2.810857029044359e-07 2.902365332705870e-07 2.970058618543644e-07 3.073645717465003e-07 3.212617970792591e-07 3.332534471470868e-07 3.554557558113381e-07 3.797464628789122e-07 4.110022564470124e-07 4.490634279163555e-07 4.918944265490815e-07 5.368369063428679e-07 5.801560894154473e-07 6.172182703374837e-07 6.427952027976743e-07 6.506256929905251e-07 7.792319110697324e-07 5.852340288528804e-07
1.452758131257370e-06 5.979160386386162e-05 4.071440931130108e-04 1.147526546945593e-08 9.704744570016276e-09 8.158643917630419e-09 6.842565092452873e-09 5.744835261646707e-09 4.841739448791509e-09 4.100995867875965e-09 3.488492871873986e-09 2.969950027210411e-09 2.517357216916126e-09 2.102249436801535e-09 1.703296167319195e-09 1.278315926676358e-09 8.578229831508669e-10 3.960917597747149e-10 -1.186736184183157e-10 -6.954791228863979e-10 -1.312158631316227e-09 -1.959112443487900e-09 -2.581688624872527e-09 -3.122641920031289e-09 -3.501971245477758e-09 -3.641360400321813e-09 -3.478476844456550e-09 -2.997675734985648e-09 -2.248290997328503e-09 -1.351087710422395e-09 -4.776504732215832e-10 1.854756031779468e-10 4.771863407262326e-10 1.134863403101567e-07 1.167320238133756e-07 1.181477044560311e-07 1.178890651562185e-07 1.161487569689900e-07 1.131223116129654e-07 1.090441753847472e-07 1.041436650288232e-07 9.870733465239898e-08 9.300201768743148e-08 8.729920422021554e-08 8.185281364335081e-08 7.459428089920688e-08 6.963889727536569e-08 6.681654697924353e-08 6.442709257080275e-08 6.297352417949089e-08 6.258476569845217e-08 6.042424712976900e-08 5.864803693340258e-08 5.700393705749622e-08 5.560350866423212e-08 5.452152421586777e-08 5.377473599482536e-08 5.326867669022534e-08 5.276448213794715e-08 5.194736609816540e-08 5.050092087756208e-08 4.827197885629303e-08 4.532750137772002e-08 5.608556141605769e-08 6.985455867642713e-08 8.559454579003643e-08 1.017452974494766e-07 1.185883078538675e-07 1.364505885048517e-07 1.542755249655357e-07 1.721673108029982e-07 1.896669306229669e-07 2.064025089001835e-07 2.218193513479409e-07 2.361254296665091e-07 2.396107451769756e-07 2.481835114239175e-07 2.551134575150775e-07 2.645990922148233e-07 2.776416825594437e-07 2.889857408504868e-07 3.092469580719687e-07 3.314137965909309e-07 3.601375917785797e-07 3.949698990922481e-07 4.344698689935750e-07 4.763763252705392e-07 5.178329166487993e-07 5.547330638722604e-07 5.822478946410902e-07 5.944955446401219e-07 5.852340288528806e-07 6.673806080706453e-07
