6.229307156537371e-02 7.081764879709723e-02 9.235092348754154e-03 1.323668111816365e-04 1.271313185084288e-04 1.213973282083874e-04 1.153197272991239e-04 1.090493339115595e-04 1.027203028097740e-04 9.646070084186212e-05 9.037537584494878e-05 8.456435317281623e-05 7.910049773077912e-05 7.403767772828462e-05 6.940591462102175e-05 6.415424692484657e-05 6.065532595070920e-05 5.746305908264764e-05 5.395640102958845e-05 5.178106327661082e-05 4.867260236549340e-05 4.588222018883265e-05 4.293354364738660e-05 3.997750302434044e-05 3.702712633294479e-05 3.409947238902000e-05 3.122342218508849e-05 2.843153416519533e-05 2.575376297333197e-05 2.322264537681524e-05 2.086216090694276e-05 1.868987525940215e-05 1.670660967610984e-05 -3.895690214454615e-05 -4.086218027172589e-05 -4.225647768897610e-05 -4.317490988170611e-05 -4.366083646403279e-05 -4.376096691707474e-05 -4.353538235468423e-05 -4.304772841103160e-05 -4.238087527240829e-05 -4.162181522452746e-05 -4.086761553818452e-05 -4.021905601272579e-05 -3.860209279950356e-05 -3.806763818314201e-05 -3.867535795097771e-05 -3.955482937154125e-05 -4.103170876120803e-05 -4.323114554646663e-05 -4.412004377104374e-05 -4.502266706543628e-05 -4.562959046668766e-05 -4.589389133687568e-05 -4.578221341601070e-05 -4.528946008559483e-05 -4.443499425339161e-05 -4.326173121048782e-05 -4.185751122532716e-05 -4.035437771456945e-05 -3.895319357371681e-05 -3.792261453437212e-05 3.234765864300718e-07 3.801390021908277e-07 4.363367303438735e-07 4.917675524958252e-07 5.460367287163906e-07 5.985074723036398e-07 6.485462731120586e-07 6.952210928929717e-07 7.378179410734273e-07 7.754224266744212e-07 8.072631733182200e-07 8.327616604882791e-07 8.218727796876935e-07 8.297728973389751e-07 8.321290623732275e-07 8.445561571588943e-07 8.685720805045048e-07 8.878307317994656e-07 9.350792855194637e-07 9.888321867084688e-07 1.062178974797253e-06 1.154298437368973e-06 1.261666315959437e-06 1.379053005268688e-06 1.499531339848257e-06 1.614026879252871e-06 1.711673502496198e-06 1.777925525423830e-06 1.793087652712710e-06 1.726250395523805e-06
7.081764879709725e-02 9.194704156564499e-01 2.961679373497572e-01 1.542434854510913e-04 1.491279618472928e-04 1.433740134088792e-04 1.371492939767930e-04 1.306210633073391e-04 1.239412286536166e-04 1.172588521669220e-04 1.106992421015746e-04 1.043858915969349e-04 9.841272156185407e-05 9.285321157961685e-05 8.775347370219311e-05 8.178350128751497e-05 7.797006947886609e-05 7.449216711057457e-05 7.054570373780251e-05 6.828837239882504e-05 6.475182459732615e-05 6.158142649093589e-05 5.814218869891294e-05 5.463356147429909e-05 5.107233230851563e-05 4.748170333375608e-05 4.390251521165397e-05 4.038252848032820e-05 3.696779044122784e-05 3.371017386510570e-05 3.065159271900678e-05 2.782704759186984e-05 2.524932958708692e-05 -5.792054008773567e-04 -6.051521165391496e-04 -6.232784948797214e-04 -6.341879016214653e-04 -6.386001857032307e-04 -6.372770929914953e-04 -6.311656951259640e-04 -6.212516402815182e-04 -6.087820025910916e-04 -5.950419431720755e-04 -5.814370034442215e-04 -5.693986200150660e-04 -5.437801956064064e-04 -5.335387891521570e-04 -5.392801323059898e-04 -5.486877964188625e-04 -5.662005182367698e-04 -5.934104430784699e-04 -6.024057143468279e-04 -6.114631415156674e-04 -6.164066522190732e-04 -6.166772018932139e-04 -6.119102306832205e-04 -6.021254126814937e-04 -5.876656752662682e-04 -5.691761601763754e-04 -5.478755810531402e-04 -5.255319059162020e-04 -5.047678365673648e-04 -4.890277494255213e-04 1.472570896657451e-05 1.724042973867998e-05 1.971286741196646e-05 2.212890799710704e-05 2.447053646192004e-05 2.670927112845362e-05 2.881732579438287e-05 3.075427900508108e-05 3.249015072358571e-05 3.398687214860301e-05 3.521350093608038e-05 3.614825812086924e-05 3.549732896550101e-05 3.565556658899899e-05 3.557041985458441e-05 3.590963998288317e-05 3.673055059042314e-05 3.733760910235862e-05 3.910356298406198e-05 4.111496486594050e-05 4.390798987647558e-05 4.743434402156198e-05 5.153592626311359e-05 5.598874813778107e-05 6.050548260059264e-05 6.471968620304056e-05 6.820280075854967e-05 7.039179013259834e-05 7.053606434357308e-05 6.746705496420820e-05
9.235092348754151e-03 2.961679373497572e-01 1.561180278784004e+00 2.043256153302853e-05 1.985751985019432e-05 1.919288181952513e-05 1.845949953262847e-05 1.767860019195172e-05 1.686978305206484e-05 1.605270524866560e-05 1.524422179447499e-05 1.446135664491037e-05 1.371745152101754e-05 1.302334347472833e-05 1.238631634954214e-05 1.161838552289433e-05 1.114966680398927e-05 1.072389744369924e-05 1.022535652379623e-05 9.967428825988495e-06 9.518883760004472e-06 9.119248412443085e-06 8.674904251914319e-06 8.214854130937356e-06 7.741310674434140e-06 7.257527910766879e-06 6.769572611834270e-06 6.284784432116777e-06 5.810494390547338e-06 5.355251277509945e-06 4.926404058334603e-06 4.530612327079054e-06 4.171403540448008e-06 -1.612442292678146e-04 -1.691745812259330e-04 -1.749942956912532e-04 -1.788472355795266e-04 -1.809114911772350e-04 -1.813791561334194e-04 -1.804979133972233e-04 -1.785304610414424e-04 -1.758195212315724e-04 -1.727253132893515e-04 -1.696503168317811e-04 -1.670129430069388e-04 -1.603519803166350e-04 -1.581855547819843e-04 -1.607661731677353e-04 -1.644792637949792e-04 -1.706806265176173e-04 -1.798936542569373e-04 -1.836584003392801e-04 -1.874834406599021e-04 -1.900797916429712e-04 -1.912504865526872e-04 -1.908548072234104e-04 -1.888696692334816e-04 -1.853739920478635e-04 -1.805451094000491e-04 -1.747481836839783e-04 -1.685335355143989e-04 -1.627398147052788e-04 -1.584902057108584e-04 1.074687384396352e-04 1.254345881382741e-04 1.429663825393699e-04 1.599594808159394e-04 1.762826967283320e-04 1.917317768056135e-04 2.061107485311145e-04 2.191370632131657e-04 2.306073551887602e-04 2.402652763813321e-04 2.479100282782209e-04 2.534098682813838e-04 2.477586302220496e-04 2.477437537539273e-04 2.460093088685706e-04 2.471754887586927e-04 2.515926722897100e-04 2.544705393423145e-04 2.651380176370440e-04 2.773093670944226e-04 2.945517224780540e-04 3.164528927338966e-04 3.418768054667193e-04 3.692746748453295e-04 3.967156544834093e-04 4.217979435171147e-04 4.417763880657594e-04 4.531111325122638e-04 4.511575402982666e-04 4.287427269281168e-04
1.323668111816365e-04 1.542434854510913e-04 2.043256153302854e-05 5.042501035631631e-07 4.587100707060364e-07 4.340314574322503e-07 4.077375425271766e-07 3.807604598464116e-07 3.538777078015001e-07 3.277554208748181e-07 3.028389733440186e-07 2.795275124015860e-07 2.579982470372923e-07 2.384040999311422e-07 2.207477080049121e-07 2.016463654697787e-07 1.885565591863251e-07 1.767952212983189e-07 1.644461166564414e-07 1.564911404228877e-07 1.460239619865375e-07 1.368181552549573e-07 1.273953657574411e-07 1.182084444155293e-07 1.091973418437001e-07 1.003800744239050e-07 9.175613120012178e-08 8.334572681881697e-08 7.515822512289222e-08 6.723354228379986e-08 5.959291958168881e-08 5.226076534666388e-08 4.526581668652183e-08 8.336275731011858e-08 8.487605652063055e-08 8.423357569993632e-08 8.230939359499977e-08 7.997400962687615e-08 7.787451623197701e-08 7.634930201849592e-08 7.548484444173597e-08 7.523553054882908e-08 7.550212478491527e-08 7.622312758543534e-08 7.741395958269026e-08 7.678655155832495e-08 7.827859420258568e-08 8.214207721153512e-08 8.659912970032918e-08 9.235492074808300e-08 9.970515333099985e-08 1.038181360319638e-07 1.075606921837673e-07 1.100470105712014e-07 1.109832308332312e-07 1.101315381517268e-07 1.073472594144939e-07 1.026069617652914e-07 9.601180863232310e-08 8.784104486474951e-08 7.853007148309600e-08 6.867748310588476e-08 5.891467255256357e-08 5.822629425568036e-09 3.620136925481011e-09 8.819471767587279e-10 -1.766260598023422e-09 -3.794035924835089e-09 -4.916983256188407e-09 -5.115571271060055e-09 -4.581578407482365e-09 -3.599523374186737e-09 -2.444356364368334e-09 -1.321611900193435e-09 -3.653198425817499e-10 3.409635415760889e-10 8.366005272268111e-10 1.149292426284580e-09 1.370193012869252e-09 1.555975099844715e-09 1.709042428338151e-09 1.954938386813107e-09 2.280318789755136e-09 2.754513364931609e-09 3.419834597057056e-09 4.312616575438499e-09 5.466187411123970e-09 6.902437984531205e-09 8.632907015225021e-09 1.065957945673194e-08 1.295653519549224e-08 1.541976891999502e-08 1.775317860894810e-08
1.271313185084288e-04 1.491279618472928e-04 1.985751985019431e-05 4.587100707060364e-07 4.637812180427573e-07 4.213186917944249e-07 3.989874159969832e-07 3.752827678577499e-07 3.510074089573028e-07 3.268665409931440e-07 3.034808525791002e-07 2.812741842521896e-07 2.605906546301025e-07 2.415867696146377e-07 2.243436882690605e-07 2.055083896886416e-07 1.926138300336639e-07 1.809996980515378e-07 1.686865631281811e-07 1.608135026956449e-07 1.503037994188975e-07 1.410184725596163e-07 1.315218432087329e-07 1.221818458816474e-07 1.130417615773117e-07 1.040907021598664e-07 9.535376170505032e-08 8.686298165410139e-08 7.865614241304168e-08 7.077080347927015e-08 6.325327258686263e-08 5.616573268061006e-08 4.944231511536753e-08 7.710371237076197e-08 8.057089514165360e-08 8.148343478599344e-08 8.041306490660736e-08 7.817290015478934e-08 7.556438332627014e-08 7.319016296167560e-08 7.139268131257534e-08 7.030530976177484e-08 6.991632520708826e-08 7.017842912525819e-08 7.107659589904082e-08 7.047383391770279e-08 7.194101062407304e-08 7.568586875030989e-08 8.006408346119371e-08 8.572172559099772e-08 9.294126321034537e-08 9.722038793409566e-08 1.012182386760069e-07 1.041030863734073e-07 1.055970846751020e-07 1.054737336307048e-07 1.035945357672496e-07 9.993233100468970e-08 9.457479751076014e-08 8.777696667255958e-08 7.994423865570108e-08 7.164853382770573e-08 6.352229469750520e-08 7.296791981028869e-09 6.055637655250814e-09 3.845287315518271e-09 1.139148624471439e-09 -1.480439788178781e-09 -3.515828504299629e-09 -4.684174043478027e-09 -4.964679940337510e-09 -4.532939605236230e-09 -3.653613799456743e-09 -2.584211284896136e-09 -1.530390871472246e-09 -6.063392978375981e-10 9.588449130759229e-11 6.084013338757384e-10 9.927445455321850e-10 1.303272244161797e-09 1.548273155945091e-09 1.842189240826235e-09 2.177885170167612e-09 2.620663508265188e-09 3.208830854342404e-09 3.973336009463126e-09 4.941456258667969e-09 6.130697197093172e-09 7.550029485464054e-09 9.200882247842429e-09 1.106159772405109e-08 1.304600490163362e-08 1.490871866135839e-08
1.213973282083874e-04 1.433740134088792e-04 1.919288181952514e-05 4.340314574322503e-07 4.213186917944249e-07 4.267045952730813e-07 3.873062864579945e-07 3.671218649584764e-07 3.457268496999226e-07 3.239093559069580e-07 3.022741616691089e-07 2.814267676970847e-07 2.617426292392995e-07 2.434799089720362e-07 2.268290425407817e-07 2.083504793895937e-07 1.957800567822206e-07 1.843927356078642e-07 1.722175560506362e-07 1.644883738919574e-07 1.539903052414336e-07 1.447450619565628e-07 1.351689127055474e-07 1.257701516885803e-07 1.165445627175592e-07 1.074963875864955e-07 9.867679669210348e-08 9.013681003132499e-08 8.191410969203318e-08 7.407803302321513e-08 6.669583371794904e-08 5.976030480713169e-08 5.337271489437421e-08 6.859304375249092e-08 7.390948769829588e-08 7.669610095877175e-08 7.710402283719884e-08 7.568386360477575e-08 7.319873464785623e-08 7.040341959959861e-08 6.787955716638597e-08 6.598687784485862e-08 6.486870204187445e-08 6.454898478494011e-08 6.501833556658597e-08 6.430341086933835e-08 6.562694195790257e-08 6.914529908319102e-08 7.334344693608198e-08 7.880486562001136e-08 8.579382297678611e-08 9.015353463578843e-08 9.432397997249853e-08 9.752851542020839e-08 9.950326561624691e-08 1.000309073198313e-07 9.897659477932175e-08 9.630732507248506e-08 9.209572291806818e-08 8.657125283907803e-08 8.010781380582989e-08 7.324748325901154e-08 6.661630519430356e-08 7.615103117452423e-09 7.440453227202342e-09 6.160314672529842e-09 3.958880251152308e-09 1.286633548788538e-09 -1.301726868988735e-09 -3.320450397561745e-09 -4.501218395896916e-09 -4.823114642103060e-09 -4.452336170883173e-09 -3.639901344255429e-09 -2.639472327641338e-09 -1.594821544826032e-09 -7.397822956121729e-10 -5.230547506878588e-11 4.875630469842537e-10 9.247636731226884e-10 1.271560684963473e-09 1.625358293131446e-09 1.987102774917715e-09 2.416822174875033e-09 2.949680626191604e-09 3.612287171717502e-09 4.426789883555682e-09 5.406850134687823e-09 6.559103906055139e-09 7.884416848994120e-09 9.364940448550758e-09 1.093047409255524e-08 1.238091195606649e-08
1.153197272991239e-04 1.371492939767930e-04 1.845949953262848e-05 4.077375425271766e-07 3.989874159969832e-07 3.873062864579945e-07 3.928334822543296e-07 3.563568055307558e-07 3.381031909297535e-07 3.188365160739811e-07 2.992599355746243e-07 2.799773095400883e-07 2.614778210229999e-07 2.441594143896280e-07 2.281925101254379e-07 2.102239484511707e-07 1.980670872060980e-07 1.870109867031959e-07 1.750442151713404e-07 1.675221155063985e-07 1.571513747906550e-07 1.479432406983419e-07 1.383995420113267e-07 1.289766835448711e-07 1.197088518435921e-07 1.106104593607736e-07 1.017405563859445e-07 9.316577503637265e-08 8.494603221116543e-08 7.717508175672819e-08 6.985873131849784e-08 6.313674148664485e-08 5.697123907325410e-08 5.851919186828270e-08 6.521859979516262e-08 6.979057711251347e-08 7.198333332177945e-08 7.196893932965610e-08 7.028022902324301e-08 6.764695371549079e-08 6.478984363912588e-08 6.228216155066005e-08 6.046684933886596e-08 5.950101625487767e-08 5.943275993490119e-08 5.847349075622440e-08 5.953565539516211e-08 6.272199472694025e-08 6.663953985328258e-08 7.180800126946216e-08 7.846934847121469e-08 8.281916008181366e-08 8.707373037972223e-08 9.051140053348994e-08 9.288022932162832e-08 9.396993295263688e-08 9.364686627404047e-08 9.187024974641943e-08 8.869637625420634e-08 8.432824202973140e-08 7.910730226059324e-08 7.354326163104624e-08 6.824885006517502e-08 6.937593145252260e-09 7.656718849429723e-09 7.418094377752313e-09 6.116293189464487e-09 3.934950673353538e-09 1.310529171261460e-09 -1.214498060817480e-09 -3.179392927223329e-09 -4.331574433799696e-09 -4.655872801973295e-09 -4.314001552364329e-09 -3.553654949076758e-09 -2.528832452090309e-09 -1.607347496667167e-09 -7.937036601283200e-10 -1.222313397521946e-10 4.330360578648050e-10 8.844997166582568e-10 1.305732466379559e-09 1.706675533921381e-09 2.140353606140384e-09 2.639363202559397e-09 3.226893022931944e-09 3.920854091739625e-09 4.731601872793734e-09 5.663658702605472e-09 6.717265680606216e-09 7.877810659943521e-09 9.088963383279920e-09 1.018993251561747e-08
1.090493339115596e-04 1.306210633073391e-04 1.767860019195171e-05 3.807604598464116e-07 3.752827678577499e-07 3.671218649584764e-07 3.563568055307559e-07 3.618892781610342e-07 3.281967011772919e-07 3.117211807012081e-07 2.944220284797119e-07 2.769430742754573e-07 2.598824908994101e-07 2.436332813551395e-07 2.285104232474242e-07 2.111773202741542e-07 1.995382544921110e-07 1.888843495909153e-07 1.772116092502537e-07 1.699901817519724e-07 1.597678851709210e-07 1.506987940378493e-07 1.412246485007591e-07 1.318383018465149e-07 1.225665880649200e-07 1.134569145624029e-07 1.045679638552424e-07 9.597955040366697e-08 8.779024541068502e-08 8.002686033968603e-08 7.284195651666116e-08 6.624576827697794e-08 6.028101823582571e-08 4.774197221665263e-08 5.517170883350583e-08 6.109847005663332e-08 6.500012860372754e-08 6.667963058228415e-08 6.632826571450614e-08 6.447280436002188e-08 6.181298045270130e-08 5.904694903138080e-08 5.670768224625528e-08 5.512683126257868e-08 5.446619299121867e-08 5.315197035139469e-08 5.384511908908105e-08 5.660153862291528e-08 6.014266484873987e-08 6.492617488795249e-08 7.116877155789970e-08 7.541634971326924e-08 7.966389630978774e-08 8.324383546215638e-08 8.591443726474113e-08 8.747056779278439e-08 8.777759760876434e-08 8.678531493107301e-08 8.453269999000024e-08 8.119576799819840e-08 7.708304955381616e-08 7.266996417626678e-08 6.854979605944181e-08 5.616827008959189e-09 6.886396055491636e-09 7.526407236670184e-09 7.235142100670986e-09 5.923967078453577e-09 3.780296800287649e-09 1.237768723367457e-09 -1.186789354119587e-09 -3.058480491043903e-09 -4.146421090638511e-09 -4.444835427720367e-09 -4.118797321784519e-09 -3.289557998422739e-09 -2.421889304078032e-09 -1.559072068918290e-09 -7.999136057529845e-10 -1.488109778177307e-10 4.007015541937251e-10 8.907490276598678e-10 1.339782091610731e-09 1.791523715484177e-09 2.276094159465690e-09 2.813899197977103e-09 3.419352258319932e-09 4.099963695006146e-09 4.858314044018448e-09 5.693898306052195e-09 6.594695971082335e-09 7.516033702983473e-09 8.330406828679230e-09
1.027203028097740e-04 1.239412286536166e-04 1.686978305206483e-05 3.538777078015001e-07 3.510074089573028e-07 3.457268496999226e-07 3.381031909297535e-07 3.281967011772919e-07 3.336444231628175e-07 3.026226090239328e-07 2.877842608582933e-07 2.723810504290169e-07 2.569382181118156e-07 2.419684175511541e-07 2.278323069705129e-07 2.112796693857361e-07 2.002432561546310e-07 1.900698279855537e-07 1.788031014921024e-07 1.719001451122380e-07 1.619209438948350e-07 1.530451861259714e-07 1.436943106163307e-07 1.343852069037439e-07 1.251659788709892e-07 1.160692307616057e-07 1.071900980264915e-07 9.863274128830878e-08 9.042178141744531e-08 8.274317423800049e-08 7.561604239244443e-08 6.913261384165322e-08 6.336590157757093e-08 3.706828432488554e-08 4.458177234921859e-08 5.125611950375888e-08 5.647126268634590e-08 5.977787492088850e-08 6.102930209883188e-08 6.044392755069698e-08 5.853853012281660e-08 5.599250092031041e-08 5.345088541841863e-08 5.141271474897172e-08 5.019134682317664e-08 4.845802736081235e-08 4.869834147932849e-08 5.094148123463474e-08 5.401924231345611e-08 5.833342944663229e-08 6.407429665389919e-08 6.812817277601624e-08 7.227744431184916e-08 7.590720991673798e-08 7.878480155226206e-08 8.070883035226920e-08 8.154194502346790e-08 8.122320831223313e-08 7.977360161348597e-08 7.734195726620191e-08 7.420375434119521e-08 7.079875253637142e-08 6.769556208108607e-08 4.042342244073087e-09 5.494227534690829e-09 6.681496264134199e-09 7.245864335560502e-09 6.910765524195148e-09 5.606111060102025e-09 3.531482779697637e-09 1.104296310707349e-09 -1.184294569218651e-09 -2.931887171907914e-09 -3.931674816094591e-09 -4.193298953423258e-09 -3.745950544009038e-09 -3.078949240399436e-09 -2.273399591067155e-09 -1.494067987048018e-09 -7.864368756728694e-10 -1.578535097467676e-10 3.941092427197019e-10 8.941019746654003e-10 1.373554798191976e-09 1.859549776179365e-09 2.369918081527905e-09 2.916045379948063e-09 3.502901009721018e-09 4.131199882992035e-09 4.799511778783359e-09 5.497697507112080e-09 6.190564847486308e-09 6.778108347566689e-09
9.646070084186211e-05 1.172588521669220e-04 1.605270524866561e-05 3.277554208748181e-07 3.268665409931440e-07 3.239093559069580e-07 3.188365160739811e-07 3.117211807012080e-07 3.026226090239328e-07 3.079745709503637e-07 2.795046317872857e-07 2.663085184043217e-07 2.527127718780978e-07 2.392164004730270e-07 2.262449110185225e-07 2.106046126591494e-07 2.002676159835641e-07 1.906911854779595e-07 1.798593467919453e-07 1.733626203563569e-07 1.636879124228332e-07 1.550479085157185e-07 1.458778534582816e-07 1.366948772813145e-07 1.275544954171648e-07 1.185160977336829e-07 1.096843537297064e-07 1.011149795764826e-07 9.297514758720522e-08 8.531379108751391e-08 7.824490573018391e-08 7.188334781790700e-08 6.624146459156359e-08 2.711042245111495e-08 3.420313784561286e-08 4.102227010481025e-08 4.699075829872199e-08 5.156273298871083e-08 5.435660742049821e-08 5.528137886498965e-08 5.457370369391358e-08 5.274784427416216e-08 5.043314526636584e-08 4.822762244675227e-08 4.659076755841661e-08 4.445097326364898e-08 4.419885529276893e-08 4.587124940408045e-08 4.841382340589491e-08 5.218562703531323e-08 5.735267615386084e-08 6.112529729870022e-08 6.508784533925025e-08 6.867630824504181e-08 7.166663570389353e-08 7.386043396973932e-08 7.511649582499214e-08 7.536231240477864e-08 7.460048279947833e-08 7.295272271980848e-08 7.066161327964408e-08 6.813038899008169e-08 6.589877561494385e-08 2.522198629015958e-09 3.872953165640796e-09 5.250405554997289e-09 6.352584644352608e-09 6.845419855269533e-09 6.478196146271236e-09 5.205871308792278e-09 3.227575527054112e-09 9.454668774328470e-10 -1.182390326193202e-09 -2.787201730018958e-09 -3.690931586272549e-09 -3.778673011161114e-09 -3.464250077060172e-09 -2.845454397893583e-09 -2.137912746045863e-09 -1.433121372237981e-09 -7.599234694699556e-10 -1.635589472523253e-10 3.823602512594741e-10 8.931847109886616e-10 1.391559126967420e-09 1.892390238511291e-09 2.404127254975758e-09 2.929261994256530e-09 3.466584272679107e-09 4.013451887690624e-09 4.560877892215250e-09 5.081074203135499e-09 5.496226990576253e-09
9.037537584494878e-05 1.106992421015746e-04 1.524422179447500e-05 3.028389733440186e-07 3.034808525791002e-07 3.022741616691089e-07 2.992599355746243e-07 2.944220284797119e-07 2.877842608582933e-07 2.795046317872857e-07 2.848582857481463e-07 2.588455173502695e-07 2.472520238488414e-07 2.354282407669290e-07 2.237909281054435e-07 2.092213749602997e-07 1.997269446595578e-07 1.907900837370020e-07 1.805012172792690e-07 1.744618508972861e-07 1.651404702042843e-07 1.567972732468850e-07 1.478478043923013e-07 1.388342892383448e-07 1.298120760313841e-07 1.208721136498258e-07 1.120629928115896e-07 1.035673490380401e-07 9.544098836575536e-08 8.781458472249902e-08 8.081738288636274e-08 7.452007982088916e-08 6.899685614109978e-08 1.823020277928103e-08 2.458833885465471e-08 3.107971784269369e-08 3.724369438007065e-08 4.256688397796944e-08 4.657307871309750e-08 4.895211021860727e-08 4.965730479197206e-08 4.894875413721851e-08 4.730909132748952e-08 4.532208372872462e-08 4.353337002478364e-08 4.110302906657919e-08 4.038802802450191e-08 4.147481530943241e-08 4.343507510011844e-08 4.660723782806693e-08 5.114116265925903e-08 5.455097969923582e-08 5.824295799499482e-08 6.170206114826527e-08 6.471313835021657e-08 6.708077935118385e-08 6.865950425817560e-08 6.936491544622338e-08 6.918117761761650e-08 6.820317976489987e-08 6.664096213696794e-08 6.486077877242324e-08 6.337021069070902e-08 1.234125071451382e-09 2.326637825246964e-09 3.618158366896247e-09 4.914989532160453e-09 5.932559930911436e-09 6.361448802533401e-09 5.981956053249473e-09 4.762803344634671e-09 2.904466091875502e-09 7.858904682420864e-10 -1.168021133431124e-09 -2.625800321963404e-09 -3.315428575796364e-09 -3.473779451870556e-09 -3.175713213648246e-09 -2.650871709201933e-09 -2.029157966895192e-09 -1.364189842778240e-09 -7.541984782115077e-10 -1.774434763262551e-10 3.607990980843426e-10 8.763193980200519e-10 1.380055346748339e-09 1.877144968139191e-09 2.367368526061315e-09 2.847317080187176e-09 3.312739250625043e-09 3.755020628094606e-09 4.151843702966026e-09 4.442869083275239e-09
8.456435317281623e-05 1.043858915969349e-04 1.446135664491036e-05 2.795275124015859e-07 2.812741842521896e-07 2.814267676970847e-07 2.799773095400883e-07 2.769430742754572e-07 2.723810504290170e-07 2.663085184043217e-07 2.588455173502695e-07 2.643377479281454e-07 2.406978514297634e-07 2.306824287226636e-07 2.205470907376833e-07 2.072524210919552e-07 1.986854153106759e-07 1.905164795071612e-07 1.808456755020070e-07 1.753163271465081e-07 1.664070951799054e-07 1.584029202464789e-07 1.497210126305074e-07 1.409066128663385e-07 1.320576583023520e-07 1.231860923946097e-07 1.144856632167611e-07 1.060228773902087e-07 9.792146724335922e-08 9.034984368900980e-08 8.338360804389259e-08 7.714790437521625e-08 7.171129327615322e-08 1.057485447649267e-08 1.605623186916385e-08 2.192404571424844e-08 2.784511683368927e-08 3.340693983245909e-08 3.815633412780363e-08 4.168957686619561e-08 4.375627915346348e-08 4.435734980584305e-08 4.374829034287351e-08 4.238202781154608e-08 4.079045949832134e-08 3.829531115239035e-08 3.723727483108249e-08 3.778720198324958e-08 3.915819945545871e-08 4.169807271271162e-08 4.555664156450126e-08 4.853106740910949e-08 5.187548076280994e-08 5.512234651119660e-08 5.806643808549921e-08 6.051601418814694e-08 6.232164229565476e-08 6.338731097055871e-08 6.367907406487644e-08 6.326552335139637e-08 6.232470184787742e-08 6.118581469135244e-08 6.032198747868870e-08 2.389906290929059e-10 1.027086688062869e-09 2.078481335432293e-09 3.303965463868912e-09 4.518976777492319e-09 5.456775279717233e-09 5.836573488252329e-09 5.460164530005047e-09 4.312246090896096e-09 2.586638769687698e-09 6.396972370801661e-10 -1.139834372934543e-09 -2.369732099195445e-09 -3.044975704341172e-09 -3.173886333876304e-09 -2.945383058179846e-09 -2.502889926746346e-09 -1.918214406235274e-09 -1.340970100693266e-09 -7.608936891389921e-10 -2.086270893220240e-10 3.212625430576913e-10 8.338608264280680e-10 1.330063904065307e-09 1.806324233562553e-09 2.256519066252104e-09 2.674208996589797e-09 3.050301263992231e-09 3.366161402427433e-09 3.574817430094605e-09
7.910049773077912e-05 9.841272156185407e-05 1.371745152101754e-05 2.579982470372923e-07 2.605906546301025e-07 2.617426292392995e-07 2.614778210229999e-07 2.598824908994102e-07 2.569382181118155e-07 2.527127718780978e-07 2.472520238488414e-07 2.406978514297634e-07 2.464779104699822e-07 2.250797851486012e-07 2.166138269912326e-07 2.047157577591096e-07 1.972498637653161e-07 1.899624963820642e-07 1.809941568981963e-07 1.760467979206036e-07 1.676034202101427e-07 1.599832140081757e-07 1.516030707403838e-07 1.430472800779512e-07 1.343351163645659e-07 1.256322931911397e-07 1.169957483544909e-07 1.085796513789808e-07 1.005375844770548e-07 9.297527979736003e-08 8.604336874632591e-08 7.985218181730646e-08 7.447648271411770e-08 4.133778400918269e-09 8.715480150904349e-09 1.382147564134231e-08 1.922216763065550e-08 2.461761927942198e-08 2.964121181901041e-08 3.390236398247012e-08 3.705956126333793e-08 3.892423209827798e-08 3.951891711256148e-08 3.909357842848549e-08 3.806320504453297e-08 3.581249448719519e-08 3.462578431168051e-08 3.476850902490673e-08 3.560238953134952e-08 3.751511438838166e-08 4.067972298559121e-08 4.315851885114719e-08 4.608640175097168e-08 4.904386076039559e-08 5.183780075446168e-08 5.428154650349652e-08 5.622272135850050e-08 5.755457320868468e-08 5.822579679071117e-08 5.827948209489954e-08 5.786238356678762e-08 5.726688169768920e-08 5.693008792849436e-08 -4.776036209917603e-10 2.906920075853684e-11 7.931611348369672e-10 1.797433301604437e-09 2.955337867831598e-09 4.091946176375611e-09 4.961260615630983e-09 5.303588337305603e-09 4.944357719683858e-09 3.876692489631923e-09 2.288536166914922e-09 5.110353834066887e-10 -1.063049394836751e-09 -2.189221323730284e-09 -2.784717100707311e-09 -2.941198907241964e-09 -2.775907774355676e-09 -2.358805078704026e-09 -1.877040457467302e-09 -1.335909633190426e-09 -7.946295807268741e-10 -2.623066910689841e-10 2.575534913734563e-10 7.599994692173306e-10 1.237113627625055e-09 1.679236561104042e-09 2.076941980840481e-09 2.419695538817564e-09 2.690839333457472e-09 2.853192997789944e-09
7.403767772828462e-05 9.285321157961684e-05 1.302334347472834e-05 2.384040999311422e-07 2.415867696146376e-07 2.434799089720362e-07 2.441594143896280e-07 2.436332813551395e-07 2.419684175511541e-07 2.392164004730270e-07 2.354282407669289e-07 2.306824287226636e-07 2.250797851486012e-07 2.313205045824148e-07 2.120363779137282e-07 2.016998896905353e-07 1.954732763820345e-07 1.891969410489973e-07 1.810482366173067e-07 1.767623126685954e-07 1.688480833856337e-07 1.616582255981623e-07 1.536386579045237e-07 1.453118835385641e-07 1.368410468038641e-07 1.282568350815675e-07 1.197135111880334e-07 1.113733041974068e-07 1.033483717614799e-07 9.581257490466800e-08 8.889213976518175e-08 8.272557074027680e-08 7.738385533503863e-08 -1.191493869654680e-09 2.535168065830895e-09 6.850756602629384e-09 1.159734936421059e-08 1.656702884165676e-08 2.149193073643381e-08 2.605337971602437e-08 2.991547255848762e-08 3.280046836917365e-08 3.455908367477822e-08 3.523228267156932e-08 3.505421312992889e-08 3.337952053052238e-08 3.234844138891512e-08 3.229684981519978e-08 3.272142232021647e-08 3.406763790476928e-08 3.655571984150562e-08 3.849850100096063e-08 4.095204571197530e-08 4.354984850984825e-08 4.611567655294001e-08 4.847048948462914e-08 5.046069458239703e-08 5.197024991483397e-08 5.293169574481178e-08 5.336372070724234e-08 5.338267590522191e-08 5.324457878471823e-08 5.334959777289559e-08 -9.635033654281739e-10 -6.861574903628038e-10 -1.895544329092149e-10 5.458070036860789e-10 1.501728295787682e-09 2.594882128074017e-09 3.661934043296653e-09 4.472075336205560e-09 4.788451532080854e-09 4.453564492380251e-09 3.469519358900915e-09 2.015888150703856e-09 3.855453115598673e-10 -1.012131292338251e-09 -2.016500352220708e-09 -2.587710525649745e-09 -2.774914134748634e-09 -2.615438742442013e-09 -2.304619463785247e-09 -1.860401268287795e-09 -1.369042034439914e-09 -8.575915091427101e-10 -3.413604714652172e-10 1.665890931410109e-10 6.523894183966499e-10 1.101648429335652e-09 1.500890047179981e-09 1.836995553292600e-09 2.093610342021530e-09 2.240240343091555e-09
6.940591462102175e-05 8.775347370219311e-05 1.238631634954214e-05 2.207477080049121e-07 2.243436882690605e-07 2.268290425407816e-07 2.281925101254379e-07 2.285104232474242e-07 2.278323069705129e-07 2.262449110185225e-07 2.237909281054435e-07 2.205470907376833e-07 2.166138269912326e-07 2.120363779137282e-07 2.188575166633099e-07 1.982542548292538e-07 1.933813731047088e-07 1.882601367301983e-07 1.810612695142932e-07 1.775445821867274e-07 1.702353633663331e-07 1.635555475139413e-07 1.558825864842326e-07 1.478900541757541e-07 1.396192290772651e-07 1.311899532392912e-07 1.227636810752634e-07 1.144737641411013e-07 1.064786497781959e-07 9.894894939196179e-08 9.203324503180258e-08 8.585817786751583e-08 8.056174369564541e-08 -5.542392716249133e-09 -2.595692453809352e-09 9.627142178973243e-10 5.021374048072767e-09 9.436016616760671e-09 1.402006632245707e-08 1.853930753774480e-08 2.271771123750942e-08 2.627558289380875e-08 2.898098593795524e-08 3.071971412378698e-08 3.153969817557819e-08 3.071607819557131e-08 3.014051335694802e-08 3.016735062687044e-08 3.038898448027215e-08 3.130048499723123e-08 3.318214718933596e-08 3.458141517170767e-08 3.652043746786101e-08 3.869736484091451e-08 4.096232103431673e-08 4.314894884032362e-08 4.510531878035534e-08 4.670816405173551e-08 4.787551981518050e-08 4.860311643067279e-08 4.897800426459096e-08 4.922050452795002e-08 4.969335872627302e-08 -1.272359735355178e-09 -1.168874631162104e-09 -8.915089625001136e-10 -4.085737846253482e-10 2.971979169466442e-10 1.207256348486441e-09 2.242630871988300e-09 3.247848191389585e-09 4.008495122548874e-09 4.305429248645567e-09 3.998432024916630e-09 3.096208000864793e-09 1.708115032846413e-09 2.938367304150733e-10 -9.601013767962809e-10 -1.889997838465102e-09 -2.452117314304941e-09 -2.620897835298280e-09 -2.558004796693179e-09 -2.281224568824192e-09 -1.893587668737234e-09 -1.439882853656510e-09 -9.494873635443128e-10 -4.460725294846412e-10 4.846005128050520e-11 5.133508310909073e-10 9.296707116267600e-10 1.280344749698741e-09 1.547580559644010e-09 1.704765942434178e-09
6.415424692484659e-05 8.178350128751497e-05 1.161838552289433e-05 2.016463654697787e-07 2.055083896886416e-07 2.083504793895937e-07 2.102239484511706e-07 2.111773202741542e-07 2.112796693857361e-07 2.106046126591494e-07 2.092213749602997e-07 2.072524210919552e-07 2.047157577591097e-07 2.016998896905353e-07 1.982542548292538e-07 2.023362974737777e-07 1.878930723273054e-07 1.841102350226019e-07 1.781012281200812e-07 1.755258768450032e-07 1.690551490202075e-07 1.630063725549099e-07 1.559247113885410e-07 1.483680606363495e-07 1.404686315144375e-07 1.323612984727704e-07 1.241710240669092e-07 1.160740539504809e-07 1.082341121402588e-07 1.008224734379269e-07 9.399356213889468e-08 8.793298360417236e-08 8.270611753886468e-08 -8.923715485711217e-09 -6.709258270535661e-09 -3.893415612846424e-09 -5.553500413485653e-10 3.203398686785031e-09 7.254603528391125e-09 1.143659990797944e-08 1.554922645292166e-08 1.936439074938879e-08 2.264957053296754e-08 2.521783189798989e-08 2.698041467669479e-08 2.715531329768275e-08 2.727877758416943e-08 2.766006274292810e-08 2.793809809076100e-08 2.861005646339081e-08 3.000067944987778e-08 3.088586853421690e-08 3.227762029696322e-08 3.396007287328327e-08 3.582777153289400e-08 3.773921583401501e-08 3.955186597648053e-08 4.114045014863515e-08 4.241220662181134e-08 4.334211430930685e-08 4.398830841220280e-08 4.453325965576278e-08 4.529684568057780e-08 -1.427379236371970e-09 -1.449949649561407e-09 -1.341699413397312e-09 -1.071583183838374e-09 -6.106024472675462e-10 5.665668621269890e-11 9.120549277020146e-10 1.880013371220688e-09 2.815936907571756e-09 3.521599179136252e-09 3.798805366927719e-09 3.524573943981385e-09 2.618494629946438e-09 1.466439797791571e-09 2.124740834120933e-10 -9.116204599777081e-10 -1.779478139202221e-09 -2.291147424081272e-09 -2.530570526706862e-09 -2.494583768314493e-09 -2.280126718419456e-09 -1.941407230118622e-09 -1.519827516952273e-09 -1.050418183071576e-09 -5.647153865343498e-10 -9.142177388383331e-11 3.436963098400266e-10 7.182926350353384e-10 1.011593269126930e-09 1.198643878960325e-09
6.065532595070920e-05 7.797006947886609e-05 1.114966680398927e-05 1.885565591863251e-07 1.926138300336639e-07 1.957800567822206e-07 1.980670872060980e-07 1.995382544921110e-07 2.002432561546309e-07 2.002676159835641e-07 1.997269446595578e-07 1.986854153106759e-07 1.972498637653161e-07 1.954732763820345e-07 1.933813731047089e-07 1.878930723273054e-07 1.966969718011876e-07 1.834405179109433e-07 1.786138282698568e-07 1.770796597626740e-07 1.713873365083678e-07 1.660198551154346e-07 1.593972273052512e-07 1.521890370610038e-07 1.445530921761169e-07 1.365958449392309e-07 1.284974564627889e-07 1.204379333533509e-07 1.125845518874783e-07 1.051297305826847e-07 9.827106554084945e-08 9.214626411751411e-08 8.688473227973972e-08 -1.176852955044230e-08 -1.015135368600092e-08 -7.944254725204802e-09 -5.204496723018757e-09 -2.007101637628597e-09 1.554908756516950e-09 5.366709021199637e-09 9.287099915807012e-09 1.314679937482251e-08 1.675266083386701e-08 1.991146783889044e-08 2.246793691070267e-08 2.362802224584288e-08 2.457288863120397e-08 2.553595832049509e-08 2.614604772222123e-08 2.685268461175700e-08 2.799379089119251e-08 2.850191060798076e-08 2.941991262554921e-08 3.063015107379938e-08 3.209115079389496e-08 3.369979602909381e-08 3.533010728638543e-08 3.685790655629700e-08 3.818110810014513e-08 3.925592735001297e-08 4.011467986814203e-08 4.090709615736396e-08 4.191714054299307e-08 -1.515981728118946e-09 -1.627007540293075e-09 -1.639585581508133e-09 -1.526799542379722e-09 -1.259206749935600e-09 -8.092396437832048e-10 -1.630698595585580e-10 6.601674346655550e-10 1.586792985941852e-09 2.478212499725678e-09 3.148141186455402e-09 3.413670754685984e-09 3.054921768599040e-09 2.328369269652463e-09 1.283026361224511e-09 1.502022526604358e-10 -9.019437598075387e-10 -1.714552083515523e-09 -2.270871493489698e-09 -2.526980960520115e-09 -2.546635826588293e-09 -2.377900522275110e-09 -2.066664987515250e-09 -1.657391236934132e-09 -1.192463182494823e-09 -7.109293504042207e-10 -2.479605910770076e-10 1.664052633907710e-10 5.059363021266211e-10 7.443009138744211e-10
5.746305908264764e-05 7.449216711057458e-05 1.072389744369924e-05 1.767952212983189e-07 1.809996980515378e-07 1.843927356078642e-07 1.870109867031959e-07 1.888843495909153e-07 1.900698279855537e-07 1.906911854779595e-07 1.907900837370020e-07 1.905164795071612e-07 1.899624963820642e-07 1.891969410489972e-07 1.882601367301983e-07 1.841102350226019e-07 1.834405179109433e-07 1.929705600128693e-07 1.788050629228527e-07 1.784018631336220e-07 1.737191441200447e-07 1.691217956472358e-07 1.630914812308101e-07 1.563348184494250e-07 1.489947945195575e-07 1.412400821596872e-07 1.332596940975513e-07 1.252476674470222e-07 1.173869755596697e-07 1.099144946518969e-07 1.029917616545180e-07 9.680484677057476e-08 9.152327107844419e-08 -1.407773692277418e-08 -1.298690213017308e-08 -1.132600850370236e-08 -9.135254527079157e-09 -6.470380453017101e-09 -3.401113362066590e-09 -1.261926891855193e-11 3.594357944042660e-09 7.299838742121041e-09 1.096199255645479e-08 1.442168834845886e-08 1.751914720531129e-08 1.952870353960554e-08 2.128810049875862e-08 2.295008966834861e-08 2.411399046556133e-08 2.512287281917973e-08 2.627306781275909e-08 2.659225582885401e-08 2.714008063347205e-08 2.790372145897973e-08 2.892819261444883e-08 3.017224920482219e-08 3.154392672744833e-08 3.293062946105062e-08 3.422655606342434e-08 3.537228534715263e-08 3.637610800645278e-08 3.735589677309068e-08 3.855942853233404e-08 -1.537208867719545e-09 -1.709713327725073e-09 -1.809383391769629e-09 -1.813864439791524e-09 -1.697396013392903e-09 -1.431518281816494e-09 -9.905929434997588e-10 -3.626547324464028e-10 4.316593676726885e-10 1.320034915773608e-09 2.169879756519522e-09 2.806335917585880e-09 2.954463677537814e-09 2.727094279635948e-09 2.068774047199325e-09 1.140395921639977e-09 9.484460894868087e-11 -8.954671210481576e-10 -1.718004152515065e-09 -2.281032164912435e-09 -2.587323133081025e-09 -2.655449437669034e-09 -2.518916887520952e-09 -2.222137006066471e-09 -1.814968805556491e-09 -1.347171620404956e-09 -8.653180804318951e-10 -4.095548423302176e-10 -1.405269176543406e-11 2.907856585839101e-10
5.395640102958845e-05 7.054570373780251e-05 1.022535652379623e-05 1.644461166564414e-07 1.686865631281811e-07 1.722175560506362e-07 1.750442151713405e-07 1.772116092502537e-07 1.788031014921024e-07 1.798593467919453e-07 1.805012172792690e-07 1.808456755020070e-07 1.809941568981963e-07 1.810482366173067e-07 1.810612695142932e-07 1.781012281200812e-07 1.786138282698568e-07 1.788050629228527e-07 1.869563357087594e-07 1.774886700202359e-07 1.739533287897645e-07 1.703472121216338e-07 1.651365287033803e-07 1.589913241589909e-07 1.521190411970191e-07 1.447076934802837e-07 1.369656552038814e-07 1.291063690066123e-07 1.213644339031082e-07 1.139348519189063e-07 1.070264320136788e-07 1.008765965233068e-07 9.559264977610881e-08 -1.577703137549873e-08 -1.515412913849836e-08 -1.399195018915970e-08 -1.231688046961933e-08 -1.016916884672221e-08 -7.601086370395324e-09 -4.677935680808525e-09 -1.474515935265836e-09 1.923077230917657e-09 5.416802945352242e-09 8.893451380335289e-09 1.222623479331635e-08 1.483350709881257e-08 1.724631348357937e-08 1.956287862872949e-08 2.137583437306873e-08 2.288803454283183e-08 2.430098808506578e-08 2.468083562166569e-08 2.503845288334959e-08 2.544672787149878e-08 2.604561977209816e-08 2.687925476482383e-08 2.791449871344034e-08 2.906908015094798e-08 3.024504669899466e-08 3.137364188366986e-08 3.244205852436472e-08 3.353667249713856e-08 3.486677448814846e-08 -1.493326106598754e-09 -1.704664751765231e-09 -1.863927144071647e-09 -1.952825494557642e-09 -1.950048292668546e-09 -1.830622786124078e-09 -1.568126546083068e-09 -1.138852762896273e-09 -5.338278904809786e-10 2.253249574858679e-10 1.068214555567681e-09 1.869604921806329e-09 2.381665425688062e-09 2.604333646745890e-09 2.406588049229465e-09 1.849858872853565e-09 1.017924896677716e-09 4.033591823286292e-11 -9.151951099121454e-10 -1.726404502489307e-09 -2.323750917434268e-09 -2.675401924726108e-09 -2.779830066013222e-09 -2.663012393797261e-09 -2.370975539588305e-09 -1.959466975017040e-09 -1.486041497044400e-09 -1.002581550133234e-09 -5.535151452708366e-10 -1.758798285060407e-10
5.178106327661082e-05 6.828837239882505e-05 9.967428825988499e-06 1.564911404228877e-07 1.608135026956449e-07 1.644883738919574e-07 1.675221155063985e-07 1.699901817519724e-07 1.719001451122380e-07 1.733626203563570e-07 1.744618508972861e-07 1.753163271465081e-07 1.760467979206036e-07 1.767623126685954e-07 1.775445821867275e-07 1.755258768450032e-07 1.770796597626741e-07 1.784018631336220e-07 1.774886700202359e-07 1.902614337563341e-07 1.773483911763139e-07 1.748424295014074e-07 1.704912092802841e-07 1.650001329916436e-07 1.585794426635707e-07 1.514438497580933e-07 1.438384728586341e-07 1.360420351965881e-07 1.282559661906571e-07 1.207384430781923e-07 1.137506115104899e-07 1.074746161762672e-07 1.021159614370081e-07 -1.743734190062265e-08 -1.721054390396664e-08 -1.646688667057626e-08 -1.522243820020170e-08 -1.350587699774248e-08 -1.135677565940201e-08 -8.827439166233675e-09 -5.977588533354780e-09 -2.874815430072469e-09 4.096390539761718e-10 3.797963117001051e-09 7.202561848982355e-09 1.021281322529337e-08 1.311276511639627e-08 1.598834018821905e-08 1.846678444335883e-08 2.062202871888098e-08 2.254220257572692e-08 2.326581024089695e-08 2.369163215355918e-08 2.393087948937952e-08 2.420456021585545e-08 2.465488546626731e-08 2.533234002988932e-08 2.620848333758006e-08 2.720918753763585e-08 2.826541093851028e-08 2.934818362484260e-08 3.051642916715023e-08 3.194560482774169e-08 -1.444471621082978e-09 -1.683466597266306e-09 -1.885916907338109e-09 -2.036430995046723e-09 -2.117119754107024e-09 -2.106633708396950e-09 -1.981203631536997e-09 -1.715279875618978e-09 -1.288038777625352e-09 -6.924916081038119e-10 4.785347983680970e-11 8.633589115052081e-10 1.576898622096928e-09 2.120989688044579e-09 2.339692542918594e-09 2.204627576030630e-09 1.717170400587460e-09 9.211291437776908e-10 -1.297561606922851e-11 -9.677359932425132e-10 -1.814746931117804e-09 -2.464986565567426e-09 -2.862814854510519e-09 -2.993026989985725e-09 -2.879073584589697e-09 -2.571764431985514e-09 -2.136136705967171e-09 -1.637113459739091e-09 -1.132813745558130e-09 -6.708808433517925e-10
4.867260236549340e-05 6.475182459732615e-05 9.518883760004474e-06 1.460239619865375e-07 1.503037994188975e-07 1.539903052414336e-07 1.571513747906550e-07 1.597678851709210e-07 1.619209438948350e-07 1.636879124228332e-07 1.651404702042843e-07 1.664070951799054e-07 1.676034202101427e-07 1.688480833856337e-07 1.702353633663331e-07 1.690551490202075e-07 1.713873365083678e-07 1.737191441200447e-07 1.739533287897645e-07 1.773483911763139e-07 1.868019352999765e-07 1.751061388275678e-07 1.718906055638793e-07 1.673506337969621e-07 1.616757234513225e-07 1.550907578196731e-07 1.479049651155851e-07 1.403718435697079e-07 1.327589745448384e-07 1.253786568879560e-07 1.184419718103410e-07 1.122247565071415e-07 1.069122300725668e-07 -1.842588002481669e-08 -1.854757711951434e-08 -1.818689383751593e-08 -1.735165251554002e-08 -1.606093344476291e-08 -1.434343307974136e-08 -1.224037931606037e-08 -9.799884959451696e-09 -7.077673932320438e-09 -4.129005883396262e-09 -1.008503008239504e-09 2.228954425173982e-09 5.359483500263311e-09 8.450883012944197e-09 1.160729513389169e-08 1.455537277726396e-08 1.727931996170196e-08 1.976692658916779e-08 2.104790540678203e-08 2.180451857257743e-08 2.211529758498948e-08 2.222814692763418e-08 2.236550764616069e-08 2.267408548012512e-08 2.320639776162606e-08 2.393911733385670e-08 2.482223484692986e-08 2.582120393642434e-08 2.697081875143310e-08 2.841022314679990e-08 -1.339236252838083e-09 -1.588915228043678e-09 -1.815220548681075e-09 -2.005342706048083e-09 -2.144500823358228e-09 -2.214950506226123e-09 -2.196747493187419e-09 -2.066985845978026e-09 -1.803219860412721e-09 -1.386798085093918e-09 -8.135700350902370e-10 -1.080866801125396e-10 6.396309535605500e-10 1.332460971953881e-09 1.842803718136144e-09 2.090503490487157e-09 2.010315533157457e-09 1.554211806874153e-09 8.380987534032668e-10 -6.975267560606424e-11 -1.025614078651966e-09 -1.903475123908159e-09 -2.592429427415556e-09 -3.018239906321926e-09 -3.156856550807085e-09 -3.031812931034327e-09 -2.701120391444908e-09 -2.236439666246009e-09 -1.708772845756088e-09 -1.178221979663885e-09
4.588222018883265e-05 6.158142649093589e-05 9.119248412443084e-06 1.368181552549573e-07 1.410184725596163e-07 1.447450619565628e-07 1.479432406983419e-07 1.506987940378493e-07 1.530451861259714e-07 1.550479085157185e-07 1.567972732468850e-07 1.584029202464789e-07 1.599832140081757e-07 1.616582255981623e-07 1.635555475139413e-07 1.630063725549099e-07 1.660198551154346e-07 1.691217956472358e-07 1.703472121216338e-07 1.748424295014074e-07 1.751061388275678e-07 1.855673565329541e-07 1.731762155386803e-07 1.697319639097978e-07 1.649530618746256e-07 1.590852122466390e-07 1.523912583530537e-07 1.451961342431560e-07 1.378349741006598e-07 1.305790714176650e-07 1.237401746124584e-07 1.175870972681890e-07 1.123269903934500e-07 -1.919768790063382e-08 -1.961543076803075e-08 -1.958331225694446e-08 -1.910293761128884e-08 -1.818614716960978e-08 -1.685328035583463e-08 -1.513695743081562e-08 -1.307653358356092e-08 -1.072015548739600e-08 -8.114806495591686e-09 -5.303861453667708e-09 -2.323593776467752e-09 7.708161038440179e-10 3.855604742611654e-09 7.065952822115546e-09 1.026700272077978e-08 1.340670410295642e-08 1.641987746386943e-08 1.837343371293109e-08 1.968509082524803e-08 2.033750496069589e-08 2.053364004790025e-08 2.052731395552698e-08 2.054756723955349e-08 2.074213040456444e-08 2.116487962942397e-08 2.180988623229110e-08 2.265437833166461e-08 2.371881571260660e-08 2.511058473907675e-08 -1.221766500246860e-09 -1.473396872082494e-09 -1.712131539062516e-09 -1.927184025772759e-09 -2.106196635484662e-09 -2.234309734284938e-09 -2.294860833918936e-09 -2.268238875759393e-09 -2.134131190493088e-09 -1.871727038511204e-09 -1.465356880516969e-09 -9.133658161426349e-10 -2.325222934814073e-10 4.689280483959816e-10 1.119386038551331e-09 1.628433332815178e-09 1.903467413931651e-09 1.831823863509558e-09 1.455339611001939e-09 7.639185768950270e-10 -1.318194818369131e-10 -1.109457879593993e-09 -2.026253560767027e-09 -2.749923947783970e-09 -3.191220356839668e-09 -3.320766629760484e-09 -3.166827274192799e-09 -2.793962488439598e-09 -2.281030257018639e-09 -1.701237114679274e-09
4.293354364738660e-05 5.814218869891294e-05 8.674904251914319e-06 1.273953657574411e-07 1.315218432087329e-07 1.351689127055474e-07 1.383995420113267e-07 1.412246485007591e-07 1.436943106163307e-07 1.458778534582816e-07 1.478478043923013e-07 1.497210126305074e-07 1.516030707403838e-07 1.536386579045238e-07 1.558825864842326e-07 1.559247113885410e-07 1.593972273052512e-07 1.630914812308100e-07 1.651365287033803e-07 1.704912092802841e-07 1.718906055638793e-07 1.731762155386803e-07 1.828012911340144e-07 1.702828639182636e-07 1.666250466103604e-07 1.616546199324063e-07 1.556600993801615e-07 1.490116669762038e-07 1.420040924407588e-07 1.350217888540291e-07 1.283754781044283e-07 1.223626235044137e-07 1.172206872635204e-07 -1.961497527421360e-08 -2.027851032818052e-08 -2.052647451677124e-08 -2.035574124192715e-08 -1.977261033404014e-08 -1.879095138570622e-08 -1.743654384257597e-08 -1.574163867509791e-08 -1.374853455693499e-08 -1.149918993156976e-08 -9.032234304882708e-09 -6.376244240658787e-09 -3.442835387190792e-09 -5.324351970476013e-10 2.513847192351948e-09 5.712360253617171e-09 9.016499244446818e-09 1.236232988214232e-08 1.494360814239313e-08 1.691059527383442e-08 1.812171739750987e-08 1.866539703460633e-08 1.875304265059704e-08 1.864688424903829e-08 1.857676646766101e-08 1.868888192032304e-08 1.904835558350930e-08 1.966912023515573e-08 2.057394523539553e-08 2.184648749391753e-08 -1.087094783699133e-09 -1.331724927901535e-09 -1.571968288901528e-09 -1.798737388601723e-09 -2.001686615305130e-09 -2.168357540293321e-09 -2.284845010487941e-09 -2.334596113894030e-09 -2.300289106253891e-09 -2.162839141295114e-09 -1.904192511638654e-09 -1.511523634389037e-09 -9.509045040596354e-10 -3.368299732971832e-10 3.182938174155135e-10 9.410312191624762e-10 1.449579782549499e-09 1.714356596221639e-09 1.711425516229027e-09 1.359728729623788e-09 6.977442202661606e-10 -1.998933499940061e-10 -1.204024988385128e-09 -2.152971289946790e-09 -2.895715728009540e-09 -3.331746053917800e-09 -3.431745314801304e-09 -3.228474789417812e-09 -2.793483323085004e-09 -2.207374375048335e-09
3.997750302434045e-05 5.463356147429909e-05 8.214854130937354e-06 1.182084444155293e-07 1.221818458816474e-07 1.257701516885803e-07 1.289766835448711e-07 1.318383018465149e-07 1.343852069037439e-07 1.366948772813145e-07 1.388342892383448e-07 1.409066128663385e-07 1.430472800779512e-07 1.453118835385641e-07 1.478900541757541e-07 1.483680606363495e-07 1.521890370610038e-07 1.563348184494250e-07 1.589913241589909e-07 1.650001329916436e-07 1.673506337969621e-07 1.697319639097978e-07 1.702828639182637e-07 1.795364686750523e-07 1.669297757713183e-07 1.630383499285655e-07 1.579677340063766e-07 1.520030971574721e-07 1.455304862189817e-07 1.389364209309008e-07 1.325721823861313e-07 1.267747907474234e-07 1.218365935067301e-07 -1.977002301905314e-08 -2.063284666253664e-08 -2.111412253122600e-08 -2.120713905165618e-08 -2.091395691550947e-08 -2.024350082823921e-08 -1.921627493695422e-08 -1.785896668502943e-08 -1.620927004990797e-08 -1.430563516796468e-08 -1.218486976891501e-08 -9.874095172579363e-09 -7.167141867552243e-09 -4.527102292519757e-09 -1.788137075385752e-09 1.203337093004505e-09 4.423765445697073e-09 7.848548312180772e-09 1.088515721687181e-08 1.346285981021657e-08 1.533496208531176e-08 1.644194420156198e-08 1.688348137041049e-08 1.688298260306292e-08 1.670592649887240e-08 1.657982670668424e-08 1.665688766292041e-08 1.701433651377324e-08 1.770123283160230e-08 1.879306252226087e-08 -9.463863041884360e-10 -1.177690438066096e-09 -1.411414734209533e-09 -1.639933955904497e-09 -1.854548697091239e-09 -2.044754964088441e-09 -2.198885761750543e-09 -2.302945779031151e-09 -2.342333777011129e-09 -2.300549875435253e-09 -2.160846464869132e-09 -1.907813512859329e-09 -1.477784431801226e-09 -9.926166024441557e-10 -4.194585555033991e-10 1.925055372799111e-10 7.931132269424859e-10 1.277949632233293e-09 1.587446837801553e-09 1.601807251608634e-09 1.285695289802041e-09 6.365502017708155e-10 -2.748144405963717e-10 -1.306536747061657e-09 -2.277720028239149e-09 -3.020981490594013e-09 -3.429861854595384e-09 -3.475897305821507e-09 -3.197564692397118e-09 -2.667480239414286e-09
3.702712633294479e-05 5.107233230851563e-05 7.741310674434140e-06 1.091973418437001e-07 1.130417615773117e-07 1.165445627175592e-07 1.197088518435921e-07 1.225665880649200e-07 1.251659788709892e-07 1.275544954171648e-07 1.298120760313841e-07 1.320576583023520e-07 1.343351163645659e-07 1.368410468038641e-07 1.396192290772651e-07 1.404686315144375e-07 1.445530921761169e-07 1.489947945195575e-07 1.521190411970191e-07 1.585794426635707e-07 1.616757234513225e-07 1.649530618746256e-07 1.666250466103604e-07 1.669297757713183e-07 1.757328163541331e-07 1.630892164217658e-07 1.590732569707487e-07 1.540095449012619e-07 1.482419049138035e-07 1.421767222761054e-07 1.362079060276048e-07 1.307407374606569e-07 1.260692068671847e-07 -1.969943828251770e-08 -2.071873432197182e-08 -2.138981621038057e-08 -2.170329751655654e-08 -2.165794508326514e-08 -2.125882991360332e-08 -2.052233742072891e-08 -1.947086298575148e-08 -1.813854028205117e-08 -1.656122209052015e-08 -1.477500830500347e-08 -1.280816246400182e-08 -1.035890898627851e-08 -8.035435629788581e-09 -5.681570651453296e-09 -3.034266129304538e-09 -9.794837688123251e-11 3.153684057112009e-09 6.399204569757652e-09 9.413910903874553e-09 1.190380110854335e-08 1.367619234185725e-08 1.468423808323975e-08 1.504331246153459e-08 1.498451924299504e-08 1.477290928128936e-08 1.463888915745884e-08 1.473968903239100e-08 1.517677367935582e-08 1.604024575921208e-08 -8.058781244291447e-10 -1.019198045845240e-09 -1.240292294254251e-09 -1.462829874497752e-09 -1.679487398549148e-09 -1.881348036518788e-09 -2.058554496620418e-09 -2.199216257770025e-09 -2.291000743990789e-09 -2.319833309033870e-09 -2.271148419181449e-09 -2.130471672630425e-09 -1.819112543940220e-09 -1.466567857941951e-09 -1.013345543330030e-09 -4.903929155178497e-10 8.520642463714874e-11 6.557827311416172e-10 1.156219570882647e-09 1.472199440831461e-09 1.518743923001244e-09 1.224126361127105e-09 5.736523297077044e-10 -3.577337037129457e-10 -1.412400663277075e-09 -2.390502362884404e-09 -3.112452704562941e-09 -3.467272982832987e-09 -3.429024112427319e-09 -3.035529096490424e-09
3.409947238902000e-05 4.748170333375608e-05 7.257527910766876e-06 1.003800744239050e-07 1.040907021598664e-07 1.074963875864955e-07 1.106104593607736e-07 1.134569145624029e-07 1.160692307616057e-07 1.185160977336829e-07 1.208721136498258e-07 1.231860923946097e-07 1.256322931911397e-07 1.282568350815675e-07 1.311899532392912e-07 1.323612984727704e-07 1.365958449392309e-07 1.412400821596872e-07 1.447076934802837e-07 1.514438497580933e-07 1.550907578196731e-07 1.590852122466389e-07 1.616546199324063e-07 1.630383499285655e-07 1.630892164217658e-07 1.714458955198270e-07 1.588530228689266e-07 1.548530812700996e-07 1.499647798368637e-07 1.445949324713698e-07 1.391852530915675e-07 1.341475591189456e-07 1.298356750855638e-07 -1.943563383968958e-08 -2.057259438512968e-08 -2.139380120778748e-08 -2.188792263409551e-08 -2.205109683518128e-08 -2.188524938591613e-08 -2.140336095545586e-08 -2.062442971035237e-08 -1.957985386010796e-08 -1.830362947871151e-08 -1.683169551996208e-08 -1.519431365983207e-08 -1.301280199939658e-08 -1.101894480932628e-08 -9.077328611468179e-09 -6.844990024603903e-09 -4.321750018806832e-09 -1.440867226041500e-09 1.762535373904741e-09 4.969622168283952e-09 7.907401967085686e-09 1.030533583219400e-08 1.198281127159425e-08 1.291113512813440e-08 1.321877624404312e-08 1.314107461166001e-08 1.294604072133472e-08 1.286416871274275e-08 1.306660469780545e-08 1.368344540272612e-08 -6.709639825667365e-10 -8.631589844849886e-10 -1.067242344756434e-09 -1.278032664738954e-09 -1.489355456487141e-09 -1.693574153822070e-09 -1.882289550507801e-09 -2.045338862413179e-09 -2.172271280142085e-09 -2.251091960215071e-09 -2.269358433173228e-09 -2.214408739611043e-09 -2.001568456270391e-09 -1.765409028252782e-09 -1.435073047581147e-09 -1.033073238944301e-09 -5.537722036359664e-10 -8.157177598031399e-12 5.499716053466182e-10 1.045494999098780e-09 1.382237420286316e-09 1.450672814067384e-09 1.162970205762063e-09 5.002554247483834e-10 -4.531926056004438e-10 -1.521730842847648e-09 -2.488396058367320e-09 -3.162693447325169e-09 -3.430673903193577e-09 -3.262092590959280e-09
3.122342218508849e-05 4.390251521165397e-05 6.769572611834274e-06 9.175613120012178e-08 9.535376170505032e-08 9.867679669210349e-08 1.017405563859445e-07 1.045679638552424e-07 1.071900980264915e-07 1.096843537297064e-07 1.120629928115896e-07 1.144856632167611e-07 1.169957483544909e-07 1.197135111880334e-07 1.227636810752634e-07 1.241710240669092e-07 1.284974564627889e-07 1.332596940975513e-07 1.369656552038813e-07 1.438384728586341e-07 1.479049651155851e-07 1.523912583530537e-07 1.556600993801616e-07 1.579677340063766e-07 1.590732569707487e-07 1.588530228689266e-07 1.668283278936085e-07 1.544462253879937e-07 1.505945351782650e-07 1.461136780633347e-07 1.414111469239404e-07 1.369406205387173e-07 1.330911575712585e-07 -1.901551806061872e-08 -2.023600814492950e-08 -2.117211528734070e-08 -2.181114805321967e-08 -2.214708241118937e-08 -2.217913523469732e-08 -2.191724947612506e-08 -2.137756361449511e-08 -2.058928982496261e-08 -1.958514674671120e-08 -1.840133211807947e-08 -1.707042434154821e-08 -1.515302994510980e-08 -1.348144695621321e-08 -1.194596742768414e-08 -1.014816533526042e-08 -8.097745476239729e-09 -5.707771164176118e-09 -2.747778929580776e-09 4.060254726137396e-10 3.553587258041751e-09 6.414482936427864e-09 8.727357056979882e-09 1.032969237952240e-08 1.121042161790183e-08 1.150864467282474e-08 1.146627026976273e-08 1.135021506044077e-08 1.139698989963265e-08 1.179455006384512e-08 -5.461311370596649e-10 -7.154650263928066e-10 -8.997681788563806e-10 -1.094844230162950e-09 -1.295441946461657e-09 -1.494929354019272e-09 -1.686091994362926e-09 -1.860195777574899e-09 -2.008360081192461e-09 -2.120395907080342e-09 -2.185739909453017e-09 -2.193518416691130e-09 -2.058454102241270e-09 -1.915837675226183e-09 -1.692969362259411e-09 -1.411228518466253e-09 -1.054887737785470e-09 -6.012218964649028e-10 -9.081138811093390e-11 4.528404688378203e-10 9.532861570078424e-10 1.304624625650026e-09 1.381732390446567e-09 1.086823830197602e-09 4.028566993463244e-10 -5.721134293448359e-10 -1.643154248070594e-09 -2.576262893539858e-09 -3.170379132580454e-09 -3.300872065868686e-09
2.843153416519534e-05 4.038252848032820e-05 6.284784432116776e-06 8.334572681881697e-08 8.686298165410139e-08 9.013681003132499e-08 9.316577503637265e-08 9.597955040366698e-08 9.863274128830878e-08 1.011149795764826e-07 1.035673490380401e-07 1.060228773902087e-07 1.085796513789808e-07 1.113733041974068e-07 1.144737641411013e-07 1.160740539504809e-07 1.204379333533509e-07 1.252476674470222e-07 1.291063690066123e-07 1.360420351965881e-07 1.403718435697079e-07 1.451961342431560e-07 1.490116669762038e-07 1.520030971574721e-07 1.540095449012619e-07 1.548530812700996e-07 1.544462253879937e-07 1.621324898464095e-07 1.501290731978420e-07 1.466756206793642e-07 1.428458936284150e-07 1.390912365068493e-07 1.358436785527544e-07 -1.847658836995689e-08 -1.975174958164074e-08 -2.077267132523956e-08 -2.152573731860635e-08 -2.200305237981776e-08 -2.220135128851490e-08 -2.212764669880499e-08 -2.179547578288579e-08 -2.123214974622871e-08 -2.046948317238527e-08 -1.954424917656894e-08 -1.849156119226960e-08 -1.682553369334287e-08 -1.545694390168409e-08 -1.430250264721748e-08 -1.292614970910457e-08 -1.135649296019930e-08 -9.505305669649027e-09 -6.916593200991757e-09 -4.009943317870596e-09 -8.901705099156694e-10 2.206187085937341e-09 5.003216216590396e-09 7.254432061655573e-09 8.816675350220558e-09 9.695406117169610e-09 1.004231686004023e-08 1.010152322115976e-08 1.014252974529215e-08 1.040971706382272e-08 -4.348346661444996e-10 -5.807974102117142e-10 -7.440105642683412e-10 -9.210507704596639e-10 -1.107321528432270e-09 -1.296907911580944e-09 -1.483561841304525e-09 -1.659743439831745e-09 -1.817941959167521e-09 -1.949566629309222e-09 -2.045756447070115e-09 -2.097234999539501e-09 -2.021488574041922e-09 -1.950089424553688e-09 -1.813354580262746e-09 -1.634702385282781e-09 -1.397395469166163e-09 -1.060555876753109e-09 -6.581443765810701e-10 -1.689101810717075e-10 3.631437392538497e-10 8.657157226691518e-10 1.220859524237702e-09 1.291048241088289e-09 9.738304422106073e-10 2.594968012184629e-10 -7.359115467656934e-10 -1.796143956304006e-09 -2.667974781202493e-09 -3.130202754399312e-09
2.575376297333197e-05 3.696779044122784e-05 5.810494390547337e-06 7.515822512289221e-08 7.865614241304168e-08 8.191410969203318e-08 8.494603221116543e-08 8.779024541068502e-08 9.042178141744531e-08 9.297514758720523e-08 9.544098836575536e-08 9.792146724335920e-08 1.005375844770548e-07 1.033483717614800e-07 1.064786497781959e-07 1.082341121402588e-07 1.125845518874783e-07 1.173869755596697e-07 1.213644339031082e-07 1.282559661906571e-07 1.327589745448384e-07 1.378349741006597e-07 1.420040924407588e-07 1.455304862189817e-07 1.482419049138035e-07 1.499647798368638e-07 1.505945351782650e-07 1.501290731978420e-07 1.577141428870086e-07 1.463007981089957e-07 1.434838298791574e-07 1.406110781826830e-07 1.381114865196367e-07 -1.785535845548994e-08 -1.916196830313624e-08 -2.024319027477103e-08 -2.108475944589657e-08 -2.167703556805656e-08 -2.201432791832263e-08 -2.210064666612648e-08 -2.194700063189781e-08 -2.157890950680632e-08 -2.102747067963417e-08 -2.033021274896401e-08 -1.952494431245753e-08 -1.809150174823299e-08 -1.699988898076577e-08 -1.619185225125434e-08 -1.520619939722315e-08 -1.409366127683517e-08 -1.277698129073831e-08 -1.061815260543051e-08 -8.079098079026699e-09 -5.173356767850657e-09 -2.067663132187268e-09 1.000624309236407e-09 3.764574628481720e-09 5.994829980176315e-09 7.567691796255757e-09 8.507011432443486e-09 8.973414968634794e-09 9.215717375304910e-09 9.507844046986529e-09 -3.393960299215574e-10 -4.624587406940901e-10 -6.045040205984083e-10 -7.626184007309760e-10 -9.325297230837296e-10 -1.108714150713042e-09 -1.285675130774017e-09 -1.456911192339834e-09 -1.616157236712093e-09 -1.756315048748252e-09 -1.870135584531340e-09 -1.949778622770876e-09 -1.917718660432325e-09 -1.898323586933124e-09 -1.827091700933117e-09 -1.729702789569895e-09 -1.592756895385661e-09 -1.369104564147983e-09 -1.093577359123784e-09 -7.165874191888099e-10 -2.537367249551153e-10 2.657154080561213e-10 7.620919057114710e-10 1.105517843547562e-09 1.149523692987897e-09 7.920364020091823e-10 3.664549150848871e-11 -9.783349383523126e-10 -2.009653530922740e-09 -2.772136140802745e-09
2.322264537681524e-05 3.371017386510570e-05 5.355251277509946e-06 6.723354228379986e-08 7.077080347927015e-08 7.407803302321515e-08 7.717508175672820e-08 8.002686033968605e-08 8.274317423800049e-08 8.531379108751391e-08 8.781458472249904e-08 9.034984368900980e-08 9.297527979736001e-08 9.581257490466800e-08 9.894894939196182e-08 1.008224734379269e-07 1.051297305826847e-07 1.099144946518969e-07 1.139348519189063e-07 1.207384430781923e-07 1.253786568879560e-07 1.305790714176650e-07 1.350217888540291e-07 1.389364209309008e-07 1.421767222761054e-07 1.445949324713698e-07 1.461136780633346e-07 1.466756206793642e-07 1.463007981089957e-07 1.540365157443147e-07 1.434373396001474e-07 1.415842547079162e-07 1.399745712166170e-07 -1.719266396517123e-08 -1.851372625743558e-08 -1.963689015772256e-08 -2.054735120912931e-08 -2.123368663830769e-08 -2.168768946887466e-08 -2.191016129846072e-08 -2.190955650896726e-08 -2.170963574243204e-08 -2.134087226836198e-08 -2.084163779088237e-08 -2.025253024136769e-08 -1.902888441075944e-08 -1.818462091134684e-08 -1.768437572367208e-08 -1.705052468116458e-08 -1.635548169210818e-08 -1.553852732770631e-08 -1.381709547231541e-08 -1.169737532227408e-08 -9.119449008184315e-09 -6.179676323455038e-09 -3.050399153763625e-09 3.281077490771489e-11 2.814218152263517e-09 5.082274433735024e-09 6.734280135180718e-09 7.810328913822707e-09 8.482541003892925e-09 9.007914264882702e-09 -2.611923103886451e-10 -3.625739907548902e-10 -4.843729071833440e-10 -6.238894262000205e-10 -7.767894262142868e-10 -9.375421082215079e-10 -1.101195382690269e-09 -1.262135350935000e-09 -1.415305169372792e-09 -1.555086961553327e-09 -1.675831157471286e-09 -1.771042089773905e-09 -1.769606489708191e-09 -1.786461143906399e-09 -1.763158018451799e-09 -1.726640141364393e-09 -1.667865611038257e-09 -1.540196255541103e-09 -1.383526379465471e-09 -1.136294269218039e-09 -7.979029627007731e-10 -3.624694164267622e-10 1.376886776331850e-10 6.132371692188819e-10 9.236663287747307e-10 9.169046726260852e-10 4.971848726031209e-10 -3.127611299746227e-10 -1.343038227833084e-09 -2.306364035677071e-09
2.086216090694276e-05 3.065159271900678e-05 4.926404058334602e-06 5.959291958168881e-08 6.325327258686262e-08 6.669583371794902e-08 6.985873131849784e-08 7.284195651666115e-08 7.561604239244443e-08 7.824490573018391e-08 8.081738288636275e-08 8.338360804389259e-08 8.604336874632591e-08 8.889213976518175e-08 9.203324503180258e-08 9.399356213889468e-08 9.827106554084945e-08 1.029917616545180e-07 1.070264320136788e-07 1.137506115104899e-07 1.184419718103410e-07 1.237401746124584e-07 1.283754781044283e-07 1.325721823861313e-07 1.362079060276048e-07 1.391852530915675e-07 1.414111469239404e-07 1.428458936284150e-07 1.434838298791574e-07 1.434373396001474e-07 1.516735318682713e-07 1.421477849258248e-07 1.415598920997817e-07 -1.652874559448587e-08 -1.785354643299875e-08 -1.900654236319031e-08 -1.997234232616555e-08 -2.073755678584963e-08 -2.129123912538883e-08 -2.163068386815025e-08 -2.176171085229714e-08 -2.170635148321957e-08 -2.149454462243747e-08 -2.116557830313931e-08 -2.076290900258064e-08 -1.972445318103874e-08 -1.909709660854483e-08 -1.886607436974695e-08 -1.854319992340903e-08 -1.822069381892074e-08 -1.785562253638809e-08 -1.654919512841854e-08 -1.485165857661249e-08 -1.264924703849547e-08 -9.981158677339021e-09 -6.952730388260670e-09 -3.741350689269257e-09 -5.794752601454531e-10 2.288913250910897e-09 4.670688502011502e-09 6.483839685485840e-09 7.788365275715240e-09 8.774992834889841e-09 -2.006454197369689e-10 -2.820264012771209e-10 -3.851873321700047e-10 -5.073399065646550e-10 -6.436525891671901e-10 -7.881611878537480e-10 -9.362027426185417e-10 -1.082912805508405e-09 -1.224448965472246e-09 -1.356726653408171e-09 -1.475777454541912e-09 -1.576417466001052e-09 -1.594775723343750e-09 -1.635236307786641e-09 -1.645680202222225e-09 -1.653191199963379e-09 -1.652596939062975e-09 -1.600759879791968e-09 -1.543162873835447e-09 -1.417604315883747e-09 -1.219197293918270e-09 -9.224272907404619e-10 -5.211635030638141e-10 -5.436876764387507e-11 3.786055888864185e-10 6.277925993086121e-10 5.398033781309247e-10 3.118608601233996e-11 -8.442156801678267e-10 -1.863332657610272e-09
1.868987525940215e-05 2.782704759186984e-05 4.530612327079053e-06 5.226076534666387e-08 5.616573268061005e-08 5.976030480713169e-08 6.313674148664485e-08 6.624576827697794e-08 6.913261384165320e-08 7.188334781790700e-08 7.452007982088916e-08 7.714790437521625e-08 7.985218181730646e-08 8.272557074027680e-08 8.585817786751584e-08 8.793298360417236e-08 9.214626411751410e-08 9.680484677057476e-08 1.008765965233068e-07 1.074746161762672e-07 1.122247565071415e-07 1.175870972681890e-07 1.223626235044137e-07 1.267747907474234e-07 1.307407374606569e-07 1.341475591189456e-07 1.369406205387173e-07 1.390912365068493e-07 1.406110781826830e-07 1.415842547079162e-07 1.421477849258248e-07 1.513120133281514e-07 1.431068206847400e-07 -1.590659447251133e-08 -1.723084814615120e-08 -1.840794013627470e-08 -1.942171146688176e-08 -2.025648986690025e-08 -2.089825821431654e-08 -2.134043259971842e-08 -2.158609481991986e-08 -2.165562102092196e-08 -2.157856964426098e-08 -2.139529619901244e-08 -2.115224741509102e-08 -2.027410323153631e-08 -1.983452538847134e-08 -1.983715836221475e-08 -1.978653994476676e-08 -1.979275862666662e-08 -1.982994169135567e-08 -1.890246087561143e-08 -1.760218371881756e-08 -1.577630304392406e-08 -1.342248676936395e-08 -1.059066745059542e-08 -7.396582595503824e-09 -4.022856182217774e-09 -6.990143500363854e-10 2.341672204451103e-09 4.925930756921698e-09 6.997902396048816e-09 8.650345975033872e-09 -1.574979194403797e-10 -2.207748745624342e-10 -3.073107098571536e-10 -4.139266207895802e-10 -5.348678514892779e-10 -6.632630169139848e-10 -7.944704182687257e-10 -9.242219019201472e-10 -1.049901248845640e-09 -1.169058858582427e-09 -1.279550118861923e-09 -1.377537267499607e-09 -1.406773291398655e-09 -1.460838258797246e-09 -1.493869562536039e-09 -1.532266963868606e-09 -1.573877346350123e-09 -1.580026291210270e-09 -1.600217771439193e-09 -1.577452727429299e-09 -1.510009235257690e-09 -1.367078981367411e-09 -1.120683780896714e-09 -7.683281124269958e-10 -3.566920712412532e-10 4.220566883611303e-12 1.567905034110933e-10 -4.876919576195472e-11 -6.706528403910751e-10 -1.598382277217163e-09
1.670660967610985e-05 2.524932958708692e-05 4.171403540448009e-06 4.526581668652183e-08 4.944231511536753e-08 5.337271489437421e-08 5.697123907325410e-08 6.028101823582571e-08 6.336590157757092e-08 6.624146459156359e-08 6.899685614109979e-08 7.171129327615322e-08 7.447648271411770e-08 7.738385533503863e-08 8.056174369564542e-08 8.270611753886469e-08 8.688473227973971e-08 9.152327107844419e-08 9.559264977610881e-08 1.021159614370081e-07 1.069122300725668e-07 1.123269903934500e-07 1.172206872635204e-07 1.218365935067301e-07 1.260692068671847e-07 1.298356750855638e-07 1.330911575712585e-07 1.358436785527544e-07 1.381114865196367e-07 1.399745712166170e-07 1.415598920997817e-07 1.431068206847400e-07 1.537548771425315e-07 -1.536436027390348e-08 -1.668970765415658e-08 -1.789110947464952e-08 -1.895134096919084e-08 -1.985202414640942e-08 -2.057563995647245e-08 -2.111128904414460e-08 -2.145919396228686e-08 -2.163820130751507e-08 -2.167773663217289e-08 -2.161950386566707e-08 -2.151321133633270e-08 -2.077172801639249e-08 -2.049396016597955e-08 -2.070002720752743e-08 -2.088808190643651e-08 -2.118464251806885e-08 -2.157961381939353e-08 -2.099221762545022e-08 -2.005326478366054e-08 -1.857965621335187e-08 -1.653930854323937e-08 -1.394103198604661e-08 -1.084868248265371e-08 -7.390471080755201e-09 -3.755514228897220e-09 -1.736432542594549e-10 3.135456479076505e-09 6.025966696154825e-09 8.488700384928577e-09 -1.310635277399090e-10 -1.781240590262836e-10 -2.501598093142587e-10 -3.433507287350966e-10 -4.505813025974271e-10 -5.636028069071426e-10 -6.775173089517028e-10 -7.884759093624034e-10 -8.951050882584825e-10 -9.967047389451316e-10 -1.093139804384372e-09 -1.182004982347263e-09 -1.214786856242298e-09 -1.274595510539131e-09 -1.321558778629954e-09 -1.380893208698162e-09 -1.452698258024156e-09 -1.502922609563578e-09 -1.582998948205702e-09 -1.643276743217466e-09 -1.688111466656502e-09 -1.690511738923865e-09 -1.615916680811023e-09 -1.437406837498102e-09 -1.156963948529135e-09 -8.305476077300138e-10 -5.792879010811056e-10 -5.651153730141176e-10 -9.216972676346494e-10 -1.653787021263847e-09
-3.895690214454615e-05 -5.792054008773565e-04 -1.612442292678146e-04 8.336275731011861e-08 7.710371237076201e-08 6.859304375249095e-08 5.851919186828272e-08 4.774197221665264e-08 3.706828432488554e-08 2.711042245111497e-08 1.823020277928104e-08 1.057485447649268e-08 4.133778400918267e-09 -1.191493869654694e-09 -5.542392716249122e-09 -8.923715485711217e-09 -1.176852955044229e-08 -1.407773692277416e-08 -1.577703137549874e-08 -1.743734190062263e-08 -1.842588002481669e-08 -1.919768790063382e-08 -1.961497527421359e-08 -1.977002301905314e-08 -1.969943828251770e-08 -1.943563383968957e-08 -1.901551806061872e-08 -1.847658836995689e-08 -1.785535845548993e-08 -1.719266396517123e-08 -1.652874559448587e-08 -1.590659447251133e-08 -1.536436027390348e-08 1.815012521770498e-06 1.619542484244000e-06 1.582132796514672e-06 1.518620784783899e-06 1.436509496902417e-06 1.342444691879140e-06 1.242442826863862e-06 1.140962481005988e-06 1.042186891754720e-06 9.486615881264978e-07 8.628749910112616e-07 7.861556704429569e-07 6.981515284178820e-07 6.370524266263813e-07 5.987207104203480e-07 5.665336063731652e-07 5.439174326380044e-07 5.306504306850198e-07 5.018566066303412e-07 4.749256487376486e-07 4.470527357768299e-07 4.180617305979409e-07 3.884832170478136e-07 3.586796948596268e-07 3.291985827643035e-07 3.005646407339047e-07 2.735122659471253e-07 2.487743575641411e-07 2.272716204154814e-07 2.102498977148379e-07 9.965841659812769e-08 9.610566033585538e-08 8.784287143009942e-08 7.762159456739687e-08 6.811017359828805e-08 6.123908860068464e-08 5.794353655368651e-08 5.820873529603626e-08 6.141049445363267e-08 6.660801040831240e-08 7.282368927911562e-08 7.919280324066440e-08 8.206359761864280e-08 8.631510001552316e-08 8.934463668947409e-08 9.270669430403508e-08 9.658780624999417e-08 9.917898082745161e-08 1.041329993428442e-07 1.090316318206520e-07 1.152641378652243e-07 1.226219642490313e-07 1.305912593160757e-07 1.385098854374804e-07 1.456165361257355e-07 1.510527642168834e-07 1.539424535599557e-07 1.532643824493775e-07 1.477970043019785e-07 1.357274579986870e-07
-4.086218027172589e-05 -6.051521165391496e-04 -1.691745812259330e-04 8.487605652063058e-08 8.057089514165361e-08 7.390948769829588e-08 6.521859979516265e-08 5.517170883350582e-08 4.458177234921859e-08 3.420313784561288e-08 2.458833885465472e-08 1.605623186916386e-08 8.715480150904349e-09 2.535168065830897e-09 -2.595692453809346e-09 -6.709258270535662e-09 -1.015135368600092e-08 -1.298690213017307e-08 -1.515412913849835e-08 -1.721054390396663e-08 -1.854757711951433e-08 -1.961543076803074e-08 -2.027851032818051e-08 -2.063284666253663e-08 -2.071873432197182e-08 -2.057259438512967e-08 -2.023600814492951e-08 -1.975174958164074e-08 -1.916196830313624e-08 -1.851372625743558e-08 -1.785354643299874e-08 -1.723084814615120e-08 -1.668970765415658e-08 1.619542484244000e-06 1.815027152612038e-06 1.607043985492960e-06 1.555270322704809e-06 1.481627356536399e-06 1.392989352620995e-06 1.295616959982068e-06 1.195188639440570e-06 1.095885879381744e-06 1.001320360748533e-06 9.138308960470911e-07 8.351885827132993e-07 7.441813786604591e-07 6.808991414521898e-07 6.417022248292124e-07 6.087097743845007e-07 5.857499179658698e-07 5.726673628615695e-07 5.424660910836888e-07 5.143913863843807e-07 4.846997191572511e-07 4.538331246776488e-07 4.220739477650024e-07 3.899075202185313e-07 3.579176418977456e-07 3.267778202056571e-07 2.972030485010233e-07 2.700915773303057e-07 2.466079645165815e-07 2.275637681785649e-07 1.106186093781261e-07 1.122009348190760e-07 1.075484866150722e-07 9.861615198738524e-08 8.801507956093224e-08 7.821801416702805e-08 7.100884250878706e-08 6.718330865066856e-08 6.669248597737178e-08 6.888424995709321e-08 7.285403192367072e-08 7.768656530755923e-08 7.971201099987668e-08 8.355008096330046e-08 8.652464726536451e-08 9.003680964170621e-08 9.419897304662285e-08 9.719673117342046e-08 1.025759730491836e-07 1.079558975953379e-07 1.147031511262877e-07 1.226181673722481e-07 1.311924620403929e-07 1.397594351541438e-07 1.475414356870639e-07 1.536508680884571e-07 1.571708755104014e-07 1.570260440835033e-07 1.519247420488036e-07 1.399545402555770e-07
-4.225647768897610e-05 -6.232784948797214e-04 -1.749942956912532e-04 8.423357569993632e-08 8.148343478599344e-08 7.669610095877175e-08 6.979057711251347e-08 6.109847005663333e-08 5.125611950375888e-08 4.102227010481025e-08 3.107971784269367e-08 2.192404571424845e-08 1.382147564134232e-08 6.850756602629383e-09 9.627142178973411e-10 -3.893415612846406e-09 -7.944254725204790e-09 -1.132600850370235e-08 -1.399195018915970e-08 -1.646688667057625e-08 -1.818689383751593e-08 -1.958331225694446e-08 -2.052647451677124e-08 -2.111412253122599e-08 -2.138981621038056e-08 -2.139380120778747e-08 -2.117211528734070e-08 -2.077267132523956e-08 -2.024319027477103e-08 -1.963689015772256e-08 -1.900654236319031e-08 -1.840794013627470e-08 -1.789110947464952e-08 1.582132796514672e-06 1.607043985492960e-06 1.773371547527768e-06 1.561064832200137e-06 1.499198945273032e-06 1.419230486693643e-06 1.328043934517934e-06 1.231094028000272e-06 1.133827598633079e-06 1.039936789178550e-06 9.523561374567457e-07 8.735027809997651e-07 7.806823930595051e-07 7.164731191892740e-07 6.770784806397406e-07 6.439897878305596e-07 6.211440700902647e-07 6.084759120116433e-07 5.777336684364268e-07 5.485437615991454e-07 5.177289642866229e-07 4.853746318988457e-07 4.518053169310871e-07 4.176335808515703e-07 3.835263397903704e-07 3.501347007244461e-07 3.183596281576460e-07 2.892311475880558e-07 2.635810200577256e-07 2.431545743606066e-07 1.141887108468595e-07 1.210634681156077e-07 1.213355586140646e-07 1.158432029336683e-07 1.064623839298262e-07 9.562614200327235e-08 8.564796705753670e-08 7.812662745774123e-08 7.378473892455242e-08 7.250717785190970e-08 7.366030427671930e-08 7.639551677918097e-08 7.708844756505233e-08 8.011652900516625e-08 8.272561534550786e-08 8.613774741472505e-08 9.037350114816686e-08 9.363026733635460e-08 9.928132384640574e-08 1.050140901194637e-07 1.121439010989456e-07 1.204797260280037e-07 1.295249253484955e-07 1.386184122955645e-07 1.469781002217875e-07 1.537005649116222e-07 1.578411812056772e-07 1.582848140686783e-07 1.536861411557122e-07 1.420569004469101e-07
-4.317490988170611e-05 -6.341879016214652e-04 -1.788472355795266e-04 8.230939359499978e-08 8.041306490660737e-08 7.710402283719887e-08 7.198333332177949e-08 6.500012860372758e-08 5.647126268634590e-08 4.699075829872199e-08 3.724369438007066e-08 2.784511683368929e-08 1.922216763065553e-08 1.159734936421059e-08 5.021374048072776e-09 -5.553500413485643e-10 -5.204496723018742e-09 -9.135254527079146e-09 -1.231688046961933e-08 -1.522243820020169e-08 -1.735165251554000e-08 -1.910293761128883e-08 -2.035574124192714e-08 -2.120713905165616e-08 -2.170329751655653e-08 -2.188792263409550e-08 -2.181114805321967e-08 -2.152573731860635e-08 -2.108475944589656e-08 -2.054735120912930e-08 -1.997234232616554e-08 -1.942171146688176e-08 -1.895134096919084e-08 1.518620784783899e-06 1.555270322704809e-06 1.561064832200137e-06 1.700154711568000e-06 1.489912140571741e-06 1.421819820754926e-06 1.339487917284325e-06 1.249097852777247e-06 1.156003404677208e-06 1.064661991711978e-06 9.788963889427058e-07 9.008741866583354e-07 8.078012525160752e-07 7.436275170633892e-07 7.048285541572093e-07 6.721358336639081e-07 6.498536068835961e-07 6.382157791528163e-07 6.070070754899954e-07 5.774973954811840e-07 5.458805153581982e-07 5.124435334949384e-07 4.775224374471024e-07 4.417430577096409e-07 4.058393340805070e-07 3.705780499013601e-07 3.369965934509510e-07 3.057975827816211e-07 2.786586342710684e-07 2.566221725341677e-07 1.112451215051716e-07 1.224381448722513e-07 1.277934908406877e-07 1.270024552071406e-07 1.209025879592564e-07 1.112477551795321e-07 1.003336178659131e-07 9.026185488745028e-08 8.251779982150278e-08 7.770322609380592e-08 7.568373462283753e-08 7.585881543775198e-08 7.474627798680204e-08 7.656566750681345e-08 7.847723845622665e-08 8.151343780884821e-08 8.558830318412823e-08 8.892162592662298e-08 9.466670573840834e-08 1.005994864255598e-07 1.079607935952634e-07 1.165660359831782e-07 1.259346759462088e-07 1.354190405085487e-07 1.442428134157343e-07 1.514987405371677e-07 1.562266457911858e-07 1.572856559485526e-07 1.532927728376553e-07 1.422072647766224e-07
-4.366083646403280e-05 -6.386001857032307e-04 -1.809114911772349e-04 7.997400962687616e-08 7.817290015478933e-08 7.568386360477574e-08 7.196893932965611e-08 6.667963058228412e-08 5.977787492088846e-08 5.156273298871083e-08 4.256688397796940e-08 3.340693983245908e-08 2.461761927942197e-08 1.656702884165674e-08 9.436016616760657e-09 3.203398686785023e-09 -2.007101637628601e-09 -6.470380453017102e-09 -1.016916884672223e-08 -1.350587699774248e-08 -1.606093344476292e-08 -1.818614716960978e-08 -1.977261033404014e-08 -2.091395691550948e-08 -2.165794508326514e-08 -2.205109683518128e-08 -2.214708241118938e-08 -2.200305237981777e-08 -2.167703556805656e-08 -2.123368663830769e-08 -2.073755678584963e-08 -2.025648986690026e-08 -1.985202414640943e-08 1.436509496902417e-06 1.481627356536399e-06 1.499198945273032e-06 1.489912140571741e-06 1.604543877814002e-06 1.401530131301738e-06 1.330805935247912e-06 1.249323195338903e-06 1.162721475733129e-06 1.076216722796732e-06 9.935256176971223e-07 9.177675903829790e-07 8.257419935886789e-07 7.626018806690962e-07 7.249420753245846e-07 6.932051921291404e-07 6.721008279431772e-07 6.614949690750345e-07 6.305682349144945e-07 6.010528457736441e-07 5.691323941332037e-07 5.350006440860225e-07 4.991532571636251e-07 4.621789170862712e-07 4.248646442190977e-07 3.881900954251309e-07 3.528023555181839e-07 3.202531476217982e-07 2.915294731827706e-07 2.681579601539552e-07 1.035365081164539e-07 1.174573107920233e-07 1.269653736015074e-07 1.310211556773054e-07 1.293878261989134e-07 1.228560951619486e-07 1.131040828126502e-07 1.022272798818853e-07 9.219446966548976e-08 8.431521166898365e-08 7.911888093092314e-08 7.646121425032520e-08 7.314026311555563e-08 7.337939213558229e-08 7.426063899014705e-08 7.663604334360718e-08 8.030270936021775e-08 8.350690086837772e-08 8.915245998117691e-08 9.511458078756756e-08 1.025424516887038e-07 1.112549058679124e-07 1.207899069064196e-07 1.305191493135554e-07 1.396805244460867e-07 1.473734223450938e-07 1.526332806672889e-07 1.543065075296700e-07 1.509878797006651e-07 1.406064628509028e-07
-4.376096691707474e-05 -6.372770929914953e-04 -1.813791561334195e-04 7.787451623197701e-08 7.556438332627009e-08 7.319873464785623e-08 7.028022902324298e-08 6.632826571450612e-08 6.102930209883185e-08 5.435660742049821e-08 4.657307871309747e-08 3.815633412780362e-08 2.964121181901039e-08 2.149193073643380e-08 1.402006632245707e-08 7.254603528391111e-09 1.554908756516956e-09 -3.401113362066586e-09 -7.601086370395326e-09 -1.135677565940201e-08 -1.434343307974136e-08 -1.685328035583463e-08 -1.879095138570622e-08 -2.024350082823920e-08 -2.125882991360332e-08 -2.188524938591613e-08 -2.217913523469732e-08 -2.220135128851490e-08 -2.201432791832264e-08 -2.168768946887466e-08 -2.129123912538883e-08 -2.089825821431654e-08 -2.057563995647245e-08 1.342444691879140e-06 1.392989352620995e-06 1.419230486693643e-06 1.421819820754926e-06 1.401530131301738e-06 1.494751220446083e-06 1.302915411872905e-06 1.232362817480899e-06 1.154736135669413e-06 1.074717055823518e-06 9.968679527962467e-07 9.245905642352784e-07 8.349500057296376e-07 7.736455338938689e-07 7.376628653781762e-07 7.075649566421643e-07 6.877509317235670e-07 6.786275852712641e-07 6.484092215671582e-07 6.193077512523565e-07 5.874580181107021e-07 5.531408299908806e-07 5.167123675846269e-07 4.789539533908239e-07 4.407691731682348e-07 4.026869586133169e-07 3.662750612361076e-07 3.323345944743995e-07 3.023445298315579e-07 2.780033899788352e-07 9.300741297996122e-08 1.080052005604031e-07 1.201538711258457e-07 1.281696495369362e-07 1.311262589254293e-07 1.288137950449151e-07 1.220258087169514e-07 1.122961727311568e-07 1.016062321001805e-07 9.171768425804241e-08 8.381534116211834e-08 7.836101881760798e-08 7.258351360986400e-08 7.094145234979892e-08 7.048343381457337e-08 7.192069210461552e-08 7.493266717734196e-08 7.779118739471706e-08 8.313759212418120e-08 8.894811585251679e-08 9.626941319207162e-08 1.049203895071503e-07 1.144586247722931e-07 1.242795539075376e-07 1.336421216942562e-07 1.416613469849913e-07 1.473781547146412e-07 1.496382627157022e-07 1.470285631701876e-07 1.374689599940261e-07
-4.353538235468423e-05 -6.311656951259639e-04 -1.804979133972233e-04 7.634930201849596e-08 7.319016296167564e-08 7.040341959959863e-08 6.764695371549083e-08 6.447280436002189e-08 6.044392755069700e-08 5.528137886498966e-08 4.895211021860727e-08 4.168957686619562e-08 3.390236398247012e-08 2.605337971602438e-08 1.853930753774483e-08 1.143659990797946e-08 5.366709021199648e-09 -1.261926891854442e-11 -4.677935680808519e-09 -8.827439166233660e-09 -1.224037931606036e-08 -1.513695743081561e-08 -1.743654384257597e-08 -1.921627493695420e-08 -2.052233742072891e-08 -2.140336095545585e-08 -2.191724947612506e-08 -2.212764669880498e-08 -2.210064666612648e-08 -2.191016129846072e-08 -2.163068386815025e-08 -2.134043259971842e-08 -2.111128904414460e-08 1.242442826863862e-06 1.295616959982069e-06 1.328043934517934e-06 1.339487917284325e-06 1.330805935247912e-06 1.302915411872905e-06 1.378028490863610e-06 1.199982016098127e-06 1.132692169072214e-06 1.061076293470404e-06 9.896151889546056e-07 9.221654860933253e-07 8.360532794003513e-07 7.773727858690723e-07 7.437709242638528e-07 7.154438042477576e-07 6.974224501730628e-07 6.900073087037167e-07 6.608303479574035e-07 6.325737871925096e-07 6.012156631633190e-07 5.670339496767126e-07 5.305027678946963e-07 4.924245632096733e-07 4.533922919015360e-07 4.147513735274908e-07 3.772729353779614e-07 3.423118158791101e-07 3.114700325636027e-07 2.861677097046282e-07 8.132927058672951e-08 9.609320898775533e-08 1.093257056816955e-07 1.198777787128869e-07 1.265844611055403e-07 1.285903555291861e-07 1.257638021810979e-07 1.188301766806348e-07 1.092706656101672e-07 9.887034730612246e-08 8.923794109640563e-08 8.143538941684001e-08 7.321529049667794e-08 6.952776400030639e-08 6.748196820425102e-08 6.773098930146096e-08 6.985622016053297e-08 7.215427698061843e-08 7.700689896682610e-08 8.248459779640872e-08 8.952644549452166e-08 9.794802967832906e-08 1.073267143643853e-07 1.170847884785700e-07 1.265076631370964e-07 1.347332962272121e-07 1.408166421704998e-07 1.436130698418831e-07 1.417144226309939e-07 1.330503649786369e-07
-4.304772841103160e-05 -6.212516402815181e-04 -1.785304610414424e-04 7.548484444173597e-08 7.139268131257530e-08 6.787955716638595e-08 6.478984363912590e-08 6.181298045270130e-08 5.853853012281657e-08 5.457370369391357e-08 4.965730479197204e-08 4.375627915346347e-08 3.705956126333792e-08 2.991547255848760e-08 2.271771123750940e-08 1.554922645292163e-08 9.287099915807031e-09 3.594357944042662e-09 -1.474515935265847e-09 -5.977588533354776e-09 -9.799884959451696e-09 -1.307653358356092e-08 -1.574163867509791e-08 -1.785896668502942e-08 -1.947086298575148e-08 -2.062442971035237e-08 -2.137756361449511e-08 -2.179547578288579e-08 -2.194700063189783e-08 -2.190955650896727e-08 -2.176171085229714e-08 -2.158609481991986e-08 -2.145919396228686e-08 1.140962481005988e-06 1.195188639440570e-06 1.231094028000272e-06 1.249097852777247e-06 1.249323195338903e-06 1.232362817480899e-06 1.199982016098127e-06 1.260659807860929e-06 1.098163434246530e-06 1.036249478256358e-06 9.726525657925577e-07 9.112166054771065e-07 8.298308147097955e-07 7.747391067276475e-07 7.437078500943391e-07 7.177067500102391e-07 7.017056476103277e-07 6.961270851914324e-07 6.684052126513632e-07 6.412923217020293e-07 6.107944056855713e-07 5.771370311235928e-07 5.409340959703403e-07 5.026233010032847e-07 4.635109492433731e-07 4.242784887488448e-07 3.861616370357061e-07 3.505877782987852e-07 3.189486217103517e-07 2.930007715479425e-07 6.967201222386482e-08 8.337259558993621e-08 9.646198389323669e-08 1.080963170862215e-07 1.172243918001247e-07 1.227612409881820e-07 1.239720094644381e-07 1.207330389775852e-07 1.137940994136681e-07 1.044970439978783e-07 9.448668734984481e-08 8.521892156025089e-08 7.492848727613760e-08 6.925090302912197e-08 6.548412356496538e-08 6.435038270689902e-08 6.538572145215624e-08 6.692094779299679e-08 7.109874506455108e-08 7.607063821394486e-08 8.266794250031936e-08 9.069938333167811e-08 9.976156912588155e-08 1.093058693476335e-07 1.186484387068239e-07 1.269562727273534e-07 1.333054032074658e-07 1.365696315079962e-07 1.353567302125529e-07 1.276223281429102e-07
-4.238087527240829e-05 -6.087820025910916e-04 -1.758195212315724e-04 7.523553054882911e-08 7.030530976177484e-08 6.598687784485862e-08 6.228216155066004e-08 5.904694903138080e-08 5.599250092031039e-08 5.274784427416216e-08 4.894875413721851e-08 4.435734980584305e-08 3.892423209827797e-08 3.280046836917365e-08 2.627558289380875e-08 1.936439074938879e-08 1.314679937482253e-08 7.299838742121054e-09 1.923077230917651e-09 -2.874815430072467e-09 -7.077673932320433e-09 -1.072015548739600e-08 -1.374853455693499e-08 -1.620927004990796e-08 -1.813854028205117e-08 -1.957985386010796e-08 -2.058928982496261e-08 -2.123214974622872e-08 -2.157890950680632e-08 -2.170963574243204e-08 -2.170635148321957e-08 -2.165562102092196e-08 -2.163820130751507e-08 1.042186891754720e-06 1.095885879381744e-06 1.133827598633079e-06 1.156003404677208e-06 1.162721475733129e-06 1.154736135669413e-06 1.132692169072214e-06 1.098163434246530e-06 1.147969884996594e-06 1.002065392211815e-06 9.472854781482148e-07 8.929321395866178e-07 8.176120187638374e-07 7.666139570230970e-07 7.387739459439372e-07 7.153952717388043e-07 7.016003188485277e-07 6.980290322681127e-07 6.720157917258473e-07 6.463561286796285e-07 6.169757039696557e-07 5.842937424211717e-07 5.484152905550030e-07 5.105787737208843e-07 4.713897526708703e-07 4.319037400665486e-07 3.935388573659441e-07 3.574411541126757e-07 3.252973713985398e-07 2.988508464361421e-07 5.875377689026420e-08 7.099143555437468e-08 8.317267666432433e-08 9.475569093006367e-08 1.049629784287169e-07 1.128059335416700e-07 1.173251778181538e-07 1.178391001713825e-07 1.143212597841579e-07 1.074579992801092e-07 9.850742784565477e-08 8.897326149885766e-08 7.736607793455300e-08 7.004322327480208e-08 6.460535107785209e-08 6.199299499277264e-08 6.178637422640000e-08 6.238094400802564e-08 6.572468238250291e-08 7.003452678104075e-08 7.603891239305003e-08 8.353567132142052e-08 9.213908623709681e-08 1.013307542650257e-07 1.104608846775016e-07 1.187301793941424e-07 1.252413597573417e-07 1.288934316687856e-07 1.283185016939735e-07 1.215105708334129e-07
-4.162181522452746e-05 -5.950419431720755e-04 -1.727253132893514e-04 7.550212478491527e-08 6.991632520708826e-08 6.486870204187446e-08 6.046684933886596e-08 5.670768224625527e-08 5.345088541841863e-08 5.043314526636587e-08 4.730909132748952e-08 4.374829034287351e-08 3.951891711256148e-08 3.455908367477824e-08 2.898098593795524e-08 2.264957053296754e-08 1.675266083386703e-08 1.096199255645479e-08 5.416802945352237e-09 4.096390539761713e-10 -4.129005883396260e-09 -8.114806495591686e-09 -1.149918993156976e-08 -1.430563516796468e-08 -1.656122209052015e-08 -1.830362947871151e-08 -1.958514674671121e-08 -2.046948317238527e-08 -2.102747067963418e-08 -2.134087226836199e-08 -2.149454462243747e-08 -2.157856964426098e-08 -2.167773663217289e-08 9.486615881264979e-07 1.001320360748533e-06 1.039936789178550e-06 1.064661991711978e-06 1.076216722796732e-06 1.074717055823518e-06 1.061076293470404e-06 1.036249478256358e-06 1.002065392211815e-06 1.044330199514370e-06 9.151995359447601e-07 8.688901498797063e-07 8.003427371527431e-07 7.543564602651947e-07 7.301572203101242e-07 7.096891479724880e-07 6.983383110734417e-07 6.968928842979111e-07 6.728023238202829e-07 6.487844612328076e-07 6.209068162039738e-07 5.890815794395005e-07 5.542338792398856e-07 5.167822513850863e-07 4.777965902617133e-07 4.384598344889226e-07 3.998454968569897e-07 3.634895223151340e-07 3.310064897464977e-07 3.041887047250549e-07 4.893637818496790e-08 5.960284304863873e-08 7.051340951672792e-08 8.134446710912845e-08 9.159220560363340e-08 1.005143588278075e-07 1.072254340297333e-07 1.108293074628125e-07 1.107799254343260e-07 1.070616784868491e-07 1.003491766689658e-07 9.181393315488383e-08 7.993238593312981e-08 7.161132757347145e-08 6.479395383835586e-08 6.075990378645739e-08 5.924384497674146e-08 5.876137101516004e-08 6.113993544829084e-08 6.465225402385055e-08 6.993597456066361e-08 7.677414864218518e-08 8.479576632125579e-08 9.351260122579983e-08 1.023110568142561e-07 1.104291350199457e-07 1.170006104453474e-07 1.209545638358373e-07 1.209533071027964e-07 1.150374693422368e-07
-4.086761553818452e-05 -5.814370034442215e-04 -1.696503168317811e-04 7.622312758543534e-08 7.017842912525819e-08 6.454898478494011e-08 5.950101625487767e-08 5.512683126257869e-08 5.141271474897169e-08 4.822762244675229e-08 4.532208372872462e-08 4.238202781154606e-08 3.909357842848549e-08 3.523228267156932e-08 3.071971412378698e-08 2.521783189798988e-08 1.991146783889046e-08 1.442168834845886e-08 8.893451380335285e-09 3.797963117001055e-09 -1.008503008239509e-09 -5.303861453667707e-09 -9.032234304882701e-09 -1.218486976891500e-08 -1.477500830500346e-08 -1.683169551996208e-08 -1.840133211807947e-08 -1.954424917656893e-08 -2.033021274896402e-08 -2.084163779088237e-08 -2.116557830313931e-08 -2.139529619901243e-08 -2.161950386566707e-08 8.628749910112616e-07 9.138308960470912e-07 9.523561374567455e-07 9.788963889427058e-07 9.935256176971223e-07 9.968679527962467e-07 9.896151889546056e-07 9.726525657925577e-07 9.472854781482147e-07 9.151995359447601e-07 9.531624443257256e-07 8.405852948522188e-07 7.796535562690494e-07 7.392789166129950e-07 7.191861463446892e-07 7.020327778497209e-07 6.933473044684478e-07 6.941792804705883e-07 6.721681267347409e-07 6.500626462494736e-07 6.235145735588431e-07 5.931698914564784e-07 5.591462479891404e-07 5.223554106378372e-07 4.838624842252523e-07 4.446067328772414e-07 4.059999842903556e-07 3.694479277333896e-07 3.367097181484006e-07 3.095804453548210e-07 4.036421070295032e-08 4.951434076820914e-08 5.906185425076921e-08 6.881393921753813e-08 7.846542628243315e-08 8.752350292534676e-08 9.531629443407957e-08 1.010057222776303e-07 1.038326490723139e-07 1.033045224273387e-07 9.946177487246373e-08 9.296170386379744e-08 8.192811383248185e-08 7.347681907848635e-08 6.582451767722532e-08 6.062508311256967e-08 5.786040686731100e-08 5.623374516853309e-08 5.755567320171397e-08 6.015988380410897e-08 6.461783085536048e-08 7.069669497302578e-08 7.803651079889991e-08 8.617738548399996e-08 9.454262045981293e-08 1.024098353008612e-07 1.089469419284620e-07 1.131162281346111e-07 1.136133946234189e-07 1.085294551337428e-07
-4.021905601272579e-05 -5.693986200150660e-04 -1.670129430069389e-04 7.741395958269026e-08 7.107659589904082e-08 6.501833556658597e-08 5.943275993490119e-08 5.446619299121868e-08 5.019134682317660e-08 4.659076755841658e-08 4.353337002478364e-08 4.079045949832133e-08 3.806320504453297e-08 3.505421312992889e-08 3.153969817557818e-08 2.698041467669478e-08 2.246793691070267e-08 1.751914720531129e-08 1.222623479331634e-08 7.202561848982350e-09 2.228954425173976e-09 -2.323593776467753e-09 -6.376244240658795e-09 -9.874095172579365e-09 -1.280816246400182e-08 -1.519431365983208e-08 -1.707042434154821e-08 -1.849156119226961e-08 -1.952494431245754e-08 -2.025253024136770e-08 -2.076290900258064e-08 -2.115224741509102e-08 -2.151321133633270e-08 7.861556704429568e-07 8.351885827132993e-07 8.735027809997650e-07 9.008741866583354e-07 9.177675903829789e-07 9.245905642352784e-07 9.221654860933253e-07 9.112166054771065e-07 8.929321395866178e-07 8.688901498797063e-07 8.405852948522189e-07 8.769392271770661e-07 7.571440619727848e-07 7.227754423998849e-07 7.072768800322511e-07 6.938527959939469e-07 6.881562815866501e-07 6.914659734263127e-07 6.718013178292176e-07 6.514189119340245e-07 6.267070943658790e-07 5.975852879838206e-07 5.645942146873635e-07 5.286234347435722e-07 4.905451831406870e-07 4.515101987933208e-07 4.128923547059928e-07 3.762017780163274e-07 3.431550174748021e-07 3.158616380177579e-07 3.304642219224195e-08 4.081199283086777e-08 4.905077446716700e-08 5.764303289446450e-08 6.640290177052345e-08 7.502056713114547e-08 8.304442801729442e-08 8.982484042309388e-08 9.463626043920247e-08 9.678161354979625e-08 9.586020596885107e-08 9.195971986607133e-08 8.272614901258109e-08 7.506473849074637e-08 6.731133342913898e-08 6.141249437463793e-08 5.762759617758328e-08 5.489659576163898e-08 5.513088817243343e-08 5.674903691984892e-08 6.029910644067097e-08 6.553972600251577e-08 7.212007125392039e-08 7.960568193329120e-08 8.745564992051013e-08 9.498790068914131e-08 1.014063475402297e-07 1.057079839694558e-07 1.066226593300648e-07 1.022911220164899e-07
-3.860209279950356e-05 -5.437801956064064e-04 -1.603519803166350e-04 7.678655155832494e-08 7.047383391770279e-08 6.430341086933835e-08 5.847349075622441e-08 5.315197035139466e-08 4.845802736081233e-08 4.445097326364898e-08 4.110302906657919e-08 3.829531115239035e-08 3.581249448719520e-08 3.337952053052237e-08 3.071607819557131e-08 2.715531329768275e-08 2.362802224584288e-08 1.952870353960555e-08 1.483350709881256e-08 1.021281322529338e-08 5.359483500263318e-09 7.708161038440221e-10 -3.442835387190794e-09 -7.167141867552233e-09 -1.035890898627851e-08 -1.301280199939657e-08 -1.515302994510980e-08 -1.682553369334286e-08 -1.809150174823299e-08 -1.902888441075944e-08 -1.972445318103874e-08 -2.027410323153631e-08 -2.077172801639250e-08 6.981515284178820e-07 7.441813786604591e-07 7.806823930595051e-07 8.078012525160752e-07 8.257419935886789e-07 8.349500057296377e-07 8.360532794003513e-07 8.298308147097955e-07 8.176120187638375e-07 8.003427371527432e-07 7.796535562690494e-07 7.571440619727848e-07 7.699948751063291e-07 6.854847533130411e-07 6.752381434980926e-07 6.662514627876252e-07 6.640156690695802e-07 6.700728486522319e-07 6.531598529931716e-07 6.355441899785330e-07 6.130919445807396e-07 5.861352254030174e-07 5.552181674132569e-07 5.209769601826099e-07 4.844427721042700e-07 4.467370380396538e-07 4.091917451765655e-07 3.733130629134894e-07 3.410450181390270e-07 3.141661714475224e-07 2.611405283502156e-08 3.246347399678884e-08 3.930517945431764e-08 4.656594944480147e-08 5.413010546675384e-08 6.180515445906224e-08 6.931087657323197e-08 7.620949497537618e-08 8.194765752844906e-08 8.586671638695872e-08 8.738213061078467e-08 8.618397156287614e-08 7.952099526314485e-08 7.360383491955275e-08 6.674607149758744e-08 6.095089157746589e-08 5.668342275104344e-08 5.313994165388310e-08 5.237065372639589e-08 5.295669854402689e-08 5.546746049090160e-08 5.968143245274833e-08 6.527203407882803e-08 7.184091627708757e-08 7.889560767529810e-08 8.581222281832924e-08 9.185348058345453e-08 9.607971789301976e-08 9.729018783696891e-08 9.372462774439533e-08
-3.806763818314201e-05 -5.335387891521570e-04 -1.581855547819843e-04 7.827859420258567e-08 7.194101062407304e-08 6.562694195790257e-08 5.953565539516208e-08 5.384511908908100e-08 4.869834147932849e-08 4.419885529276892e-08 4.038802802450189e-08 3.723727483108246e-08 3.462578431168050e-08 3.234844138891511e-08 3.014051335694802e-08 2.727877758416943e-08 2.457288863120397e-08 2.128810049875863e-08 1.724631348357937e-08 1.311276511639628e-08 8.450883012944203e-09 3.855604742611651e-09 -5.324351970475967e-10 -4.527102292519756e-09 -8.035435629788586e-09 -1.101894480932629e-08 -1.348144695621321e-08 -1.545694390168409e-08 -1.699988898076577e-08 -1.818462091134684e-08 -1.909709660854482e-08 -1.983452538847133e-08 -2.049396016597955e-08 6.370524266263813e-07 6.808991414521898e-07 7.164731191892741e-07 7.436275170633892e-07 7.626018806690962e-07 7.736455338938689e-07 7.773727858690723e-07 7.747391067276475e-07 7.666139570230969e-07 7.543564602651947e-07 7.392789166129950e-07 7.227754423998849e-07 6.854847533130410e-07 7.159598413034166e-07 6.588379504609181e-07 6.543031582122473e-07 6.559057778948827e-07 6.649179743223737e-07 6.509672476806379e-07 6.355356548790219e-07 6.149818002569808e-07 5.896904046956102e-07 5.599943699133861e-07 5.267372913847076e-07 4.909063530494574e-07 4.535950242852213e-07 4.162027262746727e-07 3.804069099867850e-07 3.479476532075628e-07 3.208990236871892e-07 2.096182109527924e-08 2.623158819473709e-08 3.199699022168290e-08 3.821613549314178e-08 4.481341804513312e-08 5.165924618184654e-08 5.857184304834575e-08 6.526137593471228e-08 7.134316709343527e-08 7.629237364343241e-08 7.952984535827873e-08 8.055858250333691e-08 7.637935353620829e-08 7.246627194222604e-08 6.699286520909195e-08 6.184139714522174e-08 5.755986587469215e-08 5.350147991613084e-08 5.193278888882519e-08 5.158773253292227e-08 5.313509587758939e-08 5.640496824609084e-08 6.110528744590848e-08 6.686982885853043e-08 7.324257735600141e-08 7.964168812849662e-08 8.537133707766246e-08 8.953362076624097e-08 9.096900156063723e-08 8.797193386156051e-08
-3.867535795097771e-05 -5.392801323059898e-04 -1.607661731677353e-04 8.214207721153515e-08 7.568586875030988e-08 6.914529908319102e-08 6.272199472694025e-08 5.660153862291525e-08 5.094148123463474e-08 4.587124940408047e-08 4.147481530943241e-08 3.778720198324958e-08 3.476850902490674e-08 3.229684981519977e-08 3.016735062687046e-08 2.766006274292810e-08 2.553595832049511e-08 2.295008966834862e-08 1.956287862872950e-08 1.598834018821906e-08 1.160729513389170e-08 7.065952822115551e-09 2.513847192351951e-09 -1.788137075385745e-09 -5.681570651453285e-09 -9.077328611468181e-09 -1.194596742768414e-08 -1.430250264721747e-08 -1.619185225125433e-08 -1.768437572367208e-08 -1.886607436974694e-08 -1.983715836221474e-08 -2.070002720752743e-08 5.987207104203480e-07 6.417022248292125e-07 6.770784806397407e-07 7.048285541572094e-07 7.249420753245847e-07 7.376628653781763e-07 7.437709242638529e-07 7.437078500943391e-07 7.387739459439372e-07 7.301572203101243e-07 7.191861463446892e-07 7.072768800322512e-07 6.752381434980926e-07 6.588379504609181e-07 7.086438609444551e-07 6.585978910852640e-07 6.642883218399713e-07 6.773689894813304e-07 6.662162963378790e-07 6.530256978151178e-07 6.341754670769029e-07 6.099188047332479e-07 5.808345948699279e-07 5.477575351395065e-07 5.117037530067863e-07 4.738200351773653e-07 4.357029729748324e-07 3.988964173282657e-07 3.654047052327141e-07 3.375373589842178e-07 1.710899424874516e-08 2.156006721264538e-08 2.650438209022363e-08 3.192397322274589e-08 3.777102394773577e-08 4.395287181113379e-08 5.034078703848496e-08 5.673238042541985e-08 6.286449604250090e-08 6.835268947533273e-08 7.271556127464340e-08 7.543461257022224e-08 7.342686035215582e-08 7.155002281269490e-08 6.776423021517154e-08 6.373637831920483e-08 5.994718447743031e-08 5.576533864592874e-08 5.368889872163707e-08 5.256768178339027e-08 5.323887331366733e-08 5.562615673088800e-08 5.949815054427241e-08 6.453058574865842e-08 7.030050995000396e-08 7.625605237682387e-08 8.172710111952032e-08 8.583690454870695e-08 8.743974871974157e-08 8.484145155782570e-08
-3.955482937154126e-05 -5.486877964188626e-04 -1.644792637949791e-04 8.659912970032917e-08 8.006408346119370e-08 7.334344693608198e-08 6.663953985328258e-08 6.014266484873986e-08 5.401924231345611e-08 4.841382340589494e-08 4.343507510011843e-08 3.915819945545870e-08 3.560238953134952e-08 3.272142232021648e-08 3.038898448027216e-08 2.793809809076099e-08 2.614604772222123e-08 2.411399046556133e-08 2.137583437306872e-08 1.846678444335884e-08 1.455537277726396e-08 1.026700272077977e-08 5.712360253617167e-09 1.203337093004505e-09 -3.034266129304536e-09 -6.844990024603907e-09 -1.014816533526043e-08 -1.292614970910458e-08 -1.520619939722316e-08 -1.705052468116459e-08 -1.854319992340904e-08 -1.978653994476676e-08 -2.088808190643651e-08 5.665336063731653e-07 6.087097743845007e-07 6.439897878305596e-07 6.721358336639081e-07 6.932051921291404e-07 7.075649566421644e-07 7.154438042477576e-07 7.177067500102391e-07 7.153952717388043e-07 7.096891479724880e-07 7.020327778497209e-07 6.938527959939469e-07 6.662514627876252e-07 6.543031582122474e-07 6.585978910852640e-07 7.127894676941848e-07 6.739129739491118e-07 6.914314429706463e-07 6.837830824750191e-07 6.734725234405302e-07 6.565820457952856e-07 6.336391992490824e-07 6.052734364327706e-07 5.723755964585587e-07 5.360276263526632e-07 4.976015759811295e-07 4.585148107541935e-07 4.205634529802714e-07 3.860316875725251e-07 3.570804366874251e-07 1.383765734999090e-08 1.757503710787698e-08 2.179147423182855e-08 2.648788030435997e-08 3.163933013834037e-08 3.718126664268360e-08 4.301860114689708e-08 4.900072033034556e-08 5.494157688059415e-08 6.056867644071551e-08 6.552318773940925e-08 6.936610788419554e-08 6.913718591236888e-08 6.914191707863297e-08 6.722496482270166e-08 6.474314993496250e-08 6.201584804155853e-08 5.827756123791241e-08 5.615153643650059e-08 5.454934240427086e-08 5.448996970693865e-08 5.602736614168124e-08 5.903233775250594e-08 6.325643698352999e-08 6.833090263233555e-08 7.374385756727018e-08 7.885520583353635e-08 8.281123483787811e-08 8.448110542580187e-08 8.218050889689615e-08
-4.103170876120803e-05 -5.662005182367698e-04 -1.706806265176173e-04 9.235492074808300e-08 8.572172559099769e-08 7.880486562001137e-08 7.180800126946219e-08 6.492617488795250e-08 5.833342944663229e-08 5.218562703531323e-08 4.660723782806695e-08 4.169807271271164e-08 3.751511438838166e-08 3.406763790476928e-08 3.130048499723124e-08 2.861005646339081e-08 2.685268461175701e-08 2.512287281917976e-08 2.288803454283183e-08 2.062202871888100e-08 1.727931996170196e-08 1.340670410295642e-08 9.016499244446831e-09 4.423765445697082e-09 -9.794837688123861e-11 -4.321750018806832e-09 -8.097745476239732e-09 -1.135649296019929e-08 -1.409366127683517e-08 -1.635548169210818e-08 -1.822069381892074e-08 -1.979275862666662e-08 -2.118464251806884e-08 5.439174326380044e-07 5.857499179658700e-07 6.211440700902647e-07 6.498536068835961e-07 6.721008279431772e-07 6.877509317235670e-07 6.974224501730629e-07 7.017056476103277e-07 7.016003188485277e-07 6.983383110734416e-07 6.933473044684478e-07 6.881562815866501e-07 6.640156690695802e-07 6.559057778948828e-07 6.642883218399713e-07 6.739129739491118e-07 7.396401109406488e-07 7.121440515446671e-07 7.087386321068734e-07 7.018011877965254e-07 6.873833246447884e-07 6.659834113677970e-07 6.383158202845491e-07 6.054068517884874e-07 5.686108189471327e-07 5.291247886780183e-07 4.886635354063857e-07 4.492836812080787e-07 4.131177724889085e-07 3.828551344870455e-07 1.112816419990409e-08 1.426879765632237e-08 1.787074753778721e-08 2.194876710289243e-08 2.649636736966185e-08 3.147243481414550e-08 3.680726180105345e-08 4.238320304915675e-08 4.805829718255727e-08 5.363087283859185e-08 5.883984982129498e-08 6.335041052957609e-08 6.443314255653036e-08 6.596921172304218e-08 6.580658474511788e-08 6.503518347700988e-08 6.375721952423563e-08 6.099098041363434e-08 5.934796141706335e-08 5.769892325063633e-08 5.720377316899252e-08 5.804749892216871e-08 6.023183552431254e-08 6.362349140859608e-08 6.794198882416609e-08 7.273605227282829e-08 7.740379352311671e-08 8.111372042576554e-08 8.274386177322518e-08 8.060682682797832e-08
-4.323114554646663e-05 -5.934104430784699e-04 -1.798936542569373e-04 9.970515333099983e-08 9.294126321034537e-08 8.579382297678614e-08 7.846934847121468e-08 7.116877155789970e-08 6.407429665389916e-08 5.735267615386081e-08 5.114116265925903e-08 4.555664156450125e-08 4.067972298559121e-08 3.655571984150561e-08 3.318214718933596e-08 3.000067944987777e-08 2.799379089119252e-08 2.627306781275909e-08 2.430098808506577e-08 2.254220257572692e-08 1.976692658916779e-08 1.641987746386942e-08 1.236232988214231e-08 7.848548312180772e-09 3.153684057112014e-09 -1.440867226041508e-09 -5.707771164176123e-09 -9.505305669649027e-09 -1.277698129073832e-08 -1.553852732770633e-08 -1.785562253638810e-08 -1.982994169135566e-08 -2.157961381939354e-08 5.306504306850198e-07 5.726673628615696e-07 6.084759120116433e-07 6.382157791528163e-07 6.614949690750346e-07 6.786275852712641e-07 6.900073087037167e-07 6.961270851914325e-07 6.980290322681127e-07 6.968928842979112e-07 6.941792804705883e-07 6.914659734263127e-07 6.700728486522319e-07 6.649179743223737e-07 6.773689894813304e-07 6.914314429706463e-07 7.121440515446671e-07 7.937263798783336e-07 7.422484430715961e-07 7.395156982134765e-07 7.282312628310181e-07 7.087874020353728e-07 6.819484387385266e-07 6.490644750923722e-07 6.113823467248536e-07 5.704392918121391e-07 5.282494360214139e-07 4.867331405440661e-07 4.485666756969374e-07 4.165376278736358e-07 8.852784421629897e-09 1.149343808577930e-08 1.457809904439906e-08 1.813114959720634e-08 2.216022546389933e-08 2.664372536236125e-08 3.153365310143989e-08 3.673785205362386e-08 4.214185488303175e-08 4.758485377761196e-08 5.286773581877885e-08 5.774085613396242e-08 5.973296546228602e-08 6.240587033408922e-08 6.372074463014261e-08 6.459064655348828e-08 6.495244221610730e-08 6.356450681047795e-08 6.293871307632743e-08 6.177994614422481e-08 6.129611162580430e-08 6.175092562576706e-08 6.326887790189358e-08 6.585902377845331e-08 6.937202267804457e-08 7.345555589070166e-08 7.757002245992113e-08 8.091422496154101e-08 8.237175237841555e-08 8.023853272474629e-08
-4.412004377104375e-05 -6.024057143468279e-04 -1.836584003392801e-04 1.038181360319638e-07 9.722038793409566e-08 9.015353463578844e-08 8.281916008181365e-08 7.541634971326925e-08 6.812817277601625e-08 6.112529729870021e-08 5.455097969923582e-08 4.853106740910949e-08 4.315851885114717e-08 3.849850100096062e-08 3.458141517170766e-08 3.088586853421688e-08 2.850191060798077e-08 2.659225582885402e-08 2.468083562166568e-08 2.326581024089693e-08 2.104790540678204e-08 1.837343371293110e-08 1.494360814239313e-08 1.088515721687180e-08 6.399204569757657e-09 1.762535373904741e-09 -2.747778929580787e-09 -6.916593200991757e-09 -1.061815260543052e-08 -1.381709547231542e-08 -1.654919512841854e-08 -1.890246087561142e-08 -2.099221762545022e-08 5.018566066303413e-07 5.424660910836888e-07 5.777336684364268e-07 6.070070754899954e-07 6.305682349144945e-07 6.484092215671583e-07 6.608303479574036e-07 6.684052126513633e-07 6.720157917258473e-07 6.728023238202829e-07 6.721681267347410e-07 6.718013178292176e-07 6.531598529931716e-07 6.509672476806379e-07 6.662162963378790e-07 6.837830824750190e-07 7.087386321068734e-07 7.422484430715961e-07 8.011282252650052e-07 7.510010086081449e-07 7.440302747931618e-07 7.279813679542823e-07 7.037057968904724e-07 6.723037889347890e-07 6.353543260733950e-07 5.946943275392235e-07 5.521382092611081e-07 5.100836100244218e-07 4.712221556515978e-07 4.385368049629961e-07 6.572368662240491e-09 8.685040767213637e-09 1.120694669938466e-08 1.416779290104478e-08 1.758475776825045e-08 2.145220277935914e-08 2.574216157985697e-08 3.038809123837565e-08 3.530126665816465e-08 4.035285868175239e-08 4.538649775579356e-08 5.021573921557383e-08 5.270874042545394e-08 5.601478469284268e-08 5.836052136909111e-08 6.054258268353359e-08 6.242698424990568e-08 6.264328295984032e-08 6.342809582852524e-08 6.333003240009963e-08 6.342422171972192e-08 6.394138533516000e-08 6.505501109684527e-08 6.689642525312363e-08 6.947707062694276e-08 7.260286374037824e-08 7.586230292257361e-08 7.854595030878059e-08 7.960185856486640e-08 7.738021155014906e-08
-4.502266706543629e-05 -6.114631415156674e-04 -1.874834406599020e-04 1.075606921837673e-07 1.012182386760069e-07 9.432397997249852e-08 8.707373037972221e-08 7.966389630978774e-08 7.227744431184914e-08 6.508784533925027e-08 5.824295799499483e-08 5.187548076280994e-08 4.608640175097167e-08 4.095204571197530e-08 3.652043746786101e-08 3.227762029696321e-08 2.941991262554922e-08 2.714008063347206e-08 2.503845288334958e-08 2.369163215355919e-08 2.180451857257744e-08 1.968509082524804e-08 1.691059527383442e-08 1.346285981021657e-08 9.413910903874562e-09 4.969622168283950e-09 4.060254726137436e-10 -4.009943317870595e-09 -8.079098079026699e-09 -1.169737532227408e-08 -1.485165857661249e-08 -1.760218371881755e-08 -2.005326478366054e-08 4.749256487376486e-07 5.143913863843807e-07 5.485437615991454e-07 5.774973954811841e-07 6.010528457736442e-07 6.193077512523566e-07 6.325737871925096e-07 6.412923217020293e-07 6.463561286796286e-07 6.487844612328077e-07 6.500626462494736e-07 6.514189119340246e-07 6.355441899785330e-07 6.355356548790219e-07 6.530256978151177e-07 6.734725234405302e-07 7.018011877965254e-07 7.395156982134765e-07 7.510010086081450e-07 8.103735901867801e-07 7.562359641694682e-07 7.444868474768174e-07 7.234006598857168e-07 6.942081506795576e-07 6.587076879765341e-07 6.185432504971274e-07 5.760708183315928e-07 5.337020788615334e-07 4.943179327113397e-07 4.611360041320854e-07 4.608757901008968e-09 6.261527525383896e-09 8.288163649304597e-09 1.072114393045008e-08 1.358365258303496e-08 1.688141286416427e-08 2.060193804044141e-08 2.470049699253398e-08 2.911107683050241e-08 3.373093773442600e-08 3.843248285525431e-08 4.306745169081538e-08 4.580957544056757e-08 4.940492939108638e-08 5.236305474097099e-08 5.542452165537769e-08 5.847751483264787e-08 6.015256162875989e-08 6.242876775348874e-08 6.371519425626877e-08 6.488225333129431e-08 6.600903559090934e-08 6.720387885337706e-08 6.863457805308396e-08 7.044205038559932e-08 7.261068937483999e-08 7.490570763949457e-08 7.675983899617185e-08 7.722388408700963e-08 7.472807000842837e-08
-4.562959046668766e-05 -6.164066522190734e-04 -1.900797916429712e-04 1.100470105712014e-07 1.041030863734073e-07 9.752851542020839e-08 9.051140053348994e-08 8.324383546215639e-08 7.590720991673798e-08 6.867630824504181e-08 6.170206114826530e-08 5.512234651119661e-08 4.904386076039561e-08 4.354984850984825e-08 3.869736484091453e-08 3.396007287328326e-08 3.063015107379939e-08 2.790372145897975e-08 2.544672787149879e-08 2.393087948937953e-08 2.211529758498949e-08 2.033750496069589e-08 1.812171739750988e-08 1.533496208531176e-08 1.190380110854335e-08 7.907401967085688e-09 3.553587258041752e-09 -8.901705099156712e-10 -5.173356767850663e-09 -9.119449008184315e-09 -1.264924703849547e-08 -1.577630304392406e-08 -1.857965621335187e-08 4.470527357768298e-07 4.846997191572511e-07 5.177289642866228e-07 5.458805153581982e-07 5.691323941332037e-07 5.874580181107021e-07 6.012156631633190e-07 6.107944056855713e-07 6.169757039696556e-07 6.209068162039738e-07 6.235145735588431e-07 6.267070943658790e-07 6.130919445807396e-07 6.149818002569808e-07 6.341754670769029e-07 6.565820457952857e-07 6.873833246447884e-07 7.282312628310181e-07 7.440302747931617e-07 7.562359641694682e-07 8.104378636004785e-07 7.523369794094445e-07 7.353616123282876e-07 7.095213632837042e-07 6.762030063249970e-07 6.374997227668712e-07 5.957825546522617e-07 5.536732765099789e-07 5.142763094759551e-07 4.811226348858506e-07 2.907711825737081e-09 4.154630850881629e-09 5.737953166661579e-09 7.691387892414078e-09 1.004170551527272e-08 1.280243704688825e-08 1.597224772839255e-08 1.952391076793132e-08 2.341116082000289e-08 2.755501828195811e-08 3.185219759657827e-08 3.618086969720196e-08 3.899568794521001e-08 4.263002392868240e-08 4.585985009628167e-08 4.938113510480311e-08 5.315521241875630e-08 5.593746937313583e-08 5.949309240845616e-08 6.221375385310320e-08 6.473263572244337e-08 6.693806164500853e-08 6.875350982647379e-08 7.025702112935060e-08 7.162142310928695e-08 7.297316233061219e-08 7.427710461614637e-08 7.516398171470640e-08 7.484797386709596e-08 7.189134916053487e-08
-4.589389133687568e-05 -6.166772018932139e-04 -1.912504865526872e-04 1.109832308332312e-07 1.055970846751020e-07 9.950326561624691e-08 9.288022932162833e-08 8.591443726474115e-08 7.878480155226206e-08 7.166663570389351e-08 6.471313835021660e-08 5.806643808549923e-08 5.183780075446168e-08 4.611567655294001e-08 4.096232103431675e-08 3.582777153289400e-08 3.209115079389497e-08 2.892819261444884e-08 2.604561977209815e-08 2.420456021585545e-08 2.222814692763420e-08 2.053364004790027e-08 1.866539703460634e-08 1.644194420156199e-08 1.367619234185726e-08 1.030533583219401e-08 6.414482936427864e-09 2.206187085937349e-09 -2.067663132187277e-09 -6.179676323455037e-09 -9.981158677339019e-09 -1.342248676936395e-08 -1.653930854323936e-08 4.180617305979409e-07 4.538331246776488e-07 4.853746318988457e-07 5.124435334949384e-07 5.350006440860225e-07 5.531408299908806e-07 5.670339496767126e-07 5.771370311235928e-07 5.842937424211717e-07 5.890815794395005e-07 5.931698914564784e-07 5.975852879838206e-07 5.861352254030173e-07 5.896904046956102e-07 6.099188047332479e-07 6.336391992490824e-07 6.659834113677970e-07 7.087874020353728e-07 7.279813679542822e-07 7.444868474768174e-07 7.523369794094444e-07 8.000207180806680e-07 7.383369280364043e-07 7.165600624266978e-07 6.865749174587988e-07 6.502732404565848e-07 6.101339924657216e-07 5.689947968500371e-07 5.302902505322732e-07 4.976284391360054e-07 1.465212730837672e-09 2.361247915821699e-09 3.554852520333089e-09 5.080075173911646e-09 6.965985771289568e-09 9.231580767632972e-09 1.188318006782275e-08 1.490662208003226e-08 1.827132529638726e-08 2.191905741175728e-08 2.576865538942740e-08 2.972083449137013e-08 3.248940506375677e-08 3.600214128043842e-08 3.926720989125443e-08 4.292011740289946e-08 4.699888292700835e-08 5.045318101283534e-08 5.488322268878213e-08 5.879628087773755e-08 6.265771046889614e-08 6.617451939234321e-08 6.905668285266327e-08 7.116872444701044e-08 7.257828177367627e-08 7.344691937503869e-08 7.389939587837070e-08 7.378936793050444e-08 7.255527180941429e-08 6.895907772700802e-08
-4.578221341601070e-05 -6.119102306832204e-04 -1.908548072234104e-04 1.101315381517268e-07 1.054737336307049e-07 1.000309073198313e-07 9.396993295263688e-08 8.747056779278440e-08 8.070883035226920e-08 7.386043396973939e-08 6.708077935118385e-08 6.051601418814694e-08 5.428154650349652e-08 4.847048948462915e-08 4.314894884032363e-08 3.773921583401501e-08 3.369979602909381e-08 3.017224920482221e-08 2.687925476482383e-08 2.465488546626733e-08 2.236550764616070e-08 2.052731395552699e-08 1.875304265059704e-08 1.688348137041049e-08 1.468423808323976e-08 1.198281127159426e-08 8.727357056979882e-09 5.003216216590398e-09 1.000624309236408e-09 -3.050399153763624e-09 -6.952730388260666e-09 -1.059066745059542e-08 -1.394103198604661e-08 3.884832170478136e-07 4.220739477650024e-07 4.518053169310871e-07 4.775224374471024e-07 4.991532571636251e-07 5.167123675846269e-07 5.305027678946963e-07 5.409340959703402e-07 5.484152905550030e-07 5.542338792398856e-07 5.591462479891403e-07 5.645942146873635e-07 5.552181674132568e-07 5.599943699133860e-07 5.808345948699279e-07 6.052734364327705e-07 6.383158202845491e-07 6.819484387385265e-07 7.037057968904724e-07 7.234006598857168e-07 7.353616123282875e-07 7.383369280364043e-07 7.788073224910063e-07 7.143597351654699e-07 6.886102241616067e-07 6.556903190296986e-07 6.180870136605970e-07 5.788614558614864e-07 5.415037018576150e-07 5.099291875977647e-07 2.735046115786785e-10 8.737784564338600e-10 1.731980808742769e-09 2.881993884826968e-09 4.354635457120074e-09 6.173122519980110e-09 8.349042782252502e-09 1.087760580621416e-08 1.373968618843089e-08 1.689356373400415e-08 2.027736247035327e-08 2.381247458674640e-08 2.645154104962277e-08 2.974236114998570e-08 3.289188919840681e-08 3.645494126243015e-08 4.052161091372356e-08 4.424770455158143e-08 4.909012860494127e-08 5.377278192393097e-08 5.868289735386957e-08 6.344855415163708e-08 6.759209979164773e-08 7.074064540300463e-08 7.272735078301114e-08 7.360241517830982e-08 7.353682636155393e-08 7.256661432848109e-08 7.038310286006372e-08 6.601530136637908e-08
-4.528946008559483e-05 -6.021254126814938e-04 -1.888696692334816e-04 1.073472594144938e-07 1.035945357672496e-07 9.897659477932174e-08 9.364686627404043e-08 8.777759760876434e-08 8.154194502346788e-08 7.511649582499212e-08 6.865950425817560e-08 6.232164229565474e-08 5.622272135850049e-08 5.046069458239703e-08 4.510531878035534e-08 3.955186597648051e-08 3.533010728638544e-08 3.154392672744834e-08 2.791449871344033e-08 2.533234002988932e-08 2.267408548012512e-08 2.054756723955349e-08 1.864688424903828e-08 1.688298260306292e-08 1.504331246153460e-08 1.291113512813440e-08 1.032969237952239e-08 7.254432061655572e-09 3.764574628481712e-09 3.281077490770284e-11 -3.741350689269258e-09 -7.396582595503826e-09 -1.084868248265372e-08 3.586796948596268e-07 3.899075202185313e-07 4.176335808515703e-07 4.417430577096409e-07 4.621789170862712e-07 4.789539533908239e-07 4.924245632096734e-07 5.026233010032847e-07 5.105787737208843e-07 5.167822513850863e-07 5.223554106378372e-07 5.286234347435722e-07 5.209769601826099e-07 5.267372913847077e-07 5.477575351395065e-07 5.723755964585587e-07 6.054068517884874e-07 6.490644750923722e-07 6.723037889347891e-07 6.942081506795576e-07 7.095213632837043e-07 7.165600624266978e-07 7.143597351654698e-07 7.474874709435583e-07 6.816877507875436e-07 6.530476614895102e-07 6.190544844440633e-07 5.826141657848946e-07 5.474127892793250e-07 5.175518660582395e-07 -6.805790182213194e-10 -3.219156631966209e-10 2.549292886905062e-10 1.083340350318166e-09 2.195744958550900e-09 3.619061294991047e-09 5.368767587854839e-09 7.446814118463696e-09 9.841874268117965e-09 1.252438317946045e-08 1.544763616270164e-08 1.855112600442823e-08 2.100353724821858e-08 2.401136900497366e-08 2.695313547002338e-08 3.029245043179171e-08 3.414217565719630e-08 3.784018983004545e-08 4.269322792409906e-08 4.768125456984241e-08 5.318476789845225e-08 5.886052680709417e-08 6.416090497985118e-08 6.851181669064329e-08 7.148951562511704e-08 7.289759192733178e-08 7.279900791491414e-08 7.129527448066958e-08 6.829179372934773e-08 6.311873709773998e-08
-4.443499425339161e-05 -5.876656752662681e-04 -1.853739920478635e-04 1.026069617652914e-07 9.993233100468971e-08 9.630732507248506e-08 9.187024974641943e-08 8.678531493107301e-08 8.122320831223310e-08 7.536231240477864e-08 6.936491544622338e-08 6.338731097055868e-08 5.755457320868468e-08 5.197024991483398e-08 4.670816405173550e-08 4.114045014863515e-08 3.685790655629701e-08 3.293062946105062e-08 2.906908015094799e-08 2.620848333758007e-08 2.320639776162606e-08 2.074213040456444e-08 1.857676646766101e-08 1.670592649887241e-08 1.498451924299505e-08 1.321877624404312e-08 1.121042161790183e-08 8.816675350220558e-09 5.994829980176308e-09 2.814218152263513e-09 -5.794752601454525e-10 -4.022856182217772e-09 -7.390471080755200e-09 3.291985827643035e-07 3.579176418977456e-07 3.835263397903704e-07 4.058393340805070e-07 4.248646442190976e-07 4.407691731682348e-07 4.533922919015360e-07 4.635109492433731e-07 4.713897526708703e-07 4.777965902617133e-07 4.838624842252523e-07 4.905451831406870e-07 4.844427721042700e-07 4.909063530494574e-07 5.117037530067863e-07 5.360276263526632e-07 5.686108189471327e-07 6.113823467248535e-07 6.353543260733950e-07 6.587076879765342e-07 6.762030063249970e-07 6.865749174587988e-07 6.886102241616067e-07 6.816877507875436e-07 7.077591394186371e-07 6.422802956696376e-07 6.126935547321699e-07 5.799557615742204e-07 5.477339895081222e-07 5.203211362080466e-07 -1.416591538784857e-09 -1.248024388127683e-09 -9.002902493078045e-10 -3.407572732820882e-10 4.646463431279471e-10 1.546401480673909e-09 2.923168738688151e-09 4.601861286405674e-09 6.576366492242392e-09 8.825386487793979e-09 1.131309721872027e-08 1.399344355636348e-08 1.622472512317609e-08 1.891675931292855e-08 2.159648481704382e-08 2.463766987779407e-08 2.815541253846763e-08 3.163513591225295e-08 3.621539443228033e-08 4.111728204062499e-08 4.674086713926000e-08 5.284605731047663e-08 5.893206267388565e-08 6.435196907491229e-08 6.846736730837430e-08 7.081145392966592e-08 7.119737449290333e-08 6.963323368296667e-08 6.612137504160416e-08 6.025881011274950e-08
-4.326173121048783e-05 -5.691761601763753e-04 -1.805451094000491e-04 9.601180863232308e-08 9.457479751076014e-08 9.209572291806818e-08 8.869637625420634e-08 8.453269999000022e-08 7.977360161348594e-08 7.460048279947833e-08 6.918117761761650e-08 6.367907406487644e-08 5.822579679071117e-08 5.293169574481179e-08 4.787551981518050e-08 4.241220662181133e-08 3.818110810014513e-08 3.422655606342433e-08 3.024504669899466e-08 2.720918753763585e-08 2.393911733385671e-08 2.116487962942397e-08 1.868888192032304e-08 1.657982670668424e-08 1.477290928128936e-08 1.314107461166001e-08 1.150864467282473e-08 9.695406117169611e-09 7.567691796255748e-09 5.082274433735020e-09 2.288913250910894e-09 -6.990143500363907e-10 -3.755514228897224e-09 3.005646407339047e-07 3.267778202056571e-07 3.501347007244461e-07 3.705780499013601e-07 3.881900954251309e-07 4.026869586133169e-07 4.147513735274908e-07 4.242784887488448e-07 4.319037400665486e-07 4.384598344889227e-07 4.446067328772414e-07 4.515101987933208e-07 4.467370380396537e-07 4.535950242852214e-07 4.738200351773653e-07 4.976015759811295e-07 5.291247886780183e-07 5.704392918121390e-07 5.946943275392234e-07 6.185432504971274e-07 6.374997227668712e-07 6.502732404565847e-07 6.556903190296986e-07 6.530476614895101e-07 6.422802956696376e-07 6.623186444167842e-07 5.992329594179443e-07 5.709441651205824e-07 5.425301644411044e-07 5.182619245412406e-07 -1.959759450376692e-09 -1.934155096279607e-09 -1.766755055575952e-09 -1.425881632960856e-09 -8.757333065382631e-10 -8.223239761263174e-11 9.759882583097974e-10 2.309752826357256e-09 3.916304802402919e-09 5.779694704007668e-09 7.871255449932738e-09 1.015548618381693e-08 1.215162595316093e-08 1.451824962491656e-08 1.690867191319754e-08 1.961564452787919e-08 2.274665785657150e-08 2.590453975616746e-08 3.004857564680220e-08 3.459801349229255e-08 3.996038627264402e-08 4.601843988680551e-08 5.239534437201040e-08 5.849524563574932e-08 6.360022431473991e-08 6.701739948526888e-08 6.828129563981037e-08 6.715971694387268e-08 6.359055889683285e-08 5.732348779152838e-08
-4.185751122532716e-05 -5.478755810531402e-04 -1.747481836839783e-04 8.784104486474949e-08 8.777696667255959e-08 8.657125283907803e-08 8.432824202973138e-08 8.119576799819841e-08 7.734195726620190e-08 7.295272271980848e-08 6.820317976489987e-08 6.326552335139638e-08 5.827948209489954e-08 5.336372070724234e-08 4.860311643067280e-08 4.334211430930685e-08 3.925592735001298e-08 3.537228534715264e-08 3.137364188366986e-08 2.826541093851028e-08 2.482223484692985e-08 2.180988623229109e-08 1.904835558350929e-08 1.665688766292040e-08 1.463888915745884e-08 1.294604072133471e-08 1.146627026976272e-08 1.004231686004022e-08 8.507011432443486e-09 6.734280135180705e-09 4.670688502011502e-09 2.341672204451102e-09 -1.736432542594621e-10 2.735122659471252e-07 2.972030485010234e-07 3.183596281576460e-07 3.369965934509510e-07 3.528023555181839e-07 3.662750612361076e-07 3.772729353779615e-07 3.861616370357061e-07 3.935388573659441e-07 3.998454968569897e-07 4.059999842903556e-07 4.128923547059928e-07 4.091917451765654e-07 4.162027262746727e-07 4.357029729748323e-07 4.585148107541936e-07 4.886635354063857e-07 5.282494360214139e-07 5.521382092611081e-07 5.760708183315926e-07 5.957825546522617e-07 6.101339924657216e-07 6.180870136605970e-07 6.190544844440633e-07 6.126935547321699e-07 5.992329594179443e-07 6.148347717054295e-07 5.564547450584356e-07 5.324591547644168e-07 5.119192981871011e-07 -2.340570059354489e-09 -2.416705805776673e-09 -2.385859737813395e-09 -2.217391516345665e-09 -1.873637255871681e-09 -1.316941415452771e-09 -5.234624234601787e-10 5.206640420041140e-10 1.814807895614792e-09 3.346277822160480e-09 5.090645665164816e-09 7.019648479826017e-09 8.784570533185673e-09 1.083653369314094e-08 1.293311657109886e-08 1.529759366786579e-08 1.802675204158919e-08 2.081821449742326e-08 2.445596025604021e-08 2.851073672107978e-08 3.337031649690265e-08 3.901737222758887e-08 4.521725217058943e-08 5.150506552643548e-08 5.721197986021944e-08 6.155647211331910e-08 6.383543123429478e-08 6.354078109653407e-08 6.039386467666482e-08 5.413532044096794e-08
-4.035437771456945e-05 -5.255319059162020e-04 -1.685335355143989e-04 7.853007148309600e-08 7.994423865570108e-08 8.010781380582990e-08 7.910730226059321e-08 7.708304955381616e-08 7.420375434119524e-08 7.066161327964408e-08 6.664096213696793e-08 6.232470184787742e-08 5.786238356678764e-08 5.338267590522191e-08 4.897800426459096e-08 4.398830841220279e-08 4.011467986814205e-08 3.637610800645279e-08 3.244205852436472e-08 2.934818362484259e-08 2.582120393642434e-08 2.265437833166461e-08 1.966912023515572e-08 1.701433651377324e-08 1.473968903239100e-08 1.286416871274275e-08 1.135021506044077e-08 1.010152322115976e-08 8.973414968634794e-09 7.810328913822705e-09 6.483839685485836e-09 4.925930756921700e-09 3.135456479076504e-09 2.487743575641411e-07 2.700915773303057e-07 2.892311475880558e-07 3.057975827816211e-07 3.202531476217982e-07 3.323345944743995e-07 3.423118158791101e-07 3.505877782987852e-07 3.574411541126757e-07 3.634895223151340e-07 3.694479277333896e-07 3.762017780163274e-07 3.733130629134894e-07 3.804069099867850e-07 3.988964173282657e-07 4.205634529802714e-07 4.492836812080788e-07 4.867331405440661e-07 5.100836100244219e-07 5.337020788615334e-07 5.536732765099789e-07 5.689947968500371e-07 5.788614558614864e-07 5.826141657848946e-07 5.799557615742204e-07 5.709441651205825e-07 5.564547450584355e-07 5.699234695365685e-07 5.188759582568927e-07 5.024846421097012e-07 -2.593766691760749e-09 -2.737611006625060e-09 -2.805969096990191e-09 -2.769152894484061e-09 -2.587519335513124e-09 -2.219721973757393e-09 -1.639772789896711e-09 -8.314151783248506e-10 2.059191899276210e-10 1.461229805956594e-09 2.912250051187134e-09 4.535407515318516e-09 6.086966022641668e-09 7.851148844998762e-09 9.668461365774978e-09 1.170411166705942e-08 1.404382410855029e-08 1.646244512117824e-08 1.958552045364381e-08 2.309736156075936e-08 2.734364195018008e-08 3.236800701633350e-08 3.805263897143580e-08 4.408226333516771e-08 4.991955322389566e-08 5.482476098081896e-08 5.799096932423061e-08 5.866814651712684e-08 5.631491655159207e-08 5.050533372324794e-08
-3.895319357371682e-05 -5.047678365673648e-04 -1.627398147052787e-04 6.867748310588472e-08 7.164853382770573e-08 7.324748325901153e-08 7.354326163104624e-08 7.266996417626679e-08 7.079875253637142e-08 6.813038899008172e-08 6.486077877242324e-08 6.118581469135245e-08 5.726688169768921e-08 5.324457878471825e-08 4.922050452795003e-08 4.453325965576278e-08 4.090709615736397e-08 3.735589677309069e-08 3.353667249713856e-08 3.051642916715023e-08 2.697081875143310e-08 2.371881571260660e-08 2.057394523539554e-08 1.770123283160230e-08 1.517677367935582e-08 1.306660469780545e-08 1.139698989963265e-08 1.014252974529216e-08 9.215717375304910e-09 8.482541003892925e-09 7.788365275715240e-09 6.997902396048818e-09 6.025966696154823e-09 2.272716204154814e-07 2.466079645165815e-07 2.635810200577256e-07 2.786586342710684e-07 2.915294731827706e-07 3.023445298315578e-07 3.114700325636027e-07 3.189486217103517e-07 3.252973713985398e-07 3.310064897464977e-07 3.367097181484006e-07 3.431550174748021e-07 3.410450181390270e-07 3.479476532075628e-07 3.654047052327141e-07 3.860316875725251e-07 4.131177724889085e-07 4.485666756969374e-07 4.712221556515978e-07 4.943179327113397e-07 5.142763094759551e-07 5.302902505322732e-07 5.415037018576150e-07 5.474127892793250e-07 5.477339895081222e-07 5.425301644411044e-07 5.324591547644169e-07 5.188759582568927e-07 5.331766131844848e-07 4.922596507618931e-07 -2.758624796146264e-09 -2.944182262399791e-09 -3.081910611321542e-09 -3.142872897978122e-09 -3.085094374662475e-09 -2.863449915327253e-09 -2.450006960106736e-09 -1.826662038274943e-09 -9.924564678245835e-10 4.211404020113473e-11 1.255380159615635e-09 2.626639895101246e-09 3.993138688391986e-09 5.508340605049077e-09 7.076406712841255e-09 8.814930466879436e-09 1.079896117636795e-08 1.286521654888969e-08 1.550467717528067e-08 1.848727164272582e-08 2.210722346357508e-08 2.643534935426332e-08 3.142978336811080e-08 3.689942959708203e-08 4.245863288149835e-08 4.749326334891822e-08 5.122049827592147e-08 5.277315523714094e-08 5.136793929488390e-08 4.635102295822942e-08
-3.792261453437213e-05 -4.890277494255213e-04 -1.584902057108585e-04 5.891467255256353e-08 6.352229469750520e-08 6.661630519430356e-08 6.824885006517502e-08 6.854979605944182e-08 6.769556208108604e-08 6.589877561494385e-08 6.337021069070902e-08 6.032198747868869e-08 5.693008792849436e-08 5.334959777289559e-08 4.969335872627302e-08 4.529684568057780e-08 4.191714054299307e-08 3.855942853233404e-08 3.486677448814846e-08 3.194560482774170e-08 2.841022314679990e-08 2.511058473907675e-08 2.184648749391753e-08 1.879306252226087e-08 1.604024575921208e-08 1.368344540272612e-08 1.179455006384512e-08 1.040971706382272e-08 9.507844046986535e-09 9.007914264882698e-09 8.774992834889843e-09 8.650345975033873e-09 8.488700384928572e-09 2.102498977148378e-07 2.275637681785649e-07 2.431545743606066e-07 2.566221725341677e-07 2.681579601539552e-07 2.780033899788352e-07 2.861677097046282e-07 2.930007715479425e-07 2.988508464361421e-07 3.041887047250549e-07 3.095804453548210e-07 3.158616380177579e-07 3.141661714475223e-07 3.208990236871892e-07 3.375373589842178e-07 3.570804366874251e-07 3.828551344870455e-07 4.165376278736358e-07 4.385368049629961e-07 4.611360041320854e-07 4.811226348858506e-07 4.976284391360054e-07 5.099291875977647e-07 5.175518660582395e-07 5.203211362080466e-07 5.182619245412406e-07 5.119192981871011e-07 5.024846421097013e-07 4.922596507618931e-07 5.113647960994954e-07 -2.878469843144968e-09 -3.088062164153617e-09 -3.273656227718360e-09 -3.406523174507903e-09 -3.441870622619687e-09 -3.330392884781374e-09 -3.042246217232137e-09 -2.557924050516209e-09 -1.876750418027675e-09 -1.009754800537090e-09 2.070364620979197e-11 1.195417844342360e-09 2.412563487775023e-09 3.725036347465908e-09 5.084679565970149e-09 6.570712416957077e-09 8.248174012074972e-09 1.000175659619591e-08 1.221308300340065e-08 1.471681376390542e-08 1.775743260369350e-08 2.141234239977286e-08 2.568038774511648e-08 3.045388926775389e-08 3.547502018982776e-08 4.027759469893513e-08 4.418656702894776e-08 4.633879075507618e-08 4.581787854259161e-08 4.174296623183841e-08
3.234765864300716e-07 1.472570896657452e-05 1.074687384396352e-04 5.822629425568033e-09 7.296791981028876e-09 7.615103117452428e-09 6.937593145252266e-09 5.616827008959184e-09 4.042342244073098e-09 2.522198629015964e-09 1.234125071451391e-09 2.389906290929054e-10 -4.776036209917514e-10 -9.635033654281640e-10 -1.272359735355172e-09 -1.427379236371970e-09 -1.515981728118946e-09 -1.537208867719550e-09 -1.493326106598754e-09 -1.444471621082979e-09 -1.339236252838078e-09 -1.221766500246858e-09 -1.087094783699136e-09 -9.463863041884455e-10 -8.058781244291475e-10 -6.709639825667365e-10 -5.461311370596682e-10 -4.348346661445001e-10 -3.393960299215612e-10 -2.611923103886480e-10 -2.006454197369698e-10 -1.574979194403773e-10 -1.310635277399092e-10 9.965841659812771e-08 1.106186093781261e-07 1.141887108468595e-07 1.112451215051716e-07 1.035365081164538e-07 9.300741297996123e-08 8.132927058672954e-08 6.967201222386481e-08 5.875377689026423e-08 4.893637818496791e-08 4.036421070295034e-08 3.304642219224197e-08 2.611405283502157e-08 2.096182109527926e-08 1.710899424874515e-08 1.383765734999094e-08 1.112816419990409e-08 8.852784421629923e-09 6.572368662240510e-09 4.608757901008967e-09 2.907711825737070e-09 1.465212730837670e-09 2.735046115786869e-10 -6.805790182213113e-10 -1.416591538784870e-09 -1.959759450376698e-09 -2.340570059354495e-09 -2.593766691760741e-09 -2.758624796146272e-09 -2.878469843144964e-09 1.204266859295622e-06 9.560636688491151e-07 9.822870324302111e-07 9.822123385135270e-07 9.613141034838814e-07 9.243874215946202e-07 8.761213888847729e-07 8.195455504643669e-07 7.582356248164361e-07 6.936679433634700e-07 6.282558386283084e-07 5.631482862847307e-07 4.821820604722224e-07 4.222263953590579e-07 3.666039385462094e-07 3.217600385009696e-07 2.857860655149500e-07 2.518764779718257e-07 2.283698913449007e-07 2.073497428232445e-07 1.910630521234565e-07 1.774526881841903e-07 1.654413876927683e-07 1.537798114966975e-07 1.417517876703809e-07 1.288496439216687e-07 1.150063357927565e-07 1.001473578578978e-07 8.428249267414018e-08 6.771254225793764e-08
3.801390021908279e-07 1.724042973867998e-05 1.254345881382741e-04 3.620136925480987e-09 6.055637655250820e-09 7.440453227202340e-09 7.656718849429719e-09 6.886396055491622e-09 5.494227534690824e-09 3.872953165640788e-09 2.326637825246965e-09 1.027086688062867e-09 2.906920075852458e-11 -6.861574903627982e-10 -1.168874631162102e-09 -1.449949649561415e-09 -1.627007540293076e-09 -1.709713327725076e-09 -1.704664751765235e-09 -1.683466597266311e-09 -1.588915228043682e-09 -1.473396872082492e-09 -1.331724927901543e-09 -1.177690438066103e-09 -1.019198045845243e-09 -8.631589844849870e-10 -7.154650263928108e-10 -5.807974102117174e-10 -4.624587406940975e-10 -3.625739907548933e-10 -2.820264012771243e-10 -2.207748745624382e-10 -1.781240590262798e-10 9.610566033585538e-08 1.122009348190760e-07 1.210634681156077e-07 1.224381448722512e-07 1.174573107920232e-07 1.080052005604030e-07 9.609320898775533e-08 8.337259558993617e-08 7.099143555437469e-08 5.960284304863872e-08 4.951434076820915e-08 4.081199283086775e-08 3.246347399678881e-08 2.623158819473708e-08 2.156006721264537e-08 1.757503710787698e-08 1.426879765632234e-08 1.149343808577927e-08 8.685040767213635e-09 6.261527525383868e-09 4.154630850881608e-09 2.361247915821674e-09 8.737784564338454e-10 -3.219156631966324e-10 -1.248024388127700e-09 -1.934155096279606e-09 -2.416705805776676e-09 -2.737611006625064e-09 -2.944182262399806e-09 -3.088062164153616e-09 9.560636688491151e-07 1.355115242635625e-06 1.073245162360487e-06 1.085995691977067e-06 1.073294910533617e-06 1.040255331864750e-06 9.916713564370430e-07 9.325244247477771e-07 8.659667982176497e-07 7.953393851001892e-07 7.224942205621717e-07 6.493263763551486e-07 5.579810620856109e-07 4.896757718014011e-07 4.263840644621967e-07 3.751900799200185e-07 3.341269513187292e-07 2.953132479093110e-07 2.683076845473315e-07 2.446690193199325e-07 2.259213462884009e-07 2.106810417687196e-07 1.971896738936328e-07 1.841006028396966e-07 1.704868828022353e-07 1.558701150391034e-07 1.399109119012874e-07 1.226250427484658e-07 1.042968712358632e-07 8.397743802101822e-08
4.363367303438732e-07 1.971286741196646e-05 1.429663825393699e-04 8.819471767587252e-10 3.845287315518287e-09 6.160314672529847e-09 7.418094377752327e-09 7.526407236670205e-09 6.681496264134217e-09 5.250405554997298e-09 3.618158366896265e-09 2.078481335432294e-09 7.931611348369656e-10 -1.895544329092053e-10 -8.915089625001070e-10 -1.341699413397309e-09 -1.639585581508121e-09 -1.809383391769616e-09 -1.863927144071649e-09 -1.885916907338106e-09 -1.815220548681070e-09 -1.712131539062506e-09 -1.571968288901523e-09 -1.411414734209534e-09 -1.240292294254246e-09 -1.067242344756433e-09 -8.997681788563808e-10 -7.440105642683375e-10 -6.045040205984087e-10 -4.843729071833404e-10 -3.851873321700048e-10 -3.073107098571502e-10 -2.501598093142578e-10 8.784287143009941e-08 1.075484866150721e-07 1.213355586140646e-07 1.277934908406876e-07 1.269653736015074e-07 1.201538711258456e-07 1.093257056816955e-07 9.646198389323670e-08 8.317267666432436e-08 7.051340951672790e-08 5.906185425076922e-08 4.905077446716704e-08 3.930517945431764e-08 3.199699022168290e-08 2.650438209022363e-08 2.179147423182857e-08 1.787074753778719e-08 1.457809904439907e-08 1.120694669938467e-08 8.288163649304610e-09 5.737953166661572e-09 3.554852520333085e-09 1.731980808742795e-09 2.549292886905190e-10 -9.002902493077963e-10 -1.766755055575936e-09 -2.385859737813367e-09 -2.805969096990185e-09 -3.081910611321532e-09 -3.273656227718338e-09 9.822870324302111e-07 1.073245162360487e-06 1.464733958873972e-06 1.160946509001174e-06 1.160520125121991e-06 1.135183423048626e-06 1.090885023514962e-06 1.031727945993288e-06 9.630824725769994e-07 8.880314118878834e-07 8.093827331993410e-07 7.302707074288715e-07 6.292787781875090e-07 5.540119246420068e-07 4.837458666625641e-07 4.270017390392767e-07 3.813024534412931e-07 3.377986917824420e-07 3.081973273996594e-07 2.815426679469952e-07 2.609678292569895e-07 2.442613302789942e-07 2.294361666875174e-07 2.150673314936478e-07 2.001155883031358e-07 1.838067757829641e-07 1.659300683946872e-07 1.465625426723902e-07 1.249450179043608e-07 1.019045702401261e-07
4.917675524958257e-07 2.212890799710705e-05 1.599594808159394e-04 -1.766260598023422e-09 1.139148624471441e-09 3.958880251152300e-09 6.116293189464475e-09 7.235142100670974e-09 7.245864335560513e-09 6.352584644352619e-09 4.914989532160464e-09 3.303965463868908e-09 1.797433301604436e-09 5.458070036860893e-10 -4.085737846253473e-10 -1.071583183838378e-09 -1.526799542379725e-09 -1.813864439791524e-09 -1.952825494557644e-09 -2.036430995046726e-09 -2.005342706048085e-09 -1.927184025772759e-09 -1.798737388601730e-09 -1.639933955904505e-09 -1.462829874497753e-09 -1.278032664738953e-09 -1.094844230162953e-09 -9.210507704596650e-10 -7.626184007309793e-10 -6.238894262000235e-10 -5.073399065646554e-10 -4.139266207895807e-10 -3.433507287350963e-10 7.762159456739693e-08 9.861615198738527e-08 1.158432029336683e-07 1.270024552071406e-07 1.310211556773054e-07 1.281696495369362e-07 1.198777787128870e-07 1.080963170862215e-07 9.475569093006370e-08 8.134446710912846e-08 6.881393921753815e-08 5.764303289446452e-08 4.656594944480147e-08 3.821613549314178e-08 3.192397322274587e-08 2.648788030435999e-08 2.194876710289241e-08 1.813114959720632e-08 1.416779290104479e-08 1.072114393045006e-08 7.691387892414064e-09 5.080075173911630e-09 2.881993884826961e-09 1.083340350318152e-09 -3.407572732820933e-10 -1.425881632960873e-09 -2.217391516345670e-09 -2.769152894484068e-09 -3.142872897978142e-09 -3.406523174507891e-09 9.822123385135270e-07 1.085995691977067e-06 1.160946509001174e-06 1.536203679360467e-06 1.219738447800054e-06 1.206710969066458e-06 1.170080899111981e-06 1.115338583242051e-06 1.047254498428546e-06 9.701155397535486e-07 8.883825629798415e-07 8.042992535502623e-07 6.955373187919581e-07 6.143370617437084e-07 5.382590989853889e-07 4.765011887115127e-07 4.267244555647181e-07 3.795017566777192e-07 3.469728639887669e-07 3.181675343202557e-07 2.958303326203582e-07 2.778482867355272e-07 2.619724602585602e-07 2.465225171865865e-07 2.303138860966799e-07 2.125486350360947e-07 1.930906997607084e-07 1.709941916856365e-07 1.471778794575370e-07 1.205093400301856e-07
5.460367287163903e-07 2.447053646192004e-05 1.762826967283320e-04 -3.794035924835080e-09 -1.480439788178767e-09 1.286633548788553e-09 3.934950673353548e-09 5.923967078453567e-09 6.910765524195142e-09 6.845419855269544e-09 5.932559930911440e-09 4.518976777492314e-09 2.955337867831596e-09 1.501728295787690e-09 2.971979169466500e-10 -6.106024472675461e-10 -1.259206749935601e-09 -1.697396013392900e-09 -1.950048292668545e-09 -2.117119754107025e-09 -2.144500823358227e-09 -2.106196635484665e-09 -2.001686615305136e-09 -1.854548697091238e-09 -1.679487398549149e-09 -1.489355456487140e-09 -1.295441946461657e-09 -1.107321528432266e-09 -9.325297230837323e-10 -7.767894262142898e-10 -6.436525891671947e-10 -5.348678514892755e-10 -4.505813025974263e-10 6.811017359828817e-08 8.801507956093228e-08 1.064623839298263e-07 1.209025879592564e-07 1.293878261989134e-07 1.311262589254293e-07 1.265844611055404e-07 1.172243918001247e-07 1.049629784287171e-07 9.159220560363346e-08 7.846542628243320e-08 6.640290177052349e-08 5.413010546675386e-08 4.481341804513316e-08 3.777102394773578e-08 3.163933013834040e-08 2.649636736966187e-08 2.216022546389934e-08 1.758475776825046e-08 1.358365258303497e-08 1.004170551527273e-08 6.965985771289566e-09 4.354635457120081e-09 2.195744958550899e-09 4.646463431279492e-10 -8.757333065382602e-10 -1.873637255871679e-09 -2.587519335513118e-09 -3.085094374662489e-09 -3.441870622619684e-09 9.613141034838816e-07 1.073294910533617e-06 1.160520125121992e-06 1.219738447800054e-06 1.572735300754650e-06 1.251481404164834e-06 1.226925514556097e-06 1.180032952259669e-06 1.116009121960367e-06 1.040524432304695e-06 9.573129366601585e-07 8.705090160670171e-07 7.556769828801893e-07 6.699609676336782e-07 5.889610609551469e-07 5.230505759728416e-07 4.702259961221687e-07 4.192980632719069e-07 3.847188546817093e-07 3.539055696468782e-07 3.302056349742345e-07 3.111287194402460e-07 2.944439277232680e-07 2.781397297772310e-07 2.608686795087990e-07 2.420495890261981e-07 2.204113807197896e-07 1.967116833401818e-07 1.699662519511184e-07 1.398696462313141e-07
5.985074723036402e-07 2.670927112845362e-05 1.917317768056135e-04 -4.916983256188417e-09 -3.515828504299620e-09 -1.301726868988739e-09 1.310529171261453e-09 3.780296800287647e-09 5.606111060102034e-09 6.478196146271243e-09 6.361448802533403e-09 5.456775279717231e-09 4.091946176375612e-09 2.594882128074022e-09 1.207256348486444e-09 5.665668621268986e-11 -8.092396437832070e-10 -1.431518281816489e-09 -1.830622786124081e-09 -2.106633708396955e-09 -2.214950506226120e-09 -2.234309734284934e-09 -2.168357540293321e-09 -2.044754964088435e-09 -1.881348036518786e-09 -1.693574153822070e-09 -1.494929354019272e-09 -1.296907911580947e-09 -1.108714150713041e-09 -9.375421082215112e-10 -7.881611878537517e-10 -6.632630169139849e-10 -5.636028069071418e-10 6.123908860068465e-08 7.821801416702806e-08 9.562614200327235e-08 1.112477551795321e-07 1.228560951619485e-07 1.288137950449151e-07 1.285903555291862e-07 1.227612409881820e-07 1.128059335416700e-07 1.005143588278075e-07 8.752350292534678e-08 7.502056713114550e-08 6.180515445906226e-08 5.165924618184656e-08 4.395287181113378e-08 3.718126664268360e-08 3.147243481414550e-08 2.664372536236124e-08 2.145220277935916e-08 1.688141286416427e-08 1.280243704688824e-08 9.231580767632977e-09 6.173122519980105e-09 3.619061294991054e-09 1.546401480673892e-09 -8.223239761262807e-11 -1.316941415452774e-09 -2.219721973757386e-09 -2.863449915327259e-09 -3.330392884781371e-09 9.243874215946202e-07 1.040255331864750e-06 1.135183423048627e-06 1.206710969066458e-06 1.251481404164834e-06 1.577670036203929e-06 1.258194600853541e-06 1.222607418599343e-06 1.167166561030182e-06 1.096016493192672e-06 1.014540993895986e-06 9.271465201112550e-07 8.084916884664770e-07 7.195816624626577e-07 6.348263852638284e-07 5.661335621625711e-07 5.104884249323221e-07 4.568427298448214e-07 4.206565113996665e-07 3.882444265482875e-07 3.634344057596896e-07 3.437081767760061e-07 3.263406131833784e-07 3.094263865172014e-07 2.916431715059831e-07 2.711633391793950e-07 2.485539630933519e-07 2.225820251272522e-07 1.931504365872719e-07 1.600517350167750e-07
6.485462731120586e-07 2.881732579438288e-05 2.061107485311145e-04 -5.115571271060057e-09 -4.684174043477997e-09 -3.320450397561741e-09 -1.214498060817480e-09 1.237768723367462e-09 3.531482779697645e-09 5.205871308792284e-09 5.981956053249478e-09 5.836573488252331e-09 4.961260615630982e-09 3.661934043296655e-09 2.242630871988314e-09 9.120549277020161e-10 -1.630698595585574e-10 -9.905929434997557e-10 -1.568126546083071e-09 -1.981203631537003e-09 -2.196747493187421e-09 -2.294860833918932e-09 -2.284845010487945e-09 -2.198885761750542e-09 -2.058554496620416e-09 -1.882289550507798e-09 -1.686091994362927e-09 -1.483561841304526e-09 -1.285675130774017e-09 -1.101195382690272e-09 -9.362027426185419e-10 -7.944704182687270e-10 -6.775173089517031e-10 5.794353655368656e-08 7.100884250878709e-08 8.564796705753672e-08 1.003336178659131e-07 1.131040828126502e-07 1.220258087169514e-07 1.257638021810979e-07 1.239720094644382e-07 1.173251778181539e-07 1.072254340297333e-07 9.531629443407962e-08 8.304442801729444e-08 6.931087657323199e-08 5.857184304834576e-08 5.034078703848496e-08 4.301860114689710e-08 3.680726180105346e-08 3.153365310143989e-08 2.574216157985698e-08 2.060193804044139e-08 1.597224772839254e-08 1.188318006782278e-08 8.349042782252490e-09 5.368767587854842e-09 2.923168738688143e-09 9.759882583097902e-10 -5.234624234601730e-10 -1.639772789896715e-09 -2.450006960106746e-09 -3.042246217232138e-09 8.761213888847729e-07 9.916713564370430e-07 1.090885023514962e-06 1.170080899111981e-06 1.226925514556097e-06 1.258194600853542e-06 1.554480739463607e-06 1.241641401875655e-06 1.197359656241925e-06 1.134441246332176e-06 1.057828018266122e-06 9.726893411613505e-07 8.524576448503645e-07 7.619988044249029e-07 6.753416194000228e-07 6.043032408210916e-07 5.470518849278102e-07 4.914095931798853e-07 4.540283168440808e-07 4.205636372378993e-07 3.950699583334020e-07 3.748758787189403e-07 3.572640994069091e-07 3.401689029184015e-07 3.213501905110999e-07 3.005491800157494e-07 2.762963380265646e-07 2.483940532601567e-07 2.168122414744708e-07 1.803018223350367e-07
6.952210928929720e-07 3.075427900508109e-05 2.191370632131657e-04 -4.581578407482371e-09 -4.964679940337499e-09 -4.501218395896919e-09 -3.179392927223334e-09 -1.186789354119587e-09 1.104296310707354e-09 3.227575527054121e-09 4.762803344634674e-09 5.460164530005040e-09 5.303588337305599e-09 4.472075336205567e-09 3.247848191389590e-09 1.880013371220686e-09 6.601674346655537e-10 -3.626547324464074e-10 -1.138852762896279e-09 -1.715279875618980e-09 -2.066985845978033e-09 -2.268238875759393e-09 -2.334596113894031e-09 -2.302945779031154e-09 -2.199216257770024e-09 -2.045338862413184e-09 -1.860195777574899e-09 -1.659743439831750e-09 -1.456911192339832e-09 -1.262135350935000e-09 -1.082912805508404e-09 -9.242219019201432e-10 -7.884759093624021e-10 5.820873529603630e-08 6.718330865066857e-08 7.812662745774119e-08 9.026185488745023e-08 1.022272798818853e-07 1.122961727311568e-07 1.188301766806348e-07 1.207330389775852e-07 1.178391001713825e-07 1.108293074628125e-07 1.010057222776304e-07 8.982484042309388e-08 7.620949497537618e-08 6.526137593471233e-08 5.673238042541985e-08 4.900072033034557e-08 4.238320304915675e-08 3.673785205362384e-08 3.038809123837566e-08 2.470049699253399e-08 1.952391076793132e-08 1.490662208003227e-08 1.087760580621417e-08 7.446814118463700e-09 4.601861286405667e-09 2.309752826357252e-09 5.206640420041153e-10 -8.314151783248526e-10 -1.826662038274959e-09 -2.557924050516214e-09 8.195455504643669e-07 9.325244247477773e-07 1.031727945993288e-06 1.115338583242051e-06 1.180032952259669e-06 1.222607418599343e-06 1.241641401875655e-06 1.506772231148195e-06 1.204676657273515e-06 1.153020956303808e-06 1.084739164399675e-06 1.004707663219908e-06 8.857616963610581e-07 7.962044030219888e-07 7.085998686492944e-07 6.368484398737636e-07 5.788436239883304e-07 5.219245697663334e-07 4.840695425485725e-07 4.499990000559981e-07 4.242726027133244e-07 4.040146319507063e-07 3.866183412372401e-07 3.690552553495354e-07 3.503904634333537e-07 3.286907886688328e-07 3.033086791810880e-07 2.740230620801901e-07 2.399898907980666e-07 2.005048911956452e-07
7.378179410734279e-07 3.249015072358572e-05 2.306073551887602e-04 -3.599523374186751e-09 -4.532939605236225e-09 -4.823114642103067e-09 -4.331574433799693e-09 -3.058480491043906e-09 -1.184294569218652e-09 9.454668774328526e-10 2.904466091875508e-09 4.312246090896100e-09 4.944357719683852e-09 4.788451532080858e-09 4.008495122548876e-09 2.815936907571753e-09 1.586792985941846e-09 4.316593676726860e-10 -5.338278904809824e-10 -1.288038777625354e-09 -1.803219860412722e-09 -2.134131190493087e-09 -2.300289106253895e-09 -2.342333777011132e-09 -2.291000743990791e-09 -2.172271280142084e-09 -2.008360081192461e-09 -1.817941959167520e-09 -1.616157236712093e-09 -1.415305169372794e-09 -1.224448965472247e-09 -1.049901248845644e-09 -8.951050882584857e-10 6.141049445363267e-08 6.669248597737174e-08 7.378473892455242e-08 8.251779982150275e-08 9.219446966548973e-08 1.016062321001805e-07 1.092706656101673e-07 1.137940994136681e-07 1.143212597841580e-07 1.107799254343260e-07 1.038326490723139e-07 9.463626043920250e-08 8.194765752844903e-08 7.134316709343528e-08 6.286449604250086e-08 5.494157688059415e-08 4.805829718255724e-08 4.214185488303176e-08 3.530126665816463e-08 2.911107683050239e-08 2.341116082000285e-08 1.827132529638726e-08 1.373968618843088e-08 9.841874268117959e-09 6.576366492242376e-09 3.916304802402897e-09 1.814807895614777e-09 2.059191899276157e-10 -9.924564678245885e-10 -1.876750418027683e-09 7.582356248164359e-07 8.659667982176496e-07 9.630824725769996e-07 1.047254498428546e-06 1.116009121960367e-06 1.167166561030182e-06 1.197359656241925e-06 1.204676657273515e-06 1.438281475676494e-06 1.150494878972641e-06 1.093237635978078e-06 1.021291151931906e-06 9.073621070752255e-07 8.203195419373871e-07 7.339954244746200e-07 6.627932480493144e-07 6.049762804326965e-07 5.477208693042094e-07 5.099824493172556e-07 4.759238619915943e-07 4.503430410310586e-07 4.306910119642735e-07 4.132064092721356e-07 3.963327529994530e-07 3.774701568030424e-07 3.552723582600857e-07 3.293571590974458e-07 2.985606529576852e-07 2.625330442823090e-07 2.202125808644244e-07
7.754224266744213e-07 3.398687214860301e-05 2.402652763813321e-04 -2.444356364368349e-09 -3.653613799456739e-09 -4.452336170883194e-09 -4.655872801973293e-09 -4.146421090638516e-09 -2.931887171907929e-09 -1.182390326193198e-09 7.858904682420776e-10 2.586638769687693e-09 3.876692489631923e-09 4.453564492380248e-09 4.305429248645569e-09 3.521599179136245e-09 2.478212499725674e-09 1.320034915773601e-09 2.253249574858627e-10 -6.924916081038116e-10 -1.386798085093927e-09 -1.871727038511202e-09 -2.162839141295117e-09 -2.300549875435254e-09 -2.319833309033872e-09 -2.251091960215072e-09 -2.120395907080341e-09 -1.949566629309224e-09 -1.756315048748254e-09 -1.555086961553327e-09 -1.356726653408173e-09 -1.169058858582429e-09 -9.967047389451333e-10 6.660801040831241e-08 6.888424995709318e-08 7.250717785190967e-08 7.770322609380585e-08 8.431521166898357e-08 9.171768425804236e-08 9.887034730612246e-08 1.044970439978783e-07 1.074579992801092e-07 1.070616784868491e-07 1.033045224273387e-07 9.678161354979625e-08 8.586671638695872e-08 7.629237364343239e-08 6.835268947533272e-08 6.056867644071551e-08 5.363087283859184e-08 4.758485377761194e-08 4.035285868175238e-08 3.373093773442596e-08 2.755501828195808e-08 2.191905741175727e-08 1.689356373400415e-08 1.252438317946044e-08 8.825386487793955e-09 5.779694704007658e-09 3.346277822160470e-09 1.461229805956587e-09 4.211404020112058e-11 -1.009754800537094e-09 6.936679433634699e-07 7.953393851001892e-07 8.880314118878834e-07 9.701155397535486e-07 1.040524432304695e-06 1.096016493192672e-06 1.134441246332176e-06 1.153020956303808e-06 1.150494878972641e-06 1.352876708752743e-06 1.081912591558413e-06 1.021210232592048e-06 9.148559105302118e-07 8.332892125019368e-07 7.502380044566431e-07 6.809982899279772e-07 6.245541176925129e-07 5.679106020169889e-07 5.309652602759873e-07 4.974607751582010e-07 4.728053485670770e-07 4.534437377583423e-07 4.371671123863109e-07 4.206090678252465e-07 4.019615325503442e-07 3.800270270329202e-07 3.533761351678549e-07 3.215931856208473e-07 2.838883703468839e-07 2.390006332442857e-07
8.072631733182194e-07 3.521350093608038e-05 2.479100282782209e-04 -1.321611900193449e-09 -2.584211284896130e-09 -3.639901344255436e-09 -4.314001552364325e-09 -4.444835427720370e-09 -3.931674816094589e-09 -2.787201730018953e-09 -1.168021133431119e-09 6.396972370801687e-10 2.288536166914922e-09 3.469519358900919e-09 3.998432024916625e-09 3.798805366927715e-09 3.148141186455395e-09 2.169879756519516e-09 1.068214555567676e-09 4.785347983680746e-11 -8.135700350902414e-10 -1.465356880516971e-09 -1.904192511638654e-09 -2.160846464869135e-09 -2.271148419181451e-09 -2.269358433173230e-09 -2.185739909453016e-09 -2.045756447070114e-09 -1.870135584531339e-09 -1.675831157471286e-09 -1.475777454541913e-09 -1.279550118861924e-09 -1.093139804384374e-09 7.282368927911570e-08 7.285403192367067e-08 7.366030427671930e-08 7.568373462283751e-08 7.911888093092311e-08 8.381534116211837e-08 8.923794109640563e-08 9.448668734984478e-08 9.850742784565482e-08 1.003491766689658e-07 9.946177487246376e-08 9.586020596885107e-08 8.738213061078467e-08 7.952984535827876e-08 7.271556127464335e-08 6.552318773940926e-08 5.883984982129496e-08 5.286773581877885e-08 4.538649775579356e-08 3.843248285525430e-08 3.185219759657827e-08 2.576865538942740e-08 2.027736247035328e-08 1.544763616270165e-08 1.131309721872027e-08 7.871255449932728e-09 5.090645665164818e-09 2.912250051187127e-09 1.255380159615627e-09 2.070364620979486e-11 6.282558386283084e-07 7.224942205621717e-07 8.093827331993411e-07 8.883825629798416e-07 9.573129366601583e-07 1.014540993895986e-06 1.057828018266122e-06 1.084739164399675e-06 1.093237635978078e-06 1.081912591558413e-06 1.254556510212543e-06 1.002936555042324e-06 9.075209974698420e-07 8.337872314323362e-07 7.561491482115029e-07 6.906256841843707e-07 6.367473211729355e-07 5.817675720971860e-07 5.463051709625764e-07 5.141931847739284e-07 4.902935838637390e-07 4.725331348071271e-07 4.570533229303949e-07 4.413848103922245e-07 4.236051947237791e-07 4.017684382147091e-07 3.750656337780886e-07 3.425274131026401e-07 3.034801587331746e-07 2.563378074630109e-07
8.327616604882800e-07 3.614825812086926e-05 2.534098682813839e-04 -3.653198425817452e-10 -1.530390871472235e-09 -2.639472327641340e-09 -3.553654949076764e-09 -4.118797321784517e-09 -4.193298953423256e-09 -3.690931586272540e-09 -2.625800321963408e-09 -1.139834372934542e-09 5.110353834066857e-10 2.015888150703857e-09 3.096208000864791e-09 3.524573943981377e-09 3.413670754685977e-09 2.806335917585875e-09 1.869604921806329e-09 8.633589115052107e-10 -1.080866801125425e-10 -9.133658161426356e-10 -1.511523634389039e-09 -1.907813512859332e-09 -2.130471672630427e-09 -2.214408739611044e-09 -2.193518416691129e-09 -2.097234999539504e-09 -1.949778622770875e-09 -1.771042089773904e-09 -1.576417466001054e-09 -1.377537267499607e-09 -1.182004982347266e-09 7.919280324066443e-08 7.768656530755923e-08 7.639551677918097e-08 7.585881543775192e-08 7.646121425032519e-08 7.836101881760792e-08 8.143538941684001e-08 8.521892156025087e-08 8.897326149885766e-08 9.181393315488383e-08 9.296170386379745e-08 9.195971986607132e-08 8.618397156287614e-08 8.055858250333689e-08 7.543461257022222e-08 6.936610788419553e-08 6.335041052957606e-08 5.774085613396242e-08 5.021573921557383e-08 4.306745169081535e-08 3.618086969720197e-08 2.972083449137012e-08 2.381247458674641e-08 1.855112600442823e-08 1.399344355636348e-08 1.015548618381693e-08 7.019648479825999e-09 4.535407515318501e-09 2.626639895101238e-09 1.195417844342349e-09 5.631482862847307e-07 6.493263763551486e-07 7.302707074288716e-07 8.042992535502624e-07 8.705090160670170e-07 9.271465201112551e-07 9.726893411613507e-07 1.004707663219908e-06 1.021291151931906e-06 1.021210232592048e-06 1.002936555042324e-06 1.147449383506666e-06 8.849574706249558e-07 8.210079993731323e-07 7.509655325785659e-07 6.908987361113868e-07 6.409425339225118e-07 5.887117408479139e-07 5.556996222245156e-07 5.250046935927370e-07 5.031312895672545e-07 4.866637328943222e-07 4.725753760444828e-07 4.583103928515052e-07 4.414090423330186e-07 4.202422637282137e-07 3.937213556348884e-07 3.609132012934287e-07 3.207455561069606e-07 2.721356916441612e-07
8.218727796876940e-07 3.549732896550102e-05 2.477586302220496e-04 3.409635415760894e-10 -6.063392978375801e-10 -1.594821544826036e-09 -2.528832452090305e-09 -3.289557998422735e-09 -3.745950544009030e-09 -3.778673011161109e-09 -3.315428575796364e-09 -2.369732099195440e-09 -1.063049394836752e-09 3.855453115598722e-10 1.708115032846415e-09 2.618494629946435e-09 3.054921768599037e-09 2.954463677537811e-09 2.381665425688064e-09 1.576898622096928e-09 6.396309535605493e-10 -2.325222934814067e-10 -9.509045040596352e-10 -1.477784431801227e-09 -1.819112543940220e-09 -2.001568456270393e-09 -2.058454102241265e-09 -2.021488574041919e-09 -1.917718660432323e-09 -1.769606489708189e-09 -1.594775723343749e-09 -1.406773291398654e-09 -1.214786856242299e-09 8.206359761864283e-08 7.971201099987666e-08 7.708844756505232e-08 7.474627798680200e-08 7.314026311555563e-08 7.258351360986399e-08 7.321529049667797e-08 7.492848727613757e-08 7.736607793455300e-08 7.993238593312977e-08 8.192811383248185e-08 8.272614901258112e-08 7.952099526314482e-08 7.637935353620829e-08 7.342686035215582e-08 6.913718591236889e-08 6.443314255653035e-08 5.973296546228601e-08 5.270874042545394e-08 4.580957544056756e-08 3.899568794521000e-08 3.248940506375677e-08 2.645154104962277e-08 2.100353724821857e-08 1.622472512317609e-08 1.215162595316093e-08 8.784570533185673e-09 6.086966022641671e-09 3.993138688391975e-09 2.412563487775022e-09 4.821820604722223e-07 5.579810620856108e-07 6.292787781875091e-07 6.955373187919582e-07 7.556769828801892e-07 8.084916884664771e-07 8.524576448503644e-07 8.857616963610580e-07 9.073621070752255e-07 9.148559105302118e-07 9.075209974698420e-07 8.849574706249558e-07 9.651497401168555e-07 7.673482192272541e-07 7.087133814286084e-07 6.575816505297728e-07 6.144573967306182e-07 5.680712612834809e-07 5.387592695950389e-07 5.118391352689646e-07 4.925236029517830e-07 4.784021792991546e-07 4.666333815625676e-07 4.542596980694606e-07 4.392011207610858e-07 4.197656212894716e-07 3.947105270175462e-07 3.629889932544369e-07 3.240205963089929e-07 2.756758510945556e-07
8.297728973389755e-07 3.565556658899899e-05 2.477437537539273e-04 8.366005272268147e-10 9.588449130761344e-11 -7.397822956121806e-10 -1.607347496667167e-09 -2.421889304078025e-09 -3.078949240399432e-09 -3.464250077060164e-09 -3.473779451870553e-09 -3.044975704341172e-09 -2.189221323730274e-09 -1.012131292338252e-09 2.938367304150771e-10 1.466439797791567e-09 2.328369269652459e-09 2.727094279635943e-09 2.604333646745894e-09 2.120989688044583e-09 1.332460971953881e-09 4.689280483959829e-10 -3.368299732971822e-10 -9.926166024441559e-10 -1.466567857941950e-09 -1.765409028252784e-09 -1.915837675226180e-09 -1.950089424553687e-09 -1.898323586933123e-09 -1.786461143906400e-09 -1.635236307786641e-09 -1.460838258797246e-09 -1.274595510539132e-09 8.631510001552320e-08 8.355008096330046e-08 8.011652900516624e-08 7.656566750681345e-08 7.337939213558229e-08 7.094145234979894e-08 6.952776400030644e-08 6.925090302912199e-08 7.004322327480216e-08 7.161132757347144e-08 7.347681907848637e-08 7.506473849074640e-08 7.360383491955275e-08 7.246627194222607e-08 7.155002281269490e-08 6.914191707863299e-08 6.596921172304218e-08 6.240587033408925e-08 5.601478469284268e-08 4.940492939108637e-08 4.263002392868239e-08 3.600214128043843e-08 2.974236114998571e-08 2.401136900497367e-08 1.891675931292855e-08 1.451824962491657e-08 1.083653369314095e-08 7.851148844998764e-09 5.508340605049080e-09 3.725036347465914e-09 4.222263953590579e-07 4.896757718014011e-07 5.540119246420069e-07 6.143370617437085e-07 6.699609676336782e-07 7.195816624626578e-07 7.619988044249028e-07 7.962044030219887e-07 8.203195419373872e-07 8.332892125019368e-07 8.337872314323363e-07 8.210079993731323e-07 7.673482192272541e-07 8.534313607648406e-07 6.788930225457819e-07 6.359707281189576e-07 5.994787455386129e-07 5.579254562146510e-07 5.327585548666524e-07 5.086797609710157e-07 4.918395888726222e-07 4.800517057529650e-07 4.701455509890992e-07 4.595839126003947e-07 4.461628937803561e-07 4.280242181813763e-07 4.039209543093654e-07 3.730377791463376e-07 3.339964372548683e-07 2.851132916762839e-07
8.321290623732276e-07 3.557041985458441e-05 2.460093088685706e-04 1.149292426284581e-09 6.084013338757505e-10 -5.230547506879600e-11 -7.937036601283109e-10 -1.559072068918285e-09 -2.273399591067155e-09 -2.845454397893571e-09 -3.175713213648246e-09 -3.173886333876306e-09 -2.784717100707303e-09 -2.016500352220710e-09 -9.601013767962823e-10 2.124740834120910e-10 1.283026361224506e-09 2.068774047199325e-09 2.406588049229466e-09 2.339692542918598e-09 1.842803718136142e-09 1.119386038551331e-09 3.182938174155158e-10 -4.194585555033977e-10 -1.013345543330031e-09 -1.435073047581149e-09 -1.692969362259408e-09 -1.813354580262747e-09 -1.827091700933115e-09 -1.763158018451799e-09 -1.645680202222225e-09 -1.493869562536041e-09 -1.321558778629957e-09 8.934463668947411e-08 8.652464726536450e-08 8.272561534550786e-08 7.847723845622665e-08 7.426063899014703e-08 7.048343381457337e-08 6.748196820425102e-08 6.548412356496538e-08 6.460535107785210e-08 6.479395383835586e-08 6.582451767722532e-08 6.731133342913898e-08 6.674607149758743e-08 6.699286520909196e-08 6.776423021517154e-08 6.722496482270166e-08 6.580658474511789e-08 6.372074463014261e-08 5.836052136909110e-08 5.236305474097096e-08 4.585985009628164e-08 3.926720989125443e-08 3.289188919840681e-08 2.695313547002338e-08 2.159648481704381e-08 1.690867191319753e-08 1.293311657109885e-08 9.668461365774978e-09 7.076406712841254e-09 5.084679565970131e-09 3.666039385462094e-07 4.263840644621967e-07 4.837458666625641e-07 5.382590989853889e-07 5.889610609551468e-07 6.348263852638284e-07 6.753416194000226e-07 7.085998686492944e-07 7.339954244746200e-07 7.502380044566431e-07 7.561491482115029e-07 7.509655325785659e-07 7.087133814286084e-07 6.788930225457818e-07 7.478786279354081e-07 6.064315751981668e-07 5.767892908025355e-07 5.416451794154970e-07 5.207763995529484e-07 5.002846928803035e-07 4.864672561166823e-07 4.770349158438292e-07 4.693238464215342e-07 4.607667694083510e-07 4.491330649260130e-07 4.325250397601555e-07 4.099169650560547e-07 3.798684447201024e-07 3.412520714258124e-07 2.924879543028874e-07
8.445561571588944e-07 3.590963998288317e-05 2.471754887586927e-04 1.370193012869255e-09 9.927445455321986e-10 4.875630469842467e-10 -1.222313397521890e-10 -7.999136057529695e-10 -1.494067987048008e-09 -2.137912746045856e-09 -2.650871709201938e-09 -2.945383058179847e-09 -2.941198907241961e-09 -2.587710525649753e-09 -1.889997838465102e-09 -9.116204599777088e-10 1.502022526604318e-10 1.140395921639974e-09 1.849858872853570e-09 2.204627576030634e-09 2.090503490487155e-09 1.628433332815178e-09 9.410312191624768e-10 1.925055372799115e-10 -4.903929155178505e-10 -1.033073238944303e-09 -1.411228518466251e-09 -1.634702385282779e-09 -1.729702789569893e-09 -1.726640141364392e-09 -1.653191199963379e-09 -1.532266963868606e-09 -1.380893208698162e-09 9.270669430403514e-08 9.003680964170623e-08 8.613774741472505e-08 8.151343780884818e-08 7.663604334360716e-08 7.192069210461554e-08 6.773098930146098e-08 6.435038270689905e-08 6.199299499277266e-08 6.075990378645740e-08 6.062508311256970e-08 6.141249437463795e-08 6.095089157746592e-08 6.184139714522175e-08 6.373637831920485e-08 6.474314993496252e-08 6.503518347700989e-08 6.459064655348828e-08 6.054258268353359e-08 5.542452165537769e-08 4.938113510480313e-08 4.292011740289948e-08 3.645494126243017e-08 3.029245043179172e-08 2.463766987779408e-08 1.961564452787920e-08 1.529759366786578e-08 1.170411166705943e-08 8.814930466879449e-09 6.570712416957073e-09 3.217600385009696e-07 3.751900799200186e-07 4.270017390392768e-07 4.765011887115127e-07 5.230505759728416e-07 5.661335621625712e-07 6.043032408210916e-07 6.368484398737636e-07 6.627932480493144e-07 6.809982899279773e-07 6.906256841843707e-07 6.908987361113868e-07 6.575816505297728e-07 6.359707281189576e-07 6.064315751981669e-07 6.742854094053321e-07 5.577127272617881e-07 5.285278124905922e-07 5.123762324987191e-07 4.958805261306556e-07 4.850714376145607e-07 4.782403866383333e-07 4.728241901011664e-07 4.662860547539815e-07 4.563840319567026e-07 4.414984154876232e-07 4.199661452962310e-07 3.905554197390067e-07 3.523619557509647e-07 3.029161124025869e-07
8.685720805045042e-07 3.673055059042314e-05 2.515926722897100e-04 1.555975099844715e-09 1.303272244161801e-09 9.247636731226734e-10 4.330360578648009e-10 -1.488109778177303e-10 -7.864368756728674e-10 -1.433121372237977e-09 -2.029157966895199e-09 -2.502889926746346e-09 -2.775907774355676e-09 -2.774914134748635e-09 -2.452117314304941e-09 -1.779478139202226e-09 -9.019437598075435e-10 9.484460894868114e-11 1.017924896677719e-09 1.717170400587461e-09 2.010315533157455e-09 1.903467413931652e-09 1.449579782549503e-09 7.931132269424857e-10 8.520642463714879e-11 -5.537722036359689e-10 -1.054887737785470e-09 -1.397395469166162e-09 -1.592756895385658e-09 -1.667865611038256e-09 -1.652596939062976e-09 -1.573877346350123e-09 -1.452698258024161e-09 9.658780624999419e-08 9.419897304662285e-08 9.037350114816686e-08 8.558830318412823e-08 8.030270936021775e-08 7.493266717734197e-08 6.985622016053294e-08 6.538572145215628e-08 6.178637422640001e-08 5.924384497674145e-08 5.786040686731100e-08 5.762759617758329e-08 5.668342275104342e-08 5.755986587469216e-08 5.994718447743033e-08 6.201584804155853e-08 6.375721952423562e-08 6.495244221610730e-08 6.242698424990568e-08 5.847751483264787e-08 5.315521241875628e-08 4.699888292700837e-08 4.052161091372358e-08 3.414217565719630e-08 2.815541253846763e-08 2.274665785657149e-08 1.802675204158917e-08 1.404382410855029e-08 1.079896117636795e-08 8.248174012074962e-09 2.857860655149500e-07 3.341269513187292e-07 3.813024534412932e-07 4.267244555647182e-07 4.702259961221687e-07 5.104884249323221e-07 5.470518849278102e-07 5.788436239883304e-07 6.049762804326965e-07 6.245541176925129e-07 6.367473211729355e-07 6.409425339225117e-07 6.144573967306183e-07 5.994787455386129e-07 5.767892908025355e-07 5.577127272617881e-07 6.271244088766048e-07 5.186379490399700e-07 5.076309401515269e-07 4.952723487993449e-07 4.879486920393559e-07 4.840450815408235e-07 4.811133139419746e-07 4.767021033121501e-07 4.688599371786108e-07 4.553810000477812e-07 4.348525916652796e-07 4.062037565887393e-07 3.676678778387917e-07 3.173071812490057e-07
8.878307317994663e-07 3.733760910235864e-05 2.544705393423146e-04 1.709042428338157e-09 1.548273155945101e-09 1.271560684963459e-09 8.844997166582621e-10 4.007015541937348e-10 -1.578535097467630e-10 -7.599234694699483e-10 -1.364189842778245e-09 -1.918214406235273e-09 -2.358805078704030e-09 -2.615438742442014e-09 -2.620897835298279e-09 -2.291147424081271e-09 -1.714552083515527e-09 -8.954671210481567e-10 4.033591823286583e-11 9.211291437776983e-10 1.554211806874154e-09 1.831823863509560e-09 1.714356596221642e-09 1.277949632233291e-09 6.557827311416169e-10 -8.157177598030575e-12 -6.012218964649036e-10 -1.060555876753111e-09 -1.369104564147982e-09 -1.540196255541100e-09 -1.600759879791969e-09 -1.580026291210273e-09 -1.502922609563579e-09 9.917898082745166e-08 9.719673117342048e-08 9.363026733635461e-08 8.892162592662297e-08 8.350690086837774e-08 7.779118739471708e-08 7.215427698061845e-08 6.692094779299679e-08 6.238094400802564e-08 5.876137101516003e-08 5.623374516853311e-08 5.489659576163899e-08 5.313994165388309e-08 5.350147991613084e-08 5.576533864592875e-08 5.827756123791242e-08 6.099098041363433e-08 6.356450681047794e-08 6.264328295984031e-08 6.015256162875988e-08 5.593746937313582e-08 5.045318101283536e-08 4.424770455158144e-08 3.784018983004544e-08 3.163513591225295e-08 2.590453975616747e-08 2.081821449742327e-08 1.646244512117825e-08 1.286521654888970e-08 1.000175659619592e-08 2.518764779718257e-07 2.953132479093110e-07 3.377986917824420e-07 3.795017566777193e-07 4.192980632719068e-07 4.568427298448214e-07 4.914095931798853e-07 5.219245697663334e-07 5.477208693042094e-07 5.679106020169890e-07 5.817675720971861e-07 5.887117408479139e-07 5.680712612834810e-07 5.579254562146511e-07 5.416451794154971e-07 5.285278124905922e-07 5.186379490399700e-07 5.785914436414542e-07 4.960689852869865e-07 4.885004905566833e-07 4.852391964576042e-07 4.847524421092850e-07 4.846924626833253e-07 4.829752324092926e-07 4.772215670323732e-07 4.655028752221956e-07 4.465966175096477e-07 4.186884974762870e-07 3.805298458516661e-07 3.296388627522297e-07
9.350792855194645e-07 3.910356298406200e-05 2.651380176370440e-04 1.954938386813111e-09 1.842189240826244e-09 1.625358293131441e-09 1.305732466379564e-09 8.907490276598843e-10 3.941092427197001e-10 -1.635589472523194e-10 -7.541984782115122e-10 -1.340970100693260e-09 -1.877040457467299e-09 -2.304619463785248e-09 -2.558004796693175e-09 -2.530570526706861e-09 -2.270871493489698e-09 -1.718004152515065e-09 -9.151951099121382e-10 -1.297561606922507e-11 8.380987534032639e-10 1.455339611001938e-09 1.711425516229031e-09 1.587446837801556e-09 1.156219570882647e-09 5.499716053466191e-10 -9.081138811093046e-11 -6.581443765810713e-10 -1.093577359123781e-09 -1.383526379465468e-09 -1.543162873835445e-09 -1.600217771439192e-09 -1.582998948205703e-09 1.041329993428442e-07 1.025759730491836e-07 9.928132384640575e-08 9.466670573840834e-08 8.915245998117692e-08 8.313759212418125e-08 7.700689896682611e-08 7.109874506455109e-08 6.572468238250294e-08 6.113993544829084e-08 5.755567320171397e-08 5.513088817243345e-08 5.237065372639588e-08 5.193278888882518e-08 5.368889872163707e-08 5.615153643650059e-08 5.934796141706335e-08 6.293871307632746e-08 6.342809582852524e-08 6.242876775348874e-08 5.949309240845615e-08 5.488322268878212e-08 4.909012860494126e-08 4.269322792409906e-08 3.621539443228031e-08 3.004857564680220e-08 2.445596025604019e-08 1.958552045364379e-08 1.550467717528065e-08 1.221308300340064e-08 2.283698913449007e-07 2.683076845473315e-07 3.081973273996594e-07 3.469728639887669e-07 3.847188546817093e-07 4.206565113996665e-07 4.540283168440808e-07 4.840695425485725e-07 5.099824493172556e-07 5.309652602759873e-07 5.463051709625765e-07 5.556996222245156e-07 5.387592695950389e-07 5.327585548666524e-07 5.207763995529485e-07 5.123762324987191e-07 5.076309401515269e-07 4.960689852869865e-07 5.691241158592922e-07 4.928117365027556e-07 4.940058730318429e-07 4.974594162203288e-07 5.010487701669574e-07 5.021931230747696e-07 4.987674739571076e-07 4.890563425889717e-07 4.711157023370524e-07 4.436114112971561e-07 4.048254724747983e-07 3.520136533053539e-07
9.888321867084705e-07 4.111496486594052e-05 2.773093670944226e-04 2.280318789755147e-09 2.177885170167619e-09 1.987102774917715e-09 1.706675533921393e-09 1.339782091610741e-09 8.941019746654052e-10 3.823602512594800e-10 -1.774434763262595e-10 -7.608936891389884e-10 -1.335909633190420e-09 -1.860401268287800e-09 -2.281224568824190e-09 -2.494583768314492e-09 -2.526980960520121e-09 -2.281032164912433e-09 -1.726404502489307e-09 -9.677359932425107e-10 -6.975267560606469e-11 7.639185768950272e-10 1.359728729623790e-09 1.601807251608634e-09 1.472199440831459e-09 1.045494999098783e-09 4.528404688378246e-10 -1.689101810717033e-10 -7.165874191888061e-10 -1.136294269218036e-09 -1.417604315883746e-09 -1.577452727429298e-09 -1.643276743217464e-09 1.090316318206520e-07 1.079558975953379e-07 1.050140901194637e-07 1.005994864255598e-07 9.511458078756754e-08 8.894811585251680e-08 8.248459779640873e-08 7.607063821394486e-08 7.003452678104078e-08 6.465225402385054e-08 6.015988380410900e-08 5.674903691984893e-08 5.295669854402690e-08 5.158773253292227e-08 5.256768178339025e-08 5.454934240427084e-08 5.769892325063633e-08 6.177994614422481e-08 6.333003240009962e-08 6.371519425626873e-08 6.221375385310319e-08 5.879628087773758e-08 5.377278192393097e-08 4.768125456984237e-08 4.111728204062497e-08 3.459801349229254e-08 2.851073672107977e-08 2.309736156075935e-08 1.848727164272580e-08 1.471681376390542e-08 2.073497428232445e-07 2.446690193199325e-07 2.815426679469953e-07 3.181675343202557e-07 3.539055696468782e-07 3.882444265482876e-07 4.205636372378993e-07 4.499990000559981e-07 4.759238619915943e-07 4.974607751582010e-07 5.141931847739284e-07 5.250046935927370e-07 5.118391352689647e-07 5.086797609710157e-07 5.002846928803035e-07 4.958805261306556e-07 4.952723487993449e-07 4.885004905566832e-07 4.928117365027556e-07 5.667437941724604e-07 5.012229745236267e-07 5.094643735290283e-07 5.171663398080852e-07 5.218842094035973e-07 5.216268733818387e-07 5.139991570009421e-07 4.975931370863577e-07 4.706470572597241e-07 4.312546247938669e-07 3.764294981689158e-07
1.062178974797254e-06 4.390798987647560e-05 2.945517224780540e-04 2.754513364931606e-09 2.620663508265191e-09 2.416822174875028e-09 2.140353606140382e-09 1.791523715484183e-09 1.373554798191969e-09 8.931847109886710e-10 3.607990980843349e-10 -2.086270893220202e-10 -7.946295807268712e-10 -1.369042034439922e-09 -1.893587668737237e-09 -2.280126718419458e-09 -2.546635826588299e-09 -2.587323133081031e-09 -2.323750917434266e-09 -1.814746931117796e-09 -1.025614078651964e-09 -1.318194818369120e-10 6.977442202661644e-10 1.285695289802039e-09 1.518743923001244e-09 1.382237420286315e-09 9.532861570078480e-10 3.631437392538512e-10 -2.537367249551102e-10 -7.979029627007721e-10 -1.219197293918266e-09 -1.510009235257690e-09 -1.688111466656502e-09 1.152641378652243e-07 1.147031511262876e-07 1.121439010989456e-07 1.079607935952633e-07 1.025424516887038e-07 9.626941319207159e-08 8.952644549452165e-08 8.266794250031936e-08 7.603891239305003e-08 6.993597456066358e-08 6.461783085536047e-08 6.029910644067097e-08 5.546746049090158e-08 5.313509587758938e-08 5.323887331366730e-08 5.448996970693863e-08 5.720377316899251e-08 6.129611162580430e-08 6.342422171972192e-08 6.488225333129430e-08 6.473263572244336e-08 6.265771046889613e-08 5.868289735386958e-08 5.318476789845225e-08 4.674086713925999e-08 3.996038627264404e-08 3.337031649690264e-08 2.734364195018006e-08 2.210722346357508e-08 1.775743260369349e-08 1.910630521234565e-07 2.259213462884009e-07 2.609678292569895e-07 2.958303326203582e-07 3.302056349742345e-07 3.634344057596895e-07 3.950699583334019e-07 4.242726027133243e-07 4.503430410310585e-07 4.728053485670770e-07 4.902935838637390e-07 5.031312895672544e-07 4.925236029517830e-07 4.918395888726222e-07 4.864672561166823e-07 4.850714376145607e-07 4.879486920393558e-07 4.852391964576041e-07 4.940058730318429e-07 5.012229745236266e-07 5.847261790081787e-07 5.260557186856758e-07 5.387358608852213e-07 5.481597976456048e-07 5.515043797269641e-07 5.467594010001848e-07 5.321061131856698e-07 5.056466824223227e-07 4.652999954690769e-07 4.079241227901786e-07
1.154298437368973e-06 4.743434402156198e-05 3.164528927338966e-04 3.419834597057047e-09 3.208830854342397e-09 2.949680626191591e-09 2.639363202559395e-09 2.276094159465688e-09 1.859549776179365e-09 1.391559126967415e-09 8.763193980200484e-10 3.212625430576812e-10 -2.623066910689868e-10 -8.575915091427236e-10 -1.439882853656516e-09 -1.941407230118628e-09 -2.377900522275122e-09 -2.655449437669046e-09 -2.675401924726113e-09 -2.464986565567428e-09 -1.903475123908164e-09 -1.109457879594002e-09 -1.998933499940067e-10 6.365502017708072e-10 1.224126361127101e-09 1.450672814067380e-09 1.304624625650025e-09 8.657157226691506e-10 2.657154080561234e-10 -3.624694164267606e-10 -9.224272907404625e-10 -1.367078981367411e-09 -1.690511738923868e-09 1.226219642490313e-07 1.226181673722481e-07 1.204797260280037e-07 1.165660359831782e-07 1.112549058679123e-07 1.049203895071503e-07 9.794802967832906e-08 9.069938333167811e-08 8.353567132142053e-08 7.677414864218518e-08 7.069669497302579e-08 6.553972600251577e-08 5.968143245274830e-08 5.640496824609084e-08 5.562615673088798e-08 5.602736614168124e-08 5.804749892216868e-08 6.175092562576704e-08 6.394138533515998e-08 6.600903559090931e-08 6.693806164500852e-08 6.617451939234322e-08 6.344855415163707e-08 5.886052680709413e-08 5.284605731047663e-08 4.601843988680550e-08 3.901737222758886e-08 3.236800701633348e-08 2.643534935426332e-08 2.141234239977285e-08 1.774526881841903e-07 2.106810417687196e-07 2.442613302789942e-07 2.778482867355272e-07 3.111287194402460e-07 3.437081767760061e-07 3.748758787189403e-07 4.040146319507062e-07 4.306910119642734e-07 4.534437377583423e-07 4.725331348071270e-07 4.866637328943222e-07 4.784021792991546e-07 4.800517057529649e-07 4.770349158438292e-07 4.782403866383333e-07 4.840450815408235e-07 4.847524421092849e-07 4.974594162203287e-07 5.094643735290283e-07 5.260557186856758e-07 6.198128345374220e-07 5.638709435942930e-07 5.786669284699547e-07 5.868606419885466e-07 5.858157898114397e-07 5.734476252747933e-07 5.476943875125394e-07 5.064750651120221e-07 4.459539270886924e-07
1.261666315959437e-06 5.153592626311360e-05 3.418768054667193e-04 4.312616575438501e-09 3.973336009463118e-09 3.612287171717481e-09 3.226893022931947e-09 2.813899197977111e-09 2.369918081527908e-09 1.892390238511295e-09 1.380055346748340e-09 8.338608264280634e-10 2.575534913734445e-10 -3.413604714652251e-10 -9.494873635443163e-10 -1.519827516952281e-09 -2.066664987515258e-09 -2.518916887520959e-09 -2.779830066013222e-09 -2.862814854510518e-09 -2.592429427415562e-09 -2.026253560767032e-09 -1.204024988385125e-09 -2.748144405963699e-10 5.736523297077000e-10 1.162970205762055e-09 1.381732390446565e-09 1.220859524237697e-09 7.620919057114714e-10 1.376886776331847e-10 -5.211635030638134e-10 -1.120683780896716e-09 -1.615916680811027e-09 1.305912593160758e-07 1.311924620403929e-07 1.295249253484955e-07 1.259346759462088e-07 1.207899069064197e-07 1.144586247722931e-07 1.073267143643853e-07 9.976156912588157e-08 9.213908623709680e-08 8.479576632125579e-08 7.803651079889994e-08 7.212007125392043e-08 6.527203407882802e-08 6.110528744590849e-08 5.949815054427240e-08 5.903233775250595e-08 6.023183552431254e-08 6.326887790189355e-08 6.505501109684524e-08 6.720387885337707e-08 6.875350982647380e-08 6.905668285266327e-08 6.759209979164775e-08 6.416090497985118e-08 5.893206267388566e-08 5.239534437201041e-08 4.521725217058942e-08 3.805263897143578e-08 3.142978336811079e-08 2.568038774511649e-08 1.654413876927683e-07 1.971896738936328e-07 2.294361666875175e-07 2.619724602585603e-07 2.944439277232679e-07 3.263406131833784e-07 3.572640994069091e-07 3.866183412372401e-07 4.132064092721356e-07 4.371671123863109e-07 4.570533229303949e-07 4.725753760444828e-07 4.666333815625677e-07 4.701455509890992e-07 4.693238464215342e-07 4.728241901011664e-07 4.811133139419746e-07 4.846924626833252e-07 5.010487701669574e-07 5.171663398080852e-07 5.387358608852212e-07 5.638709435942931e-07 6.673607859145690e-07 6.101169994168408e-07 6.242172298952763e-07 6.279183275684920e-07 6.187479575108716e-07 5.945329074095582e-07 5.526100120071185e-07 4.888611769506686e-07
1.379053005268687e-06 5.598874813778107e-05 3.692746748453295e-04 5.466187411123981e-09 4.941456258667967e-09 4.426789883555670e-09 3.920854091739636e-09 3.419352258319937e-09 2.916045379948061e-09 2.404127254975760e-09 1.877144968139183e-09 1.330063904065317e-09 7.599994692173319e-10 1.665890931410046e-10 -4.460725294846432e-10 -1.050418183071581e-09 -1.657391236934138e-09 -2.222137006066475e-09 -2.663012393797252e-09 -2.993026989985726e-09 -3.018239906321932e-09 -2.749923947783972e-09 -2.152971289946784e-09 -1.306536747061653e-09 -3.577337037129450e-10 5.002554247483799e-10 1.086823830197599e-09 1.291048241088291e-09 1.105517843547564e-09 6.132371692188865e-10 -5.436876764387307e-11 -7.683281124269962e-10 -1.437406837498108e-09 1.385098854374805e-07 1.397594351541438e-07 1.386184122955646e-07 1.354190405085487e-07 1.305191493135554e-07 1.242795539075376e-07 1.170847884785700e-07 1.093058693476336e-07 1.013307542650257e-07 9.351260122579980e-08 8.617738548399998e-08 7.960568193329123e-08 7.184091627708757e-08 6.686982885853044e-08 6.453058574865844e-08 6.325643698353002e-08 6.362349140859608e-08 6.585902377845328e-08 6.689642525312363e-08 6.863457805308396e-08 7.025702112935060e-08 7.116872444701048e-08 7.074064540300463e-08 6.851181669064329e-08 6.435196907491229e-08 5.849524563574933e-08 5.150506552643549e-08 4.408226333516768e-08 3.689942959708203e-08 3.045388926775388e-08 1.537798114966975e-07 1.841006028396966e-07 2.150673314936478e-07 2.465225171865866e-07 2.781397297772310e-07 3.094263865172014e-07 3.401689029184014e-07 3.690552553495353e-07 3.963327529994531e-07 4.206090678252464e-07 4.413848103922245e-07 4.583103928515051e-07 4.542596980694605e-07 4.595839126003946e-07 4.607667694083510e-07 4.662860547539815e-07 4.767021033121501e-07 4.829752324092926e-07 5.021931230747695e-07 5.218842094035973e-07 5.481597976456048e-07 5.786669284699548e-07 6.101169994168408e-07 7.213454053312469e-07 6.592432665999191e-07 6.688312261818254e-07 6.642522617874253e-07 6.425166863640559e-07 6.006807827623250e-07 5.340772101937906e-07
1.499531339848256e-06 6.050548260059264e-05 3.967156544834093e-04 6.902437984531219e-09 6.130697197093173e-09 5.406850134687816e-09 4.731601872793737e-09 4.099963695006142e-09 3.502901009721015e-09 2.929261994256517e-09 2.367368526061299e-09 1.806324233562549e-09 1.237113627625052e-09 6.523894183966290e-10 4.846005128049535e-11 -5.647153865343661e-10 -1.192463182494839e-09 -1.814968805556489e-09 -2.370975539588303e-09 -2.879073584589694e-09 -3.156856550807090e-09 -3.191220356839667e-09 -2.895715728009539e-09 -2.277720028239146e-09 -1.412400663277071e-09 -4.531926056004447e-10 4.028566993463272e-10 9.738304422106067e-10 1.149523692987899e-09 9.236663287747379e-10 3.786055888864198e-10 -3.566920712412519e-10 -1.156963948529134e-09 1.456165361257354e-07 1.475414356870639e-07 1.469781002217874e-07 1.442428134157343e-07 1.396805244460867e-07 1.336421216942562e-07 1.265076631370964e-07 1.186484387068239e-07 1.104608846775016e-07 1.023110568142561e-07 9.454262045981293e-08 8.745564992051013e-08 7.889560767529810e-08 7.324257735600143e-08 7.030050995000393e-08 6.833090263233555e-08 6.794198882416607e-08 6.937202267804457e-08 6.947707062694275e-08 7.044205038559929e-08 7.162142310928695e-08 7.257828177367631e-08 7.272735078301117e-08 7.148951562511704e-08 6.846736730837432e-08 6.360022431473993e-08 5.721197986021944e-08 4.991955322389566e-08 4.245863288149837e-08 3.547502018982777e-08 1.417517876703809e-07 1.704868828022352e-07 2.001155883031358e-07 2.303138860966799e-07 2.608686795087989e-07 2.916431715059830e-07 3.213501905110998e-07 3.503904634333536e-07 3.774701568030424e-07 4.019615325503442e-07 4.236051947237790e-07 4.414090423330185e-07 4.392011207610858e-07 4.461628937803561e-07 4.491330649260130e-07 4.563840319567026e-07 4.688599371786108e-07 4.772215670323732e-07 4.987674739571076e-07 5.216268733818387e-07 5.515043797269639e-07 5.868606419885467e-07 6.242172298952763e-07 6.592432665999191e-07 7.743626373670255e-07 7.038734846737052e-07 7.050307733589568e-07 6.871538268275254e-07 6.466362475275898e-07 5.783105816248192e-07
1.614026879252872e-06 6.471968620304057e-05 4.217979435171148e-04 8.632907015225044e-09 7.550029485464062e-09 6.559103906055124e-09 5.663658702605496e-09 4.858314044018451e-09 4.131199882992039e-09 3.466584272679119e-09 2.847317080187185e-09 2.256519066252119e-09 1.679236561104057e-09 1.101648429335659e-09 5.133508310909116e-10 -9.142177388383209e-11 -7.109293504042160e-10 -1.347171620404951e-09 -1.959466975017023e-09 -2.571764431985502e-09 -3.031812931034320e-09 -3.320766629760475e-09 -3.331746053917789e-09 -3.020981490594002e-09 -2.390502362884399e-09 -1.521730842847639e-09 -5.721134293448261e-10 2.594968012184710e-10 7.920364020091903e-10 9.169046726260926e-10 6.277925993086133e-10 4.220566883612917e-12 -8.305476077300102e-10 1.510527642168834e-07 1.536508680884571e-07 1.537005649116222e-07 1.514987405371676e-07 1.473734223450938e-07 1.416613469849914e-07 1.347332962272121e-07 1.269562727273535e-07 1.187301793941424e-07 1.104291350199458e-07 1.024098353008612e-07 9.498790068914132e-08 8.581222281832922e-08 7.964168812849664e-08 7.625605237682387e-08 7.374385756727017e-08 7.273605227282828e-08 7.345555589070162e-08 7.260286374037825e-08 7.261068937483999e-08 7.297316233061220e-08 7.344691937503872e-08 7.360241517830980e-08 7.289759192733177e-08 7.081145392966595e-08 6.701739948526891e-08 6.155647211331908e-08 5.482476098081895e-08 4.749326334891822e-08 4.027759469893513e-08 1.288496439216687e-07 1.558701150391034e-07 1.838067757829641e-07 2.125486350360948e-07 2.420495890261980e-07 2.711633391793950e-07 3.005491800157494e-07 3.286907886688327e-07 3.552723582600857e-07 3.800270270329203e-07 4.017684382147091e-07 4.202422637282137e-07 4.197656212894716e-07 4.280242181813763e-07 4.325250397601555e-07 4.414984154876232e-07 4.553810000477812e-07 4.655028752221956e-07 4.890563425889717e-07 5.139991570009421e-07 5.467594010001848e-07 5.858157898114398e-07 6.279183275684919e-07 6.688312261818254e-07 7.038734846737053e-07 8.176303960981533e-07 7.356055731555096e-07 7.229867228050442e-07 6.855452234927441e-07 6.172053831848195e-07
1.711673502496199e-06 6.820280075854969e-05 4.417763880657595e-04 1.065957945673194e-08 9.200882247842436e-09 7.884416848994121e-09 6.717265680606233e-09 5.693898306052205e-09 4.799511778783352e-09 4.013451887690630e-09 3.312739250625040e-09 2.674208996589790e-09 2.076941980840484e-09 1.500890047179957e-09 9.296707116267640e-10 3.436963098400243e-10 -2.479605910770066e-10 -8.653180804318973e-10 -1.486041497044402e-09 -2.136136705967170e-09 -2.701120391444911e-09 -3.166827274192800e-09 -3.431745314801296e-09 -3.429861854595378e-09 -3.112452704562936e-09 -2.488396058367323e-09 -1.643154248070592e-09 -7.359115467656921e-10 3.664549150848918e-11 4.971848726031232e-10 5.398033781309250e-10 1.567905034110939e-10 -5.792879010811072e-10 1.539424535599557e-07 1.571708755104014e-07 1.578411812056772e-07 1.562266457911858e-07 1.526332806672889e-07 1.473781547146412e-07 1.408166421704997e-07 1.333054032074658e-07 1.252413597573417e-07 1.170006104453474e-07 1.089469419284620e-07 1.014063475402297e-07 9.185348058345453e-08 8.537133707766249e-08 8.172710111952033e-08 7.885520583353635e-08 7.740379352311671e-08 7.757002245992113e-08 7.586230292257360e-08 7.490570763949457e-08 7.427710461614637e-08 7.389939587837071e-08 7.353682636155395e-08 7.279900791491414e-08 7.119737449290333e-08 6.828129563981039e-08 6.383543123429476e-08 5.799096932423061e-08 5.122049827592144e-08 4.418656702894776e-08 1.150063357927565e-07 1.399109119012874e-07 1.659300683946872e-07 1.930906997607085e-07 2.204113807197896e-07 2.485539630933519e-07 2.762963380265646e-07 3.033086791810880e-07 3.293571590974458e-07 3.533761351678550e-07 3.750656337780886e-07 3.937213556348884e-07 3.947105270175462e-07 4.039209543093653e-07 4.099169650560547e-07 4.199661452962309e-07 4.348525916652796e-07 4.465966175096476e-07 4.711157023370524e-07 4.975931370863577e-07 5.321061131856698e-07 5.734476252747933e-07 6.187479575108716e-07 6.642522617874253e-07 7.050307733589568e-07 7.356055731555096e-07 8.409891497799121e-07 7.444122784533843e-07 7.118435147789418e-07 6.456657712614575e-07
1.777925525423831e-06 7.039179013259836e-05 4.531111325122638e-04 1.295653519549224e-08 1.106159772405110e-08 9.364940448550743e-09 7.877810659943539e-09 6.594695971082344e-09 5.497697507112068e-09 4.560877892215241e-09 3.755020628094594e-09 3.050301263992224e-09 2.419695538817559e-09 1.836995553292587e-09 1.280344749698740e-09 7.182926350353396e-10 1.664052633907574e-10 -4.095548423302312e-10 -1.002581550133235e-09 -1.637113459739103e-09 -2.236439666246022e-09 -2.793962488439603e-09 -3.228474789417815e-09 -3.475897305821507e-09 -3.467272982832990e-09 -3.162693447325177e-09 -2.576262893539865e-09 -1.796143956304011e-09 -9.783349383523186e-10 -3.127611299746226e-10 3.118608601233788e-11 -4.876919576195727e-11 -5.651153730141222e-10 1.532643824493776e-07 1.570260440835033e-07 1.582848140686783e-07 1.572856559485526e-07 1.543065075296701e-07 1.496382627157023e-07 1.436130698418831e-07 1.365696315079963e-07 1.288934316687856e-07 1.209545638358373e-07 1.131162281346111e-07 1.057079839694558e-07 9.607971789301976e-08 8.953362076624094e-08 8.583690454870692e-08 8.281123483787810e-08 8.111372042576550e-08 8.091422496154099e-08 7.854595030878058e-08 7.675983899617185e-08 7.516398171470638e-08 7.378936793050444e-08 7.256661432848108e-08 7.129527448066956e-08 6.963323368296670e-08 6.715971694387268e-08 6.354078109653407e-08 5.866814651712684e-08 5.277315523714093e-08 4.633879075507615e-08 1.001473578578978e-07 1.226250427484659e-07 1.465625426723903e-07 1.709941916856366e-07 1.967116833401818e-07 2.225820251272522e-07 2.483940532601566e-07 2.740230620801901e-07 2.985606529576852e-07 3.215931856208474e-07 3.425274131026402e-07 3.609132012934287e-07 3.629889932544370e-07 3.730377791463375e-07 3.798684447201024e-07 3.905554197390067e-07 4.062037565887393e-07 4.186884974762870e-07 4.436114112971562e-07 4.706470572597241e-07 5.056466824223227e-07 5.476943875125395e-07 5.945329074095582e-07 6.425166863640559e-07 6.871538268275255e-07 7.229867228050442e-07 7.444122784533843e-07 8.328972942314197e-07 7.190593673585519e-07 6.575884130998044e-07
1.793087652712711e-06 7.053606434357309e-05 4.511575402982666e-04 1.541976891999503e-08 1.304600490163363e-08 1.093047409255523e-08 9.088963383279938e-09 7.516033702983485e-09 6.190564847486308e-09 5.081074203135501e-09 4.151843702966028e-09 3.366161402427436e-09 2.690839333457493e-09 2.093610342021526e-09 1.547580559644026e-09 1.011593269126930e-09 5.059363021266224e-10 -1.405269176543286e-11 -5.535151452708280e-10 -1.132813745558124e-09 -1.708772845756088e-09 -2.281030257018633e-09 -2.793483323084994e-09 -3.197564692397110e-09 -3.429024112427313e-09 -3.430673903193573e-09 -3.170379132580448e-09 -2.667974781202492e-09 -2.009653530922740e-09 -1.343038227833078e-09 -8.442156801678264e-10 -6.706528403910719e-10 -9.216972676346500e-10 1.477970043019785e-07 1.519247420488035e-07 1.536861411557122e-07 1.532927728376553e-07 1.509878797006651e-07 1.470285631701876e-07 1.417144226309939e-07 1.353567302125529e-07 1.283185016939735e-07 1.209533071027964e-07 1.136133946234189e-07 1.066226593300649e-07 9.729018783696888e-08 9.096900156063725e-08 8.743974871974154e-08 8.448110542580186e-08 8.274386177322518e-08 8.237175237841555e-08 7.960185856486638e-08 7.722388408700963e-08 7.484797386709595e-08 7.255527180941433e-08 7.038310286006373e-08 6.829179372934774e-08 6.612137504160418e-08 6.359055889683285e-08 6.039386467666478e-08 5.631491655159206e-08 5.136793929488389e-08 4.581787854259159e-08 8.428249267414021e-08 1.042968712358632e-07 1.249450179043608e-07 1.471778794575370e-07 1.699662519511184e-07 1.931504365872719e-07 2.168122414744708e-07 2.399898907980666e-07 2.625330442823090e-07 2.838883703468839e-07 3.034801587331746e-07 3.207455561069606e-07 3.240205963089929e-07 3.339964372548682e-07 3.412520714258124e-07 3.523619557509647e-07 3.676678778387917e-07 3.805298458516660e-07 4.048254724747983e-07 4.312546247938669e-07 4.652999954690768e-07 5.064750651120221e-07 5.526100120071185e-07 6.006807827623250e-07 6.466362475275898e-07 6.855452234927441e-07 7.118435147789418e-07 7.190593673585518e-07 7.804049545951571e-07 6.461172508326770e-07
1.726250395523805e-06 6.746705496420823e-05 4.287427269281168e-04 1.775317860894810e-08 1.490871866135840e-08 1.238091195606648e-08 1.018993251561747e-08 8.330406828679232e-09 6.778108347566680e-09 5.496226990576267e-09 4.442869083275239e-09 3.574817430094608e-09 2.853192997789945e-09 2.240240343091552e-09 1.704765942434171e-09 1.198643878960324e-09 7.443009138744326e-10 2.907856585839074e-10 -1.758798285060410e-10 -6.708808433517847e-10 -1.178221979663892e-09 -1.701237114679267e-09 -2.207374375048330e-09 -2.667480239414283e-09 -3.035529096490438e-09 -3.262092590959290e-09 -3.300872065868691e-09 -3.130202754399303e-09 -2.772136140802745e-09 -2.306364035677079e-09 -1.863332657610274e-09 -1.598382277217169e-09 -1.653787021263850e-09 1.357274579986869e-07 1.399545402555770e-07 1.420569004469100e-07 1.422072647766224e-07 1.406064628509028e-07 1.374689599940261e-07 1.330503649786369e-07 1.276223281429102e-07 1.215105708334129e-07 1.150374693422368e-07 1.085294551337428e-07 1.022911220164899e-07 9.372462774439532e-08 8.797193386156054e-08 8.484145155782566e-08 8.218050889689610e-08 8.060682682797832e-08 8.023853272474624e-08 7.738021155014899e-08 7.472807000842836e-08 7.189134916053490e-08 6.895907772700801e-08 6.601530136637908e-08 6.311873709773996e-08 6.025881011274948e-08 5.732348779152836e-08 5.413532044096792e-08 5.050533372324794e-08 4.635102295822945e-08 4.174296623183841e-08 6.771254225793760e-08 8.397743802101822e-08 1.019045702401261e-07 1.205093400301857e-07 1.398696462313140e-07 1.600517350167749e-07 1.803018223350367e-07 2.005048911956452e-07 2.202125808644244e-07 2.390006332442857e-07 2.563378074630109e-07 2.721356916441612e-07 2.756758510945556e-07 2.851132916762839e-07 2.924879543028875e-07 3.029161124025869e-07 3.173071812490057e-07 3.296388627522296e-07 3.520136533053539e-07 3.764294981689157e-07 4.079241227901786e-07 4.459539270886924e-07 4.888611769506685e-07 5.340772101937907e-07 5.783105816248193e-07 6.172053831848196e-07 6.456657712614576e-07 6.575884130998044e-07 6.461172508326772e-07 6.690720724697952e-07
